run_id,strategy,label,instance,source,status,observed_repeats,expected_repeats,successful_repeats,timeouts,errors,result,result_consistent,wall_seconds,root_lower_bound,final_upper_bound,final_lower_bound,final_relative_gap,branches,nodes_expanded,initial_tour_seconds,root_ascent_seconds,lkh_provider_calls,lkh_provider_failures,lkh_provider_seconds,pruned_by_bound,pruned_infeasible,root_fixing_calls,root_fixing_tested,root_fixing_fixed_zero,root_fixing_tree_tested,root_fixing_fixed_one,root_fixing_active_after,root_fixing_seconds,potential_update_seconds,potential_update_rebuild_seconds,replacement_seconds,root_potential_iterations,search_node_potential_update_candidates,search_node_potential_updates_triggered,search_node_potential_updates_skipped_total,search_node_potential_iterations,adaptive_clk_improvements,adaptive_clk_triggers,branch_ascent_strong_probes,branch_ascent_strong_seconds,branch_lift_first_reorders,branch_zero_gain_splits,initial_clk_starts,initial_upper_bound,potential_update_gap_change_shallow_bypasses,root_candidate_compaction_calls,root_candidate_compaction_seconds,root_candidate_edges_after,root_candidate_edges_before,root_external_potential_replacements,root_external_potential_warm_starts,root_guided_lk_calls,root_guided_lk_improvements,root_guided_lk_reascents,root_guided_lk_seconds,root_guided_lk_total_gain,search_node_potential_updates_skipped_budget_exhausted,search_node_potential_updates_skipped_depth_interval,search_node_potential_updates_skipped_gap_change_below_minimum,search_node_potential_updates_skipped_invalid_state,search_node_potential_updates_skipped_max_depth,search_node_potential_updates_skipped_near_leaf,search_node_potential_updates_skipped_numerically_unsafe,search_node_potential_updates_skipped_strategy_none,search_node_potential_updates_skipped_update_depth_zero,search_node_potential_updates_skipped_zero_iteration_limit,search_node_potential_updates_skipped_zero_violation,sibling_warm_accepted,sibling_warm_probes,sibling_warm_rejected
CPHKMST-P32-LKH-598122e510eb,CPHKMST-P32-LKH,CPHKMST-P32-LKH,att48.tsp,/home/wj/code/TSP/data/classic/tsplib/att48.tsp,ok,1,1,1,0,0,10628.0,True,0.061020296066999435,10602.983665769503,10628.0,10628.0,0.0,10.0,4.0,0.007639407,0.007006902,1.0,0.0,0.021084696,7.0,1.0,1.0,1080.0,1037.0,48.0,14.0,75.0,0.000234352,0.001092773,0.000145385,5.891299999999998e-05,64.0,9.0,9.0,0.0,156.0,0.0,0.0,,,,,0.0,10628.0,,,,,,0.0,1.0,0.0,0.0,0.0,0.0,0.0,0.0,0.0,,0.0,,,0.0,0.0,0.0,0.0,0.0,0.0,0.0,0.0
CPHKMST-P32-LKH-598122e510eb,CPHKMST-P32-LKH,CPHKMST-P32-LKH,bayg29.tsp,/home/wj/code/TSP/data/classic/tsplib/bayg29.tsp,ok,1,1,1,0,0,1610.0,True,0.042039779946208,1607.9799999981672,1610.0,1610.0,0.0,3.0,1.0,0.001357667,0.002289198,1.0,0.0,0.006778082,2.0,1.0,1.0,377.0,370.0,29.0,24.0,10.0,0.000134206,3.1731e-05,0.0,8.480999999999999e-06,64.0,1.0,1.0,0.0,3.0,0.0,0.0,,,,,0.0,1610.0,,,,,,0.0,1.0,0.0,0.0,0.0,0.0,0.0,0.0,0.0,,0.0,,,0.0,0.0,0.0,0.0,0.0,0.0,0.0,0.0
CPHKMST-P32-LKH-598122e510eb,CPHKMST-P32-LKH,CPHKMST-P32-LKH,bays29.tsp,/home/wj/code/TSP/data/classic/tsplib/bays29.tsp,ok,1,1,1,0,0,2020.0,True,0.05876476131379604,2013.3002809125421,2020.0,2020.0,0.0,6.0,2.0,0.000899635,0.001669782,1.0,0.0,0.012475334,4.0,3.0,1.0,377.0,358.0,29.0,17.0,26.0,9.0489e-05,0.00015907100000000002,2.2192e-05,1.1827000000000002e-05,64.0,4.0,4.0,0.0,49.0,0.0,0.0,,,,,0.0,2020.0,,,,,,0.0,1.0,0.0,0.0,0.0,0.0,0.0,0.0,0.0,,0.0,,,0.0,0.0,0.0,0.0,0.0,0.0,0.0,0.0
CPHKMST-P32-LKH-598122e510eb,CPHKMST-P32-LKH,CPHKMST-P32-LKH,berlin52.tsp,/home/wj/code/TSP/data/classic/tsplib/berlin52.tsp,ok,1,1,1,0,0,7542.0,True,0.061789875850081444,7541.999999973971,7542.0,7542.0,0.0,1.0,0.0,0.00839605,0.00021293,1.0,0.0,0.015221611,1.0,0.0,0.0,0.0,0.0,0.0,0.0,0.0,0.0,0.0,0.0,0.0,1.0,0.0,0.0,0.0,0.0,0.0,0.0,,,,,0.0,7542.0,,,,,,0.0,1.0,0.0,0.0,0.0,0.0,0.0,0.0,0.0,,0.0,,,0.0,0.0,0.0,0.0,0.0,0.0,0.0,0.0
CPHKMST-P32-LKH-598122e510eb,CPHKMST-P32-LKH,CPHKMST-P32-LKH,bier127.tsp,/home/wj/code/TSP/data/classic/tsplib/bier127.tsp,ok,1,1,1,0,0,118282.0,True,518.0767556484789,117430.62999807068,118282.0,118282.0,0.0,716226.0,232121.0,0.328953551,0.028281141,1.0,0.0,0.083837805,486283.0,1204.0,1.0,7874.0,6991.0,127.0,6.0,1004.0,0.000812513,482.061435297016,28.09870922100014,3.6196714359999898,64.0,657259.0,657259.0,0.0,10896627.0,0.0,0.0,,,,,12.0,118282.0,,,,,,0.0,1.0,0.0,0.0,0.0,0.0,0.0,0.0,0.0,,0.0,,,0.0,0.0,0.0,0.0,0.0,0.0,0.0,0.0
CPHKMST-P32-LKH-598122e510eb,CPHKMST-P32-LKH,CPHKMST-P32-LKH,brazil58.tsp,/home/wj/code/TSP/data/classic/tsplib/brazil58.tsp,ok,1,1,1,0,0,25395.0,True,0.1131199561059475,25354.239999786165,25395.0,25395.0,0.0,9.0,3.0,0.004941997,0.00486904,1.0,0.0,0.027350172,6.0,2.0,1.0,1595.0,1539.0,58.0,23.0,87.0,0.000168795,0.000379489,5.775e-05,3.829899999999999e-05,64.0,6.0,6.0,0.0,76.0,0.0,0.0,,,,,0.0,25395.0,,,,,,0.0,1.0,0.0,0.0,0.0,0.0,0.0,0.0,0.0,,0.0,,,0.0,0.0,0.0,0.0,0.0,0.0,0.0,0.0
CPHKMST-P32-LKH-598122e510eb,CPHKMST-P32-LKH,CPHKMST-P32-LKH,brg180.tsp,/home/wj/code/TSP/data/classic/tsplib/brg180.tsp,ok,1,1,1,0,0,1950.0,True,0.31589935533702374,1949.6660590678675,1950.0,1950.0,0.0,1.0,0.0,0.052977334,0.055833732,1.0,0.0,0.158772219,1.0,0.0,0.0,0.0,0.0,0.0,0.0,0.0,0.0,0.0,0.0,0.0,64.0,0.0,0.0,0.0,0.0,0.0,0.0,,,,,0.0,1950.0,,,,,,0.0,1.0,0.0,0.0,0.0,0.0,0.0,0.0,0.0,,0.0,,,0.0,0.0,0.0,0.0,0.0,0.0,0.0,0.0
CPHKMST-P32-LKH-598122e510eb,CPHKMST-P32-LKH,CPHKMST-P32-LKH,burma14.tsp,/home/wj/code/TSP/data/classic/tsplib/burma14.tsp,ok,1,1,1,0,0,3323.0,True,0.011975260451436043,3322.999999998899,3323.0,3323.0,0.0,1.0,0.0,0.000157503,1.8406e-05,1.0,0.0,0.003961759,1.0,0.0,0.0,0.0,0.0,0.0,0.0,0.0,0.0,0.0,0.0,0.0,1.0,0.0,0.0,0.0,0.0,0.0,0.0,,,,,0.0,3323.0,,,,,,0.0,1.0,0.0,0.0,0.0,0.0,0.0,0.0,0.0,,0.0,,,0.0,0.0,0.0,0.0,0.0,0.0,0.0,0.0
CPHKMST-P32-LKH-598122e510eb,CPHKMST-P32-LKH,CPHKMST-P32-LKH,ch130.tsp,/home/wj/code/TSP/data/classic/tsplib/ch130.tsp,ok,1,1,1,0,0,6110.0,True,12.63277150504291,6074.619999904337,6110.0,6110.0,0.0,18038.0,5557.0,0.1090504,0.030375431,1.0,0.0,0.086178636,12539.0,7.0,1.0,8255.0,7816.0,130.0,14.0,555.0,0.001114007,11.663573571000097,0.5453627490000013,0.10274804700000013,64.0,16836.0,16836.0,0.0,270441.0,0.0,0.0,,,,,0.0,6110.0,,,,,,0.0,1.0,0.0,0.0,0.0,0.0,0.0,0.0,0.0,,0.0,,,0.0,0.0,0.0,0.0,0.0,0.0,0.0,0.0
CPHKMST-P32-LKH-598122e510eb,CPHKMST-P32-LKH,CPHKMST-P32-LKH,ch150.tsp,/home/wj/code/TSP/data/classic/tsplib/ch150.tsp,ok,1,1,1,0,0,6528.0,True,13.1669649053365,6486.5499998695095,6528.0,6528.0,0.0,13209.0,4073.0,0.171773521,0.040894849,1.0,0.0,0.178780055,9174.0,11.0,1.0,11025.0,10518.0,150.0,4.0,653.0,0.001221539,12.121600101000004,0.49251363799999914,0.07995331099999999,64.0,12630.0,12630.0,0.0,201737.0,0.0,0.0,,,,,0.0,6528.0,,,,,,0.0,1.0,0.0,0.0,0.0,0.0,0.0,0.0,0.0,,0.0,,,0.0,0.0,0.0,0.0,0.0,0.0,0.0,0.0
CPHKMST-P32-LKH-598122e510eb,CPHKMST-P32-LKH,CPHKMST-P32-LKH,d198.tsp,/home/wj/code/TSP/data/classic/tsplib/d198.tsp,timeout,1,1,0,1,0,,True,1800.0,14572.88,15780.0,14572.88,0.0764968314321927,981975.0,280000.0,0.474032768,0.069867864,,,,,,1.0,19305.0,1075.0,198.0,0.0,18428.0,0.001704518,1539.525117,181.6965029,12.09690808,,,,,,,,,,,,0.0,15780.0,,,,,,,,,,,,,,,,,,,,,,,,,,
CPHKMST-P32-LKH-598122e510eb,CPHKMST-P32-LKH,CPHKMST-P32-LKH,dantzig42.tsp,/home/wj/code/TSP/data/classic/tsplib/dantzig42.tsp,ok,1,1,1,0,0,699.0,True,0.0886110495775938,696.959999997658,699.0,699.0,0.0,9.0,2.0,0.004388253,0.005829548,1.0,0.0,0.022244543,7.0,3.0,1.0,819.0,796.0,42.0,27.0,35.0,0.000325259,0.0003527320000000001,4.0446e-05,5.2225e-05,64.0,7.0,7.0,0.0,54.0,0.0,0.0,,,,,0.0,699.0,,,,,,0.0,1.0,0.0,0.0,0.0,0.0,0.0,0.0,0.0,,0.0,,,0.0,0.0,0.0,0.0,0.0,0.0,0.0,0.0
CPHKMST-P32-LKH-598122e510eb,CPHKMST-P32-LKH,CPHKMST-P32-LKH,dj38.tsp,/home/wj/code/TSP/data/classic/national/dj38.tsp,ok,1,1,1,0,0,6656.0,True,0.04221165180206299,6655.999999981781,6656.0,6656.0,0.0,1.0,0.0,0.002325162,0.000113433,1.0,0.0,0.009826923,1.0,0.0,0.0,0.0,0.0,0.0,0.0,0.0,0.0,0.0,0.0,0.0,1.0,0.0,0.0,0.0,0.0,0.0,0.0,,,,,0.0,6656.0,,,,,,0.0,1.0,0.0,0.0,0.0,0.0,0.0,0.0,0.0,,0.0,,,0.0,0.0,0.0,0.0,0.0,0.0,0.0,0.0
CPHKMST-P32-LKH-598122e510eb,CPHKMST-P32-LKH,CPHKMST-P32-LKH,eil101.tsp,/home/wj/code/TSP/data/classic/tsplib/eil101.tsp,ok,1,1,1,0,0,629.0,True,0.1707725003361702,627.3329762117957,629.0,629.0,0.0,78.0,25.0,0.051158103,0.017020026,1.0,0.0,0.046345241,53.0,1.0,1.0,4949.0,4875.0,101.0,47.0,123.0,0.00051727,0.017137499,0.0005888,0.0001929399999999999,64.0,67.0,67.0,0.0,1341.0,0.0,0.0,,,,,0.0,629.0,,,,,,0.0,1.0,0.0,0.0,0.0,0.0,0.0,0.0,0.0,,0.0,,,0.0,0.0,0.0,0.0,0.0,0.0,0.0,0.0
CPHKMST-P32-LKH-598122e510eb,CPHKMST-P32-LKH,CPHKMST-P32-LKH,eil51.tsp,/home/wj/code/TSP/data/classic/tsplib/eil51.tsp,ok,1,1,1,0,0,426.0,True,0.11700176075100899,422.4399999987474,426.0,426.0,0.0,155.0,57.0,0.003487155,0.005604806,1.0,0.0,0.028991984,99.0,19.0,1.0,1224.0,1159.0,51.0,7.0,109.0,0.000236266,0.019501748000000003,0.0009655170000000003,0.00014378099999999997,64.0,142.0,142.0,0.0,2428.0,0.0,0.0,,,,,0.0,426.0,,,,,,0.0,1.0,0.0,0.0,0.0,0.0,0.0,0.0,0.0,,0.0,,,0.0,0.0,0.0,0.0,0.0,0.0,0.0,0.0
CPHKMST-P32-LKH-598122e510eb,CPHKMST-P32-LKH,CPHKMST-P32-LKH,eil76.tsp,/home/wj/code/TSP/data/classic/tsplib/eil76.tsp,ok,1,1,1,0,0,538.0,True,0.13062615878880024,536.969999996869,538.0,538.0,0.0,5.0,2.0,0.020620496,0.011672208,1.0,0.0,0.041103426,3.0,6.0,1.0,2774.0,2755.0,76.0,61.0,31.0,0.000297334,0.00020853400000000002,5.7058e-05,4.3765000000000005e-05,64.0,4.0,4.0,0.0,45.0,0.0,0.0,,,,,0.0,538.0,,,,,,0.0,1.0,0.0,0.0,0.0,0.0,0.0,0.0,0.0,,0.0,,,0.0,0.0,0.0,0.0,0.0,0.0,0.0,0.0
CPHKMST-P32-LKH-598122e510eb,CPHKMST-P32-LKH,CPHKMST-P32-LKH,fri26.tsp,/home/wj/code/TSP/data/classic/tsplib/fri26.tsp,ok,1,1,1,0,0,937.0,True,0.055987805128097534,936.9999999984229,937.0,937.0,0.0,1.0,0.0,0.000297775,0.000171993,1.0,0.0,0.006096946,1.0,0.0,0.0,0.0,0.0,0.0,0.0,0.0,0.0,0.0,0.0,0.0,15.0,0.0,0.0,0.0,0.0,0.0,0.0,,,,,0.0,937.0,,,,,,0.0,1.0,0.0,0.0,0.0,0.0,0.0,0.0,0.0,,0.0,,,0.0,0.0,0.0,0.0,0.0,0.0,0.0,0.0
CPHKMST-P32-LKH-598122e510eb,CPHKMST-P32-LKH,CPHKMST-P32-LKH,gr120.tsp,/home/wj/code/TSP/data/classic/tsplib/gr120.tsp,ok,1,1,1,0,0,6942.0,True,1.529723633080721,6909.959999893309,6942.0,6942.0,0.0,2312.0,786.0,0.146998835,0.025164634,1.0,0.0,0.062455812,1540.0,0.0,1.0,7020.0,6727.0,120.0,13.0,397.0,0.000706711,1.2081825610000008,0.06198263900000003,0.002271566999999999,64.0,2162.0,2162.0,0.0,36958.0,0.0,0.0,,,,,0.0,6942.0,,,,,,0.0,1.0,0.0,0.0,0.0,0.0,0.0,0.0,0.0,,0.0,,,0.0,0.0,0.0,0.0,0.0,0.0,0.0,0.0
CPHKMST-P32-LKH-598122e510eb,CPHKMST-P32-LKH,CPHKMST-P32-LKH,gr137.tsp,/home/wj/code/TSP/data/classic/tsplib/gr137.tsp,ok,1,1,1,0,0,69853.0,True,4.32564327865839,69113.08999838053,69853.0,69853.0,0.0,5882.0,2016.0,0.151700483,0.031157253,1.0,0.0,0.094195675,3888.0,0.0,1.0,9179.0,8325.0,137.0,3.0,988.0,0.001002923,3.705093434999991,0.2584769729999996,0.031899783999999876,64.0,5326.0,5326.0,0.0,89257.0,0.0,0.0,,,,,0.0,69853.0,,,,,,0.0,1.0,0.0,0.0,0.0,0.0,0.0,0.0,0.0,,0.0,,,0.0,0.0,0.0,0.0,0.0,0.0,0.0,0.0
CPHKMST-P32-LKH-598122e510eb,CPHKMST-P32-LKH,CPHKMST-P32-LKH,gr17.tsp,/home/wj/code/TSP/data/classic/tsplib/gr17.tsp,ok,1,1,1,0,0,2085.0,True,0.054650839418172836,2084.999999998326,2085.0,2085.0,0.0,1.0,0.0,8.0997e-05,9.36e-06,1.0,0.0,0.005297542,1.0,0.0,0.0,0.0,0.0,0.0,0.0,0.0,0.0,0.0,0.0,0.0,1.0,0.0,0.0,0.0,0.0,0.0,0.0,,,,,0.0,2085.0,,,,,,0.0,1.0,0.0,0.0,0.0,0.0,0.0,0.0,0.0,,0.0,,,0.0,0.0,0.0,0.0,0.0,0.0,0.0,0.0
CPHKMST-P32-LKH-598122e510eb,CPHKMST-P32-LKH,CPHKMST-P32-LKH,gr21.tsp,/home/wj/code/TSP/data/classic/tsplib/gr21.tsp,ok,1,1,1,0,0,2707.0,True,0.05484161898493767,2706.9999999973675,2707.0,2707.0,0.0,1.0,0.0,0.000341238,3.064e-05,1.0,0.0,0.006104128,1.0,0.0,0.0,0.0,0.0,0.0,0.0,0.0,0.0,0.0,0.0,0.0,1.0,0.0,0.0,0.0,0.0,0.0,0.0,,,,,0.0,2707.0,,,,,,0.0,1.0,0.0,0.0,0.0,0.0,0.0,0.0,0.0,,0.0,,,0.0,0.0,0.0,0.0,0.0,0.0,0.0,0.0
CPHKMST-P32-LKH-598122e510eb,CPHKMST-P32-LKH,CPHKMST-P32-LKH,gr24.tsp,/home/wj/code/TSP/data/classic/tsplib/gr24.tsp,ok,1,1,1,0,0,1272.0,True,0.036021748557686806,1271.999889186537,1272.0,1272.0,0.0,1.0,0.0,0.000747442,0.001003614,1.0,0.0,0.009756282,1.0,0.0,0.0,0.0,0.0,0.0,0.0,0.0,0.0,0.0,0.0,0.0,64.0,0.0,0.0,0.0,0.0,0.0,0.0,,,,,0.0,1272.0,,,,,,0.0,1.0,0.0,0.0,0.0,0.0,0.0,0.0,0.0,,0.0,,,0.0,0.0,0.0,0.0,0.0,0.0,0.0,0.0
CPHKMST-P32-LKH-598122e510eb,CPHKMST-P32-LKH,CPHKMST-P32-LKH,gr48.tsp,/home/wj/code/TSP/data/classic/tsplib/gr48.tsp,ok,1,1,1,0,0,5046.0,True,0.22610785067081451,4958.9599999858965,5046.0,5046.0,0.0,1449.0,431.0,0.007481711,0.007415567,1.0,0.0,0.020600757,1023.0,0.0,1.0,1080.0,927.0,48.0,4.0,197.0,0.000230631,0.1543019709999998,0.009773747000000003,0.0005860919999999993,64.0,1343.0,1343.0,0.0,19440.0,0.0,0.0,,,,,0.0,5046.0,,,,,,0.0,1.0,0.0,0.0,0.0,0.0,0.0,0.0,0.0,,0.0,,,0.0,0.0,0.0,0.0,0.0,0.0,0.0,0.0
CPHKMST-P32-LKH-598122e510eb,CPHKMST-P32-LKH,CPHKMST-P32-LKH,gr96.tsp,/home/wj/code/TSP/data/classic/tsplib/gr96.tsp,ok,1,1,1,0,0,55209.0,True,0.633878618478775,54569.47999942845,55209.0,55209.0,0.0,1267.0,453.0,0.047290161,0.014519236,1.0,0.0,0.06539901,817.0,5.0,1.0,4464.0,4031.0,96.0,1.0,528.0,0.000462203,0.42756070699999943,0.03213440700000003,0.003351462999999998,64.0,1198.0,1198.0,0.0,20034.0,0.0,0.0,,,,,0.0,55209.0,,,,,,0.0,1.0,0.0,0.0,0.0,0.0,0.0,0.0,0.0,,0.0,,,0.0,0.0,0.0,0.0,0.0,0.0,0.0,0.0
CPHKMST-P32-LKH-598122e510eb,CPHKMST-P32-LKH,CPHKMST-P32-LKH,hk48.tsp,/home/wj/code/TSP/data/classic/tsplib/hk48.tsp,ok,1,1,1,0,0,11461.0,True,0.04342919774353504,11444.019999961509,11461.0,11461.0,0.0,8.0,2.0,0.005365026,0.008081433,1.0,0.0,0.020110054,6.0,2.0,1.0,1080.0,1056.0,48.0,32.0,32.0,0.000203261,0.00029180799999999995,0.0,4.1469e-05,64.0,7.0,7.0,0.0,62.0,0.0,0.0,,,,,0.0,11461.0,,,,,,0.0,1.0,0.0,0.0,0.0,0.0,0.0,0.0,0.0,,0.0,,,0.0,0.0,0.0,0.0,0.0,0.0,0.0,0.0
CPHKMST-P32-LKH-598122e510eb,CPHKMST-P32-LKH,CPHKMST-P32-LKH,kroA100.tsp,/home/wj/code/TSP/data/classic/tsplib/kroA100.tsp,ok,1,1,1,0,0,21282.0,True,7.215010968968272,20936.47999972256,21282.0,21282.0,0.0,12975.0,3695.0,0.055902669,0.016688982,1.0,0.0,0.053193469,9309.0,0.0,1.0,4850.0,4262.0,100.0,0.0,688.0,0.000482024,6.669337065999982,0.32491735799999916,0.03267003799999984,64.0,12293.0,12293.0,0.0,179547.0,0.0,0.0,,,,,0.0,21282.0,,,,,,0.0,1.0,0.0,0.0,0.0,0.0,0.0,0.0,0.0,,0.0,,,0.0,0.0,0.0,0.0,0.0,0.0,0.0,0.0
CPHKMST-P32-LKH-598122e510eb,CPHKMST-P32-LKH,CPHKMST-P32-LKH,kroA150.tsp,/home/wj/code/TSP/data/classic/tsplib/kroA150.tsp,ok,1,1,1,0,0,26524.0,True,23.06426770798862,26293.169999357702,26524.0,26524.0,0.0,21155.0,6789.0,0.190278749,0.041028319,1.0,0.0,0.174892481,14445.0,1.0,1.0,11025.0,10288.0,150.0,4.0,883.0,0.001273534,21.46166260100003,0.922802270000001,0.14218436099999987,64.0,20242.0,20242.0,0.0,336924.0,0.0,0.0,,,,,0.0,26524.0,,,,,,0.0,1.0,0.0,0.0,0.0,0.0,0.0,0.0,0.0,,0.0,,,0.0,0.0,0.0,0.0,0.0,0.0,0.0,0.0
CPHKMST-P32-LKH-598122e510eb,CPHKMST-P32-LKH,CPHKMST-P32-LKH,kroB100.tsp,/home/wj/code/TSP/data/classic/tsplib/kroB100.tsp,ok,1,1,1,0,0,22141.0,True,3.3161290157586336,21831.699999692984,22141.0,22141.0,0.0,5505.0,1794.0,0.046867214,0.017000042,1.0,0.0,0.101106621,3731.0,0.0,1.0,4850.0,4248.0,100.0,2.0,700.0,0.000531464,2.9273195499999978,0.1551722349999999,0.015471077999999985,64.0,5075.0,5075.0,0.0,79831.0,0.0,0.0,,,,,0.0,22141.0,,,,,,0.0,1.0,0.0,0.0,0.0,0.0,0.0,0.0,0.0,,0.0,,,0.0,0.0,0.0,0.0,0.0,0.0,0.0,0.0
CPHKMST-P32-LKH-598122e510eb,CPHKMST-P32-LKH,CPHKMST-P32-LKH,kroB150.tsp,/home/wj/code/TSP/data/classic/tsplib/kroB150.tsp,timeout,1,1,0,1,0,,True,1800.0,25732.42,26130.0,25732.42,0.01521546115575973,1454599.0,430000.0,0.242196055,0.040964043,,,,,,1.0,11025.0,9567.0,150.0,0.0,1608.0,0.001137632,1697.443177,80.31455039,11.38996803,,,,,,,,,,,,0.0,26130.0,,,,,,,,,,,,,,,,,,,,,,,,,,
CPHKMST-P32-LKH-598122e510eb,CPHKMST-P32-LKH,CPHKMST-P32-LKH,kroC100.tsp,/home/wj/code/TSP/data/classic/tsplib/kroC100.tsp,ok,1,1,1,0,0,20749.0,True,2.2036684453487396,20472.489999725905,20749.0,20749.0,0.0,4011.0,1241.0,0.048938552,0.016913051,1.0,0.0,0.054951597,2782.0,0.0,1.0,4850.0,4325.0,100.0,2.0,623.0,0.000508825,1.9219197050000023,0.10069723699999998,0.010797161999999985,64.0,3774.0,3774.0,0.0,57697.0,0.0,0.0,,,,,0.0,20749.0,,,,,,0.0,1.0,0.0,0.0,0.0,0.0,0.0,0.0,0.0,,0.0,,,0.0,0.0,0.0,0.0,0.0,0.0,0.0,0.0
CPHKMST-P32-LKH-598122e510eb,CPHKMST-P32-LKH,CPHKMST-P32-LKH,kroD100.tsp,/home/wj/code/TSP/data/classic/tsplib/kroD100.tsp,ok,1,1,1,0,0,21294.0,True,0.33911995589733124,21141.459999730672,21294.0,21294.0,0.0,502.0,130.0,0.053371119,0.016840823,1.0,0.0,0.063195514,374.0,0.0,1.0,4850.0,4553.0,100.0,17.0,379.0,0.000559774,0.17316715799999988,0.009623787999999998,0.0005877169999999998,64.0,456.0,456.0,0.0,6301.0,0.0,0.0,,,,,0.0,21294.0,,,,,,0.0,1.0,0.0,0.0,0.0,0.0,0.0,0.0,0.0,,0.0,,,0.0,0.0,0.0,0.0,0.0,0.0,0.0,0.0
CPHKMST-P32-LKH-598122e510eb,CPHKMST-P32-LKH,CPHKMST-P32-LKH,kroE100.tsp,/home/wj/code/TSP/data/classic/tsplib/kroE100.tsp,ok,1,1,1,0,0,22068.0,True,14.725594878196716,21799.409999721556,22068.0,22068.0,0.0,32765.0,9627.0,0.049302246,0.016792708,1.0,0.0,0.146089507,23229.0,71.0,1.0,4850.0,4394.0,100.0,5.0,551.0,0.000532175,13.56881428399993,0.7014907910000012,0.09817629800000034,64.0,30997.0,30997.0,0.0,464534.0,0.0,0.0,,,,,0.0,22068.0,,,,,,0.0,1.0,0.0,0.0,0.0,0.0,0.0,0.0,0.0,,0.0,,,0.0,0.0,0.0,0.0,0.0,0.0,0.0,0.0
CPHKMST-P32-LKH-598122e510eb,CPHKMST-P32-LKH,CPHKMST-P32-LKH,lin105.tsp,/home/wj/code/TSP/data/classic/tsplib/lin105.tsp,ok,1,1,1,0,0,14379.0,True,0.14690403454005718,14370.479999775862,14379.0,14379.0,0.0,4.0,1.0,0.059749375,0.017901796,1.0,0.0,0.044572741,3.0,3.0,1.0,5355.0,5319.0,105.0,87.0,39.0,0.000498617,0.000126249,0.0,5.976300000000001e-05,64.0,2.0,2.0,0.0,13.0,0.0,0.0,,,,,0.0,14379.0,,,,,,0.0,1.0,0.0,0.0,0.0,0.0,0.0,0.0,0.0,,0.0,,,0.0,0.0,0.0,0.0,0.0,0.0,0.0,0.0
CPHKMST-P32-LKH-598122e510eb,CPHKMST-P32-LKH,CPHKMST-P32-LKH,pr107.tsp,/home/wj/code/TSP/data/classic/tsplib/pr107.tsp,timeout,1,1,0,1,0,,True,1800.0,40065.34082,44303.0,40065.34082,0.09565174322280663,5575708.0,1410000.0,0.056341079,0.018366539,,,,,,1.0,5564.0,151.0,107.0,0.0,5520.0,0.000436949,1542.572028,205.2451748,12.4225799,,,,,,,,,,,,0.0,44303.0,,,,,,,,,,,,,,,,,,,,,,,,,,
CPHKMST-P32-LKH-598122e510eb,CPHKMST-P32-LKH,CPHKMST-P32-LKH,pr124.tsp,/home/wj/code/TSP/data/classic/tsplib/pr124.tsp,ok,1,1,1,0,0,59030.0,True,1.6791332755237818,58060.599998730104,59030.0,59030.0,0.0,2156.0,750.0,0.066171491,0.024996591,1.0,0.0,0.085132768,1411.0,0.0,1.0,7502.0,6430.0,124.0,0.0,1196.0,0.000710971,1.3690298869999975,0.10464886200000006,0.0051716669999999805,64.0,2005.0,2005.0,0.0,33037.0,0.0,0.0,,,,,0.0,59030.0,,,,,,0.0,1.0,0.0,0.0,0.0,0.0,0.0,0.0,0.0,,0.0,,,0.0,0.0,0.0,0.0,0.0,0.0,0.0,0.0
CPHKMST-P32-LKH-598122e510eb,CPHKMST-P32-LKH,CPHKMST-P32-LKH,pr136.tsp,/home/wj/code/TSP/data/classic/tsplib/pr136.tsp,ok,1,1,1,0,0,96772.0,True,674.8614240344614,95859.17999828939,96772.0,96772.0,0.0,877054.0,306306.0,0.37224174600000004,0.032187218,1.0,0.0,0.227358686,575638.0,39.0,1.0,9044.0,8316.0,136.0,0.0,864.0,0.000927867,624.9026846890059,38.63001123000047,5.62339002899956,64.0,770825.0,770825.0,0.0,14677268.0,0.0,0.0,,,,,12.0,96772.0,,,,,,0.0,1.0,0.0,0.0,0.0,0.0,0.0,0.0,0.0,,0.0,,,0.0,0.0,0.0,0.0,0.0,0.0,0.0,0.0
CPHKMST-P32-LKH-598122e510eb,CPHKMST-P32-LKH,CPHKMST-P32-LKH,pr144.tsp,/home/wj/code/TSP/data/classic/tsplib/pr144.tsp,ok,1,1,1,0,0,58537.0,True,4.478504529222846,57892.66276212371,58537.0,58537.0,0.0,4521.0,1572.0,0.065176943,0.033998311,1.0,0.0,0.185447302,2972.0,0.0,1.0,10152.0,8721.0,144.0,3.0,1572.0,0.001034074,3.8161169369999968,0.2923104149999996,0.02471253900000008,64.0,4218.0,4218.0,0.0,74189.0,0.0,0.0,,,,,0.0,58537.0,,,,,,0.0,1.0,0.0,0.0,0.0,0.0,0.0,0.0,0.0,,0.0,,,0.0,0.0,0.0,0.0,0.0,0.0,0.0,0.0
CPHKMST-P32-LKH-598122e510eb,CPHKMST-P32-LKH,CPHKMST-P32-LKH,pr152.tsp,/home/wj/code/TSP/data/classic/tsplib/pr152.tsp,timeout,1,1,0,1,0,,True,1800.0,69999.92364,73682.0,69999.92364,0.04997253549035051,1043891.0,310000.0,0.150469802,0.039919283,,,,,,1.0,11324.0,4683.0,152.0,0.0,6793.0,0.000994021,1600.655843,155.5698458,7.755485152,,,,,,,,,,,,0.0,73682.0,,,,,,,,,,,,,,,,,,,,,,,,,,
CPHKMST-P32-LKH-598122e510eb,CPHKMST-P32-LKH,CPHKMST-P32-LKH,pr76.tsp,/home/wj/code/TSP/data/classic/tsplib/pr76.tsp,ok,1,1,1,0,0,108159.0,True,205.08575906790793,105050.5999992225,108159.0,108159.0,0.0,731879.0,217361.0,0.131913053,0.009572677,1.0,0.0,0.069569618,516560.0,0.0,1.0,2774.0,1991.0,76.0,1.0,858.0,0.000305077,182.17919869799826,16.803176421999687,2.8367773969998864,64.0,668488.0,668488.0,0.0,10089326.0,0.0,0.0,,,,,12.0,108159.0,,,,,,0.0,1.0,0.0,0.0,0.0,0.0,0.0,0.0,0.0,,0.0,,,0.0,0.0,0.0,0.0,0.0,0.0,0.0,0.0
CPHKMST-P32-LKH-598122e510eb,CPHKMST-P32-LKH,CPHKMST-P32-LKH,qa194.tsp,/home/wj/code/TSP/data/classic/national/qa194.tsp,timeout,1,1,0,1,0,,True,1800.0,9265.17,9352.0,9265.17,0.009284644995722832,1304345.0,420000.0,0.61168885,0.068094491,,,,,,1.0,18527.0,16612.0,194.0,1.0,2108.0,0.002066901,1648.612966,99.63415865,12.11946953,,,,,,,,,,,,0.0,9352.0,,,,,,,,,,,,,,,,,,,,,,,,,,
CPHKMST-P32-LKH-598122e510eb,CPHKMST-P32-LKH,CPHKMST-P32-LKH,rat195.tsp,/home/wj/code/TSP/data/classic/tsplib/rat195.tsp,ok,1,1,1,0,0,2323.0,True,237.3928907159716,2291.959999919687,2323.0,2323.0,0.0,160402.0,49259.0,0.296323778,0.067575248,1.0,0.0,0.734855333,111828.0,0.0,1.0,18720.0,16371.0,195.0,0.0,2544.0,0.002005574,218.82468638600034,14.830453199999983,1.05333113900003,64.0,154286.0,154286.0,0.0,2527203.0,0.0,0.0,,,,,0.0,2323.0,,,,,,0.0,1.0,0.0,0.0,0.0,0.0,0.0,0.0,0.0,,0.0,,,0.0,0.0,0.0,0.0,0.0,0.0,0.0,0.0
CPHKMST-P32-LKH-598122e510eb,CPHKMST-P32-LKH,CPHKMST-P32-LKH,rat99.tsp,/home/wj/code/TSP/data/classic/tsplib/rat99.tsp,ok,1,1,1,0,0,1211.0,True,0.13038955628871918,1205.9499999855982,1211.0,1211.0,0.0,39.0,15.0,0.042053664,0.015314962,1.0,0.0,0.045211388,24.0,4.0,1.0,4752.0,4629.0,99.0,29.0,178.0,0.000519699,0.007967849000000003,0.000988082,0.00014427699999999995,64.0,36.0,36.0,0.0,655.0,0.0,0.0,,,,,0.0,1211.0,,,,,,0.0,1.0,0.0,0.0,0.0,0.0,0.0,0.0,0.0,,0.0,,,0.0,0.0,0.0,0.0,0.0,0.0,0.0,0.0
CPHKMST-P32-LKH-598122e510eb,CPHKMST-P32-LKH,CPHKMST-P32-LKH,rd100.tsp,/home/wj/code/TSP/data/classic/tsplib/rd100.tsp,ok,1,1,1,0,0,7910.0,True,0.1538588274270296,7897.20107452616,7910.0,7910.0,0.0,21.0,6.0,0.054653548,0.01696388,1.0,0.0,0.06353919,15.0,1.0,1.0,4850.0,4759.0,100.0,43.0,144.0,0.000524207,0.0033852660000000005,0.000382809,0.00011684800000000004,64.0,17.0,17.0,0.0,214.0,0.0,0.0,,,,,0.0,7910.0,,,,,,0.0,1.0,0.0,0.0,0.0,0.0,0.0,0.0,0.0,,0.0,,,0.0,0.0,0.0,0.0,0.0,0.0,0.0,0.0
CPHKMST-P32-LKH-598122e510eb,CPHKMST-P32-LKH,CPHKMST-P32-LKH,si175.tsp,/home/wj/code/TSP/data/classic/tsplib/si175.tsp,timeout,1,1,0,1,0,,True,1800.0,21373.58,21407.0,21373.58,0.0015611715793898376,2231099.0,670000.0,0.211770107,0.052768745,,,,,,1.0,15050.0,13917.0,175.0,12.0,1296.0,0.001566087,1655.390858,98.87827815,21.4951213,,,,,,,,,,,,0.0,21407.0,,,,,,,,,,,,,,,,,,,,,,,,,,
CPHKMST-P32-LKH-598122e510eb,CPHKMST-P32-LKH,CPHKMST-P32-LKH,st70.tsp,/home/wj/code/TSP/data/classic/tsplib/st70.tsp,ok,1,1,1,0,0,675.0,True,0.08664317987859249,670.9399999952018,675.0,675.0,0.0,23.0,6.0,0.020289272,0.010882185,1.0,0.0,0.040765369,18.0,0.0,1.0,2345.0,2230.0,70.0,19.0,158.0,0.0002933,0.0038539489999999997,0.000186047,0.00011422500000000005,64.0,22.0,22.0,0.0,348.0,0.0,0.0,,,,,0.0,675.0,,,,,,0.0,1.0,0.0,0.0,0.0,0.0,0.0,0.0,0.0,,0.0,,,0.0,0.0,0.0,0.0,0.0,0.0,0.0,0.0
CPHKMST-P32-LKH-598122e510eb,CPHKMST-P32-LKH,CPHKMST-P32-LKH,swiss42.tsp,/home/wj/code/TSP/data/classic/tsplib/swiss42.tsp,ok,1,1,1,0,0,1273.0,True,0.058834729716181755,1271.9619537743815,1273.0,1273.0,0.0,3.0,1.0,0.003783802,0.005368446,1.0,0.0,0.016935442,2.0,0.0,1.0,819.0,812.0,42.0,35.0,14.0,0.000254738,8.224e-05,0.0,2.4412999999999995e-05,64.0,2.0,2.0,0.0,11.0,0.0,0.0,,,,,0.0,1273.0,,,,,,0.0,1.0,0.0,0.0,0.0,0.0,0.0,0.0,0.0,,0.0,,,0.0,0.0,0.0,0.0,0.0,0.0,0.0,0.0
CPHKMST-P32-LKH-598122e510eb,CPHKMST-P32-LKH,CPHKMST-P32-LKH,u159.tsp,/home/wj/code/TSP/data/classic/tsplib/u159.tsp,ok,1,1,1,0,0,42080.0,True,1.1738000568002462,41924.95999885369,42080.0,42080.0,0.0,1259.0,398.0,0.185728487,0.04277965,1.0,0.0,0.078476822,864.0,12.0,1.0,12402.0,12066.0,159.0,19.0,471.0,0.001339489,0.7785188820000002,0.04636076100000003,0.006221471999999988,64.0,1183.0,1183.0,0.0,18640.0,0.0,0.0,,,,,0.0,42080.0,,,,,,0.0,1.0,0.0,0.0,0.0,0.0,0.0,0.0,0.0,,0.0,,,0.0,0.0,0.0,0.0,0.0,0.0,0.0,0.0
CPHKMST-P32-LKH-598122e510eb,CPHKMST-P32-LKH,CPHKMST-P32-LKH,ulysses16.tsp,/home/wj/code/TSP/data/classic/tsplib/ulysses16.tsp,ok,1,1,1,0,0,6859.0,True,0.07233268581330776,6858.999999996325,6859.0,6859.0,0.0,1.0,0.0,0.000238253,2.1999e-05,1.0,0.0,0.004860876,1.0,0.0,0.0,0.0,0.0,0.0,0.0,0.0,0.0,0.0,0.0,0.0,1.0,0.0,0.0,0.0,0.0,0.0,0.0,,,,,0.0,6859.0,,,,,,0.0,1.0,0.0,0.0,0.0,0.0,0.0,0.0,0.0,,0.0,,,0.0,0.0,0.0,0.0,0.0,0.0,0.0,0.0
CPHKMST-P32-LKH-598122e510eb,CPHKMST-P32-LKH,CPHKMST-P32-LKH,wi29.tsp,/home/wj/code/TSP/data/classic/national/wi29.tsp,ok,1,1,1,0,0,27603.0,True,0.013205531984567642,27602.999999952015,27603.0,27603.0,0.0,1.0,0.0,0.001189984,6.493e-05,1.0,0.0,0.003752436,1.0,0.0,0.0,0.0,0.0,0.0,0.0,0.0,0.0,0.0,0.0,0.0,1.0,0.0,0.0,0.0,0.0,0.0,0.0,,,,,0.0,27603.0,,,,,,0.0,1.0,0.0,0.0,0.0,0.0,0.0,0.0,0.0,,0.0,,,0.0,0.0,0.0,0.0,0.0,0.0,0.0,0.0
CPHKMST-P32-LKH-598122e510eb,CPHKMST-P32-LKH,CPHKMST-P32-LKH,xqf131.tsp,/home/wj/code/TSP/data/classic/vlsi/vlsi/xqf131.tsp,timeout,1,1,0,1,0,,True,1800.0,555.6016199,564.0,555.6016199,0.014890744858156123,2545163.0,780000.0,0.083306584,0.028745177,,,,,,1.0,8384.0,7201.0,131.0,2.0,1312.0,0.000910081,1649.201279,107.991707,21.19669739,,,,,,,,,,,,0.0,564.0,,,,,,,,,,,,,,,,,,,,,,,,,,
Concorde-7c32cb4cd69e,Concorde,Concorde,att48.tsp,/home/wj/code/TSP/data/classic/tsplib/att48.tsp,ok,1,1,1,0,0,10628.0,True,0.17473682016134262,,,,,1.0,,,,,,,,,,,,,,,,,,,,,,,,,,,,,,,,,,,,,,,,,,,,,,,,,,,,,,,,,
Concorde-7c32cb4cd69e,Concorde,Concorde,bayg29.tsp,/home/wj/code/TSP/data/classic/tsplib/bayg29.tsp,ok,1,1,1,0,0,1610.0,True,0.026271285489201546,,,,,1.0,,,,,,,,,,,,,,,,,,,,,,,,,,,,,,,,,,,,,,,,,,,,,,,,,,,,,,,,,
Concorde-7c32cb4cd69e,Concorde,Concorde,bays29.tsp,/home/wj/code/TSP/data/classic/tsplib/bays29.tsp,ok,1,1,1,0,0,2020.0,True,0.0815737135708332,,,,,1.0,,,,,,,,,,,,,,,,,,,,,,,,,,,,,,,,,,,,,,,,,,,,,,,,,,,,,,,,,
Concorde-7c32cb4cd69e,Concorde,Concorde,berlin52.tsp,/home/wj/code/TSP/data/classic/tsplib/berlin52.tsp,ok,1,1,1,0,0,7542.0,True,0.08291673846542835,,,,,1.0,,,,,,,,,,,,,,,,,,,,,,,,,,,,,,,,,,,,,,,,,,,,,,,,,,,,,,,,,
Concorde-7c32cb4cd69e,Concorde,Concorde,bier127.tsp,/home/wj/code/TSP/data/classic/tsplib/bier127.tsp,ok,1,1,1,0,0,118282.0,True,0.25480145402252674,,,,,1.0,,,,,,,,,,,,,,,,,,,,,,,,,,,,,,,,,,,,,,,,,,,,,,,,,,,,,,,,,
Concorde-7c32cb4cd69e,Concorde,Concorde,brazil58.tsp,/home/wj/code/TSP/data/classic/tsplib/brazil58.tsp,ok,1,1,1,0,0,25395.0,True,0.16930007748305798,,,,,1.0,,,,,,,,,,,,,,,,,,,,,,,,,,,,,,,,,,,,,,,,,,,,,,,,,,,,,,,,,
Concorde-7c32cb4cd69e,Concorde,Concorde,brg180.tsp,/home/wj/code/TSP/data/classic/tsplib/brg180.tsp,ok,1,1,1,0,0,1950.0,True,0.25083236396312714,,,,,1.0,,,,,,,,,,,,,,,,,,,,,,,,,,,,,,,,,,,,,,,,,,,,,,,,,,,,,,,,,
Concorde-7c32cb4cd69e,Concorde,Concorde,burma14.tsp,/home/wj/code/TSP/data/classic/tsplib/burma14.tsp,ok,1,1,1,0,0,3323.0,True,0.0754197146743536,,,,,1.0,,,,,,,,,,,,,,,,,,,,,,,,,,,,,,,,,,,,,,,,,,,,,,,,,,,,,,,,,
Concorde-7c32cb4cd69e,Concorde,Concorde,ch130.tsp,/home/wj/code/TSP/data/classic/tsplib/ch130.tsp,ok,1,1,1,0,0,6110.0,True,0.2463085763156414,,,,,1.0,,,,,,,,,,,,,,,,,,,,,,,,,,,,,,,,,,,,,,,,,,,,,,,,,,,,,,,,,
Concorde-7c32cb4cd69e,Concorde,Concorde,ch150.tsp,/home/wj/code/TSP/data/classic/tsplib/ch150.tsp,ok,1,1,1,0,0,6528.0,True,0.37030974961817265,,,,,1.0,,,,,,,,,,,,,,,,,,,,,,,,,,,,,,,,,,,,,,,,,,,,,,,,,,,,,,,,,
Concorde-7c32cb4cd69e,Concorde,Concorde,d198.tsp,/home/wj/code/TSP/data/classic/tsplib/d198.tsp,ok,1,1,1,0,0,15780.0,True,1.112527295947075,,,,,3.0,,,,,,,,,,,,,,,,,,,,,,,,,,,,,,,,,,,,,,,,,,,,,,,,,,,,,,,,,
Concorde-7c32cb4cd69e,Concorde,Concorde,dantzig42.tsp,/home/wj/code/TSP/data/classic/tsplib/dantzig42.tsp,ok,1,1,1,0,0,699.0,True,0.09257222339510918,,,,,1.0,,,,,,,,,,,,,,,,,,,,,,,,,,,,,,,,,,,,,,,,,,,,,,,,,,,,,,,,,
Concorde-7c32cb4cd69e,Concorde,Concorde,dj38.tsp,/home/wj/code/TSP/data/classic/national/dj38.tsp,ok,1,1,1,0,0,6656.0,True,0.09064147062599659,,,,,1.0,,,,,,,,,,,,,,,,,,,,,,,,,,,,,,,,,,,,,,,,,,,,,,,,,,,,,,,,,
Concorde-7c32cb4cd69e,Concorde,Concorde,eil101.tsp,/home/wj/code/TSP/data/classic/tsplib/eil101.tsp,ok,1,1,1,0,0,629.0,True,0.09755861759185791,,,,,1.0,,,,,,,,,,,,,,,,,,,,,,,,,,,,,,,,,,,,,,,,,,,,,,,,,,,,,,,,,
Concorde-7c32cb4cd69e,Concorde,Concorde,eil51.tsp,/home/wj/code/TSP/data/classic/tsplib/eil51.tsp,ok,1,1,1,0,0,426.0,True,0.08281978406012058,,,,,1.0,,,,,,,,,,,,,,,,,,,,,,,,,,,,,,,,,,,,,,,,,,,,,,,,,,,,,,,,,
Concorde-7c32cb4cd69e,Concorde,Concorde,eil76.tsp,/home/wj/code/TSP/data/classic/tsplib/eil76.tsp,ok,1,1,1,0,0,538.0,True,0.08318261057138443,,,,,1.0,,,,,,,,,,,,,,,,,,,,,,,,,,,,,,,,,,,,,,,,,,,,,,,,,,,,,,,,,
Concorde-7c32cb4cd69e,Concorde,Concorde,fri26.tsp,/home/wj/code/TSP/data/classic/tsplib/fri26.tsp,ok,1,1,1,0,0,937.0,True,0.07809801213443279,,,,,1.0,,,,,,,,,,,,,,,,,,,,,,,,,,,,,,,,,,,,,,,,,,,,,,,,,,,,,,,,,
Concorde-7c32cb4cd69e,Concorde,Concorde,gr120.tsp,/home/wj/code/TSP/data/classic/tsplib/gr120.tsp,ok,1,1,1,0,0,6942.0,True,0.20442232862114906,,,,,1.0,,,,,,,,,,,,,,,,,,,,,,,,,,,,,,,,,,,,,,,,,,,,,,,,,,,,,,,,,
Concorde-7c32cb4cd69e,Concorde,Concorde,gr137.tsp,/home/wj/code/TSP/data/classic/tsplib/gr137.tsp,ok,1,1,1,0,0,69853.0,True,0.4210209306329489,,,,,1.0,,,,,,,,,,,,,,,,,,,,,,,,,,,,,,,,,,,,,,,,,,,,,,,,,,,,,,,,,
Concorde-7c32cb4cd69e,Concorde,Concorde,gr17.tsp,/home/wj/code/TSP/data/classic/tsplib/gr17.tsp,ok,1,1,1,0,0,2085.0,True,0.0718403272330761,,,,,1.0,,,,,,,,,,,,,,,,,,,,,,,,,,,,,,,,,,,,,,,,,,,,,,,,,,,,,,,,,
Concorde-7c32cb4cd69e,Concorde,Concorde,gr21.tsp,/home/wj/code/TSP/data/classic/tsplib/gr21.tsp,ok,1,1,1,0,0,2707.0,True,0.064388832077384,,,,,1.0,,,,,,,,,,,,,,,,,,,,,,,,,,,,,,,,,,,,,,,,,,,,,,,,,,,,,,,,,
Concorde-7c32cb4cd69e,Concorde,Concorde,gr24.tsp,/home/wj/code/TSP/data/classic/tsplib/gr24.tsp,ok,1,1,1,0,0,1272.0,True,0.12356668338179588,,,,,1.0,,,,,,,,,,,,,,,,,,,,,,,,,,,,,,,,,,,,,,,,,,,,,,,,,,,,,,,,,
Concorde-7c32cb4cd69e,Concorde,Concorde,gr48.tsp,/home/wj/code/TSP/data/classic/tsplib/gr48.tsp,ok,1,1,1,0,0,5046.0,True,0.1891207918524742,,,,,1.0,,,,,,,,,,,,,,,,,,,,,,,,,,,,,,,,,,,,,,,,,,,,,,,,,,,,,,,,,
Concorde-7c32cb4cd69e,Concorde,Concorde,gr96.tsp,/home/wj/code/TSP/data/classic/tsplib/gr96.tsp,ok,1,1,1,0,0,55209.0,True,0.3470489773899317,,,,,1.0,,,,,,,,,,,,,,,,,,,,,,,,,,,,,,,,,,,,,,,,,,,,,,,,,,,,,,,,,
Concorde-7c32cb4cd69e,Concorde,Concorde,hk48.tsp,/home/wj/code/TSP/data/classic/tsplib/hk48.tsp,ok,1,1,1,0,0,11461.0,True,0.12282953597605228,,,,,1.0,,,,,,,,,,,,,,,,,,,,,,,,,,,,,,,,,,,,,,,,,,,,,,,,,,,,,,,,,
Concorde-7c32cb4cd69e,Concorde,Concorde,kroA100.tsp,/home/wj/code/TSP/data/classic/tsplib/kroA100.tsp,ok,1,1,1,0,0,21282.0,True,0.12527701072394848,,,,,1.0,,,,,,,,,,,,,,,,,,,,,,,,,,,,,,,,,,,,,,,,,,,,,,,,,,,,,,,,,
Concorde-7c32cb4cd69e,Concorde,Concorde,kroA150.tsp,/home/wj/code/TSP/data/classic/tsplib/kroA150.tsp,ok,1,1,1,0,0,26524.0,True,0.5462334491312504,,,,,1.0,,,,,,,,,,,,,,,,,,,,,,,,,,,,,,,,,,,,,,,,,,,,,,,,,,,,,,,,,
Concorde-7c32cb4cd69e,Concorde,Concorde,kroB100.tsp,/home/wj/code/TSP/data/classic/tsplib/kroB100.tsp,ok,1,1,1,0,0,22141.0,True,0.22524920850992203,,,,,1.0,,,,,,,,,,,,,,,,,,,,,,,,,,,,,,,,,,,,,,,,,,,,,,,,,,,,,,,,,
Concorde-7c32cb4cd69e,Concorde,Concorde,kroB150.tsp,/home/wj/code/TSP/data/classic/tsplib/kroB150.tsp,ok,1,1,1,0,0,26130.0,True,0.49178634211421013,,,,,1.0,,,,,,,,,,,,,,,,,,,,,,,,,,,,,,,,,,,,,,,,,,,,,,,,,,,,,,,,,
Concorde-7c32cb4cd69e,Concorde,Concorde,kroC100.tsp,/home/wj/code/TSP/data/classic/tsplib/kroC100.tsp,ok,1,1,1,0,0,20749.0,True,0.15826366655528545,,,,,1.0,,,,,,,,,,,,,,,,,,,,,,,,,,,,,,,,,,,,,,,,,,,,,,,,,,,,,,,,,
Concorde-7c32cb4cd69e,Concorde,Concorde,kroD100.tsp,/home/wj/code/TSP/data/classic/tsplib/kroD100.tsp,ok,1,1,1,0,0,21294.0,True,0.15811583399772644,,,,,1.0,,,,,,,,,,,,,,,,,,,,,,,,,,,,,,,,,,,,,,,,,,,,,,,,,,,,,,,,,
Concorde-7c32cb4cd69e,Concorde,Concorde,kroE100.tsp,/home/wj/code/TSP/data/classic/tsplib/kroE100.tsp,ok,1,1,1,0,0,22068.0,True,0.28133106976747513,,,,,1.0,,,,,,,,,,,,,,,,,,,,,,,,,,,,,,,,,,,,,,,,,,,,,,,,,,,,,,,,,
Concorde-7c32cb4cd69e,Concorde,Concorde,lin105.tsp,/home/wj/code/TSP/data/classic/tsplib/lin105.tsp,ok,1,1,1,0,0,14379.0,True,0.09400177001953125,,,,,1.0,,,,,,,,,,,,,,,,,,,,,,,,,,,,,,,,,,,,,,,,,,,,,,,,,,,,,,,,,
Concorde-7c32cb4cd69e,Concorde,Concorde,pr107.tsp,/home/wj/code/TSP/data/classic/tsplib/pr107.tsp,ok,1,1,1,0,0,44303.0,True,0.18780101090669632,,,,,1.0,,,,,,,,,,,,,,,,,,,,,,,,,,,,,,,,,,,,,,,,,,,,,,,,,,,,,,,,,
Concorde-7c32cb4cd69e,Concorde,Concorde,pr124.tsp,/home/wj/code/TSP/data/classic/tsplib/pr124.tsp,ok,1,1,1,0,0,59030.0,True,0.4531365651637316,,,,,1.0,,,,,,,,,,,,,,,,,,,,,,,,,,,,,,,,,,,,,,,,,,,,,,,,,,,,,,,,,
Concorde-7c32cb4cd69e,Concorde,Concorde,pr136.tsp,/home/wj/code/TSP/data/classic/tsplib/pr136.tsp,ok,1,1,1,0,0,96772.0,True,0.5319807287305593,,,,,1.0,,,,,,,,,,,,,,,,,,,,,,,,,,,,,,,,,,,,,,,,,,,,,,,,,,,,,,,,,
Concorde-7c32cb4cd69e,Concorde,Concorde,pr144.tsp,/home/wj/code/TSP/data/classic/tsplib/pr144.tsp,ok,1,1,1,0,0,58537.0,True,0.2683415561914444,,,,,1.0,,,,,,,,,,,,,,,,,,,,,,,,,,,,,,,,,,,,,,,,,,,,,,,,,,,,,,,,,
Concorde-7c32cb4cd69e,Concorde,Concorde,pr152.tsp,/home/wj/code/TSP/data/classic/tsplib/pr152.tsp,ok,1,1,1,0,0,73682.0,True,0.8837824426591396,,,,,1.0,,,,,,,,,,,,,,,,,,,,,,,,,,,,,,,,,,,,,,,,,,,,,,,,,,,,,,,,,
Concorde-7c32cb4cd69e,Concorde,Concorde,pr76.tsp,/home/wj/code/TSP/data/classic/tsplib/pr76.tsp,ok,1,1,1,0,0,108159.0,True,0.26409173011779785,,,,,1.0,,,,,,,,,,,,,,,,,,,,,,,,,,,,,,,,,,,,,,,,,,,,,,,,,,,,,,,,,
Concorde-7c32cb4cd69e,Concorde,Concorde,qa194.tsp,/home/wj/code/TSP/data/classic/national/qa194.tsp,ok,1,1,1,0,0,9352.0,True,0.47296264581382275,,,,,1.0,,,,,,,,,,,,,,,,,,,,,,,,,,,,,,,,,,,,,,,,,,,,,,,,,,,,,,,,,
Concorde-7c32cb4cd69e,Concorde,Concorde,rat195.tsp,/home/wj/code/TSP/data/classic/tsplib/rat195.tsp,ok,1,1,1,0,0,2323.0,True,2.8689166828989983,,,,,3.0,,,,,,,,,,,,,,,,,,,,,,,,,,,,,,,,,,,,,,,,,,,,,,,,,,,,,,,,,
Concorde-7c32cb4cd69e,Concorde,Concorde,rat99.tsp,/home/wj/code/TSP/data/classic/tsplib/rat99.tsp,ok,1,1,1,0,0,1211.0,True,1.1448065228760242,,,,,1.0,,,,,,,,,,,,,,,,,,,,,,,,,,,,,,,,,,,,,,,,,,,,,,,,,,,,,,,,,
Concorde-7c32cb4cd69e,Concorde,Concorde,rd100.tsp,/home/wj/code/TSP/data/classic/tsplib/rd100.tsp,ok,1,1,1,0,0,7910.0,True,0.12700938805937767,,,,,1.0,,,,,,,,,,,,,,,,,,,,,,,,,,,,,,,,,,,,,,,,,,,,,,,,,,,,,,,,,
Concorde-7c32cb4cd69e,Concorde,Concorde,si175.tsp,/home/wj/code/TSP/data/classic/tsplib/si175.tsp,ok,1,1,1,0,0,21407.0,True,1.9112264961004257,,,,,3.0,,,,,,,,,,,,,,,,,,,,,,,,,,,,,,,,,,,,,,,,,,,,,,,,,,,,,,,,,
Concorde-7c32cb4cd69e,Concorde,Concorde,st70.tsp,/home/wj/code/TSP/data/classic/tsplib/st70.tsp,ok,1,1,1,0,0,675.0,True,0.1237410120666027,,,,,1.0,,,,,,,,,,,,,,,,,,,,,,,,,,,,,,,,,,,,,,,,,,,,,,,,,,,,,,,,,
Concorde-7c32cb4cd69e,Concorde,Concorde,swiss42.tsp,/home/wj/code/TSP/data/classic/tsplib/swiss42.tsp,ok,1,1,1,0,0,1273.0,True,0.07869699224829674,,,,,1.0,,,,,,,,,,,,,,,,,,,,,,,,,,,,,,,,,,,,,,,,,,,,,,,,,,,,,,,,,
Concorde-7c32cb4cd69e,Concorde,Concorde,u159.tsp,/home/wj/code/TSP/data/classic/tsplib/u159.tsp,ok,1,1,1,0,0,42080.0,True,0.1445742677897215,,,,,1.0,,,,,,,,,,,,,,,,,,,,,,,,,,,,,,,,,,,,,,,,,,,,,,,,,,,,,,,,,
Concorde-7c32cb4cd69e,Concorde,Concorde,ulysses16.tsp,/home/wj/code/TSP/data/classic/tsplib/ulysses16.tsp,ok,1,1,1,0,0,6859.0,True,0.14179138094186783,,,,,1.0,,,,,,,,,,,,,,,,,,,,,,,,,,,,,,,,,,,,,,,,,,,,,,,,,,,,,,,,,
Concorde-7c32cb4cd69e,Concorde,Concorde,wi29.tsp,/home/wj/code/TSP/data/classic/national/wi29.tsp,ok,1,1,1,0,0,27603.0,True,0.06871224753558636,,,,,1.0,,,,,,,,,,,,,,,,,,,,,,,,,,,,,,,,,,,,,,,,,,,,,,,,,,,,,,,,,
Concorde-7c32cb4cd69e,Concorde,Concorde,xqf131.tsp,/home/wj/code/TSP/data/classic/vlsi/vlsi/xqf131.tsp,ok,1,1,1,0,0,564.0,True,0.3589007258415222,,,,,1.0,,,,,,,,,,,,,,,,,,,,,,,,,,,,,,,,,,,,,,,,,,,,,,,,,,,,,,,,,
GAPMST-P32-LKH-BP-ascent-strong-9bbe061f25d1,GAPMST-P32-LKH-BP-ascent-strong,GAPMST-P32-LKH-BP-ascent-strong,att48.tsp,/home/wj/code/TSP/data/classic/tsplib/att48.tsp,ok,1,1,1,0,0,10628.0,True,0.09367315098643303,10602.983665769503,10628.0,10628.0,0.0,14.0,3.0,0.008839208,0.007476501,1.0,0.0,0.021843486,10.0,2.0,1.0,1080.0,1037.0,48.0,14.0,75.0,0.000257297,0.0009033080000000001,7.5039e-05,7.596899999999999e-05,64.0,11.0,11.0,0.0,148.0,0.0,0.0,56.0,0.004247751,0.0,0.0,0.0,10628.0,0.0,0.0,0.0,0.0,0.0,0.0,1.0,0.0,0.0,0.0,0.0,0.0,0.0,0.0,0.0,0.0,0.0,0.0,0.0,0.0,0.0,0.0,0.0,0.0,0.0,0.0
GAPMST-P32-LKH-BP-ascent-strong-9bbe061f25d1,GAPMST-P32-LKH-BP-ascent-strong,GAPMST-P32-LKH-BP-ascent-strong,bayg29.tsp,/home/wj/code/TSP/data/classic/tsplib/bayg29.tsp,ok,1,1,1,0,0,1610.0,True,0.03892812319099903,1607.9799999981672,1610.0,1610.0,0.0,1.0,1.0,0.000859897,0.001450688,1.0,0.0,0.014412813,0.0,4.0,1.0,377.0,370.0,29.0,24.0,10.0,8.4104e-05,0.0,0.0,4.315e-06,64.0,0.0,0.0,0.0,0.0,0.0,0.0,16.0,0.000124313,0.0,0.0,0.0,1610.0,0.0,0.0,0.0,0.0,0.0,0.0,1.0,0.0,0.0,0.0,0.0,0.0,0.0,0.0,0.0,0.0,0.0,0.0,0.0,0.0,0.0,0.0,0.0,0.0,0.0,0.0
GAPMST-P32-LKH-BP-ascent-strong-9bbe061f25d1,GAPMST-P32-LKH-BP-ascent-strong,GAPMST-P32-LKH-BP-ascent-strong,bays29.tsp,/home/wj/code/TSP/data/classic/tsplib/bays29.tsp,ok,1,1,1,0,0,2020.0,True,0.03149113431572914,2013.3002809125421,2020.0,2020.0,0.0,5.0,1.0,0.001278679,0.002396702,1.0,0.0,0.012668092,4.0,1.0,1.0,377.0,358.0,29.0,17.0,26.0,0.000133728,6.0543000000000006e-05,0.0,2.345e-05,64.0,4.0,4.0,0.0,12.0,0.0,0.0,20.0,0.0006551619999999999,0.0,0.0,0.0,2020.0,0.0,0.0,0.0,0.0,0.0,0.0,1.0,0.0,0.0,0.0,0.0,0.0,0.0,0.0,0.0,0.0,0.0,0.0,0.0,0.0,0.0,0.0,0.0,0.0,0.0,0.0
GAPMST-P32-LKH-BP-ascent-strong-9bbe061f25d1,GAPMST-P32-LKH-BP-ascent-strong,GAPMST-P32-LKH-BP-ascent-strong,berlin52.tsp,/home/wj/code/TSP/data/classic/tsplib/berlin52.tsp,ok,1,1,1,0,0,7542.0,True,0.05647598206996918,7541.999999973971,7542.0,7542.0,0.0,1.0,0.0,0.005251215,0.000144549,1.0,0.0,0.015776964,1.0,0.0,0.0,0.0,0.0,0.0,0.0,0.0,0.0,0.0,0.0,0.0,1.0,0.0,0.0,0.0,0.0,0.0,0.0,0.0,0.0,0.0,0.0,0.0,7542.0,0.0,0.0,0.0,0.0,0.0,0.0,1.0,0.0,0.0,0.0,0.0,0.0,0.0,0.0,0.0,0.0,0.0,0.0,0.0,0.0,0.0,0.0,0.0,0.0,0.0,0.0
GAPMST-P32-LKH-BP-ascent-strong-9bbe061f25d1,GAPMST-P32-LKH-BP-ascent-strong,GAPMST-P32-LKH-BP-ascent-strong,bier127.tsp,/home/wj/code/TSP/data/classic/tsplib/bier127.tsp,ok,1,1,1,0,0,118282.0,True,329.30753979459405,117430.62999807068,118282.0,118282.0,0.0,498805.0,156133.0,0.316076949,0.028337834,1.0,0.0,0.07394544,344062.0,4935.0,1.0,7874.0,6991.0,127.0,6.0,1004.0,0.000803425,284.0825166909978,18.207397334000117,4.401050354000068,64.0,458080.0,458080.0,0.0,7406610.0,0.0,0.0,516.0,0.34208490499999983,0.0,0.0,12.0,118282.0,0.0,0.0,0.0,0.0,0.0,0.0,1.0,0.0,0.0,0.0,0.0,0.0,0.0,0.0,0.0,0.0,0.0,0.0,0.0,0.0,0.0,0.0,0.0,0.0,0.0,0.0
GAPMST-P32-LKH-BP-ascent-strong-9bbe061f25d1,GAPMST-P32-LKH-BP-ascent-strong,GAPMST-P32-LKH-BP-ascent-strong,brazil58.tsp,/home/wj/code/TSP/data/classic/tsplib/brazil58.tsp,ok,1,1,1,0,0,25395.0,True,0.08943677507340908,25354.239999786165,25395.0,25395.0,0.0,5.0,1.0,0.012837897,0.010183164,1.0,0.0,0.02962392,4.0,0.0,1.0,1595.0,1539.0,58.0,23.0,87.0,0.000310998,0.000282046,0.0,6.646600000000001e-05,64.0,4.0,4.0,0.0,34.0,0.0,0.0,16.0,0.001453163,0.0,0.0,0.0,25395.0,0.0,0.0,0.0,0.0,0.0,0.0,1.0,0.0,0.0,0.0,0.0,0.0,0.0,0.0,0.0,0.0,0.0,0.0,0.0,0.0,0.0,0.0,0.0,0.0,0.0,0.0
GAPMST-P32-LKH-BP-ascent-strong-9bbe061f25d1,GAPMST-P32-LKH-BP-ascent-strong,GAPMST-P32-LKH-BP-ascent-strong,brg180.tsp,/home/wj/code/TSP/data/classic/tsplib/brg180.tsp,ok,1,1,1,0,0,1950.0,True,0.30047019198536873,1949.6660590678675,1950.0,1950.0,0.0,1.0,0.0,0.055807278,0.056016324,1.0,0.0,0.160512203,1.0,0.0,0.0,0.0,0.0,0.0,0.0,0.0,0.0,0.0,0.0,0.0,64.0,0.0,0.0,0.0,0.0,0.0,0.0,0.0,0.0,0.0,0.0,0.0,1950.0,0.0,0.0,0.0,0.0,0.0,0.0,1.0,0.0,0.0,0.0,0.0,0.0,0.0,0.0,0.0,0.0,0.0,0.0,0.0,0.0,0.0,0.0,0.0,0.0,0.0,0.0
GAPMST-P32-LKH-BP-ascent-strong-9bbe061f25d1,GAPMST-P32-LKH-BP-ascent-strong,GAPMST-P32-LKH-BP-ascent-strong,burma14.tsp,/home/wj/code/TSP/data/classic/tsplib/burma14.tsp,ok,1,1,1,0,0,3323.0,True,0.01112261600792408,3322.999999998899,3323.0,3323.0,0.0,1.0,0.0,6.9604e-05,1.0009e-05,1.0,0.0,0.003916379,1.0,0.0,0.0,0.0,0.0,0.0,0.0,0.0,0.0,0.0,0.0,0.0,1.0,0.0,0.0,0.0,0.0,0.0,0.0,0.0,0.0,0.0,0.0,0.0,3323.0,0.0,0.0,0.0,0.0,0.0,0.0,1.0,0.0,0.0,0.0,0.0,0.0,0.0,0.0,0.0,0.0,0.0,0.0,0.0,0.0,0.0,0.0,0.0,0.0,0.0,0.0
GAPMST-P32-LKH-BP-ascent-strong-9bbe061f25d1,GAPMST-P32-LKH-BP-ascent-strong,GAPMST-P32-LKH-BP-ascent-strong,ch130.tsp,/home/wj/code/TSP/data/classic/tsplib/ch130.tsp,ok,1,1,1,0,0,6110.0,True,11.376155463978648,6074.619999904337,6110.0,6110.0,0.0,17110.0,5005.0,0.104174871,0.030130816,1.0,0.0,0.085621029,12167.0,2.0,1.0,8255.0,7816.0,130.0,14.0,555.0,0.000961488,9.44333085200001,0.4523731430000007,0.16731293799999933,64.0,16085.0,16085.0,0.0,253861.0,0.0,0.0,740.0,0.4065633599999998,0.0,0.0,0.0,6110.0,0.0,0.0,0.0,0.0,0.0,0.0,1.0,0.0,0.0,0.0,0.0,0.0,0.0,0.0,0.0,0.0,0.0,0.0,0.0,0.0,0.0,0.0,0.0,0.0,0.0,0.0
GAPMST-P32-LKH-BP-ascent-strong-9bbe061f25d1,GAPMST-P32-LKH-BP-ascent-strong,GAPMST-P32-LKH-BP-ascent-strong,ch150.tsp,/home/wj/code/TSP/data/classic/tsplib/ch150.tsp,ok,1,1,1,0,0,6528.0,True,10.397752210497856,6486.5499998695095,6528.0,6528.0,0.0,11431.0,3363.0,0.13795459,0.041284357,1.0,0.0,0.176595205,8096.0,0.0,1.0,11025.0,10518.0,150.0,4.0,653.0,0.00121527,8.853750036999982,0.37602942000000134,0.12893703700000061,64.0,10936.0,10936.0,0.0,170428.0,0.0,0.0,360.0,0.26201236099999997,0.0,0.0,0.0,6528.0,0.0,0.0,0.0,0.0,0.0,0.0,1.0,0.0,0.0,0.0,0.0,0.0,0.0,0.0,0.0,0.0,0.0,0.0,0.0,0.0,0.0,0.0,0.0,0.0,0.0,0.0
GAPMST-P32-LKH-BP-ascent-strong-9bbe061f25d1,GAPMST-P32-LKH-BP-ascent-strong,GAPMST-P32-LKH-BP-ascent-strong,d198.tsp,/home/wj/code/TSP/data/classic/tsplib/d198.tsp,timeout,1,1,0,1,0,,True,1800.0,14572.88,15780.0,14572.88,0.0764968314321927,695260.0,180000.0,0.453462902,0.06970156,1.0,0.0,0.860472,,,1.0,19305.0,1075.0,198.0,0.0,18428.0,0.001718636,1373.044965,159.2732543,15.80552549,,,,,,,,,,,,0.0,15780.0,,,0.0,,,,,,,,,,,,,,,,,,,,,,,
GAPMST-P32-LKH-BP-ascent-strong-9bbe061f25d1,GAPMST-P32-LKH-BP-ascent-strong,GAPMST-P32-LKH-BP-ascent-strong,dantzig42.tsp,/home/wj/code/TSP/data/classic/tsplib/dantzig42.tsp,ok,1,1,1,0,0,699.0,True,0.11020513623952866,696.959999997658,699.0,699.0,0.0,5.0,1.0,0.004421449,0.006005247,1.0,0.0,0.018762793,4.0,1.0,1.0,819.0,796.0,42.0,27.0,35.0,0.000168008,0.000102288,0.0,3.3796e-05,64.0,4.0,4.0,0.0,39.0,0.0,0.0,20.0,0.000689179,0.0,0.0,0.0,699.0,0.0,0.0,0.0,0.0,0.0,0.0,1.0,0.0,0.0,0.0,0.0,0.0,0.0,0.0,0.0,0.0,0.0,0.0,0.0,0.0,0.0,0.0,0.0,0.0,0.0,0.0
GAPMST-P32-LKH-BP-ascent-strong-9bbe061f25d1,GAPMST-P32-LKH-BP-ascent-strong,GAPMST-P32-LKH-BP-ascent-strong,dj38.tsp,/home/wj/code/TSP/data/classic/national/dj38.tsp,ok,1,1,1,0,0,6656.0,True,0.08112134598195553,6655.999999981781,6656.0,6656.0,0.0,1.0,0.0,0.002367419,0.000111515,1.0,0.0,0.007497432,1.0,0.0,0.0,0.0,0.0,0.0,0.0,0.0,0.0,0.0,0.0,0.0,1.0,0.0,0.0,0.0,0.0,0.0,0.0,0.0,0.0,0.0,0.0,0.0,6656.0,0.0,0.0,0.0,0.0,0.0,0.0,1.0,0.0,0.0,0.0,0.0,0.0,0.0,0.0,0.0,0.0,0.0,0.0,0.0,0.0,0.0,0.0,0.0,0.0,0.0,0.0
GAPMST-P32-LKH-BP-ascent-strong-9bbe061f25d1,GAPMST-P32-LKH-BP-ascent-strong,GAPMST-P32-LKH-BP-ascent-strong,eil101.tsp,/home/wj/code/TSP/data/classic/tsplib/eil101.tsp,ok,1,1,1,0,0,629.0,True,0.21478905528783798,627.3329762117957,629.0,629.0,0.0,238.0,70.0,0.047887574,0.01752982,1.0,0.0,0.043611038,168.0,114.0,1.0,4949.0,4875.0,101.0,47.0,123.0,0.000528248,0.03143783599999999,0.001410671,0.0006410799999999994,64.0,214.0,214.0,0.0,3376.0,0.0,0.0,208.0,0.03572315499999999,0.0,0.0,0.0,629.0,0.0,0.0,0.0,0.0,0.0,0.0,1.0,0.0,0.0,0.0,0.0,0.0,0.0,0.0,0.0,0.0,0.0,0.0,0.0,0.0,0.0,0.0,0.0,0.0,0.0,0.0
GAPMST-P32-LKH-BP-ascent-strong-9bbe061f25d1,GAPMST-P32-LKH-BP-ascent-strong,GAPMST-P32-LKH-BP-ascent-strong,eil51.tsp,/home/wj/code/TSP/data/classic/tsplib/eil51.tsp,ok,1,1,1,0,0,426.0,True,0.17138109356164932,422.4399999987474,426.0,426.0,0.0,309.0,108.0,0.007569653,0.00934915,1.0,0.0,0.025403289,201.0,44.0,1.0,1224.0,1159.0,51.0,7.0,109.0,0.000258346,0.02653301999999999,0.0016166570000000003,0.00033432399999999983,64.0,276.0,276.0,0.0,4410.0,0.0,0.0,92.0,0.011902400000000002,0.0,0.0,0.0,426.0,0.0,0.0,0.0,0.0,0.0,0.0,1.0,0.0,0.0,0.0,0.0,0.0,0.0,0.0,0.0,0.0,0.0,0.0,0.0,0.0,0.0,0.0,0.0,0.0,0.0,0.0
GAPMST-P32-LKH-BP-ascent-strong-9bbe061f25d1,GAPMST-P32-LKH-BP-ascent-strong,GAPMST-P32-LKH-BP-ascent-strong,eil76.tsp,/home/wj/code/TSP/data/classic/tsplib/eil76.tsp,ok,1,1,1,0,0,538.0,True,0.14182239957153797,536.969999996869,538.0,538.0,0.0,5.0,2.0,0.020788849,0.011854527,1.0,0.0,0.02775646,3.0,6.0,1.0,2774.0,2755.0,76.0,61.0,31.0,0.000301904,0.000115561,3.5333e-05,4.555499999999999e-05,64.0,4.0,4.0,0.0,46.0,0.0,0.0,40.0,0.001202296,0.0,0.0,0.0,538.0,0.0,0.0,0.0,0.0,0.0,0.0,1.0,0.0,0.0,0.0,0.0,0.0,0.0,0.0,0.0,0.0,0.0,0.0,0.0,0.0,0.0,0.0,0.0,0.0,0.0,0.0
GAPMST-P32-LKH-BP-ascent-strong-9bbe061f25d1,GAPMST-P32-LKH-BP-ascent-strong,GAPMST-P32-LKH-BP-ascent-strong,fri26.tsp,/home/wj/code/TSP/data/classic/tsplib/fri26.tsp,ok,1,1,1,0,0,937.0,True,0.047229915857315063,936.9999999984229,937.0,937.0,0.0,1.0,0.0,0.00041571,0.000219901,1.0,0.0,0.012750745,1.0,0.0,0.0,0.0,0.0,0.0,0.0,0.0,0.0,0.0,0.0,0.0,15.0,0.0,0.0,0.0,0.0,0.0,0.0,0.0,0.0,0.0,0.0,0.0,937.0,0.0,0.0,0.0,0.0,0.0,0.0,1.0,0.0,0.0,0.0,0.0,0.0,0.0,0.0,0.0,0.0,0.0,0.0,0.0,0.0,0.0,0.0,0.0,0.0,0.0,0.0
GAPMST-P32-LKH-BP-ascent-strong-9bbe061f25d1,GAPMST-P32-LKH-BP-ascent-strong,GAPMST-P32-LKH-BP-ascent-strong,gr120.tsp,/home/wj/code/TSP/data/classic/tsplib/gr120.tsp,ok,1,1,1,0,0,6942.0,True,1.5020907316356897,6909.959999893309,6942.0,6942.0,0.0,1866.0,579.0,0.107777646,0.025619535,1.0,0.0,0.059371749,1291.0,0.0,1.0,7020.0,6727.0,120.0,13.0,397.0,0.000694761,0.8337260829999991,0.04363452700000001,0.0036508709999999987,64.0,1759.0,1759.0,0.0,28761.0,0.0,0.0,776.0,0.32871709599999993,0.0,0.0,0.0,6942.0,0.0,0.0,0.0,0.0,0.0,0.0,1.0,0.0,0.0,0.0,0.0,0.0,0.0,0.0,0.0,0.0,0.0,0.0,0.0,0.0,0.0,0.0,0.0,0.0,0.0,0.0
GAPMST-P32-LKH-BP-ascent-strong-9bbe061f25d1,GAPMST-P32-LKH-BP-ascent-strong,GAPMST-P32-LKH-BP-ascent-strong,gr137.tsp,/home/wj/code/TSP/data/classic/tsplib/gr137.tsp,ok,1,1,1,0,0,69853.0,True,4.167375368997455,69113.08999838053,69853.0,69853.0,0.0,5486.0,1801.0,0.151754068,0.031290587,1.0,0.0,0.079037189,3701.0,0.0,1.0,9179.0,8325.0,137.0,3.0,988.0,0.00101243,3.0138902920000037,0.22134318800000016,0.05404821799999998,64.0,4970.0,4970.0,0.0,80937.0,0.0,0.0,652.0,0.355514615,0.0,0.0,0.0,69853.0,0.0,0.0,0.0,0.0,0.0,0.0,1.0,0.0,0.0,0.0,0.0,0.0,0.0,0.0,0.0,0.0,0.0,0.0,0.0,0.0,0.0,0.0,0.0,0.0,0.0,0.0
GAPMST-P32-LKH-BP-ascent-strong-9bbe061f25d1,GAPMST-P32-LKH-BP-ascent-strong,GAPMST-P32-LKH-BP-ascent-strong,gr17.tsp,/home/wj/code/TSP/data/classic/tsplib/gr17.tsp,ok,1,1,1,0,0,2085.0,True,0.03611178509891033,2084.999999998326,2085.0,2085.0,0.0,1.0,0.0,0.000212351,2.451e-05,1.0,0.0,0.001964131,1.0,0.0,0.0,0.0,0.0,0.0,0.0,0.0,0.0,0.0,0.0,0.0,1.0,0.0,0.0,0.0,0.0,0.0,0.0,0.0,0.0,0.0,0.0,0.0,2085.0,0.0,0.0,0.0,0.0,0.0,0.0,1.0,0.0,0.0,0.0,0.0,0.0,0.0,0.0,0.0,0.0,0.0,0.0,0.0,0.0,0.0,0.0,0.0,0.0,0.0,0.0
GAPMST-P32-LKH-BP-ascent-strong-9bbe061f25d1,GAPMST-P32-LKH-BP-ascent-strong,GAPMST-P32-LKH-BP-ascent-strong,gr21.tsp,/home/wj/code/TSP/data/classic/tsplib/gr21.tsp,ok,1,1,1,0,0,2707.0,True,0.023553218692541122,2706.9999999973675,2707.0,2707.0,0.0,1.0,0.0,0.000391008,3.5022e-05,1.0,0.0,0.005809125,1.0,0.0,0.0,0.0,0.0,0.0,0.0,0.0,0.0,0.0,0.0,0.0,1.0,0.0,0.0,0.0,0.0,0.0,0.0,0.0,0.0,0.0,0.0,0.0,2707.0,0.0,0.0,0.0,0.0,0.0,0.0,1.0,0.0,0.0,0.0,0.0,0.0,0.0,0.0,0.0,0.0,0.0,0.0,0.0,0.0,0.0,0.0,0.0,0.0,0.0,0.0
GAPMST-P32-LKH-BP-ascent-strong-9bbe061f25d1,GAPMST-P32-LKH-BP-ascent-strong,GAPMST-P32-LKH-BP-ascent-strong,gr24.tsp,/home/wj/code/TSP/data/classic/tsplib/gr24.tsp,ok,1,1,1,0,0,1272.0,True,0.013020623475313187,1271.999889186537,1272.0,1272.0,0.0,1.0,0.0,0.000672245,0.000971474,1.0,0.0,0.004259324,1.0,0.0,0.0,0.0,0.0,0.0,0.0,0.0,0.0,0.0,0.0,0.0,64.0,0.0,0.0,0.0,0.0,0.0,0.0,0.0,0.0,0.0,0.0,0.0,1272.0,0.0,0.0,0.0,0.0,0.0,0.0,1.0,0.0,0.0,0.0,0.0,0.0,0.0,0.0,0.0,0.0,0.0,0.0,0.0,0.0,0.0,0.0,0.0,0.0,0.0,0.0
GAPMST-P32-LKH-BP-ascent-strong-9bbe061f25d1,GAPMST-P32-LKH-BP-ascent-strong,GAPMST-P32-LKH-BP-ascent-strong,gr48.tsp,/home/wj/code/TSP/data/classic/tsplib/gr48.tsp,ok,1,1,1,0,0,5046.0,True,0.11835543997585773,4958.9599999858965,5046.0,5046.0,0.0,449.0,138.0,0.007542114,0.008537746,1.0,0.0,0.023465915,314.0,2.0,1.0,1080.0,927.0,48.0,4.0,197.0,0.000236316,0.04174660300000004,0.0028584520000000013,0.0003745949999999993,64.0,407.0,407.0,0.0,6239.0,0.0,0.0,188.0,0.021100512,0.0,0.0,0.0,5046.0,0.0,0.0,0.0,0.0,0.0,0.0,1.0,0.0,0.0,0.0,0.0,0.0,0.0,0.0,0.0,0.0,0.0,0.0,0.0,0.0,0.0,0.0,0.0,0.0,0.0,0.0
GAPMST-P32-LKH-BP-ascent-strong-9bbe061f25d1,GAPMST-P32-LKH-BP-ascent-strong,GAPMST-P32-LKH-BP-ascent-strong,gr96.tsp,/home/wj/code/TSP/data/classic/tsplib/gr96.tsp,ok,1,1,1,0,0,55209.0,True,0.6776050608605146,54569.47999942845,55209.0,55209.0,0.0,1358.0,471.0,0.048322336,0.014603256,1.0,0.0,0.060659355,889.0,0.0,1.0,4464.0,4031.0,96.0,1.0,528.0,0.000472716,0.3807859940000002,0.030788425,0.006421355999999983,64.0,1261.0,1261.0,0.0,20955.0,0.0,0.0,188.0,0.05338113999999999,0.0,0.0,0.0,55209.0,0.0,0.0,0.0,0.0,0.0,0.0,1.0,0.0,0.0,0.0,0.0,0.0,0.0,0.0,0.0,0.0,0.0,0.0,0.0,0.0,0.0,0.0,0.0,0.0,0.0,0.0
GAPMST-P32-LKH-BP-ascent-strong-9bbe061f25d1,GAPMST-P32-LKH-BP-ascent-strong,GAPMST-P32-LKH-BP-ascent-strong,hk48.tsp,/home/wj/code/TSP/data/classic/tsplib/hk48.tsp,ok,1,1,1,0,0,11461.0,True,0.07673119194805622,11444.019999961509,11461.0,11461.0,0.0,13.0,3.0,0.005385153,0.009205921,1.0,0.0,0.022919212,10.0,3.0,1.0,1080.0,1056.0,48.0,32.0,32.0,0.000311885,0.0004042009999999999,0.000108274,5.279999999999998e-05,64.0,12.0,12.0,0.0,102.0,0.0,0.0,60.0,0.002705991,0.0,0.0,0.0,11461.0,0.0,0.0,0.0,0.0,0.0,0.0,1.0,0.0,0.0,0.0,0.0,0.0,0.0,0.0,0.0,0.0,0.0,0.0,0.0,0.0,0.0,0.0,0.0,0.0,0.0,0.0
GAPMST-P32-LKH-BP-ascent-strong-9bbe061f25d1,GAPMST-P32-LKH-BP-ascent-strong,GAPMST-P32-LKH-BP-ascent-strong,kroA100.tsp,/home/wj/code/TSP/data/classic/tsplib/kroA100.tsp,ok,1,1,1,0,0,21282.0,True,5.577513998374343,20936.47999972256,21282.0,21282.0,0.0,10007.0,2821.0,0.054877786,0.016967765,1.0,0.0,0.056279738,7209.0,0.0,1.0,4850.0,4262.0,100.0,0.0,688.0,0.000475654,4.370862458999995,0.23253821299999958,0.04691080399999966,64.0,9428.0,9428.0,0.0,137036.0,0.0,0.0,1040.0,0.4676860549999997,0.0,0.0,0.0,21282.0,0.0,0.0,0.0,0.0,0.0,0.0,1.0,0.0,0.0,0.0,0.0,0.0,0.0,0.0,0.0,0.0,0.0,0.0,0.0,0.0,0.0,0.0,0.0,0.0,0.0,0.0
GAPMST-P32-LKH-BP-ascent-strong-9bbe061f25d1,GAPMST-P32-LKH-BP-ascent-strong,GAPMST-P32-LKH-BP-ascent-strong,kroA150.tsp,/home/wj/code/TSP/data/classic/tsplib/kroA150.tsp,ok,1,1,1,0,0,26524.0,True,17.656212462112308,26293.169999357702,26524.0,26524.0,0.0,18044.0,5508.0,0.190428906,0.041338914,1.0,0.0,0.173454748,12589.0,3.0,1.0,11025.0,10288.0,150.0,4.0,883.0,0.001278525,15.230849891000073,0.7145875680000001,0.22244164900000116,64.0,17056.0,17056.0,0.0,277117.0,0.0,0.0,264.0,0.221945344,0.0,0.0,0.0,26524.0,0.0,0.0,0.0,0.0,0.0,0.0,1.0,0.0,0.0,0.0,0.0,0.0,0.0,0.0,0.0,0.0,0.0,0.0,0.0,0.0,0.0,0.0,0.0,0.0,0.0,0.0
GAPMST-P32-LKH-BP-ascent-strong-9bbe061f25d1,GAPMST-P32-LKH-BP-ascent-strong,GAPMST-P32-LKH-BP-ascent-strong,kroB100.tsp,/home/wj/code/TSP/data/classic/tsplib/kroB100.tsp,ok,1,1,1,0,0,22141.0,True,4.153641853481531,21831.699999692984,22141.0,22141.0,0.0,7001.0,2243.0,0.045526554,0.017184514,1.0,0.0,0.09947064,4774.0,1.0,1.0,4850.0,4248.0,100.0,2.0,700.0,0.000508859,3.1945259190000055,0.184661684,0.03918019700000009,64.0,6454.0,6454.0,0.0,102340.0,0.0,0.0,652.0,0.308177887,0.0,0.0,0.0,22141.0,0.0,0.0,0.0,0.0,0.0,0.0,1.0,0.0,0.0,0.0,0.0,0.0,0.0,0.0,0.0,0.0,0.0,0.0,0.0,0.0,0.0,0.0,0.0,0.0,0.0,0.0
GAPMST-P32-LKH-BP-ascent-strong-9bbe061f25d1,GAPMST-P32-LKH-BP-ascent-strong,GAPMST-P32-LKH-BP-ascent-strong,kroB150.tsp,/home/wj/code/TSP/data/classic/tsplib/kroB150.tsp,timeout,1,1,0,1,0,,True,1800.0,25732.42,26130.0,25732.42,0.01521546115575973,1527475.0,450000.0,0.274187473,0.04123197,1.0,0.0,0.374519,,,1.0,11025.0,9567.0,150.0,0.0,1608.0,0.001139121,1574.605886,81.31651552,21.29360991,,,,,,,,,,,,0.0,26130.0,,,0.0,,,,,,,,,,,,,,,,,,,,,,,
GAPMST-P32-LKH-BP-ascent-strong-9bbe061f25d1,GAPMST-P32-LKH-BP-ascent-strong,GAPMST-P32-LKH-BP-ascent-strong,kroC100.tsp,/home/wj/code/TSP/data/classic/tsplib/kroC100.tsp,ok,1,1,1,0,0,20749.0,True,1.571993287652731,20472.489999725905,20749.0,20749.0,0.0,2827.0,895.0,0.04960017,0.017254072,1.0,0.0,0.055108082,1939.0,0.0,1.0,4850.0,4325.0,100.0,2.0,623.0,0.000515843,1.1462244739999998,0.06702883200000001,0.014695044000000063,64.0,2689.0,2689.0,0.0,41269.0,0.0,0.0,332.0,0.130607576,0.0,0.0,0.0,20749.0,0.0,0.0,0.0,0.0,0.0,0.0,1.0,0.0,0.0,0.0,0.0,0.0,0.0,0.0,0.0,0.0,0.0,0.0,0.0,0.0,0.0,0.0,0.0,0.0,0.0,0.0
GAPMST-P32-LKH-BP-ascent-strong-9bbe061f25d1,GAPMST-P32-LKH-BP-ascent-strong,GAPMST-P32-LKH-BP-ascent-strong,kroD100.tsp,/home/wj/code/TSP/data/classic/tsplib/kroD100.tsp,ok,1,1,1,0,0,21294.0,True,0.24472727812826633,21141.459999730672,21294.0,21294.0,0.0,94.0,20.0,0.052094523,0.0170785,1.0,0.0,0.060726155,75.0,0.0,1.0,4850.0,4553.0,100.0,17.0,379.0,0.00051884,0.025785968000000006,0.0014515349999999999,0.00024087800000000012,64.0,85.0,85.0,0.0,1105.0,0.0,0.0,316.0,0.07204026000000001,0.0,0.0,0.0,21294.0,0.0,0.0,0.0,0.0,0.0,0.0,1.0,0.0,0.0,0.0,0.0,0.0,0.0,0.0,0.0,0.0,0.0,0.0,0.0,0.0,0.0,0.0,0.0,0.0,0.0,0.0
GAPMST-P32-LKH-BP-ascent-strong-9bbe061f25d1,GAPMST-P32-LKH-BP-ascent-strong,GAPMST-P32-LKH-BP-ascent-strong,kroE100.tsp,/home/wj/code/TSP/data/classic/tsplib/kroE100.tsp,ok,1,1,1,0,0,22068.0,True,13.348209913820028,21799.409999721556,22068.0,22068.0,0.0,32079.0,9298.0,0.049131958,0.017202596,1.0,0.0,0.13798878,22855.0,6.0,1.0,4850.0,4394.0,100.0,5.0,551.0,0.000534569,11.043462287999967,0.6340353820000023,0.19657566500000248,64.0,29700.0,29700.0,0.0,444349.0,0.0,0.0,592.0,0.23966024799999983,0.0,0.0,0.0,22068.0,0.0,0.0,0.0,0.0,0.0,0.0,1.0,0.0,0.0,0.0,0.0,0.0,0.0,0.0,0.0,0.0,0.0,0.0,0.0,0.0,0.0,0.0,0.0,0.0,0.0,0.0
GAPMST-P32-LKH-BP-ascent-strong-9bbe061f25d1,GAPMST-P32-LKH-BP-ascent-strong,GAPMST-P32-LKH-BP-ascent-strong,lin105.tsp,/home/wj/code/TSP/data/classic/tsplib/lin105.tsp,ok,1,1,1,0,0,14379.0,True,0.15201073326170444,14370.479999775862,14379.0,14379.0,0.0,3.0,1.0,0.065915393,0.017602662,1.0,0.0,0.042326778,2.0,5.0,1.0,5355.0,5319.0,105.0,87.0,39.0,0.000483334,4.6728000000000004e-05,0.0,7.0143e-05,64.0,2.0,2.0,0.0,15.0,0.0,0.0,28.0,0.001423337,0.0,0.0,0.0,14379.0,0.0,0.0,0.0,0.0,0.0,0.0,1.0,0.0,0.0,0.0,0.0,0.0,0.0,0.0,0.0,0.0,0.0,0.0,0.0,0.0,0.0,0.0,0.0,0.0,0.0,0.0
GAPMST-P32-LKH-BP-ascent-strong-9bbe061f25d1,GAPMST-P32-LKH-BP-ascent-strong,GAPMST-P32-LKH-BP-ascent-strong,pr107.tsp,/home/wj/code/TSP/data/classic/tsplib/pr107.tsp,timeout,1,1,0,1,0,,True,1800.0,40065.34082,44303.0,40065.34082,0.09565174322280663,2086664.0,560000.0,0.05592018,0.018084603,1.0,0.0,0.0543922,,,1.0,5564.0,151.0,107.0,0.0,5520.0,0.000429942,1357.809432,184.0799135,13.99247931,,,,,,,,,,,,0.0,44303.0,,,0.0,,,,,,,,,,,,,,,,,,,,,,,
GAPMST-P32-LKH-BP-ascent-strong-9bbe061f25d1,GAPMST-P32-LKH-BP-ascent-strong,GAPMST-P32-LKH-BP-ascent-strong,pr124.tsp,/home/wj/code/TSP/data/classic/tsplib/pr124.tsp,ok,1,1,1,0,0,59030.0,True,1.2162147033959627,58060.599998730104,59030.0,59030.0,0.0,1104.0,376.0,0.06656694,0.025133006,1.0,0.0,0.088834213,730.0,0.0,1.0,7502.0,6430.0,124.0,0.0,1196.0,0.000682764,0.6334084930000009,0.05069592300000003,0.004419080000000006,64.0,1033.0,1033.0,0.0,16931.0,0.0,0.0,528.0,0.257789698,0.0,0.0,0.0,59030.0,0.0,0.0,0.0,0.0,0.0,0.0,1.0,0.0,0.0,0.0,0.0,0.0,0.0,0.0,0.0,0.0,0.0,0.0,0.0,0.0,0.0,0.0,0.0,0.0,0.0,0.0
GAPMST-P32-LKH-BP-ascent-strong-9bbe061f25d1,GAPMST-P32-LKH-BP-ascent-strong,GAPMST-P32-LKH-BP-ascent-strong,pr136.tsp,/home/wj/code/TSP/data/classic/tsplib/pr136.tsp,ok,1,1,1,0,0,96772.0,True,602.8562848269939,95859.17999828939,96772.0,96772.0,0.0,836986.0,286850.0,0.36483704299999997,0.032311538,1.0,0.0,0.230086908,554019.0,57.0,1.0,9044.0,8316.0,136.0,0.0,864.0,0.000927151,516.1186953219935,34.40888943499925,9.43359544100038,64.0,734712.0,734712.0,0.0,13886677.0,0.0,0.0,880.0,0.6161300049999998,0.0,0.0,12.0,96772.0,0.0,0.0,0.0,0.0,0.0,0.0,1.0,0.0,0.0,0.0,0.0,0.0,0.0,0.0,0.0,0.0,0.0,0.0,0.0,0.0,0.0,0.0,0.0,0.0,0.0,0.0
GAPMST-P32-LKH-BP-ascent-strong-9bbe061f25d1,GAPMST-P32-LKH-BP-ascent-strong,GAPMST-P32-LKH-BP-ascent-strong,pr144.tsp,/home/wj/code/TSP/data/classic/tsplib/pr144.tsp,ok,1,1,1,0,0,58537.0,True,4.260085506364703,57892.66276212371,58537.0,58537.0,0.0,3910.0,1298.0,0.067399963,0.033760566,1.0,0.0,0.187447349,2623.0,0.0,1.0,10152.0,8721.0,144.0,3.0,1572.0,0.001039875,2.8719840260000025,0.2302799980000002,0.037810621999999836,64.0,3627.0,3627.0,0.0,62415.0,0.0,0.0,1004.0,0.5816239190000001,0.0,0.0,0.0,58537.0,0.0,0.0,0.0,0.0,0.0,0.0,1.0,0.0,0.0,0.0,0.0,0.0,0.0,0.0,0.0,0.0,0.0,0.0,0.0,0.0,0.0,0.0,0.0,0.0,0.0,0.0
GAPMST-P32-LKH-BP-ascent-strong-9bbe061f25d1,GAPMST-P32-LKH-BP-ascent-strong,GAPMST-P32-LKH-BP-ascent-strong,pr152.tsp,/home/wj/code/TSP/data/classic/tsplib/pr152.tsp,timeout,1,1,0,1,0,,True,1800.0,69999.92364,73682.0,69999.92364,0.04997253549035051,982348.0,300000.0,0.164019027,0.039582006,1.0,0.0,0.312252,,,1.0,11324.0,4683.0,152.0,0.0,6793.0,0.000971436,1485.547365,161.381167,10.91865987,,,,,,,,,,,,0.0,73682.0,,,0.0,,,,,,,,,,,,,,,,,,,,,,,
GAPMST-P32-LKH-BP-ascent-strong-9bbe061f25d1,GAPMST-P32-LKH-BP-ascent-strong,GAPMST-P32-LKH-BP-ascent-strong,pr76.tsp,/home/wj/code/TSP/data/classic/tsplib/pr76.tsp,ok,1,1,1,0,0,108159.0,True,190.35675302892923,105050.5999992225,108159.0,108159.0,0.0,638892.0,185295.0,0.130216818,0.009689463,1.0,0.0,0.071366441,455179.0,0.0,1.0,2774.0,1991.0,76.0,1.0,858.0,0.000312413,148.42648547500295,14.209002719000111,4.278279066000139,64.0,581794.0,581794.0,0.0,8626242.0,0.0,0.0,1924.0,0.5572891569999994,0.0,0.0,12.0,108159.0,0.0,0.0,0.0,0.0,0.0,0.0,1.0,0.0,0.0,0.0,0.0,0.0,0.0,0.0,0.0,0.0,0.0,0.0,0.0,0.0,0.0,0.0,0.0,0.0,0.0,0.0
GAPMST-P32-LKH-BP-ascent-strong-9bbe061f25d1,GAPMST-P32-LKH-BP-ascent-strong,GAPMST-P32-LKH-BP-ascent-strong,qa194.tsp,/home/wj/code/TSP/data/classic/national/qa194.tsp,timeout,1,1,0,1,0,,True,1800.0,9265.17,9352.0,9265.17,0.009284644995722832,1362474.0,430000.0,0.619136999,0.068646669,1.0,0.0,0.364438,,,1.0,18527.0,16612.0,194.0,1.0,2108.0,0.002102619,1567.846367,99.42167037,24.71965596,,,,,,,,,,,,0.0,9352.0,,,0.0,,,,,,,,,,,,,,,,,,,,,,,
GAPMST-P32-LKH-BP-ascent-strong-9bbe061f25d1,GAPMST-P32-LKH-BP-ascent-strong,GAPMST-P32-LKH-BP-ascent-strong,rat195.tsp,/home/wj/code/TSP/data/classic/tsplib/rat195.tsp,ok,1,1,1,0,0,2323.0,True,225.33334462344646,2291.959999919687,2323.0,2323.0,0.0,145662.0,43406.0,0.2948544,0.067787729,1.0,0.0,0.748463482,102764.0,0.0,1.0,18720.0,16371.0,195.0,0.0,2544.0,0.002016039,198.42854275599808,12.51942972499987,1.8313261340000253,64.0,139174.0,139174.0,0.0,2254389.0,0.0,0.0,824.0,0.8205762739999993,0.0,0.0,0.0,2323.0,0.0,0.0,0.0,0.0,0.0,0.0,1.0,0.0,0.0,0.0,0.0,0.0,0.0,0.0,0.0,0.0,0.0,0.0,0.0,0.0,0.0,0.0,0.0,0.0,0.0,0.0
GAPMST-P32-LKH-BP-ascent-strong-9bbe061f25d1,GAPMST-P32-LKH-BP-ascent-strong,GAPMST-P32-LKH-BP-ascent-strong,rat99.tsp,/home/wj/code/TSP/data/classic/tsplib/rat99.tsp,ok,1,1,1,0,0,1211.0,True,0.15440638922154903,1205.9499999855982,1211.0,1211.0,0.0,46.0,15.0,0.043368792,0.015281883,1.0,0.0,0.045148736,30.0,8.0,1.0,4752.0,4629.0,99.0,29.0,178.0,0.000486898,0.007092411000000002,0.0007683900000000001,0.0001773449999999999,64.0,42.0,42.0,0.0,667.0,0.0,0.0,92.0,0.012310529999999998,0.0,0.0,0.0,1211.0,0.0,0.0,0.0,0.0,0.0,0.0,1.0,0.0,0.0,0.0,0.0,0.0,0.0,0.0,0.0,0.0,0.0,0.0,0.0,0.0,0.0,0.0,0.0,0.0,0.0,0.0
GAPMST-P32-LKH-BP-ascent-strong-9bbe061f25d1,GAPMST-P32-LKH-BP-ascent-strong,GAPMST-P32-LKH-BP-ascent-strong,rd100.tsp,/home/wj/code/TSP/data/classic/tsplib/rd100.tsp,ok,1,1,1,0,0,7910.0,True,0.16278182342648506,7897.20107452616,7910.0,7910.0,0.0,16.0,5.0,0.057313708,0.017059669,1.0,0.0,0.057142781,11.0,2.0,1.0,4850.0,4759.0,100.0,43.0,144.0,0.00049549,0.0025606450000000003,0.00023258699999999997,0.00012227499999999998,64.0,13.0,13.0,0.0,215.0,0.0,0.0,68.0,0.008400624,0.0,0.0,0.0,7910.0,0.0,0.0,0.0,0.0,0.0,0.0,1.0,0.0,0.0,0.0,0.0,0.0,0.0,0.0,0.0,0.0,0.0,0.0,0.0,0.0,0.0,0.0,0.0,0.0,0.0,0.0
GAPMST-P32-LKH-BP-ascent-strong-9bbe061f25d1,GAPMST-P32-LKH-BP-ascent-strong,GAPMST-P32-LKH-BP-ascent-strong,si175.tsp,/home/wj/code/TSP/data/classic/tsplib/si175.tsp,timeout,1,1,0,1,0,,True,1800.0,21373.58,21407.0,21373.58,0.0015611715793898376,2643883.0,750000.0,0.212784386,0.052823866,1.0,0.0,0.320639,,,1.0,15050.0,13917.0,175.0,12.0,1296.0,0.001561498,1489.44794,101.1243858,50.30174439,,,,,,,,,,,,0.0,21407.0,,,0.0,,,,,,,,,,,,,,,,,,,,,,,
GAPMST-P32-LKH-BP-ascent-strong-9bbe061f25d1,GAPMST-P32-LKH-BP-ascent-strong,GAPMST-P32-LKH-BP-ascent-strong,st70.tsp,/home/wj/code/TSP/data/classic/tsplib/st70.tsp,ok,1,1,1,0,0,675.0,True,0.10918236151337624,670.9399999952018,675.0,675.0,0.0,29.0,6.0,0.020181359,0.010886017,1.0,0.0,0.040738493,23.0,1.0,1.0,2345.0,2230.0,70.0,19.0,158.0,0.000320264,0.0033091699999999997,0.00020165700000000002,0.00012704100000000002,64.0,26.0,26.0,0.0,354.0,0.0,0.0,120.0,0.013164486000000001,0.0,0.0,0.0,675.0,0.0,0.0,0.0,0.0,0.0,0.0,1.0,0.0,0.0,0.0,0.0,0.0,0.0,0.0,0.0,0.0,0.0,0.0,0.0,0.0,0.0,0.0,0.0,0.0,0.0,0.0
GAPMST-P32-LKH-BP-ascent-strong-9bbe061f25d1,GAPMST-P32-LKH-BP-ascent-strong,GAPMST-P32-LKH-BP-ascent-strong,swiss42.tsp,/home/wj/code/TSP/data/classic/tsplib/swiss42.tsp,ok,1,1,1,0,0,1273.0,True,0.05397903919219971,1271.9619537743815,1273.0,1273.0,0.0,3.0,1.0,0.003931539,0.005517353,1.0,0.0,0.007285282,2.0,0.0,1.0,819.0,812.0,42.0,35.0,14.0,0.000254299,3.7127e-05,0.0,2.3786000000000002e-05,64.0,2.0,2.0,0.0,11.0,0.0,0.0,8.0,0.000378439,0.0,0.0,0.0,1273.0,0.0,0.0,0.0,0.0,0.0,0.0,1.0,0.0,0.0,0.0,0.0,0.0,0.0,0.0,0.0,0.0,0.0,0.0,0.0,0.0,0.0,0.0,0.0,0.0,0.0,0.0
GAPMST-P32-LKH-BP-ascent-strong-9bbe061f25d1,GAPMST-P32-LKH-BP-ascent-strong,GAPMST-P32-LKH-BP-ascent-strong,u159.tsp,/home/wj/code/TSP/data/classic/tsplib/u159.tsp,ok,1,1,1,0,0,42080.0,True,1.3005206417292356,41924.95999885369,42080.0,42080.0,0.0,1545.0,447.0,0.170003866,0.042991457,1.0,0.0,0.079112079,1100.0,15.0,1.0,12402.0,12066.0,159.0,19.0,471.0,0.001333272,0.7657672619999987,0.04564740499999997,0.013558705999999997,64.0,1442.0,1442.0,0.0,21537.0,0.0,0.0,148.0,0.080428852,0.0,0.0,0.0,42080.0,0.0,0.0,0.0,0.0,0.0,0.0,1.0,0.0,0.0,0.0,0.0,0.0,0.0,0.0,0.0,0.0,0.0,0.0,0.0,0.0,0.0,0.0,0.0,0.0,0.0,0.0
GAPMST-P32-LKH-BP-ascent-strong-9bbe061f25d1,GAPMST-P32-LKH-BP-ascent-strong,GAPMST-P32-LKH-BP-ascent-strong,ulysses16.tsp,/home/wj/code/TSP/data/classic/tsplib/ulysses16.tsp,ok,1,1,1,0,0,6859.0,True,0.0570851881057024,6858.999999996325,6859.0,6859.0,0.0,1.0,0.0,0.000227828,2.178e-05,1.0,0.0,0.004553506,1.0,0.0,0.0,0.0,0.0,0.0,0.0,0.0,0.0,0.0,0.0,0.0,1.0,0.0,0.0,0.0,0.0,0.0,0.0,0.0,0.0,0.0,0.0,0.0,6859.0,0.0,0.0,0.0,0.0,0.0,0.0,1.0,0.0,0.0,0.0,0.0,0.0,0.0,0.0,0.0,0.0,0.0,0.0,0.0,0.0,0.0,0.0,0.0,0.0,0.0,0.0
GAPMST-P32-LKH-BP-ascent-strong-9bbe061f25d1,GAPMST-P32-LKH-BP-ascent-strong,GAPMST-P32-LKH-BP-ascent-strong,wi29.tsp,/home/wj/code/TSP/data/classic/national/wi29.tsp,ok,1,1,1,0,0,27603.0,True,0.05231908708810806,27602.999999952015,27603.0,27603.0,0.0,1.0,0.0,0.001193324,7.1859e-05,1.0,0.0,0.007664388,1.0,0.0,0.0,0.0,0.0,0.0,0.0,0.0,0.0,0.0,0.0,0.0,1.0,0.0,0.0,0.0,0.0,0.0,0.0,0.0,0.0,0.0,0.0,0.0,27603.0,0.0,0.0,0.0,0.0,0.0,0.0,1.0,0.0,0.0,0.0,0.0,0.0,0.0,0.0,0.0,0.0,0.0,0.0,0.0,0.0,0.0,0.0,0.0,0.0,0.0,0.0
GAPMST-P32-LKH-BP-ascent-strong-9bbe061f25d1,GAPMST-P32-LKH-BP-ascent-strong,GAPMST-P32-LKH-BP-ascent-strong,xqf131.tsp,/home/wj/code/TSP/data/classic/vlsi/vlsi/xqf131.tsp,timeout,1,1,0,1,0,,True,1800.0,555.6016199,564.0,555.6016199,0.014890744858156123,2661013.0,790000.0,0.083630217,0.028726884,1.0,0.0,0.254394,,,1.0,8384.0,7201.0,131.0,2.0,1312.0,0.000977184,1515.968195,102.8977455,40.32538315,,,,,,,,,,,,0.0,564.0,,,0.0,,,,,,,,,,,,,,,,,,,,,,,
GAPMST-P32-LKH-BP-ascent-strong-lift2-b95e30138c43,GAPMST-P32-LKH-BP-ascent-strong-lift2,GAPMST-P32-LKH-BP-ascent-strong-lift2,att48.tsp,/home/wj/code/TSP/data/classic/tsplib/att48.tsp,ok,1,1,1,0,0,10628.0,True,0.07585960067808628,10602.983665769503,10628.0,10628.0,0.0,14.0,3.0,0.007295628,0.005561946,1.0,0.0,0.020116298,10.0,2.0,1.0,1080.0,1037.0,48.0,14.0,75.0,0.000205562,0.0008019139999999999,6.1424e-05,4.8862e-05,64.0,11.0,11.0,0.0,148.0,0.0,0.0,56.0,0.0035758829999999998,3.0,0.0,0.0,10628.0,0.0,0.0,0.0,0.0,0.0,0.0,1.0,0.0,0.0,0.0,0.0,0.0,0.0,0.0,0.0,0.0,0.0,0.0,0.0,0.0,0.0,0.0,0.0,0.0,0.0,0.0
GAPMST-P32-LKH-BP-ascent-strong-lift2-b95e30138c43,GAPMST-P32-LKH-BP-ascent-strong-lift2,GAPMST-P32-LKH-BP-ascent-strong-lift2,bayg29.tsp,/home/wj/code/TSP/data/classic/tsplib/bayg29.tsp,ok,1,1,1,0,0,1610.0,True,0.055680980905890465,1607.9799999981672,1610.0,1610.0,0.0,1.0,1.0,0.000856735,0.001453877,1.0,0.0,0.013864711,0.0,4.0,1.0,377.0,370.0,29.0,24.0,10.0,7.7659e-05,0.0,0.0,4.069e-06,64.0,0.0,0.0,0.0,0.0,0.0,0.0,16.0,0.000125151,1.0,0.0,0.0,1610.0,0.0,0.0,0.0,0.0,0.0,0.0,1.0,0.0,0.0,0.0,0.0,0.0,0.0,0.0,0.0,0.0,0.0,0.0,0.0,0.0,0.0,0.0,0.0,0.0,0.0,0.0
GAPMST-P32-LKH-BP-ascent-strong-lift2-b95e30138c43,GAPMST-P32-LKH-BP-ascent-strong-lift2,GAPMST-P32-LKH-BP-ascent-strong-lift2,bays29.tsp,/home/wj/code/TSP/data/classic/tsplib/bays29.tsp,ok,1,1,1,0,0,2020.0,True,0.06798323802649975,2013.3002809125421,2020.0,2020.0,0.0,5.0,1.0,0.001276235,0.002362391,1.0,0.0,0.010660958,4.0,1.0,1.0,377.0,358.0,29.0,17.0,26.0,0.000124196,6.3643e-05,0.0,1.4925e-05,64.0,4.0,4.0,0.0,12.0,0.0,0.0,20.0,0.00068276,1.0,0.0,0.0,2020.0,0.0,0.0,0.0,0.0,0.0,0.0,1.0,0.0,0.0,0.0,0.0,0.0,0.0,0.0,0.0,0.0,0.0,0.0,0.0,0.0,0.0,0.0,0.0,0.0,0.0,0.0
GAPMST-P32-LKH-BP-ascent-strong-lift2-b95e30138c43,GAPMST-P32-LKH-BP-ascent-strong-lift2,GAPMST-P32-LKH-BP-ascent-strong-lift2,berlin52.tsp,/home/wj/code/TSP/data/classic/tsplib/berlin52.tsp,ok,1,1,1,0,0,7542.0,True,0.04793226718902588,7541.999999973971,7542.0,7542.0,0.0,1.0,0.0,0.00830022,0.000220321,1.0,0.0,0.015002428,1.0,0.0,0.0,0.0,0.0,0.0,0.0,0.0,0.0,0.0,0.0,0.0,1.0,0.0,0.0,0.0,0.0,0.0,0.0,0.0,0.0,0.0,0.0,0.0,7542.0,0.0,0.0,0.0,0.0,0.0,0.0,1.0,0.0,0.0,0.0,0.0,0.0,0.0,0.0,0.0,0.0,0.0,0.0,0.0,0.0,0.0,0.0,0.0,0.0,0.0,0.0
GAPMST-P32-LKH-BP-ascent-strong-lift2-b95e30138c43,GAPMST-P32-LKH-BP-ascent-strong-lift2,GAPMST-P32-LKH-BP-ascent-strong-lift2,bier127.tsp,/home/wj/code/TSP/data/classic/tsplib/bier127.tsp,ok,1,1,1,0,0,118282.0,True,328.90303798764944,117430.62999807068,118282.0,118282.0,0.0,498805.0,156133.0,0.331908498,0.028244274,1.0,0.0,0.088449765,344062.0,4935.0,1.0,7874.0,6991.0,127.0,6.0,1004.0,0.00080613,283.5245923030005,18.311516440999867,4.41175129700014,64.0,458080.0,458080.0,0.0,7406610.0,0.0,0.0,516.0,0.34071957499999994,18.0,0.0,12.0,118282.0,0.0,0.0,0.0,0.0,0.0,0.0,1.0,0.0,0.0,0.0,0.0,0.0,0.0,0.0,0.0,0.0,0.0,0.0,0.0,0.0,0.0,0.0,0.0,0.0,0.0,0.0
GAPMST-P32-LKH-BP-ascent-strong-lift2-b95e30138c43,GAPMST-P32-LKH-BP-ascent-strong-lift2,GAPMST-P32-LKH-BP-ascent-strong-lift2,brazil58.tsp,/home/wj/code/TSP/data/classic/tsplib/brazil58.tsp,ok,1,1,1,0,0,25395.0,True,0.11255071312189102,25354.239999786165,25395.0,25395.0,0.0,5.0,1.0,0.012888828,0.009435136,1.0,0.0,0.028627023,4.0,0.0,1.0,1595.0,1539.0,58.0,23.0,87.0,0.00022432,0.00020603800000000002,0.0,4.7660000000000015e-05,64.0,4.0,4.0,0.0,34.0,0.0,0.0,16.0,0.001015691,1.0,0.0,0.0,25395.0,0.0,0.0,0.0,0.0,0.0,0.0,1.0,0.0,0.0,0.0,0.0,0.0,0.0,0.0,0.0,0.0,0.0,0.0,0.0,0.0,0.0,0.0,0.0,0.0,0.0,0.0
GAPMST-P32-LKH-BP-ascent-strong-lift2-b95e30138c43,GAPMST-P32-LKH-BP-ascent-strong-lift2,GAPMST-P32-LKH-BP-ascent-strong-lift2,brg180.tsp,/home/wj/code/TSP/data/classic/tsplib/brg180.tsp,ok,1,1,1,0,0,1950.0,True,0.31133799627423286,1949.6660590678675,1950.0,1950.0,0.0,1.0,0.0,0.054150548,0.05551288,1.0,0.0,0.163038885,1.0,0.0,0.0,0.0,0.0,0.0,0.0,0.0,0.0,0.0,0.0,0.0,64.0,0.0,0.0,0.0,0.0,0.0,0.0,0.0,0.0,0.0,0.0,0.0,1950.0,0.0,0.0,0.0,0.0,0.0,0.0,1.0,0.0,0.0,0.0,0.0,0.0,0.0,0.0,0.0,0.0,0.0,0.0,0.0,0.0,0.0,0.0,0.0,0.0,0.0,0.0
GAPMST-P32-LKH-BP-ascent-strong-lift2-b95e30138c43,GAPMST-P32-LKH-BP-ascent-strong-lift2,GAPMST-P32-LKH-BP-ascent-strong-lift2,burma14.tsp,/home/wj/code/TSP/data/classic/tsplib/burma14.tsp,ok,1,1,1,0,0,3323.0,True,0.012846304103732109,3322.999999998899,3323.0,3323.0,0.0,1.0,0.0,0.00015223,1.929e-05,1.0,0.0,0.003856601,1.0,0.0,0.0,0.0,0.0,0.0,0.0,0.0,0.0,0.0,0.0,0.0,1.0,0.0,0.0,0.0,0.0,0.0,0.0,0.0,0.0,0.0,0.0,0.0,3323.0,0.0,0.0,0.0,0.0,0.0,0.0,1.0,0.0,0.0,0.0,0.0,0.0,0.0,0.0,0.0,0.0,0.0,0.0,0.0,0.0,0.0,0.0,0.0,0.0,0.0,0.0
GAPMST-P32-LKH-BP-ascent-strong-lift2-b95e30138c43,GAPMST-P32-LKH-BP-ascent-strong-lift2,GAPMST-P32-LKH-BP-ascent-strong-lift2,ch130.tsp,/home/wj/code/TSP/data/classic/tsplib/ch130.tsp,ok,1,1,1,0,0,6110.0,True,11.504662998020649,6074.619999904337,6110.0,6110.0,0.0,17110.0,5005.0,0.108220304,0.030140083,1.0,0.0,0.08495337,12167.0,2.0,1.0,8255.0,7816.0,130.0,14.0,555.0,0.000973349,9.537776582,0.46338824899999964,0.16986648299999815,64.0,16085.0,16085.0,0.0,253861.0,0.0,0.0,740.0,0.4121789340000002,25.0,0.0,0.0,6110.0,0.0,0.0,0.0,0.0,0.0,0.0,1.0,0.0,0.0,0.0,0.0,0.0,0.0,0.0,0.0,0.0,0.0,0.0,0.0,0.0,0.0,0.0,0.0,0.0,0.0,0.0
GAPMST-P32-LKH-BP-ascent-strong-lift2-b95e30138c43,GAPMST-P32-LKH-BP-ascent-strong-lift2,GAPMST-P32-LKH-BP-ascent-strong-lift2,ch150.tsp,/home/wj/code/TSP/data/classic/tsplib/ch150.tsp,ok,1,1,1,0,0,6528.0,True,10.434158047661185,6486.5499998695095,6528.0,6528.0,0.0,11431.0,3363.0,0.122829377,0.041348413,1.0,0.0,0.177466895,8096.0,0.0,1.0,11025.0,10518.0,150.0,4.0,653.0,0.00120459,8.895725685000004,0.37767225500000023,0.12974130900000086,64.0,10936.0,10936.0,0.0,170428.0,0.0,0.0,360.0,0.266393931,17.0,0.0,0.0,6528.0,0.0,0.0,0.0,0.0,0.0,0.0,1.0,0.0,0.0,0.0,0.0,0.0,0.0,0.0,0.0,0.0,0.0,0.0,0.0,0.0,0.0,0.0,0.0,0.0,0.0,0.0
GAPMST-P32-LKH-BP-ascent-strong-lift2-b95e30138c43,GAPMST-P32-LKH-BP-ascent-strong-lift2,GAPMST-P32-LKH-BP-ascent-strong-lift2,d198.tsp,/home/wj/code/TSP/data/classic/tsplib/d198.tsp,timeout,1,1,0,1,0,,True,1800.0,14572.88,15780.0,14572.88,0.0764968314321927,701311.0,180000.0,0.4477547,0.069602821,1.0,0.0,0.878673,,,1.0,19305.0,1075.0,198.0,0.0,18428.0,0.00171938,1376.640078,160.9834814,15.90515527,,,,,,,,,,,,0.0,15780.0,,,0.0,,,,,,,,,,,,,,,,,,,,,,,
GAPMST-P32-LKH-BP-ascent-strong-lift2-b95e30138c43,GAPMST-P32-LKH-BP-ascent-strong-lift2,GAPMST-P32-LKH-BP-ascent-strong-lift2,dantzig42.tsp,/home/wj/code/TSP/data/classic/tsplib/dantzig42.tsp,ok,1,1,1,0,0,699.0,True,0.07128710299730301,696.959999997658,699.0,699.0,0.0,5.0,1.0,0.002613682,0.002731607,1.0,0.0,0.022066953,4.0,1.0,1.0,819.0,796.0,42.0,27.0,35.0,0.000152378,0.000101846,0.0,2.5603999999999997e-05,64.0,4.0,4.0,0.0,39.0,0.0,0.0,20.0,0.0006679310000000001,1.0,0.0,0.0,699.0,0.0,0.0,0.0,0.0,0.0,0.0,1.0,0.0,0.0,0.0,0.0,0.0,0.0,0.0,0.0,0.0,0.0,0.0,0.0,0.0,0.0,0.0,0.0,0.0,0.0,0.0
GAPMST-P32-LKH-BP-ascent-strong-lift2-b95e30138c43,GAPMST-P32-LKH-BP-ascent-strong-lift2,GAPMST-P32-LKH-BP-ascent-strong-lift2,dj38.tsp,/home/wj/code/TSP/data/classic/national/dj38.tsp,ok,1,1,1,0,0,6656.0,True,0.08510012738406658,6655.999999981781,6656.0,6656.0,0.0,1.0,0.0,0.002462974,0.000120334,1.0,0.0,0.009935828,1.0,0.0,0.0,0.0,0.0,0.0,0.0,0.0,0.0,0.0,0.0,0.0,1.0,0.0,0.0,0.0,0.0,0.0,0.0,0.0,0.0,0.0,0.0,0.0,6656.0,0.0,0.0,0.0,0.0,0.0,0.0,1.0,0.0,0.0,0.0,0.0,0.0,0.0,0.0,0.0,0.0,0.0,0.0,0.0,0.0,0.0,0.0,0.0,0.0,0.0,0.0
GAPMST-P32-LKH-BP-ascent-strong-lift2-b95e30138c43,GAPMST-P32-LKH-BP-ascent-strong-lift2,GAPMST-P32-LKH-BP-ascent-strong-lift2,eil101.tsp,/home/wj/code/TSP/data/classic/tsplib/eil101.tsp,ok,1,1,1,0,0,629.0,True,0.3045189343392849,627.3329762117957,629.0,629.0,0.0,238.0,70.0,0.079117124,0.030178057,1.0,0.0,0.047900613,168.0,114.0,1.0,4949.0,4875.0,101.0,47.0,123.0,0.000528153,0.031479328000000015,0.00140387,0.000654671999999999,64.0,214.0,214.0,0.0,3376.0,0.0,0.0,208.0,0.035995947,10.0,0.0,0.0,629.0,0.0,0.0,0.0,0.0,0.0,0.0,1.0,0.0,0.0,0.0,0.0,0.0,0.0,0.0,0.0,0.0,0.0,0.0,0.0,0.0,0.0,0.0,0.0,0.0,0.0,0.0
GAPMST-P32-LKH-BP-ascent-strong-lift2-b95e30138c43,GAPMST-P32-LKH-BP-ascent-strong-lift2,GAPMST-P32-LKH-BP-ascent-strong-lift2,eil51.tsp,/home/wj/code/TSP/data/classic/tsplib/eil51.tsp,ok,1,1,1,0,0,426.0,True,0.15846231766045094,422.4399999987474,426.0,426.0,0.0,309.0,108.0,0.006756471,0.009942528,1.0,0.0,0.026628053,201.0,44.0,1.0,1224.0,1159.0,51.0,7.0,109.0,0.000256612,0.026795602999999998,0.001577907,0.0003438319999999997,64.0,276.0,276.0,0.0,4410.0,0.0,0.0,92.0,0.01231789,7.0,0.0,0.0,426.0,0.0,0.0,0.0,0.0,0.0,0.0,1.0,0.0,0.0,0.0,0.0,0.0,0.0,0.0,0.0,0.0,0.0,0.0,0.0,0.0,0.0,0.0,0.0,0.0,0.0,0.0
GAPMST-P32-LKH-BP-ascent-strong-lift2-b95e30138c43,GAPMST-P32-LKH-BP-ascent-strong-lift2,GAPMST-P32-LKH-BP-ascent-strong-lift2,eil76.tsp,/home/wj/code/TSP/data/classic/tsplib/eil76.tsp,ok,1,1,1,0,0,538.0,True,0.11686507612466812,536.969999996869,538.0,538.0,0.0,5.0,2.0,0.021345524,0.012888028,1.0,0.0,0.02507418,3.0,6.0,1.0,2774.0,2755.0,76.0,61.0,31.0,0.00031416,0.00011336800000000002,3.7022e-05,4.829599999999999e-05,64.0,4.0,4.0,0.0,46.0,0.0,0.0,40.0,0.0014173430000000004,2.0,0.0,0.0,538.0,0.0,0.0,0.0,0.0,0.0,0.0,1.0,0.0,0.0,0.0,0.0,0.0,0.0,0.0,0.0,0.0,0.0,0.0,0.0,0.0,0.0,0.0,0.0,0.0,0.0,0.0
GAPMST-P32-LKH-BP-ascent-strong-lift2-b95e30138c43,GAPMST-P32-LKH-BP-ascent-strong-lift2,GAPMST-P32-LKH-BP-ascent-strong-lift2,fri26.tsp,/home/wj/code/TSP/data/classic/tsplib/fri26.tsp,ok,1,1,1,0,0,937.0,True,0.02900746278464794,936.9999999984229,937.0,937.0,0.0,1.0,0.0,0.000380869,0.000196965,1.0,0.0,0.01060438,1.0,0.0,0.0,0.0,0.0,0.0,0.0,0.0,0.0,0.0,0.0,0.0,15.0,0.0,0.0,0.0,0.0,0.0,0.0,0.0,0.0,0.0,0.0,0.0,937.0,0.0,0.0,0.0,0.0,0.0,0.0,1.0,0.0,0.0,0.0,0.0,0.0,0.0,0.0,0.0,0.0,0.0,0.0,0.0,0.0,0.0,0.0,0.0,0.0,0.0,0.0
GAPMST-P32-LKH-BP-ascent-strong-lift2-b95e30138c43,GAPMST-P32-LKH-BP-ascent-strong-lift2,GAPMST-P32-LKH-BP-ascent-strong-lift2,gr120.tsp,/home/wj/code/TSP/data/classic/tsplib/gr120.tsp,ok,1,1,1,0,0,6942.0,True,1.4649362303316593,6909.959999893309,6942.0,6942.0,0.0,1866.0,579.0,0.090024369,0.025371379,1.0,0.0,0.063623505,1291.0,0.0,1.0,7020.0,6727.0,120.0,13.0,397.0,0.000706771,0.8430379350000008,0.044242560999999986,0.003637696999999998,64.0,1759.0,1759.0,0.0,28761.0,0.0,0.0,776.0,0.3298680919999997,32.0,0.0,0.0,6942.0,0.0,0.0,0.0,0.0,0.0,0.0,1.0,0.0,0.0,0.0,0.0,0.0,0.0,0.0,0.0,0.0,0.0,0.0,0.0,0.0,0.0,0.0,0.0,0.0,0.0,0.0
GAPMST-P32-LKH-BP-ascent-strong-lift2-b95e30138c43,GAPMST-P32-LKH-BP-ascent-strong-lift2,GAPMST-P32-LKH-BP-ascent-strong-lift2,gr137.tsp,/home/wj/code/TSP/data/classic/tsplib/gr137.tsp,ok,1,1,1,0,0,69853.0,True,4.184326972812414,69113.08999838053,69853.0,69853.0,0.0,5486.0,1801.0,0.148075074,0.031267797,1.0,0.0,0.108636327,3701.0,0.0,1.0,9179.0,8325.0,137.0,3.0,988.0,0.000999822,3.010792042999994,0.22132892899999973,0.05401926800000008,64.0,4970.0,4970.0,0.0,80937.0,0.0,0.0,652.0,0.35149781700000005,35.0,0.0,0.0,69853.0,0.0,0.0,0.0,0.0,0.0,0.0,1.0,0.0,0.0,0.0,0.0,0.0,0.0,0.0,0.0,0.0,0.0,0.0,0.0,0.0,0.0,0.0,0.0,0.0,0.0,0.0
GAPMST-P32-LKH-BP-ascent-strong-lift2-b95e30138c43,GAPMST-P32-LKH-BP-ascent-strong-lift2,GAPMST-P32-LKH-BP-ascent-strong-lift2,gr17.tsp,/home/wj/code/TSP/data/classic/tsplib/gr17.tsp,ok,1,1,1,0,0,2085.0,True,0.03224173188209534,2084.999999998326,2085.0,2085.0,0.0,1.0,0.0,0.000198521,2.2359e-05,1.0,0.0,0.005797166,1.0,0.0,0.0,0.0,0.0,0.0,0.0,0.0,0.0,0.0,0.0,0.0,1.0,0.0,0.0,0.0,0.0,0.0,0.0,0.0,0.0,0.0,0.0,0.0,2085.0,0.0,0.0,0.0,0.0,0.0,0.0,1.0,0.0,0.0,0.0,0.0,0.0,0.0,0.0,0.0,0.0,0.0,0.0,0.0,0.0,0.0,0.0,0.0,0.0,0.0,0.0
GAPMST-P32-LKH-BP-ascent-strong-lift2-b95e30138c43,GAPMST-P32-LKH-BP-ascent-strong-lift2,GAPMST-P32-LKH-BP-ascent-strong-lift2,gr21.tsp,/home/wj/code/TSP/data/classic/tsplib/gr21.tsp,ok,1,1,1,0,0,2707.0,True,0.023875288665294647,2706.9999999973675,2707.0,2707.0,0.0,1.0,0.0,0.000391614,3.4917e-05,1.0,0.0,0.005377783,1.0,0.0,0.0,0.0,0.0,0.0,0.0,0.0,0.0,0.0,0.0,0.0,1.0,0.0,0.0,0.0,0.0,0.0,0.0,0.0,0.0,0.0,0.0,0.0,2707.0,0.0,0.0,0.0,0.0,0.0,0.0,1.0,0.0,0.0,0.0,0.0,0.0,0.0,0.0,0.0,0.0,0.0,0.0,0.0,0.0,0.0,0.0,0.0,0.0,0.0,0.0
GAPMST-P32-LKH-BP-ascent-strong-lift2-b95e30138c43,GAPMST-P32-LKH-BP-ascent-strong-lift2,GAPMST-P32-LKH-BP-ascent-strong-lift2,gr24.tsp,/home/wj/code/TSP/data/classic/tsplib/gr24.tsp,ok,1,1,1,0,0,1272.0,True,0.03361288085579872,1271.999889186537,1272.0,1272.0,0.0,1.0,0.0,0.00072379,0.001000907,1.0,0.0,0.003928388,1.0,0.0,0.0,0.0,0.0,0.0,0.0,0.0,0.0,0.0,0.0,0.0,64.0,0.0,0.0,0.0,0.0,0.0,0.0,0.0,0.0,0.0,0.0,0.0,1272.0,0.0,0.0,0.0,0.0,0.0,0.0,1.0,0.0,0.0,0.0,0.0,0.0,0.0,0.0,0.0,0.0,0.0,0.0,0.0,0.0,0.0,0.0,0.0,0.0,0.0,0.0
GAPMST-P32-LKH-BP-ascent-strong-lift2-b95e30138c43,GAPMST-P32-LKH-BP-ascent-strong-lift2,GAPMST-P32-LKH-BP-ascent-strong-lift2,gr48.tsp,/home/wj/code/TSP/data/classic/tsplib/gr48.tsp,ok,1,1,1,0,0,5046.0,True,0.14727425947785378,4958.9599999858965,5046.0,5046.0,0.0,449.0,138.0,0.007217973,0.009376642,1.0,0.0,0.031633597,314.0,2.0,1.0,1080.0,927.0,48.0,4.0,197.0,0.000227683,0.04204800599999998,0.0029375189999999995,0.0003684499999999996,64.0,407.0,407.0,0.0,6239.0,0.0,0.0,188.0,0.021413415,7.0,0.0,0.0,5046.0,0.0,0.0,0.0,0.0,0.0,0.0,1.0,0.0,0.0,0.0,0.0,0.0,0.0,0.0,0.0,0.0,0.0,0.0,0.0,0.0,0.0,0.0,0.0,0.0,0.0,0.0
GAPMST-P32-LKH-BP-ascent-strong-lift2-b95e30138c43,GAPMST-P32-LKH-BP-ascent-strong-lift2,GAPMST-P32-LKH-BP-ascent-strong-lift2,gr96.tsp,/home/wj/code/TSP/data/classic/tsplib/gr96.tsp,ok,1,1,1,0,0,55209.0,True,0.708093823865056,54569.47999942845,55209.0,55209.0,0.0,1358.0,471.0,0.04779562,0.014588388,1.0,0.0,0.063654734,889.0,0.0,1.0,4464.0,4031.0,96.0,1.0,528.0,0.000463869,0.3828945950000002,0.030810481000000018,0.006508838999999982,64.0,1261.0,1261.0,0.0,20955.0,0.0,0.0,188.0,0.05394147200000001,10.0,0.0,0.0,55209.0,0.0,0.0,0.0,0.0,0.0,0.0,1.0,0.0,0.0,0.0,0.0,0.0,0.0,0.0,0.0,0.0,0.0,0.0,0.0,0.0,0.0,0.0,0.0,0.0,0.0,0.0
GAPMST-P32-LKH-BP-ascent-strong-lift2-b95e30138c43,GAPMST-P32-LKH-BP-ascent-strong-lift2,GAPMST-P32-LKH-BP-ascent-strong-lift2,hk48.tsp,/home/wj/code/TSP/data/classic/tsplib/hk48.tsp,ok,1,1,1,0,0,11461.0,True,0.07511496730148792,11444.019999961509,11461.0,11461.0,0.0,13.0,3.0,0.005388931,0.010813387,1.0,0.0,0.022694169,10.0,3.0,1.0,1080.0,1056.0,48.0,32.0,32.0,0.000319399,0.00029646,7.364599999999999e-05,4.452100000000001e-05,64.0,12.0,12.0,0.0,102.0,0.0,0.0,60.0,0.0020645360000000005,3.0,0.0,0.0,11461.0,0.0,0.0,0.0,0.0,0.0,0.0,1.0,0.0,0.0,0.0,0.0,0.0,0.0,0.0,0.0,0.0,0.0,0.0,0.0,0.0,0.0,0.0,0.0,0.0,0.0,0.0
GAPMST-P32-LKH-BP-ascent-strong-lift2-b95e30138c43,GAPMST-P32-LKH-BP-ascent-strong-lift2,GAPMST-P32-LKH-BP-ascent-strong-lift2,kroA100.tsp,/home/wj/code/TSP/data/classic/tsplib/kroA100.tsp,ok,1,1,1,0,0,21282.0,True,5.590595077723265,20936.47999972256,21282.0,21282.0,0.0,10007.0,2821.0,0.055931053,0.01680999,1.0,0.0,0.053889196,7209.0,0.0,1.0,4850.0,4262.0,100.0,0.0,688.0,0.000481986,4.402893857000005,0.23746898600000013,0.04737779500000026,64.0,9428.0,9428.0,0.0,137036.0,0.0,0.0,1040.0,0.468848458,39.0,0.0,0.0,21282.0,0.0,0.0,0.0,0.0,0.0,0.0,1.0,0.0,0.0,0.0,0.0,0.0,0.0,0.0,0.0,0.0,0.0,0.0,0.0,0.0,0.0,0.0,0.0,0.0,0.0,0.0
GAPMST-P32-LKH-BP-ascent-strong-lift2-b95e30138c43,GAPMST-P32-LKH-BP-ascent-strong-lift2,GAPMST-P32-LKH-BP-ascent-strong-lift2,kroA150.tsp,/home/wj/code/TSP/data/classic/tsplib/kroA150.tsp,ok,1,1,1,0,0,26524.0,True,17.79661080427468,26293.169999357702,26524.0,26524.0,0.0,18044.0,5508.0,0.194943995,0.041677823,1.0,0.0,0.173449401,12589.0,3.0,1.0,11025.0,10288.0,150.0,4.0,883.0,0.001288631,15.348370719999997,0.7179962640000014,0.22558186900000027,64.0,17056.0,17056.0,0.0,277117.0,0.0,0.0,264.0,0.22265451299999997,9.0,0.0,0.0,26524.0,0.0,0.0,0.0,0.0,0.0,0.0,1.0,0.0,0.0,0.0,0.0,0.0,0.0,0.0,0.0,0.0,0.0,0.0,0.0,0.0,0.0,0.0,0.0,0.0,0.0,0.0
GAPMST-P32-LKH-BP-ascent-strong-lift2-b95e30138c43,GAPMST-P32-LKH-BP-ascent-strong-lift2,GAPMST-P32-LKH-BP-ascent-strong-lift2,kroB100.tsp,/home/wj/code/TSP/data/classic/tsplib/kroB100.tsp,ok,1,1,1,0,0,22141.0,True,4.194906760007143,21831.699999692984,22141.0,22141.0,0.0,7001.0,2243.0,0.047888377,0.017553586,1.0,0.0,0.101779649,4774.0,1.0,1.0,4850.0,4248.0,100.0,2.0,700.0,0.000512769,3.2300132949999947,0.186784201,0.04030403700000016,64.0,6454.0,6454.0,0.0,102340.0,0.0,0.0,652.0,0.30959003700000004,33.0,0.0,0.0,22141.0,0.0,0.0,0.0,0.0,0.0,0.0,1.0,0.0,0.0,0.0,0.0,0.0,0.0,0.0,0.0,0.0,0.0,0.0,0.0,0.0,0.0,0.0,0.0,0.0,0.0,0.0
GAPMST-P32-LKH-BP-ascent-strong-lift2-b95e30138c43,GAPMST-P32-LKH-BP-ascent-strong-lift2,GAPMST-P32-LKH-BP-ascent-strong-lift2,kroB150.tsp,/home/wj/code/TSP/data/classic/tsplib/kroB150.tsp,timeout,1,1,0,1,0,,True,1800.0,25732.42,26130.0,25732.42,0.01521546115575973,1503434.0,450000.0,0.24250364,0.041295558,1.0,0.0,0.371794,,,1.0,11025.0,9567.0,150.0,0.0,1608.0,0.001141296,1572.799723,80.88592493,20.92598439,,,,,,,,,,,,0.0,26130.0,,,0.0,,,,,,,,,,,,,,,,,,,,,,,
GAPMST-P32-LKH-BP-ascent-strong-lift2-b95e30138c43,GAPMST-P32-LKH-BP-ascent-strong-lift2,GAPMST-P32-LKH-BP-ascent-strong-lift2,kroC100.tsp,/home/wj/code/TSP/data/classic/tsplib/kroC100.tsp,ok,1,1,1,0,0,20749.0,True,1.5587773192673922,20472.489999725905,20749.0,20749.0,0.0,2827.0,895.0,0.049069262,0.01700148,1.0,0.0,0.050679429,1939.0,0.0,1.0,4850.0,4325.0,100.0,2.0,623.0,0.00052027,1.1464888980000023,0.06735397099999996,0.014745895999999965,64.0,2689.0,2689.0,0.0,41269.0,0.0,0.0,332.0,0.132196137,14.0,0.0,0.0,20749.0,0.0,0.0,0.0,0.0,0.0,0.0,1.0,0.0,0.0,0.0,0.0,0.0,0.0,0.0,0.0,0.0,0.0,0.0,0.0,0.0,0.0,0.0,0.0,0.0,0.0,0.0
GAPMST-P32-LKH-BP-ascent-strong-lift2-b95e30138c43,GAPMST-P32-LKH-BP-ascent-strong-lift2,GAPMST-P32-LKH-BP-ascent-strong-lift2,kroD100.tsp,/home/wj/code/TSP/data/classic/tsplib/kroD100.tsp,ok,1,1,1,0,0,21294.0,True,0.24805865436792374,21141.459999730672,21294.0,21294.0,0.0,94.0,20.0,0.052373502,0.017147852,1.0,0.0,0.064212812,75.0,0.0,1.0,4850.0,4553.0,100.0,17.0,379.0,0.000532895,0.02575766899999999,0.0014281150000000002,0.00023710400000000005,64.0,85.0,85.0,0.0,1105.0,0.0,0.0,316.0,0.072721304,12.0,0.0,0.0,21294.0,0.0,0.0,0.0,0.0,0.0,0.0,1.0,0.0,0.0,0.0,0.0,0.0,0.0,0.0,0.0,0.0,0.0,0.0,0.0,0.0,0.0,0.0,0.0,0.0,0.0,0.0
GAPMST-P32-LKH-BP-ascent-strong-lift2-b95e30138c43,GAPMST-P32-LKH-BP-ascent-strong-lift2,GAPMST-P32-LKH-BP-ascent-strong-lift2,kroE100.tsp,/home/wj/code/TSP/data/classic/tsplib/kroE100.tsp,ok,1,1,1,0,0,22068.0,True,13.340116733685136,21799.409999721556,22068.0,22068.0,0.0,32079.0,9298.0,0.050334707,0.016893338,1.0,0.0,0.144802002,22855.0,6.0,1.0,4850.0,4394.0,100.0,5.0,551.0,0.000529956,11.043743485999995,0.6336054000000007,0.19558070499999983,64.0,29700.0,29700.0,0.0,444349.0,0.0,0.0,592.0,0.24026902100000014,26.0,0.0,0.0,22068.0,0.0,0.0,0.0,0.0,0.0,0.0,1.0,0.0,0.0,0.0,0.0,0.0,0.0,0.0,0.0,0.0,0.0,0.0,0.0,0.0,0.0,0.0,0.0,0.0,0.0,0.0
GAPMST-P32-LKH-BP-ascent-strong-lift2-b95e30138c43,GAPMST-P32-LKH-BP-ascent-strong-lift2,GAPMST-P32-LKH-BP-ascent-strong-lift2,lin105.tsp,/home/wj/code/TSP/data/classic/tsplib/lin105.tsp,ok,1,1,1,0,0,14379.0,True,0.13482982851564884,14370.479999775862,14379.0,14379.0,0.0,3.0,1.0,0.06517931,0.017613428,1.0,0.0,0.040626742,2.0,5.0,1.0,5355.0,5319.0,105.0,87.0,39.0,0.000482631,4.5572000000000003e-05,0.0,6.5924e-05,64.0,2.0,2.0,0.0,15.0,0.0,0.0,28.0,0.0014204209999999998,1.0,0.0,0.0,14379.0,0.0,0.0,0.0,0.0,0.0,0.0,1.0,0.0,0.0,0.0,0.0,0.0,0.0,0.0,0.0,0.0,0.0,0.0,0.0,0.0,0.0,0.0,0.0,0.0,0.0,0.0
GAPMST-P32-LKH-BP-ascent-strong-lift2-b95e30138c43,GAPMST-P32-LKH-BP-ascent-strong-lift2,GAPMST-P32-LKH-BP-ascent-strong-lift2,pr107.tsp,/home/wj/code/TSP/data/classic/tsplib/pr107.tsp,timeout,1,1,0,1,0,,True,1800.0,40065.34082,44303.0,40065.34082,0.09565174322280663,2025822.0,550000.0,0.054388747,0.018200836,1.0,0.0,0.0516067,,,1.0,5564.0,151.0,107.0,0.0,5520.0,0.000420782,1412.146142,186.8985167,12.95507686,,,,,,,,,,,,0.0,44303.0,,,0.0,,,,,,,,,,,,,,,,,,,,,,,
GAPMST-P32-LKH-BP-ascent-strong-lift2-b95e30138c43,GAPMST-P32-LKH-BP-ascent-strong-lift2,GAPMST-P32-LKH-BP-ascent-strong-lift2,pr124.tsp,/home/wj/code/TSP/data/classic/tsplib/pr124.tsp,ok,1,1,1,0,0,59030.0,True,1.1971352007240057,58060.599998730104,59030.0,59030.0,0.0,1104.0,376.0,0.065084657,0.024989772,1.0,0.0,0.084074171,730.0,0.0,1.0,7502.0,6430.0,124.0,0.0,1196.0,0.000690913,0.6350078869999999,0.051052742999999984,0.004553146000000002,64.0,1033.0,1033.0,0.0,16931.0,0.0,0.0,528.0,0.257303598,27.0,0.0,0.0,59030.0,0.0,0.0,0.0,0.0,0.0,0.0,1.0,0.0,0.0,0.0,0.0,0.0,0.0,0.0,0.0,0.0,0.0,0.0,0.0,0.0,0.0,0.0,0.0,0.0,0.0,0.0
GAPMST-P32-LKH-BP-ascent-strong-lift2-b95e30138c43,GAPMST-P32-LKH-BP-ascent-strong-lift2,GAPMST-P32-LKH-BP-ascent-strong-lift2,pr136.tsp,/home/wj/code/TSP/data/classic/tsplib/pr136.tsp,ok,1,1,1,0,0,96772.0,True,603.0636129491031,95859.17999828939,96772.0,96772.0,0.0,836986.0,286850.0,0.359296785,0.032326395,1.0,0.0,0.213928061,554019.0,57.0,1.0,9044.0,8316.0,136.0,0.0,864.0,0.000919128,516.2594454179921,34.442716242999154,9.426005473000288,64.0,734712.0,734712.0,0.0,13886677.0,0.0,0.0,880.0,0.6137391109999998,37.0,0.0,12.0,96772.0,0.0,0.0,0.0,0.0,0.0,0.0,1.0,0.0,0.0,0.0,0.0,0.0,0.0,0.0,0.0,0.0,0.0,0.0,0.0,0.0,0.0,0.0,0.0,0.0,0.0,0.0
GAPMST-P32-LKH-BP-ascent-strong-lift2-b95e30138c43,GAPMST-P32-LKH-BP-ascent-strong-lift2,GAPMST-P32-LKH-BP-ascent-strong-lift2,pr144.tsp,/home/wj/code/TSP/data/classic/tsplib/pr144.tsp,ok,1,1,1,0,0,58537.0,True,4.283968789502978,57892.66276212371,58537.0,58537.0,0.0,3910.0,1298.0,0.069338424,0.033800959,1.0,0.0,0.183896109,2623.0,0.0,1.0,10152.0,8721.0,144.0,3.0,1572.0,0.001048489,2.8855282999999963,0.23089880399999968,0.03817569400000033,64.0,3627.0,3627.0,0.0,62415.0,0.0,0.0,1004.0,0.5874377769999999,49.0,0.0,0.0,58537.0,0.0,0.0,0.0,0.0,0.0,0.0,1.0,0.0,0.0,0.0,0.0,0.0,0.0,0.0,0.0,0.0,0.0,0.0,0.0,0.0,0.0,0.0,0.0,0.0,0.0,0.0
GAPMST-P32-LKH-BP-ascent-strong-lift2-b95e30138c43,GAPMST-P32-LKH-BP-ascent-strong-lift2,GAPMST-P32-LKH-BP-ascent-strong-lift2,pr152.tsp,/home/wj/code/TSP/data/classic/tsplib/pr152.tsp,timeout,1,1,0,1,0,,True,1800.0,69999.92364,73682.0,69999.92364,0.04997253549035051,1017164.0,290000.0,0.148803522,0.039789975,1.0,0.0,0.307122,,,1.0,11324.0,4683.0,152.0,0.0,6793.0,0.00098731,1466.262125,155.3372147,11.29018822,,,,,,,,,,,,0.0,73682.0,,,0.0,,,,,,,,,,,,,,,,,,,,,,,
GAPMST-P32-LKH-BP-ascent-strong-lift2-b95e30138c43,GAPMST-P32-LKH-BP-ascent-strong-lift2,GAPMST-P32-LKH-BP-ascent-strong-lift2,pr76.tsp,/home/wj/code/TSP/data/classic/tsplib/pr76.tsp,ok,1,1,1,0,0,108159.0,True,190.85254554636776,105050.5999992225,108159.0,108159.0,0.0,638892.0,185295.0,0.12914293200000002,0.009631351,1.0,0.0,0.073041083,455179.0,0.0,1.0,2774.0,1991.0,76.0,1.0,858.0,0.000306232,148.7652895939941,14.271962863999988,4.311209348000135,64.0,581794.0,581794.0,0.0,8626242.0,0.0,0.0,1924.0,0.5600797630000002,78.0,0.0,12.0,108159.0,0.0,0.0,0.0,0.0,0.0,0.0,1.0,0.0,0.0,0.0,0.0,0.0,0.0,0.0,0.0,0.0,0.0,0.0,0.0,0.0,0.0,0.0,0.0,0.0,0.0,0.0
GAPMST-P32-LKH-BP-ascent-strong-lift2-b95e30138c43,GAPMST-P32-LKH-BP-ascent-strong-lift2,GAPMST-P32-LKH-BP-ascent-strong-lift2,qa194.tsp,/home/wj/code/TSP/data/classic/national/qa194.tsp,timeout,1,1,0,1,0,,True,1800.0,9265.17,9352.0,9265.17,0.009284644995722832,1289753.0,410000.0,0.619440827,0.068904206,1.0,0.0,0.362234,,,1.0,18527.0,16612.0,194.0,1.0,2108.0,0.002114693,1549.90952,95.93293029,22.81469601,,,,,,,,,,,,0.0,9352.0,,,0.0,,,,,,,,,,,,,,,,,,,,,,,
GAPMST-P32-LKH-BP-ascent-strong-lift2-b95e30138c43,GAPMST-P32-LKH-BP-ascent-strong-lift2,GAPMST-P32-LKH-BP-ascent-strong-lift2,rat195.tsp,/home/wj/code/TSP/data/classic/tsplib/rat195.tsp,ok,1,1,1,0,0,2323.0,True,225.77670901454985,2291.959999919687,2323.0,2323.0,0.0,145662.0,43406.0,0.296884851,0.067750072,1.0,0.0,0.726870691,102764.0,0.0,1.0,18720.0,16371.0,195.0,0.0,2544.0,0.002031142,198.72443685500102,12.559723918999994,1.8445667090000122,64.0,139174.0,139174.0,0.0,2254389.0,0.0,0.0,824.0,0.819199278,40.0,0.0,0.0,2323.0,0.0,0.0,0.0,0.0,0.0,0.0,1.0,0.0,0.0,0.0,0.0,0.0,0.0,0.0,0.0,0.0,0.0,0.0,0.0,0.0,0.0,0.0,0.0,0.0,0.0,0.0
GAPMST-P32-LKH-BP-ascent-strong-lift2-b95e30138c43,GAPMST-P32-LKH-BP-ascent-strong-lift2,GAPMST-P32-LKH-BP-ascent-strong-lift2,rat99.tsp,/home/wj/code/TSP/data/classic/tsplib/rat99.tsp,ok,1,1,1,0,0,1211.0,True,0.13344693183898926,1205.9499999855982,1211.0,1211.0,0.0,46.0,15.0,0.040740612,0.015277215,1.0,0.0,0.046793008,30.0,8.0,1.0,4752.0,4629.0,99.0,29.0,178.0,0.000492947,0.007093230000000001,0.0007498669999999999,0.000185149,64.0,42.0,42.0,0.0,667.0,0.0,0.0,92.0,0.012269664999999999,5.0,0.0,0.0,1211.0,0.0,0.0,0.0,0.0,0.0,0.0,1.0,0.0,0.0,0.0,0.0,0.0,0.0,0.0,0.0,0.0,0.0,0.0,0.0,0.0,0.0,0.0,0.0,0.0,0.0,0.0
GAPMST-P32-LKH-BP-ascent-strong-lift2-b95e30138c43,GAPMST-P32-LKH-BP-ascent-strong-lift2,GAPMST-P32-LKH-BP-ascent-strong-lift2,rd100.tsp,/home/wj/code/TSP/data/classic/tsplib/rd100.tsp,ok,1,1,1,0,0,7910.0,True,0.16477003321051598,7897.20107452616,7910.0,7910.0,0.0,16.0,5.0,0.05340425,0.017147995,1.0,0.0,0.062368423,11.0,2.0,1.0,4850.0,4759.0,100.0,43.0,144.0,0.000493638,0.002642553,0.00024303399999999996,0.00012521599999999996,64.0,13.0,13.0,0.0,215.0,0.0,0.0,68.0,0.008670849,5.0,0.0,0.0,7910.0,0.0,0.0,0.0,0.0,0.0,0.0,1.0,0.0,0.0,0.0,0.0,0.0,0.0,0.0,0.0,0.0,0.0,0.0,0.0,0.0,0.0,0.0,0.0,0.0,0.0,0.0
GAPMST-P32-LKH-BP-ascent-strong-lift2-b95e30138c43,GAPMST-P32-LKH-BP-ascent-strong-lift2,GAPMST-P32-LKH-BP-ascent-strong-lift2,si175.tsp,/home/wj/code/TSP/data/classic/tsplib/si175.tsp,timeout,1,1,0,1,0,,True,1800.0,21373.58,21407.0,21373.58,0.0015611715793898376,2862231.0,820000.0,0.217012841,0.052862208,1.0,0.0,0.31936,,,1.0,15050.0,13917.0,175.0,12.0,1296.0,0.001558573,1467.946963,106.9554367,51.80353607,,,,,,,,,,,,0.0,21407.0,,,0.0,,,,,,,,,,,,,,,,,,,,,,,
GAPMST-P32-LKH-BP-ascent-strong-lift2-b95e30138c43,GAPMST-P32-LKH-BP-ascent-strong-lift2,GAPMST-P32-LKH-BP-ascent-strong-lift2,st70.tsp,/home/wj/code/TSP/data/classic/tsplib/st70.tsp,ok,1,1,1,0,0,675.0,True,0.13769489154219627,670.9399999952018,675.0,675.0,0.0,29.0,6.0,0.020277106,0.010982924,1.0,0.0,0.041031847,23.0,1.0,1.0,2345.0,2230.0,70.0,19.0,158.0,0.000358546,0.0031412379999999993,0.00020810799999999998,0.00013652,64.0,26.0,26.0,0.0,354.0,0.0,0.0,120.0,0.013405426000000002,6.0,0.0,0.0,675.0,0.0,0.0,0.0,0.0,0.0,0.0,1.0,0.0,0.0,0.0,0.0,0.0,0.0,0.0,0.0,0.0,0.0,0.0,0.0,0.0,0.0,0.0,0.0,0.0,0.0,0.0
GAPMST-P32-LKH-BP-ascent-strong-lift2-b95e30138c43,GAPMST-P32-LKH-BP-ascent-strong-lift2,GAPMST-P32-LKH-BP-ascent-strong-lift2,swiss42.tsp,/home/wj/code/TSP/data/classic/tsplib/swiss42.tsp,ok,1,1,1,0,0,1273.0,True,0.06669573485851288,1271.9619537743815,1273.0,1273.0,0.0,3.0,1.0,0.003817133,0.005504096,1.0,0.0,0.01770653,2.0,0.0,1.0,819.0,812.0,42.0,35.0,14.0,0.000248252,3.6222999999999995e-05,0.0,2.4491000000000003e-05,64.0,2.0,2.0,0.0,11.0,0.0,0.0,8.0,0.000393297,1.0,0.0,0.0,1273.0,0.0,0.0,0.0,0.0,0.0,0.0,1.0,0.0,0.0,0.0,0.0,0.0,0.0,0.0,0.0,0.0,0.0,0.0,0.0,0.0,0.0,0.0,0.0,0.0,0.0,0.0
GAPMST-P32-LKH-BP-ascent-strong-lift2-b95e30138c43,GAPMST-P32-LKH-BP-ascent-strong-lift2,GAPMST-P32-LKH-BP-ascent-strong-lift2,u159.tsp,/home/wj/code/TSP/data/classic/tsplib/u159.tsp,ok,1,1,1,0,0,42080.0,True,1.3012750279158354,41924.95999885369,42080.0,42080.0,0.0,1545.0,447.0,0.177849599,0.04306034,1.0,0.0,0.079850676,1100.0,15.0,1.0,12402.0,12066.0,159.0,19.0,471.0,0.001350924,0.767864428,0.045984358000000024,0.013447439999999982,64.0,1442.0,1442.0,0.0,21537.0,0.0,0.0,148.0,0.08018191200000001,7.0,0.0,0.0,42080.0,0.0,0.0,0.0,0.0,0.0,0.0,1.0,0.0,0.0,0.0,0.0,0.0,0.0,0.0,0.0,0.0,0.0,0.0,0.0,0.0,0.0,0.0,0.0,0.0,0.0,0.0
GAPMST-P32-LKH-BP-ascent-strong-lift2-b95e30138c43,GAPMST-P32-LKH-BP-ascent-strong-lift2,GAPMST-P32-LKH-BP-ascent-strong-lift2,ulysses16.tsp,/home/wj/code/TSP/data/classic/tsplib/ulysses16.tsp,ok,1,1,1,0,0,6859.0,True,0.052307890728116035,6858.999999996325,6859.0,6859.0,0.0,1.0,0.0,0.000228655,2.1127e-05,1.0,0.0,0.004672909,1.0,0.0,0.0,0.0,0.0,0.0,0.0,0.0,0.0,0.0,0.0,0.0,1.0,0.0,0.0,0.0,0.0,0.0,0.0,0.0,0.0,0.0,0.0,0.0,6859.0,0.0,0.0,0.0,0.0,0.0,0.0,1.0,0.0,0.0,0.0,0.0,0.0,0.0,0.0,0.0,0.0,0.0,0.0,0.0,0.0,0.0,0.0,0.0,0.0,0.0,0.0
GAPMST-P32-LKH-BP-ascent-strong-lift2-b95e30138c43,GAPMST-P32-LKH-BP-ascent-strong-lift2,GAPMST-P32-LKH-BP-ascent-strong-lift2,wi29.tsp,/home/wj/code/TSP/data/classic/national/wi29.tsp,ok,1,1,1,0,0,27603.0,True,0.05889814719557762,27602.999999952015,27603.0,27603.0,0.0,1.0,0.0,0.001183039,6.5596e-05,1.0,0.0,0.007647054,1.0,0.0,0.0,0.0,0.0,0.0,0.0,0.0,0.0,0.0,0.0,0.0,1.0,0.0,0.0,0.0,0.0,0.0,0.0,0.0,0.0,0.0,0.0,0.0,27603.0,0.0,0.0,0.0,0.0,0.0,0.0,1.0,0.0,0.0,0.0,0.0,0.0,0.0,0.0,0.0,0.0,0.0,0.0,0.0,0.0,0.0,0.0,0.0,0.0,0.0,0.0
GAPMST-P32-LKH-BP-ascent-strong-lift2-b95e30138c43,GAPMST-P32-LKH-BP-ascent-strong-lift2,GAPMST-P32-LKH-BP-ascent-strong-lift2,xqf131.tsp,/home/wj/code/TSP/data/classic/vlsi/vlsi/xqf131.tsp,timeout,1,1,0,1,0,,True,1800.0,555.6016199,564.0,555.6016199,0.014890744858156123,2668335.0,790000.0,0.082841562,0.028827023,1.0,0.0,0.240278,,,1.0,8384.0,7201.0,131.0,2.0,1312.0,0.00090882,1507.321844,103.1609365,40.86604235,,,,,,,,,,,,0.0,564.0,,,0.0,,,,,,,,,,,,,,,,,,,,,,,
GAPMST-P32-LKH-BP-ascent-strong-lift2-split2-677cd822c7b0,GAPMST-P32-LKH-BP-ascent-strong-lift2-split2,GAPMST-P32-LKH-BP-ascent-strong-lift2-split2,att48.tsp,/home/wj/code/TSP/data/classic/tsplib/att48.tsp,ok,1,1,1,0,0,10628.0,True,0.08527800440788269,10602.983665769503,10628.0,10628.0,0.0,27.0,3.0,0.007643643,0.008464647,1.0,0.0,0.021945264,16.0,3.0,1.0,1080.0,1037.0,48.0,14.0,75.0,0.000226443,0.000837346,7.1684e-05,7.2054e-05,64.0,16.0,16.0,0.0,124.0,0.0,0.0,56.0,0.0037951110000000003,3.0,7.0,0.0,10628.0,0.0,0.0,0.0,0.0,0.0,0.0,1.0,0.0,0.0,0.0,0.0,0.0,0.0,0.0,0.0,0.0,0.0,0.0,0.0,0.0,0.0,0.0,0.0,0.0,0.0,0.0
GAPMST-P32-LKH-BP-ascent-strong-lift2-split2-677cd822c7b0,GAPMST-P32-LKH-BP-ascent-strong-lift2-split2,GAPMST-P32-LKH-BP-ascent-strong-lift2-split2,bayg29.tsp,/home/wj/code/TSP/data/classic/tsplib/bayg29.tsp,ok,1,1,1,0,0,1610.0,True,0.07051105983555317,1607.9799999981672,1610.0,1610.0,0.0,1.0,1.0,0.001350276,0.002315438,1.0,0.0,0.014257355,0.0,4.0,1.0,377.0,370.0,29.0,24.0,10.0,0.000123327,0.0,0.0,7.175e-06,64.0,0.0,0.0,0.0,0.0,0.0,0.0,16.0,0.000205513,1.0,0.0,0.0,1610.0,0.0,0.0,0.0,0.0,0.0,0.0,1.0,0.0,0.0,0.0,0.0,0.0,0.0,0.0,0.0,0.0,0.0,0.0,0.0,0.0,0.0,0.0,0.0,0.0,0.0,0.0
GAPMST-P32-LKH-BP-ascent-strong-lift2-split2-677cd822c7b0,GAPMST-P32-LKH-BP-ascent-strong-lift2-split2,GAPMST-P32-LKH-BP-ascent-strong-lift2-split2,bays29.tsp,/home/wj/code/TSP/data/classic/tsplib/bays29.tsp,ok,1,1,1,0,0,2020.0,True,0.037777336314320564,2013.3002809125421,2020.0,2020.0,0.0,7.0,1.0,0.00131781,0.002396973,1.0,0.0,0.013646314,5.0,1.0,1.0,377.0,358.0,29.0,17.0,26.0,0.000138475,6.5141e-05,0.0,1.6115e-05,64.0,4.0,4.0,0.0,12.0,0.0,0.0,20.0,0.000653367,1.0,1.0,0.0,2020.0,0.0,0.0,0.0,0.0,0.0,0.0,1.0,0.0,0.0,0.0,0.0,0.0,0.0,0.0,0.0,0.0,0.0,0.0,0.0,0.0,0.0,0.0,0.0,0.0,0.0,0.0
GAPMST-P32-LKH-BP-ascent-strong-lift2-split2-677cd822c7b0,GAPMST-P32-LKH-BP-ascent-strong-lift2-split2,GAPMST-P32-LKH-BP-ascent-strong-lift2-split2,berlin52.tsp,/home/wj/code/TSP/data/classic/tsplib/berlin52.tsp,ok,1,1,1,0,0,7542.0,True,0.05764743126928806,7541.999999973971,7542.0,7542.0,0.0,1.0,0.0,0.008265929,0.000215285,1.0,0.0,0.016314557,1.0,0.0,0.0,0.0,0.0,0.0,0.0,0.0,0.0,0.0,0.0,0.0,1.0,0.0,0.0,0.0,0.0,0.0,0.0,0.0,0.0,0.0,0.0,0.0,7542.0,0.0,0.0,0.0,0.0,0.0,0.0,1.0,0.0,0.0,0.0,0.0,0.0,0.0,0.0,0.0,0.0,0.0,0.0,0.0,0.0,0.0,0.0,0.0,0.0,0.0,0.0
GAPMST-P32-LKH-BP-ascent-strong-lift2-split2-677cd822c7b0,GAPMST-P32-LKH-BP-ascent-strong-lift2-split2,GAPMST-P32-LKH-BP-ascent-strong-lift2-split2,bier127.tsp,/home/wj/code/TSP/data/classic/tsplib/bier127.tsp,ok,1,1,1,0,0,118282.0,True,288.6269397586584,117430.62999807068,118282.0,118282.0,0.0,435333.0,137298.0,0.35860487,0.028319789,1.0,0.0,0.086307272,298983.0,4547.0,1.0,7874.0,6991.0,127.0,6.0,1004.0,0.000815254,248.51578760500058,16.08479959700004,3.747621178000104,64.0,399551.0,399551.0,0.0,6500565.0,0.0,0.0,1428.0,0.9105102009999999,62.0,301.0,12.0,118282.0,0.0,0.0,0.0,0.0,0.0,0.0,1.0,0.0,0.0,0.0,0.0,0.0,0.0,0.0,0.0,0.0,0.0,0.0,0.0,0.0,0.0,0.0,0.0,0.0,0.0,0.0
GAPMST-P32-LKH-BP-ascent-strong-lift2-split2-677cd822c7b0,GAPMST-P32-LKH-BP-ascent-strong-lift2-split2,GAPMST-P32-LKH-BP-ascent-strong-lift2-split2,brazil58.tsp,/home/wj/code/TSP/data/classic/tsplib/brazil58.tsp,ok,1,1,1,0,0,25395.0,True,0.07610461115837097,25354.239999786165,25395.0,25395.0,0.0,9.0,1.0,0.013173418,0.009068693,1.0,0.0,0.030198833,6.0,0.0,1.0,1595.0,1539.0,58.0,23.0,87.0,0.000308691,0.00013927200000000002,0.0,6.9175e-05,64.0,4.0,4.0,0.0,23.0,0.0,0.0,16.0,0.001021677,1.0,2.0,0.0,25395.0,0.0,0.0,0.0,0.0,0.0,0.0,1.0,0.0,0.0,0.0,0.0,0.0,0.0,0.0,0.0,0.0,0.0,0.0,0.0,0.0,0.0,0.0,0.0,0.0,0.0,0.0
GAPMST-P32-LKH-BP-ascent-strong-lift2-split2-677cd822c7b0,GAPMST-P32-LKH-BP-ascent-strong-lift2-split2,GAPMST-P32-LKH-BP-ascent-strong-lift2-split2,brg180.tsp,/home/wj/code/TSP/data/classic/tsplib/brg180.tsp,ok,1,1,1,0,0,1950.0,True,0.3221536949276924,1949.6660590678675,1950.0,1950.0,0.0,1.0,0.0,0.056518158,0.055317338,1.0,0.0,0.15909951,1.0,0.0,0.0,0.0,0.0,0.0,0.0,0.0,0.0,0.0,0.0,0.0,64.0,0.0,0.0,0.0,0.0,0.0,0.0,0.0,0.0,0.0,0.0,0.0,1950.0,0.0,0.0,0.0,0.0,0.0,0.0,1.0,0.0,0.0,0.0,0.0,0.0,0.0,0.0,0.0,0.0,0.0,0.0,0.0,0.0,0.0,0.0,0.0,0.0,0.0,0.0
GAPMST-P32-LKH-BP-ascent-strong-lift2-split2-677cd822c7b0,GAPMST-P32-LKH-BP-ascent-strong-lift2-split2,GAPMST-P32-LKH-BP-ascent-strong-lift2-split2,burma14.tsp,/home/wj/code/TSP/data/classic/tsplib/burma14.tsp,ok,1,1,1,0,0,3323.0,True,0.01202215626835823,3322.999999998899,3323.0,3323.0,0.0,1.0,0.0,0.000156466,3.6084e-05,1.0,0.0,0.00400498,1.0,0.0,0.0,0.0,0.0,0.0,0.0,0.0,0.0,0.0,0.0,0.0,1.0,0.0,0.0,0.0,0.0,0.0,0.0,0.0,0.0,0.0,0.0,0.0,3323.0,0.0,0.0,0.0,0.0,0.0,0.0,1.0,0.0,0.0,0.0,0.0,0.0,0.0,0.0,0.0,0.0,0.0,0.0,0.0,0.0,0.0,0.0,0.0,0.0,0.0,0.0
GAPMST-P32-LKH-BP-ascent-strong-lift2-split2-677cd822c7b0,GAPMST-P32-LKH-BP-ascent-strong-lift2-split2,GAPMST-P32-LKH-BP-ascent-strong-lift2-split2,ch130.tsp,/home/wj/code/TSP/data/classic/tsplib/ch130.tsp,ok,1,1,1,0,0,6110.0,True,8.30904216133058,6074.619999904337,6110.0,6110.0,0.0,12047.0,3330.0,0.127811604,0.030123954,1.0,0.0,0.085608652,8517.0,5.0,1.0,8255.0,7816.0,130.0,14.0,555.0,0.000968946,6.44711140300002,0.30484890599999925,0.11463543400000008,64.0,11028.0,11028.0,0.0,170821.0,0.0,0.0,1388.0,0.7384731630000001,53.0,233.0,0.0,6110.0,0.0,0.0,0.0,0.0,0.0,0.0,1.0,0.0,0.0,0.0,0.0,0.0,0.0,0.0,0.0,0.0,0.0,0.0,0.0,0.0,0.0,0.0,0.0,0.0,0.0,0.0
GAPMST-P32-LKH-BP-ascent-strong-lift2-split2-677cd822c7b0,GAPMST-P32-LKH-BP-ascent-strong-lift2-split2,GAPMST-P32-LKH-BP-ascent-strong-lift2-split2,ch150.tsp,/home/wj/code/TSP/data/classic/tsplib/ch150.tsp,ok,1,1,1,0,0,6528.0,True,14.488129522651434,6486.5499998695095,6528.0,6528.0,0.0,16336.0,4745.0,0.191999155,0.041308759,1.0,0.0,0.198321519,11507.0,4.0,1.0,11025.0,10518.0,150.0,4.0,653.0,0.001235462,12.321882770999984,0.528341405,0.18299765100000007,64.0,15436.0,15436.0,0.0,239799.0,0.0,0.0,608.0,0.4191256449999997,27.0,134.0,0.0,6528.0,0.0,0.0,0.0,0.0,0.0,0.0,1.0,0.0,0.0,0.0,0.0,0.0,0.0,0.0,0.0,0.0,0.0,0.0,0.0,0.0,0.0,0.0,0.0,0.0,0.0,0.0
GAPMST-P32-LKH-BP-ascent-strong-lift2-split2-677cd822c7b0,GAPMST-P32-LKH-BP-ascent-strong-lift2-split2,GAPMST-P32-LKH-BP-ascent-strong-lift2-split2,d198.tsp,/home/wj/code/TSP/data/classic/tsplib/d198.tsp,timeout,1,1,0,1,0,,True,1800.0,14572.88,15780.0,14572.88,0.0764968314321927,572810.0,160000.0,0.44333113,0.069238892,1.0,0.0,0.903175,,,1.0,19305.0,1075.0,198.0,0.0,18428.0,0.001751307,1411.572422,170.0096508,12.56651249,,,,,,,,,,,,0.0,15780.0,,,0.0,,,,,,,,,,,,,,,,,,,,,,,
GAPMST-P32-LKH-BP-ascent-strong-lift2-split2-677cd822c7b0,GAPMST-P32-LKH-BP-ascent-strong-lift2-split2,GAPMST-P32-LKH-BP-ascent-strong-lift2-split2,dantzig42.tsp,/home/wj/code/TSP/data/classic/tsplib/dantzig42.tsp,ok,1,1,1,0,0,699.0,True,0.15221692621707916,696.959999997658,699.0,699.0,0.0,7.0,1.0,0.004385406,0.005999479,1.0,0.0,0.022629665,5.0,1.0,1.0,819.0,796.0,42.0,27.0,35.0,0.000261462,8.0427e-05,0.0,5.3829e-05,64.0,5.0,5.0,0.0,25.0,0.0,0.0,20.0,0.000953596,1.0,1.0,0.0,699.0,0.0,0.0,0.0,0.0,0.0,0.0,1.0,0.0,0.0,0.0,0.0,0.0,0.0,0.0,0.0,0.0,0.0,0.0,0.0,0.0,0.0,0.0,0.0,0.0,0.0,0.0
GAPMST-P32-LKH-BP-ascent-strong-lift2-split2-677cd822c7b0,GAPMST-P32-LKH-BP-ascent-strong-lift2-split2,GAPMST-P32-LKH-BP-ascent-strong-lift2-split2,dj38.tsp,/home/wj/code/TSP/data/classic/national/dj38.tsp,ok,1,1,1,0,0,6656.0,True,0.05948662385344505,6655.999999981781,6656.0,6656.0,0.0,1.0,0.0,0.002300342,0.000117499,1.0,0.0,0.009813122,1.0,0.0,0.0,0.0,0.0,0.0,0.0,0.0,0.0,0.0,0.0,0.0,1.0,0.0,0.0,0.0,0.0,0.0,0.0,0.0,0.0,0.0,0.0,0.0,6656.0,0.0,0.0,0.0,0.0,0.0,0.0,1.0,0.0,0.0,0.0,0.0,0.0,0.0,0.0,0.0,0.0,0.0,0.0,0.0,0.0,0.0,0.0,0.0,0.0,0.0,0.0
GAPMST-P32-LKH-BP-ascent-strong-lift2-split2-677cd822c7b0,GAPMST-P32-LKH-BP-ascent-strong-lift2-split2,GAPMST-P32-LKH-BP-ascent-strong-lift2-split2,eil101.tsp,/home/wj/code/TSP/data/classic/tsplib/eil101.tsp,ok,1,1,1,0,0,629.0,True,0.22112280316650867,627.3329762117957,629.0,629.0,0.0,174.0,39.0,0.053549953,0.017693294,1.0,0.0,0.036677511,111.0,30.0,1.0,4949.0,4875.0,101.0,47.0,123.0,0.000538084,0.018476479999999993,0.000976256,0.0004254649999999996,64.0,128.0,128.0,0.0,1891.0,0.0,0.0,224.0,0.03280775700000001,15.0,24.0,0.0,629.0,0.0,0.0,0.0,0.0,0.0,0.0,1.0,0.0,0.0,0.0,0.0,0.0,0.0,0.0,0.0,0.0,0.0,0.0,0.0,0.0,0.0,0.0,0.0,0.0,0.0,0.0
GAPMST-P32-LKH-BP-ascent-strong-lift2-split2-677cd822c7b0,GAPMST-P32-LKH-BP-ascent-strong-lift2-split2,GAPMST-P32-LKH-BP-ascent-strong-lift2-split2,eil51.tsp,/home/wj/code/TSP/data/classic/tsplib/eil51.tsp,ok,1,1,1,0,0,426.0,True,0.12704597599804401,422.4399999987474,426.0,426.0,0.0,355.0,99.0,0.007420036,0.008851193,1.0,0.0,0.013977956,216.0,32.0,1.0,1224.0,1159.0,51.0,7.0,109.0,0.000255053,0.024480767000000007,0.001559667,0.0003202889999999999,64.0,273.0,273.0,0.0,4136.0,0.0,0.0,212.0,0.019271495000000013,14.0,41.0,0.0,426.0,0.0,0.0,0.0,0.0,0.0,0.0,1.0,0.0,0.0,0.0,0.0,0.0,0.0,0.0,0.0,0.0,0.0,0.0,0.0,0.0,0.0,0.0,0.0,0.0,0.0,0.0
GAPMST-P32-LKH-BP-ascent-strong-lift2-split2-677cd822c7b0,GAPMST-P32-LKH-BP-ascent-strong-lift2-split2,GAPMST-P32-LKH-BP-ascent-strong-lift2-split2,eil76.tsp,/home/wj/code/TSP/data/classic/tsplib/eil76.tsp,ok,1,1,1,0,0,538.0,True,0.12276504747569561,536.969999996869,538.0,538.0,0.0,11.0,3.0,0.019561677,0.011414843,1.0,0.0,0.041133909,6.0,8.0,1.0,2774.0,2755.0,76.0,61.0,31.0,0.000261371,0.000192357,8.1309e-05,4.7615e-05,64.0,8.0,8.0,0.0,92.0,0.0,0.0,60.0,0.0019362179999999995,3.0,1.0,0.0,538.0,0.0,0.0,0.0,0.0,0.0,0.0,1.0,0.0,0.0,0.0,0.0,0.0,0.0,0.0,0.0,0.0,0.0,0.0,0.0,0.0,0.0,0.0,0.0,0.0,0.0,0.0
GAPMST-P32-LKH-BP-ascent-strong-lift2-split2-677cd822c7b0,GAPMST-P32-LKH-BP-ascent-strong-lift2-split2,GAPMST-P32-LKH-BP-ascent-strong-lift2-split2,fri26.tsp,/home/wj/code/TSP/data/classic/tsplib/fri26.tsp,ok,1,1,1,0,0,937.0,True,0.06634262017905712,936.9999999984229,937.0,937.0,0.0,1.0,0.0,0.000621145,0.000331933,1.0,0.0,0.010265583,1.0,0.0,0.0,0.0,0.0,0.0,0.0,0.0,0.0,0.0,0.0,0.0,15.0,0.0,0.0,0.0,0.0,0.0,0.0,0.0,0.0,0.0,0.0,0.0,937.0,0.0,0.0,0.0,0.0,0.0,0.0,1.0,0.0,0.0,0.0,0.0,0.0,0.0,0.0,0.0,0.0,0.0,0.0,0.0,0.0,0.0,0.0,0.0,0.0,0.0,0.0
GAPMST-P32-LKH-BP-ascent-strong-lift2-split2-677cd822c7b0,GAPMST-P32-LKH-BP-ascent-strong-lift2-split2,GAPMST-P32-LKH-BP-ascent-strong-lift2-split2,gr120.tsp,/home/wj/code/TSP/data/classic/tsplib/gr120.tsp,ok,1,1,1,0,0,6942.0,True,2.156124569475651,6909.959999893309,6942.0,6942.0,0.0,3283.0,832.0,0.128261017,0.02527605,1.0,0.0,0.063564999,2136.0,3.0,1.0,7020.0,6727.0,120.0,13.0,397.0,0.000690249,1.2028065119999958,0.06344254599999997,0.005952213000000021,64.0,2639.0,2639.0,0.0,41828.0,0.0,0.0,1508.0,0.5542801489999997,64.0,324.0,0.0,6942.0,0.0,0.0,0.0,0.0,0.0,0.0,1.0,0.0,0.0,0.0,0.0,0.0,0.0,0.0,0.0,0.0,0.0,0.0,0.0,0.0,0.0,0.0,0.0,0.0,0.0,0.0
GAPMST-P32-LKH-BP-ascent-strong-lift2-split2-677cd822c7b0,GAPMST-P32-LKH-BP-ascent-strong-lift2-split2,GAPMST-P32-LKH-BP-ascent-strong-lift2-split2,gr137.tsp,/home/wj/code/TSP/data/classic/tsplib/gr137.tsp,ok,1,1,1,0,0,69853.0,True,4.702620033174753,69113.08999838053,69853.0,69853.0,0.0,6424.0,1974.0,0.147852531,0.031986146,1.0,0.0,0.096460393,4208.0,0.0,1.0,9179.0,8325.0,137.0,3.0,988.0,0.001007978,3.269455660999992,0.24349862700000027,0.05860834200000009,64.0,5519.0,5519.0,0.0,88650.0,0.0,0.0,1148.0,0.5841457659999995,62.0,257.0,0.0,69853.0,0.0,0.0,0.0,0.0,0.0,0.0,1.0,0.0,0.0,0.0,0.0,0.0,0.0,0.0,0.0,0.0,0.0,0.0,0.0,0.0,0.0,0.0,0.0,0.0,0.0,0.0
GAPMST-P32-LKH-BP-ascent-strong-lift2-split2-677cd822c7b0,GAPMST-P32-LKH-BP-ascent-strong-lift2-split2,GAPMST-P32-LKH-BP-ascent-strong-lift2-split2,gr17.tsp,/home/wj/code/TSP/data/classic/tsplib/gr17.tsp,ok,1,1,1,0,0,2085.0,True,0.036716511473059654,2084.999999998326,2085.0,2085.0,0.0,1.0,0.0,0.000200908,2.2674e-05,1.0,0.0,0.002278162,1.0,0.0,0.0,0.0,0.0,0.0,0.0,0.0,0.0,0.0,0.0,0.0,1.0,0.0,0.0,0.0,0.0,0.0,0.0,0.0,0.0,0.0,0.0,0.0,2085.0,0.0,0.0,0.0,0.0,0.0,0.0,1.0,0.0,0.0,0.0,0.0,0.0,0.0,0.0,0.0,0.0,0.0,0.0,0.0,0.0,0.0,0.0,0.0,0.0,0.0,0.0
GAPMST-P32-LKH-BP-ascent-strong-lift2-split2-677cd822c7b0,GAPMST-P32-LKH-BP-ascent-strong-lift2-split2,GAPMST-P32-LKH-BP-ascent-strong-lift2-split2,gr21.tsp,/home/wj/code/TSP/data/classic/tsplib/gr21.tsp,ok,1,1,1,0,0,2707.0,True,0.022608432918787003,2706.9999999973675,2707.0,2707.0,0.0,1.0,0.0,0.000252275,2.2907e-05,1.0,0.0,0.005470626,1.0,0.0,0.0,0.0,0.0,0.0,0.0,0.0,0.0,0.0,0.0,0.0,1.0,0.0,0.0,0.0,0.0,0.0,0.0,0.0,0.0,0.0,0.0,0.0,2707.0,0.0,0.0,0.0,0.0,0.0,0.0,1.0,0.0,0.0,0.0,0.0,0.0,0.0,0.0,0.0,0.0,0.0,0.0,0.0,0.0,0.0,0.0,0.0,0.0,0.0,0.0
GAPMST-P32-LKH-BP-ascent-strong-lift2-split2-677cd822c7b0,GAPMST-P32-LKH-BP-ascent-strong-lift2-split2,GAPMST-P32-LKH-BP-ascent-strong-lift2-split2,gr24.tsp,/home/wj/code/TSP/data/classic/tsplib/gr24.tsp,ok,1,1,1,0,0,1272.0,True,0.09499850682914257,1271.999889186537,1272.0,1272.0,0.0,1.0,0.0,0.000675103,0.000971158,1.0,0.0,0.010108851,1.0,0.0,0.0,0.0,0.0,0.0,0.0,0.0,0.0,0.0,0.0,0.0,64.0,0.0,0.0,0.0,0.0,0.0,0.0,0.0,0.0,0.0,0.0,0.0,1272.0,0.0,0.0,0.0,0.0,0.0,0.0,1.0,0.0,0.0,0.0,0.0,0.0,0.0,0.0,0.0,0.0,0.0,0.0,0.0,0.0,0.0,0.0,0.0,0.0,0.0,0.0
GAPMST-P32-LKH-BP-ascent-strong-lift2-split2-677cd822c7b0,GAPMST-P32-LKH-BP-ascent-strong-lift2-split2,GAPMST-P32-LKH-BP-ascent-strong-lift2-split2,gr48.tsp,/home/wj/code/TSP/data/classic/tsplib/gr48.tsp,ok,1,1,1,0,0,5046.0,True,0.2073343973606825,4958.9599999858965,5046.0,5046.0,0.0,921.0,239.0,0.007251515,0.007391575,1.0,0.0,0.032612005,618.0,1.0,1.0,1080.0,927.0,48.0,4.0,197.0,0.00022401,0.07376837900000002,0.004908073999999999,0.0006471279999999995,64.0,784.0,784.0,0.0,11259.0,0.0,0.0,336.0,0.03863083599999999,16.0,68.0,0.0,5046.0,0.0,0.0,0.0,0.0,0.0,0.0,1.0,0.0,0.0,0.0,0.0,0.0,0.0,0.0,0.0,0.0,0.0,0.0,0.0,0.0,0.0,0.0,0.0,0.0,0.0,0.0
GAPMST-P32-LKH-BP-ascent-strong-lift2-split2-677cd822c7b0,GAPMST-P32-LKH-BP-ascent-strong-lift2-split2,GAPMST-P32-LKH-BP-ascent-strong-lift2-split2,gr96.tsp,/home/wj/code/TSP/data/classic/tsplib/gr96.tsp,ok,1,1,1,0,0,55209.0,True,0.8285999298095703,54569.47999942845,55209.0,55209.0,0.0,1755.0,531.0,0.046838991,0.014599123,1.0,0.0,0.066708339,1132.0,1.0,1.0,4464.0,4031.0,96.0,1.0,528.0,0.00049,0.44190790999999996,0.035079559999999996,0.008373540000000021,64.0,1492.0,1492.0,0.0,24096.0,0.0,0.0,472.0,0.11493206300000004,28.0,97.0,0.0,55209.0,0.0,0.0,0.0,0.0,0.0,0.0,1.0,0.0,0.0,0.0,0.0,0.0,0.0,0.0,0.0,0.0,0.0,0.0,0.0,0.0,0.0,0.0,0.0,0.0,0.0,0.0
GAPMST-P32-LKH-BP-ascent-strong-lift2-split2-677cd822c7b0,GAPMST-P32-LKH-BP-ascent-strong-lift2-split2,GAPMST-P32-LKH-BP-ascent-strong-lift2-split2,hk48.tsp,/home/wj/code/TSP/data/classic/tsplib/hk48.tsp,ok,1,1,1,0,0,11461.0,True,0.06416064687073231,11444.019999961509,11461.0,11461.0,0.0,21.0,3.0,0.005221012,0.008106575,1.0,0.0,0.024260631,12.0,3.0,1.0,1080.0,1056.0,48.0,32.0,32.0,0.000203282,0.00031580099999999994,6.9446e-05,4.4837e-05,64.0,14.0,14.0,0.0,109.0,0.0,0.0,44.0,0.0016091270000000003,3.0,6.0,0.0,11461.0,0.0,0.0,0.0,0.0,0.0,0.0,1.0,0.0,0.0,0.0,0.0,0.0,0.0,0.0,0.0,0.0,0.0,0.0,0.0,0.0,0.0,0.0,0.0,0.0,0.0,0.0
GAPMST-P32-LKH-BP-ascent-strong-lift2-split2-677cd822c7b0,GAPMST-P32-LKH-BP-ascent-strong-lift2-split2,GAPMST-P32-LKH-BP-ascent-strong-lift2-split2,kroA100.tsp,/home/wj/code/TSP/data/classic/tsplib/kroA100.tsp,ok,1,1,1,0,0,21282.0,True,8.317242704331875,20936.47999972256,21282.0,21282.0,0.0,15710.0,4194.0,0.051191978,0.016813766,1.0,0.0,0.055437542,11075.0,0.0,1.0,4850.0,4262.0,100.0,0.0,688.0,0.000499567,6.456262600000011,0.3493665009999997,0.07278931600000038,64.0,14397.0,14397.0,0.0,206173.0,0.0,0.0,2116.0,0.8783628030000002,80.0,469.0,0.0,21282.0,0.0,0.0,0.0,0.0,0.0,0.0,1.0,0.0,0.0,0.0,0.0,0.0,0.0,0.0,0.0,0.0,0.0,0.0,0.0,0.0,0.0,0.0,0.0,0.0,0.0,0.0
GAPMST-P32-LKH-BP-ascent-strong-lift2-split2-677cd822c7b0,GAPMST-P32-LKH-BP-ascent-strong-lift2-split2,GAPMST-P32-LKH-BP-ascent-strong-lift2-split2,kroA150.tsp,/home/wj/code/TSP/data/classic/tsplib/kroA150.tsp,ok,1,1,1,0,0,26524.0,True,25.697098655626178,26293.169999357702,26524.0,26524.0,0.0,26552.0,7963.0,0.188618682,0.042503247,1.0,0.0,0.170989363,18541.0,0.0,1.0,11025.0,10288.0,150.0,4.0,883.0,0.001340542,22.23547097299995,1.036428114000003,0.33656422099999783,64.0,25084.0,25084.0,0.0,406805.0,0.0,0.0,540.0,0.4498754860000002,22.0,125.0,0.0,26524.0,0.0,0.0,0.0,0.0,0.0,0.0,1.0,0.0,0.0,0.0,0.0,0.0,0.0,0.0,0.0,0.0,0.0,0.0,0.0,0.0,0.0,0.0,0.0,0.0,0.0,0.0
GAPMST-P32-LKH-BP-ascent-strong-lift2-split2-677cd822c7b0,GAPMST-P32-LKH-BP-ascent-strong-lift2-split2,GAPMST-P32-LKH-BP-ascent-strong-lift2-split2,kroB100.tsp,/home/wj/code/TSP/data/classic/tsplib/kroB100.tsp,ok,1,1,1,0,0,22141.0,True,4.076920794323087,21831.699999692984,22141.0,22141.0,0.0,6592.0,1909.0,0.047652042,0.017119005,1.0,0.0,0.085871886,4355.0,0.0,1.0,4850.0,4248.0,100.0,2.0,700.0,0.000556335,2.816348418000001,0.16005467300000029,0.034447371999999934,64.0,5687.0,5687.0,0.0,88642.0,0.0,0.0,1600.0,0.7215074099999998,77.0,349.0,0.0,22141.0,0.0,0.0,0.0,0.0,0.0,0.0,1.0,0.0,0.0,0.0,0.0,0.0,0.0,0.0,0.0,0.0,0.0,0.0,0.0,0.0,0.0,0.0,0.0,0.0,0.0,0.0
GAPMST-P32-LKH-BP-ascent-strong-lift2-split2-677cd822c7b0,GAPMST-P32-LKH-BP-ascent-strong-lift2-split2,GAPMST-P32-LKH-BP-ascent-strong-lift2-split2,kroB150.tsp,/home/wj/code/TSP/data/classic/tsplib/kroB150.tsp,timeout,1,1,0,1,0,,True,1800.0,25732.42,26130.0,25732.42,0.01521546115575973,1457284.0,440000.0,0.233329027,0.04127727,1.0,0.0,0.369347,,,1.0,11025.0,9567.0,150.0,0.0,1608.0,0.001136326,1575.320515,80.21560959,20.99805244,,,,,,,,,,,,0.0,26130.0,,,0.0,,,,,,,,,,,,,,,,,,,,,,,
GAPMST-P32-LKH-BP-ascent-strong-lift2-split2-677cd822c7b0,GAPMST-P32-LKH-BP-ascent-strong-lift2-split2,GAPMST-P32-LKH-BP-ascent-strong-lift2-split2,kroC100.tsp,/home/wj/code/TSP/data/classic/tsplib/kroC100.tsp,ok,1,1,1,0,0,20749.0,True,1.4971896316856146,20472.489999725905,20749.0,20749.0,0.0,2660.0,790.0,0.050818212,0.016992022,1.0,0.0,0.053526705,1763.0,0.0,1.0,4850.0,4325.0,100.0,2.0,623.0,0.000539718,1.0338492790000016,0.061235759,0.013137234999999968,64.0,2418.0,2418.0,0.0,37151.0,0.0,0.0,488.0,0.18386118,23.0,111.0,0.0,20749.0,0.0,0.0,0.0,0.0,0.0,0.0,1.0,0.0,0.0,0.0,0.0,0.0,0.0,0.0,0.0,0.0,0.0,0.0,0.0,0.0,0.0,0.0,0.0,0.0,0.0,0.0
GAPMST-P32-LKH-BP-ascent-strong-lift2-split2-677cd822c7b0,GAPMST-P32-LKH-BP-ascent-strong-lift2-split2,GAPMST-P32-LKH-BP-ascent-strong-lift2-split2,kroD100.tsp,/home/wj/code/TSP/data/classic/tsplib/kroD100.tsp,ok,1,1,1,0,0,21294.0,True,0.24911983869969845,21141.459999730672,21294.0,21294.0,0.0,223.0,26.0,0.050026154,0.01699983,1.0,0.0,0.063828954,152.0,0.0,1.0,4850.0,4553.0,100.0,17.0,379.0,0.00055749,0.03197809200000001,0.0018492839999999997,0.00041901300000000014,64.0,146.0,146.0,0.0,1461.0,0.0,0.0,376.0,0.07305167100000003,14.0,45.0,0.0,21294.0,0.0,0.0,0.0,0.0,0.0,0.0,1.0,0.0,0.0,0.0,0.0,0.0,0.0,0.0,0.0,0.0,0.0,0.0,0.0,0.0,0.0,0.0,0.0,0.0,0.0,0.0
GAPMST-P32-LKH-BP-ascent-strong-lift2-split2-677cd822c7b0,GAPMST-P32-LKH-BP-ascent-strong-lift2-split2,GAPMST-P32-LKH-BP-ascent-strong-lift2-split2,kroE100.tsp,/home/wj/code/TSP/data/classic/tsplib/kroE100.tsp,ok,1,1,1,0,0,22068.0,True,9.227506147697568,21799.409999721556,22068.0,22068.0,0.0,21691.0,6189.0,0.051512236,0.016946678,1.0,0.0,0.149101481,15432.0,41.0,1.0,4850.0,4394.0,100.0,5.0,551.0,0.000557743,7.5738333570000025,0.41513515600000084,0.13275029399999944,64.0,20082.0,20082.0,0.0,297969.0,0.0,0.0,636.0,0.24003394299999994,27.0,132.0,0.0,22068.0,0.0,0.0,0.0,0.0,0.0,0.0,1.0,0.0,0.0,0.0,0.0,0.0,0.0,0.0,0.0,0.0,0.0,0.0,0.0,0.0,0.0,0.0,0.0,0.0,0.0,0.0
GAPMST-P32-LKH-BP-ascent-strong-lift2-split2-677cd822c7b0,GAPMST-P32-LKH-BP-ascent-strong-lift2-split2,GAPMST-P32-LKH-BP-ascent-strong-lift2-split2,lin105.tsp,/home/wj/code/TSP/data/classic/tsplib/lin105.tsp,ok,1,1,1,0,0,14379.0,True,0.1559495236724615,14370.479999775862,14379.0,14379.0,0.0,3.0,1.0,0.065488363,0.017656578,1.0,0.0,0.045370737,2.0,5.0,1.0,5355.0,5319.0,105.0,87.0,39.0,0.000772558,4.8146e-05,0.0,8.264100000000001e-05,64.0,2.0,2.0,0.0,15.0,0.0,0.0,28.0,0.0017564450000000001,1.0,0.0,0.0,14379.0,0.0,0.0,0.0,0.0,0.0,0.0,1.0,0.0,0.0,0.0,0.0,0.0,0.0,0.0,0.0,0.0,0.0,0.0,0.0,0.0,0.0,0.0,0.0,0.0,0.0,0.0
GAPMST-P32-LKH-BP-ascent-strong-lift2-split2-677cd822c7b0,GAPMST-P32-LKH-BP-ascent-strong-lift2-split2,GAPMST-P32-LKH-BP-ascent-strong-lift2-split2,pr107.tsp,/home/wj/code/TSP/data/classic/tsplib/pr107.tsp,timeout,1,1,0,1,0,,True,1800.0,40065.34082,44303.0,40065.34082,0.09565174322280663,1974223.0,570000.0,0.051598417,0.018225103,1.0,0.0,0.051089,,,1.0,5564.0,151.0,107.0,0.0,5520.0,0.000432389,1407.951587,191.5813245,13.00939897,,,,,,,,,,,,0.0,44303.0,,,0.0,,,,,,,,,,,,,,,,,,,,,,,
GAPMST-P32-LKH-BP-ascent-strong-lift2-split2-677cd822c7b0,GAPMST-P32-LKH-BP-ascent-strong-lift2-split2,GAPMST-P32-LKH-BP-ascent-strong-lift2-split2,pr124.tsp,/home/wj/code/TSP/data/classic/tsplib/pr124.tsp,ok,1,1,1,0,0,59030.0,True,1.5324304290115833,58060.599998730104,59030.0,59030.0,0.0,1766.0,438.0,0.068544237,0.024974049,1.0,0.0,0.089027699,1107.0,0.0,1.0,7502.0,6430.0,124.0,0.0,1196.0,0.000715584,0.7573097829999997,0.06031983100000004,0.006407138000000029,64.0,1329.0,1329.0,0.0,20252.0,0.0,0.0,1004.0,0.4427659559999998,55.0,226.0,0.0,59030.0,0.0,0.0,0.0,0.0,0.0,0.0,1.0,0.0,0.0,0.0,0.0,0.0,0.0,0.0,0.0,0.0,0.0,0.0,0.0,0.0,0.0,0.0,0.0,0.0,0.0,0.0
GAPMST-P32-LKH-BP-ascent-strong-lift2-split2-677cd822c7b0,GAPMST-P32-LKH-BP-ascent-strong-lift2-split2,GAPMST-P32-LKH-BP-ascent-strong-lift2-split2,pr136.tsp,/home/wj/code/TSP/data/classic/tsplib/pr136.tsp,ok,1,1,1,0,0,96772.0,True,656.4708232656121,95859.17999828939,96772.0,96772.0,0.0,921600.0,313221.0,0.363330332,0.03233277,1.0,0.0,0.22701529,612295.0,46.0,1.0,9044.0,8316.0,136.0,0.0,864.0,0.000960342,561.8380061130083,37.0674275510001,10.434830964001167,64.0,805668.0,805668.0,0.0,15201205.0,0.0,0.0,1888.0,1.2092152319999991,92.0,396.0,12.0,96772.0,0.0,0.0,0.0,0.0,0.0,0.0,1.0,0.0,0.0,0.0,0.0,0.0,0.0,0.0,0.0,0.0,0.0,0.0,0.0,0.0,0.0,0.0,0.0,0.0,0.0,0.0
GAPMST-P32-LKH-BP-ascent-strong-lift2-split2-677cd822c7b0,GAPMST-P32-LKH-BP-ascent-strong-lift2-split2,GAPMST-P32-LKH-BP-ascent-strong-lift2-split2,pr144.tsp,/home/wj/code/TSP/data/classic/tsplib/pr144.tsp,ok,1,1,1,0,0,58537.0,True,5.940062342211604,57892.66276212371,58537.0,58537.0,0.0,6130.0,1915.0,0.066466526,0.033854254,1.0,0.0,0.184922973,3955.0,0.0,1.0,10152.0,8721.0,144.0,3.0,1572.0,0.001034367,4.114998103999994,0.3378787629999987,0.057348689999999806,64.0,5368.0,5368.0,0.0,90796.0,0.0,0.0,1424.0,0.8061507580000001,71.0,274.0,0.0,58537.0,0.0,0.0,0.0,0.0,0.0,0.0,1.0,0.0,0.0,0.0,0.0,0.0,0.0,0.0,0.0,0.0,0.0,0.0,0.0,0.0,0.0,0.0,0.0,0.0,0.0,0.0
GAPMST-P32-LKH-BP-ascent-strong-lift2-split2-677cd822c7b0,GAPMST-P32-LKH-BP-ascent-strong-lift2-split2,GAPMST-P32-LKH-BP-ascent-strong-lift2-split2,pr152.tsp,/home/wj/code/TSP/data/classic/tsplib/pr152.tsp,timeout,1,1,0,1,0,,True,1800.0,69999.92364,73682.0,69999.92364,0.04997253549035051,977618.0,290000.0,0.14397982,0.039508748,1.0,0.0,0.306361,,,1.0,11324.0,4683.0,152.0,0.0,6793.0,0.000981829,1471.657919,158.5018093,9.569387399,,,,,,,,,,,,0.0,73682.0,,,0.0,,,,,,,,,,,,,,,,,,,,,,,
GAPMST-P32-LKH-BP-ascent-strong-lift2-split2-677cd822c7b0,GAPMST-P32-LKH-BP-ascent-strong-lift2-split2,GAPMST-P32-LKH-BP-ascent-strong-lift2-split2,pr76.tsp,/home/wj/code/TSP/data/classic/tsplib/pr76.tsp,ok,1,1,1,0,0,108159.0,True,178.0146628767252,105050.5999992225,108159.0,108159.0,0.0,610152.0,178690.0,0.132209283,0.009578528,1.0,0.0,0.074475463,432000.0,0.0,1.0,2774.0,1991.0,76.0,1.0,858.0,0.000327781,138.3138786049987,13.354245554000032,4.044808326999885,64.0,555987.0,555987.0,0.0,8321407.0,0.0,0.0,4288.0,1.182782234,181.0,968.0,12.0,108159.0,0.0,0.0,0.0,0.0,0.0,0.0,1.0,0.0,0.0,0.0,0.0,0.0,0.0,0.0,0.0,0.0,0.0,0.0,0.0,0.0,0.0,0.0,0.0,0.0,0.0,0.0
GAPMST-P32-LKH-BP-ascent-strong-lift2-split2-677cd822c7b0,GAPMST-P32-LKH-BP-ascent-strong-lift2-split2,GAPMST-P32-LKH-BP-ascent-strong-lift2-split2,qa194.tsp,/home/wj/code/TSP/data/classic/national/qa194.tsp,timeout,1,1,0,1,0,,True,1800.0,9265.17,9352.0,9265.17,0.009284644995722832,1299306.0,390000.0,0.619988506,0.069411413,1.0,0.0,0.366702,,,1.0,18527.0,16612.0,194.0,1.0,2108.0,0.002182462,1562.546491,90.86479313,19.5350721,,,,,,,,,,,,0.0,9352.0,,,0.0,,,,,,,,,,,,,,,,,,,,,,,
GAPMST-P32-LKH-BP-ascent-strong-lift2-split2-677cd822c7b0,GAPMST-P32-LKH-BP-ascent-strong-lift2-split2,GAPMST-P32-LKH-BP-ascent-strong-lift2-split2,rat195.tsp,/home/wj/code/TSP/data/classic/tsplib/rat195.tsp,ok,1,1,1,0,0,2323.0,True,221.75994184426963,2291.959999919687,2323.0,2323.0,0.0,142423.0,42723.0,0.303599065,0.067799737,1.0,0.0,0.725978022,99618.0,0.0,1.0,18720.0,16371.0,195.0,0.0,2544.0,0.002122939,193.6568498759966,12.515022317000117,1.8324001029999495,64.0,135778.0,135778.0,0.0,2189970.0,0.0,0.0,2400.0,2.328436129,98.0,574.0,0.0,2323.0,0.0,0.0,0.0,0.0,0.0,0.0,1.0,0.0,0.0,0.0,0.0,0.0,0.0,0.0,0.0,0.0,0.0,0.0,0.0,0.0,0.0,0.0,0.0,0.0,0.0,0.0
GAPMST-P32-LKH-BP-ascent-strong-lift2-split2-677cd822c7b0,GAPMST-P32-LKH-BP-ascent-strong-lift2-split2,GAPMST-P32-LKH-BP-ascent-strong-lift2-split2,rat99.tsp,/home/wj/code/TSP/data/classic/tsplib/rat99.tsp,ok,1,1,1,0,0,1211.0,True,0.1572449877858162,1205.9499999855982,1211.0,1211.0,0.0,82.0,15.0,0.043894668,0.015280391,1.0,0.0,0.04666494,48.0,6.0,1.0,4752.0,4629.0,99.0,29.0,178.0,0.000491076,0.007759834000000001,0.000838585,0.00021055699999999992,64.0,54.0,54.0,0.0,770.0,0.0,0.0,124.0,0.016910219,7.0,19.0,0.0,1211.0,0.0,0.0,0.0,0.0,0.0,0.0,1.0,0.0,0.0,0.0,0.0,0.0,0.0,0.0,0.0,0.0,0.0,0.0,0.0,0.0,0.0,0.0,0.0,0.0,0.0,0.0
GAPMST-P32-LKH-BP-ascent-strong-lift2-split2-677cd822c7b0,GAPMST-P32-LKH-BP-ascent-strong-lift2-split2,GAPMST-P32-LKH-BP-ascent-strong-lift2-split2,rd100.tsp,/home/wj/code/TSP/data/classic/tsplib/rd100.tsp,ok,1,1,1,0,0,7910.0,True,0.16199004836380482,7897.20107452616,7910.0,7910.0,0.0,36.0,5.0,0.056202393,0.017091066,1.0,0.0,0.064011037,24.0,2.0,1.0,4850.0,4759.0,100.0,43.0,144.0,0.000493055,0.003040623000000001,0.000257939,0.00017687,64.0,23.0,23.0,0.0,239.0,0.0,0.0,92.0,0.011986347000000001,5.0,7.0,0.0,7910.0,0.0,0.0,0.0,0.0,0.0,0.0,1.0,0.0,0.0,0.0,0.0,0.0,0.0,0.0,0.0,0.0,0.0,0.0,0.0,0.0,0.0,0.0,0.0,0.0,0.0,0.0
GAPMST-P32-LKH-BP-ascent-strong-lift2-split2-677cd822c7b0,GAPMST-P32-LKH-BP-ascent-strong-lift2-split2,GAPMST-P32-LKH-BP-ascent-strong-lift2-split2,si175.tsp,/home/wj/code/TSP/data/classic/tsplib/si175.tsp,timeout,1,1,0,1,0,,True,1800.0,21373.58,21407.0,21373.58,0.0015611715793898376,2807494.0,810000.0,0.213228781,0.052852776,1.0,0.0,0.321051,,,1.0,15050.0,13917.0,175.0,12.0,1296.0,0.001581856,1470.612088,105.5682788,52.56647469,,,,,,,,,,,,0.0,21407.0,,,0.0,,,,,,,,,,,,,,,,,,,,,,,
GAPMST-P32-LKH-BP-ascent-strong-lift2-split2-677cd822c7b0,GAPMST-P32-LKH-BP-ascent-strong-lift2-split2,GAPMST-P32-LKH-BP-ascent-strong-lift2-split2,st70.tsp,/home/wj/code/TSP/data/classic/tsplib/st70.tsp,ok,1,1,1,0,0,675.0,True,0.12476598657667637,670.9399999952018,675.0,675.0,0.0,57.0,6.0,0.020352761,0.011007465,1.0,0.0,0.041524591,36.0,3.0,1.0,2345.0,2230.0,70.0,19.0,158.0,0.000319871,0.0037369529999999995,0.000190448,0.00017364500000000002,64.0,31.0,31.0,0.0,407.0,0.0,0.0,120.0,0.013519289999999998,6.0,15.0,0.0,675.0,0.0,0.0,0.0,0.0,0.0,0.0,1.0,0.0,0.0,0.0,0.0,0.0,0.0,0.0,0.0,0.0,0.0,0.0,0.0,0.0,0.0,0.0,0.0,0.0,0.0,0.0
GAPMST-P32-LKH-BP-ascent-strong-lift2-split2-677cd822c7b0,GAPMST-P32-LKH-BP-ascent-strong-lift2-split2,GAPMST-P32-LKH-BP-ascent-strong-lift2-split2,swiss42.tsp,/home/wj/code/TSP/data/classic/tsplib/swiss42.tsp,ok,1,1,1,0,0,1273.0,True,0.05486290901899338,1271.9619537743815,1273.0,1273.0,0.0,6.0,1.0,0.003808799,0.00539852,1.0,0.0,0.018350843,1.0,3.0,1.0,819.0,812.0,42.0,35.0,14.0,0.000214131,1.9994e-05,0.0,3.1431e-05,64.0,1.0,1.0,0.0,5.0,0.0,0.0,8.0,0.000331585,1.0,2.0,0.0,1273.0,0.0,0.0,0.0,0.0,0.0,0.0,1.0,0.0,0.0,0.0,0.0,0.0,0.0,0.0,0.0,0.0,0.0,0.0,0.0,0.0,0.0,0.0,0.0,0.0,0.0,0.0
GAPMST-P32-LKH-BP-ascent-strong-lift2-split2-677cd822c7b0,GAPMST-P32-LKH-BP-ascent-strong-lift2-split2,GAPMST-P32-LKH-BP-ascent-strong-lift2-split2,u159.tsp,/home/wj/code/TSP/data/classic/tsplib/u159.tsp,ok,1,1,1,0,0,42080.0,True,1.2499127890914679,41924.95999885369,42080.0,42080.0,0.0,1445.0,415.0,0.18504219,0.042979684,1.0,0.0,0.069279987,1002.0,16.0,1.0,12402.0,12066.0,159.0,19.0,471.0,0.001342445,0.7038180699999987,0.04280759899999998,0.012005311000000005,64.0,1309.0,1309.0,0.0,19494.0,0.0,0.0,212.0,0.10778484099999999,12.0,30.0,0.0,42080.0,0.0,0.0,0.0,0.0,0.0,0.0,1.0,0.0,0.0,0.0,0.0,0.0,0.0,0.0,0.0,0.0,0.0,0.0,0.0,0.0,0.0,0.0,0.0,0.0,0.0,0.0
GAPMST-P32-LKH-BP-ascent-strong-lift2-split2-677cd822c7b0,GAPMST-P32-LKH-BP-ascent-strong-lift2-split2,GAPMST-P32-LKH-BP-ascent-strong-lift2-split2,ulysses16.tsp,/home/wj/code/TSP/data/classic/tsplib/ulysses16.tsp,ok,1,1,1,0,0,6859.0,True,0.02728947252035141,6858.999999996325,6859.0,6859.0,0.0,1.0,0.0,0.000223515,2.1643e-05,1.0,0.0,0.002464065,1.0,0.0,0.0,0.0,0.0,0.0,0.0,0.0,0.0,0.0,0.0,0.0,1.0,0.0,0.0,0.0,0.0,0.0,0.0,0.0,0.0,0.0,0.0,0.0,6859.0,0.0,0.0,0.0,0.0,0.0,0.0,1.0,0.0,0.0,0.0,0.0,0.0,0.0,0.0,0.0,0.0,0.0,0.0,0.0,0.0,0.0,0.0,0.0,0.0,0.0,0.0
GAPMST-P32-LKH-BP-ascent-strong-lift2-split2-677cd822c7b0,GAPMST-P32-LKH-BP-ascent-strong-lift2-split2,GAPMST-P32-LKH-BP-ascent-strong-lift2-split2,wi29.tsp,/home/wj/code/TSP/data/classic/national/wi29.tsp,ok,1,1,1,0,0,27603.0,True,0.05214029364287853,27602.999999952015,27603.0,27603.0,0.0,1.0,0.0,0.00121486,6.5363e-05,1.0,0.0,0.007776892,1.0,0.0,0.0,0.0,0.0,0.0,0.0,0.0,0.0,0.0,0.0,0.0,1.0,0.0,0.0,0.0,0.0,0.0,0.0,0.0,0.0,0.0,0.0,0.0,27603.0,0.0,0.0,0.0,0.0,0.0,0.0,1.0,0.0,0.0,0.0,0.0,0.0,0.0,0.0,0.0,0.0,0.0,0.0,0.0,0.0,0.0,0.0,0.0,0.0,0.0,0.0
GAPMST-P32-LKH-BP-ascent-strong-lift2-split2-677cd822c7b0,GAPMST-P32-LKH-BP-ascent-strong-lift2-split2,GAPMST-P32-LKH-BP-ascent-strong-lift2-split2,xqf131.tsp,/home/wj/code/TSP/data/classic/vlsi/vlsi/xqf131.tsp,timeout,1,1,0,1,0,,True,1800.0,555.6016199,564.0,555.6016199,0.014890744858156123,2634955.0,780000.0,0.084461016,0.028658643,1.0,0.0,0.25343,,,1.0,8384.0,7201.0,131.0,2.0,1312.0,0.000906546,1528.330749,102.0962262,39.60759753,,,,,,,,,,,,0.0,564.0,,,0.0,,,,,,,,,,,,,,,,,,,,,,,
GAPMST-P32-LKH-BP-ascent-strong-split2-5a5c42ecf287,GAPMST-P32-LKH-BP-ascent-strong-split2,GAPMST-P32-LKH-BP-ascent-strong-split2,att48.tsp,/home/wj/code/TSP/data/classic/tsplib/att48.tsp,ok,1,1,1,0,0,10628.0,True,0.12413681857287884,10602.983665769503,10628.0,10628.0,0.0,27.0,3.0,0.007876068,0.0091717,1.0,0.0,0.021406885,16.0,3.0,1.0,1080.0,1037.0,48.0,14.0,75.0,0.00023084,0.000824823,7.5204e-05,7.219700000000003e-05,64.0,16.0,16.0,0.0,124.0,0.0,0.0,56.0,0.0038146819999999994,0.0,7.0,0.0,10628.0,0.0,0.0,0.0,0.0,0.0,0.0,1.0,0.0,0.0,0.0,0.0,0.0,0.0,0.0,0.0,0.0,0.0,0.0,0.0,0.0,0.0,0.0,0.0,0.0,0.0,0.0
GAPMST-P32-LKH-BP-ascent-strong-split2-5a5c42ecf287,GAPMST-P32-LKH-BP-ascent-strong-split2,GAPMST-P32-LKH-BP-ascent-strong-split2,bayg29.tsp,/home/wj/code/TSP/data/classic/tsplib/bayg29.tsp,ok,1,1,1,0,0,1610.0,True,0.05123060941696167,1607.9799999981672,1610.0,1610.0,0.0,1.0,1.0,0.001354518,0.002319734,1.0,0.0,0.013316534,0.0,4.0,1.0,377.0,370.0,29.0,24.0,10.0,0.000124905,0.0,0.0,6.288000000000001e-06,64.0,0.0,0.0,0.0,0.0,0.0,0.0,16.0,0.00019838400000000002,0.0,0.0,0.0,1610.0,0.0,0.0,0.0,0.0,0.0,0.0,1.0,0.0,0.0,0.0,0.0,0.0,0.0,0.0,0.0,0.0,0.0,0.0,0.0,0.0,0.0,0.0,0.0,0.0,0.0,0.0
GAPMST-P32-LKH-BP-ascent-strong-split2-5a5c42ecf287,GAPMST-P32-LKH-BP-ascent-strong-split2,GAPMST-P32-LKH-BP-ascent-strong-split2,bays29.tsp,/home/wj/code/TSP/data/classic/tsplib/bays29.tsp,ok,1,1,1,0,0,2020.0,True,0.032049600034952164,2013.3002809125421,2020.0,2020.0,0.0,7.0,1.0,0.001291741,0.002375759,1.0,0.0,0.013515493,5.0,1.0,1.0,377.0,358.0,29.0,17.0,26.0,0.000125378,5.9875999999999994e-05,0.0,1.6287000000000002e-05,64.0,4.0,4.0,0.0,12.0,0.0,0.0,20.0,0.000664752,0.0,1.0,0.0,2020.0,0.0,0.0,0.0,0.0,0.0,0.0,1.0,0.0,0.0,0.0,0.0,0.0,0.0,0.0,0.0,0.0,0.0,0.0,0.0,0.0,0.0,0.0,0.0,0.0,0.0,0.0
GAPMST-P32-LKH-BP-ascent-strong-split2-5a5c42ecf287,GAPMST-P32-LKH-BP-ascent-strong-split2,GAPMST-P32-LKH-BP-ascent-strong-split2,berlin52.tsp,/home/wj/code/TSP/data/classic/tsplib/berlin52.tsp,ok,1,1,1,0,0,7542.0,True,0.07952620461583138,7541.999999973971,7542.0,7542.0,0.0,1.0,0.0,0.008350289,0.000217565,1.0,0.0,0.01683731,1.0,0.0,0.0,0.0,0.0,0.0,0.0,0.0,0.0,0.0,0.0,0.0,1.0,0.0,0.0,0.0,0.0,0.0,0.0,0.0,0.0,0.0,0.0,0.0,7542.0,0.0,0.0,0.0,0.0,0.0,0.0,1.0,0.0,0.0,0.0,0.0,0.0,0.0,0.0,0.0,0.0,0.0,0.0,0.0,0.0,0.0,0.0,0.0,0.0,0.0,0.0
GAPMST-P32-LKH-BP-ascent-strong-split2-5a5c42ecf287,GAPMST-P32-LKH-BP-ascent-strong-split2,GAPMST-P32-LKH-BP-ascent-strong-split2,bier127.tsp,/home/wj/code/TSP/data/classic/tsplib/bier127.tsp,ok,1,1,1,0,0,118282.0,True,289.95915731601417,117430.62999807068,118282.0,118282.0,0.0,435333.0,137298.0,0.328191048,0.028391902,1.0,0.0,0.086789742,298983.0,4547.0,1.0,7874.0,6991.0,127.0,6.0,1004.0,0.000832911,249.51204121100713,16.238317257000123,3.765357887999849,64.0,399551.0,399551.0,0.0,6500565.0,0.0,0.0,1428.0,0.9106446019999996,0.0,301.0,12.0,118282.0,0.0,0.0,0.0,0.0,0.0,0.0,1.0,0.0,0.0,0.0,0.0,0.0,0.0,0.0,0.0,0.0,0.0,0.0,0.0,0.0,0.0,0.0,0.0,0.0,0.0,0.0
GAPMST-P32-LKH-BP-ascent-strong-split2-5a5c42ecf287,GAPMST-P32-LKH-BP-ascent-strong-split2,GAPMST-P32-LKH-BP-ascent-strong-split2,brazil58.tsp,/home/wj/code/TSP/data/classic/tsplib/brazil58.tsp,ok,1,1,1,0,0,25395.0,True,0.0808002594858408,25354.239999786165,25395.0,25395.0,0.0,9.0,1.0,0.01250906,0.010263808,1.0,0.0,0.027785322,6.0,0.0,1.0,1595.0,1539.0,58.0,23.0,87.0,0.000268201,0.000170475,0.0,6.324199999999999e-05,64.0,4.0,4.0,0.0,23.0,0.0,0.0,16.0,0.00121743,0.0,2.0,0.0,25395.0,0.0,0.0,0.0,0.0,0.0,0.0,1.0,0.0,0.0,0.0,0.0,0.0,0.0,0.0,0.0,0.0,0.0,0.0,0.0,0.0,0.0,0.0,0.0,0.0,0.0,0.0
GAPMST-P32-LKH-BP-ascent-strong-split2-5a5c42ecf287,GAPMST-P32-LKH-BP-ascent-strong-split2,GAPMST-P32-LKH-BP-ascent-strong-split2,brg180.tsp,/home/wj/code/TSP/data/classic/tsplib/brg180.tsp,ok,1,1,1,0,0,1950.0,True,0.2793925702571869,1949.6660590678675,1950.0,1950.0,0.0,1.0,0.0,0.039214933,0.054839199,1.0,0.0,0.151567684,1.0,0.0,0.0,0.0,0.0,0.0,0.0,0.0,0.0,0.0,0.0,0.0,64.0,0.0,0.0,0.0,0.0,0.0,0.0,0.0,0.0,0.0,0.0,0.0,1950.0,0.0,0.0,0.0,0.0,0.0,0.0,1.0,0.0,0.0,0.0,0.0,0.0,0.0,0.0,0.0,0.0,0.0,0.0,0.0,0.0,0.0,0.0,0.0,0.0,0.0,0.0
GAPMST-P32-LKH-BP-ascent-strong-split2-5a5c42ecf287,GAPMST-P32-LKH-BP-ascent-strong-split2,GAPMST-P32-LKH-BP-ascent-strong-split2,burma14.tsp,/home/wj/code/TSP/data/classic/tsplib/burma14.tsp,ok,1,1,1,0,0,3323.0,True,0.011616755276918411,3322.999999998899,3323.0,3323.0,0.0,1.0,0.0,0.000167776,1.9733e-05,1.0,0.0,0.00383674,1.0,0.0,0.0,0.0,0.0,0.0,0.0,0.0,0.0,0.0,0.0,0.0,1.0,0.0,0.0,0.0,0.0,0.0,0.0,0.0,0.0,0.0,0.0,0.0,3323.0,0.0,0.0,0.0,0.0,0.0,0.0,1.0,0.0,0.0,0.0,0.0,0.0,0.0,0.0,0.0,0.0,0.0,0.0,0.0,0.0,0.0,0.0,0.0,0.0,0.0,0.0
GAPMST-P32-LKH-BP-ascent-strong-split2-5a5c42ecf287,GAPMST-P32-LKH-BP-ascent-strong-split2,GAPMST-P32-LKH-BP-ascent-strong-split2,ch130.tsp,/home/wj/code/TSP/data/classic/tsplib/ch130.tsp,ok,1,1,1,0,0,6110.0,True,8.268795380368829,6074.619999904337,6110.0,6110.0,0.0,12047.0,3330.0,0.092445916,0.030122849,1.0,0.0,0.084795561,8517.0,5.0,1.0,8255.0,7816.0,130.0,14.0,555.0,0.000964814,6.4466571450000405,0.30283083599999977,0.11446308999999914,64.0,11028.0,11028.0,0.0,170821.0,0.0,0.0,1388.0,0.740375381999999,0.0,233.0,0.0,6110.0,0.0,0.0,0.0,0.0,0.0,0.0,1.0,0.0,0.0,0.0,0.0,0.0,0.0,0.0,0.0,0.0,0.0,0.0,0.0,0.0,0.0,0.0,0.0,0.0,0.0,0.0
GAPMST-P32-LKH-BP-ascent-strong-split2-5a5c42ecf287,GAPMST-P32-LKH-BP-ascent-strong-split2,GAPMST-P32-LKH-BP-ascent-strong-split2,ch150.tsp,/home/wj/code/TSP/data/classic/tsplib/ch150.tsp,ok,1,1,1,0,0,6528.0,True,14.417455164715648,6486.5499998695095,6528.0,6528.0,0.0,16336.0,4745.0,0.122639729,0.04211757,1.0,0.0,0.176678101,11507.0,4.0,1.0,11025.0,10518.0,150.0,4.0,653.0,0.001216385,12.340402418999945,0.5307963149999987,0.18284489199999862,64.0,15436.0,15436.0,0.0,239799.0,0.0,0.0,608.0,0.4194056250000001,0.0,134.0,0.0,6528.0,0.0,0.0,0.0,0.0,0.0,0.0,1.0,0.0,0.0,0.0,0.0,0.0,0.0,0.0,0.0,0.0,0.0,0.0,0.0,0.0,0.0,0.0,0.0,0.0,0.0,0.0
GAPMST-P32-LKH-BP-ascent-strong-split2-5a5c42ecf287,GAPMST-P32-LKH-BP-ascent-strong-split2,GAPMST-P32-LKH-BP-ascent-strong-split2,d198.tsp,/home/wj/code/TSP/data/classic/tsplib/d198.tsp,timeout,1,1,0,1,0,,True,1800.0,14572.88,15780.0,14572.88,0.0764968314321927,677207.0,180000.0,0.430915345,0.069196764,1.0,0.0,0.855051,,,1.0,19305.0,1075.0,198.0,0.0,18428.0,0.001709453,1435.190901,168.3984175,15.92715738,,,,,,,,,,,,0.0,15780.0,,,0.0,,,,,,,,,,,,,,,,,,,,,,,
GAPMST-P32-LKH-BP-ascent-strong-split2-5a5c42ecf287,GAPMST-P32-LKH-BP-ascent-strong-split2,GAPMST-P32-LKH-BP-ascent-strong-split2,dantzig42.tsp,/home/wj/code/TSP/data/classic/tsplib/dantzig42.tsp,ok,1,1,1,0,0,699.0,True,0.05560275353491306,696.959999997658,699.0,699.0,0.0,7.0,1.0,0.004390711,0.005955021,1.0,0.0,0.023826875,5.0,1.0,1.0,819.0,796.0,42.0,27.0,35.0,0.000176574,8.2889e-05,0.0,4.001900000000001e-05,64.0,5.0,5.0,0.0,25.0,0.0,0.0,20.0,0.000719873,0.0,1.0,0.0,699.0,0.0,0.0,0.0,0.0,0.0,0.0,1.0,0.0,0.0,0.0,0.0,0.0,0.0,0.0,0.0,0.0,0.0,0.0,0.0,0.0,0.0,0.0,0.0,0.0,0.0,0.0
GAPMST-P32-LKH-BP-ascent-strong-split2-5a5c42ecf287,GAPMST-P32-LKH-BP-ascent-strong-split2,GAPMST-P32-LKH-BP-ascent-strong-split2,dj38.tsp,/home/wj/code/TSP/data/classic/national/dj38.tsp,ok,1,1,1,0,0,6656.0,True,0.10025636106729507,6655.999999981781,6656.0,6656.0,0.0,1.0,0.0,0.002226313,0.000112526,1.0,0.0,0.003517138,1.0,0.0,0.0,0.0,0.0,0.0,0.0,0.0,0.0,0.0,0.0,0.0,1.0,0.0,0.0,0.0,0.0,0.0,0.0,0.0,0.0,0.0,0.0,0.0,6656.0,0.0,0.0,0.0,0.0,0.0,0.0,1.0,0.0,0.0,0.0,0.0,0.0,0.0,0.0,0.0,0.0,0.0,0.0,0.0,0.0,0.0,0.0,0.0,0.0,0.0,0.0
GAPMST-P32-LKH-BP-ascent-strong-split2-5a5c42ecf287,GAPMST-P32-LKH-BP-ascent-strong-split2,GAPMST-P32-LKH-BP-ascent-strong-split2,eil101.tsp,/home/wj/code/TSP/data/classic/tsplib/eil101.tsp,ok,1,1,1,0,0,629.0,True,0.20861676894128323,627.3329762117957,629.0,629.0,0.0,174.0,39.0,0.048422823,0.017047593,1.0,0.0,0.048793655,111.0,30.0,1.0,4949.0,4875.0,101.0,47.0,123.0,0.000524752,0.019084221999999998,0.00097186,0.00041295699999999993,64.0,128.0,128.0,0.0,1891.0,0.0,0.0,224.0,0.03224790699999999,0.0,24.0,0.0,629.0,0.0,0.0,0.0,0.0,0.0,0.0,1.0,0.0,0.0,0.0,0.0,0.0,0.0,0.0,0.0,0.0,0.0,0.0,0.0,0.0,0.0,0.0,0.0,0.0,0.0,0.0
GAPMST-P32-LKH-BP-ascent-strong-split2-5a5c42ecf287,GAPMST-P32-LKH-BP-ascent-strong-split2,GAPMST-P32-LKH-BP-ascent-strong-split2,eil51.tsp,/home/wj/code/TSP/data/classic/tsplib/eil51.tsp,ok,1,1,1,0,0,426.0,True,0.13840383850038052,422.4399999987474,426.0,426.0,0.0,355.0,99.0,0.007359448,0.009557254,1.0,0.0,0.023597782,216.0,32.0,1.0,1224.0,1159.0,51.0,7.0,109.0,0.000340897,0.025831288999999997,0.001708042,0.0003426690000000001,64.0,273.0,273.0,0.0,4136.0,0.0,0.0,212.0,0.018641194,0.0,41.0,0.0,426.0,0.0,0.0,0.0,0.0,0.0,0.0,1.0,0.0,0.0,0.0,0.0,0.0,0.0,0.0,0.0,0.0,0.0,0.0,0.0,0.0,0.0,0.0,0.0,0.0,0.0,0.0
GAPMST-P32-LKH-BP-ascent-strong-split2-5a5c42ecf287,GAPMST-P32-LKH-BP-ascent-strong-split2,GAPMST-P32-LKH-BP-ascent-strong-split2,eil76.tsp,/home/wj/code/TSP/data/classic/tsplib/eil76.tsp,ok,1,1,1,0,0,538.0,True,0.1078389398753643,536.969999996869,538.0,538.0,0.0,11.0,3.0,0.019567145,0.011267656,1.0,0.0,0.039776498,6.0,8.0,1.0,2774.0,2755.0,76.0,61.0,31.0,0.000255527,0.000201331,6.6263e-05,4.550799999999999e-05,64.0,8.0,8.0,0.0,92.0,0.0,0.0,60.0,0.0019310500000000003,0.0,1.0,0.0,538.0,0.0,0.0,0.0,0.0,0.0,0.0,1.0,0.0,0.0,0.0,0.0,0.0,0.0,0.0,0.0,0.0,0.0,0.0,0.0,0.0,0.0,0.0,0.0,0.0,0.0,0.0
GAPMST-P32-LKH-BP-ascent-strong-split2-5a5c42ecf287,GAPMST-P32-LKH-BP-ascent-strong-split2,GAPMST-P32-LKH-BP-ascent-strong-split2,fri26.tsp,/home/wj/code/TSP/data/classic/tsplib/fri26.tsp,ok,1,1,1,0,0,937.0,True,0.03729088604450226,936.9999999984229,937.0,937.0,0.0,1.0,0.0,0.000215102,0.000115446,1.0,0.0,0.01050459,1.0,0.0,0.0,0.0,0.0,0.0,0.0,0.0,0.0,0.0,0.0,0.0,15.0,0.0,0.0,0.0,0.0,0.0,0.0,0.0,0.0,0.0,0.0,0.0,937.0,0.0,0.0,0.0,0.0,0.0,0.0,1.0,0.0,0.0,0.0,0.0,0.0,0.0,0.0,0.0,0.0,0.0,0.0,0.0,0.0,0.0,0.0,0.0,0.0,0.0,0.0
GAPMST-P32-LKH-BP-ascent-strong-split2-5a5c42ecf287,GAPMST-P32-LKH-BP-ascent-strong-split2,GAPMST-P32-LKH-BP-ascent-strong-split2,gr120.tsp,/home/wj/code/TSP/data/classic/tsplib/gr120.tsp,ok,1,1,1,0,0,6942.0,True,2.1326489616185427,6909.959999893309,6942.0,6942.0,0.0,3283.0,832.0,0.136227049,0.025589378,1.0,0.0,0.052854782,2136.0,3.0,1.0,7020.0,6727.0,120.0,13.0,397.0,0.000694807,1.1897376920000013,0.061620782,0.005908506999999999,64.0,2639.0,2639.0,0.0,41828.0,0.0,0.0,1508.0,0.5572954859999995,0.0,324.0,0.0,6942.0,0.0,0.0,0.0,0.0,0.0,0.0,1.0,0.0,0.0,0.0,0.0,0.0,0.0,0.0,0.0,0.0,0.0,0.0,0.0,0.0,0.0,0.0,0.0,0.0,0.0,0.0
GAPMST-P32-LKH-BP-ascent-strong-split2-5a5c42ecf287,GAPMST-P32-LKH-BP-ascent-strong-split2,GAPMST-P32-LKH-BP-ascent-strong-split2,gr137.tsp,/home/wj/code/TSP/data/classic/tsplib/gr137.tsp,ok,1,1,1,0,0,69853.0,True,4.73793257586658,69113.08999838053,69853.0,69853.0,0.0,6424.0,1974.0,0.150374868,0.031344334,1.0,0.0,0.083578309,4208.0,0.0,1.0,9179.0,8325.0,137.0,3.0,988.0,0.001001411,3.298836443000005,0.24361675399999988,0.05969972699999976,64.0,5519.0,5519.0,0.0,88650.0,0.0,0.0,1148.0,0.5815032419999996,0.0,257.0,0.0,69853.0,0.0,0.0,0.0,0.0,0.0,0.0,1.0,0.0,0.0,0.0,0.0,0.0,0.0,0.0,0.0,0.0,0.0,0.0,0.0,0.0,0.0,0.0,0.0,0.0,0.0,0.0
GAPMST-P32-LKH-BP-ascent-strong-split2-5a5c42ecf287,GAPMST-P32-LKH-BP-ascent-strong-split2,GAPMST-P32-LKH-BP-ascent-strong-split2,gr17.tsp,/home/wj/code/TSP/data/classic/tsplib/gr17.tsp,ok,1,1,1,0,0,2085.0,True,0.08798922598361969,2084.999999998326,2085.0,2085.0,0.0,1.0,0.0,0.000205001,2.2427e-05,1.0,0.0,0.005054817,1.0,0.0,0.0,0.0,0.0,0.0,0.0,0.0,0.0,0.0,0.0,0.0,1.0,0.0,0.0,0.0,0.0,0.0,0.0,0.0,0.0,0.0,0.0,0.0,2085.0,0.0,0.0,0.0,0.0,0.0,0.0,1.0,0.0,0.0,0.0,0.0,0.0,0.0,0.0,0.0,0.0,0.0,0.0,0.0,0.0,0.0,0.0,0.0,0.0,0.0,0.0
GAPMST-P32-LKH-BP-ascent-strong-split2-5a5c42ecf287,GAPMST-P32-LKH-BP-ascent-strong-split2,GAPMST-P32-LKH-BP-ascent-strong-split2,gr21.tsp,/home/wj/code/TSP/data/classic/tsplib/gr21.tsp,ok,1,1,1,0,0,2707.0,True,0.07383411191403866,2706.9999999973675,2707.0,2707.0,0.0,1.0,0.0,0.000135838,1.352e-05,1.0,0.0,0.005551042,1.0,0.0,0.0,0.0,0.0,0.0,0.0,0.0,0.0,0.0,0.0,0.0,1.0,0.0,0.0,0.0,0.0,0.0,0.0,0.0,0.0,0.0,0.0,0.0,2707.0,0.0,0.0,0.0,0.0,0.0,0.0,1.0,0.0,0.0,0.0,0.0,0.0,0.0,0.0,0.0,0.0,0.0,0.0,0.0,0.0,0.0,0.0,0.0,0.0,0.0,0.0
GAPMST-P32-LKH-BP-ascent-strong-split2-5a5c42ecf287,GAPMST-P32-LKH-BP-ascent-strong-split2,GAPMST-P32-LKH-BP-ascent-strong-split2,gr24.tsp,/home/wj/code/TSP/data/classic/tsplib/gr24.tsp,ok,1,1,1,0,0,1272.0,True,0.07387143187224865,1271.999889186537,1272.0,1272.0,0.0,1.0,0.0,0.000683847,0.000962214,1.0,0.0,0.009995751,1.0,0.0,0.0,0.0,0.0,0.0,0.0,0.0,0.0,0.0,0.0,0.0,64.0,0.0,0.0,0.0,0.0,0.0,0.0,0.0,0.0,0.0,0.0,0.0,1272.0,0.0,0.0,0.0,0.0,0.0,0.0,1.0,0.0,0.0,0.0,0.0,0.0,0.0,0.0,0.0,0.0,0.0,0.0,0.0,0.0,0.0,0.0,0.0,0.0,0.0,0.0
GAPMST-P32-LKH-BP-ascent-strong-split2-5a5c42ecf287,GAPMST-P32-LKH-BP-ascent-strong-split2,GAPMST-P32-LKH-BP-ascent-strong-split2,gr48.tsp,/home/wj/code/TSP/data/classic/tsplib/gr48.tsp,ok,1,1,1,0,0,5046.0,True,0.22017966210842133,4958.9599999858965,5046.0,5046.0,0.0,921.0,239.0,0.007777232,0.008128223,1.0,0.0,0.032873562,618.0,1.0,1.0,1080.0,927.0,48.0,4.0,197.0,0.000286395,0.07461115000000001,0.004967655000000005,0.0006494170000000001,64.0,784.0,784.0,0.0,11259.0,0.0,0.0,336.0,0.038487120000000014,0.0,68.0,0.0,5046.0,0.0,0.0,0.0,0.0,0.0,0.0,1.0,0.0,0.0,0.0,0.0,0.0,0.0,0.0,0.0,0.0,0.0,0.0,0.0,0.0,0.0,0.0,0.0,0.0,0.0,0.0
GAPMST-P32-LKH-BP-ascent-strong-split2-5a5c42ecf287,GAPMST-P32-LKH-BP-ascent-strong-split2,GAPMST-P32-LKH-BP-ascent-strong-split2,gr96.tsp,/home/wj/code/TSP/data/classic/tsplib/gr96.tsp,ok,1,1,1,0,0,55209.0,True,0.8041905276477337,54569.47999942845,55209.0,55209.0,0.0,1755.0,531.0,0.047986108,0.014583094,1.0,0.0,0.063183827,1132.0,1.0,1.0,4464.0,4031.0,96.0,1.0,528.0,0.000467518,0.4429328979999997,0.03501789400000001,0.008343298999999986,64.0,1492.0,1492.0,0.0,24096.0,0.0,0.0,472.0,0.11594848199999999,0.0,97.0,0.0,55209.0,0.0,0.0,0.0,0.0,0.0,0.0,1.0,0.0,0.0,0.0,0.0,0.0,0.0,0.0,0.0,0.0,0.0,0.0,0.0,0.0,0.0,0.0,0.0,0.0,0.0,0.0
GAPMST-P32-LKH-BP-ascent-strong-split2-5a5c42ecf287,GAPMST-P32-LKH-BP-ascent-strong-split2,GAPMST-P32-LKH-BP-ascent-strong-split2,hk48.tsp,/home/wj/code/TSP/data/classic/tsplib/hk48.tsp,ok,1,1,1,0,0,11461.0,True,0.11182326078414917,11444.019999961509,11461.0,11461.0,0.0,21.0,3.0,0.005425547,0.008365201,1.0,0.0,0.021487586,12.0,3.0,1.0,1080.0,1056.0,48.0,32.0,32.0,0.000266821,0.000536069,9.5407e-05,6.378700000000002e-05,64.0,14.0,14.0,0.0,109.0,0.0,0.0,44.0,0.0021919129999999998,0.0,6.0,0.0,11461.0,0.0,0.0,0.0,0.0,0.0,0.0,1.0,0.0,0.0,0.0,0.0,0.0,0.0,0.0,0.0,0.0,0.0,0.0,0.0,0.0,0.0,0.0,0.0,0.0,0.0,0.0
GAPMST-P32-LKH-BP-ascent-strong-split2-5a5c42ecf287,GAPMST-P32-LKH-BP-ascent-strong-split2,GAPMST-P32-LKH-BP-ascent-strong-split2,kroA100.tsp,/home/wj/code/TSP/data/classic/tsplib/kroA100.tsp,ok,1,1,1,0,0,21282.0,True,8.389392375946045,20936.47999972256,21282.0,21282.0,0.0,15710.0,4194.0,0.05263439,0.016853286,1.0,0.0,0.057097752,11075.0,0.0,1.0,4850.0,4262.0,100.0,0.0,688.0,0.000482052,6.5013372869999975,0.35435524200000096,0.07314988200000079,64.0,14397.0,14397.0,0.0,206173.0,0.0,0.0,2116.0,0.8864526570000005,0.0,469.0,0.0,21282.0,0.0,0.0,0.0,0.0,0.0,0.0,1.0,0.0,0.0,0.0,0.0,0.0,0.0,0.0,0.0,0.0,0.0,0.0,0.0,0.0,0.0,0.0,0.0,0.0,0.0,0.0
GAPMST-P32-LKH-BP-ascent-strong-split2-5a5c42ecf287,GAPMST-P32-LKH-BP-ascent-strong-split2,GAPMST-P32-LKH-BP-ascent-strong-split2,kroA150.tsp,/home/wj/code/TSP/data/classic/tsplib/kroA150.tsp,ok,1,1,1,0,0,26524.0,True,25.434858614578843,26293.169999357702,26524.0,26524.0,0.0,26552.0,7963.0,0.21740308,0.041515973,1.0,0.0,0.172001926,18541.0,0.0,1.0,11025.0,10288.0,150.0,4.0,883.0,0.001265613,22.00528667099988,1.0260995810000002,0.3292947539999991,64.0,25084.0,25084.0,0.0,406805.0,0.0,0.0,540.0,0.43250871900000015,0.0,125.0,0.0,26524.0,0.0,0.0,0.0,0.0,0.0,0.0,1.0,0.0,0.0,0.0,0.0,0.0,0.0,0.0,0.0,0.0,0.0,0.0,0.0,0.0,0.0,0.0,0.0,0.0,0.0,0.0
GAPMST-P32-LKH-BP-ascent-strong-split2-5a5c42ecf287,GAPMST-P32-LKH-BP-ascent-strong-split2,GAPMST-P32-LKH-BP-ascent-strong-split2,kroB100.tsp,/home/wj/code/TSP/data/classic/tsplib/kroB100.tsp,ok,1,1,1,0,0,22141.0,True,4.114394133910537,21831.699999692984,22141.0,22141.0,0.0,6592.0,1909.0,0.047733519,0.017118466,1.0,0.0,0.101059474,4355.0,0.0,1.0,4850.0,4248.0,100.0,2.0,700.0,0.000533283,2.8242625770000003,0.15894973000000026,0.034541027999999994,64.0,5687.0,5687.0,0.0,88642.0,0.0,0.0,1600.0,0.7229544389999997,0.0,349.0,0.0,22141.0,0.0,0.0,0.0,0.0,0.0,0.0,1.0,0.0,0.0,0.0,0.0,0.0,0.0,0.0,0.0,0.0,0.0,0.0,0.0,0.0,0.0,0.0,0.0,0.0,0.0,0.0
GAPMST-P32-LKH-BP-ascent-strong-split2-5a5c42ecf287,GAPMST-P32-LKH-BP-ascent-strong-split2,GAPMST-P32-LKH-BP-ascent-strong-split2,kroB150.tsp,/home/wj/code/TSP/data/classic/tsplib/kroB150.tsp,timeout,1,1,0,1,0,,True,1800.0,25732.42,26130.0,25732.42,0.01521546115575973,1504084.0,450000.0,0.240723007,0.041266819,1.0,0.0,0.372045,,,1.0,11025.0,9567.0,150.0,0.0,1608.0,0.001131915,1579.511777,81.54439168,21.58941687,,,,,,,,,,,,0.0,26130.0,,,0.0,,,,,,,,,,,,,,,,,,,,,,,
GAPMST-P32-LKH-BP-ascent-strong-split2-5a5c42ecf287,GAPMST-P32-LKH-BP-ascent-strong-split2,GAPMST-P32-LKH-BP-ascent-strong-split2,kroC100.tsp,/home/wj/code/TSP/data/classic/tsplib/kroC100.tsp,ok,1,1,1,0,0,20749.0,True,1.5049228444695473,20472.489999725905,20749.0,20749.0,0.0,2660.0,790.0,0.050915732,0.017001633,1.0,0.0,0.054554641,1763.0,0.0,1.0,4850.0,4325.0,100.0,2.0,623.0,0.000517074,1.0416381519999982,0.06158275000000006,0.013347593999999937,64.0,2418.0,2418.0,0.0,37151.0,0.0,0.0,488.0,0.183236415,0.0,111.0,0.0,20749.0,0.0,0.0,0.0,0.0,0.0,0.0,1.0,0.0,0.0,0.0,0.0,0.0,0.0,0.0,0.0,0.0,0.0,0.0,0.0,0.0,0.0,0.0,0.0,0.0,0.0,0.0
GAPMST-P32-LKH-BP-ascent-strong-split2-5a5c42ecf287,GAPMST-P32-LKH-BP-ascent-strong-split2,GAPMST-P32-LKH-BP-ascent-strong-split2,kroD100.tsp,/home/wj/code/TSP/data/classic/tsplib/kroD100.tsp,ok,1,1,1,0,0,21294.0,True,0.2558939065784216,21141.459999730672,21294.0,21294.0,0.0,223.0,26.0,0.051749575,0.016975027,1.0,0.0,0.06299888,152.0,0.0,1.0,4850.0,4553.0,100.0,17.0,379.0,0.000566521,0.031858986000000006,0.0019645829999999998,0.00042321899999999964,64.0,146.0,146.0,0.0,1461.0,0.0,0.0,376.0,0.07286926999999999,0.0,45.0,0.0,21294.0,0.0,0.0,0.0,0.0,0.0,0.0,1.0,0.0,0.0,0.0,0.0,0.0,0.0,0.0,0.0,0.0,0.0,0.0,0.0,0.0,0.0,0.0,0.0,0.0,0.0,0.0
GAPMST-P32-LKH-BP-ascent-strong-split2-5a5c42ecf287,GAPMST-P32-LKH-BP-ascent-strong-split2,GAPMST-P32-LKH-BP-ascent-strong-split2,kroE100.tsp,/home/wj/code/TSP/data/classic/tsplib/kroE100.tsp,ok,1,1,1,0,0,22068.0,True,9.27271986566484,21799.409999721556,22068.0,22068.0,0.0,21691.0,6189.0,0.049763477,0.016979639,1.0,0.0,0.137101645,15432.0,41.0,1.0,4850.0,4394.0,100.0,5.0,551.0,0.000533089,7.611638243999981,0.41760349900000093,0.1354860250000005,64.0,20082.0,20082.0,0.0,297969.0,0.0,0.0,636.0,0.24083048800000006,0.0,132.0,0.0,22068.0,0.0,0.0,0.0,0.0,0.0,0.0,1.0,0.0,0.0,0.0,0.0,0.0,0.0,0.0,0.0,0.0,0.0,0.0,0.0,0.0,0.0,0.0,0.0,0.0,0.0,0.0
GAPMST-P32-LKH-BP-ascent-strong-split2-5a5c42ecf287,GAPMST-P32-LKH-BP-ascent-strong-split2,GAPMST-P32-LKH-BP-ascent-strong-split2,lin105.tsp,/home/wj/code/TSP/data/classic/tsplib/lin105.tsp,ok,1,1,1,0,0,14379.0,True,0.1674941200762987,14370.479999775862,14379.0,14379.0,0.0,3.0,1.0,0.084930877,0.017597288,1.0,0.0,0.039135838,2.0,5.0,1.0,5355.0,5319.0,105.0,87.0,39.0,0.00047497,4.553e-05,0.0,6.517499999999999e-05,64.0,2.0,2.0,0.0,15.0,0.0,0.0,28.0,0.001399415,0.0,0.0,0.0,14379.0,0.0,0.0,0.0,0.0,0.0,0.0,1.0,0.0,0.0,0.0,0.0,0.0,0.0,0.0,0.0,0.0,0.0,0.0,0.0,0.0,0.0,0.0,0.0,0.0,0.0,0.0
GAPMST-P32-LKH-BP-ascent-strong-split2-5a5c42ecf287,GAPMST-P32-LKH-BP-ascent-strong-split2,GAPMST-P32-LKH-BP-ascent-strong-split2,pr107.tsp,/home/wj/code/TSP/data/classic/tsplib/pr107.tsp,timeout,1,1,0,1,0,,True,1800.0,40065.34082,44303.0,40065.34082,0.09565174322280663,2059085.0,570000.0,0.054307425,0.018260501,1.0,0.0,0.0505276,,,1.0,5564.0,151.0,107.0,0.0,5520.0,0.00041813,1387.866955,189.1069435,13.29567666,,,,,,,,,,,,0.0,44303.0,,,0.0,,,,,,,,,,,,,,,,,,,,,,,
GAPMST-P32-LKH-BP-ascent-strong-split2-5a5c42ecf287,GAPMST-P32-LKH-BP-ascent-strong-split2,GAPMST-P32-LKH-BP-ascent-strong-split2,pr124.tsp,/home/wj/code/TSP/data/classic/tsplib/pr124.tsp,ok,1,1,1,0,0,59030.0,True,1.5155826527625322,58060.599998730104,59030.0,59030.0,0.0,1766.0,438.0,0.067760786,0.024926411,1.0,0.0,0.086098136,1107.0,0.0,1.0,7502.0,6430.0,124.0,0.0,1196.0,0.000678478,0.7511146499999992,0.057817025999999994,0.006292712999999984,64.0,1329.0,1329.0,0.0,20252.0,0.0,0.0,1004.0,0.43893478300000016,0.0,226.0,0.0,59030.0,0.0,0.0,0.0,0.0,0.0,0.0,1.0,0.0,0.0,0.0,0.0,0.0,0.0,0.0,0.0,0.0,0.0,0.0,0.0,0.0,0.0,0.0,0.0,0.0,0.0,0.0
GAPMST-P32-LKH-BP-ascent-strong-split2-5a5c42ecf287,GAPMST-P32-LKH-BP-ascent-strong-split2,GAPMST-P32-LKH-BP-ascent-strong-split2,pr136.tsp,/home/wj/code/TSP/data/classic/tsplib/pr136.tsp,ok,1,1,1,0,0,96772.0,True,658.0346385836601,95859.17999828939,96772.0,96772.0,0.0,921600.0,313221.0,0.372084643,0.032314139,1.0,0.0,0.225228228,612295.0,46.0,1.0,9044.0,8316.0,136.0,0.0,864.0,0.001003275,562.6742201459986,37.422941286000295,10.42529439999967,64.0,805668.0,805668.0,0.0,15201205.0,0.0,0.0,1888.0,1.2112066559999992,0.0,396.0,12.0,96772.0,0.0,0.0,0.0,0.0,0.0,0.0,1.0,0.0,0.0,0.0,0.0,0.0,0.0,0.0,0.0,0.0,0.0,0.0,0.0,0.0,0.0,0.0,0.0,0.0,0.0,0.0
GAPMST-P32-LKH-BP-ascent-strong-split2-5a5c42ecf287,GAPMST-P32-LKH-BP-ascent-strong-split2,GAPMST-P32-LKH-BP-ascent-strong-split2,pr144.tsp,/home/wj/code/TSP/data/classic/tsplib/pr144.tsp,ok,1,1,1,0,0,58537.0,True,5.937496459111571,57892.66276212371,58537.0,58537.0,0.0,6130.0,1915.0,0.066134664,0.033791475,1.0,0.0,0.185348449,3955.0,0.0,1.0,10152.0,8721.0,144.0,3.0,1572.0,0.001035136,4.120002827000007,0.3354150120000002,0.05724369900000012,64.0,5368.0,5368.0,0.0,90796.0,0.0,0.0,1424.0,0.8004475460000001,0.0,274.0,0.0,58537.0,0.0,0.0,0.0,0.0,0.0,0.0,1.0,0.0,0.0,0.0,0.0,0.0,0.0,0.0,0.0,0.0,0.0,0.0,0.0,0.0,0.0,0.0,0.0,0.0,0.0,0.0
GAPMST-P32-LKH-BP-ascent-strong-split2-5a5c42ecf287,GAPMST-P32-LKH-BP-ascent-strong-split2,GAPMST-P32-LKH-BP-ascent-strong-split2,pr152.tsp,/home/wj/code/TSP/data/classic/tsplib/pr152.tsp,timeout,1,1,0,1,0,,True,1800.0,69999.92364,73682.0,69999.92364,0.04997253549035051,929179.0,280000.0,0.142882916,0.039729738,1.0,0.0,0.324507,,,1.0,11324.0,4683.0,152.0,0.0,6793.0,0.001034722,1485.153588,155.4076252,8.458575346,,,,,,,,,,,,0.0,73682.0,,,0.0,,,,,,,,,,,,,,,,,,,,,,,
GAPMST-P32-LKH-BP-ascent-strong-split2-5a5c42ecf287,GAPMST-P32-LKH-BP-ascent-strong-split2,GAPMST-P32-LKH-BP-ascent-strong-split2,pr76.tsp,/home/wj/code/TSP/data/classic/tsplib/pr76.tsp,ok,1,1,1,0,0,108159.0,True,179.22547685727477,105050.5999992225,108159.0,108159.0,0.0,610152.0,178690.0,0.132052939,0.009862573,1.0,0.0,0.071200131,432000.0,0.0,1.0,2774.0,1991.0,76.0,1.0,858.0,0.0003076,139.20436604500657,13.487266312999955,4.0585939589999676,64.0,555987.0,555987.0,0.0,8321407.0,0.0,0.0,4288.0,1.2107729779999978,0.0,968.0,12.0,108159.0,0.0,0.0,0.0,0.0,0.0,0.0,1.0,0.0,0.0,0.0,0.0,0.0,0.0,0.0,0.0,0.0,0.0,0.0,0.0,0.0,0.0,0.0,0.0,0.0,0.0,0.0
GAPMST-P32-LKH-BP-ascent-strong-split2-5a5c42ecf287,GAPMST-P32-LKH-BP-ascent-strong-split2,GAPMST-P32-LKH-BP-ascent-strong-split2,qa194.tsp,/home/wj/code/TSP/data/classic/national/qa194.tsp,timeout,1,1,0,1,0,,True,1800.0,9265.17,9352.0,9265.17,0.009284644995722832,1482013.0,420000.0,0.621953331,0.068574897,1.0,0.0,0.363908,,,1.0,18527.0,16612.0,194.0,1.0,2108.0,0.002217678,1546.851893,95.08551679,24.83256379,,,,,,,,,,,,0.0,9352.0,,,0.0,,,,,,,,,,,,,,,,,,,,,,,
GAPMST-P32-LKH-BP-ascent-strong-split2-5a5c42ecf287,GAPMST-P32-LKH-BP-ascent-strong-split2,GAPMST-P32-LKH-BP-ascent-strong-split2,rat195.tsp,/home/wj/code/TSP/data/classic/tsplib/rat195.tsp,ok,1,1,1,0,0,2323.0,True,220.85134105570614,2291.959999919687,2323.0,2323.0,0.0,142423.0,42723.0,0.295597062,0.067824801,1.0,0.0,0.743193056,99618.0,0.0,1.0,18720.0,16371.0,195.0,0.0,2544.0,0.002098478,192.8752514300012,12.46178888399997,1.7980895019999952,64.0,135778.0,135778.0,0.0,2189970.0,0.0,0.0,2400.0,2.3485781150000022,0.0,574.0,0.0,2323.0,0.0,0.0,0.0,0.0,0.0,0.0,1.0,0.0,0.0,0.0,0.0,0.0,0.0,0.0,0.0,0.0,0.0,0.0,0.0,0.0,0.0,0.0,0.0,0.0,0.0,0.0
GAPMST-P32-LKH-BP-ascent-strong-split2-5a5c42ecf287,GAPMST-P32-LKH-BP-ascent-strong-split2,GAPMST-P32-LKH-BP-ascent-strong-split2,rat99.tsp,/home/wj/code/TSP/data/classic/tsplib/rat99.tsp,ok,1,1,1,0,0,1211.0,True,0.14550701156258583,1205.9499999855982,1211.0,1211.0,0.0,82.0,15.0,0.044363298,0.015783827,1.0,0.0,0.04818066,48.0,6.0,1.0,4752.0,4629.0,99.0,29.0,178.0,0.000489508,0.007771392999999999,0.0008805549999999999,0.00020767200000000005,64.0,54.0,54.0,0.0,770.0,0.0,0.0,124.0,0.017352737,0.0,19.0,0.0,1211.0,0.0,0.0,0.0,0.0,0.0,0.0,1.0,0.0,0.0,0.0,0.0,0.0,0.0,0.0,0.0,0.0,0.0,0.0,0.0,0.0,0.0,0.0,0.0,0.0,0.0,0.0
GAPMST-P32-LKH-BP-ascent-strong-split2-5a5c42ecf287,GAPMST-P32-LKH-BP-ascent-strong-split2,GAPMST-P32-LKH-BP-ascent-strong-split2,rd100.tsp,/home/wj/code/TSP/data/classic/tsplib/rd100.tsp,ok,1,1,1,0,0,7910.0,True,0.185288080945611,7897.20107452616,7910.0,7910.0,0.0,36.0,5.0,0.055034835,0.017037467,1.0,0.0,0.062997878,24.0,2.0,1.0,4850.0,4759.0,100.0,43.0,144.0,0.00049468,0.0028707550000000004,0.00022674400000000002,0.00016171599999999998,64.0,23.0,23.0,0.0,239.0,0.0,0.0,92.0,0.011726249000000001,0.0,7.0,0.0,7910.0,0.0,0.0,0.0,0.0,0.0,0.0,1.0,0.0,0.0,0.0,0.0,0.0,0.0,0.0,0.0,0.0,0.0,0.0,0.0,0.0,0.0,0.0,0.0,0.0,0.0,0.0
GAPMST-P32-LKH-BP-ascent-strong-split2-5a5c42ecf287,GAPMST-P32-LKH-BP-ascent-strong-split2,GAPMST-P32-LKH-BP-ascent-strong-split2,si175.tsp,/home/wj/code/TSP/data/classic/tsplib/si175.tsp,timeout,1,1,0,1,0,,True,1800.0,21373.58,21407.0,21373.58,0.0015611715793898376,2467662.0,730000.0,0.216569294,0.052846333,1.0,0.0,0.324702,,,1.0,15050.0,13917.0,175.0,12.0,1296.0,0.001559287,1514.585378,98.74489375,42.54411348,,,,,,,,,,,,0.0,21407.0,,,0.0,,,,,,,,,,,,,,,,,,,,,,,
GAPMST-P32-LKH-BP-ascent-strong-split2-5a5c42ecf287,GAPMST-P32-LKH-BP-ascent-strong-split2,GAPMST-P32-LKH-BP-ascent-strong-split2,st70.tsp,/home/wj/code/TSP/data/classic/tsplib/st70.tsp,ok,1,1,1,0,0,675.0,True,0.12032387033104897,670.9399999952018,675.0,675.0,0.0,57.0,6.0,0.02080077,0.011206899,1.0,0.0,0.033107232,36.0,3.0,1.0,2345.0,2230.0,70.0,19.0,158.0,0.000331839,0.0035686649999999995,0.00019983599999999998,0.00017124299999999993,64.0,31.0,31.0,0.0,407.0,0.0,0.0,120.0,0.013354803999999998,0.0,15.0,0.0,675.0,0.0,0.0,0.0,0.0,0.0,0.0,1.0,0.0,0.0,0.0,0.0,0.0,0.0,0.0,0.0,0.0,0.0,0.0,0.0,0.0,0.0,0.0,0.0,0.0,0.0,0.0
GAPMST-P32-LKH-BP-ascent-strong-split2-5a5c42ecf287,GAPMST-P32-LKH-BP-ascent-strong-split2,GAPMST-P32-LKH-BP-ascent-strong-split2,swiss42.tsp,/home/wj/code/TSP/data/classic/tsplib/swiss42.tsp,ok,1,1,1,0,0,1273.0,True,0.08148962073028088,1271.9619537743815,1273.0,1273.0,0.0,6.0,1.0,0.00383055,0.00549263,1.0,0.0,0.01818243,1.0,3.0,1.0,819.0,812.0,42.0,35.0,14.0,0.000252905,1.8466e-05,0.0,3.667e-05,64.0,1.0,1.0,0.0,5.0,0.0,0.0,8.0,0.000382839,0.0,2.0,0.0,1273.0,0.0,0.0,0.0,0.0,0.0,0.0,1.0,0.0,0.0,0.0,0.0,0.0,0.0,0.0,0.0,0.0,0.0,0.0,0.0,0.0,0.0,0.0,0.0,0.0,0.0,0.0
GAPMST-P32-LKH-BP-ascent-strong-split2-5a5c42ecf287,GAPMST-P32-LKH-BP-ascent-strong-split2,GAPMST-P32-LKH-BP-ascent-strong-split2,u159.tsp,/home/wj/code/TSP/data/classic/tsplib/u159.tsp,ok,1,1,1,0,0,42080.0,True,1.2530997395515442,41924.95999885369,42080.0,42080.0,0.0,1445.0,415.0,0.182037531,0.042978501,1.0,0.0,0.078478873,1002.0,16.0,1.0,12402.0,12066.0,159.0,19.0,471.0,0.001360441,0.7017465790000003,0.04271095599999998,0.01214098600000003,64.0,1309.0,1309.0,0.0,19494.0,0.0,0.0,212.0,0.106934859,0.0,30.0,0.0,42080.0,0.0,0.0,0.0,0.0,0.0,0.0,1.0,0.0,0.0,0.0,0.0,0.0,0.0,0.0,0.0,0.0,0.0,0.0,0.0,0.0,0.0,0.0,0.0,0.0,0.0,0.0
GAPMST-P32-LKH-BP-ascent-strong-split2-5a5c42ecf287,GAPMST-P32-LKH-BP-ascent-strong-split2,GAPMST-P32-LKH-BP-ascent-strong-split2,ulysses16.tsp,/home/wj/code/TSP/data/classic/tsplib/ulysses16.tsp,ok,1,1,1,0,0,6859.0,True,0.06721540912985802,6858.999999996325,6859.0,6859.0,0.0,1.0,0.0,0.000179266,1.7318e-05,1.0,0.0,0.00470647,1.0,0.0,0.0,0.0,0.0,0.0,0.0,0.0,0.0,0.0,0.0,0.0,1.0,0.0,0.0,0.0,0.0,0.0,0.0,0.0,0.0,0.0,0.0,0.0,6859.0,0.0,0.0,0.0,0.0,0.0,0.0,1.0,0.0,0.0,0.0,0.0,0.0,0.0,0.0,0.0,0.0,0.0,0.0,0.0,0.0,0.0,0.0,0.0,0.0,0.0,0.0
GAPMST-P32-LKH-BP-ascent-strong-split2-5a5c42ecf287,GAPMST-P32-LKH-BP-ascent-strong-split2,GAPMST-P32-LKH-BP-ascent-strong-split2,wi29.tsp,/home/wj/code/TSP/data/classic/national/wi29.tsp,ok,1,1,1,0,0,27603.0,True,0.05023865960538387,27602.999999952015,27603.0,27603.0,0.0,1.0,0.0,0.001189015,6.5956e-05,1.0,0.0,0.007590506,1.0,0.0,0.0,0.0,0.0,0.0,0.0,0.0,0.0,0.0,0.0,0.0,1.0,0.0,0.0,0.0,0.0,0.0,0.0,0.0,0.0,0.0,0.0,0.0,27603.0,0.0,0.0,0.0,0.0,0.0,0.0,1.0,0.0,0.0,0.0,0.0,0.0,0.0,0.0,0.0,0.0,0.0,0.0,0.0,0.0,0.0,0.0,0.0,0.0,0.0,0.0
GAPMST-P32-LKH-BP-ascent-strong-split2-5a5c42ecf287,GAPMST-P32-LKH-BP-ascent-strong-split2,GAPMST-P32-LKH-BP-ascent-strong-split2,xqf131.tsp,/home/wj/code/TSP/data/classic/vlsi/vlsi/xqf131.tsp,timeout,1,1,0,1,0,,True,1800.0,555.6016199,564.0,555.6016199,0.014890744858156123,2634698.0,780000.0,0.084121515,0.028810187,1.0,0.0,0.257049,,,1.0,8384.0,7201.0,131.0,2.0,1312.0,0.000915018,1527.58893,101.8443618,39.42989794,,,,,,,,,,,,0.0,564.0,,,0.0,,,,,,,,,,,,,,,,,,,,,,,
GAPMST-P32-LKH-BP-base-0161298b4893,GAPMST-P32-LKH-BP-base,GAPMST-P32-LKH-BP-base,att48.tsp,/home/wj/code/TSP/data/classic/tsplib/att48.tsp,ok,1,1,1,0,0,10628.0,True,0.04781355708837509,10602.983665769503,10628.0,10628.0,0.0,10.0,4.0,0.00799754,0.006850847,1.0,0.0,0.020776084,7.0,1.0,1.0,1080.0,1037.0,48.0,14.0,75.0,0.000283416,0.000981134,0.000148705,5.899899999999999e-05,64.0,9.0,9.0,0.0,156.0,0.0,0.0,0.0,0.0,0.0,0.0,0.0,10628.0,0.0,0.0,0.0,0.0,0.0,0.0,1.0,0.0,0.0,0.0,0.0,0.0,0.0,0.0,0.0,0.0,0.0,0.0,0.0,0.0,0.0,0.0,0.0,0.0,0.0,0.0
GAPMST-P32-LKH-BP-base-0161298b4893,GAPMST-P32-LKH-BP-base,GAPMST-P32-LKH-BP-base,bayg29.tsp,/home/wj/code/TSP/data/classic/tsplib/bayg29.tsp,ok,1,1,1,0,0,1610.0,True,0.03271524980664253,1607.9799999981672,1610.0,1610.0,0.0,3.0,1.0,0.002306004,0.003048505,1.0,0.0,0.01373593,2.0,1.0,1.0,377.0,370.0,29.0,24.0,10.0,0.000204398,3.0233e-05,0.0,1.1774e-05,64.0,1.0,1.0,0.0,3.0,0.0,0.0,0.0,0.0,0.0,0.0,0.0,1610.0,0.0,0.0,0.0,0.0,0.0,0.0,1.0,0.0,0.0,0.0,0.0,0.0,0.0,0.0,0.0,0.0,0.0,0.0,0.0,0.0,0.0,0.0,0.0,0.0,0.0,0.0
GAPMST-P32-LKH-BP-base-0161298b4893,GAPMST-P32-LKH-BP-base,GAPMST-P32-LKH-BP-base,bays29.tsp,/home/wj/code/TSP/data/classic/tsplib/bays29.tsp,ok,1,1,1,0,0,2020.0,True,0.02701715938746929,2013.3002809125421,2020.0,2020.0,0.0,6.0,2.0,0.001288642,0.002356527,1.0,0.0,0.012465682,4.0,3.0,1.0,377.0,358.0,29.0,17.0,26.0,0.000127651,0.00018891899999999996,4.0264e-05,1.7601e-05,64.0,4.0,4.0,0.0,49.0,0.0,0.0,0.0,0.0,0.0,0.0,0.0,2020.0,0.0,0.0,0.0,0.0,0.0,0.0,1.0,0.0,0.0,0.0,0.0,0.0,0.0,0.0,0.0,0.0,0.0,0.0,0.0,0.0,0.0,0.0,0.0,0.0,0.0,0.0
GAPMST-P32-LKH-BP-base-0161298b4893,GAPMST-P32-LKH-BP-base,GAPMST-P32-LKH-BP-base,berlin52.tsp,/home/wj/code/TSP/data/classic/tsplib/berlin52.tsp,ok,1,1,1,0,0,7542.0,True,0.028854509815573692,7541.999999973971,7542.0,7542.0,0.0,1.0,0.0,0.005583593,0.000145487,1.0,0.0,0.012425398,1.0,0.0,0.0,0.0,0.0,0.0,0.0,0.0,0.0,0.0,0.0,0.0,1.0,0.0,0.0,0.0,0.0,0.0,0.0,0.0,0.0,0.0,0.0,0.0,7542.0,0.0,0.0,0.0,0.0,0.0,0.0,1.0,0.0,0.0,0.0,0.0,0.0,0.0,0.0,0.0,0.0,0.0,0.0,0.0,0.0,0.0,0.0,0.0,0.0,0.0,0.0
GAPMST-P32-LKH-BP-base-0161298b4893,GAPMST-P32-LKH-BP-base,GAPMST-P32-LKH-BP-base,bier127.tsp,/home/wj/code/TSP/data/classic/tsplib/bier127.tsp,ok,1,1,1,0,0,118282.0,True,452.1499035488814,117430.62999807068,118282.0,118282.0,0.0,716226.0,232121.0,0.365387491,0.028267108,1.0,0.0,0.086858682,486283.0,1204.0,1.0,7874.0,6991.0,127.0,6.0,1004.0,0.000805366,417.38195655800047,27.334421886000328,3.488713197000106,64.0,657259.0,657259.0,0.0,10896627.0,0.0,0.0,0.0,0.0,0.0,0.0,12.0,118282.0,0.0,0.0,0.0,0.0,0.0,0.0,1.0,0.0,0.0,0.0,0.0,0.0,0.0,0.0,0.0,0.0,0.0,0.0,0.0,0.0,0.0,0.0,0.0,0.0,0.0,0.0
GAPMST-P32-LKH-BP-base-0161298b4893,GAPMST-P32-LKH-BP-base,GAPMST-P32-LKH-BP-base,brazil58.tsp,/home/wj/code/TSP/data/classic/tsplib/brazil58.tsp,ok,1,1,1,0,0,25395.0,True,0.062339091673493385,25354.239999786165,25395.0,25395.0,0.0,9.0,3.0,0.012456896,0.009927872,1.0,0.0,0.030044163,6.0,2.0,1.0,1595.0,1539.0,58.0,23.0,87.0,0.000282804,0.00046798299999999994,0.00010311900000000001,6.6501e-05,64.0,6.0,6.0,0.0,76.0,0.0,0.0,0.0,0.0,0.0,0.0,0.0,25395.0,0.0,0.0,0.0,0.0,0.0,0.0,1.0,0.0,0.0,0.0,0.0,0.0,0.0,0.0,0.0,0.0,0.0,0.0,0.0,0.0,0.0,0.0,0.0,0.0,0.0,0.0
GAPMST-P32-LKH-BP-base-0161298b4893,GAPMST-P32-LKH-BP-base,GAPMST-P32-LKH-BP-base,brg180.tsp,/home/wj/code/TSP/data/classic/tsplib/brg180.tsp,ok,1,1,1,0,0,1950.0,True,0.2934538032859564,1949.6660590678675,1950.0,1950.0,0.0,1.0,0.0,0.055299813,0.054846924,1.0,0.0,0.163494842,1.0,0.0,0.0,0.0,0.0,0.0,0.0,0.0,0.0,0.0,0.0,0.0,64.0,0.0,0.0,0.0,0.0,0.0,0.0,0.0,0.0,0.0,0.0,0.0,1950.0,0.0,0.0,0.0,0.0,0.0,0.0,1.0,0.0,0.0,0.0,0.0,0.0,0.0,0.0,0.0,0.0,0.0,0.0,0.0,0.0,0.0,0.0,0.0,0.0,0.0,0.0
GAPMST-P32-LKH-BP-base-0161298b4893,GAPMST-P32-LKH-BP-base,GAPMST-P32-LKH-BP-base,burma14.tsp,/home/wj/code/TSP/data/classic/tsplib/burma14.tsp,ok,1,1,1,0,0,3323.0,True,0.011565117165446281,3322.999999998899,3323.0,3323.0,0.0,1.0,0.0,0.000123949,1.7992e-05,1.0,0.0,0.003745615,1.0,0.0,0.0,0.0,0.0,0.0,0.0,0.0,0.0,0.0,0.0,0.0,1.0,0.0,0.0,0.0,0.0,0.0,0.0,0.0,0.0,0.0,0.0,0.0,3323.0,0.0,0.0,0.0,0.0,0.0,0.0,1.0,0.0,0.0,0.0,0.0,0.0,0.0,0.0,0.0,0.0,0.0,0.0,0.0,0.0,0.0,0.0,0.0,0.0,0.0,0.0
GAPMST-P32-LKH-BP-base-0161298b4893,GAPMST-P32-LKH-BP-base,GAPMST-P32-LKH-BP-base,ch130.tsp,/home/wj/code/TSP/data/classic/tsplib/ch130.tsp,ok,1,1,1,0,0,6110.0,True,10.671153077855706,6074.619999904337,6110.0,6110.0,0.0,18038.0,5557.0,0.096342084,0.030110116,1.0,0.0,0.087899448,12539.0,7.0,1.0,8255.0,7816.0,130.0,14.0,555.0,0.000966352,9.757229019999977,0.517809808999999,0.09620958899999982,64.0,16836.0,16836.0,0.0,270441.0,0.0,0.0,0.0,0.0,0.0,0.0,0.0,6110.0,0.0,0.0,0.0,0.0,0.0,0.0,1.0,0.0,0.0,0.0,0.0,0.0,0.0,0.0,0.0,0.0,0.0,0.0,0.0,0.0,0.0,0.0,0.0,0.0,0.0,0.0
GAPMST-P32-LKH-BP-base-0161298b4893,GAPMST-P32-LKH-BP-base,GAPMST-P32-LKH-BP-base,ch150.tsp,/home/wj/code/TSP/data/classic/tsplib/ch150.tsp,ok,1,1,1,0,0,6528.0,True,11.462321335449815,6486.5499998695095,6528.0,6528.0,0.0,13209.0,4073.0,0.136995813,0.041320858,1.0,0.0,0.216754673,9174.0,11.0,1.0,11025.0,10518.0,150.0,4.0,653.0,0.00122122,10.429426310000032,0.4819821090000005,0.0788287989999999,64.0,12630.0,12630.0,0.0,201737.0,0.0,0.0,0.0,0.0,0.0,0.0,0.0,6528.0,0.0,0.0,0.0,0.0,0.0,0.0,1.0,0.0,0.0,0.0,0.0,0.0,0.0,0.0,0.0,0.0,0.0,0.0,0.0,0.0,0.0,0.0,0.0,0.0,0.0,0.0
GAPMST-P32-LKH-BP-base-0161298b4893,GAPMST-P32-LKH-BP-base,GAPMST-P32-LKH-BP-base,d198.tsp,/home/wj/code/TSP/data/classic/tsplib/d198.tsp,timeout,1,1,0,1,0,,True,1800.0,14572.88,15780.0,14572.88,0.0764968314321927,714528.0,210000.0,0.483981514,0.069117038,1.0,0.0,0.912754,,,1.0,19305.0,1075.0,198.0,0.0,18428.0,0.001797312,1548.590994,193.9214992,9.316826359,,,,,,,,,,,,0.0,15780.0,,,0.0,,,,,,,,,,,,,,,,,,,,,,,
GAPMST-P32-LKH-BP-base-0161298b4893,GAPMST-P32-LKH-BP-base,GAPMST-P32-LKH-BP-base,dantzig42.tsp,/home/wj/code/TSP/data/classic/tsplib/dantzig42.tsp,ok,1,1,1,0,0,699.0,True,0.04628543183207512,696.959999997658,699.0,699.0,0.0,9.0,2.0,0.004265207,0.005978115,1.0,0.0,0.02424074,7.0,3.0,1.0,819.0,796.0,42.0,27.0,35.0,0.000268804,0.000273893,4.41e-05,5.142300000000002e-05,64.0,7.0,7.0,0.0,54.0,0.0,0.0,0.0,0.0,0.0,0.0,0.0,699.0,0.0,0.0,0.0,0.0,0.0,0.0,1.0,0.0,0.0,0.0,0.0,0.0,0.0,0.0,0.0,0.0,0.0,0.0,0.0,0.0,0.0,0.0,0.0,0.0,0.0,0.0
GAPMST-P32-LKH-BP-base-0161298b4893,GAPMST-P32-LKH-BP-base,GAPMST-P32-LKH-BP-base,dj38.tsp,/home/wj/code/TSP/data/classic/national/dj38.tsp,ok,1,1,1,0,0,6656.0,True,0.020463576540350914,6655.999999981781,6656.0,6656.0,0.0,1.0,0.0,0.00235565,0.000114703,1.0,0.0,0.009806059,1.0,0.0,0.0,0.0,0.0,0.0,0.0,0.0,0.0,0.0,0.0,0.0,1.0,0.0,0.0,0.0,0.0,0.0,0.0,0.0,0.0,0.0,0.0,0.0,6656.0,0.0,0.0,0.0,0.0,0.0,0.0,1.0,0.0,0.0,0.0,0.0,0.0,0.0,0.0,0.0,0.0,0.0,0.0,0.0,0.0,0.0,0.0,0.0,0.0,0.0,0.0
GAPMST-P32-LKH-BP-base-0161298b4893,GAPMST-P32-LKH-BP-base,GAPMST-P32-LKH-BP-base,eil101.tsp,/home/wj/code/TSP/data/classic/tsplib/eil101.tsp,ok,1,1,1,0,0,629.0,True,0.13869358226656914,627.3329762117957,629.0,629.0,0.0,78.0,25.0,0.050118816,0.017165562,1.0,0.0,0.049083205,53.0,1.0,1.0,4949.0,4875.0,101.0,47.0,123.0,0.000536444,0.013658734000000002,0.0005574159999999999,0.0001968789999999999,64.0,67.0,67.0,0.0,1341.0,0.0,0.0,0.0,0.0,0.0,0.0,0.0,629.0,0.0,0.0,0.0,0.0,0.0,0.0,1.0,0.0,0.0,0.0,0.0,0.0,0.0,0.0,0.0,0.0,0.0,0.0,0.0,0.0,0.0,0.0,0.0,0.0,0.0,0.0
GAPMST-P32-LKH-BP-base-0161298b4893,GAPMST-P32-LKH-BP-base,GAPMST-P32-LKH-BP-base,eil51.tsp,/home/wj/code/TSP/data/classic/tsplib/eil51.tsp,ok,1,1,1,0,0,426.0,True,0.07449082657694817,422.4399999987474,426.0,426.0,0.0,155.0,57.0,0.007487702,0.01000544,1.0,0.0,0.029018937,99.0,19.0,1.0,1224.0,1159.0,51.0,7.0,109.0,0.000258941,0.019228635999999997,0.0010492800000000003,0.000154422,64.0,142.0,142.0,0.0,2428.0,0.0,0.0,0.0,0.0,0.0,0.0,0.0,426.0,0.0,0.0,0.0,0.0,0.0,0.0,1.0,0.0,0.0,0.0,0.0,0.0,0.0,0.0,0.0,0.0,0.0,0.0,0.0,0.0,0.0,0.0,0.0,0.0,0.0,0.0
GAPMST-P32-LKH-BP-base-0161298b4893,GAPMST-P32-LKH-BP-base,GAPMST-P32-LKH-BP-base,eil76.tsp,/home/wj/code/TSP/data/classic/tsplib/eil76.tsp,ok,1,1,1,0,0,538.0,True,0.052436713129282,536.969999996869,538.0,538.0,0.0,5.0,2.0,0.010219504,0.009956651,1.0,0.0,0.025183138,3.0,6.0,1.0,2774.0,2755.0,76.0,61.0,31.0,0.000256218,0.000125717,3.8773e-05,4.249399999999999e-05,64.0,4.0,4.0,0.0,45.0,0.0,0.0,0.0,0.0,0.0,0.0,0.0,538.0,0.0,0.0,0.0,0.0,0.0,0.0,1.0,0.0,0.0,0.0,0.0,0.0,0.0,0.0,0.0,0.0,0.0,0.0,0.0,0.0,0.0,0.0,0.0,0.0,0.0,0.0
GAPMST-P32-LKH-BP-base-0161298b4893,GAPMST-P32-LKH-BP-base,GAPMST-P32-LKH-BP-base,fri26.tsp,/home/wj/code/TSP/data/classic/tsplib/fri26.tsp,ok,1,1,1,0,0,937.0,True,0.015945052728056908,936.9999999984229,937.0,937.0,0.0,1.0,0.0,0.000414696,0.000218165,1.0,0.0,0.01029559,1.0,0.0,0.0,0.0,0.0,0.0,0.0,0.0,0.0,0.0,0.0,0.0,15.0,0.0,0.0,0.0,0.0,0.0,0.0,0.0,0.0,0.0,0.0,0.0,937.0,0.0,0.0,0.0,0.0,0.0,0.0,1.0,0.0,0.0,0.0,0.0,0.0,0.0,0.0,0.0,0.0,0.0,0.0,0.0,0.0,0.0,0.0,0.0,0.0,0.0,0.0
GAPMST-P32-LKH-BP-base-0161298b4893,GAPMST-P32-LKH-BP-base,GAPMST-P32-LKH-BP-base,gr120.tsp,/home/wj/code/TSP/data/classic/tsplib/gr120.tsp,ok,1,1,1,0,0,6942.0,True,1.295276029035449,6909.959999893309,6942.0,6942.0,0.0,2312.0,786.0,0.103103119,0.025288087,1.0,0.0,0.049628338,1540.0,0.0,1.0,7020.0,6727.0,120.0,13.0,397.0,0.000700481,1.0340828730000031,0.05902903399999996,0.0022964260000000007,64.0,2162.0,2162.0,0.0,36958.0,0.0,0.0,0.0,0.0,0.0,0.0,0.0,6942.0,0.0,0.0,0.0,0.0,0.0,0.0,1.0,0.0,0.0,0.0,0.0,0.0,0.0,0.0,0.0,0.0,0.0,0.0,0.0,0.0,0.0,0.0,0.0,0.0,0.0,0.0
GAPMST-P32-LKH-BP-base-0161298b4893,GAPMST-P32-LKH-BP-base,GAPMST-P32-LKH-BP-base,gr137.tsp,/home/wj/code/TSP/data/classic/tsplib/gr137.tsp,ok,1,1,1,0,0,69853.0,True,3.834018452093005,69113.08999838053,69853.0,69853.0,0.0,5882.0,2016.0,0.150896757,0.031289988,1.0,0.0,0.093724495,3888.0,0.0,1.0,9179.0,8325.0,137.0,3.0,988.0,0.001001833,3.2387763939999985,0.24677648300000013,0.03063009500000004,64.0,5326.0,5326.0,0.0,89257.0,0.0,0.0,0.0,0.0,0.0,0.0,0.0,69853.0,0.0,0.0,0.0,0.0,0.0,0.0,1.0,0.0,0.0,0.0,0.0,0.0,0.0,0.0,0.0,0.0,0.0,0.0,0.0,0.0,0.0,0.0,0.0,0.0,0.0,0.0
GAPMST-P32-LKH-BP-base-0161298b4893,GAPMST-P32-LKH-BP-base,GAPMST-P32-LKH-BP-base,gr17.tsp,/home/wj/code/TSP/data/classic/tsplib/gr17.tsp,ok,1,1,1,0,0,2085.0,True,0.011404268443584442,2084.999999998326,2085.0,2085.0,0.0,1.0,0.0,0.000268228,3.0643e-05,1.0,0.0,0.002743591,1.0,0.0,0.0,0.0,0.0,0.0,0.0,0.0,0.0,0.0,0.0,0.0,1.0,0.0,0.0,0.0,0.0,0.0,0.0,0.0,0.0,0.0,0.0,0.0,2085.0,0.0,0.0,0.0,0.0,0.0,0.0,1.0,0.0,0.0,0.0,0.0,0.0,0.0,0.0,0.0,0.0,0.0,0.0,0.0,0.0,0.0,0.0,0.0,0.0,0.0,0.0
GAPMST-P32-LKH-BP-base-0161298b4893,GAPMST-P32-LKH-BP-base,GAPMST-P32-LKH-BP-base,gr21.tsp,/home/wj/code/TSP/data/classic/tsplib/gr21.tsp,ok,1,1,1,0,0,2707.0,True,0.015272703021764755,2706.9999999973675,2707.0,2707.0,0.0,1.0,0.0,0.000405381,3.6972e-05,1.0,0.0,0.005425751,1.0,0.0,0.0,0.0,0.0,0.0,0.0,0.0,0.0,0.0,0.0,0.0,1.0,0.0,0.0,0.0,0.0,0.0,0.0,0.0,0.0,0.0,0.0,0.0,2707.0,0.0,0.0,0.0,0.0,0.0,0.0,1.0,0.0,0.0,0.0,0.0,0.0,0.0,0.0,0.0,0.0,0.0,0.0,0.0,0.0,0.0,0.0,0.0,0.0,0.0,0.0
GAPMST-P32-LKH-BP-base-0161298b4893,GAPMST-P32-LKH-BP-base,GAPMST-P32-LKH-BP-base,gr24.tsp,/home/wj/code/TSP/data/classic/tsplib/gr24.tsp,ok,1,1,1,0,0,1272.0,True,0.018217453733086586,1271.999889186537,1272.0,1272.0,0.0,1.0,0.0,0.000675389,0.000979298,1.0,0.0,0.009599604,1.0,0.0,0.0,0.0,0.0,0.0,0.0,0.0,0.0,0.0,0.0,0.0,64.0,0.0,0.0,0.0,0.0,0.0,0.0,0.0,0.0,0.0,0.0,0.0,1272.0,0.0,0.0,0.0,0.0,0.0,0.0,1.0,0.0,0.0,0.0,0.0,0.0,0.0,0.0,0.0,0.0,0.0,0.0,0.0,0.0,0.0,0.0,0.0,0.0,0.0,0.0
GAPMST-P32-LKH-BP-base-0161298b4893,GAPMST-P32-LKH-BP-base,GAPMST-P32-LKH-BP-base,gr48.tsp,/home/wj/code/TSP/data/classic/tsplib/gr48.tsp,ok,1,1,1,0,0,5046.0,True,0.19427773542702198,4958.9599999858965,5046.0,5046.0,0.0,1449.0,431.0,0.007479862,0.007329399,1.0,0.0,0.031276129,1023.0,0.0,1.0,1080.0,927.0,48.0,4.0,197.0,0.000223238,0.12707546399999997,0.009088735999999998,0.0005431559999999991,64.0,1343.0,1343.0,0.0,19440.0,0.0,0.0,0.0,0.0,0.0,0.0,0.0,5046.0,0.0,0.0,0.0,0.0,0.0,0.0,1.0,0.0,0.0,0.0,0.0,0.0,0.0,0.0,0.0,0.0,0.0,0.0,0.0,0.0,0.0,0.0,0.0,0.0,0.0,0.0
GAPMST-P32-LKH-BP-base-0161298b4893,GAPMST-P32-LKH-BP-base,GAPMST-P32-LKH-BP-base,gr96.tsp,/home/wj/code/TSP/data/classic/tsplib/gr96.tsp,ok,1,1,1,0,0,55209.0,True,0.5388892143964767,54569.47999942845,55209.0,55209.0,0.0,1267.0,453.0,0.045699104,0.014581843,1.0,0.0,0.067955766,817.0,5.0,1.0,4464.0,4031.0,96.0,1.0,528.0,0.000460352,0.3624474679999996,0.030190646000000005,0.0031755620000000055,64.0,1198.0,1198.0,0.0,20034.0,0.0,0.0,0.0,0.0,0.0,0.0,0.0,55209.0,0.0,0.0,0.0,0.0,0.0,0.0,1.0,0.0,0.0,0.0,0.0,0.0,0.0,0.0,0.0,0.0,0.0,0.0,0.0,0.0,0.0,0.0,0.0,0.0,0.0,0.0
GAPMST-P32-LKH-BP-base-0161298b4893,GAPMST-P32-LKH-BP-base,GAPMST-P32-LKH-BP-base,hk48.tsp,/home/wj/code/TSP/data/classic/tsplib/hk48.tsp,ok,1,1,1,0,0,11461.0,True,0.039453303441405296,11444.019999961509,11461.0,11461.0,0.0,8.0,2.0,0.005376378,0.008067642,1.0,0.0,0.011828749,6.0,2.0,1.0,1080.0,1056.0,48.0,32.0,32.0,0.000251055,0.000261808,0.0,4.685199999999999e-05,64.0,7.0,7.0,0.0,62.0,0.0,0.0,0.0,0.0,0.0,0.0,0.0,11461.0,0.0,0.0,0.0,0.0,0.0,0.0,1.0,0.0,0.0,0.0,0.0,0.0,0.0,0.0,0.0,0.0,0.0,0.0,0.0,0.0,0.0,0.0,0.0,0.0,0.0,0.0
GAPMST-P32-LKH-BP-base-0161298b4893,GAPMST-P32-LKH-BP-base,GAPMST-P32-LKH-BP-base,kroA100.tsp,/home/wj/code/TSP/data/classic/tsplib/kroA100.tsp,ok,1,1,1,0,0,21282.0,True,5.9534368216991425,20936.47999972256,21282.0,21282.0,0.0,12975.0,3695.0,0.054619241,0.017023618,1.0,0.0,0.04827984,9309.0,0.0,1.0,4850.0,4262.0,100.0,0.0,688.0,0.000480857,5.438244252999986,0.306326592,0.03145217200000008,64.0,12293.0,12293.0,0.0,179547.0,0.0,0.0,0.0,0.0,0.0,0.0,0.0,21282.0,0.0,0.0,0.0,0.0,0.0,0.0,1.0,0.0,0.0,0.0,0.0,0.0,0.0,0.0,0.0,0.0,0.0,0.0,0.0,0.0,0.0,0.0,0.0,0.0,0.0,0.0
GAPMST-P32-LKH-BP-base-0161298b4893,GAPMST-P32-LKH-BP-base,GAPMST-P32-LKH-BP-base,kroA150.tsp,/home/wj/code/TSP/data/classic/tsplib/kroA150.tsp,ok,1,1,1,0,0,26524.0,True,19.928234480321407,26293.169999357702,26524.0,26524.0,0.0,21155.0,6789.0,0.192415555,0.041451126,1.0,0.0,0.173440557,14445.0,1.0,1.0,11025.0,10288.0,150.0,4.0,883.0,0.001304514,18.357733869999905,0.8963026929999988,0.14100468599999982,64.0,20242.0,20242.0,0.0,336924.0,0.0,0.0,0.0,0.0,0.0,0.0,0.0,26524.0,0.0,0.0,0.0,0.0,0.0,0.0,1.0,0.0,0.0,0.0,0.0,0.0,0.0,0.0,0.0,0.0,0.0,0.0,0.0,0.0,0.0,0.0,0.0,0.0,0.0,0.0
GAPMST-P32-LKH-BP-base-0161298b4893,GAPMST-P32-LKH-BP-base,GAPMST-P32-LKH-BP-base,kroB100.tsp,/home/wj/code/TSP/data/classic/tsplib/kroB100.tsp,ok,1,1,1,0,0,22141.0,True,2.831129664555192,21831.699999692984,22141.0,22141.0,0.0,5505.0,1794.0,0.048677181,0.017163279,1.0,0.0,0.09961452,3731.0,0.0,1.0,4850.0,4248.0,100.0,2.0,700.0,0.000560356,2.469260031000012,0.14706666299999974,0.01485420800000004,64.0,5075.0,5075.0,0.0,79831.0,0.0,0.0,0.0,0.0,0.0,0.0,0.0,22141.0,0.0,0.0,0.0,0.0,0.0,0.0,1.0,0.0,0.0,0.0,0.0,0.0,0.0,0.0,0.0,0.0,0.0,0.0,0.0,0.0,0.0,0.0,0.0,0.0,0.0,0.0
GAPMST-P32-LKH-BP-base-0161298b4893,GAPMST-P32-LKH-BP-base,GAPMST-P32-LKH-BP-base,kroB150.tsp,/home/wj/code/TSP/data/classic/tsplib/kroB150.tsp,timeout,1,1,0,1,0,,True,1800.0,25732.42,26130.0,25732.42,0.01521546115575973,1654911.0,490000.0,0.240346758,0.041276319,1.0,0.0,0.375107,,,1.0,11025.0,9567.0,150.0,0.0,1608.0,0.001183405,1678.738346,88.6211628,12.62569429,,,,,,,,,,,,0.0,26130.0,,,0.0,,,,,,,,,,,,,,,,,,,,,,,
GAPMST-P32-LKH-BP-base-0161298b4893,GAPMST-P32-LKH-BP-base,GAPMST-P32-LKH-BP-base,kroC100.tsp,/home/wj/code/TSP/data/classic/tsplib/kroC100.tsp,ok,1,1,1,0,0,20749.0,True,1.8010914511978626,20472.489999725905,20749.0,20749.0,0.0,4011.0,1241.0,0.047381485,0.016990683,1.0,0.0,0.056081323,2782.0,0.0,1.0,4850.0,4325.0,100.0,2.0,623.0,0.000506266,1.5497358269999977,0.09453802500000015,0.010304289000000015,64.0,3774.0,3774.0,0.0,57697.0,0.0,0.0,0.0,0.0,0.0,0.0,0.0,20749.0,0.0,0.0,0.0,0.0,0.0,0.0,1.0,0.0,0.0,0.0,0.0,0.0,0.0,0.0,0.0,0.0,0.0,0.0,0.0,0.0,0.0,0.0,0.0,0.0,0.0,0.0
GAPMST-P32-LKH-BP-base-0161298b4893,GAPMST-P32-LKH-BP-base,GAPMST-P32-LKH-BP-base,kroD100.tsp,/home/wj/code/TSP/data/classic/tsplib/kroD100.tsp,ok,1,1,1,0,0,21294.0,True,0.2958859633654356,21141.459999730672,21294.0,21294.0,0.0,502.0,130.0,0.053292784,0.01701492,1.0,0.0,0.062000608,374.0,0.0,1.0,4850.0,4553.0,100.0,17.0,379.0,0.000551598,0.1385606150000001,0.008638267000000003,0.0005520399999999995,64.0,456.0,456.0,0.0,6301.0,0.0,0.0,0.0,0.0,0.0,0.0,0.0,21294.0,0.0,0.0,0.0,0.0,0.0,0.0,1.0,0.0,0.0,0.0,0.0,0.0,0.0,0.0,0.0,0.0,0.0,0.0,0.0,0.0,0.0,0.0,0.0,0.0,0.0,0.0
GAPMST-P32-LKH-BP-base-0161298b4893,GAPMST-P32-LKH-BP-base,GAPMST-P32-LKH-BP-base,kroE100.tsp,/home/wj/code/TSP/data/classic/tsplib/kroE100.tsp,ok,1,1,1,0,0,22068.0,True,12.09124717861414,21799.409999721556,22068.0,22068.0,0.0,32765.0,9627.0,0.048815581,0.016957292,1.0,0.0,0.144427642,23229.0,71.0,1.0,4850.0,4394.0,100.0,5.0,551.0,0.000555923,11.019241462999934,0.6480989799999984,0.09243745700000076,64.0,30997.0,30997.0,0.0,464534.0,0.0,0.0,0.0,0.0,0.0,0.0,0.0,22068.0,0.0,0.0,0.0,0.0,0.0,0.0,1.0,0.0,0.0,0.0,0.0,0.0,0.0,0.0,0.0,0.0,0.0,0.0,0.0,0.0,0.0,0.0,0.0,0.0,0.0,0.0
GAPMST-P32-LKH-BP-base-0161298b4893,GAPMST-P32-LKH-BP-base,GAPMST-P32-LKH-BP-base,lin105.tsp,/home/wj/code/TSP/data/classic/tsplib/lin105.tsp,ok,1,1,1,0,0,14379.0,True,0.13933058455586433,14370.479999775862,14379.0,14379.0,0.0,4.0,1.0,0.06609728,0.017686133,1.0,0.0,0.043707127,3.0,3.0,1.0,5355.0,5319.0,105.0,87.0,39.0,0.000480204,4.9553e-05,0.0,5.831499999999999e-05,64.0,2.0,2.0,0.0,13.0,0.0,0.0,0.0,0.0,0.0,0.0,0.0,14379.0,0.0,0.0,0.0,0.0,0.0,0.0,1.0,0.0,0.0,0.0,0.0,0.0,0.0,0.0,0.0,0.0,0.0,0.0,0.0,0.0,0.0,0.0,0.0,0.0,0.0,0.0
GAPMST-P32-LKH-BP-base-0161298b4893,GAPMST-P32-LKH-BP-base,GAPMST-P32-LKH-BP-base,pr107.tsp,/home/wj/code/TSP/data/classic/tsplib/pr107.tsp,timeout,1,1,0,1,0,,True,1800.0,40065.34082,44303.0,40065.34082,0.09565174322280663,2295217.0,660000.0,0.054358809,0.01812451,1.0,0.0,0.0509408,,,1.0,5564.0,151.0,107.0,0.0,5520.0,0.000419888,1533.683787,216.2367737,7.797731102,,,,,,,,,,,,0.0,44303.0,,,0.0,,,,,,,,,,,,,,,,,,,,,,,
GAPMST-P32-LKH-BP-base-0161298b4893,GAPMST-P32-LKH-BP-base,GAPMST-P32-LKH-BP-base,pr124.tsp,/home/wj/code/TSP/data/classic/tsplib/pr124.tsp,ok,1,1,1,0,0,59030.0,True,1.5089944005012512,58060.599998730104,59030.0,59030.0,0.0,2156.0,750.0,0.067993194,0.024948483,1.0,0.0,0.085275194,1411.0,0.0,1.0,7502.0,6430.0,124.0,0.0,1196.0,0.0006927,1.1983235740000018,0.09894277799999994,0.004934419000000001,64.0,2005.0,2005.0,0.0,33037.0,0.0,0.0,0.0,0.0,0.0,0.0,0.0,59030.0,0.0,0.0,0.0,0.0,0.0,0.0,1.0,0.0,0.0,0.0,0.0,0.0,0.0,0.0,0.0,0.0,0.0,0.0,0.0,0.0,0.0,0.0,0.0,0.0,0.0,0.0
GAPMST-P32-LKH-BP-base-0161298b4893,GAPMST-P32-LKH-BP-base,GAPMST-P32-LKH-BP-base,pr136.tsp,/home/wj/code/TSP/data/classic/tsplib/pr136.tsp,ok,1,1,1,0,0,96772.0,True,582.3697406798601,95859.17999828939,96772.0,96772.0,0.0,877054.0,306306.0,0.361030247,0.032313056,1.0,0.0,0.226935016,575638.0,39.0,1.0,9044.0,8316.0,136.0,0.0,864.0,0.000927373,535.1810350970214,36.68488272300026,5.357586271999949,64.0,770825.0,770825.0,0.0,14677268.0,0.0,0.0,0.0,0.0,0.0,0.0,12.0,96772.0,0.0,0.0,0.0,0.0,0.0,0.0,1.0,0.0,0.0,0.0,0.0,0.0,0.0,0.0,0.0,0.0,0.0,0.0,0.0,0.0,0.0,0.0,0.0,0.0,0.0,0.0
GAPMST-P32-LKH-BP-base-0161298b4893,GAPMST-P32-LKH-BP-base,GAPMST-P32-LKH-BP-base,pr144.tsp,/home/wj/code/TSP/data/classic/tsplib/pr144.tsp,ok,1,1,1,0,0,58537.0,True,3.987615330144763,57892.66276212371,58537.0,58537.0,0.0,4521.0,1572.0,0.065079271,0.033777417,1.0,0.0,0.186179668,2972.0,0.0,1.0,10152.0,8721.0,144.0,3.0,1572.0,0.001056774,3.3544298400000043,0.278415329,0.023858857999999976,64.0,4218.0,4218.0,0.0,74189.0,0.0,0.0,0.0,0.0,0.0,0.0,0.0,58537.0,0.0,0.0,0.0,0.0,0.0,0.0,1.0,0.0,0.0,0.0,0.0,0.0,0.0,0.0,0.0,0.0,0.0,0.0,0.0,0.0,0.0,0.0,0.0,0.0,0.0,0.0
GAPMST-P32-LKH-BP-base-0161298b4893,GAPMST-P32-LKH-BP-base,GAPMST-P32-LKH-BP-base,pr152.tsp,/home/wj/code/TSP/data/classic/tsplib/pr152.tsp,timeout,1,1,0,1,0,,True,1800.0,69999.92364,73682.0,69999.92364,0.04997253549035051,1147062.0,340000.0,0.147573094,0.039681868,1.0,0.0,0.307253,,,1.0,11324.0,4683.0,152.0,0.0,6793.0,0.000989999,1558.252954,169.1632294,8.384641652,,,,,,,,,,,,0.0,73682.0,,,0.0,,,,,,,,,,,,,,,,,,,,,,,
GAPMST-P32-LKH-BP-base-0161298b4893,GAPMST-P32-LKH-BP-base,GAPMST-P32-LKH-BP-base,pr76.tsp,/home/wj/code/TSP/data/classic/tsplib/pr76.tsp,ok,1,1,1,0,0,108159.0,True,180.79171605594456,105050.5999992225,108159.0,108159.0,0.0,731879.0,217361.0,0.13015882,0.009565919,1.0,0.0,0.070677612,516560.0,0.0,1.0,2774.0,1991.0,76.0,1.0,858.0,0.000304039,159.21656023199603,16.0092218609998,2.6262102470000164,64.0,668488.0,668488.0,0.0,10089326.0,0.0,0.0,0.0,0.0,0.0,0.0,12.0,108159.0,0.0,0.0,0.0,0.0,0.0,0.0,1.0,0.0,0.0,0.0,0.0,0.0,0.0,0.0,0.0,0.0,0.0,0.0,0.0,0.0,0.0,0.0,0.0,0.0,0.0,0.0
GAPMST-P32-LKH-BP-base-0161298b4893,GAPMST-P32-LKH-BP-base,GAPMST-P32-LKH-BP-base,qa194.tsp,/home/wj/code/TSP/data/classic/national/qa194.tsp,timeout,1,1,0,1,0,,True,1800.0,9265.17,9352.0,9265.17,0.009284644995722832,1431665.0,460000.0,0.606536795,0.068473761,1.0,0.0,0.362749,,,1.0,18527.0,16612.0,194.0,1.0,2108.0,0.002084912,1652.778429,107.4411344,12.91812456,,,,,,,,,,,,0.0,9352.0,,,0.0,,,,,,,,,,,,,,,,,,,,,,,
GAPMST-P32-LKH-BP-base-0161298b4893,GAPMST-P32-LKH-BP-base,GAPMST-P32-LKH-BP-base,rat195.tsp,/home/wj/code/TSP/data/classic/tsplib/rat195.tsp,ok,1,1,1,0,0,2323.0,True,238.23501241579652,2291.959999919687,2323.0,2323.0,0.0,160402.0,49259.0,0.297737803,0.067855633,1.0,0.0,0.723922389,111828.0,0.0,1.0,18720.0,16371.0,195.0,0.0,2544.0,0.002032895,220.64930400300287,14.227444027000045,0.9880113610000005,64.0,154286.0,154286.0,0.0,2527203.0,0.0,0.0,0.0,0.0,0.0,0.0,0.0,2323.0,0.0,0.0,0.0,0.0,0.0,0.0,1.0,0.0,0.0,0.0,0.0,0.0,0.0,0.0,0.0,0.0,0.0,0.0,0.0,0.0,0.0,0.0,0.0,0.0,0.0,0.0
GAPMST-P32-LKH-BP-base-0161298b4893,GAPMST-P32-LKH-BP-base,GAPMST-P32-LKH-BP-base,rat99.tsp,/home/wj/code/TSP/data/classic/tsplib/rat99.tsp,ok,1,1,1,0,0,1211.0,True,0.11569042690098286,1205.9499999855982,1211.0,1211.0,0.0,39.0,15.0,0.042921394,0.015276663,1.0,0.0,0.035095669,24.0,4.0,1.0,4752.0,4629.0,99.0,29.0,178.0,0.0004881,0.006461580999999998,0.0008622149999999999,0.00013764000000000002,64.0,36.0,36.0,0.0,655.0,0.0,0.0,0.0,0.0,0.0,0.0,0.0,1211.0,0.0,0.0,0.0,0.0,0.0,0.0,1.0,0.0,0.0,0.0,0.0,0.0,0.0,0.0,0.0,0.0,0.0,0.0,0.0,0.0,0.0,0.0,0.0,0.0,0.0,0.0
GAPMST-P32-LKH-BP-base-0161298b4893,GAPMST-P32-LKH-BP-base,GAPMST-P32-LKH-BP-base,rd100.tsp,/home/wj/code/TSP/data/classic/tsplib/rd100.tsp,ok,1,1,1,0,0,7910.0,True,0.17203130200505257,7897.20107452616,7910.0,7910.0,0.0,21.0,6.0,0.071952699,0.018003235,1.0,0.0,0.061652582,15.0,1.0,1.0,4850.0,4759.0,100.0,43.0,144.0,0.000489243,0.0026739200000000006,0.00037339999999999997,0.00011436599999999998,64.0,17.0,17.0,0.0,214.0,0.0,0.0,0.0,0.0,0.0,0.0,0.0,7910.0,0.0,0.0,0.0,0.0,0.0,0.0,1.0,0.0,0.0,0.0,0.0,0.0,0.0,0.0,0.0,0.0,0.0,0.0,0.0,0.0,0.0,0.0,0.0,0.0,0.0,0.0
GAPMST-P32-LKH-BP-base-0161298b4893,GAPMST-P32-LKH-BP-base,GAPMST-P32-LKH-BP-base,si175.tsp,/home/wj/code/TSP/data/classic/tsplib/si175.tsp,timeout,1,1,0,1,0,,True,1800.0,21373.58,21407.0,21373.58,0.0015611715793898376,2627686.0,790000.0,0.214756517,0.05286621,1.0,0.0,0.322114,,,1.0,15050.0,13917.0,175.0,12.0,1296.0,0.001553749,1642.926327,114.5323798,24.56699903,,,,,,,,,,,,0.0,21407.0,,,0.0,,,,,,,,,,,,,,,,,,,,,,,
GAPMST-P32-LKH-BP-base-0161298b4893,GAPMST-P32-LKH-BP-base,GAPMST-P32-LKH-BP-base,st70.tsp,/home/wj/code/TSP/data/classic/tsplib/st70.tsp,ok,1,1,1,0,0,675.0,True,0.09035036712884903,670.9399999952018,675.0,675.0,0.0,23.0,6.0,0.019453227,0.010200487,1.0,0.0,0.039730309,18.0,0.0,1.0,2345.0,2230.0,70.0,19.0,158.0,0.000348325,0.003322932,0.00018525100000000002,0.000126698,64.0,22.0,22.0,0.0,348.0,0.0,0.0,0.0,0.0,0.0,0.0,0.0,675.0,0.0,0.0,0.0,0.0,0.0,0.0,1.0,0.0,0.0,0.0,0.0,0.0,0.0,0.0,0.0,0.0,0.0,0.0,0.0,0.0,0.0,0.0,0.0,0.0,0.0,0.0
GAPMST-P32-LKH-BP-base-0161298b4893,GAPMST-P32-LKH-BP-base,GAPMST-P32-LKH-BP-base,swiss42.tsp,/home/wj/code/TSP/data/classic/tsplib/swiss42.tsp,ok,1,1,1,0,0,1273.0,True,0.026486432179808617,1271.9619537743815,1273.0,1273.0,0.0,3.0,1.0,0.003781239,0.005534652,1.0,0.0,0.008160489,2.0,0.0,1.0,819.0,812.0,42.0,35.0,14.0,0.000250644,6.186e-05,0.0,2.2369e-05,64.0,2.0,2.0,0.0,11.0,0.0,0.0,0.0,0.0,0.0,0.0,0.0,1273.0,0.0,0.0,0.0,0.0,0.0,0.0,1.0,0.0,0.0,0.0,0.0,0.0,0.0,0.0,0.0,0.0,0.0,0.0,0.0,0.0,0.0,0.0,0.0,0.0,0.0,0.0
GAPMST-P32-LKH-BP-base-0161298b4893,GAPMST-P32-LKH-BP-base,GAPMST-P32-LKH-BP-base,u159.tsp,/home/wj/code/TSP/data/classic/tsplib/u159.tsp,ok,1,1,1,0,0,42080.0,True,1.0288980603218079,41924.95999885369,42080.0,42080.0,0.0,1259.0,398.0,0.182636682,0.042979609,1.0,0.0,0.078301806,864.0,12.0,1.0,12402.0,12066.0,159.0,19.0,471.0,0.001339598,0.6522944979999997,0.04205221599999999,0.0058022869999999815,64.0,1183.0,1183.0,0.0,18640.0,0.0,0.0,0.0,0.0,0.0,0.0,0.0,42080.0,0.0,0.0,0.0,0.0,0.0,0.0,1.0,0.0,0.0,0.0,0.0,0.0,0.0,0.0,0.0,0.0,0.0,0.0,0.0,0.0,0.0,0.0,0.0,0.0,0.0,0.0
GAPMST-P32-LKH-BP-base-0161298b4893,GAPMST-P32-LKH-BP-base,GAPMST-P32-LKH-BP-base,ulysses16.tsp,/home/wj/code/TSP/data/classic/tsplib/ulysses16.tsp,ok,1,1,1,0,0,6859.0,True,0.013580864295363426,6858.999999996325,6859.0,6859.0,0.0,1.0,0.0,0.000230517,2.1799e-05,1.0,0.0,0.004615651,1.0,0.0,0.0,0.0,0.0,0.0,0.0,0.0,0.0,0.0,0.0,0.0,1.0,0.0,0.0,0.0,0.0,0.0,0.0,0.0,0.0,0.0,0.0,0.0,6859.0,0.0,0.0,0.0,0.0,0.0,0.0,1.0,0.0,0.0,0.0,0.0,0.0,0.0,0.0,0.0,0.0,0.0,0.0,0.0,0.0,0.0,0.0,0.0,0.0,0.0,0.0
GAPMST-P32-LKH-BP-base-0161298b4893,GAPMST-P32-LKH-BP-base,GAPMST-P32-LKH-BP-base,wi29.tsp,/home/wj/code/TSP/data/classic/national/wi29.tsp,ok,1,1,1,0,0,27603.0,True,0.016719184815883636,27602.999999952015,27603.0,27603.0,0.0,1.0,0.0,0.001023606,0.000112017,1.0,0.0,0.007692695,1.0,0.0,0.0,0.0,0.0,0.0,0.0,0.0,0.0,0.0,0.0,0.0,1.0,0.0,0.0,0.0,0.0,0.0,0.0,0.0,0.0,0.0,0.0,0.0,27603.0,0.0,0.0,0.0,0.0,0.0,0.0,1.0,0.0,0.0,0.0,0.0,0.0,0.0,0.0,0.0,0.0,0.0,0.0,0.0,0.0,0.0,0.0,0.0,0.0,0.0,0.0
GAPMST-P32-LKH-BP-base-0161298b4893,GAPMST-P32-LKH-BP-base,GAPMST-P32-LKH-BP-base,xqf131.tsp,/home/wj/code/TSP/data/classic/vlsi/vlsi/xqf131.tsp,timeout,1,1,0,1,0,,True,1800.0,555.6016199,564.0,555.6016199,0.014890744858156123,2861352.0,880000.0,0.085363091,0.035833223,1.0,0.0,0.2543,,,1.0,8384.0,7201.0,131.0,2.0,1312.0,0.001466441,1641.177235,115.3121696,22.21082151,,,,,,,,,,,,0.0,564.0,,,0.0,,,,,,,,,,,,,,,,,,,,,,,
GAPMST-P32-LKH-BP-lift2-a8ef6cbbece9,GAPMST-P32-LKH-BP-lift2,GAPMST-P32-LKH-BP-lift2,att48.tsp,/home/wj/code/TSP/data/classic/tsplib/att48.tsp,ok,1,1,1,0,0,10628.0,True,0.06734728813171387,10602.983665769503,10628.0,10628.0,0.0,10.0,4.0,0.00621939,0.007651821,1.0,0.0,0.021999354,7.0,1.0,1.0,1080.0,1037.0,48.0,14.0,75.0,0.000212024,0.0008685149999999999,0.00012142699999999999,5.430800000000001e-05,64.0,9.0,9.0,0.0,156.0,0.0,0.0,0.0,0.0,3.0,0.0,0.0,10628.0,0.0,0.0,0.0,0.0,0.0,0.0,1.0,0.0,0.0,0.0,0.0,0.0,0.0,0.0,0.0,0.0,0.0,0.0,0.0,0.0,0.0,0.0,0.0,0.0,0.0,0.0
GAPMST-P32-LKH-BP-lift2-a8ef6cbbece9,GAPMST-P32-LKH-BP-lift2,GAPMST-P32-LKH-BP-lift2,bayg29.tsp,/home/wj/code/TSP/data/classic/tsplib/bayg29.tsp,ok,1,1,1,0,0,1610.0,True,0.059978947043418884,1607.9799999981672,1610.0,1610.0,0.0,3.0,1.0,0.001312353,0.00229519,1.0,0.0,0.01457748,2.0,1.0,1.0,377.0,370.0,29.0,24.0,10.0,0.000132453,2.0487e-05,0.0,7.453999999999999e-06,64.0,1.0,1.0,0.0,3.0,0.0,0.0,0.0,0.0,1.0,0.0,0.0,1610.0,0.0,0.0,0.0,0.0,0.0,0.0,1.0,0.0,0.0,0.0,0.0,0.0,0.0,0.0,0.0,0.0,0.0,0.0,0.0,0.0,0.0,0.0,0.0,0.0,0.0,0.0
GAPMST-P32-LKH-BP-lift2-a8ef6cbbece9,GAPMST-P32-LKH-BP-lift2,GAPMST-P32-LKH-BP-lift2,bays29.tsp,/home/wj/code/TSP/data/classic/tsplib/bays29.tsp,ok,1,1,1,0,0,2020.0,True,0.044294070452451706,2013.3002809125421,2020.0,2020.0,0.0,6.0,2.0,0.001258748,0.002369704,1.0,0.0,0.013281828,4.0,3.0,1.0,377.0,358.0,29.0,17.0,26.0,0.000125006,0.00018609099999999996,4.4373e-05,1.6006e-05,64.0,4.0,4.0,0.0,49.0,0.0,0.0,0.0,0.0,2.0,0.0,0.0,2020.0,0.0,0.0,0.0,0.0,0.0,0.0,1.0,0.0,0.0,0.0,0.0,0.0,0.0,0.0,0.0,0.0,0.0,0.0,0.0,0.0,0.0,0.0,0.0,0.0,0.0,0.0
GAPMST-P32-LKH-BP-lift2-a8ef6cbbece9,GAPMST-P32-LKH-BP-lift2,GAPMST-P32-LKH-BP-lift2,berlin52.tsp,/home/wj/code/TSP/data/classic/tsplib/berlin52.tsp,ok,1,1,1,0,0,7542.0,True,0.05706922523677349,7541.999999973971,7542.0,7542.0,0.0,1.0,0.0,0.008551942,0.000220593,1.0,0.0,0.015940353,1.0,0.0,0.0,0.0,0.0,0.0,0.0,0.0,0.0,0.0,0.0,0.0,1.0,0.0,0.0,0.0,0.0,0.0,0.0,0.0,0.0,0.0,0.0,0.0,7542.0,0.0,0.0,0.0,0.0,0.0,0.0,1.0,0.0,0.0,0.0,0.0,0.0,0.0,0.0,0.0,0.0,0.0,0.0,0.0,0.0,0.0,0.0,0.0,0.0,0.0,0.0
GAPMST-P32-LKH-BP-lift2-a8ef6cbbece9,GAPMST-P32-LKH-BP-lift2,GAPMST-P32-LKH-BP-lift2,bier127.tsp,/home/wj/code/TSP/data/classic/tsplib/bier127.tsp,ok,1,1,1,0,0,118282.0,True,451.0040332004428,117430.62999807068,118282.0,118282.0,0.0,716226.0,232121.0,0.32767435,0.028309035,1.0,0.0,0.083059715,486283.0,1204.0,1.0,7874.0,6991.0,127.0,6.0,1004.0,0.000812403,416.457519396012,27.182320552000355,3.459448097999995,64.0,657259.0,657259.0,0.0,10896627.0,0.0,0.0,0.0,0.0,12.0,0.0,12.0,118282.0,0.0,0.0,0.0,0.0,0.0,0.0,1.0,0.0,0.0,0.0,0.0,0.0,0.0,0.0,0.0,0.0,0.0,0.0,0.0,0.0,0.0,0.0,0.0,0.0,0.0,0.0
GAPMST-P32-LKH-BP-lift2-a8ef6cbbece9,GAPMST-P32-LKH-BP-lift2,GAPMST-P32-LKH-BP-lift2,brazil58.tsp,/home/wj/code/TSP/data/classic/tsplib/brazil58.tsp,ok,1,1,1,0,0,25395.0,True,0.08412967622280121,25354.239999786165,25395.0,25395.0,0.0,9.0,3.0,0.013369846,0.009738358,1.0,0.0,0.027458431,6.0,2.0,1.0,1595.0,1539.0,58.0,23.0,87.0,0.000310104,0.0005178730000000001,0.000115684,6.511899999999998e-05,64.0,6.0,6.0,0.0,76.0,0.0,0.0,0.0,0.0,3.0,0.0,0.0,25395.0,0.0,0.0,0.0,0.0,0.0,0.0,1.0,0.0,0.0,0.0,0.0,0.0,0.0,0.0,0.0,0.0,0.0,0.0,0.0,0.0,0.0,0.0,0.0,0.0,0.0,0.0
GAPMST-P32-LKH-BP-lift2-a8ef6cbbece9,GAPMST-P32-LKH-BP-lift2,GAPMST-P32-LKH-BP-lift2,brg180.tsp,/home/wj/code/TSP/data/classic/tsplib/brg180.tsp,ok,1,1,1,0,0,1950.0,True,0.35778917744755745,1949.6660590678675,1950.0,1950.0,0.0,1.0,0.0,0.076153922,0.080589997,1.0,0.0,0.161153587,1.0,0.0,0.0,0.0,0.0,0.0,0.0,0.0,0.0,0.0,0.0,0.0,64.0,0.0,0.0,0.0,0.0,0.0,0.0,0.0,0.0,0.0,0.0,0.0,1950.0,0.0,0.0,0.0,0.0,0.0,0.0,1.0,0.0,0.0,0.0,0.0,0.0,0.0,0.0,0.0,0.0,0.0,0.0,0.0,0.0,0.0,0.0,0.0,0.0,0.0,0.0
GAPMST-P32-LKH-BP-lift2-a8ef6cbbece9,GAPMST-P32-LKH-BP-lift2,GAPMST-P32-LKH-BP-lift2,burma14.tsp,/home/wj/code/TSP/data/classic/tsplib/burma14.tsp,ok,1,1,1,0,0,3323.0,True,0.012742387130856514,3322.999999998899,3323.0,3323.0,0.0,1.0,0.0,0.000164533,1.9443e-05,1.0,0.0,0.003914258,1.0,0.0,0.0,0.0,0.0,0.0,0.0,0.0,0.0,0.0,0.0,0.0,1.0,0.0,0.0,0.0,0.0,0.0,0.0,0.0,0.0,0.0,0.0,0.0,3323.0,0.0,0.0,0.0,0.0,0.0,0.0,1.0,0.0,0.0,0.0,0.0,0.0,0.0,0.0,0.0,0.0,0.0,0.0,0.0,0.0,0.0,0.0,0.0,0.0,0.0,0.0
GAPMST-P32-LKH-BP-lift2-a8ef6cbbece9,GAPMST-P32-LKH-BP-lift2,GAPMST-P32-LKH-BP-lift2,ch130.tsp,/home/wj/code/TSP/data/classic/tsplib/ch130.tsp,ok,1,1,1,0,0,6110.0,True,10.620658876374364,6074.619999904337,6110.0,6110.0,0.0,18038.0,5557.0,0.091829934,0.030251428,1.0,0.0,0.084491316,12539.0,7.0,1.0,8255.0,7816.0,130.0,14.0,555.0,0.00096778,9.724744286999986,0.510876389,0.0956270460000002,64.0,16836.0,16836.0,0.0,270441.0,0.0,0.0,0.0,0.0,9.0,0.0,0.0,6110.0,0.0,0.0,0.0,0.0,0.0,0.0,1.0,0.0,0.0,0.0,0.0,0.0,0.0,0.0,0.0,0.0,0.0,0.0,0.0,0.0,0.0,0.0,0.0,0.0,0.0,0.0
GAPMST-P32-LKH-BP-lift2-a8ef6cbbece9,GAPMST-P32-LKH-BP-lift2,GAPMST-P32-LKH-BP-lift2,ch150.tsp,/home/wj/code/TSP/data/classic/tsplib/ch150.tsp,ok,1,1,1,0,0,6528.0,True,11.316739259287715,6486.5499998695095,6528.0,6528.0,0.0,13209.0,4073.0,0.134618941,0.041382216,1.0,0.0,0.177661005,9174.0,11.0,1.0,11025.0,10518.0,150.0,4.0,653.0,0.001213811,10.339077596000024,0.4730623390000007,0.07623109500000004,64.0,12630.0,12630.0,0.0,201737.0,0.0,0.0,0.0,0.0,8.0,0.0,0.0,6528.0,0.0,0.0,0.0,0.0,0.0,0.0,1.0,0.0,0.0,0.0,0.0,0.0,0.0,0.0,0.0,0.0,0.0,0.0,0.0,0.0,0.0,0.0,0.0,0.0,0.0,0.0
GAPMST-P32-LKH-BP-lift2-a8ef6cbbece9,GAPMST-P32-LKH-BP-lift2,GAPMST-P32-LKH-BP-lift2,d198.tsp,/home/wj/code/TSP/data/classic/tsplib/d198.tsp,timeout,1,1,0,1,0,,True,1800.0,14572.88,15780.0,14572.88,0.0764968314321927,630689.0,190000.0,0.443180962,0.069110863,1.0,0.0,0.856542,,,1.0,19305.0,1075.0,198.0,0.0,18428.0,0.001743779,1489.55053,191.470398,8.487525,,,,,,,,,,,,0.0,15780.0,,,0.0,,,,,,,,,,,,,,,,,,,,,,,
GAPMST-P32-LKH-BP-lift2-a8ef6cbbece9,GAPMST-P32-LKH-BP-lift2,GAPMST-P32-LKH-BP-lift2,dantzig42.tsp,/home/wj/code/TSP/data/classic/tsplib/dantzig42.tsp,ok,1,1,1,0,0,699.0,True,0.08972778730094433,696.959999997658,699.0,699.0,0.0,9.0,2.0,0.004418676,0.006001692,1.0,0.0,0.023980038,7.0,3.0,1.0,819.0,796.0,42.0,27.0,35.0,0.000257588,0.00026800200000000004,5.252e-05,4.9455000000000014e-05,64.0,7.0,7.0,0.0,54.0,0.0,0.0,0.0,0.0,2.0,0.0,0.0,699.0,0.0,0.0,0.0,0.0,0.0,0.0,1.0,0.0,0.0,0.0,0.0,0.0,0.0,0.0,0.0,0.0,0.0,0.0,0.0,0.0,0.0,0.0,0.0,0.0,0.0,0.0
GAPMST-P32-LKH-BP-lift2-a8ef6cbbece9,GAPMST-P32-LKH-BP-lift2,GAPMST-P32-LKH-BP-lift2,dj38.tsp,/home/wj/code/TSP/data/classic/national/dj38.tsp,ok,1,1,1,0,0,6656.0,True,0.03926847502589226,6655.999999981781,6656.0,6656.0,0.0,1.0,0.0,0.002221426,0.000116184,1.0,0.0,0.009509435,1.0,0.0,0.0,0.0,0.0,0.0,0.0,0.0,0.0,0.0,0.0,0.0,1.0,0.0,0.0,0.0,0.0,0.0,0.0,0.0,0.0,0.0,0.0,0.0,6656.0,0.0,0.0,0.0,0.0,0.0,0.0,1.0,0.0,0.0,0.0,0.0,0.0,0.0,0.0,0.0,0.0,0.0,0.0,0.0,0.0,0.0,0.0,0.0,0.0,0.0,0.0
GAPMST-P32-LKH-BP-lift2-a8ef6cbbece9,GAPMST-P32-LKH-BP-lift2,GAPMST-P32-LKH-BP-lift2,eil101.tsp,/home/wj/code/TSP/data/classic/tsplib/eil101.tsp,ok,1,1,1,0,0,629.0,True,0.16779898293316364,627.3329762117957,629.0,629.0,0.0,78.0,25.0,0.049383816,0.017438775,1.0,0.0,0.041316831,53.0,1.0,1.0,4949.0,4875.0,101.0,47.0,123.0,0.000513576,0.013540125999999996,0.000546342,0.000191363,64.0,67.0,67.0,0.0,1341.0,0.0,0.0,0.0,0.0,5.0,0.0,0.0,629.0,0.0,0.0,0.0,0.0,0.0,0.0,1.0,0.0,0.0,0.0,0.0,0.0,0.0,0.0,0.0,0.0,0.0,0.0,0.0,0.0,0.0,0.0,0.0,0.0,0.0,0.0
GAPMST-P32-LKH-BP-lift2-a8ef6cbbece9,GAPMST-P32-LKH-BP-lift2,GAPMST-P32-LKH-BP-lift2,eil51.tsp,/home/wj/code/TSP/data/classic/tsplib/eil51.tsp,ok,1,1,1,0,0,426.0,True,0.07619278505444527,422.4399999987474,426.0,426.0,0.0,155.0,57.0,0.007662664,0.010020692,1.0,0.0,0.028699312,99.0,19.0,1.0,1224.0,1159.0,51.0,7.0,109.0,0.000242206,0.02028367299999999,0.0011132119999999997,0.0001594770000000001,64.0,142.0,142.0,0.0,2428.0,0.0,0.0,0.0,0.0,6.0,0.0,0.0,426.0,0.0,0.0,0.0,0.0,0.0,0.0,1.0,0.0,0.0,0.0,0.0,0.0,0.0,0.0,0.0,0.0,0.0,0.0,0.0,0.0,0.0,0.0,0.0,0.0,0.0,0.0
GAPMST-P32-LKH-BP-lift2-a8ef6cbbece9,GAPMST-P32-LKH-BP-lift2,GAPMST-P32-LKH-BP-lift2,eil76.tsp,/home/wj/code/TSP/data/classic/tsplib/eil76.tsp,ok,1,1,1,0,0,538.0,True,0.10421464964747429,536.969999996869,538.0,538.0,0.0,5.0,2.0,0.019971315,0.011540541,1.0,0.0,0.038806254,3.0,6.0,1.0,2774.0,2755.0,76.0,61.0,31.0,0.000256241,0.00012700800000000001,4.0617e-05,3.741e-05,64.0,4.0,4.0,0.0,45.0,0.0,0.0,0.0,0.0,2.0,0.0,0.0,538.0,0.0,0.0,0.0,0.0,0.0,0.0,1.0,0.0,0.0,0.0,0.0,0.0,0.0,0.0,0.0,0.0,0.0,0.0,0.0,0.0,0.0,0.0,0.0,0.0,0.0,0.0
GAPMST-P32-LKH-BP-lift2-a8ef6cbbece9,GAPMST-P32-LKH-BP-lift2,GAPMST-P32-LKH-BP-lift2,fri26.tsp,/home/wj/code/TSP/data/classic/tsplib/fri26.tsp,ok,1,1,1,0,0,937.0,True,0.037558043375611305,936.9999999984229,937.0,937.0,0.0,1.0,0.0,0.000623954,0.000327715,1.0,0.0,0.010336012,1.0,0.0,0.0,0.0,0.0,0.0,0.0,0.0,0.0,0.0,0.0,0.0,15.0,0.0,0.0,0.0,0.0,0.0,0.0,0.0,0.0,0.0,0.0,0.0,937.0,0.0,0.0,0.0,0.0,0.0,0.0,1.0,0.0,0.0,0.0,0.0,0.0,0.0,0.0,0.0,0.0,0.0,0.0,0.0,0.0,0.0,0.0,0.0,0.0,0.0,0.0
GAPMST-P32-LKH-BP-lift2-a8ef6cbbece9,GAPMST-P32-LKH-BP-lift2,GAPMST-P32-LKH-BP-lift2,gr120.tsp,/home/wj/code/TSP/data/classic/tsplib/gr120.tsp,ok,1,1,1,0,0,6942.0,True,1.3660839572548866,6909.959999893309,6942.0,6942.0,0.0,2312.0,786.0,0.131038885,0.025253657,1.0,0.0,0.062104687,1540.0,0.0,1.0,7020.0,6727.0,120.0,13.0,397.0,0.000714513,1.035029994000001,0.06095311900000004,0.002345114,64.0,2162.0,2162.0,0.0,36958.0,0.0,0.0,0.0,0.0,24.0,0.0,0.0,6942.0,0.0,0.0,0.0,0.0,0.0,0.0,1.0,0.0,0.0,0.0,0.0,0.0,0.0,0.0,0.0,0.0,0.0,0.0,0.0,0.0,0.0,0.0,0.0,0.0,0.0,0.0
GAPMST-P32-LKH-BP-lift2-a8ef6cbbece9,GAPMST-P32-LKH-BP-lift2,GAPMST-P32-LKH-BP-lift2,gr137.tsp,/home/wj/code/TSP/data/classic/tsplib/gr137.tsp,ok,1,1,1,0,0,69853.0,True,3.84132232517004,69113.08999838053,69853.0,69853.0,0.0,5882.0,2016.0,0.149022587,0.031282231,1.0,0.0,0.098656546,3888.0,0.0,1.0,9179.0,8325.0,137.0,3.0,988.0,0.001008046,3.2347382360000028,0.253246021,0.030505509000000014,64.0,5326.0,5326.0,0.0,89257.0,0.0,0.0,0.0,0.0,11.0,0.0,0.0,69853.0,0.0,0.0,0.0,0.0,0.0,0.0,1.0,0.0,0.0,0.0,0.0,0.0,0.0,0.0,0.0,0.0,0.0,0.0,0.0,0.0,0.0,0.0,0.0,0.0,0.0,0.0
GAPMST-P32-LKH-BP-lift2-a8ef6cbbece9,GAPMST-P32-LKH-BP-lift2,GAPMST-P32-LKH-BP-lift2,gr17.tsp,/home/wj/code/TSP/data/classic/tsplib/gr17.tsp,ok,1,1,1,0,0,2085.0,True,0.0274359118193388,2084.999999998326,2085.0,2085.0,0.0,1.0,0.0,0.000111613,1.0737e-05,1.0,0.0,0.002741031,1.0,0.0,0.0,0.0,0.0,0.0,0.0,0.0,0.0,0.0,0.0,0.0,1.0,0.0,0.0,0.0,0.0,0.0,0.0,0.0,0.0,0.0,0.0,0.0,2085.0,0.0,0.0,0.0,0.0,0.0,0.0,1.0,0.0,0.0,0.0,0.0,0.0,0.0,0.0,0.0,0.0,0.0,0.0,0.0,0.0,0.0,0.0,0.0,0.0,0.0,0.0
GAPMST-P32-LKH-BP-lift2-a8ef6cbbece9,GAPMST-P32-LKH-BP-lift2,GAPMST-P32-LKH-BP-lift2,gr21.tsp,/home/wj/code/TSP/data/classic/tsplib/gr21.tsp,ok,1,1,1,0,0,2707.0,True,0.05935976468026638,2706.9999999973675,2707.0,2707.0,0.0,1.0,0.0,0.000311329,2.8544e-05,1.0,0.0,0.005409198,1.0,0.0,0.0,0.0,0.0,0.0,0.0,0.0,0.0,0.0,0.0,0.0,1.0,0.0,0.0,0.0,0.0,0.0,0.0,0.0,0.0,0.0,0.0,0.0,2707.0,0.0,0.0,0.0,0.0,0.0,0.0,1.0,0.0,0.0,0.0,0.0,0.0,0.0,0.0,0.0,0.0,0.0,0.0,0.0,0.0,0.0,0.0,0.0,0.0,0.0,0.0
GAPMST-P32-LKH-BP-lift2-a8ef6cbbece9,GAPMST-P32-LKH-BP-lift2,GAPMST-P32-LKH-BP-lift2,gr24.tsp,/home/wj/code/TSP/data/classic/tsplib/gr24.tsp,ok,1,1,1,0,0,1272.0,True,0.034965816885232925,1271.999889186537,1272.0,1272.0,0.0,1.0,0.0,0.000328511,0.000549475,1.0,0.0,0.010102253,1.0,0.0,0.0,0.0,0.0,0.0,0.0,0.0,0.0,0.0,0.0,0.0,64.0,0.0,0.0,0.0,0.0,0.0,0.0,0.0,0.0,0.0,0.0,0.0,1272.0,0.0,0.0,0.0,0.0,0.0,0.0,1.0,0.0,0.0,0.0,0.0,0.0,0.0,0.0,0.0,0.0,0.0,0.0,0.0,0.0,0.0,0.0,0.0,0.0,0.0,0.0
GAPMST-P32-LKH-BP-lift2-a8ef6cbbece9,GAPMST-P32-LKH-BP-lift2,GAPMST-P32-LKH-BP-lift2,gr48.tsp,/home/wj/code/TSP/data/classic/tsplib/gr48.tsp,ok,1,1,1,0,0,5046.0,True,0.22744338028132915,4958.9599999858965,5046.0,5046.0,0.0,1449.0,431.0,0.007242025,0.008403106,1.0,0.0,0.033276323,1023.0,0.0,1.0,1080.0,927.0,48.0,4.0,197.0,0.000297602,0.1289463239999998,0.00915818399999999,0.0005652710000000011,64.0,1343.0,1343.0,0.0,19440.0,0.0,0.0,0.0,0.0,9.0,0.0,0.0,5046.0,0.0,0.0,0.0,0.0,0.0,0.0,1.0,0.0,0.0,0.0,0.0,0.0,0.0,0.0,0.0,0.0,0.0,0.0,0.0,0.0,0.0,0.0,0.0,0.0,0.0,0.0
GAPMST-P32-LKH-BP-lift2-a8ef6cbbece9,GAPMST-P32-LKH-BP-lift2,GAPMST-P32-LKH-BP-lift2,gr96.tsp,/home/wj/code/TSP/data/classic/tsplib/gr96.tsp,ok,1,1,1,0,0,55209.0,True,0.5495437812060118,54569.47999942845,55209.0,55209.0,0.0,1267.0,453.0,0.047174909,0.014610686,1.0,0.0,0.066763362,817.0,5.0,1.0,4464.0,4031.0,96.0,1.0,528.0,0.000464626,0.36381728400000024,0.030436923999999987,0.003193209999999992,64.0,1198.0,1198.0,0.0,20034.0,0.0,0.0,0.0,0.0,10.0,0.0,0.0,55209.0,0.0,0.0,0.0,0.0,0.0,0.0,1.0,0.0,0.0,0.0,0.0,0.0,0.0,0.0,0.0,0.0,0.0,0.0,0.0,0.0,0.0,0.0,0.0,0.0,0.0,0.0
GAPMST-P32-LKH-BP-lift2-a8ef6cbbece9,GAPMST-P32-LKH-BP-lift2,GAPMST-P32-LKH-BP-lift2,hk48.tsp,/home/wj/code/TSP/data/classic/tsplib/hk48.tsp,ok,1,1,1,0,0,11461.0,True,0.050424130633473396,11444.019999961509,11461.0,11461.0,0.0,8.0,2.0,0.005234343,0.008868802,1.0,0.0,0.014696393,6.0,2.0,1.0,1080.0,1056.0,48.0,32.0,32.0,0.000195129,0.000200598,0.0,3.5026999999999995e-05,64.0,7.0,7.0,0.0,62.0,0.0,0.0,0.0,0.0,2.0,0.0,0.0,11461.0,0.0,0.0,0.0,0.0,0.0,0.0,1.0,0.0,0.0,0.0,0.0,0.0,0.0,0.0,0.0,0.0,0.0,0.0,0.0,0.0,0.0,0.0,0.0,0.0,0.0,0.0
GAPMST-P32-LKH-BP-lift2-a8ef6cbbece9,GAPMST-P32-LKH-BP-lift2,GAPMST-P32-LKH-BP-lift2,kroA100.tsp,/home/wj/code/TSP/data/classic/tsplib/kroA100.tsp,ok,1,1,1,0,0,21282.0,True,5.981230398640037,20936.47999972256,21282.0,21282.0,0.0,12975.0,3695.0,0.053383327,0.016827135,1.0,0.0,0.054123765,9309.0,0.0,1.0,4850.0,4262.0,100.0,0.0,688.0,0.000478906,5.448398831000005,0.3075760409999996,0.03159448299999981,64.0,12293.0,12293.0,0.0,179547.0,0.0,0.0,0.0,0.0,21.0,0.0,0.0,21282.0,0.0,0.0,0.0,0.0,0.0,0.0,1.0,0.0,0.0,0.0,0.0,0.0,0.0,0.0,0.0,0.0,0.0,0.0,0.0,0.0,0.0,0.0,0.0,0.0,0.0,0.0
GAPMST-P32-LKH-BP-lift2-a8ef6cbbece9,GAPMST-P32-LKH-BP-lift2,GAPMST-P32-LKH-BP-lift2,kroA150.tsp,/home/wj/code/TSP/data/classic/tsplib/kroA150.tsp,ok,1,1,1,0,0,26524.0,True,19.983261939138174,26293.169999357702,26524.0,26524.0,0.0,21155.0,6789.0,0.189077161,0.041408111,1.0,0.0,0.17141426,14445.0,1.0,1.0,11025.0,10288.0,150.0,4.0,883.0,0.001289313,18.416397259000153,0.9013004559999968,0.13910783699999923,64.0,20242.0,20242.0,0.0,336924.0,0.0,0.0,0.0,0.0,7.0,0.0,0.0,26524.0,0.0,0.0,0.0,0.0,0.0,0.0,1.0,0.0,0.0,0.0,0.0,0.0,0.0,0.0,0.0,0.0,0.0,0.0,0.0,0.0,0.0,0.0,0.0,0.0,0.0,0.0
GAPMST-P32-LKH-BP-lift2-a8ef6cbbece9,GAPMST-P32-LKH-BP-lift2,GAPMST-P32-LKH-BP-lift2,kroB100.tsp,/home/wj/code/TSP/data/classic/tsplib/kroB100.tsp,ok,1,1,1,0,0,22141.0,True,2.8466876838356256,21831.699999692984,22141.0,22141.0,0.0,5505.0,1794.0,0.047959357,0.017099582,1.0,0.0,0.098784126,3731.0,0.0,1.0,4850.0,4248.0,100.0,2.0,700.0,0.000505175,2.4698004300000034,0.14758185899999987,0.014753647999999966,64.0,5075.0,5075.0,0.0,79831.0,0.0,0.0,0.0,0.0,12.0,0.0,0.0,22141.0,0.0,0.0,0.0,0.0,0.0,0.0,1.0,0.0,0.0,0.0,0.0,0.0,0.0,0.0,0.0,0.0,0.0,0.0,0.0,0.0,0.0,0.0,0.0,0.0,0.0,0.0
GAPMST-P32-LKH-BP-lift2-a8ef6cbbece9,GAPMST-P32-LKH-BP-lift2,GAPMST-P32-LKH-BP-lift2,kroB150.tsp,/home/wj/code/TSP/data/classic/tsplib/kroB150.tsp,timeout,1,1,0,1,0,,True,1800.0,25732.42,26130.0,25732.42,0.01521546115575973,1575402.0,480000.0,0.241067776,0.041318267,1.0,0.0,0.369867,,,1.0,11025.0,9567.0,150.0,0.0,1608.0,0.00119638,1654.825276,86.34779194,11.67833037,,,,,,,,,,,,0.0,26130.0,,,0.0,,,,,,,,,,,,,,,,,,,,,,,
GAPMST-P32-LKH-BP-lift2-a8ef6cbbece9,GAPMST-P32-LKH-BP-lift2,GAPMST-P32-LKH-BP-lift2,kroC100.tsp,/home/wj/code/TSP/data/classic/tsplib/kroC100.tsp,ok,1,1,1,0,0,20749.0,True,1.7962301410734653,20472.489999725905,20749.0,20749.0,0.0,4011.0,1241.0,0.0497274,0.017400354,1.0,0.0,0.038872628,2782.0,0.0,1.0,4850.0,4325.0,100.0,2.0,623.0,0.000554346,1.5578827500000043,0.09708488800000008,0.010554543999999983,64.0,3774.0,3774.0,0.0,57697.0,0.0,0.0,0.0,0.0,13.0,0.0,0.0,20749.0,0.0,0.0,0.0,0.0,0.0,0.0,1.0,0.0,0.0,0.0,0.0,0.0,0.0,0.0,0.0,0.0,0.0,0.0,0.0,0.0,0.0,0.0,0.0,0.0,0.0,0.0
GAPMST-P32-LKH-BP-lift2-a8ef6cbbece9,GAPMST-P32-LKH-BP-lift2,GAPMST-P32-LKH-BP-lift2,kroD100.tsp,/home/wj/code/TSP/data/classic/tsplib/kroD100.tsp,ok,1,1,1,0,0,21294.0,True,0.2764035537838936,21141.459999730672,21294.0,21294.0,0.0,502.0,130.0,0.053424312,0.016971224,1.0,0.0,0.050422529,374.0,0.0,1.0,4850.0,4553.0,100.0,17.0,379.0,0.000521826,0.13786341900000007,0.008336056,0.0005530599999999997,64.0,456.0,456.0,0.0,6301.0,0.0,0.0,0.0,0.0,20.0,0.0,0.0,21294.0,0.0,0.0,0.0,0.0,0.0,0.0,1.0,0.0,0.0,0.0,0.0,0.0,0.0,0.0,0.0,0.0,0.0,0.0,0.0,0.0,0.0,0.0,0.0,0.0,0.0,0.0
GAPMST-P32-LKH-BP-lift2-a8ef6cbbece9,GAPMST-P32-LKH-BP-lift2,GAPMST-P32-LKH-BP-lift2,kroE100.tsp,/home/wj/code/TSP/data/classic/tsplib/kroE100.tsp,ok,1,1,1,0,0,22068.0,True,12.251622738316655,21799.409999721556,22068.0,22068.0,0.0,32765.0,9627.0,0.050139591,0.016926091,1.0,0.0,0.146367,23229.0,71.0,1.0,4850.0,4394.0,100.0,5.0,551.0,0.000531457,11.148461103000082,0.6564431320000002,0.0946857570000001,64.0,30997.0,30997.0,0.0,464534.0,0.0,0.0,0.0,0.0,17.0,0.0,0.0,22068.0,0.0,0.0,0.0,0.0,0.0,0.0,1.0,0.0,0.0,0.0,0.0,0.0,0.0,0.0,0.0,0.0,0.0,0.0,0.0,0.0,0.0,0.0,0.0,0.0,0.0,0.0
GAPMST-P32-LKH-BP-lift2-a8ef6cbbece9,GAPMST-P32-LKH-BP-lift2,GAPMST-P32-LKH-BP-lift2,lin105.tsp,/home/wj/code/TSP/data/classic/tsplib/lin105.tsp,ok,1,1,1,0,0,14379.0,True,0.1445061881095171,14370.479999775862,14379.0,14379.0,0.0,4.0,1.0,0.068303563,0.017591719,1.0,0.0,0.043782102,3.0,3.0,1.0,5355.0,5319.0,105.0,87.0,39.0,0.00048,4.9255e-05,0.0,5.796e-05,64.0,2.0,2.0,0.0,13.0,0.0,0.0,0.0,0.0,1.0,0.0,0.0,14379.0,0.0,0.0,0.0,0.0,0.0,0.0,1.0,0.0,0.0,0.0,0.0,0.0,0.0,0.0,0.0,0.0,0.0,0.0,0.0,0.0,0.0,0.0,0.0,0.0,0.0,0.0
GAPMST-P32-LKH-BP-lift2-a8ef6cbbece9,GAPMST-P32-LKH-BP-lift2,GAPMST-P32-LKH-BP-lift2,pr107.tsp,/home/wj/code/TSP/data/classic/tsplib/pr107.tsp,timeout,1,1,0,1,0,,True,1800.0,40065.34082,44303.0,40065.34082,0.09565174322280663,2305381.0,630000.0,0.055637106,0.018188575,1.0,0.0,0.051301,,,1.0,5564.0,151.0,107.0,0.0,5520.0,0.00041804,1543.520975,210.5691787,8.001771352,,,,,,,,,,,,0.0,44303.0,,,0.0,,,,,,,,,,,,,,,,,,,,,,,
GAPMST-P32-LKH-BP-lift2-a8ef6cbbece9,GAPMST-P32-LKH-BP-lift2,GAPMST-P32-LKH-BP-lift2,pr124.tsp,/home/wj/code/TSP/data/classic/tsplib/pr124.tsp,ok,1,1,1,0,0,59030.0,True,1.5081613585352898,58060.599998730104,59030.0,59030.0,0.0,2156.0,750.0,0.069329653,0.024982644,1.0,0.0,0.087494049,1411.0,0.0,1.0,7502.0,6430.0,124.0,0.0,1196.0,0.000714111,1.194629421999998,0.09993906999999995,0.0049436880000000025,64.0,2005.0,2005.0,0.0,33037.0,0.0,0.0,0.0,0.0,17.0,0.0,0.0,59030.0,0.0,0.0,0.0,0.0,0.0,0.0,1.0,0.0,0.0,0.0,0.0,0.0,0.0,0.0,0.0,0.0,0.0,0.0,0.0,0.0,0.0,0.0,0.0,0.0,0.0,0.0
GAPMST-P32-LKH-BP-lift2-a8ef6cbbece9,GAPMST-P32-LKH-BP-lift2,GAPMST-P32-LKH-BP-lift2,pr136.tsp,/home/wj/code/TSP/data/classic/tsplib/pr136.tsp,ok,1,1,1,0,0,96772.0,True,586.0227054618299,95859.17999828939,96772.0,96772.0,0.0,877054.0,306306.0,0.360678016,0.032296171,1.0,0.0,0.221075481,575638.0,39.0,1.0,9044.0,8316.0,136.0,0.0,864.0,0.000966971,538.6080471630241,36.90628278599989,5.343202517999827,64.0,770825.0,770825.0,0.0,14677268.0,0.0,0.0,0.0,0.0,26.0,0.0,12.0,96772.0,0.0,0.0,0.0,0.0,0.0,0.0,1.0,0.0,0.0,0.0,0.0,0.0,0.0,0.0,0.0,0.0,0.0,0.0,0.0,0.0,0.0,0.0,0.0,0.0,0.0,0.0
GAPMST-P32-LKH-BP-lift2-a8ef6cbbece9,GAPMST-P32-LKH-BP-lift2,GAPMST-P32-LKH-BP-lift2,pr144.tsp,/home/wj/code/TSP/data/classic/tsplib/pr144.tsp,ok,1,1,1,0,0,58537.0,True,3.9820475913584232,57892.66276212371,58537.0,58537.0,0.0,4521.0,1572.0,0.067317635,0.03378132,1.0,0.0,0.185957287,2972.0,0.0,1.0,10152.0,8721.0,144.0,3.0,1572.0,0.001033391,3.351958661999995,0.27853755499999994,0.023616570000000038,64.0,4218.0,4218.0,0.0,74189.0,0.0,0.0,0.0,0.0,26.0,0.0,0.0,58537.0,0.0,0.0,0.0,0.0,0.0,0.0,1.0,0.0,0.0,0.0,0.0,0.0,0.0,0.0,0.0,0.0,0.0,0.0,0.0,0.0,0.0,0.0,0.0,0.0,0.0,0.0
GAPMST-P32-LKH-BP-lift2-a8ef6cbbece9,GAPMST-P32-LKH-BP-lift2,GAPMST-P32-LKH-BP-lift2,pr152.tsp,/home/wj/code/TSP/data/classic/tsplib/pr152.tsp,timeout,1,1,0,1,0,,True,1800.0,69999.92364,73682.0,69999.92364,0.04997253549035051,1005011.0,320000.0,0.146269671,0.039907225,1.0,0.0,0.310654,,,1.0,11324.0,4683.0,152.0,0.0,6793.0,0.001024392,1567.785347,171.3273692,6.000875175,,,,,,,,,,,,0.0,73682.0,,,0.0,,,,,,,,,,,,,,,,,,,,,,,
GAPMST-P32-LKH-BP-lift2-a8ef6cbbece9,GAPMST-P32-LKH-BP-lift2,GAPMST-P32-LKH-BP-lift2,pr76.tsp,/home/wj/code/TSP/data/classic/tsplib/pr76.tsp,ok,1,1,1,0,0,108159.0,True,180.24299995973706,105050.5999992225,108159.0,108159.0,0.0,731879.0,217361.0,0.13201475699999998,0.009905122,1.0,0.0,0.071407281,516560.0,0.0,1.0,2774.0,1991.0,76.0,1.0,858.0,0.000310114,158.73492079699906,15.939930408000311,2.630202545999959,64.0,668488.0,668488.0,0.0,10089326.0,0.0,0.0,0.0,0.0,33.0,0.0,12.0,108159.0,0.0,0.0,0.0,0.0,0.0,0.0,1.0,0.0,0.0,0.0,0.0,0.0,0.0,0.0,0.0,0.0,0.0,0.0,0.0,0.0,0.0,0.0,0.0,0.0,0.0,0.0
GAPMST-P32-LKH-BP-lift2-a8ef6cbbece9,GAPMST-P32-LKH-BP-lift2,GAPMST-P32-LKH-BP-lift2,qa194.tsp,/home/wj/code/TSP/data/classic/national/qa194.tsp,timeout,1,1,0,1,0,,True,1800.0,9265.17,9352.0,9265.17,0.009284644995722832,1372831.0,490000.0,0.628237155,0.068547931,1.0,0.0,0.362647,,,1.0,18527.0,16612.0,194.0,1.0,2108.0,0.00224568,1643.345125,111.0547899,14.96707133,,,,,,,,,,,,0.0,9352.0,,,0.0,,,,,,,,,,,,,,,,,,,,,,,
GAPMST-P32-LKH-BP-lift2-a8ef6cbbece9,GAPMST-P32-LKH-BP-lift2,GAPMST-P32-LKH-BP-lift2,rat195.tsp,/home/wj/code/TSP/data/classic/tsplib/rat195.tsp,ok,1,1,1,0,0,2323.0,True,238.87813336588442,2291.959999919687,2323.0,2323.0,0.0,160402.0,49259.0,0.296091566,0.067876509,1.0,0.0,0.727886843,111828.0,0.0,1.0,18720.0,16371.0,195.0,0.0,2544.0,0.002114604,221.22216716799304,14.263430697999953,1.0013145149999807,64.0,154286.0,154286.0,0.0,2527203.0,0.0,0.0,0.0,0.0,23.0,0.0,0.0,2323.0,0.0,0.0,0.0,0.0,0.0,0.0,1.0,0.0,0.0,0.0,0.0,0.0,0.0,0.0,0.0,0.0,0.0,0.0,0.0,0.0,0.0,0.0,0.0,0.0,0.0,0.0
GAPMST-P32-LKH-BP-lift2-a8ef6cbbece9,GAPMST-P32-LKH-BP-lift2,GAPMST-P32-LKH-BP-lift2,rat99.tsp,/home/wj/code/TSP/data/classic/tsplib/rat99.tsp,ok,1,1,1,0,0,1211.0,True,0.14067292027175426,1205.9499999855982,1211.0,1211.0,0.0,39.0,15.0,0.044325984,0.015293638,1.0,0.0,0.04799876,24.0,4.0,1.0,4752.0,4629.0,99.0,29.0,178.0,0.000499807,0.006589010000000001,0.00086159,0.00014082000000000002,64.0,36.0,36.0,0.0,655.0,0.0,0.0,0.0,0.0,3.0,0.0,0.0,1211.0,0.0,0.0,0.0,0.0,0.0,0.0,1.0,0.0,0.0,0.0,0.0,0.0,0.0,0.0,0.0,0.0,0.0,0.0,0.0,0.0,0.0,0.0,0.0,0.0,0.0,0.0
GAPMST-P32-LKH-BP-lift2-a8ef6cbbece9,GAPMST-P32-LKH-BP-lift2,GAPMST-P32-LKH-BP-lift2,rd100.tsp,/home/wj/code/TSP/data/classic/tsplib/rd100.tsp,ok,1,1,1,0,0,7910.0,True,0.1634381264448166,7897.20107452616,7910.0,7910.0,0.0,21.0,6.0,0.053576461,0.017086072,1.0,0.0,0.064556852,15.0,1.0,1.0,4850.0,4759.0,100.0,43.0,144.0,0.000520728,0.0026271730000000004,0.00045098799999999993,0.000113364,64.0,17.0,17.0,0.0,214.0,0.0,0.0,0.0,0.0,5.0,0.0,0.0,7910.0,0.0,0.0,0.0,0.0,0.0,0.0,1.0,0.0,0.0,0.0,0.0,0.0,0.0,0.0,0.0,0.0,0.0,0.0,0.0,0.0,0.0,0.0,0.0,0.0,0.0,0.0
GAPMST-P32-LKH-BP-lift2-a8ef6cbbece9,GAPMST-P32-LKH-BP-lift2,GAPMST-P32-LKH-BP-lift2,si175.tsp,/home/wj/code/TSP/data/classic/tsplib/si175.tsp,timeout,1,1,0,1,0,,True,1800.0,21373.58,21407.0,21373.58,0.0015611715793898376,2984493.0,900000.0,0.214369645,0.052879935,1.0,0.0,0.33527,,,1.0,15050.0,13917.0,175.0,12.0,1296.0,0.001652127,1624.578806,119.927479,27.43120514,,,,,,,,,,,,0.0,21407.0,,,0.0,,,,,,,,,,,,,,,,,,,,,,,
GAPMST-P32-LKH-BP-lift2-a8ef6cbbece9,GAPMST-P32-LKH-BP-lift2,GAPMST-P32-LKH-BP-lift2,st70.tsp,/home/wj/code/TSP/data/classic/tsplib/st70.tsp,ok,1,1,1,0,0,675.0,True,0.10113133303821087,670.9399999952018,675.0,675.0,0.0,23.0,6.0,0.019378407,0.010273196,1.0,0.0,0.039796708,18.0,0.0,1.0,2345.0,2230.0,70.0,19.0,158.0,0.000336461,0.0034271200000000005,0.00019743900000000002,0.00012091999999999999,64.0,22.0,22.0,0.0,348.0,0.0,0.0,0.0,0.0,5.0,0.0,0.0,675.0,0.0,0.0,0.0,0.0,0.0,0.0,1.0,0.0,0.0,0.0,0.0,0.0,0.0,0.0,0.0,0.0,0.0,0.0,0.0,0.0,0.0,0.0,0.0,0.0,0.0,0.0
GAPMST-P32-LKH-BP-lift2-a8ef6cbbece9,GAPMST-P32-LKH-BP-lift2,GAPMST-P32-LKH-BP-lift2,swiss42.tsp,/home/wj/code/TSP/data/classic/tsplib/swiss42.tsp,ok,1,1,1,0,0,1273.0,True,0.051778171211481094,1271.9619537743815,1273.0,1273.0,0.0,3.0,1.0,0.003901193,0.005551936,1.0,0.0,0.014663652,2.0,0.0,1.0,819.0,812.0,42.0,35.0,14.0,0.000253385,5.8624e-05,0.0,2.1954999999999996e-05,64.0,2.0,2.0,0.0,11.0,0.0,0.0,0.0,0.0,1.0,0.0,0.0,1273.0,0.0,0.0,0.0,0.0,0.0,0.0,1.0,0.0,0.0,0.0,0.0,0.0,0.0,0.0,0.0,0.0,0.0,0.0,0.0,0.0,0.0,0.0,0.0,0.0,0.0,0.0
GAPMST-P32-LKH-BP-lift2-a8ef6cbbece9,GAPMST-P32-LKH-BP-lift2,GAPMST-P32-LKH-BP-lift2,u159.tsp,/home/wj/code/TSP/data/classic/tsplib/u159.tsp,ok,1,1,1,0,0,42080.0,True,1.0468013398349285,41924.95999885369,42080.0,42080.0,0.0,1259.0,398.0,0.184410855,0.043197566,1.0,0.0,0.08061195,864.0,12.0,1.0,12402.0,12066.0,159.0,19.0,471.0,0.001355461,0.6568729080000009,0.042076586000000034,0.005737797999999982,64.0,1183.0,1183.0,0.0,18640.0,0.0,0.0,0.0,0.0,7.0,0.0,0.0,42080.0,0.0,0.0,0.0,0.0,0.0,0.0,1.0,0.0,0.0,0.0,0.0,0.0,0.0,0.0,0.0,0.0,0.0,0.0,0.0,0.0,0.0,0.0,0.0,0.0,0.0,0.0
GAPMST-P32-LKH-BP-lift2-a8ef6cbbece9,GAPMST-P32-LKH-BP-lift2,GAPMST-P32-LKH-BP-lift2,ulysses16.tsp,/home/wj/code/TSP/data/classic/tsplib/ulysses16.tsp,ok,1,1,1,0,0,6859.0,True,0.0482520367950201,6858.999999996325,6859.0,6859.0,0.0,1.0,0.0,0.000223442,2.1404e-05,1.0,0.0,0.004687285,1.0,0.0,0.0,0.0,0.0,0.0,0.0,0.0,0.0,0.0,0.0,0.0,1.0,0.0,0.0,0.0,0.0,0.0,0.0,0.0,0.0,0.0,0.0,0.0,6859.0,0.0,0.0,0.0,0.0,0.0,0.0,1.0,0.0,0.0,0.0,0.0,0.0,0.0,0.0,0.0,0.0,0.0,0.0,0.0,0.0,0.0,0.0,0.0,0.0,0.0,0.0
GAPMST-P32-LKH-BP-lift2-a8ef6cbbece9,GAPMST-P32-LKH-BP-lift2,GAPMST-P32-LKH-BP-lift2,wi29.tsp,/home/wj/code/TSP/data/classic/national/wi29.tsp,ok,1,1,1,0,0,27603.0,True,0.059288324788212776,27602.999999952015,27603.0,27603.0,0.0,1.0,0.0,0.001229565,6.754e-05,1.0,0.0,0.007793605,1.0,0.0,0.0,0.0,0.0,0.0,0.0,0.0,0.0,0.0,0.0,0.0,1.0,0.0,0.0,0.0,0.0,0.0,0.0,0.0,0.0,0.0,0.0,0.0,27603.0,0.0,0.0,0.0,0.0,0.0,0.0,1.0,0.0,0.0,0.0,0.0,0.0,0.0,0.0,0.0,0.0,0.0,0.0,0.0,0.0,0.0,0.0,0.0,0.0,0.0,0.0
GAPMST-P32-LKH-BP-lift2-a8ef6cbbece9,GAPMST-P32-LKH-BP-lift2,GAPMST-P32-LKH-BP-lift2,xqf131.tsp,/home/wj/code/TSP/data/classic/vlsi/vlsi/xqf131.tsp,timeout,1,1,0,1,0,,True,1800.0,555.6016199,564.0,555.6016199,0.014890744858156123,2870360.0,880000.0,0.085990078,0.028723065,1.0,0.0,0.255529,,,1.0,8384.0,7201.0,131.0,2.0,1312.0,0.00091035,1636.962309,114.4306638,22.164765,,,,,,,,,,,,0.0,564.0,,,0.0,,,,,,,,,,,,,,,,,,,,,,,
GAPMST-P32-LKH-BP-lift2-split2-8625e3037a75,GAPMST-P32-LKH-BP-lift2-split2,GAPMST-P32-LKH-BP-lift2-split2,att48.tsp,/home/wj/code/TSP/data/classic/tsplib/att48.tsp,ok,1,1,1,0,0,10628.0,True,0.05410127714276314,10602.983665769503,10628.0,10628.0,0.0,11.0,2.0,0.007917776,0.007915533,1.0,0.0,0.021694064,7.0,0.0,1.0,1080.0,1037.0,48.0,14.0,75.0,0.000314666,0.000920748,4.9235e-05,8.655600000000003e-05,64.0,8.0,8.0,0.0,105.0,0.0,0.0,0.0,0.0,2.0,2.0,0.0,10628.0,0.0,0.0,0.0,0.0,0.0,0.0,1.0,0.0,0.0,0.0,0.0,0.0,0.0,0.0,0.0,0.0,0.0,0.0,0.0,0.0,0.0,0.0,0.0,0.0,0.0,0.0
GAPMST-P32-LKH-BP-lift2-split2-8625e3037a75,GAPMST-P32-LKH-BP-lift2-split2,GAPMST-P32-LKH-BP-lift2-split2,bayg29.tsp,/home/wj/code/TSP/data/classic/tsplib/bayg29.tsp,ok,1,1,1,0,0,1610.0,True,0.03897511214017868,1607.9799999981672,1610.0,1610.0,0.0,3.0,1.0,0.001354848,0.002326513,1.0,0.0,0.013689749,2.0,1.0,1.0,377.0,370.0,29.0,24.0,10.0,0.000124367,2.0763e-05,0.0,8.055e-06,64.0,1.0,1.0,0.0,3.0,0.0,0.0,0.0,0.0,1.0,0.0,0.0,1610.0,0.0,0.0,0.0,0.0,0.0,0.0,1.0,0.0,0.0,0.0,0.0,0.0,0.0,0.0,0.0,0.0,0.0,0.0,0.0,0.0,0.0,0.0,0.0,0.0,0.0,0.0
GAPMST-P32-LKH-BP-lift2-split2-8625e3037a75,GAPMST-P32-LKH-BP-lift2-split2,GAPMST-P32-LKH-BP-lift2-split2,bays29.tsp,/home/wj/code/TSP/data/classic/tsplib/bays29.tsp,ok,1,1,1,0,0,2020.0,True,0.03702233545482159,2013.3002809125421,2020.0,2020.0,0.0,8.0,2.0,0.001273978,0.002428305,1.0,0.0,0.012805706,4.0,5.0,1.0,377.0,358.0,29.0,17.0,26.0,0.000124904,0.00015715100000000001,3.7156e-05,1.8253000000000003e-05,64.0,3.0,3.0,0.0,42.0,0.0,0.0,0.0,0.0,2.0,2.0,0.0,2020.0,0.0,0.0,0.0,0.0,0.0,0.0,1.0,0.0,0.0,0.0,0.0,0.0,0.0,0.0,0.0,0.0,0.0,0.0,0.0,0.0,0.0,0.0,0.0,0.0,0.0,0.0
GAPMST-P32-LKH-BP-lift2-split2-8625e3037a75,GAPMST-P32-LKH-BP-lift2-split2,GAPMST-P32-LKH-BP-lift2-split2,berlin52.tsp,/home/wj/code/TSP/data/classic/tsplib/berlin52.tsp,ok,1,1,1,0,0,7542.0,True,0.045528680086135864,7541.999999973971,7542.0,7542.0,0.0,1.0,0.0,0.008378602,0.000213116,1.0,0.0,0.015478998,1.0,0.0,0.0,0.0,0.0,0.0,0.0,0.0,0.0,0.0,0.0,0.0,1.0,0.0,0.0,0.0,0.0,0.0,0.0,0.0,0.0,0.0,0.0,0.0,7542.0,0.0,0.0,0.0,0.0,0.0,0.0,1.0,0.0,0.0,0.0,0.0,0.0,0.0,0.0,0.0,0.0,0.0,0.0,0.0,0.0,0.0,0.0,0.0,0.0,0.0,0.0
GAPMST-P32-LKH-BP-lift2-split2-8625e3037a75,GAPMST-P32-LKH-BP-lift2-split2,GAPMST-P32-LKH-BP-lift2-split2,bier127.tsp,/home/wj/code/TSP/data/classic/tsplib/bier127.tsp,ok,1,1,1,0,0,118282.0,True,358.34930074587464,117430.62999807068,118282.0,118282.0,0.0,572444.0,187499.0,0.332180361,0.028255814,1.0,0.0,0.083910583,386634.0,1067.0,1.0,7874.0,6991.0,127.0,6.0,1004.0,0.00080405,330.28722762298867,22.103398118000037,2.6930948129998877,64.0,522468.0,522468.0,0.0,8726657.0,0.0,0.0,0.0,0.0,28.0,114.0,12.0,118282.0,0.0,0.0,0.0,0.0,0.0,0.0,1.0,0.0,0.0,0.0,0.0,0.0,0.0,0.0,0.0,0.0,0.0,0.0,0.0,0.0,0.0,0.0,0.0,0.0,0.0,0.0
GAPMST-P32-LKH-BP-lift2-split2-8625e3037a75,GAPMST-P32-LKH-BP-lift2-split2,GAPMST-P32-LKH-BP-lift2-split2,brazil58.tsp,/home/wj/code/TSP/data/classic/tsplib/brazil58.tsp,ok,1,1,1,0,0,25395.0,True,0.10974203795194626,25354.239999786165,25395.0,25395.0,0.0,5.0,1.0,0.013252301,0.010127512,1.0,0.0,0.031250784,3.0,1.0,1.0,1595.0,1539.0,58.0,23.0,87.0,0.000308096,0.00027112400000000003,0.0,6.554299999999997e-05,64.0,3.0,3.0,0.0,35.0,0.0,0.0,0.0,0.0,1.0,1.0,0.0,25395.0,0.0,0.0,0.0,0.0,0.0,0.0,1.0,0.0,0.0,0.0,0.0,0.0,0.0,0.0,0.0,0.0,0.0,0.0,0.0,0.0,0.0,0.0,0.0,0.0,0.0,0.0
GAPMST-P32-LKH-BP-lift2-split2-8625e3037a75,GAPMST-P32-LKH-BP-lift2-split2,GAPMST-P32-LKH-BP-lift2-split2,brg180.tsp,/home/wj/code/TSP/data/classic/tsplib/brg180.tsp,ok,1,1,1,0,0,1950.0,True,0.28611827455461025,1949.6660590678675,1950.0,1950.0,0.0,1.0,0.0,0.052696571,0.055371601,1.0,0.0,0.159852896,1.0,0.0,0.0,0.0,0.0,0.0,0.0,0.0,0.0,0.0,0.0,0.0,64.0,0.0,0.0,0.0,0.0,0.0,0.0,0.0,0.0,0.0,0.0,0.0,1950.0,0.0,0.0,0.0,0.0,0.0,0.0,1.0,0.0,0.0,0.0,0.0,0.0,0.0,0.0,0.0,0.0,0.0,0.0,0.0,0.0,0.0,0.0,0.0,0.0,0.0,0.0
GAPMST-P32-LKH-BP-lift2-split2-8625e3037a75,GAPMST-P32-LKH-BP-lift2-split2,GAPMST-P32-LKH-BP-lift2-split2,burma14.tsp,/home/wj/code/TSP/data/classic/tsplib/burma14.tsp,ok,1,1,1,0,0,3323.0,True,0.011147595942020416,3322.999999998899,3323.0,3323.0,0.0,1.0,0.0,0.000161639,1.8356e-05,1.0,0.0,0.001668813,1.0,0.0,0.0,0.0,0.0,0.0,0.0,0.0,0.0,0.0,0.0,0.0,1.0,0.0,0.0,0.0,0.0,0.0,0.0,0.0,0.0,0.0,0.0,0.0,3323.0,0.0,0.0,0.0,0.0,0.0,0.0,1.0,0.0,0.0,0.0,0.0,0.0,0.0,0.0,0.0,0.0,0.0,0.0,0.0,0.0,0.0,0.0,0.0,0.0,0.0,0.0
GAPMST-P32-LKH-BP-lift2-split2-8625e3037a75,GAPMST-P32-LKH-BP-lift2-split2,GAPMST-P32-LKH-BP-lift2-split2,ch130.tsp,/home/wj/code/TSP/data/classic/tsplib/ch130.tsp,ok,1,1,1,0,0,6110.0,True,12.434454737231135,6074.619999904337,6110.0,6110.0,0.0,20252.0,6279.0,0.092644574,0.030174975,1.0,0.0,0.084448498,13972.0,9.0,1.0,8255.0,7816.0,130.0,14.0,555.0,0.000960322,11.430437215000012,0.5874162660000002,0.11239787500000012,64.0,18846.0,18846.0,0.0,306693.0,0.0,0.0,0.0,0.0,16.0,63.0,0.0,6110.0,0.0,0.0,0.0,0.0,0.0,0.0,1.0,0.0,0.0,0.0,0.0,0.0,0.0,0.0,0.0,0.0,0.0,0.0,0.0,0.0,0.0,0.0,0.0,0.0,0.0,0.0
GAPMST-P32-LKH-BP-lift2-split2-8625e3037a75,GAPMST-P32-LKH-BP-lift2-split2,GAPMST-P32-LKH-BP-lift2-split2,ch150.tsp,/home/wj/code/TSP/data/classic/tsplib/ch150.tsp,ok,1,1,1,0,0,6528.0,True,15.620064575225115,6486.5499998695095,6528.0,6528.0,0.0,18891.0,5679.0,0.122765119,0.041388413,1.0,0.0,0.177708611,13209.0,6.0,1.0,11025.0,10518.0,150.0,4.0,653.0,0.001214701,14.40510213999995,0.664386027,0.11023221600000005,64.0,18044.0,18044.0,0.0,282908.0,0.0,0.0,0.0,0.0,21.0,63.0,0.0,6528.0,0.0,0.0,0.0,0.0,0.0,0.0,1.0,0.0,0.0,0.0,0.0,0.0,0.0,0.0,0.0,0.0,0.0,0.0,0.0,0.0,0.0,0.0,0.0,0.0,0.0,0.0
GAPMST-P32-LKH-BP-lift2-split2-8625e3037a75,GAPMST-P32-LKH-BP-lift2-split2,GAPMST-P32-LKH-BP-lift2-split2,d198.tsp,/home/wj/code/TSP/data/classic/tsplib/d198.tsp,timeout,1,1,0,1,0,,True,1800.0,14572.88,15780.0,14572.88,0.0764968314321927,723240.0,190000.0,0.464891918,0.069115587,1.0,0.0,0.856437,,,1.0,19305.0,1075.0,198.0,0.0,18428.0,0.00170642,1559.644537,191.8305084,9.167015124,,,,,,,,,,,,0.0,15780.0,,,0.0,,,,,,,,,,,,,,,,,,,,,,,
GAPMST-P32-LKH-BP-lift2-split2-8625e3037a75,GAPMST-P32-LKH-BP-lift2-split2,GAPMST-P32-LKH-BP-lift2-split2,dantzig42.tsp,/home/wj/code/TSP/data/classic/tsplib/dantzig42.tsp,ok,1,1,1,0,0,699.0,True,0.06593864411115646,696.959999997658,699.0,699.0,0.0,6.0,1.0,0.004275361,0.006012724,1.0,0.0,0.024429409,4.0,2.0,1.0,819.0,796.0,42.0,27.0,35.0,0.000265001,0.000141715,0.0,5.0781999999999996e-05,64.0,4.0,4.0,0.0,25.0,0.0,0.0,0.0,0.0,1.0,1.0,0.0,699.0,0.0,0.0,0.0,0.0,0.0,0.0,1.0,0.0,0.0,0.0,0.0,0.0,0.0,0.0,0.0,0.0,0.0,0.0,0.0,0.0,0.0,0.0,0.0,0.0,0.0,0.0
GAPMST-P32-LKH-BP-lift2-split2-8625e3037a75,GAPMST-P32-LKH-BP-lift2-split2,GAPMST-P32-LKH-BP-lift2-split2,dj38.tsp,/home/wj/code/TSP/data/classic/national/dj38.tsp,ok,1,1,1,0,0,6656.0,True,0.07794680446386337,6655.999999981781,6656.0,6656.0,0.0,1.0,0.0,0.002328592,0.000113318,1.0,0.0,0.009607434,1.0,0.0,0.0,0.0,0.0,0.0,0.0,0.0,0.0,0.0,0.0,0.0,1.0,0.0,0.0,0.0,0.0,0.0,0.0,0.0,0.0,0.0,0.0,0.0,6656.0,0.0,0.0,0.0,0.0,0.0,0.0,1.0,0.0,0.0,0.0,0.0,0.0,0.0,0.0,0.0,0.0,0.0,0.0,0.0,0.0,0.0,0.0,0.0,0.0,0.0,0.0
GAPMST-P32-LKH-BP-lift2-split2-8625e3037a75,GAPMST-P32-LKH-BP-lift2-split2,GAPMST-P32-LKH-BP-lift2-split2,eil101.tsp,/home/wj/code/TSP/data/classic/tsplib/eil101.tsp,ok,1,1,1,0,0,629.0,True,0.1952414009720087,627.3329762117957,629.0,629.0,0.0,151.0,46.0,0.047760167,0.017263807,1.0,0.0,0.046222519,92.0,13.0,1.0,4949.0,4875.0,101.0,47.0,123.0,0.000498674,0.019583224999999996,0.0010369949999999998,0.00026344400000000005,64.0,123.0,123.0,0.0,2164.0,0.0,0.0,0.0,0.0,6.0,13.0,0.0,629.0,0.0,0.0,0.0,0.0,0.0,0.0,1.0,0.0,0.0,0.0,0.0,0.0,0.0,0.0,0.0,0.0,0.0,0.0,0.0,0.0,0.0,0.0,0.0,0.0,0.0,0.0
GAPMST-P32-LKH-BP-lift2-split2-8625e3037a75,GAPMST-P32-LKH-BP-lift2-split2,GAPMST-P32-LKH-BP-lift2-split2,eil51.tsp,/home/wj/code/TSP/data/classic/tsplib/eil51.tsp,ok,1,1,1,0,0,426.0,True,0.09792385809123516,422.4399999987474,426.0,426.0,0.0,295.0,94.0,0.007528818,0.010093625,1.0,0.0,0.029451495,181.0,41.0,1.0,1224.0,1159.0,51.0,7.0,109.0,0.000245314,0.027331042999999975,0.001672987,0.00020327600000000015,64.0,262.0,262.0,0.0,3969.0,0.0,0.0,0.0,0.0,13.0,22.0,0.0,426.0,0.0,0.0,0.0,0.0,0.0,0.0,1.0,0.0,0.0,0.0,0.0,0.0,0.0,0.0,0.0,0.0,0.0,0.0,0.0,0.0,0.0,0.0,0.0,0.0,0.0,0.0
GAPMST-P32-LKH-BP-lift2-split2-8625e3037a75,GAPMST-P32-LKH-BP-lift2-split2,GAPMST-P32-LKH-BP-lift2-split2,eil76.tsp,/home/wj/code/TSP/data/classic/tsplib/eil76.tsp,ok,1,1,1,0,0,538.0,True,0.13925642147660255,536.969999996869,538.0,538.0,0.0,10.0,3.0,0.019412484,0.011583136,1.0,0.0,0.032006282,5.0,8.0,1.0,2774.0,2755.0,76.0,61.0,31.0,0.000306418,0.00021554999999999998,0.00011439100000000001,4.8935e-05,64.0,6.0,6.0,0.0,82.0,0.0,0.0,0.0,0.0,3.0,1.0,0.0,538.0,0.0,0.0,0.0,0.0,0.0,0.0,1.0,0.0,0.0,0.0,0.0,0.0,0.0,0.0,0.0,0.0,0.0,0.0,0.0,0.0,0.0,0.0,0.0,0.0,0.0,0.0
GAPMST-P32-LKH-BP-lift2-split2-8625e3037a75,GAPMST-P32-LKH-BP-lift2-split2,GAPMST-P32-LKH-BP-lift2-split2,fri26.tsp,/home/wj/code/TSP/data/classic/tsplib/fri26.tsp,ok,1,1,1,0,0,937.0,True,0.04276818037033081,936.9999999984229,937.0,937.0,0.0,1.0,0.0,0.000625042,0.000325158,1.0,0.0,0.010504672,1.0,0.0,0.0,0.0,0.0,0.0,0.0,0.0,0.0,0.0,0.0,0.0,15.0,0.0,0.0,0.0,0.0,0.0,0.0,0.0,0.0,0.0,0.0,0.0,937.0,0.0,0.0,0.0,0.0,0.0,0.0,1.0,0.0,0.0,0.0,0.0,0.0,0.0,0.0,0.0,0.0,0.0,0.0,0.0,0.0,0.0,0.0,0.0,0.0,0.0,0.0
GAPMST-P32-LKH-BP-lift2-split2-8625e3037a75,GAPMST-P32-LKH-BP-lift2-split2,GAPMST-P32-LKH-BP-lift2-split2,gr120.tsp,/home/wj/code/TSP/data/classic/tsplib/gr120.tsp,ok,1,1,1,0,0,6942.0,True,1.5755345113575459,6909.959999893309,6942.0,6942.0,0.0,3006.0,943.0,0.105214089,0.025329479,1.0,0.0,0.057328301,1934.0,0.0,1.0,7020.0,6727.0,120.0,13.0,397.0,0.000719254,1.2568555419999967,0.07183299400000004,0.003008923000000011,64.0,2610.0,2610.0,0.0,45241.0,0.0,0.0,0.0,0.0,47.0,141.0,0.0,6942.0,0.0,0.0,0.0,0.0,0.0,0.0,1.0,0.0,0.0,0.0,0.0,0.0,0.0,0.0,0.0,0.0,0.0,0.0,0.0,0.0,0.0,0.0,0.0,0.0,0.0,0.0
GAPMST-P32-LKH-BP-lift2-split2-8625e3037a75,GAPMST-P32-LKH-BP-lift2-split2,GAPMST-P32-LKH-BP-lift2-split2,gr137.tsp,/home/wj/code/TSP/data/classic/tsplib/gr137.tsp,ok,1,1,1,0,0,69853.0,True,3.9580262415111065,69113.08999838053,69853.0,69853.0,0.0,6196.0,2101.0,0.146899464,0.031468208,1.0,0.0,0.095042462,4056.0,0.0,1.0,9179.0,8325.0,137.0,3.0,988.0,0.001016422,3.3447842030000015,0.26105097200000016,0.03145155399999992,64.0,5616.0,5616.0,0.0,91882.0,0.0,0.0,0.0,0.0,27.0,57.0,0.0,69853.0,0.0,0.0,0.0,0.0,0.0,0.0,1.0,0.0,0.0,0.0,0.0,0.0,0.0,0.0,0.0,0.0,0.0,0.0,0.0,0.0,0.0,0.0,0.0,0.0,0.0,0.0
GAPMST-P32-LKH-BP-lift2-split2-8625e3037a75,GAPMST-P32-LKH-BP-lift2-split2,GAPMST-P32-LKH-BP-lift2-split2,gr17.tsp,/home/wj/code/TSP/data/classic/tsplib/gr17.tsp,ok,1,1,1,0,0,2085.0,True,0.026373904198408127,2084.999999998326,2085.0,2085.0,0.0,1.0,0.0,0.000212238,2.366e-05,1.0,0.0,0.005204298,1.0,0.0,0.0,0.0,0.0,0.0,0.0,0.0,0.0,0.0,0.0,0.0,1.0,0.0,0.0,0.0,0.0,0.0,0.0,0.0,0.0,0.0,0.0,0.0,2085.0,0.0,0.0,0.0,0.0,0.0,0.0,1.0,0.0,0.0,0.0,0.0,0.0,0.0,0.0,0.0,0.0,0.0,0.0,0.0,0.0,0.0,0.0,0.0,0.0,0.0,0.0
GAPMST-P32-LKH-BP-lift2-split2-8625e3037a75,GAPMST-P32-LKH-BP-lift2-split2,GAPMST-P32-LKH-BP-lift2-split2,gr21.tsp,/home/wj/code/TSP/data/classic/tsplib/gr21.tsp,ok,1,1,1,0,0,2707.0,True,0.07340293563902378,2706.9999999973675,2707.0,2707.0,0.0,1.0,0.0,0.000392715,3.5273e-05,1.0,0.0,0.005435122,1.0,0.0,0.0,0.0,0.0,0.0,0.0,0.0,0.0,0.0,0.0,0.0,1.0,0.0,0.0,0.0,0.0,0.0,0.0,0.0,0.0,0.0,0.0,0.0,2707.0,0.0,0.0,0.0,0.0,0.0,0.0,1.0,0.0,0.0,0.0,0.0,0.0,0.0,0.0,0.0,0.0,0.0,0.0,0.0,0.0,0.0,0.0,0.0,0.0,0.0,0.0
GAPMST-P32-LKH-BP-lift2-split2-8625e3037a75,GAPMST-P32-LKH-BP-lift2-split2,GAPMST-P32-LKH-BP-lift2-split2,gr24.tsp,/home/wj/code/TSP/data/classic/tsplib/gr24.tsp,ok,1,1,1,0,0,1272.0,True,0.0657185148447752,1271.999889186537,1272.0,1272.0,0.0,1.0,0.0,0.000669812,0.000975093,1.0,0.0,0.010359388,1.0,0.0,0.0,0.0,0.0,0.0,0.0,0.0,0.0,0.0,0.0,0.0,64.0,0.0,0.0,0.0,0.0,0.0,0.0,0.0,0.0,0.0,0.0,0.0,1272.0,0.0,0.0,0.0,0.0,0.0,0.0,1.0,0.0,0.0,0.0,0.0,0.0,0.0,0.0,0.0,0.0,0.0,0.0,0.0,0.0,0.0,0.0,0.0,0.0,0.0,0.0
GAPMST-P32-LKH-BP-lift2-split2-8625e3037a75,GAPMST-P32-LKH-BP-lift2-split2,GAPMST-P32-LKH-BP-lift2-split2,gr48.tsp,/home/wj/code/TSP/data/classic/tsplib/gr48.tsp,ok,1,1,1,0,0,5046.0,True,0.19698088243603706,4958.9599999858965,5046.0,5046.0,0.0,1197.0,329.0,0.007464058,0.007978,1.0,0.0,0.034955166,839.0,3.0,1.0,1080.0,927.0,48.0,4.0,197.0,0.000292628,0.09788309300000012,0.006920615999999997,0.0005109200000000001,64.0,1077.0,1077.0,0.0,15116.0,0.0,0.0,0.0,0.0,13.0,32.0,0.0,5046.0,0.0,0.0,0.0,0.0,0.0,0.0,1.0,0.0,0.0,0.0,0.0,0.0,0.0,0.0,0.0,0.0,0.0,0.0,0.0,0.0,0.0,0.0,0.0,0.0,0.0,0.0
GAPMST-P32-LKH-BP-lift2-split2-8625e3037a75,GAPMST-P32-LKH-BP-lift2-split2,GAPMST-P32-LKH-BP-lift2-split2,gr96.tsp,/home/wj/code/TSP/data/classic/tsplib/gr96.tsp,ok,1,1,1,0,0,55209.0,True,0.6441547889262438,54569.47999942845,55209.0,55209.0,0.0,1519.0,548.0,0.043813539,0.014602092,1.0,0.0,0.063757537,945.0,5.0,1.0,4464.0,4031.0,96.0,1.0,528.0,0.000474028,0.44237488699999983,0.03651986700000001,0.003913791,64.0,1408.0,1408.0,0.0,24479.0,0.0,0.0,0.0,0.0,16.0,32.0,0.0,55209.0,0.0,0.0,0.0,0.0,0.0,0.0,1.0,0.0,0.0,0.0,0.0,0.0,0.0,0.0,0.0,0.0,0.0,0.0,0.0,0.0,0.0,0.0,0.0,0.0,0.0,0.0
GAPMST-P32-LKH-BP-lift2-split2-8625e3037a75,GAPMST-P32-LKH-BP-lift2-split2,GAPMST-P32-LKH-BP-lift2-split2,hk48.tsp,/home/wj/code/TSP/data/classic/tsplib/hk48.tsp,ok,1,1,1,0,0,11461.0,True,0.06217052601277828,11444.019999961509,11461.0,11461.0,0.0,7.0,2.0,0.0053756,0.00802652,1.0,0.0,0.023446901,4.0,2.0,1.0,1080.0,1056.0,48.0,32.0,32.0,0.000203263,0.000171105,3.49e-05,3.2241000000000005e-05,64.0,5.0,5.0,0.0,54.0,0.0,0.0,0.0,0.0,2.0,1.0,0.0,11461.0,0.0,0.0,0.0,0.0,0.0,0.0,1.0,0.0,0.0,0.0,0.0,0.0,0.0,0.0,0.0,0.0,0.0,0.0,0.0,0.0,0.0,0.0,0.0,0.0,0.0,0.0
GAPMST-P32-LKH-BP-lift2-split2-8625e3037a75,GAPMST-P32-LKH-BP-lift2-split2,GAPMST-P32-LKH-BP-lift2-split2,kroA100.tsp,/home/wj/code/TSP/data/classic/tsplib/kroA100.tsp,ok,1,1,1,0,0,21282.0,True,7.128984894603491,20936.47999972256,21282.0,21282.0,0.0,15780.0,4435.0,0.054752638,0.01683836,1.0,0.0,0.053250503,11188.0,0.0,1.0,4850.0,4262.0,100.0,0.0,688.0,0.000476024,6.539055429000007,0.3652729120000005,0.03780875299999995,64.0,14693.0,14693.0,0.0,214863.0,0.0,0.0,0.0,0.0,62.0,192.0,0.0,21282.0,0.0,0.0,0.0,0.0,0.0,0.0,1.0,0.0,0.0,0.0,0.0,0.0,0.0,0.0,0.0,0.0,0.0,0.0,0.0,0.0,0.0,0.0,0.0,0.0,0.0,0.0
GAPMST-P32-LKH-BP-lift2-split2-8625e3037a75,GAPMST-P32-LKH-BP-lift2-split2,GAPMST-P32-LKH-BP-lift2-split2,kroA150.tsp,/home/wj/code/TSP/data/classic/tsplib/kroA150.tsp,ok,1,1,1,0,0,26524.0,True,17.72113350778818,26293.169999357702,26524.0,26524.0,0.0,18535.0,6010.0,0.197053904,0.041394136,1.0,0.0,0.172293747,12543.0,0.0,1.0,11025.0,10288.0,150.0,4.0,883.0,0.001285685,16.271016181999997,0.7962999029999988,0.1204601340000004,64.0,17742.0,17742.0,0.0,296442.0,0.0,0.0,0.0,0.0,15.0,43.0,0.0,26524.0,0.0,0.0,0.0,0.0,0.0,0.0,1.0,0.0,0.0,0.0,0.0,0.0,0.0,0.0,0.0,0.0,0.0,0.0,0.0,0.0,0.0,0.0,0.0,0.0,0.0,0.0
GAPMST-P32-LKH-BP-lift2-split2-8625e3037a75,GAPMST-P32-LKH-BP-lift2-split2,GAPMST-P32-LKH-BP-lift2-split2,kroB100.tsp,/home/wj/code/TSP/data/classic/tsplib/kroB100.tsp,ok,1,1,1,0,0,22141.0,True,5.594851471483707,21831.699999692984,22141.0,22141.0,0.0,10766.0,3526.0,0.049698572,0.017105475,1.0,0.0,0.098797221,7189.0,1.0,1.0,4850.0,4248.0,100.0,2.0,700.0,0.000530539,5.0323895720000005,0.2891661799999996,0.027585207000000025,64.0,10061.0,10061.0,0.0,161212.0,0.0,0.0,0.0,0.0,29.0,84.0,0.0,22141.0,0.0,0.0,0.0,0.0,0.0,0.0,1.0,0.0,0.0,0.0,0.0,0.0,0.0,0.0,0.0,0.0,0.0,0.0,0.0,0.0,0.0,0.0,0.0,0.0,0.0,0.0
GAPMST-P32-LKH-BP-lift2-split2-8625e3037a75,GAPMST-P32-LKH-BP-lift2-split2,GAPMST-P32-LKH-BP-lift2-split2,kroB150.tsp,/home/wj/code/TSP/data/classic/tsplib/kroB150.tsp,timeout,1,1,0,1,0,,True,1800.0,25732.42,26130.0,25732.42,0.01521546115575973,1600536.0,480000.0,0.242006738,0.041274663,1.0,0.0,0.371879,,,1.0,11025.0,9567.0,150.0,0.0,1608.0,0.001135644,1681.942054,87.29684016,11.7587152,,,,,,,,,,,,0.0,26130.0,,,0.0,,,,,,,,,,,,,,,,,,,,,,,
GAPMST-P32-LKH-BP-lift2-split2-8625e3037a75,GAPMST-P32-LKH-BP-lift2-split2,GAPMST-P32-LKH-BP-lift2-split2,kroC100.tsp,/home/wj/code/TSP/data/classic/tsplib/kroC100.tsp,ok,1,1,1,0,0,20749.0,True,1.9628663267940283,20472.489999725905,20749.0,20749.0,0.0,4377.0,1364.0,0.049735781,0.017008778,1.0,0.0,0.053027533,2965.0,0.0,1.0,4850.0,4325.0,100.0,2.0,623.0,0.000512351,1.7035743190000006,0.10262974800000024,0.011299375999999965,64.0,4131.0,4131.0,0.0,62619.0,0.0,0.0,0.0,0.0,17.0,56.0,0.0,20749.0,0.0,0.0,0.0,0.0,0.0,0.0,1.0,0.0,0.0,0.0,0.0,0.0,0.0,0.0,0.0,0.0,0.0,0.0,0.0,0.0,0.0,0.0,0.0,0.0,0.0,0.0
GAPMST-P32-LKH-BP-lift2-split2-8625e3037a75,GAPMST-P32-LKH-BP-lift2-split2,GAPMST-P32-LKH-BP-lift2-split2,kroD100.tsp,/home/wj/code/TSP/data/classic/tsplib/kroD100.tsp,ok,1,1,1,0,0,21294.0,True,0.2689572647213936,21141.459999730672,21294.0,21294.0,0.0,400.0,85.0,0.053388729,0.01699911,1.0,0.0,0.06448601,263.0,0.0,1.0,4850.0,4553.0,100.0,17.0,379.0,0.000522455,0.09633563400000004,0.005598774000000002,0.0005293670000000003,64.0,329.0,329.0,0.0,4480.0,0.0,0.0,0.0,0.0,26.0,52.0,0.0,21294.0,0.0,0.0,0.0,0.0,0.0,0.0,1.0,0.0,0.0,0.0,0.0,0.0,0.0,0.0,0.0,0.0,0.0,0.0,0.0,0.0,0.0,0.0,0.0,0.0,0.0,0.0
GAPMST-P32-LKH-BP-lift2-split2-8625e3037a75,GAPMST-P32-LKH-BP-lift2-split2,GAPMST-P32-LKH-BP-lift2-split2,kroE100.tsp,/home/wj/code/TSP/data/classic/tsplib/kroE100.tsp,ok,1,1,1,0,0,22068.0,True,10.682979354634881,21799.409999721556,22068.0,22068.0,0.0,29003.0,8455.0,0.049561048,0.016891996,1.0,0.0,0.148051422,20552.0,73.0,1.0,4850.0,4394.0,100.0,5.0,551.0,0.000522582,9.702939851999977,0.565532878999999,0.08166222799999903,64.0,27308.0,27308.0,0.0,404964.0,0.0,0.0,0.0,0.0,29.0,79.0,0.0,22068.0,0.0,0.0,0.0,0.0,0.0,0.0,1.0,0.0,0.0,0.0,0.0,0.0,0.0,0.0,0.0,0.0,0.0,0.0,0.0,0.0,0.0,0.0,0.0,0.0,0.0,0.0
GAPMST-P32-LKH-BP-lift2-split2-8625e3037a75,GAPMST-P32-LKH-BP-lift2-split2,GAPMST-P32-LKH-BP-lift2-split2,lin105.tsp,/home/wj/code/TSP/data/classic/tsplib/lin105.tsp,ok,1,1,1,0,0,14379.0,True,0.13904422521591187,14370.479999775862,14379.0,14379.0,0.0,5.0,1.0,0.065169861,0.017603191,1.0,0.0,0.042149123,3.0,4.0,1.0,5355.0,5319.0,105.0,87.0,39.0,0.000500173,3.6945e-05,0.0,6.2167e-05,64.0,1.0,1.0,0.0,10.0,0.0,0.0,0.0,0.0,1.0,1.0,0.0,14379.0,0.0,0.0,0.0,0.0,0.0,0.0,1.0,0.0,0.0,0.0,0.0,0.0,0.0,0.0,0.0,0.0,0.0,0.0,0.0,0.0,0.0,0.0,0.0,0.0,0.0,0.0
GAPMST-P32-LKH-BP-lift2-split2-8625e3037a75,GAPMST-P32-LKH-BP-lift2-split2,GAPMST-P32-LKH-BP-lift2-split2,pr107.tsp,/home/wj/code/TSP/data/classic/tsplib/pr107.tsp,timeout,1,1,0,1,0,,True,1800.0,40065.34082,44303.0,40065.34082,0.09565174322280663,2196552.0,660000.0,0.056780395,0.018185231,1.0,0.0,0.0539975,,,1.0,5564.0,151.0,107.0,0.0,5520.0,0.000418268,1546.134261,213.8956958,7.49444757,,,,,,,,,,,,0.0,44303.0,,,0.0,,,,,,,,,,,,,,,,,,,,,,,
GAPMST-P32-LKH-BP-lift2-split2-8625e3037a75,GAPMST-P32-LKH-BP-lift2-split2,GAPMST-P32-LKH-BP-lift2-split2,pr124.tsp,/home/wj/code/TSP/data/classic/tsplib/pr124.tsp,ok,1,1,1,0,0,59030.0,True,1.9164532218128443,58060.599998730104,59030.0,59030.0,0.0,3048.0,1000.0,0.065794701,0.024964217,1.0,0.0,0.087339126,1983.0,0.0,1.0,7502.0,6430.0,124.0,0.0,1196.0,0.000681321,1.562785995000001,0.13144434000000013,0.006932933000000008,64.0,2712.0,2712.0,0.0,43815.0,0.0,0.0,0.0,0.0,34.0,71.0,0.0,59030.0,0.0,0.0,0.0,0.0,0.0,0.0,1.0,0.0,0.0,0.0,0.0,0.0,0.0,0.0,0.0,0.0,0.0,0.0,0.0,0.0,0.0,0.0,0.0,0.0,0.0,0.0
GAPMST-P32-LKH-BP-lift2-split2-8625e3037a75,GAPMST-P32-LKH-BP-lift2-split2,GAPMST-P32-LKH-BP-lift2-split2,pr136.tsp,/home/wj/code/TSP/data/classic/tsplib/pr136.tsp,ok,1,1,1,0,0,96772.0,True,577.4276508167386,95859.17999828939,96772.0,96772.0,0.0,859599.0,300746.0,0.36221344,0.032335678,1.0,0.0,0.242341058,563548.0,19.0,1.0,9044.0,8316.0,136.0,0.0,864.0,0.00097736,530.6774897159752,36.32704110099976,5.263260064000445,64.0,757738.0,757738.0,0.0,14415762.0,0.0,0.0,0.0,0.0,76.0,211.0,12.0,96772.0,0.0,0.0,0.0,0.0,0.0,0.0,1.0,0.0,0.0,0.0,0.0,0.0,0.0,0.0,0.0,0.0,0.0,0.0,0.0,0.0,0.0,0.0,0.0,0.0,0.0,0.0
GAPMST-P32-LKH-BP-lift2-split2-8625e3037a75,GAPMST-P32-LKH-BP-lift2-split2,GAPMST-P32-LKH-BP-lift2-split2,pr144.tsp,/home/wj/code/TSP/data/classic/tsplib/pr144.tsp,ok,1,1,1,0,0,58537.0,True,5.407977599650621,57892.66276212371,58537.0,58537.0,0.0,6489.0,2163.0,0.06542716,0.033964247,1.0,0.0,0.184551219,4236.0,0.0,1.0,10152.0,8721.0,144.0,3.0,1572.0,0.001030792,4.625710865000001,0.3847159820000004,0.03374290099999994,64.0,5916.0,5916.0,0.0,101916.0,0.0,0.0,0.0,0.0,52.0,117.0,0.0,58537.0,0.0,0.0,0.0,0.0,0.0,0.0,1.0,0.0,0.0,0.0,0.0,0.0,0.0,0.0,0.0,0.0,0.0,0.0,0.0,0.0,0.0,0.0,0.0,0.0,0.0,0.0
GAPMST-P32-LKH-BP-lift2-split2-8625e3037a75,GAPMST-P32-LKH-BP-lift2-split2,GAPMST-P32-LKH-BP-lift2-split2,pr152.tsp,/home/wj/code/TSP/data/classic/tsplib/pr152.tsp,timeout,1,1,0,1,0,,True,1800.0,69999.92364,73682.0,69999.92364,0.04997253549035051,937595.0,290000.0,0.145491765,0.039569388,1.0,0.0,0.309505,,,1.0,11324.0,4683.0,152.0,0.0,6793.0,0.000976382,1570.703015,163.8159617,4.484570709,,,,,,,,,,,,0.0,73682.0,,,0.0,,,,,,,,,,,,,,,,,,,,,,,
GAPMST-P32-LKH-BP-lift2-split2-8625e3037a75,GAPMST-P32-LKH-BP-lift2-split2,GAPMST-P32-LKH-BP-lift2-split2,pr76.tsp,/home/wj/code/TSP/data/classic/tsplib/pr76.tsp,ok,1,1,1,0,0,108159.0,True,172.02298891730607,105050.5999992225,108159.0,108159.0,0.0,688823.0,207371.0,0.132178186,0.009597531,1.0,0.0,0.073741823,483003.0,0.0,1.0,2774.0,1991.0,76.0,1.0,858.0,0.00033624,151.5411336089997,15.231374810000295,2.45712746100007,64.0,630138.0,630138.0,0.0,9546863.0,0.0,0.0,0.0,0.0,85.0,285.0,12.0,108159.0,0.0,0.0,0.0,0.0,0.0,0.0,1.0,0.0,0.0,0.0,0.0,0.0,0.0,0.0,0.0,0.0,0.0,0.0,0.0,0.0,0.0,0.0,0.0,0.0,0.0,0.0
GAPMST-P32-LKH-BP-lift2-split2-8625e3037a75,GAPMST-P32-LKH-BP-lift2-split2,GAPMST-P32-LKH-BP-lift2-split2,qa194.tsp,/home/wj/code/TSP/data/classic/national/qa194.tsp,timeout,1,1,0,1,0,,True,1800.0,9265.17,9352.0,9265.17,0.009284644995722832,1491884.0,470000.0,0.608559313,0.068655197,1.0,0.0,0.358191,,,1.0,18527.0,16612.0,194.0,1.0,2108.0,0.002181483,1651.112836,107.4051305,14.00431792,,,,,,,,,,,,0.0,9352.0,,,0.0,,,,,,,,,,,,,,,,,,,,,,,
GAPMST-P32-LKH-BP-lift2-split2-8625e3037a75,GAPMST-P32-LKH-BP-lift2-split2,GAPMST-P32-LKH-BP-lift2-split2,rat195.tsp,/home/wj/code/TSP/data/classic/tsplib/rat195.tsp,ok,1,1,1,0,0,2323.0,True,186.29133345000446,2291.959999919687,2323.0,2323.0,0.0,122530.0,38455.0,0.300875583,0.067856839,1.0,0.0,0.72765943,84399.0,0.0,1.0,18720.0,16371.0,195.0,0.0,2544.0,0.002082207,172.20840872300164,11.196720605999968,0.7671673029999955,64.0,117602.0,117602.0,0.0,1943584.0,0.0,0.0,0.0,0.0,52.0,203.0,0.0,2323.0,0.0,0.0,0.0,0.0,0.0,0.0,1.0,0.0,0.0,0.0,0.0,0.0,0.0,0.0,0.0,0.0,0.0,0.0,0.0,0.0,0.0,0.0,0.0,0.0,0.0,0.0
GAPMST-P32-LKH-BP-lift2-split2-8625e3037a75,GAPMST-P32-LKH-BP-lift2-split2,GAPMST-P32-LKH-BP-lift2-split2,rat99.tsp,/home/wj/code/TSP/data/classic/tsplib/rat99.tsp,ok,1,1,1,0,0,1211.0,True,0.1265246346592903,1205.9499999855982,1211.0,1211.0,0.0,65.0,17.0,0.041250037,0.015330035,1.0,0.0,0.046999568,39.0,5.0,1.0,4752.0,4629.0,99.0,29.0,178.0,0.00050248,0.007627634000000002,0.000938822,0.00016625500000000008,64.0,47.0,47.0,0.0,755.0,0.0,0.0,0.0,0.0,6.0,10.0,0.0,1211.0,0.0,0.0,0.0,0.0,0.0,0.0,1.0,0.0,0.0,0.0,0.0,0.0,0.0,0.0,0.0,0.0,0.0,0.0,0.0,0.0,0.0,0.0,0.0,0.0,0.0,0.0
GAPMST-P32-LKH-BP-lift2-split2-8625e3037a75,GAPMST-P32-LKH-BP-lift2-split2,GAPMST-P32-LKH-BP-lift2-split2,rd100.tsp,/home/wj/code/TSP/data/classic/tsplib/rd100.tsp,ok,1,1,1,0,0,7910.0,True,0.16926570050418377,7897.20107452616,7910.0,7910.0,0.0,24.0,5.0,0.05509202,0.017045586,1.0,0.0,0.06372855,14.0,2.0,1.0,4850.0,4759.0,100.0,43.0,144.0,0.000492371,0.002548183,0.000340891,0.00012547900000000006,64.0,14.0,14.0,0.0,190.0,0.0,0.0,0.0,0.0,4.0,5.0,0.0,7910.0,0.0,0.0,0.0,0.0,0.0,0.0,1.0,0.0,0.0,0.0,0.0,0.0,0.0,0.0,0.0,0.0,0.0,0.0,0.0,0.0,0.0,0.0,0.0,0.0,0.0,0.0
GAPMST-P32-LKH-BP-lift2-split2-8625e3037a75,GAPMST-P32-LKH-BP-lift2-split2,GAPMST-P32-LKH-BP-lift2-split2,si175.tsp,/home/wj/code/TSP/data/classic/tsplib/si175.tsp,timeout,1,1,0,1,0,,True,1800.0,21373.58,21407.0,21373.58,0.0015611715793898376,3163894.0,950000.0,0.2141632,0.052882544,1.0,0.0,0.321847,,,1.0,15050.0,13917.0,175.0,12.0,1296.0,0.001602423,1625.384218,121.2925916,29.73277124,,,,,,,,,,,,0.0,21407.0,,,0.0,,,,,,,,,,,,,,,,,,,,,,,
GAPMST-P32-LKH-BP-lift2-split2-8625e3037a75,GAPMST-P32-LKH-BP-lift2-split2,GAPMST-P32-LKH-BP-lift2-split2,st70.tsp,/home/wj/code/TSP/data/classic/tsplib/st70.tsp,ok,1,1,1,0,0,675.0,True,0.10719125159084797,670.9399999952018,675.0,675.0,0.0,41.0,6.0,0.019100538,0.010304506,1.0,0.0,0.038219951,26.0,1.0,1.0,2345.0,2230.0,70.0,19.0,158.0,0.000337302,0.0037250010000000004,0.000186536,0.00014026000000000002,64.0,26.0,26.0,0.0,387.0,0.0,0.0,0.0,0.0,6.0,9.0,0.0,675.0,0.0,0.0,0.0,0.0,0.0,0.0,1.0,0.0,0.0,0.0,0.0,0.0,0.0,0.0,0.0,0.0,0.0,0.0,0.0,0.0,0.0,0.0,0.0,0.0,0.0,0.0
GAPMST-P32-LKH-BP-lift2-split2-8625e3037a75,GAPMST-P32-LKH-BP-lift2-split2,GAPMST-P32-LKH-BP-lift2-split2,swiss42.tsp,/home/wj/code/TSP/data/classic/tsplib/swiss42.tsp,ok,1,1,1,0,0,1273.0,True,0.0520345326513052,1271.9619537743815,1273.0,1273.0,0.0,6.0,1.0,0.003244801,0.005247736,1.0,0.0,0.016126227,1.0,3.0,1.0,819.0,812.0,42.0,35.0,14.0,0.000254842,3.029e-05,0.0,3.4328e-05,64.0,1.0,1.0,0.0,5.0,0.0,0.0,0.0,0.0,1.0,2.0,0.0,1273.0,0.0,0.0,0.0,0.0,0.0,0.0,1.0,0.0,0.0,0.0,0.0,0.0,0.0,0.0,0.0,0.0,0.0,0.0,0.0,0.0,0.0,0.0,0.0,0.0,0.0,0.0
GAPMST-P32-LKH-BP-lift2-split2-8625e3037a75,GAPMST-P32-LKH-BP-lift2-split2,GAPMST-P32-LKH-BP-lift2-split2,u159.tsp,/home/wj/code/TSP/data/classic/tsplib/u159.tsp,ok,1,1,1,0,0,42080.0,True,1.375619973987341,41924.95999885369,42080.0,42080.0,0.0,1893.0,562.0,0.185018286,0.042982553,1.0,0.0,0.079220084,1302.0,17.0,1.0,12402.0,12066.0,159.0,19.0,471.0,0.001331806,0.9626099229999991,0.059408140000000005,0.009524143,64.0,1718.0,1718.0,0.0,26710.0,0.0,0.0,0.0,0.0,14.0,30.0,0.0,42080.0,0.0,0.0,0.0,0.0,0.0,0.0,1.0,0.0,0.0,0.0,0.0,0.0,0.0,0.0,0.0,0.0,0.0,0.0,0.0,0.0,0.0,0.0,0.0,0.0,0.0,0.0
GAPMST-P32-LKH-BP-lift2-split2-8625e3037a75,GAPMST-P32-LKH-BP-lift2-split2,GAPMST-P32-LKH-BP-lift2-split2,ulysses16.tsp,/home/wj/code/TSP/data/classic/tsplib/ulysses16.tsp,ok,1,1,1,0,0,6859.0,True,0.04742296598851681,6858.999999996325,6859.0,6859.0,0.0,1.0,0.0,0.000222422,2.18e-05,1.0,0.0,0.004469171,1.0,0.0,0.0,0.0,0.0,0.0,0.0,0.0,0.0,0.0,0.0,0.0,1.0,0.0,0.0,0.0,0.0,0.0,0.0,0.0,0.0,0.0,0.0,0.0,6859.0,0.0,0.0,0.0,0.0,0.0,0.0,1.0,0.0,0.0,0.0,0.0,0.0,0.0,0.0,0.0,0.0,0.0,0.0,0.0,0.0,0.0,0.0,0.0,0.0,0.0,0.0
GAPMST-P32-LKH-BP-lift2-split2-8625e3037a75,GAPMST-P32-LKH-BP-lift2-split2,GAPMST-P32-LKH-BP-lift2-split2,wi29.tsp,/home/wj/code/TSP/data/classic/national/wi29.tsp,ok,1,1,1,0,0,27603.0,True,0.06397610157728195,27602.999999952015,27603.0,27603.0,0.0,1.0,0.0,0.001192541,6.6232e-05,1.0,0.0,0.007644059,1.0,0.0,0.0,0.0,0.0,0.0,0.0,0.0,0.0,0.0,0.0,0.0,1.0,0.0,0.0,0.0,0.0,0.0,0.0,0.0,0.0,0.0,0.0,0.0,27603.0,0.0,0.0,0.0,0.0,0.0,0.0,1.0,0.0,0.0,0.0,0.0,0.0,0.0,0.0,0.0,0.0,0.0,0.0,0.0,0.0,0.0,0.0,0.0,0.0,0.0,0.0
GAPMST-P32-LKH-BP-lift2-split2-8625e3037a75,GAPMST-P32-LKH-BP-lift2-split2,GAPMST-P32-LKH-BP-lift2-split2,xqf131.tsp,/home/wj/code/TSP/data/classic/vlsi/vlsi/xqf131.tsp,timeout,1,1,0,1,0,,True,1800.0,555.6016199,564.0,555.6016199,0.014890744858156123,2784776.0,860000.0,0.085106541,0.028716123,1.0,0.0,0.241856,,,1.0,8384.0,7201.0,131.0,2.0,1312.0,0.000903838,1638.070078,112.2961566,21.60676807,,,,,,,,,,,,0.0,564.0,,,0.0,,,,,,,,,,,,,,,,,,,,,,,
GAPMST-P32-LKH-BP-split2-fcf930fe1eca,GAPMST-P32-LKH-BP-split2,GAPMST-P32-LKH-BP-split2,att48.tsp,/home/wj/code/TSP/data/classic/tsplib/att48.tsp,ok,1,1,1,0,0,10628.0,True,0.06540215201675892,10602.983665769503,10628.0,10628.0,0.0,11.0,2.0,0.007919887,0.009203722,1.0,0.0,0.021460695,7.0,0.0,1.0,1080.0,1037.0,48.0,14.0,75.0,0.000237069,0.0006687680000000001,3.7348e-05,6.3593e-05,64.0,8.0,8.0,0.0,105.0,0.0,0.0,0.0,0.0,0.0,2.0,0.0,10628.0,0.0,0.0,0.0,0.0,0.0,0.0,1.0,0.0,0.0,0.0,0.0,0.0,0.0,0.0,0.0,0.0,0.0,0.0,0.0,0.0,0.0,0.0,0.0,0.0,0.0,0.0
GAPMST-P32-LKH-BP-split2-fcf930fe1eca,GAPMST-P32-LKH-BP-split2,GAPMST-P32-LKH-BP-split2,bayg29.tsp,/home/wj/code/TSP/data/classic/tsplib/bayg29.tsp,ok,1,1,1,0,0,1610.0,True,0.032827794551849365,1607.9799999981672,1610.0,1610.0,0.0,3.0,1.0,0.001357504,0.002309823,1.0,0.0,0.014853548,2.0,1.0,1.0,377.0,370.0,29.0,24.0,10.0,0.000123608,2.0407e-05,0.0,7.254999999999998e-06,64.0,1.0,1.0,0.0,3.0,0.0,0.0,0.0,0.0,0.0,0.0,0.0,1610.0,0.0,0.0,0.0,0.0,0.0,0.0,1.0,0.0,0.0,0.0,0.0,0.0,0.0,0.0,0.0,0.0,0.0,0.0,0.0,0.0,0.0,0.0,0.0,0.0,0.0,0.0
GAPMST-P32-LKH-BP-split2-fcf930fe1eca,GAPMST-P32-LKH-BP-split2,GAPMST-P32-LKH-BP-split2,bays29.tsp,/home/wj/code/TSP/data/classic/tsplib/bays29.tsp,ok,1,1,1,0,0,2020.0,True,0.03978632390499115,2013.3002809125421,2020.0,2020.0,0.0,8.0,2.0,0.001285978,0.002371956,1.0,0.0,0.012843158,4.0,5.0,1.0,377.0,358.0,29.0,17.0,26.0,0.000127019,0.00016869900000000002,3.829e-05,1.9093999999999994e-05,64.0,3.0,3.0,0.0,42.0,0.0,0.0,0.0,0.0,0.0,2.0,0.0,2020.0,0.0,0.0,0.0,0.0,0.0,0.0,1.0,0.0,0.0,0.0,0.0,0.0,0.0,0.0,0.0,0.0,0.0,0.0,0.0,0.0,0.0,0.0,0.0,0.0,0.0,0.0
GAPMST-P32-LKH-BP-split2-fcf930fe1eca,GAPMST-P32-LKH-BP-split2,GAPMST-P32-LKH-BP-split2,berlin52.tsp,/home/wj/code/TSP/data/classic/tsplib/berlin52.tsp,ok,1,1,1,0,0,7542.0,True,0.046734945848584175,7541.999999973971,7542.0,7542.0,0.0,1.0,0.0,0.00834541,0.000220013,1.0,0.0,0.015842251,1.0,0.0,0.0,0.0,0.0,0.0,0.0,0.0,0.0,0.0,0.0,0.0,1.0,0.0,0.0,0.0,0.0,0.0,0.0,0.0,0.0,0.0,0.0,0.0,7542.0,0.0,0.0,0.0,0.0,0.0,0.0,1.0,0.0,0.0,0.0,0.0,0.0,0.0,0.0,0.0,0.0,0.0,0.0,0.0,0.0,0.0,0.0,0.0,0.0,0.0,0.0
GAPMST-P32-LKH-BP-split2-fcf930fe1eca,GAPMST-P32-LKH-BP-split2,GAPMST-P32-LKH-BP-split2,bier127.tsp,/home/wj/code/TSP/data/classic/tsplib/bier127.tsp,ok,1,1,1,0,0,118282.0,True,355.3761607185006,117430.62999807068,118282.0,118282.0,0.0,572444.0,187499.0,0.332321124,0.028567971,1.0,0.0,0.084105261,386634.0,1067.0,1.0,7874.0,6991.0,127.0,6.0,1004.0,0.000808043,327.7906514300031,21.687480121000224,2.7022766879999156,64.0,522468.0,522468.0,0.0,8726657.0,0.0,0.0,0.0,0.0,0.0,114.0,12.0,118282.0,0.0,0.0,0.0,0.0,0.0,0.0,1.0,0.0,0.0,0.0,0.0,0.0,0.0,0.0,0.0,0.0,0.0,0.0,0.0,0.0,0.0,0.0,0.0,0.0,0.0,0.0
GAPMST-P32-LKH-BP-split2-fcf930fe1eca,GAPMST-P32-LKH-BP-split2,GAPMST-P32-LKH-BP-split2,brazil58.tsp,/home/wj/code/TSP/data/classic/tsplib/brazil58.tsp,ok,1,1,1,0,0,25395.0,True,0.11698968894779682,25354.239999786165,25395.0,25395.0,0.0,5.0,1.0,0.012569169,0.009033225,1.0,0.0,0.028612593,3.0,1.0,1.0,1595.0,1539.0,58.0,23.0,87.0,0.000256972,0.000179045,0.0,4.3242e-05,64.0,3.0,3.0,0.0,35.0,0.0,0.0,0.0,0.0,0.0,1.0,0.0,25395.0,0.0,0.0,0.0,0.0,0.0,0.0,1.0,0.0,0.0,0.0,0.0,0.0,0.0,0.0,0.0,0.0,0.0,0.0,0.0,0.0,0.0,0.0,0.0,0.0,0.0,0.0
GAPMST-P32-LKH-BP-split2-fcf930fe1eca,GAPMST-P32-LKH-BP-split2,GAPMST-P32-LKH-BP-split2,brg180.tsp,/home/wj/code/TSP/data/classic/tsplib/brg180.tsp,ok,1,1,1,0,0,1950.0,True,0.31402759067714214,1949.6660590678675,1950.0,1950.0,0.0,1.0,0.0,0.05461063,0.055225588,1.0,0.0,0.160034219,1.0,0.0,0.0,0.0,0.0,0.0,0.0,0.0,0.0,0.0,0.0,0.0,64.0,0.0,0.0,0.0,0.0,0.0,0.0,0.0,0.0,0.0,0.0,0.0,1950.0,0.0,0.0,0.0,0.0,0.0,0.0,1.0,0.0,0.0,0.0,0.0,0.0,0.0,0.0,0.0,0.0,0.0,0.0,0.0,0.0,0.0,0.0,0.0,0.0,0.0,0.0
GAPMST-P32-LKH-BP-split2-fcf930fe1eca,GAPMST-P32-LKH-BP-split2,GAPMST-P32-LKH-BP-split2,burma14.tsp,/home/wj/code/TSP/data/classic/tsplib/burma14.tsp,ok,1,1,1,0,0,3323.0,True,0.012441175058484077,3322.999999998899,3323.0,3323.0,0.0,1.0,0.0,0.000237433,2.3099e-05,1.0,0.0,0.003959524,1.0,0.0,0.0,0.0,0.0,0.0,0.0,0.0,0.0,0.0,0.0,0.0,1.0,0.0,0.0,0.0,0.0,0.0,0.0,0.0,0.0,0.0,0.0,0.0,3323.0,0.0,0.0,0.0,0.0,0.0,0.0,1.0,0.0,0.0,0.0,0.0,0.0,0.0,0.0,0.0,0.0,0.0,0.0,0.0,0.0,0.0,0.0,0.0,0.0,0.0,0.0
GAPMST-P32-LKH-BP-split2-fcf930fe1eca,GAPMST-P32-LKH-BP-split2,GAPMST-P32-LKH-BP-split2,ch130.tsp,/home/wj/code/TSP/data/classic/tsplib/ch130.tsp,ok,1,1,1,0,0,6110.0,True,12.386272886767983,6074.619999904337,6110.0,6110.0,0.0,20252.0,6279.0,0.109724203,0.030190622,1.0,0.0,0.08713457,13972.0,9.0,1.0,8255.0,7816.0,130.0,14.0,555.0,0.000985231,11.381943549000086,0.5733794230000006,0.11013923200000038,64.0,18846.0,18846.0,0.0,306693.0,0.0,0.0,0.0,0.0,0.0,63.0,0.0,6110.0,0.0,0.0,0.0,0.0,0.0,0.0,1.0,0.0,0.0,0.0,0.0,0.0,0.0,0.0,0.0,0.0,0.0,0.0,0.0,0.0,0.0,0.0,0.0,0.0,0.0,0.0
GAPMST-P32-LKH-BP-split2-fcf930fe1eca,GAPMST-P32-LKH-BP-split2,GAPMST-P32-LKH-BP-split2,ch150.tsp,/home/wj/code/TSP/data/classic/tsplib/ch150.tsp,ok,1,1,1,0,0,6528.0,True,15.544030664488673,6486.5499998695095,6528.0,6528.0,0.0,18891.0,5679.0,0.124025065,0.041288167,1.0,0.0,0.179396216,13209.0,6.0,1.0,11025.0,10518.0,150.0,4.0,653.0,0.001223459,14.342240458999969,0.650878079000002,0.10886015400000013,64.0,18044.0,18044.0,0.0,282908.0,0.0,0.0,0.0,0.0,0.0,63.0,0.0,6528.0,0.0,0.0,0.0,0.0,0.0,0.0,1.0,0.0,0.0,0.0,0.0,0.0,0.0,0.0,0.0,0.0,0.0,0.0,0.0,0.0,0.0,0.0,0.0,0.0,0.0,0.0
GAPMST-P32-LKH-BP-split2-fcf930fe1eca,GAPMST-P32-LKH-BP-split2,GAPMST-P32-LKH-BP-split2,d198.tsp,/home/wj/code/TSP/data/classic/tsplib/d198.tsp,timeout,1,1,0,1,0,,True,1800.0,14572.88,15780.0,14572.88,0.0764968314321927,667421.0,200000.0,0.438853358,0.069128597,1.0,0.0,0.852976,,,1.0,19305.0,1075.0,198.0,0.0,18428.0,0.00167898,1517.085559,183.4589934,7.083669588,,,,,,,,,,,,0.0,15780.0,,,0.0,,,,,,,,,,,,,,,,,,,,,,,
GAPMST-P32-LKH-BP-split2-fcf930fe1eca,GAPMST-P32-LKH-BP-split2,GAPMST-P32-LKH-BP-split2,dantzig42.tsp,/home/wj/code/TSP/data/classic/tsplib/dantzig42.tsp,ok,1,1,1,0,0,699.0,True,0.11044522933661938,696.959999997658,699.0,699.0,0.0,6.0,1.0,0.004459997,0.006937336,1.0,0.0,0.023876591,4.0,2.0,1.0,819.0,796.0,42.0,27.0,35.0,0.000280278,0.00014321699999999998,0.0,4.9962999999999996e-05,64.0,4.0,4.0,0.0,25.0,0.0,0.0,0.0,0.0,0.0,1.0,0.0,699.0,0.0,0.0,0.0,0.0,0.0,0.0,1.0,0.0,0.0,0.0,0.0,0.0,0.0,0.0,0.0,0.0,0.0,0.0,0.0,0.0,0.0,0.0,0.0,0.0,0.0,0.0
GAPMST-P32-LKH-BP-split2-fcf930fe1eca,GAPMST-P32-LKH-BP-split2,GAPMST-P32-LKH-BP-split2,dj38.tsp,/home/wj/code/TSP/data/classic/national/dj38.tsp,ok,1,1,1,0,0,6656.0,True,0.1116572953760624,6655.999999981781,6656.0,6656.0,0.0,1.0,0.0,0.002252286,0.000112671,1.0,0.0,0.00948113,1.0,0.0,0.0,0.0,0.0,0.0,0.0,0.0,0.0,0.0,0.0,0.0,1.0,0.0,0.0,0.0,0.0,0.0,0.0,0.0,0.0,0.0,0.0,0.0,6656.0,0.0,0.0,0.0,0.0,0.0,0.0,1.0,0.0,0.0,0.0,0.0,0.0,0.0,0.0,0.0,0.0,0.0,0.0,0.0,0.0,0.0,0.0,0.0,0.0,0.0,0.0
GAPMST-P32-LKH-BP-split2-fcf930fe1eca,GAPMST-P32-LKH-BP-split2,GAPMST-P32-LKH-BP-split2,eil101.tsp,/home/wj/code/TSP/data/classic/tsplib/eil101.tsp,ok,1,1,1,0,0,629.0,True,0.1741845589131117,627.3329762117957,629.0,629.0,0.0,151.0,46.0,0.049929743,0.017715826,1.0,0.0,0.045318577,92.0,13.0,1.0,4949.0,4875.0,101.0,47.0,123.0,0.000528105,0.01988597499999999,0.001060947,0.00026824499999999986,64.0,123.0,123.0,0.0,2164.0,0.0,0.0,0.0,0.0,0.0,13.0,0.0,629.0,0.0,0.0,0.0,0.0,0.0,0.0,1.0,0.0,0.0,0.0,0.0,0.0,0.0,0.0,0.0,0.0,0.0,0.0,0.0,0.0,0.0,0.0,0.0,0.0,0.0,0.0
GAPMST-P32-LKH-BP-split2-fcf930fe1eca,GAPMST-P32-LKH-BP-split2,GAPMST-P32-LKH-BP-split2,eil51.tsp,/home/wj/code/TSP/data/classic/tsplib/eil51.tsp,ok,1,1,1,0,0,426.0,True,0.0883637759834528,422.4399999987474,426.0,426.0,0.0,295.0,94.0,0.007290916,0.009171191,1.0,0.0,0.029475385,181.0,41.0,1.0,1224.0,1159.0,51.0,7.0,109.0,0.000318201,0.026321409,0.0016021070000000002,0.0002141320000000001,64.0,262.0,262.0,0.0,3969.0,0.0,0.0,0.0,0.0,0.0,22.0,0.0,426.0,0.0,0.0,0.0,0.0,0.0,0.0,1.0,0.0,0.0,0.0,0.0,0.0,0.0,0.0,0.0,0.0,0.0,0.0,0.0,0.0,0.0,0.0,0.0,0.0,0.0,0.0
GAPMST-P32-LKH-BP-split2-fcf930fe1eca,GAPMST-P32-LKH-BP-split2,GAPMST-P32-LKH-BP-split2,eil76.tsp,/home/wj/code/TSP/data/classic/tsplib/eil76.tsp,ok,1,1,1,0,0,538.0,True,0.13138197921216488,536.969999996869,538.0,538.0,0.0,10.0,3.0,0.020067528,0.011841331,1.0,0.0,0.03895157,5.0,8.0,1.0,2774.0,2755.0,76.0,61.0,31.0,0.000327672,0.000195594,9.384500000000001e-05,4.7229e-05,64.0,6.0,6.0,0.0,82.0,0.0,0.0,0.0,0.0,0.0,1.0,0.0,538.0,0.0,0.0,0.0,0.0,0.0,0.0,1.0,0.0,0.0,0.0,0.0,0.0,0.0,0.0,0.0,0.0,0.0,0.0,0.0,0.0,0.0,0.0,0.0,0.0,0.0,0.0
GAPMST-P32-LKH-BP-split2-fcf930fe1eca,GAPMST-P32-LKH-BP-split2,GAPMST-P32-LKH-BP-split2,fri26.tsp,/home/wj/code/TSP/data/classic/tsplib/fri26.tsp,ok,1,1,1,0,0,937.0,True,0.042821576818823814,936.9999999984229,937.0,937.0,0.0,1.0,0.0,0.000637014,0.000325528,1.0,0.0,0.010543115,1.0,0.0,0.0,0.0,0.0,0.0,0.0,0.0,0.0,0.0,0.0,0.0,15.0,0.0,0.0,0.0,0.0,0.0,0.0,0.0,0.0,0.0,0.0,0.0,937.0,0.0,0.0,0.0,0.0,0.0,0.0,1.0,0.0,0.0,0.0,0.0,0.0,0.0,0.0,0.0,0.0,0.0,0.0,0.0,0.0,0.0,0.0,0.0,0.0,0.0,0.0
GAPMST-P32-LKH-BP-split2-fcf930fe1eca,GAPMST-P32-LKH-BP-split2,GAPMST-P32-LKH-BP-split2,gr120.tsp,/home/wj/code/TSP/data/classic/tsplib/gr120.tsp,ok,1,1,1,0,0,6942.0,True,1.5632143542170525,6909.959999893309,6942.0,6942.0,0.0,3006.0,943.0,0.104872906,0.025349588,1.0,0.0,0.061691875,1934.0,0.0,1.0,7020.0,6727.0,120.0,13.0,397.0,0.000718597,1.2529211199999981,0.07075482300000013,0.003096158999999992,64.0,2610.0,2610.0,0.0,45241.0,0.0,0.0,0.0,0.0,0.0,141.0,0.0,6942.0,0.0,0.0,0.0,0.0,0.0,0.0,1.0,0.0,0.0,0.0,0.0,0.0,0.0,0.0,0.0,0.0,0.0,0.0,0.0,0.0,0.0,0.0,0.0,0.0,0.0,0.0
GAPMST-P32-LKH-BP-split2-fcf930fe1eca,GAPMST-P32-LKH-BP-split2,GAPMST-P32-LKH-BP-split2,gr137.tsp,/home/wj/code/TSP/data/classic/tsplib/gr137.tsp,ok,1,1,1,0,0,69853.0,True,3.9198990929871798,69113.08999838053,69853.0,69853.0,0.0,6196.0,2101.0,0.150491001,0.031280737,1.0,0.0,0.096434439,4056.0,0.0,1.0,9179.0,8325.0,137.0,3.0,988.0,0.001000986,3.309478772999996,0.2573028700000004,0.030892949999999905,64.0,5616.0,5616.0,0.0,91882.0,0.0,0.0,0.0,0.0,0.0,57.0,0.0,69853.0,0.0,0.0,0.0,0.0,0.0,0.0,1.0,0.0,0.0,0.0,0.0,0.0,0.0,0.0,0.0,0.0,0.0,0.0,0.0,0.0,0.0,0.0,0.0,0.0,0.0,0.0
GAPMST-P32-LKH-BP-split2-fcf930fe1eca,GAPMST-P32-LKH-BP-split2,GAPMST-P32-LKH-BP-split2,gr17.tsp,/home/wj/code/TSP/data/classic/tsplib/gr17.tsp,ok,1,1,1,0,0,2085.0,True,0.04968911223113537,2084.999999998326,2085.0,2085.0,0.0,1.0,0.0,0.000199549,2.2896e-05,1.0,0.0,0.005098101,1.0,0.0,0.0,0.0,0.0,0.0,0.0,0.0,0.0,0.0,0.0,0.0,1.0,0.0,0.0,0.0,0.0,0.0,0.0,0.0,0.0,0.0,0.0,0.0,2085.0,0.0,0.0,0.0,0.0,0.0,0.0,1.0,0.0,0.0,0.0,0.0,0.0,0.0,0.0,0.0,0.0,0.0,0.0,0.0,0.0,0.0,0.0,0.0,0.0,0.0,0.0
GAPMST-P32-LKH-BP-split2-fcf930fe1eca,GAPMST-P32-LKH-BP-split2,GAPMST-P32-LKH-BP-split2,gr21.tsp,/home/wj/code/TSP/data/classic/tsplib/gr21.tsp,ok,1,1,1,0,0,2707.0,True,0.04740818031132221,2706.9999999973675,2707.0,2707.0,0.0,1.0,0.0,0.000255797,2.3327e-05,1.0,0.0,0.005469602,1.0,0.0,0.0,0.0,0.0,0.0,0.0,0.0,0.0,0.0,0.0,0.0,1.0,0.0,0.0,0.0,0.0,0.0,0.0,0.0,0.0,0.0,0.0,0.0,2707.0,0.0,0.0,0.0,0.0,0.0,0.0,1.0,0.0,0.0,0.0,0.0,0.0,0.0,0.0,0.0,0.0,0.0,0.0,0.0,0.0,0.0,0.0,0.0,0.0,0.0,0.0
GAPMST-P32-LKH-BP-split2-fcf930fe1eca,GAPMST-P32-LKH-BP-split2,GAPMST-P32-LKH-BP-split2,gr24.tsp,/home/wj/code/TSP/data/classic/tsplib/gr24.tsp,ok,1,1,1,0,0,1272.0,True,0.07482052966952324,1271.999889186537,1272.0,1272.0,0.0,1.0,0.0,0.00067272,0.000977752,1.0,0.0,0.009916859,1.0,0.0,0.0,0.0,0.0,0.0,0.0,0.0,0.0,0.0,0.0,0.0,64.0,0.0,0.0,0.0,0.0,0.0,0.0,0.0,0.0,0.0,0.0,0.0,1272.0,0.0,0.0,0.0,0.0,0.0,0.0,1.0,0.0,0.0,0.0,0.0,0.0,0.0,0.0,0.0,0.0,0.0,0.0,0.0,0.0,0.0,0.0,0.0,0.0,0.0,0.0
GAPMST-P32-LKH-BP-split2-fcf930fe1eca,GAPMST-P32-LKH-BP-split2,GAPMST-P32-LKH-BP-split2,gr48.tsp,/home/wj/code/TSP/data/classic/tsplib/gr48.tsp,ok,1,1,1,0,0,5046.0,True,0.1919949147850275,4958.9599999858965,5046.0,5046.0,0.0,1197.0,329.0,0.007208459,0.008404135,1.0,0.0,0.03402012,839.0,3.0,1.0,1080.0,927.0,48.0,4.0,197.0,0.000225981,0.095740913,0.006761177999999995,0.0004878829999999985,64.0,1077.0,1077.0,0.0,15116.0,0.0,0.0,0.0,0.0,0.0,32.0,0.0,5046.0,0.0,0.0,0.0,0.0,0.0,0.0,1.0,0.0,0.0,0.0,0.0,0.0,0.0,0.0,0.0,0.0,0.0,0.0,0.0,0.0,0.0,0.0,0.0,0.0,0.0,0.0
GAPMST-P32-LKH-BP-split2-fcf930fe1eca,GAPMST-P32-LKH-BP-split2,GAPMST-P32-LKH-BP-split2,gr96.tsp,/home/wj/code/TSP/data/classic/tsplib/gr96.tsp,ok,1,1,1,0,0,55209.0,True,0.656988613307476,54569.47999942845,55209.0,55209.0,0.0,1519.0,548.0,0.046089065,0.014610406,1.0,0.0,0.065686764,945.0,5.0,1.0,4464.0,4031.0,96.0,1.0,528.0,0.0004536,0.45272991099999976,0.036796297000000006,0.003989223999999994,64.0,1408.0,1408.0,0.0,24479.0,0.0,0.0,0.0,0.0,0.0,32.0,0.0,55209.0,0.0,0.0,0.0,0.0,0.0,0.0,1.0,0.0,0.0,0.0,0.0,0.0,0.0,0.0,0.0,0.0,0.0,0.0,0.0,0.0,0.0,0.0,0.0,0.0,0.0,0.0
GAPMST-P32-LKH-BP-split2-fcf930fe1eca,GAPMST-P32-LKH-BP-split2,GAPMST-P32-LKH-BP-split2,hk48.tsp,/home/wj/code/TSP/data/classic/tsplib/hk48.tsp,ok,1,1,1,0,0,11461.0,True,0.0619445014744997,11444.019999961509,11461.0,11461.0,0.0,7.0,2.0,0.005215567,0.008706188,1.0,0.0,0.022841964,4.0,2.0,1.0,1080.0,1056.0,48.0,32.0,32.0,0.000201044,0.000172147,3.2576e-05,2.6350000000000007e-05,64.0,5.0,5.0,0.0,54.0,0.0,0.0,0.0,0.0,0.0,1.0,0.0,11461.0,0.0,0.0,0.0,0.0,0.0,0.0,1.0,0.0,0.0,0.0,0.0,0.0,0.0,0.0,0.0,0.0,0.0,0.0,0.0,0.0,0.0,0.0,0.0,0.0,0.0,0.0
GAPMST-P32-LKH-BP-split2-fcf930fe1eca,GAPMST-P32-LKH-BP-split2,GAPMST-P32-LKH-BP-split2,kroA100.tsp,/home/wj/code/TSP/data/classic/tsplib/kroA100.tsp,ok,1,1,1,0,0,21282.0,True,7.176784345880151,20936.47999972256,21282.0,21282.0,0.0,15780.0,4435.0,0.055438009,0.016831914,1.0,0.0,0.051016835,11188.0,0.0,1.0,4850.0,4262.0,100.0,0.0,688.0,0.000485266,6.562756336999986,0.37311122599999924,0.03790800099999999,64.0,14693.0,14693.0,0.0,214863.0,0.0,0.0,0.0,0.0,0.0,192.0,0.0,21282.0,0.0,0.0,0.0,0.0,0.0,0.0,1.0,0.0,0.0,0.0,0.0,0.0,0.0,0.0,0.0,0.0,0.0,0.0,0.0,0.0,0.0,0.0,0.0,0.0,0.0,0.0
GAPMST-P32-LKH-BP-split2-fcf930fe1eca,GAPMST-P32-LKH-BP-split2,GAPMST-P32-LKH-BP-split2,kroA150.tsp,/home/wj/code/TSP/data/classic/tsplib/kroA150.tsp,ok,1,1,1,0,0,26524.0,True,17.677601788192987,26293.169999357702,26524.0,26524.0,0.0,18535.0,6010.0,0.203233973,0.041396238,1.0,0.0,0.169948686,12543.0,0.0,1.0,11025.0,10288.0,150.0,4.0,883.0,0.001293882,16.246020202999954,0.7891093479999967,0.11926645400000083,64.0,17742.0,17742.0,0.0,296442.0,0.0,0.0,0.0,0.0,0.0,43.0,0.0,26524.0,0.0,0.0,0.0,0.0,0.0,0.0,1.0,0.0,0.0,0.0,0.0,0.0,0.0,0.0,0.0,0.0,0.0,0.0,0.0,0.0,0.0,0.0,0.0,0.0,0.0,0.0
GAPMST-P32-LKH-BP-split2-fcf930fe1eca,GAPMST-P32-LKH-BP-split2,GAPMST-P32-LKH-BP-split2,kroB100.tsp,/home/wj/code/TSP/data/classic/tsplib/kroB100.tsp,ok,1,1,1,0,0,22141.0,True,5.563863614574075,21831.699999692984,22141.0,22141.0,0.0,10766.0,3526.0,0.04508819,0.01719186,1.0,0.0,0.099312352,7189.0,1.0,1.0,4850.0,4248.0,100.0,2.0,700.0,0.000505008,5.022915257000004,0.28910313600000037,0.027619157,64.0,10061.0,10061.0,0.0,161212.0,0.0,0.0,0.0,0.0,0.0,84.0,0.0,22141.0,0.0,0.0,0.0,0.0,0.0,0.0,1.0,0.0,0.0,0.0,0.0,0.0,0.0,0.0,0.0,0.0,0.0,0.0,0.0,0.0,0.0,0.0,0.0,0.0,0.0,0.0
GAPMST-P32-LKH-BP-split2-fcf930fe1eca,GAPMST-P32-LKH-BP-split2,GAPMST-P32-LKH-BP-split2,kroB150.tsp,/home/wj/code/TSP/data/classic/tsplib/kroB150.tsp,timeout,1,1,0,1,0,,True,1800.0,25732.42,26130.0,25732.42,0.01521546115575973,1630387.0,490000.0,0.241922745,0.04123824,1.0,0.0,0.369373,,,1.0,11025.0,9567.0,150.0,0.0,1608.0,0.001164464,1682.862101,87.39279225,12.35781841,,,,,,,,,,,,0.0,26130.0,,,0.0,,,,,,,,,,,,,,,,,,,,,,,
GAPMST-P32-LKH-BP-split2-fcf930fe1eca,GAPMST-P32-LKH-BP-split2,GAPMST-P32-LKH-BP-split2,kroC100.tsp,/home/wj/code/TSP/data/classic/tsplib/kroC100.tsp,ok,1,1,1,0,0,20749.0,True,1.9451636876910925,20472.489999725905,20749.0,20749.0,0.0,4377.0,1364.0,0.051332502,0.01707683,1.0,0.0,0.053752726,2965.0,0.0,1.0,4850.0,4325.0,100.0,2.0,623.0,0.000512346,1.6656804999999972,0.10100443300000006,0.011048455000000009,64.0,4131.0,4131.0,0.0,62619.0,0.0,0.0,0.0,0.0,0.0,56.0,0.0,20749.0,0.0,0.0,0.0,0.0,0.0,0.0,1.0,0.0,0.0,0.0,0.0,0.0,0.0,0.0,0.0,0.0,0.0,0.0,0.0,0.0,0.0,0.0,0.0,0.0,0.0,0.0
GAPMST-P32-LKH-BP-split2-fcf930fe1eca,GAPMST-P32-LKH-BP-split2,GAPMST-P32-LKH-BP-split2,kroD100.tsp,/home/wj/code/TSP/data/classic/tsplib/kroD100.tsp,ok,1,1,1,0,0,21294.0,True,0.24777205660939217,21141.459999730672,21294.0,21294.0,0.0,400.0,85.0,0.050156655,0.017009,1.0,0.0,0.06193915,263.0,0.0,1.0,4850.0,4553.0,100.0,17.0,379.0,0.000525492,0.09636931700000002,0.005583922999999999,0.00052751,64.0,329.0,329.0,0.0,4480.0,0.0,0.0,0.0,0.0,0.0,52.0,0.0,21294.0,0.0,0.0,0.0,0.0,0.0,0.0,1.0,0.0,0.0,0.0,0.0,0.0,0.0,0.0,0.0,0.0,0.0,0.0,0.0,0.0,0.0,0.0,0.0,0.0,0.0,0.0
GAPMST-P32-LKH-BP-split2-fcf930fe1eca,GAPMST-P32-LKH-BP-split2,GAPMST-P32-LKH-BP-split2,kroE100.tsp,/home/wj/code/TSP/data/classic/tsplib/kroE100.tsp,ok,1,1,1,0,0,22068.0,True,10.667343761771917,21799.409999721556,22068.0,22068.0,0.0,29003.0,8455.0,0.051519741,0.016929271,1.0,0.0,0.148338377,20552.0,73.0,1.0,4850.0,4394.0,100.0,5.0,551.0,0.000526819,9.69087967199999,0.5656664150000011,0.08159545600000082,64.0,27308.0,27308.0,0.0,404964.0,0.0,0.0,0.0,0.0,0.0,79.0,0.0,22068.0,0.0,0.0,0.0,0.0,0.0,0.0,1.0,0.0,0.0,0.0,0.0,0.0,0.0,0.0,0.0,0.0,0.0,0.0,0.0,0.0,0.0,0.0,0.0,0.0,0.0,0.0
GAPMST-P32-LKH-BP-split2-fcf930fe1eca,GAPMST-P32-LKH-BP-split2,GAPMST-P32-LKH-BP-split2,lin105.tsp,/home/wj/code/TSP/data/classic/tsplib/lin105.tsp,ok,1,1,1,0,0,14379.0,True,0.13542771711945534,14370.479999775862,14379.0,14379.0,0.0,5.0,1.0,0.067369045,0.017702998,1.0,0.0,0.041692533,3.0,4.0,1.0,5355.0,5319.0,105.0,87.0,39.0,0.000479361,3.7825e-05,0.0,6.339299999999998e-05,64.0,1.0,1.0,0.0,10.0,0.0,0.0,0.0,0.0,0.0,1.0,0.0,14379.0,0.0,0.0,0.0,0.0,0.0,0.0,1.0,0.0,0.0,0.0,0.0,0.0,0.0,0.0,0.0,0.0,0.0,0.0,0.0,0.0,0.0,0.0,0.0,0.0,0.0,0.0
GAPMST-P32-LKH-BP-split2-fcf930fe1eca,GAPMST-P32-LKH-BP-split2,GAPMST-P32-LKH-BP-split2,pr107.tsp,/home/wj/code/TSP/data/classic/tsplib/pr107.tsp,timeout,1,1,0,1,0,,True,1800.0,40065.34082,44303.0,40065.34082,0.09565174322280663,2213885.0,640000.0,0.052231844,0.018205113,1.0,0.0,0.0552963,,,1.0,5564.0,151.0,107.0,0.0,5520.0,0.000418474,1545.465873,212.7498713,7.891686238,,,,,,,,,,,,0.0,44303.0,,,0.0,,,,,,,,,,,,,,,,,,,,,,,
GAPMST-P32-LKH-BP-split2-fcf930fe1eca,GAPMST-P32-LKH-BP-split2,GAPMST-P32-LKH-BP-split2,pr124.tsp,/home/wj/code/TSP/data/classic/tsplib/pr124.tsp,ok,1,1,1,0,0,59030.0,True,1.9279584661126137,58060.599998730104,59030.0,59030.0,0.0,3048.0,1000.0,0.064969377,0.024933966,1.0,0.0,0.087690558,1983.0,0.0,1.0,7502.0,6430.0,124.0,0.0,1196.0,0.000683317,1.5676557609999955,0.13141963700000012,0.006919095000000004,64.0,2712.0,2712.0,0.0,43815.0,0.0,0.0,0.0,0.0,0.0,71.0,0.0,59030.0,0.0,0.0,0.0,0.0,0.0,0.0,1.0,0.0,0.0,0.0,0.0,0.0,0.0,0.0,0.0,0.0,0.0,0.0,0.0,0.0,0.0,0.0,0.0,0.0,0.0,0.0
GAPMST-P32-LKH-BP-split2-fcf930fe1eca,GAPMST-P32-LKH-BP-split2,GAPMST-P32-LKH-BP-split2,pr136.tsp,/home/wj/code/TSP/data/classic/tsplib/pr136.tsp,ok,1,1,1,0,0,96772.0,True,578.0049805529416,95859.17999828939,96772.0,96772.0,0.0,859599.0,300746.0,0.362582686,0.032422809,1.0,0.0,0.226509338,563548.0,19.0,1.0,9044.0,8316.0,136.0,0.0,864.0,0.000926065,531.5924007720083,36.03936178500001,5.266631719000225,64.0,757738.0,757738.0,0.0,14415762.0,0.0,0.0,0.0,0.0,0.0,211.0,12.0,96772.0,0.0,0.0,0.0,0.0,0.0,0.0,1.0,0.0,0.0,0.0,0.0,0.0,0.0,0.0,0.0,0.0,0.0,0.0,0.0,0.0,0.0,0.0,0.0,0.0,0.0,0.0
GAPMST-P32-LKH-BP-split2-fcf930fe1eca,GAPMST-P32-LKH-BP-split2,GAPMST-P32-LKH-BP-split2,pr144.tsp,/home/wj/code/TSP/data/classic/tsplib/pr144.tsp,ok,1,1,1,0,0,58537.0,True,5.37855670414865,57892.66276212371,58537.0,58537.0,0.0,6489.0,2163.0,0.06759198,0.033916359,1.0,0.0,0.184803547,4236.0,0.0,1.0,10152.0,8721.0,144.0,3.0,1572.0,0.001054583,4.6157140010000015,0.3844052340000005,0.033541207000000066,64.0,5916.0,5916.0,0.0,101916.0,0.0,0.0,0.0,0.0,0.0,117.0,0.0,58537.0,0.0,0.0,0.0,0.0,0.0,0.0,1.0,0.0,0.0,0.0,0.0,0.0,0.0,0.0,0.0,0.0,0.0,0.0,0.0,0.0,0.0,0.0,0.0,0.0,0.0,0.0
GAPMST-P32-LKH-BP-split2-fcf930fe1eca,GAPMST-P32-LKH-BP-split2,GAPMST-P32-LKH-BP-split2,pr152.tsp,/home/wj/code/TSP/data/classic/tsplib/pr152.tsp,timeout,1,1,0,1,0,,True,1800.0,69999.92364,73682.0,69999.92364,0.04997253549035051,1019016.0,320000.0,0.144232525,0.039470122,1.0,0.0,0.296602,,,1.0,11324.0,4683.0,152.0,0.0,6793.0,0.000990593,1566.525619,169.4467638,6.307719263,,,,,,,,,,,,0.0,73682.0,,,0.0,,,,,,,,,,,,,,,,,,,,,,,
GAPMST-P32-LKH-BP-split2-fcf930fe1eca,GAPMST-P32-LKH-BP-split2,GAPMST-P32-LKH-BP-split2,pr76.tsp,/home/wj/code/TSP/data/classic/tsplib/pr76.tsp,ok,1,1,1,0,0,108159.0,True,172.8377775195986,105050.5999992225,108159.0,108159.0,0.0,688823.0,207371.0,0.129311153,0.009605868,1.0,0.0,0.074426854,483003.0,0.0,1.0,2774.0,1991.0,76.0,1.0,858.0,0.000304063,152.2775760040047,15.305892679000051,2.463760916999939,64.0,630138.0,630138.0,0.0,9546863.0,0.0,0.0,0.0,0.0,0.0,285.0,12.0,108159.0,0.0,0.0,0.0,0.0,0.0,0.0,1.0,0.0,0.0,0.0,0.0,0.0,0.0,0.0,0.0,0.0,0.0,0.0,0.0,0.0,0.0,0.0,0.0,0.0,0.0,0.0
GAPMST-P32-LKH-BP-split2-fcf930fe1eca,GAPMST-P32-LKH-BP-split2,GAPMST-P32-LKH-BP-split2,qa194.tsp,/home/wj/code/TSP/data/classic/national/qa194.tsp,timeout,1,1,0,1,0,,True,1800.0,9265.17,9352.0,9265.17,0.009284644995722832,1448471.0,470000.0,0.619179721,0.068650693,1.0,0.0,0.364023,,,1.0,18527.0,16612.0,194.0,1.0,2108.0,0.002110699,1638.819972,108.0716795,13.21153846,,,,,,,,,,,,0.0,9352.0,,,0.0,,,,,,,,,,,,,,,,,,,,,,,
GAPMST-P32-LKH-BP-split2-fcf930fe1eca,GAPMST-P32-LKH-BP-split2,GAPMST-P32-LKH-BP-split2,rat195.tsp,/home/wj/code/TSP/data/classic/tsplib/rat195.tsp,ok,1,1,1,0,0,2323.0,True,184.86134656332433,2291.959999919687,2323.0,2323.0,0.0,122530.0,38455.0,0.295095853,0.067714891,1.0,0.0,0.726923805,84399.0,0.0,1.0,18720.0,16371.0,195.0,0.0,2544.0,0.002027054,170.79314134200158,11.193081813000088,0.7600101479999845,64.0,117602.0,117602.0,0.0,1943584.0,0.0,0.0,0.0,0.0,0.0,203.0,0.0,2323.0,0.0,0.0,0.0,0.0,0.0,0.0,1.0,0.0,0.0,0.0,0.0,0.0,0.0,0.0,0.0,0.0,0.0,0.0,0.0,0.0,0.0,0.0,0.0,0.0,0.0,0.0
GAPMST-P32-LKH-BP-split2-fcf930fe1eca,GAPMST-P32-LKH-BP-split2,GAPMST-P32-LKH-BP-split2,rat99.tsp,/home/wj/code/TSP/data/classic/tsplib/rat99.tsp,ok,1,1,1,0,0,1211.0,True,0.13953068479895592,1205.9499999855982,1211.0,1211.0,0.0,65.0,17.0,0.045059855,0.01536879,1.0,0.0,0.044542706,39.0,5.0,1.0,4752.0,4629.0,99.0,29.0,178.0,0.000499907,0.008243598999999999,0.0010051029999999998,0.00016836499999999994,64.0,47.0,47.0,0.0,755.0,0.0,0.0,0.0,0.0,0.0,10.0,0.0,1211.0,0.0,0.0,0.0,0.0,0.0,0.0,1.0,0.0,0.0,0.0,0.0,0.0,0.0,0.0,0.0,0.0,0.0,0.0,0.0,0.0,0.0,0.0,0.0,0.0,0.0,0.0
GAPMST-P32-LKH-BP-split2-fcf930fe1eca,GAPMST-P32-LKH-BP-split2,GAPMST-P32-LKH-BP-split2,rd100.tsp,/home/wj/code/TSP/data/classic/tsplib/rd100.tsp,ok,1,1,1,0,0,7910.0,True,0.15781910344958305,7897.20107452616,7910.0,7910.0,0.0,24.0,5.0,0.056352767,0.017140427,1.0,0.0,0.061097683,14.0,2.0,1.0,4850.0,4759.0,100.0,43.0,144.0,0.000492001,0.0025333700000000005,0.000308329,0.00014072200000000005,64.0,14.0,14.0,0.0,190.0,0.0,0.0,0.0,0.0,0.0,5.0,0.0,7910.0,0.0,0.0,0.0,0.0,0.0,0.0,1.0,0.0,0.0,0.0,0.0,0.0,0.0,0.0,0.0,0.0,0.0,0.0,0.0,0.0,0.0,0.0,0.0,0.0,0.0,0.0
GAPMST-P32-LKH-BP-split2-fcf930fe1eca,GAPMST-P32-LKH-BP-split2,GAPMST-P32-LKH-BP-split2,si175.tsp,/home/wj/code/TSP/data/classic/tsplib/si175.tsp,timeout,1,1,0,1,0,,True,1800.0,21373.58,21407.0,21373.58,0.0015611715793898376,2672008.0,810000.0,0.212031508,0.052823686,1.0,0.0,0.322754,,,1.0,15050.0,13917.0,175.0,12.0,1296.0,0.001578328,1641.772154,113.9970065,24.12841432,,,,,,,,,,,,0.0,21407.0,,,0.0,,,,,,,,,,,,,,,,,,,,,,,
GAPMST-P32-LKH-BP-split2-fcf930fe1eca,GAPMST-P32-LKH-BP-split2,GAPMST-P32-LKH-BP-split2,st70.tsp,/home/wj/code/TSP/data/classic/tsplib/st70.tsp,ok,1,1,1,0,0,675.0,True,0.09619828686118126,670.9399999952018,675.0,675.0,0.0,41.0,6.0,0.019656707,0.010648296,1.0,0.0,0.037868414,26.0,1.0,1.0,2345.0,2230.0,70.0,19.0,158.0,0.000330065,0.003909992999999999,0.000193993,0.00014185999999999995,64.0,26.0,26.0,0.0,387.0,0.0,0.0,0.0,0.0,0.0,9.0,0.0,675.0,0.0,0.0,0.0,0.0,0.0,0.0,1.0,0.0,0.0,0.0,0.0,0.0,0.0,0.0,0.0,0.0,0.0,0.0,0.0,0.0,0.0,0.0,0.0,0.0,0.0,0.0
GAPMST-P32-LKH-BP-split2-fcf930fe1eca,GAPMST-P32-LKH-BP-split2,GAPMST-P32-LKH-BP-split2,swiss42.tsp,/home/wj/code/TSP/data/classic/tsplib/swiss42.tsp,ok,1,1,1,0,0,1273.0,True,0.05138236843049526,1271.9619537743815,1273.0,1273.0,0.0,6.0,1.0,0.003792571,0.005483452,1.0,0.0,0.018495506,1.0,3.0,1.0,819.0,812.0,42.0,35.0,14.0,0.000250986,2.9589e-05,0.0,3.5901999999999996e-05,64.0,1.0,1.0,0.0,5.0,0.0,0.0,0.0,0.0,0.0,2.0,0.0,1273.0,0.0,0.0,0.0,0.0,0.0,0.0,1.0,0.0,0.0,0.0,0.0,0.0,0.0,0.0,0.0,0.0,0.0,0.0,0.0,0.0,0.0,0.0,0.0,0.0,0.0,0.0
GAPMST-P32-LKH-BP-split2-fcf930fe1eca,GAPMST-P32-LKH-BP-split2,GAPMST-P32-LKH-BP-split2,u159.tsp,/home/wj/code/TSP/data/classic/tsplib/u159.tsp,ok,1,1,1,0,0,42080.0,True,1.3630126621574163,41924.95999885369,42080.0,42080.0,0.0,1893.0,562.0,0.184627324,0.042940201,1.0,0.0,0.077563502,1302.0,17.0,1.0,12402.0,12066.0,159.0,19.0,471.0,0.001365193,0.9673924849999991,0.05956186199999999,0.00972445400000001,64.0,1718.0,1718.0,0.0,26710.0,0.0,0.0,0.0,0.0,0.0,30.0,0.0,42080.0,0.0,0.0,0.0,0.0,0.0,0.0,1.0,0.0,0.0,0.0,0.0,0.0,0.0,0.0,0.0,0.0,0.0,0.0,0.0,0.0,0.0,0.0,0.0,0.0,0.0,0.0
GAPMST-P32-LKH-BP-split2-fcf930fe1eca,GAPMST-P32-LKH-BP-split2,GAPMST-P32-LKH-BP-split2,ulysses16.tsp,/home/wj/code/TSP/data/classic/tsplib/ulysses16.tsp,ok,1,1,1,0,0,6859.0,True,0.036849476397037506,6858.999999996325,6859.0,6859.0,0.0,1.0,0.0,0.000129042,1.1004e-05,1.0,0.0,0.004697297,1.0,0.0,0.0,0.0,0.0,0.0,0.0,0.0,0.0,0.0,0.0,0.0,1.0,0.0,0.0,0.0,0.0,0.0,0.0,0.0,0.0,0.0,0.0,0.0,6859.0,0.0,0.0,0.0,0.0,0.0,0.0,1.0,0.0,0.0,0.0,0.0,0.0,0.0,0.0,0.0,0.0,0.0,0.0,0.0,0.0,0.0,0.0,0.0,0.0,0.0,0.0
GAPMST-P32-LKH-BP-split2-fcf930fe1eca,GAPMST-P32-LKH-BP-split2,GAPMST-P32-LKH-BP-split2,wi29.tsp,/home/wj/code/TSP/data/classic/national/wi29.tsp,ok,1,1,1,0,0,27603.0,True,0.05176595784723759,27602.999999952015,27603.0,27603.0,0.0,1.0,0.0,0.001184086,6.5495e-05,1.0,0.0,0.007602483,1.0,0.0,0.0,0.0,0.0,0.0,0.0,0.0,0.0,0.0,0.0,0.0,1.0,0.0,0.0,0.0,0.0,0.0,0.0,0.0,0.0,0.0,0.0,0.0,27603.0,0.0,0.0,0.0,0.0,0.0,0.0,1.0,0.0,0.0,0.0,0.0,0.0,0.0,0.0,0.0,0.0,0.0,0.0,0.0,0.0,0.0,0.0,0.0,0.0,0.0,0.0
GAPMST-P32-LKH-BP-split2-fcf930fe1eca,GAPMST-P32-LKH-BP-split2,GAPMST-P32-LKH-BP-split2,xqf131.tsp,/home/wj/code/TSP/data/classic/vlsi/vlsi/xqf131.tsp,timeout,1,1,0,1,0,,True,1800.0,555.6016199,564.0,555.6016199,0.014890744858156123,2784459.0,860000.0,0.103623305,0.043253374,1.0,0.0,0.25521,,,1.0,8384.0,7201.0,131.0,2.0,1312.0,0.001016509,1637.668764,112.9010831,21.47068302,,,,,,,,,,,,0.0,564.0,,,0.0,,,,,,,,,,,,,,,,,,,,,,,
GAPMST-P32-LKH-same-86f81b28e491,GAPMST-P32-LKH-same,GAPMST-P32-LKH-same,att48.tsp,/home/wj/code/TSP/data/classic/tsplib/att48.tsp,ok,1,1,1,0,0,10628.0,True,0.08612617291510105,10602.983665769503,10628.0,10628.0,0.0,10.0,4.0,0.008290637,0.008163099,1.0,0.0,0.019721029,7.0,1.0,1.0,1080.0,1037.0,48.0,14.0,75.0,0.000238091,0.0009356890000000001,0.000133266,5.9231e-05,64.0,9.0,9.0,0.0,156.0,0.0,0.0,,,,,0.0,10628.0,0.0,0.0,0.0,0.0,0.0,0.0,1.0,0.0,0.0,0.0,0.0,0.0,0.0,0.0,0.0,0.0,0.0,0.0,0.0,0.0,0.0,0.0,0.0,0.0,0.0,0.0
GAPMST-P32-LKH-same-86f81b28e491,GAPMST-P32-LKH-same,GAPMST-P32-LKH-same,bayg29.tsp,/home/wj/code/TSP/data/classic/tsplib/bayg29.tsp,ok,1,1,1,0,0,1610.0,True,0.055050257593393326,1607.9799999981672,1610.0,1610.0,0.0,3.0,1.0,0.001424201,0.002284362,1.0,0.0,0.014652429,2.0,1.0,1.0,377.0,370.0,29.0,24.0,10.0,0.000118816,1.9473e-05,0.0,7.722e-06,64.0,1.0,1.0,0.0,3.0,0.0,0.0,,,,,0.0,1610.0,0.0,0.0,0.0,0.0,0.0,0.0,1.0,0.0,0.0,0.0,0.0,0.0,0.0,0.0,0.0,0.0,0.0,0.0,0.0,0.0,0.0,0.0,0.0,0.0,0.0,0.0
GAPMST-P32-LKH-same-86f81b28e491,GAPMST-P32-LKH-same,GAPMST-P32-LKH-same,bays29.tsp,/home/wj/code/TSP/data/classic/tsplib/bays29.tsp,ok,1,1,1,0,0,2020.0,True,0.04190970957279205,2013.3002809125421,2020.0,2020.0,0.0,6.0,2.0,0.001336536,0.00238217,1.0,0.0,0.013392925,4.0,3.0,1.0,377.0,358.0,29.0,17.0,26.0,0.000144359,0.000186855,3.6937e-05,1.7033999999999996e-05,64.0,4.0,4.0,0.0,49.0,0.0,0.0,,,,,0.0,2020.0,0.0,0.0,0.0,0.0,0.0,0.0,1.0,0.0,0.0,0.0,0.0,0.0,0.0,0.0,0.0,0.0,0.0,0.0,0.0,0.0,0.0,0.0,0.0,0.0,0.0,0.0
GAPMST-P32-LKH-same-86f81b28e491,GAPMST-P32-LKH-same,GAPMST-P32-LKH-same,berlin52.tsp,/home/wj/code/TSP/data/classic/tsplib/berlin52.tsp,ok,1,1,1,0,0,7542.0,True,0.039299409836530685,7541.999999973971,7542.0,7542.0,0.0,1.0,0.0,0.008678588,0.000214145,1.0,0.0,0.014993198,1.0,0.0,0.0,0.0,0.0,0.0,0.0,0.0,0.0,0.0,0.0,0.0,1.0,0.0,0.0,0.0,0.0,0.0,0.0,,,,,0.0,7542.0,0.0,0.0,0.0,0.0,0.0,0.0,1.0,0.0,0.0,0.0,0.0,0.0,0.0,0.0,0.0,0.0,0.0,0.0,0.0,0.0,0.0,0.0,0.0,0.0,0.0,0.0
GAPMST-P32-LKH-same-86f81b28e491,GAPMST-P32-LKH-same,GAPMST-P32-LKH-same,bier127.tsp,/home/wj/code/TSP/data/classic/tsplib/bier127.tsp,ok,1,1,1,0,0,118282.0,True,460.24742241948843,117430.62999807068,118282.0,118282.0,0.0,716226.0,232121.0,0.347486325,0.027982859,1.0,0.0,0.085832663,486283.0,1204.0,1.0,7874.0,6991.0,127.0,6.0,1004.0,0.000810689,425.62970685800855,27.055221434999673,3.63661434499999,64.0,657259.0,657259.0,0.0,10896627.0,0.0,0.0,,,,,12.0,118282.0,0.0,0.0,0.0,0.0,0.0,0.0,1.0,0.0,0.0,0.0,0.0,0.0,0.0,0.0,0.0,0.0,0.0,0.0,0.0,0.0,0.0,0.0,0.0,0.0,0.0,0.0
GAPMST-P32-LKH-same-86f81b28e491,GAPMST-P32-LKH-same,GAPMST-P32-LKH-same,brazil58.tsp,/home/wj/code/TSP/data/classic/tsplib/brazil58.tsp,ok,1,1,1,0,0,25395.0,True,0.06536702066659927,25354.239999786165,25395.0,25395.0,0.0,9.0,3.0,0.013445912,0.00893962,1.0,0.0,0.020624891,6.0,2.0,1.0,1595.0,1539.0,58.0,23.0,87.0,0.000221806,0.00035687600000000006,8.114400000000001e-05,4.872e-05,64.0,6.0,6.0,0.0,76.0,0.0,0.0,,,,,0.0,25395.0,0.0,0.0,0.0,0.0,0.0,0.0,1.0,0.0,0.0,0.0,0.0,0.0,0.0,0.0,0.0,0.0,0.0,0.0,0.0,0.0,0.0,0.0,0.0,0.0,0.0,0.0
GAPMST-P32-LKH-same-86f81b28e491,GAPMST-P32-LKH-same,GAPMST-P32-LKH-same,brg180.tsp,/home/wj/code/TSP/data/classic/tsplib/brg180.tsp,ok,1,1,1,0,0,1950.0,True,0.32604646496474743,1949.6660590678675,1950.0,1950.0,0.0,1.0,0.0,0.055048528,0.055397264,1.0,0.0,0.159776531,1.0,0.0,0.0,0.0,0.0,0.0,0.0,0.0,0.0,0.0,0.0,0.0,64.0,0.0,0.0,0.0,0.0,0.0,0.0,,,,,0.0,1950.0,0.0,0.0,0.0,0.0,0.0,0.0,1.0,0.0,0.0,0.0,0.0,0.0,0.0,0.0,0.0,0.0,0.0,0.0,0.0,0.0,0.0,0.0,0.0,0.0,0.0,0.0
GAPMST-P32-LKH-same-86f81b28e491,GAPMST-P32-LKH-same,GAPMST-P32-LKH-same,burma14.tsp,/home/wj/code/TSP/data/classic/tsplib/burma14.tsp,ok,1,1,1,0,0,3323.0,True,0.012031037360429764,3322.999999998899,3323.0,3323.0,0.0,1.0,0.0,0.000158935,1.9223e-05,1.0,0.0,0.003758058,1.0,0.0,0.0,0.0,0.0,0.0,0.0,0.0,0.0,0.0,0.0,0.0,1.0,0.0,0.0,0.0,0.0,0.0,0.0,,,,,0.0,3323.0,0.0,0.0,0.0,0.0,0.0,0.0,1.0,0.0,0.0,0.0,0.0,0.0,0.0,0.0,0.0,0.0,0.0,0.0,0.0,0.0,0.0,0.0,0.0,0.0,0.0,0.0
GAPMST-P32-LKH-same-86f81b28e491,GAPMST-P32-LKH-same,GAPMST-P32-LKH-same,ch130.tsp,/home/wj/code/TSP/data/classic/tsplib/ch130.tsp,ok,1,1,1,0,0,6110.0,True,10.805122502148151,6074.619999904337,6110.0,6110.0,0.0,18038.0,5557.0,0.09417258,0.029770759,1.0,0.0,0.084180987,12539.0,7.0,1.0,8255.0,7816.0,130.0,14.0,555.0,0.000953695,9.892330692999948,0.5183336240000013,0.10024384199999972,64.0,16836.0,16836.0,0.0,270441.0,0.0,0.0,,,,,0.0,6110.0,0.0,0.0,0.0,0.0,0.0,0.0,1.0,0.0,0.0,0.0,0.0,0.0,0.0,0.0,0.0,0.0,0.0,0.0,0.0,0.0,0.0,0.0,0.0,0.0,0.0,0.0
GAPMST-P32-LKH-same-86f81b28e491,GAPMST-P32-LKH-same,GAPMST-P32-LKH-same,ch150.tsp,/home/wj/code/TSP/data/classic/tsplib/ch150.tsp,ok,1,1,1,0,0,6528.0,True,11.573176573961973,6486.5499998695095,6528.0,6528.0,0.0,13209.0,4073.0,0.140567291,0.040728119,1.0,0.0,0.176698193,9174.0,11.0,1.0,11025.0,10518.0,150.0,4.0,653.0,0.00121767,10.564872704999988,0.49178034499999923,0.08074395399999963,64.0,12630.0,12630.0,0.0,201737.0,0.0,0.0,,,,,0.0,6528.0,0.0,0.0,0.0,0.0,0.0,0.0,1.0,0.0,0.0,0.0,0.0,0.0,0.0,0.0,0.0,0.0,0.0,0.0,0.0,0.0,0.0,0.0,0.0,0.0,0.0,0.0
GAPMST-P32-LKH-same-86f81b28e491,GAPMST-P32-LKH-same,GAPMST-P32-LKH-same,d198.tsp,/home/wj/code/TSP/data/classic/tsplib/d198.tsp,timeout,1,1,0,1,0,,True,1800.0,14572.88,15780.0,14572.88,0.0764968314321927,714528.0,210000.0,0.439170197,0.06875056,1.0,0.0,0.856492,,,1.0,19305.0,1075.0,198.0,0.0,18428.0,0.00170999,1567.858523,190.1279535,9.622994471,,,,,,,,,,,,0.0,15780.0,,,0.0,,,,,,,,,,,,,,,,,,,,,,,
GAPMST-P32-LKH-same-86f81b28e491,GAPMST-P32-LKH-same,GAPMST-P32-LKH-same,dantzig42.tsp,/home/wj/code/TSP/data/classic/tsplib/dantzig42.tsp,ok,1,1,1,0,0,699.0,True,0.09820694476366043,696.959999997658,699.0,699.0,0.0,9.0,2.0,0.004600852,0.005833509,1.0,0.0,0.02452307,7.0,3.0,1.0,819.0,796.0,42.0,27.0,35.0,0.000262848,0.000266292,4.423e-05,5.3902999999999995e-05,64.0,7.0,7.0,0.0,54.0,0.0,0.0,,,,,0.0,699.0,0.0,0.0,0.0,0.0,0.0,0.0,1.0,0.0,0.0,0.0,0.0,0.0,0.0,0.0,0.0,0.0,0.0,0.0,0.0,0.0,0.0,0.0,0.0,0.0,0.0,0.0
GAPMST-P32-LKH-same-86f81b28e491,GAPMST-P32-LKH-same,GAPMST-P32-LKH-same,dj38.tsp,/home/wj/code/TSP/data/classic/national/dj38.tsp,ok,1,1,1,0,0,6656.0,True,0.09353218041360378,6655.999999981781,6656.0,6656.0,0.0,1.0,0.0,0.002399125,0.000114532,1.0,0.0,0.009504611,1.0,0.0,0.0,0.0,0.0,0.0,0.0,0.0,0.0,0.0,0.0,0.0,1.0,0.0,0.0,0.0,0.0,0.0,0.0,,,,,0.0,6656.0,0.0,0.0,0.0,0.0,0.0,0.0,1.0,0.0,0.0,0.0,0.0,0.0,0.0,0.0,0.0,0.0,0.0,0.0,0.0,0.0,0.0,0.0,0.0,0.0,0.0,0.0
GAPMST-P32-LKH-same-86f81b28e491,GAPMST-P32-LKH-same,GAPMST-P32-LKH-same,eil101.tsp,/home/wj/code/TSP/data/classic/tsplib/eil101.tsp,ok,1,1,1,0,0,629.0,True,0.17948701977729797,627.3329762117957,629.0,629.0,0.0,78.0,25.0,0.065764859,0.016928309,1.0,0.0,0.046140056,53.0,1.0,1.0,4949.0,4875.0,101.0,47.0,123.0,0.000523674,0.013846862999999997,0.0005850340000000001,0.00019793900000000006,64.0,67.0,67.0,0.0,1341.0,0.0,0.0,,,,,0.0,629.0,0.0,0.0,0.0,0.0,0.0,0.0,1.0,0.0,0.0,0.0,0.0,0.0,0.0,0.0,0.0,0.0,0.0,0.0,0.0,0.0,0.0,0.0,0.0,0.0,0.0,0.0
GAPMST-P32-LKH-same-86f81b28e491,GAPMST-P32-LKH-same,GAPMST-P32-LKH-same,eil51.tsp,/home/wj/code/TSP/data/classic/tsplib/eil51.tsp,ok,1,1,1,0,0,426.0,True,0.11551111191511154,422.4399999987474,426.0,426.0,0.0,155.0,57.0,0.00687737,0.005539207,1.0,0.0,0.02721482,99.0,19.0,1.0,1224.0,1159.0,51.0,7.0,109.0,0.000282265,0.020258255000000003,0.0011105329999999997,0.000171363,64.0,142.0,142.0,0.0,2428.0,0.0,0.0,,,,,0.0,426.0,0.0,0.0,0.0,0.0,0.0,0.0,1.0,0.0,0.0,0.0,0.0,0.0,0.0,0.0,0.0,0.0,0.0,0.0,0.0,0.0,0.0,0.0,0.0,0.0,0.0,0.0
GAPMST-P32-LKH-same-86f81b28e491,GAPMST-P32-LKH-same,GAPMST-P32-LKH-same,eil76.tsp,/home/wj/code/TSP/data/classic/tsplib/eil76.tsp,ok,1,1,1,0,0,538.0,True,0.14146568812429905,536.969999996869,538.0,538.0,0.0,5.0,2.0,0.016894479,0.011466663,1.0,0.0,0.039600261,3.0,6.0,1.0,2774.0,2755.0,76.0,61.0,31.0,0.000453594,0.000199227,5.9526e-05,5.4632e-05,64.0,4.0,4.0,0.0,45.0,0.0,0.0,,,,,0.0,538.0,0.0,0.0,0.0,0.0,0.0,0.0,1.0,0.0,0.0,0.0,0.0,0.0,0.0,0.0,0.0,0.0,0.0,0.0,0.0,0.0,0.0,0.0,0.0,0.0,0.0,0.0
GAPMST-P32-LKH-same-86f81b28e491,GAPMST-P32-LKH-same,GAPMST-P32-LKH-same,fri26.tsp,/home/wj/code/TSP/data/classic/tsplib/fri26.tsp,ok,1,1,1,0,0,937.0,True,0.09094897843897343,936.9999999984229,937.0,937.0,0.0,1.0,0.0,0.000656032,0.000338014,1.0,0.0,0.011378977,1.0,0.0,0.0,0.0,0.0,0.0,0.0,0.0,0.0,0.0,0.0,0.0,15.0,0.0,0.0,0.0,0.0,0.0,0.0,,,,,0.0,937.0,0.0,0.0,0.0,0.0,0.0,0.0,1.0,0.0,0.0,0.0,0.0,0.0,0.0,0.0,0.0,0.0,0.0,0.0,0.0,0.0,0.0,0.0,0.0,0.0,0.0,0.0
GAPMST-P32-LKH-same-86f81b28e491,GAPMST-P32-LKH-same,GAPMST-P32-LKH-same,gr120.tsp,/home/wj/code/TSP/data/classic/tsplib/gr120.tsp,ok,1,1,1,0,0,6942.0,True,1.376623373478651,6909.959999893309,6942.0,6942.0,0.0,2312.0,786.0,0.108725766,0.024978702,1.0,0.0,0.063306784,1540.0,0.0,1.0,7020.0,6727.0,120.0,13.0,397.0,0.000707441,1.059305947,0.06369162700000004,0.002452208999999996,64.0,2162.0,2162.0,0.0,36958.0,0.0,0.0,,,,,0.0,6942.0,0.0,0.0,0.0,0.0,0.0,0.0,1.0,0.0,0.0,0.0,0.0,0.0,0.0,0.0,0.0,0.0,0.0,0.0,0.0,0.0,0.0,0.0,0.0,0.0,0.0,0.0
GAPMST-P32-LKH-same-86f81b28e491,GAPMST-P32-LKH-same,GAPMST-P32-LKH-same,gr137.tsp,/home/wj/code/TSP/data/classic/tsplib/gr137.tsp,ok,1,1,1,0,0,69853.0,True,4.062814604490995,69113.08999838053,69853.0,69853.0,0.0,5882.0,2016.0,0.16581185,0.050851295,1.0,0.0,0.091067348,3888.0,0.0,1.0,9179.0,8325.0,137.0,3.0,988.0,0.001400537,3.3736498849999896,0.25576837200000047,0.032416346999999984,64.0,5326.0,5326.0,0.0,89257.0,0.0,0.0,,,,,0.0,69853.0,0.0,0.0,0.0,0.0,0.0,0.0,1.0,0.0,0.0,0.0,0.0,0.0,0.0,0.0,0.0,0.0,0.0,0.0,0.0,0.0,0.0,0.0,0.0,0.0,0.0,0.0
GAPMST-P32-LKH-same-86f81b28e491,GAPMST-P32-LKH-same,GAPMST-P32-LKH-same,gr17.tsp,/home/wj/code/TSP/data/classic/tsplib/gr17.tsp,ok,1,1,1,0,0,2085.0,True,0.023506611585617065,2084.999999998326,2085.0,2085.0,0.0,1.0,0.0,0.000211091,2.301e-05,1.0,0.0,0.005026558,1.0,0.0,0.0,0.0,0.0,0.0,0.0,0.0,0.0,0.0,0.0,0.0,1.0,0.0,0.0,0.0,0.0,0.0,0.0,,,,,0.0,2085.0,0.0,0.0,0.0,0.0,0.0,0.0,1.0,0.0,0.0,0.0,0.0,0.0,0.0,0.0,0.0,0.0,0.0,0.0,0.0,0.0,0.0,0.0,0.0,0.0,0.0,0.0
GAPMST-P32-LKH-same-86f81b28e491,GAPMST-P32-LKH-same,GAPMST-P32-LKH-same,gr21.tsp,/home/wj/code/TSP/data/classic/tsplib/gr21.tsp,ok,1,1,1,0,0,2707.0,True,0.014365248382091522,2706.9999999973675,2707.0,2707.0,0.0,1.0,0.0,0.000154239,1.562e-05,1.0,0.0,0.005576715,1.0,0.0,0.0,0.0,0.0,0.0,0.0,0.0,0.0,0.0,0.0,0.0,1.0,0.0,0.0,0.0,0.0,0.0,0.0,,,,,0.0,2707.0,0.0,0.0,0.0,0.0,0.0,0.0,1.0,0.0,0.0,0.0,0.0,0.0,0.0,0.0,0.0,0.0,0.0,0.0,0.0,0.0,0.0,0.0,0.0,0.0,0.0,0.0
GAPMST-P32-LKH-same-86f81b28e491,GAPMST-P32-LKH-same,GAPMST-P32-LKH-same,gr24.tsp,/home/wj/code/TSP/data/classic/tsplib/gr24.tsp,ok,1,1,1,0,0,1272.0,True,0.033520057797431946,1271.999889186537,1272.0,1272.0,0.0,1.0,0.0,0.000728151,0.000991839,1.0,0.0,0.010032799,1.0,0.0,0.0,0.0,0.0,0.0,0.0,0.0,0.0,0.0,0.0,0.0,64.0,0.0,0.0,0.0,0.0,0.0,0.0,,,,,0.0,1272.0,0.0,0.0,0.0,0.0,0.0,0.0,1.0,0.0,0.0,0.0,0.0,0.0,0.0,0.0,0.0,0.0,0.0,0.0,0.0,0.0,0.0,0.0,0.0,0.0,0.0,0.0
GAPMST-P32-LKH-same-86f81b28e491,GAPMST-P32-LKH-same,GAPMST-P32-LKH-same,gr48.tsp,/home/wj/code/TSP/data/classic/tsplib/gr48.tsp,ok,1,1,1,0,0,5046.0,True,0.25423608161509037,4958.9599999858965,5046.0,5046.0,0.0,1449.0,431.0,0.008140455,0.006902695,1.0,0.0,0.032665772,1023.0,0.0,1.0,1080.0,927.0,48.0,4.0,197.0,0.000225559,0.13375451199999985,0.00941650399999999,0.0005617669999999997,64.0,1343.0,1343.0,0.0,19440.0,0.0,0.0,,,,,0.0,5046.0,0.0,0.0,0.0,0.0,0.0,0.0,1.0,0.0,0.0,0.0,0.0,0.0,0.0,0.0,0.0,0.0,0.0,0.0,0.0,0.0,0.0,0.0,0.0,0.0,0.0,0.0
GAPMST-P32-LKH-same-86f81b28e491,GAPMST-P32-LKH-same,GAPMST-P32-LKH-same,gr96.tsp,/home/wj/code/TSP/data/classic/tsplib/gr96.tsp,ok,1,1,1,0,0,55209.0,True,0.598406046628952,54569.47999942845,55209.0,55209.0,0.0,1267.0,453.0,0.047605686,0.014468975,1.0,0.0,0.065282704,817.0,5.0,1.0,4464.0,4031.0,96.0,1.0,528.0,0.000461364,0.37531753800000006,0.030970151000000008,0.003386146000000003,64.0,1198.0,1198.0,0.0,20034.0,0.0,0.0,,,,,0.0,55209.0,0.0,0.0,0.0,0.0,0.0,0.0,1.0,0.0,0.0,0.0,0.0,0.0,0.0,0.0,0.0,0.0,0.0,0.0,0.0,0.0,0.0,0.0,0.0,0.0,0.0,0.0
GAPMST-P32-LKH-same-86f81b28e491,GAPMST-P32-LKH-same,GAPMST-P32-LKH-same,hk48.tsp,/home/wj/code/TSP/data/classic/tsplib/hk48.tsp,ok,1,1,1,0,0,11461.0,True,0.058996083214879036,11444.019999961509,11461.0,11461.0,0.0,8.0,2.0,0.005605873,0.007982314,1.0,0.0,0.021647405,6.0,2.0,1.0,1080.0,1056.0,48.0,32.0,32.0,0.000199664,0.00020586200000000002,0.0,3.925899999999999e-05,64.0,7.0,7.0,0.0,62.0,0.0,0.0,,,,,0.0,11461.0,0.0,0.0,0.0,0.0,0.0,0.0,1.0,0.0,0.0,0.0,0.0,0.0,0.0,0.0,0.0,0.0,0.0,0.0,0.0,0.0,0.0,0.0,0.0,0.0,0.0,0.0
GAPMST-P32-LKH-same-86f81b28e491,GAPMST-P32-LKH-same,GAPMST-P32-LKH-same,kroA100.tsp,/home/wj/code/TSP/data/classic/tsplib/kroA100.tsp,ok,1,1,1,0,0,21282.0,True,6.110988102853298,20936.47999972256,21282.0,21282.0,0.0,12975.0,3695.0,0.054487917,0.016585183,1.0,0.0,0.055054132,9309.0,0.0,1.0,4850.0,4262.0,100.0,0.0,688.0,0.000473791,5.585691619000011,0.310371465999999,0.03254426799999997,64.0,12293.0,12293.0,0.0,179547.0,0.0,0.0,,,,,0.0,21282.0,0.0,0.0,0.0,0.0,0.0,0.0,1.0,0.0,0.0,0.0,0.0,0.0,0.0,0.0,0.0,0.0,0.0,0.0,0.0,0.0,0.0,0.0,0.0,0.0,0.0,0.0
GAPMST-P32-LKH-same-86f81b28e491,GAPMST-P32-LKH-same,GAPMST-P32-LKH-same,kroA150.tsp,/home/wj/code/TSP/data/classic/tsplib/kroA150.tsp,ok,1,1,1,0,0,26524.0,True,20.024173153564334,26293.169999357702,26524.0,26524.0,0.0,21155.0,6789.0,0.196171344,0.040868547,1.0,0.0,0.157737618,14445.0,1.0,1.0,11025.0,10288.0,150.0,4.0,883.0,0.001293988,18.462098211999887,0.9015816099999968,0.14303146699999877,64.0,20242.0,20242.0,0.0,336924.0,0.0,0.0,,,,,0.0,26524.0,0.0,0.0,0.0,0.0,0.0,0.0,1.0,0.0,0.0,0.0,0.0,0.0,0.0,0.0,0.0,0.0,0.0,0.0,0.0,0.0,0.0,0.0,0.0,0.0,0.0,0.0
GAPMST-P32-LKH-same-86f81b28e491,GAPMST-P32-LKH-same,GAPMST-P32-LKH-same,kroB100.tsp,/home/wj/code/TSP/data/classic/tsplib/kroB100.tsp,ok,1,1,1,0,0,22141.0,True,2.9532853588461876,21831.699999692984,22141.0,22141.0,0.0,5505.0,1794.0,0.046054169,0.016904867,1.0,0.0,0.113201218,3731.0,0.0,1.0,4850.0,4248.0,100.0,2.0,700.0,0.000505158,2.544953409999997,0.15114707500000002,0.015594173000000012,64.0,5075.0,5075.0,0.0,79831.0,0.0,0.0,,,,,0.0,22141.0,0.0,0.0,0.0,0.0,0.0,0.0,1.0,0.0,0.0,0.0,0.0,0.0,0.0,0.0,0.0,0.0,0.0,0.0,0.0,0.0,0.0,0.0,0.0,0.0,0.0,0.0
GAPMST-P32-LKH-same-86f81b28e491,GAPMST-P32-LKH-same,GAPMST-P32-LKH-same,kroB150.tsp,/home/wj/code/TSP/data/classic/tsplib/kroB150.tsp,timeout,1,1,0,1,0,,True,1800.0,25732.42,26130.0,25732.42,0.01521546115575973,1622589.0,480000.0,0.246520396,0.041143914,1.0,0.0,0.371664,,,1.0,11025.0,9567.0,150.0,0.0,1608.0,0.001187882,1673.659354,86.07963366,12.81820692,,,,,,,,,,,,0.0,26130.0,,,0.0,,,,,,,,,,,,,,,,,,,,,,,
GAPMST-P32-LKH-same-86f81b28e491,GAPMST-P32-LKH-same,GAPMST-P32-LKH-same,kroC100.tsp,/home/wj/code/TSP/data/classic/tsplib/kroC100.tsp,ok,1,1,1,0,0,20749.0,True,1.8547039683908224,20472.489999725905,20749.0,20749.0,0.0,4011.0,1241.0,0.050037783,0.017330409,1.0,0.0,0.040475912,2782.0,0.0,1.0,4850.0,4325.0,100.0,2.0,623.0,0.000510755,1.585150809999997,0.09594508300000008,0.010803216000000011,64.0,3774.0,3774.0,0.0,57697.0,0.0,0.0,,,,,0.0,20749.0,0.0,0.0,0.0,0.0,0.0,0.0,1.0,0.0,0.0,0.0,0.0,0.0,0.0,0.0,0.0,0.0,0.0,0.0,0.0,0.0,0.0,0.0,0.0,0.0,0.0,0.0
GAPMST-P32-LKH-same-86f81b28e491,GAPMST-P32-LKH-same,GAPMST-P32-LKH-same,kroD100.tsp,/home/wj/code/TSP/data/classic/tsplib/kroD100.tsp,ok,1,1,1,0,0,21294.0,True,0.3078527022153139,21141.459999730672,21294.0,21294.0,0.0,502.0,130.0,0.050868998,0.016804503,1.0,0.0,0.064532697,374.0,0.0,1.0,4850.0,4553.0,100.0,17.0,379.0,0.000526627,0.13933688300000005,0.008498571,0.00058559,64.0,456.0,456.0,0.0,6301.0,0.0,0.0,,,,,0.0,21294.0,0.0,0.0,0.0,0.0,0.0,0.0,1.0,0.0,0.0,0.0,0.0,0.0,0.0,0.0,0.0,0.0,0.0,0.0,0.0,0.0,0.0,0.0,0.0,0.0,0.0,0.0
GAPMST-P32-LKH-same-86f81b28e491,GAPMST-P32-LKH-same,GAPMST-P32-LKH-same,kroE100.tsp,/home/wj/code/TSP/data/classic/tsplib/kroE100.tsp,ok,1,1,1,0,0,22068.0,True,12.400378024205565,21799.409999721556,22068.0,22068.0,0.0,32765.0,9627.0,0.051514696,0.016729568,1.0,0.0,0.14591703,23229.0,71.0,1.0,4850.0,4394.0,100.0,5.0,551.0,0.00055461,11.296546092000074,0.6578372070000017,0.09637432200000029,64.0,30997.0,30997.0,0.0,464534.0,0.0,0.0,,,,,0.0,22068.0,0.0,0.0,0.0,0.0,0.0,0.0,1.0,0.0,0.0,0.0,0.0,0.0,0.0,0.0,0.0,0.0,0.0,0.0,0.0,0.0,0.0,0.0,0.0,0.0,0.0,0.0
GAPMST-P32-LKH-same-86f81b28e491,GAPMST-P32-LKH-same,GAPMST-P32-LKH-same,lin105.tsp,/home/wj/code/TSP/data/classic/tsplib/lin105.tsp,ok,1,1,1,0,0,14379.0,True,0.14522352069616318,14370.479999775862,14379.0,14379.0,0.0,4.0,1.0,0.067852616,0.017452566,1.0,0.0,0.045160504,3.0,3.0,1.0,5355.0,5319.0,105.0,87.0,39.0,0.000480283,5.9919e-05,0.0,5.9485e-05,64.0,2.0,2.0,0.0,13.0,0.0,0.0,,,,,0.0,14379.0,0.0,0.0,0.0,0.0,0.0,0.0,1.0,0.0,0.0,0.0,0.0,0.0,0.0,0.0,0.0,0.0,0.0,0.0,0.0,0.0,0.0,0.0,0.0,0.0,0.0,0.0
GAPMST-P32-LKH-same-86f81b28e491,GAPMST-P32-LKH-same,GAPMST-P32-LKH-same,pr107.tsp,/home/wj/code/TSP/data/classic/tsplib/pr107.tsp,timeout,1,1,0,1,0,,True,1800.0,40065.34082,44303.0,40065.34082,0.09565174322280663,2225748.0,640000.0,0.056718989,0.018107304,1.0,0.0,0.0508241,,,1.0,5564.0,151.0,107.0,0.0,5520.0,0.000421352,1553.952917,212.7609559,8.036991929,,,,,,,,,,,,0.0,44303.0,,,0.0,,,,,,,,,,,,,,,,,,,,,,,
GAPMST-P32-LKH-same-86f81b28e491,GAPMST-P32-LKH-same,GAPMST-P32-LKH-same,pr124.tsp,/home/wj/code/TSP/data/classic/tsplib/pr124.tsp,ok,1,1,1,0,0,59030.0,True,1.5526796896010637,58060.599998730104,59030.0,59030.0,0.0,2156.0,750.0,0.06566701,0.024865267,1.0,0.0,0.086405849,1411.0,0.0,1.0,7502.0,6430.0,124.0,0.0,1196.0,0.000704812,1.241796767000001,0.10055003200000001,0.005160345999999998,64.0,2005.0,2005.0,0.0,33037.0,0.0,0.0,,,,,0.0,59030.0,0.0,0.0,0.0,0.0,0.0,0.0,1.0,0.0,0.0,0.0,0.0,0.0,0.0,0.0,0.0,0.0,0.0,0.0,0.0,0.0,0.0,0.0,0.0,0.0,0.0,0.0
GAPMST-P32-LKH-same-86f81b28e491,GAPMST-P32-LKH-same,GAPMST-P32-LKH-same,pr136.tsp,/home/wj/code/TSP/data/classic/tsplib/pr136.tsp,ok,1,1,1,0,0,96772.0,True,601.4995282497257,95859.17999828939,96772.0,96772.0,0.0,877054.0,306306.0,0.375956346,0.032130392,1.0,0.0,0.216220552,575638.0,39.0,1.0,9044.0,8316.0,136.0,0.0,864.0,0.000913321,552.9939708850101,37.54721656100007,5.629785313999877,64.0,770825.0,770825.0,0.0,14677268.0,0.0,0.0,,,,,12.0,96772.0,0.0,0.0,0.0,0.0,0.0,0.0,1.0,0.0,0.0,0.0,0.0,0.0,0.0,0.0,0.0,0.0,0.0,0.0,0.0,0.0,0.0,0.0,0.0,0.0,0.0,0.0
GAPMST-P32-LKH-same-86f81b28e491,GAPMST-P32-LKH-same,GAPMST-P32-LKH-same,pr144.tsp,/home/wj/code/TSP/data/classic/tsplib/pr144.tsp,ok,1,1,1,0,0,58537.0,True,4.18979706056416,57892.66276212371,58537.0,58537.0,0.0,4521.0,1572.0,0.066751051,0.033832034,1.0,0.0,0.185597146,2972.0,0.0,1.0,10152.0,8721.0,144.0,3.0,1572.0,0.001046862,3.5350843409999992,0.2887163439999994,0.02548654099999999,64.0,4218.0,4218.0,0.0,74189.0,0.0,0.0,,,,,0.0,58537.0,0.0,0.0,0.0,0.0,0.0,0.0,1.0,0.0,0.0,0.0,0.0,0.0,0.0,0.0,0.0,0.0,0.0,0.0,0.0,0.0,0.0,0.0,0.0,0.0,0.0,0.0
GAPMST-P32-LKH-same-86f81b28e491,GAPMST-P32-LKH-same,GAPMST-P32-LKH-same,pr152.tsp,/home/wj/code/TSP/data/classic/tsplib/pr152.tsp,timeout,1,1,0,1,0,,True,1800.0,69999.92364,73682.0,69999.92364,0.04997253549035051,1112240.0,330000.0,0.147846766,0.039463491,1.0,0.0,0.310369,,,1.0,11324.0,4683.0,152.0,0.0,6793.0,0.000982964,1560.531216,164.2609915,8.440266613,,,,,,,,,,,,0.0,73682.0,,,0.0,,,,,,,,,,,,,,,,,,,,,,,
GAPMST-P32-LKH-same-86f81b28e491,GAPMST-P32-LKH-same,GAPMST-P32-LKH-same,pr76.tsp,/home/wj/code/TSP/data/classic/tsplib/pr76.tsp,ok,1,1,1,0,0,108159.0,True,187.44131097197533,105050.5999992225,108159.0,108159.0,0.0,731879.0,217361.0,0.129127678,0.009399196,1.0,0.0,0.070121665,516560.0,0.0,1.0,2774.0,1991.0,76.0,1.0,858.0,0.000313152,165.38687139499552,16.208064553000106,2.8188652759997486,64.0,668488.0,668488.0,0.0,10089326.0,0.0,0.0,,,,,12.0,108159.0,0.0,0.0,0.0,0.0,0.0,0.0,1.0,0.0,0.0,0.0,0.0,0.0,0.0,0.0,0.0,0.0,0.0,0.0,0.0,0.0,0.0,0.0,0.0,0.0,0.0,0.0
GAPMST-P32-LKH-same-86f81b28e491,GAPMST-P32-LKH-same,GAPMST-P32-LKH-same,qa194.tsp,/home/wj/code/TSP/data/classic/national/qa194.tsp,timeout,1,1,0,1,0,,True,1800.0,9265.17,9352.0,9265.17,0.009284644995722832,1400732.0,450000.0,0.628484608,0.067822695,1.0,0.0,0.365806,,,1.0,18527.0,16612.0,194.0,1.0,2108.0,0.00217828,1646.868236,104.0828087,12.94927952,,,,,,,,,,,,0.0,9352.0,,,0.0,,,,,,,,,,,,,,,,,,,,,,,
GAPMST-P32-LKH-same-86f81b28e491,GAPMST-P32-LKH-same,GAPMST-P32-LKH-same,rat195.tsp,/home/wj/code/TSP/data/classic/tsplib/rat195.tsp,ok,1,1,1,0,0,2323.0,True,243.63353474996984,2291.959999919687,2323.0,2323.0,0.0,160402.0,49259.0,0.298983272,0.067315538,1.0,0.0,0.723115006,111828.0,0.0,1.0,18720.0,16371.0,195.0,0.0,2544.0,0.002018264,225.65160604899646,14.494344777999913,1.0484157349999954,64.0,154286.0,154286.0,0.0,2527203.0,0.0,0.0,,,,,0.0,2323.0,0.0,0.0,0.0,0.0,0.0,0.0,1.0,0.0,0.0,0.0,0.0,0.0,0.0,0.0,0.0,0.0,0.0,0.0,0.0,0.0,0.0,0.0,0.0,0.0,0.0,0.0
GAPMST-P32-LKH-same-86f81b28e491,GAPMST-P32-LKH-same,GAPMST-P32-LKH-same,rat99.tsp,/home/wj/code/TSP/data/classic/tsplib/rat99.tsp,ok,1,1,1,0,0,1211.0,True,0.12711773999035358,1205.9499999855982,1211.0,1211.0,0.0,39.0,15.0,0.046506438,0.015197902,1.0,0.0,0.038103757,24.0,4.0,1.0,4752.0,4629.0,99.0,29.0,178.0,0.000497261,0.006703644,0.0009163890000000001,0.00014188600000000006,64.0,36.0,36.0,0.0,655.0,0.0,0.0,,,,,0.0,1211.0,0.0,0.0,0.0,0.0,0.0,0.0,1.0,0.0,0.0,0.0,0.0,0.0,0.0,0.0,0.0,0.0,0.0,0.0,0.0,0.0,0.0,0.0,0.0,0.0,0.0,0.0
GAPMST-P32-LKH-same-86f81b28e491,GAPMST-P32-LKH-same,GAPMST-P32-LKH-same,rd100.tsp,/home/wj/code/TSP/data/classic/tsplib/rd100.tsp,ok,1,1,1,0,0,7910.0,True,0.14916859194636345,7897.20107452616,7910.0,7910.0,0.0,21.0,6.0,0.055325324,0.01695176,1.0,0.0,0.059058869,15.0,1.0,1.0,4850.0,4759.0,100.0,43.0,144.0,0.000494865,0.0026507609999999997,0.00041576000000000004,0.00011710500000000001,64.0,17.0,17.0,0.0,214.0,0.0,0.0,,,,,0.0,7910.0,0.0,0.0,0.0,0.0,0.0,0.0,1.0,0.0,0.0,0.0,0.0,0.0,0.0,0.0,0.0,0.0,0.0,0.0,0.0,0.0,0.0,0.0,0.0,0.0,0.0,0.0
GAPMST-P32-LKH-same-86f81b28e491,GAPMST-P32-LKH-same,GAPMST-P32-LKH-same,si175.tsp,/home/wj/code/TSP/data/classic/tsplib/si175.tsp,timeout,1,1,0,1,0,,True,1800.0,21373.58,21407.0,21373.58,0.0015611715793898376,2526705.0,760000.0,0.217886075,0.052394422,1.0,0.0,0.320965,,,1.0,15050.0,13917.0,175.0,12.0,1296.0,0.001566222,1634.417414,110.782119,24.58780776,,,,,,,,,,,,0.0,21407.0,,,0.0,,,,,,,,,,,,,,,,,,,,,,,
GAPMST-P32-LKH-same-86f81b28e491,GAPMST-P32-LKH-same,GAPMST-P32-LKH-same,st70.tsp,/home/wj/code/TSP/data/classic/tsplib/st70.tsp,ok,1,1,1,0,0,675.0,True,0.09577606990933418,670.9399999952018,675.0,675.0,0.0,23.0,6.0,0.020088199,0.010124007,1.0,0.0,0.040595591,18.0,0.0,1.0,2345.0,2230.0,70.0,19.0,158.0,0.000270761,0.0030171199999999994,0.00017381000000000002,0.00010408600000000002,64.0,22.0,22.0,0.0,348.0,0.0,0.0,,,,,0.0,675.0,0.0,0.0,0.0,0.0,0.0,0.0,1.0,0.0,0.0,0.0,0.0,0.0,0.0,0.0,0.0,0.0,0.0,0.0,0.0,0.0,0.0,0.0,0.0,0.0,0.0,0.0
GAPMST-P32-LKH-same-86f81b28e491,GAPMST-P32-LKH-same,GAPMST-P32-LKH-same,swiss42.tsp,/home/wj/code/TSP/data/classic/tsplib/swiss42.tsp,ok,1,1,1,0,0,1273.0,True,0.05399949848651886,1271.9619537743815,1273.0,1273.0,0.0,3.0,1.0,0.004213688,0.005352573,1.0,0.0,0.017339049,2.0,0.0,1.0,819.0,812.0,42.0,35.0,14.0,0.000255592,6.4789e-05,0.0,2.3273999999999998e-05,64.0,2.0,2.0,0.0,11.0,0.0,0.0,,,,,0.0,1273.0,0.0,0.0,0.0,0.0,0.0,0.0,1.0,0.0,0.0,0.0,0.0,0.0,0.0,0.0,0.0,0.0,0.0,0.0,0.0,0.0,0.0,0.0,0.0,0.0,0.0,0.0
GAPMST-P32-LKH-same-86f81b28e491,GAPMST-P32-LKH-same,GAPMST-P32-LKH-same,u159.tsp,/home/wj/code/TSP/data/classic/tsplib/u159.tsp,ok,1,1,1,0,0,42080.0,True,1.072702307254076,41924.95999885369,42080.0,42080.0,0.0,1259.0,398.0,0.189358679,0.042589759,1.0,0.0,0.079312777,864.0,12.0,1.0,12402.0,12066.0,159.0,19.0,471.0,0.001332733,0.6733857140000004,0.04244285999999996,0.005921147999999991,64.0,1183.0,1183.0,0.0,18640.0,0.0,0.0,,,,,0.0,42080.0,0.0,0.0,0.0,0.0,0.0,0.0,1.0,0.0,0.0,0.0,0.0,0.0,0.0,0.0,0.0,0.0,0.0,0.0,0.0,0.0,0.0,0.0,0.0,0.0,0.0,0.0
GAPMST-P32-LKH-same-86f81b28e491,GAPMST-P32-LKH-same,GAPMST-P32-LKH-same,ulysses16.tsp,/home/wj/code/TSP/data/classic/tsplib/ulysses16.tsp,ok,1,1,1,0,0,6859.0,True,0.052182842046022415,6858.999999996325,6859.0,6859.0,0.0,1.0,0.0,0.000149946,1.4621e-05,1.0,0.0,0.004715692,1.0,0.0,0.0,0.0,0.0,0.0,0.0,0.0,0.0,0.0,0.0,0.0,1.0,0.0,0.0,0.0,0.0,0.0,0.0,,,,,0.0,6859.0,0.0,0.0,0.0,0.0,0.0,0.0,1.0,0.0,0.0,0.0,0.0,0.0,0.0,0.0,0.0,0.0,0.0,0.0,0.0,0.0,0.0,0.0,0.0,0.0,0.0,0.0
GAPMST-P32-LKH-same-86f81b28e491,GAPMST-P32-LKH-same,GAPMST-P32-LKH-same,wi29.tsp,/home/wj/code/TSP/data/classic/national/wi29.tsp,ok,1,1,1,0,0,27603.0,True,0.04455451853573322,27602.999999952015,27603.0,27603.0,0.0,1.0,0.0,0.001278138,6.7666e-05,1.0,0.0,0.00768636,1.0,0.0,0.0,0.0,0.0,0.0,0.0,0.0,0.0,0.0,0.0,0.0,1.0,0.0,0.0,0.0,0.0,0.0,0.0,,,,,0.0,27603.0,0.0,0.0,0.0,0.0,0.0,0.0,1.0,0.0,0.0,0.0,0.0,0.0,0.0,0.0,0.0,0.0,0.0,0.0,0.0,0.0,0.0,0.0,0.0,0.0,0.0,0.0
GAPMST-P32-LKH-same-86f81b28e491,GAPMST-P32-LKH-same,GAPMST-P32-LKH-same,xqf131.tsp,/home/wj/code/TSP/data/classic/vlsi/vlsi/xqf131.tsp,timeout,1,1,0,1,0,,True,1800.0,555.6016199,564.0,555.6016199,0.014890744858156123,2766809.0,850000.0,0.084984902,0.028549759,1.0,0.0,0.268458,,,1.0,8384.0,7201.0,131.0,2.0,1312.0,0.000915686,1633.642378,112.1611745,22.77652219,,,,,,,,,,,,0.0,564.0,,,0.0,,,,,,,,,,,,,,,,,,,,,,,
