strategy,iteration,phase,phase_iteration,lower_bound,best_lower_bound
polyak-smoothed-dynamic,1,polyak-smoothed-dynamic,1,49827,49827
polyak-smoothed-dynamic,2,polyak-smoothed-dynamic,2,27975.857142857156,49827
polyak-smoothed-dynamic,3,polyak-smoothed-dynamic,3,43338.115046976054,49827
polyak-smoothed-dynamic,4,polyak-smoothed-dynamic,4,39054.132435581771,49827
polyak-smoothed-dynamic,5,polyak-smoothed-dynamic,5,44980.409511681049,49827
polyak-smoothed-dynamic,6,polyak-smoothed-dynamic,6,42741.517827758202,49827
polyak-smoothed-dynamic,7,polyak-smoothed-dynamic,7,45900.884924567617,49827
polyak-smoothed-dynamic,8,polyak-smoothed-dynamic,8,48217.819707028437,49827
polyak-smoothed-dynamic,9,polyak-smoothed-dynamic,9,50050.647270099704,50050.647270099704
polyak-smoothed-dynamic,10,polyak-smoothed-dynamic,10,50307.536696391282,50307.536696391282
polyak-smoothed-dynamic,11,polyak-smoothed-dynamic,11,51701.027568103498,51701.027568103498
polyak-smoothed-dynamic,12,polyak-smoothed-dynamic,12,52168.820502945877,52168.820502945877
polyak-smoothed-dynamic,13,polyak-smoothed-dynamic,13,51641.127403074286,52168.820502945877
polyak-smoothed-dynamic,14,polyak-smoothed-dynamic,14,50992.348694503416,52168.820502945877
polyak-smoothed-dynamic,15,polyak-smoothed-dynamic,15,51997.241007997269,52168.820502945877
polyak-smoothed-dynamic,16,polyak-smoothed-dynamic,16,52198.558683900352,52198.558683900352
polyak-smoothed-dynamic,17,polyak-smoothed-dynamic,17,52166.621662341844,52198.558683900352
polyak-smoothed-dynamic,18,polyak-smoothed-dynamic,18,51884.718092252289,52198.558683900352
polyak-smoothed-dynamic,19,polyak-smoothed-dynamic,19,52517.383710600268,52517.383710600268
polyak-smoothed-dynamic,20,polyak-smoothed-dynamic,20,52573.821197576159,52573.821197576159
polyak-smoothed-dynamic,21,polyak-smoothed-dynamic,21,52344.5017408024,52573.821197576159
polyak-smoothed-dynamic,22,polyak-smoothed-dynamic,22,52180.017809521385,52573.821197576159
polyak-smoothed-dynamic,23,polyak-smoothed-dynamic,23,52392.598698651134,52573.821197576159
polyak-smoothed-dynamic,24,polyak-smoothed-dynamic,24,52123.361565441643,52573.821197576159
polyak-smoothed-dynamic,25,polyak-smoothed-dynamic,25,53170.024268770736,53170.024268770736
polyak-smoothed-dynamic,26,polyak-smoothed-dynamic,26,52550.641519625075,53170.024268770736
polyak-smoothed-dynamic,27,polyak-smoothed-dynamic,27,52002.921567760517,53170.024268770736
polyak-smoothed-dynamic,28,polyak-smoothed-dynamic,28,53749.949723824269,53749.949723824269
polyak-smoothed-dynamic,29,polyak-smoothed-dynamic,29,53172.57902809394,53749.949723824269
polyak-smoothed-dynamic,30,polyak-smoothed-dynamic,30,52947.633817961228,53749.949723824269
polyak-smoothed-dynamic,31,polyak-smoothed-dynamic,31,54015.046739567173,54015.046739567173
polyak-smoothed-dynamic,32,polyak-smoothed-dynamic,32,53212.216165540274,54015.046739567173
polyak-smoothed-dynamic,33,polyak-smoothed-dynamic,33,53943.241946958769,54015.046739567173
polyak-smoothed-dynamic,34,polyak-smoothed-dynamic,34,53736.928263937923,54015.046739567173
polyak-smoothed-dynamic,35,polyak-smoothed-dynamic,35,53827.495408993651,54015.046739567173
polyak-smoothed-dynamic,36,polyak-smoothed-dynamic,36,53418.804754239609,54015.046739567173
polyak-smoothed-dynamic,37,polyak-smoothed-dynamic,37,53357.800753494521,54015.046739567173
polyak-smoothed-dynamic,38,polyak-smoothed-dynamic,38,53669.040622708082,54015.046739567173
polyak-smoothed-dynamic,39,polyak-smoothed-dynamic,39,53839.178040072373,54015.046739567173
polyak-smoothed-dynamic,40,polyak-smoothed-dynamic,40,54062.473095713256,54062.473095713256
polyak-smoothed-dynamic,41,polyak-smoothed-dynamic,41,53844.187718970599,54062.473095713256
polyak-smoothed-dynamic,42,polyak-smoothed-dynamic,42,53122.570767260753,54062.473095713256
polyak-smoothed-dynamic,43,polyak-smoothed-dynamic,43,54703.628760832544,54703.628760832544
polyak-smoothed-dynamic,44,polyak-smoothed-dynamic,44,53147.816954862334,54703.628760832544
polyak-smoothed-dynamic,45,polyak-smoothed-dynamic,45,53505.392949111563,54703.628760832544
polyak-smoothed-dynamic,46,polyak-smoothed-dynamic,46,54198.655850379946,54703.628760832544
polyak-smoothed-dynamic,47,polyak-smoothed-dynamic,47,54872.540886967094,54872.540886967094
polyak-smoothed-dynamic,48,polyak-smoothed-dynamic,48,52512.4231980677,54872.540886967094
polyak-smoothed-dynamic,49,polyak-smoothed-dynamic,49,53758.387955990562,54872.540886967094
polyak-smoothed-dynamic,50,polyak-smoothed-dynamic,50,54084.644706849722,54872.540886967094
polyak-smoothed-dynamic,51,polyak-smoothed-dynamic,51,54049.620202787286,54872.540886967094
polyak-smoothed-dynamic,52,polyak-smoothed-dynamic,52,54992.235596771025,54992.235596771025
polyak-smoothed-dynamic,53,polyak-smoothed-dynamic,53,54476.791604947764,54992.235596771025
polyak-smoothed-dynamic,54,polyak-smoothed-dynamic,54,54941.276348934414,54992.235596771025
polyak-smoothed-dynamic,55,polyak-smoothed-dynamic,55,54084.291601844234,54992.235596771025
polyak-smoothed-dynamic,56,polyak-smoothed-dynamic,56,54494.568769472011,54992.235596771025
polyak-smoothed-dynamic,57,polyak-smoothed-dynamic,57,53930.265177077119,54992.235596771025
polyak-smoothed-dynamic,58,polyak-smoothed-dynamic,58,54471.556911970692,54992.235596771025
polyak-smoothed-dynamic,59,polyak-smoothed-dynamic,59,54174.066037836441,54992.235596771025
polyak-smoothed-dynamic,60,polyak-smoothed-dynamic,60,54688.996112605237,54992.235596771025
polyak-smoothed-dynamic,61,polyak-smoothed-dynamic,61,54833.954756085048,54992.235596771025
polyak-smoothed-dynamic,62,polyak-smoothed-dynamic,62,54450.648202700751,54992.235596771025
polyak-smoothed-dynamic,63,polyak-smoothed-dynamic,63,54511.851143597414,54992.235596771025
polyak-smoothed-dynamic,64,polyak-smoothed-dynamic,64,54658.060100374285,54992.235596771025
polyak-smoothed-dynamic,65,polyak-smoothed-dynamic,65,54608.121087179847,54992.235596771025
polyak-smoothed-dynamic,66,polyak-smoothed-dynamic,66,55452.661198214053,55452.661198214053
polyak-smoothed-dynamic,67,polyak-smoothed-dynamic,67,55680.608768588412,55680.608768588412
polyak-smoothed-dynamic,68,polyak-smoothed-dynamic,68,56086.517118391006,56086.517118391006
polyak-smoothed-dynamic,69,polyak-smoothed-dynamic,69,56059.679996183746,56086.517118391006
polyak-smoothed-dynamic,70,polyak-smoothed-dynamic,70,56204.97366264501,56204.97366264501
polyak-smoothed-dynamic,71,polyak-smoothed-dynamic,71,56002.039121056463,56204.97366264501
polyak-smoothed-dynamic,72,polyak-smoothed-dynamic,72,56126.728649053861,56204.97366264501
polyak-smoothed-dynamic,73,polyak-smoothed-dynamic,73,56073.132610926667,56204.97366264501
polyak-smoothed-dynamic,74,polyak-smoothed-dynamic,74,56206.269481109339,56206.269481109339
polyak-smoothed-dynamic,75,polyak-smoothed-dynamic,75,56317.539341429954,56317.539341429954
polyak-smoothed-dynamic,76,polyak-smoothed-dynamic,76,56082.782245631526,56317.539341429954
polyak-smoothed-dynamic,77,polyak-smoothed-dynamic,77,56517.165347531787,56517.165347531787
polyak-smoothed-dynamic,78,polyak-smoothed-dynamic,78,55626.341913757824,56517.165347531787
polyak-smoothed-dynamic,79,polyak-smoothed-dynamic,79,56057.384666420752,56517.165347531787
polyak-smoothed-dynamic,80,polyak-smoothed-dynamic,80,55947.067086305629,56517.165347531787
polyak-smoothed-dynamic,81,polyak-smoothed-dynamic,81,56350.425194753887,56517.165347531787
polyak-smoothed-dynamic,82,polyak-smoothed-dynamic,82,56113.972029113422,56517.165347531787
polyak-smoothed-dynamic,83,polyak-smoothed-dynamic,83,56343.068798501437,56517.165347531787
polyak-smoothed-dynamic,84,polyak-smoothed-dynamic,84,55917.140774292267,56517.165347531787
polyak-smoothed-dynamic,85,polyak-smoothed-dynamic,85,56410.936204481834,56517.165347531787
polyak-smoothed-dynamic,86,polyak-smoothed-dynamic,86,56477.955650307558,56517.165347531787
polyak-smoothed-dynamic,87,polyak-smoothed-dynamic,87,56331.105776723089,56517.165347531787
polyak-smoothed-dynamic,88,polyak-smoothed-dynamic,88,56640.355611087653,56640.355611087653
polyak-smoothed-dynamic,89,polyak-smoothed-dynamic,89,56516.571622379561,56640.355611087653
polyak-smoothed-dynamic,90,polyak-smoothed-dynamic,90,56435.099595023268,56640.355611087653
polyak-smoothed-dynamic,91,polyak-smoothed-dynamic,91,56654.843631517935,56654.843631517935
polyak-smoothed-dynamic,92,polyak-smoothed-dynamic,92,56132.163027944,56654.843631517935
polyak-smoothed-dynamic,93,polyak-smoothed-dynamic,93,56472.211640634319,56654.843631517935
polyak-smoothed-dynamic,94,polyak-smoothed-dynamic,94,55806.535998160827,56654.843631517935
polyak-smoothed-dynamic,95,polyak-smoothed-dynamic,95,56344.201084173968,56654.843631517935
polyak-smoothed-dynamic,96,polyak-smoothed-dynamic,96,56255.324421587829,56654.843631517935
polyak-smoothed-dynamic,97,polyak-smoothed-dynamic,97,56501.197128864973,56654.843631517935
polyak-smoothed-dynamic,98,polyak-smoothed-dynamic,98,56270.637291335734,56654.843631517935
polyak-smoothed-dynamic,99,polyak-smoothed-dynamic,99,56421.807675465083,56654.843631517935
polyak-smoothed-dynamic,100,polyak-smoothed-dynamic,100,56559.995957130668,56654.843631517935
polyak-smoothed-dynamic,101,polyak-smoothed-dynamic,101,56678.839551117591,56678.839551117591
polyak-smoothed-dynamic,102,polyak-smoothed-dynamic,102,56552.128101080292,56678.839551117591
polyak-smoothed-dynamic,103,polyak-smoothed-dynamic,103,56599.276449675846,56678.839551117591
polyak-smoothed-dynamic,104,polyak-smoothed-dynamic,104,56313.649344092999,56678.839551117591
polyak-smoothed-dynamic,105,polyak-smoothed-dynamic,105,56661.467194335048,56678.839551117591
polyak-smoothed-dynamic,106,polyak-smoothed-dynamic,106,56517.972595907384,56678.839551117591
polyak-smoothed-dynamic,107,polyak-smoothed-dynamic,107,56705.965709274271,56705.965709274271
polyak-smoothed-dynamic,108,polyak-smoothed-dynamic,108,56615.252450947686,56705.965709274271
polyak-smoothed-dynamic,109,polyak-smoothed-dynamic,109,56714.807422710357,56714.807422710357
polyak-smoothed-dynamic,110,polyak-smoothed-dynamic,110,56638.829835003271,56714.807422710357
polyak-smoothed-dynamic,111,polyak-smoothed-dynamic,111,56858.513468252793,56858.513468252793
polyak-smoothed-dynamic,112,polyak-smoothed-dynamic,112,56673.40297722385,56858.513468252793
polyak-smoothed-dynamic,113,polyak-smoothed-dynamic,113,56674.016247278138,56858.513468252793
polyak-smoothed-dynamic,114,polyak-smoothed-dynamic,114,56835.066538345964,56858.513468252793
polyak-smoothed-dynamic,115,polyak-smoothed-dynamic,115,56663.486707566444,56858.513468252793
polyak-smoothed-dynamic,116,polyak-smoothed-dynamic,116,56930.680061742358,56930.680061742358
polyak-smoothed-dynamic,117,polyak-smoothed-dynamic,117,56376.105799492638,56930.680061742358
polyak-smoothed-dynamic,118,polyak-smoothed-dynamic,118,56653.675649551464,56930.680061742358
polyak-smoothed-dynamic,119,polyak-smoothed-dynamic,119,56333.269251950645,56930.680061742358
polyak-smoothed-dynamic,120,polyak-smoothed-dynamic,120,56791.141162762862,56930.680061742358
polyak-smoothed-dynamic,121,polyak-smoothed-dynamic,121,56359.948077444387,56930.680061742358
polyak-smoothed-dynamic,122,polyak-smoothed-dynamic,122,56713.960510826553,56930.680061742358
polyak-smoothed-dynamic,123,polyak-smoothed-dynamic,123,56642.188587689896,56930.680061742358
polyak-smoothed-dynamic,124,polyak-smoothed-dynamic,124,56348.5703208224,56930.680061742358
polyak-smoothed-dynamic,125,polyak-smoothed-dynamic,125,56985.763864612753,56985.763864612753
polyak-smoothed-dynamic,126,polyak-smoothed-dynamic,126,56665.170574958989,56985.763864612753
polyak-smoothed-dynamic,127,polyak-smoothed-dynamic,127,56850.031939341236,56985.763864612753
polyak-smoothed-dynamic,128,polyak-smoothed-dynamic,128,56730.280786555362,56985.763864612753
polyak-smoothed-dynamic,129,polyak-smoothed-dynamic,129,56975.550790451351,56985.763864612753
polyak-smoothed-dynamic,130,polyak-smoothed-dynamic,130,56705.590161386484,56985.763864612753
polyak-smoothed-dynamic,131,polyak-smoothed-dynamic,131,56936.616919069122,56985.763864612753
polyak-smoothed-dynamic,132,polyak-smoothed-dynamic,132,56501.596448170574,56985.763864612753
polyak-smoothed-dynamic,133,polyak-smoothed-dynamic,133,56819.079776343104,56985.763864612753
polyak-smoothed-dynamic,134,polyak-smoothed-dynamic,134,56567.155161325754,56985.763864612753
polyak-smoothed-dynamic,135,polyak-smoothed-dynamic,135,56935.819656917964,56985.763864612753
polyak-smoothed-dynamic,136,polyak-smoothed-dynamic,136,56486.908127808776,56985.763864612753
polyak-smoothed-dynamic,137,polyak-smoothed-dynamic,137,56760.133487961619,56985.763864612753
polyak-smoothed-dynamic,138,polyak-smoothed-dynamic,138,56808.046083257366,56985.763864612753
polyak-smoothed-dynamic,139,polyak-smoothed-dynamic,139,57016.054757366168,57016.054757366168
polyak-smoothed-dynamic,140,polyak-smoothed-dynamic,140,57086.628100755173,57086.628100755173
polyak-smoothed-dynamic,141,polyak-smoothed-dynamic,141,57202.712926698157,57202.712926698157
polyak-smoothed-dynamic,142,polyak-smoothed-dynamic,142,57237.714544943228,57237.714544943228
polyak-smoothed-dynamic,143,polyak-smoothed-dynamic,143,57222.004388211339,57237.714544943228
polyak-smoothed-dynamic,144,polyak-smoothed-dynamic,144,57178.116318827364,57237.714544943228
polyak-smoothed-dynamic,145,polyak-smoothed-dynamic,145,57247.425844647703,57247.425844647703
polyak-smoothed-dynamic,146,polyak-smoothed-dynamic,146,57256.21692503657,57256.21692503657
polyak-smoothed-dynamic,147,polyak-smoothed-dynamic,147,57301.158880728348,57301.158880728348
polyak-smoothed-dynamic,148,polyak-smoothed-dynamic,148,57154.714032862517,57301.158880728348
polyak-smoothed-dynamic,149,polyak-smoothed-dynamic,149,57211.587340777813,57301.158880728348
polyak-smoothed-dynamic,150,polyak-smoothed-dynamic,150,57256.933180024163,57301.158880728348
polyak-smoothed-dynamic,151,polyak-smoothed-dynamic,151,57225.902010549631,57301.158880728348
polyak-smoothed-dynamic,152,polyak-smoothed-dynamic,152,57192.669690342664,57301.158880728348
polyak-smoothed-dynamic,153,polyak-smoothed-dynamic,153,57215.620686265233,57301.158880728348
polyak-smoothed-dynamic,154,polyak-smoothed-dynamic,154,57319.192634154286,57319.192634154286
polyak-smoothed-dynamic,155,polyak-smoothed-dynamic,155,57276.019901412197,57319.192634154286
polyak-smoothed-dynamic,156,polyak-smoothed-dynamic,156,57292.377543197086,57319.192634154286
polyak-smoothed-dynamic,157,polyak-smoothed-dynamic,157,57219.27781233687,57319.192634154286
polyak-smoothed-dynamic,158,polyak-smoothed-dynamic,158,57264.66453576729,57319.192634154286
polyak-smoothed-dynamic,159,polyak-smoothed-dynamic,159,57133.551254314945,57319.192634154286
polyak-smoothed-dynamic,160,polyak-smoothed-dynamic,160,57242.376840065386,57319.192634154286
polyak-smoothed-dynamic,161,polyak-smoothed-dynamic,161,57277.436267155528,57319.192634154286
polyak-smoothed-dynamic,162,polyak-smoothed-dynamic,162,57317.461682344459,57319.192634154286
polyak-smoothed-dynamic,163,polyak-smoothed-dynamic,163,57293.792857931709,57319.192634154286
polyak-smoothed-dynamic,164,polyak-smoothed-dynamic,164,57253.526682502626,57319.192634154286
polyak-smoothed-dynamic,165,polyak-smoothed-dynamic,165,57351.903116075206,57351.903116075206
polyak-smoothed-dynamic,166,polyak-smoothed-dynamic,166,57343.731620989522,57351.903116075206
polyak-smoothed-dynamic,167,polyak-smoothed-dynamic,167,57295.839038904545,57351.903116075206
polyak-smoothed-dynamic,168,polyak-smoothed-dynamic,168,57299.989041679597,57351.903116075206
polyak-smoothed-dynamic,169,polyak-smoothed-dynamic,169,57301.769225692093,57351.903116075206
polyak-smoothed-dynamic,170,polyak-smoothed-dynamic,170,57327.222173769122,57351.903116075206
polyak-smoothed-dynamic,171,polyak-smoothed-dynamic,171,57336.555231309998,57351.903116075206
polyak-smoothed-dynamic,172,polyak-smoothed-dynamic,172,57307.333590862705,57351.903116075206
polyak-smoothed-dynamic,173,polyak-smoothed-dynamic,173,57384.533607167941,57384.533607167941
polyak-smoothed-dynamic,174,polyak-smoothed-dynamic,174,57373.817691199489,57384.533607167941
polyak-smoothed-dynamic,175,polyak-smoothed-dynamic,175,57302.006403491272,57384.533607167941
polyak-smoothed-dynamic,176,polyak-smoothed-dynamic,176,57338.27023737775,57384.533607167941
polyak-smoothed-dynamic,177,polyak-smoothed-dynamic,177,57355.193102283112,57384.533607167941
polyak-smoothed-dynamic,178,polyak-smoothed-dynamic,178,57258.043714438834,57384.533607167941
polyak-smoothed-dynamic,179,polyak-smoothed-dynamic,179,57365.408430705997,57384.533607167941
polyak-smoothed-dynamic,180,polyak-smoothed-dynamic,180,57374.206942819947,57384.533607167941
polyak-smoothed-dynamic,181,polyak-smoothed-dynamic,181,57253.456424940618,57384.533607167941
polyak-smoothed-dynamic,182,polyak-smoothed-dynamic,182,57375.27908295142,57384.533607167941
polyak-smoothed-dynamic,183,polyak-smoothed-dynamic,183,57330.901070658096,57384.533607167941
polyak-smoothed-dynamic,184,polyak-smoothed-dynamic,184,57408.781700487649,57408.781700487649
polyak-smoothed-dynamic,185,polyak-smoothed-dynamic,185,57413.376803190193,57413.376803190193
polyak-smoothed-dynamic,186,polyak-smoothed-dynamic,186,57333.104213669751,57413.376803190193
polyak-smoothed-dynamic,187,polyak-smoothed-dynamic,187,57336.729211247606,57413.376803190193
polyak-smoothed-dynamic,188,polyak-smoothed-dynamic,188,57366.173635933272,57413.376803190193
polyak-smoothed-dynamic,189,polyak-smoothed-dynamic,189,57332.49041686405,57413.376803190193
polyak-smoothed-dynamic,190,polyak-smoothed-dynamic,190,57410.597811268039,57413.376803190193
polyak-smoothed-dynamic,191,polyak-smoothed-dynamic,191,57333.281764486768,57413.376803190193
polyak-smoothed-dynamic,192,polyak-smoothed-dynamic,192,57441.199821463168,57441.199821463168
polyak-smoothed-dynamic,193,polyak-smoothed-dynamic,193,57295.097880406807,57441.199821463168
polyak-smoothed-dynamic,194,polyak-smoothed-dynamic,194,57377.238166011761,57441.199821463168
polyak-smoothed-dynamic,195,polyak-smoothed-dynamic,195,57399.087293107143,57441.199821463168
polyak-smoothed-dynamic,196,polyak-smoothed-dynamic,196,57393.958793969527,57441.199821463168
polyak-smoothed-dynamic,197,polyak-smoothed-dynamic,197,57385.968939749066,57441.199821463168
polyak-smoothed-dynamic,198,polyak-smoothed-dynamic,198,57408.545983258948,57441.199821463168
polyak-smoothed-dynamic,199,polyak-smoothed-dynamic,199,57396.445165549638,57441.199821463168
polyak-smoothed-dynamic,200,polyak-smoothed-dynamic,200,57425.540550508376,57441.199821463168
polyak-smoothed-dynamic,201,polyak-smoothed-dynamic,201,57420.553427232822,57441.199821463168
polyak-smoothed-dynamic,202,polyak-smoothed-dynamic,202,57450.890430005813,57450.890430005813
polyak-smoothed-dynamic,203,polyak-smoothed-dynamic,203,57367.711916964297,57450.890430005813
polyak-smoothed-dynamic,204,polyak-smoothed-dynamic,204,57389.340419908156,57450.890430005813
polyak-smoothed-dynamic,205,polyak-smoothed-dynamic,205,57479.161591117845,57479.161591117845
polyak-smoothed-dynamic,206,polyak-smoothed-dynamic,206,57464.025750619054,57479.161591117845
polyak-smoothed-dynamic,207,polyak-smoothed-dynamic,207,57357.349766782594,57479.161591117845
polyak-smoothed-dynamic,208,polyak-smoothed-dynamic,208,57443.552223049082,57479.161591117845
polyak-smoothed-dynamic,209,polyak-smoothed-dynamic,209,57297.881825561657,57479.161591117845
polyak-smoothed-dynamic,210,polyak-smoothed-dynamic,210,57425.104206615448,57479.161591117845
polyak-smoothed-dynamic,211,polyak-smoothed-dynamic,211,57436.475863452019,57479.161591117845
polyak-smoothed-dynamic,212,polyak-smoothed-dynamic,212,57408.166008987144,57479.161591117845
polyak-smoothed-dynamic,213,polyak-smoothed-dynamic,213,57361.134714665401,57479.161591117845
polyak-smoothed-dynamic,214,polyak-smoothed-dynamic,214,57449.070875565412,57479.161591117845
polyak-smoothed-dynamic,215,polyak-smoothed-dynamic,215,57430.100319397716,57479.161591117845
polyak-smoothed-dynamic,216,polyak-smoothed-dynamic,216,57484.26835146721,57484.26835146721
polyak-smoothed-dynamic,217,polyak-smoothed-dynamic,217,57324.919828564613,57484.26835146721
polyak-smoothed-dynamic,218,polyak-smoothed-dynamic,218,57371.04770599374,57484.26835146721
polyak-smoothed-dynamic,219,polyak-smoothed-dynamic,219,57523.364539818562,57523.364539818562
polyak-smoothed-dynamic,220,polyak-smoothed-dynamic,220,57391.623955508476,57523.364539818562
polyak-smoothed-dynamic,221,polyak-smoothed-dynamic,221,57487.818845825328,57523.364539818562
polyak-smoothed-dynamic,222,polyak-smoothed-dynamic,222,57440.899327570944,57523.364539818562
polyak-smoothed-dynamic,223,polyak-smoothed-dynamic,223,57491.741379829582,57523.364539818562
polyak-smoothed-dynamic,224,polyak-smoothed-dynamic,224,57398.620757102304,57523.364539818562
polyak-smoothed-dynamic,225,polyak-smoothed-dynamic,225,57482.016164179782,57523.364539818562
polyak-smoothed-dynamic,226,polyak-smoothed-dynamic,226,57450.913062848966,57523.364539818562
polyak-smoothed-dynamic,227,polyak-smoothed-dynamic,227,57484.42644381502,57523.364539818562
polyak-smoothed-dynamic,228,polyak-smoothed-dynamic,228,57489.489283540046,57523.364539818562
polyak-smoothed-dynamic,229,polyak-smoothed-dynamic,229,57478.424958593896,57523.364539818562
polyak-smoothed-dynamic,230,polyak-smoothed-dynamic,230,57532.70007717728,57532.70007717728
polyak-smoothed-dynamic,231,polyak-smoothed-dynamic,231,57399.521920027859,57532.70007717728
polyak-smoothed-dynamic,232,polyak-smoothed-dynamic,232,57447.825532073628,57532.70007717728
polyak-smoothed-dynamic,233,polyak-smoothed-dynamic,233,57506.418834290387,57532.70007717728
polyak-smoothed-dynamic,234,polyak-smoothed-dynamic,234,57512.618307472243,57532.70007717728
polyak-smoothed-dynamic,235,polyak-smoothed-dynamic,235,57520.018184936409,57532.70007717728
polyak-smoothed-dynamic,236,polyak-smoothed-dynamic,236,57457.963774809781,57532.70007717728
polyak-smoothed-dynamic,237,polyak-smoothed-dynamic,237,57496.256656911435,57532.70007717728
polyak-smoothed-dynamic,238,polyak-smoothed-dynamic,238,57509.582181391575,57532.70007717728
polyak-smoothed-dynamic,239,polyak-smoothed-dynamic,239,57518.60216944421,57532.70007717728
polyak-smoothed-dynamic,240,polyak-smoothed-dynamic,240,57543.763465558281,57543.763465558281
polyak-smoothed-dynamic,241,polyak-smoothed-dynamic,241,57546.223606878644,57546.223606878644
polyak-smoothed-dynamic,242,polyak-smoothed-dynamic,242,57518.586800182828,57546.223606878644
polyak-smoothed-dynamic,243,polyak-smoothed-dynamic,243,57470.521680458434,57546.223606878644
polyak-smoothed-dynamic,244,polyak-smoothed-dynamic,244,57545.646845270676,57546.223606878644
polyak-smoothed-dynamic,245,polyak-smoothed-dynamic,245,57517.287485944631,57546.223606878644
polyak-smoothed-dynamic,246,polyak-smoothed-dynamic,246,57476.823790296978,57546.223606878644
polyak-smoothed-dynamic,247,polyak-smoothed-dynamic,247,57561.343946035136,57561.343946035136
polyak-smoothed-dynamic,248,polyak-smoothed-dynamic,248,57514.784677280542,57561.343946035136
polyak-smoothed-dynamic,249,polyak-smoothed-dynamic,249,57466.455583662078,57561.343946035136
polyak-smoothed-dynamic,250,polyak-smoothed-dynamic,250,57593.636250956093,57593.636250956093
polyak-smoothed-dynamic,251,polyak-smoothed-dynamic,251,57346.198088917641,57593.636250956093
polyak-smoothed-dynamic,252,polyak-smoothed-dynamic,252,57454.554939174559,57593.636250956093
polyak-smoothed-dynamic,253,polyak-smoothed-dynamic,253,57481.144579089028,57593.636250956093
polyak-smoothed-dynamic,254,polyak-smoothed-dynamic,254,57549.806582704688,57593.636250956093
polyak-smoothed-dynamic,255,polyak-smoothed-dynamic,255,57567.983080978425,57593.636250956093
polyak-smoothed-dynamic,256,polyak-smoothed-dynamic,256,57546.577556582626,57593.636250956093
polyak-smoothed-dynamic,257,polyak-smoothed-dynamic,257,57552.533290429972,57593.636250956093
polyak-smoothed-dynamic,258,polyak-smoothed-dynamic,258,57606.124070980644,57606.124070980644
polyak-smoothed-dynamic,259,polyak-smoothed-dynamic,259,57540.800685836817,57606.124070980644
polyak-smoothed-dynamic,260,polyak-smoothed-dynamic,260,57558.12141076137,57606.124070980644
polyak-smoothed-dynamic,261,polyak-smoothed-dynamic,261,57576.658312351152,57606.124070980644
polyak-smoothed-dynamic,262,polyak-smoothed-dynamic,262,57512.052436642713,57606.124070980644
polyak-smoothed-dynamic,263,polyak-smoothed-dynamic,263,57553.707201606085,57606.124070980644
polyak-smoothed-dynamic,264,polyak-smoothed-dynamic,264,57605.699669276648,57606.124070980644
polyak-smoothed-dynamic,265,polyak-smoothed-dynamic,265,57567.24117675444,57606.124070980644
polyak-smoothed-dynamic,266,polyak-smoothed-dynamic,266,57520.793103489472,57606.124070980644
polyak-smoothed-dynamic,267,polyak-smoothed-dynamic,267,57589.244013158059,57606.124070980644
polyak-smoothed-dynamic,268,polyak-smoothed-dynamic,268,57585.899966141049,57606.124070980644
polyak-smoothed-dynamic,269,polyak-smoothed-dynamic,269,57566.718589837357,57606.124070980644
polyak-smoothed-dynamic,270,polyak-smoothed-dynamic,270,57553.154431750525,57606.124070980644
polyak-smoothed-dynamic,271,polyak-smoothed-dynamic,271,57603.966678738085,57606.124070980644
polyak-smoothed-dynamic,272,polyak-smoothed-dynamic,272,57635.267225540352,57635.267225540352
polyak-smoothed-dynamic,273,polyak-smoothed-dynamic,273,57607.639596302812,57635.267225540352
polyak-smoothed-dynamic,274,polyak-smoothed-dynamic,274,57609.541965258781,57635.267225540352
polyak-smoothed-dynamic,275,polyak-smoothed-dynamic,275,57663.805176314978,57663.805176314978
polyak-smoothed-dynamic,276,polyak-smoothed-dynamic,276,57627.292378504142,57663.805176314978
polyak-smoothed-dynamic,277,polyak-smoothed-dynamic,277,57626.732441583728,57663.805176314978
polyak-smoothed-dynamic,278,polyak-smoothed-dynamic,278,57660.756010361896,57663.805176314978
polyak-smoothed-dynamic,279,polyak-smoothed-dynamic,279,57625.068283151559,57663.805176314978
polyak-smoothed-dynamic,280,polyak-smoothed-dynamic,280,57619.080119965285,57663.805176314978
polyak-smoothed-dynamic,281,polyak-smoothed-dynamic,281,57666.641666607829,57666.641666607829
polyak-smoothed-dynamic,282,polyak-smoothed-dynamic,282,57670.879530539612,57670.879530539612
polyak-smoothed-dynamic,283,polyak-smoothed-dynamic,283,57641.788992609305,57670.879530539612
polyak-smoothed-dynamic,284,polyak-smoothed-dynamic,284,57658.948517554687,57670.879530539612
polyak-smoothed-dynamic,285,polyak-smoothed-dynamic,285,57609.366599165027,57670.879530539612
polyak-smoothed-dynamic,286,polyak-smoothed-dynamic,286,57649.641707396215,57670.879530539612
polyak-smoothed-dynamic,287,polyak-smoothed-dynamic,287,57632.344490550451,57670.879530539612
polyak-smoothed-dynamic,288,polyak-smoothed-dynamic,288,57643.792747545238,57670.879530539612
polyak-smoothed-dynamic,289,polyak-smoothed-dynamic,289,57688.346010323963,57688.346010323963
polyak-smoothed-dynamic,290,polyak-smoothed-dynamic,290,57669.464801273221,57688.346010323963
polyak-smoothed-dynamic,291,polyak-smoothed-dynamic,291,57654.221627524443,57688.346010323963
polyak-smoothed-dynamic,292,polyak-smoothed-dynamic,292,57677.90013532067,57688.346010323963
polyak-smoothed-dynamic,293,polyak-smoothed-dynamic,293,57655.722708305635,57688.346010323963
polyak-smoothed-dynamic,294,polyak-smoothed-dynamic,294,57694.748642441446,57694.748642441446
polyak-smoothed-dynamic,295,polyak-smoothed-dynamic,295,57650.738149834346,57694.748642441446
polyak-smoothed-dynamic,296,polyak-smoothed-dynamic,296,57656.683311447501,57694.748642441446
polyak-smoothed-dynamic,297,polyak-smoothed-dynamic,297,57707.334383028669,57707.334383028669
polyak-smoothed-dynamic,298,polyak-smoothed-dynamic,298,57666.723484086215,57707.334383028669
polyak-smoothed-dynamic,299,polyak-smoothed-dynamic,299,57681.927223355451,57707.334383028669
polyak-smoothed-dynamic,300,polyak-smoothed-dynamic,300,57681.496462834359,57707.334383028669
polyak-smoothed-dynamic,301,polyak-smoothed-dynamic,301,57698.775424215957,57707.334383028669
polyak-smoothed-dynamic,302,polyak-smoothed-dynamic,302,57666.69730184778,57707.334383028669
polyak-smoothed-dynamic,303,polyak-smoothed-dynamic,303,57672.772990349549,57707.334383028669
polyak-smoothed-dynamic,304,polyak-smoothed-dynamic,304,57678.341197814741,57707.334383028669
polyak-smoothed-dynamic,305,polyak-smoothed-dynamic,305,57685.270390640289,57707.334383028669
polyak-smoothed-dynamic,306,polyak-smoothed-dynamic,306,57693.791019168093,57707.334383028669
polyak-smoothed-dynamic,307,polyak-smoothed-dynamic,307,57705.089972289701,57707.334383028669
polyak-smoothed-dynamic,308,polyak-smoothed-dynamic,308,57680.825979199522,57707.334383028669
polyak-smoothed-dynamic,309,polyak-smoothed-dynamic,309,57690.83643939779,57707.334383028669
polyak-smoothed-dynamic,310,polyak-smoothed-dynamic,310,57710.202931434113,57710.202931434113
polyak-smoothed-dynamic,311,polyak-smoothed-dynamic,311,57714.530656097115,57714.530656097115
polyak-smoothed-dynamic,312,polyak-smoothed-dynamic,312,57735.001204843946,57735.001204843946
polyak-smoothed-dynamic,313,polyak-smoothed-dynamic,313,57711.40724788751,57735.001204843946
polyak-smoothed-dynamic,314,polyak-smoothed-dynamic,314,57723.532647361826,57735.001204843946
polyak-smoothed-dynamic,315,polyak-smoothed-dynamic,315,57736.03050652994,57736.03050652994
polyak-smoothed-dynamic,316,polyak-smoothed-dynamic,316,57729.335051812508,57736.03050652994
polyak-smoothed-dynamic,317,polyak-smoothed-dynamic,317,57741.342952738705,57741.342952738705
polyak-smoothed-dynamic,318,polyak-smoothed-dynamic,318,57722.659408578358,57741.342952738705
polyak-smoothed-dynamic,319,polyak-smoothed-dynamic,319,57728.493398677812,57741.342952738705
polyak-smoothed-dynamic,320,polyak-smoothed-dynamic,320,57727.587122057383,57741.342952738705
polyak-smoothed-dynamic,321,polyak-smoothed-dynamic,321,57727.98212826113,57741.342952738705
polyak-smoothed-dynamic,322,polyak-smoothed-dynamic,322,57735.389744574539,57741.342952738705
polyak-smoothed-dynamic,323,polyak-smoothed-dynamic,323,57740.319836342387,57741.342952738705
polyak-smoothed-dynamic,324,polyak-smoothed-dynamic,324,57738.647835872638,57741.342952738705
polyak-smoothed-dynamic,325,polyak-smoothed-dynamic,325,57728.046654821774,57741.342952738705
polyak-smoothed-dynamic,326,polyak-smoothed-dynamic,326,57732.084769862995,57741.342952738705
polyak-smoothed-dynamic,327,polyak-smoothed-dynamic,327,57746.413157678544,57746.413157678544
polyak-smoothed-dynamic,328,polyak-smoothed-dynamic,328,57719.25634793991,57746.413157678544
polyak-smoothed-dynamic,329,polyak-smoothed-dynamic,329,57730.87992462494,57746.413157678544
polyak-smoothed-dynamic,330,polyak-smoothed-dynamic,330,57737.963895836008,57746.413157678544
polyak-smoothed-dynamic,331,polyak-smoothed-dynamic,331,57732.07311814469,57746.413157678544
polyak-smoothed-dynamic,332,polyak-smoothed-dynamic,332,57739.776435442007,57746.413157678544
polyak-smoothed-dynamic,333,polyak-smoothed-dynamic,333,57742.599017788692,57746.413157678544
polyak-smoothed-dynamic,334,polyak-smoothed-dynamic,334,57718.539326210921,57746.413157678544
polyak-smoothed-dynamic,335,polyak-smoothed-dynamic,335,57731.900503069497,57746.413157678544
polyak-smoothed-dynamic,336,polyak-smoothed-dynamic,336,57748.654972241551,57748.654972241551
polyak-smoothed-dynamic,337,polyak-smoothed-dynamic,337,57738.485251529899,57748.654972241551
polyak-smoothed-dynamic,338,polyak-smoothed-dynamic,338,57741.372620013564,57748.654972241551
polyak-smoothed-dynamic,339,polyak-smoothed-dynamic,339,57747.540872314989,57748.654972241551
polyak-smoothed-dynamic,340,polyak-smoothed-dynamic,340,57737.155782063739,57748.654972241551
polyak-smoothed-dynamic,341,polyak-smoothed-dynamic,341,57731.274030544111,57748.654972241551
polyak-smoothed-dynamic,342,polyak-smoothed-dynamic,342,57748.219678423477,57748.654972241551
polyak-smoothed-dynamic,343,polyak-smoothed-dynamic,343,57726.90658362949,57748.654972241551
polyak-smoothed-dynamic,344,polyak-smoothed-dynamic,344,57739.979474988308,57748.654972241551
polyak-smoothed-dynamic,345,polyak-smoothed-dynamic,345,57756.837312724121,57756.837312724121
polyak-smoothed-dynamic,346,polyak-smoothed-dynamic,346,57746.130659641029,57756.837312724121
polyak-smoothed-dynamic,347,polyak-smoothed-dynamic,347,57755.274658366456,57756.837312724121
polyak-smoothed-dynamic,348,polyak-smoothed-dynamic,348,57752.392456259637,57756.837312724121
polyak-smoothed-dynamic,349,polyak-smoothed-dynamic,349,57729.473636648712,57756.837312724121
polyak-smoothed-dynamic,350,polyak-smoothed-dynamic,350,57747.38084885697,57756.837312724121
polyak-smoothed-dynamic,351,polyak-smoothed-dynamic,351,57741.997248755637,57756.837312724121
polyak-smoothed-dynamic,352,polyak-smoothed-dynamic,352,57748.821812075199,57756.837312724121
polyak-smoothed-dynamic,353,polyak-smoothed-dynamic,353,57753.929870421074,57756.837312724121
polyak-smoothed-dynamic,354,polyak-smoothed-dynamic,354,57748.03596460259,57756.837312724121
polyak-smoothed-dynamic,355,polyak-smoothed-dynamic,355,57753.819107209929,57756.837312724121
polyak-smoothed-dynamic,356,polyak-smoothed-dynamic,356,57770.746662345009,57770.746662345009
polyak-smoothed-dynamic,357,polyak-smoothed-dynamic,357,57744.417037026302,57770.746662345009
polyak-smoothed-dynamic,358,polyak-smoothed-dynamic,358,57753.20734033105,57770.746662345009
polyak-smoothed-dynamic,359,polyak-smoothed-dynamic,359,57765.801058361569,57770.746662345009
polyak-smoothed-dynamic,360,polyak-smoothed-dynamic,360,57756.759158983659,57770.746662345009
polyak-smoothed-dynamic,361,polyak-smoothed-dynamic,361,57753.941750487706,57770.746662345009
polyak-smoothed-dynamic,362,polyak-smoothed-dynamic,362,57754.217618501818,57770.746662345009
polyak-smoothed-dynamic,363,polyak-smoothed-dynamic,363,57767.221262878287,57770.746662345009
polyak-smoothed-dynamic,364,polyak-smoothed-dynamic,364,57744.697448661675,57770.746662345009
polyak-smoothed-dynamic,365,polyak-smoothed-dynamic,365,57755.847059251384,57770.746662345009
polyak-smoothed-dynamic,366,polyak-smoothed-dynamic,366,57738.738633565983,57770.746662345009
polyak-smoothed-dynamic,367,polyak-smoothed-dynamic,367,57750.654111682692,57770.746662345009
polyak-smoothed-dynamic,368,polyak-smoothed-dynamic,368,57752.904454788113,57770.746662345009
polyak-smoothed-dynamic,369,polyak-smoothed-dynamic,369,57760.35640998272,57770.746662345009
polyak-smoothed-dynamic,370,polyak-smoothed-dynamic,370,57774.583337526237,57774.583337526237
polyak-smoothed-dynamic,371,polyak-smoothed-dynamic,371,57766.951698415665,57774.583337526237
polyak-smoothed-dynamic,372,polyak-smoothed-dynamic,372,57779.173678341213,57779.173678341213
polyak-smoothed-dynamic,373,polyak-smoothed-dynamic,373,57779.394366650391,57779.394366650391
polyak-smoothed-dynamic,374,polyak-smoothed-dynamic,374,57781.001568900196,57781.001568900196
polyak-smoothed-dynamic,375,polyak-smoothed-dynamic,375,57785.606749629966,57785.606749629966
polyak-smoothed-dynamic,376,polyak-smoothed-dynamic,376,57776.035930110927,57785.606749629966
polyak-smoothed-dynamic,377,polyak-smoothed-dynamic,377,57785.143741981861,57785.606749629966
polyak-smoothed-dynamic,378,polyak-smoothed-dynamic,378,57772.542033231599,57785.606749629966
polyak-smoothed-dynamic,379,polyak-smoothed-dynamic,379,57780.381842045186,57785.606749629966
polyak-smoothed-dynamic,380,polyak-smoothed-dynamic,380,57783.676517952292,57785.606749629966
polyak-smoothed-dynamic,381,polyak-smoothed-dynamic,381,57781.466037370257,57785.606749629966
polyak-smoothed-dynamic,382,polyak-smoothed-dynamic,382,57787.005343693665,57787.005343693665
polyak-smoothed-dynamic,383,polyak-smoothed-dynamic,383,57779.090011087144,57787.005343693665
polyak-smoothed-dynamic,384,polyak-smoothed-dynamic,384,57783.798068404722,57787.005343693665
polyak-smoothed-dynamic,385,polyak-smoothed-dynamic,385,57781.669081657623,57787.005343693665
polyak-smoothed-dynamic,386,polyak-smoothed-dynamic,386,57785.432343351757,57787.005343693665
polyak-smoothed-dynamic,387,polyak-smoothed-dynamic,387,57790.208536421327,57790.208536421327
polyak-smoothed-dynamic,388,polyak-smoothed-dynamic,388,57780.640131640219,57790.208536421327
polyak-smoothed-dynamic,389,polyak-smoothed-dynamic,389,57788.588967772783,57790.208536421327
polyak-smoothed-dynamic,390,polyak-smoothed-dynamic,390,57783.0498689284,57790.208536421327
polyak-smoothed-dynamic,391,polyak-smoothed-dynamic,391,57789.247465243905,57790.208536421327
polyak-smoothed-dynamic,392,polyak-smoothed-dynamic,392,57771.083700608026,57790.208536421327
polyak-smoothed-dynamic,393,polyak-smoothed-dynamic,393,57783.304389480036,57790.208536421327
polyak-smoothed-dynamic,394,polyak-smoothed-dynamic,394,57786.470886640389,57790.208536421327
polyak-smoothed-dynamic,395,polyak-smoothed-dynamic,395,57789.85395302219,57790.208536421327
polyak-smoothed-dynamic,396,polyak-smoothed-dynamic,396,57769.095588432465,57790.208536421327
polyak-smoothed-dynamic,397,polyak-smoothed-dynamic,397,57779.278583613654,57790.208536421327
polyak-smoothed-dynamic,398,polyak-smoothed-dynamic,398,57791.646014601567,57791.646014601567
polyak-smoothed-dynamic,399,polyak-smoothed-dynamic,399,57786.437861594524,57791.646014601567
polyak-smoothed-dynamic,400,polyak-smoothed-dynamic,400,57790.539134393221,57791.646014601567
polyak-smoothed-dynamic,401,polyak-smoothed-dynamic,401,57792.750468243663,57792.750468243663
polyak-smoothed-dynamic,402,polyak-smoothed-dynamic,402,57785.391632907558,57792.750468243663
polyak-smoothed-dynamic,403,polyak-smoothed-dynamic,403,57788.002472086388,57792.750468243663
polyak-smoothed-dynamic,404,polyak-smoothed-dynamic,404,57791.511691396947,57792.750468243663
polyak-smoothed-dynamic,405,polyak-smoothed-dynamic,405,57785.932791705971,57792.750468243663
polyak-smoothed-dynamic,406,polyak-smoothed-dynamic,406,57787.812516713093,57792.750468243663
polyak-smoothed-dynamic,407,polyak-smoothed-dynamic,407,57796.359113319493,57796.359113319493
polyak-smoothed-dynamic,408,polyak-smoothed-dynamic,408,57791.863940623691,57796.359113319493
polyak-smoothed-dynamic,409,polyak-smoothed-dynamic,409,57792.064604977582,57796.359113319493
polyak-smoothed-dynamic,410,polyak-smoothed-dynamic,410,57793.804504927568,57796.359113319493
polyak-smoothed-dynamic,411,polyak-smoothed-dynamic,411,57786.119333863237,57796.359113319493
polyak-smoothed-dynamic,412,polyak-smoothed-dynamic,412,57794.748598817845,57796.359113319493
polyak-smoothed-dynamic,413,polyak-smoothed-dynamic,413,57789.961675338527,57796.359113319493
polyak-smoothed-dynamic,414,polyak-smoothed-dynamic,414,57796.823825097053,57796.823825097053
polyak-smoothed-dynamic,415,polyak-smoothed-dynamic,415,57790.077947393576,57796.823825097053
polyak-smoothed-dynamic,416,polyak-smoothed-dynamic,416,57792.969400130343,57796.823825097053
polyak-smoothed-dynamic,417,polyak-smoothed-dynamic,417,57786.259806083755,57796.823825097053
polyak-smoothed-dynamic,418,polyak-smoothed-dynamic,418,57790.498796900989,57796.823825097053
polyak-smoothed-dynamic,419,polyak-smoothed-dynamic,419,57793.534588086259,57796.823825097053
polyak-smoothed-dynamic,420,polyak-smoothed-dynamic,420,57796.871856889709,57796.871856889709
polyak-smoothed-dynamic,421,polyak-smoothed-dynamic,421,57793.985089262511,57796.871856889709
polyak-smoothed-dynamic,422,polyak-smoothed-dynamic,422,57797.813096801234,57797.813096801234
polyak-smoothed-dynamic,423,polyak-smoothed-dynamic,423,57794.299290564901,57797.813096801234
polyak-smoothed-dynamic,424,polyak-smoothed-dynamic,424,57795.327796670288,57797.813096801234
polyak-smoothed-dynamic,425,polyak-smoothed-dynamic,425,57801.955799474767,57801.955799474767
polyak-smoothed-dynamic,426,polyak-smoothed-dynamic,426,57796.914459573854,57801.955799474767
polyak-smoothed-dynamic,427,polyak-smoothed-dynamic,427,57803.177609103288,57803.177609103288
polyak-smoothed-dynamic,428,polyak-smoothed-dynamic,428,57791.640674170856,57803.177609103288
polyak-smoothed-dynamic,429,polyak-smoothed-dynamic,429,57797.490901077923,57803.177609103288
polyak-smoothed-dynamic,430,polyak-smoothed-dynamic,430,57790.443369497625,57803.177609103288
polyak-smoothed-dynamic,431,polyak-smoothed-dynamic,431,57793.57423838968,57803.177609103288
polyak-smoothed-dynamic,432,polyak-smoothed-dynamic,432,57797.352256023361,57803.177609103288
polyak-smoothed-dynamic,433,polyak-smoothed-dynamic,433,57797.594162686932,57803.177609103288
polyak-smoothed-dynamic,434,polyak-smoothed-dynamic,434,57793.033865746809,57803.177609103288
polyak-smoothed-dynamic,435,polyak-smoothed-dynamic,435,57802.932520799091,57803.177609103288
polyak-smoothed-dynamic,436,polyak-smoothed-dynamic,436,57798.129566627649,57803.177609103288
polyak-smoothed-dynamic,437,polyak-smoothed-dynamic,437,57799.568109929845,57803.177609103288
polyak-smoothed-dynamic,438,polyak-smoothed-dynamic,438,57798.947973190596,57803.177609103288
polyak-smoothed-dynamic,439,polyak-smoothed-dynamic,439,57803.54460539118,57803.54460539118
polyak-smoothed-dynamic,440,polyak-smoothed-dynamic,440,57798.712344035157,57803.54460539118
polyak-smoothed-dynamic,441,polyak-smoothed-dynamic,441,57802.001399057095,57803.54460539118
polyak-smoothed-dynamic,442,polyak-smoothed-dynamic,442,57804.750033029617,57804.750033029617
polyak-smoothed-dynamic,443,polyak-smoothed-dynamic,443,57807.206895763462,57807.206895763462
polyak-smoothed-dynamic,444,polyak-smoothed-dynamic,444,57794.35028312153,57807.206895763462
polyak-smoothed-dynamic,445,polyak-smoothed-dynamic,445,57794.824929655828,57807.206895763462
polyak-smoothed-dynamic,446,polyak-smoothed-dynamic,446,57806.81584012627,57807.206895763462
polyak-smoothed-dynamic,447,polyak-smoothed-dynamic,447,57798.070618166807,57807.206895763462
polyak-smoothed-dynamic,448,polyak-smoothed-dynamic,448,57808.013102067351,57808.013102067351
polyak-smoothed-dynamic,449,polyak-smoothed-dynamic,449,57800.790022352994,57808.013102067351
polyak-smoothed-dynamic,450,polyak-smoothed-dynamic,450,57805.502056890065,57808.013102067351
polyak-smoothed-dynamic,451,polyak-smoothed-dynamic,451,57807.778119567447,57808.013102067351
polyak-smoothed-dynamic,452,polyak-smoothed-dynamic,452,57799.677040329952,57808.013102067351
polyak-smoothed-dynamic,453,polyak-smoothed-dynamic,453,57801.547078124444,57808.013102067351
polyak-smoothed-dynamic,454,polyak-smoothed-dynamic,454,57802.37618644099,57808.013102067351
polyak-smoothed-dynamic,455,polyak-smoothed-dynamic,455,57804.217854535789,57808.013102067351
polyak-smoothed-dynamic,456,polyak-smoothed-dynamic,456,57804.824008662588,57808.013102067351
polyak-smoothed-dynamic,457,polyak-smoothed-dynamic,457,57807.274335628346,57808.013102067351
polyak-smoothed-dynamic,458,polyak-smoothed-dynamic,458,57799.635949338277,57808.013102067351
polyak-smoothed-dynamic,459,polyak-smoothed-dynamic,459,57808.034825232317,57808.034825232317
polyak-smoothed-dynamic,460,polyak-smoothed-dynamic,460,57800.319475670163,57808.034825232317
polyak-smoothed-dynamic,461,polyak-smoothed-dynamic,461,57803.631852512874,57808.034825232317
polyak-smoothed-dynamic,462,polyak-smoothed-dynamic,462,57796.699329401708,57808.034825232317
polyak-smoothed-dynamic,463,polyak-smoothed-dynamic,463,57802.756883993949,57808.034825232317
polyak-smoothed-dynamic,464,polyak-smoothed-dynamic,464,57800.77594093074,57808.034825232317
polyak-smoothed-dynamic,465,polyak-smoothed-dynamic,465,57806.703215973677,57808.034825232317
polyak-smoothed-dynamic,466,polyak-smoothed-dynamic,466,57798.069973973179,57808.034825232317
polyak-smoothed-dynamic,467,polyak-smoothed-dynamic,467,57806.452532522089,57808.034825232317
polyak-smoothed-dynamic,468,polyak-smoothed-dynamic,468,57804.635493839043,57808.034825232317
polyak-smoothed-dynamic,469,polyak-smoothed-dynamic,469,57810.518222995001,57810.518222995001
polyak-smoothed-dynamic,470,polyak-smoothed-dynamic,470,57799.736742132467,57810.518222995001
polyak-smoothed-dynamic,471,polyak-smoothed-dynamic,471,57805.834333366111,57810.518222995001
polyak-smoothed-dynamic,472,polyak-smoothed-dynamic,472,57810.480536685172,57810.518222995001
polyak-smoothed-dynamic,473,polyak-smoothed-dynamic,473,57807.935576082011,57810.518222995001
polyak-smoothed-dynamic,474,polyak-smoothed-dynamic,474,57812.682831511796,57812.682831511796
polyak-smoothed-dynamic,475,polyak-smoothed-dynamic,475,57811.349094434612,57812.682831511796
polyak-smoothed-dynamic,476,polyak-smoothed-dynamic,476,57811.288846869087,57812.682831511796
polyak-smoothed-dynamic,477,polyak-smoothed-dynamic,477,57804.561076321894,57812.682831511796
polyak-smoothed-dynamic,478,polyak-smoothed-dynamic,478,57814.193590932489,57814.193590932489
polyak-smoothed-dynamic,479,polyak-smoothed-dynamic,479,57813.730204155741,57814.193590932489
polyak-smoothed-dynamic,480,polyak-smoothed-dynamic,480,57803.009199919055,57814.193590932489
polyak-smoothed-dynamic,481,polyak-smoothed-dynamic,481,57806.653702679199,57814.193590932489
polyak-smoothed-dynamic,482,polyak-smoothed-dynamic,482,57811.576676390963,57814.193590932489
polyak-smoothed-dynamic,483,polyak-smoothed-dynamic,483,57814.770387018289,57814.770387018289
polyak-smoothed-dynamic,484,polyak-smoothed-dynamic,484,57811.907655075731,57814.770387018289
polyak-smoothed-dynamic,485,polyak-smoothed-dynamic,485,57810.132823362452,57814.770387018289
polyak-smoothed-dynamic,486,polyak-smoothed-dynamic,486,57816.316582939136,57816.316582939136
polyak-smoothed-dynamic,487,polyak-smoothed-dynamic,487,57809.744379726093,57816.316582939136
polyak-smoothed-dynamic,488,polyak-smoothed-dynamic,488,57808.055834317049,57816.316582939136
polyak-smoothed-dynamic,489,polyak-smoothed-dynamic,489,57814.747203558516,57816.316582939136
polyak-smoothed-dynamic,490,polyak-smoothed-dynamic,490,57807.983234650928,57816.316582939136
polyak-smoothed-dynamic,491,polyak-smoothed-dynamic,491,57815.778044385232,57816.316582939136
polyak-smoothed-dynamic,492,polyak-smoothed-dynamic,492,57810.133454164665,57816.316582939136
polyak-smoothed-dynamic,493,polyak-smoothed-dynamic,493,57817.007924840516,57817.007924840516
polyak-smoothed-dynamic,494,polyak-smoothed-dynamic,494,57810.467890571083,57817.007924840516
polyak-smoothed-dynamic,495,polyak-smoothed-dynamic,495,57815.398983848703,57817.007924840516
polyak-smoothed-dynamic,496,polyak-smoothed-dynamic,496,57809.841789755686,57817.007924840516
polyak-smoothed-dynamic,497,polyak-smoothed-dynamic,497,57811.475876279488,57817.007924840516
polyak-smoothed-dynamic,498,polyak-smoothed-dynamic,498,57807.214900355582,57817.007924840516
polyak-smoothed-dynamic,499,polyak-smoothed-dynamic,499,57813.38531558252,57817.007924840516
polyak-smoothed-dynamic,500,polyak-smoothed-dynamic,500,57814.157861475178,57817.007924840516
polyak-smoothed-dynamic,501,polyak-smoothed-dynamic,501,57819.228827011604,57819.228827011604
polyak-smoothed-dynamic,502,polyak-smoothed-dynamic,502,57813.391214367148,57819.228827011604
polyak-smoothed-dynamic,503,polyak-smoothed-dynamic,503,57807.934973736039,57819.228827011604
polyak-smoothed-dynamic,504,polyak-smoothed-dynamic,504,57819.259186592004,57819.259186592004
polyak-smoothed-dynamic,505,polyak-smoothed-dynamic,505,57820.041386736979,57820.041386736979
polyak-smoothed-dynamic,506,polyak-smoothed-dynamic,506,57815.167949198309,57820.041386736979
polyak-smoothed-dynamic,507,polyak-smoothed-dynamic,507,57818.111205991532,57820.041386736979
polyak-smoothed-dynamic,508,polyak-smoothed-dynamic,508,57821.589432902147,57821.589432902147
polyak-smoothed-dynamic,509,polyak-smoothed-dynamic,509,57815.78588243985,57821.589432902147
polyak-smoothed-dynamic,510,polyak-smoothed-dynamic,510,57818.584780620848,57821.589432902147
polyak-smoothed-dynamic,511,polyak-smoothed-dynamic,511,57809.878286412037,57821.589432902147
polyak-smoothed-dynamic,512,polyak-smoothed-dynamic,512,57815.070912102703,57821.589432902147
polyak-smoothed-dynamic,513,polyak-smoothed-dynamic,513,57823.843409987981,57823.843409987981
polyak-smoothed-dynamic,514,polyak-smoothed-dynamic,514,57813.925992228927,57823.843409987981
polyak-smoothed-dynamic,515,polyak-smoothed-dynamic,515,57822.277706420267,57823.843409987981
polyak-smoothed-dynamic,516,polyak-smoothed-dynamic,516,57806.978827801999,57823.843409987981
polyak-smoothed-dynamic,517,polyak-smoothed-dynamic,517,57814.42204152637,57823.843409987981
polyak-smoothed-dynamic,518,polyak-smoothed-dynamic,518,57813.74955044032,57823.843409987981
polyak-smoothed-dynamic,519,polyak-smoothed-dynamic,519,57815.416132100079,57823.843409987981
polyak-smoothed-dynamic,520,polyak-smoothed-dynamic,520,57819.440482508653,57823.843409987981
polyak-smoothed-dynamic,521,polyak-smoothed-dynamic,521,57820.826517903857,57823.843409987981
polyak-smoothed-dynamic,522,polyak-smoothed-dynamic,522,57818.323161145483,57823.843409987981
polyak-smoothed-dynamic,523,polyak-smoothed-dynamic,523,57818.363456896652,57823.843409987981
polyak-smoothed-dynamic,524,polyak-smoothed-dynamic,524,57810.613747255396,57823.843409987981
polyak-smoothed-dynamic,525,polyak-smoothed-dynamic,525,57820.642192192347,57823.843409987981
polyak-smoothed-dynamic,526,polyak-smoothed-dynamic,526,57815.321304045545,57823.843409987981
polyak-smoothed-dynamic,527,polyak-smoothed-dynamic,527,57819.786078860772,57823.843409987981
polyak-smoothed-dynamic,528,polyak-smoothed-dynamic,528,57827.80058435184,57827.80058435184
polyak-smoothed-dynamic,529,polyak-smoothed-dynamic,529,57823.527384167268,57827.80058435184
polyak-smoothed-dynamic,530,polyak-smoothed-dynamic,530,57823.711616903071,57827.80058435184
polyak-smoothed-dynamic,531,polyak-smoothed-dynamic,531,57827.780533995785,57827.80058435184
polyak-smoothed-dynamic,532,polyak-smoothed-dynamic,532,57827.59265863063,57827.80058435184
polyak-smoothed-dynamic,533,polyak-smoothed-dynamic,533,57828.747896344095,57828.747896344095
polyak-smoothed-dynamic,534,polyak-smoothed-dynamic,534,57825.717293305206,57828.747896344095
polyak-smoothed-dynamic,535,polyak-smoothed-dynamic,535,57831.106001467917,57831.106001467917
polyak-smoothed-dynamic,536,polyak-smoothed-dynamic,536,57826.256040947548,57831.106001467917
polyak-smoothed-dynamic,537,polyak-smoothed-dynamic,537,57830.2598358791,57831.106001467917
polyak-smoothed-dynamic,538,polyak-smoothed-dynamic,538,57825.280061282407,57831.106001467917
polyak-smoothed-dynamic,539,polyak-smoothed-dynamic,539,57827.379383432417,57831.106001467917
polyak-smoothed-dynamic,540,polyak-smoothed-dynamic,540,57827.720239474016,57831.106001467917
polyak-smoothed-dynamic,541,polyak-smoothed-dynamic,541,57831.220382621694,57831.220382621694
polyak-smoothed-dynamic,542,polyak-smoothed-dynamic,542,57829.367666834958,57831.220382621694
polyak-smoothed-dynamic,543,polyak-smoothed-dynamic,543,57828.687719067173,57831.220382621694
polyak-smoothed-dynamic,544,polyak-smoothed-dynamic,544,57831.147873348353,57831.220382621694
polyak-smoothed-dynamic,545,polyak-smoothed-dynamic,545,57829.936135395445,57831.220382621694
polyak-smoothed-dynamic,546,polyak-smoothed-dynamic,546,57832.000982099176,57832.000982099176
polyak-smoothed-dynamic,547,polyak-smoothed-dynamic,547,57826.9266780248,57832.000982099176
polyak-smoothed-dynamic,548,polyak-smoothed-dynamic,548,57830.407306907626,57832.000982099176
polyak-smoothed-dynamic,549,polyak-smoothed-dynamic,549,57825.146989373476,57832.000982099176
polyak-smoothed-dynamic,550,polyak-smoothed-dynamic,550,57830.305773387634,57832.000982099176
polyak-smoothed-dynamic,551,polyak-smoothed-dynamic,551,57827.936610907484,57832.000982099176
polyak-smoothed-dynamic,552,polyak-smoothed-dynamic,552,57827.293860766869,57832.000982099176
polyak-smoothed-dynamic,553,polyak-smoothed-dynamic,553,57832.542803758079,57832.542803758079
polyak-smoothed-dynamic,554,polyak-smoothed-dynamic,554,57830.031828802734,57832.542803758079
polyak-smoothed-dynamic,555,polyak-smoothed-dynamic,555,57833.792253442807,57833.792253442807
polyak-smoothed-dynamic,556,polyak-smoothed-dynamic,556,57827.290250492602,57833.792253442807
polyak-smoothed-dynamic,557,polyak-smoothed-dynamic,557,57828.848123931341,57833.792253442807
polyak-smoothed-dynamic,558,polyak-smoothed-dynamic,558,57833.544469125212,57833.792253442807
polyak-smoothed-dynamic,559,polyak-smoothed-dynamic,559,57832.511970033462,57833.792253442807
polyak-smoothed-dynamic,560,polyak-smoothed-dynamic,560,57833.173886337026,57833.792253442807
polyak-smoothed-dynamic,561,polyak-smoothed-dynamic,561,57832.815345353636,57833.792253442807
polyak-smoothed-dynamic,562,polyak-smoothed-dynamic,562,57833.079714787134,57833.792253442807
polyak-smoothed-dynamic,563,polyak-smoothed-dynamic,563,57834.874964940012,57834.874964940012
polyak-smoothed-dynamic,564,polyak-smoothed-dynamic,564,57829.267403295846,57834.874964940012
polyak-smoothed-dynamic,565,polyak-smoothed-dynamic,565,57830.993232305562,57834.874964940012
polyak-smoothed-dynamic,566,polyak-smoothed-dynamic,566,57834.19676136678,57834.874964940012
polyak-smoothed-dynamic,567,polyak-smoothed-dynamic,567,57833.105824594015,57834.874964940012
polyak-smoothed-dynamic,568,polyak-smoothed-dynamic,568,57831.572457257702,57834.874964940012
polyak-smoothed-dynamic,569,polyak-smoothed-dynamic,569,57833.952533082367,57834.874964940012
polyak-smoothed-dynamic,570,polyak-smoothed-dynamic,570,57833.883471927315,57834.874964940012
polyak-smoothed-dynamic,571,polyak-smoothed-dynamic,571,57835.642658509489,57835.642658509489
polyak-smoothed-dynamic,572,polyak-smoothed-dynamic,572,57829.692657449748,57835.642658509489
polyak-smoothed-dynamic,573,polyak-smoothed-dynamic,573,57832.082818691444,57835.642658509489
polyak-smoothed-dynamic,574,polyak-smoothed-dynamic,574,57831.962299601582,57835.642658509489
polyak-smoothed-dynamic,575,polyak-smoothed-dynamic,575,57834.98078169857,57835.642658509489
polyak-smoothed-dynamic,576,polyak-smoothed-dynamic,576,57836.186163091195,57836.186163091195
polyak-smoothed-dynamic,577,polyak-smoothed-dynamic,577,57837.478398410822,57837.478398410822
polyak-smoothed-dynamic,578,polyak-smoothed-dynamic,578,57830.881421515165,57837.478398410822
polyak-smoothed-dynamic,579,polyak-smoothed-dynamic,579,57833.052849706015,57837.478398410822
polyak-smoothed-dynamic,580,polyak-smoothed-dynamic,580,57836.035291762506,57837.478398410822
polyak-smoothed-dynamic,581,polyak-smoothed-dynamic,581,57834.96251002104,57837.478398410822
polyak-smoothed-dynamic,582,polyak-smoothed-dynamic,582,57833.725836736987,57837.478398410822
polyak-smoothed-dynamic,583,polyak-smoothed-dynamic,583,57836.68423761044,57837.478398410822
polyak-smoothed-dynamic,584,polyak-smoothed-dynamic,584,57835.990035367184,57837.478398410822
polyak-smoothed-dynamic,585,polyak-smoothed-dynamic,585,57837.86171261999,57837.86171261999
polyak-smoothed-dynamic,586,polyak-smoothed-dynamic,586,57834.962086744221,57837.86171261999
polyak-smoothed-dynamic,587,polyak-smoothed-dynamic,587,57836.46396235266,57837.86171261999
polyak-smoothed-dynamic,588,polyak-smoothed-dynamic,588,57836.325158677624,57837.86171261999
polyak-smoothed-dynamic,589,polyak-smoothed-dynamic,589,57833.403486094932,57837.86171261999
polyak-smoothed-dynamic,590,polyak-smoothed-dynamic,590,57838.407255116945,57838.407255116945
polyak-smoothed-dynamic,591,polyak-smoothed-dynamic,591,57829.198860876539,57838.407255116945
polyak-smoothed-dynamic,592,polyak-smoothed-dynamic,592,57833.891598044924,57838.407255116945
polyak-smoothed-dynamic,593,polyak-smoothed-dynamic,593,57832.778099002295,57838.407255116945
polyak-smoothed-dynamic,594,polyak-smoothed-dynamic,594,57837.120596764769,57838.407255116945
polyak-smoothed-dynamic,595,polyak-smoothed-dynamic,595,57835.459078760949,57838.407255116945
polyak-smoothed-dynamic,596,polyak-smoothed-dynamic,596,57834.943324354761,57838.407255116945
polyak-smoothed-dynamic,597,polyak-smoothed-dynamic,597,57838.41399716273,57838.41399716273
polyak-smoothed-dynamic,598,polyak-smoothed-dynamic,598,57839.810765841554,57839.810765841554
polyak-smoothed-dynamic,599,polyak-smoothed-dynamic,599,57829.661789720049,57839.810765841554
polyak-smoothed-dynamic,600,polyak-smoothed-dynamic,600,57832.321792584211,57839.810765841554
polyak-smoothed-dynamic,601,polyak-smoothed-dynamic,601,57837.624485136686,57839.810765841554
polyak-smoothed-dynamic,602,polyak-smoothed-dynamic,602,57835.183024796621,57839.810765841554
polyak-smoothed-dynamic,603,polyak-smoothed-dynamic,603,57835.994864250242,57839.810765841554
polyak-smoothed-dynamic,604,polyak-smoothed-dynamic,604,57834.453687882982,57839.810765841554
polyak-smoothed-dynamic,605,polyak-smoothed-dynamic,605,57835.657398150383,57839.810765841554
polyak-smoothed-dynamic,606,polyak-smoothed-dynamic,606,57837.343112734627,57839.810765841554
polyak-smoothed-dynamic,607,polyak-smoothed-dynamic,607,57836.929628907339,57839.810765841554
polyak-smoothed-dynamic,608,polyak-smoothed-dynamic,608,57840.265221653492,57840.265221653492
polyak-smoothed-dynamic,609,polyak-smoothed-dynamic,609,57833.801476003151,57840.265221653492
polyak-smoothed-dynamic,610,polyak-smoothed-dynamic,610,57838.288034725032,57840.265221653492
polyak-smoothed-dynamic,611,polyak-smoothed-dynamic,611,57836.719927362494,57840.265221653492
polyak-smoothed-dynamic,612,polyak-smoothed-dynamic,612,57841.26541918888,57841.26541918888
polyak-smoothed-dynamic,613,polyak-smoothed-dynamic,613,57831.083639539967,57841.26541918888
polyak-smoothed-dynamic,614,polyak-smoothed-dynamic,614,57836.451436772622,57841.26541918888
polyak-smoothed-dynamic,615,polyak-smoothed-dynamic,615,57839.732316355672,57841.26541918888
polyak-smoothed-dynamic,616,polyak-smoothed-dynamic,616,57839.115112446569,57841.26541918888
polyak-smoothed-dynamic,617,polyak-smoothed-dynamic,617,57835.974177198841,57841.26541918888
polyak-smoothed-dynamic,618,polyak-smoothed-dynamic,618,57839.775779589836,57841.26541918888
polyak-smoothed-dynamic,619,polyak-smoothed-dynamic,619,57838.65971378205,57841.26541918888
polyak-smoothed-dynamic,620,polyak-smoothed-dynamic,620,57838.980609875223,57841.26541918888
polyak-smoothed-dynamic,621,polyak-smoothed-dynamic,621,57837.254410561698,57841.26541918888
polyak-smoothed-dynamic,622,polyak-smoothed-dynamic,622,57838.080743820858,57841.26541918888
polyak-smoothed-dynamic,623,polyak-smoothed-dynamic,623,57837.51944451184,57841.26541918888
polyak-smoothed-dynamic,624,polyak-smoothed-dynamic,624,57841.0113434753,57841.26541918888
polyak-smoothed-dynamic,625,polyak-smoothed-dynamic,625,57839.360651652707,57841.26541918888
polyak-smoothed-dynamic,626,polyak-smoothed-dynamic,626,57840.211703218869,57841.26541918888
polyak-smoothed-dynamic,627,polyak-smoothed-dynamic,627,57841.522122393384,57841.522122393384
polyak-smoothed-dynamic,628,polyak-smoothed-dynamic,628,57841.918334234157,57841.918334234157
polyak-smoothed-dynamic,629,polyak-smoothed-dynamic,629,57841.085018714468,57841.918334234157
polyak-smoothed-dynamic,630,polyak-smoothed-dynamic,630,57842.061552739979,57842.061552739979
polyak-smoothed-dynamic,631,polyak-smoothed-dynamic,631,57843.81366392866,57843.81366392866
polyak-smoothed-dynamic,632,polyak-smoothed-dynamic,632,57843.429048706552,57843.81366392866
polyak-smoothed-dynamic,633,polyak-smoothed-dynamic,633,57843.370105074369,57843.81366392866
polyak-smoothed-dynamic,634,polyak-smoothed-dynamic,634,57842.933600387507,57843.81366392866
polyak-smoothed-dynamic,635,polyak-smoothed-dynamic,635,57843.156678432402,57843.81366392866
polyak-smoothed-dynamic,636,polyak-smoothed-dynamic,636,57842.830443599654,57843.81366392866
polyak-smoothed-dynamic,637,polyak-smoothed-dynamic,637,57842.838448317438,57843.81366392866
polyak-smoothed-dynamic,638,polyak-smoothed-dynamic,638,57844.758776571289,57844.758776571289
polyak-smoothed-dynamic,639,polyak-smoothed-dynamic,639,57844.911767735059,57844.911767735059
polyak-smoothed-dynamic,640,polyak-smoothed-dynamic,640,57842.571711633856,57844.911767735059
polyak-smoothed-dynamic,641,polyak-smoothed-dynamic,641,57844.447782159819,57844.911767735059
polyak-smoothed-dynamic,642,polyak-smoothed-dynamic,642,57843.170141795403,57844.911767735059
polyak-smoothed-dynamic,643,polyak-smoothed-dynamic,643,57843.233923732412,57844.911767735059
polyak-smoothed-dynamic,644,polyak-smoothed-dynamic,644,57845.655446206634,57845.655446206634
polyak-smoothed-dynamic,645,polyak-smoothed-dynamic,645,57845.470792144093,57845.655446206634
polyak-smoothed-dynamic,646,polyak-smoothed-dynamic,646,57843.607877506205,57845.655446206634
polyak-smoothed-dynamic,647,polyak-smoothed-dynamic,647,57844.954877466909,57845.655446206634
polyak-smoothed-dynamic,648,polyak-smoothed-dynamic,648,57844.411743218196,57845.655446206634
polyak-smoothed-dynamic,649,polyak-smoothed-dynamic,649,57844.844108986807,57845.655446206634
polyak-smoothed-dynamic,650,polyak-smoothed-dynamic,650,57842.233447076287,57845.655446206634
polyak-smoothed-dynamic,651,polyak-smoothed-dynamic,651,57843.498234466497,57845.655446206634
polyak-smoothed-dynamic,652,polyak-smoothed-dynamic,652,57845.251199508479,57845.655446206634
polyak-smoothed-dynamic,653,polyak-smoothed-dynamic,653,57845.274458677792,57845.655446206634
polyak-smoothed-dynamic,654,polyak-smoothed-dynamic,654,57845.645480240448,57845.655446206634
polyak-smoothed-dynamic,655,polyak-smoothed-dynamic,655,57845.279138072081,57845.655446206634
polyak-smoothed-dynamic,656,polyak-smoothed-dynamic,656,57844.717865517559,57845.655446206634
polyak-smoothed-dynamic,657,polyak-smoothed-dynamic,657,57844.367023052255,57845.655446206634
polyak-smoothed-dynamic,658,polyak-smoothed-dynamic,658,57846.288586360082,57846.288586360082
polyak-smoothed-dynamic,659,polyak-smoothed-dynamic,659,57847.29067771203,57847.29067771203
polyak-smoothed-dynamic,660,polyak-smoothed-dynamic,660,57847.070855494334,57847.29067771203
polyak-smoothed-dynamic,661,polyak-smoothed-dynamic,661,57847.6339837509,57847.6339837509
polyak-smoothed-dynamic,662,polyak-smoothed-dynamic,662,57845.857919257724,57847.6339837509
polyak-smoothed-dynamic,663,polyak-smoothed-dynamic,663,57846.754640674648,57847.6339837509
polyak-smoothed-dynamic,664,polyak-smoothed-dynamic,664,57846.450581188292,57847.6339837509
polyak-smoothed-dynamic,665,polyak-smoothed-dynamic,665,57847.548416776262,57847.6339837509
polyak-smoothed-dynamic,666,polyak-smoothed-dynamic,666,57846.147289353539,57847.6339837509
polyak-smoothed-dynamic,667,polyak-smoothed-dynamic,667,57846.75284924639,57847.6339837509
polyak-smoothed-dynamic,668,polyak-smoothed-dynamic,668,57847.580657165716,57847.6339837509
polyak-smoothed-dynamic,669,polyak-smoothed-dynamic,669,57848.264829439358,57848.264829439358
polyak-smoothed-dynamic,670,polyak-smoothed-dynamic,670,57846.403741212438,57848.264829439358
polyak-smoothed-dynamic,671,polyak-smoothed-dynamic,671,57847.021646090529,57848.264829439358
polyak-smoothed-dynamic,672,polyak-smoothed-dynamic,672,57847.620345849449,57848.264829439358
polyak-smoothed-dynamic,673,polyak-smoothed-dynamic,673,57848.242537788421,57848.264829439358
polyak-smoothed-dynamic,674,polyak-smoothed-dynamic,674,57847.994826110364,57848.264829439358
polyak-smoothed-dynamic,675,polyak-smoothed-dynamic,675,57848.621199265639,57848.621199265639
polyak-smoothed-dynamic,676,polyak-smoothed-dynamic,676,57847.669315751402,57848.621199265639
polyak-smoothed-dynamic,677,polyak-smoothed-dynamic,677,57848.064554966644,57848.621199265639
polyak-smoothed-dynamic,678,polyak-smoothed-dynamic,678,57848.835268431831,57848.835268431831
polyak-smoothed-dynamic,679,polyak-smoothed-dynamic,679,57847.986640488059,57848.835268431831
polyak-smoothed-dynamic,680,polyak-smoothed-dynamic,680,57849.085240621782,57849.085240621782
polyak-smoothed-dynamic,681,polyak-smoothed-dynamic,681,57849.015421489254,57849.085240621782
polyak-smoothed-dynamic,682,polyak-smoothed-dynamic,682,57848.449256015752,57849.085240621782
polyak-smoothed-dynamic,683,polyak-smoothed-dynamic,683,57848.285137699648,57849.085240621782
polyak-smoothed-dynamic,684,polyak-smoothed-dynamic,684,57848.890205626762,57849.085240621782
polyak-smoothed-dynamic,685,polyak-smoothed-dynamic,685,57848.376788901092,57849.085240621782
polyak-smoothed-dynamic,686,polyak-smoothed-dynamic,686,57848.379251788065,57849.085240621782
polyak-smoothed-dynamic,687,polyak-smoothed-dynamic,687,57849.245260064374,57849.245260064374
polyak-smoothed-dynamic,688,polyak-smoothed-dynamic,688,57848.600022018334,57849.245260064374
polyak-smoothed-dynamic,689,polyak-smoothed-dynamic,689,57848.55260852327,57849.245260064374
polyak-smoothed-dynamic,690,polyak-smoothed-dynamic,690,57847.851889109486,57849.245260064374
polyak-smoothed-dynamic,691,polyak-smoothed-dynamic,691,57849.190395924408,57849.245260064374
polyak-smoothed-dynamic,692,polyak-smoothed-dynamic,692,57848.169032545316,57849.245260064374
polyak-smoothed-dynamic,693,polyak-smoothed-dynamic,693,57848.708422436364,57849.245260064374
polyak-smoothed-dynamic,694,polyak-smoothed-dynamic,694,57848.036970027206,57849.245260064374
polyak-smoothed-dynamic,695,polyak-smoothed-dynamic,695,57848.856661271879,57849.245260064374
polyak-smoothed-dynamic,696,polyak-smoothed-dynamic,696,57847.371010479445,57849.245260064374
polyak-smoothed-dynamic,697,polyak-smoothed-dynamic,697,57847.931239304235,57849.245260064374
polyak-smoothed-dynamic,698,polyak-smoothed-dynamic,698,57849.261464398624,57849.261464398624
polyak-smoothed-dynamic,699,polyak-smoothed-dynamic,699,57848.662796877114,57849.261464398624
polyak-smoothed-dynamic,700,polyak-smoothed-dynamic,700,57849.113803119275,57849.261464398624
polyak-smoothed-dynamic,701,polyak-smoothed-dynamic,701,57848.906744415748,57849.261464398624
polyak-smoothed-dynamic,702,polyak-smoothed-dynamic,702,57848.721181092289,57849.261464398624
polyak-smoothed-dynamic,703,polyak-smoothed-dynamic,703,57849.485842897673,57849.485842897673
polyak-smoothed-dynamic,704,polyak-smoothed-dynamic,704,57846.576708308508,57849.485842897673
polyak-smoothed-dynamic,705,polyak-smoothed-dynamic,705,57848.541670561928,57849.485842897673
polyak-smoothed-dynamic,706,polyak-smoothed-dynamic,706,57849.093901308799,57849.485842897673
polyak-smoothed-dynamic,707,polyak-smoothed-dynamic,707,57848.971419470043,57849.485842897673
polyak-smoothed-dynamic,708,polyak-smoothed-dynamic,708,57849.708930158762,57849.708930158762
polyak-smoothed-dynamic,709,polyak-smoothed-dynamic,709,57848.706664664016,57849.708930158762
polyak-smoothed-dynamic,710,polyak-smoothed-dynamic,710,57849.101114964171,57849.708930158762
polyak-smoothed-dynamic,711,polyak-smoothed-dynamic,711,57849.198539867699,57849.708930158762
polyak-smoothed-dynamic,712,polyak-smoothed-dynamic,712,57849.716079732105,57849.716079732105
polyak-smoothed-dynamic,713,polyak-smoothed-dynamic,713,57849.359032015054,57849.716079732105
polyak-smoothed-dynamic,714,polyak-smoothed-dynamic,714,57848.912033126449,57849.716079732105
polyak-smoothed-dynamic,715,polyak-smoothed-dynamic,715,57849.831752059014,57849.831752059014
polyak-smoothed-dynamic,716,polyak-smoothed-dynamic,716,57849.685894552313,57849.831752059014
polyak-smoothed-dynamic,717,polyak-smoothed-dynamic,717,57849.737717065727,57849.831752059014
polyak-smoothed-dynamic,718,polyak-smoothed-dynamic,718,57849.871386358194,57849.871386358194
polyak-smoothed-dynamic,719,polyak-smoothed-dynamic,719,57849.872410549222,57849.872410549222
polyak-smoothed-dynamic,720,polyak-smoothed-dynamic,720,57849.193914959025,57849.872410549222
polyak-smoothed-dynamic,721,polyak-smoothed-dynamic,721,57849.849842187992,57849.872410549222
polyak-smoothed-dynamic,722,polyak-smoothed-dynamic,722,57849.910798519129,57849.910798519129
polyak-smoothed-dynamic,723,polyak-smoothed-dynamic,723,57848.925835483351,57849.910798519129
polyak-smoothed-dynamic,724,polyak-smoothed-dynamic,724,57849.131065802394,57849.910798519129
polyak-smoothed-dynamic,725,polyak-smoothed-dynamic,725,57849.827481748573,57849.910798519129
polyak-smoothed-dynamic,726,polyak-smoothed-dynamic,726,57849.00931738309,57849.910798519129
polyak-smoothed-dynamic,727,polyak-smoothed-dynamic,727,57849.769532557853,57849.910798519129
polyak-smoothed-dynamic,728,polyak-smoothed-dynamic,728,57849.788175743328,57849.910798519129
polyak-smoothed-dynamic,729,polyak-smoothed-dynamic,729,57850.220540886286,57850.220540886286
polyak-smoothed-dynamic,730,polyak-smoothed-dynamic,730,57849.468801111529,57850.220540886286
polyak-smoothed-dynamic,731,polyak-smoothed-dynamic,731,57849.780553117766,57850.220540886286
polyak-smoothed-dynamic,732,polyak-smoothed-dynamic,732,57849.726032837803,57850.220540886286
polyak-smoothed-dynamic,733,polyak-smoothed-dynamic,733,57850.407486978598,57850.407486978598
polyak-smoothed-dynamic,734,polyak-smoothed-dynamic,734,57849.479042529449,57850.407486978598
polyak-smoothed-dynamic,735,polyak-smoothed-dynamic,735,57849.459861847659,57850.407486978598
polyak-smoothed-dynamic,736,polyak-smoothed-dynamic,736,57850.473295906006,57850.473295906006
polyak-smoothed-dynamic,737,polyak-smoothed-dynamic,737,57849.231246368377,57850.473295906006
polyak-smoothed-dynamic,738,polyak-smoothed-dynamic,738,57849.367590136942,57850.473295906006
polyak-smoothed-dynamic,739,polyak-smoothed-dynamic,739,57849.86896167689,57850.473295906006
polyak-smoothed-dynamic,740,polyak-smoothed-dynamic,740,57850.161823257877,57850.473295906006
polyak-smoothed-dynamic,741,polyak-smoothed-dynamic,741,57849.730737938633,57850.473295906006
polyak-smoothed-dynamic,742,polyak-smoothed-dynamic,742,57850.171932859266,57850.473295906006
polyak-smoothed-dynamic,743,polyak-smoothed-dynamic,743,57849.840685270974,57850.473295906006
polyak-smoothed-dynamic,744,polyak-smoothed-dynamic,744,57849.808814557124,57850.473295906006
polyak-smoothed-dynamic,745,polyak-smoothed-dynamic,745,57850.580011067243,57850.580011067243
polyak-smoothed-dynamic,746,polyak-smoothed-dynamic,746,57850.291993372834,57850.580011067243
polyak-smoothed-dynamic,747,polyak-smoothed-dynamic,747,57851.160828124564,57851.160828124564
polyak-smoothed-dynamic,748,polyak-smoothed-dynamic,748,57848.655217927982,57851.160828124564
polyak-smoothed-dynamic,749,polyak-smoothed-dynamic,749,57849.883136973127,57851.160828124564
polyak-smoothed-dynamic,750,polyak-smoothed-dynamic,750,57849.64490868002,57851.160828124564
polyak-smoothed-dynamic,751,polyak-smoothed-dynamic,751,57849.842275116847,57851.160828124564
polyak-smoothed-dynamic,752,polyak-smoothed-dynamic,752,57850.333541785054,57851.160828124564
polyak-smoothed-dynamic,753,polyak-smoothed-dynamic,753,57849.991244175377,57851.160828124564
polyak-smoothed-dynamic,754,polyak-smoothed-dynamic,754,57850.818277587176,57851.160828124564
polyak-smoothed-dynamic,755,polyak-smoothed-dynamic,755,57849.837830538927,57851.160828124564
polyak-smoothed-dynamic,756,polyak-smoothed-dynamic,756,57849.712054009608,57851.160828124564
polyak-smoothed-dynamic,757,polyak-smoothed-dynamic,757,57850.736787675087,57851.160828124564
polyak-smoothed-dynamic,758,polyak-smoothed-dynamic,758,57850.922292181662,57851.160828124564
polyak-smoothed-dynamic,759,polyak-smoothed-dynamic,759,57849.439324771804,57851.160828124564
polyak-smoothed-dynamic,760,polyak-smoothed-dynamic,760,57850.230728552073,57851.160828124564
polyak-smoothed-dynamic,761,polyak-smoothed-dynamic,761,57850.885757719829,57851.160828124564
polyak-smoothed-dynamic,762,polyak-smoothed-dynamic,762,57851.436780559059,57851.436780559059
polyak-smoothed-dynamic,763,polyak-smoothed-dynamic,763,57851.689016611526,57851.689016611526
polyak-smoothed-dynamic,764,polyak-smoothed-dynamic,764,57851.58523130828,57851.689016611526
polyak-smoothed-dynamic,765,polyak-smoothed-dynamic,765,57851.054553781265,57851.689016611526
polyak-smoothed-dynamic,766,polyak-smoothed-dynamic,766,57851.514880938594,57851.689016611526
polyak-smoothed-dynamic,767,polyak-smoothed-dynamic,767,57851.161135604954,57851.689016611526
polyak-smoothed-dynamic,768,polyak-smoothed-dynamic,768,57851.408214948438,57851.689016611526
polyak-smoothed-dynamic,769,polyak-smoothed-dynamic,769,57851.46332156963,57851.689016611526
polyak-smoothed-dynamic,770,polyak-smoothed-dynamic,770,57851.610874693673,57851.689016611526
polyak-smoothed-dynamic,771,polyak-smoothed-dynamic,771,57851.604214524814,57851.689016611526
polyak-smoothed-dynamic,772,polyak-smoothed-dynamic,772,57851.6798574938,57851.689016611526
polyak-smoothed-dynamic,773,polyak-smoothed-dynamic,773,57851.831601959821,57851.831601959821
polyak-smoothed-dynamic,774,polyak-smoothed-dynamic,774,57851.845060565625,57851.845060565625
polyak-smoothed-dynamic,775,polyak-smoothed-dynamic,775,57851.972734226547,57851.972734226547
polyak-smoothed-dynamic,776,polyak-smoothed-dynamic,776,57851.440999043909,57851.972734226547
polyak-smoothed-dynamic,777,polyak-smoothed-dynamic,777,57851.881477138319,57851.972734226547
polyak-smoothed-dynamic,778,polyak-smoothed-dynamic,778,57852.190422852174,57852.190422852174
polyak-smoothed-dynamic,779,polyak-smoothed-dynamic,779,57851.688011977276,57852.190422852174
polyak-smoothed-dynamic,780,polyak-smoothed-dynamic,780,57852.113832690899,57852.190422852174
polyak-smoothed-dynamic,781,polyak-smoothed-dynamic,781,57851.557137841643,57852.190422852174
polyak-smoothed-dynamic,782,polyak-smoothed-dynamic,782,57851.681572940193,57852.190422852174
polyak-smoothed-dynamic,783,polyak-smoothed-dynamic,783,57851.935508856674,57852.190422852174
polyak-smoothed-dynamic,784,polyak-smoothed-dynamic,784,57852.174647568936,57852.190422852174
polyak-smoothed-dynamic,785,polyak-smoothed-dynamic,785,57851.23238795824,57852.190422852174
polyak-smoothed-dynamic,786,polyak-smoothed-dynamic,786,57851.586934881991,57852.190422852174
polyak-smoothed-dynamic,787,polyak-smoothed-dynamic,787,57851.910763344589,57852.190422852174
polyak-smoothed-dynamic,788,polyak-smoothed-dynamic,788,57852.031974587844,57852.190422852174
polyak-smoothed-dynamic,789,polyak-smoothed-dynamic,789,57851.80217906976,57852.190422852174
polyak-smoothed-dynamic,790,polyak-smoothed-dynamic,790,57851.589771590028,57852.190422852174
polyak-smoothed-dynamic,791,polyak-smoothed-dynamic,791,57852.190962420565,57852.190962420565
polyak-smoothed-dynamic,792,polyak-smoothed-dynamic,792,57852.350260451749,57852.350260451749
polyak-smoothed-dynamic,793,polyak-smoothed-dynamic,793,57852.221807688256,57852.350260451749
polyak-smoothed-dynamic,794,polyak-smoothed-dynamic,794,57852.553084337422,57852.553084337422
polyak-smoothed-dynamic,795,polyak-smoothed-dynamic,795,57852.297739876929,57852.553084337422
polyak-smoothed-dynamic,796,polyak-smoothed-dynamic,796,57852.47370480698,57852.553084337422
polyak-smoothed-dynamic,797,polyak-smoothed-dynamic,797,57852.682887301591,57852.682887301591
polyak-smoothed-dynamic,798,polyak-smoothed-dynamic,798,57852.538923048611,57852.682887301591
polyak-smoothed-dynamic,799,polyak-smoothed-dynamic,799,57852.753477725848,57852.753477725848
polyak-smoothed-dynamic,800,polyak-smoothed-dynamic,800,57852.690524451864,57852.753477725848
polyak-smoothed-dynamic,801,polyak-smoothed-dynamic,801,57852.676960831166,57852.753477725848
polyak-smoothed-dynamic,802,polyak-smoothed-dynamic,802,57852.64416747442,57852.753477725848
polyak-smoothed-dynamic,803,polyak-smoothed-dynamic,803,57852.735761551332,57852.753477725848
polyak-smoothed-dynamic,804,polyak-smoothed-dynamic,804,57852.327008902685,57852.753477725848
polyak-smoothed-dynamic,805,polyak-smoothed-dynamic,805,57852.401278154066,57852.753477725848
polyak-smoothed-dynamic,806,polyak-smoothed-dynamic,806,57852.587181749317,57852.753477725848
polyak-smoothed-dynamic,807,polyak-smoothed-dynamic,807,57852.651022676684,57852.753477725848
polyak-smoothed-dynamic,808,polyak-smoothed-dynamic,808,57852.712006953494,57852.753477725848
polyak-smoothed-dynamic,809,polyak-smoothed-dynamic,809,57852.668826910754,57852.753477725848
polyak-smoothed-dynamic,810,polyak-smoothed-dynamic,810,57852.655991608161,57852.753477725848
polyak-smoothed-dynamic,811,polyak-smoothed-dynamic,811,57852.473147244091,57852.753477725848
polyak-smoothed-dynamic,812,polyak-smoothed-dynamic,812,57852.712104944992,57852.753477725848
polyak-smoothed-dynamic,813,polyak-smoothed-dynamic,813,57852.822361403378,57852.822361403378
polyak-smoothed-dynamic,814,polyak-smoothed-dynamic,814,57852.902380602303,57852.902380602303
polyak-smoothed-dynamic,815,polyak-smoothed-dynamic,815,57852.937428607926,57852.937428607926
polyak-smoothed-dynamic,816,polyak-smoothed-dynamic,816,57852.937462438225,57852.937462438225
polyak-smoothed-dynamic,817,polyak-smoothed-dynamic,817,57852.913513122607,57852.937462438225
polyak-smoothed-dynamic,818,polyak-smoothed-dynamic,818,57852.903451163758,57852.937462438225
polyak-smoothed-dynamic,819,polyak-smoothed-dynamic,819,57852.971690633516,57852.971690633516
polyak-smoothed-dynamic,820,polyak-smoothed-dynamic,820,57852.881033154939,57852.971690633516
polyak-smoothed-dynamic,821,polyak-smoothed-dynamic,821,57852.949825524411,57852.971690633516
polyak-smoothed-dynamic,822,polyak-smoothed-dynamic,822,57852.924391578621,57852.971690633516
polyak-smoothed-dynamic,823,polyak-smoothed-dynamic,823,57853.008538446127,57853.008538446127
polyak-smoothed-dynamic,824,polyak-smoothed-dynamic,824,57852.780539655425,57853.008538446127
polyak-smoothed-dynamic,825,polyak-smoothed-dynamic,825,57852.905454723506,57853.008538446127
polyak-smoothed-dynamic,826,polyak-smoothed-dynamic,826,57853.003039128424,57853.008538446127
polyak-smoothed-dynamic,827,polyak-smoothed-dynamic,827,57853.033730700052,57853.033730700052
polyak-smoothed-dynamic,828,polyak-smoothed-dynamic,828,57853.096784545058,57853.096784545058
polyak-smoothed-dynamic,829,polyak-smoothed-dynamic,829,57852.961424760739,57853.096784545058
polyak-smoothed-dynamic,830,polyak-smoothed-dynamic,830,57853.095640462467,57853.096784545058
polyak-smoothed-dynamic,831,polyak-smoothed-dynamic,831,57852.941753531304,57853.096784545058
polyak-smoothed-dynamic,832,polyak-smoothed-dynamic,832,57852.923741144543,57853.096784545058
polyak-smoothed-dynamic,833,polyak-smoothed-dynamic,833,57853.144651792412,57853.144651792412
polyak-smoothed-dynamic,834,polyak-smoothed-dynamic,834,57852.797873895826,57853.144651792412
polyak-smoothed-dynamic,835,polyak-smoothed-dynamic,835,57852.959702247303,57853.144651792412
polyak-smoothed-dynamic,836,polyak-smoothed-dynamic,836,57852.965219228463,57853.144651792412
polyak-smoothed-dynamic,837,polyak-smoothed-dynamic,837,57853.025368310722,57853.144651792412
polyak-smoothed-dynamic,838,polyak-smoothed-dynamic,838,57853.099580745555,57853.144651792412
polyak-smoothed-dynamic,839,polyak-smoothed-dynamic,839,57853.004010000703,57853.144651792412
polyak-smoothed-dynamic,840,polyak-smoothed-dynamic,840,57853.101218977681,57853.144651792412
polyak-smoothed-dynamic,841,polyak-smoothed-dynamic,841,57853.093365781329,57853.144651792412
polyak-smoothed-dynamic,842,polyak-smoothed-dynamic,842,57853.086755975251,57853.144651792412
polyak-smoothed-dynamic,843,polyak-smoothed-dynamic,843,57853.110198813265,57853.144651792412
polyak-smoothed-dynamic,844,polyak-smoothed-dynamic,844,57853.057820070062,57853.144651792412
polyak-smoothed-dynamic,845,polyak-smoothed-dynamic,845,57853.234737689498,57853.234737689498
polyak-smoothed-dynamic,846,polyak-smoothed-dynamic,846,57853.084381856301,57853.234737689498
polyak-smoothed-dynamic,847,polyak-smoothed-dynamic,847,57853.096404732249,57853.234737689498
polyak-smoothed-dynamic,848,polyak-smoothed-dynamic,848,57852.956405584642,57853.234737689498
polyak-smoothed-dynamic,849,polyak-smoothed-dynamic,849,57853.068064899395,57853.234737689498
polyak-smoothed-dynamic,850,polyak-smoothed-dynamic,850,57853.176772483464,57853.234737689498
polyak-smoothed-dynamic,851,polyak-smoothed-dynamic,851,57853.141314090084,57853.234737689498
polyak-smoothed-dynamic,852,polyak-smoothed-dynamic,852,57853.233843313406,57853.234737689498
polyak-smoothed-dynamic,853,polyak-smoothed-dynamic,853,57853.225419250251,57853.234737689498
polyak-smoothed-dynamic,854,polyak-smoothed-dynamic,854,57853.112774210254,57853.234737689498
polyak-smoothed-dynamic,855,polyak-smoothed-dynamic,855,57853.165569026096,57853.234737689498
polyak-smoothed-dynamic,856,polyak-smoothed-dynamic,856,57853.180039186191,57853.234737689498
polyak-smoothed-dynamic,857,polyak-smoothed-dynamic,857,57853.234796994664,57853.234796994664
polyak-smoothed-dynamic,858,polyak-smoothed-dynamic,858,57853.124427083945,57853.234796994664
polyak-smoothed-dynamic,859,polyak-smoothed-dynamic,859,57853.197497882371,57853.234796994664
polyak-smoothed-dynamic,860,polyak-smoothed-dynamic,860,57853.29240454812,57853.29240454812
polyak-smoothed-dynamic,861,polyak-smoothed-dynamic,861,57853.189308459332,57853.29240454812
polyak-smoothed-dynamic,862,polyak-smoothed-dynamic,862,57853.203602688649,57853.29240454812
polyak-smoothed-dynamic,863,polyak-smoothed-dynamic,863,57853.068583895365,57853.29240454812
polyak-smoothed-dynamic,864,polyak-smoothed-dynamic,864,57853.218647049172,57853.29240454812
polyak-smoothed-dynamic,865,polyak-smoothed-dynamic,865,57853.141767802175,57853.29240454812
polyak-smoothed-dynamic,866,polyak-smoothed-dynamic,866,57853.198616731068,57853.29240454812
polyak-smoothed-dynamic,867,polyak-smoothed-dynamic,867,57853.159457033871,57853.29240454812
polyak-smoothed-dynamic,868,polyak-smoothed-dynamic,868,57853.24106259174,57853.29240454812
polyak-smoothed-dynamic,869,polyak-smoothed-dynamic,869,57853.19970415609,57853.29240454812
polyak-smoothed-dynamic,870,polyak-smoothed-dynamic,870,57853.268578472838,57853.29240454812
polyak-smoothed-dynamic,871,polyak-smoothed-dynamic,871,57853.179626505764,57853.29240454812
polyak-smoothed-dynamic,872,polyak-smoothed-dynamic,872,57853.236334194058,57853.29240454812
polyak-smoothed-dynamic,873,polyak-smoothed-dynamic,873,57853.305769991253,57853.305769991253
polyak-smoothed-dynamic,874,polyak-smoothed-dynamic,874,57853.340661330738,57853.340661330738
polyak-smoothed-dynamic,875,polyak-smoothed-dynamic,875,57853.332513242785,57853.340661330738
polyak-smoothed-dynamic,876,polyak-smoothed-dynamic,876,57853.312143354873,57853.340661330738
polyak-smoothed-dynamic,877,polyak-smoothed-dynamic,877,57853.354313224307,57853.354313224307
polyak-smoothed-dynamic,878,polyak-smoothed-dynamic,878,57853.387111436517,57853.387111436517
polyak-smoothed-dynamic,879,polyak-smoothed-dynamic,879,57853.356751517022,57853.387111436517
polyak-smoothed-dynamic,880,polyak-smoothed-dynamic,880,57853.376110535508,57853.387111436517
polyak-smoothed-dynamic,881,polyak-smoothed-dynamic,881,57853.413964692561,57853.413964692561
polyak-smoothed-dynamic,882,polyak-smoothed-dynamic,882,57853.324050545394,57853.413964692561
polyak-smoothed-dynamic,883,polyak-smoothed-dynamic,883,57853.37865856765,57853.413964692561
polyak-smoothed-dynamic,884,polyak-smoothed-dynamic,884,57853.376575375187,57853.413964692561
polyak-smoothed-dynamic,885,polyak-smoothed-dynamic,885,57853.424309975147,57853.424309975147
polyak-smoothed-dynamic,886,polyak-smoothed-dynamic,886,57853.285425615475,57853.424309975147
polyak-smoothed-dynamic,887,polyak-smoothed-dynamic,887,57853.329331788751,57853.424309975147
polyak-smoothed-dynamic,888,polyak-smoothed-dynamic,888,57853.415995769945,57853.424309975147
polyak-smoothed-dynamic,889,polyak-smoothed-dynamic,889,57853.380537106401,57853.424309975147
polyak-smoothed-dynamic,890,polyak-smoothed-dynamic,890,57853.425728019924,57853.425728019924
polyak-smoothed-dynamic,891,polyak-smoothed-dynamic,891,57853.407753000261,57853.425728019924
polyak-smoothed-dynamic,892,polyak-smoothed-dynamic,892,57853.421158219993,57853.425728019924
polyak-smoothed-dynamic,893,polyak-smoothed-dynamic,893,57853.357805733052,57853.425728019924
polyak-smoothed-dynamic,894,polyak-smoothed-dynamic,894,57853.401211616823,57853.425728019924
polyak-smoothed-dynamic,895,polyak-smoothed-dynamic,895,57853.449643977823,57853.449643977823
polyak-smoothed-dynamic,896,polyak-smoothed-dynamic,896,57853.424548693474,57853.449643977823
polyak-smoothed-dynamic,897,polyak-smoothed-dynamic,897,57853.435787186827,57853.449643977823
polyak-smoothed-dynamic,898,polyak-smoothed-dynamic,898,57853.42977237812,57853.449643977823
polyak-smoothed-dynamic,899,polyak-smoothed-dynamic,899,57853.431080916351,57853.449643977823
polyak-smoothed-dynamic,900,polyak-smoothed-dynamic,900,57853.465633093394,57853.465633093394
polyak-smoothed-dynamic,901,polyak-smoothed-dynamic,901,57853.39889333793,57853.465633093394
polyak-smoothed-dynamic,902,polyak-smoothed-dynamic,902,57853.400638222985,57853.465633093394
polyak-smoothed-dynamic,903,polyak-smoothed-dynamic,903,57853.489072054042,57853.489072054042
polyak-smoothed-dynamic,904,polyak-smoothed-dynamic,904,57853.384356227813,57853.489072054042
polyak-smoothed-dynamic,905,polyak-smoothed-dynamic,905,57853.451740745237,57853.489072054042
polyak-smoothed-dynamic,906,polyak-smoothed-dynamic,906,57853.39331283245,57853.489072054042
polyak-smoothed-dynamic,907,polyak-smoothed-dynamic,907,57853.480544784565,57853.489072054042
polyak-smoothed-dynamic,908,polyak-smoothed-dynamic,908,57853.396154098089,57853.489072054042
polyak-smoothed-dynamic,909,polyak-smoothed-dynamic,909,57853.426472096449,57853.489072054042
polyak-smoothed-dynamic,910,polyak-smoothed-dynamic,910,57853.481967176493,57853.489072054042
polyak-smoothed-dynamic,911,polyak-smoothed-dynamic,911,57853.462859634521,57853.489072054042
polyak-smoothed-dynamic,912,polyak-smoothed-dynamic,912,57853.502256793021,57853.502256793021
polyak-smoothed-dynamic,913,polyak-smoothed-dynamic,913,57853.418656814873,57853.502256793021
polyak-smoothed-dynamic,914,polyak-smoothed-dynamic,914,57853.46758275637,57853.502256793021
polyak-smoothed-dynamic,915,polyak-smoothed-dynamic,915,57853.499954619656,57853.502256793021
polyak-smoothed-dynamic,916,polyak-smoothed-dynamic,916,57853.449474025569,57853.502256793021
polyak-smoothed-dynamic,917,polyak-smoothed-dynamic,917,57853.497965192997,57853.502256793021
polyak-smoothed-dynamic,918,polyak-smoothed-dynamic,918,57853.482906904312,57853.502256793021
polyak-smoothed-dynamic,919,polyak-smoothed-dynamic,919,57853.516498251403,57853.516498251403
polyak-smoothed-dynamic,920,polyak-smoothed-dynamic,920,57853.398222548538,57853.516498251403
polyak-smoothed-dynamic,921,polyak-smoothed-dynamic,921,57853.468468979016,57853.516498251403
polyak-smoothed-dynamic,922,polyak-smoothed-dynamic,922,57853.483165917976,57853.516498251403
polyak-smoothed-dynamic,923,polyak-smoothed-dynamic,923,57853.512457999554,57853.516498251403
polyak-smoothed-dynamic,924,polyak-smoothed-dynamic,924,57853.487632001459,57853.516498251403
polyak-smoothed-dynamic,925,polyak-smoothed-dynamic,925,57853.512305834891,57853.516498251403
polyak-smoothed-dynamic,926,polyak-smoothed-dynamic,926,57853.499246156331,57853.516498251403
polyak-smoothed-dynamic,927,polyak-smoothed-dynamic,927,57853.522886002043,57853.522886002043
polyak-smoothed-dynamic,928,polyak-smoothed-dynamic,928,57853.454542595413,57853.522886002043
polyak-smoothed-dynamic,929,polyak-smoothed-dynamic,929,57853.51425732857,57853.522886002043
polyak-smoothed-dynamic,930,polyak-smoothed-dynamic,930,57853.536928854774,57853.536928854774
polyak-smoothed-dynamic,931,polyak-smoothed-dynamic,931,57853.526696837296,57853.536928854774
polyak-smoothed-dynamic,932,polyak-smoothed-dynamic,932,57853.488075413581,57853.536928854774
polyak-smoothed-dynamic,933,polyak-smoothed-dynamic,933,57853.556374613996,57853.556374613996
polyak-smoothed-dynamic,934,polyak-smoothed-dynamic,934,57853.548660602566,57853.556374613996
polyak-smoothed-dynamic,935,polyak-smoothed-dynamic,935,57853.522209994073,57853.556374613996
polyak-smoothed-dynamic,936,polyak-smoothed-dynamic,936,57853.540843543793,57853.556374613996
polyak-smoothed-dynamic,937,polyak-smoothed-dynamic,937,57853.524518661136,57853.556374613996
polyak-smoothed-dynamic,938,polyak-smoothed-dynamic,938,57853.509451065242,57853.556374613996
polyak-smoothed-dynamic,939,polyak-smoothed-dynamic,939,57853.550854654721,57853.556374613996
polyak-smoothed-dynamic,940,polyak-smoothed-dynamic,940,57853.558703094677,57853.558703094677
polyak-smoothed-dynamic,941,polyak-smoothed-dynamic,941,57853.463598154573,57853.558703094677
polyak-smoothed-dynamic,942,polyak-smoothed-dynamic,942,57853.444057391724,57853.558703094677
polyak-smoothed-dynamic,943,polyak-smoothed-dynamic,943,57853.531471481598,57853.558703094677
polyak-smoothed-dynamic,944,polyak-smoothed-dynamic,944,57853.548710409901,57853.558703094677
polyak-smoothed-dynamic,945,polyak-smoothed-dynamic,945,57853.521386629633,57853.558703094677
polyak-smoothed-dynamic,946,polyak-smoothed-dynamic,946,57853.532681445824,57853.558703094677
polyak-smoothed-dynamic,947,polyak-smoothed-dynamic,947,57853.564510863696,57853.564510863696
polyak-smoothed-dynamic,948,polyak-smoothed-dynamic,948,57853.549890885326,57853.564510863696
polyak-smoothed-dynamic,949,polyak-smoothed-dynamic,949,57853.584284227836,57853.584284227836
polyak-smoothed-dynamic,950,polyak-smoothed-dynamic,950,57853.542762736484,57853.584284227836
polyak-smoothed-dynamic,951,polyak-smoothed-dynamic,951,57853.582292424442,57853.584284227836
polyak-smoothed-dynamic,952,polyak-smoothed-dynamic,952,57853.504371040974,57853.584284227836
polyak-smoothed-dynamic,953,polyak-smoothed-dynamic,953,57853.53682680225,57853.584284227836
polyak-smoothed-dynamic,954,polyak-smoothed-dynamic,954,57853.575936127992,57853.584284227836
polyak-smoothed-dynamic,955,polyak-smoothed-dynamic,955,57853.595465488412,57853.595465488412
polyak-smoothed-dynamic,956,polyak-smoothed-dynamic,956,57853.531996237172,57853.595465488412
polyak-smoothed-dynamic,957,polyak-smoothed-dynamic,957,57853.537214721742,57853.595465488412
polyak-smoothed-dynamic,958,polyak-smoothed-dynamic,958,57853.608386871965,57853.608386871965
polyak-smoothed-dynamic,959,polyak-smoothed-dynamic,959,57853.612622458495,57853.612622458495
polyak-smoothed-dynamic,960,polyak-smoothed-dynamic,960,57853.534211515333,57853.612622458495
polyak-smoothed-dynamic,961,polyak-smoothed-dynamic,961,57853.575563404585,57853.612622458495
polyak-smoothed-dynamic,962,polyak-smoothed-dynamic,962,57853.535151726028,57853.612622458495
polyak-smoothed-dynamic,963,polyak-smoothed-dynamic,963,57853.580465107683,57853.612622458495
polyak-smoothed-dynamic,964,polyak-smoothed-dynamic,964,57853.604169351987,57853.612622458495
polyak-smoothed-dynamic,965,polyak-smoothed-dynamic,965,57853.633115345496,57853.633115345496
polyak-smoothed-dynamic,966,polyak-smoothed-dynamic,966,57853.461562118559,57853.633115345496
polyak-smoothed-dynamic,967,polyak-smoothed-dynamic,967,57853.550673953418,57853.633115345496
polyak-smoothed-dynamic,968,polyak-smoothed-dynamic,968,57853.597973079712,57853.633115345496
polyak-smoothed-dynamic,969,polyak-smoothed-dynamic,969,57853.581049845132,57853.633115345496
polyak-smoothed-dynamic,970,polyak-smoothed-dynamic,970,57853.605595000023,57853.633115345496
polyak-smoothed-dynamic,971,polyak-smoothed-dynamic,971,57853.552210368005,57853.633115345496
polyak-smoothed-dynamic,972,polyak-smoothed-dynamic,972,57853.557171115637,57853.633115345496
polyak-smoothed-dynamic,973,polyak-smoothed-dynamic,973,57853.626436796876,57853.633115345496
polyak-smoothed-dynamic,974,polyak-smoothed-dynamic,974,57853.528982318057,57853.633115345496
polyak-smoothed-dynamic,975,polyak-smoothed-dynamic,975,57853.543676647387,57853.633115345496
polyak-smoothed-dynamic,976,polyak-smoothed-dynamic,976,57853.604734012879,57853.633115345496
polyak-smoothed-dynamic,977,polyak-smoothed-dynamic,977,57853.594845340216,57853.633115345496
polyak-smoothed-dynamic,978,polyak-smoothed-dynamic,978,57853.569837722978,57853.633115345496
polyak-smoothed-dynamic,979,polyak-smoothed-dynamic,979,57853.638115726855,57853.638115726855
polyak-smoothed-dynamic,980,polyak-smoothed-dynamic,980,57853.631509167004,57853.638115726855
polyak-smoothed-dynamic,981,polyak-smoothed-dynamic,981,57853.655767696662,57853.655767696662
polyak-smoothed-dynamic,982,polyak-smoothed-dynamic,982,57853.656038921763,57853.656038921763
polyak-smoothed-dynamic,983,polyak-smoothed-dynamic,983,57853.687624742044,57853.687624742044
polyak-smoothed-dynamic,984,polyak-smoothed-dynamic,984,57853.630820694074,57853.687624742044
polyak-smoothed-dynamic,985,polyak-smoothed-dynamic,985,57853.63425090599,57853.687624742044
polyak-smoothed-dynamic,986,polyak-smoothed-dynamic,986,57853.694609358223,57853.694609358223
polyak-smoothed-dynamic,987,polyak-smoothed-dynamic,987,57853.585171628496,57853.694609358223
polyak-smoothed-dynamic,988,polyak-smoothed-dynamic,988,57853.629105349122,57853.694609358223
polyak-smoothed-dynamic,989,polyak-smoothed-dynamic,989,57853.668922422359,57853.694609358223
polyak-smoothed-dynamic,990,polyak-smoothed-dynamic,990,57853.700213433549,57853.700213433549
polyak-smoothed-dynamic,991,polyak-smoothed-dynamic,991,57853.689721797804,57853.700213433549
polyak-smoothed-dynamic,992,polyak-smoothed-dynamic,992,57853.667523315024,57853.700213433549
polyak-smoothed-dynamic,993,polyak-smoothed-dynamic,993,57853.688730123489,57853.700213433549
polyak-smoothed-dynamic,994,polyak-smoothed-dynamic,994,57853.699313207013,57853.700213433549
polyak-smoothed-dynamic,995,polyak-smoothed-dynamic,995,57853.679503587431,57853.700213433549
polyak-smoothed-dynamic,996,polyak-smoothed-dynamic,996,57853.711655015388,57853.711655015388
polyak-smoothed-dynamic,997,polyak-smoothed-dynamic,997,57853.687848138288,57853.711655015388
polyak-smoothed-dynamic,998,polyak-smoothed-dynamic,998,57853.708446328514,57853.711655015388
polyak-smoothed-dynamic,999,polyak-smoothed-dynamic,999,57853.688519479903,57853.711655015388
polyak-smoothed-dynamic,1000,polyak-smoothed-dynamic,1000,57853.689815602695,57853.711655015388
polyak-smoothed-dynamic,1001,polyak-smoothed-dynamic,1001,57853.705018707267,57853.711655015388
polyak-smoothed-dynamic,1002,polyak-smoothed-dynamic,1002,57853.676241558358,57853.711655015388
polyak-smoothed-dynamic,1003,polyak-smoothed-dynamic,1003,57853.720448891305,57853.720448891305
polyak-smoothed-dynamic,1004,polyak-smoothed-dynamic,1004,57853.668286612155,57853.720448891305
polyak-smoothed-dynamic,1005,polyak-smoothed-dynamic,1005,57853.694598221569,57853.720448891305
polyak-smoothed-dynamic,1006,polyak-smoothed-dynamic,1006,57853.692574123736,57853.720448891305
polyak-smoothed-dynamic,1007,polyak-smoothed-dynamic,1007,57853.715133747304,57853.720448891305
polyak-smoothed-dynamic,1008,polyak-smoothed-dynamic,1008,57853.700498321021,57853.720448891305
polyak-smoothed-dynamic,1009,polyak-smoothed-dynamic,1009,57853.703675119119,57853.720448891305
polyak-smoothed-dynamic,1010,polyak-smoothed-dynamic,1010,57853.726706065943,57853.726706065943
polyak-smoothed-dynamic,1011,polyak-smoothed-dynamic,1011,57853.691184880903,57853.726706065943
polyak-smoothed-dynamic,1012,polyak-smoothed-dynamic,1012,57853.705402155363,57853.726706065943
polyak-smoothed-dynamic,1013,polyak-smoothed-dynamic,1013,57853.70668417649,57853.726706065943
polyak-smoothed-dynamic,1014,polyak-smoothed-dynamic,1014,57853.723576344935,57853.726706065943
polyak-smoothed-dynamic,1015,polyak-smoothed-dynamic,1015,57853.668143262534,57853.726706065943
polyak-smoothed-dynamic,1016,polyak-smoothed-dynamic,1016,57853.703131510243,57853.726706065943
polyak-smoothed-dynamic,1017,polyak-smoothed-dynamic,1017,57853.704783694404,57853.726706065943
polyak-smoothed-dynamic,1018,polyak-smoothed-dynamic,1018,57853.719192963385,57853.726706065943
polyak-smoothed-dynamic,1019,polyak-smoothed-dynamic,1019,57853.699372761432,57853.726706065943
polyak-smoothed-dynamic,1020,polyak-smoothed-dynamic,1020,57853.703330350079,57853.726706065943
polyak-smoothed-dynamic,1021,polyak-smoothed-dynamic,1021,57853.717071005209,57853.726706065943
polyak-smoothed-dynamic,1022,polyak-smoothed-dynamic,1022,57853.745652793397,57853.745652793397
polyak-smoothed-dynamic,1023,polyak-smoothed-dynamic,1023,57853.708757132263,57853.745652793397
polyak-smoothed-dynamic,1024,polyak-smoothed-dynamic,1024,57853.711404954527,57853.745652793397
polyak-smoothed-dynamic,1025,polyak-smoothed-dynamic,1025,57853.750989735265,57853.750989735265
polyak-smoothed-dynamic,1026,polyak-smoothed-dynamic,1026,57853.745253176312,57853.750989735265
polyak-smoothed-dynamic,1027,polyak-smoothed-dynamic,1027,57853.735853741302,57853.750989735265
polyak-smoothed-dynamic,1028,polyak-smoothed-dynamic,1028,57853.745887323283,57853.750989735265
polyak-smoothed-dynamic,1029,polyak-smoothed-dynamic,1029,57853.694214352974,57853.750989735265
polyak-smoothed-dynamic,1030,polyak-smoothed-dynamic,1030,57853.726980539912,57853.750989735265
polyak-smoothed-dynamic,1031,polyak-smoothed-dynamic,1031,57853.728547497616,57853.750989735265
polyak-smoothed-dynamic,1032,polyak-smoothed-dynamic,1032,57853.749939928988,57853.750989735265
polyak-smoothed-dynamic,1033,polyak-smoothed-dynamic,1033,57853.717747738585,57853.750989735265
polyak-smoothed-dynamic,1034,polyak-smoothed-dynamic,1034,57853.723361946126,57853.750989735265
polyak-smoothed-dynamic,1035,polyak-smoothed-dynamic,1035,57853.739833014864,57853.750989735265
polyak-smoothed-dynamic,1036,polyak-smoothed-dynamic,1036,57853.733320036255,57853.750989735265
polyak-smoothed-dynamic,1037,polyak-smoothed-dynamic,1037,57853.724395090248,57853.750989735265
polyak-smoothed-dynamic,1038,polyak-smoothed-dynamic,1038,57853.734691060738,57853.750989735265
polyak-smoothed-dynamic,1039,polyak-smoothed-dynamic,1039,57853.774263657979,57853.774263657979
polyak-smoothed-dynamic,1040,polyak-smoothed-dynamic,1040,57853.741739614677,57853.774263657979
polyak-smoothed-dynamic,1041,polyak-smoothed-dynamic,1041,57853.757252619333,57853.774263657979
polyak-smoothed-dynamic,1042,polyak-smoothed-dynamic,1042,57853.770737069324,57853.774263657979
polyak-smoothed-dynamic,1043,polyak-smoothed-dynamic,1043,57853.768102560549,57853.774263657979
polyak-smoothed-dynamic,1044,polyak-smoothed-dynamic,1044,57853.778329297042,57853.778329297042
polyak-smoothed-dynamic,1045,polyak-smoothed-dynamic,1045,57853.753027543826,57853.778329297042
polyak-smoothed-dynamic,1046,polyak-smoothed-dynamic,1046,57853.765195725988,57853.778329297042
polyak-smoothed-dynamic,1047,polyak-smoothed-dynamic,1047,57853.776964215453,57853.778329297042
polyak-smoothed-dynamic,1048,polyak-smoothed-dynamic,1048,57853.743906854819,57853.778329297042
polyak-smoothed-dynamic,1049,polyak-smoothed-dynamic,1049,57853.760096086131,57853.778329297042
polyak-smoothed-dynamic,1050,polyak-smoothed-dynamic,1050,57853.77691944925,57853.778329297042
polyak-smoothed-dynamic,1051,polyak-smoothed-dynamic,1051,57853.764202847007,57853.778329297042
polyak-smoothed-dynamic,1052,polyak-smoothed-dynamic,1052,57853.776862750768,57853.778329297042
polyak-smoothed-dynamic,1053,polyak-smoothed-dynamic,1053,57853.794317609034,57853.794317609034
polyak-smoothed-dynamic,1054,polyak-smoothed-dynamic,1054,57853.758512432236,57853.794317609034
polyak-smoothed-dynamic,1055,polyak-smoothed-dynamic,1055,57853.777026168849,57853.794317609034
polyak-smoothed-dynamic,1056,polyak-smoothed-dynamic,1056,57853.77821806851,57853.794317609034
polyak-smoothed-dynamic,1057,polyak-smoothed-dynamic,1057,57853.789550701942,57853.794317609034
polyak-smoothed-dynamic,1058,polyak-smoothed-dynamic,1058,57853.784978330106,57853.794317609034
polyak-smoothed-dynamic,1059,polyak-smoothed-dynamic,1059,57853.784790372061,57853.794317609034
polyak-smoothed-dynamic,1060,polyak-smoothed-dynamic,1060,57853.7936324275,57853.794317609034
polyak-smoothed-dynamic,1061,polyak-smoothed-dynamic,1061,57853.789888876017,57853.794317609034
polyak-smoothed-dynamic,1062,polyak-smoothed-dynamic,1062,57853.769567531126,57853.794317609034
polyak-smoothed-dynamic,1063,polyak-smoothed-dynamic,1063,57853.785225843421,57853.794317609034
polyak-smoothed-dynamic,1064,polyak-smoothed-dynamic,1064,57853.795521099717,57853.795521099717
polyak-smoothed-dynamic,1065,polyak-smoothed-dynamic,1065,57853.786203463562,57853.795521099717
polyak-smoothed-dynamic,1066,polyak-smoothed-dynamic,1066,57853.77690593712,57853.795521099717
polyak-smoothed-dynamic,1067,polyak-smoothed-dynamic,1067,57853.795895108407,57853.795895108407
polyak-smoothed-dynamic,1068,polyak-smoothed-dynamic,1068,57853.778741380149,57853.795895108407
polyak-smoothed-dynamic,1069,polyak-smoothed-dynamic,1069,57853.789349917286,57853.795895108407
polyak-smoothed-dynamic,1070,polyak-smoothed-dynamic,1070,57853.782519880035,57853.795895108407
polyak-smoothed-dynamic,1071,polyak-smoothed-dynamic,1071,57853.790131047572,57853.795895108407
polyak-smoothed-dynamic,1072,polyak-smoothed-dynamic,1072,57853.786495170556,57853.795895108407
polyak-smoothed-dynamic,1073,polyak-smoothed-dynamic,1073,57853.80252106578,57853.80252106578
polyak-smoothed-dynamic,1074,polyak-smoothed-dynamic,1074,57853.78311094251,57853.80252106578
polyak-smoothed-dynamic,1075,polyak-smoothed-dynamic,1075,57853.792546023717,57853.80252106578
polyak-smoothed-dynamic,1076,polyak-smoothed-dynamic,1076,57853.779483506056,57853.80252106578
polyak-smoothed-dynamic,1077,polyak-smoothed-dynamic,1077,57853.787977755084,57853.80252106578
polyak-smoothed-dynamic,1078,polyak-smoothed-dynamic,1078,57853.797914054187,57853.80252106578
polyak-smoothed-dynamic,1079,polyak-smoothed-dynamic,1079,57853.794894838873,57853.80252106578
polyak-smoothed-dynamic,1080,polyak-smoothed-dynamic,1080,57853.795890320187,57853.80252106578
polyak-smoothed-dynamic,1081,polyak-smoothed-dynamic,1081,57853.795239191531,57853.80252106578
polyak-smoothed-dynamic,1082,polyak-smoothed-dynamic,1082,57853.793754233979,57853.80252106578
polyak-smoothed-dynamic,1083,polyak-smoothed-dynamic,1083,57853.796056769723,57853.80252106578
polyak-smoothed-dynamic,1084,polyak-smoothed-dynamic,1084,57853.810841278799,57853.810841278799
polyak-smoothed-dynamic,1085,polyak-smoothed-dynamic,1085,57853.806749745017,57853.810841278799
polyak-smoothed-dynamic,1086,polyak-smoothed-dynamic,1086,57853.802615834582,57853.810841278799
polyak-smoothed-dynamic,1087,polyak-smoothed-dynamic,1087,57853.806218477781,57853.810841278799
polyak-smoothed-dynamic,1088,polyak-smoothed-dynamic,1088,57853.798614093954,57853.810841278799
polyak-smoothed-dynamic,1089,polyak-smoothed-dynamic,1089,57853.811498963616,57853.811498963616
polyak-smoothed-dynamic,1090,polyak-smoothed-dynamic,1090,57853.793880924502,57853.811498963616
polyak-smoothed-dynamic,1091,polyak-smoothed-dynamic,1091,57853.793625465485,57853.811498963616
polyak-smoothed-dynamic,1092,polyak-smoothed-dynamic,1092,57853.815912982289,57853.815912982289
polyak-smoothed-dynamic,1093,polyak-smoothed-dynamic,1093,57853.805368755777,57853.815912982289
polyak-smoothed-dynamic,1094,polyak-smoothed-dynamic,1094,57853.810067863873,57853.815912982289
polyak-smoothed-dynamic,1095,polyak-smoothed-dynamic,1095,57853.7952085332,57853.815912982289
polyak-smoothed-dynamic,1096,polyak-smoothed-dynamic,1096,57853.81048659228,57853.815912982289
polyak-smoothed-dynamic,1097,polyak-smoothed-dynamic,1097,57853.800814732138,57853.815912982289
polyak-smoothed-dynamic,1098,polyak-smoothed-dynamic,1098,57853.803919242222,57853.815912982289
polyak-smoothed-dynamic,1099,polyak-smoothed-dynamic,1099,57853.803114624498,57853.815912982289
polyak-smoothed-dynamic,1100,polyak-smoothed-dynamic,1100,57853.810988414574,57853.815912982289
polyak-smoothed-dynamic,1101,polyak-smoothed-dynamic,1101,57853.808136195039,57853.815912982289
polyak-smoothed-dynamic,1102,polyak-smoothed-dynamic,1102,57853.809206888669,57853.815912982289
polyak-smoothed-dynamic,1103,polyak-smoothed-dynamic,1103,57853.814466864846,57853.815912982289
polyak-smoothed-dynamic,1104,polyak-smoothed-dynamic,1104,57853.819703036039,57853.819703036039
polyak-smoothed-dynamic,1105,polyak-smoothed-dynamic,1105,57853.788240643858,57853.819703036039
polyak-smoothed-dynamic,1106,polyak-smoothed-dynamic,1106,57853.796459897319,57853.819703036039
polyak-smoothed-dynamic,1107,polyak-smoothed-dynamic,1107,57853.828522154545,57853.828522154545
polyak-smoothed-dynamic,1108,polyak-smoothed-dynamic,1108,57853.802079823618,57853.828522154545
polyak-smoothed-dynamic,1109,polyak-smoothed-dynamic,1109,57853.81564859725,57853.828522154545
polyak-smoothed-dynamic,1110,polyak-smoothed-dynamic,1110,57853.809991233604,57853.828522154545
polyak-smoothed-dynamic,1111,polyak-smoothed-dynamic,1111,57853.81605798837,57853.828522154545
polyak-smoothed-dynamic,1112,polyak-smoothed-dynamic,1112,57853.819489450521,57853.828522154545
polyak-smoothed-dynamic,1113,polyak-smoothed-dynamic,1113,57853.806044178295,57853.828522154545
polyak-smoothed-dynamic,1114,polyak-smoothed-dynamic,1114,57853.820452278655,57853.828522154545
polyak-smoothed-dynamic,1115,polyak-smoothed-dynamic,1115,57853.81428798088,57853.828522154545
polyak-smoothed-dynamic,1116,polyak-smoothed-dynamic,1116,57853.821510242284,57853.828522154545
polyak-smoothed-dynamic,1117,polyak-smoothed-dynamic,1117,57853.812176844018,57853.828522154545
polyak-smoothed-dynamic,1118,polyak-smoothed-dynamic,1118,57853.826152989852,57853.828522154545
polyak-smoothed-dynamic,1119,polyak-smoothed-dynamic,1119,57853.80553390197,57853.828522154545
polyak-smoothed-dynamic,1120,polyak-smoothed-dynamic,1120,57853.810467498362,57853.828522154545
polyak-smoothed-dynamic,1121,polyak-smoothed-dynamic,1121,57853.832262013988,57853.832262013988
polyak-smoothed-dynamic,1122,polyak-smoothed-dynamic,1122,57853.830603306684,57853.832262013988
polyak-smoothed-dynamic,1123,polyak-smoothed-dynamic,1123,57853.833982047392,57853.833982047392
polyak-smoothed-dynamic,1124,polyak-smoothed-dynamic,1124,57853.830490062115,57853.833982047392
polyak-smoothed-dynamic,1125,polyak-smoothed-dynamic,1125,57853.831952879635,57853.833982047392
polyak-smoothed-dynamic,1126,polyak-smoothed-dynamic,1126,57853.833036126947,57853.833982047392
polyak-smoothed-dynamic,1127,polyak-smoothed-dynamic,1127,57853.833985467296,57853.833985467296
polyak-smoothed-dynamic,1128,polyak-smoothed-dynamic,1128,57853.838845828373,57853.838845828373
polyak-smoothed-dynamic,1129,polyak-smoothed-dynamic,1129,57853.833934776339,57853.838845828373
polyak-smoothed-dynamic,1130,polyak-smoothed-dynamic,1130,57853.837104276303,57853.838845828373
polyak-smoothed-dynamic,1131,polyak-smoothed-dynamic,1131,57853.835274572732,57853.838845828373
polyak-smoothed-dynamic,1132,polyak-smoothed-dynamic,1132,57853.840140632645,57853.840140632645
polyak-smoothed-dynamic,1133,polyak-smoothed-dynamic,1133,57853.82464351313,57853.840140632645
polyak-smoothed-dynamic,1134,polyak-smoothed-dynamic,1134,57853.830845710436,57853.840140632645
polyak-smoothed-dynamic,1135,polyak-smoothed-dynamic,1135,57853.833763341121,57853.840140632645
polyak-smoothed-dynamic,1136,polyak-smoothed-dynamic,1136,57853.837168752674,57853.840140632645
polyak-smoothed-dynamic,1137,polyak-smoothed-dynamic,1137,57853.834261615055,57853.840140632645
polyak-smoothed-dynamic,1138,polyak-smoothed-dynamic,1138,57853.833131497493,57853.840140632645
polyak-smoothed-dynamic,1139,polyak-smoothed-dynamic,1139,57853.841323104396,57853.841323104396
polyak-smoothed-dynamic,1140,polyak-smoothed-dynamic,1140,57853.83940836996,57853.841323104396
polyak-smoothed-dynamic,1141,polyak-smoothed-dynamic,1141,57853.843214847599,57853.843214847599
polyak-smoothed-dynamic,1142,polyak-smoothed-dynamic,1142,57853.836724884575,57853.843214847599
polyak-smoothed-dynamic,1143,polyak-smoothed-dynamic,1143,57853.843436235278,57853.843436235278
polyak-smoothed-dynamic,1144,polyak-smoothed-dynamic,1144,57853.848885071377,57853.848885071377
polyak-smoothed-dynamic,1145,polyak-smoothed-dynamic,1145,57853.842066911297,57853.848885071377
polyak-smoothed-dynamic,1146,polyak-smoothed-dynamic,1146,57853.848238727638,57853.848885071377
polyak-smoothed-dynamic,1147,polyak-smoothed-dynamic,1147,57853.848918831594,57853.848918831594
polyak-smoothed-dynamic,1148,polyak-smoothed-dynamic,1148,57853.847059909764,57853.848918831594
polyak-smoothed-dynamic,1149,polyak-smoothed-dynamic,1149,57853.844511265641,57853.848918831594
polyak-smoothed-dynamic,1150,polyak-smoothed-dynamic,1150,57853.849106221256,57853.849106221256
polyak-smoothed-dynamic,1151,polyak-smoothed-dynamic,1151,57853.841177768205,57853.849106221256
polyak-smoothed-dynamic,1152,polyak-smoothed-dynamic,1152,57853.846065311256,57853.849106221256
polyak-smoothed-dynamic,1153,polyak-smoothed-dynamic,1153,57853.841029292169,57853.849106221256
polyak-smoothed-dynamic,1154,polyak-smoothed-dynamic,1154,57853.842899618685,57853.849106221256
polyak-smoothed-dynamic,1155,polyak-smoothed-dynamic,1155,57853.847027528034,57853.849106221256
polyak-smoothed-dynamic,1156,polyak-smoothed-dynamic,1156,57853.844288407519,57853.849106221256
polyak-smoothed-dynamic,1157,polyak-smoothed-dynamic,1157,57853.848960264011,57853.849106221256
polyak-smoothed-dynamic,1158,polyak-smoothed-dynamic,1158,57853.84656176711,57853.849106221256
polyak-smoothed-dynamic,1159,polyak-smoothed-dynamic,1159,57853.849699154074,57853.849699154074
polyak-smoothed-dynamic,1160,polyak-smoothed-dynamic,1160,57853.841052056101,57853.849699154074
polyak-smoothed-dynamic,1161,polyak-smoothed-dynamic,1161,57853.847055146449,57853.849699154074
polyak-smoothed-dynamic,1162,polyak-smoothed-dynamic,1162,57853.849520940559,57853.849699154074
polyak-smoothed-dynamic,1163,polyak-smoothed-dynamic,1163,57853.84539382808,57853.849699154074
polyak-smoothed-dynamic,1164,polyak-smoothed-dynamic,1164,57853.850524714704,57853.850524714704
polyak-smoothed-dynamic,1165,polyak-smoothed-dynamic,1165,57853.845426203174,57853.850524714704
polyak-smoothed-dynamic,1166,polyak-smoothed-dynamic,1166,57853.849868760677,57853.850524714704
polyak-smoothed-dynamic,1167,polyak-smoothed-dynamic,1167,57853.847785133265,57853.850524714704
polyak-smoothed-dynamic,1168,polyak-smoothed-dynamic,1168,57853.844059747804,57853.850524714704
polyak-smoothed-dynamic,1169,polyak-smoothed-dynamic,1169,57853.849329683006,57853.850524714704
polyak-smoothed-dynamic,1170,polyak-smoothed-dynamic,1170,57853.842318960116,57853.850524714704
polyak-smoothed-dynamic,1171,polyak-smoothed-dynamic,1171,57853.846970944927,57853.850524714704
polyak-smoothed-dynamic,1172,polyak-smoothed-dynamic,1172,57853.84160431091,57853.850524714704
polyak-smoothed-dynamic,1173,polyak-smoothed-dynamic,1173,57853.846265946981,57853.850524714704
polyak-smoothed-dynamic,1174,polyak-smoothed-dynamic,1174,57853.852662198624,57853.852662198624
polyak-smoothed-dynamic,1175,polyak-smoothed-dynamic,1175,57853.848470432844,57853.852662198624
polyak-smoothed-dynamic,1176,polyak-smoothed-dynamic,1176,57853.849631195393,57853.852662198624
polyak-smoothed-dynamic,1177,polyak-smoothed-dynamic,1177,57853.841851418081,57853.852662198624
polyak-smoothed-dynamic,1178,polyak-smoothed-dynamic,1178,57853.853898511305,57853.853898511305
polyak-smoothed-dynamic,1179,polyak-smoothed-dynamic,1179,57853.858103815219,57853.858103815219
polyak-smoothed-dynamic,1180,polyak-smoothed-dynamic,1180,57853.854721808282,57853.858103815219
polyak-smoothed-dynamic,1181,polyak-smoothed-dynamic,1181,57853.84654452504,57853.858103815219
polyak-smoothed-dynamic,1182,polyak-smoothed-dynamic,1182,57853.852136861875,57853.858103815219
polyak-smoothed-dynamic,1183,polyak-smoothed-dynamic,1183,57853.85233673374,57853.858103815219
polyak-smoothed-dynamic,1184,polyak-smoothed-dynamic,1184,57853.856283819921,57853.858103815219
polyak-smoothed-dynamic,1185,polyak-smoothed-dynamic,1185,57853.847995420656,57853.858103815219
polyak-smoothed-dynamic,1186,polyak-smoothed-dynamic,1186,57853.848078778232,57853.858103815219
polyak-smoothed-dynamic,1187,polyak-smoothed-dynamic,1187,57853.857901422911,57853.858103815219
polyak-smoothed-dynamic,1188,polyak-smoothed-dynamic,1188,57853.845605491457,57853.858103815219
polyak-smoothed-dynamic,1189,polyak-smoothed-dynamic,1189,57853.853363712937,57853.858103815219
polyak-smoothed-dynamic,1190,polyak-smoothed-dynamic,1190,57853.853334988089,57853.858103815219
polyak-smoothed-dynamic,1191,polyak-smoothed-dynamic,1191,57853.843220646711,57853.858103815219
polyak-smoothed-dynamic,1192,polyak-smoothed-dynamic,1192,57853.853890442304,57853.858103815219
polyak-smoothed-dynamic,1193,polyak-smoothed-dynamic,1193,57853.860715141913,57853.860715141913
polyak-smoothed-dynamic,1194,polyak-smoothed-dynamic,1194,57853.862195963891,57853.862195963891
polyak-smoothed-dynamic,1195,polyak-smoothed-dynamic,1195,57853.86156830292,57853.862195963891
polyak-smoothed-dynamic,1196,polyak-smoothed-dynamic,1196,57853.864667148227,57853.864667148227
polyak-smoothed-dynamic,1197,polyak-smoothed-dynamic,1197,57853.8623663943,57853.864667148227
polyak-smoothed-dynamic,1198,polyak-smoothed-dynamic,1198,57853.865444481504,57853.865444481504
polyak-smoothed-dynamic,1199,polyak-smoothed-dynamic,1199,57853.861065414596,57853.865444481504
polyak-smoothed-dynamic,1200,polyak-smoothed-dynamic,1200,57853.864014796658,57853.865444481504
polyak-smoothed-dynamic,1201,polyak-smoothed-dynamic,1201,57853.857304425619,57853.865444481504
polyak-smoothed-dynamic,1202,polyak-smoothed-dynamic,1202,57853.860375110475,57853.865444481504
polyak-smoothed-dynamic,1203,polyak-smoothed-dynamic,1203,57853.86479911091,57853.865444481504
polyak-smoothed-dynamic,1204,polyak-smoothed-dynamic,1204,57853.865040787598,57853.865444481504
polyak-smoothed-dynamic,1205,polyak-smoothed-dynamic,1205,57853.86263935094,57853.865444481504
polyak-smoothed-dynamic,1206,polyak-smoothed-dynamic,1206,57853.866354580838,57853.866354580838
polyak-smoothed-dynamic,1207,polyak-smoothed-dynamic,1207,57853.865673023422,57853.866354580838
polyak-smoothed-dynamic,1208,polyak-smoothed-dynamic,1208,57853.86277585967,57853.866354580838
polyak-smoothed-dynamic,1209,polyak-smoothed-dynamic,1209,57853.863818040169,57853.866354580838
polyak-smoothed-dynamic,1210,polyak-smoothed-dynamic,1210,57853.866532000182,57853.866532000182
polyak-smoothed-dynamic,1211,polyak-smoothed-dynamic,1211,57853.868619812369,57853.868619812369
polyak-smoothed-dynamic,1212,polyak-smoothed-dynamic,1212,57853.860804266267,57853.868619812369
polyak-smoothed-dynamic,1213,polyak-smoothed-dynamic,1213,57853.86566966158,57853.868619812369
polyak-smoothed-dynamic,1214,polyak-smoothed-dynamic,1214,57853.867920617558,57853.868619812369
polyak-smoothed-dynamic,1215,polyak-smoothed-dynamic,1215,57853.862636109508,57853.868619812369
polyak-smoothed-dynamic,1216,polyak-smoothed-dynamic,1216,57853.866758452474,57853.868619812369
polyak-smoothed-dynamic,1217,polyak-smoothed-dynamic,1217,57853.862452063229,57853.868619812369
polyak-smoothed-dynamic,1218,polyak-smoothed-dynamic,1218,57853.864494156769,57853.868619812369
polyak-smoothed-dynamic,1219,polyak-smoothed-dynamic,1219,57853.868651198136,57853.868651198136
polyak-smoothed-dynamic,1220,polyak-smoothed-dynamic,1220,57853.86683674989,57853.868651198136
polyak-smoothed-dynamic,1221,polyak-smoothed-dynamic,1221,57853.868940077533,57853.868940077533
polyak-smoothed-dynamic,1222,polyak-smoothed-dynamic,1222,57853.869192435159,57853.869192435159
polyak-smoothed-dynamic,1223,polyak-smoothed-dynamic,1223,57853.867307491062,57853.869192435159
polyak-smoothed-dynamic,1224,polyak-smoothed-dynamic,1224,57853.869221530294,57853.869221530294
polyak-smoothed-dynamic,1225,polyak-smoothed-dynamic,1225,57853.859948364021,57853.869221530294
polyak-smoothed-dynamic,1226,polyak-smoothed-dynamic,1226,57853.866212285306,57853.869221530294
polyak-smoothed-dynamic,1227,polyak-smoothed-dynamic,1227,57853.867455129803,57853.869221530294
polyak-smoothed-dynamic,1228,polyak-smoothed-dynamic,1228,57853.868122052205,57853.869221530294
polyak-smoothed-dynamic,1229,polyak-smoothed-dynamic,1229,57853.869472946695,57853.869472946695
polyak-smoothed-dynamic,1230,polyak-smoothed-dynamic,1230,57853.864165720268,57853.869472946695
polyak-smoothed-dynamic,1231,polyak-smoothed-dynamic,1231,57853.864998857331,57853.869472946695
polyak-smoothed-dynamic,1232,polyak-smoothed-dynamic,1232,57853.870234326132,57853.870234326132
polyak-smoothed-dynamic,1233,polyak-smoothed-dynamic,1233,57853.870751053881,57853.870751053881
polyak-smoothed-dynamic,1234,polyak-smoothed-dynamic,1234,57853.869719012895,57853.870751053881
polyak-smoothed-dynamic,1235,polyak-smoothed-dynamic,1235,57853.872513889117,57853.872513889117
polyak-smoothed-dynamic,1236,polyak-smoothed-dynamic,1236,57853.868205430728,57853.872513889117
polyak-smoothed-dynamic,1237,polyak-smoothed-dynamic,1237,57853.87205874252,57853.872513889117
polyak-smoothed-dynamic,1238,polyak-smoothed-dynamic,1238,57853.864462905818,57853.872513889117
polyak-smoothed-dynamic,1239,polyak-smoothed-dynamic,1239,57853.868646510375,57853.872513889117
polyak-smoothed-dynamic,1240,polyak-smoothed-dynamic,1240,57853.867692313179,57853.872513889117
polyak-smoothed-dynamic,1241,polyak-smoothed-dynamic,1241,57853.869986983569,57853.872513889117
polyak-smoothed-dynamic,1242,polyak-smoothed-dynamic,1242,57853.871381022574,57853.872513889117
polyak-smoothed-dynamic,1243,polyak-smoothed-dynamic,1243,57853.870903693329,57853.872513889117
polyak-smoothed-dynamic,1244,polyak-smoothed-dynamic,1244,57853.867184589282,57853.872513889117
polyak-smoothed-dynamic,1245,polyak-smoothed-dynamic,1245,57853.869620756763,57853.872513889117
polyak-smoothed-dynamic,1246,polyak-smoothed-dynamic,1246,57853.87135138853,57853.872513889117
polyak-smoothed-dynamic,1247,polyak-smoothed-dynamic,1247,57853.87273139185,57853.87273139185
polyak-smoothed-dynamic,1248,polyak-smoothed-dynamic,1248,57853.870926549294,57853.87273139185
polyak-smoothed-dynamic,1249,polyak-smoothed-dynamic,1249,57853.871217970314,57853.87273139185
polyak-smoothed-dynamic,1250,polyak-smoothed-dynamic,1250,57853.87329037147,57853.87329037147
polyak-smoothed-dynamic,1251,polyak-smoothed-dynamic,1251,57853.870460766484,57853.87329037147
polyak-smoothed-dynamic,1252,polyak-smoothed-dynamic,1252,57853.870854979847,57853.87329037147
polyak-smoothed-dynamic,1253,polyak-smoothed-dynamic,1253,57853.874333200831,57853.874333200831
polyak-smoothed-dynamic,1254,polyak-smoothed-dynamic,1254,57853.86857955977,57853.874333200831
polyak-smoothed-dynamic,1255,polyak-smoothed-dynamic,1255,57853.871575207275,57853.874333200831
polyak-smoothed-dynamic,1256,polyak-smoothed-dynamic,1256,57853.87293339114,57853.874333200831
polyak-smoothed-dynamic,1257,polyak-smoothed-dynamic,1257,57853.874376452179,57853.874376452179
polyak-smoothed-dynamic,1258,polyak-smoothed-dynamic,1258,57853.868464911815,57853.874376452179
polyak-smoothed-dynamic,1259,polyak-smoothed-dynamic,1259,57853.872350452206,57853.874376452179
polyak-smoothed-dynamic,1260,polyak-smoothed-dynamic,1260,57853.87175241395,57853.874376452179
polyak-smoothed-dynamic,1261,polyak-smoothed-dynamic,1261,57853.871689898311,57853.874376452179
polyak-smoothed-dynamic,1262,polyak-smoothed-dynamic,1262,57853.874101656351,57853.874376452179
polyak-smoothed-dynamic,1263,polyak-smoothed-dynamic,1263,57853.87436673163,57853.874376452179
polyak-smoothed-dynamic,1264,polyak-smoothed-dynamic,1264,57853.870624324351,57853.874376452179
polyak-smoothed-dynamic,1265,polyak-smoothed-dynamic,1265,57853.872889685401,57853.874376452179
polyak-smoothed-dynamic,1266,polyak-smoothed-dynamic,1266,57853.871376105555,57853.874376452179
polyak-smoothed-dynamic,1267,polyak-smoothed-dynamic,1267,57853.873679410586,57853.874376452179
polyak-smoothed-dynamic,1268,polyak-smoothed-dynamic,1268,57853.871845837013,57853.874376452179
polyak-smoothed-dynamic,1269,polyak-smoothed-dynamic,1269,57853.872821743134,57853.874376452179
polyak-smoothed-dynamic,1270,polyak-smoothed-dynamic,1270,57853.87591391398,57853.87591391398
polyak-smoothed-dynamic,1271,polyak-smoothed-dynamic,1271,57853.876135549246,57853.876135549246
polyak-smoothed-dynamic,1272,polyak-smoothed-dynamic,1272,57853.878480544867,57853.878480544867
polyak-smoothed-dynamic,1273,polyak-smoothed-dynamic,1273,57853.874131536839,57853.878480544867
polyak-smoothed-dynamic,1274,polyak-smoothed-dynamic,1274,57853.877563380818,57853.878480544867
polyak-smoothed-dynamic,1275,polyak-smoothed-dynamic,1275,57853.876675053507,57853.878480544867
polyak-smoothed-dynamic,1276,polyak-smoothed-dynamic,1276,57853.87657242213,57853.878480544867
polyak-smoothed-dynamic,1277,polyak-smoothed-dynamic,1277,57853.878832161085,57853.878832161085
polyak-smoothed-dynamic,1278,polyak-smoothed-dynamic,1278,57853.878864064769,57853.878864064769
polyak-smoothed-dynamic,1279,polyak-smoothed-dynamic,1279,57853.87767935406,57853.878864064769
polyak-smoothed-dynamic,1280,polyak-smoothed-dynamic,1280,57853.879212182968,57853.879212182968
polyak-smoothed-dynamic,1281,polyak-smoothed-dynamic,1281,57853.876160254869,57853.879212182968
polyak-smoothed-dynamic,1282,polyak-smoothed-dynamic,1282,57853.877646547182,57853.879212182968
polyak-smoothed-dynamic,1283,polyak-smoothed-dynamic,1283,57853.876707001713,57853.879212182968
polyak-smoothed-dynamic,1284,polyak-smoothed-dynamic,1284,57853.877718531374,57853.879212182968
polyak-smoothed-dynamic,1285,polyak-smoothed-dynamic,1285,57853.876401778907,57853.879212182968
polyak-smoothed-dynamic,1286,polyak-smoothed-dynamic,1286,57853.877713054258,57853.879212182968
polyak-smoothed-dynamic,1287,polyak-smoothed-dynamic,1287,57853.878594080459,57853.879212182968
polyak-smoothed-dynamic,1288,polyak-smoothed-dynamic,1288,57853.878895985443,57853.879212182968
polyak-smoothed-dynamic,1289,polyak-smoothed-dynamic,1289,57853.879546358847,57853.879546358847
polyak-smoothed-dynamic,1290,polyak-smoothed-dynamic,1290,57853.878652343825,57853.879546358847
polyak-smoothed-dynamic,1291,polyak-smoothed-dynamic,1291,57853.879409752764,57853.879546358847
polyak-smoothed-dynamic,1292,polyak-smoothed-dynamic,1292,57853.878803200729,57853.879546358847
polyak-smoothed-dynamic,1293,polyak-smoothed-dynamic,1293,57853.880033904046,57853.880033904046
polyak-smoothed-dynamic,1294,polyak-smoothed-dynamic,1294,57853.880588900742,57853.880588900742
polyak-smoothed-dynamic,1295,polyak-smoothed-dynamic,1295,57853.871564746441,57853.880588900742
polyak-smoothed-dynamic,1296,polyak-smoothed-dynamic,1296,57853.876790208262,57853.880588900742
polyak-smoothed-dynamic,1297,polyak-smoothed-dynamic,1297,57853.879519225251,57853.880588900742
polyak-smoothed-dynamic,1298,polyak-smoothed-dynamic,1298,57853.879279252506,57853.880588900742
polyak-smoothed-dynamic,1299,polyak-smoothed-dynamic,1299,57853.879453672984,57853.880588900742
polyak-smoothed-dynamic,1300,polyak-smoothed-dynamic,1300,57853.880352015025,57853.880588900742
polyak-smoothed-dynamic,1301,polyak-smoothed-dynamic,1301,57853.881136324635,57853.881136324635
polyak-smoothed-dynamic,1302,polyak-smoothed-dynamic,1302,57853.879535319618,57853.881136324635
polyak-smoothed-dynamic,1303,polyak-smoothed-dynamic,1303,57853.880817280558,57853.881136324635
polyak-smoothed-dynamic,1304,polyak-smoothed-dynamic,1304,57853.880409562786,57853.881136324635
polyak-smoothed-dynamic,1305,polyak-smoothed-dynamic,1305,57853.879045186761,57853.881136324635
polyak-smoothed-dynamic,1306,polyak-smoothed-dynamic,1306,57853.880494774494,57853.881136324635
polyak-smoothed-dynamic,1307,polyak-smoothed-dynamic,1307,57853.87890496981,57853.881136324635
polyak-smoothed-dynamic,1308,polyak-smoothed-dynamic,1308,57853.880284529478,57853.881136324635
polyak-smoothed-dynamic,1309,polyak-smoothed-dynamic,1309,57853.880466211056,57853.881136324635
polyak-smoothed-dynamic,1310,polyak-smoothed-dynamic,1310,57853.879945188019,57853.881136324635
polyak-smoothed-dynamic,1311,polyak-smoothed-dynamic,1311,57853.881239941002,57853.881239941002
polyak-smoothed-dynamic,1312,polyak-smoothed-dynamic,1312,57853.879510438303,57853.881239941002
polyak-smoothed-dynamic,1313,polyak-smoothed-dynamic,1313,57853.881330555603,57853.881330555603
polyak-smoothed-dynamic,1314,polyak-smoothed-dynamic,1314,57853.881498416129,57853.881498416129
polyak-smoothed-dynamic,1315,polyak-smoothed-dynamic,1315,57853.881092899574,57853.881498416129
polyak-smoothed-dynamic,1316,polyak-smoothed-dynamic,1316,57853.881849676218,57853.881849676218
polyak-smoothed-dynamic,1317,polyak-smoothed-dynamic,1317,57853.881310628669,57853.881849676218
polyak-smoothed-dynamic,1318,polyak-smoothed-dynamic,1318,57853.880102649287,57853.881849676218
polyak-smoothed-dynamic,1319,polyak-smoothed-dynamic,1319,57853.880403287279,57853.881849676218
polyak-smoothed-dynamic,1320,polyak-smoothed-dynamic,1320,57853.882591006812,57853.882591006812
polyak-smoothed-dynamic,1321,polyak-smoothed-dynamic,1321,57853.880266194246,57853.882591006812
polyak-smoothed-dynamic,1322,polyak-smoothed-dynamic,1322,57853.88072231417,57853.882591006812
polyak-smoothed-dynamic,1323,polyak-smoothed-dynamic,1323,57853.882405298704,57853.882591006812
polyak-smoothed-dynamic,1324,polyak-smoothed-dynamic,1324,57853.880288664812,57853.882591006812
polyak-smoothed-dynamic,1325,polyak-smoothed-dynamic,1325,57853.881362713255,57853.882591006812
polyak-smoothed-dynamic,1326,polyak-smoothed-dynamic,1326,57853.880342486009,57853.882591006812
polyak-smoothed-dynamic,1327,polyak-smoothed-dynamic,1327,57853.882907293759,57853.882907293759
polyak-smoothed-dynamic,1328,polyak-smoothed-dynamic,1328,57853.880805407149,57853.882907293759
polyak-smoothed-dynamic,1329,polyak-smoothed-dynamic,1329,57853.881820984177,57853.882907293759
polyak-smoothed-dynamic,1330,polyak-smoothed-dynamic,1330,57853.881113452982,57853.882907293759
polyak-smoothed-dynamic,1331,polyak-smoothed-dynamic,1331,57853.881889904951,57853.882907293759
polyak-smoothed-dynamic,1332,polyak-smoothed-dynamic,1332,57853.882561001054,57853.882907293759
polyak-smoothed-dynamic,1333,polyak-smoothed-dynamic,1333,57853.881912509576,57853.882907293759
polyak-smoothed-dynamic,1334,polyak-smoothed-dynamic,1334,57853.883101198553,57853.883101198553
polyak-smoothed-dynamic,1335,polyak-smoothed-dynamic,1335,57853.882423570969,57853.883101198553
polyak-smoothed-dynamic,1336,polyak-smoothed-dynamic,1336,57853.881267106561,57853.883101198553
polyak-smoothed-dynamic,1337,polyak-smoothed-dynamic,1337,57853.882574447525,57853.883101198553
polyak-smoothed-dynamic,1338,polyak-smoothed-dynamic,1338,57853.883426393295,57853.883426393295
polyak-smoothed-dynamic,1339,polyak-smoothed-dynamic,1339,57853.881898463274,57853.883426393295
polyak-smoothed-dynamic,1340,polyak-smoothed-dynamic,1340,57853.883593994731,57853.883593994731
polyak-smoothed-dynamic,1341,polyak-smoothed-dynamic,1341,57853.882538898033,57853.883593994731
polyak-smoothed-dynamic,1342,polyak-smoothed-dynamic,1342,57853.882508764793,57853.883593994731
polyak-smoothed-dynamic,1343,polyak-smoothed-dynamic,1343,57853.882334298993,57853.883593994731
polyak-smoothed-dynamic,1344,polyak-smoothed-dynamic,1344,57853.882716491302,57853.883593994731
polyak-smoothed-dynamic,1345,polyak-smoothed-dynamic,1345,57853.883760691315,57853.883760691315
polyak-smoothed-dynamic,1346,polyak-smoothed-dynamic,1346,57853.882239423663,57853.883760691315
polyak-smoothed-dynamic,1347,polyak-smoothed-dynamic,1347,57853.881739154065,57853.883760691315
polyak-smoothed-dynamic,1348,polyak-smoothed-dynamic,1348,57853.882536244062,57853.883760691315
polyak-smoothed-dynamic,1349,polyak-smoothed-dynamic,1349,57853.885074134196,57853.885074134196
polyak-smoothed-dynamic,1350,polyak-smoothed-dynamic,1350,57853.882019822704,57853.885074134196
polyak-smoothed-dynamic,1351,polyak-smoothed-dynamic,1351,57853.883788876759,57853.885074134196
polyak-smoothed-dynamic,1352,polyak-smoothed-dynamic,1352,57853.88257639575,57853.885074134196
polyak-smoothed-dynamic,1353,polyak-smoothed-dynamic,1353,57853.884007142697,57853.885074134196
polyak-smoothed-dynamic,1354,polyak-smoothed-dynamic,1354,57853.883498919691,57853.885074134196
polyak-smoothed-dynamic,1355,polyak-smoothed-dynamic,1355,57853.882724646901,57853.885074134196
polyak-smoothed-dynamic,1356,polyak-smoothed-dynamic,1356,57853.88510298531,57853.88510298531
polyak-smoothed-dynamic,1357,polyak-smoothed-dynamic,1357,57853.881142018021,57853.88510298531
polyak-smoothed-dynamic,1358,polyak-smoothed-dynamic,1358,57853.883679484199,57853.88510298531
polyak-smoothed-dynamic,1359,polyak-smoothed-dynamic,1359,57853.883042088157,57853.88510298531
polyak-smoothed-dynamic,1360,polyak-smoothed-dynamic,1360,57853.882079516829,57853.88510298531
polyak-smoothed-dynamic,1361,polyak-smoothed-dynamic,1361,57853.883781978591,57853.88510298531
polyak-smoothed-dynamic,1362,polyak-smoothed-dynamic,1362,57853.883867168202,57853.88510298531
polyak-smoothed-dynamic,1363,polyak-smoothed-dynamic,1363,57853.884833830314,57853.88510298531
polyak-smoothed-dynamic,1364,polyak-smoothed-dynamic,1364,57853.882967875121,57853.88510298531
polyak-smoothed-dynamic,1365,polyak-smoothed-dynamic,1365,57853.885206166611,57853.885206166611
polyak-smoothed-dynamic,1366,polyak-smoothed-dynamic,1366,57853.88168346286,57853.885206166611
polyak-smoothed-dynamic,1367,polyak-smoothed-dynamic,1367,57853.88277250086,57853.885206166611
polyak-smoothed-dynamic,1368,polyak-smoothed-dynamic,1368,57853.884108220387,57853.885206166611
polyak-smoothed-dynamic,1369,polyak-smoothed-dynamic,1369,57853.884439749403,57853.885206166611
polyak-smoothed-dynamic,1370,polyak-smoothed-dynamic,1370,57853.882357495735,57853.885206166611
polyak-smoothed-dynamic,1371,polyak-smoothed-dynamic,1371,57853.882646244892,57853.885206166611
polyak-smoothed-dynamic,1372,polyak-smoothed-dynamic,1372,57853.884373361841,57853.885206166611
polyak-smoothed-dynamic,1373,polyak-smoothed-dynamic,1373,57853.88537401599,57853.88537401599
polyak-smoothed-dynamic,1374,polyak-smoothed-dynamic,1374,57853.88298567984,57853.88537401599
polyak-smoothed-dynamic,1375,polyak-smoothed-dynamic,1375,57853.883205320904,57853.88537401599
polyak-smoothed-dynamic,1376,polyak-smoothed-dynamic,1376,57853.884799625019,57853.88537401599
polyak-smoothed-dynamic,1377,polyak-smoothed-dynamic,1377,57853.885481066609,57853.885481066609
polyak-smoothed-dynamic,1378,polyak-smoothed-dynamic,1378,57853.885275653542,57853.885481066609
polyak-smoothed-dynamic,1379,polyak-smoothed-dynamic,1379,57853.885599707872,57853.885599707872
polyak-smoothed-dynamic,1380,polyak-smoothed-dynamic,1380,57853.885735653945,57853.885735653945
polyak-smoothed-dynamic,1381,polyak-smoothed-dynamic,1381,57853.885436292076,57853.885735653945
polyak-smoothed-dynamic,1382,polyak-smoothed-dynamic,1382,57853.886001569088,57853.886001569088
polyak-smoothed-dynamic,1383,polyak-smoothed-dynamic,1383,57853.884724554089,57853.886001569088
polyak-smoothed-dynamic,1384,polyak-smoothed-dynamic,1384,57853.886499400047,57853.886499400047
polyak-smoothed-dynamic,1385,polyak-smoothed-dynamic,1385,57853.884433416097,57853.886499400047
polyak-smoothed-dynamic,1386,polyak-smoothed-dynamic,1386,57853.8846314576,57853.886499400047
polyak-smoothed-dynamic,1387,polyak-smoothed-dynamic,1387,57853.887286049874,57853.887286049874
polyak-smoothed-dynamic,1388,polyak-smoothed-dynamic,1388,57853.882039233526,57853.887286049874
polyak-smoothed-dynamic,1389,polyak-smoothed-dynamic,1389,57853.883740422651,57853.887286049874
polyak-smoothed-dynamic,1390,polyak-smoothed-dynamic,1390,57853.884261105908,57853.887286049874
polyak-smoothed-dynamic,1391,polyak-smoothed-dynamic,1391,57853.885922920366,57853.887286049874
polyak-smoothed-dynamic,1392,polyak-smoothed-dynamic,1392,57853.885698127953,57853.887286049874
polyak-smoothed-dynamic,1393,polyak-smoothed-dynamic,1393,57853.886167637815,57853.887286049874
polyak-smoothed-dynamic,1394,polyak-smoothed-dynamic,1394,57853.885743675986,57853.887286049874
polyak-smoothed-dynamic,1395,polyak-smoothed-dynamic,1395,57853.883680318671,57853.887286049874
polyak-smoothed-dynamic,1396,polyak-smoothed-dynamic,1396,57853.886243317596,57853.887286049874
polyak-smoothed-dynamic,1397,polyak-smoothed-dynamic,1397,57853.885745779859,57853.887286049874
polyak-smoothed-dynamic,1398,polyak-smoothed-dynamic,1398,57853.886379437623,57853.887286049874
polyak-smoothed-dynamic,1399,polyak-smoothed-dynamic,1399,57853.886712970125,57853.887286049874
