instance,strategy,iteration,phase,phase_iteration,lower_bound,best_lower_bound,concorde_optimum
/Users/a/Ayanami/code/TSP/data/classic/tsplib/kroB100.tsp,polyak,1,polyak,1,19499,19499,22141
/Users/a/Ayanami/code/TSP/data/classic/tsplib/kroB100.tsp,polyak,2,polyak,2,16562.631578947367,19499,22141
/Users/a/Ayanami/code/TSP/data/classic/tsplib/kroB100.tsp,polyak,3,polyak,3,18658.842105263153,19499,22141
/Users/a/Ayanami/code/TSP/data/classic/tsplib/kroB100.tsp,polyak,4,polyak,4,18387.503639760347,19499,22141
/Users/a/Ayanami/code/TSP/data/classic/tsplib/kroB100.tsp,polyak,5,polyak,5,18869.474489467233,19499,22141
/Users/a/Ayanami/code/TSP/data/classic/tsplib/kroB100.tsp,polyak,6,polyak,6,19046.725991169227,19499,22141
/Users/a/Ayanami/code/TSP/data/classic/tsplib/kroB100.tsp,polyak,7,polyak,7,19620.479408080817,19620.479408080817,22141
/Users/a/Ayanami/code/TSP/data/classic/tsplib/kroB100.tsp,polyak,8,polyak,8,19582.037799801314,19620.479408080817,22141
/Users/a/Ayanami/code/TSP/data/classic/tsplib/kroB100.tsp,polyak,9,polyak,9,19849.552527674408,19849.552527674408,22141
/Users/a/Ayanami/code/TSP/data/classic/tsplib/kroB100.tsp,polyak,10,polyak,10,20094.399879942681,20094.399879942681,22141
/Users/a/Ayanami/code/TSP/data/classic/tsplib/kroB100.tsp,polyak,11,polyak,11,19482.067083238817,20094.399879942681,22141
/Users/a/Ayanami/code/TSP/data/classic/tsplib/kroB100.tsp,polyak,12,polyak,12,19944.624633572621,20094.399879942681,22141
/Users/a/Ayanami/code/TSP/data/classic/tsplib/kroB100.tsp,polyak,13,polyak,13,20207.267698692049,20207.267698692049,22141
/Users/a/Ayanami/code/TSP/data/classic/tsplib/kroB100.tsp,polyak,14,polyak,14,19995.20314839248,20207.267698692049,22141
/Users/a/Ayanami/code/TSP/data/classic/tsplib/kroB100.tsp,polyak,15,polyak,15,20269.943126583054,20269.943126583054,22141
/Users/a/Ayanami/code/TSP/data/classic/tsplib/kroB100.tsp,polyak,16,polyak,16,19868.681090500741,20269.943126583054,22141
/Users/a/Ayanami/code/TSP/data/classic/tsplib/kroB100.tsp,polyak,17,polyak,17,19755.068717754039,20269.943126583054,22141
/Users/a/Ayanami/code/TSP/data/classic/tsplib/kroB100.tsp,polyak,18,polyak,18,19791.015836208127,20269.943126583054,22141
/Users/a/Ayanami/code/TSP/data/classic/tsplib/kroB100.tsp,polyak,19,polyak,19,20119.518949351354,20269.943126583054,22141
/Users/a/Ayanami/code/TSP/data/classic/tsplib/kroB100.tsp,polyak,20,polyak,20,20567.34456747217,20567.34456747217,22141
/Users/a/Ayanami/code/TSP/data/classic/tsplib/kroB100.tsp,polyak,21,polyak,21,19785.217321839649,20567.34456747217,22141
/Users/a/Ayanami/code/TSP/data/classic/tsplib/kroB100.tsp,polyak,22,polyak,22,19859.015827822142,20567.34456747217,22141
/Users/a/Ayanami/code/TSP/data/classic/tsplib/kroB100.tsp,polyak,23,polyak,23,19634.41952886209,20567.34456747217,22141
/Users/a/Ayanami/code/TSP/data/classic/tsplib/kroB100.tsp,polyak,24,polyak,24,19756.948361274943,20567.34456747217,22141
/Users/a/Ayanami/code/TSP/data/classic/tsplib/kroB100.tsp,polyak,25,polyak,25,19981.52627182076,20567.34456747217,22141
/Users/a/Ayanami/code/TSP/data/classic/tsplib/kroB100.tsp,polyak,26,polyak,26,19962.823551282785,20567.34456747217,22141
/Users/a/Ayanami/code/TSP/data/classic/tsplib/kroB100.tsp,polyak,27,polyak,27,20021.975577423782,20567.34456747217,22141
/Users/a/Ayanami/code/TSP/data/classic/tsplib/kroB100.tsp,polyak,28,polyak,28,19885.700462158777,20567.34456747217,22141
/Users/a/Ayanami/code/TSP/data/classic/tsplib/kroB100.tsp,polyak,29,polyak,29,19631.163283273359,20567.34456747217,22141
/Users/a/Ayanami/code/TSP/data/classic/tsplib/kroB100.tsp,polyak,30,polyak,30,20353.87758462381,20567.34456747217,22141
/Users/a/Ayanami/code/TSP/data/classic/tsplib/kroB100.tsp,polyak,31,polyak,31,20070.92410366761,20567.34456747217,22141
/Users/a/Ayanami/code/TSP/data/classic/tsplib/kroB100.tsp,polyak,32,polyak,32,20129.865890069417,20567.34456747217,22141
/Users/a/Ayanami/code/TSP/data/classic/tsplib/kroB100.tsp,polyak,33,polyak,33,19512.962180855811,20567.34456747217,22141
/Users/a/Ayanami/code/TSP/data/classic/tsplib/kroB100.tsp,polyak,34,polyak,34,20765.01583588299,20765.01583588299,22141
/Users/a/Ayanami/code/TSP/data/classic/tsplib/kroB100.tsp,polyak,35,polyak,35,21097.790787534297,21097.790787534297,22141
/Users/a/Ayanami/code/TSP/data/classic/tsplib/kroB100.tsp,polyak,36,polyak,36,21211.599758828863,21211.599758828863,22141
/Users/a/Ayanami/code/TSP/data/classic/tsplib/kroB100.tsp,polyak,37,polyak,37,21442.062813022545,21442.062813022545,22141
/Users/a/Ayanami/code/TSP/data/classic/tsplib/kroB100.tsp,polyak,38,polyak,38,21183.878111784168,21442.062813022545,22141
/Users/a/Ayanami/code/TSP/data/classic/tsplib/kroB100.tsp,polyak,39,polyak,39,21397.38877286272,21442.062813022545,22141
/Users/a/Ayanami/code/TSP/data/classic/tsplib/kroB100.tsp,polyak,40,polyak,40,21496.466593226993,21496.466593226993,22141
/Users/a/Ayanami/code/TSP/data/classic/tsplib/kroB100.tsp,polyak,41,polyak,41,21423.701264112911,21496.466593226993,22141
/Users/a/Ayanami/code/TSP/data/classic/tsplib/kroB100.tsp,polyak,42,polyak,42,21322.068912186809,21496.466593226993,22141
/Users/a/Ayanami/code/TSP/data/classic/tsplib/kroB100.tsp,polyak,43,polyak,43,21430.41727466333,21496.466593226993,22141
/Users/a/Ayanami/code/TSP/data/classic/tsplib/kroB100.tsp,polyak,44,polyak,44,21347.130905930579,21496.466593226993,22141
/Users/a/Ayanami/code/TSP/data/classic/tsplib/kroB100.tsp,polyak,45,polyak,45,21472.111326940667,21496.466593226993,22141
/Users/a/Ayanami/code/TSP/data/classic/tsplib/kroB100.tsp,polyak,46,polyak,46,21442.872847154315,21496.466593226993,22141
/Users/a/Ayanami/code/TSP/data/classic/tsplib/kroB100.tsp,polyak,47,polyak,47,21349.803528985238,21496.466593226993,22141
/Users/a/Ayanami/code/TSP/data/classic/tsplib/kroB100.tsp,polyak,48,polyak,48,21516.166402816281,21516.166402816281,22141
/Users/a/Ayanami/code/TSP/data/classic/tsplib/kroB100.tsp,polyak,49,polyak,49,21237.716984095594,21516.166402816281,22141
/Users/a/Ayanami/code/TSP/data/classic/tsplib/kroB100.tsp,polyak,50,polyak,50,21516.298876455428,21516.298876455428,22141
/Users/a/Ayanami/code/TSP/data/classic/tsplib/kroB100.tsp,polyak,51,polyak,51,21491.824476632919,21516.298876455428,22141
/Users/a/Ayanami/code/TSP/data/classic/tsplib/kroB100.tsp,polyak,52,polyak,52,21322.540465283935,21516.298876455428,22141
/Users/a/Ayanami/code/TSP/data/classic/tsplib/kroB100.tsp,polyak,53,polyak,53,21411.329789200001,21516.298876455428,22141
/Users/a/Ayanami/code/TSP/data/classic/tsplib/kroB100.tsp,polyak,54,polyak,54,21466.046581921768,21516.298876455428,22141
/Users/a/Ayanami/code/TSP/data/classic/tsplib/kroB100.tsp,polyak,55,polyak,55,21383.857584986414,21516.298876455428,22141
/Users/a/Ayanami/code/TSP/data/classic/tsplib/kroB100.tsp,polyak,56,polyak,56,21539.346873635834,21539.346873635834,22141
/Users/a/Ayanami/code/TSP/data/classic/tsplib/kroB100.tsp,polyak,57,polyak,57,21313.508922273282,21539.346873635834,22141
/Users/a/Ayanami/code/TSP/data/classic/tsplib/kroB100.tsp,polyak,58,polyak,58,21501.45885265739,21539.346873635834,22141
/Users/a/Ayanami/code/TSP/data/classic/tsplib/kroB100.tsp,polyak,59,polyak,59,21347.471664683904,21539.346873635834,22141
/Users/a/Ayanami/code/TSP/data/classic/tsplib/kroB100.tsp,polyak,60,polyak,60,21454.915178877491,21539.346873635834,22141
/Users/a/Ayanami/code/TSP/data/classic/tsplib/kroB100.tsp,polyak,61,polyak,61,21316.486897358216,21539.346873635834,22141
/Users/a/Ayanami/code/TSP/data/classic/tsplib/kroB100.tsp,polyak,62,polyak,62,21545.419229467436,21545.419229467436,22141
/Users/a/Ayanami/code/TSP/data/classic/tsplib/kroB100.tsp,polyak,63,polyak,63,21351.36401763287,21545.419229467436,22141
/Users/a/Ayanami/code/TSP/data/classic/tsplib/kroB100.tsp,polyak,64,polyak,64,21552.567960053413,21552.567960053413,22141
/Users/a/Ayanami/code/TSP/data/classic/tsplib/kroB100.tsp,polyak,65,polyak,65,21401.068539265656,21552.567960053413,22141
/Users/a/Ayanami/code/TSP/data/classic/tsplib/kroB100.tsp,polyak,66,polyak,66,21371.394742030567,21552.567960053413,22141
/Users/a/Ayanami/code/TSP/data/classic/tsplib/kroB100.tsp,polyak,67,polyak,67,21509.746491069724,21552.567960053413,22141
/Users/a/Ayanami/code/TSP/data/classic/tsplib/kroB100.tsp,polyak,68,polyak,68,21375.355180527269,21552.567960053413,22141
/Users/a/Ayanami/code/TSP/data/classic/tsplib/kroB100.tsp,polyak,69,polyak,69,21445.874877455088,21552.567960053413,22141
/Users/a/Ayanami/code/TSP/data/classic/tsplib/kroB100.tsp,polyak,70,polyak,70,21458.905455851083,21552.567960053413,22141
/Users/a/Ayanami/code/TSP/data/classic/tsplib/kroB100.tsp,polyak,71,polyak,71,21522.772419364141,21552.567960053413,22141
/Users/a/Ayanami/code/TSP/data/classic/tsplib/kroB100.tsp,polyak,72,polyak,72,21305.391026675679,21552.567960053413,22141
/Users/a/Ayanami/code/TSP/data/classic/tsplib/kroB100.tsp,polyak,73,polyak,73,21341.738759586417,21552.567960053413,22141
/Users/a/Ayanami/code/TSP/data/classic/tsplib/kroB100.tsp,polyak,74,polyak,74,21500.161008468705,21552.567960053413,22141
/Users/a/Ayanami/code/TSP/data/classic/tsplib/kroB100.tsp,polyak,75,polyak,75,21426.859050253857,21552.567960053413,22141
/Users/a/Ayanami/code/TSP/data/classic/tsplib/kroB100.tsp,polyak,76,polyak,76,21569.37669986274,21569.37669986274,22141
/Users/a/Ayanami/code/TSP/data/classic/tsplib/kroB100.tsp,polyak,77,polyak,77,21471.452937727288,21569.37669986274,22141
/Users/a/Ayanami/code/TSP/data/classic/tsplib/kroB100.tsp,polyak,78,polyak,78,21413.301307999784,21569.37669986274,22141
/Users/a/Ayanami/code/TSP/data/classic/tsplib/kroB100.tsp,polyak,79,polyak,79,21467.612739824232,21569.37669986274,22141
/Users/a/Ayanami/code/TSP/data/classic/tsplib/kroB100.tsp,polyak,80,polyak,80,21404.290850292844,21569.37669986274,22141
/Users/a/Ayanami/code/TSP/data/classic/tsplib/kroB100.tsp,polyak,81,polyak,81,21604.605616057117,21604.605616057117,22141
/Users/a/Ayanami/code/TSP/data/classic/tsplib/kroB100.tsp,polyak,82,polyak,82,21399.689932308134,21604.605616057117,22141
/Users/a/Ayanami/code/TSP/data/classic/tsplib/kroB100.tsp,polyak,83,polyak,83,21536.254995588355,21604.605616057117,22141
/Users/a/Ayanami/code/TSP/data/classic/tsplib/kroB100.tsp,polyak,84,polyak,84,21540.283817814463,21604.605616057117,22141
/Users/a/Ayanami/code/TSP/data/classic/tsplib/kroB100.tsp,polyak,85,polyak,85,21500.102079361714,21604.605616057117,22141
/Users/a/Ayanami/code/TSP/data/classic/tsplib/kroB100.tsp,polyak,86,polyak,86,21488.076934887431,21604.605616057117,22141
/Users/a/Ayanami/code/TSP/data/classic/tsplib/kroB100.tsp,polyak,87,polyak,87,21590.024978880258,21604.605616057117,22141
/Users/a/Ayanami/code/TSP/data/classic/tsplib/kroB100.tsp,polyak,88,polyak,88,21434.14774133277,21604.605616057117,22141
/Users/a/Ayanami/code/TSP/data/classic/tsplib/kroB100.tsp,polyak,89,polyak,89,21477.569789511566,21604.605616057117,22141
/Users/a/Ayanami/code/TSP/data/classic/tsplib/kroB100.tsp,polyak,90,polyak,90,21511.167798411727,21604.605616057117,22141
/Users/a/Ayanami/code/TSP/data/classic/tsplib/kroB100.tsp,polyak,91,polyak,91,21539.078746547828,21604.605616057117,22141
/Users/a/Ayanami/code/TSP/data/classic/tsplib/kroB100.tsp,polyak,92,polyak,92,21420.674112729863,21604.605616057117,22141
/Users/a/Ayanami/code/TSP/data/classic/tsplib/kroB100.tsp,polyak,93,polyak,93,21493.192561804706,21604.605616057117,22141
/Users/a/Ayanami/code/TSP/data/classic/tsplib/kroB100.tsp,polyak,94,polyak,94,21505.961282578472,21604.605616057117,22141
/Users/a/Ayanami/code/TSP/data/classic/tsplib/kroB100.tsp,polyak,95,polyak,95,21660.284455378867,21660.284455378867,22141
/Users/a/Ayanami/code/TSP/data/classic/tsplib/kroB100.tsp,polyak,96,polyak,96,21629.70684411089,21660.284455378867,22141
/Users/a/Ayanami/code/TSP/data/classic/tsplib/kroB100.tsp,polyak,97,polyak,97,21706.366145974025,21706.366145974025,22141
/Users/a/Ayanami/code/TSP/data/classic/tsplib/kroB100.tsp,polyak,98,polyak,98,21688.085339335437,21706.366145974025,22141
/Users/a/Ayanami/code/TSP/data/classic/tsplib/kroB100.tsp,polyak,99,polyak,99,21702.818488891222,21706.366145974025,22141
/Users/a/Ayanami/code/TSP/data/classic/tsplib/kroB100.tsp,polyak,100,polyak,100,21655.415768925777,21706.366145974025,22141
/Users/a/Ayanami/code/TSP/data/classic/tsplib/kroB100.tsp,polyak,101,polyak,101,21716.556758707338,21716.556758707338,22141
/Users/a/Ayanami/code/TSP/data/classic/tsplib/kroB100.tsp,polyak,102,polyak,102,21668.013873431144,21716.556758707338,22141
/Users/a/Ayanami/code/TSP/data/classic/tsplib/kroB100.tsp,polyak,103,polyak,103,21706.720838912694,21716.556758707338,22141
/Users/a/Ayanami/code/TSP/data/classic/tsplib/kroB100.tsp,polyak,104,polyak,104,21681.845475910661,21716.556758707338,22141
/Users/a/Ayanami/code/TSP/data/classic/tsplib/kroB100.tsp,polyak,105,polyak,105,21683.370405865029,21716.556758707338,22141
/Users/a/Ayanami/code/TSP/data/classic/tsplib/kroB100.tsp,polyak,106,polyak,106,21707.755706540196,21716.556758707338,22141
/Users/a/Ayanami/code/TSP/data/classic/tsplib/kroB100.tsp,polyak,107,polyak,107,21707.313173989824,21716.556758707338,22141
/Users/a/Ayanami/code/TSP/data/classic/tsplib/kroB100.tsp,polyak,108,polyak,108,21672.803419225689,21716.556758707338,22141
/Users/a/Ayanami/code/TSP/data/classic/tsplib/kroB100.tsp,polyak,109,polyak,109,21718.799332221453,21718.799332221453,22141
/Users/a/Ayanami/code/TSP/data/classic/tsplib/kroB100.tsp,polyak,110,polyak,110,21734.623766334571,21734.623766334571,22141
/Users/a/Ayanami/code/TSP/data/classic/tsplib/kroB100.tsp,polyak,111,polyak,111,21677.991711896881,21734.623766334571,22141
/Users/a/Ayanami/code/TSP/data/classic/tsplib/kroB100.tsp,polyak,112,polyak,112,21727.583501982037,21734.623766334571,22141
/Users/a/Ayanami/code/TSP/data/classic/tsplib/kroB100.tsp,polyak,113,polyak,113,21698.226420880452,21734.623766334571,22141
/Users/a/Ayanami/code/TSP/data/classic/tsplib/kroB100.tsp,polyak,114,polyak,114,21713.79001089041,21734.623766334571,22141
/Users/a/Ayanami/code/TSP/data/classic/tsplib/kroB100.tsp,polyak,115,polyak,115,21704.320428909039,21734.623766334571,22141
/Users/a/Ayanami/code/TSP/data/classic/tsplib/kroB100.tsp,polyak,116,polyak,116,21715.581673223242,21734.623766334571,22141
/Users/a/Ayanami/code/TSP/data/classic/tsplib/kroB100.tsp,polyak,117,polyak,117,21736.276726397944,21736.276726397944,22141
/Users/a/Ayanami/code/TSP/data/classic/tsplib/kroB100.tsp,polyak,118,polyak,118,21650.593165250026,21736.276726397944,22141
/Users/a/Ayanami/code/TSP/data/classic/tsplib/kroB100.tsp,polyak,119,polyak,119,21755.288169661766,21755.288169661766,22141
/Users/a/Ayanami/code/TSP/data/classic/tsplib/kroB100.tsp,polyak,120,polyak,120,21690.271871188019,21755.288169661766,22141
/Users/a/Ayanami/code/TSP/data/classic/tsplib/kroB100.tsp,polyak,121,polyak,121,21719.048933079233,21755.288169661766,22141
/Users/a/Ayanami/code/TSP/data/classic/tsplib/kroB100.tsp,polyak,122,polyak,122,21682.176974761522,21755.288169661766,22141
/Users/a/Ayanami/code/TSP/data/classic/tsplib/kroB100.tsp,polyak,123,polyak,123,21744.640092604226,21755.288169661766,22141
/Users/a/Ayanami/code/TSP/data/classic/tsplib/kroB100.tsp,polyak,124,polyak,124,21676.671030457201,21755.288169661766,22141
/Users/a/Ayanami/code/TSP/data/classic/tsplib/kroB100.tsp,polyak,125,polyak,125,21753.512492331567,21755.288169661766,22141
/Users/a/Ayanami/code/TSP/data/classic/tsplib/kroB100.tsp,polyak,126,polyak,126,21579.985991955582,21755.288169661766,22141
/Users/a/Ayanami/code/TSP/data/classic/tsplib/kroB100.tsp,polyak,127,polyak,127,21738.475935194128,21755.288169661766,22141
/Users/a/Ayanami/code/TSP/data/classic/tsplib/kroB100.tsp,polyak,128,polyak,128,21724.819461944611,21755.288169661766,22141
/Users/a/Ayanami/code/TSP/data/classic/tsplib/kroB100.tsp,polyak,129,polyak,129,21739.000428174681,21755.288169661766,22141
/Users/a/Ayanami/code/TSP/data/classic/tsplib/kroB100.tsp,polyak,130,polyak,130,21698.307745972586,21755.288169661766,22141
/Users/a/Ayanami/code/TSP/data/classic/tsplib/kroB100.tsp,polyak,131,polyak,131,21765.001365350636,21765.001365350636,22141
/Users/a/Ayanami/code/TSP/data/classic/tsplib/kroB100.tsp,polyak,132,polyak,132,21682.736846542775,21765.001365350636,22141
/Users/a/Ayanami/code/TSP/data/classic/tsplib/kroB100.tsp,polyak,133,polyak,133,21700.878083450192,21765.001365350636,22141
/Users/a/Ayanami/code/TSP/data/classic/tsplib/kroB100.tsp,polyak,134,polyak,134,21726.966004991638,21765.001365350636,22141
/Users/a/Ayanami/code/TSP/data/classic/tsplib/kroB100.tsp,polyak,135,polyak,135,21700.758172732403,21765.001365350636,22141
/Users/a/Ayanami/code/TSP/data/classic/tsplib/kroB100.tsp,polyak,136,polyak,136,21716.981234283663,21765.001365350636,22141
/Users/a/Ayanami/code/TSP/data/classic/tsplib/kroB100.tsp,polyak,137,polyak,137,21720.964742313528,21765.001365350636,22141
/Users/a/Ayanami/code/TSP/data/classic/tsplib/kroB100.tsp,polyak,138,polyak,138,21704.741613876504,21765.001365350636,22141
/Users/a/Ayanami/code/TSP/data/classic/tsplib/kroB100.tsp,polyak,139,polyak,139,21755.315813223449,21765.001365350636,22141
/Users/a/Ayanami/code/TSP/data/classic/tsplib/kroB100.tsp,polyak,140,polyak,140,21659.779267587804,21765.001365350636,22141
/Users/a/Ayanami/code/TSP/data/classic/tsplib/kroB100.tsp,polyak,141,polyak,141,21764.794170415953,21765.001365350636,22141
/Users/a/Ayanami/code/TSP/data/classic/tsplib/kroB100.tsp,polyak,142,polyak,142,21725.447172230302,21765.001365350636,22141
/Users/a/Ayanami/code/TSP/data/classic/tsplib/kroB100.tsp,polyak,143,polyak,143,21716.573138946515,21765.001365350636,22141
/Users/a/Ayanami/code/TSP/data/classic/tsplib/kroB100.tsp,polyak,144,polyak,144,21755.739412820425,21765.001365350636,22141
/Users/a/Ayanami/code/TSP/data/classic/tsplib/kroB100.tsp,polyak,145,polyak,145,21790.926503339746,21790.926503339746,22141
/Users/a/Ayanami/code/TSP/data/classic/tsplib/kroB100.tsp,polyak,146,polyak,146,21756.885740083988,21790.926503339746,22141
/Users/a/Ayanami/code/TSP/data/classic/tsplib/kroB100.tsp,polyak,147,polyak,147,21804.335050007532,21804.335050007532,22141
/Users/a/Ayanami/code/TSP/data/classic/tsplib/kroB100.tsp,polyak,148,polyak,148,21751.578704319007,21804.335050007532,22141
/Users/a/Ayanami/code/TSP/data/classic/tsplib/kroB100.tsp,polyak,149,polyak,149,21799.451608648982,21804.335050007532,22141
/Users/a/Ayanami/code/TSP/data/classic/tsplib/kroB100.tsp,polyak,150,polyak,150,21780.066831748554,21804.335050007532,22141
/Users/a/Ayanami/code/TSP/data/classic/tsplib/kroB100.tsp,polyak,151,polyak,151,21766.627322823431,21804.335050007532,22141
/Users/a/Ayanami/code/TSP/data/classic/tsplib/kroB100.tsp,polyak,152,polyak,152,21790.038495404129,21804.335050007532,22141
/Users/a/Ayanami/code/TSP/data/classic/tsplib/kroB100.tsp,polyak,153,polyak,153,21772.434773419613,21804.335050007532,22141
/Users/a/Ayanami/code/TSP/data/classic/tsplib/kroB100.tsp,polyak,154,polyak,154,21811.018292688423,21811.018292688423,22141
/Users/a/Ayanami/code/TSP/data/classic/tsplib/kroB100.tsp,polyak,155,polyak,155,21790.026960941264,21811.018292688423,22141
/Users/a/Ayanami/code/TSP/data/classic/tsplib/kroB100.tsp,polyak,156,polyak,156,21792.60144439993,21811.018292688423,22141
/Users/a/Ayanami/code/TSP/data/classic/tsplib/kroB100.tsp,polyak,157,polyak,157,21755.416654895886,21811.018292688423,22141
/Users/a/Ayanami/code/TSP/data/classic/tsplib/kroB100.tsp,polyak,158,polyak,158,21801.008240872328,21811.018292688423,22141
/Users/a/Ayanami/code/TSP/data/classic/tsplib/kroB100.tsp,polyak,159,polyak,159,21780.804747110917,21811.018292688423,22141
/Users/a/Ayanami/code/TSP/data/classic/tsplib/kroB100.tsp,polyak,160,polyak,160,21804.573164863719,21811.018292688423,22141
/Users/a/Ayanami/code/TSP/data/classic/tsplib/kroB100.tsp,polyak,161,polyak,161,21783.777624302114,21811.018292688423,22141
/Users/a/Ayanami/code/TSP/data/classic/tsplib/kroB100.tsp,polyak,162,polyak,162,21795.853523231017,21811.018292688423,22141
/Users/a/Ayanami/code/TSP/data/classic/tsplib/kroB100.tsp,polyak,163,polyak,163,21780.538427107454,21811.018292688423,22141
/Users/a/Ayanami/code/TSP/data/classic/tsplib/kroB100.tsp,polyak,164,polyak,164,21771.853571265536,21811.018292688423,22141
/Users/a/Ayanami/code/TSP/data/classic/tsplib/kroB100.tsp,polyak,165,polyak,165,21790.527942198714,21811.018292688423,22141
/Users/a/Ayanami/code/TSP/data/classic/tsplib/kroB100.tsp,polyak,166,polyak,166,21806.992981540923,21811.018292688423,22141
/Users/a/Ayanami/code/TSP/data/classic/tsplib/kroB100.tsp,polyak,167,polyak,167,21770.901274474272,21811.018292688423,22141
/Users/a/Ayanami/code/TSP/data/classic/tsplib/kroB100.tsp,polyak,168,polyak,168,21815.138162116549,21815.138162116549,22141
/Users/a/Ayanami/code/TSP/data/classic/tsplib/kroB100.tsp,polyak,169,polyak,169,21793.556547886845,21815.138162116549,22141
/Users/a/Ayanami/code/TSP/data/classic/tsplib/kroB100.tsp,polyak,170,polyak,170,21804.073678406301,21815.138162116549,22141
/Users/a/Ayanami/code/TSP/data/classic/tsplib/kroB100.tsp,polyak,171,polyak,171,21802.097892165235,21815.138162116549,22141
/Users/a/Ayanami/code/TSP/data/classic/tsplib/kroB100.tsp,polyak,172,polyak,172,21805.161985918628,21815.138162116549,22141
/Users/a/Ayanami/code/TSP/data/classic/tsplib/kroB100.tsp,polyak,173,polyak,173,21796.800784475643,21815.138162116549,22141
/Users/a/Ayanami/code/TSP/data/classic/tsplib/kroB100.tsp,polyak,174,polyak,174,21810.128818657489,21815.138162116549,22141
/Users/a/Ayanami/code/TSP/data/classic/tsplib/kroB100.tsp,polyak,175,polyak,175,21795.987816291923,21815.138162116549,22141
/Users/a/Ayanami/code/TSP/data/classic/tsplib/kroB100.tsp,polyak,176,polyak,176,21825.794241204068,21825.794241204068,22141
/Users/a/Ayanami/code/TSP/data/classic/tsplib/kroB100.tsp,polyak,177,polyak,177,21788.071793848638,21825.794241204068,22141
/Users/a/Ayanami/code/TSP/data/classic/tsplib/kroB100.tsp,polyak,178,polyak,178,21822.549915552772,21825.794241204068,22141
/Users/a/Ayanami/code/TSP/data/classic/tsplib/kroB100.tsp,polyak,179,polyak,179,21800.138485014388,21825.794241204068,22141
/Users/a/Ayanami/code/TSP/data/classic/tsplib/kroB100.tsp,polyak,180,polyak,180,21807.827395929609,21825.794241204068,22141
/Users/a/Ayanami/code/TSP/data/classic/tsplib/kroB100.tsp,polyak,181,polyak,181,21802.438648110954,21825.794241204068,22141
/Users/a/Ayanami/code/TSP/data/classic/tsplib/kroB100.tsp,polyak,182,polyak,182,21797.866182902901,21825.794241204068,22141
/Users/a/Ayanami/code/TSP/data/classic/tsplib/kroB100.tsp,polyak,183,polyak,183,21801.867089959942,21825.794241204068,22141
/Users/a/Ayanami/code/TSP/data/classic/tsplib/kroB100.tsp,polyak,184,polyak,184,21798.366296285032,21825.794241204068,22141
/Users/a/Ayanami/code/TSP/data/classic/tsplib/kroB100.tsp,polyak,185,polyak,185,21801.429490750583,21825.794241204068,22141
/Users/a/Ayanami/code/TSP/data/classic/tsplib/kroB100.tsp,polyak,186,polyak,186,21798.749195593231,21825.794241204068,22141
/Users/a/Ayanami/code/TSP/data/classic/tsplib/kroB100.tsp,polyak,187,polyak,187,21801.094453855912,21825.794241204068,22141
/Users/a/Ayanami/code/TSP/data/classic/tsplib/kroB100.tsp,polyak,188,polyak,188,21799.042352876066,21825.794241204068,22141
/Users/a/Ayanami/code/TSP/data/classic/tsplib/kroB100.tsp,polyak,189,polyak,189,21800.837941233433,21825.794241204068,22141
/Users/a/Ayanami/code/TSP/data/classic/tsplib/kroB100.tsp,polyak,190,polyak,190,21823.638208296052,21825.794241204068,22141
/Users/a/Ayanami/code/TSP/data/classic/tsplib/kroB100.tsp,polyak,191,polyak,191,21816.371836146718,21825.794241204068,22141
/Users/a/Ayanami/code/TSP/data/classic/tsplib/kroB100.tsp,polyak,192,polyak,192,21818.651403612446,21825.794241204068,22141
/Users/a/Ayanami/code/TSP/data/classic/tsplib/kroB100.tsp,polyak,193,polyak,193,21816.514309113329,21825.794241204068,22141
/Users/a/Ayanami/code/TSP/data/classic/tsplib/kroB100.tsp,polyak,194,polyak,194,21818.517835206247,21825.794241204068,22141
/Users/a/Ayanami/code/TSP/data/classic/tsplib/kroB100.tsp,polyak,195,polyak,195,21816.639529494132,21825.794241204068,22141
/Users/a/Ayanami/code/TSP/data/classic/tsplib/kroB100.tsp,polyak,196,polyak,196,21818.400441099246,21825.794241204068,22141
/Users/a/Ayanami/code/TSP/data/classic/tsplib/kroB100.tsp,polyak,197,polyak,197,21816.749586469454,21825.794241204068,22141
/Users/a/Ayanami/code/TSP/data/classic/tsplib/kroB100.tsp,polyak,198,polyak,198,21818.297262684882,21825.794241204068,22141
/Users/a/Ayanami/code/TSP/data/classic/tsplib/kroB100.tsp,polyak,199,polyak,199,21816.846316232917,21825.794241204068,22141
/Users/a/Ayanami/code/TSP/data/classic/tsplib/kroB100.tsp,polyak,200,polyak,200,21818.20657853163,21825.794241204068,22141
/Users/a/Ayanami/code/TSP/data/classic/tsplib/kroB100.tsp,polyak,201,polyak,201,21816.931332626587,21825.794241204068,22141
/Users/a/Ayanami/code/TSP/data/classic/tsplib/kroB100.tsp,polyak,202,polyak,202,21826.499602064174,21826.499602064174,22141
/Users/a/Ayanami/code/TSP/data/classic/tsplib/kroB100.tsp,polyak,203,polyak,203,21825.328510500323,21826.499602064174,22141
/Users/a/Ayanami/code/TSP/data/classic/tsplib/kroB100.tsp,polyak,204,polyak,204,21826.463005452802,21826.499602064174,22141
/Users/a/Ayanami/code/TSP/data/classic/tsplib/kroB100.tsp,polyak,205,polyak,205,21825.363963467586,21826.499602064174,22141
/Users/a/Ayanami/code/TSP/data/classic/tsplib/kroB100.tsp,polyak,206,polyak,206,21826.428660390764,21826.499602064174,22141
/Users/a/Ayanami/code/TSP/data/classic/tsplib/kroB100.tsp,polyak,207,polyak,207,21825.397235246441,21826.499602064174,22141
/Users/a/Ayanami/code/TSP/data/classic/tsplib/kroB100.tsp,polyak,208,polyak,208,21826.396428355005,21826.499602064174,22141
/Users/a/Ayanami/code/TSP/data/classic/tsplib/kroB100.tsp,polyak,209,polyak,209,21825.428460031078,21826.499602064174,22141
/Users/a/Ayanami/code/TSP/data/classic/tsplib/kroB100.tsp,polyak,210,polyak,210,21826.366179344881,21826.499602064174,22141
/Users/a/Ayanami/code/TSP/data/classic/tsplib/kroB100.tsp,polyak,211,polyak,211,21825.457763759638,21826.499602064174,22141
/Users/a/Ayanami/code/TSP/data/classic/tsplib/kroB100.tsp,polyak,212,polyak,212,21826.337791357841,21826.499602064174,22141
/Users/a/Ayanami/code/TSP/data/classic/tsplib/kroB100.tsp,polyak,213,polyak,213,21825.485264622086,21826.499602064174,22141
/Users/a/Ayanami/code/TSP/data/classic/tsplib/kroB100.tsp,polyak,214,polyak,214,21826.311149897349,21826.499602064174,22141
/Users/a/Ayanami/code/TSP/data/classic/tsplib/kroB100.tsp,polyak,215,polyak,215,21825.511073536938,21826.499602064174,22141
/Users/a/Ayanami/code/TSP/data/classic/tsplib/kroB100.tsp,polyak,216,polyak,216,21828.814119621409,21828.814119621409,22141
/Users/a/Ayanami/code/TSP/data/classic/tsplib/kroB100.tsp,polyak,217,polyak,217,21831.136100997672,21831.136100997672,22141
/Users/a/Ayanami/code/TSP/data/classic/tsplib/kroB100.tsp,polyak,218,polyak,218,21828.85040058041,21831.136100997672,22141
/Users/a/Ayanami/code/TSP/data/classic/tsplib/kroB100.tsp,polyak,219,polyak,219,21831.100386928654,21831.136100997672,22141
/Users/a/Ayanami/code/TSP/data/classic/tsplib/kroB100.tsp,polyak,220,polyak,220,21828.885556617104,21831.136100997672,22141
/Users/a/Ayanami/code/TSP/data/classic/tsplib/kroB100.tsp,polyak,221,polyak,221,21831.06578020503,21831.136100997672,22141
/Users/a/Ayanami/code/TSP/data/classic/tsplib/kroB100.tsp,polyak,222,polyak,222,21828.919622610658,21831.136100997672,22141
/Users/a/Ayanami/code/TSP/data/classic/tsplib/kroB100.tsp,polyak,223,polyak,223,21831.032246492625,21831.136100997672,22141
/Users/a/Ayanami/code/TSP/data/classic/tsplib/kroB100.tsp,polyak,224,polyak,224,21828.952632358822,21831.136100997672,22141
/Users/a/Ayanami/code/TSP/data/classic/tsplib/kroB100.tsp,polyak,225,polyak,225,21830.99975252178,21831.136100997672,22141
/Users/a/Ayanami/code/TSP/data/classic/tsplib/kroB100.tsp,polyak,226,polyak,226,21828.984618611361,21831.136100997672,22141
/Users/a/Ayanami/code/TSP/data/classic/tsplib/kroB100.tsp,polyak,227,polyak,227,21830.968266054431,21831.136100997672,22141
/Users/a/Ayanami/code/TSP/data/classic/tsplib/kroB100.tsp,polyak,228,polyak,228,21829.015613102663,21831.136100997672,22141
/Users/a/Ayanami/code/TSP/data/classic/tsplib/kroB100.tsp,polyak,229,polyak,229,21830.937755852061,21831.136100997672,22141
/Users/a/Ayanami/code/TSP/data/classic/tsplib/kroB100.tsp,polyak,230,polyak,230,21829.045646583123,21831.136100997672,22141
/Users/a/Ayanami/code/TSP/data/classic/tsplib/kroB100.tsp,polyak,231,polyak,231,21831.774236251997,21831.774236251997,22141
/Users/a/Ayanami/code/TSP/data/classic/tsplib/kroB100.tsp,polyak,232,polyak,232,21832.223999968708,21832.223999968708,22141
/Users/a/Ayanami/code/TSP/data/classic/tsplib/kroB100.tsp,polyak,233,polyak,233,21831.777750031037,21832.223999968708,22141
/Users/a/Ayanami/code/TSP/data/classic/tsplib/kroB100.tsp,polyak,234,polyak,234,21832.22051364107,21832.223999968708,22141
/Users/a/Ayanami/code/TSP/data/classic/tsplib/kroB100.tsp,polyak,235,polyak,235,21831.781209121738,21832.223999968708,22141
/Users/a/Ayanami/code/TSP/data/classic/tsplib/kroB100.tsp,polyak,236,polyak,236,21832.217081574512,21832.223999968708,22141
/Users/a/Ayanami/code/TSP/data/classic/tsplib/kroB100.tsp,polyak,237,polyak,237,21831.784614375276,21832.223999968708,22141
/Users/a/Ayanami/code/TSP/data/classic/tsplib/kroB100.tsp,polyak,238,polyak,238,21832.213702924513,21832.223999968708,22141
/Users/a/Ayanami/code/TSP/data/classic/tsplib/kroB100.tsp,polyak,239,polyak,239,21831.78796662957,21832.223999968708,22141
/Users/a/Ayanami/code/TSP/data/classic/tsplib/kroB100.tsp,polyak,240,polyak,240,21832.210376859715,21832.223999968708,22141
/Users/a/Ayanami/code/TSP/data/classic/tsplib/kroB100.tsp,polyak,241,polyak,241,21831.79126670949,21832.223999968708,22141
/Users/a/Ayanami/code/TSP/data/classic/tsplib/kroB100.tsp,polyak,242,polyak,242,21832.207102561661,21832.223999968708,22141
/Users/a/Ayanami/code/TSP/data/classic/tsplib/kroB100.tsp,polyak,243,polyak,243,21831.794515427086,21832.223999968708,22141
/Users/a/Ayanami/code/TSP/data/classic/tsplib/kroB100.tsp,polyak,244,polyak,244,21832.203879224675,21832.223999968708,22141
/Users/a/Ayanami/code/TSP/data/classic/tsplib/kroB100.tsp,polyak,245,polyak,245,21831.797713581753,21832.223999968708,22141
/Users/a/Ayanami/code/TSP/data/classic/tsplib/kroB100.tsp,polyak,246,polyak,246,21833.210304626646,21833.210304626646,22141
/Users/a/Ayanami/code/TSP/data/classic/tsplib/kroB100.tsp,polyak,247,polyak,247,21832.794423125793,21833.210304626646,22141
/Users/a/Ayanami/code/TSP/data/classic/tsplib/kroB100.tsp,polyak,248,polyak,248,21833.208680089534,21833.210304626646,22141
/Users/a/Ayanami/code/TSP/data/classic/tsplib/kroB100.tsp,polyak,249,polyak,249,21832.796041317055,21833.210304626646,22141
/Users/a/Ayanami/code/TSP/data/classic/tsplib/kroB100.tsp,polyak,250,polyak,250,21833.20706821933,21833.210304626646,22141
/Users/a/Ayanami/code/TSP/data/classic/tsplib/kroB100.tsp,polyak,251,polyak,251,21832.797646890889,21833.210304626646,22141
/Users/a/Ayanami/code/TSP/data/classic/tsplib/kroB100.tsp,polyak,252,polyak,252,21833.205468917262,21833.210304626646,22141
/Users/a/Ayanami/code/TSP/data/classic/tsplib/kroB100.tsp,polyak,253,polyak,253,21832.799239945685,21833.210304626646,22141
/Users/a/Ayanami/code/TSP/data/classic/tsplib/kroB100.tsp,polyak,254,polyak,254,21833.203882085345,21833.210304626646,22141
/Users/a/Ayanami/code/TSP/data/classic/tsplib/kroB100.tsp,polyak,255,polyak,255,21832.800820579036,21833.210304626646,22141
/Users/a/Ayanami/code/TSP/data/classic/tsplib/kroB100.tsp,polyak,256,polyak,256,21833.202307626336,21833.210304626646,22141
/Users/a/Ayanami/code/TSP/data/classic/tsplib/kroB100.tsp,polyak,257,polyak,257,21832.80238888782,21833.210304626646,22141
/Users/a/Ayanami/code/TSP/data/classic/tsplib/kroB100.tsp,polyak,258,polyak,258,21833.200745443766,21833.210304626646,22141
/Users/a/Ayanami/code/TSP/data/classic/tsplib/kroB100.tsp,polyak,259,polyak,259,21832.803944968116,21833.210304626646,22141
/Users/a/Ayanami/code/TSP/data/classic/tsplib/kroB100.tsp,polyak,260,polyak,260,21833.51525128321,21833.51525128321,22141
/Users/a/Ayanami/code/TSP/data/classic/tsplib/kroB100.tsp,polyak,261,polyak,261,21833.487708191937,21833.51525128321,22141
/Users/a/Ayanami/code/TSP/data/classic/tsplib/kroB100.tsp,polyak,262,polyak,262,21833.515197488108,21833.51525128321,22141
/Users/a/Ayanami/code/TSP/data/classic/tsplib/kroB100.tsp,polyak,263,polyak,263,21833.487761881974,21833.51525128321,22141
/Users/a/Ayanami/code/TSP/data/classic/tsplib/kroB100.tsp,polyak,264,polyak,264,21833.51514390294,21833.51525128321,22141
/Users/a/Ayanami/code/TSP/data/classic/tsplib/kroB100.tsp,polyak,265,polyak,265,21833.487815362485,21833.51525128321,22141
/Users/a/Ayanami/code/TSP/data/classic/tsplib/kroB100.tsp,polyak,266,polyak,266,21833.515090526886,21833.51525128321,22141
/Users/a/Ayanami/code/TSP/data/classic/tsplib/kroB100.tsp,polyak,267,polyak,267,21833.487868634285,21833.51525128321,22141
/Users/a/Ayanami/code/TSP/data/classic/tsplib/kroB100.tsp,polyak,268,polyak,268,21833.515037359128,21833.51525128321,22141
/Users/a/Ayanami/code/TSP/data/classic/tsplib/kroB100.tsp,polyak,269,polyak,269,21833.487921698204,21833.51525128321,22141
/Users/a/Ayanami/code/TSP/data/classic/tsplib/kroB100.tsp,polyak,270,polyak,270,21833.514984398851,21833.51525128321,22141
/Users/a/Ayanami/code/TSP/data/classic/tsplib/kroB100.tsp,polyak,271,polyak,271,21833.487974555042,21833.51525128321,22141
/Users/a/Ayanami/code/TSP/data/classic/tsplib/kroB100.tsp,polyak,272,polyak,272,21833.514931645252,21833.51525128321,22141
/Users/a/Ayanami/code/TSP/data/classic/tsplib/kroB100.tsp,polyak,273,polyak,273,21833.488027205607,21833.51525128321,22141
/Users/a/Ayanami/code/TSP/data/classic/tsplib/kroB100.tsp,polyak,274,polyak,274,21833.827930292115,21833.827930292115,22141
/Users/a/Ayanami/code/TSP/data/classic/tsplib/kroB100.tsp,polyak,275,polyak,275,21833.673854796049,21833.827930292115,22141
/Users/a/Ayanami/code/TSP/data/classic/tsplib/kroB100.tsp,polyak,276,polyak,276,21833.827779827763,21833.827930292115,22141
/Users/a/Ayanami/code/TSP/data/classic/tsplib/kroB100.tsp,polyak,277,polyak,277,21833.674005113469,21833.827930292115,22141
/Users/a/Ayanami/code/TSP/data/classic/tsplib/kroB100.tsp,polyak,278,polyak,278,21833.827629657142,21833.827930292115,22141
/Users/a/Ayanami/code/TSP/data/classic/tsplib/kroB100.tsp,polyak,279,polyak,279,21833.674155137429,21833.827930292115,22141
/Users/a/Ayanami/code/TSP/data/classic/tsplib/kroB100.tsp,polyak,280,polyak,280,21833.827479779684,21833.827930292115,22141
/Users/a/Ayanami/code/TSP/data/classic/tsplib/kroB100.tsp,polyak,281,polyak,281,21833.674304868531,21833.827930292115,22141
/Users/a/Ayanami/code/TSP/data/classic/tsplib/kroB100.tsp,polyak,282,polyak,282,21833.827330194807,21833.827930292115,22141
/Users/a/Ayanami/code/TSP/data/classic/tsplib/kroB100.tsp,polyak,283,polyak,283,21833.674454307326,21833.827930292115,22141
/Users/a/Ayanami/code/TSP/data/classic/tsplib/kroB100.tsp,polyak,284,polyak,284,21833.82718090195,21833.827930292115,22141
/Users/a/Ayanami/code/TSP/data/classic/tsplib/kroB100.tsp,polyak,285,polyak,285,21833.67460345439,21833.827930292115,22141
/Users/a/Ayanami/code/TSP/data/classic/tsplib/kroB100.tsp,polyak,286,polyak,286,21833.827031900535,21833.827930292115,22141
/Users/a/Ayanami/code/TSP/data/classic/tsplib/kroB100.tsp,polyak,287,polyak,287,21833.674752310289,21833.827930292115,22141
/Users/a/Ayanami/code/TSP/data/classic/tsplib/kroB100.tsp,polyak,288,polyak,288,21833.835579171457,21833.835579171457,22141
/Users/a/Ayanami/code/TSP/data/classic/tsplib/kroB100.tsp,polyak,289,polyak,289,21833.915317107425,21833.915317107425,22141
/Users/a/Ayanami/code/TSP/data/classic/tsplib/kroB100.tsp,polyak,290,polyak,290,21833.83561810599,21833.915317107425,22141
/Users/a/Ayanami/code/TSP/data/classic/tsplib/kroB100.tsp,polyak,291,polyak,291,21833.915278191897,21833.915317107425,22141
/Users/a/Ayanami/code/TSP/data/classic/tsplib/kroB100.tsp,polyak,292,polyak,292,21833.835657002517,21833.915317107425,22141
/Users/a/Ayanami/code/TSP/data/classic/tsplib/kroB100.tsp,polyak,293,polyak,293,21833.915239314367,21833.915317107425,22141
/Users/a/Ayanami/code/TSP/data/classic/tsplib/kroB100.tsp,polyak,294,polyak,294,21833.835695861068,21833.915317107425,22141
/Users/a/Ayanami/code/TSP/data/classic/tsplib/kroB100.tsp,polyak,295,polyak,295,21833.915200474788,21833.915317107425,22141
/Users/a/Ayanami/code/TSP/data/classic/tsplib/kroB100.tsp,polyak,296,polyak,296,21833.835734681681,21833.915317107425,22141
/Users/a/Ayanami/code/TSP/data/classic/tsplib/kroB100.tsp,polyak,297,polyak,297,21833.915161673129,21833.915317107425,22141
/Users/a/Ayanami/code/TSP/data/classic/tsplib/kroB100.tsp,polyak,298,polyak,298,21833.835773464391,21833.915317107425,22141
/Users/a/Ayanami/code/TSP/data/classic/tsplib/kroB100.tsp,polyak,299,polyak,299,21833.915122909362,21833.915317107425,22141
/Users/a/Ayanami/code/TSP/data/classic/tsplib/kroB100.tsp,polyak,300,polyak,300,21833.835812209236,21833.915317107425,22141
/Users/a/Ayanami/code/TSP/data/classic/tsplib/kroB100.tsp,polyak,301,polyak,301,21833.915084183431,21833.915317107425,22141
/Users/a/Ayanami/code/TSP/data/classic/tsplib/kroB100.tsp,polyak,302,polyak,302,21833.835850916261,21833.915317107425,22141
/Users/a/Ayanami/code/TSP/data/classic/tsplib/kroB100.tsp,polyak,303,polyak,303,21833.956865757704,21833.956865757704,22141
/Users/a/Ayanami/code/TSP/data/classic/tsplib/kroB100.tsp,polyak,304,polyak,304,21833.918611992711,21833.956865757704,22141
/Users/a/Ayanami/code/TSP/data/classic/tsplib/kroB100.tsp,polyak,305,polyak,305,21833.956856418408,21833.956865757704,22141
/Users/a/Ayanami/code/TSP/data/classic/tsplib/kroB100.tsp,polyak,306,polyak,306,21833.918621329729,21833.956865757704,22141
/Users/a/Ayanami/code/TSP/data/classic/tsplib/kroB100.tsp,polyak,307,polyak,307,21833.956847083664,21833.956865757704,22141
/Users/a/Ayanami/code/TSP/data/classic/tsplib/kroB100.tsp,polyak,308,polyak,308,21833.918630662192,21833.956865757704,22141
/Users/a/Ayanami/code/TSP/data/classic/tsplib/kroB100.tsp,polyak,309,polyak,309,21833.956837753485,21833.956865757704,22141
/Users/a/Ayanami/code/TSP/data/classic/tsplib/kroB100.tsp,polyak,310,polyak,310,21833.918639990094,21833.956865757704,22141
/Users/a/Ayanami/code/TSP/data/classic/tsplib/kroB100.tsp,polyak,311,polyak,311,21833.956828427858,21833.956865757704,22141
/Users/a/Ayanami/code/TSP/data/classic/tsplib/kroB100.tsp,polyak,312,polyak,312,21833.91864931344,21833.956865757704,22141
/Users/a/Ayanami/code/TSP/data/classic/tsplib/kroB100.tsp,polyak,313,polyak,313,21833.956819106788,21833.956865757704,22141
/Users/a/Ayanami/code/TSP/data/classic/tsplib/kroB100.tsp,polyak,314,polyak,314,21833.918658632239,21833.956865757704,22141
/Users/a/Ayanami/code/TSP/data/classic/tsplib/kroB100.tsp,polyak,315,polyak,315,21833.956809790267,21833.956865757704,22141
/Users/a/Ayanami/code/TSP/data/classic/tsplib/kroB100.tsp,polyak,316,polyak,316,21833.918667946487,21833.956865757704,22141
/Users/a/Ayanami/code/TSP/data/classic/tsplib/kroB100.tsp,polyak,317,polyak,317,21833.962846684473,21833.962846684473,22141
/Users/a/Ayanami/code/TSP/data/classic/tsplib/kroB100.tsp,polyak,318,polyak,318,21833.974892920829,21833.974892920829,22141
/Users/a/Ayanami/code/TSP/data/classic/tsplib/kroB100.tsp,polyak,319,polyak,319,21833.962848154963,21833.974892920829,22141
/Users/a/Ayanami/code/TSP/data/classic/tsplib/kroB100.tsp,polyak,320,polyak,320,21833.974891450511,21833.974892920829,22141
/Users/a/Ayanami/code/TSP/data/classic/tsplib/kroB100.tsp,polyak,321,polyak,321,21833.962849625092,21833.974892920829,22141
/Users/a/Ayanami/code/TSP/data/classic/tsplib/kroB100.tsp,polyak,322,polyak,322,21833.974889980571,21833.974892920829,22141
/Users/a/Ayanami/code/TSP/data/classic/tsplib/kroB100.tsp,polyak,323,polyak,323,21833.962851094861,21833.974892920829,22141
/Users/a/Ayanami/code/TSP/data/classic/tsplib/kroB100.tsp,polyak,324,polyak,324,21833.974888510973,21833.974892920829,22141
/Users/a/Ayanami/code/TSP/data/classic/tsplib/kroB100.tsp,polyak,325,polyak,325,21833.962852564269,21833.974892920829,22141
/Users/a/Ayanami/code/TSP/data/classic/tsplib/kroB100.tsp,polyak,326,polyak,326,21833.974887041739,21833.974892920829,22141
/Users/a/Ayanami/code/TSP/data/classic/tsplib/kroB100.tsp,polyak,327,polyak,327,21833.962854033321,21833.974892920829,22141
/Users/a/Ayanami/code/TSP/data/classic/tsplib/kroB100.tsp,polyak,328,polyak,328,21833.974885572872,21833.974892920829,22141
/Users/a/Ayanami/code/TSP/data/classic/tsplib/kroB100.tsp,polyak,329,polyak,329,21833.962855502017,21833.974892920829,22141
/Users/a/Ayanami/code/TSP/data/classic/tsplib/kroB100.tsp,polyak,330,polyak,330,21833.974884104355,21833.974892920829,22141
/Users/a/Ayanami/code/TSP/data/classic/tsplib/kroB100.tsp,polyak,331,polyak,331,21833.962856970349,21833.974892920829,22141
/Users/a/Ayanami/code/TSP/data/classic/tsplib/kroB100.tsp,polyak,332,polyak,332,21833.988304254974,21833.988304254974,22141
/Users/a/Ayanami/code/TSP/data/classic/tsplib/kroB100.tsp,polyak,333,polyak,333,21833.980567101476,21833.988304254974,22141
/Users/a/Ayanami/code/TSP/data/classic/tsplib/kroB100.tsp,polyak,334,polyak,334,21833.988303782739,21833.988304254974,22141
/Users/a/Ayanami/code/TSP/data/classic/tsplib/kroB100.tsp,polyak,335,polyak,335,21833.980567573679,21833.988304254974,22141
/Users/a/Ayanami/code/TSP/data/classic/tsplib/kroB100.tsp,polyak,336,polyak,336,21833.988303310558,21833.988304254974,22141
/Users/a/Ayanami/code/TSP/data/classic/tsplib/kroB100.tsp,polyak,337,polyak,337,21833.980568045838,21833.988304254974,22141
/Users/a/Ayanami/code/TSP/data/classic/tsplib/kroB100.tsp,polyak,338,polyak,338,21833.988302838432,21833.988304254974,22141
/Users/a/Ayanami/code/TSP/data/classic/tsplib/kroB100.tsp,polyak,339,polyak,339,21833.980568517931,21833.988304254974,22141
/Users/a/Ayanami/code/TSP/data/classic/tsplib/kroB100.tsp,polyak,340,polyak,340,21833.988302366368,21833.988304254974,22141
/Users/a/Ayanami/code/TSP/data/classic/tsplib/kroB100.tsp,polyak,341,polyak,341,21833.980568989966,21833.988304254974,22141
/Users/a/Ayanami/code/TSP/data/classic/tsplib/kroB100.tsp,polyak,342,polyak,342,21833.988301894358,21833.988304254974,22141
/Users/a/Ayanami/code/TSP/data/classic/tsplib/kroB100.tsp,polyak,343,polyak,343,21833.980569461943,21833.988304254974,22141
/Users/a/Ayanami/code/TSP/data/classic/tsplib/kroB100.tsp,polyak,344,polyak,344,21833.988301422411,21833.988304254974,22141
/Users/a/Ayanami/code/TSP/data/classic/tsplib/kroB100.tsp,polyak,345,polyak,345,21833.980569933861,21833.988304254974,22141
/Users/a/Ayanami/code/TSP/data/classic/tsplib/kroB100.tsp,polyak,346,polyak,346,21833.994237444109,21833.994237444109,22141
/Users/a/Ayanami/code/TSP/data/classic/tsplib/kroB100.tsp,polyak,347,polyak,347,21833.99019841518,21833.994237444109,22141
/Users/a/Ayanami/code/TSP/data/classic/tsplib/kroB100.tsp,polyak,348,polyak,348,21833.994237320847,21833.994237444109,22141
/Users/a/Ayanami/code/TSP/data/classic/tsplib/kroB100.tsp,polyak,349,polyak,349,21833.990198538439,21833.994237444109,22141
/Users/a/Ayanami/code/TSP/data/classic/tsplib/kroB100.tsp,polyak,350,polyak,350,21833.994237197589,21833.994237444109,22141
/Users/a/Ayanami/code/TSP/data/classic/tsplib/kroB100.tsp,polyak,351,polyak,351,21833.990198661686,21833.994237444109,22141
/Users/a/Ayanami/code/TSP/data/classic/tsplib/kroB100.tsp,polyak,352,polyak,352,21833.994237074348,21833.994237444109,22141
/Users/a/Ayanami/code/TSP/data/classic/tsplib/kroB100.tsp,polyak,353,polyak,353,21833.990198784926,21833.994237444109,22141
/Users/a/Ayanami/code/TSP/data/classic/tsplib/kroB100.tsp,polyak,354,polyak,354,21833.994236951108,21833.994237444109,22141
/Users/a/Ayanami/code/TSP/data/classic/tsplib/kroB100.tsp,polyak,355,polyak,355,21833.990198908163,21833.994237444109,22141
/Users/a/Ayanami/code/TSP/data/classic/tsplib/kroB100.tsp,polyak,356,polyak,356,21833.994236827875,21833.994237444109,22141
/Users/a/Ayanami/code/TSP/data/classic/tsplib/kroB100.tsp,polyak,357,polyak,357,21833.990199031392,21833.994237444109,22141
/Users/a/Ayanami/code/TSP/data/classic/tsplib/kroB100.tsp,polyak,358,polyak,358,21833.99423670465,21833.994237444109,22141
/Users/a/Ayanami/code/TSP/data/classic/tsplib/kroB100.tsp,polyak,359,polyak,359,21833.990199154614,21833.994237444109,22141
/Users/a/Ayanami/code/TSP/data/classic/tsplib/kroB100.tsp,polyak,360,polyak,360,21833.996428139028,21833.996428139028,22141
/Users/a/Ayanami/code/TSP/data/classic/tsplib/kroB100.tsp,polyak,361,polyak,361,21833.995789824035,21833.996428139028,22141
/Users/a/Ayanami/code/TSP/data/classic/tsplib/kroB100.tsp,polyak,362,polyak,362,21833.996428129289,21833.996428139028,22141
/Users/a/Ayanami/code/TSP/data/classic/tsplib/kroB100.tsp,polyak,363,polyak,363,21833.995789833778,21833.996428139028,22141
/Users/a/Ayanami/code/TSP/data/classic/tsplib/kroB100.tsp,polyak,364,polyak,364,21833.99642811955,21833.996428139028,22141
/Users/a/Ayanami/code/TSP/data/classic/tsplib/kroB100.tsp,polyak,365,polyak,365,21833.995789843517,21833.996428139028,22141
/Users/a/Ayanami/code/TSP/data/classic/tsplib/kroB100.tsp,polyak,366,polyak,366,21833.996428109807,21833.996428139028,22141
/Users/a/Ayanami/code/TSP/data/classic/tsplib/kroB100.tsp,polyak,367,polyak,367,21833.995789853252,21833.996428139028,22141
/Users/a/Ayanami/code/TSP/data/classic/tsplib/kroB100.tsp,polyak,368,polyak,368,21833.996428100068,21833.996428139028,22141
/Users/a/Ayanami/code/TSP/data/classic/tsplib/kroB100.tsp,polyak,369,polyak,369,21833.995789862991,21833.996428139028,22141
/Users/a/Ayanami/code/TSP/data/classic/tsplib/kroB100.tsp,polyak,370,polyak,370,21833.99642809033,21833.996428139028,22141
/Users/a/Ayanami/code/TSP/data/classic/tsplib/kroB100.tsp,polyak,371,polyak,371,21833.99578987273,21833.996428139028,22141
/Users/a/Ayanami/code/TSP/data/classic/tsplib/kroB100.tsp,polyak,372,polyak,372,21833.996428080594,21833.996428139028,22141
/Users/a/Ayanami/code/TSP/data/classic/tsplib/kroB100.tsp,helsgaun,1,helsgaun,1,19499,19499,22141
/Users/a/Ayanami/code/TSP/data/classic/tsplib/kroB100.tsp,helsgaun,2,helsgaun,2,19537,19537,22141
/Users/a/Ayanami/code/TSP/data/classic/tsplib/kroB100.tsp,helsgaun,3,helsgaun,3,19609.200000000001,19609.200000000001,22141
/Users/a/Ayanami/code/TSP/data/classic/tsplib/kroB100.tsp,helsgaun,4,helsgaun,4,19747.599999999999,19747.599999999999,22141
/Users/a/Ayanami/code/TSP/data/classic/tsplib/kroB100.tsp,helsgaun,5,helsgaun,5,19976.599999999999,19976.599999999999,22141
/Users/a/Ayanami/code/TSP/data/classic/tsplib/kroB100.tsp,helsgaun,6,helsgaun,6,20326.800000000003,20326.800000000003,22141
/Users/a/Ayanami/code/TSP/data/classic/tsplib/kroB100.tsp,helsgaun,7,helsgaun,7,20533.599999999995,20533.599999999995,22141
/Users/a/Ayanami/code/TSP/data/classic/tsplib/kroB100.tsp,helsgaun,8,helsgaun,8,20477.199999999997,20533.599999999995,22141
/Users/a/Ayanami/code/TSP/data/classic/tsplib/kroB100.tsp,helsgaun,9,helsgaun,9,20439.799999999996,20533.599999999995,22141
/Users/a/Ayanami/code/TSP/data/classic/tsplib/kroB100.tsp,helsgaun,10,helsgaun,10,20521.599999999995,20533.599999999995,22141
/Users/a/Ayanami/code/TSP/data/classic/tsplib/kroB100.tsp,helsgaun,11,helsgaun,11,20523.399999999994,20533.599999999995,22141
/Users/a/Ayanami/code/TSP/data/classic/tsplib/kroB100.tsp,helsgaun,12,helsgaun,12,20359.399999999994,20533.599999999995,22141
/Users/a/Ayanami/code/TSP/data/classic/tsplib/kroB100.tsp,helsgaun,13,helsgaun,13,20882,20882,22141
/Users/a/Ayanami/code/TSP/data/classic/tsplib/kroB100.tsp,helsgaun,14,helsgaun,14,20465.199999999997,20882,22141
/Users/a/Ayanami/code/TSP/data/classic/tsplib/kroB100.tsp,helsgaun,15,helsgaun,15,20504.999999999996,20882,22141
/Users/a/Ayanami/code/TSP/data/classic/tsplib/kroB100.tsp,helsgaun,16,helsgaun,16,20472.200000000004,20882,22141
/Users/a/Ayanami/code/TSP/data/classic/tsplib/kroB100.tsp,helsgaun,17,helsgaun,17,20243.799999999999,20882,22141
/Users/a/Ayanami/code/TSP/data/classic/tsplib/kroB100.tsp,helsgaun,18,helsgaun,18,20639.200000000001,20882,22141
/Users/a/Ayanami/code/TSP/data/classic/tsplib/kroB100.tsp,helsgaun,19,helsgaun,19,20671.799999999999,20882,22141
/Users/a/Ayanami/code/TSP/data/classic/tsplib/kroB100.tsp,helsgaun,20,helsgaun,20,20532.799999999999,20882,22141
/Users/a/Ayanami/code/TSP/data/classic/tsplib/kroB100.tsp,helsgaun,21,helsgaun,21,20641.800000000007,20882,22141
/Users/a/Ayanami/code/TSP/data/classic/tsplib/kroB100.tsp,helsgaun,22,helsgaun,22,20751.799999999999,20882,22141
/Users/a/Ayanami/code/TSP/data/classic/tsplib/kroB100.tsp,helsgaun,23,helsgaun,23,20613.400000000001,20882,22141
/Users/a/Ayanami/code/TSP/data/classic/tsplib/kroB100.tsp,helsgaun,24,helsgaun,24,20725.600000000006,20882,22141
/Users/a/Ayanami/code/TSP/data/classic/tsplib/kroB100.tsp,helsgaun,25,helsgaun,25,20367.999999999993,20882,22141
/Users/a/Ayanami/code/TSP/data/classic/tsplib/kroB100.tsp,helsgaun,26,helsgaun,26,20299.999999999993,20882,22141
/Users/a/Ayanami/code/TSP/data/classic/tsplib/kroB100.tsp,helsgaun,27,helsgaun,27,20450.600000000002,20882,22141
/Users/a/Ayanami/code/TSP/data/classic/tsplib/kroB100.tsp,helsgaun,28,helsgaun,28,20771.200000000004,20882,22141
/Users/a/Ayanami/code/TSP/data/classic/tsplib/kroB100.tsp,helsgaun,29,helsgaun,29,20925.000000000007,20925.000000000007,22141
/Users/a/Ayanami/code/TSP/data/classic/tsplib/kroB100.tsp,helsgaun,30,helsgaun,30,20795.799999999999,20925.000000000007,22141
/Users/a/Ayanami/code/TSP/data/classic/tsplib/kroB100.tsp,helsgaun,31,helsgaun,31,20652.200000000001,20925.000000000007,22141
/Users/a/Ayanami/code/TSP/data/classic/tsplib/kroB100.tsp,helsgaun,32,helsgaun,32,20816.000000000004,20925.000000000007,22141
/Users/a/Ayanami/code/TSP/data/classic/tsplib/kroB100.tsp,helsgaun,33,helsgaun,33,20814.200000000001,20925.000000000007,22141
/Users/a/Ayanami/code/TSP/data/classic/tsplib/kroB100.tsp,helsgaun,34,helsgaun,34,20379.799999999996,20925.000000000007,22141
/Users/a/Ayanami/code/TSP/data/classic/tsplib/kroB100.tsp,helsgaun,35,helsgaun,35,20682.800000000007,20925.000000000007,22141
/Users/a/Ayanami/code/TSP/data/classic/tsplib/kroB100.tsp,helsgaun,36,helsgaun,36,20804.000000000007,20925.000000000007,22141
/Users/a/Ayanami/code/TSP/data/classic/tsplib/kroB100.tsp,helsgaun,37,helsgaun,37,20765.200000000004,20925.000000000007,22141
/Users/a/Ayanami/code/TSP/data/classic/tsplib/kroB100.tsp,helsgaun,38,helsgaun,38,20519.599999999995,20925.000000000007,22141
/Users/a/Ayanami/code/TSP/data/classic/tsplib/kroB100.tsp,helsgaun,39,helsgaun,39,20740.600000000006,20925.000000000007,22141
/Users/a/Ayanami/code/TSP/data/classic/tsplib/kroB100.tsp,helsgaun,40,helsgaun,40,20628.000000000007,20925.000000000007,22141
/Users/a/Ayanami/code/TSP/data/classic/tsplib/kroB100.tsp,helsgaun,41,helsgaun,41,20629.200000000008,20925.000000000007,22141
/Users/a/Ayanami/code/TSP/data/classic/tsplib/kroB100.tsp,helsgaun,42,helsgaun,42,20790.599999999999,20925.000000000007,22141
/Users/a/Ayanami/code/TSP/data/classic/tsplib/kroB100.tsp,helsgaun,43,helsgaun,43,20541.000000000004,20925.000000000007,22141
/Users/a/Ayanami/code/TSP/data/classic/tsplib/kroB100.tsp,helsgaun,44,helsgaun,44,20292.000000000004,20925.000000000007,22141
/Users/a/Ayanami/code/TSP/data/classic/tsplib/kroB100.tsp,helsgaun,45,helsgaun,45,20689.400000000001,20925.000000000007,22141
/Users/a/Ayanami/code/TSP/data/classic/tsplib/kroB100.tsp,helsgaun,46,helsgaun,46,20640.399999999998,20925.000000000007,22141
/Users/a/Ayanami/code/TSP/data/classic/tsplib/kroB100.tsp,helsgaun,47,helsgaun,47,21076.599999999999,21076.599999999999,22141
/Users/a/Ayanami/code/TSP/data/classic/tsplib/kroB100.tsp,helsgaun,48,helsgaun,48,20777.400000000001,21076.599999999999,22141
/Users/a/Ayanami/code/TSP/data/classic/tsplib/kroB100.tsp,helsgaun,49,helsgaun,49,20961.999999999996,21076.599999999999,22141
/Users/a/Ayanami/code/TSP/data/classic/tsplib/kroB100.tsp,helsgaun,50,helsgaun,50,20676.400000000001,21076.599999999999,22141
/Users/a/Ayanami/code/TSP/data/classic/tsplib/kroB100.tsp,helsgaun,51,helsgaun,51,20737.800000000007,21076.599999999999,22141
/Users/a/Ayanami/code/TSP/data/classic/tsplib/kroB100.tsp,helsgaun,52,helsgaun,52,21066.399999999998,21076.599999999999,22141
/Users/a/Ayanami/code/TSP/data/classic/tsplib/kroB100.tsp,helsgaun,53,helsgaun,53,21350.200000000004,21350.200000000004,22141
/Users/a/Ayanami/code/TSP/data/classic/tsplib/kroB100.tsp,helsgaun,54,helsgaun,54,21404.400000000005,21404.400000000005,22141
/Users/a/Ayanami/code/TSP/data/classic/tsplib/kroB100.tsp,helsgaun,55,helsgaun,55,21394,21404.400000000005,22141
/Users/a/Ayanami/code/TSP/data/classic/tsplib/kroB100.tsp,helsgaun,56,helsgaun,56,21406.200000000008,21406.200000000008,22141
/Users/a/Ayanami/code/TSP/data/classic/tsplib/kroB100.tsp,helsgaun,57,helsgaun,57,21546.800000000007,21546.800000000007,22141
/Users/a/Ayanami/code/TSP/data/classic/tsplib/kroB100.tsp,helsgaun,58,helsgaun,58,21429.000000000004,21546.800000000007,22141
/Users/a/Ayanami/code/TSP/data/classic/tsplib/kroB100.tsp,helsgaun,59,helsgaun,59,21493.000000000004,21546.800000000007,22141
/Users/a/Ayanami/code/TSP/data/classic/tsplib/kroB100.tsp,helsgaun,60,helsgaun,60,21455.400000000009,21546.800000000007,22141
/Users/a/Ayanami/code/TSP/data/classic/tsplib/kroB100.tsp,helsgaun,61,helsgaun,61,21550.000000000004,21550.000000000004,22141
/Users/a/Ayanami/code/TSP/data/classic/tsplib/kroB100.tsp,helsgaun,62,helsgaun,62,21396.200000000004,21550.000000000004,22141
/Users/a/Ayanami/code/TSP/data/classic/tsplib/kroB100.tsp,helsgaun,63,helsgaun,63,21578.000000000004,21578.000000000004,22141
/Users/a/Ayanami/code/TSP/data/classic/tsplib/kroB100.tsp,helsgaun,64,helsgaun,64,21345.200000000008,21578.000000000004,22141
/Users/a/Ayanami/code/TSP/data/classic/tsplib/kroB100.tsp,helsgaun,65,helsgaun,65,21533.000000000004,21578.000000000004,22141
/Users/a/Ayanami/code/TSP/data/classic/tsplib/kroB100.tsp,helsgaun,66,helsgaun,66,21469.200000000001,21578.000000000004,22141
/Users/a/Ayanami/code/TSP/data/classic/tsplib/kroB100.tsp,helsgaun,67,helsgaun,67,21467.000000000007,21578.000000000004,22141
/Users/a/Ayanami/code/TSP/data/classic/tsplib/kroB100.tsp,helsgaun,68,helsgaun,68,21436.200000000004,21578.000000000004,22141
/Users/a/Ayanami/code/TSP/data/classic/tsplib/kroB100.tsp,helsgaun,69,helsgaun,69,21354.600000000002,21578.000000000004,22141
/Users/a/Ayanami/code/TSP/data/classic/tsplib/kroB100.tsp,helsgaun,70,helsgaun,70,21499.400000000005,21578.000000000004,22141
/Users/a/Ayanami/code/TSP/data/classic/tsplib/kroB100.tsp,helsgaun,71,helsgaun,71,21367.800000000007,21578.000000000004,22141
/Users/a/Ayanami/code/TSP/data/classic/tsplib/kroB100.tsp,helsgaun,72,helsgaun,72,21440.200000000004,21578.000000000004,22141
/Users/a/Ayanami/code/TSP/data/classic/tsplib/kroB100.tsp,helsgaun,73,helsgaun,73,21460.600000000002,21578.000000000004,22141
/Users/a/Ayanami/code/TSP/data/classic/tsplib/kroB100.tsp,helsgaun,74,helsgaun,74,21501.800000000003,21578.000000000004,22141
/Users/a/Ayanami/code/TSP/data/classic/tsplib/kroB100.tsp,helsgaun,75,helsgaun,75,21388.799999999999,21578.000000000004,22141
/Users/a/Ayanami/code/TSP/data/classic/tsplib/kroB100.tsp,helsgaun,76,helsgaun,76,21470.600000000009,21578.000000000004,22141
/Users/a/Ayanami/code/TSP/data/classic/tsplib/kroB100.tsp,helsgaun,77,helsgaun,77,21594.200000000004,21594.200000000004,22141
/Users/a/Ayanami/code/TSP/data/classic/tsplib/kroB100.tsp,helsgaun,78,helsgaun,78,21697.400000000005,21697.400000000005,22141
/Users/a/Ayanami/code/TSP/data/classic/tsplib/kroB100.tsp,helsgaun,79,helsgaun,79,21693.000000000007,21697.400000000005,22141
/Users/a/Ayanami/code/TSP/data/classic/tsplib/kroB100.tsp,helsgaun,80,helsgaun,80,21712.000000000004,21712.000000000004,22141
/Users/a/Ayanami/code/TSP/data/classic/tsplib/kroB100.tsp,helsgaun,81,helsgaun,81,21696.200000000012,21712.000000000004,22141
/Users/a/Ayanami/code/TSP/data/classic/tsplib/kroB100.tsp,helsgaun,82,helsgaun,82,21722.599999999995,21722.599999999995,22141
/Users/a/Ayanami/code/TSP/data/classic/tsplib/kroB100.tsp,helsgaun,83,helsgaun,83,21690.999999999996,21722.599999999995,22141
/Users/a/Ayanami/code/TSP/data/classic/tsplib/kroB100.tsp,helsgaun,84,helsgaun,84,21719.999999999996,21722.599999999995,22141
/Users/a/Ayanami/code/TSP/data/classic/tsplib/kroB100.tsp,helsgaun,85,helsgaun,85,21696.000000000011,21722.599999999995,22141
/Users/a/Ayanami/code/TSP/data/classic/tsplib/kroB100.tsp,helsgaun,86,helsgaun,86,21718.599999999999,21722.599999999995,22141
/Users/a/Ayanami/code/TSP/data/classic/tsplib/kroB100.tsp,helsgaun,87,helsgaun,87,21677.799999999999,21722.599999999995,22141
/Users/a/Ayanami/code/TSP/data/classic/tsplib/kroB100.tsp,helsgaun,88,helsgaun,88,21708.200000000008,21722.599999999995,22141
/Users/a/Ayanami/code/TSP/data/classic/tsplib/kroB100.tsp,helsgaun,89,helsgaun,89,21749.599999999999,21749.599999999999,22141
/Users/a/Ayanami/code/TSP/data/classic/tsplib/kroB100.tsp,helsgaun,90,helsgaun,90,21773.400000000001,21773.400000000001,22141
/Users/a/Ayanami/code/TSP/data/classic/tsplib/kroB100.tsp,helsgaun,91,helsgaun,91,21765.599999999999,21773.400000000001,22141
/Users/a/Ayanami/code/TSP/data/classic/tsplib/kroB100.tsp,helsgaun,92,helsgaun,92,21769.599999999995,21773.400000000001,22141
/Users/a/Ayanami/code/TSP/data/classic/tsplib/kroB100.tsp,helsgaun,93,helsgaun,93,21765.600000000002,21773.400000000001,22141
/Users/a/Ayanami/code/TSP/data/classic/tsplib/kroB100.tsp,helsgaun,94,helsgaun,94,21782.400000000001,21782.400000000001,22141
/Users/a/Ayanami/code/TSP/data/classic/tsplib/kroB100.tsp,helsgaun,95,helsgaun,95,21785.599999999995,21785.599999999995,22141
/Users/a/Ayanami/code/TSP/data/classic/tsplib/kroB100.tsp,helsgaun,96,helsgaun,96,21787.399999999994,21787.399999999994,22141
/Users/a/Ayanami/code/TSP/data/classic/tsplib/kroB100.tsp,helsgaun,97,helsgaun,97,21792.799999999999,21792.799999999999,22141
/Users/a/Ayanami/code/TSP/data/classic/tsplib/kroB100.tsp,helsgaun,98,helsgaun,98,21800.199999999997,21800.199999999997,22141
/Users/a/Ayanami/code/TSP/data/classic/tsplib/kroB100.tsp,helsgaun,99,helsgaun,99,21800.799999999996,21800.799999999996,22141
/Users/a/Ayanami/code/TSP/data/classic/tsplib/kroB100.tsp,helsgaun,100,helsgaun,100,21804.199999999993,21804.199999999993,22141
/Users/a/Ayanami/code/TSP/data/classic/tsplib/kroB100.tsp,helsgaun,101,helsgaun,101,21806.399999999998,21806.399999999998,22141
/Users/a/Ayanami/code/TSP/data/classic/tsplib/kroB100.tsp,helsgaun,102,helsgaun,102,21807.499999999996,21807.499999999996,22141
/Users/a/Ayanami/code/TSP/data/classic/tsplib/kroB100.tsp,helsgaun,103,helsgaun,103,21808.499999999996,21808.499999999996,22141
/Users/a/Ayanami/code/TSP/data/classic/tsplib/kroB100.tsp,helsgaun,104,helsgaun,104,21808.724999999999,21808.724999999999,22141
/Users/a/Ayanami/code/TSP/data/classic/tsplib/kroB100.tsp,helsgaun,105,helsgaun,105,21808.674999999999,21808.724999999999,22141
/Users/a/Ayanami/code/TSP/data/classic/tsplib/kroB100.tsp,helsgaun,106,helsgaun,106,21809.125000000004,21809.125000000004,22141
/Users/a/Ayanami/code/TSP/data/classic/tsplib/kroB100.tsp,helsgaun,107,helsgaun,107,21809.374999999996,21809.374999999996,22141
/Users/a/Ayanami/code/TSP/data/classic/tsplib/kroB100.tsp,helsgaun,108,helsgaun,108,21809.556249999998,21809.556249999998,22141
/Users/a/Ayanami/code/TSP/data/classic/tsplib/kroB100.tsp,helsgaun,109,helsgaun,109,21809.706249999999,21809.706249999999,22141
/Users/a/Ayanami/code/TSP/data/classic/tsplib/kroB100.tsp,helsgaun,110,helsgaun,110,21809.725000000002,21809.725000000002,22141
/Users/a/Ayanami/code/TSP/data/classic/tsplib/kroB100.tsp,helsgaun,111,helsgaun,111,21809.818749999999,21809.818749999999,22141
/Users/a/Ayanami/code/TSP/data/classic/tsplib/kroB100.tsp,helsgaun,112,helsgaun,112,21809.842187499999,21809.842187499999,22141
/Users/a/Ayanami/code/TSP/data/classic/tsplib/kroB100.tsp,helsgaun,113,helsgaun,113,21809.867187499996,21809.867187499996,22141
/Users/a/Ayanami/code/TSP/data/classic/tsplib/kroB100.tsp,helsgaun,114,helsgaun,114,21809.876562500001,21809.876562500001,22141
/Users/a/Ayanami/code/TSP/data/classic/tsplib/kroB100.tsp,helsgaun,115,helsgaun,115,21809.904687499999,21809.904687499999,22141
/Users/a/Ayanami/code/TSP/data/classic/tsplib/kroB100.tsp,helsgaun,116,helsgaun,116,21809.908203124996,21809.908203124996,22141
/Users/a/Ayanami/code/TSP/data/classic/tsplib/kroB100.tsp,helsgaun,117,helsgaun,117,21809.911718749994,21809.911718749994,22141
/Users/a/Ayanami/code/TSP/data/classic/tsplib/kroB100.tsp,helsgaun,118,helsgaun,118,21809.913476562499,21809.913476562499,22141
/Users/a/Ayanami/code/TSP/data/classic/tsplib/kroB100.tsp,helsgaun,119,helsgaun,119,21809.921093749999,21809.921093749999,22141
/Users/a/Ayanami/code/TSP/data/classic/tsplib/kroB100.tsp,helsgaun,120,helsgaun,120,21809.922851562496,21809.922851562496,22141
/Users/a/Ayanami/code/TSP/data/classic/tsplib/kroB100.tsp,helsgaun,121,helsgaun,121,21809.924316406246,21809.924316406246,22141
/Users/a/Ayanami/code/TSP/data/classic/tsplib/kroB100.tsp,helsgaun,122,helsgaun,122,21809.924755859374,21809.924755859374,22141
/Users/a/Ayanami/code/TSP/data/classic/tsplib/kroB100.tsp,helsgaun,123,helsgaun,123,21809.926660156249,21809.926660156249,22141
/Users/a/Ayanami/code/TSP/data/classic/tsplib/kroB100.tsp,helsgaun,124,helsgaun,124,21809.926660156249,21809.926660156249,22141
/Users/a/Ayanami/code/TSP/data/classic/tsplib/kroB100.tsp,helsgaun,125,helsgaun,125,21809.92739257812,21809.92739257812,22141
/Users/a/Ayanami/code/TSP/data/classic/tsplib/kroB100.tsp,hybrid,1,polyak,1,19499,19499,22141
/Users/a/Ayanami/code/TSP/data/classic/tsplib/kroB100.tsp,hybrid,2,polyak,2,16562.631578947367,19499,22141
/Users/a/Ayanami/code/TSP/data/classic/tsplib/kroB100.tsp,hybrid,3,polyak,3,18658.842105263153,19499,22141
/Users/a/Ayanami/code/TSP/data/classic/tsplib/kroB100.tsp,hybrid,4,polyak,4,18387.503639760347,19499,22141
/Users/a/Ayanami/code/TSP/data/classic/tsplib/kroB100.tsp,hybrid,5,polyak,5,18869.474489467233,19499,22141
/Users/a/Ayanami/code/TSP/data/classic/tsplib/kroB100.tsp,hybrid,6,polyak,6,19046.725991169227,19499,22141
/Users/a/Ayanami/code/TSP/data/classic/tsplib/kroB100.tsp,hybrid,7,polyak,7,19620.479408080817,19620.479408080817,22141
/Users/a/Ayanami/code/TSP/data/classic/tsplib/kroB100.tsp,hybrid,8,polyak,8,19582.037799801314,19620.479408080817,22141
/Users/a/Ayanami/code/TSP/data/classic/tsplib/kroB100.tsp,hybrid,9,polyak,9,19849.552527674408,19849.552527674408,22141
/Users/a/Ayanami/code/TSP/data/classic/tsplib/kroB100.tsp,hybrid,10,polyak,10,20094.399879942681,20094.399879942681,22141
/Users/a/Ayanami/code/TSP/data/classic/tsplib/kroB100.tsp,hybrid,11,polyak,11,19482.067083238817,20094.399879942681,22141
/Users/a/Ayanami/code/TSP/data/classic/tsplib/kroB100.tsp,hybrid,12,polyak,12,19944.624633572621,20094.399879942681,22141
/Users/a/Ayanami/code/TSP/data/classic/tsplib/kroB100.tsp,hybrid,13,polyak,13,20207.267698692049,20207.267698692049,22141
/Users/a/Ayanami/code/TSP/data/classic/tsplib/kroB100.tsp,hybrid,14,polyak,14,19995.20314839248,20207.267698692049,22141
/Users/a/Ayanami/code/TSP/data/classic/tsplib/kroB100.tsp,hybrid,15,polyak,15,20269.943126583054,20269.943126583054,22141
/Users/a/Ayanami/code/TSP/data/classic/tsplib/kroB100.tsp,hybrid,16,polyak,16,19868.681090500741,20269.943126583054,22141
/Users/a/Ayanami/code/TSP/data/classic/tsplib/kroB100.tsp,hybrid,17,polyak,17,19755.068717754039,20269.943126583054,22141
/Users/a/Ayanami/code/TSP/data/classic/tsplib/kroB100.tsp,hybrid,18,polyak,18,19791.015836208127,20269.943126583054,22141
/Users/a/Ayanami/code/TSP/data/classic/tsplib/kroB100.tsp,hybrid,19,polyak,19,20119.518949351354,20269.943126583054,22141
/Users/a/Ayanami/code/TSP/data/classic/tsplib/kroB100.tsp,hybrid,20,polyak,20,20567.34456747217,20567.34456747217,22141
/Users/a/Ayanami/code/TSP/data/classic/tsplib/kroB100.tsp,hybrid,21,polyak,21,19785.217321839649,20567.34456747217,22141
/Users/a/Ayanami/code/TSP/data/classic/tsplib/kroB100.tsp,hybrid,22,polyak,22,19859.015827822142,20567.34456747217,22141
/Users/a/Ayanami/code/TSP/data/classic/tsplib/kroB100.tsp,hybrid,23,polyak,23,19634.41952886209,20567.34456747217,22141
/Users/a/Ayanami/code/TSP/data/classic/tsplib/kroB100.tsp,hybrid,24,polyak,24,19756.948361274943,20567.34456747217,22141
/Users/a/Ayanami/code/TSP/data/classic/tsplib/kroB100.tsp,hybrid,25,polyak,25,19981.52627182076,20567.34456747217,22141
/Users/a/Ayanami/code/TSP/data/classic/tsplib/kroB100.tsp,hybrid,26,polyak,26,19962.823551282785,20567.34456747217,22141
/Users/a/Ayanami/code/TSP/data/classic/tsplib/kroB100.tsp,hybrid,27,polyak,27,20021.975577423782,20567.34456747217,22141
/Users/a/Ayanami/code/TSP/data/classic/tsplib/kroB100.tsp,hybrid,28,polyak,28,19885.700462158777,20567.34456747217,22141
/Users/a/Ayanami/code/TSP/data/classic/tsplib/kroB100.tsp,hybrid,29,polyak,29,19631.163283273359,20567.34456747217,22141
/Users/a/Ayanami/code/TSP/data/classic/tsplib/kroB100.tsp,hybrid,30,polyak,30,20353.87758462381,20567.34456747217,22141
/Users/a/Ayanami/code/TSP/data/classic/tsplib/kroB100.tsp,hybrid,31,polyak,31,20070.92410366761,20567.34456747217,22141
/Users/a/Ayanami/code/TSP/data/classic/tsplib/kroB100.tsp,hybrid,32,polyak,32,20129.865890069417,20567.34456747217,22141
/Users/a/Ayanami/code/TSP/data/classic/tsplib/kroB100.tsp,hybrid,33,polyak,33,19512.962180855811,20567.34456747217,22141
/Users/a/Ayanami/code/TSP/data/classic/tsplib/kroB100.tsp,hybrid,34,polyak,34,20765.01583588299,20765.01583588299,22141
/Users/a/Ayanami/code/TSP/data/classic/tsplib/kroB100.tsp,hybrid,35,polyak,35,21097.790787534297,21097.790787534297,22141
/Users/a/Ayanami/code/TSP/data/classic/tsplib/kroB100.tsp,hybrid,36,polyak,36,21211.599758828863,21211.599758828863,22141
/Users/a/Ayanami/code/TSP/data/classic/tsplib/kroB100.tsp,hybrid,37,polyak,37,21442.062813022545,21442.062813022545,22141
/Users/a/Ayanami/code/TSP/data/classic/tsplib/kroB100.tsp,hybrid,38,polyak,38,21183.878111784168,21442.062813022545,22141
/Users/a/Ayanami/code/TSP/data/classic/tsplib/kroB100.tsp,hybrid,39,polyak,39,21397.38877286272,21442.062813022545,22141
/Users/a/Ayanami/code/TSP/data/classic/tsplib/kroB100.tsp,hybrid,40,polyak,40,21496.466593226993,21496.466593226993,22141
/Users/a/Ayanami/code/TSP/data/classic/tsplib/kroB100.tsp,hybrid,41,polyak,41,21423.701264112911,21496.466593226993,22141
/Users/a/Ayanami/code/TSP/data/classic/tsplib/kroB100.tsp,hybrid,42,polyak,42,21322.068912186809,21496.466593226993,22141
/Users/a/Ayanami/code/TSP/data/classic/tsplib/kroB100.tsp,hybrid,43,polyak,43,21430.41727466333,21496.466593226993,22141
/Users/a/Ayanami/code/TSP/data/classic/tsplib/kroB100.tsp,hybrid,44,polyak,44,21347.130905930579,21496.466593226993,22141
/Users/a/Ayanami/code/TSP/data/classic/tsplib/kroB100.tsp,hybrid,45,polyak,45,21472.111326940667,21496.466593226993,22141
/Users/a/Ayanami/code/TSP/data/classic/tsplib/kroB100.tsp,hybrid,46,polyak,46,21442.872847154315,21496.466593226993,22141
/Users/a/Ayanami/code/TSP/data/classic/tsplib/kroB100.tsp,hybrid,47,polyak,47,21349.803528985238,21496.466593226993,22141
/Users/a/Ayanami/code/TSP/data/classic/tsplib/kroB100.tsp,hybrid,48,polyak,48,21516.166402816281,21516.166402816281,22141
/Users/a/Ayanami/code/TSP/data/classic/tsplib/kroB100.tsp,hybrid,49,polyak,49,21237.716984095594,21516.166402816281,22141
/Users/a/Ayanami/code/TSP/data/classic/tsplib/kroB100.tsp,hybrid,50,polyak,50,21516.298876455428,21516.298876455428,22141
/Users/a/Ayanami/code/TSP/data/classic/tsplib/kroB100.tsp,hybrid,51,polyak,51,21491.824476632919,21516.298876455428,22141
/Users/a/Ayanami/code/TSP/data/classic/tsplib/kroB100.tsp,hybrid,52,polyak,52,21322.540465283935,21516.298876455428,22141
/Users/a/Ayanami/code/TSP/data/classic/tsplib/kroB100.tsp,hybrid,53,polyak,53,21411.329789200001,21516.298876455428,22141
/Users/a/Ayanami/code/TSP/data/classic/tsplib/kroB100.tsp,hybrid,54,polyak,54,21466.046581921768,21516.298876455428,22141
/Users/a/Ayanami/code/TSP/data/classic/tsplib/kroB100.tsp,hybrid,55,polyak,55,21383.857584986414,21516.298876455428,22141
/Users/a/Ayanami/code/TSP/data/classic/tsplib/kroB100.tsp,hybrid,56,polyak,56,21539.346873635834,21539.346873635834,22141
/Users/a/Ayanami/code/TSP/data/classic/tsplib/kroB100.tsp,hybrid,57,polyak,57,21313.508922273282,21539.346873635834,22141
/Users/a/Ayanami/code/TSP/data/classic/tsplib/kroB100.tsp,hybrid,58,polyak,58,21501.45885265739,21539.346873635834,22141
/Users/a/Ayanami/code/TSP/data/classic/tsplib/kroB100.tsp,hybrid,59,polyak,59,21347.471664683904,21539.346873635834,22141
/Users/a/Ayanami/code/TSP/data/classic/tsplib/kroB100.tsp,hybrid,60,polyak,60,21454.915178877491,21539.346873635834,22141
/Users/a/Ayanami/code/TSP/data/classic/tsplib/kroB100.tsp,hybrid,61,polyak,61,21316.486897358216,21539.346873635834,22141
/Users/a/Ayanami/code/TSP/data/classic/tsplib/kroB100.tsp,hybrid,62,polyak,62,21545.419229467436,21545.419229467436,22141
/Users/a/Ayanami/code/TSP/data/classic/tsplib/kroB100.tsp,hybrid,63,polyak,63,21351.36401763287,21545.419229467436,22141
/Users/a/Ayanami/code/TSP/data/classic/tsplib/kroB100.tsp,hybrid,64,polyak,64,21552.567960053413,21552.567960053413,22141
/Users/a/Ayanami/code/TSP/data/classic/tsplib/kroB100.tsp,hybrid,65,polyak,65,21401.068539265656,21552.567960053413,22141
/Users/a/Ayanami/code/TSP/data/classic/tsplib/kroB100.tsp,hybrid,66,polyak,66,21371.394742030567,21552.567960053413,22141
/Users/a/Ayanami/code/TSP/data/classic/tsplib/kroB100.tsp,hybrid,67,polyak,67,21509.746491069724,21552.567960053413,22141
/Users/a/Ayanami/code/TSP/data/classic/tsplib/kroB100.tsp,hybrid,68,polyak,68,21375.355180527269,21552.567960053413,22141
/Users/a/Ayanami/code/TSP/data/classic/tsplib/kroB100.tsp,hybrid,69,polyak,69,21445.874877455088,21552.567960053413,22141
/Users/a/Ayanami/code/TSP/data/classic/tsplib/kroB100.tsp,hybrid,70,polyak,70,21458.905455851083,21552.567960053413,22141
/Users/a/Ayanami/code/TSP/data/classic/tsplib/kroB100.tsp,hybrid,71,polyak,71,21522.772419364141,21552.567960053413,22141
/Users/a/Ayanami/code/TSP/data/classic/tsplib/kroB100.tsp,hybrid,72,polyak,72,21305.391026675679,21552.567960053413,22141
/Users/a/Ayanami/code/TSP/data/classic/tsplib/kroB100.tsp,hybrid,73,polyak,73,21341.738759586417,21552.567960053413,22141
/Users/a/Ayanami/code/TSP/data/classic/tsplib/kroB100.tsp,hybrid,74,polyak,74,21500.161008468705,21552.567960053413,22141
/Users/a/Ayanami/code/TSP/data/classic/tsplib/kroB100.tsp,hybrid,75,polyak,75,21426.859050253857,21552.567960053413,22141
/Users/a/Ayanami/code/TSP/data/classic/tsplib/kroB100.tsp,hybrid,76,polyak,76,21569.37669986274,21569.37669986274,22141
/Users/a/Ayanami/code/TSP/data/classic/tsplib/kroB100.tsp,hybrid,77,polyak,77,21471.452937727288,21569.37669986274,22141
/Users/a/Ayanami/code/TSP/data/classic/tsplib/kroB100.tsp,hybrid,78,polyak,78,21413.301307999784,21569.37669986274,22141
/Users/a/Ayanami/code/TSP/data/classic/tsplib/kroB100.tsp,hybrid,79,polyak,79,21467.612739824232,21569.37669986274,22141
/Users/a/Ayanami/code/TSP/data/classic/tsplib/kroB100.tsp,hybrid,80,polyak,80,21404.290850292844,21569.37669986274,22141
/Users/a/Ayanami/code/TSP/data/classic/tsplib/kroB100.tsp,hybrid,81,polyak,81,21604.605616057117,21604.605616057117,22141
/Users/a/Ayanami/code/TSP/data/classic/tsplib/kroB100.tsp,hybrid,82,polyak,82,21399.689932308134,21604.605616057117,22141
/Users/a/Ayanami/code/TSP/data/classic/tsplib/kroB100.tsp,hybrid,83,polyak,83,21536.254995588355,21604.605616057117,22141
/Users/a/Ayanami/code/TSP/data/classic/tsplib/kroB100.tsp,hybrid,84,polyak,84,21540.283817814463,21604.605616057117,22141
/Users/a/Ayanami/code/TSP/data/classic/tsplib/kroB100.tsp,hybrid,85,polyak,85,21500.102079361714,21604.605616057117,22141
/Users/a/Ayanami/code/TSP/data/classic/tsplib/kroB100.tsp,hybrid,86,polyak,86,21488.076934887431,21604.605616057117,22141
/Users/a/Ayanami/code/TSP/data/classic/tsplib/kroB100.tsp,hybrid,87,polyak,87,21590.024978880258,21604.605616057117,22141
/Users/a/Ayanami/code/TSP/data/classic/tsplib/kroB100.tsp,hybrid,88,polyak,88,21434.14774133277,21604.605616057117,22141
/Users/a/Ayanami/code/TSP/data/classic/tsplib/kroB100.tsp,hybrid,89,polyak,89,21477.569789511566,21604.605616057117,22141
/Users/a/Ayanami/code/TSP/data/classic/tsplib/kroB100.tsp,hybrid,90,polyak,90,21511.167798411727,21604.605616057117,22141
/Users/a/Ayanami/code/TSP/data/classic/tsplib/kroB100.tsp,hybrid,91,polyak,91,21539.078746547828,21604.605616057117,22141
/Users/a/Ayanami/code/TSP/data/classic/tsplib/kroB100.tsp,hybrid,92,polyak,92,21420.674112729863,21604.605616057117,22141
/Users/a/Ayanami/code/TSP/data/classic/tsplib/kroB100.tsp,hybrid,93,polyak,93,21493.192561804706,21604.605616057117,22141
/Users/a/Ayanami/code/TSP/data/classic/tsplib/kroB100.tsp,hybrid,94,polyak,94,21505.961282578472,21604.605616057117,22141
/Users/a/Ayanami/code/TSP/data/classic/tsplib/kroB100.tsp,hybrid,95,polyak,95,21660.284455378867,21660.284455378867,22141
/Users/a/Ayanami/code/TSP/data/classic/tsplib/kroB100.tsp,hybrid,96,polyak,96,21629.70684411089,21660.284455378867,22141
/Users/a/Ayanami/code/TSP/data/classic/tsplib/kroB100.tsp,hybrid,97,polyak,97,21706.366145974025,21706.366145974025,22141
/Users/a/Ayanami/code/TSP/data/classic/tsplib/kroB100.tsp,hybrid,98,polyak,98,21688.085339335437,21706.366145974025,22141
/Users/a/Ayanami/code/TSP/data/classic/tsplib/kroB100.tsp,hybrid,99,polyak,99,21702.818488891222,21706.366145974025,22141
/Users/a/Ayanami/code/TSP/data/classic/tsplib/kroB100.tsp,hybrid,100,polyak,100,21655.415768925777,21706.366145974025,22141
/Users/a/Ayanami/code/TSP/data/classic/tsplib/kroB100.tsp,hybrid,101,polyak,101,21716.556758707338,21716.556758707338,22141
/Users/a/Ayanami/code/TSP/data/classic/tsplib/kroB100.tsp,hybrid,102,polyak,102,21668.013873431144,21716.556758707338,22141
/Users/a/Ayanami/code/TSP/data/classic/tsplib/kroB100.tsp,hybrid,103,polyak,103,21706.720838912694,21716.556758707338,22141
/Users/a/Ayanami/code/TSP/data/classic/tsplib/kroB100.tsp,hybrid,104,polyak,104,21681.845475910661,21716.556758707338,22141
/Users/a/Ayanami/code/TSP/data/classic/tsplib/kroB100.tsp,hybrid,105,polyak,105,21683.370405865029,21716.556758707338,22141
/Users/a/Ayanami/code/TSP/data/classic/tsplib/kroB100.tsp,hybrid,106,polyak,106,21707.755706540196,21716.556758707338,22141
/Users/a/Ayanami/code/TSP/data/classic/tsplib/kroB100.tsp,hybrid,107,polyak,107,21707.313173989824,21716.556758707338,22141
/Users/a/Ayanami/code/TSP/data/classic/tsplib/kroB100.tsp,hybrid,108,polyak,108,21672.803419225689,21716.556758707338,22141
/Users/a/Ayanami/code/TSP/data/classic/tsplib/kroB100.tsp,hybrid,109,polyak,109,21718.799332221453,21718.799332221453,22141
/Users/a/Ayanami/code/TSP/data/classic/tsplib/kroB100.tsp,hybrid,110,polyak,110,21734.623766334571,21734.623766334571,22141
/Users/a/Ayanami/code/TSP/data/classic/tsplib/kroB100.tsp,hybrid,111,polyak,111,21677.991711896881,21734.623766334571,22141
/Users/a/Ayanami/code/TSP/data/classic/tsplib/kroB100.tsp,hybrid,112,polyak,112,21727.583501982037,21734.623766334571,22141
/Users/a/Ayanami/code/TSP/data/classic/tsplib/kroB100.tsp,hybrid,113,polyak,113,21698.226420880452,21734.623766334571,22141
/Users/a/Ayanami/code/TSP/data/classic/tsplib/kroB100.tsp,hybrid,114,polyak,114,21713.79001089041,21734.623766334571,22141
/Users/a/Ayanami/code/TSP/data/classic/tsplib/kroB100.tsp,hybrid,115,polyak,115,21704.320428909039,21734.623766334571,22141
/Users/a/Ayanami/code/TSP/data/classic/tsplib/kroB100.tsp,hybrid,116,polyak,116,21715.581673223242,21734.623766334571,22141
/Users/a/Ayanami/code/TSP/data/classic/tsplib/kroB100.tsp,hybrid,117,polyak,117,21736.276726397944,21736.276726397944,22141
/Users/a/Ayanami/code/TSP/data/classic/tsplib/kroB100.tsp,hybrid,118,polyak,118,21650.593165250026,21736.276726397944,22141
/Users/a/Ayanami/code/TSP/data/classic/tsplib/kroB100.tsp,hybrid,119,polyak,119,21755.288169661766,21755.288169661766,22141
/Users/a/Ayanami/code/TSP/data/classic/tsplib/kroB100.tsp,hybrid,120,polyak,120,21690.271871188019,21755.288169661766,22141
/Users/a/Ayanami/code/TSP/data/classic/tsplib/kroB100.tsp,hybrid,121,polyak,121,21719.048933079233,21755.288169661766,22141
/Users/a/Ayanami/code/TSP/data/classic/tsplib/kroB100.tsp,hybrid,122,polyak,122,21682.176974761522,21755.288169661766,22141
/Users/a/Ayanami/code/TSP/data/classic/tsplib/kroB100.tsp,hybrid,123,polyak,123,21744.640092604226,21755.288169661766,22141
/Users/a/Ayanami/code/TSP/data/classic/tsplib/kroB100.tsp,hybrid,124,polyak,124,21676.671030457201,21755.288169661766,22141
/Users/a/Ayanami/code/TSP/data/classic/tsplib/kroB100.tsp,hybrid,125,polyak,125,21753.512492331567,21755.288169661766,22141
/Users/a/Ayanami/code/TSP/data/classic/tsplib/kroB100.tsp,hybrid,126,polyak,126,21579.985991955582,21755.288169661766,22141
/Users/a/Ayanami/code/TSP/data/classic/tsplib/kroB100.tsp,hybrid,127,polyak,127,21738.475935194128,21755.288169661766,22141
/Users/a/Ayanami/code/TSP/data/classic/tsplib/kroB100.tsp,hybrid,128,polyak,128,21724.819461944611,21755.288169661766,22141
/Users/a/Ayanami/code/TSP/data/classic/tsplib/kroB100.tsp,hybrid,129,polyak,129,21739.000428174681,21755.288169661766,22141
/Users/a/Ayanami/code/TSP/data/classic/tsplib/kroB100.tsp,hybrid,130,polyak,130,21698.307745972586,21755.288169661766,22141
/Users/a/Ayanami/code/TSP/data/classic/tsplib/kroB100.tsp,hybrid,131,polyak,131,21765.001365350636,21765.001365350636,22141
/Users/a/Ayanami/code/TSP/data/classic/tsplib/kroB100.tsp,hybrid,132,polyak,132,21682.736846542775,21765.001365350636,22141
/Users/a/Ayanami/code/TSP/data/classic/tsplib/kroB100.tsp,hybrid,133,polyak,133,21700.878083450192,21765.001365350636,22141
/Users/a/Ayanami/code/TSP/data/classic/tsplib/kroB100.tsp,hybrid,134,polyak,134,21726.966004991638,21765.001365350636,22141
/Users/a/Ayanami/code/TSP/data/classic/tsplib/kroB100.tsp,hybrid,135,polyak,135,21700.758172732403,21765.001365350636,22141
/Users/a/Ayanami/code/TSP/data/classic/tsplib/kroB100.tsp,hybrid,136,polyak,136,21716.981234283663,21765.001365350636,22141
/Users/a/Ayanami/code/TSP/data/classic/tsplib/kroB100.tsp,hybrid,137,polyak,137,21720.964742313528,21765.001365350636,22141
/Users/a/Ayanami/code/TSP/data/classic/tsplib/kroB100.tsp,hybrid,138,polyak,138,21704.741613876504,21765.001365350636,22141
/Users/a/Ayanami/code/TSP/data/classic/tsplib/kroB100.tsp,hybrid,139,polyak,139,21755.315813223449,21765.001365350636,22141
/Users/a/Ayanami/code/TSP/data/classic/tsplib/kroB100.tsp,hybrid,140,polyak,140,21659.779267587804,21765.001365350636,22141
/Users/a/Ayanami/code/TSP/data/classic/tsplib/kroB100.tsp,hybrid,141,polyak,141,21764.794170415953,21765.001365350636,22141
/Users/a/Ayanami/code/TSP/data/classic/tsplib/kroB100.tsp,hybrid,142,polyak,142,21725.447172230302,21765.001365350636,22141
/Users/a/Ayanami/code/TSP/data/classic/tsplib/kroB100.tsp,hybrid,143,polyak,143,21716.573138946515,21765.001365350636,22141
/Users/a/Ayanami/code/TSP/data/classic/tsplib/kroB100.tsp,hybrid,144,polyak,144,21755.739412820425,21765.001365350636,22141
/Users/a/Ayanami/code/TSP/data/classic/tsplib/kroB100.tsp,hybrid,145,polyak,145,21790.926503339746,21790.926503339746,22141
/Users/a/Ayanami/code/TSP/data/classic/tsplib/kroB100.tsp,hybrid,146,polyak,146,21756.885740083988,21790.926503339746,22141
/Users/a/Ayanami/code/TSP/data/classic/tsplib/kroB100.tsp,hybrid,147,polyak,147,21804.335050007532,21804.335050007532,22141
/Users/a/Ayanami/code/TSP/data/classic/tsplib/kroB100.tsp,hybrid,148,polyak,148,21751.578704319007,21804.335050007532,22141
/Users/a/Ayanami/code/TSP/data/classic/tsplib/kroB100.tsp,hybrid,149,polyak,149,21799.451608648982,21804.335050007532,22141
/Users/a/Ayanami/code/TSP/data/classic/tsplib/kroB100.tsp,hybrid,150,polyak,150,21780.066831748554,21804.335050007532,22141
/Users/a/Ayanami/code/TSP/data/classic/tsplib/kroB100.tsp,hybrid,151,polyak,151,21766.627322823431,21804.335050007532,22141
/Users/a/Ayanami/code/TSP/data/classic/tsplib/kroB100.tsp,hybrid,152,polyak,152,21790.038495404129,21804.335050007532,22141
/Users/a/Ayanami/code/TSP/data/classic/tsplib/kroB100.tsp,hybrid,153,polyak,153,21772.434773419613,21804.335050007532,22141
/Users/a/Ayanami/code/TSP/data/classic/tsplib/kroB100.tsp,hybrid,154,polyak,154,21811.018292688423,21811.018292688423,22141
/Users/a/Ayanami/code/TSP/data/classic/tsplib/kroB100.tsp,hybrid,155,polyak,155,21790.026960941264,21811.018292688423,22141
/Users/a/Ayanami/code/TSP/data/classic/tsplib/kroB100.tsp,hybrid,156,polyak,156,21792.60144439993,21811.018292688423,22141
/Users/a/Ayanami/code/TSP/data/classic/tsplib/kroB100.tsp,hybrid,157,polyak,157,21755.416654895886,21811.018292688423,22141
/Users/a/Ayanami/code/TSP/data/classic/tsplib/kroB100.tsp,hybrid,158,polyak,158,21801.008240872328,21811.018292688423,22141
/Users/a/Ayanami/code/TSP/data/classic/tsplib/kroB100.tsp,hybrid,159,polyak,159,21780.804747110917,21811.018292688423,22141
/Users/a/Ayanami/code/TSP/data/classic/tsplib/kroB100.tsp,hybrid,160,polyak,160,21804.573164863719,21811.018292688423,22141
/Users/a/Ayanami/code/TSP/data/classic/tsplib/kroB100.tsp,hybrid,161,polyak,161,21783.777624302114,21811.018292688423,22141
/Users/a/Ayanami/code/TSP/data/classic/tsplib/kroB100.tsp,hybrid,162,polyak,162,21795.853523231017,21811.018292688423,22141
/Users/a/Ayanami/code/TSP/data/classic/tsplib/kroB100.tsp,hybrid,163,polyak,163,21780.538427107454,21811.018292688423,22141
/Users/a/Ayanami/code/TSP/data/classic/tsplib/kroB100.tsp,hybrid,164,polyak,164,21771.853571265536,21811.018292688423,22141
/Users/a/Ayanami/code/TSP/data/classic/tsplib/kroB100.tsp,hybrid,165,polyak,165,21790.527942198714,21811.018292688423,22141
/Users/a/Ayanami/code/TSP/data/classic/tsplib/kroB100.tsp,hybrid,166,polyak,166,21806.992981540923,21811.018292688423,22141
/Users/a/Ayanami/code/TSP/data/classic/tsplib/kroB100.tsp,hybrid,167,polyak,167,21770.901274474272,21811.018292688423,22141
/Users/a/Ayanami/code/TSP/data/classic/tsplib/kroB100.tsp,hybrid,168,polyak,168,21815.138162116549,21815.138162116549,22141
/Users/a/Ayanami/code/TSP/data/classic/tsplib/kroB100.tsp,hybrid,169,polyak,169,21793.556547886845,21815.138162116549,22141
/Users/a/Ayanami/code/TSP/data/classic/tsplib/kroB100.tsp,hybrid,170,polyak,170,21804.073678406301,21815.138162116549,22141
/Users/a/Ayanami/code/TSP/data/classic/tsplib/kroB100.tsp,hybrid,171,polyak,171,21802.097892165235,21815.138162116549,22141
/Users/a/Ayanami/code/TSP/data/classic/tsplib/kroB100.tsp,hybrid,172,polyak,172,21805.161985918628,21815.138162116549,22141
/Users/a/Ayanami/code/TSP/data/classic/tsplib/kroB100.tsp,hybrid,173,polyak,173,21796.800784475643,21815.138162116549,22141
/Users/a/Ayanami/code/TSP/data/classic/tsplib/kroB100.tsp,hybrid,174,polyak,174,21810.128818657489,21815.138162116549,22141
/Users/a/Ayanami/code/TSP/data/classic/tsplib/kroB100.tsp,hybrid,175,polyak,175,21795.987816291923,21815.138162116549,22141
/Users/a/Ayanami/code/TSP/data/classic/tsplib/kroB100.tsp,hybrid,176,polyak,176,21825.794241204068,21825.794241204068,22141
/Users/a/Ayanami/code/TSP/data/classic/tsplib/kroB100.tsp,hybrid,177,polyak,177,21788.071793848638,21825.794241204068,22141
/Users/a/Ayanami/code/TSP/data/classic/tsplib/kroB100.tsp,hybrid,178,polyak,178,21822.549915552772,21825.794241204068,22141
/Users/a/Ayanami/code/TSP/data/classic/tsplib/kroB100.tsp,hybrid,179,polyak,179,21800.138485014388,21825.794241204068,22141
/Users/a/Ayanami/code/TSP/data/classic/tsplib/kroB100.tsp,hybrid,180,polyak,180,21807.827395929609,21825.794241204068,22141
/Users/a/Ayanami/code/TSP/data/classic/tsplib/kroB100.tsp,hybrid,181,polyak,181,21802.438648110954,21825.794241204068,22141
/Users/a/Ayanami/code/TSP/data/classic/tsplib/kroB100.tsp,hybrid,182,polyak,182,21797.866182902901,21825.794241204068,22141
/Users/a/Ayanami/code/TSP/data/classic/tsplib/kroB100.tsp,hybrid,183,polyak,183,21801.867089959942,21825.794241204068,22141
/Users/a/Ayanami/code/TSP/data/classic/tsplib/kroB100.tsp,hybrid,184,polyak,184,21798.366296285032,21825.794241204068,22141
/Users/a/Ayanami/code/TSP/data/classic/tsplib/kroB100.tsp,hybrid,185,polyak,185,21801.429490750583,21825.794241204068,22141
/Users/a/Ayanami/code/TSP/data/classic/tsplib/kroB100.tsp,hybrid,186,polyak,186,21798.749195593231,21825.794241204068,22141
/Users/a/Ayanami/code/TSP/data/classic/tsplib/kroB100.tsp,hybrid,187,polyak,187,21801.094453855912,21825.794241204068,22141
/Users/a/Ayanami/code/TSP/data/classic/tsplib/kroB100.tsp,hybrid,188,polyak,188,21799.042352876066,21825.794241204068,22141
/Users/a/Ayanami/code/TSP/data/classic/tsplib/kroB100.tsp,hybrid,189,polyak,189,21800.837941233433,21825.794241204068,22141
/Users/a/Ayanami/code/TSP/data/classic/tsplib/kroB100.tsp,hybrid,190,polyak,190,21823.638208296052,21825.794241204068,22141
/Users/a/Ayanami/code/TSP/data/classic/tsplib/kroB100.tsp,hybrid,191,polyak,191,21816.371836146718,21825.794241204068,22141
/Users/a/Ayanami/code/TSP/data/classic/tsplib/kroB100.tsp,hybrid,192,polyak,192,21818.651403612446,21825.794241204068,22141
/Users/a/Ayanami/code/TSP/data/classic/tsplib/kroB100.tsp,hybrid,193,polyak,193,21816.514309113329,21825.794241204068,22141
/Users/a/Ayanami/code/TSP/data/classic/tsplib/kroB100.tsp,hybrid,194,polyak,194,21818.517835206247,21825.794241204068,22141
/Users/a/Ayanami/code/TSP/data/classic/tsplib/kroB100.tsp,hybrid,195,polyak,195,21816.639529494132,21825.794241204068,22141
/Users/a/Ayanami/code/TSP/data/classic/tsplib/kroB100.tsp,hybrid,196,polyak,196,21818.400441099246,21825.794241204068,22141
/Users/a/Ayanami/code/TSP/data/classic/tsplib/kroB100.tsp,hybrid,197,polyak,197,21816.749586469454,21825.794241204068,22141
/Users/a/Ayanami/code/TSP/data/classic/tsplib/kroB100.tsp,hybrid,198,polyak,198,21818.297262684882,21825.794241204068,22141
/Users/a/Ayanami/code/TSP/data/classic/tsplib/kroB100.tsp,hybrid,199,polyak,199,21816.846316232917,21825.794241204068,22141
/Users/a/Ayanami/code/TSP/data/classic/tsplib/kroB100.tsp,hybrid,200,polyak,200,21818.20657853163,21825.794241204068,22141
/Users/a/Ayanami/code/TSP/data/classic/tsplib/kroB100.tsp,hybrid,201,polyak,201,21816.931332626587,21825.794241204068,22141
/Users/a/Ayanami/code/TSP/data/classic/tsplib/kroB100.tsp,hybrid,202,polyak,202,21826.499602064174,21826.499602064174,22141
/Users/a/Ayanami/code/TSP/data/classic/tsplib/kroB100.tsp,hybrid,203,polyak,203,21825.328510500323,21826.499602064174,22141
/Users/a/Ayanami/code/TSP/data/classic/tsplib/kroB100.tsp,hybrid,204,polyak,204,21826.463005452802,21826.499602064174,22141
/Users/a/Ayanami/code/TSP/data/classic/tsplib/kroB100.tsp,hybrid,205,polyak,205,21825.363963467586,21826.499602064174,22141
/Users/a/Ayanami/code/TSP/data/classic/tsplib/kroB100.tsp,hybrid,206,polyak,206,21826.428660390764,21826.499602064174,22141
/Users/a/Ayanami/code/TSP/data/classic/tsplib/kroB100.tsp,hybrid,207,polyak,207,21825.397235246441,21826.499602064174,22141
/Users/a/Ayanami/code/TSP/data/classic/tsplib/kroB100.tsp,hybrid,208,polyak,208,21826.396428355005,21826.499602064174,22141
/Users/a/Ayanami/code/TSP/data/classic/tsplib/kroB100.tsp,hybrid,209,polyak,209,21825.428460031078,21826.499602064174,22141
/Users/a/Ayanami/code/TSP/data/classic/tsplib/kroB100.tsp,hybrid,210,polyak,210,21826.366179344881,21826.499602064174,22141
/Users/a/Ayanami/code/TSP/data/classic/tsplib/kroB100.tsp,hybrid,211,polyak,211,21825.457763759638,21826.499602064174,22141
/Users/a/Ayanami/code/TSP/data/classic/tsplib/kroB100.tsp,hybrid,212,polyak,212,21826.337791357841,21826.499602064174,22141
/Users/a/Ayanami/code/TSP/data/classic/tsplib/kroB100.tsp,hybrid,213,polyak,213,21825.485264622086,21826.499602064174,22141
/Users/a/Ayanami/code/TSP/data/classic/tsplib/kroB100.tsp,hybrid,214,polyak,214,21826.311149897349,21826.499602064174,22141
/Users/a/Ayanami/code/TSP/data/classic/tsplib/kroB100.tsp,hybrid,215,polyak,215,21825.511073536938,21826.499602064174,22141
/Users/a/Ayanami/code/TSP/data/classic/tsplib/kroB100.tsp,hybrid,216,polyak,216,21828.814119621409,21828.814119621409,22141
/Users/a/Ayanami/code/TSP/data/classic/tsplib/kroB100.tsp,hybrid,217,polyak,217,21831.136100997672,21831.136100997672,22141
/Users/a/Ayanami/code/TSP/data/classic/tsplib/kroB100.tsp,hybrid,218,polyak,218,21828.85040058041,21831.136100997672,22141
/Users/a/Ayanami/code/TSP/data/classic/tsplib/kroB100.tsp,hybrid,219,polyak,219,21831.100386928654,21831.136100997672,22141
/Users/a/Ayanami/code/TSP/data/classic/tsplib/kroB100.tsp,hybrid,220,polyak,220,21828.885556617104,21831.136100997672,22141
/Users/a/Ayanami/code/TSP/data/classic/tsplib/kroB100.tsp,hybrid,221,polyak,221,21831.06578020503,21831.136100997672,22141
/Users/a/Ayanami/code/TSP/data/classic/tsplib/kroB100.tsp,hybrid,222,polyak,222,21828.919622610658,21831.136100997672,22141
/Users/a/Ayanami/code/TSP/data/classic/tsplib/kroB100.tsp,hybrid,223,polyak,223,21831.032246492625,21831.136100997672,22141
/Users/a/Ayanami/code/TSP/data/classic/tsplib/kroB100.tsp,hybrid,224,polyak,224,21828.952632358822,21831.136100997672,22141
/Users/a/Ayanami/code/TSP/data/classic/tsplib/kroB100.tsp,hybrid,225,polyak,225,21830.99975252178,21831.136100997672,22141
/Users/a/Ayanami/code/TSP/data/classic/tsplib/kroB100.tsp,hybrid,226,polyak,226,21828.984618611361,21831.136100997672,22141
/Users/a/Ayanami/code/TSP/data/classic/tsplib/kroB100.tsp,hybrid,227,polyak,227,21830.968266054431,21831.136100997672,22141
/Users/a/Ayanami/code/TSP/data/classic/tsplib/kroB100.tsp,hybrid,228,polyak,228,21829.015613102663,21831.136100997672,22141
/Users/a/Ayanami/code/TSP/data/classic/tsplib/kroB100.tsp,hybrid,229,polyak,229,21830.937755852061,21831.136100997672,22141
/Users/a/Ayanami/code/TSP/data/classic/tsplib/kroB100.tsp,hybrid,230,polyak,230,21829.045646583123,21831.136100997672,22141
/Users/a/Ayanami/code/TSP/data/classic/tsplib/kroB100.tsp,hybrid,231,polyak,231,21831.774236251997,21831.774236251997,22141
/Users/a/Ayanami/code/TSP/data/classic/tsplib/kroB100.tsp,hybrid,232,polyak,232,21832.223999968708,21832.223999968708,22141
/Users/a/Ayanami/code/TSP/data/classic/tsplib/kroB100.tsp,hybrid,233,polyak,233,21831.777750031037,21832.223999968708,22141
/Users/a/Ayanami/code/TSP/data/classic/tsplib/kroB100.tsp,hybrid,234,polyak,234,21832.22051364107,21832.223999968708,22141
/Users/a/Ayanami/code/TSP/data/classic/tsplib/kroB100.tsp,hybrid,235,polyak,235,21831.781209121738,21832.223999968708,22141
/Users/a/Ayanami/code/TSP/data/classic/tsplib/kroB100.tsp,hybrid,236,polyak,236,21832.217081574512,21832.223999968708,22141
/Users/a/Ayanami/code/TSP/data/classic/tsplib/kroB100.tsp,hybrid,237,polyak,237,21831.784614375276,21832.223999968708,22141
/Users/a/Ayanami/code/TSP/data/classic/tsplib/kroB100.tsp,hybrid,238,polyak,238,21832.213702924513,21832.223999968708,22141
/Users/a/Ayanami/code/TSP/data/classic/tsplib/kroB100.tsp,hybrid,239,polyak,239,21831.78796662957,21832.223999968708,22141
/Users/a/Ayanami/code/TSP/data/classic/tsplib/kroB100.tsp,hybrid,240,polyak,240,21832.210376859715,21832.223999968708,22141
/Users/a/Ayanami/code/TSP/data/classic/tsplib/kroB100.tsp,hybrid,241,polyak,241,21831.79126670949,21832.223999968708,22141
/Users/a/Ayanami/code/TSP/data/classic/tsplib/kroB100.tsp,hybrid,242,polyak,242,21832.207102561661,21832.223999968708,22141
/Users/a/Ayanami/code/TSP/data/classic/tsplib/kroB100.tsp,hybrid,243,polyak,243,21831.794515427086,21832.223999968708,22141
/Users/a/Ayanami/code/TSP/data/classic/tsplib/kroB100.tsp,hybrid,244,polyak,244,21832.203879224675,21832.223999968708,22141
/Users/a/Ayanami/code/TSP/data/classic/tsplib/kroB100.tsp,hybrid,245,polyak,245,21831.797713581753,21832.223999968708,22141
/Users/a/Ayanami/code/TSP/data/classic/tsplib/kroB100.tsp,hybrid,246,polyak,246,21833.210304626646,21833.210304626646,22141
/Users/a/Ayanami/code/TSP/data/classic/tsplib/kroB100.tsp,hybrid,247,polyak,247,21832.794423125793,21833.210304626646,22141
/Users/a/Ayanami/code/TSP/data/classic/tsplib/kroB100.tsp,hybrid,248,polyak,248,21833.208680089534,21833.210304626646,22141
/Users/a/Ayanami/code/TSP/data/classic/tsplib/kroB100.tsp,hybrid,249,polyak,249,21832.796041317055,21833.210304626646,22141
/Users/a/Ayanami/code/TSP/data/classic/tsplib/kroB100.tsp,hybrid,250,polyak,250,21833.20706821933,21833.210304626646,22141
/Users/a/Ayanami/code/TSP/data/classic/tsplib/kroB100.tsp,hybrid,251,polyak,251,21832.797646890889,21833.210304626646,22141
/Users/a/Ayanami/code/TSP/data/classic/tsplib/kroB100.tsp,hybrid,252,polyak,252,21833.205468917262,21833.210304626646,22141
/Users/a/Ayanami/code/TSP/data/classic/tsplib/kroB100.tsp,hybrid,253,polyak,253,21832.799239945685,21833.210304626646,22141
/Users/a/Ayanami/code/TSP/data/classic/tsplib/kroB100.tsp,hybrid,254,polyak,254,21833.203882085345,21833.210304626646,22141
/Users/a/Ayanami/code/TSP/data/classic/tsplib/kroB100.tsp,hybrid,255,polyak,255,21832.800820579036,21833.210304626646,22141
/Users/a/Ayanami/code/TSP/data/classic/tsplib/kroB100.tsp,hybrid,256,polyak,256,21833.202307626336,21833.210304626646,22141
/Users/a/Ayanami/code/TSP/data/classic/tsplib/kroB100.tsp,hybrid,257,polyak,257,21832.80238888782,21833.210304626646,22141
/Users/a/Ayanami/code/TSP/data/classic/tsplib/kroB100.tsp,hybrid,258,polyak,258,21833.200745443766,21833.210304626646,22141
/Users/a/Ayanami/code/TSP/data/classic/tsplib/kroB100.tsp,hybrid,259,polyak,259,21832.803944968116,21833.210304626646,22141
/Users/a/Ayanami/code/TSP/data/classic/tsplib/kroB100.tsp,hybrid,260,polyak,260,21833.51525128321,21833.51525128321,22141
/Users/a/Ayanami/code/TSP/data/classic/tsplib/kroB100.tsp,hybrid,261,polyak,261,21833.487708191937,21833.51525128321,22141
/Users/a/Ayanami/code/TSP/data/classic/tsplib/kroB100.tsp,hybrid,262,polyak,262,21833.515197488108,21833.51525128321,22141
/Users/a/Ayanami/code/TSP/data/classic/tsplib/kroB100.tsp,hybrid,263,polyak,263,21833.487761881974,21833.51525128321,22141
/Users/a/Ayanami/code/TSP/data/classic/tsplib/kroB100.tsp,hybrid,264,polyak,264,21833.51514390294,21833.51525128321,22141
/Users/a/Ayanami/code/TSP/data/classic/tsplib/kroB100.tsp,hybrid,265,polyak,265,21833.487815362485,21833.51525128321,22141
/Users/a/Ayanami/code/TSP/data/classic/tsplib/kroB100.tsp,hybrid,266,polyak,266,21833.515090526886,21833.51525128321,22141
/Users/a/Ayanami/code/TSP/data/classic/tsplib/kroB100.tsp,hybrid,267,polyak,267,21833.487868634285,21833.51525128321,22141
/Users/a/Ayanami/code/TSP/data/classic/tsplib/kroB100.tsp,hybrid,268,polyak,268,21833.515037359128,21833.51525128321,22141
/Users/a/Ayanami/code/TSP/data/classic/tsplib/kroB100.tsp,hybrid,269,polyak,269,21833.487921698204,21833.51525128321,22141
/Users/a/Ayanami/code/TSP/data/classic/tsplib/kroB100.tsp,hybrid,270,polyak,270,21833.514984398851,21833.51525128321,22141
/Users/a/Ayanami/code/TSP/data/classic/tsplib/kroB100.tsp,hybrid,271,polyak,271,21833.487974555042,21833.51525128321,22141
/Users/a/Ayanami/code/TSP/data/classic/tsplib/kroB100.tsp,hybrid,272,polyak,272,21833.514931645252,21833.51525128321,22141
/Users/a/Ayanami/code/TSP/data/classic/tsplib/kroB100.tsp,hybrid,273,polyak,273,21833.488027205607,21833.51525128321,22141
/Users/a/Ayanami/code/TSP/data/classic/tsplib/kroB100.tsp,hybrid,274,polyak,274,21833.827930292115,21833.827930292115,22141
/Users/a/Ayanami/code/TSP/data/classic/tsplib/kroB100.tsp,hybrid,275,polyak,275,21833.673854796049,21833.827930292115,22141
/Users/a/Ayanami/code/TSP/data/classic/tsplib/kroB100.tsp,hybrid,276,polyak,276,21833.827779827763,21833.827930292115,22141
/Users/a/Ayanami/code/TSP/data/classic/tsplib/kroB100.tsp,hybrid,277,polyak,277,21833.674005113469,21833.827930292115,22141
/Users/a/Ayanami/code/TSP/data/classic/tsplib/kroB100.tsp,hybrid,278,polyak,278,21833.827629657142,21833.827930292115,22141
/Users/a/Ayanami/code/TSP/data/classic/tsplib/kroB100.tsp,hybrid,279,polyak,279,21833.674155137429,21833.827930292115,22141
/Users/a/Ayanami/code/TSP/data/classic/tsplib/kroB100.tsp,hybrid,280,polyak,280,21833.827479779684,21833.827930292115,22141
/Users/a/Ayanami/code/TSP/data/classic/tsplib/kroB100.tsp,hybrid,281,polyak,281,21833.674304868531,21833.827930292115,22141
/Users/a/Ayanami/code/TSP/data/classic/tsplib/kroB100.tsp,hybrid,282,polyak,282,21833.827330194807,21833.827930292115,22141
/Users/a/Ayanami/code/TSP/data/classic/tsplib/kroB100.tsp,hybrid,283,polyak,283,21833.674454307326,21833.827930292115,22141
/Users/a/Ayanami/code/TSP/data/classic/tsplib/kroB100.tsp,hybrid,284,polyak,284,21833.82718090195,21833.827930292115,22141
/Users/a/Ayanami/code/TSP/data/classic/tsplib/kroB100.tsp,hybrid,285,polyak,285,21833.67460345439,21833.827930292115,22141
/Users/a/Ayanami/code/TSP/data/classic/tsplib/kroB100.tsp,hybrid,286,polyak,286,21833.827031900535,21833.827930292115,22141
/Users/a/Ayanami/code/TSP/data/classic/tsplib/kroB100.tsp,hybrid,287,polyak,287,21833.674752310289,21833.827930292115,22141
/Users/a/Ayanami/code/TSP/data/classic/tsplib/kroB100.tsp,hybrid,288,polyak,288,21833.835579171457,21833.835579171457,22141
/Users/a/Ayanami/code/TSP/data/classic/tsplib/kroB100.tsp,hybrid,289,polyak,289,21833.915317107425,21833.915317107425,22141
/Users/a/Ayanami/code/TSP/data/classic/tsplib/kroB100.tsp,hybrid,290,polyak,290,21833.83561810599,21833.915317107425,22141
/Users/a/Ayanami/code/TSP/data/classic/tsplib/kroB100.tsp,hybrid,291,polyak,291,21833.915278191897,21833.915317107425,22141
/Users/a/Ayanami/code/TSP/data/classic/tsplib/kroB100.tsp,hybrid,292,polyak,292,21833.835657002517,21833.915317107425,22141
/Users/a/Ayanami/code/TSP/data/classic/tsplib/kroB100.tsp,hybrid,293,polyak,293,21833.915239314367,21833.915317107425,22141
/Users/a/Ayanami/code/TSP/data/classic/tsplib/kroB100.tsp,hybrid,294,polyak,294,21833.835695861068,21833.915317107425,22141
/Users/a/Ayanami/code/TSP/data/classic/tsplib/kroB100.tsp,hybrid,295,polyak,295,21833.915200474788,21833.915317107425,22141
/Users/a/Ayanami/code/TSP/data/classic/tsplib/kroB100.tsp,hybrid,296,polyak,296,21833.835734681681,21833.915317107425,22141
/Users/a/Ayanami/code/TSP/data/classic/tsplib/kroB100.tsp,hybrid,297,polyak,297,21833.915161673129,21833.915317107425,22141
/Users/a/Ayanami/code/TSP/data/classic/tsplib/kroB100.tsp,hybrid,298,polyak,298,21833.835773464391,21833.915317107425,22141
/Users/a/Ayanami/code/TSP/data/classic/tsplib/kroB100.tsp,hybrid,299,polyak,299,21833.915122909362,21833.915317107425,22141
/Users/a/Ayanami/code/TSP/data/classic/tsplib/kroB100.tsp,hybrid,300,polyak,300,21833.835812209236,21833.915317107425,22141
/Users/a/Ayanami/code/TSP/data/classic/tsplib/kroB100.tsp,hybrid,301,polyak,301,21833.915084183431,21833.915317107425,22141
/Users/a/Ayanami/code/TSP/data/classic/tsplib/kroB100.tsp,hybrid,302,polyak,302,21833.835850916261,21833.915317107425,22141
/Users/a/Ayanami/code/TSP/data/classic/tsplib/kroB100.tsp,hybrid,303,polyak,303,21833.956865757704,21833.956865757704,22141
/Users/a/Ayanami/code/TSP/data/classic/tsplib/kroB100.tsp,hybrid,304,polyak,304,21833.918611992711,21833.956865757704,22141
/Users/a/Ayanami/code/TSP/data/classic/tsplib/kroB100.tsp,hybrid,305,polyak,305,21833.956856418408,21833.956865757704,22141
/Users/a/Ayanami/code/TSP/data/classic/tsplib/kroB100.tsp,hybrid,306,polyak,306,21833.918621329729,21833.956865757704,22141
/Users/a/Ayanami/code/TSP/data/classic/tsplib/kroB100.tsp,hybrid,307,polyak,307,21833.956847083664,21833.956865757704,22141
/Users/a/Ayanami/code/TSP/data/classic/tsplib/kroB100.tsp,hybrid,308,polyak,308,21833.918630662192,21833.956865757704,22141
/Users/a/Ayanami/code/TSP/data/classic/tsplib/kroB100.tsp,hybrid,309,polyak,309,21833.956837753485,21833.956865757704,22141
/Users/a/Ayanami/code/TSP/data/classic/tsplib/kroB100.tsp,hybrid,310,polyak,310,21833.918639990094,21833.956865757704,22141
/Users/a/Ayanami/code/TSP/data/classic/tsplib/kroB100.tsp,hybrid,311,polyak,311,21833.956828427858,21833.956865757704,22141
/Users/a/Ayanami/code/TSP/data/classic/tsplib/kroB100.tsp,hybrid,312,polyak,312,21833.91864931344,21833.956865757704,22141
/Users/a/Ayanami/code/TSP/data/classic/tsplib/kroB100.tsp,hybrid,313,polyak,313,21833.956819106788,21833.956865757704,22141
/Users/a/Ayanami/code/TSP/data/classic/tsplib/kroB100.tsp,hybrid,314,polyak,314,21833.918658632239,21833.956865757704,22141
/Users/a/Ayanami/code/TSP/data/classic/tsplib/kroB100.tsp,hybrid,315,polyak,315,21833.956809790267,21833.956865757704,22141
/Users/a/Ayanami/code/TSP/data/classic/tsplib/kroB100.tsp,hybrid,316,polyak,316,21833.918667946487,21833.956865757704,22141
/Users/a/Ayanami/code/TSP/data/classic/tsplib/kroB100.tsp,hybrid,317,polyak,317,21833.962846684473,21833.962846684473,22141
/Users/a/Ayanami/code/TSP/data/classic/tsplib/kroB100.tsp,hybrid,318,polyak,318,21833.974892920829,21833.974892920829,22141
/Users/a/Ayanami/code/TSP/data/classic/tsplib/kroB100.tsp,hybrid,319,polyak,319,21833.962848154963,21833.974892920829,22141
/Users/a/Ayanami/code/TSP/data/classic/tsplib/kroB100.tsp,hybrid,320,polyak,320,21833.974891450511,21833.974892920829,22141
/Users/a/Ayanami/code/TSP/data/classic/tsplib/kroB100.tsp,hybrid,321,polyak,321,21833.962849625092,21833.974892920829,22141
/Users/a/Ayanami/code/TSP/data/classic/tsplib/kroB100.tsp,hybrid,322,polyak,322,21833.974889980571,21833.974892920829,22141
/Users/a/Ayanami/code/TSP/data/classic/tsplib/kroB100.tsp,hybrid,323,polyak,323,21833.962851094861,21833.974892920829,22141
/Users/a/Ayanami/code/TSP/data/classic/tsplib/kroB100.tsp,hybrid,324,polyak,324,21833.974888510973,21833.974892920829,22141
/Users/a/Ayanami/code/TSP/data/classic/tsplib/kroB100.tsp,hybrid,325,polyak,325,21833.962852564269,21833.974892920829,22141
/Users/a/Ayanami/code/TSP/data/classic/tsplib/kroB100.tsp,hybrid,326,polyak,326,21833.974887041739,21833.974892920829,22141
/Users/a/Ayanami/code/TSP/data/classic/tsplib/kroB100.tsp,hybrid,327,polyak,327,21833.962854033321,21833.974892920829,22141
/Users/a/Ayanami/code/TSP/data/classic/tsplib/kroB100.tsp,hybrid,328,polyak,328,21833.974885572872,21833.974892920829,22141
/Users/a/Ayanami/code/TSP/data/classic/tsplib/kroB100.tsp,hybrid,329,polyak,329,21833.962855502017,21833.974892920829,22141
/Users/a/Ayanami/code/TSP/data/classic/tsplib/kroB100.tsp,hybrid,330,polyak,330,21833.974884104355,21833.974892920829,22141
/Users/a/Ayanami/code/TSP/data/classic/tsplib/kroB100.tsp,hybrid,331,polyak,331,21833.962856970349,21833.974892920829,22141
/Users/a/Ayanami/code/TSP/data/classic/tsplib/kroB100.tsp,hybrid,332,polyak,332,21833.988304254974,21833.988304254974,22141
/Users/a/Ayanami/code/TSP/data/classic/tsplib/kroB100.tsp,hybrid,333,polyak,333,21833.980567101476,21833.988304254974,22141
/Users/a/Ayanami/code/TSP/data/classic/tsplib/kroB100.tsp,hybrid,334,polyak,334,21833.988303782739,21833.988304254974,22141
/Users/a/Ayanami/code/TSP/data/classic/tsplib/kroB100.tsp,hybrid,335,polyak,335,21833.980567573679,21833.988304254974,22141
/Users/a/Ayanami/code/TSP/data/classic/tsplib/kroB100.tsp,hybrid,336,polyak,336,21833.988303310558,21833.988304254974,22141
/Users/a/Ayanami/code/TSP/data/classic/tsplib/kroB100.tsp,hybrid,337,polyak,337,21833.980568045838,21833.988304254974,22141
/Users/a/Ayanami/code/TSP/data/classic/tsplib/kroB100.tsp,hybrid,338,polyak,338,21833.988302838432,21833.988304254974,22141
/Users/a/Ayanami/code/TSP/data/classic/tsplib/kroB100.tsp,hybrid,339,polyak,339,21833.980568517931,21833.988304254974,22141
/Users/a/Ayanami/code/TSP/data/classic/tsplib/kroB100.tsp,hybrid,340,polyak,340,21833.988302366368,21833.988304254974,22141
/Users/a/Ayanami/code/TSP/data/classic/tsplib/kroB100.tsp,hybrid,341,polyak,341,21833.980568989966,21833.988304254974,22141
/Users/a/Ayanami/code/TSP/data/classic/tsplib/kroB100.tsp,hybrid,342,polyak,342,21833.988301894358,21833.988304254974,22141
/Users/a/Ayanami/code/TSP/data/classic/tsplib/kroB100.tsp,hybrid,343,polyak,343,21833.980569461943,21833.988304254974,22141
/Users/a/Ayanami/code/TSP/data/classic/tsplib/kroB100.tsp,hybrid,344,polyak,344,21833.988301422411,21833.988304254974,22141
/Users/a/Ayanami/code/TSP/data/classic/tsplib/kroB100.tsp,hybrid,345,polyak,345,21833.980569933861,21833.988304254974,22141
/Users/a/Ayanami/code/TSP/data/classic/tsplib/kroB100.tsp,hybrid,346,polyak,346,21833.994237444109,21833.994237444109,22141
/Users/a/Ayanami/code/TSP/data/classic/tsplib/kroB100.tsp,hybrid,347,polyak,347,21833.99019841518,21833.994237444109,22141
/Users/a/Ayanami/code/TSP/data/classic/tsplib/kroB100.tsp,hybrid,348,polyak,348,21833.994237320847,21833.994237444109,22141
/Users/a/Ayanami/code/TSP/data/classic/tsplib/kroB100.tsp,hybrid,349,polyak,349,21833.990198538439,21833.994237444109,22141
/Users/a/Ayanami/code/TSP/data/classic/tsplib/kroB100.tsp,hybrid,350,polyak,350,21833.994237197589,21833.994237444109,22141
/Users/a/Ayanami/code/TSP/data/classic/tsplib/kroB100.tsp,hybrid,351,polyak,351,21833.990198661686,21833.994237444109,22141
/Users/a/Ayanami/code/TSP/data/classic/tsplib/kroB100.tsp,hybrid,352,polyak,352,21833.994237074348,21833.994237444109,22141
/Users/a/Ayanami/code/TSP/data/classic/tsplib/kroB100.tsp,hybrid,353,polyak,353,21833.990198784926,21833.994237444109,22141
/Users/a/Ayanami/code/TSP/data/classic/tsplib/kroB100.tsp,hybrid,354,polyak,354,21833.994236951108,21833.994237444109,22141
/Users/a/Ayanami/code/TSP/data/classic/tsplib/kroB100.tsp,hybrid,355,polyak,355,21833.990198908163,21833.994237444109,22141
/Users/a/Ayanami/code/TSP/data/classic/tsplib/kroB100.tsp,hybrid,356,polyak,356,21833.994236827875,21833.994237444109,22141
/Users/a/Ayanami/code/TSP/data/classic/tsplib/kroB100.tsp,hybrid,357,polyak,357,21833.990199031392,21833.994237444109,22141
/Users/a/Ayanami/code/TSP/data/classic/tsplib/kroB100.tsp,hybrid,358,polyak,358,21833.99423670465,21833.994237444109,22141
/Users/a/Ayanami/code/TSP/data/classic/tsplib/kroB100.tsp,hybrid,359,polyak,359,21833.990199154614,21833.994237444109,22141
/Users/a/Ayanami/code/TSP/data/classic/tsplib/kroB100.tsp,hybrid,360,polyak,360,21833.996428139028,21833.996428139028,22141
/Users/a/Ayanami/code/TSP/data/classic/tsplib/kroB100.tsp,hybrid,361,polyak,361,21833.995789824035,21833.996428139028,22141
/Users/a/Ayanami/code/TSP/data/classic/tsplib/kroB100.tsp,hybrid,362,polyak,362,21833.996428129289,21833.996428139028,22141
/Users/a/Ayanami/code/TSP/data/classic/tsplib/kroB100.tsp,hybrid,363,polyak,363,21833.995789833778,21833.996428139028,22141
/Users/a/Ayanami/code/TSP/data/classic/tsplib/kroB100.tsp,hybrid,364,polyak,364,21833.99642811955,21833.996428139028,22141
/Users/a/Ayanami/code/TSP/data/classic/tsplib/kroB100.tsp,hybrid,365,polyak,365,21833.995789843517,21833.996428139028,22141
/Users/a/Ayanami/code/TSP/data/classic/tsplib/kroB100.tsp,hybrid,366,polyak,366,21833.996428109807,21833.996428139028,22141
/Users/a/Ayanami/code/TSP/data/classic/tsplib/kroB100.tsp,hybrid,367,polyak,367,21833.995789853252,21833.996428139028,22141
/Users/a/Ayanami/code/TSP/data/classic/tsplib/kroB100.tsp,hybrid,368,polyak,368,21833.996428100068,21833.996428139028,22141
/Users/a/Ayanami/code/TSP/data/classic/tsplib/kroB100.tsp,hybrid,369,polyak,369,21833.995789862991,21833.996428139028,22141
/Users/a/Ayanami/code/TSP/data/classic/tsplib/kroB100.tsp,hybrid,370,polyak,370,21833.99642809033,21833.996428139028,22141
/Users/a/Ayanami/code/TSP/data/classic/tsplib/kroB100.tsp,hybrid,371,polyak,371,21833.99578987273,21833.996428139028,22141
/Users/a/Ayanami/code/TSP/data/classic/tsplib/kroB100.tsp,hybrid,372,polyak,372,21833.996428080594,21833.996428139028,22141
/Users/a/Ayanami/code/TSP/data/classic/tsplib/kroB100.tsp,hybrid,373,helsgaun,1,21833.996428139028,21833.996428139028,22141
/Users/a/Ayanami/code/TSP/data/classic/tsplib/kroB100.tsp,hybrid,374,helsgaun,2,21828.003571860958,21833.996428139028,22141
/Users/a/Ayanami/code/TSP/data/classic/tsplib/kroB100.tsp,hybrid,375,helsgaun,3,21830.403571860959,21833.996428139028,22141
/Users/a/Ayanami/code/TSP/data/classic/tsplib/kroB100.tsp,hybrid,376,helsgaun,4,21831.596428139026,21833.996428139028,22141
/Users/a/Ayanami/code/TSP/data/classic/tsplib/kroB100.tsp,hybrid,377,helsgaun,5,21833.996428139028,21833.996428139028,22141
/Users/a/Ayanami/code/TSP/data/classic/tsplib/kroB100.tsp,hybrid,378,helsgaun,6,21828.003571860958,21833.996428139028,22141
/Users/a/Ayanami/code/TSP/data/classic/tsplib/kroB100.tsp,hybrid,379,helsgaun,7,21830.403571860959,21833.996428139028,22141
/Users/a/Ayanami/code/TSP/data/classic/tsplib/kroB100.tsp,hybrid,380,helsgaun,8,21831.596428139026,21833.996428139028,22141
/Users/a/Ayanami/code/TSP/data/classic/tsplib/kroB100.tsp,hybrid,381,helsgaun,9,21833.996428139028,21833.996428139028,22141
/Users/a/Ayanami/code/TSP/data/classic/tsplib/kroB100.tsp,hybrid,382,helsgaun,10,21828.003571860958,21833.996428139028,22141
/Users/a/Ayanami/code/TSP/data/classic/tsplib/kroB100.tsp,hybrid,383,helsgaun,11,21830.403571860959,21833.996428139028,22141
/Users/a/Ayanami/code/TSP/data/classic/tsplib/kroB100.tsp,hybrid,384,helsgaun,12,21831.596428139026,21833.996428139028,22141
/Users/a/Ayanami/code/TSP/data/classic/tsplib/kroB100.tsp,hybrid,385,helsgaun,13,21833.996428139028,21833.996428139028,22141
/Users/a/Ayanami/code/TSP/data/classic/tsplib/kroB100.tsp,hybrid,386,helsgaun,14,21828.003571860958,21833.996428139028,22141
/Users/a/Ayanami/code/TSP/data/classic/tsplib/kroB100.tsp,hybrid,387,helsgaun,15,21830.403571860959,21833.996428139028,22141
/Users/a/Ayanami/code/TSP/data/classic/tsplib/kroB100.tsp,hybrid,388,helsgaun,16,21831.596428139026,21833.996428139028,22141
/Users/a/Ayanami/code/TSP/data/classic/tsplib/kroB100.tsp,hybrid,389,helsgaun,17,21833.996428139028,21833.996428139028,22141
/Users/a/Ayanami/code/TSP/data/classic/tsplib/kroB100.tsp,hybrid,390,helsgaun,18,21828.003571860958,21833.996428139028,22141
/Users/a/Ayanami/code/TSP/data/classic/tsplib/kroB100.tsp,hybrid,391,helsgaun,19,21830.403571860959,21833.996428139028,22141
/Users/a/Ayanami/code/TSP/data/classic/tsplib/kroB100.tsp,hybrid,392,helsgaun,20,21831.596428139026,21833.996428139028,22141
/Users/a/Ayanami/code/TSP/data/classic/tsplib/kroB100.tsp,hybrid,393,helsgaun,21,21833.996428139028,21833.996428139028,22141
/Users/a/Ayanami/code/TSP/data/classic/tsplib/kroB100.tsp,hybrid,394,helsgaun,22,21828.003571860958,21833.996428139028,22141
/Users/a/Ayanami/code/TSP/data/classic/tsplib/kroB100.tsp,hybrid,395,helsgaun,23,21830.403571860959,21833.996428139028,22141
/Users/a/Ayanami/code/TSP/data/classic/tsplib/kroB100.tsp,hybrid,396,helsgaun,24,21831.596428139026,21833.996428139028,22141
/Users/a/Ayanami/code/TSP/data/classic/tsplib/kroB100.tsp,hybrid,397,helsgaun,25,21833.996428139028,21833.996428139028,22141
/Users/a/Ayanami/code/TSP/data/classic/tsplib/kroB100.tsp,hybrid,398,helsgaun,26,21828.003571860958,21833.996428139028,22141
/Users/a/Ayanami/code/TSP/data/classic/tsplib/kroB100.tsp,hybrid,399,helsgaun,27,21830.403571860959,21833.996428139028,22141
/Users/a/Ayanami/code/TSP/data/classic/tsplib/kroB100.tsp,hybrid,400,helsgaun,28,21831.596428139026,21833.996428139028,22141
/Users/a/Ayanami/code/TSP/data/classic/tsplib/kroB100.tsp,hybrid,401,helsgaun,29,21833.996428139028,21833.996428139028,22141
/Users/a/Ayanami/code/TSP/data/classic/tsplib/kroB100.tsp,hybrid,402,helsgaun,30,21828.003571860958,21833.996428139028,22141
/Users/a/Ayanami/code/TSP/data/classic/tsplib/kroB100.tsp,hybrid,403,helsgaun,31,21830.403571860959,21833.996428139028,22141
/Users/a/Ayanami/code/TSP/data/classic/tsplib/kroB100.tsp,hybrid,404,helsgaun,32,21831.596428139026,21833.996428139028,22141
/Users/a/Ayanami/code/TSP/data/classic/tsplib/kroB100.tsp,hybrid,405,helsgaun,33,21833.996428139028,21833.996428139028,22141
/Users/a/Ayanami/code/TSP/data/classic/tsplib/kroB100.tsp,hybrid,406,helsgaun,34,21828.003571860958,21833.996428139028,22141
/Users/a/Ayanami/code/TSP/data/classic/tsplib/kroB100.tsp,hybrid,407,helsgaun,35,21830.403571860959,21833.996428139028,22141
/Users/a/Ayanami/code/TSP/data/classic/tsplib/kroB100.tsp,hybrid,408,helsgaun,36,21831.596428139026,21833.996428139028,22141
/Users/a/Ayanami/code/TSP/data/classic/tsplib/kroB100.tsp,hybrid,409,helsgaun,37,21833.996428139028,21833.996428139028,22141
/Users/a/Ayanami/code/TSP/data/classic/tsplib/kroB100.tsp,hybrid,410,helsgaun,38,21828.003571860958,21833.996428139028,22141
/Users/a/Ayanami/code/TSP/data/classic/tsplib/kroB100.tsp,hybrid,411,helsgaun,39,21830.403571860959,21833.996428139028,22141
/Users/a/Ayanami/code/TSP/data/classic/tsplib/kroB100.tsp,hybrid,412,helsgaun,40,21831.596428139026,21833.996428139028,22141
/Users/a/Ayanami/code/TSP/data/classic/tsplib/kroB100.tsp,hybrid,413,helsgaun,41,21833.996428139028,21833.996428139028,22141
/Users/a/Ayanami/code/TSP/data/classic/tsplib/kroB100.tsp,hybrid,414,helsgaun,42,21828.003571860958,21833.996428139028,22141
/Users/a/Ayanami/code/TSP/data/classic/tsplib/kroB100.tsp,hybrid,415,helsgaun,43,21830.403571860959,21833.996428139028,22141
/Users/a/Ayanami/code/TSP/data/classic/tsplib/kroB100.tsp,hybrid,416,helsgaun,44,21831.596428139026,21833.996428139028,22141
/Users/a/Ayanami/code/TSP/data/classic/tsplib/kroB100.tsp,hybrid,417,helsgaun,45,21833.996428139028,21833.996428139028,22141
/Users/a/Ayanami/code/TSP/data/classic/tsplib/kroB100.tsp,hybrid,418,helsgaun,46,21828.003571860958,21833.996428139028,22141
/Users/a/Ayanami/code/TSP/data/classic/tsplib/kroB100.tsp,hybrid,419,helsgaun,47,21830.403571860959,21833.996428139028,22141
/Users/a/Ayanami/code/TSP/data/classic/tsplib/kroB100.tsp,hybrid,420,helsgaun,48,21831.596428139026,21833.996428139028,22141
/Users/a/Ayanami/code/TSP/data/classic/tsplib/kroB100.tsp,hybrid,421,helsgaun,49,21833.996428139028,21833.996428139028,22141
/Users/a/Ayanami/code/TSP/data/classic/tsplib/kroB100.tsp,hybrid,422,helsgaun,50,21828.003571860958,21833.996428139028,22141
/Users/a/Ayanami/code/TSP/data/classic/tsplib/kroB100.tsp,hybrid,423,helsgaun,51,21830.403571860959,21833.996428139028,22141
/Users/a/Ayanami/code/TSP/data/classic/tsplib/kroB100.tsp,hybrid,424,helsgaun,52,21833.403571860959,21833.996428139028,22141
/Users/a/Ayanami/code/TSP/data/classic/tsplib/kroB100.tsp,hybrid,425,helsgaun,53,21831.596428139026,21833.996428139028,22141
/Users/a/Ayanami/code/TSP/data/classic/tsplib/kroB100.tsp,hybrid,426,helsgaun,54,21832.796428139027,21833.996428139028,22141
/Users/a/Ayanami/code/TSP/data/classic/tsplib/kroB100.tsp,hybrid,427,helsgaun,55,21832.203571860959,21833.996428139028,22141
/Users/a/Ayanami/code/TSP/data/classic/tsplib/kroB100.tsp,hybrid,428,helsgaun,56,21833.403571860959,21833.996428139028,22141
/Users/a/Ayanami/code/TSP/data/classic/tsplib/kroB100.tsp,hybrid,429,helsgaun,57,21831.596428139026,21833.996428139028,22141
/Users/a/Ayanami/code/TSP/data/classic/tsplib/kroB100.tsp,hybrid,430,helsgaun,58,21832.796428139027,21833.996428139028,22141
/Users/a/Ayanami/code/TSP/data/classic/tsplib/kroB100.tsp,hybrid,431,helsgaun,59,21832.203571860959,21833.996428139028,22141
/Users/a/Ayanami/code/TSP/data/classic/tsplib/kroB100.tsp,hybrid,432,helsgaun,60,21833.403571860959,21833.996428139028,22141
/Users/a/Ayanami/code/TSP/data/classic/tsplib/kroB100.tsp,hybrid,433,helsgaun,61,21831.596428139026,21833.996428139028,22141
/Users/a/Ayanami/code/TSP/data/classic/tsplib/kroB100.tsp,hybrid,434,helsgaun,62,21832.796428139027,21833.996428139028,22141
/Users/a/Ayanami/code/TSP/data/classic/tsplib/kroB100.tsp,hybrid,435,helsgaun,63,21832.203571860959,21833.996428139028,22141
/Users/a/Ayanami/code/TSP/data/classic/tsplib/kroB100.tsp,hybrid,436,helsgaun,64,21833.403571860959,21833.996428139028,22141
/Users/a/Ayanami/code/TSP/data/classic/tsplib/kroB100.tsp,hybrid,437,helsgaun,65,21831.596428139026,21833.996428139028,22141
/Users/a/Ayanami/code/TSP/data/classic/tsplib/kroB100.tsp,hybrid,438,helsgaun,66,21832.796428139027,21833.996428139028,22141
/Users/a/Ayanami/code/TSP/data/classic/tsplib/kroB100.tsp,hybrid,439,helsgaun,67,21832.203571860959,21833.996428139028,22141
/Users/a/Ayanami/code/TSP/data/classic/tsplib/kroB100.tsp,hybrid,440,helsgaun,68,21833.403571860959,21833.996428139028,22141
/Users/a/Ayanami/code/TSP/data/classic/tsplib/kroB100.tsp,hybrid,441,helsgaun,69,21831.596428139026,21833.996428139028,22141
/Users/a/Ayanami/code/TSP/data/classic/tsplib/kroB100.tsp,hybrid,442,helsgaun,70,21832.796428139027,21833.996428139028,22141
/Users/a/Ayanami/code/TSP/data/classic/tsplib/kroB100.tsp,hybrid,443,helsgaun,71,21832.203571860959,21833.996428139028,22141
/Users/a/Ayanami/code/TSP/data/classic/tsplib/kroB100.tsp,hybrid,444,helsgaun,72,21833.403571860959,21833.996428139028,22141
/Users/a/Ayanami/code/TSP/data/classic/tsplib/kroB100.tsp,hybrid,445,helsgaun,73,21831.596428139026,21833.996428139028,22141
/Users/a/Ayanami/code/TSP/data/classic/tsplib/kroB100.tsp,hybrid,446,helsgaun,74,21832.796428139027,21833.996428139028,22141
/Users/a/Ayanami/code/TSP/data/classic/tsplib/kroB100.tsp,hybrid,447,helsgaun,75,21832.203571860959,21833.996428139028,22141
/Users/a/Ayanami/code/TSP/data/classic/tsplib/kroB100.tsp,hybrid,448,helsgaun,76,21833.403571860959,21833.996428139028,22141
/Users/a/Ayanami/code/TSP/data/classic/tsplib/kroB100.tsp,hybrid,449,helsgaun,77,21833.096428139026,21833.996428139028,22141
/Users/a/Ayanami/code/TSP/data/classic/tsplib/kroB100.tsp,hybrid,450,helsgaun,78,21833.696428139032,21833.996428139028,22141
/Users/a/Ayanami/code/TSP/data/classic/tsplib/kroB100.tsp,hybrid,451,helsgaun,79,21832.803571860961,21833.996428139028,22141
/Users/a/Ayanami/code/TSP/data/classic/tsplib/kroB100.tsp,hybrid,452,helsgaun,80,21833.403571860959,21833.996428139028,22141
/Users/a/Ayanami/code/TSP/data/classic/tsplib/kroB100.tsp,hybrid,453,helsgaun,81,21833.096428139026,21833.996428139028,22141
/Users/a/Ayanami/code/TSP/data/classic/tsplib/kroB100.tsp,hybrid,454,helsgaun,82,21833.696428139032,21833.996428139028,22141
/Users/a/Ayanami/code/TSP/data/classic/tsplib/kroB100.tsp,hybrid,455,helsgaun,83,21832.803571860961,21833.996428139028,22141
/Users/a/Ayanami/code/TSP/data/classic/tsplib/kroB100.tsp,hybrid,456,helsgaun,84,21833.403571860959,21833.996428139028,22141
/Users/a/Ayanami/code/TSP/data/classic/tsplib/kroB100.tsp,hybrid,457,helsgaun,85,21833.096428139026,21833.996428139028,22141
/Users/a/Ayanami/code/TSP/data/classic/tsplib/kroB100.tsp,hybrid,458,helsgaun,86,21833.696428139032,21833.996428139028,22141
/Users/a/Ayanami/code/TSP/data/classic/tsplib/kroB100.tsp,hybrid,459,helsgaun,87,21832.803571860961,21833.996428139028,22141
/Users/a/Ayanami/code/TSP/data/classic/tsplib/kroB100.tsp,hybrid,460,helsgaun,88,21833.403571860959,21833.996428139028,22141
/Users/a/Ayanami/code/TSP/data/classic/tsplib/kroB100.tsp,hybrid,461,helsgaun,89,21833.846428139026,21833.996428139028,22141
/Users/a/Ayanami/code/TSP/data/classic/tsplib/kroB100.tsp,hybrid,462,helsgaun,90,21833.853571860964,21833.996428139028,22141
/Users/a/Ayanami/code/TSP/data/classic/tsplib/kroB100.tsp,hybrid,463,helsgaun,91,21833.846428139026,21833.996428139028,22141
/Users/a/Ayanami/code/TSP/data/classic/tsplib/kroB100.tsp,hybrid,464,helsgaun,92,21833.853571860964,21833.996428139028,22141
/Users/a/Ayanami/code/TSP/data/classic/tsplib/kroB100.tsp,hybrid,465,helsgaun,93,21833.846428139026,21833.996428139028,22141
/Users/a/Ayanami/code/TSP/data/classic/tsplib/kroB100.tsp,hybrid,466,helsgaun,94,21833.853571860964,21833.996428139028,22141
/Users/a/Ayanami/code/TSP/data/classic/tsplib/kroB100.tsp,hybrid,467,helsgaun,95,21833.996428139028,21833.996428139028,22141
/Users/a/Ayanami/code/TSP/data/classic/tsplib/kroB100.tsp,hybrid,468,helsgaun,96,21833.853571860964,21833.996428139028,22141
/Users/a/Ayanami/code/TSP/data/classic/tsplib/kroB100.tsp,hybrid,469,helsgaun,97,21833.996428139028,21833.996428139028,22141
/Users/a/Ayanami/code/TSP/data/classic/tsplib/kroB100.tsp,hybrid-reverse,1,helsgaun,1,19499,19499,22141
/Users/a/Ayanami/code/TSP/data/classic/tsplib/kroB100.tsp,hybrid-reverse,2,helsgaun,2,19537,19537,22141
/Users/a/Ayanami/code/TSP/data/classic/tsplib/kroB100.tsp,hybrid-reverse,3,helsgaun,3,19609.200000000001,19609.200000000001,22141
/Users/a/Ayanami/code/TSP/data/classic/tsplib/kroB100.tsp,hybrid-reverse,4,helsgaun,4,19747.599999999999,19747.599999999999,22141
/Users/a/Ayanami/code/TSP/data/classic/tsplib/kroB100.tsp,hybrid-reverse,5,helsgaun,5,19976.599999999999,19976.599999999999,22141
/Users/a/Ayanami/code/TSP/data/classic/tsplib/kroB100.tsp,hybrid-reverse,6,helsgaun,6,20326.800000000003,20326.800000000003,22141
/Users/a/Ayanami/code/TSP/data/classic/tsplib/kroB100.tsp,hybrid-reverse,7,helsgaun,7,20533.599999999995,20533.599999999995,22141
/Users/a/Ayanami/code/TSP/data/classic/tsplib/kroB100.tsp,hybrid-reverse,8,helsgaun,8,20477.199999999997,20533.599999999995,22141
/Users/a/Ayanami/code/TSP/data/classic/tsplib/kroB100.tsp,hybrid-reverse,9,helsgaun,9,20439.799999999996,20533.599999999995,22141
/Users/a/Ayanami/code/TSP/data/classic/tsplib/kroB100.tsp,hybrid-reverse,10,helsgaun,10,20521.599999999995,20533.599999999995,22141
/Users/a/Ayanami/code/TSP/data/classic/tsplib/kroB100.tsp,hybrid-reverse,11,helsgaun,11,20523.399999999994,20533.599999999995,22141
/Users/a/Ayanami/code/TSP/data/classic/tsplib/kroB100.tsp,hybrid-reverse,12,helsgaun,12,20359.399999999994,20533.599999999995,22141
/Users/a/Ayanami/code/TSP/data/classic/tsplib/kroB100.tsp,hybrid-reverse,13,helsgaun,13,20882,20882,22141
/Users/a/Ayanami/code/TSP/data/classic/tsplib/kroB100.tsp,hybrid-reverse,14,helsgaun,14,20465.199999999997,20882,22141
/Users/a/Ayanami/code/TSP/data/classic/tsplib/kroB100.tsp,hybrid-reverse,15,helsgaun,15,20504.999999999996,20882,22141
/Users/a/Ayanami/code/TSP/data/classic/tsplib/kroB100.tsp,hybrid-reverse,16,helsgaun,16,20472.200000000004,20882,22141
/Users/a/Ayanami/code/TSP/data/classic/tsplib/kroB100.tsp,hybrid-reverse,17,helsgaun,17,20243.799999999999,20882,22141
/Users/a/Ayanami/code/TSP/data/classic/tsplib/kroB100.tsp,hybrid-reverse,18,helsgaun,18,20639.200000000001,20882,22141
/Users/a/Ayanami/code/TSP/data/classic/tsplib/kroB100.tsp,hybrid-reverse,19,helsgaun,19,20671.799999999999,20882,22141
/Users/a/Ayanami/code/TSP/data/classic/tsplib/kroB100.tsp,hybrid-reverse,20,helsgaun,20,20532.799999999999,20882,22141
/Users/a/Ayanami/code/TSP/data/classic/tsplib/kroB100.tsp,hybrid-reverse,21,helsgaun,21,20641.800000000007,20882,22141
/Users/a/Ayanami/code/TSP/data/classic/tsplib/kroB100.tsp,hybrid-reverse,22,helsgaun,22,20751.799999999999,20882,22141
/Users/a/Ayanami/code/TSP/data/classic/tsplib/kroB100.tsp,hybrid-reverse,23,helsgaun,23,20613.400000000001,20882,22141
/Users/a/Ayanami/code/TSP/data/classic/tsplib/kroB100.tsp,hybrid-reverse,24,helsgaun,24,20725.600000000006,20882,22141
/Users/a/Ayanami/code/TSP/data/classic/tsplib/kroB100.tsp,hybrid-reverse,25,helsgaun,25,20367.999999999993,20882,22141
/Users/a/Ayanami/code/TSP/data/classic/tsplib/kroB100.tsp,hybrid-reverse,26,helsgaun,26,20299.999999999993,20882,22141
/Users/a/Ayanami/code/TSP/data/classic/tsplib/kroB100.tsp,hybrid-reverse,27,helsgaun,27,20450.600000000002,20882,22141
/Users/a/Ayanami/code/TSP/data/classic/tsplib/kroB100.tsp,hybrid-reverse,28,helsgaun,28,20771.200000000004,20882,22141
/Users/a/Ayanami/code/TSP/data/classic/tsplib/kroB100.tsp,hybrid-reverse,29,helsgaun,29,20925.000000000007,20925.000000000007,22141
/Users/a/Ayanami/code/TSP/data/classic/tsplib/kroB100.tsp,hybrid-reverse,30,helsgaun,30,20795.799999999999,20925.000000000007,22141
/Users/a/Ayanami/code/TSP/data/classic/tsplib/kroB100.tsp,hybrid-reverse,31,helsgaun,31,20652.200000000001,20925.000000000007,22141
/Users/a/Ayanami/code/TSP/data/classic/tsplib/kroB100.tsp,hybrid-reverse,32,helsgaun,32,20816.000000000004,20925.000000000007,22141
/Users/a/Ayanami/code/TSP/data/classic/tsplib/kroB100.tsp,hybrid-reverse,33,helsgaun,33,20814.200000000001,20925.000000000007,22141
/Users/a/Ayanami/code/TSP/data/classic/tsplib/kroB100.tsp,hybrid-reverse,34,helsgaun,34,20379.799999999996,20925.000000000007,22141
/Users/a/Ayanami/code/TSP/data/classic/tsplib/kroB100.tsp,hybrid-reverse,35,helsgaun,35,20682.800000000007,20925.000000000007,22141
/Users/a/Ayanami/code/TSP/data/classic/tsplib/kroB100.tsp,hybrid-reverse,36,helsgaun,36,20804.000000000007,20925.000000000007,22141
/Users/a/Ayanami/code/TSP/data/classic/tsplib/kroB100.tsp,hybrid-reverse,37,helsgaun,37,20765.200000000004,20925.000000000007,22141
/Users/a/Ayanami/code/TSP/data/classic/tsplib/kroB100.tsp,hybrid-reverse,38,helsgaun,38,20519.599999999995,20925.000000000007,22141
/Users/a/Ayanami/code/TSP/data/classic/tsplib/kroB100.tsp,hybrid-reverse,39,helsgaun,39,20740.600000000006,20925.000000000007,22141
/Users/a/Ayanami/code/TSP/data/classic/tsplib/kroB100.tsp,hybrid-reverse,40,helsgaun,40,20628.000000000007,20925.000000000007,22141
/Users/a/Ayanami/code/TSP/data/classic/tsplib/kroB100.tsp,hybrid-reverse,41,helsgaun,41,20629.200000000008,20925.000000000007,22141
/Users/a/Ayanami/code/TSP/data/classic/tsplib/kroB100.tsp,hybrid-reverse,42,helsgaun,42,20790.599999999999,20925.000000000007,22141
/Users/a/Ayanami/code/TSP/data/classic/tsplib/kroB100.tsp,hybrid-reverse,43,helsgaun,43,20541.000000000004,20925.000000000007,22141
/Users/a/Ayanami/code/TSP/data/classic/tsplib/kroB100.tsp,hybrid-reverse,44,helsgaun,44,20292.000000000004,20925.000000000007,22141
/Users/a/Ayanami/code/TSP/data/classic/tsplib/kroB100.tsp,hybrid-reverse,45,helsgaun,45,20689.400000000001,20925.000000000007,22141
/Users/a/Ayanami/code/TSP/data/classic/tsplib/kroB100.tsp,hybrid-reverse,46,helsgaun,46,20640.399999999998,20925.000000000007,22141
/Users/a/Ayanami/code/TSP/data/classic/tsplib/kroB100.tsp,hybrid-reverse,47,helsgaun,47,21076.599999999999,21076.599999999999,22141
/Users/a/Ayanami/code/TSP/data/classic/tsplib/kroB100.tsp,hybrid-reverse,48,helsgaun,48,20777.400000000001,21076.599999999999,22141
/Users/a/Ayanami/code/TSP/data/classic/tsplib/kroB100.tsp,hybrid-reverse,49,helsgaun,49,20961.999999999996,21076.599999999999,22141
/Users/a/Ayanami/code/TSP/data/classic/tsplib/kroB100.tsp,hybrid-reverse,50,helsgaun,50,20676.400000000001,21076.599999999999,22141
/Users/a/Ayanami/code/TSP/data/classic/tsplib/kroB100.tsp,hybrid-reverse,51,helsgaun,51,20737.800000000007,21076.599999999999,22141
/Users/a/Ayanami/code/TSP/data/classic/tsplib/kroB100.tsp,hybrid-reverse,52,helsgaun,52,21066.399999999998,21076.599999999999,22141
/Users/a/Ayanami/code/TSP/data/classic/tsplib/kroB100.tsp,hybrid-reverse,53,helsgaun,53,21350.200000000004,21350.200000000004,22141
/Users/a/Ayanami/code/TSP/data/classic/tsplib/kroB100.tsp,hybrid-reverse,54,helsgaun,54,21404.400000000005,21404.400000000005,22141
/Users/a/Ayanami/code/TSP/data/classic/tsplib/kroB100.tsp,hybrid-reverse,55,helsgaun,55,21394,21404.400000000005,22141
/Users/a/Ayanami/code/TSP/data/classic/tsplib/kroB100.tsp,hybrid-reverse,56,helsgaun,56,21406.200000000008,21406.200000000008,22141
/Users/a/Ayanami/code/TSP/data/classic/tsplib/kroB100.tsp,hybrid-reverse,57,helsgaun,57,21546.800000000007,21546.800000000007,22141
/Users/a/Ayanami/code/TSP/data/classic/tsplib/kroB100.tsp,hybrid-reverse,58,helsgaun,58,21429.000000000004,21546.800000000007,22141
/Users/a/Ayanami/code/TSP/data/classic/tsplib/kroB100.tsp,hybrid-reverse,59,helsgaun,59,21493.000000000004,21546.800000000007,22141
/Users/a/Ayanami/code/TSP/data/classic/tsplib/kroB100.tsp,hybrid-reverse,60,helsgaun,60,21455.400000000009,21546.800000000007,22141
/Users/a/Ayanami/code/TSP/data/classic/tsplib/kroB100.tsp,hybrid-reverse,61,helsgaun,61,21550.000000000004,21550.000000000004,22141
/Users/a/Ayanami/code/TSP/data/classic/tsplib/kroB100.tsp,hybrid-reverse,62,helsgaun,62,21396.200000000004,21550.000000000004,22141
/Users/a/Ayanami/code/TSP/data/classic/tsplib/kroB100.tsp,hybrid-reverse,63,helsgaun,63,21578.000000000004,21578.000000000004,22141
/Users/a/Ayanami/code/TSP/data/classic/tsplib/kroB100.tsp,hybrid-reverse,64,helsgaun,64,21345.200000000008,21578.000000000004,22141
/Users/a/Ayanami/code/TSP/data/classic/tsplib/kroB100.tsp,hybrid-reverse,65,helsgaun,65,21533.000000000004,21578.000000000004,22141
/Users/a/Ayanami/code/TSP/data/classic/tsplib/kroB100.tsp,hybrid-reverse,66,helsgaun,66,21469.200000000001,21578.000000000004,22141
/Users/a/Ayanami/code/TSP/data/classic/tsplib/kroB100.tsp,hybrid-reverse,67,helsgaun,67,21467.000000000007,21578.000000000004,22141
/Users/a/Ayanami/code/TSP/data/classic/tsplib/kroB100.tsp,hybrid-reverse,68,helsgaun,68,21436.200000000004,21578.000000000004,22141
/Users/a/Ayanami/code/TSP/data/classic/tsplib/kroB100.tsp,hybrid-reverse,69,helsgaun,69,21354.600000000002,21578.000000000004,22141
/Users/a/Ayanami/code/TSP/data/classic/tsplib/kroB100.tsp,hybrid-reverse,70,helsgaun,70,21499.400000000005,21578.000000000004,22141
/Users/a/Ayanami/code/TSP/data/classic/tsplib/kroB100.tsp,hybrid-reverse,71,helsgaun,71,21367.800000000007,21578.000000000004,22141
/Users/a/Ayanami/code/TSP/data/classic/tsplib/kroB100.tsp,hybrid-reverse,72,helsgaun,72,21440.200000000004,21578.000000000004,22141
/Users/a/Ayanami/code/TSP/data/classic/tsplib/kroB100.tsp,hybrid-reverse,73,helsgaun,73,21460.600000000002,21578.000000000004,22141
/Users/a/Ayanami/code/TSP/data/classic/tsplib/kroB100.tsp,hybrid-reverse,74,helsgaun,74,21501.800000000003,21578.000000000004,22141
/Users/a/Ayanami/code/TSP/data/classic/tsplib/kroB100.tsp,hybrid-reverse,75,helsgaun,75,21388.799999999999,21578.000000000004,22141
/Users/a/Ayanami/code/TSP/data/classic/tsplib/kroB100.tsp,hybrid-reverse,76,helsgaun,76,21470.600000000009,21578.000000000004,22141
/Users/a/Ayanami/code/TSP/data/classic/tsplib/kroB100.tsp,hybrid-reverse,77,helsgaun,77,21594.200000000004,21594.200000000004,22141
/Users/a/Ayanami/code/TSP/data/classic/tsplib/kroB100.tsp,hybrid-reverse,78,helsgaun,78,21697.400000000005,21697.400000000005,22141
/Users/a/Ayanami/code/TSP/data/classic/tsplib/kroB100.tsp,hybrid-reverse,79,helsgaun,79,21693.000000000007,21697.400000000005,22141
/Users/a/Ayanami/code/TSP/data/classic/tsplib/kroB100.tsp,hybrid-reverse,80,helsgaun,80,21712.000000000004,21712.000000000004,22141
/Users/a/Ayanami/code/TSP/data/classic/tsplib/kroB100.tsp,hybrid-reverse,81,helsgaun,81,21696.200000000012,21712.000000000004,22141
/Users/a/Ayanami/code/TSP/data/classic/tsplib/kroB100.tsp,hybrid-reverse,82,helsgaun,82,21722.599999999995,21722.599999999995,22141
/Users/a/Ayanami/code/TSP/data/classic/tsplib/kroB100.tsp,hybrid-reverse,83,helsgaun,83,21690.999999999996,21722.599999999995,22141
/Users/a/Ayanami/code/TSP/data/classic/tsplib/kroB100.tsp,hybrid-reverse,84,helsgaun,84,21719.999999999996,21722.599999999995,22141
/Users/a/Ayanami/code/TSP/data/classic/tsplib/kroB100.tsp,hybrid-reverse,85,helsgaun,85,21696.000000000011,21722.599999999995,22141
/Users/a/Ayanami/code/TSP/data/classic/tsplib/kroB100.tsp,hybrid-reverse,86,helsgaun,86,21718.599999999999,21722.599999999995,22141
/Users/a/Ayanami/code/TSP/data/classic/tsplib/kroB100.tsp,hybrid-reverse,87,helsgaun,87,21677.799999999999,21722.599999999995,22141
/Users/a/Ayanami/code/TSP/data/classic/tsplib/kroB100.tsp,hybrid-reverse,88,helsgaun,88,21708.200000000008,21722.599999999995,22141
/Users/a/Ayanami/code/TSP/data/classic/tsplib/kroB100.tsp,hybrid-reverse,89,helsgaun,89,21749.599999999999,21749.599999999999,22141
/Users/a/Ayanami/code/TSP/data/classic/tsplib/kroB100.tsp,hybrid-reverse,90,helsgaun,90,21773.400000000001,21773.400000000001,22141
/Users/a/Ayanami/code/TSP/data/classic/tsplib/kroB100.tsp,hybrid-reverse,91,helsgaun,91,21765.599999999999,21773.400000000001,22141
/Users/a/Ayanami/code/TSP/data/classic/tsplib/kroB100.tsp,hybrid-reverse,92,helsgaun,92,21769.599999999995,21773.400000000001,22141
/Users/a/Ayanami/code/TSP/data/classic/tsplib/kroB100.tsp,hybrid-reverse,93,helsgaun,93,21765.600000000002,21773.400000000001,22141
/Users/a/Ayanami/code/TSP/data/classic/tsplib/kroB100.tsp,hybrid-reverse,94,helsgaun,94,21782.400000000001,21782.400000000001,22141
/Users/a/Ayanami/code/TSP/data/classic/tsplib/kroB100.tsp,hybrid-reverse,95,helsgaun,95,21785.599999999995,21785.599999999995,22141
/Users/a/Ayanami/code/TSP/data/classic/tsplib/kroB100.tsp,hybrid-reverse,96,helsgaun,96,21787.399999999994,21787.399999999994,22141
/Users/a/Ayanami/code/TSP/data/classic/tsplib/kroB100.tsp,hybrid-reverse,97,helsgaun,97,21792.799999999999,21792.799999999999,22141
/Users/a/Ayanami/code/TSP/data/classic/tsplib/kroB100.tsp,hybrid-reverse,98,helsgaun,98,21800.199999999997,21800.199999999997,22141
/Users/a/Ayanami/code/TSP/data/classic/tsplib/kroB100.tsp,hybrid-reverse,99,helsgaun,99,21800.799999999996,21800.799999999996,22141
/Users/a/Ayanami/code/TSP/data/classic/tsplib/kroB100.tsp,hybrid-reverse,100,helsgaun,100,21804.199999999993,21804.199999999993,22141
/Users/a/Ayanami/code/TSP/data/classic/tsplib/kroB100.tsp,hybrid-reverse,101,helsgaun,101,21806.399999999998,21806.399999999998,22141
/Users/a/Ayanami/code/TSP/data/classic/tsplib/kroB100.tsp,hybrid-reverse,102,helsgaun,102,21807.499999999996,21807.499999999996,22141
/Users/a/Ayanami/code/TSP/data/classic/tsplib/kroB100.tsp,hybrid-reverse,103,helsgaun,103,21808.499999999996,21808.499999999996,22141
/Users/a/Ayanami/code/TSP/data/classic/tsplib/kroB100.tsp,hybrid-reverse,104,helsgaun,104,21808.724999999999,21808.724999999999,22141
/Users/a/Ayanami/code/TSP/data/classic/tsplib/kroB100.tsp,hybrid-reverse,105,helsgaun,105,21808.674999999999,21808.724999999999,22141
/Users/a/Ayanami/code/TSP/data/classic/tsplib/kroB100.tsp,hybrid-reverse,106,helsgaun,106,21809.125000000004,21809.125000000004,22141
/Users/a/Ayanami/code/TSP/data/classic/tsplib/kroB100.tsp,hybrid-reverse,107,helsgaun,107,21809.374999999996,21809.374999999996,22141
/Users/a/Ayanami/code/TSP/data/classic/tsplib/kroB100.tsp,hybrid-reverse,108,helsgaun,108,21809.556249999998,21809.556249999998,22141
/Users/a/Ayanami/code/TSP/data/classic/tsplib/kroB100.tsp,hybrid-reverse,109,helsgaun,109,21809.706249999999,21809.706249999999,22141
/Users/a/Ayanami/code/TSP/data/classic/tsplib/kroB100.tsp,hybrid-reverse,110,helsgaun,110,21809.725000000002,21809.725000000002,22141
/Users/a/Ayanami/code/TSP/data/classic/tsplib/kroB100.tsp,hybrid-reverse,111,helsgaun,111,21809.818749999999,21809.818749999999,22141
/Users/a/Ayanami/code/TSP/data/classic/tsplib/kroB100.tsp,hybrid-reverse,112,helsgaun,112,21809.842187499999,21809.842187499999,22141
/Users/a/Ayanami/code/TSP/data/classic/tsplib/kroB100.tsp,hybrid-reverse,113,helsgaun,113,21809.867187499996,21809.867187499996,22141
/Users/a/Ayanami/code/TSP/data/classic/tsplib/kroB100.tsp,hybrid-reverse,114,helsgaun,114,21809.876562500001,21809.876562500001,22141
/Users/a/Ayanami/code/TSP/data/classic/tsplib/kroB100.tsp,hybrid-reverse,115,helsgaun,115,21809.904687499999,21809.904687499999,22141
/Users/a/Ayanami/code/TSP/data/classic/tsplib/kroB100.tsp,hybrid-reverse,116,helsgaun,116,21809.908203124996,21809.908203124996,22141
/Users/a/Ayanami/code/TSP/data/classic/tsplib/kroB100.tsp,hybrid-reverse,117,helsgaun,117,21809.911718749994,21809.911718749994,22141
/Users/a/Ayanami/code/TSP/data/classic/tsplib/kroB100.tsp,hybrid-reverse,118,helsgaun,118,21809.913476562499,21809.913476562499,22141
/Users/a/Ayanami/code/TSP/data/classic/tsplib/kroB100.tsp,hybrid-reverse,119,helsgaun,119,21809.921093749999,21809.921093749999,22141
/Users/a/Ayanami/code/TSP/data/classic/tsplib/kroB100.tsp,hybrid-reverse,120,helsgaun,120,21809.922851562496,21809.922851562496,22141
/Users/a/Ayanami/code/TSP/data/classic/tsplib/kroB100.tsp,hybrid-reverse,121,helsgaun,121,21809.924316406246,21809.924316406246,22141
/Users/a/Ayanami/code/TSP/data/classic/tsplib/kroB100.tsp,hybrid-reverse,122,helsgaun,122,21809.924755859374,21809.924755859374,22141
/Users/a/Ayanami/code/TSP/data/classic/tsplib/kroB100.tsp,hybrid-reverse,123,helsgaun,123,21809.926660156249,21809.926660156249,22141
/Users/a/Ayanami/code/TSP/data/classic/tsplib/kroB100.tsp,hybrid-reverse,124,helsgaun,124,21809.926660156249,21809.926660156249,22141
/Users/a/Ayanami/code/TSP/data/classic/tsplib/kroB100.tsp,hybrid-reverse,125,helsgaun,125,21809.92739257812,21809.92739257812,22141
/Users/a/Ayanami/code/TSP/data/classic/tsplib/kroB100.tsp,hybrid-reverse,126,polyak,1,21809.92739257812,21809.92739257812,22141
/Users/a/Ayanami/code/TSP/data/classic/tsplib/kroB100.tsp,hybrid-reverse,127,polyak,2,19562.587768554651,21809.92739257812,22141
/Users/a/Ayanami/code/TSP/data/classic/tsplib/kroB100.tsp,hybrid-reverse,128,polyak,3,20962.53085497245,21809.92739257812,22141
/Users/a/Ayanami/code/TSP/data/classic/tsplib/kroB100.tsp,hybrid-reverse,129,polyak,4,19426.497036106099,21809.92739257812,22141
/Users/a/Ayanami/code/TSP/data/classic/tsplib/kroB100.tsp,hybrid-reverse,130,polyak,5,19735.257253282158,21809.92739257812,22141
/Users/a/Ayanami/code/TSP/data/classic/tsplib/kroB100.tsp,hybrid-reverse,131,polyak,6,19827.666501988908,21809.92739257812,22141
/Users/a/Ayanami/code/TSP/data/classic/tsplib/kroB100.tsp,hybrid-reverse,132,polyak,7,20557.833101893673,21809.92739257812,22141
/Users/a/Ayanami/code/TSP/data/classic/tsplib/kroB100.tsp,hybrid-reverse,133,polyak,8,19783.242794595892,21809.92739257812,22141
/Users/a/Ayanami/code/TSP/data/classic/tsplib/kroB100.tsp,hybrid-reverse,134,polyak,9,19890.949878949694,21809.92739257812,22141
/Users/a/Ayanami/code/TSP/data/classic/tsplib/kroB100.tsp,hybrid-reverse,135,polyak,10,19988.272245479038,21809.92739257812,22141
/Users/a/Ayanami/code/TSP/data/classic/tsplib/kroB100.tsp,hybrid-reverse,136,polyak,11,19545.782396805906,21809.92739257812,22141
/Users/a/Ayanami/code/TSP/data/classic/tsplib/kroB100.tsp,hybrid-reverse,137,polyak,12,20597.212123822053,21809.92739257812,22141
/Users/a/Ayanami/code/TSP/data/classic/tsplib/kroB100.tsp,hybrid-reverse,138,polyak,13,20444.585904435404,21809.92739257812,22141
/Users/a/Ayanami/code/TSP/data/classic/tsplib/kroB100.tsp,hybrid-reverse,139,polyak,14,20460.03660031754,21809.92739257812,22141
/Users/a/Ayanami/code/TSP/data/classic/tsplib/kroB100.tsp,hybrid-reverse,140,polyak,15,20932.584510013494,21809.92739257812,22141
/Users/a/Ayanami/code/TSP/data/classic/tsplib/kroB100.tsp,hybrid-reverse,141,polyak,16,21177.076464030786,21809.92739257812,22141
/Users/a/Ayanami/code/TSP/data/classic/tsplib/kroB100.tsp,hybrid-reverse,142,polyak,17,21442.014239092441,21809.92739257812,22141
/Users/a/Ayanami/code/TSP/data/classic/tsplib/kroB100.tsp,hybrid-reverse,143,polyak,18,21477.013904491178,21809.92739257812,22141
/Users/a/Ayanami/code/TSP/data/classic/tsplib/kroB100.tsp,hybrid-reverse,144,polyak,19,21456.512640671368,21809.92739257812,22141
/Users/a/Ayanami/code/TSP/data/classic/tsplib/kroB100.tsp,hybrid-reverse,145,polyak,20,21454.500662372408,21809.92739257812,22141
/Users/a/Ayanami/code/TSP/data/classic/tsplib/kroB100.tsp,hybrid-reverse,146,polyak,21,21493.112760758951,21809.92739257812,22141
/Users/a/Ayanami/code/TSP/data/classic/tsplib/kroB100.tsp,hybrid-reverse,147,polyak,22,21494.466840887988,21809.92739257812,22141
/Users/a/Ayanami/code/TSP/data/classic/tsplib/kroB100.tsp,hybrid-reverse,148,polyak,23,21453.535016467718,21809.92739257812,22141
/Users/a/Ayanami/code/TSP/data/classic/tsplib/kroB100.tsp,hybrid-reverse,149,polyak,24,21471.245759464015,21809.92739257812,22141
/Users/a/Ayanami/code/TSP/data/classic/tsplib/kroB100.tsp,hybrid-reverse,150,polyak,25,21526.003782947588,21809.92739257812,22141
/Users/a/Ayanami/code/TSP/data/classic/tsplib/kroB100.tsp,hybrid-reverse,151,polyak,26,21494.776223729652,21809.92739257812,22141
/Users/a/Ayanami/code/TSP/data/classic/tsplib/kroB100.tsp,hybrid-reverse,152,polyak,27,21672.084836724083,21809.92739257812,22141
/Users/a/Ayanami/code/TSP/data/classic/tsplib/kroB100.tsp,hybrid-reverse,153,polyak,28,21649.179801627844,21809.92739257812,22141
/Users/a/Ayanami/code/TSP/data/classic/tsplib/kroB100.tsp,hybrid-reverse,154,polyak,29,21696.064222791094,21809.92739257812,22141
/Users/a/Ayanami/code/TSP/data/classic/tsplib/kroB100.tsp,hybrid-reverse,155,polyak,30,21657.401831481275,21809.92739257812,22141
/Users/a/Ayanami/code/TSP/data/classic/tsplib/kroB100.tsp,hybrid-reverse,156,polyak,31,21698.76658255672,21809.92739257812,22141
/Users/a/Ayanami/code/TSP/data/classic/tsplib/kroB100.tsp,hybrid-reverse,157,polyak,32,21649.929147365896,21809.92739257812,22141
/Users/a/Ayanami/code/TSP/data/classic/tsplib/kroB100.tsp,hybrid-reverse,158,polyak,33,21753.9235782176,21809.92739257812,22141
/Users/a/Ayanami/code/TSP/data/classic/tsplib/kroB100.tsp,hybrid-reverse,159,polyak,34,21647.683048773495,21809.92739257812,22141
/Users/a/Ayanami/code/TSP/data/classic/tsplib/kroB100.tsp,hybrid-reverse,160,polyak,35,21735.673898666922,21809.92739257812,22141
/Users/a/Ayanami/code/TSP/data/classic/tsplib/kroB100.tsp,hybrid-reverse,161,polyak,36,21696.589045541146,21809.92739257812,22141
/Users/a/Ayanami/code/TSP/data/classic/tsplib/kroB100.tsp,hybrid-reverse,162,polyak,37,21701.265924279873,21809.92739257812,22141
/Users/a/Ayanami/code/TSP/data/classic/tsplib/kroB100.tsp,hybrid-reverse,163,polyak,38,21722.345925198737,21809.92739257812,22141
/Users/a/Ayanami/code/TSP/data/classic/tsplib/kroB100.tsp,hybrid-reverse,164,polyak,39,21779.569336529934,21809.92739257812,22141
/Users/a/Ayanami/code/TSP/data/classic/tsplib/kroB100.tsp,hybrid-reverse,165,polyak,40,21765.947503934683,21809.92739257812,22141
/Users/a/Ayanami/code/TSP/data/classic/tsplib/kroB100.tsp,hybrid-reverse,166,polyak,41,21768.202967284124,21809.92739257812,22141
/Users/a/Ayanami/code/TSP/data/classic/tsplib/kroB100.tsp,hybrid-reverse,167,polyak,42,21760.075662131585,21809.92739257812,22141
/Users/a/Ayanami/code/TSP/data/classic/tsplib/kroB100.tsp,hybrid-reverse,168,polyak,43,21769.960071723111,21809.92739257812,22141
/Users/a/Ayanami/code/TSP/data/classic/tsplib/kroB100.tsp,hybrid-reverse,169,polyak,44,21775.024229908355,21809.92739257812,22141
/Users/a/Ayanami/code/TSP/data/classic/tsplib/kroB100.tsp,hybrid-reverse,170,polyak,45,21772.703538409856,21809.92739257812,22141
/Users/a/Ayanami/code/TSP/data/classic/tsplib/kroB100.tsp,hybrid-reverse,171,polyak,46,21779.74680590929,21809.92739257812,22141
/Users/a/Ayanami/code/TSP/data/classic/tsplib/kroB100.tsp,hybrid-reverse,172,polyak,47,21770.907509725119,21809.92739257812,22141
/Users/a/Ayanami/code/TSP/data/classic/tsplib/kroB100.tsp,hybrid-reverse,173,polyak,48,21784.79329601612,21809.92739257812,22141
/Users/a/Ayanami/code/TSP/data/classic/tsplib/kroB100.tsp,hybrid-reverse,174,polyak,49,21777.066977231367,21809.92739257812,22141
/Users/a/Ayanami/code/TSP/data/classic/tsplib/kroB100.tsp,hybrid-reverse,175,polyak,50,21778.215593024783,21809.92739257812,22141
/Users/a/Ayanami/code/TSP/data/classic/tsplib/kroB100.tsp,hybrid-reverse,176,polyak,51,21794.55631229213,21809.92739257812,22141
/Users/a/Ayanami/code/TSP/data/classic/tsplib/kroB100.tsp,hybrid-reverse,177,polyak,52,21788.848023518367,21809.92739257812,22141
/Users/a/Ayanami/code/TSP/data/classic/tsplib/kroB100.tsp,hybrid-reverse,178,polyak,53,21805.832396518883,21809.92739257812,22141
/Users/a/Ayanami/code/TSP/data/classic/tsplib/kroB100.tsp,hybrid-reverse,179,polyak,54,21802.371299521888,21809.92739257812,22141
/Users/a/Ayanami/code/TSP/data/classic/tsplib/kroB100.tsp,hybrid-reverse,180,polyak,55,21808.086782558479,21809.92739257812,22141
/Users/a/Ayanami/code/TSP/data/classic/tsplib/kroB100.tsp,hybrid-reverse,181,polyak,56,21800.763632583701,21809.92739257812,22141
/Users/a/Ayanami/code/TSP/data/classic/tsplib/kroB100.tsp,hybrid-reverse,182,polyak,57,21815.071133613419,21815.071133613419,22141
/Users/a/Ayanami/code/TSP/data/classic/tsplib/kroB100.tsp,hybrid-reverse,183,polyak,58,21805.103502534184,21815.071133613419,22141
/Users/a/Ayanami/code/TSP/data/classic/tsplib/kroB100.tsp,hybrid-reverse,184,polyak,59,21796.429567207702,21815.071133613419,22141
/Users/a/Ayanami/code/TSP/data/classic/tsplib/kroB100.tsp,hybrid-reverse,185,polyak,60,21807.53285054705,21815.071133613419,22141
/Users/a/Ayanami/code/TSP/data/classic/tsplib/kroB100.tsp,hybrid-reverse,186,polyak,61,21802.355972518046,21815.071133613419,22141
/Users/a/Ayanami/code/TSP/data/classic/tsplib/kroB100.tsp,hybrid-reverse,187,polyak,62,21810.708813969137,21815.071133613419,22141
/Users/a/Ayanami/code/TSP/data/classic/tsplib/kroB100.tsp,hybrid-reverse,188,polyak,63,21817.350731207687,21817.350731207687,22141
/Users/a/Ayanami/code/TSP/data/classic/tsplib/kroB100.tsp,hybrid-reverse,189,polyak,64,21788.225860566414,21817.350731207687,22141
/Users/a/Ayanami/code/TSP/data/classic/tsplib/kroB100.tsp,hybrid-reverse,190,polyak,65,21813.412409711524,21817.350731207687,22141
/Users/a/Ayanami/code/TSP/data/classic/tsplib/kroB100.tsp,hybrid-reverse,191,polyak,66,21804.595694426247,21817.350731207687,22141
/Users/a/Ayanami/code/TSP/data/classic/tsplib/kroB100.tsp,hybrid-reverse,192,polyak,67,21819.116649215612,21819.116649215612,22141
/Users/a/Ayanami/code/TSP/data/classic/tsplib/kroB100.tsp,hybrid-reverse,193,polyak,68,21790.005312941859,21819.116649215612,22141
/Users/a/Ayanami/code/TSP/data/classic/tsplib/kroB100.tsp,hybrid-reverse,194,polyak,69,21812.423121931552,21819.116649215612,22141
/Users/a/Ayanami/code/TSP/data/classic/tsplib/kroB100.tsp,hybrid-reverse,195,polyak,70,21791.707134757802,21819.116649215612,22141
/Users/a/Ayanami/code/TSP/data/classic/tsplib/kroB100.tsp,hybrid-reverse,196,polyak,71,21812.906835300335,21819.116649215612,22141
/Users/a/Ayanami/code/TSP/data/classic/tsplib/kroB100.tsp,hybrid-reverse,197,polyak,72,21803.934105102438,21819.116649215612,22141
/Users/a/Ayanami/code/TSP/data/classic/tsplib/kroB100.tsp,hybrid-reverse,198,polyak,73,21822.23690206336,21822.23690206336,22141
/Users/a/Ayanami/code/TSP/data/classic/tsplib/kroB100.tsp,hybrid-reverse,199,polyak,74,21794.21571399425,21822.23690206336,22141
/Users/a/Ayanami/code/TSP/data/classic/tsplib/kroB100.tsp,hybrid-reverse,200,polyak,75,21804.564315164127,21822.23690206336,22141
/Users/a/Ayanami/code/TSP/data/classic/tsplib/kroB100.tsp,hybrid-reverse,201,polyak,76,21803.988686276294,21822.23690206336,22141
/Users/a/Ayanami/code/TSP/data/classic/tsplib/kroB100.tsp,hybrid-reverse,202,polyak,77,21807.788091508748,21822.23690206336,22141
/Users/a/Ayanami/code/TSP/data/classic/tsplib/kroB100.tsp,hybrid-reverse,203,polyak,78,21813.003771656433,21822.23690206336,22141
/Users/a/Ayanami/code/TSP/data/classic/tsplib/kroB100.tsp,hybrid-reverse,204,polyak,79,21788.621699800613,21822.23690206336,22141
/Users/a/Ayanami/code/TSP/data/classic/tsplib/kroB100.tsp,hybrid-reverse,205,polyak,80,21809.956012674462,21822.23690206336,22141
/Users/a/Ayanami/code/TSP/data/classic/tsplib/kroB100.tsp,hybrid-reverse,206,polyak,81,21791.288488909846,21822.23690206336,22141
/Users/a/Ayanami/code/TSP/data/classic/tsplib/kroB100.tsp,hybrid-reverse,207,polyak,82,21807.62257220388,21822.23690206336,22141
/Users/a/Ayanami/code/TSP/data/classic/tsplib/kroB100.tsp,hybrid-reverse,208,polyak,83,21793.330249321596,21822.23690206336,22141
/Users/a/Ayanami/code/TSP/data/classic/tsplib/kroB100.tsp,hybrid-reverse,209,polyak,84,21805.836031843603,21822.23690206336,22141
/Users/a/Ayanami/code/TSP/data/classic/tsplib/kroB100.tsp,hybrid-reverse,210,polyak,85,21794.89347213685,21822.23690206336,22141
/Users/a/Ayanami/code/TSP/data/classic/tsplib/kroB100.tsp,hybrid-reverse,211,polyak,86,21804.468211880259,21822.23690206336,22141
/Users/a/Ayanami/code/TSP/data/classic/tsplib/kroB100.tsp,hybrid-reverse,212,polyak,87,21825.016745989131,21825.016745989131,22141
/Users/a/Ayanami/code/TSP/data/classic/tsplib/kroB100.tsp,hybrid-reverse,213,polyak,88,21810.54680063518,21825.016745989131,22141
/Users/a/Ayanami/code/TSP/data/classic/tsplib/kroB100.tsp,hybrid-reverse,214,polyak,89,21824.112374404503,21825.016745989131,22141
/Users/a/Ayanami/code/TSP/data/classic/tsplib/kroB100.tsp,hybrid-reverse,215,polyak,90,21811.394648995767,21825.016745989131,22141
/Users/a/Ayanami/code/TSP/data/classic/tsplib/kroB100.tsp,hybrid-reverse,216,polyak,91,21823.317516566462,21825.016745989131,22141
/Users/a/Ayanami/code/TSP/data/classic/tsplib/kroB100.tsp,hybrid-reverse,217,polyak,92,21812.139828218937,21825.016745989131,22141
/Users/a/Ayanami/code/TSP/data/classic/tsplib/kroB100.tsp,hybrid-reverse,218,polyak,93,21822.618911044741,21825.016745989131,22141
/Users/a/Ayanami/code/TSP/data/classic/tsplib/kroB100.tsp,hybrid-reverse,219,polyak,94,21812.794770895551,21825.016745989131,22141
/Users/a/Ayanami/code/TSP/data/classic/tsplib/kroB100.tsp,hybrid-reverse,220,polyak,95,21822.004902285418,21825.016745989131,22141
/Users/a/Ayanami/code/TSP/data/classic/tsplib/kroB100.tsp,hybrid-reverse,221,polyak,96,21813.370404107412,21825.016745989131,22141
/Users/a/Ayanami/code/TSP/data/classic/tsplib/kroB100.tsp,hybrid-reverse,222,polyak,97,21821.465246149288,21825.016745989131,22141
/Users/a/Ayanami/code/TSP/data/classic/tsplib/kroB100.tsp,hybrid-reverse,223,polyak,98,21813.876331735031,21825.016745989131,22141
/Users/a/Ayanami/code/TSP/data/classic/tsplib/kroB100.tsp,hybrid-reverse,224,polyak,99,21820.990938998402,21825.016745989131,22141
/Users/a/Ayanami/code/TSP/data/classic/tsplib/kroB100.tsp,hybrid-reverse,225,polyak,100,21814.320994688991,21825.016745989131,22141
/Users/a/Ayanami/code/TSP/data/classic/tsplib/kroB100.tsp,hybrid-reverse,226,polyak,101,21827.631630182153,21827.631630182153,22141
/Users/a/Ayanami/code/TSP/data/classic/tsplib/kroB100.tsp,hybrid-reverse,227,polyak,102,21828.902087863564,21828.902087863564,22141
/Users/a/Ayanami/code/TSP/data/classic/tsplib/kroB100.tsp,hybrid-reverse,228,polyak,103,21821.605224425664,21828.902087863564,22141
/Users/a/Ayanami/code/TSP/data/classic/tsplib/kroB100.tsp,hybrid-reverse,229,polyak,104,21830.581344955051,21830.581344955051,22141
/Users/a/Ayanami/code/TSP/data/classic/tsplib/kroB100.tsp,hybrid-reverse,230,polyak,105,21821.374322074778,21830.581344955051,22141
/Users/a/Ayanami/code/TSP/data/classic/tsplib/kroB100.tsp,hybrid-reverse,231,polyak,106,21830.293625490034,21830.581344955051,22141
/Users/a/Ayanami/code/TSP/data/classic/tsplib/kroB100.tsp,hybrid-reverse,232,polyak,107,21821.653050306515,21830.581344955051,22141
/Users/a/Ayanami/code/TSP/data/classic/tsplib/kroB100.tsp,hybrid-reverse,233,polyak,108,21830.023607515555,21830.581344955051,22141
/Users/a/Ayanami/code/TSP/data/classic/tsplib/kroB100.tsp,hybrid-reverse,234,polyak,109,21821.914630219297,21830.581344955051,22141
/Users/a/Ayanami/code/TSP/data/classic/tsplib/kroB100.tsp,hybrid-reverse,235,polyak,110,21829.770201975047,21830.581344955051,22141
/Users/a/Ayanami/code/TSP/data/classic/tsplib/kroB100.tsp,hybrid-reverse,236,polyak,111,21822.160116836661,21830.581344955051,22141
/Users/a/Ayanami/code/TSP/data/classic/tsplib/kroB100.tsp,hybrid-reverse,237,polyak,112,21829.532386814473,21830.581344955051,22141
/Users/a/Ayanami/code/TSP/data/classic/tsplib/kroB100.tsp,hybrid-reverse,238,polyak,113,21822.390500273465,21830.581344955051,22141
/Users/a/Ayanami/code/TSP/data/classic/tsplib/kroB100.tsp,hybrid-reverse,239,polyak,114,21829.309202860066,21830.581344955051,22141
/Users/a/Ayanami/code/TSP/data/classic/tsplib/kroB100.tsp,hybrid-reverse,240,polyak,115,21822.606709729298,21830.581344955051,22141
/Users/a/Ayanami/code/TSP/data/classic/tsplib/kroB100.tsp,hybrid-reverse,241,polyak,116,21829.099749949728,21830.581344955051,22141
/Users/a/Ayanami/code/TSP/data/classic/tsplib/kroB100.tsp,hybrid-reverse,242,polyak,117,21822.809617236187,21830.581344955051,22141
/Users/a/Ayanami/code/TSP/data/classic/tsplib/kroB100.tsp,hybrid-reverse,243,polyak,118,21830.660290670094,21830.660290670094,22141
/Users/a/Ayanami/code/TSP/data/classic/tsplib/kroB100.tsp,hybrid-reverse,244,polyak,119,21829.318776371612,21830.660290670094,22141
/Users/a/Ayanami/code/TSP/data/classic/tsplib/kroB100.tsp,hybrid-reverse,245,polyak,120,21830.639329509188,21830.660290670094,22141
/Users/a/Ayanami/code/TSP/data/classic/tsplib/kroB100.tsp,hybrid-reverse,246,polyak,121,21829.339410014389,21830.660290670094,22141
/Users/a/Ayanami/code/TSP/data/classic/tsplib/kroB100.tsp,hybrid-reverse,247,polyak,122,21830.61901826708,21830.660290670094,22141
/Users/a/Ayanami/code/TSP/data/classic/tsplib/kroB100.tsp,hybrid-reverse,248,polyak,123,21829.359403893337,21830.660290670094,22141
/Users/a/Ayanami/code/TSP/data/classic/tsplib/kroB100.tsp,hybrid-reverse,249,polyak,124,21830.599336792486,21830.660290670094,22141
/Users/a/Ayanami/code/TSP/data/classic/tsplib/kroB100.tsp,hybrid-reverse,250,polyak,125,21829.378777844886,21830.660290670094,22141
/Users/a/Ayanami/code/TSP/data/classic/tsplib/kroB100.tsp,hybrid-reverse,251,polyak,126,21830.580265558932,21830.660290670094,22141
/Users/a/Ayanami/code/TSP/data/classic/tsplib/kroB100.tsp,hybrid-reverse,252,polyak,127,21829.397551090417,21830.660290670094,22141
/Users/a/Ayanami/code/TSP/data/classic/tsplib/kroB100.tsp,hybrid-reverse,253,polyak,128,21830.561785645361,21830.660290670094,22141
/Users/a/Ayanami/code/TSP/data/classic/tsplib/kroB100.tsp,hybrid-reverse,254,polyak,129,21829.415742255333,21830.660290670094,22141
/Users/a/Ayanami/code/TSP/data/classic/tsplib/kroB100.tsp,hybrid-reverse,255,polyak,130,21830.543878717392,21830.660290670094,22141
/Users/a/Ayanami/code/TSP/data/classic/tsplib/kroB100.tsp,hybrid-reverse,256,polyak,131,21829.43336938756,21830.660290670094,22141
/Users/a/Ayanami/code/TSP/data/classic/tsplib/kroB100.tsp,hybrid-reverse,257,polyak,132,21832.733701751877,21832.733701751877,22141
/Users/a/Ayanami/code/TSP/data/classic/tsplib/kroB100.tsp,hybrid-reverse,258,polyak,133,21831.272030293047,21832.733701751877,22141
/Users/a/Ayanami/code/TSP/data/classic/tsplib/kroB100.tsp,hybrid-reverse,259,polyak,134,21832.722282443607,21832.733701751877,22141
/Users/a/Ayanami/code/TSP/data/classic/tsplib/kroB100.tsp,hybrid-reverse,260,polyak,135,21831.283360387974,21832.733701751877,22141
/Users/a/Ayanami/code/TSP/data/classic/tsplib/kroB100.tsp,hybrid-reverse,261,polyak,136,21832.711040865044,21832.733701751877,22141
/Users/a/Ayanami/code/TSP/data/classic/tsplib/kroB100.tsp,hybrid-reverse,262,polyak,137,21831.2945141417,21832.733701751877,22141
/Users/a/Ayanami/code/TSP/data/classic/tsplib/kroB100.tsp,hybrid-reverse,263,polyak,138,21832.699974250023,21832.733701751877,22141
/Users/a/Ayanami/code/TSP/data/classic/tsplib/kroB100.tsp,hybrid-reverse,264,polyak,139,21831.305494298795,21832.733701751877,22141
/Users/a/Ayanami/code/TSP/data/classic/tsplib/kroB100.tsp,hybrid-reverse,265,polyak,140,21832.689079875399,21832.733701751877,22141
/Users/a/Ayanami/code/TSP/data/classic/tsplib/kroB100.tsp,hybrid-reverse,266,polyak,141,21831.316303561114,21832.733701751877,22141
/Users/a/Ayanami/code/TSP/data/classic/tsplib/kroB100.tsp,hybrid-reverse,267,polyak,142,21832.678355060445,21832.733701751877,22141
/Users/a/Ayanami/code/TSP/data/classic/tsplib/kroB100.tsp,hybrid-reverse,268,polyak,143,21831.326944588451,21832.733701751877,22141
/Users/a/Ayanami/code/TSP/data/classic/tsplib/kroB100.tsp,hybrid-reverse,269,polyak,144,21832.667797166137,21832.733701751877,22141
/Users/a/Ayanami/code/TSP/data/classic/tsplib/kroB100.tsp,hybrid-reverse,270,polyak,145,21831.337419999214,21832.733701751877,22141
/Users/a/Ayanami/code/TSP/data/classic/tsplib/kroB100.tsp,hybrid-reverse,271,polyak,146,21832.973442848335,21832.973442848335,22141
/Users/a/Ayanami/code/TSP/data/classic/tsplib/kroB100.tsp,hybrid-reverse,272,polyak,147,21833.030359662778,21833.030359662778,22141
/Users/a/Ayanami/code/TSP/data/classic/tsplib/kroB100.tsp,hybrid-reverse,273,polyak,148,21832.973665179645,21833.030359662778,22141
/Users/a/Ayanami/code/TSP/data/classic/tsplib/kroB100.tsp,hybrid-reverse,274,polyak,149,21833.030138199952,21833.030359662778,22141
/Users/a/Ayanami/code/TSP/data/classic/tsplib/kroB100.tsp,hybrid-reverse,275,polyak,150,21832.973885777381,21833.030359662778,22141
/Users/a/Ayanami/code/TSP/data/classic/tsplib/kroB100.tsp,hybrid-reverse,276,polyak,151,21833.029918463923,21833.030359662778,22141
/Users/a/Ayanami/code/TSP/data/classic/tsplib/kroB100.tsp,hybrid-reverse,277,polyak,152,21832.974104655059,21833.030359662778,22141
/Users/a/Ayanami/code/TSP/data/classic/tsplib/kroB100.tsp,hybrid-reverse,278,polyak,153,21833.029700441235,21833.030359662778,22141
/Users/a/Ayanami/code/TSP/data/classic/tsplib/kroB100.tsp,hybrid-reverse,279,polyak,154,21832.974321826099,21833.030359662778,22141
/Users/a/Ayanami/code/TSP/data/classic/tsplib/kroB100.tsp,hybrid-reverse,280,polyak,155,21833.02948411852,21833.030359662778,22141
/Users/a/Ayanami/code/TSP/data/classic/tsplib/kroB100.tsp,hybrid-reverse,281,polyak,156,21832.974537303809,21833.030359662778,22141
/Users/a/Ayanami/code/TSP/data/classic/tsplib/kroB100.tsp,hybrid-reverse,282,polyak,157,21833.029269482526,21833.030359662778,22141
/Users/a/Ayanami/code/TSP/data/classic/tsplib/kroB100.tsp,hybrid-reverse,283,polyak,158,21832.974751101377,21833.030359662778,22141
/Users/a/Ayanami/code/TSP/data/classic/tsplib/kroB100.tsp,hybrid-reverse,284,polyak,159,21833.029056520099,21833.030359662778,22141
/Users/a/Ayanami/code/TSP/data/classic/tsplib/kroB100.tsp,hybrid-reverse,285,polyak,160,21832.974963231922,21833.030359662778,22141
/Users/a/Ayanami/code/TSP/data/classic/tsplib/kroB100.tsp,hybrid-reverse,286,polyak,161,21833.514136369162,21833.514136369162,22141
/Users/a/Ayanami/code/TSP/data/classic/tsplib/kroB100.tsp,hybrid-reverse,287,polyak,162,21833.488820928422,21833.514136369162,22141
/Users/a/Ayanami/code/TSP/data/classic/tsplib/kroB100.tsp,hybrid-reverse,288,polyak,163,21833.514086924948,21833.514136369162,22141
/Users/a/Ayanami/code/TSP/data/classic/tsplib/kroB100.tsp,hybrid-reverse,289,polyak,164,21833.488870276073,21833.514136369162,22141
/Users/a/Ayanami/code/TSP/data/classic/tsplib/kroB100.tsp,hybrid-reverse,290,polyak,165,21833.514037673674,21833.514136369162,22141
/Users/a/Ayanami/code/TSP/data/classic/tsplib/kroB100.tsp,hybrid-reverse,291,polyak,166,21833.488919431144,21833.514136369162,22141
/Users/a/Ayanami/code/TSP/data/classic/tsplib/kroB100.tsp,hybrid-reverse,292,polyak,167,21833.51398861461,21833.514136369162,22141
/Users/a/Ayanami/code/TSP/data/classic/tsplib/kroB100.tsp,hybrid-reverse,293,polyak,168,21833.488968394395,21833.514136369162,22141
/Users/a/Ayanami/code/TSP/data/classic/tsplib/kroB100.tsp,hybrid-reverse,294,polyak,169,21833.513939746994,21833.514136369162,22141
/Users/a/Ayanami/code/TSP/data/classic/tsplib/kroB100.tsp,hybrid-reverse,295,polyak,170,21833.489017166568,21833.514136369162,22141
/Users/a/Ayanami/code/TSP/data/classic/tsplib/kroB100.tsp,hybrid-reverse,296,polyak,171,21833.513891070081,21833.514136369162,22141
/Users/a/Ayanami/code/TSP/data/classic/tsplib/kroB100.tsp,hybrid-reverse,297,polyak,172,21833.48906574841,21833.514136369162,22141
/Users/a/Ayanami/code/TSP/data/classic/tsplib/kroB100.tsp,hybrid-reverse,298,polyak,173,21833.513842583125,21833.514136369162,22141
/Users/a/Ayanami/code/TSP/data/classic/tsplib/kroB100.tsp,hybrid-reverse,299,polyak,174,21833.489114140666,21833.514136369162,22141
/Users/a/Ayanami/code/TSP/data/classic/tsplib/kroB100.tsp,hybrid-reverse,300,polyak,175,21833.782041008795,21833.782041008795,22141
/Users/a/Ayanami/code/TSP/data/classic/tsplib/kroB100.tsp,hybrid-reverse,301,polyak,176,21833.719699265621,21833.782041008795,22141
/Users/a/Ayanami/code/TSP/data/classic/tsplib/kroB100.tsp,hybrid-reverse,302,polyak,177,21833.781980128184,21833.782041008795,22141
/Users/a/Ayanami/code/TSP/data/classic/tsplib/kroB100.tsp,hybrid-reverse,303,polyak,178,21833.719760086773,21833.782041008795,22141
/Users/a/Ayanami/code/TSP/data/classic/tsplib/kroB100.tsp,hybrid-reverse,304,polyak,179,21833.781919366433,21833.782041008795,22141
/Users/a/Ayanami/code/TSP/data/classic/tsplib/kroB100.tsp,hybrid-reverse,305,polyak,180,21833.719820789196,21833.782041008795,22141
/Users/a/Ayanami/code/TSP/data/classic/tsplib/kroB100.tsp,hybrid-reverse,306,polyak,181,21833.781858723283,21833.782041008795,22141
/Users/a/Ayanami/code/TSP/data/classic/tsplib/kroB100.tsp,hybrid-reverse,307,polyak,182,21833.719881373116,21833.782041008795,22141
/Users/a/Ayanami/code/TSP/data/classic/tsplib/kroB100.tsp,hybrid-reverse,308,polyak,183,21833.781798198532,21833.782041008795,22141
/Users/a/Ayanami/code/TSP/data/classic/tsplib/kroB100.tsp,hybrid-reverse,309,polyak,184,21833.719941838768,21833.782041008795,22141
/Users/a/Ayanami/code/TSP/data/classic/tsplib/kroB100.tsp,hybrid-reverse,310,polyak,185,21833.781737791931,21833.782041008795,22141
/Users/a/Ayanami/code/TSP/data/classic/tsplib/kroB100.tsp,hybrid-reverse,311,polyak,186,21833.720002186375,21833.782041008795,22141
/Users/a/Ayanami/code/TSP/data/classic/tsplib/kroB100.tsp,hybrid-reverse,312,polyak,187,21833.781677503255,21833.782041008795,22141
/Users/a/Ayanami/code/TSP/data/classic/tsplib/kroB100.tsp,hybrid-reverse,313,polyak,188,21833.720062416178,21833.782041008795,22141
/Users/a/Ayanami/code/TSP/data/classic/tsplib/kroB100.tsp,hybrid-reverse,314,polyak,189,21833.861787968635,21833.861787968635,22141
/Users/a/Ayanami/code/TSP/data/classic/tsplib/kroB100.tsp,hybrid-reverse,315,polyak,190,21833.88912110751,21833.88912110751,22141
/Users/a/Ayanami/code/TSP/data/classic/tsplib/kroB100.tsp,hybrid-reverse,316,polyak,191,21833.861801314895,21833.88912110751,22141
/Users/a/Ayanami/code/TSP/data/classic/tsplib/kroB100.tsp,hybrid-reverse,317,polyak,192,21833.889107767769,21833.88912110751,22141
/Users/a/Ayanami/code/TSP/data/classic/tsplib/kroB100.tsp,hybrid-reverse,318,polyak,193,21833.861814648124,21833.88912110751,22141
/Users/a/Ayanami/code/TSP/data/classic/tsplib/kroB100.tsp,hybrid-reverse,319,polyak,194,21833.889094441049,21833.88912110751,22141
/Users/a/Ayanami/code/TSP/data/classic/tsplib/kroB100.tsp,hybrid-reverse,320,polyak,195,21833.861827968332,21833.88912110751,22141
/Users/a/Ayanami/code/TSP/data/classic/tsplib/kroB100.tsp,hybrid-reverse,321,polyak,196,21833.889081127345,21833.88912110751,22141
/Users/a/Ayanami/code/TSP/data/classic/tsplib/kroB100.tsp,hybrid-reverse,322,polyak,197,21833.861841275542,21833.88912110751,22141
/Users/a/Ayanami/code/TSP/data/classic/tsplib/kroB100.tsp,hybrid-reverse,323,polyak,198,21833.889067826633,21833.88912110751,22141
/Users/a/Ayanami/code/TSP/data/classic/tsplib/kroB100.tsp,hybrid-reverse,324,polyak,199,21833.861854569757,21833.88912110751,22141
/Users/a/Ayanami/code/TSP/data/classic/tsplib/kroB100.tsp,hybrid-reverse,325,polyak,200,21833.889054538911,21833.88912110751,22141
/Users/a/Ayanami/code/TSP/data/classic/tsplib/kroB100.tsp,hybrid-reverse,326,polyak,201,21833.861867850992,21833.88912110751,22141
/Users/a/Ayanami/code/TSP/data/classic/tsplib/kroB100.tsp,hybrid-reverse,327,polyak,202,21833.889041264159,21833.88912110751,22141
/Users/a/Ayanami/code/TSP/data/classic/tsplib/kroB100.tsp,hybrid-reverse,328,polyak,203,21833.861881119261,21833.88912110751,22141
/Users/a/Ayanami/code/TSP/data/classic/tsplib/kroB100.tsp,hybrid-reverse,329,polyak,204,21833.933209748644,21833.933209748644,22141
/Users/a/Ayanami/code/TSP/data/classic/tsplib/kroB100.tsp,hybrid-reverse,330,polyak,205,21833.942262226381,21833.942262226381,22141
/Users/a/Ayanami/code/TSP/data/classic/tsplib/kroB100.tsp,hybrid-reverse,331,polyak,206,21833.93321195872,21833.942262226381,22141
/Users/a/Ayanami/code/TSP/data/classic/tsplib/kroB100.tsp,hybrid-reverse,332,polyak,207,21833.942260016844,21833.942262226381,22141
/Users/a/Ayanami/code/TSP/data/classic/tsplib/kroB100.tsp,hybrid-reverse,333,polyak,208,21833.933214167715,21833.942262226381,22141
/Users/a/Ayanami/code/TSP/data/classic/tsplib/kroB100.tsp,hybrid-reverse,334,polyak,209,21833.942257808387,21833.942262226381,22141
/Users/a/Ayanami/code/TSP/data/classic/tsplib/kroB100.tsp,hybrid-reverse,335,polyak,210,21833.933216375644,21833.942262226381,22141
/Users/a/Ayanami/code/TSP/data/classic/tsplib/kroB100.tsp,hybrid-reverse,336,polyak,211,21833.942255601003,21833.942262226381,22141
/Users/a/Ayanami/code/TSP/data/classic/tsplib/kroB100.tsp,hybrid-reverse,337,polyak,212,21833.933218582486,21833.942262226381,22141
/Users/a/Ayanami/code/TSP/data/classic/tsplib/kroB100.tsp,hybrid-reverse,338,polyak,213,21833.9422533947,21833.942262226381,22141
/Users/a/Ayanami/code/TSP/data/classic/tsplib/kroB100.tsp,hybrid-reverse,339,polyak,214,21833.933220788243,21833.942262226381,22141
/Users/a/Ayanami/code/TSP/data/classic/tsplib/kroB100.tsp,hybrid-reverse,340,polyak,215,21833.942251189477,21833.942262226381,22141
/Users/a/Ayanami/code/TSP/data/classic/tsplib/kroB100.tsp,hybrid-reverse,341,polyak,216,21833.933222992939,21833.942262226381,22141
/Users/a/Ayanami/code/TSP/data/classic/tsplib/kroB100.tsp,hybrid-reverse,342,polyak,217,21833.942248985324,21833.942262226381,22141
/Users/a/Ayanami/code/TSP/data/classic/tsplib/kroB100.tsp,hybrid-reverse,343,polyak,218,21833.93322519655,21833.942262226381,22141
/Users/a/Ayanami/code/TSP/data/classic/tsplib/kroB100.tsp,hybrid-reverse,344,polyak,219,21833.965380585942,21833.965380585942,22141
/Users/a/Ayanami/code/TSP/data/classic/tsplib/kroB100.tsp,hybrid-reverse,345,polyak,220,21833.972359328673,21833.972359328673,22141
/Users/a/Ayanami/code/TSP/data/classic/tsplib/kroB100.tsp,hybrid-reverse,346,polyak,221,21833.96538143784,21833.972359328673,22141
/Users/a/Ayanami/code/TSP/data/classic/tsplib/kroB100.tsp,hybrid-reverse,347,polyak,222,21833.972358476876,21833.972359328673,22141
/Users/a/Ayanami/code/TSP/data/classic/tsplib/kroB100.tsp,hybrid-reverse,348,polyak,223,21833.965382289527,21833.972359328673,22141
/Users/a/Ayanami/code/TSP/data/classic/tsplib/kroB100.tsp,hybrid-reverse,349,polyak,224,21833.972357625287,21833.972359328673,22141
/Users/a/Ayanami/code/TSP/data/classic/tsplib/kroB100.tsp,hybrid-reverse,350,polyak,225,21833.965383141011,21833.972359328673,22141
/Users/a/Ayanami/code/TSP/data/classic/tsplib/kroB100.tsp,hybrid-reverse,351,polyak,226,21833.972356773917,21833.972359328673,22141
/Users/a/Ayanami/code/TSP/data/classic/tsplib/kroB100.tsp,hybrid-reverse,352,polyak,227,21833.965383992287,21833.972359328673,22141
/Users/a/Ayanami/code/TSP/data/classic/tsplib/kroB100.tsp,hybrid-reverse,353,polyak,228,21833.972355922746,21833.972359328673,22141
/Users/a/Ayanami/code/TSP/data/classic/tsplib/kroB100.tsp,hybrid-reverse,354,polyak,229,21833.965384843352,21833.972359328673,22141
/Users/a/Ayanami/code/TSP/data/classic/tsplib/kroB100.tsp,hybrid-reverse,355,polyak,230,21833.972355071779,21833.972359328673,22141
/Users/a/Ayanami/code/TSP/data/classic/tsplib/kroB100.tsp,hybrid-reverse,356,polyak,231,21833.96538569421,21833.972359328673,22141
/Users/a/Ayanami/code/TSP/data/classic/tsplib/kroB100.tsp,hybrid-reverse,357,polyak,232,21833.972354221023,21833.972359328673,22141
/Users/a/Ayanami/code/TSP/data/classic/tsplib/kroB100.tsp,hybrid-reverse,358,polyak,233,21833.96538654486,21833.972359328673,22141
/Users/a/Ayanami/code/TSP/data/classic/tsplib/kroB100.tsp,hybrid-reverse,359,polyak,234,21833.98457523499,21833.98457523499,22141
/Users/a/Ayanami/code/TSP/data/classic/tsplib/kroB100.tsp,hybrid-reverse,360,polyak,235,21833.984295893857,21833.98457523499,22141
/Users/a/Ayanami/code/TSP/data/classic/tsplib/kroB100.tsp,hybrid-reverse,361,polyak,236,21833.984575217939,21833.98457523499,22141
/Users/a/Ayanami/code/TSP/data/classic/tsplib/kroB100.tsp,hybrid-reverse,362,polyak,237,21833.984295910905,21833.98457523499,22141
/Users/a/Ayanami/code/TSP/data/classic/tsplib/kroB100.tsp,hybrid-reverse,363,polyak,238,21833.984575200891,21833.98457523499,22141
/Users/a/Ayanami/code/TSP/data/classic/tsplib/kroB100.tsp,hybrid-reverse,364,polyak,239,21833.984295927952,21833.98457523499,22141
/Users/a/Ayanami/code/TSP/data/classic/tsplib/kroB100.tsp,hybrid-reverse,365,polyak,240,21833.984575183847,21833.98457523499,22141
/Users/a/Ayanami/code/TSP/data/classic/tsplib/kroB100.tsp,hybrid-reverse,366,polyak,241,21833.984295944996,21833.98457523499,22141
/Users/a/Ayanami/code/TSP/data/classic/tsplib/kroB100.tsp,hybrid-reverse,367,polyak,242,21833.984575166811,21833.98457523499,22141
/Users/a/Ayanami/code/TSP/data/classic/tsplib/kroB100.tsp,hybrid-reverse,368,polyak,243,21833.984295962044,21833.98457523499,22141
/Users/a/Ayanami/code/TSP/data/classic/tsplib/kroB100.tsp,hybrid-reverse,369,polyak,244,21833.984575149767,21833.98457523499,22141
/Users/a/Ayanami/code/TSP/data/classic/tsplib/kroB100.tsp,hybrid-reverse,370,polyak,245,21833.984295979088,21833.98457523499,22141
/Users/a/Ayanami/code/TSP/data/classic/tsplib/kroB100.tsp,hybrid-reverse,371,polyak,246,21833.984575132723,21833.98457523499,22141
/Users/a/Ayanami/code/TSP/data/classic/tsplib/kroB100.tsp,hybrid-reverse,372,polyak,247,21833.984295996117,21833.98457523499,22141
/Users/a/Ayanami/code/TSP/data/classic/tsplib/kroB100.tsp,hybrid-reverse,373,polyak,248,21833.992252382148,21833.992252382148,22141
/Users/a/Ayanami/code/TSP/data/classic/tsplib/kroB100.tsp,hybrid-reverse,374,polyak,249,21833.992183416569,21833.992252382148,22141
/Users/a/Ayanami/code/TSP/data/classic/tsplib/kroB100.tsp,hybrid-reverse,375,polyak,250,21833.992252380045,21833.992252382148,22141
/Users/a/Ayanami/code/TSP/data/classic/tsplib/kroB100.tsp,hybrid-reverse,376,polyak,251,21833.992183418668,21833.992252382148,22141
/Users/a/Ayanami/code/TSP/data/classic/tsplib/kroB100.tsp,hybrid-reverse,377,polyak,252,21833.992252377939,21833.992252382148,22141
/Users/a/Ayanami/code/TSP/data/classic/tsplib/kroB100.tsp,hybrid-reverse,378,polyak,253,21833.992183420774,21833.992252382148,22141
/Users/a/Ayanami/code/TSP/data/classic/tsplib/kroB100.tsp,hybrid-reverse,379,polyak,254,21833.992252375836,21833.992252382148,22141
/Users/a/Ayanami/code/TSP/data/classic/tsplib/kroB100.tsp,hybrid-reverse,380,polyak,255,21833.992183422881,21833.992252382148,22141
/Users/a/Ayanami/code/TSP/data/classic/tsplib/kroB100.tsp,hybrid-reverse,381,polyak,256,21833.992252373726,21833.992252382148,22141
/Users/a/Ayanami/code/TSP/data/classic/tsplib/kroB100.tsp,hybrid-reverse,382,polyak,257,21833.99218342498,21833.992252382148,22141
/Users/a/Ayanami/code/TSP/data/classic/tsplib/kroB100.tsp,hybrid-reverse,383,polyak,258,21833.992252371627,21833.992252382148,22141
/Users/a/Ayanami/code/TSP/data/classic/tsplib/kroB100.tsp,hybrid-reverse,384,polyak,259,21833.99218342709,21833.992252382148,22141
/Users/a/Ayanami/code/TSP/data/classic/tsplib/kroB100.tsp,hybrid-reverse,385,polyak,260,21833.992252369524,21833.992252382148,22141
/Users/a/Ayanami/code/TSP/data/classic/tsplib/kroB100.tsp,hybrid-reverse,386,polyak,261,21833.992183429189,21833.992252382148,22141
/Users/a/Ayanami/code/TSP/data/classic/tsplib/kroB100.tsp,hybrid-reverse,387,polyak,262,21833.995777960823,21833.995777960823,22141
/Users/a/Ayanami/code/TSP/data/classic/tsplib/kroB100.tsp,hybrid-reverse,388,polyak,263,21833.996439992326,21833.996439992326,22141
/Users/a/Ayanami/code/TSP/data/classic/tsplib/kroB100.tsp,hybrid-reverse,389,polyak,264,21833.995777970926,21833.996439992326,22141
/Users/a/Ayanami/code/TSP/data/classic/tsplib/kroB100.tsp,hybrid-reverse,390,polyak,265,21833.99643998222,21833.996439992326,22141
/Users/a/Ayanami/code/TSP/data/classic/tsplib/kroB100.tsp,hybrid-reverse,391,polyak,266,21833.995777981028,21833.996439992326,22141
/Users/a/Ayanami/code/TSP/data/classic/tsplib/kroB100.tsp,hybrid-reverse,392,polyak,267,21833.996439972118,21833.996439992326,22141
/Users/a/Ayanami/code/TSP/data/classic/tsplib/kroB100.tsp,hybrid-reverse,393,polyak,268,21833.995777991131,21833.996439992326,22141
/Users/a/Ayanami/code/TSP/data/classic/tsplib/kroB100.tsp,hybrid-reverse,394,polyak,269,21833.996439962022,21833.996439992326,22141
/Users/a/Ayanami/code/TSP/data/classic/tsplib/kroB100.tsp,hybrid-reverse,395,polyak,270,21833.99577800123,21833.996439992326,22141
/Users/a/Ayanami/code/TSP/data/classic/tsplib/kroB100.tsp,hybrid-reverse,396,polyak,271,21833.996439951923,21833.996439992326,22141
/Users/a/Ayanami/code/TSP/data/classic/tsplib/kroB100.tsp,hybrid-reverse,397,polyak,272,21833.995778011325,21833.996439992326,22141
/Users/a/Ayanami/code/TSP/data/classic/tsplib/kroB100.tsp,hybrid-reverse,398,polyak,273,21833.996439941817,21833.996439992326,22141
/Users/a/Ayanami/code/TSP/data/classic/tsplib/kroB100.tsp,hybrid-reverse,399,polyak,274,21833.995778021432,21833.996439992326,22141
/Users/a/Ayanami/code/TSP/data/classic/tsplib/kroB100.tsp,hybrid-reverse,400,polyak,275,21833.996439931714,21833.996439992326,22141
/Users/a/Ayanami/code/TSP/data/classic/tsplib/kroB100.tsp,polyak-smoothed,1,polyak-smoothed,1,19499,19499,22141
/Users/a/Ayanami/code/TSP/data/classic/tsplib/kroB100.tsp,polyak-smoothed,2,polyak-smoothed,2,16562.631578947367,19499,22141
/Users/a/Ayanami/code/TSP/data/classic/tsplib/kroB100.tsp,polyak-smoothed,3,polyak-smoothed,3,18781.285734072022,19499,22141
/Users/a/Ayanami/code/TSP/data/classic/tsplib/kroB100.tsp,polyak-smoothed,4,polyak-smoothed,4,19341.935257491816,19499,22141
/Users/a/Ayanami/code/TSP/data/classic/tsplib/kroB100.tsp,polyak-smoothed,5,polyak-smoothed,5,20182.189063993115,20182.189063993115,22141
/Users/a/Ayanami/code/TSP/data/classic/tsplib/kroB100.tsp,polyak-smoothed,6,polyak-smoothed,6,20374.623549372507,20374.623549372507,22141
/Users/a/Ayanami/code/TSP/data/classic/tsplib/kroB100.tsp,polyak-smoothed,7,polyak-smoothed,7,20233.914250066297,20374.623549372507,22141
/Users/a/Ayanami/code/TSP/data/classic/tsplib/kroB100.tsp,polyak-smoothed,8,polyak-smoothed,8,20893.193018295682,20893.193018295682,22141
/Users/a/Ayanami/code/TSP/data/classic/tsplib/kroB100.tsp,polyak-smoothed,9,polyak-smoothed,9,20303.668884922216,20893.193018295682,22141
/Users/a/Ayanami/code/TSP/data/classic/tsplib/kroB100.tsp,polyak-smoothed,10,polyak-smoothed,10,20620.36533063848,20893.193018295682,22141
/Users/a/Ayanami/code/TSP/data/classic/tsplib/kroB100.tsp,polyak-smoothed,11,polyak-smoothed,11,20455.571458045666,20893.193018295682,22141
/Users/a/Ayanami/code/TSP/data/classic/tsplib/kroB100.tsp,polyak-smoothed,12,polyak-smoothed,12,20785.405103623172,20893.193018295682,22141
/Users/a/Ayanami/code/TSP/data/classic/tsplib/kroB100.tsp,polyak-smoothed,13,polyak-smoothed,13,20504.761348317003,20893.193018295682,22141
/Users/a/Ayanami/code/TSP/data/classic/tsplib/kroB100.tsp,polyak-smoothed,14,polyak-smoothed,14,20828.829555955101,20893.193018295682,22141
/Users/a/Ayanami/code/TSP/data/classic/tsplib/kroB100.tsp,polyak-smoothed,15,polyak-smoothed,15,20927.543890446457,20927.543890446457,22141
/Users/a/Ayanami/code/TSP/data/classic/tsplib/kroB100.tsp,polyak-smoothed,16,polyak-smoothed,16,20755.998562047622,20927.543890446457,22141
/Users/a/Ayanami/code/TSP/data/classic/tsplib/kroB100.tsp,polyak-smoothed,17,polyak-smoothed,17,20637.031232249919,20927.543890446457,22141
/Users/a/Ayanami/code/TSP/data/classic/tsplib/kroB100.tsp,polyak-smoothed,18,polyak-smoothed,18,20696.502175825441,20927.543890446457,22141
/Users/a/Ayanami/code/TSP/data/classic/tsplib/kroB100.tsp,polyak-smoothed,19,polyak-smoothed,19,20992.610387776953,20992.610387776953,22141
/Users/a/Ayanami/code/TSP/data/classic/tsplib/kroB100.tsp,polyak-smoothed,20,polyak-smoothed,20,20861.554918639904,20992.610387776953,22141
/Users/a/Ayanami/code/TSP/data/classic/tsplib/kroB100.tsp,polyak-smoothed,21,polyak-smoothed,21,20953.677577567669,20992.610387776953,22141
/Users/a/Ayanami/code/TSP/data/classic/tsplib/kroB100.tsp,polyak-smoothed,22,polyak-smoothed,22,20665.836510009769,20992.610387776953,22141
/Users/a/Ayanami/code/TSP/data/classic/tsplib/kroB100.tsp,polyak-smoothed,23,polyak-smoothed,23,20854.536714348575,20992.610387776953,22141
/Users/a/Ayanami/code/TSP/data/classic/tsplib/kroB100.tsp,polyak-smoothed,24,polyak-smoothed,24,20857.695632020255,20992.610387776953,22141
/Users/a/Ayanami/code/TSP/data/classic/tsplib/kroB100.tsp,polyak-smoothed,25,polyak-smoothed,25,21008.524531791219,21008.524531791219,22141
/Users/a/Ayanami/code/TSP/data/classic/tsplib/kroB100.tsp,polyak-smoothed,26,polyak-smoothed,26,20887.896476152702,21008.524531791219,22141
/Users/a/Ayanami/code/TSP/data/classic/tsplib/kroB100.tsp,polyak-smoothed,27,polyak-smoothed,27,21186.448421858284,21186.448421858284,22141
/Users/a/Ayanami/code/TSP/data/classic/tsplib/kroB100.tsp,polyak-smoothed,28,polyak-smoothed,28,20913.027273262735,21186.448421858284,22141
/Users/a/Ayanami/code/TSP/data/classic/tsplib/kroB100.tsp,polyak-smoothed,29,polyak-smoothed,29,21015.757928130588,21186.448421858284,22141
/Users/a/Ayanami/code/TSP/data/classic/tsplib/kroB100.tsp,polyak-smoothed,30,polyak-smoothed,30,20919.004481036354,21186.448421858284,22141
/Users/a/Ayanami/code/TSP/data/classic/tsplib/kroB100.tsp,polyak-smoothed,31,polyak-smoothed,31,21222.468861424426,21222.468861424426,22141
/Users/a/Ayanami/code/TSP/data/classic/tsplib/kroB100.tsp,polyak-smoothed,32,polyak-smoothed,32,21165.485526246557,21222.468861424426,22141
/Users/a/Ayanami/code/TSP/data/classic/tsplib/kroB100.tsp,polyak-smoothed,33,polyak-smoothed,33,21288.350344042577,21288.350344042577,22141
/Users/a/Ayanami/code/TSP/data/classic/tsplib/kroB100.tsp,polyak-smoothed,34,polyak-smoothed,34,20932.283131122098,21288.350344042577,22141
/Users/a/Ayanami/code/TSP/data/classic/tsplib/kroB100.tsp,polyak-smoothed,35,polyak-smoothed,35,21122.822910582559,21288.350344042577,22141
/Users/a/Ayanami/code/TSP/data/classic/tsplib/kroB100.tsp,polyak-smoothed,36,polyak-smoothed,36,20734.060087504102,21288.350344042577,22141
/Users/a/Ayanami/code/TSP/data/classic/tsplib/kroB100.tsp,polyak-smoothed,37,polyak-smoothed,37,21070.435776726634,21288.350344042577,22141
/Users/a/Ayanami/code/TSP/data/classic/tsplib/kroB100.tsp,polyak-smoothed,38,polyak-smoothed,38,20914.208855943962,21288.350344042577,22141
/Users/a/Ayanami/code/TSP/data/classic/tsplib/kroB100.tsp,polyak-smoothed,39,polyak-smoothed,39,21146.887068838998,21288.350344042577,22141
/Users/a/Ayanami/code/TSP/data/classic/tsplib/kroB100.tsp,polyak-smoothed,40,polyak-smoothed,40,20691.0674758237,21288.350344042577,22141
/Users/a/Ayanami/code/TSP/data/classic/tsplib/kroB100.tsp,polyak-smoothed,41,polyak-smoothed,41,20997.968770409883,21288.350344042577,22141
/Users/a/Ayanami/code/TSP/data/classic/tsplib/kroB100.tsp,polyak-smoothed,42,polyak-smoothed,42,21089.588101926307,21288.350344042577,22141
/Users/a/Ayanami/code/TSP/data/classic/tsplib/kroB100.tsp,polyak-smoothed,43,polyak-smoothed,43,20916.729337978617,21288.350344042577,22141
/Users/a/Ayanami/code/TSP/data/classic/tsplib/kroB100.tsp,polyak-smoothed,44,polyak-smoothed,44,20955.341586599112,21288.350344042577,22141
/Users/a/Ayanami/code/TSP/data/classic/tsplib/kroB100.tsp,polyak-smoothed,45,polyak-smoothed,45,21171.178314266912,21288.350344042577,22141
/Users/a/Ayanami/code/TSP/data/classic/tsplib/kroB100.tsp,polyak-smoothed,46,polyak-smoothed,46,21125.105199134781,21288.350344042577,22141
/Users/a/Ayanami/code/TSP/data/classic/tsplib/kroB100.tsp,polyak-smoothed,47,polyak-smoothed,47,21293.55120580205,21293.55120580205,22141
/Users/a/Ayanami/code/TSP/data/classic/tsplib/kroB100.tsp,polyak-smoothed,48,polyak-smoothed,48,21423.1001374978,21423.1001374978,22141
/Users/a/Ayanami/code/TSP/data/classic/tsplib/kroB100.tsp,polyak-smoothed,49,polyak-smoothed,49,21449.338658485613,21449.338658485613,22141
/Users/a/Ayanami/code/TSP/data/classic/tsplib/kroB100.tsp,polyak-smoothed,50,polyak-smoothed,50,21482.225818178944,21482.225818178944,22141
/Users/a/Ayanami/code/TSP/data/classic/tsplib/kroB100.tsp,polyak-smoothed,51,polyak-smoothed,51,21465.972007517143,21482.225818178944,22141
/Users/a/Ayanami/code/TSP/data/classic/tsplib/kroB100.tsp,polyak-smoothed,52,polyak-smoothed,52,21504.691847015099,21504.691847015099,22141
/Users/a/Ayanami/code/TSP/data/classic/tsplib/kroB100.tsp,polyak-smoothed,53,polyak-smoothed,53,21557.563402300442,21557.563402300442,22141
/Users/a/Ayanami/code/TSP/data/classic/tsplib/kroB100.tsp,polyak-smoothed,54,polyak-smoothed,54,21583.204947923499,21583.204947923499,22141
/Users/a/Ayanami/code/TSP/data/classic/tsplib/kroB100.tsp,polyak-smoothed,55,polyak-smoothed,55,21410.396849864814,21583.204947923499,22141
/Users/a/Ayanami/code/TSP/data/classic/tsplib/kroB100.tsp,polyak-smoothed,56,polyak-smoothed,56,21563.544722058126,21583.204947923499,22141
/Users/a/Ayanami/code/TSP/data/classic/tsplib/kroB100.tsp,polyak-smoothed,57,polyak-smoothed,57,21571.745401850378,21583.204947923499,22141
/Users/a/Ayanami/code/TSP/data/classic/tsplib/kroB100.tsp,polyak-smoothed,58,polyak-smoothed,58,21631.248163562788,21631.248163562788,22141
/Users/a/Ayanami/code/TSP/data/classic/tsplib/kroB100.tsp,polyak-smoothed,59,polyak-smoothed,59,21447.937484487658,21631.248163562788,22141
/Users/a/Ayanami/code/TSP/data/classic/tsplib/kroB100.tsp,polyak-smoothed,60,polyak-smoothed,60,21561.138065056566,21631.248163562788,22141
/Users/a/Ayanami/code/TSP/data/classic/tsplib/kroB100.tsp,polyak-smoothed,61,polyak-smoothed,61,21476.561300332578,21631.248163562788,22141
/Users/a/Ayanami/code/TSP/data/classic/tsplib/kroB100.tsp,polyak-smoothed,62,polyak-smoothed,62,21532.312234419482,21631.248163562788,22141
/Users/a/Ayanami/code/TSP/data/classic/tsplib/kroB100.tsp,polyak-smoothed,63,polyak-smoothed,63,21598.01288299065,21631.248163562788,22141
/Users/a/Ayanami/code/TSP/data/classic/tsplib/kroB100.tsp,polyak-smoothed,64,polyak-smoothed,64,21573.711891670388,21631.248163562788,22141
/Users/a/Ayanami/code/TSP/data/classic/tsplib/kroB100.tsp,polyak-smoothed,65,polyak-smoothed,65,21585.896231718772,21631.248163562788,22141
/Users/a/Ayanami/code/TSP/data/classic/tsplib/kroB100.tsp,polyak-smoothed,66,polyak-smoothed,66,21584.817478568137,21631.248163562788,22141
/Users/a/Ayanami/code/TSP/data/classic/tsplib/kroB100.tsp,polyak-smoothed,67,polyak-smoothed,67,21658.835161856077,21658.835161856077,22141
/Users/a/Ayanami/code/TSP/data/classic/tsplib/kroB100.tsp,polyak-smoothed,68,polyak-smoothed,68,21514.887022020801,21658.835161856077,22141
/Users/a/Ayanami/code/TSP/data/classic/tsplib/kroB100.tsp,polyak-smoothed,69,polyak-smoothed,69,21594.87050222031,21658.835161856077,22141
/Users/a/Ayanami/code/TSP/data/classic/tsplib/kroB100.tsp,polyak-smoothed,70,polyak-smoothed,70,21672.545905450621,21672.545905450621,22141
/Users/a/Ayanami/code/TSP/data/classic/tsplib/kroB100.tsp,polyak-smoothed,71,polyak-smoothed,71,21510.056817056335,21672.545905450621,22141
/Users/a/Ayanami/code/TSP/data/classic/tsplib/kroB100.tsp,polyak-smoothed,72,polyak-smoothed,72,21672.84910484319,21672.84910484319,22141
/Users/a/Ayanami/code/TSP/data/classic/tsplib/kroB100.tsp,polyak-smoothed,73,polyak-smoothed,73,21546.275926667902,21672.84910484319,22141
/Users/a/Ayanami/code/TSP/data/classic/tsplib/kroB100.tsp,polyak-smoothed,74,polyak-smoothed,74,21645.276954504854,21672.84910484319,22141
/Users/a/Ayanami/code/TSP/data/classic/tsplib/kroB100.tsp,polyak-smoothed,75,polyak-smoothed,75,21467.927805502502,21672.84910484319,22141
/Users/a/Ayanami/code/TSP/data/classic/tsplib/kroB100.tsp,polyak-smoothed,76,polyak-smoothed,76,21653.959858775121,21672.84910484319,22141
/Users/a/Ayanami/code/TSP/data/classic/tsplib/kroB100.tsp,polyak-smoothed,77,polyak-smoothed,77,21466.646236620905,21672.84910484319,22141
/Users/a/Ayanami/code/TSP/data/classic/tsplib/kroB100.tsp,polyak-smoothed,78,polyak-smoothed,78,21518.722458846765,21672.84910484319,22141
/Users/a/Ayanami/code/TSP/data/classic/tsplib/kroB100.tsp,polyak-smoothed,79,polyak-smoothed,79,21584.863550626265,21672.84910484319,22141
/Users/a/Ayanami/code/TSP/data/classic/tsplib/kroB100.tsp,polyak-smoothed,80,polyak-smoothed,80,21543.024619013609,21672.84910484319,22141
/Users/a/Ayanami/code/TSP/data/classic/tsplib/kroB100.tsp,polyak-smoothed,81,polyak-smoothed,81,21613.774297497777,21672.84910484319,22141
/Users/a/Ayanami/code/TSP/data/classic/tsplib/kroB100.tsp,polyak-smoothed,82,polyak-smoothed,82,21568.151107132649,21672.84910484319,22141
/Users/a/Ayanami/code/TSP/data/classic/tsplib/kroB100.tsp,polyak-smoothed,83,polyak-smoothed,83,21536.91021994855,21672.84910484319,22141
/Users/a/Ayanami/code/TSP/data/classic/tsplib/kroB100.tsp,polyak-smoothed,84,polyak-smoothed,84,21666.382548287063,21672.84910484319,22141
/Users/a/Ayanami/code/TSP/data/classic/tsplib/kroB100.tsp,polyak-smoothed,85,polyak-smoothed,85,21363.673017442939,21672.84910484319,22141
/Users/a/Ayanami/code/TSP/data/classic/tsplib/kroB100.tsp,polyak-smoothed,86,polyak-smoothed,86,21574.520523680985,21672.84910484319,22141
/Users/a/Ayanami/code/TSP/data/classic/tsplib/kroB100.tsp,polyak-smoothed,87,polyak-smoothed,87,21707.974240215644,21707.974240215644,22141
/Users/a/Ayanami/code/TSP/data/classic/tsplib/kroB100.tsp,polyak-smoothed,88,polyak-smoothed,88,21673.849954884543,21707.974240215644,22141
/Users/a/Ayanami/code/TSP/data/classic/tsplib/kroB100.tsp,polyak-smoothed,89,polyak-smoothed,89,21730.630493517441,21730.630493517441,22141
/Users/a/Ayanami/code/TSP/data/classic/tsplib/kroB100.tsp,polyak-smoothed,90,polyak-smoothed,90,21699.227634673418,21730.630493517441,22141
/Users/a/Ayanami/code/TSP/data/classic/tsplib/kroB100.tsp,polyak-smoothed,91,polyak-smoothed,91,21723.601689253999,21730.630493517441,22141
/Users/a/Ayanami/code/TSP/data/classic/tsplib/kroB100.tsp,polyak-smoothed,92,polyak-smoothed,92,21749.288367665329,21749.288367665329,22141
/Users/a/Ayanami/code/TSP/data/classic/tsplib/kroB100.tsp,polyak-smoothed,93,polyak-smoothed,93,21681.954915690218,21749.288367665329,22141
/Users/a/Ayanami/code/TSP/data/classic/tsplib/kroB100.tsp,polyak-smoothed,94,polyak-smoothed,94,21726.483009945056,21749.288367665329,22141
/Users/a/Ayanami/code/TSP/data/classic/tsplib/kroB100.tsp,polyak-smoothed,95,polyak-smoothed,95,21692.314407077738,21749.288367665329,22141
/Users/a/Ayanami/code/TSP/data/classic/tsplib/kroB100.tsp,polyak-smoothed,96,polyak-smoothed,96,21728.803358692268,21749.288367665329,22141
/Users/a/Ayanami/code/TSP/data/classic/tsplib/kroB100.tsp,polyak-smoothed,97,polyak-smoothed,97,21690.937597723758,21749.288367665329,22141
/Users/a/Ayanami/code/TSP/data/classic/tsplib/kroB100.tsp,polyak-smoothed,98,polyak-smoothed,98,21735.170697688187,21749.288367665329,22141
/Users/a/Ayanami/code/TSP/data/classic/tsplib/kroB100.tsp,polyak-smoothed,99,polyak-smoothed,99,21626.935842524155,21749.288367665329,22141
/Users/a/Ayanami/code/TSP/data/classic/tsplib/kroB100.tsp,polyak-smoothed,100,polyak-smoothed,100,21710.343814701224,21749.288367665329,22141
/Users/a/Ayanami/code/TSP/data/classic/tsplib/kroB100.tsp,polyak-smoothed,101,polyak-smoothed,101,21700.799322257382,21749.288367665329,22141
/Users/a/Ayanami/code/TSP/data/classic/tsplib/kroB100.tsp,polyak-smoothed,102,polyak-smoothed,102,21733.412371118287,21749.288367665329,22141
/Users/a/Ayanami/code/TSP/data/classic/tsplib/kroB100.tsp,polyak-smoothed,103,polyak-smoothed,103,21729.226371162062,21749.288367665329,22141
/Users/a/Ayanami/code/TSP/data/classic/tsplib/kroB100.tsp,polyak-smoothed,104,polyak-smoothed,104,21732.564089277585,21749.288367665329,22141
/Users/a/Ayanami/code/TSP/data/classic/tsplib/kroB100.tsp,polyak-smoothed,105,polyak-smoothed,105,21697.168290590333,21749.288367665329,22141
/Users/a/Ayanami/code/TSP/data/classic/tsplib/kroB100.tsp,polyak-smoothed,106,polyak-smoothed,106,21742.259349840922,21749.288367665329,22141
/Users/a/Ayanami/code/TSP/data/classic/tsplib/kroB100.tsp,polyak-smoothed,107,polyak-smoothed,107,21765.754498251204,21765.754498251204,22141
/Users/a/Ayanami/code/TSP/data/classic/tsplib/kroB100.tsp,polyak-smoothed,108,polyak-smoothed,108,21779.958391601042,21779.958391601042,22141
/Users/a/Ayanami/code/TSP/data/classic/tsplib/kroB100.tsp,polyak-smoothed,109,polyak-smoothed,109,21775.443806598338,21779.958391601042,22141
/Users/a/Ayanami/code/TSP/data/classic/tsplib/kroB100.tsp,polyak-smoothed,110,polyak-smoothed,110,21792.157773560517,21792.157773560517,22141
/Users/a/Ayanami/code/TSP/data/classic/tsplib/kroB100.tsp,polyak-smoothed,111,polyak-smoothed,111,21777.48554824583,21792.157773560517,22141
/Users/a/Ayanami/code/TSP/data/classic/tsplib/kroB100.tsp,polyak-smoothed,112,polyak-smoothed,112,21789.406327569774,21792.157773560517,22141
/Users/a/Ayanami/code/TSP/data/classic/tsplib/kroB100.tsp,polyak-smoothed,113,polyak-smoothed,113,21776.200056224079,21792.157773560517,22141
/Users/a/Ayanami/code/TSP/data/classic/tsplib/kroB100.tsp,polyak-smoothed,114,polyak-smoothed,114,21785.607274067344,21792.157773560517,22141
/Users/a/Ayanami/code/TSP/data/classic/tsplib/kroB100.tsp,polyak-smoothed,115,polyak-smoothed,115,21768.833759012894,21792.157773560517,22141
/Users/a/Ayanami/code/TSP/data/classic/tsplib/kroB100.tsp,polyak-smoothed,116,polyak-smoothed,116,21793.016354528871,21793.016354528871,22141
/Users/a/Ayanami/code/TSP/data/classic/tsplib/kroB100.tsp,polyak-smoothed,117,polyak-smoothed,117,21764.336996890805,21793.016354528871,22141
/Users/a/Ayanami/code/TSP/data/classic/tsplib/kroB100.tsp,polyak-smoothed,118,polyak-smoothed,118,21785.482571717508,21793.016354528871,22141
/Users/a/Ayanami/code/TSP/data/classic/tsplib/kroB100.tsp,polyak-smoothed,119,polyak-smoothed,119,21749.582683218883,21793.016354528871,22141
/Users/a/Ayanami/code/TSP/data/classic/tsplib/kroB100.tsp,polyak-smoothed,120,polyak-smoothed,120,21771.212785873064,21793.016354528871,22141
/Users/a/Ayanami/code/TSP/data/classic/tsplib/kroB100.tsp,polyak-smoothed,121,polyak-smoothed,121,21745.270873313828,21793.016354528871,22141
/Users/a/Ayanami/code/TSP/data/classic/tsplib/kroB100.tsp,polyak-smoothed,122,polyak-smoothed,122,21786.406717666334,21793.016354528871,22141
/Users/a/Ayanami/code/TSP/data/classic/tsplib/kroB100.tsp,polyak-smoothed,123,polyak-smoothed,123,21769.754405242496,21793.016354528871,22141
/Users/a/Ayanami/code/TSP/data/classic/tsplib/kroB100.tsp,polyak-smoothed,124,polyak-smoothed,124,21789.957474778636,21793.016354528871,22141
/Users/a/Ayanami/code/TSP/data/classic/tsplib/kroB100.tsp,polyak-smoothed,125,polyak-smoothed,125,21775.370191717302,21793.016354528871,22141
/Users/a/Ayanami/code/TSP/data/classic/tsplib/kroB100.tsp,polyak-smoothed,126,polyak-smoothed,126,21795.057009988595,21795.057009988595,22141
/Users/a/Ayanami/code/TSP/data/classic/tsplib/kroB100.tsp,polyak-smoothed,127,polyak-smoothed,127,21770.956437093948,21795.057009988595,22141
/Users/a/Ayanami/code/TSP/data/classic/tsplib/kroB100.tsp,polyak-smoothed,128,polyak-smoothed,128,21795.079211648237,21795.079211648237,22141
/Users/a/Ayanami/code/TSP/data/classic/tsplib/kroB100.tsp,polyak-smoothed,129,polyak-smoothed,129,21738.421572120671,21795.079211648237,22141
/Users/a/Ayanami/code/TSP/data/classic/tsplib/kroB100.tsp,polyak-smoothed,130,polyak-smoothed,130,21769.060539259779,21795.079211648237,22141
/Users/a/Ayanami/code/TSP/data/classic/tsplib/kroB100.tsp,polyak-smoothed,131,polyak-smoothed,131,21765.726088057403,21795.079211648237,22141
/Users/a/Ayanami/code/TSP/data/classic/tsplib/kroB100.tsp,polyak-smoothed,132,polyak-smoothed,132,21785.210657099422,21795.079211648237,22141
/Users/a/Ayanami/code/TSP/data/classic/tsplib/kroB100.tsp,polyak-smoothed,133,polyak-smoothed,133,21770.487630427117,21795.079211648237,22141
/Users/a/Ayanami/code/TSP/data/classic/tsplib/kroB100.tsp,polyak-smoothed,134,polyak-smoothed,134,21791.077122554409,21795.079211648237,22141
/Users/a/Ayanami/code/TSP/data/classic/tsplib/kroB100.tsp,polyak-smoothed,135,polyak-smoothed,135,21776.867014275089,21795.079211648237,22141
/Users/a/Ayanami/code/TSP/data/classic/tsplib/kroB100.tsp,polyak-smoothed,136,polyak-smoothed,136,21787.741100778916,21795.079211648237,22141
/Users/a/Ayanami/code/TSP/data/classic/tsplib/kroB100.tsp,polyak-smoothed,137,polyak-smoothed,137,21775.608399968045,21795.079211648237,22141
/Users/a/Ayanami/code/TSP/data/classic/tsplib/kroB100.tsp,polyak-smoothed,138,polyak-smoothed,138,21795.815792767437,21795.815792767437,22141
/Users/a/Ayanami/code/TSP/data/classic/tsplib/kroB100.tsp,polyak-smoothed,139,polyak-smoothed,139,21749.028376239366,21795.815792767437,22141
/Users/a/Ayanami/code/TSP/data/classic/tsplib/kroB100.tsp,polyak-smoothed,140,polyak-smoothed,140,21782.239812791351,21795.815792767437,22141
/Users/a/Ayanami/code/TSP/data/classic/tsplib/kroB100.tsp,polyak-smoothed,141,polyak-smoothed,141,21801.433807624813,21801.433807624813,22141
/Users/a/Ayanami/code/TSP/data/classic/tsplib/kroB100.tsp,polyak-smoothed,142,polyak-smoothed,142,21791.436169101686,21801.433807624813,22141
/Users/a/Ayanami/code/TSP/data/classic/tsplib/kroB100.tsp,polyak-smoothed,143,polyak-smoothed,143,21792.432901994693,21801.433807624813,22141
/Users/a/Ayanami/code/TSP/data/classic/tsplib/kroB100.tsp,polyak-smoothed,144,polyak-smoothed,144,21768.184612485595,21801.433807624813,22141
/Users/a/Ayanami/code/TSP/data/classic/tsplib/kroB100.tsp,polyak-smoothed,145,polyak-smoothed,145,21788.302058756144,21801.433807624813,22141
/Users/a/Ayanami/code/TSP/data/classic/tsplib/kroB100.tsp,polyak-smoothed,146,polyak-smoothed,146,21782.318418715051,21801.433807624813,22141
/Users/a/Ayanami/code/TSP/data/classic/tsplib/kroB100.tsp,polyak-smoothed,147,polyak-smoothed,147,21787.554340932584,21801.433807624813,22141
/Users/a/Ayanami/code/TSP/data/classic/tsplib/kroB100.tsp,polyak-smoothed,148,polyak-smoothed,148,21798.14292966967,21801.433807624813,22141
/Users/a/Ayanami/code/TSP/data/classic/tsplib/kroB100.tsp,polyak-smoothed,149,polyak-smoothed,149,21785.305708190594,21801.433807624813,22141
/Users/a/Ayanami/code/TSP/data/classic/tsplib/kroB100.tsp,polyak-smoothed,150,polyak-smoothed,150,21799.171666661452,21801.433807624813,22141
/Users/a/Ayanami/code/TSP/data/classic/tsplib/kroB100.tsp,polyak-smoothed,151,polyak-smoothed,151,21781.240424655392,21801.433807624813,22141
/Users/a/Ayanami/code/TSP/data/classic/tsplib/kroB100.tsp,polyak-smoothed,152,polyak-smoothed,152,21772.268417782005,21801.433807624813,22141
/Users/a/Ayanami/code/TSP/data/classic/tsplib/kroB100.tsp,polyak-smoothed,153,polyak-smoothed,153,21792.484127522504,21801.433807624813,22141
/Users/a/Ayanami/code/TSP/data/classic/tsplib/kroB100.tsp,polyak-smoothed,154,polyak-smoothed,154,21779.627551046218,21801.433807624813,22141
/Users/a/Ayanami/code/TSP/data/classic/tsplib/kroB100.tsp,polyak-smoothed,155,polyak-smoothed,155,21806.737259690599,21806.737259690599,22141
/Users/a/Ayanami/code/TSP/data/classic/tsplib/kroB100.tsp,polyak-smoothed,156,polyak-smoothed,156,21813.849774967817,21813.849774967817,22141
/Users/a/Ayanami/code/TSP/data/classic/tsplib/kroB100.tsp,polyak-smoothed,157,polyak-smoothed,157,21805.382170301586,21813.849774967817,22141
/Users/a/Ayanami/code/TSP/data/classic/tsplib/kroB100.tsp,polyak-smoothed,158,polyak-smoothed,158,21819.095970833281,21819.095970833281,22141
/Users/a/Ayanami/code/TSP/data/classic/tsplib/kroB100.tsp,polyak-smoothed,159,polyak-smoothed,159,21809.644020480271,21819.095970833281,22141
/Users/a/Ayanami/code/TSP/data/classic/tsplib/kroB100.tsp,polyak-smoothed,160,polyak-smoothed,160,21816.325155758303,21819.095970833281,22141
/Users/a/Ayanami/code/TSP/data/classic/tsplib/kroB100.tsp,polyak-smoothed,161,polyak-smoothed,161,21814.135826177004,21819.095970833281,22141
/Users/a/Ayanami/code/TSP/data/classic/tsplib/kroB100.tsp,polyak-smoothed,162,polyak-smoothed,162,21808.93323547273,21819.095970833281,22141
/Users/a/Ayanami/code/TSP/data/classic/tsplib/kroB100.tsp,polyak-smoothed,163,polyak-smoothed,163,21815.60231055837,21819.095970833281,22141
/Users/a/Ayanami/code/TSP/data/classic/tsplib/kroB100.tsp,polyak-smoothed,164,polyak-smoothed,164,21809.284327900114,21819.095970833281,22141
/Users/a/Ayanami/code/TSP/data/classic/tsplib/kroB100.tsp,polyak-smoothed,165,polyak-smoothed,165,21817.223108144462,21819.095970833281,22141
/Users/a/Ayanami/code/TSP/data/classic/tsplib/kroB100.tsp,polyak-smoothed,166,polyak-smoothed,166,21806.151262577587,21819.095970833281,22141
/Users/a/Ayanami/code/TSP/data/classic/tsplib/kroB100.tsp,polyak-smoothed,167,polyak-smoothed,167,21817.731615806821,21819.095970833281,22141
/Users/a/Ayanami/code/TSP/data/classic/tsplib/kroB100.tsp,polyak-smoothed,168,polyak-smoothed,168,21805.184653354787,21819.095970833281,22141
/Users/a/Ayanami/code/TSP/data/classic/tsplib/kroB100.tsp,polyak-smoothed,169,polyak-smoothed,169,21816.66546814689,21819.095970833281,22141
/Users/a/Ayanami/code/TSP/data/classic/tsplib/kroB100.tsp,polyak-smoothed,170,polyak-smoothed,170,21809.207770608766,21819.095970833281,22141
/Users/a/Ayanami/code/TSP/data/classic/tsplib/kroB100.tsp,polyak-smoothed,171,polyak-smoothed,171,21816.571863531066,21819.095970833281,22141
/Users/a/Ayanami/code/TSP/data/classic/tsplib/kroB100.tsp,polyak-smoothed,172,polyak-smoothed,172,21820.432934875316,21820.432934875316,22141
/Users/a/Ayanami/code/TSP/data/classic/tsplib/kroB100.tsp,polyak-smoothed,173,polyak-smoothed,173,21826.204372484233,21826.204372484233,22141
/Users/a/Ayanami/code/TSP/data/classic/tsplib/kroB100.tsp,polyak-smoothed,174,polyak-smoothed,174,21823.680548166776,21826.204372484233,22141
/Users/a/Ayanami/code/TSP/data/classic/tsplib/kroB100.tsp,polyak-smoothed,175,polyak-smoothed,175,21824.081001250179,21826.204372484233,22141
/Users/a/Ayanami/code/TSP/data/classic/tsplib/kroB100.tsp,polyak-smoothed,176,polyak-smoothed,176,21824.1171597227,21826.204372484233,22141
/Users/a/Ayanami/code/TSP/data/classic/tsplib/kroB100.tsp,polyak-smoothed,177,polyak-smoothed,177,21824.999175621673,21826.204372484233,22141
/Users/a/Ayanami/code/TSP/data/classic/tsplib/kroB100.tsp,polyak-smoothed,178,polyak-smoothed,178,21824.533642605522,21826.204372484233,22141
/Users/a/Ayanami/code/TSP/data/classic/tsplib/kroB100.tsp,polyak-smoothed,179,polyak-smoothed,179,21827.741137177771,21827.741137177771,22141
/Users/a/Ayanami/code/TSP/data/classic/tsplib/kroB100.tsp,polyak-smoothed,180,polyak-smoothed,180,21815.373503052269,21827.741137177771,22141
/Users/a/Ayanami/code/TSP/data/classic/tsplib/kroB100.tsp,polyak-smoothed,181,polyak-smoothed,181,21822.934169327822,21827.741137177771,22141
/Users/a/Ayanami/code/TSP/data/classic/tsplib/kroB100.tsp,polyak-smoothed,182,polyak-smoothed,182,21817.366242024731,21827.741137177771,22141
/Users/a/Ayanami/code/TSP/data/classic/tsplib/kroB100.tsp,polyak-smoothed,183,polyak-smoothed,183,21821.859234443276,21827.741137177771,22141
/Users/a/Ayanami/code/TSP/data/classic/tsplib/kroB100.tsp,polyak-smoothed,184,polyak-smoothed,184,21826.430086773922,21827.741137177771,22141
/Users/a/Ayanami/code/TSP/data/classic/tsplib/kroB100.tsp,polyak-smoothed,185,polyak-smoothed,185,21823.560659108451,21827.741137177771,22141
/Users/a/Ayanami/code/TSP/data/classic/tsplib/kroB100.tsp,polyak-smoothed,186,polyak-smoothed,186,21828.796931253462,21828.796931253462,22141
/Users/a/Ayanami/code/TSP/data/classic/tsplib/kroB100.tsp,polyak-smoothed,187,polyak-smoothed,187,21817.255156250441,21828.796931253462,22141
/Users/a/Ayanami/code/TSP/data/classic/tsplib/kroB100.tsp,polyak-smoothed,188,polyak-smoothed,188,21822.933131526672,21828.796931253462,22141
/Users/a/Ayanami/code/TSP/data/classic/tsplib/kroB100.tsp,polyak-smoothed,189,polyak-smoothed,189,21823.197621821215,21828.796931253462,22141
/Users/a/Ayanami/code/TSP/data/classic/tsplib/kroB100.tsp,polyak-smoothed,190,polyak-smoothed,190,21824.941165232754,21828.796931253462,22141
/Users/a/Ayanami/code/TSP/data/classic/tsplib/kroB100.tsp,polyak-smoothed,191,polyak-smoothed,191,21823.583893105952,21828.796931253462,22141
/Users/a/Ayanami/code/TSP/data/classic/tsplib/kroB100.tsp,polyak-smoothed,192,polyak-smoothed,192,21818.416037517498,21828.796931253462,22141
/Users/a/Ayanami/code/TSP/data/classic/tsplib/kroB100.tsp,polyak-smoothed,193,polyak-smoothed,193,21822.483008268438,21828.796931253462,22141
/Users/a/Ayanami/code/TSP/data/classic/tsplib/kroB100.tsp,polyak-smoothed,194,polyak-smoothed,194,21821.717008291351,21828.796931253462,22141
/Users/a/Ayanami/code/TSP/data/classic/tsplib/kroB100.tsp,polyak-smoothed,195,polyak-smoothed,195,21823.86002360981,21828.796931253462,22141
/Users/a/Ayanami/code/TSP/data/classic/tsplib/kroB100.tsp,polyak-smoothed,196,polyak-smoothed,196,21815.702788313894,21828.796931253462,22141
/Users/a/Ayanami/code/TSP/data/classic/tsplib/kroB100.tsp,polyak-smoothed,197,polyak-smoothed,197,21819.652734864194,21828.796931253462,22141
/Users/a/Ayanami/code/TSP/data/classic/tsplib/kroB100.tsp,polyak-smoothed,198,polyak-smoothed,198,21826.801548811509,21828.796931253462,22141
/Users/a/Ayanami/code/TSP/data/classic/tsplib/kroB100.tsp,polyak-smoothed,199,polyak-smoothed,199,21822.533744191016,21828.796931253462,22141
/Users/a/Ayanami/code/TSP/data/classic/tsplib/kroB100.tsp,polyak-smoothed,200,polyak-smoothed,200,21827.298693021407,21828.796931253462,22141
/Users/a/Ayanami/code/TSP/data/classic/tsplib/kroB100.tsp,polyak-smoothed,201,polyak-smoothed,201,21826.36754444733,21828.796931253462,22141
/Users/a/Ayanami/code/TSP/data/classic/tsplib/kroB100.tsp,polyak-smoothed,202,polyak-smoothed,202,21830.235175921502,21830.235175921502,22141
/Users/a/Ayanami/code/TSP/data/classic/tsplib/kroB100.tsp,polyak-smoothed,203,polyak-smoothed,203,21829.332423011434,21830.235175921502,22141
/Users/a/Ayanami/code/TSP/data/classic/tsplib/kroB100.tsp,polyak-smoothed,204,polyak-smoothed,204,21831.387261069503,21831.387261069503,22141
/Users/a/Ayanami/code/TSP/data/classic/tsplib/kroB100.tsp,polyak-smoothed,205,polyak-smoothed,205,21828.802207480134,21831.387261069503,22141
/Users/a/Ayanami/code/TSP/data/classic/tsplib/kroB100.tsp,polyak-smoothed,206,polyak-smoothed,206,21830.815203477538,21831.387261069503,22141
/Users/a/Ayanami/code/TSP/data/classic/tsplib/kroB100.tsp,polyak-smoothed,207,polyak-smoothed,207,21829.364432832241,21831.387261069503,22141
/Users/a/Ayanami/code/TSP/data/classic/tsplib/kroB100.tsp,polyak-smoothed,208,polyak-smoothed,208,21831.343199063143,21831.387261069503,22141
/Users/a/Ayanami/code/TSP/data/classic/tsplib/kroB100.tsp,polyak-smoothed,209,polyak-smoothed,209,21828.845512170759,21831.387261069503,22141
/Users/a/Ayanami/code/TSP/data/classic/tsplib/kroB100.tsp,polyak-smoothed,210,polyak-smoothed,210,21830.783933280702,21831.387261069503,22141
/Users/a/Ayanami/code/TSP/data/classic/tsplib/kroB100.tsp,polyak-smoothed,211,polyak-smoothed,211,21829.395165572561,21831.387261069503,22141
/Users/a/Ayanami/code/TSP/data/classic/tsplib/kroB100.tsp,polyak-smoothed,212,polyak-smoothed,212,21831.300676620453,21831.387261069503,22141
/Users/a/Ayanami/code/TSP/data/classic/tsplib/kroB100.tsp,polyak-smoothed,213,polyak-smoothed,213,21828.887303758958,21831.387261069503,22141
/Users/a/Ayanami/code/TSP/data/classic/tsplib/kroB100.tsp,polyak-smoothed,214,polyak-smoothed,214,21830.753912338376,21831.387261069503,22141
/Users/a/Ayanami/code/TSP/data/classic/tsplib/kroB100.tsp,polyak-smoothed,215,polyak-smoothed,215,21829.424670529948,21831.387261069503,22141
/Users/a/Ayanami/code/TSP/data/classic/tsplib/kroB100.tsp,polyak-smoothed,216,polyak-smoothed,216,21831.259638740816,21831.387261069503,22141
/Users/a/Ayanami/code/TSP/data/classic/tsplib/kroB100.tsp,polyak-smoothed,217,polyak-smoothed,217,21828.92763630005,21831.387261069503,22141
/Users/a/Ayanami/code/TSP/data/classic/tsplib/kroB100.tsp,polyak-smoothed,218,polyak-smoothed,218,21831.003331956141,21831.387261069503,22141
/Users/a/Ayanami/code/TSP/data/classic/tsplib/kroB100.tsp,polyak-smoothed,219,polyak-smoothed,219,21829.86886368565,21831.387261069503,22141
/Users/a/Ayanami/code/TSP/data/classic/tsplib/kroB100.tsp,polyak-smoothed,220,polyak-smoothed,220,21831.351364110953,21831.387261069503,22141
/Users/a/Ayanami/code/TSP/data/classic/tsplib/kroB100.tsp,polyak-smoothed,221,polyak-smoothed,221,21829.609739862437,21831.387261069503,22141
/Users/a/Ayanami/code/TSP/data/classic/tsplib/kroB100.tsp,polyak-smoothed,222,polyak-smoothed,222,21832.023891991226,21832.023891991226,22141
/Users/a/Ayanami/code/TSP/data/classic/tsplib/kroB100.tsp,polyak-smoothed,223,polyak-smoothed,223,21828.459008297556,21832.023891991226,22141
/Users/a/Ayanami/code/TSP/data/classic/tsplib/kroB100.tsp,polyak-smoothed,224,polyak-smoothed,224,21830.183341323704,21832.023891991226,22141
/Users/a/Ayanami/code/TSP/data/classic/tsplib/kroB100.tsp,polyak-smoothed,225,polyak-smoothed,225,21829.152627385432,21832.023891991226,22141
/Users/a/Ayanami/code/TSP/data/classic/tsplib/kroB100.tsp,polyak-smoothed,226,polyak-smoothed,226,21831.596673188302,21832.023891991226,22141
/Users/a/Ayanami/code/TSP/data/classic/tsplib/kroB100.tsp,polyak-smoothed,227,polyak-smoothed,227,21828.484107955588,21832.023891991226,22141
/Users/a/Ayanami/code/TSP/data/classic/tsplib/kroB100.tsp,polyak-smoothed,228,polyak-smoothed,228,21830.204522005064,21832.023891991226,22141
/Users/a/Ayanami/code/TSP/data/classic/tsplib/kroB100.tsp,polyak-smoothed,229,polyak-smoothed,229,21829.128030249314,21832.023891991226,22141
/Users/a/Ayanami/code/TSP/data/classic/tsplib/kroB100.tsp,polyak-smoothed,230,polyak-smoothed,230,21831.575838401553,21832.023891991226,22141
/Users/a/Ayanami/code/TSP/data/classic/tsplib/kroB100.tsp,polyak-smoothed,231,polyak-smoothed,231,21828.508211572338,21832.023891991226,22141
/Users/a/Ayanami/code/TSP/data/classic/tsplib/kroB100.tsp,polyak-smoothed,232,polyak-smoothed,232,21830.225016725246,21832.023891991226,22141
/Users/a/Ayanami/code/TSP/data/classic/tsplib/kroB100.tsp,polyak-smoothed,233,polyak-smoothed,233,21829.104411305689,21832.023891991226,22141
/Users/a/Ayanami/code/TSP/data/classic/tsplib/kroB100.tsp,polyak-smoothed,234,polyak-smoothed,234,21831.555678019129,21832.023891991226,22141
/Users/a/Ayanami/code/TSP/data/classic/tsplib/kroB100.tsp,polyak-smoothed,235,polyak-smoothed,235,21828.53135453548,21832.023891991226,22141
/Users/a/Ayanami/code/TSP/data/classic/tsplib/kroB100.tsp,polyak-smoothed,236,polyak-smoothed,236,21829.741461052105,21832.023891991226,22141
/Users/a/Ayanami/code/TSP/data/classic/tsplib/kroB100.tsp,polyak-smoothed,237,polyak-smoothed,237,21832.579027529126,21832.579027529126,22141
/Users/a/Ayanami/code/TSP/data/classic/tsplib/kroB100.tsp,polyak-smoothed,238,polyak-smoothed,238,21831.828475699716,21832.579027529126,22141
/Users/a/Ayanami/code/TSP/data/classic/tsplib/kroB100.tsp,polyak-smoothed,239,polyak-smoothed,239,21832.642074849296,21832.642074849296,22141
/Users/a/Ayanami/code/TSP/data/classic/tsplib/kroB100.tsp,polyak-smoothed,240,polyak-smoothed,240,21831.357415299011,21832.642074849296,22141
/Users/a/Ayanami/code/TSP/data/classic/tsplib/kroB100.tsp,polyak-smoothed,241,polyak-smoothed,241,21832.579390469116,21832.642074849296,22141
/Users/a/Ayanami/code/TSP/data/classic/tsplib/kroB100.tsp,polyak-smoothed,242,polyak-smoothed,242,21831.826953746313,21832.642074849296,22141
/Users/a/Ayanami/code/TSP/data/classic/tsplib/kroB100.tsp,polyak-smoothed,243,polyak-smoothed,243,21832.640655313524,21832.642074849296,22141
/Users/a/Ayanami/code/TSP/data/classic/tsplib/kroB100.tsp,polyak-smoothed,244,polyak-smoothed,244,21831.359984347007,21832.642074849296,22141
/Users/a/Ayanami/code/TSP/data/classic/tsplib/kroB100.tsp,polyak-smoothed,245,polyak-smoothed,245,21832.579738322922,21832.642074849296,22141
/Users/a/Ayanami/code/TSP/data/classic/tsplib/kroB100.tsp,polyak-smoothed,246,polyak-smoothed,246,21831.825455591534,21832.642074849296,22141
/Users/a/Ayanami/code/TSP/data/classic/tsplib/kroB100.tsp,polyak-smoothed,247,polyak-smoothed,247,21832.639251848697,21832.642074849296,22141
/Users/a/Ayanami/code/TSP/data/classic/tsplib/kroB100.tsp,polyak-smoothed,248,polyak-smoothed,248,21831.362528663398,21832.642074849296,22141
/Users/a/Ayanami/code/TSP/data/classic/tsplib/kroB100.tsp,polyak-smoothed,249,polyak-smoothed,249,21832.580071339373,21832.642074849296,22141
/Users/a/Ayanami/code/TSP/data/classic/tsplib/kroB100.tsp,polyak-smoothed,250,polyak-smoothed,250,21831.823980894002,21832.642074849296,22141
/Users/a/Ayanami/code/TSP/data/classic/tsplib/kroB100.tsp,polyak-smoothed,251,polyak-smoothed,251,21832.637864206758,21832.642074849296,22141
/Users/a/Ayanami/code/TSP/data/classic/tsplib/kroB100.tsp,polyak-smoothed,252,polyak-smoothed,252,21831.365048588134,21832.642074849296,22141
/Users/a/Ayanami/code/TSP/data/classic/tsplib/kroB100.tsp,polyak-smoothed,253,polyak-smoothed,253,21832.300118323397,21832.642074849296,22141
/Users/a/Ayanami/code/TSP/data/classic/tsplib/kroB100.tsp,polyak-smoothed,254,polyak-smoothed,254,21833.336446587455,21833.336446587455,22141
/Users/a/Ayanami/code/TSP/data/classic/tsplib/kroB100.tsp,polyak-smoothed,255,polyak-smoothed,255,21833.246817502666,21833.336446587455,22141
/Users/a/Ayanami/code/TSP/data/classic/tsplib/kroB100.tsp,polyak-smoothed,256,polyak-smoothed,256,21833.422591313138,21833.422591313138,22141
/Users/a/Ayanami/code/TSP/data/classic/tsplib/kroB100.tsp,polyak-smoothed,257,polyak-smoothed,257,21833.201591230078,21833.422591313138,22141
/Users/a/Ayanami/code/TSP/data/classic/tsplib/kroB100.tsp,polyak-smoothed,258,polyak-smoothed,258,21833.33637005679,21833.422591313138,22141
/Users/a/Ayanami/code/TSP/data/classic/tsplib/kroB100.tsp,polyak-smoothed,259,polyak-smoothed,259,21833.246886848287,21833.422591313138,22141
/Users/a/Ayanami/code/TSP/data/classic/tsplib/kroB100.tsp,polyak-smoothed,260,polyak-smoothed,260,21833.422182442591,21833.422591313138,22141
/Users/a/Ayanami/code/TSP/data/classic/tsplib/kroB100.tsp,polyak-smoothed,261,polyak-smoothed,261,21833.202006204832,21833.422591313138,22141
/Users/a/Ayanami/code/TSP/data/classic/tsplib/kroB100.tsp,polyak-smoothed,262,polyak-smoothed,262,21833.336293587014,21833.422591313138,22141
/Users/a/Ayanami/code/TSP/data/classic/tsplib/kroB100.tsp,polyak-smoothed,263,polyak-smoothed,263,21833.246956271618,21833.422591313138,22141
/Users/a/Ayanami/code/TSP/data/classic/tsplib/kroB100.tsp,polyak-smoothed,264,polyak-smoothed,264,21833.421775026443,21833.422591313138,22141
/Users/a/Ayanami/code/TSP/data/classic/tsplib/kroB100.tsp,polyak-smoothed,265,polyak-smoothed,265,21833.202419590103,21833.422591313138,22141
/Users/a/Ayanami/code/TSP/data/classic/tsplib/kroB100.tsp,polyak-smoothed,266,polyak-smoothed,266,21833.336217178756,21833.422591313138,22141
/Users/a/Ayanami/code/TSP/data/classic/tsplib/kroB100.tsp,polyak-smoothed,267,polyak-smoothed,267,21833.247025771321,21833.422591313138,22141
/Users/a/Ayanami/code/TSP/data/classic/tsplib/kroB100.tsp,polyak-smoothed,268,polyak-smoothed,268,21833.421369059328,21833.422591313138,22141
/Users/a/Ayanami/code/TSP/data/classic/tsplib/kroB100.tsp,polyak-smoothed,269,polyak-smoothed,269,21833.202831391958,21833.422591313138,22141
/Users/a/Ayanami/code/TSP/data/classic/tsplib/kroB100.tsp,polyak-smoothed,270,polyak-smoothed,270,21833.437674761808,21833.437674761808,22141
/Users/a/Ayanami/code/TSP/data/classic/tsplib/kroB100.tsp,polyak-smoothed,271,polyak-smoothed,271,21833.660319776776,21833.660319776776,22141
/Users/a/Ayanami/code/TSP/data/classic/tsplib/kroB100.tsp,polyak-smoothed,272,polyak-smoothed,272,21833.556988176533,21833.660319776776,22141
/Users/a/Ayanami/code/TSP/data/classic/tsplib/kroB100.tsp,polyak-smoothed,273,polyak-smoothed,273,21833.699994693412,21833.699994693412,22141
/Users/a/Ayanami/code/TSP/data/classic/tsplib/kroB100.tsp,polyak-smoothed,274,polyak-smoothed,274,21833.687206179031,21833.699994693412,22141
/Users/a/Ayanami/code/TSP/data/classic/tsplib/kroB100.tsp,polyak-smoothed,275,polyak-smoothed,275,21833.660313891127,21833.699994693412,22141
/Users/a/Ayanami/code/TSP/data/classic/tsplib/kroB100.tsp,polyak-smoothed,276,polyak-smoothed,276,21833.557089166181,21833.699994693412,22141
/Users/a/Ayanami/code/TSP/data/classic/tsplib/kroB100.tsp,polyak-smoothed,277,polyak-smoothed,277,21833.699909903957,21833.699994693412,22141
/Users/a/Ayanami/code/TSP/data/classic/tsplib/kroB100.tsp,polyak-smoothed,278,polyak-smoothed,278,21833.687195846065,21833.699994693412,22141
/Users/a/Ayanami/code/TSP/data/classic/tsplib/kroB100.tsp,polyak-smoothed,279,polyak-smoothed,279,21833.660308007409,21833.699994693412,22141
/Users/a/Ayanami/code/TSP/data/classic/tsplib/kroB100.tsp,polyak-smoothed,280,polyak-smoothed,280,21833.557190060863,21833.699994693412,22141
/Users/a/Ayanami/code/TSP/data/classic/tsplib/kroB100.tsp,polyak-smoothed,281,polyak-smoothed,281,21833.699825254182,21833.699994693412,22141
/Users/a/Ayanami/code/TSP/data/classic/tsplib/kroB100.tsp,polyak-smoothed,282,polyak-smoothed,282,21833.687185466511,21833.699994693412,22141
/Users/a/Ayanami/code/TSP/data/classic/tsplib/kroB100.tsp,polyak-smoothed,283,polyak-smoothed,283,21833.660302125634,21833.699994693412,22141
/Users/a/Ayanami/code/TSP/data/classic/tsplib/kroB100.tsp,polyak-smoothed,284,polyak-smoothed,284,21833.557290860652,21833.699994693412,22141
/Users/a/Ayanami/code/TSP/data/classic/tsplib/kroB100.tsp,polyak-smoothed,285,polyak-smoothed,285,21833.699740743861,21833.699994693412,22141
/Users/a/Ayanami/code/TSP/data/classic/tsplib/kroB100.tsp,polyak-smoothed,286,polyak-smoothed,286,21833.687175040519,21833.699994693412,22141
/Users/a/Ayanami/code/TSP/data/classic/tsplib/kroB100.tsp,polyak-smoothed,287,polyak-smoothed,287,21833.749848120126,21833.749848120126,22141
/Users/a/Ayanami/code/TSP/data/classic/tsplib/kroB100.tsp,polyak-smoothed,288,polyak-smoothed,288,21833.788029161577,21833.788029161577,22141
/Users/a/Ayanami/code/TSP/data/classic/tsplib/kroB100.tsp,polyak-smoothed,289,polyak-smoothed,289,21833.895439990229,21833.895439990229,22141
/Users/a/Ayanami/code/TSP/data/classic/tsplib/kroB100.tsp,polyak-smoothed,290,polyak-smoothed,290,21833.830578068366,21833.895439990229,22141
/Users/a/Ayanami/code/TSP/data/classic/tsplib/kroB100.tsp,polyak-smoothed,291,polyak-smoothed,291,21833.940883051484,21833.940883051484,22141
/Users/a/Ayanami/code/TSP/data/classic/tsplib/kroB100.tsp,polyak-smoothed,292,polyak-smoothed,292,21833.735348954364,21833.940883051484,22141
/Users/a/Ayanami/code/TSP/data/classic/tsplib/kroB100.tsp,polyak-smoothed,293,polyak-smoothed,293,21833.845597468473,21833.940883051484,22141
/Users/a/Ayanami/code/TSP/data/classic/tsplib/kroB100.tsp,polyak-smoothed,294,polyak-smoothed,294,21833.830574053361,21833.940883051484,22141
/Users/a/Ayanami/code/TSP/data/classic/tsplib/kroB100.tsp,polyak-smoothed,295,polyak-smoothed,295,21833.940778523563,21833.940883051484,22141
/Users/a/Ayanami/code/TSP/data/classic/tsplib/kroB100.tsp,polyak-smoothed,296,polyak-smoothed,296,21833.735453415935,21833.940883051484,22141
/Users/a/Ayanami/code/TSP/data/classic/tsplib/kroB100.tsp,polyak-smoothed,297,polyak-smoothed,297,21833.845601469995,21833.940883051484,22141
/Users/a/Ayanami/code/TSP/data/classic/tsplib/kroB100.tsp,polyak-smoothed,298,polyak-smoothed,298,21833.830570054382,21833.940883051484,22141
/Users/a/Ayanami/code/TSP/data/classic/tsplib/kroB100.tsp,polyak-smoothed,299,polyak-smoothed,299,21833.940674103247,21833.940883051484,22141
/Users/a/Ayanami/code/TSP/data/classic/tsplib/kroB100.tsp,polyak-smoothed,300,polyak-smoothed,300,21833.735557769967,21833.940883051484,22141
/Users/a/Ayanami/code/TSP/data/classic/tsplib/kroB100.tsp,polyak-smoothed,301,polyak-smoothed,301,21833.84560545551,21833.940883051484,22141
/Users/a/Ayanami/code/TSP/data/classic/tsplib/kroB100.tsp,polyak-smoothed,302,polyak-smoothed,302,21833.830566071389,21833.940883051484,22141
/Users/a/Ayanami/code/TSP/data/classic/tsplib/kroB100.tsp,polyak-smoothed,303,polyak-smoothed,303,21833.940569790433,21833.940883051484,22141
/Users/a/Ayanami/code/TSP/data/classic/tsplib/kroB100.tsp,polyak-smoothed,304,polyak-smoothed,304,21833.735662016566,21833.940883051484,22141
/Users/a/Ayanami/code/TSP/data/classic/tsplib/kroB100.tsp,polyak-smoothed,305,polyak-smoothed,305,21833.8095059878,21833.940883051484,22141
/Users/a/Ayanami/code/TSP/data/classic/tsplib/kroB100.tsp,polyak-smoothed,306,polyak-smoothed,306,21833.883884683721,21833.940883051484,22141
/Users/a/Ayanami/code/TSP/data/classic/tsplib/kroB100.tsp,polyak-smoothed,307,polyak-smoothed,307,21833.907270567823,21833.940883051484,22141
/Users/a/Ayanami/code/TSP/data/classic/tsplib/kroB100.tsp,polyak-smoothed,308,polyak-smoothed,308,21833.913604673493,21833.940883051484,22141
/Users/a/Ayanami/code/TSP/data/classic/tsplib/kroB100.tsp,polyak-smoothed,309,polyak-smoothed,309,21833.871817021849,21833.940883051484,22141
/Users/a/Ayanami/code/TSP/data/classic/tsplib/kroB100.tsp,polyak-smoothed,310,polyak-smoothed,310,21833.883888881424,21833.940883051484,22141
/Users/a/Ayanami/code/TSP/data/classic/tsplib/kroB100.tsp,polyak-smoothed,311,polyak-smoothed,311,21833.907258699826,21833.940883051484,22141
/Users/a/Ayanami/code/TSP/data/classic/tsplib/kroB100.tsp,polyak-smoothed,312,polyak-smoothed,312,21833.913598678122,21833.940883051484,22141
/Users/a/Ayanami/code/TSP/data/classic/tsplib/kroB100.tsp,polyak-smoothed,313,polyak-smoothed,313,21833.871830683856,21833.940883051484,22141
/Users/a/Ayanami/code/TSP/data/classic/tsplib/kroB100.tsp,polyak-smoothed,314,polyak-smoothed,314,21833.883893078641,21833.940883051484,22141
/Users/a/Ayanami/code/TSP/data/classic/tsplib/kroB100.tsp,polyak-smoothed,315,polyak-smoothed,315,21833.907246839306,21833.940883051484,22141
/Users/a/Ayanami/code/TSP/data/classic/tsplib/kroB100.tsp,polyak-smoothed,316,polyak-smoothed,316,21833.913592683584,21833.940883051484,22141
/Users/a/Ayanami/code/TSP/data/classic/tsplib/kroB100.tsp,polyak-smoothed,317,polyak-smoothed,317,21833.91957406656,21833.940883051484,22141
/Users/a/Ayanami/code/TSP/data/classic/tsplib/kroB100.tsp,polyak-smoothed,318,polyak-smoothed,318,21833.948918602335,21833.948918602335,22141
/Users/a/Ayanami/code/TSP/data/classic/tsplib/kroB100.tsp,polyak-smoothed,319,polyak-smoothed,319,21833.9327888796,21833.948918602335,22141
/Users/a/Ayanami/code/TSP/data/classic/tsplib/kroB100.tsp,polyak-smoothed,320,polyak-smoothed,320,21833.962117344701,21833.962117344701,22141
/Users/a/Ayanami/code/TSP/data/classic/tsplib/kroB100.tsp,polyak-smoothed,321,polyak-smoothed,321,21833.944484725194,21833.962117344701,22141
/Users/a/Ayanami/code/TSP/data/classic/tsplib/kroB100.tsp,polyak-smoothed,322,polyak-smoothed,322,21833.948919682225,21833.962117344701,22141
/Users/a/Ayanami/code/TSP/data/classic/tsplib/kroB100.tsp,polyak-smoothed,323,polyak-smoothed,323,21833.932789181326,21833.962117344701,22141
/Users/a/Ayanami/code/TSP/data/classic/tsplib/kroB100.tsp,polyak-smoothed,324,polyak-smoothed,324,21833.96211461641,21833.962117344701,22141
/Users/a/Ayanami/code/TSP/data/classic/tsplib/kroB100.tsp,polyak-smoothed,325,polyak-smoothed,325,21833.944486071679,21833.962117344701,22141
/Users/a/Ayanami/code/TSP/data/classic/tsplib/kroB100.tsp,polyak-smoothed,326,polyak-smoothed,326,21833.94892076157,21833.962117344701,22141
/Users/a/Ayanami/code/TSP/data/classic/tsplib/kroB100.tsp,polyak-smoothed,327,polyak-smoothed,327,21833.932789483562,21833.962117344701,22141
/Users/a/Ayanami/code/TSP/data/classic/tsplib/kroB100.tsp,polyak-smoothed,328,polyak-smoothed,328,21833.962111888817,21833.962117344701,22141
/Users/a/Ayanami/code/TSP/data/classic/tsplib/kroB100.tsp,polyak-smoothed,329,polyak-smoothed,329,21833.944487417502,21833.962117344701,22141
/Users/a/Ayanami/code/TSP/data/classic/tsplib/kroB100.tsp,polyak-smoothed,330,polyak-smoothed,330,21833.948921840383,21833.962117344701,22141
/Users/a/Ayanami/code/TSP/data/classic/tsplib/kroB100.tsp,polyak-smoothed,331,polyak-smoothed,331,21833.932789786297,21833.962117344701,22141
/Users/a/Ayanami/code/TSP/data/classic/tsplib/kroB100.tsp,polyak-smoothed,332,polyak-smoothed,332,21833.962109161926,21833.962117344701,22141
/Users/a/Ayanami/code/TSP/data/classic/tsplib/kroB100.tsp,polyak-smoothed,333,polyak-smoothed,333,21833.944488762663,21833.962117344701,22141
/Users/a/Ayanami/code/TSP/data/classic/tsplib/kroB100.tsp,polyak-smoothed,334,polyak-smoothed,334,21833.949759376919,21833.962117344701,22141
/Users/a/Ayanami/code/TSP/data/classic/tsplib/kroB100.tsp,polyak-smoothed,335,polyak-smoothed,335,21833.972156887037,21833.972156887037,22141
/Users/a/Ayanami/code/TSP/data/classic/tsplib/kroB100.tsp,polyak-smoothed,336,polyak-smoothed,336,21833.980600683331,21833.980600683331,22141
/Users/a/Ayanami/code/TSP/data/classic/tsplib/kroB100.tsp,polyak-smoothed,337,polyak-smoothed,337,21833.985414372488,21833.985414372488,22141
/Users/a/Ayanami/code/TSP/data/classic/tsplib/kroB100.tsp,polyak-smoothed,338,polyak-smoothed,338,21833.968440349578,21833.985414372488,22141
/Users/a/Ayanami/code/TSP/data/classic/tsplib/kroB100.tsp,polyak-smoothed,339,polyak-smoothed,339,21833.972157495697,21833.985414372488,22141
/Users/a/Ayanami/code/TSP/data/classic/tsplib/kroB100.tsp,polyak-smoothed,340,polyak-smoothed,340,21833.980599795697,21833.985414372488,22141
/Users/a/Ayanami/code/TSP/data/classic/tsplib/kroB100.tsp,polyak-smoothed,341,polyak-smoothed,341,21833.985413416747,21833.985414372488,22141
/Users/a/Ayanami/code/TSP/data/classic/tsplib/kroB100.tsp,polyak-smoothed,342,polyak-smoothed,342,21833.968441584257,21833.985414372488,22141
/Users/a/Ayanami/code/TSP/data/classic/tsplib/kroB100.tsp,polyak-smoothed,343,polyak-smoothed,343,21833.972158104269,21833.985414372488,22141
/Users/a/Ayanami/code/TSP/data/classic/tsplib/kroB100.tsp,polyak-smoothed,344,polyak-smoothed,344,21833.980598908191,21833.985414372488,22141
/Users/a/Ayanami/code/TSP/data/classic/tsplib/kroB100.tsp,polyak-smoothed,345,polyak-smoothed,345,21833.985412461108,21833.985414372488,22141
/Users/a/Ayanami/code/TSP/data/classic/tsplib/kroB100.tsp,polyak-smoothed,346,polyak-smoothed,346,21833.968442818776,21833.985414372488,22141
/Users/a/Ayanami/code/TSP/data/classic/tsplib/kroB100.tsp,polyak-smoothed,347,polyak-smoothed,347,21833.972158712764,21833.985414372488,22141
/Users/a/Ayanami/code/TSP/data/classic/tsplib/kroB100.tsp,polyak-smoothed,348,polyak-smoothed,348,21833.980598020833,21833.985414372488,22141
/Users/a/Ayanami/code/TSP/data/classic/tsplib/kroB100.tsp,polyak-smoothed,349,polyak-smoothed,349,21833.985411505582,21833.985414372488,22141
/Users/a/Ayanami/code/TSP/data/classic/tsplib/kroB100.tsp,polyak-smoothed,350,polyak-smoothed,350,21833.968444053124,21833.985414372488,22141
/Users/a/Ayanami/code/TSP/data/classic/tsplib/kroB100.tsp,polyak-smoothed,351,polyak-smoothed,351,21833.976176780146,21833.985414372488,22141
/Users/a/Ayanami/code/TSP/data/classic/tsplib/kroB100.tsp,polyak-smoothed,352,polyak-smoothed,352,21833.987455423652,21833.987455423652,22141
/Users/a/Ayanami/code/TSP/data/classic/tsplib/kroB100.tsp,polyak-smoothed,353,polyak-smoothed,353,21833.988812355652,21833.988812355652,22141
/Users/a/Ayanami/code/TSP/data/classic/tsplib/kroB100.tsp,polyak-smoothed,354,polyak-smoothed,354,21833.993079745956,21833.993079745956,22141
/Users/a/Ayanami/code/TSP/data/classic/tsplib/kroB100.tsp,polyak-smoothed,355,polyak-smoothed,355,21833.983959662935,21833.993079745956,22141
/Users/a/Ayanami/code/TSP/data/classic/tsplib/kroB100.tsp,polyak-smoothed,356,polyak-smoothed,356,21833.987455562325,21833.993079745956,22141
/Users/a/Ayanami/code/TSP/data/classic/tsplib/kroB100.tsp,polyak-smoothed,357,polyak-smoothed,357,21833.98881219051,21833.993079745956,22141
/Users/a/Ayanami/code/TSP/data/classic/tsplib/kroB100.tsp,polyak-smoothed,358,polyak-smoothed,358,21833.993079449348,21833.993079745956,22141
/Users/a/Ayanami/code/TSP/data/classic/tsplib/kroB100.tsp,polyak-smoothed,359,polyak-smoothed,359,21833.983959986006,21833.993079745956,22141
/Users/a/Ayanami/code/TSP/data/classic/tsplib/kroB100.tsp,polyak-smoothed,360,polyak-smoothed,360,21833.987455700979,21833.993079745956,22141
/Users/a/Ayanami/code/TSP/data/classic/tsplib/kroB100.tsp,polyak-smoothed,361,polyak-smoothed,361,21833.988812025389,21833.993079745956,22141
/Users/a/Ayanami/code/TSP/data/classic/tsplib/kroB100.tsp,polyak-smoothed,362,polyak-smoothed,362,21833.993079152762,21833.993079745956,22141
/Users/a/Ayanami/code/TSP/data/classic/tsplib/kroB100.tsp,polyak-smoothed,363,polyak-smoothed,363,21833.983960309055,21833.993079745956,22141
/Users/a/Ayanami/code/TSP/data/classic/tsplib/kroB100.tsp,polyak-smoothed,364,polyak-smoothed,364,21833.987455839615,21833.993079745956,22141
/Users/a/Ayanami/code/TSP/data/classic/tsplib/kroB100.tsp,polyak-smoothed,365,polyak-smoothed,365,21833.988811860283,21833.993079745956,22141
/Users/a/Ayanami/code/TSP/data/classic/tsplib/kroB100.tsp,polyak-smoothed,366,polyak-smoothed,366,21833.993078856198,21833.993079745956,22141
/Users/a/Ayanami/code/TSP/data/classic/tsplib/kroB100.tsp,polyak-smoothed,367,polyak-smoothed,367,21833.983960632082,21833.993079745956,22141
/Users/a/Ayanami/code/TSP/data/classic/tsplib/kroB100.tsp,polyak-smoothed,368,polyak-smoothed,368,21833.987482203211,21833.993079745956,22141
/Users/a/Ayanami/code/TSP/data/classic/tsplib/kroB100.tsp,polyak-smoothed,369,polyak-smoothed,369,21833.994443716292,21833.994443716292,22141
/Users/a/Ayanami/code/TSP/data/classic/tsplib/kroB100.tsp,polyak-smoothed,370,polyak-smoothed,370,21833.991522282955,21833.994443716292,22141
/Users/a/Ayanami/code/TSP/data/classic/tsplib/kroB100.tsp,polyak-smoothed,371,polyak-smoothed,371,21833.995423355806,21833.995423355806,22141
/Users/a/Ayanami/code/TSP/data/classic/tsplib/kroB100.tsp,polyak-smoothed,372,polyak-smoothed,372,21833.992151605176,21833.995423355806,22141
/Users/a/Ayanami/code/TSP/data/classic/tsplib/kroB100.tsp,polyak-smoothed,373,polyak-smoothed,373,21833.994443715546,21833.995423355806,22141
/Users/a/Ayanami/code/TSP/data/classic/tsplib/kroB100.tsp,polyak-smoothed,374,polyak-smoothed,374,21833.991522294091,21833.995423355806,22141
/Users/a/Ayanami/code/TSP/data/classic/tsplib/kroB100.tsp,polyak-smoothed,375,polyak-smoothed,375,21833.995423318753,21833.995423355806,22141
/Users/a/Ayanami/code/TSP/data/classic/tsplib/kroB100.tsp,polyak-smoothed,376,polyak-smoothed,376,21833.992151631839,21833.995423355806,22141
/Users/a/Ayanami/code/TSP/data/classic/tsplib/kroB100.tsp,polyak-smoothed,377,polyak-smoothed,377,21833.994443714797,21833.995423355806,22141
/Users/a/Ayanami/code/TSP/data/classic/tsplib/kroB100.tsp,polyak-smoothed,378,polyak-smoothed,378,21833.991522305227,21833.995423355806,22141
/Users/a/Ayanami/code/TSP/data/classic/tsplib/kroB100.tsp,polyak-smoothed,379,polyak-smoothed,379,21833.995423281704,21833.995423355806,22141
/Users/a/Ayanami/code/TSP/data/classic/tsplib/kroB100.tsp,polyak-smoothed,380,polyak-smoothed,380,21833.992151658505,21833.995423355806,22141
/Users/a/Ayanami/code/TSP/data/classic/tsplib/kroB100.tsp,polyak-smoothed,381,polyak-smoothed,381,21833.994443714051,21833.995423355806,22141
/Users/a/Ayanami/code/TSP/data/classic/tsplib/kroB100.tsp,polyak-smoothed,382,polyak-smoothed,382,21833.991522316366,21833.995423355806,22141
/Users/a/Ayanami/code/TSP/data/classic/tsplib/kroB100.tsp,polyak-smoothed,383,polyak-smoothed,383,21833.995423244651,21833.995423355806,22141
/Users/a/Ayanami/code/TSP/data/classic/tsplib/kroB100.tsp,polyak-smoothed,384,polyak-smoothed,384,21833.992151685165,21833.995423355806,22141
/Users/a/Ayanami/code/TSP/data/classic/tsplib/kroB100.tsp,polyak-smoothed,385,polyak-smoothed,385,21833.993970256583,21833.995423355806,22141
/Users/a/Ayanami/code/TSP/data/classic/tsplib/kroB100.tsp,polyak-smoothed,386,polyak-smoothed,386,21833.997067957396,21833.997067957396,22141
/Users/a/Ayanami/code/TSP/data/classic/tsplib/kroB100.tsp,polyak-smoothed,387,polyak-smoothed,387,21833.99743926524,21833.99743926524,22141
/Users/a/Ayanami/code/TSP/data/classic/tsplib/kroB100.tsp,polyak-smoothed,388,polyak-smoothed,388,21833.997903934396,21833.997903934396,22141
/Users/a/Ayanami/code/TSP/data/classic/tsplib/kroB100.tsp,polyak-smoothed,389,polyak-smoothed,389,21833.996694012785,21833.997903934396,22141
/Users/a/Ayanami/code/TSP/data/classic/tsplib/kroB100.tsp,polyak-smoothed,390,polyak-smoothed,390,21833.997067959557,21833.997903934396,22141
/Users/a/Ayanami/code/TSP/data/classic/tsplib/kroB100.tsp,polyak-smoothed,391,polyak-smoothed,391,21833.997439260995,21833.997903934396,22141
/Users/a/Ayanami/code/TSP/data/classic/tsplib/kroB100.tsp,polyak-smoothed,392,polyak-smoothed,392,21833.997903927113,21833.997903934396,22141
/Users/a/Ayanami/code/TSP/data/classic/tsplib/kroB100.tsp,polyak-smoothed,393,polyak-smoothed,393,21833.996694022153,21833.997903934396,22141
/Users/a/Ayanami/code/TSP/data/classic/tsplib/kroB100.tsp,polyak-smoothed,394,polyak-smoothed,394,21833.997067961722,21833.997903934396,22141
/Users/a/Ayanami/code/TSP/data/classic/tsplib/kroB100.tsp,polyak-smoothed,395,polyak-smoothed,395,21833.997439256738,21833.997903934396,22141
/Users/a/Ayanami/code/TSP/data/classic/tsplib/kroB100.tsp,polyak-smoothed,396,polyak-smoothed,396,21833.997903919837,21833.997903934396,22141
/Users/a/Ayanami/code/TSP/data/classic/tsplib/kroB100.tsp,polyak-smoothed,397,polyak-smoothed,397,21833.996694031528,21833.997903934396,22141
/Users/a/Ayanami/code/TSP/data/classic/tsplib/kroB100.tsp,polyak-smoothed,398,polyak-smoothed,398,21833.997067963886,21833.997903934396,22141
/Users/a/Ayanami/code/TSP/data/classic/tsplib/kroB100.tsp,polyak-smoothed,399,polyak-smoothed,399,21833.997439252485,21833.997903934396,22141
/Users/a/Ayanami/code/TSP/data/classic/tsplib/kroB100.tsp,polyak-smoothed,400,polyak-smoothed,400,21833.997903912554,21833.997903934396,22141
/Users/a/Ayanami/code/TSP/data/classic/tsplib/kroB100.tsp,polyak-smoothed-dynamic,1,polyak-smoothed-dynamic,1,19499,19499,22141
/Users/a/Ayanami/code/TSP/data/classic/tsplib/kroB100.tsp,polyak-smoothed-dynamic,2,polyak-smoothed-dynamic,2,16562.631578947367,19499,22141
/Users/a/Ayanami/code/TSP/data/classic/tsplib/kroB100.tsp,polyak-smoothed-dynamic,3,polyak-smoothed-dynamic,3,18510.343694416093,19499,22141
/Users/a/Ayanami/code/TSP/data/classic/tsplib/kroB100.tsp,polyak-smoothed-dynamic,4,polyak-smoothed-dynamic,4,19360.12998093792,19499,22141
/Users/a/Ayanami/code/TSP/data/classic/tsplib/kroB100.tsp,polyak-smoothed-dynamic,5,polyak-smoothed-dynamic,5,20135.134673969813,20135.134673969813,22141
/Users/a/Ayanami/code/TSP/data/classic/tsplib/kroB100.tsp,polyak-smoothed-dynamic,6,polyak-smoothed-dynamic,6,19620.740687053585,20135.134673969813,22141
/Users/a/Ayanami/code/TSP/data/classic/tsplib/kroB100.tsp,polyak-smoothed-dynamic,7,polyak-smoothed-dynamic,7,20303.417571902006,20303.417571902006,22141
/Users/a/Ayanami/code/TSP/data/classic/tsplib/kroB100.tsp,polyak-smoothed-dynamic,8,polyak-smoothed-dynamic,8,20684.592255420805,20684.592255420805,22141
/Users/a/Ayanami/code/TSP/data/classic/tsplib/kroB100.tsp,polyak-smoothed-dynamic,9,polyak-smoothed-dynamic,9,20372.486859005152,20684.592255420805,22141
/Users/a/Ayanami/code/TSP/data/classic/tsplib/kroB100.tsp,polyak-smoothed-dynamic,10,polyak-smoothed-dynamic,10,20817.623560460193,20817.623560460193,22141
/Users/a/Ayanami/code/TSP/data/classic/tsplib/kroB100.tsp,polyak-smoothed-dynamic,11,polyak-smoothed-dynamic,11,20893.534043637213,20893.534043637213,22141
/Users/a/Ayanami/code/TSP/data/classic/tsplib/kroB100.tsp,polyak-smoothed-dynamic,12,polyak-smoothed-dynamic,12,20829.132628617001,20893.534043637213,22141
/Users/a/Ayanami/code/TSP/data/classic/tsplib/kroB100.tsp,polyak-smoothed-dynamic,13,polyak-smoothed-dynamic,13,20840.800612787047,20893.534043637213,22141
/Users/a/Ayanami/code/TSP/data/classic/tsplib/kroB100.tsp,polyak-smoothed-dynamic,14,polyak-smoothed-dynamic,14,20846.36248348458,20893.534043637213,22141
/Users/a/Ayanami/code/TSP/data/classic/tsplib/kroB100.tsp,polyak-smoothed-dynamic,15,polyak-smoothed-dynamic,15,21051.714085545118,21051.714085545118,22141
/Users/a/Ayanami/code/TSP/data/classic/tsplib/kroB100.tsp,polyak-smoothed-dynamic,16,polyak-smoothed-dynamic,16,20874.584832887555,21051.714085545118,22141
/Users/a/Ayanami/code/TSP/data/classic/tsplib/kroB100.tsp,polyak-smoothed-dynamic,17,polyak-smoothed-dynamic,17,20758.971379276787,21051.714085545118,22141
/Users/a/Ayanami/code/TSP/data/classic/tsplib/kroB100.tsp,polyak-smoothed-dynamic,18,polyak-smoothed-dynamic,18,20990.277015174903,21051.714085545118,22141
/Users/a/Ayanami/code/TSP/data/classic/tsplib/kroB100.tsp,polyak-smoothed-dynamic,19,polyak-smoothed-dynamic,19,20792.025884314848,21051.714085545118,22141
/Users/a/Ayanami/code/TSP/data/classic/tsplib/kroB100.tsp,polyak-smoothed-dynamic,20,polyak-smoothed-dynamic,20,20810.52166412149,21051.714085545118,22141
/Users/a/Ayanami/code/TSP/data/classic/tsplib/kroB100.tsp,polyak-smoothed-dynamic,21,polyak-smoothed-dynamic,21,20774.842382821131,21051.714085545118,22141
/Users/a/Ayanami/code/TSP/data/classic/tsplib/kroB100.tsp,polyak-smoothed-dynamic,22,polyak-smoothed-dynamic,22,21014.907719478317,21051.714085545118,22141
/Users/a/Ayanami/code/TSP/data/classic/tsplib/kroB100.tsp,polyak-smoothed-dynamic,23,polyak-smoothed-dynamic,23,20728.828710242225,21051.714085545118,22141
/Users/a/Ayanami/code/TSP/data/classic/tsplib/kroB100.tsp,polyak-smoothed-dynamic,24,polyak-smoothed-dynamic,24,21034.070379766261,21051.714085545118,22141
/Users/a/Ayanami/code/TSP/data/classic/tsplib/kroB100.tsp,polyak-smoothed-dynamic,25,polyak-smoothed-dynamic,25,20569.802246226445,21051.714085545118,22141
/Users/a/Ayanami/code/TSP/data/classic/tsplib/kroB100.tsp,polyak-smoothed-dynamic,26,polyak-smoothed-dynamic,26,21035.21224292037,21051.714085545118,22141
/Users/a/Ayanami/code/TSP/data/classic/tsplib/kroB100.tsp,polyak-smoothed-dynamic,27,polyak-smoothed-dynamic,27,20996.069154085471,21051.714085545118,22141
/Users/a/Ayanami/code/TSP/data/classic/tsplib/kroB100.tsp,polyak-smoothed-dynamic,28,polyak-smoothed-dynamic,28,20802.740751915109,21051.714085545118,22141
/Users/a/Ayanami/code/TSP/data/classic/tsplib/kroB100.tsp,polyak-smoothed-dynamic,29,polyak-smoothed-dynamic,29,21261.191730459192,21261.191730459192,22141
/Users/a/Ayanami/code/TSP/data/classic/tsplib/kroB100.tsp,polyak-smoothed-dynamic,30,polyak-smoothed-dynamic,30,21367.085320654354,21367.085320654354,22141
/Users/a/Ayanami/code/TSP/data/classic/tsplib/kroB100.tsp,polyak-smoothed-dynamic,31,polyak-smoothed-dynamic,31,21423.934680217881,21423.934680217881,22141
/Users/a/Ayanami/code/TSP/data/classic/tsplib/kroB100.tsp,polyak-smoothed-dynamic,32,polyak-smoothed-dynamic,32,21440.166474531248,21440.166474531248,22141
/Users/a/Ayanami/code/TSP/data/classic/tsplib/kroB100.tsp,polyak-smoothed-dynamic,33,polyak-smoothed-dynamic,33,21474.661889154155,21474.661889154155,22141
/Users/a/Ayanami/code/TSP/data/classic/tsplib/kroB100.tsp,polyak-smoothed-dynamic,34,polyak-smoothed-dynamic,34,21404.133363679106,21474.661889154155,22141
/Users/a/Ayanami/code/TSP/data/classic/tsplib/kroB100.tsp,polyak-smoothed-dynamic,35,polyak-smoothed-dynamic,35,21354.759486039442,21474.661889154155,22141
/Users/a/Ayanami/code/TSP/data/classic/tsplib/kroB100.tsp,polyak-smoothed-dynamic,36,polyak-smoothed-dynamic,36,21490.030100988039,21490.030100988039,22141
/Users/a/Ayanami/code/TSP/data/classic/tsplib/kroB100.tsp,polyak-smoothed-dynamic,37,polyak-smoothed-dynamic,37,21396.671513778627,21490.030100988039,22141
/Users/a/Ayanami/code/TSP/data/classic/tsplib/kroB100.tsp,polyak-smoothed-dynamic,38,polyak-smoothed-dynamic,38,21459.183925336554,21490.030100988039,22141
/Users/a/Ayanami/code/TSP/data/classic/tsplib/kroB100.tsp,polyak-smoothed-dynamic,39,polyak-smoothed-dynamic,39,21328.21594532975,21490.030100988039,22141
/Users/a/Ayanami/code/TSP/data/classic/tsplib/kroB100.tsp,polyak-smoothed-dynamic,40,polyak-smoothed-dynamic,40,21445.213098149801,21490.030100988039,22141
/Users/a/Ayanami/code/TSP/data/classic/tsplib/kroB100.tsp,polyak-smoothed-dynamic,41,polyak-smoothed-dynamic,41,21232.962702927736,21490.030100988039,22141
/Users/a/Ayanami/code/TSP/data/classic/tsplib/kroB100.tsp,polyak-smoothed-dynamic,42,polyak-smoothed-dynamic,42,21349.531961138367,21490.030100988039,22141
/Users/a/Ayanami/code/TSP/data/classic/tsplib/kroB100.tsp,polyak-smoothed-dynamic,43,polyak-smoothed-dynamic,43,21523.40334019997,21523.40334019997,22141
/Users/a/Ayanami/code/TSP/data/classic/tsplib/kroB100.tsp,polyak-smoothed-dynamic,44,polyak-smoothed-dynamic,44,21265.817512595899,21523.40334019997,22141
/Users/a/Ayanami/code/TSP/data/classic/tsplib/kroB100.tsp,polyak-smoothed-dynamic,45,polyak-smoothed-dynamic,45,21564.59898577768,21564.59898577768,22141
/Users/a/Ayanami/code/TSP/data/classic/tsplib/kroB100.tsp,polyak-smoothed-dynamic,46,polyak-smoothed-dynamic,46,21479.0255118981,21564.59898577768,22141
/Users/a/Ayanami/code/TSP/data/classic/tsplib/kroB100.tsp,polyak-smoothed-dynamic,47,polyak-smoothed-dynamic,47,21535.913359073911,21564.59898577768,22141
/Users/a/Ayanami/code/TSP/data/classic/tsplib/kroB100.tsp,polyak-smoothed-dynamic,48,polyak-smoothed-dynamic,48,21492.900288089571,21564.59898577768,22141
/Users/a/Ayanami/code/TSP/data/classic/tsplib/kroB100.tsp,polyak-smoothed-dynamic,49,polyak-smoothed-dynamic,49,21496.941004287921,21564.59898577768,22141
/Users/a/Ayanami/code/TSP/data/classic/tsplib/kroB100.tsp,polyak-smoothed-dynamic,50,polyak-smoothed-dynamic,50,21576.693760594597,21576.693760594597,22141
/Users/a/Ayanami/code/TSP/data/classic/tsplib/kroB100.tsp,polyak-smoothed-dynamic,51,polyak-smoothed-dynamic,51,21457.869898427023,21576.693760594597,22141
/Users/a/Ayanami/code/TSP/data/classic/tsplib/kroB100.tsp,polyak-smoothed-dynamic,52,polyak-smoothed-dynamic,52,21539.576196549991,21576.693760594597,22141
/Users/a/Ayanami/code/TSP/data/classic/tsplib/kroB100.tsp,polyak-smoothed-dynamic,53,polyak-smoothed-dynamic,53,21579.633770467208,21579.633770467208,22141
/Users/a/Ayanami/code/TSP/data/classic/tsplib/kroB100.tsp,polyak-smoothed-dynamic,54,polyak-smoothed-dynamic,54,21499.706686971309,21579.633770467208,22141
/Users/a/Ayanami/code/TSP/data/classic/tsplib/kroB100.tsp,polyak-smoothed-dynamic,55,polyak-smoothed-dynamic,55,21575.969376855122,21579.633770467208,22141
/Users/a/Ayanami/code/TSP/data/classic/tsplib/kroB100.tsp,polyak-smoothed-dynamic,56,polyak-smoothed-dynamic,56,21544.855362580234,21579.633770467208,22141
/Users/a/Ayanami/code/TSP/data/classic/tsplib/kroB100.tsp,polyak-smoothed-dynamic,57,polyak-smoothed-dynamic,57,21560.397435790492,21579.633770467208,22141
/Users/a/Ayanami/code/TSP/data/classic/tsplib/kroB100.tsp,polyak-smoothed-dynamic,58,polyak-smoothed-dynamic,58,21511.664962444705,21579.633770467208,22141
/Users/a/Ayanami/code/TSP/data/classic/tsplib/kroB100.tsp,polyak-smoothed-dynamic,59,polyak-smoothed-dynamic,59,21570.431236565368,21579.633770467208,22141
/Users/a/Ayanami/code/TSP/data/classic/tsplib/kroB100.tsp,polyak-smoothed-dynamic,60,polyak-smoothed-dynamic,60,21606.447545179737,21606.447545179737,22141
/Users/a/Ayanami/code/TSP/data/classic/tsplib/kroB100.tsp,polyak-smoothed-dynamic,61,polyak-smoothed-dynamic,61,21321.481117861818,21606.447545179737,22141
/Users/a/Ayanami/code/TSP/data/classic/tsplib/kroB100.tsp,polyak-smoothed-dynamic,62,polyak-smoothed-dynamic,62,21553.094980310561,21606.447545179737,22141
/Users/a/Ayanami/code/TSP/data/classic/tsplib/kroB100.tsp,polyak-smoothed-dynamic,63,polyak-smoothed-dynamic,63,21428.045687670299,21606.447545179737,22141
/Users/a/Ayanami/code/TSP/data/classic/tsplib/kroB100.tsp,polyak-smoothed-dynamic,64,polyak-smoothed-dynamic,64,21527.810238434333,21606.447545179737,22141
/Users/a/Ayanami/code/TSP/data/classic/tsplib/kroB100.tsp,polyak-smoothed-dynamic,65,polyak-smoothed-dynamic,65,21460.800261265093,21606.447545179737,22141
/Users/a/Ayanami/code/TSP/data/classic/tsplib/kroB100.tsp,polyak-smoothed-dynamic,66,polyak-smoothed-dynamic,66,21575.060396365217,21606.447545179737,22141
/Users/a/Ayanami/code/TSP/data/classic/tsplib/kroB100.tsp,polyak-smoothed-dynamic,67,polyak-smoothed-dynamic,67,21504.533238272074,21606.447545179737,22141
/Users/a/Ayanami/code/TSP/data/classic/tsplib/kroB100.tsp,polyak-smoothed-dynamic,68,polyak-smoothed-dynamic,68,21570.703460272092,21606.447545179737,22141
/Users/a/Ayanami/code/TSP/data/classic/tsplib/kroB100.tsp,polyak-smoothed-dynamic,69,polyak-smoothed-dynamic,69,21544.750713436046,21606.447545179737,22141
/Users/a/Ayanami/code/TSP/data/classic/tsplib/kroB100.tsp,polyak-smoothed-dynamic,70,polyak-smoothed-dynamic,70,21515.775757905187,21606.447545179737,22141
/Users/a/Ayanami/code/TSP/data/classic/tsplib/kroB100.tsp,polyak-smoothed-dynamic,71,polyak-smoothed-dynamic,71,21564.783453171112,21606.447545179737,22141
/Users/a/Ayanami/code/TSP/data/classic/tsplib/kroB100.tsp,polyak-smoothed-dynamic,72,polyak-smoothed-dynamic,72,21472.750604544257,21606.447545179737,22141
/Users/a/Ayanami/code/TSP/data/classic/tsplib/kroB100.tsp,polyak-smoothed-dynamic,73,polyak-smoothed-dynamic,73,21552.365635171471,21606.447545179737,22141
/Users/a/Ayanami/code/TSP/data/classic/tsplib/kroB100.tsp,polyak-smoothed-dynamic,74,polyak-smoothed-dynamic,74,21615.109710378176,21615.109710378176,22141
/Users/a/Ayanami/code/TSP/data/classic/tsplib/kroB100.tsp,polyak-smoothed-dynamic,75,polyak-smoothed-dynamic,75,21712.766632828971,21712.766632828971,22141
/Users/a/Ayanami/code/TSP/data/classic/tsplib/kroB100.tsp,polyak-smoothed-dynamic,76,polyak-smoothed-dynamic,76,21653.10405353595,21712.766632828971,22141
/Users/a/Ayanami/code/TSP/data/classic/tsplib/kroB100.tsp,polyak-smoothed-dynamic,77,polyak-smoothed-dynamic,77,21672.810504766727,21712.766632828971,22141
/Users/a/Ayanami/code/TSP/data/classic/tsplib/kroB100.tsp,polyak-smoothed-dynamic,78,polyak-smoothed-dynamic,78,21710.737522327152,21712.766632828971,22141
/Users/a/Ayanami/code/TSP/data/classic/tsplib/kroB100.tsp,polyak-smoothed-dynamic,79,polyak-smoothed-dynamic,79,21633.049327998826,21712.766632828971,22141
/Users/a/Ayanami/code/TSP/data/classic/tsplib/kroB100.tsp,polyak-smoothed-dynamic,80,polyak-smoothed-dynamic,80,21685.118701403,21712.766632828971,22141
/Users/a/Ayanami/code/TSP/data/classic/tsplib/kroB100.tsp,polyak-smoothed-dynamic,81,polyak-smoothed-dynamic,81,21701.3761595703,21712.766632828971,22141
/Users/a/Ayanami/code/TSP/data/classic/tsplib/kroB100.tsp,polyak-smoothed-dynamic,82,polyak-smoothed-dynamic,82,21701.237206224232,21712.766632828971,22141
/Users/a/Ayanami/code/TSP/data/classic/tsplib/kroB100.tsp,polyak-smoothed-dynamic,83,polyak-smoothed-dynamic,83,21719.798174799518,21719.798174799518,22141
/Users/a/Ayanami/code/TSP/data/classic/tsplib/kroB100.tsp,polyak-smoothed-dynamic,84,polyak-smoothed-dynamic,84,21697.424034203348,21719.798174799518,22141
/Users/a/Ayanami/code/TSP/data/classic/tsplib/kroB100.tsp,polyak-smoothed-dynamic,85,polyak-smoothed-dynamic,85,21737.55716205846,21737.55716205846,22141
/Users/a/Ayanami/code/TSP/data/classic/tsplib/kroB100.tsp,polyak-smoothed-dynamic,86,polyak-smoothed-dynamic,86,21643.435179786997,21737.55716205846,22141
/Users/a/Ayanami/code/TSP/data/classic/tsplib/kroB100.tsp,polyak-smoothed-dynamic,87,polyak-smoothed-dynamic,87,21692.766499015423,21737.55716205846,22141
/Users/a/Ayanami/code/TSP/data/classic/tsplib/kroB100.tsp,polyak-smoothed-dynamic,88,polyak-smoothed-dynamic,88,21693.299563313398,21737.55716205846,22141
/Users/a/Ayanami/code/TSP/data/classic/tsplib/kroB100.tsp,polyak-smoothed-dynamic,89,polyak-smoothed-dynamic,89,21726.073003665675,21737.55716205846,22141
/Users/a/Ayanami/code/TSP/data/classic/tsplib/kroB100.tsp,polyak-smoothed-dynamic,90,polyak-smoothed-dynamic,90,21677.27865925691,21737.55716205846,22141
/Users/a/Ayanami/code/TSP/data/classic/tsplib/kroB100.tsp,polyak-smoothed-dynamic,91,polyak-smoothed-dynamic,91,21711.349539627558,21737.55716205846,22141
/Users/a/Ayanami/code/TSP/data/classic/tsplib/kroB100.tsp,polyak-smoothed-dynamic,92,polyak-smoothed-dynamic,92,21686.167961038213,21737.55716205846,22141
/Users/a/Ayanami/code/TSP/data/classic/tsplib/kroB100.tsp,polyak-smoothed-dynamic,93,polyak-smoothed-dynamic,93,21720.903431438135,21737.55716205846,22141
/Users/a/Ayanami/code/TSP/data/classic/tsplib/kroB100.tsp,polyak-smoothed-dynamic,94,polyak-smoothed-dynamic,94,21683.835700927852,21737.55716205846,22141
/Users/a/Ayanami/code/TSP/data/classic/tsplib/kroB100.tsp,polyak-smoothed-dynamic,95,polyak-smoothed-dynamic,95,21707.25366021915,21737.55716205846,22141
/Users/a/Ayanami/code/TSP/data/classic/tsplib/kroB100.tsp,polyak-smoothed-dynamic,96,polyak-smoothed-dynamic,96,21719.481189922255,21737.55716205846,22141
/Users/a/Ayanami/code/TSP/data/classic/tsplib/kroB100.tsp,polyak-smoothed-dynamic,97,polyak-smoothed-dynamic,97,21674.329649615498,21737.55716205846,22141
/Users/a/Ayanami/code/TSP/data/classic/tsplib/kroB100.tsp,polyak-smoothed-dynamic,98,polyak-smoothed-dynamic,98,21706.152133451909,21737.55716205846,22141
/Users/a/Ayanami/code/TSP/data/classic/tsplib/kroB100.tsp,polyak-smoothed-dynamic,99,polyak-smoothed-dynamic,99,21734.856576080434,21737.55716205846,22141
/Users/a/Ayanami/code/TSP/data/classic/tsplib/kroB100.tsp,polyak-smoothed-dynamic,100,polyak-smoothed-dynamic,100,21777.96875296393,21777.96875296393,22141
/Users/a/Ayanami/code/TSP/data/classic/tsplib/kroB100.tsp,polyak-smoothed-dynamic,101,polyak-smoothed-dynamic,101,21768.088566747723,21777.96875296393,22141
/Users/a/Ayanami/code/TSP/data/classic/tsplib/kroB100.tsp,polyak-smoothed-dynamic,102,polyak-smoothed-dynamic,102,21785.791075069708,21785.791075069708,22141
/Users/a/Ayanami/code/TSP/data/classic/tsplib/kroB100.tsp,polyak-smoothed-dynamic,103,polyak-smoothed-dynamic,103,21766.054663882172,21785.791075069708,22141
/Users/a/Ayanami/code/TSP/data/classic/tsplib/kroB100.tsp,polyak-smoothed-dynamic,104,polyak-smoothed-dynamic,104,21779.411917533325,21785.791075069708,22141
/Users/a/Ayanami/code/TSP/data/classic/tsplib/kroB100.tsp,polyak-smoothed-dynamic,105,polyak-smoothed-dynamic,105,21776.831004441741,21785.791075069708,22141
/Users/a/Ayanami/code/TSP/data/classic/tsplib/kroB100.tsp,polyak-smoothed-dynamic,106,polyak-smoothed-dynamic,106,21774.048125275312,21785.791075069708,22141
/Users/a/Ayanami/code/TSP/data/classic/tsplib/kroB100.tsp,polyak-smoothed-dynamic,107,polyak-smoothed-dynamic,107,21775.286109520603,21785.791075069708,22141
/Users/a/Ayanami/code/TSP/data/classic/tsplib/kroB100.tsp,polyak-smoothed-dynamic,108,polyak-smoothed-dynamic,108,21783.990769943688,21785.791075069708,22141
/Users/a/Ayanami/code/TSP/data/classic/tsplib/kroB100.tsp,polyak-smoothed-dynamic,109,polyak-smoothed-dynamic,109,21765.343433321479,21785.791075069708,22141
/Users/a/Ayanami/code/TSP/data/classic/tsplib/kroB100.tsp,polyak-smoothed-dynamic,110,polyak-smoothed-dynamic,110,21788.998037707384,21788.998037707384,22141
/Users/a/Ayanami/code/TSP/data/classic/tsplib/kroB100.tsp,polyak-smoothed-dynamic,111,polyak-smoothed-dynamic,111,21759.548108288021,21788.998037707384,22141
/Users/a/Ayanami/code/TSP/data/classic/tsplib/kroB100.tsp,polyak-smoothed-dynamic,112,polyak-smoothed-dynamic,112,21772.208310691916,21788.998037707384,22141
/Users/a/Ayanami/code/TSP/data/classic/tsplib/kroB100.tsp,polyak-smoothed-dynamic,113,polyak-smoothed-dynamic,113,21776.724123231379,21788.998037707384,22141
/Users/a/Ayanami/code/TSP/data/classic/tsplib/kroB100.tsp,polyak-smoothed-dynamic,114,polyak-smoothed-dynamic,114,21763.18357099338,21788.998037707384,22141
/Users/a/Ayanami/code/TSP/data/classic/tsplib/kroB100.tsp,polyak-smoothed-dynamic,115,polyak-smoothed-dynamic,115,21773.698405434669,21788.998037707384,22141
/Users/a/Ayanami/code/TSP/data/classic/tsplib/kroB100.tsp,polyak-smoothed-dynamic,116,polyak-smoothed-dynamic,116,21755.839731208926,21788.998037707384,22141
/Users/a/Ayanami/code/TSP/data/classic/tsplib/kroB100.tsp,polyak-smoothed-dynamic,117,polyak-smoothed-dynamic,117,21780.170612752088,21788.998037707384,22141
/Users/a/Ayanami/code/TSP/data/classic/tsplib/kroB100.tsp,polyak-smoothed-dynamic,118,polyak-smoothed-dynamic,118,21754.674605668373,21788.998037707384,22141
/Users/a/Ayanami/code/TSP/data/classic/tsplib/kroB100.tsp,polyak-smoothed-dynamic,119,polyak-smoothed-dynamic,119,21783.170446093391,21788.998037707384,22141
/Users/a/Ayanami/code/TSP/data/classic/tsplib/kroB100.tsp,polyak-smoothed-dynamic,120,polyak-smoothed-dynamic,120,21770.647540709542,21788.998037707384,22141
/Users/a/Ayanami/code/TSP/data/classic/tsplib/kroB100.tsp,polyak-smoothed-dynamic,121,polyak-smoothed-dynamic,121,21763.869216568666,21788.998037707384,22141
/Users/a/Ayanami/code/TSP/data/classic/tsplib/kroB100.tsp,polyak-smoothed-dynamic,122,polyak-smoothed-dynamic,122,21778.731453638302,21788.998037707384,22141
/Users/a/Ayanami/code/TSP/data/classic/tsplib/kroB100.tsp,polyak-smoothed-dynamic,123,polyak-smoothed-dynamic,123,21777.571357178047,21788.998037707384,22141
/Users/a/Ayanami/code/TSP/data/classic/tsplib/kroB100.tsp,polyak-smoothed-dynamic,124,polyak-smoothed-dynamic,124,21792.069978873573,21792.069978873573,22141
/Users/a/Ayanami/code/TSP/data/classic/tsplib/kroB100.tsp,polyak-smoothed-dynamic,125,polyak-smoothed-dynamic,125,21798.172754295665,21798.172754295665,22141
/Users/a/Ayanami/code/TSP/data/classic/tsplib/kroB100.tsp,polyak-smoothed-dynamic,126,polyak-smoothed-dynamic,126,21801.170902461006,21801.170902461006,22141
/Users/a/Ayanami/code/TSP/data/classic/tsplib/kroB100.tsp,polyak-smoothed-dynamic,127,polyak-smoothed-dynamic,127,21794.652026339314,21801.170902461006,22141
/Users/a/Ayanami/code/TSP/data/classic/tsplib/kroB100.tsp,polyak-smoothed-dynamic,128,polyak-smoothed-dynamic,128,21799.186359474119,21801.170902461006,22141
/Users/a/Ayanami/code/TSP/data/classic/tsplib/kroB100.tsp,polyak-smoothed-dynamic,129,polyak-smoothed-dynamic,129,21796.554419656655,21801.170902461006,22141
/Users/a/Ayanami/code/TSP/data/classic/tsplib/kroB100.tsp,polyak-smoothed-dynamic,130,polyak-smoothed-dynamic,130,21797.666613449182,21801.170902461006,22141
/Users/a/Ayanami/code/TSP/data/classic/tsplib/kroB100.tsp,polyak-smoothed-dynamic,131,polyak-smoothed-dynamic,131,21795.257768468615,21801.170902461006,22141
/Users/a/Ayanami/code/TSP/data/classic/tsplib/kroB100.tsp,polyak-smoothed-dynamic,132,polyak-smoothed-dynamic,132,21801.502227226818,21801.502227226818,22141
/Users/a/Ayanami/code/TSP/data/classic/tsplib/kroB100.tsp,polyak-smoothed-dynamic,133,polyak-smoothed-dynamic,133,21800.74713588478,21801.502227226818,22141
/Users/a/Ayanami/code/TSP/data/classic/tsplib/kroB100.tsp,polyak-smoothed-dynamic,134,polyak-smoothed-dynamic,134,21802.493942411034,21802.493942411034,22141
/Users/a/Ayanami/code/TSP/data/classic/tsplib/kroB100.tsp,polyak-smoothed-dynamic,135,polyak-smoothed-dynamic,135,21793.117578672325,21802.493942411034,22141
/Users/a/Ayanami/code/TSP/data/classic/tsplib/kroB100.tsp,polyak-smoothed-dynamic,136,polyak-smoothed-dynamic,136,21800.356889292245,21802.493942411034,22141
/Users/a/Ayanami/code/TSP/data/classic/tsplib/kroB100.tsp,polyak-smoothed-dynamic,137,polyak-smoothed-dynamic,137,21800.628399842804,21802.493942411034,22141
/Users/a/Ayanami/code/TSP/data/classic/tsplib/kroB100.tsp,polyak-smoothed-dynamic,138,polyak-smoothed-dynamic,138,21804.838624508102,21804.838624508102,22141
/Users/a/Ayanami/code/TSP/data/classic/tsplib/kroB100.tsp,polyak-smoothed-dynamic,139,polyak-smoothed-dynamic,139,21792.402611494515,21804.838624508102,22141
/Users/a/Ayanami/code/TSP/data/classic/tsplib/kroB100.tsp,polyak-smoothed-dynamic,140,polyak-smoothed-dynamic,140,21800.27184361434,21804.838624508102,22141
/Users/a/Ayanami/code/TSP/data/classic/tsplib/kroB100.tsp,polyak-smoothed-dynamic,141,polyak-smoothed-dynamic,141,21801.277538163646,21804.838624508102,22141
/Users/a/Ayanami/code/TSP/data/classic/tsplib/kroB100.tsp,polyak-smoothed-dynamic,142,polyak-smoothed-dynamic,142,21805.644664332085,21805.644664332085,22141
/Users/a/Ayanami/code/TSP/data/classic/tsplib/kroB100.tsp,polyak-smoothed-dynamic,143,polyak-smoothed-dynamic,143,21793.370799610657,21805.644664332085,22141
/Users/a/Ayanami/code/TSP/data/classic/tsplib/kroB100.tsp,polyak-smoothed-dynamic,144,polyak-smoothed-dynamic,144,21798.889485393687,21805.644664332085,22141
/Users/a/Ayanami/code/TSP/data/classic/tsplib/kroB100.tsp,polyak-smoothed-dynamic,145,polyak-smoothed-dynamic,145,21789.753425129991,21805.644664332085,22141
/Users/a/Ayanami/code/TSP/data/classic/tsplib/kroB100.tsp,polyak-smoothed-dynamic,146,polyak-smoothed-dynamic,146,21790.692385359202,21805.644664332085,22141
/Users/a/Ayanami/code/TSP/data/classic/tsplib/kroB100.tsp,polyak-smoothed-dynamic,147,polyak-smoothed-dynamic,147,21811.796143246218,21811.796143246218,22141
/Users/a/Ayanami/code/TSP/data/classic/tsplib/kroB100.tsp,polyak-smoothed-dynamic,148,polyak-smoothed-dynamic,148,21815.279575711433,21815.279575711433,22141
/Users/a/Ayanami/code/TSP/data/classic/tsplib/kroB100.tsp,polyak-smoothed-dynamic,149,polyak-smoothed-dynamic,149,21797.795469991077,21815.279575711433,22141
/Users/a/Ayanami/code/TSP/data/classic/tsplib/kroB100.tsp,polyak-smoothed-dynamic,150,polyak-smoothed-dynamic,150,21799.610607707898,21815.279575711433,22141
/Users/a/Ayanami/code/TSP/data/classic/tsplib/kroB100.tsp,polyak-smoothed-dynamic,151,polyak-smoothed-dynamic,151,21814.470255394728,21815.279575711433,22141
/Users/a/Ayanami/code/TSP/data/classic/tsplib/kroB100.tsp,polyak-smoothed-dynamic,152,polyak-smoothed-dynamic,152,21790.123040110364,21815.279575711433,22141
/Users/a/Ayanami/code/TSP/data/classic/tsplib/kroB100.tsp,polyak-smoothed-dynamic,153,polyak-smoothed-dynamic,153,21805.833400940872,21815.279575711433,22141
/Users/a/Ayanami/code/TSP/data/classic/tsplib/kroB100.tsp,polyak-smoothed-dynamic,154,polyak-smoothed-dynamic,154,21786.352188513491,21815.279575711433,22141
/Users/a/Ayanami/code/TSP/data/classic/tsplib/kroB100.tsp,polyak-smoothed-dynamic,155,polyak-smoothed-dynamic,155,21794.245464250449,21815.279575711433,22141
/Users/a/Ayanami/code/TSP/data/classic/tsplib/kroB100.tsp,polyak-smoothed-dynamic,156,polyak-smoothed-dynamic,156,21805.737638744078,21815.279575711433,22141
/Users/a/Ayanami/code/TSP/data/classic/tsplib/kroB100.tsp,polyak-smoothed-dynamic,157,polyak-smoothed-dynamic,157,21800.876653438943,21815.279575711433,22141
/Users/a/Ayanami/code/TSP/data/classic/tsplib/kroB100.tsp,polyak-smoothed-dynamic,158,polyak-smoothed-dynamic,158,21813.844335791586,21815.279575711433,22141
/Users/a/Ayanami/code/TSP/data/classic/tsplib/kroB100.tsp,polyak-smoothed-dynamic,159,polyak-smoothed-dynamic,159,21802.440444580152,21815.279575711433,22141
/Users/a/Ayanami/code/TSP/data/classic/tsplib/kroB100.tsp,polyak-smoothed-dynamic,160,polyak-smoothed-dynamic,160,21814.133232561388,21815.279575711433,22141
/Users/a/Ayanami/code/TSP/data/classic/tsplib/kroB100.tsp,polyak-smoothed-dynamic,161,polyak-smoothed-dynamic,161,21800.333124372464,21815.279575711433,22141
/Users/a/Ayanami/code/TSP/data/classic/tsplib/kroB100.tsp,polyak-smoothed-dynamic,162,polyak-smoothed-dynamic,162,21810.603020415398,21815.279575711433,22141
/Users/a/Ayanami/code/TSP/data/classic/tsplib/kroB100.tsp,polyak-smoothed-dynamic,163,polyak-smoothed-dynamic,163,21815.032192566468,21815.279575711433,22141
/Users/a/Ayanami/code/TSP/data/classic/tsplib/kroB100.tsp,polyak-smoothed-dynamic,164,polyak-smoothed-dynamic,164,21815.624963770766,21815.624963770766,22141
/Users/a/Ayanami/code/TSP/data/classic/tsplib/kroB100.tsp,polyak-smoothed-dynamic,165,polyak-smoothed-dynamic,165,21817.596918576568,21817.596918576568,22141
/Users/a/Ayanami/code/TSP/data/classic/tsplib/kroB100.tsp,polyak-smoothed-dynamic,166,polyak-smoothed-dynamic,166,21819.803172517586,21819.803172517586,22141
/Users/a/Ayanami/code/TSP/data/classic/tsplib/kroB100.tsp,polyak-smoothed-dynamic,167,polyak-smoothed-dynamic,167,21818.856533637598,21819.803172517586,22141
/Users/a/Ayanami/code/TSP/data/classic/tsplib/kroB100.tsp,polyak-smoothed-dynamic,168,polyak-smoothed-dynamic,168,21819.613047458446,21819.803172517586,22141
/Users/a/Ayanami/code/TSP/data/classic/tsplib/kroB100.tsp,polyak-smoothed-dynamic,169,polyak-smoothed-dynamic,169,21820.865778226726,21820.865778226726,22141
/Users/a/Ayanami/code/TSP/data/classic/tsplib/kroB100.tsp,polyak-smoothed-dynamic,170,polyak-smoothed-dynamic,170,21822.559229280378,21822.559229280378,22141
/Users/a/Ayanami/code/TSP/data/classic/tsplib/kroB100.tsp,polyak-smoothed-dynamic,171,polyak-smoothed-dynamic,171,21819.441995903202,21822.559229280378,22141
/Users/a/Ayanami/code/TSP/data/classic/tsplib/kroB100.tsp,polyak-smoothed-dynamic,172,polyak-smoothed-dynamic,172,21822.446770883373,21822.559229280378,22141
/Users/a/Ayanami/code/TSP/data/classic/tsplib/kroB100.tsp,polyak-smoothed-dynamic,173,polyak-smoothed-dynamic,173,21822.971658148879,21822.971658148879,22141
/Users/a/Ayanami/code/TSP/data/classic/tsplib/kroB100.tsp,polyak-smoothed-dynamic,174,polyak-smoothed-dynamic,174,21818.041593841823,21822.971658148879,22141
/Users/a/Ayanami/code/TSP/data/classic/tsplib/kroB100.tsp,polyak-smoothed-dynamic,175,polyak-smoothed-dynamic,175,21819.155274625307,21822.971658148879,22141
/Users/a/Ayanami/code/TSP/data/classic/tsplib/kroB100.tsp,polyak-smoothed-dynamic,176,polyak-smoothed-dynamic,176,21818.020588950061,21822.971658148879,22141
/Users/a/Ayanami/code/TSP/data/classic/tsplib/kroB100.tsp,polyak-smoothed-dynamic,177,polyak-smoothed-dynamic,177,21820.423500893525,21822.971658148879,22141
/Users/a/Ayanami/code/TSP/data/classic/tsplib/kroB100.tsp,polyak-smoothed-dynamic,178,polyak-smoothed-dynamic,178,21812.742773462316,21822.971658148879,22141
/Users/a/Ayanami/code/TSP/data/classic/tsplib/kroB100.tsp,polyak-smoothed-dynamic,179,polyak-smoothed-dynamic,179,21816.112957501693,21822.971658148879,22141
/Users/a/Ayanami/code/TSP/data/classic/tsplib/kroB100.tsp,polyak-smoothed-dynamic,180,polyak-smoothed-dynamic,180,21817.884796706978,21822.971658148879,22141
/Users/a/Ayanami/code/TSP/data/classic/tsplib/kroB100.tsp,polyak-smoothed-dynamic,181,polyak-smoothed-dynamic,181,21821.348425325821,21822.971658148879,22141
/Users/a/Ayanami/code/TSP/data/classic/tsplib/kroB100.tsp,polyak-smoothed-dynamic,182,polyak-smoothed-dynamic,182,21817.468246087315,21822.971658148879,22141
/Users/a/Ayanami/code/TSP/data/classic/tsplib/kroB100.tsp,polyak-smoothed-dynamic,183,polyak-smoothed-dynamic,183,21821.063504586866,21822.971658148879,22141
/Users/a/Ayanami/code/TSP/data/classic/tsplib/kroB100.tsp,polyak-smoothed-dynamic,184,polyak-smoothed-dynamic,184,21819.591797752953,21822.971658148879,22141
/Users/a/Ayanami/code/TSP/data/classic/tsplib/kroB100.tsp,polyak-smoothed-dynamic,185,polyak-smoothed-dynamic,185,21819.701000042853,21822.971658148879,22141
/Users/a/Ayanami/code/TSP/data/classic/tsplib/kroB100.tsp,polyak-smoothed-dynamic,186,polyak-smoothed-dynamic,186,21818.543613648428,21822.971658148879,22141
/Users/a/Ayanami/code/TSP/data/classic/tsplib/kroB100.tsp,polyak-smoothed-dynamic,187,polyak-smoothed-dynamic,187,21821.505183126454,21822.971658148879,22141
/Users/a/Ayanami/code/TSP/data/classic/tsplib/kroB100.tsp,polyak-smoothed-dynamic,188,polyak-smoothed-dynamic,188,21826.735765946712,21826.735765946712,22141
/Users/a/Ayanami/code/TSP/data/classic/tsplib/kroB100.tsp,polyak-smoothed-dynamic,189,polyak-smoothed-dynamic,189,21827.52177524185,21827.52177524185,22141
/Users/a/Ayanami/code/TSP/data/classic/tsplib/kroB100.tsp,polyak-smoothed-dynamic,190,polyak-smoothed-dynamic,190,21827.855083241291,21827.855083241291,22141
/Users/a/Ayanami/code/TSP/data/classic/tsplib/kroB100.tsp,polyak-smoothed-dynamic,191,polyak-smoothed-dynamic,191,21828.096085217985,21828.096085217985,22141
/Users/a/Ayanami/code/TSP/data/classic/tsplib/kroB100.tsp,polyak-smoothed-dynamic,192,polyak-smoothed-dynamic,192,21821.906608852307,21828.096085217985,22141
/Users/a/Ayanami/code/TSP/data/classic/tsplib/kroB100.tsp,polyak-smoothed-dynamic,193,polyak-smoothed-dynamic,193,21825.064846898116,21828.096085217985,22141
/Users/a/Ayanami/code/TSP/data/classic/tsplib/kroB100.tsp,polyak-smoothed-dynamic,194,polyak-smoothed-dynamic,194,21826.642675513165,21828.096085217985,22141
/Users/a/Ayanami/code/TSP/data/classic/tsplib/kroB100.tsp,polyak-smoothed-dynamic,195,polyak-smoothed-dynamic,195,21827.731249675497,21828.096085217985,22141
/Users/a/Ayanami/code/TSP/data/classic/tsplib/kroB100.tsp,polyak-smoothed-dynamic,196,polyak-smoothed-dynamic,196,21829.625561552853,21829.625561552853,22141
/Users/a/Ayanami/code/TSP/data/classic/tsplib/kroB100.tsp,polyak-smoothed-dynamic,197,polyak-smoothed-dynamic,197,21829.610624985493,21829.625561552853,22141
/Users/a/Ayanami/code/TSP/data/classic/tsplib/kroB100.tsp,polyak-smoothed-dynamic,198,polyak-smoothed-dynamic,198,21827.268538196276,21829.625561552853,22141
/Users/a/Ayanami/code/TSP/data/classic/tsplib/kroB100.tsp,polyak-smoothed-dynamic,199,polyak-smoothed-dynamic,199,21826.758095716232,21829.625561552853,22141
/Users/a/Ayanami/code/TSP/data/classic/tsplib/kroB100.tsp,polyak-smoothed-dynamic,200,polyak-smoothed-dynamic,200,21828.974463615479,21829.625561552853,22141
/Users/a/Ayanami/code/TSP/data/classic/tsplib/kroB100.tsp,polyak-smoothed-dynamic,201,polyak-smoothed-dynamic,201,21827.659413209731,21829.625561552853,22141
/Users/a/Ayanami/code/TSP/data/classic/tsplib/kroB100.tsp,polyak-smoothed-dynamic,202,polyak-smoothed-dynamic,202,21829.157502925187,21829.625561552853,22141
/Users/a/Ayanami/code/TSP/data/classic/tsplib/kroB100.tsp,polyak-smoothed-dynamic,203,polyak-smoothed-dynamic,203,21829.853951042296,21829.853951042296,22141
/Users/a/Ayanami/code/TSP/data/classic/tsplib/kroB100.tsp,polyak-smoothed-dynamic,204,polyak-smoothed-dynamic,204,21825.14745321183,21829.853951042296,22141
/Users/a/Ayanami/code/TSP/data/classic/tsplib/kroB100.tsp,polyak-smoothed-dynamic,205,polyak-smoothed-dynamic,205,21827.593891078533,21829.853951042296,22141
/Users/a/Ayanami/code/TSP/data/classic/tsplib/kroB100.tsp,polyak-smoothed-dynamic,206,polyak-smoothed-dynamic,206,21826.821484359945,21829.853951042296,22141
/Users/a/Ayanami/code/TSP/data/classic/tsplib/kroB100.tsp,polyak-smoothed-dynamic,207,polyak-smoothed-dynamic,207,21827.160702512447,21829.853951042296,22141
/Users/a/Ayanami/code/TSP/data/classic/tsplib/kroB100.tsp,polyak-smoothed-dynamic,208,polyak-smoothed-dynamic,208,21827.222745944397,21829.853951042296,22141
/Users/a/Ayanami/code/TSP/data/classic/tsplib/kroB100.tsp,polyak-smoothed-dynamic,209,polyak-smoothed-dynamic,209,21827.847855310054,21829.853951042296,22141
/Users/a/Ayanami/code/TSP/data/classic/tsplib/kroB100.tsp,polyak-smoothed-dynamic,210,polyak-smoothed-dynamic,210,21829.017513018094,21829.853951042296,22141
/Users/a/Ayanami/code/TSP/data/classic/tsplib/kroB100.tsp,polyak-smoothed-dynamic,211,polyak-smoothed-dynamic,211,21828.963797126686,21829.853951042296,22141
/Users/a/Ayanami/code/TSP/data/classic/tsplib/kroB100.tsp,polyak-smoothed-dynamic,212,polyak-smoothed-dynamic,212,21829.139040767874,21829.853951042296,22141
/Users/a/Ayanami/code/TSP/data/classic/tsplib/kroB100.tsp,polyak-smoothed-dynamic,213,polyak-smoothed-dynamic,213,21828.971448334731,21829.853951042296,22141
/Users/a/Ayanami/code/TSP/data/classic/tsplib/kroB100.tsp,polyak-smoothed-dynamic,214,polyak-smoothed-dynamic,214,21829.479870324394,21829.853951042296,22141
/Users/a/Ayanami/code/TSP/data/classic/tsplib/kroB100.tsp,polyak-smoothed-dynamic,215,polyak-smoothed-dynamic,215,21827.134157459303,21829.853951042296,22141
/Users/a/Ayanami/code/TSP/data/classic/tsplib/kroB100.tsp,polyak-smoothed-dynamic,216,polyak-smoothed-dynamic,216,21829.190564681543,21829.853951042296,22141
/Users/a/Ayanami/code/TSP/data/classic/tsplib/kroB100.tsp,polyak-smoothed-dynamic,217,polyak-smoothed-dynamic,217,21830.553754986686,21830.553754986686,22141
/Users/a/Ayanami/code/TSP/data/classic/tsplib/kroB100.tsp,polyak-smoothed-dynamic,218,polyak-smoothed-dynamic,218,21829.965065887027,21830.553754986686,22141
/Users/a/Ayanami/code/TSP/data/classic/tsplib/kroB100.tsp,polyak-smoothed-dynamic,219,polyak-smoothed-dynamic,219,21829.984007260173,21830.553754986686,22141
/Users/a/Ayanami/code/TSP/data/classic/tsplib/kroB100.tsp,polyak-smoothed-dynamic,220,polyak-smoothed-dynamic,220,21831.464809234829,21831.464809234829,22141
/Users/a/Ayanami/code/TSP/data/classic/tsplib/kroB100.tsp,polyak-smoothed-dynamic,221,polyak-smoothed-dynamic,221,21830.513506211213,21831.464809234829,22141
/Users/a/Ayanami/code/TSP/data/classic/tsplib/kroB100.tsp,polyak-smoothed-dynamic,222,polyak-smoothed-dynamic,222,21830.570278805852,21831.464809234829,22141
/Users/a/Ayanami/code/TSP/data/classic/tsplib/kroB100.tsp,polyak-smoothed-dynamic,223,polyak-smoothed-dynamic,223,21830.494573668162,21831.464809234829,22141
/Users/a/Ayanami/code/TSP/data/classic/tsplib/kroB100.tsp,polyak-smoothed-dynamic,224,polyak-smoothed-dynamic,224,21831.59080750162,21831.59080750162,22141
/Users/a/Ayanami/code/TSP/data/classic/tsplib/kroB100.tsp,polyak-smoothed-dynamic,225,polyak-smoothed-dynamic,225,21830.255087357735,21831.59080750162,22141
/Users/a/Ayanami/code/TSP/data/classic/tsplib/kroB100.tsp,polyak-smoothed-dynamic,226,polyak-smoothed-dynamic,226,21830.166358930182,21831.59080750162,22141
/Users/a/Ayanami/code/TSP/data/classic/tsplib/kroB100.tsp,polyak-smoothed-dynamic,227,polyak-smoothed-dynamic,227,21830.531463188021,21831.59080750162,22141
/Users/a/Ayanami/code/TSP/data/classic/tsplib/kroB100.tsp,polyak-smoothed-dynamic,228,polyak-smoothed-dynamic,228,21830.610919096296,21831.59080750162,22141
/Users/a/Ayanami/code/TSP/data/classic/tsplib/kroB100.tsp,polyak-smoothed-dynamic,229,polyak-smoothed-dynamic,229,21831.335393214689,21831.59080750162,22141
/Users/a/Ayanami/code/TSP/data/classic/tsplib/kroB100.tsp,polyak-smoothed-dynamic,230,polyak-smoothed-dynamic,230,21831.219118061319,21831.59080750162,22141
/Users/a/Ayanami/code/TSP/data/classic/tsplib/kroB100.tsp,polyak-smoothed-dynamic,231,polyak-smoothed-dynamic,231,21830.815078223452,21831.59080750162,22141
/Users/a/Ayanami/code/TSP/data/classic/tsplib/kroB100.tsp,polyak-smoothed-dynamic,232,polyak-smoothed-dynamic,232,21830.473715201981,21831.59080750162,22141
/Users/a/Ayanami/code/TSP/data/classic/tsplib/kroB100.tsp,polyak-smoothed-dynamic,233,polyak-smoothed-dynamic,233,21831.699555724859,21831.699555724859,22141
/Users/a/Ayanami/code/TSP/data/classic/tsplib/kroB100.tsp,polyak-smoothed-dynamic,234,polyak-smoothed-dynamic,234,21830.369555007139,21831.699555724859,22141
/Users/a/Ayanami/code/TSP/data/classic/tsplib/kroB100.tsp,polyak-smoothed-dynamic,235,polyak-smoothed-dynamic,235,21830.732145201986,21831.699555724859,22141
/Users/a/Ayanami/code/TSP/data/classic/tsplib/kroB100.tsp,polyak-smoothed-dynamic,236,polyak-smoothed-dynamic,236,21832.43813820355,21832.43813820355,22141
/Users/a/Ayanami/code/TSP/data/classic/tsplib/kroB100.tsp,polyak-smoothed-dynamic,237,polyak-smoothed-dynamic,237,21830.389106873517,21832.43813820355,22141
/Users/a/Ayanami/code/TSP/data/classic/tsplib/kroB100.tsp,polyak-smoothed-dynamic,238,polyak-smoothed-dynamic,238,21830.319792711805,21832.43813820355,22141
/Users/a/Ayanami/code/TSP/data/classic/tsplib/kroB100.tsp,polyak-smoothed-dynamic,239,polyak-smoothed-dynamic,239,21830.16808065748,21832.43813820355,22141
/Users/a/Ayanami/code/TSP/data/classic/tsplib/kroB100.tsp,polyak-smoothed-dynamic,240,polyak-smoothed-dynamic,240,21830.14568402815,21832.43813820355,22141
/Users/a/Ayanami/code/TSP/data/classic/tsplib/kroB100.tsp,polyak-smoothed-dynamic,241,polyak-smoothed-dynamic,241,21830.381531781299,21832.43813820355,22141
/Users/a/Ayanami/code/TSP/data/classic/tsplib/kroB100.tsp,polyak-smoothed-dynamic,242,polyak-smoothed-dynamic,242,21830.446031874155,21832.43813820355,22141
/Users/a/Ayanami/code/TSP/data/classic/tsplib/kroB100.tsp,polyak-smoothed-dynamic,243,polyak-smoothed-dynamic,243,21831.611524739797,21832.43813820355,22141
/Users/a/Ayanami/code/TSP/data/classic/tsplib/kroB100.tsp,polyak-smoothed-dynamic,244,polyak-smoothed-dynamic,244,21831.181435643201,21832.43813820355,22141
/Users/a/Ayanami/code/TSP/data/classic/tsplib/kroB100.tsp,polyak-smoothed-dynamic,245,polyak-smoothed-dynamic,245,21828.983836290241,21832.43813820355,22141
/Users/a/Ayanami/code/TSP/data/classic/tsplib/kroB100.tsp,polyak-smoothed-dynamic,246,polyak-smoothed-dynamic,246,21828.983836290241,21832.43813820355,22141
/Users/a/Ayanami/code/TSP/data/classic/tsplib/kroB100.tsp,polyak-smoothed-dynamic,247,polyak-smoothed-dynamic,247,21830.969036151797,21832.43813820355,22141
/Users/a/Ayanami/code/TSP/data/classic/tsplib/kroB100.tsp,polyak-smoothed-dynamic,248,polyak-smoothed-dynamic,248,21830.969036151797,21832.43813820355,22141
/Users/a/Ayanami/code/TSP/data/classic/tsplib/kroB100.tsp,polyak-smoothed-dynamic,249,polyak-smoothed-dynamic,249,21829.01485503808,21832.43813820355,22141
/Users/a/Ayanami/code/TSP/data/classic/tsplib/kroB100.tsp,polyak-smoothed-dynamic,250,polyak-smoothed-dynamic,250,21829.01485503808,21832.43813820355,22141
/Users/a/Ayanami/code/TSP/data/classic/tsplib/kroB100.tsp,polyak-smoothed-dynamic,251,polyak-smoothed-dynamic,251,21832.683067480892,21832.683067480892,22141
/Users/a/Ayanami/code/TSP/data/classic/tsplib/kroB100.tsp,polyak-smoothed-dynamic,252,polyak-smoothed-dynamic,252,21832.209971991648,21832.683067480892,22141
/Users/a/Ayanami/code/TSP/data/classic/tsplib/kroB100.tsp,polyak-smoothed-dynamic,253,polyak-smoothed-dynamic,253,21832.209971991648,21832.683067480892,22141
/Users/a/Ayanami/code/TSP/data/classic/tsplib/kroB100.tsp,polyak-smoothed-dynamic,254,polyak-smoothed-dynamic,254,21831.791668414538,21832.683067480892,22141
/Users/a/Ayanami/code/TSP/data/classic/tsplib/kroB100.tsp,polyak-smoothed-dynamic,255,polyak-smoothed-dynamic,255,21831.791668414538,21832.683067480892,22141
/Users/a/Ayanami/code/TSP/data/classic/tsplib/kroB100.tsp,polyak-smoothed-dynamic,256,polyak-smoothed-dynamic,256,21832.206703994951,21832.683067480892,22141
/Users/a/Ayanami/code/TSP/data/classic/tsplib/kroB100.tsp,polyak-smoothed-dynamic,257,polyak-smoothed-dynamic,257,21832.206703994951,21832.683067480892,22141
/Users/a/Ayanami/code/TSP/data/classic/tsplib/kroB100.tsp,polyak-smoothed-dynamic,258,polyak-smoothed-dynamic,258,21831.794910880006,21832.683067480892,22141
/Users/a/Ayanami/code/TSP/data/classic/tsplib/kroB100.tsp,polyak-smoothed-dynamic,259,polyak-smoothed-dynamic,259,21831.794910880006,21832.683067480892,22141
/Users/a/Ayanami/code/TSP/data/classic/tsplib/kroB100.tsp,polyak-smoothed-dynamic,260,polyak-smoothed-dynamic,260,21832.203486861246,21832.683067480892,22141
/Users/a/Ayanami/code/TSP/data/classic/tsplib/kroB100.tsp,polyak-smoothed-dynamic,261,polyak-smoothed-dynamic,261,21832.203486861246,21832.683067480892,22141
/Users/a/Ayanami/code/TSP/data/classic/tsplib/kroB100.tsp,polyak-smoothed-dynamic,262,polyak-smoothed-dynamic,262,21831.79810287986,21832.683067480892,22141
/Users/a/Ayanami/code/TSP/data/classic/tsplib/kroB100.tsp,polyak-smoothed-dynamic,263,polyak-smoothed-dynamic,263,21831.79810287986,21832.683067480892,22141
/Users/a/Ayanami/code/TSP/data/classic/tsplib/kroB100.tsp,polyak-smoothed-dynamic,264,polyak-smoothed-dynamic,264,21832.200319798892,21832.683067480892,22141
/Users/a/Ayanami/code/TSP/data/classic/tsplib/kroB100.tsp,polyak-smoothed-dynamic,265,polyak-smoothed-dynamic,265,21832.200319798892,21832.683067480892,22141
/Users/a/Ayanami/code/TSP/data/classic/tsplib/kroB100.tsp,polyak-smoothed-dynamic,266,polyak-smoothed-dynamic,266,21833.086658750501,21833.086658750501,22141
/Users/a/Ayanami/code/TSP/data/classic/tsplib/kroB100.tsp,polyak-smoothed-dynamic,267,polyak-smoothed-dynamic,267,21833.447352775322,21833.447352775322,22141
/Users/a/Ayanami/code/TSP/data/classic/tsplib/kroB100.tsp,polyak-smoothed-dynamic,268,polyak-smoothed-dynamic,268,21833.10347445248,21833.447352775322,22141
/Users/a/Ayanami/code/TSP/data/classic/tsplib/kroB100.tsp,polyak-smoothed-dynamic,269,polyak-smoothed-dynamic,269,21833.214282654662,21833.447352775322,22141
/Users/a/Ayanami/code/TSP/data/classic/tsplib/kroB100.tsp,polyak-smoothed-dynamic,270,polyak-smoothed-dynamic,270,21833.003351993386,21833.447352775322,22141
/Users/a/Ayanami/code/TSP/data/classic/tsplib/kroB100.tsp,polyak-smoothed-dynamic,271,polyak-smoothed-dynamic,271,21833.003351993386,21833.447352775322,22141
/Users/a/Ayanami/code/TSP/data/classic/tsplib/kroB100.tsp,polyak-smoothed-dynamic,272,polyak-smoothed-dynamic,272,21833.000567350336,21833.447352775322,22141
/Users/a/Ayanami/code/TSP/data/classic/tsplib/kroB100.tsp,polyak-smoothed-dynamic,273,polyak-smoothed-dynamic,273,21833.000567350336,21833.447352775322,22141
/Users/a/Ayanami/code/TSP/data/classic/tsplib/kroB100.tsp,polyak-smoothed-dynamic,274,polyak-smoothed-dynamic,274,21833.003341115873,21833.447352775322,22141
/Users/a/Ayanami/code/TSP/data/classic/tsplib/kroB100.tsp,polyak-smoothed-dynamic,275,polyak-smoothed-dynamic,275,21833.003341115873,21833.447352775322,22141
/Users/a/Ayanami/code/TSP/data/classic/tsplib/kroB100.tsp,polyak-smoothed-dynamic,276,polyak-smoothed-dynamic,276,21833.000578185362,21833.447352775322,22141
/Users/a/Ayanami/code/TSP/data/classic/tsplib/kroB100.tsp,polyak-smoothed-dynamic,277,polyak-smoothed-dynamic,277,21833.000578185362,21833.447352775322,22141
/Users/a/Ayanami/code/TSP/data/classic/tsplib/kroB100.tsp,polyak-smoothed-dynamic,278,polyak-smoothed-dynamic,278,21833.003330323179,21833.447352775322,22141
/Users/a/Ayanami/code/TSP/data/classic/tsplib/kroB100.tsp,polyak-smoothed-dynamic,279,polyak-smoothed-dynamic,279,21833.003330323179,21833.447352775322,22141
/Users/a/Ayanami/code/TSP/data/classic/tsplib/kroB100.tsp,polyak-smoothed-dynamic,280,polyak-smoothed-dynamic,280,21833.000588935898,21833.447352775322,22141
/Users/a/Ayanami/code/TSP/data/classic/tsplib/kroB100.tsp,polyak-smoothed-dynamic,281,polyak-smoothed-dynamic,281,21833.000588935898,21833.447352775322,22141
/Users/a/Ayanami/code/TSP/data/classic/tsplib/kroB100.tsp,polyak-smoothed-dynamic,282,polyak-smoothed-dynamic,282,21833.505653017935,21833.505653017935,22141
/Users/a/Ayanami/code/TSP/data/classic/tsplib/kroB100.tsp,polyak-smoothed-dynamic,283,polyak-smoothed-dynamic,283,21833.630603725993,21833.630603725993,22141
/Users/a/Ayanami/code/TSP/data/classic/tsplib/kroB100.tsp,polyak-smoothed-dynamic,284,polyak-smoothed-dynamic,284,21833.677758930044,21833.677758930044,22141
/Users/a/Ayanami/code/TSP/data/classic/tsplib/kroB100.tsp,polyak-smoothed-dynamic,285,polyak-smoothed-dynamic,285,21833.480213486993,21833.677758930044,22141
/Users/a/Ayanami/code/TSP/data/classic/tsplib/kroB100.tsp,polyak-smoothed-dynamic,286,polyak-smoothed-dynamic,286,21833.448415202591,21833.677758930044,22141
/Users/a/Ayanami/code/TSP/data/classic/tsplib/kroB100.tsp,polyak-smoothed-dynamic,287,polyak-smoothed-dynamic,287,21833.565820389489,21833.677758930044,22141
/Users/a/Ayanami/code/TSP/data/classic/tsplib/kroB100.tsp,polyak-smoothed-dynamic,288,polyak-smoothed-dynamic,288,21833.620927474261,21833.677758930044,22141
/Users/a/Ayanami/code/TSP/data/classic/tsplib/kroB100.tsp,polyak-smoothed-dynamic,289,polyak-smoothed-dynamic,289,21833.434442912945,21833.677758930044,22141
/Users/a/Ayanami/code/TSP/data/classic/tsplib/kroB100.tsp,polyak-smoothed-dynamic,290,polyak-smoothed-dynamic,290,21833.407189265617,21833.677758930044,22141
/Users/a/Ayanami/code/TSP/data/classic/tsplib/kroB100.tsp,polyak-smoothed-dynamic,291,polyak-smoothed-dynamic,291,21833.620880326795,21833.677758930044,22141
/Users/a/Ayanami/code/TSP/data/classic/tsplib/kroB100.tsp,polyak-smoothed-dynamic,292,polyak-smoothed-dynamic,292,21833.651003753203,21833.677758930044,22141
/Users/a/Ayanami/code/TSP/data/classic/tsplib/kroB100.tsp,polyak-smoothed-dynamic,293,polyak-smoothed-dynamic,293,21833.38232075598,21833.677758930044,22141
/Users/a/Ayanami/code/TSP/data/classic/tsplib/kroB100.tsp,polyak-smoothed-dynamic,294,polyak-smoothed-dynamic,294,21833.352168386355,21833.677758930044,22141
/Users/a/Ayanami/code/TSP/data/classic/tsplib/kroB100.tsp,polyak-smoothed-dynamic,295,polyak-smoothed-dynamic,295,21833.620343754435,21833.677758930044,22141
/Users/a/Ayanami/code/TSP/data/classic/tsplib/kroB100.tsp,polyak-smoothed-dynamic,296,polyak-smoothed-dynamic,296,21833.650524945526,21833.677758930044,22141
/Users/a/Ayanami/code/TSP/data/classic/tsplib/kroB100.tsp,polyak-smoothed-dynamic,297,polyak-smoothed-dynamic,297,21833.382856348042,21833.677758930044,22141
/Users/a/Ayanami/code/TSP/data/classic/tsplib/kroB100.tsp,polyak-smoothed-dynamic,298,polyak-smoothed-dynamic,298,21833.402511412416,21833.677758930044,22141
/Users/a/Ayanami/code/TSP/data/classic/tsplib/kroB100.tsp,polyak-smoothed-dynamic,299,polyak-smoothed-dynamic,299,21833.782484706517,21833.782484706517,22141
/Users/a/Ayanami/code/TSP/data/classic/tsplib/kroB100.tsp,polyak-smoothed-dynamic,300,polyak-smoothed-dynamic,300,21833.811702709019,21833.811702709019,22141
/Users/a/Ayanami/code/TSP/data/classic/tsplib/kroB100.tsp,polyak-smoothed-dynamic,301,polyak-smoothed-dynamic,301,21833.857410747143,21833.857410747143,22141
/Users/a/Ayanami/code/TSP/data/classic/tsplib/kroB100.tsp,polyak-smoothed-dynamic,302,polyak-smoothed-dynamic,302,21833.672080137323,21833.857410747143,22141
/Users/a/Ayanami/code/TSP/data/classic/tsplib/kroB100.tsp,polyak-smoothed-dynamic,303,polyak-smoothed-dynamic,303,21833.672080137323,21833.857410747143,22141
/Users/a/Ayanami/code/TSP/data/classic/tsplib/kroB100.tsp,polyak-smoothed-dynamic,304,polyak-smoothed-dynamic,304,21833.829552753428,21833.857410747143,22141
/Users/a/Ayanami/code/TSP/data/classic/tsplib/kroB100.tsp,polyak-smoothed-dynamic,305,polyak-smoothed-dynamic,305,21833.829552753428,21833.857410747143,22141
/Users/a/Ayanami/code/TSP/data/classic/tsplib/kroB100.tsp,polyak-smoothed-dynamic,306,polyak-smoothed-dynamic,306,21833.67223391918,21833.857410747143,22141
/Users/a/Ayanami/code/TSP/data/classic/tsplib/kroB100.tsp,polyak-smoothed-dynamic,307,polyak-smoothed-dynamic,307,21833.67223391918,21833.857410747143,22141
/Users/a/Ayanami/code/TSP/data/classic/tsplib/kroB100.tsp,polyak-smoothed-dynamic,308,polyak-smoothed-dynamic,308,21833.829399121758,21833.857410747143,22141
/Users/a/Ayanami/code/TSP/data/classic/tsplib/kroB100.tsp,polyak-smoothed-dynamic,309,polyak-smoothed-dynamic,309,21833.829399121758,21833.857410747143,22141
/Users/a/Ayanami/code/TSP/data/classic/tsplib/kroB100.tsp,polyak-smoothed-dynamic,310,polyak-smoothed-dynamic,310,21833.67238740082,21833.857410747143,22141
/Users/a/Ayanami/code/TSP/data/classic/tsplib/kroB100.tsp,polyak-smoothed-dynamic,311,polyak-smoothed-dynamic,311,21833.67238740082,21833.857410747143,22141
/Users/a/Ayanami/code/TSP/data/classic/tsplib/kroB100.tsp,polyak-smoothed-dynamic,312,polyak-smoothed-dynamic,312,21833.829245789999,21833.857410747143,22141
/Users/a/Ayanami/code/TSP/data/classic/tsplib/kroB100.tsp,polyak-smoothed-dynamic,313,polyak-smoothed-dynamic,313,21833.829245789999,21833.857410747143,22141
/Users/a/Ayanami/code/TSP/data/classic/tsplib/kroB100.tsp,polyak-smoothed-dynamic,314,polyak-smoothed-dynamic,314,21833.672540582847,21833.857410747143,22141
/Users/a/Ayanami/code/TSP/data/classic/tsplib/kroB100.tsp,polyak-smoothed-dynamic,315,polyak-smoothed-dynamic,315,21833.672540582847,21833.857410747143,22141
/Users/a/Ayanami/code/TSP/data/classic/tsplib/kroB100.tsp,polyak-smoothed-dynamic,316,polyak-smoothed-dynamic,316,21833.873386202198,21833.873386202198,22141
/Users/a/Ayanami/code/TSP/data/classic/tsplib/kroB100.tsp,polyak-smoothed-dynamic,317,polyak-smoothed-dynamic,317,21833.902437063218,21833.902437063218,22141
/Users/a/Ayanami/code/TSP/data/classic/tsplib/kroB100.tsp,polyak-smoothed-dynamic,318,polyak-smoothed-dynamic,318,21833.902437063218,21833.902437063218,22141
/Users/a/Ayanami/code/TSP/data/classic/tsplib/kroB100.tsp,polyak-smoothed-dynamic,319,polyak-smoothed-dynamic,319,21833.848491861125,21833.902437063218,22141
/Users/a/Ayanami/code/TSP/data/classic/tsplib/kroB100.tsp,polyak-smoothed-dynamic,320,polyak-smoothed-dynamic,320,21833.848491861125,21833.902437063218,22141
/Users/a/Ayanami/code/TSP/data/classic/tsplib/kroB100.tsp,polyak-smoothed-dynamic,321,polyak-smoothed-dynamic,321,21833.902410722796,21833.902437063218,22141
/Users/a/Ayanami/code/TSP/data/classic/tsplib/kroB100.tsp,polyak-smoothed-dynamic,322,polyak-smoothed-dynamic,322,21833.902410722796,21833.902437063218,22141
/Users/a/Ayanami/code/TSP/data/classic/tsplib/kroB100.tsp,polyak-smoothed-dynamic,323,polyak-smoothed-dynamic,323,21833.84851818869,21833.902437063218,22141
/Users/a/Ayanami/code/TSP/data/classic/tsplib/kroB100.tsp,polyak-smoothed-dynamic,324,polyak-smoothed-dynamic,324,21833.84851818869,21833.902437063218,22141
/Users/a/Ayanami/code/TSP/data/classic/tsplib/kroB100.tsp,polyak-smoothed-dynamic,325,polyak-smoothed-dynamic,325,21833.902384408077,21833.902437063218,22141
/Users/a/Ayanami/code/TSP/data/classic/tsplib/kroB100.tsp,polyak-smoothed-dynamic,326,polyak-smoothed-dynamic,326,21833.902384408077,21833.902437063218,22141
/Users/a/Ayanami/code/TSP/data/classic/tsplib/kroB100.tsp,polyak-smoothed-dynamic,327,polyak-smoothed-dynamic,327,21833.848544490556,21833.902437063218,22141
/Users/a/Ayanami/code/TSP/data/classic/tsplib/kroB100.tsp,polyak-smoothed-dynamic,328,polyak-smoothed-dynamic,328,21833.848544490556,21833.902437063218,22141
/Users/a/Ayanami/code/TSP/data/classic/tsplib/kroB100.tsp,polyak-smoothed-dynamic,329,polyak-smoothed-dynamic,329,21833.902358119052,21833.902437063218,22141
/Users/a/Ayanami/code/TSP/data/classic/tsplib/kroB100.tsp,polyak-smoothed-dynamic,330,polyak-smoothed-dynamic,330,21833.902358119052,21833.902437063218,22141
/Users/a/Ayanami/code/TSP/data/classic/tsplib/kroB100.tsp,polyak-smoothed-dynamic,331,polyak-smoothed-dynamic,331,21833.940308463239,21833.940308463239,22141
/Users/a/Ayanami/code/TSP/data/classic/tsplib/kroB100.tsp,polyak-smoothed-dynamic,332,polyak-smoothed-dynamic,332,21833.942240767028,21833.942240767028,22141
/Users/a/Ayanami/code/TSP/data/classic/tsplib/kroB100.tsp,polyak-smoothed-dynamic,333,polyak-smoothed-dynamic,333,21833.950194954788,21833.950194954788,22141
/Users/a/Ayanami/code/TSP/data/classic/tsplib/kroB100.tsp,polyak-smoothed-dynamic,334,polyak-smoothed-dynamic,334,21833.966631241528,21833.966631241528,22141
/Users/a/Ayanami/code/TSP/data/classic/tsplib/kroB100.tsp,polyak-smoothed-dynamic,335,polyak-smoothed-dynamic,335,21833.952763965761,21833.966631241528,22141
/Users/a/Ayanami/code/TSP/data/classic/tsplib/kroB100.tsp,polyak-smoothed-dynamic,336,polyak-smoothed-dynamic,336,21833.942243306228,21833.966631241528,22141
/Users/a/Ayanami/code/TSP/data/classic/tsplib/kroB100.tsp,polyak-smoothed-dynamic,337,polyak-smoothed-dynamic,337,21833.950193892542,21833.966631241528,22141
/Users/a/Ayanami/code/TSP/data/classic/tsplib/kroB100.tsp,polyak-smoothed-dynamic,338,polyak-smoothed-dynamic,338,21833.9666284458,21833.966631241528,22141
/Users/a/Ayanami/code/TSP/data/classic/tsplib/kroB100.tsp,polyak-smoothed-dynamic,339,polyak-smoothed-dynamic,339,21833.952765284455,21833.966631241528,22141
/Users/a/Ayanami/code/TSP/data/classic/tsplib/kroB100.tsp,polyak-smoothed-dynamic,340,polyak-smoothed-dynamic,340,21833.942245845032,21833.966631241528,22141
/Users/a/Ayanami/code/TSP/data/classic/tsplib/kroB100.tsp,polyak-smoothed-dynamic,341,polyak-smoothed-dynamic,341,21833.950192830845,21833.966631241528,22141
/Users/a/Ayanami/code/TSP/data/classic/tsplib/kroB100.tsp,polyak-smoothed-dynamic,342,polyak-smoothed-dynamic,342,21833.966625650497,21833.966631241528,22141
/Users/a/Ayanami/code/TSP/data/classic/tsplib/kroB100.tsp,polyak-smoothed-dynamic,343,polyak-smoothed-dynamic,343,21833.952766602568,21833.966631241528,22141
/Users/a/Ayanami/code/TSP/data/classic/tsplib/kroB100.tsp,polyak-smoothed-dynamic,344,polyak-smoothed-dynamic,344,21833.94224838345,21833.966631241528,22141
/Users/a/Ayanami/code/TSP/data/classic/tsplib/kroB100.tsp,polyak-smoothed-dynamic,345,polyak-smoothed-dynamic,345,21833.950191769698,21833.966631241528,22141
/Users/a/Ayanami/code/TSP/data/classic/tsplib/kroB100.tsp,polyak-smoothed-dynamic,346,polyak-smoothed-dynamic,346,21833.966622855605,21833.966631241528,22141
/Users/a/Ayanami/code/TSP/data/classic/tsplib/kroB100.tsp,polyak-smoothed-dynamic,347,polyak-smoothed-dynamic,347,21833.952767920106,21833.966631241528,22141
/Users/a/Ayanami/code/TSP/data/classic/tsplib/kroB100.tsp,polyak-smoothed-dynamic,348,polyak-smoothed-dynamic,348,21833.957388101237,21833.966631241528,22141
/Users/a/Ayanami/code/TSP/data/classic/tsplib/kroB100.tsp,polyak-smoothed-dynamic,349,polyak-smoothed-dynamic,349,21833.970690564096,21833.970690564096,22141
/Users/a/Ayanami/code/TSP/data/classic/tsplib/kroB100.tsp,polyak-smoothed-dynamic,350,polyak-smoothed-dynamic,350,21833.964364353091,21833.970690564096,22141
/Users/a/Ayanami/code/TSP/data/classic/tsplib/kroB100.tsp,polyak-smoothed-dynamic,351,polyak-smoothed-dynamic,351,21833.969892922549,21833.970690564096,22141
/Users/a/Ayanami/code/TSP/data/classic/tsplib/kroB100.tsp,polyak-smoothed-dynamic,352,polyak-smoothed-dynamic,352,21833.976066897816,21833.976066897816,22141
/Users/a/Ayanami/code/TSP/data/classic/tsplib/kroB100.tsp,polyak-smoothed-dynamic,353,polyak-smoothed-dynamic,353,21833.971998295769,21833.976066897816,22141
/Users/a/Ayanami/code/TSP/data/classic/tsplib/kroB100.tsp,polyak-smoothed-dynamic,354,polyak-smoothed-dynamic,354,21833.96167407848,21833.976066897816,22141
/Users/a/Ayanami/code/TSP/data/classic/tsplib/kroB100.tsp,polyak-smoothed-dynamic,355,polyak-smoothed-dynamic,355,21833.965742230637,21833.976066897816,22141
/Users/a/Ayanami/code/TSP/data/classic/tsplib/kroB100.tsp,polyak-smoothed-dynamic,356,polyak-smoothed-dynamic,356,21833.97606562647,21833.976066897816,22141
/Users/a/Ayanami/code/TSP/data/classic/tsplib/kroB100.tsp,polyak-smoothed-dynamic,357,polyak-smoothed-dynamic,357,21833.97199792416,21833.976066897816,22141
/Users/a/Ayanami/code/TSP/data/classic/tsplib/kroB100.tsp,polyak-smoothed-dynamic,358,polyak-smoothed-dynamic,358,21833.961675349718,21833.976066897816,22141
/Users/a/Ayanami/code/TSP/data/classic/tsplib/kroB100.tsp,polyak-smoothed-dynamic,359,polyak-smoothed-dynamic,359,21833.965742602231,21833.976066897816,22141
/Users/a/Ayanami/code/TSP/data/classic/tsplib/kroB100.tsp,polyak-smoothed-dynamic,360,polyak-smoothed-dynamic,360,21833.976064355327,21833.976066897816,22141
/Users/a/Ayanami/code/TSP/data/classic/tsplib/kroB100.tsp,polyak-smoothed-dynamic,361,polyak-smoothed-dynamic,361,21833.97199755258,21833.976066897816,22141
/Users/a/Ayanami/code/TSP/data/classic/tsplib/kroB100.tsp,polyak-smoothed-dynamic,362,polyak-smoothed-dynamic,362,21833.961676620762,21833.976066897816,22141
/Users/a/Ayanami/code/TSP/data/classic/tsplib/kroB100.tsp,polyak-smoothed-dynamic,363,polyak-smoothed-dynamic,363,21833.965742973796,21833.976066897816,22141
/Users/a/Ayanami/code/TSP/data/classic/tsplib/kroB100.tsp,polyak-smoothed-dynamic,364,polyak-smoothed-dynamic,364,21833.976063084388,21833.976066897816,22141
/Users/a/Ayanami/code/TSP/data/classic/tsplib/kroB100.tsp,polyak-smoothed-dynamic,365,polyak-smoothed-dynamic,365,21833.97199718103,21833.976066897816,22141
/Users/a/Ayanami/code/TSP/data/classic/tsplib/kroB100.tsp,polyak-smoothed-dynamic,366,polyak-smoothed-dynamic,366,21833.976896826145,21833.976896826145,22141
/Users/a/Ayanami/code/TSP/data/classic/tsplib/kroB100.tsp,polyak-smoothed-dynamic,367,polyak-smoothed-dynamic,367,21833.991809383348,21833.991809383348,22141
/Users/a/Ayanami/code/TSP/data/classic/tsplib/kroB100.tsp,polyak-smoothed-dynamic,368,polyak-smoothed-dynamic,368,21833.97879154425,21833.991809383348,22141
/Users/a/Ayanami/code/TSP/data/classic/tsplib/kroB100.tsp,polyak-smoothed-dynamic,369,polyak-smoothed-dynamic,369,21833.97879154425,21833.991809383348,22141
/Users/a/Ayanami/code/TSP/data/classic/tsplib/kroB100.tsp,polyak-smoothed-dynamic,370,polyak-smoothed-dynamic,370,21833.990079231597,21833.991809383348,22141
/Users/a/Ayanami/code/TSP/data/classic/tsplib/kroB100.tsp,polyak-smoothed-dynamic,371,polyak-smoothed-dynamic,371,21833.990079231597,21833.991809383348,22141
/Users/a/Ayanami/code/TSP/data/classic/tsplib/kroB100.tsp,polyak-smoothed-dynamic,372,polyak-smoothed-dynamic,372,21833.9787922332,21833.991809383348,22141
/Users/a/Ayanami/code/TSP/data/classic/tsplib/kroB100.tsp,polyak-smoothed-dynamic,373,polyak-smoothed-dynamic,373,21833.9787922332,21833.991809383348,22141
/Users/a/Ayanami/code/TSP/data/classic/tsplib/kroB100.tsp,polyak-smoothed-dynamic,374,polyak-smoothed-dynamic,374,21833.990078542698,21833.991809383348,22141
/Users/a/Ayanami/code/TSP/data/classic/tsplib/kroB100.tsp,polyak-smoothed-dynamic,375,polyak-smoothed-dynamic,375,21833.990078542698,21833.991809383348,22141
/Users/a/Ayanami/code/TSP/data/classic/tsplib/kroB100.tsp,polyak-smoothed-dynamic,376,polyak-smoothed-dynamic,376,21833.978792922058,21833.991809383348,22141
/Users/a/Ayanami/code/TSP/data/classic/tsplib/kroB100.tsp,polyak-smoothed-dynamic,377,polyak-smoothed-dynamic,377,21833.978792922058,21833.991809383348,22141
/Users/a/Ayanami/code/TSP/data/classic/tsplib/kroB100.tsp,polyak-smoothed-dynamic,378,polyak-smoothed-dynamic,378,21833.990077853876,21833.991809383348,22141
/Users/a/Ayanami/code/TSP/data/classic/tsplib/kroB100.tsp,polyak-smoothed-dynamic,379,polyak-smoothed-dynamic,379,21833.990077853876,21833.991809383348,22141
/Users/a/Ayanami/code/TSP/data/classic/tsplib/kroB100.tsp,polyak-smoothed-dynamic,380,polyak-smoothed-dynamic,380,21833.978793610837,21833.991809383348,22141
/Users/a/Ayanami/code/TSP/data/classic/tsplib/kroB100.tsp,polyak-smoothed-dynamic,381,polyak-smoothed-dynamic,381,21833.978793610837,21833.991809383348,22141
/Users/a/Ayanami/code/TSP/data/classic/tsplib/kroB100.tsp,polyak-smoothed-dynamic,382,polyak-smoothed-dynamic,382,21833.993785835501,21833.993785835501,22141
/Users/a/Ayanami/code/TSP/data/classic/tsplib/kroB100.tsp,polyak-smoothed-dynamic,383,polyak-smoothed-dynamic,383,21833.992206425464,21833.993785835501,22141
/Users/a/Ayanami/code/TSP/data/classic/tsplib/kroB100.tsp,polyak-smoothed-dynamic,384,polyak-smoothed-dynamic,384,21833.992206425464,21833.993785835501,22141
/Users/a/Ayanami/code/TSP/data/classic/tsplib/kroB100.tsp,polyak-smoothed-dynamic,385,polyak-smoothed-dynamic,385,21833.992229371852,21833.993785835501,22141
/Users/a/Ayanami/code/TSP/data/classic/tsplib/kroB100.tsp,polyak-smoothed-dynamic,386,polyak-smoothed-dynamic,386,21833.992229371852,21833.993785835501,22141
/Users/a/Ayanami/code/TSP/data/classic/tsplib/kroB100.tsp,polyak-smoothed-dynamic,387,polyak-smoothed-dynamic,387,21833.992206426163,21833.993785835501,22141
/Users/a/Ayanami/code/TSP/data/classic/tsplib/kroB100.tsp,polyak-smoothed-dynamic,388,polyak-smoothed-dynamic,388,21833.992206426163,21833.993785835501,22141
/Users/a/Ayanami/code/TSP/data/classic/tsplib/kroB100.tsp,polyak-smoothed-dynamic,389,polyak-smoothed-dynamic,389,21833.992229371153,21833.993785835501,22141
/Users/a/Ayanami/code/TSP/data/classic/tsplib/kroB100.tsp,polyak-smoothed-dynamic,390,polyak-smoothed-dynamic,390,21833.992229371153,21833.993785835501,22141
/Users/a/Ayanami/code/TSP/data/classic/tsplib/kroB100.tsp,polyak-smoothed-dynamic,391,polyak-smoothed-dynamic,391,21833.992206426865,21833.993785835501,22141
/Users/a/Ayanami/code/TSP/data/classic/tsplib/kroB100.tsp,polyak-smoothed-dynamic,392,polyak-smoothed-dynamic,392,21833.992206426865,21833.993785835501,22141
/Users/a/Ayanami/code/TSP/data/classic/tsplib/kroB100.tsp,polyak-smoothed-dynamic,393,polyak-smoothed-dynamic,393,21833.992229370451,21833.993785835501,22141
/Users/a/Ayanami/code/TSP/data/classic/tsplib/kroB100.tsp,polyak-smoothed-dynamic,394,polyak-smoothed-dynamic,394,21833.992229370451,21833.993785835501,22141
/Users/a/Ayanami/code/TSP/data/classic/tsplib/kroB100.tsp,polyak-smoothed-dynamic,395,polyak-smoothed-dynamic,395,21833.992206427567,21833.993785835501,22141
/Users/a/Ayanami/code/TSP/data/classic/tsplib/kroB100.tsp,polyak-smoothed-dynamic,396,polyak-smoothed-dynamic,396,21833.992206427567,21833.993785835501,22141
/Users/a/Ayanami/code/TSP/data/classic/tsplib/kroB100.tsp,polyak-smoothed-dynamic,397,polyak-smoothed-dynamic,397,21833.995806498086,21833.995806498086,22141
/Users/a/Ayanami/code/TSP/data/classic/tsplib/kroB100.tsp,polyak-smoothed-dynamic,398,polyak-smoothed-dynamic,398,21833.996563190864,21833.996563190864,22141
/Users/a/Ayanami/code/TSP/data/classic/tsplib/kroB100.tsp,polyak-smoothed-dynamic,399,polyak-smoothed-dynamic,399,21833.996930260386,21833.996930260386,22141
/Users/a/Ayanami/code/TSP/data/classic/tsplib/kroB100.tsp,polyak-smoothed-dynamic,400,polyak-smoothed-dynamic,400,21833.995550908512,21833.996930260386,22141
/Users/a/Ayanami/code/TSP/data/classic/tsplib/kroB100.tsp,polyak-smoothed-dynamic,401,polyak-smoothed-dynamic,401,21833.9958239117,21833.996930260386,22141
/Users/a/Ayanami/code/TSP/data/classic/tsplib/kroB100.tsp,polyak-smoothed-dynamic,402,polyak-smoothed-dynamic,402,21833.997341380484,21833.997341380484,22141
/Users/a/Ayanami/code/TSP/data/classic/tsplib/kroB100.tsp,polyak-smoothed-dynamic,403,polyak-smoothed-dynamic,403,21833.997172248051,21833.997341380484,22141
/Users/a/Ayanami/code/TSP/data/classic/tsplib/kroB100.tsp,polyak-smoothed-dynamic,404,polyak-smoothed-dynamic,404,21833.994876594657,21833.997341380484,22141
/Users/a/Ayanami/code/TSP/data/classic/tsplib/kroB100.tsp,polyak-smoothed-dynamic,405,polyak-smoothed-dynamic,405,21833.99504572443,21833.997341380484,22141
/Users/a/Ayanami/code/TSP/data/classic/tsplib/kroB100.tsp,polyak-smoothed-dynamic,406,polyak-smoothed-dynamic,406,21833.9973413466,21833.997341380484,22141
/Users/a/Ayanami/code/TSP/data/classic/tsplib/kroB100.tsp,polyak-smoothed-dynamic,407,polyak-smoothed-dynamic,407,21833.997172219493,21833.997341380484,22141
/Users/a/Ayanami/code/TSP/data/classic/tsplib/kroB100.tsp,polyak-smoothed-dynamic,408,polyak-smoothed-dynamic,408,21833.994876628534,21833.997341380484,22141
/Users/a/Ayanami/code/TSP/data/classic/tsplib/kroB100.tsp,polyak-smoothed-dynamic,409,polyak-smoothed-dynamic,409,21833.995045752981,21833.997341380484,22141
/Users/a/Ayanami/code/TSP/data/classic/tsplib/kroB100.tsp,polyak-smoothed-dynamic,410,polyak-smoothed-dynamic,410,21833.997341312726,21833.997341380484,22141
/Users/a/Ayanami/code/TSP/data/classic/tsplib/kroB100.tsp,polyak-smoothed-dynamic,411,polyak-smoothed-dynamic,411,21833.997172190939,21833.997341380484,22141
/Users/a/Ayanami/code/TSP/data/classic/tsplib/kroB100.tsp,polyak-smoothed-dynamic,412,polyak-smoothed-dynamic,412,21833.994876662418,21833.997341380484,22141
/Users/a/Ayanami/code/TSP/data/classic/tsplib/kroB100.tsp,polyak-smoothed-dynamic,413,polyak-smoothed-dynamic,413,21833.995045781536,21833.997341380484,22141
/Users/a/Ayanami/code/TSP/data/classic/tsplib/kroB100.tsp,polyak-smoothed-dynamic,414,polyak-smoothed-dynamic,414,21833.997341278846,21833.997341380484,22141
