instance,strategy,iteration,phase,phase_iteration,lower_bound,best_lower_bound,concorde_optimum
/Users/a/Ayanami/code/TSP/data/classic/tsplib/d198.tsp,polyak,1,polyak,1,12915,12915,15780
/Users/a/Ayanami/code/TSP/data/classic/tsplib/d198.tsp,polyak,2,polyak,2,5688.2272727272684,12915,15780
/Users/a/Ayanami/code/TSP/data/classic/tsplib/d198.tsp,polyak,3,polyak,3,9398.9638372677036,12915,15780
/Users/a/Ayanami/code/TSP/data/classic/tsplib/d198.tsp,polyak,4,polyak,4,6743.1135979022711,12915,15780
/Users/a/Ayanami/code/TSP/data/classic/tsplib/d198.tsp,polyak,5,polyak,5,8243.3703233633732,12915,15780
/Users/a/Ayanami/code/TSP/data/classic/tsplib/d198.tsp,polyak,6,polyak,6,8802.353001178426,12915,15780
/Users/a/Ayanami/code/TSP/data/classic/tsplib/d198.tsp,polyak,7,polyak,7,6803.9016405409411,12915,15780
/Users/a/Ayanami/code/TSP/data/classic/tsplib/d198.tsp,polyak,8,polyak,8,6802.4370400247235,12915,15780
/Users/a/Ayanami/code/TSP/data/classic/tsplib/d198.tsp,polyak,9,polyak,9,7514.7259394187204,12915,15780
/Users/a/Ayanami/code/TSP/data/classic/tsplib/d198.tsp,polyak,10,polyak,10,6042.6022072789892,12915,15780
/Users/a/Ayanami/code/TSP/data/classic/tsplib/d198.tsp,polyak,11,polyak,11,6234.1049031057109,12915,15780
/Users/a/Ayanami/code/TSP/data/classic/tsplib/d198.tsp,polyak,12,polyak,12,6102.1243114000681,12915,15780
/Users/a/Ayanami/code/TSP/data/classic/tsplib/d198.tsp,polyak,13,polyak,13,6385.2991672821036,12915,15780
/Users/a/Ayanami/code/TSP/data/classic/tsplib/d198.tsp,polyak,14,polyak,14,6869.418989889944,12915,15780
/Users/a/Ayanami/code/TSP/data/classic/tsplib/d198.tsp,polyak,15,polyak,15,8828.2349139518446,12915,15780
/Users/a/Ayanami/code/TSP/data/classic/tsplib/d198.tsp,polyak,16,polyak,16,9682.2350545053578,12915,15780
/Users/a/Ayanami/code/TSP/data/classic/tsplib/d198.tsp,polyak,17,polyak,17,10738.116966693573,12915,15780
/Users/a/Ayanami/code/TSP/data/classic/tsplib/d198.tsp,polyak,18,polyak,18,11736.236135489988,12915,15780
/Users/a/Ayanami/code/TSP/data/classic/tsplib/d198.tsp,polyak,19,polyak,19,11516.563844604756,12915,15780
/Users/a/Ayanami/code/TSP/data/classic/tsplib/d198.tsp,polyak,20,polyak,20,12195.072761519448,12915,15780
/Users/a/Ayanami/code/TSP/data/classic/tsplib/d198.tsp,polyak,21,polyak,21,12033.875617524161,12915,15780
/Users/a/Ayanami/code/TSP/data/classic/tsplib/d198.tsp,polyak,22,polyak,22,12296.4788191808,12915,15780
/Users/a/Ayanami/code/TSP/data/classic/tsplib/d198.tsp,polyak,23,polyak,23,12728.44488004268,12915,15780
/Users/a/Ayanami/code/TSP/data/classic/tsplib/d198.tsp,polyak,24,polyak,24,12579.736060817206,12915,15780
/Users/a/Ayanami/code/TSP/data/classic/tsplib/d198.tsp,polyak,25,polyak,25,12852.133821768468,12915,15780
/Users/a/Ayanami/code/TSP/data/classic/tsplib/d198.tsp,polyak,26,polyak,26,12684.344399793737,12915,15780
/Users/a/Ayanami/code/TSP/data/classic/tsplib/d198.tsp,polyak,27,polyak,27,13359.555917918284,13359.555917918284,15780
/Users/a/Ayanami/code/TSP/data/classic/tsplib/d198.tsp,polyak,28,polyak,28,13425.464395861232,13425.464395861232,15780
/Users/a/Ayanami/code/TSP/data/classic/tsplib/d198.tsp,polyak,29,polyak,29,13636.534536988871,13636.534536988871,15780
/Users/a/Ayanami/code/TSP/data/classic/tsplib/d198.tsp,polyak,30,polyak,30,13520.062598005892,13636.534536988871,15780
/Users/a/Ayanami/code/TSP/data/classic/tsplib/d198.tsp,polyak,31,polyak,31,13662.522894878328,13662.522894878328,15780
/Users/a/Ayanami/code/TSP/data/classic/tsplib/d198.tsp,polyak,32,polyak,32,13578.793182349978,13662.522894878328,15780
/Users/a/Ayanami/code/TSP/data/classic/tsplib/d198.tsp,polyak,33,polyak,33,13691.979564429757,13691.979564429757,15780
/Users/a/Ayanami/code/TSP/data/classic/tsplib/d198.tsp,polyak,34,polyak,34,13652.77627885079,13691.979564429757,15780
/Users/a/Ayanami/code/TSP/data/classic/tsplib/d198.tsp,polyak,35,polyak,35,13513.66558327536,13691.979564429757,15780
/Users/a/Ayanami/code/TSP/data/classic/tsplib/d198.tsp,polyak,36,polyak,36,13711.269713058307,13711.269713058307,15780
/Users/a/Ayanami/code/TSP/data/classic/tsplib/d198.tsp,polyak,37,polyak,37,13639.952888089729,13711.269713058307,15780
/Users/a/Ayanami/code/TSP/data/classic/tsplib/d198.tsp,polyak,38,polyak,38,13742.959590857356,13742.959590857356,15780
/Users/a/Ayanami/code/TSP/data/classic/tsplib/d198.tsp,polyak,39,polyak,39,13629.692509684215,13742.959590857356,15780
/Users/a/Ayanami/code/TSP/data/classic/tsplib/d198.tsp,polyak,40,polyak,40,13660.390170810995,13742.959590857356,15780
/Users/a/Ayanami/code/TSP/data/classic/tsplib/d198.tsp,polyak,41,polyak,41,13697.536805940059,13742.959590857356,15780
/Users/a/Ayanami/code/TSP/data/classic/tsplib/d198.tsp,polyak,42,polyak,42,13622.331170904841,13742.959590857356,15780
/Users/a/Ayanami/code/TSP/data/classic/tsplib/d198.tsp,polyak,43,polyak,43,13751.56273879105,13751.56273879105,15780
/Users/a/Ayanami/code/TSP/data/classic/tsplib/d198.tsp,polyak,44,polyak,44,13695.280914225603,13751.56273879105,15780
/Users/a/Ayanami/code/TSP/data/classic/tsplib/d198.tsp,polyak,45,polyak,45,13748.874254047918,13751.56273879105,15780
/Users/a/Ayanami/code/TSP/data/classic/tsplib/d198.tsp,polyak,46,polyak,46,13663.80946322914,13751.56273879105,15780
/Users/a/Ayanami/code/TSP/data/classic/tsplib/d198.tsp,polyak,47,polyak,47,13710.833467546225,13751.56273879105,15780
/Users/a/Ayanami/code/TSP/data/classic/tsplib/d198.tsp,polyak,48,polyak,48,13793.704321408393,13793.704321408393,15780
/Users/a/Ayanami/code/TSP/data/classic/tsplib/d198.tsp,polyak,49,polyak,49,13608.067137716251,13793.704321408393,15780
/Users/a/Ayanami/code/TSP/data/classic/tsplib/d198.tsp,polyak,50,polyak,50,13780.819387151481,13793.704321408393,15780
/Users/a/Ayanami/code/TSP/data/classic/tsplib/d198.tsp,polyak,51,polyak,51,13722.578444545499,13793.704321408393,15780
/Users/a/Ayanami/code/TSP/data/classic/tsplib/d198.tsp,polyak,52,polyak,52,13702.204238502387,13793.704321408393,15780
/Users/a/Ayanami/code/TSP/data/classic/tsplib/d198.tsp,polyak,53,polyak,53,13722.013746988769,13793.704321408393,15780
/Users/a/Ayanami/code/TSP/data/classic/tsplib/d198.tsp,polyak,54,polyak,54,13771.709524356675,13793.704321408393,15780
/Users/a/Ayanami/code/TSP/data/classic/tsplib/d198.tsp,polyak,55,polyak,55,13625.071661883159,13793.704321408393,15780
/Users/a/Ayanami/code/TSP/data/classic/tsplib/d198.tsp,polyak,56,polyak,56,13803.96091405934,13803.96091405934,15780
/Users/a/Ayanami/code/TSP/data/classic/tsplib/d198.tsp,polyak,57,polyak,57,13725.813877966089,13803.96091405934,15780
/Users/a/Ayanami/code/TSP/data/classic/tsplib/d198.tsp,polyak,58,polyak,58,13775.898494830584,13803.96091405934,15780
/Users/a/Ayanami/code/TSP/data/classic/tsplib/d198.tsp,polyak,59,polyak,59,13778.590212983272,13803.96091405934,15780
/Users/a/Ayanami/code/TSP/data/classic/tsplib/d198.tsp,polyak,60,polyak,60,13739.81603499624,13803.96091405934,15780
/Users/a/Ayanami/code/TSP/data/classic/tsplib/d198.tsp,polyak,61,polyak,61,13748.54312129975,13803.96091405934,15780
/Users/a/Ayanami/code/TSP/data/classic/tsplib/d198.tsp,polyak,62,polyak,62,13812.181182826766,13812.181182826766,15780
/Users/a/Ayanami/code/TSP/data/classic/tsplib/d198.tsp,polyak,63,polyak,63,13671.583278497237,13812.181182826766,15780
/Users/a/Ayanami/code/TSP/data/classic/tsplib/d198.tsp,polyak,64,polyak,64,13856.018420776456,13856.018420776456,15780
/Users/a/Ayanami/code/TSP/data/classic/tsplib/d198.tsp,polyak,65,polyak,65,13819.636108655455,13856.018420776456,15780
/Users/a/Ayanami/code/TSP/data/classic/tsplib/d198.tsp,polyak,66,polyak,66,13707.528715029835,13856.018420776456,15780
/Users/a/Ayanami/code/TSP/data/classic/tsplib/d198.tsp,polyak,67,polyak,67,13873.525648605271,13873.525648605271,15780
/Users/a/Ayanami/code/TSP/data/classic/tsplib/d198.tsp,polyak,68,polyak,68,13707.459171132328,13873.525648605271,15780
/Users/a/Ayanami/code/TSP/data/classic/tsplib/d198.tsp,polyak,69,polyak,69,13779.753184747573,13873.525648605271,15780
/Users/a/Ayanami/code/TSP/data/classic/tsplib/d198.tsp,polyak,70,polyak,70,13848.956725862939,13873.525648605271,15780
/Users/a/Ayanami/code/TSP/data/classic/tsplib/d198.tsp,polyak,71,polyak,71,13692.911524541381,13873.525648605271,15780
/Users/a/Ayanami/code/TSP/data/classic/tsplib/d198.tsp,polyak,72,polyak,72,13825.580028179658,13873.525648605271,15780
/Users/a/Ayanami/code/TSP/data/classic/tsplib/d198.tsp,polyak,73,polyak,73,13854.894425056154,13873.525648605271,15780
/Users/a/Ayanami/code/TSP/data/classic/tsplib/d198.tsp,polyak,74,polyak,74,13688.068556349639,13873.525648605271,15780
/Users/a/Ayanami/code/TSP/data/classic/tsplib/d198.tsp,polyak,75,polyak,75,13848.091922498761,13873.525648605271,15780
/Users/a/Ayanami/code/TSP/data/classic/tsplib/d198.tsp,polyak,76,polyak,76,13799.179169460982,13873.525648605271,15780
/Users/a/Ayanami/code/TSP/data/classic/tsplib/d198.tsp,polyak,77,polyak,77,13777.691366728186,13873.525648605271,15780
/Users/a/Ayanami/code/TSP/data/classic/tsplib/d198.tsp,polyak,78,polyak,78,13821.056104071808,13873.525648605271,15780
/Users/a/Ayanami/code/TSP/data/classic/tsplib/d198.tsp,polyak,79,polyak,79,13782.209547536933,13873.525648605271,15780
/Users/a/Ayanami/code/TSP/data/classic/tsplib/d198.tsp,polyak,80,polyak,80,13773.358061996501,13873.525648605271,15780
/Users/a/Ayanami/code/TSP/data/classic/tsplib/d198.tsp,polyak,81,polyak,81,13979.065916612069,13979.065916612069,15780
/Users/a/Ayanami/code/TSP/data/classic/tsplib/d198.tsp,polyak,82,polyak,82,14000.029516807741,14000.029516807741,15780
/Users/a/Ayanami/code/TSP/data/classic/tsplib/d198.tsp,polyak,83,polyak,83,14028.045812505472,14028.045812505472,15780
/Users/a/Ayanami/code/TSP/data/classic/tsplib/d198.tsp,polyak,84,polyak,84,14055.041015787177,14055.041015787177,15780
/Users/a/Ayanami/code/TSP/data/classic/tsplib/d198.tsp,polyak,85,polyak,85,14046.762781972116,14055.041015787177,15780
/Users/a/Ayanami/code/TSP/data/classic/tsplib/d198.tsp,polyak,86,polyak,86,13994.299792569751,14055.041015787177,15780
/Users/a/Ayanami/code/TSP/data/classic/tsplib/d198.tsp,polyak,87,polyak,87,14085.95974869579,14085.95974869579,15780
/Users/a/Ayanami/code/TSP/data/classic/tsplib/d198.tsp,polyak,88,polyak,88,14035.703248519407,14085.95974869579,15780
/Users/a/Ayanami/code/TSP/data/classic/tsplib/d198.tsp,polyak,89,polyak,89,14063.574464529845,14085.95974869579,15780
/Users/a/Ayanami/code/TSP/data/classic/tsplib/d198.tsp,polyak,90,polyak,90,14025.573303441852,14085.95974869579,15780
/Users/a/Ayanami/code/TSP/data/classic/tsplib/d198.tsp,polyak,91,polyak,91,14114.580008602879,14114.580008602879,15780
/Users/a/Ayanami/code/TSP/data/classic/tsplib/d198.tsp,polyak,92,polyak,92,13997.673274049615,14114.580008602879,15780
/Users/a/Ayanami/code/TSP/data/classic/tsplib/d198.tsp,polyak,93,polyak,93,14085.801192298763,14114.580008602879,15780
/Users/a/Ayanami/code/TSP/data/classic/tsplib/d198.tsp,polyak,94,polyak,94,14049.029880791551,14114.580008602879,15780
/Users/a/Ayanami/code/TSP/data/classic/tsplib/d198.tsp,polyak,95,polyak,95,14057.501790221757,14114.580008602879,15780
/Users/a/Ayanami/code/TSP/data/classic/tsplib/d198.tsp,polyak,96,polyak,96,14061.391490723097,14114.580008602879,15780
/Users/a/Ayanami/code/TSP/data/classic/tsplib/d198.tsp,polyak,97,polyak,97,14050.014078701743,14114.580008602879,15780
/Users/a/Ayanami/code/TSP/data/classic/tsplib/d198.tsp,polyak,98,polyak,98,14077.975004188616,14114.580008602879,15780
/Users/a/Ayanami/code/TSP/data/classic/tsplib/d198.tsp,polyak,99,polyak,99,14032.093868158327,14114.580008602879,15780
/Users/a/Ayanami/code/TSP/data/classic/tsplib/d198.tsp,polyak,100,polyak,100,14105.91529975157,14114.580008602879,15780
/Users/a/Ayanami/code/TSP/data/classic/tsplib/d198.tsp,polyak,101,polyak,101,14047.56231591908,14114.580008602879,15780
/Users/a/Ayanami/code/TSP/data/classic/tsplib/d198.tsp,polyak,102,polyak,102,14090.892471711022,14114.580008602879,15780
/Users/a/Ayanami/code/TSP/data/classic/tsplib/d198.tsp,polyak,103,polyak,103,14077.769616301302,14114.580008602879,15780
/Users/a/Ayanami/code/TSP/data/classic/tsplib/d198.tsp,polyak,104,polyak,104,14061.529590433131,14114.580008602879,15780
/Users/a/Ayanami/code/TSP/data/classic/tsplib/d198.tsp,polyak,105,polyak,105,14162.824655286635,14162.824655286635,15780
/Users/a/Ayanami/code/TSP/data/classic/tsplib/d198.tsp,polyak,106,polyak,106,14169.72360891961,14169.72360891961,15780
/Users/a/Ayanami/code/TSP/data/classic/tsplib/d198.tsp,polyak,107,polyak,107,14178.24103115344,14178.24103115344,15780
/Users/a/Ayanami/code/TSP/data/classic/tsplib/d198.tsp,polyak,108,polyak,108,14191.035551769983,14191.035551769983,15780
/Users/a/Ayanami/code/TSP/data/classic/tsplib/d198.tsp,polyak,109,polyak,109,14162.94216870136,14191.035551769983,15780
/Users/a/Ayanami/code/TSP/data/classic/tsplib/d198.tsp,polyak,110,polyak,110,14197.872530894632,14197.872530894632,15780
/Users/a/Ayanami/code/TSP/data/classic/tsplib/d198.tsp,polyak,111,polyak,111,14159.62202246901,14197.872530894632,15780
/Users/a/Ayanami/code/TSP/data/classic/tsplib/d198.tsp,polyak,112,polyak,112,14185.479190656653,14197.872530894632,15780
/Users/a/Ayanami/code/TSP/data/classic/tsplib/d198.tsp,polyak,113,polyak,113,14202.155704859404,14202.155704859404,15780
/Users/a/Ayanami/code/TSP/data/classic/tsplib/d198.tsp,polyak,114,polyak,114,14196.750496762685,14202.155704859404,15780
/Users/a/Ayanami/code/TSP/data/classic/tsplib/d198.tsp,polyak,115,polyak,115,14185.928717985402,14202.155704859404,15780
/Users/a/Ayanami/code/TSP/data/classic/tsplib/d198.tsp,polyak,116,polyak,116,14204.518879513691,14204.518879513691,15780
/Users/a/Ayanami/code/TSP/data/classic/tsplib/d198.tsp,polyak,117,polyak,117,14180.456307176783,14204.518879513691,15780
/Users/a/Ayanami/code/TSP/data/classic/tsplib/d198.tsp,polyak,118,polyak,118,14198.967957861234,14204.518879513691,15780
/Users/a/Ayanami/code/TSP/data/classic/tsplib/d198.tsp,polyak,119,polyak,119,14175.220303303995,14204.518879513691,15780
/Users/a/Ayanami/code/TSP/data/classic/tsplib/d198.tsp,polyak,120,polyak,120,14197.609412624186,14204.518879513691,15780
/Users/a/Ayanami/code/TSP/data/classic/tsplib/d198.tsp,polyak,121,polyak,121,14190.978523855316,14204.518879513691,15780
/Users/a/Ayanami/code/TSP/data/classic/tsplib/d198.tsp,polyak,122,polyak,122,14200.066373969847,14204.518879513691,15780
/Users/a/Ayanami/code/TSP/data/classic/tsplib/d198.tsp,polyak,123,polyak,123,14196.288992428081,14204.518879513691,15780
/Users/a/Ayanami/code/TSP/data/classic/tsplib/d198.tsp,polyak,124,polyak,124,14176.03756162848,14204.518879513691,15780
/Users/a/Ayanami/code/TSP/data/classic/tsplib/d198.tsp,polyak,125,polyak,125,14193.172454588859,14204.518879513691,15780
/Users/a/Ayanami/code/TSP/data/classic/tsplib/d198.tsp,polyak,126,polyak,126,14194.403559039136,14204.518879513691,15780
/Users/a/Ayanami/code/TSP/data/classic/tsplib/d198.tsp,polyak,127,polyak,127,14205.825014293196,14205.825014293196,15780
/Users/a/Ayanami/code/TSP/data/classic/tsplib/d198.tsp,polyak,128,polyak,128,14170.180290568502,14205.825014293196,15780
/Users/a/Ayanami/code/TSP/data/classic/tsplib/d198.tsp,polyak,129,polyak,129,14215.372929014862,14215.372929014862,15780
/Users/a/Ayanami/code/TSP/data/classic/tsplib/d198.tsp,polyak,130,polyak,130,14167.759100805686,14215.372929014862,15780
/Users/a/Ayanami/code/TSP/data/classic/tsplib/d198.tsp,polyak,131,polyak,131,14221.954092613665,14221.954092613665,15780
/Users/a/Ayanami/code/TSP/data/classic/tsplib/d198.tsp,polyak,132,polyak,132,14177.734795186978,14221.954092613665,15780
/Users/a/Ayanami/code/TSP/data/classic/tsplib/d198.tsp,polyak,133,polyak,133,14213.479368606555,14221.954092613665,15780
/Users/a/Ayanami/code/TSP/data/classic/tsplib/d198.tsp,polyak,134,polyak,134,14194.086888278491,14221.954092613665,15780
/Users/a/Ayanami/code/TSP/data/classic/tsplib/d198.tsp,polyak,135,polyak,135,14206.781791358115,14221.954092613665,15780
/Users/a/Ayanami/code/TSP/data/classic/tsplib/d198.tsp,polyak,136,polyak,136,14194.435629521167,14221.954092613665,15780
/Users/a/Ayanami/code/TSP/data/classic/tsplib/d198.tsp,polyak,137,polyak,137,14229.809849909307,14229.809849909307,15780
/Users/a/Ayanami/code/TSP/data/classic/tsplib/d198.tsp,polyak,138,polyak,138,14181.494282084492,14229.809849909307,15780
/Users/a/Ayanami/code/TSP/data/classic/tsplib/d198.tsp,polyak,139,polyak,139,14224.128965172076,14229.809849909307,15780
/Users/a/Ayanami/code/TSP/data/classic/tsplib/d198.tsp,polyak,140,polyak,140,14204.694814036975,14229.809849909307,15780
/Users/a/Ayanami/code/TSP/data/classic/tsplib/d198.tsp,polyak,141,polyak,141,14214.776400783105,14229.809849909307,15780
/Users/a/Ayanami/code/TSP/data/classic/tsplib/d198.tsp,polyak,142,polyak,142,14202.12784710971,14229.809849909307,15780
/Users/a/Ayanami/code/TSP/data/classic/tsplib/d198.tsp,polyak,143,polyak,143,14205.701164017484,14229.809849909307,15780
/Users/a/Ayanami/code/TSP/data/classic/tsplib/d198.tsp,polyak,144,polyak,144,14210.105344600961,14229.809849909307,15780
/Users/a/Ayanami/code/TSP/data/classic/tsplib/d198.tsp,polyak,145,polyak,145,14195.382597416005,14229.809849909307,15780
/Users/a/Ayanami/code/TSP/data/classic/tsplib/d198.tsp,polyak,146,polyak,146,14217.457215163673,14229.809849909307,15780
/Users/a/Ayanami/code/TSP/data/classic/tsplib/d198.tsp,polyak,147,polyak,147,14218.916754696866,14229.809849909307,15780
/Users/a/Ayanami/code/TSP/data/classic/tsplib/d198.tsp,polyak,148,polyak,148,14208.208611926135,14229.809849909307,15780
/Users/a/Ayanami/code/TSP/data/classic/tsplib/d198.tsp,polyak,149,polyak,149,14215.145858334954,14229.809849909307,15780
/Users/a/Ayanami/code/TSP/data/classic/tsplib/d198.tsp,polyak,150,polyak,150,14209.502291272316,14229.809849909307,15780
/Users/a/Ayanami/code/TSP/data/classic/tsplib/d198.tsp,polyak,151,polyak,151,14264.980419769146,14264.980419769146,15780
/Users/a/Ayanami/code/TSP/data/classic/tsplib/d198.tsp,polyak,152,polyak,152,14258.527747150607,14264.980419769146,15780
/Users/a/Ayanami/code/TSP/data/classic/tsplib/d198.tsp,polyak,153,polyak,153,14266.278533347782,14266.278533347782,15780
/Users/a/Ayanami/code/TSP/data/classic/tsplib/d198.tsp,polyak,154,polyak,154,14264.214802417288,14266.278533347782,15780
/Users/a/Ayanami/code/TSP/data/classic/tsplib/d198.tsp,polyak,155,polyak,155,14267.894293023397,14267.894293023397,15780
/Users/a/Ayanami/code/TSP/data/classic/tsplib/d198.tsp,polyak,156,polyak,156,14263.542512783748,14267.894293023397,15780
/Users/a/Ayanami/code/TSP/data/classic/tsplib/d198.tsp,polyak,157,polyak,157,14259.000801259595,14267.894293023397,15780
/Users/a/Ayanami/code/TSP/data/classic/tsplib/d198.tsp,polyak,158,polyak,158,14269.424628899325,14269.424628899325,15780
/Users/a/Ayanami/code/TSP/data/classic/tsplib/d198.tsp,polyak,159,polyak,159,14256.375140985501,14269.424628899325,15780
/Users/a/Ayanami/code/TSP/data/classic/tsplib/d198.tsp,polyak,160,polyak,160,14269.708086487684,14269.708086487684,15780
/Users/a/Ayanami/code/TSP/data/classic/tsplib/d198.tsp,polyak,161,polyak,161,14263.779955112102,14269.708086487684,15780
/Users/a/Ayanami/code/TSP/data/classic/tsplib/d198.tsp,polyak,162,polyak,162,14270.23403498908,14270.23403498908,15780
/Users/a/Ayanami/code/TSP/data/classic/tsplib/d198.tsp,polyak,163,polyak,163,14270.630012793672,14270.630012793672,15780
/Users/a/Ayanami/code/TSP/data/classic/tsplib/d198.tsp,polyak,164,polyak,164,14255.379756837654,14270.630012793672,15780
/Users/a/Ayanami/code/TSP/data/classic/tsplib/d198.tsp,polyak,165,polyak,165,14271.588339686225,14271.588339686225,15780
/Users/a/Ayanami/code/TSP/data/classic/tsplib/d198.tsp,polyak,166,polyak,166,14261.493811390566,14271.588339686225,15780
/Users/a/Ayanami/code/TSP/data/classic/tsplib/d198.tsp,polyak,167,polyak,167,14279.615980116354,14279.615980116354,15780
/Users/a/Ayanami/code/TSP/data/classic/tsplib/d198.tsp,polyak,168,polyak,168,14254.933583376243,14279.615980116354,15780
/Users/a/Ayanami/code/TSP/data/classic/tsplib/d198.tsp,polyak,169,polyak,169,14278.292747406231,14279.615980116354,15780
/Users/a/Ayanami/code/TSP/data/classic/tsplib/d198.tsp,polyak,170,polyak,170,14248.803925930184,14279.615980116354,15780
/Users/a/Ayanami/code/TSP/data/classic/tsplib/d198.tsp,polyak,171,polyak,171,14281.477131438387,14281.477131438387,15780
/Users/a/Ayanami/code/TSP/data/classic/tsplib/d198.tsp,polyak,172,polyak,172,14258.553108733213,14281.477131438387,15780
/Users/a/Ayanami/code/TSP/data/classic/tsplib/d198.tsp,polyak,173,polyak,173,14277.328699563219,14281.477131438387,15780
/Users/a/Ayanami/code/TSP/data/classic/tsplib/d198.tsp,polyak,174,polyak,174,14266.936969185814,14281.477131438387,15780
/Users/a/Ayanami/code/TSP/data/classic/tsplib/d198.tsp,polyak,175,polyak,175,14283.751050250756,14283.751050250756,15780
/Users/a/Ayanami/code/TSP/data/classic/tsplib/d198.tsp,polyak,176,polyak,176,14265.234120449788,14283.751050250756,15780
/Users/a/Ayanami/code/TSP/data/classic/tsplib/d198.tsp,polyak,177,polyak,177,14281.972320491983,14283.751050250756,15780
/Users/a/Ayanami/code/TSP/data/classic/tsplib/d198.tsp,polyak,178,polyak,178,14269.425151174644,14283.751050250756,15780
/Users/a/Ayanami/code/TSP/data/classic/tsplib/d198.tsp,polyak,179,polyak,179,14280.017188326807,14283.751050250756,15780
/Users/a/Ayanami/code/TSP/data/classic/tsplib/d198.tsp,polyak,180,polyak,180,14271.214261417397,14283.751050250756,15780
/Users/a/Ayanami/code/TSP/data/classic/tsplib/d198.tsp,polyak,181,polyak,181,14280.731847206871,14283.751050250756,15780
/Users/a/Ayanami/code/TSP/data/classic/tsplib/d198.tsp,polyak,182,polyak,182,14273.040535038415,14283.751050250756,15780
/Users/a/Ayanami/code/TSP/data/classic/tsplib/d198.tsp,polyak,183,polyak,183,14278.372369589926,14283.751050250756,15780
/Users/a/Ayanami/code/TSP/data/classic/tsplib/d198.tsp,polyak,184,polyak,184,14272.274134856585,14283.751050250756,15780
/Users/a/Ayanami/code/TSP/data/classic/tsplib/d198.tsp,polyak,185,polyak,185,14286.001057026786,14286.001057026786,15780
/Users/a/Ayanami/code/TSP/data/classic/tsplib/d198.tsp,polyak,186,polyak,186,14270.185727027916,14286.001057026786,15780
/Users/a/Ayanami/code/TSP/data/classic/tsplib/d198.tsp,polyak,187,polyak,187,14279.725588618687,14286.001057026786,15780
/Users/a/Ayanami/code/TSP/data/classic/tsplib/d198.tsp,polyak,188,polyak,188,14273.309517794645,14286.001057026786,15780
/Users/a/Ayanami/code/TSP/data/classic/tsplib/d198.tsp,polyak,189,polyak,189,14277.993435793676,14286.001057026786,15780
/Users/a/Ayanami/code/TSP/data/classic/tsplib/d198.tsp,polyak,190,polyak,190,14279.374460559058,14286.001057026786,15780
/Users/a/Ayanami/code/TSP/data/classic/tsplib/d198.tsp,polyak,191,polyak,191,14277.670941198394,14286.001057026786,15780
/Users/a/Ayanami/code/TSP/data/classic/tsplib/d198.tsp,polyak,192,polyak,192,14271.547232969282,14286.001057026786,15780
/Users/a/Ayanami/code/TSP/data/classic/tsplib/d198.tsp,polyak,193,polyak,193,14282.838651902943,14286.001057026786,15780
/Users/a/Ayanami/code/TSP/data/classic/tsplib/d198.tsp,polyak,194,polyak,194,14265.011347806256,14286.001057026786,15780
/Users/a/Ayanami/code/TSP/data/classic/tsplib/d198.tsp,polyak,195,polyak,195,14295.795538948547,14295.795538948547,15780
/Users/a/Ayanami/code/TSP/data/classic/tsplib/d198.tsp,polyak,196,polyak,196,14263.856677967386,14295.795538948547,15780
/Users/a/Ayanami/code/TSP/data/classic/tsplib/d198.tsp,polyak,197,polyak,197,14285.999085917021,14295.795538948547,15780
/Users/a/Ayanami/code/TSP/data/classic/tsplib/d198.tsp,polyak,198,polyak,198,14274.758198535776,14295.795538948547,15780
/Users/a/Ayanami/code/TSP/data/classic/tsplib/d198.tsp,polyak,199,polyak,199,14281.093662543672,14295.795538948547,15780
/Users/a/Ayanami/code/TSP/data/classic/tsplib/d198.tsp,polyak,200,polyak,200,14279.188795624661,14295.795538948547,15780
/Users/a/Ayanami/code/TSP/data/classic/tsplib/d198.tsp,polyak,201,polyak,201,14287.920626353718,14295.795538948547,15780
/Users/a/Ayanami/code/TSP/data/classic/tsplib/d198.tsp,polyak,202,polyak,202,14268.886075360619,14295.795538948547,15780
/Users/a/Ayanami/code/TSP/data/classic/tsplib/d198.tsp,polyak,203,polyak,203,14289.724008806133,14295.795538948547,15780
/Users/a/Ayanami/code/TSP/data/classic/tsplib/d198.tsp,polyak,204,polyak,204,14274.323959834142,14295.795538948547,15780
/Users/a/Ayanami/code/TSP/data/classic/tsplib/d198.tsp,polyak,205,polyak,205,14289.099129537686,14295.795538948547,15780
/Users/a/Ayanami/code/TSP/data/classic/tsplib/d198.tsp,polyak,206,polyak,206,14274.311682794576,14295.795538948547,15780
/Users/a/Ayanami/code/TSP/data/classic/tsplib/d198.tsp,polyak,207,polyak,207,14295.516089738148,14295.795538948547,15780
/Users/a/Ayanami/code/TSP/data/classic/tsplib/d198.tsp,polyak,208,polyak,208,14287.097453826598,14295.795538948547,15780
/Users/a/Ayanami/code/TSP/data/classic/tsplib/d198.tsp,polyak,209,polyak,209,14306.146226318839,14306.146226318839,15780
/Users/a/Ayanami/code/TSP/data/classic/tsplib/d198.tsp,polyak,210,polyak,210,14300.823456290267,14306.146226318839,15780
/Users/a/Ayanami/code/TSP/data/classic/tsplib/d198.tsp,polyak,211,polyak,211,14314.154753732708,14314.154753732708,15780
/Users/a/Ayanami/code/TSP/data/classic/tsplib/d198.tsp,polyak,212,polyak,212,14302.382406307737,14314.154753732708,15780
/Users/a/Ayanami/code/TSP/data/classic/tsplib/d198.tsp,polyak,213,polyak,213,14315.833090612519,14315.833090612519,15780
/Users/a/Ayanami/code/TSP/data/classic/tsplib/d198.tsp,polyak,214,polyak,214,14303.42516254859,14315.833090612519,15780
/Users/a/Ayanami/code/TSP/data/classic/tsplib/d198.tsp,polyak,215,polyak,215,14319.693660337949,14319.693660337949,15780
/Users/a/Ayanami/code/TSP/data/classic/tsplib/d198.tsp,polyak,216,polyak,216,14300.949848046905,14319.693660337949,15780
/Users/a/Ayanami/code/TSP/data/classic/tsplib/d198.tsp,polyak,217,polyak,217,14319.377092420402,14319.693660337949,15780
/Users/a/Ayanami/code/TSP/data/classic/tsplib/d198.tsp,polyak,218,polyak,218,14302.775036632682,14319.693660337949,15780
/Users/a/Ayanami/code/TSP/data/classic/tsplib/d198.tsp,polyak,219,polyak,219,14316.528083449173,14319.693660337949,15780
/Users/a/Ayanami/code/TSP/data/classic/tsplib/d198.tsp,polyak,220,polyak,220,14306.710642718757,14319.693660337949,15780
/Users/a/Ayanami/code/TSP/data/classic/tsplib/d198.tsp,polyak,221,polyak,221,14318.50102877242,14319.693660337949,15780
/Users/a/Ayanami/code/TSP/data/classic/tsplib/d198.tsp,polyak,222,polyak,222,14307.789455482671,14319.693660337949,15780
/Users/a/Ayanami/code/TSP/data/classic/tsplib/d198.tsp,polyak,223,polyak,223,14317.514324214739,14319.693660337949,15780
/Users/a/Ayanami/code/TSP/data/classic/tsplib/d198.tsp,polyak,224,polyak,224,14307.353489540936,14319.693660337949,15780
/Users/a/Ayanami/code/TSP/data/classic/tsplib/d198.tsp,polyak,225,polyak,225,14319.830830437262,14319.830830437262,15780
/Users/a/Ayanami/code/TSP/data/classic/tsplib/d198.tsp,polyak,226,polyak,226,14309.286641619812,14319.830830437262,15780
/Users/a/Ayanami/code/TSP/data/classic/tsplib/d198.tsp,polyak,227,polyak,227,14320.628948100293,14320.628948100293,15780
/Users/a/Ayanami/code/TSP/data/classic/tsplib/d198.tsp,polyak,228,polyak,228,14309.091949428761,14320.628948100293,15780
/Users/a/Ayanami/code/TSP/data/classic/tsplib/d198.tsp,polyak,229,polyak,229,14320.075441959607,14320.628948100293,15780
/Users/a/Ayanami/code/TSP/data/classic/tsplib/d198.tsp,polyak,230,polyak,230,14309.649508831732,14320.628948100293,15780
/Users/a/Ayanami/code/TSP/data/classic/tsplib/d198.tsp,polyak,231,polyak,231,14320.666575309042,14320.666575309042,15780
/Users/a/Ayanami/code/TSP/data/classic/tsplib/d198.tsp,polyak,232,polyak,232,14307.516190876988,14320.666575309042,15780
/Users/a/Ayanami/code/TSP/data/classic/tsplib/d198.tsp,polyak,233,polyak,233,14317.519993934864,14320.666575309042,15780
/Users/a/Ayanami/code/TSP/data/classic/tsplib/d198.tsp,polyak,234,polyak,234,14315.620449741411,14320.666575309042,15780
/Users/a/Ayanami/code/TSP/data/classic/tsplib/d198.tsp,polyak,235,polyak,235,14316.283013068884,14320.666575309042,15780
/Users/a/Ayanami/code/TSP/data/classic/tsplib/d198.tsp,polyak,236,polyak,236,14314.681585864255,14320.666575309042,15780
/Users/a/Ayanami/code/TSP/data/classic/tsplib/d198.tsp,polyak,237,polyak,237,14321.163981175594,14321.163981175594,15780
/Users/a/Ayanami/code/TSP/data/classic/tsplib/d198.tsp,polyak,238,polyak,238,14310.096824555403,14321.163981175594,15780
/Users/a/Ayanami/code/TSP/data/classic/tsplib/d198.tsp,polyak,239,polyak,239,14321.100189192284,14321.163981175594,15780
/Users/a/Ayanami/code/TSP/data/classic/tsplib/d198.tsp,polyak,240,polyak,240,14316.584832215452,14321.163981175594,15780
/Users/a/Ayanami/code/TSP/data/classic/tsplib/d198.tsp,polyak,241,polyak,241,14321.000856908144,14321.163981175594,15780
/Users/a/Ayanami/code/TSP/data/classic/tsplib/d198.tsp,polyak,242,polyak,242,14310.919138516505,14321.163981175594,15780
/Users/a/Ayanami/code/TSP/data/classic/tsplib/d198.tsp,polyak,243,polyak,243,14324.285194004988,14324.285194004988,15780
/Users/a/Ayanami/code/TSP/data/classic/tsplib/d198.tsp,polyak,244,polyak,244,14316.88987749604,14324.285194004988,15780
/Users/a/Ayanami/code/TSP/data/classic/tsplib/d198.tsp,polyak,245,polyak,245,14322.749615748502,14324.285194004988,15780
/Users/a/Ayanami/code/TSP/data/classic/tsplib/d198.tsp,polyak,246,polyak,246,14312.385998943515,14324.285194004988,15780
/Users/a/Ayanami/code/TSP/data/classic/tsplib/d198.tsp,polyak,247,polyak,247,14319.056736994538,14324.285194004988,15780
/Users/a/Ayanami/code/TSP/data/classic/tsplib/d198.tsp,polyak,248,polyak,248,14323.216658801397,14324.285194004988,15780
/Users/a/Ayanami/code/TSP/data/classic/tsplib/d198.tsp,polyak,249,polyak,249,14315.311747783726,14324.285194004988,15780
/Users/a/Ayanami/code/TSP/data/classic/tsplib/d198.tsp,polyak,250,polyak,250,14321.090017623768,14324.285194004988,15780
/Users/a/Ayanami/code/TSP/data/classic/tsplib/d198.tsp,polyak,251,polyak,251,14315.79802070919,14324.285194004988,15780
/Users/a/Ayanami/code/TSP/data/classic/tsplib/d198.tsp,polyak,252,polyak,252,14324.480801851018,14324.480801851018,15780
/Users/a/Ayanami/code/TSP/data/classic/tsplib/d198.tsp,polyak,253,polyak,253,14308.22862172136,14324.480801851018,15780
/Users/a/Ayanami/code/TSP/data/classic/tsplib/d198.tsp,polyak,254,polyak,254,14330.331023982853,14330.331023982853,15780
/Users/a/Ayanami/code/TSP/data/classic/tsplib/d198.tsp,polyak,255,polyak,255,14304.676208779567,14330.331023982853,15780
/Users/a/Ayanami/code/TSP/data/classic/tsplib/d198.tsp,polyak,256,polyak,256,14323.997592401591,14330.331023982853,15780
/Users/a/Ayanami/code/TSP/data/classic/tsplib/d198.tsp,polyak,257,polyak,257,14321.111489563431,14330.331023982853,15780
/Users/a/Ayanami/code/TSP/data/classic/tsplib/d198.tsp,polyak,258,polyak,258,14319.914492028665,14330.331023982853,15780
/Users/a/Ayanami/code/TSP/data/classic/tsplib/d198.tsp,polyak,259,polyak,259,14325.406427781685,14330.331023982853,15780
/Users/a/Ayanami/code/TSP/data/classic/tsplib/d198.tsp,polyak,260,polyak,260,14321.103020811875,14330.331023982853,15780
/Users/a/Ayanami/code/TSP/data/classic/tsplib/d198.tsp,polyak,261,polyak,261,14316.94628376049,14330.331023982853,15780
/Users/a/Ayanami/code/TSP/data/classic/tsplib/d198.tsp,polyak,262,polyak,262,14323.058557791743,14330.331023982853,15780
/Users/a/Ayanami/code/TSP/data/classic/tsplib/d198.tsp,polyak,263,polyak,263,14319.150398687216,14330.331023982853,15780
/Users/a/Ayanami/code/TSP/data/classic/tsplib/d198.tsp,polyak,264,polyak,264,14329.076563562525,14330.331023982853,15780
/Users/a/Ayanami/code/TSP/data/classic/tsplib/d198.tsp,polyak,265,polyak,265,14313.559138429613,14330.331023982853,15780
/Users/a/Ayanami/code/TSP/data/classic/tsplib/d198.tsp,polyak,266,polyak,266,14330.842820822445,14330.842820822445,15780
/Users/a/Ayanami/code/TSP/data/classic/tsplib/d198.tsp,polyak,267,polyak,267,14319.160277592124,14330.842820822445,15780
/Users/a/Ayanami/code/TSP/data/classic/tsplib/d198.tsp,polyak,268,polyak,268,14329.3376515777,14330.842820822445,15780
/Users/a/Ayanami/code/TSP/data/classic/tsplib/d198.tsp,polyak,269,polyak,269,14318.320182231728,14330.842820822445,15780
/Users/a/Ayanami/code/TSP/data/classic/tsplib/d198.tsp,polyak,270,polyak,270,14329.045278480053,14330.842820822445,15780
/Users/a/Ayanami/code/TSP/data/classic/tsplib/d198.tsp,polyak,271,polyak,271,14317.094382388292,14330.842820822445,15780
/Users/a/Ayanami/code/TSP/data/classic/tsplib/d198.tsp,polyak,272,polyak,272,14327.337817745904,14330.842820822445,15780
/Users/a/Ayanami/code/TSP/data/classic/tsplib/d198.tsp,polyak,273,polyak,273,14319.562131464001,14330.842820822445,15780
/Users/a/Ayanami/code/TSP/data/classic/tsplib/d198.tsp,polyak,274,polyak,274,14322.130964419164,14330.842820822445,15780
/Users/a/Ayanami/code/TSP/data/classic/tsplib/d198.tsp,polyak,275,polyak,275,14331.205335259865,14331.205335259865,15780
/Users/a/Ayanami/code/TSP/data/classic/tsplib/d198.tsp,polyak,276,polyak,276,14309.438356985644,14331.205335259865,15780
/Users/a/Ayanami/code/TSP/data/classic/tsplib/d198.tsp,polyak,277,polyak,277,14329.239541489744,14331.205335259865,15780
/Users/a/Ayanami/code/TSP/data/classic/tsplib/d198.tsp,polyak,278,polyak,278,14320.520211502526,14331.205335259865,15780
/Users/a/Ayanami/code/TSP/data/classic/tsplib/d198.tsp,polyak,279,polyak,279,14332.357707395397,14332.357707395397,15780
/Users/a/Ayanami/code/TSP/data/classic/tsplib/d198.tsp,polyak,280,polyak,280,14318.012207986514,14332.357707395397,15780
/Users/a/Ayanami/code/TSP/data/classic/tsplib/d198.tsp,polyak,281,polyak,281,14332.223300271002,14332.357707395397,15780
/Users/a/Ayanami/code/TSP/data/classic/tsplib/d198.tsp,polyak,282,polyak,282,14322.656702754142,14332.357707395397,15780
/Users/a/Ayanami/code/TSP/data/classic/tsplib/d198.tsp,polyak,283,polyak,283,14328.578644106508,14332.357707395397,15780
/Users/a/Ayanami/code/TSP/data/classic/tsplib/d198.tsp,polyak,284,polyak,284,14324.622441911104,14332.357707395397,15780
/Users/a/Ayanami/code/TSP/data/classic/tsplib/d198.tsp,polyak,285,polyak,285,14329.067973529902,14332.357707395397,15780
/Users/a/Ayanami/code/TSP/data/classic/tsplib/d198.tsp,polyak,286,polyak,286,14325.017548651227,14332.357707395397,15780
/Users/a/Ayanami/code/TSP/data/classic/tsplib/d198.tsp,polyak,287,polyak,287,14324.184676850628,14332.357707395397,15780
/Users/a/Ayanami/code/TSP/data/classic/tsplib/d198.tsp,polyak,288,polyak,288,14327.311968895023,14332.357707395397,15780
/Users/a/Ayanami/code/TSP/data/classic/tsplib/d198.tsp,polyak,289,polyak,289,14327.300807846859,14332.357707395397,15780
/Users/a/Ayanami/code/TSP/data/classic/tsplib/d198.tsp,polyak,290,polyak,290,14332.839848169024,14332.839848169024,15780
/Users/a/Ayanami/code/TSP/data/classic/tsplib/d198.tsp,polyak,291,polyak,291,14319.088393448043,14332.839848169024,15780
/Users/a/Ayanami/code/TSP/data/classic/tsplib/d198.tsp,polyak,292,polyak,292,14336.793569355219,14336.793569355219,15780
/Users/a/Ayanami/code/TSP/data/classic/tsplib/d198.tsp,polyak,293,polyak,293,14322.401138737892,14336.793569355219,15780
/Users/a/Ayanami/code/TSP/data/classic/tsplib/d198.tsp,polyak,294,polyak,294,14335.486259301975,14336.793569355219,15780
/Users/a/Ayanami/code/TSP/data/classic/tsplib/d198.tsp,polyak,295,polyak,295,14325.138900907063,14336.793569355219,15780
/Users/a/Ayanami/code/TSP/data/classic/tsplib/d198.tsp,polyak,296,polyak,296,14333.125629685243,14336.793569355219,15780
/Users/a/Ayanami/code/TSP/data/classic/tsplib/d198.tsp,polyak,297,polyak,297,14321.352481058955,14336.793569355219,15780
/Users/a/Ayanami/code/TSP/data/classic/tsplib/d198.tsp,polyak,298,polyak,298,14337.203037210085,14337.203037210085,15780
/Users/a/Ayanami/code/TSP/data/classic/tsplib/d198.tsp,polyak,299,polyak,299,14323.202567343724,14337.203037210085,15780
/Users/a/Ayanami/code/TSP/data/classic/tsplib/d198.tsp,polyak,300,polyak,300,14338.825186237846,14338.825186237846,15780
/Users/a/Ayanami/code/TSP/data/classic/tsplib/d198.tsp,polyak,301,polyak,301,14321.321301176504,14338.825186237846,15780
/Users/a/Ayanami/code/TSP/data/classic/tsplib/d198.tsp,polyak,302,polyak,302,14339.712758335281,14339.712758335281,15780
/Users/a/Ayanami/code/TSP/data/classic/tsplib/d198.tsp,polyak,303,polyak,303,14320.949698472685,14339.712758335281,15780
/Users/a/Ayanami/code/TSP/data/classic/tsplib/d198.tsp,polyak,304,polyak,304,14336.370604592961,14339.712758335281,15780
/Users/a/Ayanami/code/TSP/data/classic/tsplib/d198.tsp,polyak,305,polyak,305,14321.182812264742,14339.712758335281,15780
/Users/a/Ayanami/code/TSP/data/classic/tsplib/d198.tsp,polyak,306,polyak,306,14337.894922950247,14339.712758335281,15780
/Users/a/Ayanami/code/TSP/data/classic/tsplib/d198.tsp,polyak,307,polyak,307,14322.764352919778,14339.712758335281,15780
/Users/a/Ayanami/code/TSP/data/classic/tsplib/d198.tsp,polyak,308,polyak,308,14336.430134032124,14339.712758335281,15780
/Users/a/Ayanami/code/TSP/data/classic/tsplib/d198.tsp,polyak,309,polyak,309,14328.25610276652,14339.712758335281,15780
/Users/a/Ayanami/code/TSP/data/classic/tsplib/d198.tsp,polyak,310,polyak,310,14337.741045622963,14339.712758335281,15780
/Users/a/Ayanami/code/TSP/data/classic/tsplib/d198.tsp,polyak,311,polyak,311,14327.086739743847,14339.712758335281,15780
/Users/a/Ayanami/code/TSP/data/classic/tsplib/d198.tsp,polyak,312,polyak,312,14330.877078580575,14339.712758335281,15780
/Users/a/Ayanami/code/TSP/data/classic/tsplib/d198.tsp,polyak,313,polyak,313,14334.291650182848,14339.712758335281,15780
/Users/a/Ayanami/code/TSP/data/classic/tsplib/d198.tsp,polyak,314,polyak,314,14329.472690762033,14339.712758335281,15780
/Users/a/Ayanami/code/TSP/data/classic/tsplib/d198.tsp,polyak,315,polyak,315,14337.280079716804,14339.712758335281,15780
/Users/a/Ayanami/code/TSP/data/classic/tsplib/d198.tsp,polyak,316,polyak,316,14346.598314869048,14346.598314869048,15780
/Users/a/Ayanami/code/TSP/data/classic/tsplib/d198.tsp,polyak,317,polyak,317,14338.771826594406,14346.598314869048,15780
/Users/a/Ayanami/code/TSP/data/classic/tsplib/d198.tsp,polyak,318,polyak,318,14346.997226673771,14346.997226673771,15780
/Users/a/Ayanami/code/TSP/data/classic/tsplib/d198.tsp,polyak,319,polyak,319,14339.239547974808,14346.997226673771,15780
/Users/a/Ayanami/code/TSP/data/classic/tsplib/d198.tsp,polyak,320,polyak,320,14346.409906967552,14346.997226673771,15780
/Users/a/Ayanami/code/TSP/data/classic/tsplib/d198.tsp,polyak,321,polyak,321,14342.908450438981,14346.997226673771,15780
/Users/a/Ayanami/code/TSP/data/classic/tsplib/d198.tsp,polyak,322,polyak,322,14348.86120649869,14348.86120649869,15780
/Users/a/Ayanami/code/TSP/data/classic/tsplib/d198.tsp,polyak,323,polyak,323,14341.299291437615,14348.86120649869,15780
/Users/a/Ayanami/code/TSP/data/classic/tsplib/d198.tsp,polyak,324,polyak,324,14349.457222648642,14349.457222648642,15780
/Users/a/Ayanami/code/TSP/data/classic/tsplib/d198.tsp,polyak,325,polyak,325,14342.781652996093,14349.457222648642,15780
/Users/a/Ayanami/code/TSP/data/classic/tsplib/d198.tsp,polyak,326,polyak,326,14349.687703230069,14349.687703230069,15780
/Users/a/Ayanami/code/TSP/data/classic/tsplib/d198.tsp,polyak,327,polyak,327,14339.978431565172,14349.687703230069,15780
/Users/a/Ayanami/code/TSP/data/classic/tsplib/d198.tsp,polyak,328,polyak,328,14347.554188747928,14349.687703230069,15780
/Users/a/Ayanami/code/TSP/data/classic/tsplib/d198.tsp,polyak,329,polyak,329,14344.86404812492,14349.687703230069,15780
/Users/a/Ayanami/code/TSP/data/classic/tsplib/d198.tsp,polyak,330,polyak,330,14349.049391035554,14349.687703230069,15780
/Users/a/Ayanami/code/TSP/data/classic/tsplib/d198.tsp,polyak,331,polyak,331,14342.114552781461,14349.687703230069,15780
/Users/a/Ayanami/code/TSP/data/classic/tsplib/d198.tsp,polyak,332,polyak,332,14349.727970367478,14349.727970367478,15780
/Users/a/Ayanami/code/TSP/data/classic/tsplib/d198.tsp,polyak,333,polyak,333,14341.076133280701,14349.727970367478,15780
/Users/a/Ayanami/code/TSP/data/classic/tsplib/d198.tsp,polyak,334,polyak,334,14349.206645125767,14349.727970367478,15780
/Users/a/Ayanami/code/TSP/data/classic/tsplib/d198.tsp,polyak,335,polyak,335,14340.938433113699,14349.727970367478,15780
/Users/a/Ayanami/code/TSP/data/classic/tsplib/d198.tsp,polyak,336,polyak,336,14351.158796469343,14351.158796469343,15780
/Users/a/Ayanami/code/TSP/data/classic/tsplib/d198.tsp,polyak,337,polyak,337,14341.726476941118,14351.158796469343,15780
/Users/a/Ayanami/code/TSP/data/classic/tsplib/d198.tsp,polyak,338,polyak,338,14350.466901740683,14351.158796469343,15780
/Users/a/Ayanami/code/TSP/data/classic/tsplib/d198.tsp,polyak,339,polyak,339,14344.686492620587,14351.158796469343,15780
/Users/a/Ayanami/code/TSP/data/classic/tsplib/d198.tsp,polyak,340,polyak,340,14348.228719823806,14351.158796469343,15780
/Users/a/Ayanami/code/TSP/data/classic/tsplib/d198.tsp,polyak,341,polyak,341,14345.445815811889,14351.158796469343,15780
/Users/a/Ayanami/code/TSP/data/classic/tsplib/d198.tsp,polyak,342,polyak,342,14349.40811584324,14351.158796469343,15780
/Users/a/Ayanami/code/TSP/data/classic/tsplib/d198.tsp,polyak,343,polyak,343,14345.797878459225,14351.158796469343,15780
/Users/a/Ayanami/code/TSP/data/classic/tsplib/d198.tsp,polyak,344,polyak,344,14350.170852865709,14351.158796469343,15780
/Users/a/Ayanami/code/TSP/data/classic/tsplib/d198.tsp,polyak,345,polyak,345,14342.408057674389,14351.158796469343,15780
/Users/a/Ayanami/code/TSP/data/classic/tsplib/d198.tsp,polyak,346,polyak,346,14352.135403073291,14352.135403073291,15780
/Users/a/Ayanami/code/TSP/data/classic/tsplib/d198.tsp,polyak,347,polyak,347,14343.110308752261,14352.135403073291,15780
/Users/a/Ayanami/code/TSP/data/classic/tsplib/d198.tsp,polyak,348,polyak,348,14351.178009221345,14352.135403073291,15780
/Users/a/Ayanami/code/TSP/data/classic/tsplib/d198.tsp,polyak,349,polyak,349,14344.846561822826,14352.135403073291,15780
/Users/a/Ayanami/code/TSP/data/classic/tsplib/d198.tsp,polyak,350,polyak,350,14349.534617390611,14352.135403073291,15780
/Users/a/Ayanami/code/TSP/data/classic/tsplib/d198.tsp,polyak,351,polyak,351,14347.394171297479,14352.135403073291,15780
/Users/a/Ayanami/code/TSP/data/classic/tsplib/d198.tsp,polyak,352,polyak,352,14349.20868398142,14352.135403073291,15780
/Users/a/Ayanami/code/TSP/data/classic/tsplib/d198.tsp,polyak,353,polyak,353,14347.204347107881,14352.135403073291,15780
/Users/a/Ayanami/code/TSP/data/classic/tsplib/d198.tsp,polyak,354,polyak,354,14347.541924980345,14352.135403073291,15780
/Users/a/Ayanami/code/TSP/data/classic/tsplib/d198.tsp,polyak,355,polyak,355,14349.768084473582,14352.135403073291,15780
/Users/a/Ayanami/code/TSP/data/classic/tsplib/d198.tsp,polyak,356,polyak,356,14348.499230917685,14352.135403073291,15780
/Users/a/Ayanami/code/TSP/data/classic/tsplib/d198.tsp,polyak,357,polyak,357,14347.612451665689,14352.135403073291,15780
/Users/a/Ayanami/code/TSP/data/classic/tsplib/d198.tsp,polyak,358,polyak,358,14347.354410083704,14352.135403073291,15780
/Users/a/Ayanami/code/TSP/data/classic/tsplib/d198.tsp,polyak,359,polyak,359,14350.446860341357,14352.135403073291,15780
/Users/a/Ayanami/code/TSP/data/classic/tsplib/d198.tsp,polyak,360,polyak,360,14354.993250958623,14354.993250958623,15780
/Users/a/Ayanami/code/TSP/data/classic/tsplib/d198.tsp,polyak,361,polyak,361,14353.1106367189,14354.993250958623,15780
/Users/a/Ayanami/code/TSP/data/classic/tsplib/d198.tsp,polyak,362,polyak,362,14355.520249043979,14355.520249043979,15780
/Users/a/Ayanami/code/TSP/data/classic/tsplib/d198.tsp,polyak,363,polyak,363,14354.835184003665,14355.520249043979,15780
/Users/a/Ayanami/code/TSP/data/classic/tsplib/d198.tsp,polyak,364,polyak,364,14353.93093199935,14355.520249043979,15780
/Users/a/Ayanami/code/TSP/data/classic/tsplib/d198.tsp,polyak,365,polyak,365,14355.930464487261,14355.930464487261,15780
/Users/a/Ayanami/code/TSP/data/classic/tsplib/d198.tsp,polyak,366,polyak,366,14353.354255844033,14355.930464487261,15780
/Users/a/Ayanami/code/TSP/data/classic/tsplib/d198.tsp,polyak,367,polyak,367,14356.389920749132,14356.389920749132,15780
/Users/a/Ayanami/code/TSP/data/classic/tsplib/d198.tsp,polyak,368,polyak,368,14354.263753507721,14356.389920749132,15780
/Users/a/Ayanami/code/TSP/data/classic/tsplib/d198.tsp,polyak,369,polyak,369,14356.036896780388,14356.389920749132,15780
/Users/a/Ayanami/code/TSP/data/classic/tsplib/d198.tsp,polyak,370,polyak,370,14354.736251154405,14356.389920749132,15780
/Users/a/Ayanami/code/TSP/data/classic/tsplib/d198.tsp,polyak,371,polyak,371,14356.160589779609,14356.389920749132,15780
/Users/a/Ayanami/code/TSP/data/classic/tsplib/d198.tsp,polyak,372,polyak,372,14353.958374944295,14356.389920749132,15780
/Users/a/Ayanami/code/TSP/data/classic/tsplib/d198.tsp,polyak,373,polyak,373,14356.477866476576,14356.477866476576,15780
/Users/a/Ayanami/code/TSP/data/classic/tsplib/d198.tsp,polyak,374,polyak,374,14354.895295790267,14356.477866476576,15780
/Users/a/Ayanami/code/TSP/data/classic/tsplib/d198.tsp,polyak,375,polyak,375,14356.959912405951,14356.959912405951,15780
/Users/a/Ayanami/code/TSP/data/classic/tsplib/d198.tsp,polyak,376,polyak,376,14354.623517293061,14356.959912405951,15780
/Users/a/Ayanami/code/TSP/data/classic/tsplib/d198.tsp,polyak,377,polyak,377,14356.516959387738,14356.959912405951,15780
/Users/a/Ayanami/code/TSP/data/classic/tsplib/d198.tsp,polyak,378,polyak,378,14354.952304243632,14356.959912405951,15780
/Users/a/Ayanami/code/TSP/data/classic/tsplib/d198.tsp,polyak,379,polyak,379,14356.711924778876,14356.959912405951,15780
/Users/a/Ayanami/code/TSP/data/classic/tsplib/d198.tsp,polyak,380,polyak,380,14355.033834275289,14356.959912405951,15780
/Users/a/Ayanami/code/TSP/data/classic/tsplib/d198.tsp,polyak,381,polyak,381,14356.642240706309,14356.959912405951,15780
/Users/a/Ayanami/code/TSP/data/classic/tsplib/d198.tsp,polyak,382,polyak,382,14355.70383288435,14356.959912405951,15780
/Users/a/Ayanami/code/TSP/data/classic/tsplib/d198.tsp,polyak,383,polyak,383,14355.935235793993,14356.959912405951,15780
/Users/a/Ayanami/code/TSP/data/classic/tsplib/d198.tsp,polyak,384,polyak,384,14357.117663207759,14357.117663207759,15780
/Users/a/Ayanami/code/TSP/data/classic/tsplib/d198.tsp,polyak,385,polyak,385,14354.542980497266,14357.117663207759,15780
/Users/a/Ayanami/code/TSP/data/classic/tsplib/d198.tsp,polyak,386,polyak,386,14358.178195636385,14358.178195636385,15780
/Users/a/Ayanami/code/TSP/data/classic/tsplib/d198.tsp,polyak,387,polyak,387,14355.077283086315,14358.178195636385,15780
/Users/a/Ayanami/code/TSP/data/classic/tsplib/d198.tsp,polyak,388,polyak,388,14357.749324472255,14358.178195636385,15780
/Users/a/Ayanami/code/TSP/data/classic/tsplib/d198.tsp,polyak,389,polyak,389,14355.22403401319,14358.178195636385,15780
/Users/a/Ayanami/code/TSP/data/classic/tsplib/d198.tsp,polyak,390,polyak,390,14357.025884656525,14358.178195636385,15780
/Users/a/Ayanami/code/TSP/data/classic/tsplib/d198.tsp,polyak,391,polyak,391,14355.94485649693,14358.178195636385,15780
/Users/a/Ayanami/code/TSP/data/classic/tsplib/d198.tsp,polyak,392,polyak,392,14357.002549341863,14358.178195636385,15780
/Users/a/Ayanami/code/TSP/data/classic/tsplib/d198.tsp,polyak,393,polyak,393,14356.355851796634,14358.178195636385,15780
/Users/a/Ayanami/code/TSP/data/classic/tsplib/d198.tsp,polyak,394,polyak,394,14357.794260634089,14358.178195636385,15780
/Users/a/Ayanami/code/TSP/data/classic/tsplib/d198.tsp,polyak,395,polyak,395,14355.490729894287,14358.178195636385,15780
/Users/a/Ayanami/code/TSP/data/classic/tsplib/d198.tsp,polyak,396,polyak,396,14357.326132167718,14358.178195636385,15780
/Users/a/Ayanami/code/TSP/data/classic/tsplib/d198.tsp,polyak,397,polyak,397,14355.804685209485,14358.178195636385,15780
/Users/a/Ayanami/code/TSP/data/classic/tsplib/d198.tsp,polyak,398,polyak,398,14357.929715770853,14358.178195636385,15780
/Users/a/Ayanami/code/TSP/data/classic/tsplib/d198.tsp,polyak,399,polyak,399,14356.563307542321,14358.178195636385,15780
/Users/a/Ayanami/code/TSP/data/classic/tsplib/d198.tsp,polyak,400,polyak,400,14360.320055203283,14360.320055203283,15780
/Users/a/Ayanami/code/TSP/data/classic/tsplib/d198.tsp,polyak,401,polyak,401,14359.474419668279,14360.320055203283,15780
/Users/a/Ayanami/code/TSP/data/classic/tsplib/d198.tsp,polyak,402,polyak,402,14360.871310821707,14360.871310821707,15780
/Users/a/Ayanami/code/TSP/data/classic/tsplib/d198.tsp,polyak,403,polyak,403,14359.251034424798,14360.871310821707,15780
/Users/a/Ayanami/code/TSP/data/classic/tsplib/d198.tsp,polyak,404,polyak,404,14361.334343648869,14361.334343648869,15780
/Users/a/Ayanami/code/TSP/data/classic/tsplib/d198.tsp,polyak,405,polyak,405,14358.468632452874,14361.334343648869,15780
/Users/a/Ayanami/code/TSP/data/classic/tsplib/d198.tsp,polyak,406,polyak,406,14361.558254373193,14361.558254373193,15780
/Users/a/Ayanami/code/TSP/data/classic/tsplib/d198.tsp,polyak,407,polyak,407,14359.120817452645,14361.558254373193,15780
/Users/a/Ayanami/code/TSP/data/classic/tsplib/d198.tsp,polyak,408,polyak,408,14361.366948910316,14361.558254373193,15780
/Users/a/Ayanami/code/TSP/data/classic/tsplib/d198.tsp,polyak,409,polyak,409,14359.692212717233,14361.558254373193,15780
/Users/a/Ayanami/code/TSP/data/classic/tsplib/d198.tsp,polyak,410,polyak,410,14360.532937516906,14361.558254373193,15780
/Users/a/Ayanami/code/TSP/data/classic/tsplib/d198.tsp,polyak,411,polyak,411,14360.813313045162,14361.558254373193,15780
/Users/a/Ayanami/code/TSP/data/classic/tsplib/d198.tsp,polyak,412,polyak,412,14359.971534485121,14361.558254373193,15780
/Users/a/Ayanami/code/TSP/data/classic/tsplib/d198.tsp,polyak,413,polyak,413,14360.96006372071,14361.558254373193,15780
/Users/a/Ayanami/code/TSP/data/classic/tsplib/d198.tsp,polyak,414,polyak,414,14359.771052697108,14361.558254373193,15780
/Users/a/Ayanami/code/TSP/data/classic/tsplib/d198.tsp,polyak,415,polyak,415,14361.59189168708,14361.59189168708,15780
/Users/a/Ayanami/code/TSP/data/classic/tsplib/d198.tsp,polyak,416,polyak,416,14359.399249379136,14361.59189168708,15780
/Users/a/Ayanami/code/TSP/data/classic/tsplib/d198.tsp,polyak,417,polyak,417,14361.975185104624,14361.975185104624,15780
/Users/a/Ayanami/code/TSP/data/classic/tsplib/d198.tsp,polyak,418,polyak,418,14359.399687245203,14361.975185104624,15780
/Users/a/Ayanami/code/TSP/data/classic/tsplib/d198.tsp,polyak,419,polyak,419,14361.667127129132,14361.975185104624,15780
/Users/a/Ayanami/code/TSP/data/classic/tsplib/d198.tsp,polyak,420,polyak,420,14359.643233563495,14361.975185104624,15780
/Users/a/Ayanami/code/TSP/data/classic/tsplib/d198.tsp,polyak,421,polyak,421,14361.646671313099,14361.975185104624,15780
/Users/a/Ayanami/code/TSP/data/classic/tsplib/d198.tsp,polyak,422,polyak,422,14360.28934275659,14361.975185104624,15780
/Users/a/Ayanami/code/TSP/data/classic/tsplib/d198.tsp,polyak,423,polyak,423,14360.952154949235,14361.975185104624,15780
/Users/a/Ayanami/code/TSP/data/classic/tsplib/d198.tsp,polyak,424,polyak,424,14360.927857891711,14361.975185104624,15780
/Users/a/Ayanami/code/TSP/data/classic/tsplib/d198.tsp,polyak,425,polyak,425,14361.1522224651,14361.975185104624,15780
/Users/a/Ayanami/code/TSP/data/classic/tsplib/d198.tsp,polyak,426,polyak,426,14360.446929157295,14361.975185104624,15780
/Users/a/Ayanami/code/TSP/data/classic/tsplib/d198.tsp,polyak,427,polyak,427,14361.547945557038,14361.975185104624,15780
/Users/a/Ayanami/code/TSP/data/classic/tsplib/d198.tsp,polyak,428,polyak,428,14360.689950417427,14361.975185104624,15780
/Users/a/Ayanami/code/TSP/data/classic/tsplib/d198.tsp,polyak,429,polyak,429,14361.485137533629,14361.975185104624,15780
/Users/a/Ayanami/code/TSP/data/classic/tsplib/d198.tsp,polyak,430,polyak,430,14360.637006614837,14361.975185104624,15780
/Users/a/Ayanami/code/TSP/data/classic/tsplib/d198.tsp,polyak,431,polyak,431,14362.434629793781,14362.434629793781,15780
/Users/a/Ayanami/code/TSP/data/classic/tsplib/d198.tsp,polyak,432,polyak,432,14362.804651380651,14362.804651380651,15780
/Users/a/Ayanami/code/TSP/data/classic/tsplib/d198.tsp,polyak,433,polyak,433,14362.235022338609,14362.804651380651,15780
/Users/a/Ayanami/code/TSP/data/classic/tsplib/d198.tsp,polyak,434,polyak,434,14362.735602094219,14362.804651380651,15780
/Users/a/Ayanami/code/TSP/data/classic/tsplib/d198.tsp,polyak,435,polyak,435,14362.520935635397,14362.804651380651,15780
/Users/a/Ayanami/code/TSP/data/classic/tsplib/d198.tsp,polyak,436,polyak,436,14362.926340072851,14362.926340072851,15780
/Users/a/Ayanami/code/TSP/data/classic/tsplib/d198.tsp,polyak,437,polyak,437,14362.398254960439,14362.926340072851,15780
/Users/a/Ayanami/code/TSP/data/classic/tsplib/d198.tsp,polyak,438,polyak,438,14363.178925637645,14363.178925637645,15780
/Users/a/Ayanami/code/TSP/data/classic/tsplib/d198.tsp,polyak,439,polyak,439,14362.130396390878,14363.178925637645,15780
/Users/a/Ayanami/code/TSP/data/classic/tsplib/d198.tsp,polyak,440,polyak,440,14363.129668411919,14363.178925637645,15780
/Users/a/Ayanami/code/TSP/data/classic/tsplib/d198.tsp,polyak,441,polyak,441,14362.522477554605,14363.178925637645,15780
/Users/a/Ayanami/code/TSP/data/classic/tsplib/d198.tsp,polyak,442,polyak,442,14363.388083606234,14363.388083606234,15780
/Users/a/Ayanami/code/TSP/data/classic/tsplib/d198.tsp,polyak,443,polyak,443,14362.203670593753,14363.388083606234,15780
/Users/a/Ayanami/code/TSP/data/classic/tsplib/d198.tsp,polyak,444,polyak,444,14363.202993330302,14363.388083606234,15780
/Users/a/Ayanami/code/TSP/data/classic/tsplib/d198.tsp,polyak,445,polyak,445,14362.647959130847,14363.388083606234,15780
/Users/a/Ayanami/code/TSP/data/classic/tsplib/d198.tsp,polyak,446,polyak,446,14363.322773382915,14363.388083606234,15780
/Users/a/Ayanami/code/TSP/data/classic/tsplib/d198.tsp,polyak,447,polyak,447,14362.648147611437,14363.388083606234,15780
/Users/a/Ayanami/code/TSP/data/classic/tsplib/d198.tsp,polyak,448,polyak,448,14363.012166223707,14363.388083606234,15780
/Users/a/Ayanami/code/TSP/data/classic/tsplib/d198.tsp,polyak,449,polyak,449,14362.965259480079,14363.388083606234,15780
/Users/a/Ayanami/code/TSP/data/classic/tsplib/d198.tsp,polyak,450,polyak,450,14362.893196642457,14363.388083606234,15780
/Users/a/Ayanami/code/TSP/data/classic/tsplib/d198.tsp,polyak,451,polyak,451,14362.830603465383,14363.388083606234,15780
/Users/a/Ayanami/code/TSP/data/classic/tsplib/d198.tsp,polyak,452,polyak,452,14363.18917124467,14363.388083606234,15780
/Users/a/Ayanami/code/TSP/data/classic/tsplib/d198.tsp,polyak,453,polyak,453,14363.058898887322,14363.388083606234,15780
/Users/a/Ayanami/code/TSP/data/classic/tsplib/d198.tsp,polyak,454,polyak,454,14362.861884467478,14363.388083606234,15780
/Users/a/Ayanami/code/TSP/data/classic/tsplib/d198.tsp,polyak,455,polyak,455,14363.147772985012,14363.388083606234,15780
/Users/a/Ayanami/code/TSP/data/classic/tsplib/d198.tsp,polyak,456,polyak,456,14364.092275564597,14364.092275564597,15780
/Users/a/Ayanami/code/TSP/data/classic/tsplib/d198.tsp,polyak,457,polyak,457,14363.42133744696,14364.092275564597,15780
/Users/a/Ayanami/code/TSP/data/classic/tsplib/d198.tsp,polyak,458,polyak,458,14363.984204881823,14364.092275564597,15780
/Users/a/Ayanami/code/TSP/data/classic/tsplib/d198.tsp,polyak,459,polyak,459,14363.650275549335,14364.092275564597,15780
/Users/a/Ayanami/code/TSP/data/classic/tsplib/d198.tsp,polyak,460,polyak,460,14363.935331305351,14364.092275564597,15780
/Users/a/Ayanami/code/TSP/data/classic/tsplib/d198.tsp,polyak,461,polyak,461,14363.799943635418,14364.092275564597,15780
/Users/a/Ayanami/code/TSP/data/classic/tsplib/d198.tsp,polyak,462,polyak,462,14363.773649067531,14364.092275564597,15780
/Users/a/Ayanami/code/TSP/data/classic/tsplib/d198.tsp,polyak,463,polyak,463,14363.89259231709,14364.092275564597,15780
/Users/a/Ayanami/code/TSP/data/classic/tsplib/d198.tsp,polyak,464,polyak,464,14364.001552280037,14364.092275564597,15780
/Users/a/Ayanami/code/TSP/data/classic/tsplib/d198.tsp,polyak,465,polyak,465,14363.671116819118,14364.092275564597,15780
/Users/a/Ayanami/code/TSP/data/classic/tsplib/d198.tsp,polyak,466,polyak,466,14364.146392845849,14364.146392845849,15780
/Users/a/Ayanami/code/TSP/data/classic/tsplib/d198.tsp,polyak,467,polyak,467,14363.5916382286,14364.146392845849,15780
/Users/a/Ayanami/code/TSP/data/classic/tsplib/d198.tsp,polyak,468,polyak,468,14364.160216141663,14364.160216141663,15780
/Users/a/Ayanami/code/TSP/data/classic/tsplib/d198.tsp,polyak,469,polyak,469,14363.762629825234,14364.160216141663,15780
/Users/a/Ayanami/code/TSP/data/classic/tsplib/d198.tsp,polyak,470,polyak,470,14363.962513244556,14364.160216141663,15780
/Users/a/Ayanami/code/TSP/data/classic/tsplib/d198.tsp,polyak,471,polyak,471,14363.894807385539,14364.160216141663,15780
/Users/a/Ayanami/code/TSP/data/classic/tsplib/d198.tsp,polyak,472,polyak,472,14364.142626644023,14364.160216141663,15780
/Users/a/Ayanami/code/TSP/data/classic/tsplib/d198.tsp,polyak,473,polyak,473,14363.948168546265,14364.160216141663,15780
/Users/a/Ayanami/code/TSP/data/classic/tsplib/d198.tsp,polyak,474,polyak,474,14364.172706471838,14364.172706471838,15780
/Users/a/Ayanami/code/TSP/data/classic/tsplib/d198.tsp,polyak,475,polyak,475,14363.777170914536,14364.172706471838,15780
/Users/a/Ayanami/code/TSP/data/classic/tsplib/d198.tsp,polyak,476,polyak,476,14364.151089979141,14364.172706471838,15780
/Users/a/Ayanami/code/TSP/data/classic/tsplib/d198.tsp,polyak,477,polyak,477,14363.827039680931,14364.172706471838,15780
/Users/a/Ayanami/code/TSP/data/classic/tsplib/d198.tsp,polyak,478,polyak,478,14364.277700876362,14364.277700876362,15780
/Users/a/Ayanami/code/TSP/data/classic/tsplib/d198.tsp,polyak,479,polyak,479,14363.962102393623,14364.277700876362,15780
/Users/a/Ayanami/code/TSP/data/classic/tsplib/d198.tsp,polyak,480,polyak,480,14364.260844388025,14364.277700876362,15780
/Users/a/Ayanami/code/TSP/data/classic/tsplib/d198.tsp,polyak,481,polyak,481,14363.767655527539,14364.277700876362,15780
/Users/a/Ayanami/code/TSP/data/classic/tsplib/d198.tsp,polyak,482,polyak,482,14364.393484782406,14364.393484782406,15780
/Users/a/Ayanami/code/TSP/data/classic/tsplib/d198.tsp,polyak,483,polyak,483,14363.750754681474,14364.393484782406,15780
/Users/a/Ayanami/code/TSP/data/classic/tsplib/d198.tsp,polyak,484,polyak,484,14364.200831062421,14364.393484782406,15780
/Users/a/Ayanami/code/TSP/data/classic/tsplib/d198.tsp,polyak,485,polyak,485,14364.03716716182,14364.393484782406,15780
/Users/a/Ayanami/code/TSP/data/classic/tsplib/d198.tsp,polyak,486,polyak,486,14364.020280702913,14364.393484782406,15780
/Users/a/Ayanami/code/TSP/data/classic/tsplib/d198.tsp,polyak,487,polyak,487,14364.183921597407,14364.393484782406,15780
/Users/a/Ayanami/code/TSP/data/classic/tsplib/d198.tsp,polyak,488,polyak,488,14364.103034860656,14364.393484782406,15780
/Users/a/Ayanami/code/TSP/data/classic/tsplib/d198.tsp,polyak,489,polyak,489,14364.124156642798,14364.393484782406,15780
/Users/a/Ayanami/code/TSP/data/classic/tsplib/d198.tsp,polyak,490,polyak,490,14364.156025767492,14364.393484782406,15780
/Users/a/Ayanami/code/TSP/data/classic/tsplib/d198.tsp,polyak,491,polyak,491,14363.992000167897,14364.393484782406,15780
/Users/a/Ayanami/code/TSP/data/classic/tsplib/d198.tsp,polyak,492,polyak,492,14364.292814652399,14364.393484782406,15780
/Users/a/Ayanami/code/TSP/data/classic/tsplib/d198.tsp,polyak,493,polyak,493,14363.931533312587,14364.393484782406,15780
/Users/a/Ayanami/code/TSP/data/classic/tsplib/d198.tsp,polyak,494,polyak,494,14364.38633752328,14364.393484782406,15780
/Users/a/Ayanami/code/TSP/data/classic/tsplib/d198.tsp,polyak,495,polyak,495,14364.047563818294,14364.393484782406,15780
/Users/a/Ayanami/code/TSP/data/classic/tsplib/d198.tsp,polyak,496,polyak,496,14364.534991032571,14364.534991032571,15780
/Users/a/Ayanami/code/TSP/data/classic/tsplib/d198.tsp,polyak,497,polyak,497,14364.484810285867,14364.534991032571,15780
/Users/a/Ayanami/code/TSP/data/classic/tsplib/d198.tsp,polyak,498,polyak,498,14364.510239447527,14364.534991032571,15780
/Users/a/Ayanami/code/TSP/data/classic/tsplib/d198.tsp,polyak,499,polyak,499,14364.556332908212,14364.556332908212,15780
/Users/a/Ayanami/code/TSP/data/classic/tsplib/d198.tsp,polyak,500,polyak,500,14364.50827353173,14364.556332908212,15780
/Users/a/Ayanami/code/TSP/data/classic/tsplib/d198.tsp,polyak,501,polyak,501,14364.644194940238,14364.644194940238,15780
/Users/a/Ayanami/code/TSP/data/classic/tsplib/d198.tsp,polyak,502,polyak,502,14364.506091130712,14364.644194940238,15780
/Users/a/Ayanami/code/TSP/data/classic/tsplib/d198.tsp,polyak,503,polyak,503,14364.572425450542,14364.644194940238,15780
/Users/a/Ayanami/code/TSP/data/classic/tsplib/d198.tsp,polyak,504,polyak,504,14364.614208007815,14364.644194940238,15780
/Users/a/Ayanami/code/TSP/data/classic/tsplib/d198.tsp,polyak,505,polyak,505,14364.511092319908,14364.644194940238,15780
/Users/a/Ayanami/code/TSP/data/classic/tsplib/d198.tsp,polyak,506,polyak,506,14364.562684161481,14364.644194940238,15780
/Users/a/Ayanami/code/TSP/data/classic/tsplib/d198.tsp,polyak,507,polyak,507,14364.692433947715,14364.692433947715,15780
/Users/a/Ayanami/code/TSP/data/classic/tsplib/d198.tsp,polyak,508,polyak,508,14364.460508085142,14364.692433947715,15780
/Users/a/Ayanami/code/TSP/data/classic/tsplib/d198.tsp,polyak,509,polyak,509,14364.765536167894,14364.765536167894,15780
/Users/a/Ayanami/code/TSP/data/classic/tsplib/d198.tsp,polyak,510,polyak,510,14364.455732167271,14364.765536167894,15780
/Users/a/Ayanami/code/TSP/data/classic/tsplib/d198.tsp,polyak,511,polyak,511,14364.702778996188,14364.765536167894,15780
/Users/a/Ayanami/code/TSP/data/classic/tsplib/d198.tsp,polyak,512,polyak,512,14364.524386471259,14364.765536167894,15780
/Users/a/Ayanami/code/TSP/data/classic/tsplib/d198.tsp,polyak,513,polyak,513,14364.722765692806,14364.765536167894,15780
/Users/a/Ayanami/code/TSP/data/classic/tsplib/d198.tsp,polyak,514,polyak,514,14364.549480893225,14364.765536167894,15780
/Users/a/Ayanami/code/TSP/data/classic/tsplib/d198.tsp,polyak,515,polyak,515,14364.686390994628,14364.765536167894,15780
/Users/a/Ayanami/code/TSP/data/classic/tsplib/d198.tsp,polyak,516,polyak,516,14364.618833524266,14364.765536167894,15780
/Users/a/Ayanami/code/TSP/data/classic/tsplib/d198.tsp,polyak,517,polyak,517,14364.732535165382,14364.765536167894,15780
/Users/a/Ayanami/code/TSP/data/classic/tsplib/d198.tsp,polyak,518,polyak,518,14364.641426729266,14364.765536167894,15780
/Users/a/Ayanami/code/TSP/data/classic/tsplib/d198.tsp,polyak,519,polyak,519,14364.703466769795,14364.765536167894,15780
/Users/a/Ayanami/code/TSP/data/classic/tsplib/d198.tsp,polyak,520,polyak,520,14364.698268200464,14364.765536167894,15780
/Users/a/Ayanami/code/TSP/data/classic/tsplib/d198.tsp,polyak,521,polyak,521,14364.56402336883,14364.765536167894,15780
/Users/a/Ayanami/code/TSP/data/classic/tsplib/d198.tsp,polyak,522,polyak,522,14364.745853575234,14364.765536167894,15780
/Users/a/Ayanami/code/TSP/data/classic/tsplib/d198.tsp,polyak,523,polyak,523,14364.87879685973,14364.87879685973,15780
/Users/a/Ayanami/code/TSP/data/classic/tsplib/d198.tsp,polyak,524,polyak,524,14364.866450808418,14364.87879685973,15780
/Users/a/Ayanami/code/TSP/data/classic/tsplib/d198.tsp,polyak,525,polyak,525,14364.856502735916,14364.87879685973,15780
/Users/a/Ayanami/code/TSP/data/classic/tsplib/d198.tsp,polyak,526,polyak,526,14364.892441021455,14364.892441021455,15780
/Users/a/Ayanami/code/TSP/data/classic/tsplib/d198.tsp,polyak,527,polyak,527,14364.775367269602,14364.892441021455,15780
/Users/a/Ayanami/code/TSP/data/classic/tsplib/d198.tsp,polyak,528,polyak,528,14364.923551474973,14364.923551474973,15780
/Users/a/Ayanami/code/TSP/data/classic/tsplib/d198.tsp,polyak,529,polyak,529,14364.798477426591,14364.923551474973,15780
/Users/a/Ayanami/code/TSP/data/classic/tsplib/d198.tsp,polyak,530,polyak,530,14364.907642209071,14364.923551474973,15780
/Users/a/Ayanami/code/TSP/data/classic/tsplib/d198.tsp,polyak,531,polyak,531,14364.838243786649,14364.923551474973,15780
/Users/a/Ayanami/code/TSP/data/classic/tsplib/d198.tsp,polyak,532,polyak,532,14364.909962273801,14364.923551474973,15780
/Users/a/Ayanami/code/TSP/data/classic/tsplib/d198.tsp,polyak,533,polyak,533,14364.846036697223,14364.923551474973,15780
/Users/a/Ayanami/code/TSP/data/classic/tsplib/d198.tsp,polyak,534,polyak,534,14364.900233215551,14364.923551474973,15780
/Users/a/Ayanami/code/TSP/data/classic/tsplib/d198.tsp,polyak,535,polyak,535,14364.882854303618,14364.923551474973,15780
/Users/a/Ayanami/code/TSP/data/classic/tsplib/d198.tsp,polyak,536,polyak,536,14364.940575433853,14364.940575433853,15780
/Users/a/Ayanami/code/TSP/data/classic/tsplib/d198.tsp,polyak,537,polyak,537,14364.854863866507,14364.940575433853,15780
/Users/a/Ayanami/code/TSP/data/classic/tsplib/d198.tsp,polyak,538,polyak,538,14364.948652701962,14364.948652701962,15780
/Users/a/Ayanami/code/TSP/data/classic/tsplib/d198.tsp,polyak,539,polyak,539,14364.888924193845,14364.948652701962,15780
/Users/a/Ayanami/code/TSP/data/classic/tsplib/d198.tsp,polyak,540,polyak,540,14364.955476785035,14364.955476785035,15780
/Users/a/Ayanami/code/TSP/data/classic/tsplib/d198.tsp,polyak,541,polyak,541,14364.870637078262,14364.955476785035,15780
/Users/a/Ayanami/code/TSP/data/classic/tsplib/d198.tsp,polyak,542,polyak,542,14364.969155126981,14364.969155126981,15780
/Users/a/Ayanami/code/TSP/data/classic/tsplib/d198.tsp,polyak,543,polyak,543,14364.887126007627,14364.969155126981,15780
/Users/a/Ayanami/code/TSP/data/classic/tsplib/d198.tsp,polyak,544,polyak,544,14364.903720453949,14364.969155126981,15780
/Users/a/Ayanami/code/TSP/data/classic/tsplib/d198.tsp,polyak,545,polyak,545,14364.928394375151,14364.969155126981,15780
/Users/a/Ayanami/code/TSP/data/classic/tsplib/d198.tsp,polyak,546,polyak,546,14364.946711966657,14364.969155126981,15780
/Users/a/Ayanami/code/TSP/data/classic/tsplib/d198.tsp,polyak,547,polyak,547,14364.896530254768,14364.969155126981,15780
/Users/a/Ayanami/code/TSP/data/classic/tsplib/d198.tsp,polyak,548,polyak,548,14364.949312117518,14364.969155126981,15780
/Users/a/Ayanami/code/TSP/data/classic/tsplib/d198.tsp,polyak,549,polyak,549,14364.913898575813,14364.969155126981,15780
/Users/a/Ayanami/code/TSP/data/classic/tsplib/d198.tsp,polyak,550,polyak,550,14364.978258205525,14364.978258205525,15780
/Users/a/Ayanami/code/TSP/data/classic/tsplib/d198.tsp,polyak,551,polyak,551,14364.94024075354,14364.978258205525,15780
/Users/a/Ayanami/code/TSP/data/classic/tsplib/d198.tsp,polyak,552,polyak,552,14364.947681919881,14364.978258205525,15780
/Users/a/Ayanami/code/TSP/data/classic/tsplib/d198.tsp,polyak,553,polyak,553,14364.962471814211,14364.978258205525,15780
/Users/a/Ayanami/code/TSP/data/classic/tsplib/d198.tsp,polyak,554,polyak,554,14364.978497107684,14364.978497107684,15780
/Users/a/Ayanami/code/TSP/data/classic/tsplib/d198.tsp,polyak,555,polyak,555,14364.946889323523,14364.978497107684,15780
/Users/a/Ayanami/code/TSP/data/classic/tsplib/d198.tsp,polyak,556,polyak,556,14364.943161163272,14364.978497107684,15780
/Users/a/Ayanami/code/TSP/data/classic/tsplib/d198.tsp,polyak,557,polyak,557,14365.002635658535,14365.002635658535,15780
/Users/a/Ayanami/code/TSP/data/classic/tsplib/d198.tsp,polyak,558,polyak,558,14364.911334899529,14365.002635658535,15780
/Users/a/Ayanami/code/TSP/data/classic/tsplib/d198.tsp,polyak,559,polyak,559,14365.05745407163,14365.05745407163,15780
/Users/a/Ayanami/code/TSP/data/classic/tsplib/d198.tsp,polyak,560,polyak,560,14364.875619417267,14365.05745407163,15780
/Users/a/Ayanami/code/TSP/data/classic/tsplib/d198.tsp,polyak,561,polyak,561,14365.049618812971,14365.05745407163,15780
/Users/a/Ayanami/code/TSP/data/classic/tsplib/d198.tsp,polyak,562,polyak,562,14364.884053585058,14365.05745407163,15780
/Users/a/Ayanami/code/TSP/data/classic/tsplib/d198.tsp,polyak,563,polyak,563,14365.023784254237,14365.05745407163,15780
/Users/a/Ayanami/code/TSP/data/classic/tsplib/d198.tsp,polyak,564,polyak,564,14364.935646516964,14365.05745407163,15780
/Users/a/Ayanami/code/TSP/data/classic/tsplib/d198.tsp,polyak,565,polyak,565,14365.036286561566,14365.05745407163,15780
/Users/a/Ayanami/code/TSP/data/classic/tsplib/d198.tsp,polyak,566,polyak,566,14364.911332719572,14365.05745407163,15780
/Users/a/Ayanami/code/TSP/data/classic/tsplib/d198.tsp,polyak,567,polyak,567,14365.0478399642,14365.05745407163,15780
/Users/a/Ayanami/code/TSP/data/classic/tsplib/d198.tsp,polyak,568,polyak,568,14364.911846834731,14365.05745407163,15780
/Users/a/Ayanami/code/TSP/data/classic/tsplib/d198.tsp,polyak,569,polyak,569,14365.046676505419,14365.05745407163,15780
/Users/a/Ayanami/code/TSP/data/classic/tsplib/d198.tsp,polyak,570,polyak,570,14364.93720973274,14365.05745407163,15780
/Users/a/Ayanami/code/TSP/data/classic/tsplib/d198.tsp,polyak,571,polyak,571,14365.072431273724,14365.072431273724,15780
/Users/a/Ayanami/code/TSP/data/classic/tsplib/d198.tsp,polyak,572,polyak,572,14364.921719197475,14365.072431273724,15780
/Users/a/Ayanami/code/TSP/data/classic/tsplib/d198.tsp,polyak,573,polyak,573,14365.05824623759,14365.072431273724,15780
/Users/a/Ayanami/code/TSP/data/classic/tsplib/d198.tsp,polyak,574,polyak,574,14364.964555282817,14365.072431273724,15780
/Users/a/Ayanami/code/TSP/data/classic/tsplib/d198.tsp,polyak,575,polyak,575,14365.023078960316,14365.072431273724,15780
/Users/a/Ayanami/code/TSP/data/classic/tsplib/d198.tsp,polyak,576,polyak,576,14365.002506316572,14365.072431273724,15780
/Users/a/Ayanami/code/TSP/data/classic/tsplib/d198.tsp,polyak,577,polyak,577,14365.0228580697,14365.072431273724,15780
/Users/a/Ayanami/code/TSP/data/classic/tsplib/d198.tsp,polyak,578,polyak,578,14365.011005169845,14365.072431273724,15780
/Users/a/Ayanami/code/TSP/data/classic/tsplib/d198.tsp,polyak,579,polyak,579,14365.059778933239,14365.072431273724,15780
/Users/a/Ayanami/code/TSP/data/classic/tsplib/d198.tsp,polyak,580,polyak,580,14364.92647456166,14365.072431273724,15780
/Users/a/Ayanami/code/TSP/data/classic/tsplib/d198.tsp,polyak,581,polyak,581,14365.090988050611,14365.090988050611,15780
/Users/a/Ayanami/code/TSP/data/classic/tsplib/d198.tsp,polyak,582,polyak,582,14365.009774341688,14365.090988050611,15780
/Users/a/Ayanami/code/TSP/data/classic/tsplib/d198.tsp,polyak,583,polyak,583,14365.005929680881,14365.090988050611,15780
/Users/a/Ayanami/code/TSP/data/classic/tsplib/d198.tsp,polyak,584,polyak,584,14365.044002210783,14365.090988050611,15780
/Users/a/Ayanami/code/TSP/data/classic/tsplib/d198.tsp,polyak,585,polyak,585,14365.015791773258,14365.090988050611,15780
/Users/a/Ayanami/code/TSP/data/classic/tsplib/d198.tsp,polyak,586,polyak,586,14365.060940630266,14365.090988050611,15780
/Users/a/Ayanami/code/TSP/data/classic/tsplib/d198.tsp,polyak,587,polyak,587,14364.978187897117,14365.090988050611,15780
/Users/a/Ayanami/code/TSP/data/classic/tsplib/d198.tsp,polyak,588,polyak,588,14365.083826663917,14365.090988050611,15780
/Users/a/Ayanami/code/TSP/data/classic/tsplib/d198.tsp,polyak,589,polyak,589,14364.986031422894,14365.090988050611,15780
/Users/a/Ayanami/code/TSP/data/classic/tsplib/d198.tsp,polyak,590,polyak,590,14365.044291600845,14365.090988050611,15780
/Users/a/Ayanami/code/TSP/data/classic/tsplib/d198.tsp,polyak,591,polyak,591,14365.021468634895,14365.090988050611,15780
/Users/a/Ayanami/code/TSP/data/classic/tsplib/d198.tsp,polyak,592,polyak,592,14365.010728887184,14365.090988050611,15780
/Users/a/Ayanami/code/TSP/data/classic/tsplib/d198.tsp,polyak,593,polyak,593,14365.069797398941,14365.090988050611,15780
/Users/a/Ayanami/code/TSP/data/classic/tsplib/d198.tsp,polyak,594,polyak,594,14365.064966815402,14365.090988050611,15780
/Users/a/Ayanami/code/TSP/data/classic/tsplib/d198.tsp,polyak,595,polyak,595,14365.131188907717,14365.131188907717,15780
/Users/a/Ayanami/code/TSP/data/classic/tsplib/d198.tsp,polyak,596,polyak,596,14365.103915606165,14365.131188907717,15780
/Users/a/Ayanami/code/TSP/data/classic/tsplib/d198.tsp,polyak,597,polyak,597,14365.156484881931,14365.156484881931,15780
/Users/a/Ayanami/code/TSP/data/classic/tsplib/d198.tsp,polyak,598,polyak,598,14365.121292592396,14365.156484881931,15780
/Users/a/Ayanami/code/TSP/data/classic/tsplib/d198.tsp,polyak,599,polyak,599,14365.14199826494,14365.156484881931,15780
/Users/a/Ayanami/code/TSP/data/classic/tsplib/d198.tsp,polyak,600,polyak,600,14365.135034894494,14365.156484881931,15780
/Users/a/Ayanami/code/TSP/data/classic/tsplib/d198.tsp,polyak,601,polyak,601,14365.124065456639,14365.156484881931,15780
/Users/a/Ayanami/code/TSP/data/classic/tsplib/d198.tsp,polyak,602,polyak,602,14365.14665491103,14365.156484881931,15780
/Users/a/Ayanami/code/TSP/data/classic/tsplib/d198.tsp,polyak,603,polyak,603,14365.14772980857,14365.156484881931,15780
/Users/a/Ayanami/code/TSP/data/classic/tsplib/d198.tsp,polyak,604,polyak,604,14365.139056114882,14365.156484881931,15780
/Users/a/Ayanami/code/TSP/data/classic/tsplib/d198.tsp,polyak,605,polyak,605,14365.151533549135,14365.156484881931,15780
/Users/a/Ayanami/code/TSP/data/classic/tsplib/d198.tsp,polyak,606,polyak,606,14365.148818626303,14365.156484881931,15780
/Users/a/Ayanami/code/TSP/data/classic/tsplib/d198.tsp,polyak,607,polyak,607,14365.145103045676,14365.156484881931,15780
/Users/a/Ayanami/code/TSP/data/classic/tsplib/d198.tsp,polyak,608,polyak,608,14365.157028706524,14365.157028706524,15780
/Users/a/Ayanami/code/TSP/data/classic/tsplib/d198.tsp,polyak,609,polyak,609,14365.136700708548,14365.157028706524,15780
/Users/a/Ayanami/code/TSP/data/classic/tsplib/d198.tsp,polyak,610,polyak,610,14365.168663466959,14365.168663466959,15780
/Users/a/Ayanami/code/TSP/data/classic/tsplib/d198.tsp,polyak,611,polyak,611,14365.125077586723,14365.168663466959,15780
/Users/a/Ayanami/code/TSP/data/classic/tsplib/d198.tsp,polyak,612,polyak,612,14365.199562462121,14365.199562462121,15780
/Users/a/Ayanami/code/TSP/data/classic/tsplib/d198.tsp,polyak,613,polyak,613,14365.127685594121,14365.199562462121,15780
/Users/a/Ayanami/code/TSP/data/classic/tsplib/d198.tsp,polyak,614,polyak,614,14365.197023352399,14365.199562462121,15780
/Users/a/Ayanami/code/TSP/data/classic/tsplib/d198.tsp,polyak,615,polyak,615,14365.132286651344,14365.199562462121,15780
/Users/a/Ayanami/code/TSP/data/classic/tsplib/d198.tsp,polyak,616,polyak,616,14365.175406798691,14365.199562462121,15780
/Users/a/Ayanami/code/TSP/data/classic/tsplib/d198.tsp,polyak,617,polyak,617,14365.165482249789,14365.199562462121,15780
/Users/a/Ayanami/code/TSP/data/classic/tsplib/d198.tsp,polyak,618,polyak,618,14365.181339509138,14365.199562462121,15780
/Users/a/Ayanami/code/TSP/data/classic/tsplib/d198.tsp,polyak,619,polyak,619,14365.140528455388,14365.199562462121,15780
/Users/a/Ayanami/code/TSP/data/classic/tsplib/d198.tsp,polyak,620,polyak,620,14365.191724809883,14365.199562462121,15780
/Users/a/Ayanami/code/TSP/data/classic/tsplib/d198.tsp,polyak,621,polyak,621,14365.145142079422,14365.199562462121,15780
/Users/a/Ayanami/code/TSP/data/classic/tsplib/d198.tsp,polyak,622,polyak,622,14365.196904810731,14365.199562462121,15780
/Users/a/Ayanami/code/TSP/data/classic/tsplib/d198.tsp,polyak,623,polyak,623,14365.160140952763,14365.199562462121,15780
/Users/a/Ayanami/code/TSP/data/classic/tsplib/d198.tsp,polyak,624,polyak,624,14365.185844124491,14365.199562462121,15780
/Users/a/Ayanami/code/TSP/data/classic/tsplib/d198.tsp,polyak,625,polyak,625,14365.138192491184,14365.199562462121,15780
/Users/a/Ayanami/code/TSP/data/classic/tsplib/d198.tsp,polyak,626,polyak,626,14365.210564861838,14365.210564861838,15780
/Users/a/Ayanami/code/TSP/data/classic/tsplib/d198.tsp,polyak,627,polyak,627,14365.217652771093,14365.217652771093,15780
/Users/a/Ayanami/code/TSP/data/classic/tsplib/d198.tsp,polyak,628,polyak,628,14365.217825071573,14365.217825071573,15780
/Users/a/Ayanami/code/TSP/data/classic/tsplib/d198.tsp,polyak,629,polyak,629,14365.217546742049,14365.217825071573,15780
/Users/a/Ayanami/code/TSP/data/classic/tsplib/d198.tsp,polyak,630,polyak,630,14365.219594673628,14365.219594673628,15780
/Users/a/Ayanami/code/TSP/data/classic/tsplib/d198.tsp,polyak,631,polyak,631,14365.227839190035,14365.227839190035,15780
/Users/a/Ayanami/code/TSP/data/classic/tsplib/d198.tsp,polyak,632,polyak,632,14365.205725095739,14365.227839190035,15780
/Users/a/Ayanami/code/TSP/data/classic/tsplib/d198.tsp,polyak,633,polyak,633,14365.232627832615,14365.232627832615,15780
/Users/a/Ayanami/code/TSP/data/classic/tsplib/d198.tsp,polyak,634,polyak,634,14365.217577678677,14365.232627832615,15780
/Users/a/Ayanami/code/TSP/data/classic/tsplib/d198.tsp,polyak,635,polyak,635,14365.228703257086,14365.232627832615,15780
/Users/a/Ayanami/code/TSP/data/classic/tsplib/d198.tsp,polyak,636,polyak,636,14365.214326420044,14365.232627832615,15780
/Users/a/Ayanami/code/TSP/data/classic/tsplib/d198.tsp,polyak,637,polyak,637,14365.231661476595,14365.232627832615,15780
/Users/a/Ayanami/code/TSP/data/classic/tsplib/d198.tsp,polyak,638,polyak,638,14365.219127231741,14365.232627832615,15780
/Users/a/Ayanami/code/TSP/data/classic/tsplib/d198.tsp,polyak,639,polyak,639,14365.232760628314,14365.232760628314,15780
/Users/a/Ayanami/code/TSP/data/classic/tsplib/d198.tsp,polyak,640,polyak,640,14365.224437216189,14365.232760628314,15780
/Users/a/Ayanami/code/TSP/data/classic/tsplib/d198.tsp,polyak,641,polyak,641,14365.231421797809,14365.232760628314,15780
/Users/a/Ayanami/code/TSP/data/classic/tsplib/d198.tsp,polyak,642,polyak,642,14365.230228482234,14365.232760628314,15780
/Users/a/Ayanami/code/TSP/data/classic/tsplib/d198.tsp,polyak,643,polyak,643,14365.224337383859,14365.232760628314,15780
/Users/a/Ayanami/code/TSP/data/classic/tsplib/d198.tsp,polyak,644,polyak,644,14365.243044180239,14365.243044180239,15780
/Users/a/Ayanami/code/TSP/data/classic/tsplib/d198.tsp,polyak,645,polyak,645,14365.217104307454,14365.243044180239,15780
/Users/a/Ayanami/code/TSP/data/classic/tsplib/d198.tsp,polyak,646,polyak,646,14365.246696178543,14365.246696178543,15780
/Users/a/Ayanami/code/TSP/data/classic/tsplib/d198.tsp,polyak,647,polyak,647,14365.215921878611,14365.246696178543,15780
/Users/a/Ayanami/code/TSP/data/classic/tsplib/d198.tsp,polyak,648,polyak,648,14365.240971153295,14365.246696178543,15780
/Users/a/Ayanami/code/TSP/data/classic/tsplib/d198.tsp,polyak,649,polyak,649,14365.233260675073,14365.246696178543,15780
/Users/a/Ayanami/code/TSP/data/classic/tsplib/d198.tsp,polyak,650,polyak,650,14365.235147292862,14365.246696178543,15780
/Users/a/Ayanami/code/TSP/data/classic/tsplib/d198.tsp,polyak,651,polyak,651,14365.233731673756,14365.246696178543,15780
/Users/a/Ayanami/code/TSP/data/classic/tsplib/d198.tsp,polyak,652,polyak,652,14365.241153337551,14365.246696178543,15780
/Users/a/Ayanami/code/TSP/data/classic/tsplib/d198.tsp,polyak,653,polyak,653,14365.233144751786,14365.246696178543,15780
/Users/a/Ayanami/code/TSP/data/classic/tsplib/d198.tsp,polyak,654,polyak,654,14365.248045522498,14365.248045522498,15780
/Users/a/Ayanami/code/TSP/data/classic/tsplib/d198.tsp,polyak,655,polyak,655,14365.237195367394,14365.248045522498,15780
/Users/a/Ayanami/code/TSP/data/classic/tsplib/d198.tsp,polyak,656,polyak,656,14365.243266808724,14365.248045522498,15780
/Users/a/Ayanami/code/TSP/data/classic/tsplib/d198.tsp,polyak,657,polyak,657,14365.235676802848,14365.248045522498,15780
/Users/a/Ayanami/code/TSP/data/classic/tsplib/d198.tsp,polyak,658,polyak,658,14365.243963607807,14365.248045522498,15780
/Users/a/Ayanami/code/TSP/data/classic/tsplib/d198.tsp,polyak,659,polyak,659,14365.242679135621,14365.248045522498,15780
/Users/a/Ayanami/code/TSP/data/classic/tsplib/d198.tsp,polyak,660,polyak,660,14365.246822137329,14365.248045522498,15780
/Users/a/Ayanami/code/TSP/data/classic/tsplib/d198.tsp,polyak,661,polyak,661,14365.248230225365,14365.248230225365,15780
/Users/a/Ayanami/code/TSP/data/classic/tsplib/d198.tsp,polyak,662,polyak,662,14365.227380328919,14365.248230225365,15780
/Users/a/Ayanami/code/TSP/data/classic/tsplib/d198.tsp,polyak,663,polyak,663,14365.25670118018,14365.25670118018,15780
/Users/a/Ayanami/code/TSP/data/classic/tsplib/d198.tsp,polyak,664,polyak,664,14365.232806460104,14365.25670118018,15780
/Users/a/Ayanami/code/TSP/data/classic/tsplib/d198.tsp,polyak,665,polyak,665,14365.264502847484,14365.264502847484,15780
/Users/a/Ayanami/code/TSP/data/classic/tsplib/d198.tsp,polyak,666,polyak,666,14365.225586854212,14365.264502847484,15780
/Users/a/Ayanami/code/TSP/data/classic/tsplib/d198.tsp,polyak,667,polyak,667,14365.258142066863,14365.264502847484,15780
/Users/a/Ayanami/code/TSP/data/classic/tsplib/d198.tsp,polyak,668,polyak,668,14365.24177378248,14365.264502847484,15780
/Users/a/Ayanami/code/TSP/data/classic/tsplib/d198.tsp,polyak,669,polyak,669,14365.254027706014,14365.264502847484,15780
/Users/a/Ayanami/code/TSP/data/classic/tsplib/d198.tsp,polyak,670,polyak,670,14365.244529871521,14365.264502847484,15780
/Users/a/Ayanami/code/TSP/data/classic/tsplib/d198.tsp,polyak,671,polyak,671,14365.250302902867,14365.264502847484,15780
/Users/a/Ayanami/code/TSP/data/classic/tsplib/d198.tsp,polyak,672,polyak,672,14365.250749029359,14365.264502847484,15780
/Users/a/Ayanami/code/TSP/data/classic/tsplib/d198.tsp,polyak,673,polyak,673,14365.246966525137,14365.264502847484,15780
/Users/a/Ayanami/code/TSP/data/classic/tsplib/d198.tsp,polyak,674,polyak,674,14365.263418332088,14365.264502847484,15780
/Users/a/Ayanami/code/TSP/data/classic/tsplib/d198.tsp,polyak,675,polyak,675,14365.241121781846,14365.264502847484,15780
/Users/a/Ayanami/code/TSP/data/classic/tsplib/d198.tsp,polyak,676,polyak,676,14365.259966011074,14365.264502847484,15780
/Users/a/Ayanami/code/TSP/data/classic/tsplib/d198.tsp,polyak,677,polyak,677,14365.253158386171,14365.264502847484,15780
/Users/a/Ayanami/code/TSP/data/classic/tsplib/d198.tsp,polyak,678,polyak,678,14365.249196614972,14365.264502847484,15780
/Users/a/Ayanami/code/TSP/data/classic/tsplib/d198.tsp,polyak,679,polyak,679,14365.276260423087,14365.276260423087,15780
/Users/a/Ayanami/code/TSP/data/classic/tsplib/d198.tsp,polyak,680,polyak,680,14365.264376925257,14365.276260423087,15780
/Users/a/Ayanami/code/TSP/data/classic/tsplib/d198.tsp,polyak,681,polyak,681,14365.277157931068,14365.277157931068,15780
/Users/a/Ayanami/code/TSP/data/classic/tsplib/d198.tsp,polyak,682,polyak,682,14365.268656872769,14365.277157931068,15780
/Users/a/Ayanami/code/TSP/data/classic/tsplib/d198.tsp,polyak,683,polyak,683,14365.283525707691,14365.283525707691,15780
/Users/a/Ayanami/code/TSP/data/classic/tsplib/d198.tsp,polyak,684,polyak,684,14365.273231930018,14365.283525707691,15780
/Users/a/Ayanami/code/TSP/data/classic/tsplib/d198.tsp,polyak,685,polyak,685,14365.274933868943,14365.283525707691,15780
/Users/a/Ayanami/code/TSP/data/classic/tsplib/d198.tsp,polyak,686,polyak,686,14365.276435566429,14365.283525707691,15780
/Users/a/Ayanami/code/TSP/data/classic/tsplib/d198.tsp,polyak,687,polyak,687,14365.279791027566,14365.283525707691,15780
/Users/a/Ayanami/code/TSP/data/classic/tsplib/d198.tsp,polyak,688,polyak,688,14365.275439643887,14365.283525707691,15780
/Users/a/Ayanami/code/TSP/data/classic/tsplib/d198.tsp,polyak,689,polyak,689,14365.281394370579,14365.283525707691,15780
/Users/a/Ayanami/code/TSP/data/classic/tsplib/d198.tsp,polyak,690,polyak,690,14365.27769779703,14365.283525707691,15780
/Users/a/Ayanami/code/TSP/data/classic/tsplib/d198.tsp,polyak,691,polyak,691,14365.278305970354,14365.283525707691,15780
/Users/a/Ayanami/code/TSP/data/classic/tsplib/d198.tsp,polyak,692,polyak,692,14365.27939218979,14365.283525707691,15780
/Users/a/Ayanami/code/TSP/data/classic/tsplib/d198.tsp,polyak,693,polyak,693,14365.27980732331,14365.283525707691,15780
/Users/a/Ayanami/code/TSP/data/classic/tsplib/d198.tsp,polyak,694,polyak,694,14365.282201478361,14365.283525707691,15780
/Users/a/Ayanami/code/TSP/data/classic/tsplib/d198.tsp,polyak,695,polyak,695,14365.279260277253,14365.283525707691,15780
/Users/a/Ayanami/code/TSP/data/classic/tsplib/d198.tsp,polyak,696,polyak,696,14365.279097333327,14365.283525707691,15780
/Users/a/Ayanami/code/TSP/data/classic/tsplib/d198.tsp,polyak,697,polyak,697,14365.291217210621,14365.291217210621,15780
/Users/a/Ayanami/code/TSP/data/classic/tsplib/d198.tsp,polyak,698,polyak,698,14365.289718612245,14365.291217210621,15780
/Users/a/Ayanami/code/TSP/data/classic/tsplib/d198.tsp,polyak,699,polyak,699,14365.295407360349,14365.295407360349,15780
/Users/a/Ayanami/code/TSP/data/classic/tsplib/d198.tsp,polyak,700,polyak,700,14365.289499065781,14365.295407360349,15780
/Users/a/Ayanami/code/TSP/data/classic/tsplib/d198.tsp,polyak,701,polyak,701,14365.297681180262,14365.297681180262,15780
/Users/a/Ayanami/code/TSP/data/classic/tsplib/d198.tsp,polyak,702,polyak,702,14365.289996379444,14365.297681180262,15780
/Users/a/Ayanami/code/TSP/data/classic/tsplib/d198.tsp,polyak,703,polyak,703,14365.297168061232,14365.297681180262,15780
/Users/a/Ayanami/code/TSP/data/classic/tsplib/d198.tsp,polyak,704,polyak,704,14365.293059193205,14365.297681180262,15780
/Users/a/Ayanami/code/TSP/data/classic/tsplib/d198.tsp,polyak,705,polyak,705,14365.295754001443,14365.297681180262,15780
/Users/a/Ayanami/code/TSP/data/classic/tsplib/d198.tsp,polyak,706,polyak,706,14365.296037490207,14365.297681180262,15780
/Users/a/Ayanami/code/TSP/data/classic/tsplib/d198.tsp,polyak,707,polyak,707,14365.294007101247,14365.297681180262,15780
/Users/a/Ayanami/code/TSP/data/classic/tsplib/d198.tsp,polyak,708,polyak,708,14365.29757339464,14365.297681180262,15780
/Users/a/Ayanami/code/TSP/data/classic/tsplib/d198.tsp,polyak,709,polyak,709,14365.291952882546,14365.297681180262,15780
/Users/a/Ayanami/code/TSP/data/classic/tsplib/d198.tsp,polyak,710,polyak,710,14365.301138517834,14365.301138517834,15780
/Users/a/Ayanami/code/TSP/data/classic/tsplib/d198.tsp,polyak,711,polyak,711,14365.290696132044,14365.301138517834,15780
/Users/a/Ayanami/code/TSP/data/classic/tsplib/d198.tsp,polyak,712,polyak,712,14365.300906680613,14365.301138517834,15780
/Users/a/Ayanami/code/TSP/data/classic/tsplib/d198.tsp,polyak,713,polyak,713,14365.289229177457,14365.301138517834,15780
/Users/a/Ayanami/code/TSP/data/classic/tsplib/d198.tsp,polyak,714,polyak,714,14365.299871356779,14365.301138517834,15780
/Users/a/Ayanami/code/TSP/data/classic/tsplib/d198.tsp,polyak,715,polyak,715,14365.296801245426,14365.301138517834,15780
/Users/a/Ayanami/code/TSP/data/classic/tsplib/d198.tsp,polyak,716,polyak,716,14365.298242162718,14365.301138517834,15780
/Users/a/Ayanami/code/TSP/data/classic/tsplib/d198.tsp,polyak,717,polyak,717,14365.300209838271,14365.301138517834,15780
/Users/a/Ayanami/code/TSP/data/classic/tsplib/d198.tsp,polyak,718,polyak,718,14365.294356360984,14365.301138517834,15780
/Users/a/Ayanami/code/TSP/data/classic/tsplib/d198.tsp,polyak,719,polyak,719,14365.301207046488,14365.301207046488,15780
/Users/a/Ayanami/code/TSP/data/classic/tsplib/d198.tsp,polyak,720,polyak,720,14365.294758295347,14365.301207046488,15780
/Users/a/Ayanami/code/TSP/data/classic/tsplib/d198.tsp,polyak,721,polyak,721,14365.301801024409,14365.301801024409,15780
/Users/a/Ayanami/code/TSP/data/classic/tsplib/d198.tsp,polyak,722,polyak,722,14365.295337407975,14365.301801024409,15780
/Users/a/Ayanami/code/TSP/data/classic/tsplib/d198.tsp,polyak,723,polyak,723,14365.302745128911,14365.302745128911,15780
/Users/a/Ayanami/code/TSP/data/classic/tsplib/d198.tsp,polyak,724,polyak,724,14365.296534724574,14365.302745128911,15780
/Users/a/Ayanami/code/TSP/data/classic/tsplib/d198.tsp,polyak,725,polyak,725,14365.300319974038,14365.302745128911,15780
/Users/a/Ayanami/code/TSP/data/classic/tsplib/d198.tsp,polyak,726,polyak,726,14365.295663940917,14365.302745128911,15780
/Users/a/Ayanami/code/TSP/data/classic/tsplib/d198.tsp,polyak,727,polyak,727,14365.30331758431,14365.30331758431,15780
/Users/a/Ayanami/code/TSP/data/classic/tsplib/d198.tsp,polyak,728,polyak,728,14365.29566942294,14365.30331758431,15780
/Users/a/Ayanami/code/TSP/data/classic/tsplib/d198.tsp,polyak,729,polyak,729,14365.302023192347,14365.30331758431,15780
/Users/a/Ayanami/code/TSP/data/classic/tsplib/d198.tsp,polyak,730,polyak,730,14365.298549501724,14365.30331758431,15780
/Users/a/Ayanami/code/TSP/data/classic/tsplib/d198.tsp,polyak,731,polyak,731,14365.302988550855,14365.30331758431,15780
/Users/a/Ayanami/code/TSP/data/classic/tsplib/d198.tsp,polyak,732,polyak,732,14365.298745930142,14365.30331758431,15780
/Users/a/Ayanami/code/TSP/data/classic/tsplib/d198.tsp,polyak,733,polyak,733,14365.303815823569,14365.303815823569,15780
/Users/a/Ayanami/code/TSP/data/classic/tsplib/d198.tsp,polyak,734,polyak,734,14365.29530963499,14365.303815823569,15780
/Users/a/Ayanami/code/TSP/data/classic/tsplib/d198.tsp,polyak,735,polyak,735,14365.304367771278,14365.304367771278,15780
/Users/a/Ayanami/code/TSP/data/classic/tsplib/d198.tsp,polyak,736,polyak,736,14365.295852311734,14365.304367771278,15780
/Users/a/Ayanami/code/TSP/data/classic/tsplib/d198.tsp,polyak,737,polyak,737,14365.305185833015,14365.305185833015,15780
/Users/a/Ayanami/code/TSP/data/classic/tsplib/d198.tsp,polyak,738,polyak,738,14365.297357227839,14365.305185833015,15780
/Users/a/Ayanami/code/TSP/data/classic/tsplib/d198.tsp,polyak,739,polyak,739,14365.305511900389,14365.305511900389,15780
/Users/a/Ayanami/code/TSP/data/classic/tsplib/d198.tsp,polyak,740,polyak,740,14365.299355418048,14365.305511900389,15780
/Users/a/Ayanami/code/TSP/data/classic/tsplib/d198.tsp,polyak,741,polyak,741,14365.301452638958,14365.305511900389,15780
/Users/a/Ayanami/code/TSP/data/classic/tsplib/d198.tsp,polyak,742,polyak,742,14365.304450471222,14365.305511900389,15780
/Users/a/Ayanami/code/TSP/data/classic/tsplib/d198.tsp,polyak,743,polyak,743,14365.299820101489,14365.305511900389,15780
/Users/a/Ayanami/code/TSP/data/classic/tsplib/d198.tsp,polyak,744,polyak,744,14365.304794049949,14365.305511900389,15780
/Users/a/Ayanami/code/TSP/data/classic/tsplib/d198.tsp,polyak,745,polyak,745,14365.29955280001,14365.305511900389,15780
/Users/a/Ayanami/code/TSP/data/classic/tsplib/d198.tsp,polyak,746,polyak,746,14365.305181634923,14365.305511900389,15780
/Users/a/Ayanami/code/TSP/data/classic/tsplib/d198.tsp,polyak,747,polyak,747,14365.301215461615,14365.305511900389,15780
/Users/a/Ayanami/code/TSP/data/classic/tsplib/d198.tsp,polyak,748,polyak,748,14365.304646671497,14365.305511900389,15780
/Users/a/Ayanami/code/TSP/data/classic/tsplib/d198.tsp,polyak,749,polyak,749,14365.301750532204,14365.305511900389,15780
/Users/a/Ayanami/code/TSP/data/classic/tsplib/d198.tsp,polyak,750,polyak,750,14365.305370184617,14365.305511900389,15780
/Users/a/Ayanami/code/TSP/data/classic/tsplib/d198.tsp,polyak,751,polyak,751,14365.30068181637,14365.305511900389,15780
/Users/a/Ayanami/code/TSP/data/classic/tsplib/d198.tsp,helsgaun,1,helsgaun,1,12915,12915,15780
/Users/a/Ayanami/code/TSP/data/classic/tsplib/d198.tsp,helsgaun,2,helsgaun,2,12946,12946,15780
/Users/a/Ayanami/code/TSP/data/classic/tsplib/d198.tsp,helsgaun,3,helsgaun,3,13030.199999999999,13030.199999999999,15780
/Users/a/Ayanami/code/TSP/data/classic/tsplib/d198.tsp,helsgaun,4,helsgaun,4,13094.000000000002,13094.000000000002,15780
/Users/a/Ayanami/code/TSP/data/classic/tsplib/d198.tsp,helsgaun,5,helsgaun,5,13162.799999999996,13162.799999999996,15780
/Users/a/Ayanami/code/TSP/data/classic/tsplib/d198.tsp,helsgaun,6,helsgaun,6,13003,13162.799999999996,15780
/Users/a/Ayanami/code/TSP/data/classic/tsplib/d198.tsp,helsgaun,7,helsgaun,7,13057.599999999999,13162.799999999996,15780
/Users/a/Ayanami/code/TSP/data/classic/tsplib/d198.tsp,helsgaun,8,helsgaun,8,13031.599999999999,13162.799999999996,15780
/Users/a/Ayanami/code/TSP/data/classic/tsplib/d198.tsp,helsgaun,9,helsgaun,9,13114.400000000007,13162.799999999996,15780
/Users/a/Ayanami/code/TSP/data/classic/tsplib/d198.tsp,helsgaun,10,helsgaun,10,13128.999999999998,13162.799999999996,15780
/Users/a/Ayanami/code/TSP/data/classic/tsplib/d198.tsp,helsgaun,11,helsgaun,11,13107.799999999999,13162.799999999996,15780
/Users/a/Ayanami/code/TSP/data/classic/tsplib/d198.tsp,helsgaun,12,helsgaun,12,13159.799999999999,13162.799999999996,15780
/Users/a/Ayanami/code/TSP/data/classic/tsplib/d198.tsp,helsgaun,13,helsgaun,13,13189.6,13189.6,15780
/Users/a/Ayanami/code/TSP/data/classic/tsplib/d198.tsp,helsgaun,14,helsgaun,14,13218.799999999996,13218.799999999996,15780
/Users/a/Ayanami/code/TSP/data/classic/tsplib/d198.tsp,helsgaun,15,helsgaun,15,13265.599999999997,13265.599999999997,15780
/Users/a/Ayanami/code/TSP/data/classic/tsplib/d198.tsp,helsgaun,16,helsgaun,16,13283.199999999999,13283.199999999999,15780
/Users/a/Ayanami/code/TSP/data/classic/tsplib/d198.tsp,helsgaun,17,helsgaun,17,13347.199999999997,13347.199999999997,15780
/Users/a/Ayanami/code/TSP/data/classic/tsplib/d198.tsp,helsgaun,18,helsgaun,18,13423.399999999994,13423.399999999994,15780
/Users/a/Ayanami/code/TSP/data/classic/tsplib/d198.tsp,helsgaun,19,helsgaun,19,13344.199999999997,13423.399999999994,15780
/Users/a/Ayanami/code/TSP/data/classic/tsplib/d198.tsp,helsgaun,20,helsgaun,20,13392.200000000001,13423.399999999994,15780
/Users/a/Ayanami/code/TSP/data/classic/tsplib/d198.tsp,helsgaun,21,helsgaun,21,13328.200000000003,13423.399999999994,15780
/Users/a/Ayanami/code/TSP/data/classic/tsplib/d198.tsp,helsgaun,22,helsgaun,22,13368.600000000002,13423.399999999994,15780
/Users/a/Ayanami/code/TSP/data/classic/tsplib/d198.tsp,helsgaun,23,helsgaun,23,13421.4,13423.399999999994,15780
/Users/a/Ayanami/code/TSP/data/classic/tsplib/d198.tsp,helsgaun,24,helsgaun,24,13349.599999999999,13423.399999999994,15780
/Users/a/Ayanami/code/TSP/data/classic/tsplib/d198.tsp,helsgaun,25,helsgaun,25,13341.800000000001,13423.399999999994,15780
/Users/a/Ayanami/code/TSP/data/classic/tsplib/d198.tsp,helsgaun,26,helsgaun,26,13314.800000000001,13423.399999999994,15780
/Users/a/Ayanami/code/TSP/data/classic/tsplib/d198.tsp,helsgaun,27,helsgaun,27,13414.6,13423.399999999994,15780
/Users/a/Ayanami/code/TSP/data/classic/tsplib/d198.tsp,helsgaun,28,helsgaun,28,13376.800000000005,13423.399999999994,15780
/Users/a/Ayanami/code/TSP/data/classic/tsplib/d198.tsp,helsgaun,29,helsgaun,29,13426.799999999996,13426.799999999996,15780
/Users/a/Ayanami/code/TSP/data/classic/tsplib/d198.tsp,helsgaun,30,helsgaun,30,13408.4,13426.799999999996,15780
/Users/a/Ayanami/code/TSP/data/classic/tsplib/d198.tsp,helsgaun,31,helsgaun,31,13463.999999999996,13463.999999999996,15780
/Users/a/Ayanami/code/TSP/data/classic/tsplib/d198.tsp,helsgaun,32,helsgaun,32,13408.799999999999,13463.999999999996,15780
/Users/a/Ayanami/code/TSP/data/classic/tsplib/d198.tsp,helsgaun,33,helsgaun,33,13491.200000000001,13491.200000000001,15780
/Users/a/Ayanami/code/TSP/data/classic/tsplib/d198.tsp,helsgaun,34,helsgaun,34,13424.200000000004,13491.200000000001,15780
/Users/a/Ayanami/code/TSP/data/classic/tsplib/d198.tsp,helsgaun,35,helsgaun,35,13436.999999999998,13491.200000000001,15780
/Users/a/Ayanami/code/TSP/data/classic/tsplib/d198.tsp,helsgaun,36,helsgaun,36,13463.799999999999,13491.200000000001,15780
/Users/a/Ayanami/code/TSP/data/classic/tsplib/d198.tsp,helsgaun,37,helsgaun,37,13446.799999999999,13491.200000000001,15780
/Users/a/Ayanami/code/TSP/data/classic/tsplib/d198.tsp,helsgaun,38,helsgaun,38,13452,13491.200000000001,15780
/Users/a/Ayanami/code/TSP/data/classic/tsplib/d198.tsp,helsgaun,39,helsgaun,39,13396.400000000001,13491.200000000001,15780
/Users/a/Ayanami/code/TSP/data/classic/tsplib/d198.tsp,helsgaun,40,helsgaun,40,13363.400000000001,13491.200000000001,15780
/Users/a/Ayanami/code/TSP/data/classic/tsplib/d198.tsp,helsgaun,41,helsgaun,41,13383.999999999998,13491.200000000001,15780
/Users/a/Ayanami/code/TSP/data/classic/tsplib/d198.tsp,helsgaun,42,helsgaun,42,13439.199999999999,13491.200000000001,15780
/Users/a/Ayanami/code/TSP/data/classic/tsplib/d198.tsp,helsgaun,43,helsgaun,43,13421.599999999999,13491.200000000001,15780
/Users/a/Ayanami/code/TSP/data/classic/tsplib/d198.tsp,helsgaun,44,helsgaun,44,13561.200000000001,13561.200000000001,15780
/Users/a/Ayanami/code/TSP/data/classic/tsplib/d198.tsp,helsgaun,45,helsgaun,45,13426.199999999999,13561.200000000001,15780
/Users/a/Ayanami/code/TSP/data/classic/tsplib/d198.tsp,helsgaun,46,helsgaun,46,13270.400000000001,13561.200000000001,15780
/Users/a/Ayanami/code/TSP/data/classic/tsplib/d198.tsp,helsgaun,47,helsgaun,47,13383.800000000003,13561.200000000001,15780
/Users/a/Ayanami/code/TSP/data/classic/tsplib/d198.tsp,helsgaun,48,helsgaun,48,13419.4,13561.200000000001,15780
/Users/a/Ayanami/code/TSP/data/classic/tsplib/d198.tsp,helsgaun,49,helsgaun,49,13451.200000000003,13561.200000000001,15780
/Users/a/Ayanami/code/TSP/data/classic/tsplib/d198.tsp,helsgaun,50,helsgaun,50,13532.000000000002,13561.200000000001,15780
/Users/a/Ayanami/code/TSP/data/classic/tsplib/d198.tsp,helsgaun,51,helsgaun,51,13494.800000000005,13561.200000000001,15780
/Users/a/Ayanami/code/TSP/data/classic/tsplib/d198.tsp,helsgaun,52,helsgaun,52,13430.4,13561.200000000001,15780
/Users/a/Ayanami/code/TSP/data/classic/tsplib/d198.tsp,helsgaun,53,helsgaun,53,13464.200000000003,13561.200000000001,15780
/Users/a/Ayanami/code/TSP/data/classic/tsplib/d198.tsp,helsgaun,54,helsgaun,54,13304.000000000004,13561.200000000001,15780
/Users/a/Ayanami/code/TSP/data/classic/tsplib/d198.tsp,helsgaun,55,helsgaun,55,13401.800000000001,13561.200000000001,15780
/Users/a/Ayanami/code/TSP/data/classic/tsplib/d198.tsp,helsgaun,56,helsgaun,56,13456.599999999997,13561.200000000001,15780
/Users/a/Ayanami/code/TSP/data/classic/tsplib/d198.tsp,helsgaun,57,helsgaun,57,13510.199999999999,13561.200000000001,15780
/Users/a/Ayanami/code/TSP/data/classic/tsplib/d198.tsp,helsgaun,58,helsgaun,58,13452.000000000004,13561.200000000001,15780
/Users/a/Ayanami/code/TSP/data/classic/tsplib/d198.tsp,helsgaun,59,helsgaun,59,13332.6,13561.200000000001,15780
/Users/a/Ayanami/code/TSP/data/classic/tsplib/d198.tsp,helsgaun,60,helsgaun,60,13431.799999999997,13561.200000000001,15780
/Users/a/Ayanami/code/TSP/data/classic/tsplib/d198.tsp,helsgaun,61,helsgaun,61,13497.800000000001,13561.200000000001,15780
/Users/a/Ayanami/code/TSP/data/classic/tsplib/d198.tsp,helsgaun,62,helsgaun,62,13506.000000000002,13561.200000000001,15780
/Users/a/Ayanami/code/TSP/data/classic/tsplib/d198.tsp,helsgaun,63,helsgaun,63,13457.599999999999,13561.200000000001,15780
/Users/a/Ayanami/code/TSP/data/classic/tsplib/d198.tsp,helsgaun,64,helsgaun,64,13487.400000000003,13561.200000000001,15780
/Users/a/Ayanami/code/TSP/data/classic/tsplib/d198.tsp,helsgaun,65,helsgaun,65,13528.600000000004,13561.200000000001,15780
/Users/a/Ayanami/code/TSP/data/classic/tsplib/d198.tsp,helsgaun,66,helsgaun,66,13535.400000000003,13561.200000000001,15780
/Users/a/Ayanami/code/TSP/data/classic/tsplib/d198.tsp,helsgaun,67,helsgaun,67,13521.400000000001,13561.200000000001,15780
/Users/a/Ayanami/code/TSP/data/classic/tsplib/d198.tsp,helsgaun,68,helsgaun,68,13415.199999999999,13561.200000000001,15780
/Users/a/Ayanami/code/TSP/data/classic/tsplib/d198.tsp,helsgaun,69,helsgaun,69,13479.800000000005,13561.200000000001,15780
/Users/a/Ayanami/code/TSP/data/classic/tsplib/d198.tsp,helsgaun,70,helsgaun,70,13537.4,13561.200000000001,15780
/Users/a/Ayanami/code/TSP/data/classic/tsplib/d198.tsp,helsgaun,71,helsgaun,71,13584.600000000004,13584.600000000004,15780
/Users/a/Ayanami/code/TSP/data/classic/tsplib/d198.tsp,helsgaun,72,helsgaun,72,13626.399999999998,13626.399999999998,15780
/Users/a/Ayanami/code/TSP/data/classic/tsplib/d198.tsp,helsgaun,73,helsgaun,73,13501.200000000003,13626.399999999998,15780
/Users/a/Ayanami/code/TSP/data/classic/tsplib/d198.tsp,helsgaun,74,helsgaun,74,13581.4,13626.399999999998,15780
/Users/a/Ayanami/code/TSP/data/classic/tsplib/d198.tsp,helsgaun,75,helsgaun,75,13542,13626.399999999998,15780
/Users/a/Ayanami/code/TSP/data/classic/tsplib/d198.tsp,helsgaun,76,helsgaun,76,13654.600000000006,13654.600000000006,15780
/Users/a/Ayanami/code/TSP/data/classic/tsplib/d198.tsp,helsgaun,77,helsgaun,77,13548.800000000001,13654.600000000006,15780
/Users/a/Ayanami/code/TSP/data/classic/tsplib/d198.tsp,helsgaun,78,helsgaun,78,13617.600000000002,13654.600000000006,15780
/Users/a/Ayanami/code/TSP/data/classic/tsplib/d198.tsp,helsgaun,79,helsgaun,79,13522.600000000002,13654.600000000006,15780
/Users/a/Ayanami/code/TSP/data/classic/tsplib/d198.tsp,helsgaun,80,helsgaun,80,13596.800000000003,13654.600000000006,15780
/Users/a/Ayanami/code/TSP/data/classic/tsplib/d198.tsp,helsgaun,81,helsgaun,81,13598.6,13654.600000000006,15780
/Users/a/Ayanami/code/TSP/data/classic/tsplib/d198.tsp,helsgaun,82,helsgaun,82,13523.199999999999,13654.600000000006,15780
/Users/a/Ayanami/code/TSP/data/classic/tsplib/d198.tsp,helsgaun,83,helsgaun,83,13574.600000000002,13654.600000000006,15780
/Users/a/Ayanami/code/TSP/data/classic/tsplib/d198.tsp,helsgaun,84,helsgaun,84,13590.000000000007,13654.600000000006,15780
/Users/a/Ayanami/code/TSP/data/classic/tsplib/d198.tsp,helsgaun,85,helsgaun,85,13621.6,13654.600000000006,15780
/Users/a/Ayanami/code/TSP/data/classic/tsplib/d198.tsp,helsgaun,86,helsgaun,86,13552.800000000003,13654.600000000006,15780
/Users/a/Ayanami/code/TSP/data/classic/tsplib/d198.tsp,helsgaun,87,helsgaun,87,13585.799999999999,13654.600000000006,15780
/Users/a/Ayanami/code/TSP/data/classic/tsplib/d198.tsp,helsgaun,88,helsgaun,88,13656.200000000003,13656.200000000003,15780
/Users/a/Ayanami/code/TSP/data/classic/tsplib/d198.tsp,helsgaun,89,helsgaun,89,13597.400000000001,13656.200000000003,15780
/Users/a/Ayanami/code/TSP/data/classic/tsplib/d198.tsp,helsgaun,90,helsgaun,90,13468.400000000001,13656.200000000003,15780
/Users/a/Ayanami/code/TSP/data/classic/tsplib/d198.tsp,helsgaun,91,helsgaun,91,13602.600000000004,13656.200000000003,15780
/Users/a/Ayanami/code/TSP/data/classic/tsplib/d198.tsp,helsgaun,92,helsgaun,92,13705.200000000003,13705.200000000003,15780
/Users/a/Ayanami/code/TSP/data/classic/tsplib/d198.tsp,helsgaun,93,helsgaun,93,13615,13705.200000000003,15780
/Users/a/Ayanami/code/TSP/data/classic/tsplib/d198.tsp,helsgaun,94,helsgaun,94,13524.599999999999,13705.200000000003,15780
/Users/a/Ayanami/code/TSP/data/classic/tsplib/d198.tsp,helsgaun,95,helsgaun,95,13544.000000000002,13705.200000000003,15780
/Users/a/Ayanami/code/TSP/data/classic/tsplib/d198.tsp,helsgaun,96,helsgaun,96,13598.400000000005,13705.200000000003,15780
/Users/a/Ayanami/code/TSP/data/classic/tsplib/d198.tsp,helsgaun,97,helsgaun,97,13476.200000000001,13705.200000000003,15780
/Users/a/Ayanami/code/TSP/data/classic/tsplib/d198.tsp,helsgaun,98,helsgaun,98,13661.000000000007,13705.200000000003,15780
/Users/a/Ayanami/code/TSP/data/classic/tsplib/d198.tsp,helsgaun,99,helsgaun,99,13658.600000000004,13705.200000000003,15780
/Users/a/Ayanami/code/TSP/data/classic/tsplib/d198.tsp,helsgaun,100,helsgaun,100,13623.800000000001,13705.200000000003,15780
/Users/a/Ayanami/code/TSP/data/classic/tsplib/d198.tsp,helsgaun,101,helsgaun,101,13884.399999999996,13884.399999999996,15780
/Users/a/Ayanami/code/TSP/data/classic/tsplib/d198.tsp,helsgaun,102,helsgaun,102,13999.800000000003,13999.800000000003,15780
/Users/a/Ayanami/code/TSP/data/classic/tsplib/d198.tsp,helsgaun,103,helsgaun,103,14013.799999999999,14013.799999999999,15780
/Users/a/Ayanami/code/TSP/data/classic/tsplib/d198.tsp,helsgaun,104,helsgaun,104,14039.200000000001,14039.200000000001,15780
/Users/a/Ayanami/code/TSP/data/classic/tsplib/d198.tsp,helsgaun,105,helsgaun,105,14062.200000000003,14062.200000000003,15780
/Users/a/Ayanami/code/TSP/data/classic/tsplib/d198.tsp,helsgaun,106,helsgaun,106,14037.400000000003,14062.200000000003,15780
/Users/a/Ayanami/code/TSP/data/classic/tsplib/d198.tsp,helsgaun,107,helsgaun,107,14080.600000000004,14080.600000000004,15780
/Users/a/Ayanami/code/TSP/data/classic/tsplib/d198.tsp,helsgaun,108,helsgaun,108,14082.799999999999,14082.799999999999,15780
/Users/a/Ayanami/code/TSP/data/classic/tsplib/d198.tsp,helsgaun,109,helsgaun,109,14062.400000000001,14082.799999999999,15780
/Users/a/Ayanami/code/TSP/data/classic/tsplib/d198.tsp,helsgaun,110,helsgaun,110,14038.6,14082.799999999999,15780
/Users/a/Ayanami/code/TSP/data/classic/tsplib/d198.tsp,helsgaun,111,helsgaun,111,13991.800000000003,14082.799999999999,15780
/Users/a/Ayanami/code/TSP/data/classic/tsplib/d198.tsp,helsgaun,112,helsgaun,112,14042.600000000002,14082.799999999999,15780
/Users/a/Ayanami/code/TSP/data/classic/tsplib/d198.tsp,helsgaun,113,helsgaun,113,14066.200000000003,14082.799999999999,15780
/Users/a/Ayanami/code/TSP/data/classic/tsplib/d198.tsp,helsgaun,114,helsgaun,114,14070.000000000002,14082.799999999999,15780
/Users/a/Ayanami/code/TSP/data/classic/tsplib/d198.tsp,helsgaun,115,helsgaun,115,14063.799999999999,14082.799999999999,15780
/Users/a/Ayanami/code/TSP/data/classic/tsplib/d198.tsp,helsgaun,116,helsgaun,116,14100,14100,15780
/Users/a/Ayanami/code/TSP/data/classic/tsplib/d198.tsp,helsgaun,117,helsgaun,117,14035.400000000007,14100,15780
/Users/a/Ayanami/code/TSP/data/classic/tsplib/d198.tsp,helsgaun,118,helsgaun,118,14078.400000000007,14100,15780
/Users/a/Ayanami/code/TSP/data/classic/tsplib/d198.tsp,helsgaun,119,helsgaun,119,14031.800000000003,14100,15780
/Users/a/Ayanami/code/TSP/data/classic/tsplib/d198.tsp,helsgaun,120,helsgaun,120,14073.600000000008,14100,15780
/Users/a/Ayanami/code/TSP/data/classic/tsplib/d198.tsp,helsgaun,121,helsgaun,121,14069.400000000005,14100,15780
/Users/a/Ayanami/code/TSP/data/classic/tsplib/d198.tsp,helsgaun,122,helsgaun,122,14102,14102,15780
/Users/a/Ayanami/code/TSP/data/classic/tsplib/d198.tsp,helsgaun,123,helsgaun,123,14088.600000000004,14102,15780
/Users/a/Ayanami/code/TSP/data/classic/tsplib/d198.tsp,helsgaun,124,helsgaun,124,14098.200000000003,14102,15780
/Users/a/Ayanami/code/TSP/data/classic/tsplib/d198.tsp,helsgaun,125,helsgaun,125,14074.200000000003,14102,15780
/Users/a/Ayanami/code/TSP/data/classic/tsplib/d198.tsp,helsgaun,126,helsgaun,126,14147.800000000003,14147.800000000003,15780
/Users/a/Ayanami/code/TSP/data/classic/tsplib/d198.tsp,helsgaun,127,helsgaun,127,14120.199999999993,14147.800000000003,15780
/Users/a/Ayanami/code/TSP/data/classic/tsplib/d198.tsp,helsgaun,128,helsgaun,128,14114.200000000001,14147.800000000003,15780
/Users/a/Ayanami/code/TSP/data/classic/tsplib/d198.tsp,helsgaun,129,helsgaun,129,14075.999999999995,14147.800000000003,15780
/Users/a/Ayanami/code/TSP/data/classic/tsplib/d198.tsp,helsgaun,130,helsgaun,130,14121.800000000007,14147.800000000003,15780
/Users/a/Ayanami/code/TSP/data/classic/tsplib/d198.tsp,helsgaun,131,helsgaun,131,14105.199999999999,14147.800000000003,15780
/Users/a/Ayanami/code/TSP/data/classic/tsplib/d198.tsp,helsgaun,132,helsgaun,132,14107.800000000007,14147.800000000003,15780
/Users/a/Ayanami/code/TSP/data/classic/tsplib/d198.tsp,helsgaun,133,helsgaun,133,14130.6,14147.800000000003,15780
/Users/a/Ayanami/code/TSP/data/classic/tsplib/d198.tsp,helsgaun,134,helsgaun,134,14098.999999999998,14147.800000000003,15780
/Users/a/Ayanami/code/TSP/data/classic/tsplib/d198.tsp,helsgaun,135,helsgaun,135,14095.400000000001,14147.800000000003,15780
/Users/a/Ayanami/code/TSP/data/classic/tsplib/d198.tsp,helsgaun,136,helsgaun,136,14127.399999999996,14147.800000000003,15780
/Users/a/Ayanami/code/TSP/data/classic/tsplib/d198.tsp,helsgaun,137,helsgaun,137,14088.600000000004,14147.800000000003,15780
/Users/a/Ayanami/code/TSP/data/classic/tsplib/d198.tsp,helsgaun,138,helsgaun,138,14103.800000000007,14147.800000000003,15780
/Users/a/Ayanami/code/TSP/data/classic/tsplib/d198.tsp,helsgaun,139,helsgaun,139,14086.200000000003,14147.800000000003,15780
/Users/a/Ayanami/code/TSP/data/classic/tsplib/d198.tsp,helsgaun,140,helsgaun,140,14155.400000000001,14155.400000000001,15780
/Users/a/Ayanami/code/TSP/data/classic/tsplib/d198.tsp,helsgaun,141,helsgaun,141,14114.800000000007,14155.400000000001,15780
/Users/a/Ayanami/code/TSP/data/classic/tsplib/d198.tsp,helsgaun,142,helsgaun,142,14139.400000000001,14155.400000000001,15780
/Users/a/Ayanami/code/TSP/data/classic/tsplib/d198.tsp,helsgaun,143,helsgaun,143,14087.400000000003,14155.400000000001,15780
/Users/a/Ayanami/code/TSP/data/classic/tsplib/d198.tsp,helsgaun,144,helsgaun,144,14131.800000000001,14155.400000000001,15780
/Users/a/Ayanami/code/TSP/data/classic/tsplib/d198.tsp,helsgaun,145,helsgaun,145,14117.800000000003,14155.400000000001,15780
/Users/a/Ayanami/code/TSP/data/classic/tsplib/d198.tsp,helsgaun,146,helsgaun,146,14139.400000000003,14155.400000000001,15780
/Users/a/Ayanami/code/TSP/data/classic/tsplib/d198.tsp,helsgaun,147,helsgaun,147,14102.199999999999,14155.400000000001,15780
/Users/a/Ayanami/code/TSP/data/classic/tsplib/d198.tsp,helsgaun,148,helsgaun,148,14161.600000000008,14161.600000000008,15780
/Users/a/Ayanami/code/TSP/data/classic/tsplib/d198.tsp,helsgaun,149,helsgaun,149,14122.400000000001,14161.600000000008,15780
/Users/a/Ayanami/code/TSP/data/classic/tsplib/d198.tsp,helsgaun,150,helsgaun,150,14230.799999999999,14230.799999999999,15780
/Users/a/Ayanami/code/TSP/data/classic/tsplib/d198.tsp,helsgaun,151,helsgaun,151,14254.800000000001,14254.800000000001,15780
/Users/a/Ayanami/code/TSP/data/classic/tsplib/d198.tsp,helsgaun,152,helsgaun,152,14285.199999999999,14285.199999999999,15780
/Users/a/Ayanami/code/TSP/data/classic/tsplib/d198.tsp,helsgaun,153,helsgaun,153,14269.200000000001,14285.199999999999,15780
/Users/a/Ayanami/code/TSP/data/classic/tsplib/d198.tsp,helsgaun,154,helsgaun,154,14274.799999999994,14285.199999999999,15780
/Users/a/Ayanami/code/TSP/data/classic/tsplib/d198.tsp,helsgaun,155,helsgaun,155,14269.600000000004,14285.199999999999,15780
/Users/a/Ayanami/code/TSP/data/classic/tsplib/d198.tsp,helsgaun,156,helsgaun,156,14291.800000000003,14291.800000000003,15780
/Users/a/Ayanami/code/TSP/data/classic/tsplib/d198.tsp,helsgaun,157,helsgaun,157,14273.400000000001,14291.800000000003,15780
/Users/a/Ayanami/code/TSP/data/classic/tsplib/d198.tsp,helsgaun,158,helsgaun,158,14284,14291.800000000003,15780
/Users/a/Ayanami/code/TSP/data/classic/tsplib/d198.tsp,helsgaun,159,helsgaun,159,14283.999999999998,14291.800000000003,15780
/Users/a/Ayanami/code/TSP/data/classic/tsplib/d198.tsp,helsgaun,160,helsgaun,160,14285.4,14291.800000000003,15780
/Users/a/Ayanami/code/TSP/data/classic/tsplib/d198.tsp,helsgaun,161,helsgaun,161,14292.6,14292.6,15780
/Users/a/Ayanami/code/TSP/data/classic/tsplib/d198.tsp,helsgaun,162,helsgaun,162,14293.599999999995,14293.599999999995,15780
/Users/a/Ayanami/code/TSP/data/classic/tsplib/d198.tsp,helsgaun,163,helsgaun,163,14302,14302,15780
/Users/a/Ayanami/code/TSP/data/classic/tsplib/d198.tsp,helsgaun,164,helsgaun,164,14293.400000000001,14302,15780
/Users/a/Ayanami/code/TSP/data/classic/tsplib/d198.tsp,helsgaun,165,helsgaun,165,14300.600000000004,14302,15780
/Users/a/Ayanami/code/TSP/data/classic/tsplib/d198.tsp,helsgaun,166,helsgaun,166,14283.400000000001,14302,15780
/Users/a/Ayanami/code/TSP/data/classic/tsplib/d198.tsp,helsgaun,167,helsgaun,167,14292.999999999998,14302,15780
/Users/a/Ayanami/code/TSP/data/classic/tsplib/d198.tsp,helsgaun,168,helsgaun,168,14287.800000000001,14302,15780
/Users/a/Ayanami/code/TSP/data/classic/tsplib/d198.tsp,helsgaun,169,helsgaun,169,14282.200000000004,14302,15780
/Users/a/Ayanami/code/TSP/data/classic/tsplib/d198.tsp,helsgaun,170,helsgaun,170,14279.999999999998,14302,15780
/Users/a/Ayanami/code/TSP/data/classic/tsplib/d198.tsp,helsgaun,171,helsgaun,171,14314.6,14314.6,15780
/Users/a/Ayanami/code/TSP/data/classic/tsplib/d198.tsp,helsgaun,172,helsgaun,172,14281.800000000001,14314.6,15780
/Users/a/Ayanami/code/TSP/data/classic/tsplib/d198.tsp,helsgaun,173,helsgaun,173,14284.799999999996,14314.6,15780
/Users/a/Ayanami/code/TSP/data/classic/tsplib/d198.tsp,helsgaun,174,helsgaun,174,14283.800000000001,14314.6,15780
/Users/a/Ayanami/code/TSP/data/classic/tsplib/d198.tsp,helsgaun,175,helsgaun,175,14306.6,14314.6,15780
/Users/a/Ayanami/code/TSP/data/classic/tsplib/d198.tsp,helsgaun,176,helsgaun,176,14319.599999999993,14319.599999999993,15780
/Users/a/Ayanami/code/TSP/data/classic/tsplib/d198.tsp,helsgaun,177,helsgaun,177,14293.6,14319.599999999993,15780
/Users/a/Ayanami/code/TSP/data/classic/tsplib/d198.tsp,helsgaun,178,helsgaun,178,14293.800000000003,14319.599999999993,15780
/Users/a/Ayanami/code/TSP/data/classic/tsplib/d198.tsp,helsgaun,179,helsgaun,179,14312.799999999999,14319.599999999993,15780
/Users/a/Ayanami/code/TSP/data/classic/tsplib/d198.tsp,helsgaun,180,helsgaun,180,14308.599999999999,14319.599999999993,15780
/Users/a/Ayanami/code/TSP/data/classic/tsplib/d198.tsp,helsgaun,181,helsgaun,181,14305.799999999996,14319.599999999993,15780
/Users/a/Ayanami/code/TSP/data/classic/tsplib/d198.tsp,helsgaun,182,helsgaun,182,14294.599999999997,14319.599999999993,15780
/Users/a/Ayanami/code/TSP/data/classic/tsplib/d198.tsp,helsgaun,183,helsgaun,183,14297.800000000001,14319.599999999993,15780
/Users/a/Ayanami/code/TSP/data/classic/tsplib/d198.tsp,helsgaun,184,helsgaun,184,14283.599999999995,14319.599999999993,15780
/Users/a/Ayanami/code/TSP/data/classic/tsplib/d198.tsp,helsgaun,185,helsgaun,185,14294.199999999997,14319.599999999993,15780
/Users/a/Ayanami/code/TSP/data/classic/tsplib/d198.tsp,helsgaun,186,helsgaun,186,14298.199999999997,14319.599999999993,15780
/Users/a/Ayanami/code/TSP/data/classic/tsplib/d198.tsp,helsgaun,187,helsgaun,187,14317.799999999996,14319.599999999993,15780
/Users/a/Ayanami/code/TSP/data/classic/tsplib/d198.tsp,helsgaun,188,helsgaun,188,14295.200000000003,14319.599999999993,15780
/Users/a/Ayanami/code/TSP/data/classic/tsplib/d198.tsp,helsgaun,189,helsgaun,189,14321.799999999999,14321.799999999999,15780
/Users/a/Ayanami/code/TSP/data/classic/tsplib/d198.tsp,helsgaun,190,helsgaun,190,14297.599999999999,14321.799999999999,15780
/Users/a/Ayanami/code/TSP/data/classic/tsplib/d198.tsp,helsgaun,191,helsgaun,191,14309,14321.799999999999,15780
/Users/a/Ayanami/code/TSP/data/classic/tsplib/d198.tsp,helsgaun,192,helsgaun,192,14318.800000000003,14321.799999999999,15780
/Users/a/Ayanami/code/TSP/data/classic/tsplib/d198.tsp,helsgaun,193,helsgaun,193,14307.799999999997,14321.799999999999,15780
/Users/a/Ayanami/code/TSP/data/classic/tsplib/d198.tsp,helsgaun,194,helsgaun,194,14324.999999999998,14324.999999999998,15780
/Users/a/Ayanami/code/TSP/data/classic/tsplib/d198.tsp,helsgaun,195,helsgaun,195,14316.199999999995,14324.999999999998,15780
/Users/a/Ayanami/code/TSP/data/classic/tsplib/d198.tsp,helsgaun,196,helsgaun,196,14322.999999999996,14324.999999999998,15780
/Users/a/Ayanami/code/TSP/data/classic/tsplib/d198.tsp,helsgaun,197,helsgaun,197,14295.800000000003,14324.999999999998,15780
/Users/a/Ayanami/code/TSP/data/classic/tsplib/d198.tsp,helsgaun,198,helsgaun,198,14327.399999999998,14327.399999999998,15780
/Users/a/Ayanami/code/TSP/data/classic/tsplib/d198.tsp,helsgaun,199,helsgaun,199,14352.399999999998,14352.399999999998,15780
/Users/a/Ayanami/code/TSP/data/classic/tsplib/d198.tsp,helsgaun,200,helsgaun,200,14360.600000000002,14360.600000000002,15780
/Users/a/Ayanami/code/TSP/data/classic/tsplib/d198.tsp,helsgaun,201,helsgaun,201,14370.800000000001,14370.800000000001,15780
/Users/a/Ayanami/code/TSP/data/classic/tsplib/d198.tsp,helsgaun,202,helsgaun,202,14357.999999999998,14370.800000000001,15780
/Users/a/Ayanami/code/TSP/data/classic/tsplib/d198.tsp,helsgaun,203,helsgaun,203,14367.199999999997,14370.800000000001,15780
/Users/a/Ayanami/code/TSP/data/classic/tsplib/d198.tsp,helsgaun,204,helsgaun,204,14369.599999999999,14370.800000000001,15780
/Users/a/Ayanami/code/TSP/data/classic/tsplib/d198.tsp,helsgaun,205,helsgaun,205,14370.400000000003,14370.800000000001,15780
/Users/a/Ayanami/code/TSP/data/classic/tsplib/d198.tsp,helsgaun,206,helsgaun,206,14364.4,14370.800000000001,15780
/Users/a/Ayanami/code/TSP/data/classic/tsplib/d198.tsp,helsgaun,207,helsgaun,207,14368.399999999998,14370.800000000001,15780
/Users/a/Ayanami/code/TSP/data/classic/tsplib/d198.tsp,helsgaun,208,helsgaun,208,14365,14370.800000000001,15780
/Users/a/Ayanami/code/TSP/data/classic/tsplib/d198.tsp,helsgaun,209,helsgaun,209,14378.599999999997,14378.599999999997,15780
/Users/a/Ayanami/code/TSP/data/classic/tsplib/d198.tsp,helsgaun,210,helsgaun,210,14370.4,14378.599999999997,15780
/Users/a/Ayanami/code/TSP/data/classic/tsplib/d198.tsp,helsgaun,211,helsgaun,211,14374.6,14378.599999999997,15780
/Users/a/Ayanami/code/TSP/data/classic/tsplib/d198.tsp,helsgaun,212,helsgaun,212,14372.599999999999,14378.599999999997,15780
/Users/a/Ayanami/code/TSP/data/classic/tsplib/d198.tsp,helsgaun,213,helsgaun,213,14371.399999999998,14378.599999999997,15780
/Users/a/Ayanami/code/TSP/data/classic/tsplib/d198.tsp,helsgaun,214,helsgaun,214,14369.599999999997,14378.599999999997,15780
/Users/a/Ayanami/code/TSP/data/classic/tsplib/d198.tsp,helsgaun,215,helsgaun,215,14375.399999999998,14378.599999999997,15780
/Users/a/Ayanami/code/TSP/data/classic/tsplib/d198.tsp,helsgaun,216,helsgaun,216,14381.600000000002,14381.600000000002,15780
/Users/a/Ayanami/code/TSP/data/classic/tsplib/d198.tsp,helsgaun,217,helsgaun,217,14374.200000000003,14381.600000000002,15780
/Users/a/Ayanami/code/TSP/data/classic/tsplib/d198.tsp,helsgaun,218,helsgaun,218,14375.000000000004,14381.600000000002,15780
/Users/a/Ayanami/code/TSP/data/classic/tsplib/d198.tsp,helsgaun,219,helsgaun,219,14371.799999999999,14381.600000000002,15780
/Users/a/Ayanami/code/TSP/data/classic/tsplib/d198.tsp,helsgaun,220,helsgaun,220,14380.399999999998,14381.600000000002,15780
/Users/a/Ayanami/code/TSP/data/classic/tsplib/d198.tsp,helsgaun,221,helsgaun,221,14384.200000000004,14384.200000000004,15780
/Users/a/Ayanami/code/TSP/data/classic/tsplib/d198.tsp,helsgaun,222,helsgaun,222,14395.500000000002,14395.500000000002,15780
/Users/a/Ayanami/code/TSP/data/classic/tsplib/d198.tsp,helsgaun,223,helsgaun,223,14395.600000000008,14395.600000000008,15780
/Users/a/Ayanami/code/TSP/data/classic/tsplib/d198.tsp,helsgaun,224,helsgaun,224,14396.800000000001,14396.800000000001,15780
/Users/a/Ayanami/code/TSP/data/classic/tsplib/d198.tsp,helsgaun,225,helsgaun,225,14397.6,14397.6,15780
/Users/a/Ayanami/code/TSP/data/classic/tsplib/d198.tsp,helsgaun,226,helsgaun,226,14399.500000000002,14399.500000000002,15780
/Users/a/Ayanami/code/TSP/data/classic/tsplib/d198.tsp,helsgaun,227,helsgaun,227,14399.000000000005,14399.500000000002,15780
/Users/a/Ayanami/code/TSP/data/classic/tsplib/d198.tsp,helsgaun,228,helsgaun,228,14401.600000000004,14401.600000000004,15780
/Users/a/Ayanami/code/TSP/data/classic/tsplib/d198.tsp,helsgaun,229,helsgaun,229,14398.399999999996,14401.600000000004,15780
/Users/a/Ayanami/code/TSP/data/classic/tsplib/d198.tsp,helsgaun,230,helsgaun,230,14398.299999999996,14401.600000000004,15780
/Users/a/Ayanami/code/TSP/data/classic/tsplib/d198.tsp,helsgaun,231,helsgaun,231,14401.600000000004,14401.600000000004,15780
/Users/a/Ayanami/code/TSP/data/classic/tsplib/d198.tsp,helsgaun,232,helsgaun,232,14395.400000000003,14401.600000000004,15780
/Users/a/Ayanami/code/TSP/data/classic/tsplib/d198.tsp,helsgaun,233,helsgaun,233,14399.900000000001,14401.600000000004,15780
/Users/a/Ayanami/code/TSP/data/classic/tsplib/d198.tsp,helsgaun,234,helsgaun,234,14401.450000000004,14401.600000000004,15780
/Users/a/Ayanami/code/TSP/data/classic/tsplib/d198.tsp,helsgaun,235,helsgaun,235,14409.350000000004,14409.350000000004,15780
/Users/a/Ayanami/code/TSP/data/classic/tsplib/d198.tsp,helsgaun,236,helsgaun,236,14409.250000000002,14409.350000000004,15780
/Users/a/Ayanami/code/TSP/data/classic/tsplib/d198.tsp,helsgaun,237,helsgaun,237,14409.9,14409.9,15780
/Users/a/Ayanami/code/TSP/data/classic/tsplib/d198.tsp,helsgaun,238,helsgaun,238,14409.200000000003,14409.9,15780
/Users/a/Ayanami/code/TSP/data/classic/tsplib/d198.tsp,helsgaun,239,helsgaun,239,14411.350000000004,14411.350000000004,15780
/Users/a/Ayanami/code/TSP/data/classic/tsplib/d198.tsp,helsgaun,240,helsgaun,240,14412.175000000001,14412.175000000001,15780
/Users/a/Ayanami/code/TSP/data/classic/tsplib/d198.tsp,helsgaun,241,helsgaun,241,14413.924999999999,14413.924999999999,15780
/Users/a/Ayanami/code/TSP/data/classic/tsplib/d198.tsp,helsgaun,242,helsgaun,242,14413.475,14413.924999999999,15780
/Users/a/Ayanami/code/TSP/data/classic/tsplib/d198.tsp,helsgaun,243,helsgaun,243,14414.6875,14414.6875,15780
/Users/a/Ayanami/code/TSP/data/classic/tsplib/d198.tsp,helsgaun,244,helsgaun,244,14415.162500000002,14415.162500000002,15780
/Users/a/Ayanami/code/TSP/data/classic/tsplib/d198.tsp,helsgaun,245,helsgaun,245,14415.637500000006,14415.637500000006,15780
/Users/a/Ayanami/code/TSP/data/classic/tsplib/d198.tsp,helsgaun,246,helsgaun,246,14416.037500000002,14416.037500000002,15780
/Users/a/Ayanami/code/TSP/data/classic/tsplib/d198.tsp,helsgaun,247,helsgaun,247,14416.384375000003,14416.384375000003,15780
/Users/a/Ayanami/code/TSP/data/classic/tsplib/d198.tsp,helsgaun,248,helsgaun,248,14416.418750000006,14416.418750000006,15780
/Users/a/Ayanami/code/TSP/data/classic/tsplib/d198.tsp,helsgaun,249,helsgaun,249,14416.557812500001,14416.557812500001,15780
/Users/a/Ayanami/code/TSP/data/classic/tsplib/d198.tsp,helsgaun,250,helsgaun,250,14416.607812500002,14416.607812500002,15780
/Users/a/Ayanami/code/TSP/data/classic/tsplib/d198.tsp,helsgaun,251,helsgaun,251,14416.671093750005,14416.671093750005,15780
/Users/a/Ayanami/code/TSP/data/classic/tsplib/d198.tsp,helsgaun,252,helsgaun,252,14416.728906250008,14416.728906250008,15780
/Users/a/Ayanami/code/TSP/data/classic/tsplib/d198.tsp,helsgaun,253,helsgaun,253,14416.748046875004,14416.748046875004,15780
/Users/a/Ayanami/code/TSP/data/classic/tsplib/d198.tsp,helsgaun,254,helsgaun,254,14416.757812500005,14416.757812500005,15780
/Users/a/Ayanami/code/TSP/data/classic/tsplib/d198.tsp,helsgaun,255,helsgaun,255,14416.766796875005,14416.766796875005,15780
/Users/a/Ayanami/code/TSP/data/classic/tsplib/d198.tsp,helsgaun,256,helsgaun,256,14416.776562500005,14416.776562500005,15780
/Users/a/Ayanami/code/TSP/data/classic/tsplib/d198.tsp,helsgaun,257,helsgaun,257,14416.782421875005,14416.782421875005,15780
/Users/a/Ayanami/code/TSP/data/classic/tsplib/d198.tsp,helsgaun,258,helsgaun,258,14416.787402343751,14416.787402343751,15780
/Users/a/Ayanami/code/TSP/data/classic/tsplib/d198.tsp,helsgaun,259,helsgaun,259,14416.789404296876,14416.789404296876,15780
/Users/a/Ayanami/code/TSP/data/classic/tsplib/d198.tsp,helsgaun,260,helsgaun,260,14416.789648437503,14416.789648437503,15780
/Users/a/Ayanami/code/TSP/data/classic/tsplib/d198.tsp,helsgaun,261,helsgaun,261,14416.790893554693,14416.790893554693,15780
/Users/a/Ayanami/code/TSP/data/classic/tsplib/d198.tsp,helsgaun,262,helsgaun,262,14416.792089843755,14416.792089843755,15780
/Users/a/Ayanami/code/TSP/data/classic/tsplib/d198.tsp,helsgaun,263,helsgaun,263,14416.792761230474,14416.792761230474,15780
/Users/a/Ayanami/code/TSP/data/classic/tsplib/d198.tsp,helsgaun,264,helsgaun,264,14416.793298339848,14416.793298339848,15780
/Users/a/Ayanami/code/TSP/data/classic/tsplib/d198.tsp,helsgaun,265,helsgaun,265,14416.793676757819,14416.793676757819,15780
/Users/a/Ayanami/code/TSP/data/classic/tsplib/d198.tsp,helsgaun,266,helsgaun,266,14416.793890380861,14416.793890380861,15780
/Users/a/Ayanami/code/TSP/data/classic/tsplib/d198.tsp,helsgaun,267,helsgaun,267,14416.79407653809,14416.79407653809,15780
/Users/a/Ayanami/code/TSP/data/classic/tsplib/d198.tsp,helsgaun,268,helsgaun,268,14416.79420471192,14416.79420471192,15780
/Users/a/Ayanami/code/TSP/data/classic/tsplib/d198.tsp,helsgaun,269,helsgaun,269,14416.794290161135,14416.794290161135,15780
/Users/a/Ayanami/code/TSP/data/classic/tsplib/d198.tsp,helsgaun,270,helsgaun,270,14416.794375610358,14416.794375610358,15780
/Users/a/Ayanami/code/TSP/data/classic/tsplib/d198.tsp,helsgaun,271,helsgaun,271,14416.794418334966,14416.794418334966,15780
/Users/a/Ayanami/code/TSP/data/classic/tsplib/d198.tsp,helsgaun,272,helsgaun,272,14416.794454956058,14416.794454956058,15780
/Users/a/Ayanami/code/TSP/data/classic/tsplib/d198.tsp,helsgaun,273,helsgaun,273,14416.794470977786,14416.794470977786,15780
/Users/a/Ayanami/code/TSP/data/classic/tsplib/d198.tsp,helsgaun,274,helsgaun,274,14416.794491958623,14416.794491958623,15780
/Users/a/Ayanami/code/TSP/data/classic/tsplib/d198.tsp,helsgaun,275,helsgaun,275,14416.794499969486,14416.794499969486,15780
/Users/a/Ayanami/code/TSP/data/classic/tsplib/d198.tsp,helsgaun,276,helsgaun,276,14416.794509506231,14416.794509506231,15780
/Users/a/Ayanami/code/TSP/data/classic/tsplib/d198.tsp,helsgaun,277,helsgaun,277,14416.794514656071,14416.794514656071,15780
/Users/a/Ayanami/code/TSP/data/classic/tsplib/d198.tsp,helsgaun,278,helsgaun,278,14416.794517993929,14416.794517993929,15780
/Users/a/Ayanami/code/TSP/data/classic/tsplib/d198.tsp,helsgaun,279,helsgaun,279,14416.794520282752,14416.794520282752,15780
/Users/a/Ayanami/code/TSP/data/classic/tsplib/d198.tsp,helsgaun,280,helsgaun,280,14416.794522523885,14416.794522523885,15780
/Users/a/Ayanami/code/TSP/data/classic/tsplib/d198.tsp,helsgaun,281,helsgaun,281,14416.794523668295,14416.794523668295,15780
/Users/a/Ayanami/code/TSP/data/classic/tsplib/d198.tsp,helsgaun,282,helsgaun,282,14416.794524931911,14416.794524931911,15780
/Users/a/Ayanami/code/TSP/data/classic/tsplib/d198.tsp,helsgaun,283,helsgaun,283,14416.794525563722,14416.794525563722,15780
/Users/a/Ayanami/code/TSP/data/classic/tsplib/d198.tsp,helsgaun,284,helsgaun,284,14416.794526016718,14416.794526016718,15780
/Users/a/Ayanami/code/TSP/data/classic/tsplib/d198.tsp,helsgaun,285,helsgaun,285,14416.79452633262,14416.79452633262,15780
/Users/a/Ayanami/code/TSP/data/classic/tsplib/d198.tsp,helsgaun,286,helsgaun,286,14416.794526588919,14416.794526588919,15780
/Users/a/Ayanami/code/TSP/data/classic/tsplib/d198.tsp,helsgaun,287,helsgaun,287,14416.79452673197,14416.79452673197,15780
/Users/a/Ayanami/code/TSP/data/classic/tsplib/d198.tsp,helsgaun,288,helsgaun,288,14416.794526904827,14416.794526904827,15780
/Users/a/Ayanami/code/TSP/data/classic/tsplib/d198.tsp,helsgaun,289,helsgaun,289,14416.794526976353,14416.794526976353,15780
/Users/a/Ayanami/code/TSP/data/classic/tsplib/d198.tsp,helsgaun,290,helsgaun,290,14416.794527034466,14416.794527034466,15780
/Users/a/Ayanami/code/TSP/data/classic/tsplib/d198.tsp,helsgaun,291,helsgaun,291,14416.794527074699,14416.794527074699,15780
/Users/a/Ayanami/code/TSP/data/classic/tsplib/d198.tsp,helsgaun,292,helsgaun,292,14416.794527108226,14416.794527108226,15780
/Users/a/Ayanami/code/TSP/data/classic/tsplib/d198.tsp,helsgaun,293,helsgaun,293,14416.794527126105,14416.794527108226,15780
/Users/a/Ayanami/code/TSP/data/classic/tsplib/d198.tsp,helsgaun,294,helsgaun,294,14416.794527146969,14416.794527146969,15780
/Users/a/Ayanami/code/TSP/data/classic/tsplib/d198.tsp,hybrid,1,polyak,1,12915,12915,15780
/Users/a/Ayanami/code/TSP/data/classic/tsplib/d198.tsp,hybrid,2,polyak,2,5688.2272727272684,12915,15780
/Users/a/Ayanami/code/TSP/data/classic/tsplib/d198.tsp,hybrid,3,polyak,3,9398.9638372677036,12915,15780
/Users/a/Ayanami/code/TSP/data/classic/tsplib/d198.tsp,hybrid,4,polyak,4,6743.1135979022711,12915,15780
/Users/a/Ayanami/code/TSP/data/classic/tsplib/d198.tsp,hybrid,5,polyak,5,8243.3703233633732,12915,15780
/Users/a/Ayanami/code/TSP/data/classic/tsplib/d198.tsp,hybrid,6,polyak,6,8802.353001178426,12915,15780
/Users/a/Ayanami/code/TSP/data/classic/tsplib/d198.tsp,hybrid,7,polyak,7,6803.9016405409411,12915,15780
/Users/a/Ayanami/code/TSP/data/classic/tsplib/d198.tsp,hybrid,8,polyak,8,6802.4370400247235,12915,15780
/Users/a/Ayanami/code/TSP/data/classic/tsplib/d198.tsp,hybrid,9,polyak,9,7514.7259394187204,12915,15780
/Users/a/Ayanami/code/TSP/data/classic/tsplib/d198.tsp,hybrid,10,polyak,10,6042.6022072789892,12915,15780
/Users/a/Ayanami/code/TSP/data/classic/tsplib/d198.tsp,hybrid,11,polyak,11,6234.1049031057109,12915,15780
/Users/a/Ayanami/code/TSP/data/classic/tsplib/d198.tsp,hybrid,12,polyak,12,6102.1243114000681,12915,15780
/Users/a/Ayanami/code/TSP/data/classic/tsplib/d198.tsp,hybrid,13,polyak,13,6385.2991672821036,12915,15780
/Users/a/Ayanami/code/TSP/data/classic/tsplib/d198.tsp,hybrid,14,polyak,14,6869.418989889944,12915,15780
/Users/a/Ayanami/code/TSP/data/classic/tsplib/d198.tsp,hybrid,15,polyak,15,8828.2349139518446,12915,15780
/Users/a/Ayanami/code/TSP/data/classic/tsplib/d198.tsp,hybrid,16,polyak,16,9682.2350545053578,12915,15780
/Users/a/Ayanami/code/TSP/data/classic/tsplib/d198.tsp,hybrid,17,polyak,17,10738.116966693573,12915,15780
/Users/a/Ayanami/code/TSP/data/classic/tsplib/d198.tsp,hybrid,18,polyak,18,11736.236135489988,12915,15780
/Users/a/Ayanami/code/TSP/data/classic/tsplib/d198.tsp,hybrid,19,polyak,19,11516.563844604756,12915,15780
/Users/a/Ayanami/code/TSP/data/classic/tsplib/d198.tsp,hybrid,20,polyak,20,12195.072761519448,12915,15780
/Users/a/Ayanami/code/TSP/data/classic/tsplib/d198.tsp,hybrid,21,polyak,21,12033.875617524161,12915,15780
/Users/a/Ayanami/code/TSP/data/classic/tsplib/d198.tsp,hybrid,22,polyak,22,12296.4788191808,12915,15780
/Users/a/Ayanami/code/TSP/data/classic/tsplib/d198.tsp,hybrid,23,polyak,23,12728.44488004268,12915,15780
/Users/a/Ayanami/code/TSP/data/classic/tsplib/d198.tsp,hybrid,24,polyak,24,12579.736060817206,12915,15780
/Users/a/Ayanami/code/TSP/data/classic/tsplib/d198.tsp,hybrid,25,polyak,25,12852.133821768468,12915,15780
/Users/a/Ayanami/code/TSP/data/classic/tsplib/d198.tsp,hybrid,26,polyak,26,12684.344399793737,12915,15780
/Users/a/Ayanami/code/TSP/data/classic/tsplib/d198.tsp,hybrid,27,polyak,27,13359.555917918284,13359.555917918284,15780
/Users/a/Ayanami/code/TSP/data/classic/tsplib/d198.tsp,hybrid,28,polyak,28,13425.464395861232,13425.464395861232,15780
/Users/a/Ayanami/code/TSP/data/classic/tsplib/d198.tsp,hybrid,29,polyak,29,13636.534536988871,13636.534536988871,15780
/Users/a/Ayanami/code/TSP/data/classic/tsplib/d198.tsp,hybrid,30,polyak,30,13520.062598005892,13636.534536988871,15780
/Users/a/Ayanami/code/TSP/data/classic/tsplib/d198.tsp,hybrid,31,polyak,31,13662.522894878328,13662.522894878328,15780
/Users/a/Ayanami/code/TSP/data/classic/tsplib/d198.tsp,hybrid,32,polyak,32,13578.793182349978,13662.522894878328,15780
/Users/a/Ayanami/code/TSP/data/classic/tsplib/d198.tsp,hybrid,33,polyak,33,13691.979564429757,13691.979564429757,15780
/Users/a/Ayanami/code/TSP/data/classic/tsplib/d198.tsp,hybrid,34,polyak,34,13652.77627885079,13691.979564429757,15780
/Users/a/Ayanami/code/TSP/data/classic/tsplib/d198.tsp,hybrid,35,polyak,35,13513.66558327536,13691.979564429757,15780
/Users/a/Ayanami/code/TSP/data/classic/tsplib/d198.tsp,hybrid,36,polyak,36,13711.269713058307,13711.269713058307,15780
/Users/a/Ayanami/code/TSP/data/classic/tsplib/d198.tsp,hybrid,37,polyak,37,13639.952888089729,13711.269713058307,15780
/Users/a/Ayanami/code/TSP/data/classic/tsplib/d198.tsp,hybrid,38,polyak,38,13742.959590857356,13742.959590857356,15780
/Users/a/Ayanami/code/TSP/data/classic/tsplib/d198.tsp,hybrid,39,polyak,39,13629.692509684215,13742.959590857356,15780
/Users/a/Ayanami/code/TSP/data/classic/tsplib/d198.tsp,hybrid,40,polyak,40,13660.390170810995,13742.959590857356,15780
/Users/a/Ayanami/code/TSP/data/classic/tsplib/d198.tsp,hybrid,41,polyak,41,13697.536805940059,13742.959590857356,15780
/Users/a/Ayanami/code/TSP/data/classic/tsplib/d198.tsp,hybrid,42,polyak,42,13622.331170904841,13742.959590857356,15780
/Users/a/Ayanami/code/TSP/data/classic/tsplib/d198.tsp,hybrid,43,polyak,43,13751.56273879105,13751.56273879105,15780
/Users/a/Ayanami/code/TSP/data/classic/tsplib/d198.tsp,hybrid,44,polyak,44,13695.280914225603,13751.56273879105,15780
/Users/a/Ayanami/code/TSP/data/classic/tsplib/d198.tsp,hybrid,45,polyak,45,13748.874254047918,13751.56273879105,15780
/Users/a/Ayanami/code/TSP/data/classic/tsplib/d198.tsp,hybrid,46,polyak,46,13663.80946322914,13751.56273879105,15780
/Users/a/Ayanami/code/TSP/data/classic/tsplib/d198.tsp,hybrid,47,polyak,47,13710.833467546225,13751.56273879105,15780
/Users/a/Ayanami/code/TSP/data/classic/tsplib/d198.tsp,hybrid,48,polyak,48,13793.704321408393,13793.704321408393,15780
/Users/a/Ayanami/code/TSP/data/classic/tsplib/d198.tsp,hybrid,49,polyak,49,13608.067137716251,13793.704321408393,15780
/Users/a/Ayanami/code/TSP/data/classic/tsplib/d198.tsp,hybrid,50,polyak,50,13780.819387151481,13793.704321408393,15780
/Users/a/Ayanami/code/TSP/data/classic/tsplib/d198.tsp,hybrid,51,polyak,51,13722.578444545499,13793.704321408393,15780
/Users/a/Ayanami/code/TSP/data/classic/tsplib/d198.tsp,hybrid,52,polyak,52,13702.204238502387,13793.704321408393,15780
/Users/a/Ayanami/code/TSP/data/classic/tsplib/d198.tsp,hybrid,53,polyak,53,13722.013746988769,13793.704321408393,15780
/Users/a/Ayanami/code/TSP/data/classic/tsplib/d198.tsp,hybrid,54,polyak,54,13771.709524356675,13793.704321408393,15780
/Users/a/Ayanami/code/TSP/data/classic/tsplib/d198.tsp,hybrid,55,polyak,55,13625.071661883159,13793.704321408393,15780
/Users/a/Ayanami/code/TSP/data/classic/tsplib/d198.tsp,hybrid,56,polyak,56,13803.96091405934,13803.96091405934,15780
/Users/a/Ayanami/code/TSP/data/classic/tsplib/d198.tsp,hybrid,57,polyak,57,13725.813877966089,13803.96091405934,15780
/Users/a/Ayanami/code/TSP/data/classic/tsplib/d198.tsp,hybrid,58,polyak,58,13775.898494830584,13803.96091405934,15780
/Users/a/Ayanami/code/TSP/data/classic/tsplib/d198.tsp,hybrid,59,polyak,59,13778.590212983272,13803.96091405934,15780
/Users/a/Ayanami/code/TSP/data/classic/tsplib/d198.tsp,hybrid,60,polyak,60,13739.81603499624,13803.96091405934,15780
/Users/a/Ayanami/code/TSP/data/classic/tsplib/d198.tsp,hybrid,61,polyak,61,13748.54312129975,13803.96091405934,15780
/Users/a/Ayanami/code/TSP/data/classic/tsplib/d198.tsp,hybrid,62,polyak,62,13812.181182826766,13812.181182826766,15780
/Users/a/Ayanami/code/TSP/data/classic/tsplib/d198.tsp,hybrid,63,polyak,63,13671.583278497237,13812.181182826766,15780
/Users/a/Ayanami/code/TSP/data/classic/tsplib/d198.tsp,hybrid,64,polyak,64,13856.018420776456,13856.018420776456,15780
/Users/a/Ayanami/code/TSP/data/classic/tsplib/d198.tsp,hybrid,65,polyak,65,13819.636108655455,13856.018420776456,15780
/Users/a/Ayanami/code/TSP/data/classic/tsplib/d198.tsp,hybrid,66,polyak,66,13707.528715029835,13856.018420776456,15780
/Users/a/Ayanami/code/TSP/data/classic/tsplib/d198.tsp,hybrid,67,polyak,67,13873.525648605271,13873.525648605271,15780
/Users/a/Ayanami/code/TSP/data/classic/tsplib/d198.tsp,hybrid,68,polyak,68,13707.459171132328,13873.525648605271,15780
/Users/a/Ayanami/code/TSP/data/classic/tsplib/d198.tsp,hybrid,69,polyak,69,13779.753184747573,13873.525648605271,15780
/Users/a/Ayanami/code/TSP/data/classic/tsplib/d198.tsp,hybrid,70,polyak,70,13848.956725862939,13873.525648605271,15780
/Users/a/Ayanami/code/TSP/data/classic/tsplib/d198.tsp,hybrid,71,polyak,71,13692.911524541381,13873.525648605271,15780
/Users/a/Ayanami/code/TSP/data/classic/tsplib/d198.tsp,hybrid,72,polyak,72,13825.580028179658,13873.525648605271,15780
/Users/a/Ayanami/code/TSP/data/classic/tsplib/d198.tsp,hybrid,73,polyak,73,13854.894425056154,13873.525648605271,15780
/Users/a/Ayanami/code/TSP/data/classic/tsplib/d198.tsp,hybrid,74,polyak,74,13688.068556349639,13873.525648605271,15780
/Users/a/Ayanami/code/TSP/data/classic/tsplib/d198.tsp,hybrid,75,polyak,75,13848.091922498761,13873.525648605271,15780
/Users/a/Ayanami/code/TSP/data/classic/tsplib/d198.tsp,hybrid,76,polyak,76,13799.179169460982,13873.525648605271,15780
/Users/a/Ayanami/code/TSP/data/classic/tsplib/d198.tsp,hybrid,77,polyak,77,13777.691366728186,13873.525648605271,15780
/Users/a/Ayanami/code/TSP/data/classic/tsplib/d198.tsp,hybrid,78,polyak,78,13821.056104071808,13873.525648605271,15780
/Users/a/Ayanami/code/TSP/data/classic/tsplib/d198.tsp,hybrid,79,polyak,79,13782.209547536933,13873.525648605271,15780
/Users/a/Ayanami/code/TSP/data/classic/tsplib/d198.tsp,hybrid,80,polyak,80,13773.358061996501,13873.525648605271,15780
/Users/a/Ayanami/code/TSP/data/classic/tsplib/d198.tsp,hybrid,81,polyak,81,13979.065916612069,13979.065916612069,15780
/Users/a/Ayanami/code/TSP/data/classic/tsplib/d198.tsp,hybrid,82,polyak,82,14000.029516807741,14000.029516807741,15780
/Users/a/Ayanami/code/TSP/data/classic/tsplib/d198.tsp,hybrid,83,polyak,83,14028.045812505472,14028.045812505472,15780
/Users/a/Ayanami/code/TSP/data/classic/tsplib/d198.tsp,hybrid,84,polyak,84,14055.041015787177,14055.041015787177,15780
/Users/a/Ayanami/code/TSP/data/classic/tsplib/d198.tsp,hybrid,85,polyak,85,14046.762781972116,14055.041015787177,15780
/Users/a/Ayanami/code/TSP/data/classic/tsplib/d198.tsp,hybrid,86,polyak,86,13994.299792569751,14055.041015787177,15780
/Users/a/Ayanami/code/TSP/data/classic/tsplib/d198.tsp,hybrid,87,polyak,87,14085.95974869579,14085.95974869579,15780
/Users/a/Ayanami/code/TSP/data/classic/tsplib/d198.tsp,hybrid,88,polyak,88,14035.703248519407,14085.95974869579,15780
/Users/a/Ayanami/code/TSP/data/classic/tsplib/d198.tsp,hybrid,89,polyak,89,14063.574464529845,14085.95974869579,15780
/Users/a/Ayanami/code/TSP/data/classic/tsplib/d198.tsp,hybrid,90,polyak,90,14025.573303441852,14085.95974869579,15780
/Users/a/Ayanami/code/TSP/data/classic/tsplib/d198.tsp,hybrid,91,polyak,91,14114.580008602879,14114.580008602879,15780
/Users/a/Ayanami/code/TSP/data/classic/tsplib/d198.tsp,hybrid,92,polyak,92,13997.673274049615,14114.580008602879,15780
/Users/a/Ayanami/code/TSP/data/classic/tsplib/d198.tsp,hybrid,93,polyak,93,14085.801192298763,14114.580008602879,15780
/Users/a/Ayanami/code/TSP/data/classic/tsplib/d198.tsp,hybrid,94,polyak,94,14049.029880791551,14114.580008602879,15780
/Users/a/Ayanami/code/TSP/data/classic/tsplib/d198.tsp,hybrid,95,polyak,95,14057.501790221757,14114.580008602879,15780
/Users/a/Ayanami/code/TSP/data/classic/tsplib/d198.tsp,hybrid,96,polyak,96,14061.391490723097,14114.580008602879,15780
/Users/a/Ayanami/code/TSP/data/classic/tsplib/d198.tsp,hybrid,97,polyak,97,14050.014078701743,14114.580008602879,15780
/Users/a/Ayanami/code/TSP/data/classic/tsplib/d198.tsp,hybrid,98,polyak,98,14077.975004188616,14114.580008602879,15780
/Users/a/Ayanami/code/TSP/data/classic/tsplib/d198.tsp,hybrid,99,polyak,99,14032.093868158327,14114.580008602879,15780
/Users/a/Ayanami/code/TSP/data/classic/tsplib/d198.tsp,hybrid,100,polyak,100,14105.91529975157,14114.580008602879,15780
/Users/a/Ayanami/code/TSP/data/classic/tsplib/d198.tsp,hybrid,101,polyak,101,14047.56231591908,14114.580008602879,15780
/Users/a/Ayanami/code/TSP/data/classic/tsplib/d198.tsp,hybrid,102,polyak,102,14090.892471711022,14114.580008602879,15780
/Users/a/Ayanami/code/TSP/data/classic/tsplib/d198.tsp,hybrid,103,polyak,103,14077.769616301302,14114.580008602879,15780
/Users/a/Ayanami/code/TSP/data/classic/tsplib/d198.tsp,hybrid,104,polyak,104,14061.529590433131,14114.580008602879,15780
/Users/a/Ayanami/code/TSP/data/classic/tsplib/d198.tsp,hybrid,105,polyak,105,14162.824655286635,14162.824655286635,15780
/Users/a/Ayanami/code/TSP/data/classic/tsplib/d198.tsp,hybrid,106,polyak,106,14169.72360891961,14169.72360891961,15780
/Users/a/Ayanami/code/TSP/data/classic/tsplib/d198.tsp,hybrid,107,polyak,107,14178.24103115344,14178.24103115344,15780
/Users/a/Ayanami/code/TSP/data/classic/tsplib/d198.tsp,hybrid,108,polyak,108,14191.035551769983,14191.035551769983,15780
/Users/a/Ayanami/code/TSP/data/classic/tsplib/d198.tsp,hybrid,109,polyak,109,14162.94216870136,14191.035551769983,15780
/Users/a/Ayanami/code/TSP/data/classic/tsplib/d198.tsp,hybrid,110,polyak,110,14197.872530894632,14197.872530894632,15780
/Users/a/Ayanami/code/TSP/data/classic/tsplib/d198.tsp,hybrid,111,polyak,111,14159.62202246901,14197.872530894632,15780
/Users/a/Ayanami/code/TSP/data/classic/tsplib/d198.tsp,hybrid,112,polyak,112,14185.479190656653,14197.872530894632,15780
/Users/a/Ayanami/code/TSP/data/classic/tsplib/d198.tsp,hybrid,113,polyak,113,14202.155704859404,14202.155704859404,15780
/Users/a/Ayanami/code/TSP/data/classic/tsplib/d198.tsp,hybrid,114,polyak,114,14196.750496762685,14202.155704859404,15780
/Users/a/Ayanami/code/TSP/data/classic/tsplib/d198.tsp,hybrid,115,polyak,115,14185.928717985402,14202.155704859404,15780
/Users/a/Ayanami/code/TSP/data/classic/tsplib/d198.tsp,hybrid,116,polyak,116,14204.518879513691,14204.518879513691,15780
/Users/a/Ayanami/code/TSP/data/classic/tsplib/d198.tsp,hybrid,117,polyak,117,14180.456307176783,14204.518879513691,15780
/Users/a/Ayanami/code/TSP/data/classic/tsplib/d198.tsp,hybrid,118,polyak,118,14198.967957861234,14204.518879513691,15780
/Users/a/Ayanami/code/TSP/data/classic/tsplib/d198.tsp,hybrid,119,polyak,119,14175.220303303995,14204.518879513691,15780
/Users/a/Ayanami/code/TSP/data/classic/tsplib/d198.tsp,hybrid,120,polyak,120,14197.609412624186,14204.518879513691,15780
/Users/a/Ayanami/code/TSP/data/classic/tsplib/d198.tsp,hybrid,121,polyak,121,14190.978523855316,14204.518879513691,15780
/Users/a/Ayanami/code/TSP/data/classic/tsplib/d198.tsp,hybrid,122,polyak,122,14200.066373969847,14204.518879513691,15780
/Users/a/Ayanami/code/TSP/data/classic/tsplib/d198.tsp,hybrid,123,polyak,123,14196.288992428081,14204.518879513691,15780
/Users/a/Ayanami/code/TSP/data/classic/tsplib/d198.tsp,hybrid,124,polyak,124,14176.03756162848,14204.518879513691,15780
/Users/a/Ayanami/code/TSP/data/classic/tsplib/d198.tsp,hybrid,125,polyak,125,14193.172454588859,14204.518879513691,15780
/Users/a/Ayanami/code/TSP/data/classic/tsplib/d198.tsp,hybrid,126,polyak,126,14194.403559039136,14204.518879513691,15780
/Users/a/Ayanami/code/TSP/data/classic/tsplib/d198.tsp,hybrid,127,polyak,127,14205.825014293196,14205.825014293196,15780
/Users/a/Ayanami/code/TSP/data/classic/tsplib/d198.tsp,hybrid,128,polyak,128,14170.180290568502,14205.825014293196,15780
/Users/a/Ayanami/code/TSP/data/classic/tsplib/d198.tsp,hybrid,129,polyak,129,14215.372929014862,14215.372929014862,15780
/Users/a/Ayanami/code/TSP/data/classic/tsplib/d198.tsp,hybrid,130,polyak,130,14167.759100805686,14215.372929014862,15780
/Users/a/Ayanami/code/TSP/data/classic/tsplib/d198.tsp,hybrid,131,polyak,131,14221.954092613665,14221.954092613665,15780
/Users/a/Ayanami/code/TSP/data/classic/tsplib/d198.tsp,hybrid,132,polyak,132,14177.734795186978,14221.954092613665,15780
/Users/a/Ayanami/code/TSP/data/classic/tsplib/d198.tsp,hybrid,133,polyak,133,14213.479368606555,14221.954092613665,15780
/Users/a/Ayanami/code/TSP/data/classic/tsplib/d198.tsp,hybrid,134,polyak,134,14194.086888278491,14221.954092613665,15780
/Users/a/Ayanami/code/TSP/data/classic/tsplib/d198.tsp,hybrid,135,polyak,135,14206.781791358115,14221.954092613665,15780
/Users/a/Ayanami/code/TSP/data/classic/tsplib/d198.tsp,hybrid,136,polyak,136,14194.435629521167,14221.954092613665,15780
/Users/a/Ayanami/code/TSP/data/classic/tsplib/d198.tsp,hybrid,137,polyak,137,14229.809849909307,14229.809849909307,15780
/Users/a/Ayanami/code/TSP/data/classic/tsplib/d198.tsp,hybrid,138,polyak,138,14181.494282084492,14229.809849909307,15780
/Users/a/Ayanami/code/TSP/data/classic/tsplib/d198.tsp,hybrid,139,polyak,139,14224.128965172076,14229.809849909307,15780
/Users/a/Ayanami/code/TSP/data/classic/tsplib/d198.tsp,hybrid,140,polyak,140,14204.694814036975,14229.809849909307,15780
/Users/a/Ayanami/code/TSP/data/classic/tsplib/d198.tsp,hybrid,141,polyak,141,14214.776400783105,14229.809849909307,15780
/Users/a/Ayanami/code/TSP/data/classic/tsplib/d198.tsp,hybrid,142,polyak,142,14202.12784710971,14229.809849909307,15780
/Users/a/Ayanami/code/TSP/data/classic/tsplib/d198.tsp,hybrid,143,polyak,143,14205.701164017484,14229.809849909307,15780
/Users/a/Ayanami/code/TSP/data/classic/tsplib/d198.tsp,hybrid,144,polyak,144,14210.105344600961,14229.809849909307,15780
/Users/a/Ayanami/code/TSP/data/classic/tsplib/d198.tsp,hybrid,145,polyak,145,14195.382597416005,14229.809849909307,15780
/Users/a/Ayanami/code/TSP/data/classic/tsplib/d198.tsp,hybrid,146,polyak,146,14217.457215163673,14229.809849909307,15780
/Users/a/Ayanami/code/TSP/data/classic/tsplib/d198.tsp,hybrid,147,polyak,147,14218.916754696866,14229.809849909307,15780
/Users/a/Ayanami/code/TSP/data/classic/tsplib/d198.tsp,hybrid,148,polyak,148,14208.208611926135,14229.809849909307,15780
/Users/a/Ayanami/code/TSP/data/classic/tsplib/d198.tsp,hybrid,149,polyak,149,14215.145858334954,14229.809849909307,15780
/Users/a/Ayanami/code/TSP/data/classic/tsplib/d198.tsp,hybrid,150,polyak,150,14209.502291272316,14229.809849909307,15780
/Users/a/Ayanami/code/TSP/data/classic/tsplib/d198.tsp,hybrid,151,polyak,151,14264.980419769146,14264.980419769146,15780
/Users/a/Ayanami/code/TSP/data/classic/tsplib/d198.tsp,hybrid,152,polyak,152,14258.527747150607,14264.980419769146,15780
/Users/a/Ayanami/code/TSP/data/classic/tsplib/d198.tsp,hybrid,153,polyak,153,14266.278533347782,14266.278533347782,15780
/Users/a/Ayanami/code/TSP/data/classic/tsplib/d198.tsp,hybrid,154,polyak,154,14264.214802417288,14266.278533347782,15780
/Users/a/Ayanami/code/TSP/data/classic/tsplib/d198.tsp,hybrid,155,polyak,155,14267.894293023397,14267.894293023397,15780
/Users/a/Ayanami/code/TSP/data/classic/tsplib/d198.tsp,hybrid,156,polyak,156,14263.542512783748,14267.894293023397,15780
/Users/a/Ayanami/code/TSP/data/classic/tsplib/d198.tsp,hybrid,157,polyak,157,14259.000801259595,14267.894293023397,15780
/Users/a/Ayanami/code/TSP/data/classic/tsplib/d198.tsp,hybrid,158,polyak,158,14269.424628899325,14269.424628899325,15780
/Users/a/Ayanami/code/TSP/data/classic/tsplib/d198.tsp,hybrid,159,polyak,159,14256.375140985501,14269.424628899325,15780
/Users/a/Ayanami/code/TSP/data/classic/tsplib/d198.tsp,hybrid,160,polyak,160,14269.708086487684,14269.708086487684,15780
/Users/a/Ayanami/code/TSP/data/classic/tsplib/d198.tsp,hybrid,161,polyak,161,14263.779955112102,14269.708086487684,15780
/Users/a/Ayanami/code/TSP/data/classic/tsplib/d198.tsp,hybrid,162,polyak,162,14270.23403498908,14270.23403498908,15780
/Users/a/Ayanami/code/TSP/data/classic/tsplib/d198.tsp,hybrid,163,polyak,163,14270.630012793672,14270.630012793672,15780
/Users/a/Ayanami/code/TSP/data/classic/tsplib/d198.tsp,hybrid,164,polyak,164,14255.379756837654,14270.630012793672,15780
/Users/a/Ayanami/code/TSP/data/classic/tsplib/d198.tsp,hybrid,165,polyak,165,14271.588339686225,14271.588339686225,15780
/Users/a/Ayanami/code/TSP/data/classic/tsplib/d198.tsp,hybrid,166,polyak,166,14261.493811390566,14271.588339686225,15780
/Users/a/Ayanami/code/TSP/data/classic/tsplib/d198.tsp,hybrid,167,polyak,167,14279.615980116354,14279.615980116354,15780
/Users/a/Ayanami/code/TSP/data/classic/tsplib/d198.tsp,hybrid,168,polyak,168,14254.933583376243,14279.615980116354,15780
/Users/a/Ayanami/code/TSP/data/classic/tsplib/d198.tsp,hybrid,169,polyak,169,14278.292747406231,14279.615980116354,15780
/Users/a/Ayanami/code/TSP/data/classic/tsplib/d198.tsp,hybrid,170,polyak,170,14248.803925930184,14279.615980116354,15780
/Users/a/Ayanami/code/TSP/data/classic/tsplib/d198.tsp,hybrid,171,polyak,171,14281.477131438387,14281.477131438387,15780
/Users/a/Ayanami/code/TSP/data/classic/tsplib/d198.tsp,hybrid,172,polyak,172,14258.553108733213,14281.477131438387,15780
/Users/a/Ayanami/code/TSP/data/classic/tsplib/d198.tsp,hybrid,173,polyak,173,14277.328699563219,14281.477131438387,15780
/Users/a/Ayanami/code/TSP/data/classic/tsplib/d198.tsp,hybrid,174,polyak,174,14266.936969185814,14281.477131438387,15780
/Users/a/Ayanami/code/TSP/data/classic/tsplib/d198.tsp,hybrid,175,polyak,175,14283.751050250756,14283.751050250756,15780
/Users/a/Ayanami/code/TSP/data/classic/tsplib/d198.tsp,hybrid,176,polyak,176,14265.234120449788,14283.751050250756,15780
/Users/a/Ayanami/code/TSP/data/classic/tsplib/d198.tsp,hybrid,177,polyak,177,14281.972320491983,14283.751050250756,15780
/Users/a/Ayanami/code/TSP/data/classic/tsplib/d198.tsp,hybrid,178,polyak,178,14269.425151174644,14283.751050250756,15780
/Users/a/Ayanami/code/TSP/data/classic/tsplib/d198.tsp,hybrid,179,polyak,179,14280.017188326807,14283.751050250756,15780
/Users/a/Ayanami/code/TSP/data/classic/tsplib/d198.tsp,hybrid,180,polyak,180,14271.214261417397,14283.751050250756,15780
/Users/a/Ayanami/code/TSP/data/classic/tsplib/d198.tsp,hybrid,181,polyak,181,14280.731847206871,14283.751050250756,15780
/Users/a/Ayanami/code/TSP/data/classic/tsplib/d198.tsp,hybrid,182,polyak,182,14273.040535038415,14283.751050250756,15780
/Users/a/Ayanami/code/TSP/data/classic/tsplib/d198.tsp,hybrid,183,polyak,183,14278.372369589926,14283.751050250756,15780
/Users/a/Ayanami/code/TSP/data/classic/tsplib/d198.tsp,hybrid,184,polyak,184,14272.274134856585,14283.751050250756,15780
/Users/a/Ayanami/code/TSP/data/classic/tsplib/d198.tsp,hybrid,185,polyak,185,14286.001057026786,14286.001057026786,15780
/Users/a/Ayanami/code/TSP/data/classic/tsplib/d198.tsp,hybrid,186,polyak,186,14270.185727027916,14286.001057026786,15780
/Users/a/Ayanami/code/TSP/data/classic/tsplib/d198.tsp,hybrid,187,polyak,187,14279.725588618687,14286.001057026786,15780
/Users/a/Ayanami/code/TSP/data/classic/tsplib/d198.tsp,hybrid,188,polyak,188,14273.309517794645,14286.001057026786,15780
/Users/a/Ayanami/code/TSP/data/classic/tsplib/d198.tsp,hybrid,189,polyak,189,14277.993435793676,14286.001057026786,15780
/Users/a/Ayanami/code/TSP/data/classic/tsplib/d198.tsp,hybrid,190,polyak,190,14279.374460559058,14286.001057026786,15780
/Users/a/Ayanami/code/TSP/data/classic/tsplib/d198.tsp,hybrid,191,polyak,191,14277.670941198394,14286.001057026786,15780
/Users/a/Ayanami/code/TSP/data/classic/tsplib/d198.tsp,hybrid,192,polyak,192,14271.547232969282,14286.001057026786,15780
/Users/a/Ayanami/code/TSP/data/classic/tsplib/d198.tsp,hybrid,193,polyak,193,14282.838651902943,14286.001057026786,15780
/Users/a/Ayanami/code/TSP/data/classic/tsplib/d198.tsp,hybrid,194,polyak,194,14265.011347806256,14286.001057026786,15780
/Users/a/Ayanami/code/TSP/data/classic/tsplib/d198.tsp,hybrid,195,polyak,195,14295.795538948547,14295.795538948547,15780
/Users/a/Ayanami/code/TSP/data/classic/tsplib/d198.tsp,hybrid,196,polyak,196,14263.856677967386,14295.795538948547,15780
/Users/a/Ayanami/code/TSP/data/classic/tsplib/d198.tsp,hybrid,197,polyak,197,14285.999085917021,14295.795538948547,15780
/Users/a/Ayanami/code/TSP/data/classic/tsplib/d198.tsp,hybrid,198,polyak,198,14274.758198535776,14295.795538948547,15780
/Users/a/Ayanami/code/TSP/data/classic/tsplib/d198.tsp,hybrid,199,polyak,199,14281.093662543672,14295.795538948547,15780
/Users/a/Ayanami/code/TSP/data/classic/tsplib/d198.tsp,hybrid,200,polyak,200,14279.188795624661,14295.795538948547,15780
/Users/a/Ayanami/code/TSP/data/classic/tsplib/d198.tsp,hybrid,201,polyak,201,14287.920626353718,14295.795538948547,15780
/Users/a/Ayanami/code/TSP/data/classic/tsplib/d198.tsp,hybrid,202,polyak,202,14268.886075360619,14295.795538948547,15780
/Users/a/Ayanami/code/TSP/data/classic/tsplib/d198.tsp,hybrid,203,polyak,203,14289.724008806133,14295.795538948547,15780
/Users/a/Ayanami/code/TSP/data/classic/tsplib/d198.tsp,hybrid,204,polyak,204,14274.323959834142,14295.795538948547,15780
/Users/a/Ayanami/code/TSP/data/classic/tsplib/d198.tsp,hybrid,205,polyak,205,14289.099129537686,14295.795538948547,15780
/Users/a/Ayanami/code/TSP/data/classic/tsplib/d198.tsp,hybrid,206,polyak,206,14274.311682794576,14295.795538948547,15780
/Users/a/Ayanami/code/TSP/data/classic/tsplib/d198.tsp,hybrid,207,polyak,207,14295.516089738148,14295.795538948547,15780
/Users/a/Ayanami/code/TSP/data/classic/tsplib/d198.tsp,hybrid,208,polyak,208,14287.097453826598,14295.795538948547,15780
/Users/a/Ayanami/code/TSP/data/classic/tsplib/d198.tsp,hybrid,209,polyak,209,14306.146226318839,14306.146226318839,15780
/Users/a/Ayanami/code/TSP/data/classic/tsplib/d198.tsp,hybrid,210,polyak,210,14300.823456290267,14306.146226318839,15780
/Users/a/Ayanami/code/TSP/data/classic/tsplib/d198.tsp,hybrid,211,polyak,211,14314.154753732708,14314.154753732708,15780
/Users/a/Ayanami/code/TSP/data/classic/tsplib/d198.tsp,hybrid,212,polyak,212,14302.382406307737,14314.154753732708,15780
/Users/a/Ayanami/code/TSP/data/classic/tsplib/d198.tsp,hybrid,213,polyak,213,14315.833090612519,14315.833090612519,15780
/Users/a/Ayanami/code/TSP/data/classic/tsplib/d198.tsp,hybrid,214,polyak,214,14303.42516254859,14315.833090612519,15780
/Users/a/Ayanami/code/TSP/data/classic/tsplib/d198.tsp,hybrid,215,polyak,215,14319.693660337949,14319.693660337949,15780
/Users/a/Ayanami/code/TSP/data/classic/tsplib/d198.tsp,hybrid,216,polyak,216,14300.949848046905,14319.693660337949,15780
/Users/a/Ayanami/code/TSP/data/classic/tsplib/d198.tsp,hybrid,217,polyak,217,14319.377092420402,14319.693660337949,15780
/Users/a/Ayanami/code/TSP/data/classic/tsplib/d198.tsp,hybrid,218,polyak,218,14302.775036632682,14319.693660337949,15780
/Users/a/Ayanami/code/TSP/data/classic/tsplib/d198.tsp,hybrid,219,polyak,219,14316.528083449173,14319.693660337949,15780
/Users/a/Ayanami/code/TSP/data/classic/tsplib/d198.tsp,hybrid,220,polyak,220,14306.710642718757,14319.693660337949,15780
/Users/a/Ayanami/code/TSP/data/classic/tsplib/d198.tsp,hybrid,221,polyak,221,14318.50102877242,14319.693660337949,15780
/Users/a/Ayanami/code/TSP/data/classic/tsplib/d198.tsp,hybrid,222,polyak,222,14307.789455482671,14319.693660337949,15780
/Users/a/Ayanami/code/TSP/data/classic/tsplib/d198.tsp,hybrid,223,polyak,223,14317.514324214739,14319.693660337949,15780
/Users/a/Ayanami/code/TSP/data/classic/tsplib/d198.tsp,hybrid,224,polyak,224,14307.353489540936,14319.693660337949,15780
/Users/a/Ayanami/code/TSP/data/classic/tsplib/d198.tsp,hybrid,225,polyak,225,14319.830830437262,14319.830830437262,15780
/Users/a/Ayanami/code/TSP/data/classic/tsplib/d198.tsp,hybrid,226,polyak,226,14309.286641619812,14319.830830437262,15780
/Users/a/Ayanami/code/TSP/data/classic/tsplib/d198.tsp,hybrid,227,polyak,227,14320.628948100293,14320.628948100293,15780
/Users/a/Ayanami/code/TSP/data/classic/tsplib/d198.tsp,hybrid,228,polyak,228,14309.091949428761,14320.628948100293,15780
/Users/a/Ayanami/code/TSP/data/classic/tsplib/d198.tsp,hybrid,229,polyak,229,14320.075441959607,14320.628948100293,15780
/Users/a/Ayanami/code/TSP/data/classic/tsplib/d198.tsp,hybrid,230,polyak,230,14309.649508831732,14320.628948100293,15780
/Users/a/Ayanami/code/TSP/data/classic/tsplib/d198.tsp,hybrid,231,polyak,231,14320.666575309042,14320.666575309042,15780
/Users/a/Ayanami/code/TSP/data/classic/tsplib/d198.tsp,hybrid,232,polyak,232,14307.516190876988,14320.666575309042,15780
/Users/a/Ayanami/code/TSP/data/classic/tsplib/d198.tsp,hybrid,233,polyak,233,14317.519993934864,14320.666575309042,15780
/Users/a/Ayanami/code/TSP/data/classic/tsplib/d198.tsp,hybrid,234,polyak,234,14315.620449741411,14320.666575309042,15780
/Users/a/Ayanami/code/TSP/data/classic/tsplib/d198.tsp,hybrid,235,polyak,235,14316.283013068884,14320.666575309042,15780
/Users/a/Ayanami/code/TSP/data/classic/tsplib/d198.tsp,hybrid,236,polyak,236,14314.681585864255,14320.666575309042,15780
/Users/a/Ayanami/code/TSP/data/classic/tsplib/d198.tsp,hybrid,237,polyak,237,14321.163981175594,14321.163981175594,15780
/Users/a/Ayanami/code/TSP/data/classic/tsplib/d198.tsp,hybrid,238,polyak,238,14310.096824555403,14321.163981175594,15780
/Users/a/Ayanami/code/TSP/data/classic/tsplib/d198.tsp,hybrid,239,polyak,239,14321.100189192284,14321.163981175594,15780
/Users/a/Ayanami/code/TSP/data/classic/tsplib/d198.tsp,hybrid,240,polyak,240,14316.584832215452,14321.163981175594,15780
/Users/a/Ayanami/code/TSP/data/classic/tsplib/d198.tsp,hybrid,241,polyak,241,14321.000856908144,14321.163981175594,15780
/Users/a/Ayanami/code/TSP/data/classic/tsplib/d198.tsp,hybrid,242,polyak,242,14310.919138516505,14321.163981175594,15780
/Users/a/Ayanami/code/TSP/data/classic/tsplib/d198.tsp,hybrid,243,polyak,243,14324.285194004988,14324.285194004988,15780
/Users/a/Ayanami/code/TSP/data/classic/tsplib/d198.tsp,hybrid,244,polyak,244,14316.88987749604,14324.285194004988,15780
/Users/a/Ayanami/code/TSP/data/classic/tsplib/d198.tsp,hybrid,245,polyak,245,14322.749615748502,14324.285194004988,15780
/Users/a/Ayanami/code/TSP/data/classic/tsplib/d198.tsp,hybrid,246,polyak,246,14312.385998943515,14324.285194004988,15780
/Users/a/Ayanami/code/TSP/data/classic/tsplib/d198.tsp,hybrid,247,polyak,247,14319.056736994538,14324.285194004988,15780
/Users/a/Ayanami/code/TSP/data/classic/tsplib/d198.tsp,hybrid,248,polyak,248,14323.216658801397,14324.285194004988,15780
/Users/a/Ayanami/code/TSP/data/classic/tsplib/d198.tsp,hybrid,249,polyak,249,14315.311747783726,14324.285194004988,15780
/Users/a/Ayanami/code/TSP/data/classic/tsplib/d198.tsp,hybrid,250,polyak,250,14321.090017623768,14324.285194004988,15780
/Users/a/Ayanami/code/TSP/data/classic/tsplib/d198.tsp,hybrid,251,polyak,251,14315.79802070919,14324.285194004988,15780
/Users/a/Ayanami/code/TSP/data/classic/tsplib/d198.tsp,hybrid,252,polyak,252,14324.480801851018,14324.480801851018,15780
/Users/a/Ayanami/code/TSP/data/classic/tsplib/d198.tsp,hybrid,253,polyak,253,14308.22862172136,14324.480801851018,15780
/Users/a/Ayanami/code/TSP/data/classic/tsplib/d198.tsp,hybrid,254,polyak,254,14330.331023982853,14330.331023982853,15780
/Users/a/Ayanami/code/TSP/data/classic/tsplib/d198.tsp,hybrid,255,polyak,255,14304.676208779567,14330.331023982853,15780
/Users/a/Ayanami/code/TSP/data/classic/tsplib/d198.tsp,hybrid,256,polyak,256,14323.997592401591,14330.331023982853,15780
/Users/a/Ayanami/code/TSP/data/classic/tsplib/d198.tsp,hybrid,257,polyak,257,14321.111489563431,14330.331023982853,15780
/Users/a/Ayanami/code/TSP/data/classic/tsplib/d198.tsp,hybrid,258,polyak,258,14319.914492028665,14330.331023982853,15780
/Users/a/Ayanami/code/TSP/data/classic/tsplib/d198.tsp,hybrid,259,polyak,259,14325.406427781685,14330.331023982853,15780
/Users/a/Ayanami/code/TSP/data/classic/tsplib/d198.tsp,hybrid,260,polyak,260,14321.103020811875,14330.331023982853,15780
/Users/a/Ayanami/code/TSP/data/classic/tsplib/d198.tsp,hybrid,261,polyak,261,14316.94628376049,14330.331023982853,15780
/Users/a/Ayanami/code/TSP/data/classic/tsplib/d198.tsp,hybrid,262,polyak,262,14323.058557791743,14330.331023982853,15780
/Users/a/Ayanami/code/TSP/data/classic/tsplib/d198.tsp,hybrid,263,polyak,263,14319.150398687216,14330.331023982853,15780
/Users/a/Ayanami/code/TSP/data/classic/tsplib/d198.tsp,hybrid,264,polyak,264,14329.076563562525,14330.331023982853,15780
/Users/a/Ayanami/code/TSP/data/classic/tsplib/d198.tsp,hybrid,265,polyak,265,14313.559138429613,14330.331023982853,15780
/Users/a/Ayanami/code/TSP/data/classic/tsplib/d198.tsp,hybrid,266,polyak,266,14330.842820822445,14330.842820822445,15780
/Users/a/Ayanami/code/TSP/data/classic/tsplib/d198.tsp,hybrid,267,polyak,267,14319.160277592124,14330.842820822445,15780
/Users/a/Ayanami/code/TSP/data/classic/tsplib/d198.tsp,hybrid,268,polyak,268,14329.3376515777,14330.842820822445,15780
/Users/a/Ayanami/code/TSP/data/classic/tsplib/d198.tsp,hybrid,269,polyak,269,14318.320182231728,14330.842820822445,15780
/Users/a/Ayanami/code/TSP/data/classic/tsplib/d198.tsp,hybrid,270,polyak,270,14329.045278480053,14330.842820822445,15780
/Users/a/Ayanami/code/TSP/data/classic/tsplib/d198.tsp,hybrid,271,polyak,271,14317.094382388292,14330.842820822445,15780
/Users/a/Ayanami/code/TSP/data/classic/tsplib/d198.tsp,hybrid,272,polyak,272,14327.337817745904,14330.842820822445,15780
/Users/a/Ayanami/code/TSP/data/classic/tsplib/d198.tsp,hybrid,273,polyak,273,14319.562131464001,14330.842820822445,15780
/Users/a/Ayanami/code/TSP/data/classic/tsplib/d198.tsp,hybrid,274,polyak,274,14322.130964419164,14330.842820822445,15780
/Users/a/Ayanami/code/TSP/data/classic/tsplib/d198.tsp,hybrid,275,polyak,275,14331.205335259865,14331.205335259865,15780
/Users/a/Ayanami/code/TSP/data/classic/tsplib/d198.tsp,hybrid,276,polyak,276,14309.438356985644,14331.205335259865,15780
/Users/a/Ayanami/code/TSP/data/classic/tsplib/d198.tsp,hybrid,277,polyak,277,14329.239541489744,14331.205335259865,15780
/Users/a/Ayanami/code/TSP/data/classic/tsplib/d198.tsp,hybrid,278,polyak,278,14320.520211502526,14331.205335259865,15780
/Users/a/Ayanami/code/TSP/data/classic/tsplib/d198.tsp,hybrid,279,polyak,279,14332.357707395397,14332.357707395397,15780
/Users/a/Ayanami/code/TSP/data/classic/tsplib/d198.tsp,hybrid,280,polyak,280,14318.012207986514,14332.357707395397,15780
/Users/a/Ayanami/code/TSP/data/classic/tsplib/d198.tsp,hybrid,281,polyak,281,14332.223300271002,14332.357707395397,15780
/Users/a/Ayanami/code/TSP/data/classic/tsplib/d198.tsp,hybrid,282,polyak,282,14322.656702754142,14332.357707395397,15780
/Users/a/Ayanami/code/TSP/data/classic/tsplib/d198.tsp,hybrid,283,polyak,283,14328.578644106508,14332.357707395397,15780
/Users/a/Ayanami/code/TSP/data/classic/tsplib/d198.tsp,hybrid,284,polyak,284,14324.622441911104,14332.357707395397,15780
/Users/a/Ayanami/code/TSP/data/classic/tsplib/d198.tsp,hybrid,285,polyak,285,14329.067973529902,14332.357707395397,15780
/Users/a/Ayanami/code/TSP/data/classic/tsplib/d198.tsp,hybrid,286,polyak,286,14325.017548651227,14332.357707395397,15780
/Users/a/Ayanami/code/TSP/data/classic/tsplib/d198.tsp,hybrid,287,polyak,287,14324.184676850628,14332.357707395397,15780
/Users/a/Ayanami/code/TSP/data/classic/tsplib/d198.tsp,hybrid,288,polyak,288,14327.311968895023,14332.357707395397,15780
/Users/a/Ayanami/code/TSP/data/classic/tsplib/d198.tsp,hybrid,289,polyak,289,14327.300807846859,14332.357707395397,15780
/Users/a/Ayanami/code/TSP/data/classic/tsplib/d198.tsp,hybrid,290,polyak,290,14332.839848169024,14332.839848169024,15780
/Users/a/Ayanami/code/TSP/data/classic/tsplib/d198.tsp,hybrid,291,polyak,291,14319.088393448043,14332.839848169024,15780
/Users/a/Ayanami/code/TSP/data/classic/tsplib/d198.tsp,hybrid,292,polyak,292,14336.793569355219,14336.793569355219,15780
/Users/a/Ayanami/code/TSP/data/classic/tsplib/d198.tsp,hybrid,293,polyak,293,14322.401138737892,14336.793569355219,15780
/Users/a/Ayanami/code/TSP/data/classic/tsplib/d198.tsp,hybrid,294,polyak,294,14335.486259301975,14336.793569355219,15780
/Users/a/Ayanami/code/TSP/data/classic/tsplib/d198.tsp,hybrid,295,polyak,295,14325.138900907063,14336.793569355219,15780
/Users/a/Ayanami/code/TSP/data/classic/tsplib/d198.tsp,hybrid,296,polyak,296,14333.125629685243,14336.793569355219,15780
/Users/a/Ayanami/code/TSP/data/classic/tsplib/d198.tsp,hybrid,297,polyak,297,14321.352481058955,14336.793569355219,15780
/Users/a/Ayanami/code/TSP/data/classic/tsplib/d198.tsp,hybrid,298,polyak,298,14337.203037210085,14337.203037210085,15780
/Users/a/Ayanami/code/TSP/data/classic/tsplib/d198.tsp,hybrid,299,polyak,299,14323.202567343724,14337.203037210085,15780
/Users/a/Ayanami/code/TSP/data/classic/tsplib/d198.tsp,hybrid,300,polyak,300,14338.825186237846,14338.825186237846,15780
/Users/a/Ayanami/code/TSP/data/classic/tsplib/d198.tsp,hybrid,301,polyak,301,14321.321301176504,14338.825186237846,15780
/Users/a/Ayanami/code/TSP/data/classic/tsplib/d198.tsp,hybrid,302,polyak,302,14339.712758335281,14339.712758335281,15780
/Users/a/Ayanami/code/TSP/data/classic/tsplib/d198.tsp,hybrid,303,polyak,303,14320.949698472685,14339.712758335281,15780
/Users/a/Ayanami/code/TSP/data/classic/tsplib/d198.tsp,hybrid,304,polyak,304,14336.370604592961,14339.712758335281,15780
/Users/a/Ayanami/code/TSP/data/classic/tsplib/d198.tsp,hybrid,305,polyak,305,14321.182812264742,14339.712758335281,15780
/Users/a/Ayanami/code/TSP/data/classic/tsplib/d198.tsp,hybrid,306,polyak,306,14337.894922950247,14339.712758335281,15780
/Users/a/Ayanami/code/TSP/data/classic/tsplib/d198.tsp,hybrid,307,polyak,307,14322.764352919778,14339.712758335281,15780
/Users/a/Ayanami/code/TSP/data/classic/tsplib/d198.tsp,hybrid,308,polyak,308,14336.430134032124,14339.712758335281,15780
/Users/a/Ayanami/code/TSP/data/classic/tsplib/d198.tsp,hybrid,309,polyak,309,14328.25610276652,14339.712758335281,15780
/Users/a/Ayanami/code/TSP/data/classic/tsplib/d198.tsp,hybrid,310,polyak,310,14337.741045622963,14339.712758335281,15780
/Users/a/Ayanami/code/TSP/data/classic/tsplib/d198.tsp,hybrid,311,polyak,311,14327.086739743847,14339.712758335281,15780
/Users/a/Ayanami/code/TSP/data/classic/tsplib/d198.tsp,hybrid,312,polyak,312,14330.877078580575,14339.712758335281,15780
/Users/a/Ayanami/code/TSP/data/classic/tsplib/d198.tsp,hybrid,313,polyak,313,14334.291650182848,14339.712758335281,15780
/Users/a/Ayanami/code/TSP/data/classic/tsplib/d198.tsp,hybrid,314,polyak,314,14329.472690762033,14339.712758335281,15780
/Users/a/Ayanami/code/TSP/data/classic/tsplib/d198.tsp,hybrid,315,polyak,315,14337.280079716804,14339.712758335281,15780
/Users/a/Ayanami/code/TSP/data/classic/tsplib/d198.tsp,hybrid,316,polyak,316,14346.598314869048,14346.598314869048,15780
/Users/a/Ayanami/code/TSP/data/classic/tsplib/d198.tsp,hybrid,317,polyak,317,14338.771826594406,14346.598314869048,15780
/Users/a/Ayanami/code/TSP/data/classic/tsplib/d198.tsp,hybrid,318,polyak,318,14346.997226673771,14346.997226673771,15780
/Users/a/Ayanami/code/TSP/data/classic/tsplib/d198.tsp,hybrid,319,polyak,319,14339.239547974808,14346.997226673771,15780
/Users/a/Ayanami/code/TSP/data/classic/tsplib/d198.tsp,hybrid,320,polyak,320,14346.409906967552,14346.997226673771,15780
/Users/a/Ayanami/code/TSP/data/classic/tsplib/d198.tsp,hybrid,321,polyak,321,14342.908450438981,14346.997226673771,15780
/Users/a/Ayanami/code/TSP/data/classic/tsplib/d198.tsp,hybrid,322,polyak,322,14348.86120649869,14348.86120649869,15780
/Users/a/Ayanami/code/TSP/data/classic/tsplib/d198.tsp,hybrid,323,polyak,323,14341.299291437615,14348.86120649869,15780
/Users/a/Ayanami/code/TSP/data/classic/tsplib/d198.tsp,hybrid,324,polyak,324,14349.457222648642,14349.457222648642,15780
/Users/a/Ayanami/code/TSP/data/classic/tsplib/d198.tsp,hybrid,325,polyak,325,14342.781652996093,14349.457222648642,15780
/Users/a/Ayanami/code/TSP/data/classic/tsplib/d198.tsp,hybrid,326,polyak,326,14349.687703230069,14349.687703230069,15780
/Users/a/Ayanami/code/TSP/data/classic/tsplib/d198.tsp,hybrid,327,polyak,327,14339.978431565172,14349.687703230069,15780
/Users/a/Ayanami/code/TSP/data/classic/tsplib/d198.tsp,hybrid,328,polyak,328,14347.554188747928,14349.687703230069,15780
/Users/a/Ayanami/code/TSP/data/classic/tsplib/d198.tsp,hybrid,329,polyak,329,14344.86404812492,14349.687703230069,15780
/Users/a/Ayanami/code/TSP/data/classic/tsplib/d198.tsp,hybrid,330,polyak,330,14349.049391035554,14349.687703230069,15780
/Users/a/Ayanami/code/TSP/data/classic/tsplib/d198.tsp,hybrid,331,polyak,331,14342.114552781461,14349.687703230069,15780
/Users/a/Ayanami/code/TSP/data/classic/tsplib/d198.tsp,hybrid,332,polyak,332,14349.727970367478,14349.727970367478,15780
/Users/a/Ayanami/code/TSP/data/classic/tsplib/d198.tsp,hybrid,333,polyak,333,14341.076133280701,14349.727970367478,15780
/Users/a/Ayanami/code/TSP/data/classic/tsplib/d198.tsp,hybrid,334,polyak,334,14349.206645125767,14349.727970367478,15780
/Users/a/Ayanami/code/TSP/data/classic/tsplib/d198.tsp,hybrid,335,polyak,335,14340.938433113699,14349.727970367478,15780
/Users/a/Ayanami/code/TSP/data/classic/tsplib/d198.tsp,hybrid,336,polyak,336,14351.158796469343,14351.158796469343,15780
/Users/a/Ayanami/code/TSP/data/classic/tsplib/d198.tsp,hybrid,337,polyak,337,14341.726476941118,14351.158796469343,15780
/Users/a/Ayanami/code/TSP/data/classic/tsplib/d198.tsp,hybrid,338,polyak,338,14350.466901740683,14351.158796469343,15780
/Users/a/Ayanami/code/TSP/data/classic/tsplib/d198.tsp,hybrid,339,polyak,339,14344.686492620587,14351.158796469343,15780
/Users/a/Ayanami/code/TSP/data/classic/tsplib/d198.tsp,hybrid,340,polyak,340,14348.228719823806,14351.158796469343,15780
/Users/a/Ayanami/code/TSP/data/classic/tsplib/d198.tsp,hybrid,341,polyak,341,14345.445815811889,14351.158796469343,15780
/Users/a/Ayanami/code/TSP/data/classic/tsplib/d198.tsp,hybrid,342,polyak,342,14349.40811584324,14351.158796469343,15780
/Users/a/Ayanami/code/TSP/data/classic/tsplib/d198.tsp,hybrid,343,polyak,343,14345.797878459225,14351.158796469343,15780
/Users/a/Ayanami/code/TSP/data/classic/tsplib/d198.tsp,hybrid,344,polyak,344,14350.170852865709,14351.158796469343,15780
/Users/a/Ayanami/code/TSP/data/classic/tsplib/d198.tsp,hybrid,345,polyak,345,14342.408057674389,14351.158796469343,15780
/Users/a/Ayanami/code/TSP/data/classic/tsplib/d198.tsp,hybrid,346,polyak,346,14352.135403073291,14352.135403073291,15780
/Users/a/Ayanami/code/TSP/data/classic/tsplib/d198.tsp,hybrid,347,polyak,347,14343.110308752261,14352.135403073291,15780
/Users/a/Ayanami/code/TSP/data/classic/tsplib/d198.tsp,hybrid,348,polyak,348,14351.178009221345,14352.135403073291,15780
/Users/a/Ayanami/code/TSP/data/classic/tsplib/d198.tsp,hybrid,349,polyak,349,14344.846561822826,14352.135403073291,15780
/Users/a/Ayanami/code/TSP/data/classic/tsplib/d198.tsp,hybrid,350,polyak,350,14349.534617390611,14352.135403073291,15780
/Users/a/Ayanami/code/TSP/data/classic/tsplib/d198.tsp,hybrid,351,polyak,351,14347.394171297479,14352.135403073291,15780
/Users/a/Ayanami/code/TSP/data/classic/tsplib/d198.tsp,hybrid,352,polyak,352,14349.20868398142,14352.135403073291,15780
/Users/a/Ayanami/code/TSP/data/classic/tsplib/d198.tsp,hybrid,353,polyak,353,14347.204347107881,14352.135403073291,15780
/Users/a/Ayanami/code/TSP/data/classic/tsplib/d198.tsp,hybrid,354,polyak,354,14347.541924980345,14352.135403073291,15780
/Users/a/Ayanami/code/TSP/data/classic/tsplib/d198.tsp,hybrid,355,polyak,355,14349.768084473582,14352.135403073291,15780
/Users/a/Ayanami/code/TSP/data/classic/tsplib/d198.tsp,hybrid,356,polyak,356,14348.499230917685,14352.135403073291,15780
/Users/a/Ayanami/code/TSP/data/classic/tsplib/d198.tsp,hybrid,357,polyak,357,14347.612451665689,14352.135403073291,15780
/Users/a/Ayanami/code/TSP/data/classic/tsplib/d198.tsp,hybrid,358,polyak,358,14347.354410083704,14352.135403073291,15780
/Users/a/Ayanami/code/TSP/data/classic/tsplib/d198.tsp,hybrid,359,polyak,359,14350.446860341357,14352.135403073291,15780
/Users/a/Ayanami/code/TSP/data/classic/tsplib/d198.tsp,hybrid,360,polyak,360,14354.993250958623,14354.993250958623,15780
/Users/a/Ayanami/code/TSP/data/classic/tsplib/d198.tsp,hybrid,361,polyak,361,14353.1106367189,14354.993250958623,15780
/Users/a/Ayanami/code/TSP/data/classic/tsplib/d198.tsp,hybrid,362,polyak,362,14355.520249043979,14355.520249043979,15780
/Users/a/Ayanami/code/TSP/data/classic/tsplib/d198.tsp,hybrid,363,polyak,363,14354.835184003665,14355.520249043979,15780
/Users/a/Ayanami/code/TSP/data/classic/tsplib/d198.tsp,hybrid,364,polyak,364,14353.93093199935,14355.520249043979,15780
/Users/a/Ayanami/code/TSP/data/classic/tsplib/d198.tsp,hybrid,365,polyak,365,14355.930464487261,14355.930464487261,15780
/Users/a/Ayanami/code/TSP/data/classic/tsplib/d198.tsp,hybrid,366,polyak,366,14353.354255844033,14355.930464487261,15780
/Users/a/Ayanami/code/TSP/data/classic/tsplib/d198.tsp,hybrid,367,polyak,367,14356.389920749132,14356.389920749132,15780
/Users/a/Ayanami/code/TSP/data/classic/tsplib/d198.tsp,hybrid,368,polyak,368,14354.263753507721,14356.389920749132,15780
/Users/a/Ayanami/code/TSP/data/classic/tsplib/d198.tsp,hybrid,369,polyak,369,14356.036896780388,14356.389920749132,15780
/Users/a/Ayanami/code/TSP/data/classic/tsplib/d198.tsp,hybrid,370,polyak,370,14354.736251154405,14356.389920749132,15780
/Users/a/Ayanami/code/TSP/data/classic/tsplib/d198.tsp,hybrid,371,polyak,371,14356.160589779609,14356.389920749132,15780
/Users/a/Ayanami/code/TSP/data/classic/tsplib/d198.tsp,hybrid,372,polyak,372,14353.958374944295,14356.389920749132,15780
/Users/a/Ayanami/code/TSP/data/classic/tsplib/d198.tsp,hybrid,373,polyak,373,14356.477866476576,14356.477866476576,15780
/Users/a/Ayanami/code/TSP/data/classic/tsplib/d198.tsp,hybrid,374,polyak,374,14354.895295790267,14356.477866476576,15780
/Users/a/Ayanami/code/TSP/data/classic/tsplib/d198.tsp,hybrid,375,polyak,375,14356.959912405951,14356.959912405951,15780
/Users/a/Ayanami/code/TSP/data/classic/tsplib/d198.tsp,hybrid,376,polyak,376,14354.623517293061,14356.959912405951,15780
/Users/a/Ayanami/code/TSP/data/classic/tsplib/d198.tsp,hybrid,377,polyak,377,14356.516959387738,14356.959912405951,15780
/Users/a/Ayanami/code/TSP/data/classic/tsplib/d198.tsp,hybrid,378,polyak,378,14354.952304243632,14356.959912405951,15780
/Users/a/Ayanami/code/TSP/data/classic/tsplib/d198.tsp,hybrid,379,polyak,379,14356.711924778876,14356.959912405951,15780
/Users/a/Ayanami/code/TSP/data/classic/tsplib/d198.tsp,hybrid,380,polyak,380,14355.033834275289,14356.959912405951,15780
/Users/a/Ayanami/code/TSP/data/classic/tsplib/d198.tsp,hybrid,381,polyak,381,14356.642240706309,14356.959912405951,15780
/Users/a/Ayanami/code/TSP/data/classic/tsplib/d198.tsp,hybrid,382,polyak,382,14355.70383288435,14356.959912405951,15780
/Users/a/Ayanami/code/TSP/data/classic/tsplib/d198.tsp,hybrid,383,polyak,383,14355.935235793993,14356.959912405951,15780
/Users/a/Ayanami/code/TSP/data/classic/tsplib/d198.tsp,hybrid,384,polyak,384,14357.117663207759,14357.117663207759,15780
/Users/a/Ayanami/code/TSP/data/classic/tsplib/d198.tsp,hybrid,385,polyak,385,14354.542980497266,14357.117663207759,15780
/Users/a/Ayanami/code/TSP/data/classic/tsplib/d198.tsp,hybrid,386,polyak,386,14358.178195636385,14358.178195636385,15780
/Users/a/Ayanami/code/TSP/data/classic/tsplib/d198.tsp,hybrid,387,polyak,387,14355.077283086315,14358.178195636385,15780
/Users/a/Ayanami/code/TSP/data/classic/tsplib/d198.tsp,hybrid,388,polyak,388,14357.749324472255,14358.178195636385,15780
/Users/a/Ayanami/code/TSP/data/classic/tsplib/d198.tsp,hybrid,389,polyak,389,14355.22403401319,14358.178195636385,15780
/Users/a/Ayanami/code/TSP/data/classic/tsplib/d198.tsp,hybrid,390,polyak,390,14357.025884656525,14358.178195636385,15780
/Users/a/Ayanami/code/TSP/data/classic/tsplib/d198.tsp,hybrid,391,polyak,391,14355.94485649693,14358.178195636385,15780
/Users/a/Ayanami/code/TSP/data/classic/tsplib/d198.tsp,hybrid,392,polyak,392,14357.002549341863,14358.178195636385,15780
/Users/a/Ayanami/code/TSP/data/classic/tsplib/d198.tsp,hybrid,393,polyak,393,14356.355851796634,14358.178195636385,15780
/Users/a/Ayanami/code/TSP/data/classic/tsplib/d198.tsp,hybrid,394,polyak,394,14357.794260634089,14358.178195636385,15780
/Users/a/Ayanami/code/TSP/data/classic/tsplib/d198.tsp,hybrid,395,polyak,395,14355.490729894287,14358.178195636385,15780
/Users/a/Ayanami/code/TSP/data/classic/tsplib/d198.tsp,hybrid,396,polyak,396,14357.326132167718,14358.178195636385,15780
/Users/a/Ayanami/code/TSP/data/classic/tsplib/d198.tsp,hybrid,397,polyak,397,14355.804685209485,14358.178195636385,15780
/Users/a/Ayanami/code/TSP/data/classic/tsplib/d198.tsp,hybrid,398,polyak,398,14357.929715770853,14358.178195636385,15780
/Users/a/Ayanami/code/TSP/data/classic/tsplib/d198.tsp,hybrid,399,polyak,399,14356.563307542321,14358.178195636385,15780
/Users/a/Ayanami/code/TSP/data/classic/tsplib/d198.tsp,hybrid,400,polyak,400,14360.320055203283,14360.320055203283,15780
/Users/a/Ayanami/code/TSP/data/classic/tsplib/d198.tsp,hybrid,401,polyak,401,14359.474419668279,14360.320055203283,15780
/Users/a/Ayanami/code/TSP/data/classic/tsplib/d198.tsp,hybrid,402,polyak,402,14360.871310821707,14360.871310821707,15780
/Users/a/Ayanami/code/TSP/data/classic/tsplib/d198.tsp,hybrid,403,polyak,403,14359.251034424798,14360.871310821707,15780
/Users/a/Ayanami/code/TSP/data/classic/tsplib/d198.tsp,hybrid,404,polyak,404,14361.334343648869,14361.334343648869,15780
/Users/a/Ayanami/code/TSP/data/classic/tsplib/d198.tsp,hybrid,405,polyak,405,14358.468632452874,14361.334343648869,15780
/Users/a/Ayanami/code/TSP/data/classic/tsplib/d198.tsp,hybrid,406,polyak,406,14361.558254373193,14361.558254373193,15780
/Users/a/Ayanami/code/TSP/data/classic/tsplib/d198.tsp,hybrid,407,polyak,407,14359.120817452645,14361.558254373193,15780
/Users/a/Ayanami/code/TSP/data/classic/tsplib/d198.tsp,hybrid,408,polyak,408,14361.366948910316,14361.558254373193,15780
/Users/a/Ayanami/code/TSP/data/classic/tsplib/d198.tsp,hybrid,409,polyak,409,14359.692212717233,14361.558254373193,15780
/Users/a/Ayanami/code/TSP/data/classic/tsplib/d198.tsp,hybrid,410,polyak,410,14360.532937516906,14361.558254373193,15780
/Users/a/Ayanami/code/TSP/data/classic/tsplib/d198.tsp,hybrid,411,polyak,411,14360.813313045162,14361.558254373193,15780
/Users/a/Ayanami/code/TSP/data/classic/tsplib/d198.tsp,hybrid,412,polyak,412,14359.971534485121,14361.558254373193,15780
/Users/a/Ayanami/code/TSP/data/classic/tsplib/d198.tsp,hybrid,413,polyak,413,14360.96006372071,14361.558254373193,15780
/Users/a/Ayanami/code/TSP/data/classic/tsplib/d198.tsp,hybrid,414,polyak,414,14359.771052697108,14361.558254373193,15780
/Users/a/Ayanami/code/TSP/data/classic/tsplib/d198.tsp,hybrid,415,polyak,415,14361.59189168708,14361.59189168708,15780
/Users/a/Ayanami/code/TSP/data/classic/tsplib/d198.tsp,hybrid,416,polyak,416,14359.399249379136,14361.59189168708,15780
/Users/a/Ayanami/code/TSP/data/classic/tsplib/d198.tsp,hybrid,417,polyak,417,14361.975185104624,14361.975185104624,15780
/Users/a/Ayanami/code/TSP/data/classic/tsplib/d198.tsp,hybrid,418,polyak,418,14359.399687245203,14361.975185104624,15780
/Users/a/Ayanami/code/TSP/data/classic/tsplib/d198.tsp,hybrid,419,polyak,419,14361.667127129132,14361.975185104624,15780
/Users/a/Ayanami/code/TSP/data/classic/tsplib/d198.tsp,hybrid,420,polyak,420,14359.643233563495,14361.975185104624,15780
/Users/a/Ayanami/code/TSP/data/classic/tsplib/d198.tsp,hybrid,421,polyak,421,14361.646671313099,14361.975185104624,15780
/Users/a/Ayanami/code/TSP/data/classic/tsplib/d198.tsp,hybrid,422,polyak,422,14360.28934275659,14361.975185104624,15780
/Users/a/Ayanami/code/TSP/data/classic/tsplib/d198.tsp,hybrid,423,polyak,423,14360.952154949235,14361.975185104624,15780
/Users/a/Ayanami/code/TSP/data/classic/tsplib/d198.tsp,hybrid,424,polyak,424,14360.927857891711,14361.975185104624,15780
/Users/a/Ayanami/code/TSP/data/classic/tsplib/d198.tsp,hybrid,425,polyak,425,14361.1522224651,14361.975185104624,15780
/Users/a/Ayanami/code/TSP/data/classic/tsplib/d198.tsp,hybrid,426,polyak,426,14360.446929157295,14361.975185104624,15780
/Users/a/Ayanami/code/TSP/data/classic/tsplib/d198.tsp,hybrid,427,polyak,427,14361.547945557038,14361.975185104624,15780
/Users/a/Ayanami/code/TSP/data/classic/tsplib/d198.tsp,hybrid,428,polyak,428,14360.689950417427,14361.975185104624,15780
/Users/a/Ayanami/code/TSP/data/classic/tsplib/d198.tsp,hybrid,429,polyak,429,14361.485137533629,14361.975185104624,15780
/Users/a/Ayanami/code/TSP/data/classic/tsplib/d198.tsp,hybrid,430,polyak,430,14360.637006614837,14361.975185104624,15780
/Users/a/Ayanami/code/TSP/data/classic/tsplib/d198.tsp,hybrid,431,polyak,431,14362.434629793781,14362.434629793781,15780
/Users/a/Ayanami/code/TSP/data/classic/tsplib/d198.tsp,hybrid,432,polyak,432,14362.804651380651,14362.804651380651,15780
/Users/a/Ayanami/code/TSP/data/classic/tsplib/d198.tsp,hybrid,433,polyak,433,14362.235022338609,14362.804651380651,15780
/Users/a/Ayanami/code/TSP/data/classic/tsplib/d198.tsp,hybrid,434,polyak,434,14362.735602094219,14362.804651380651,15780
/Users/a/Ayanami/code/TSP/data/classic/tsplib/d198.tsp,hybrid,435,polyak,435,14362.520935635397,14362.804651380651,15780
/Users/a/Ayanami/code/TSP/data/classic/tsplib/d198.tsp,hybrid,436,polyak,436,14362.926340072851,14362.926340072851,15780
/Users/a/Ayanami/code/TSP/data/classic/tsplib/d198.tsp,hybrid,437,polyak,437,14362.398254960439,14362.926340072851,15780
/Users/a/Ayanami/code/TSP/data/classic/tsplib/d198.tsp,hybrid,438,polyak,438,14363.178925637645,14363.178925637645,15780
/Users/a/Ayanami/code/TSP/data/classic/tsplib/d198.tsp,hybrid,439,polyak,439,14362.130396390878,14363.178925637645,15780
/Users/a/Ayanami/code/TSP/data/classic/tsplib/d198.tsp,hybrid,440,polyak,440,14363.129668411919,14363.178925637645,15780
/Users/a/Ayanami/code/TSP/data/classic/tsplib/d198.tsp,hybrid,441,polyak,441,14362.522477554605,14363.178925637645,15780
/Users/a/Ayanami/code/TSP/data/classic/tsplib/d198.tsp,hybrid,442,polyak,442,14363.388083606234,14363.388083606234,15780
/Users/a/Ayanami/code/TSP/data/classic/tsplib/d198.tsp,hybrid,443,polyak,443,14362.203670593753,14363.388083606234,15780
/Users/a/Ayanami/code/TSP/data/classic/tsplib/d198.tsp,hybrid,444,polyak,444,14363.202993330302,14363.388083606234,15780
/Users/a/Ayanami/code/TSP/data/classic/tsplib/d198.tsp,hybrid,445,polyak,445,14362.647959130847,14363.388083606234,15780
/Users/a/Ayanami/code/TSP/data/classic/tsplib/d198.tsp,hybrid,446,polyak,446,14363.322773382915,14363.388083606234,15780
/Users/a/Ayanami/code/TSP/data/classic/tsplib/d198.tsp,hybrid,447,polyak,447,14362.648147611437,14363.388083606234,15780
/Users/a/Ayanami/code/TSP/data/classic/tsplib/d198.tsp,hybrid,448,polyak,448,14363.012166223707,14363.388083606234,15780
/Users/a/Ayanami/code/TSP/data/classic/tsplib/d198.tsp,hybrid,449,polyak,449,14362.965259480079,14363.388083606234,15780
/Users/a/Ayanami/code/TSP/data/classic/tsplib/d198.tsp,hybrid,450,polyak,450,14362.893196642457,14363.388083606234,15780
/Users/a/Ayanami/code/TSP/data/classic/tsplib/d198.tsp,hybrid,451,polyak,451,14362.830603465383,14363.388083606234,15780
/Users/a/Ayanami/code/TSP/data/classic/tsplib/d198.tsp,hybrid,452,polyak,452,14363.18917124467,14363.388083606234,15780
/Users/a/Ayanami/code/TSP/data/classic/tsplib/d198.tsp,hybrid,453,polyak,453,14363.058898887322,14363.388083606234,15780
/Users/a/Ayanami/code/TSP/data/classic/tsplib/d198.tsp,hybrid,454,polyak,454,14362.861884467478,14363.388083606234,15780
/Users/a/Ayanami/code/TSP/data/classic/tsplib/d198.tsp,hybrid,455,polyak,455,14363.147772985012,14363.388083606234,15780
/Users/a/Ayanami/code/TSP/data/classic/tsplib/d198.tsp,hybrid,456,polyak,456,14364.092275564597,14364.092275564597,15780
/Users/a/Ayanami/code/TSP/data/classic/tsplib/d198.tsp,hybrid,457,polyak,457,14363.42133744696,14364.092275564597,15780
/Users/a/Ayanami/code/TSP/data/classic/tsplib/d198.tsp,hybrid,458,polyak,458,14363.984204881823,14364.092275564597,15780
/Users/a/Ayanami/code/TSP/data/classic/tsplib/d198.tsp,hybrid,459,polyak,459,14363.650275549335,14364.092275564597,15780
/Users/a/Ayanami/code/TSP/data/classic/tsplib/d198.tsp,hybrid,460,polyak,460,14363.935331305351,14364.092275564597,15780
/Users/a/Ayanami/code/TSP/data/classic/tsplib/d198.tsp,hybrid,461,polyak,461,14363.799943635418,14364.092275564597,15780
/Users/a/Ayanami/code/TSP/data/classic/tsplib/d198.tsp,hybrid,462,polyak,462,14363.773649067531,14364.092275564597,15780
/Users/a/Ayanami/code/TSP/data/classic/tsplib/d198.tsp,hybrid,463,polyak,463,14363.89259231709,14364.092275564597,15780
/Users/a/Ayanami/code/TSP/data/classic/tsplib/d198.tsp,hybrid,464,polyak,464,14364.001552280037,14364.092275564597,15780
/Users/a/Ayanami/code/TSP/data/classic/tsplib/d198.tsp,hybrid,465,polyak,465,14363.671116819118,14364.092275564597,15780
/Users/a/Ayanami/code/TSP/data/classic/tsplib/d198.tsp,hybrid,466,polyak,466,14364.146392845849,14364.146392845849,15780
/Users/a/Ayanami/code/TSP/data/classic/tsplib/d198.tsp,hybrid,467,polyak,467,14363.5916382286,14364.146392845849,15780
/Users/a/Ayanami/code/TSP/data/classic/tsplib/d198.tsp,hybrid,468,polyak,468,14364.160216141663,14364.160216141663,15780
/Users/a/Ayanami/code/TSP/data/classic/tsplib/d198.tsp,hybrid,469,polyak,469,14363.762629825234,14364.160216141663,15780
/Users/a/Ayanami/code/TSP/data/classic/tsplib/d198.tsp,hybrid,470,polyak,470,14363.962513244556,14364.160216141663,15780
/Users/a/Ayanami/code/TSP/data/classic/tsplib/d198.tsp,hybrid,471,polyak,471,14363.894807385539,14364.160216141663,15780
/Users/a/Ayanami/code/TSP/data/classic/tsplib/d198.tsp,hybrid,472,polyak,472,14364.142626644023,14364.160216141663,15780
/Users/a/Ayanami/code/TSP/data/classic/tsplib/d198.tsp,hybrid,473,polyak,473,14363.948168546265,14364.160216141663,15780
/Users/a/Ayanami/code/TSP/data/classic/tsplib/d198.tsp,hybrid,474,polyak,474,14364.172706471838,14364.172706471838,15780
/Users/a/Ayanami/code/TSP/data/classic/tsplib/d198.tsp,hybrid,475,polyak,475,14363.777170914536,14364.172706471838,15780
/Users/a/Ayanami/code/TSP/data/classic/tsplib/d198.tsp,hybrid,476,polyak,476,14364.151089979141,14364.172706471838,15780
/Users/a/Ayanami/code/TSP/data/classic/tsplib/d198.tsp,hybrid,477,polyak,477,14363.827039680931,14364.172706471838,15780
/Users/a/Ayanami/code/TSP/data/classic/tsplib/d198.tsp,hybrid,478,polyak,478,14364.277700876362,14364.277700876362,15780
/Users/a/Ayanami/code/TSP/data/classic/tsplib/d198.tsp,hybrid,479,polyak,479,14363.962102393623,14364.277700876362,15780
/Users/a/Ayanami/code/TSP/data/classic/tsplib/d198.tsp,hybrid,480,polyak,480,14364.260844388025,14364.277700876362,15780
/Users/a/Ayanami/code/TSP/data/classic/tsplib/d198.tsp,hybrid,481,polyak,481,14363.767655527539,14364.277700876362,15780
/Users/a/Ayanami/code/TSP/data/classic/tsplib/d198.tsp,hybrid,482,polyak,482,14364.393484782406,14364.393484782406,15780
/Users/a/Ayanami/code/TSP/data/classic/tsplib/d198.tsp,hybrid,483,polyak,483,14363.750754681474,14364.393484782406,15780
/Users/a/Ayanami/code/TSP/data/classic/tsplib/d198.tsp,hybrid,484,polyak,484,14364.200831062421,14364.393484782406,15780
/Users/a/Ayanami/code/TSP/data/classic/tsplib/d198.tsp,hybrid,485,polyak,485,14364.03716716182,14364.393484782406,15780
/Users/a/Ayanami/code/TSP/data/classic/tsplib/d198.tsp,hybrid,486,polyak,486,14364.020280702913,14364.393484782406,15780
/Users/a/Ayanami/code/TSP/data/classic/tsplib/d198.tsp,hybrid,487,polyak,487,14364.183921597407,14364.393484782406,15780
/Users/a/Ayanami/code/TSP/data/classic/tsplib/d198.tsp,hybrid,488,polyak,488,14364.103034860656,14364.393484782406,15780
/Users/a/Ayanami/code/TSP/data/classic/tsplib/d198.tsp,hybrid,489,polyak,489,14364.124156642798,14364.393484782406,15780
/Users/a/Ayanami/code/TSP/data/classic/tsplib/d198.tsp,hybrid,490,polyak,490,14364.156025767492,14364.393484782406,15780
/Users/a/Ayanami/code/TSP/data/classic/tsplib/d198.tsp,hybrid,491,polyak,491,14363.992000167897,14364.393484782406,15780
/Users/a/Ayanami/code/TSP/data/classic/tsplib/d198.tsp,hybrid,492,polyak,492,14364.292814652399,14364.393484782406,15780
/Users/a/Ayanami/code/TSP/data/classic/tsplib/d198.tsp,hybrid,493,polyak,493,14363.931533312587,14364.393484782406,15780
/Users/a/Ayanami/code/TSP/data/classic/tsplib/d198.tsp,hybrid,494,polyak,494,14364.38633752328,14364.393484782406,15780
/Users/a/Ayanami/code/TSP/data/classic/tsplib/d198.tsp,hybrid,495,polyak,495,14364.047563818294,14364.393484782406,15780
/Users/a/Ayanami/code/TSP/data/classic/tsplib/d198.tsp,hybrid,496,polyak,496,14364.534991032571,14364.534991032571,15780
/Users/a/Ayanami/code/TSP/data/classic/tsplib/d198.tsp,hybrid,497,polyak,497,14364.484810285867,14364.534991032571,15780
/Users/a/Ayanami/code/TSP/data/classic/tsplib/d198.tsp,hybrid,498,polyak,498,14364.510239447527,14364.534991032571,15780
/Users/a/Ayanami/code/TSP/data/classic/tsplib/d198.tsp,hybrid,499,polyak,499,14364.556332908212,14364.556332908212,15780
/Users/a/Ayanami/code/TSP/data/classic/tsplib/d198.tsp,hybrid,500,polyak,500,14364.50827353173,14364.556332908212,15780
/Users/a/Ayanami/code/TSP/data/classic/tsplib/d198.tsp,hybrid,501,polyak,501,14364.644194940238,14364.644194940238,15780
/Users/a/Ayanami/code/TSP/data/classic/tsplib/d198.tsp,hybrid,502,polyak,502,14364.506091130712,14364.644194940238,15780
/Users/a/Ayanami/code/TSP/data/classic/tsplib/d198.tsp,hybrid,503,polyak,503,14364.572425450542,14364.644194940238,15780
/Users/a/Ayanami/code/TSP/data/classic/tsplib/d198.tsp,hybrid,504,polyak,504,14364.614208007815,14364.644194940238,15780
/Users/a/Ayanami/code/TSP/data/classic/tsplib/d198.tsp,hybrid,505,polyak,505,14364.511092319908,14364.644194940238,15780
/Users/a/Ayanami/code/TSP/data/classic/tsplib/d198.tsp,hybrid,506,polyak,506,14364.562684161481,14364.644194940238,15780
/Users/a/Ayanami/code/TSP/data/classic/tsplib/d198.tsp,hybrid,507,polyak,507,14364.692433947715,14364.692433947715,15780
/Users/a/Ayanami/code/TSP/data/classic/tsplib/d198.tsp,hybrid,508,polyak,508,14364.460508085142,14364.692433947715,15780
/Users/a/Ayanami/code/TSP/data/classic/tsplib/d198.tsp,hybrid,509,polyak,509,14364.765536167894,14364.765536167894,15780
/Users/a/Ayanami/code/TSP/data/classic/tsplib/d198.tsp,hybrid,510,polyak,510,14364.455732167271,14364.765536167894,15780
/Users/a/Ayanami/code/TSP/data/classic/tsplib/d198.tsp,hybrid,511,polyak,511,14364.702778996188,14364.765536167894,15780
/Users/a/Ayanami/code/TSP/data/classic/tsplib/d198.tsp,hybrid,512,polyak,512,14364.524386471259,14364.765536167894,15780
/Users/a/Ayanami/code/TSP/data/classic/tsplib/d198.tsp,hybrid,513,polyak,513,14364.722765692806,14364.765536167894,15780
/Users/a/Ayanami/code/TSP/data/classic/tsplib/d198.tsp,hybrid,514,polyak,514,14364.549480893225,14364.765536167894,15780
/Users/a/Ayanami/code/TSP/data/classic/tsplib/d198.tsp,hybrid,515,polyak,515,14364.686390994628,14364.765536167894,15780
/Users/a/Ayanami/code/TSP/data/classic/tsplib/d198.tsp,hybrid,516,polyak,516,14364.618833524266,14364.765536167894,15780
/Users/a/Ayanami/code/TSP/data/classic/tsplib/d198.tsp,hybrid,517,polyak,517,14364.732535165382,14364.765536167894,15780
/Users/a/Ayanami/code/TSP/data/classic/tsplib/d198.tsp,hybrid,518,polyak,518,14364.641426729266,14364.765536167894,15780
/Users/a/Ayanami/code/TSP/data/classic/tsplib/d198.tsp,hybrid,519,polyak,519,14364.703466769795,14364.765536167894,15780
/Users/a/Ayanami/code/TSP/data/classic/tsplib/d198.tsp,hybrid,520,polyak,520,14364.698268200464,14364.765536167894,15780
/Users/a/Ayanami/code/TSP/data/classic/tsplib/d198.tsp,hybrid,521,polyak,521,14364.56402336883,14364.765536167894,15780
/Users/a/Ayanami/code/TSP/data/classic/tsplib/d198.tsp,hybrid,522,polyak,522,14364.745853575234,14364.765536167894,15780
/Users/a/Ayanami/code/TSP/data/classic/tsplib/d198.tsp,hybrid,523,polyak,523,14364.87879685973,14364.87879685973,15780
/Users/a/Ayanami/code/TSP/data/classic/tsplib/d198.tsp,hybrid,524,polyak,524,14364.866450808418,14364.87879685973,15780
/Users/a/Ayanami/code/TSP/data/classic/tsplib/d198.tsp,hybrid,525,polyak,525,14364.856502735916,14364.87879685973,15780
/Users/a/Ayanami/code/TSP/data/classic/tsplib/d198.tsp,hybrid,526,polyak,526,14364.892441021455,14364.892441021455,15780
/Users/a/Ayanami/code/TSP/data/classic/tsplib/d198.tsp,hybrid,527,polyak,527,14364.775367269602,14364.892441021455,15780
/Users/a/Ayanami/code/TSP/data/classic/tsplib/d198.tsp,hybrid,528,polyak,528,14364.923551474973,14364.923551474973,15780
/Users/a/Ayanami/code/TSP/data/classic/tsplib/d198.tsp,hybrid,529,polyak,529,14364.798477426591,14364.923551474973,15780
/Users/a/Ayanami/code/TSP/data/classic/tsplib/d198.tsp,hybrid,530,polyak,530,14364.907642209071,14364.923551474973,15780
/Users/a/Ayanami/code/TSP/data/classic/tsplib/d198.tsp,hybrid,531,polyak,531,14364.838243786649,14364.923551474973,15780
/Users/a/Ayanami/code/TSP/data/classic/tsplib/d198.tsp,hybrid,532,polyak,532,14364.909962273801,14364.923551474973,15780
/Users/a/Ayanami/code/TSP/data/classic/tsplib/d198.tsp,hybrid,533,polyak,533,14364.846036697223,14364.923551474973,15780
/Users/a/Ayanami/code/TSP/data/classic/tsplib/d198.tsp,hybrid,534,polyak,534,14364.900233215551,14364.923551474973,15780
/Users/a/Ayanami/code/TSP/data/classic/tsplib/d198.tsp,hybrid,535,polyak,535,14364.882854303618,14364.923551474973,15780
/Users/a/Ayanami/code/TSP/data/classic/tsplib/d198.tsp,hybrid,536,polyak,536,14364.940575433853,14364.940575433853,15780
/Users/a/Ayanami/code/TSP/data/classic/tsplib/d198.tsp,hybrid,537,polyak,537,14364.854863866507,14364.940575433853,15780
/Users/a/Ayanami/code/TSP/data/classic/tsplib/d198.tsp,hybrid,538,polyak,538,14364.948652701962,14364.948652701962,15780
/Users/a/Ayanami/code/TSP/data/classic/tsplib/d198.tsp,hybrid,539,polyak,539,14364.888924193845,14364.948652701962,15780
/Users/a/Ayanami/code/TSP/data/classic/tsplib/d198.tsp,hybrid,540,polyak,540,14364.955476785035,14364.955476785035,15780
/Users/a/Ayanami/code/TSP/data/classic/tsplib/d198.tsp,hybrid,541,polyak,541,14364.870637078262,14364.955476785035,15780
/Users/a/Ayanami/code/TSP/data/classic/tsplib/d198.tsp,hybrid,542,polyak,542,14364.969155126981,14364.969155126981,15780
/Users/a/Ayanami/code/TSP/data/classic/tsplib/d198.tsp,hybrid,543,polyak,543,14364.887126007627,14364.969155126981,15780
/Users/a/Ayanami/code/TSP/data/classic/tsplib/d198.tsp,hybrid,544,polyak,544,14364.903720453949,14364.969155126981,15780
/Users/a/Ayanami/code/TSP/data/classic/tsplib/d198.tsp,hybrid,545,polyak,545,14364.928394375151,14364.969155126981,15780
/Users/a/Ayanami/code/TSP/data/classic/tsplib/d198.tsp,hybrid,546,polyak,546,14364.946711966657,14364.969155126981,15780
/Users/a/Ayanami/code/TSP/data/classic/tsplib/d198.tsp,hybrid,547,polyak,547,14364.896530254768,14364.969155126981,15780
/Users/a/Ayanami/code/TSP/data/classic/tsplib/d198.tsp,hybrid,548,polyak,548,14364.949312117518,14364.969155126981,15780
/Users/a/Ayanami/code/TSP/data/classic/tsplib/d198.tsp,hybrid,549,polyak,549,14364.913898575813,14364.969155126981,15780
/Users/a/Ayanami/code/TSP/data/classic/tsplib/d198.tsp,hybrid,550,polyak,550,14364.978258205525,14364.978258205525,15780
/Users/a/Ayanami/code/TSP/data/classic/tsplib/d198.tsp,hybrid,551,polyak,551,14364.94024075354,14364.978258205525,15780
/Users/a/Ayanami/code/TSP/data/classic/tsplib/d198.tsp,hybrid,552,polyak,552,14364.947681919881,14364.978258205525,15780
/Users/a/Ayanami/code/TSP/data/classic/tsplib/d198.tsp,hybrid,553,polyak,553,14364.962471814211,14364.978258205525,15780
/Users/a/Ayanami/code/TSP/data/classic/tsplib/d198.tsp,hybrid,554,polyak,554,14364.978497107684,14364.978497107684,15780
/Users/a/Ayanami/code/TSP/data/classic/tsplib/d198.tsp,hybrid,555,polyak,555,14364.946889323523,14364.978497107684,15780
/Users/a/Ayanami/code/TSP/data/classic/tsplib/d198.tsp,hybrid,556,polyak,556,14364.943161163272,14364.978497107684,15780
/Users/a/Ayanami/code/TSP/data/classic/tsplib/d198.tsp,hybrid,557,polyak,557,14365.002635658535,14365.002635658535,15780
/Users/a/Ayanami/code/TSP/data/classic/tsplib/d198.tsp,hybrid,558,polyak,558,14364.911334899529,14365.002635658535,15780
/Users/a/Ayanami/code/TSP/data/classic/tsplib/d198.tsp,hybrid,559,polyak,559,14365.05745407163,14365.05745407163,15780
/Users/a/Ayanami/code/TSP/data/classic/tsplib/d198.tsp,hybrid,560,polyak,560,14364.875619417267,14365.05745407163,15780
/Users/a/Ayanami/code/TSP/data/classic/tsplib/d198.tsp,hybrid,561,polyak,561,14365.049618812971,14365.05745407163,15780
/Users/a/Ayanami/code/TSP/data/classic/tsplib/d198.tsp,hybrid,562,polyak,562,14364.884053585058,14365.05745407163,15780
/Users/a/Ayanami/code/TSP/data/classic/tsplib/d198.tsp,hybrid,563,polyak,563,14365.023784254237,14365.05745407163,15780
/Users/a/Ayanami/code/TSP/data/classic/tsplib/d198.tsp,hybrid,564,polyak,564,14364.935646516964,14365.05745407163,15780
/Users/a/Ayanami/code/TSP/data/classic/tsplib/d198.tsp,hybrid,565,polyak,565,14365.036286561566,14365.05745407163,15780
/Users/a/Ayanami/code/TSP/data/classic/tsplib/d198.tsp,hybrid,566,polyak,566,14364.911332719572,14365.05745407163,15780
/Users/a/Ayanami/code/TSP/data/classic/tsplib/d198.tsp,hybrid,567,polyak,567,14365.0478399642,14365.05745407163,15780
/Users/a/Ayanami/code/TSP/data/classic/tsplib/d198.tsp,hybrid,568,polyak,568,14364.911846834731,14365.05745407163,15780
/Users/a/Ayanami/code/TSP/data/classic/tsplib/d198.tsp,hybrid,569,polyak,569,14365.046676505419,14365.05745407163,15780
/Users/a/Ayanami/code/TSP/data/classic/tsplib/d198.tsp,hybrid,570,polyak,570,14364.93720973274,14365.05745407163,15780
/Users/a/Ayanami/code/TSP/data/classic/tsplib/d198.tsp,hybrid,571,polyak,571,14365.072431273724,14365.072431273724,15780
/Users/a/Ayanami/code/TSP/data/classic/tsplib/d198.tsp,hybrid,572,polyak,572,14364.921719197475,14365.072431273724,15780
/Users/a/Ayanami/code/TSP/data/classic/tsplib/d198.tsp,hybrid,573,polyak,573,14365.05824623759,14365.072431273724,15780
/Users/a/Ayanami/code/TSP/data/classic/tsplib/d198.tsp,hybrid,574,polyak,574,14364.964555282817,14365.072431273724,15780
/Users/a/Ayanami/code/TSP/data/classic/tsplib/d198.tsp,hybrid,575,polyak,575,14365.023078960316,14365.072431273724,15780
/Users/a/Ayanami/code/TSP/data/classic/tsplib/d198.tsp,hybrid,576,polyak,576,14365.002506316572,14365.072431273724,15780
/Users/a/Ayanami/code/TSP/data/classic/tsplib/d198.tsp,hybrid,577,polyak,577,14365.0228580697,14365.072431273724,15780
/Users/a/Ayanami/code/TSP/data/classic/tsplib/d198.tsp,hybrid,578,polyak,578,14365.011005169845,14365.072431273724,15780
/Users/a/Ayanami/code/TSP/data/classic/tsplib/d198.tsp,hybrid,579,polyak,579,14365.059778933239,14365.072431273724,15780
/Users/a/Ayanami/code/TSP/data/classic/tsplib/d198.tsp,hybrid,580,polyak,580,14364.92647456166,14365.072431273724,15780
/Users/a/Ayanami/code/TSP/data/classic/tsplib/d198.tsp,hybrid,581,polyak,581,14365.090988050611,14365.090988050611,15780
/Users/a/Ayanami/code/TSP/data/classic/tsplib/d198.tsp,hybrid,582,polyak,582,14365.009774341688,14365.090988050611,15780
/Users/a/Ayanami/code/TSP/data/classic/tsplib/d198.tsp,hybrid,583,polyak,583,14365.005929680881,14365.090988050611,15780
/Users/a/Ayanami/code/TSP/data/classic/tsplib/d198.tsp,hybrid,584,polyak,584,14365.044002210783,14365.090988050611,15780
/Users/a/Ayanami/code/TSP/data/classic/tsplib/d198.tsp,hybrid,585,polyak,585,14365.015791773258,14365.090988050611,15780
/Users/a/Ayanami/code/TSP/data/classic/tsplib/d198.tsp,hybrid,586,polyak,586,14365.060940630266,14365.090988050611,15780
/Users/a/Ayanami/code/TSP/data/classic/tsplib/d198.tsp,hybrid,587,polyak,587,14364.978187897117,14365.090988050611,15780
/Users/a/Ayanami/code/TSP/data/classic/tsplib/d198.tsp,hybrid,588,polyak,588,14365.083826663917,14365.090988050611,15780
/Users/a/Ayanami/code/TSP/data/classic/tsplib/d198.tsp,hybrid,589,polyak,589,14364.986031422894,14365.090988050611,15780
/Users/a/Ayanami/code/TSP/data/classic/tsplib/d198.tsp,hybrid,590,polyak,590,14365.044291600845,14365.090988050611,15780
/Users/a/Ayanami/code/TSP/data/classic/tsplib/d198.tsp,hybrid,591,polyak,591,14365.021468634895,14365.090988050611,15780
/Users/a/Ayanami/code/TSP/data/classic/tsplib/d198.tsp,hybrid,592,polyak,592,14365.010728887184,14365.090988050611,15780
/Users/a/Ayanami/code/TSP/data/classic/tsplib/d198.tsp,hybrid,593,polyak,593,14365.069797398941,14365.090988050611,15780
/Users/a/Ayanami/code/TSP/data/classic/tsplib/d198.tsp,hybrid,594,polyak,594,14365.064966815402,14365.090988050611,15780
/Users/a/Ayanami/code/TSP/data/classic/tsplib/d198.tsp,hybrid,595,polyak,595,14365.131188907717,14365.131188907717,15780
/Users/a/Ayanami/code/TSP/data/classic/tsplib/d198.tsp,hybrid,596,polyak,596,14365.103915606165,14365.131188907717,15780
/Users/a/Ayanami/code/TSP/data/classic/tsplib/d198.tsp,hybrid,597,polyak,597,14365.156484881931,14365.156484881931,15780
/Users/a/Ayanami/code/TSP/data/classic/tsplib/d198.tsp,hybrid,598,polyak,598,14365.121292592396,14365.156484881931,15780
/Users/a/Ayanami/code/TSP/data/classic/tsplib/d198.tsp,hybrid,599,polyak,599,14365.14199826494,14365.156484881931,15780
/Users/a/Ayanami/code/TSP/data/classic/tsplib/d198.tsp,hybrid,600,polyak,600,14365.135034894494,14365.156484881931,15780
/Users/a/Ayanami/code/TSP/data/classic/tsplib/d198.tsp,hybrid,601,polyak,601,14365.124065456639,14365.156484881931,15780
/Users/a/Ayanami/code/TSP/data/classic/tsplib/d198.tsp,hybrid,602,polyak,602,14365.14665491103,14365.156484881931,15780
/Users/a/Ayanami/code/TSP/data/classic/tsplib/d198.tsp,hybrid,603,polyak,603,14365.14772980857,14365.156484881931,15780
/Users/a/Ayanami/code/TSP/data/classic/tsplib/d198.tsp,hybrid,604,polyak,604,14365.139056114882,14365.156484881931,15780
/Users/a/Ayanami/code/TSP/data/classic/tsplib/d198.tsp,hybrid,605,polyak,605,14365.151533549135,14365.156484881931,15780
/Users/a/Ayanami/code/TSP/data/classic/tsplib/d198.tsp,hybrid,606,polyak,606,14365.148818626303,14365.156484881931,15780
/Users/a/Ayanami/code/TSP/data/classic/tsplib/d198.tsp,hybrid,607,polyak,607,14365.145103045676,14365.156484881931,15780
/Users/a/Ayanami/code/TSP/data/classic/tsplib/d198.tsp,hybrid,608,polyak,608,14365.157028706524,14365.157028706524,15780
/Users/a/Ayanami/code/TSP/data/classic/tsplib/d198.tsp,hybrid,609,polyak,609,14365.136700708548,14365.157028706524,15780
/Users/a/Ayanami/code/TSP/data/classic/tsplib/d198.tsp,hybrid,610,polyak,610,14365.168663466959,14365.168663466959,15780
/Users/a/Ayanami/code/TSP/data/classic/tsplib/d198.tsp,hybrid,611,polyak,611,14365.125077586723,14365.168663466959,15780
/Users/a/Ayanami/code/TSP/data/classic/tsplib/d198.tsp,hybrid,612,polyak,612,14365.199562462121,14365.199562462121,15780
/Users/a/Ayanami/code/TSP/data/classic/tsplib/d198.tsp,hybrid,613,polyak,613,14365.127685594121,14365.199562462121,15780
/Users/a/Ayanami/code/TSP/data/classic/tsplib/d198.tsp,hybrid,614,polyak,614,14365.197023352399,14365.199562462121,15780
/Users/a/Ayanami/code/TSP/data/classic/tsplib/d198.tsp,hybrid,615,polyak,615,14365.132286651344,14365.199562462121,15780
/Users/a/Ayanami/code/TSP/data/classic/tsplib/d198.tsp,hybrid,616,polyak,616,14365.175406798691,14365.199562462121,15780
/Users/a/Ayanami/code/TSP/data/classic/tsplib/d198.tsp,hybrid,617,polyak,617,14365.165482249789,14365.199562462121,15780
/Users/a/Ayanami/code/TSP/data/classic/tsplib/d198.tsp,hybrid,618,polyak,618,14365.181339509138,14365.199562462121,15780
/Users/a/Ayanami/code/TSP/data/classic/tsplib/d198.tsp,hybrid,619,polyak,619,14365.140528455388,14365.199562462121,15780
/Users/a/Ayanami/code/TSP/data/classic/tsplib/d198.tsp,hybrid,620,polyak,620,14365.191724809883,14365.199562462121,15780
/Users/a/Ayanami/code/TSP/data/classic/tsplib/d198.tsp,hybrid,621,polyak,621,14365.145142079422,14365.199562462121,15780
/Users/a/Ayanami/code/TSP/data/classic/tsplib/d198.tsp,hybrid,622,polyak,622,14365.196904810731,14365.199562462121,15780
/Users/a/Ayanami/code/TSP/data/classic/tsplib/d198.tsp,hybrid,623,polyak,623,14365.160140952763,14365.199562462121,15780
/Users/a/Ayanami/code/TSP/data/classic/tsplib/d198.tsp,hybrid,624,polyak,624,14365.185844124491,14365.199562462121,15780
/Users/a/Ayanami/code/TSP/data/classic/tsplib/d198.tsp,hybrid,625,polyak,625,14365.138192491184,14365.199562462121,15780
/Users/a/Ayanami/code/TSP/data/classic/tsplib/d198.tsp,hybrid,626,polyak,626,14365.210564861838,14365.210564861838,15780
/Users/a/Ayanami/code/TSP/data/classic/tsplib/d198.tsp,hybrid,627,polyak,627,14365.217652771093,14365.217652771093,15780
/Users/a/Ayanami/code/TSP/data/classic/tsplib/d198.tsp,hybrid,628,polyak,628,14365.217825071573,14365.217825071573,15780
/Users/a/Ayanami/code/TSP/data/classic/tsplib/d198.tsp,hybrid,629,polyak,629,14365.217546742049,14365.217825071573,15780
/Users/a/Ayanami/code/TSP/data/classic/tsplib/d198.tsp,hybrid,630,polyak,630,14365.219594673628,14365.219594673628,15780
/Users/a/Ayanami/code/TSP/data/classic/tsplib/d198.tsp,hybrid,631,polyak,631,14365.227839190035,14365.227839190035,15780
/Users/a/Ayanami/code/TSP/data/classic/tsplib/d198.tsp,hybrid,632,polyak,632,14365.205725095739,14365.227839190035,15780
/Users/a/Ayanami/code/TSP/data/classic/tsplib/d198.tsp,hybrid,633,polyak,633,14365.232627832615,14365.232627832615,15780
/Users/a/Ayanami/code/TSP/data/classic/tsplib/d198.tsp,hybrid,634,polyak,634,14365.217577678677,14365.232627832615,15780
/Users/a/Ayanami/code/TSP/data/classic/tsplib/d198.tsp,hybrid,635,polyak,635,14365.228703257086,14365.232627832615,15780
/Users/a/Ayanami/code/TSP/data/classic/tsplib/d198.tsp,hybrid,636,polyak,636,14365.214326420044,14365.232627832615,15780
/Users/a/Ayanami/code/TSP/data/classic/tsplib/d198.tsp,hybrid,637,polyak,637,14365.231661476595,14365.232627832615,15780
/Users/a/Ayanami/code/TSP/data/classic/tsplib/d198.tsp,hybrid,638,polyak,638,14365.219127231741,14365.232627832615,15780
/Users/a/Ayanami/code/TSP/data/classic/tsplib/d198.tsp,hybrid,639,polyak,639,14365.232760628314,14365.232760628314,15780
/Users/a/Ayanami/code/TSP/data/classic/tsplib/d198.tsp,hybrid,640,polyak,640,14365.224437216189,14365.232760628314,15780
/Users/a/Ayanami/code/TSP/data/classic/tsplib/d198.tsp,hybrid,641,polyak,641,14365.231421797809,14365.232760628314,15780
/Users/a/Ayanami/code/TSP/data/classic/tsplib/d198.tsp,hybrid,642,polyak,642,14365.230228482234,14365.232760628314,15780
/Users/a/Ayanami/code/TSP/data/classic/tsplib/d198.tsp,hybrid,643,polyak,643,14365.224337383859,14365.232760628314,15780
/Users/a/Ayanami/code/TSP/data/classic/tsplib/d198.tsp,hybrid,644,polyak,644,14365.243044180239,14365.243044180239,15780
/Users/a/Ayanami/code/TSP/data/classic/tsplib/d198.tsp,hybrid,645,polyak,645,14365.217104307454,14365.243044180239,15780
/Users/a/Ayanami/code/TSP/data/classic/tsplib/d198.tsp,hybrid,646,polyak,646,14365.246696178543,14365.246696178543,15780
/Users/a/Ayanami/code/TSP/data/classic/tsplib/d198.tsp,hybrid,647,polyak,647,14365.215921878611,14365.246696178543,15780
/Users/a/Ayanami/code/TSP/data/classic/tsplib/d198.tsp,hybrid,648,polyak,648,14365.240971153295,14365.246696178543,15780
/Users/a/Ayanami/code/TSP/data/classic/tsplib/d198.tsp,hybrid,649,polyak,649,14365.233260675073,14365.246696178543,15780
/Users/a/Ayanami/code/TSP/data/classic/tsplib/d198.tsp,hybrid,650,polyak,650,14365.235147292862,14365.246696178543,15780
/Users/a/Ayanami/code/TSP/data/classic/tsplib/d198.tsp,hybrid,651,polyak,651,14365.233731673756,14365.246696178543,15780
/Users/a/Ayanami/code/TSP/data/classic/tsplib/d198.tsp,hybrid,652,polyak,652,14365.241153337551,14365.246696178543,15780
/Users/a/Ayanami/code/TSP/data/classic/tsplib/d198.tsp,hybrid,653,polyak,653,14365.233144751786,14365.246696178543,15780
/Users/a/Ayanami/code/TSP/data/classic/tsplib/d198.tsp,hybrid,654,polyak,654,14365.248045522498,14365.248045522498,15780
/Users/a/Ayanami/code/TSP/data/classic/tsplib/d198.tsp,hybrid,655,polyak,655,14365.237195367394,14365.248045522498,15780
/Users/a/Ayanami/code/TSP/data/classic/tsplib/d198.tsp,hybrid,656,polyak,656,14365.243266808724,14365.248045522498,15780
/Users/a/Ayanami/code/TSP/data/classic/tsplib/d198.tsp,hybrid,657,polyak,657,14365.235676802848,14365.248045522498,15780
/Users/a/Ayanami/code/TSP/data/classic/tsplib/d198.tsp,hybrid,658,polyak,658,14365.243963607807,14365.248045522498,15780
/Users/a/Ayanami/code/TSP/data/classic/tsplib/d198.tsp,hybrid,659,polyak,659,14365.242679135621,14365.248045522498,15780
/Users/a/Ayanami/code/TSP/data/classic/tsplib/d198.tsp,hybrid,660,polyak,660,14365.246822137329,14365.248045522498,15780
/Users/a/Ayanami/code/TSP/data/classic/tsplib/d198.tsp,hybrid,661,polyak,661,14365.248230225365,14365.248230225365,15780
/Users/a/Ayanami/code/TSP/data/classic/tsplib/d198.tsp,hybrid,662,polyak,662,14365.227380328919,14365.248230225365,15780
/Users/a/Ayanami/code/TSP/data/classic/tsplib/d198.tsp,hybrid,663,polyak,663,14365.25670118018,14365.25670118018,15780
/Users/a/Ayanami/code/TSP/data/classic/tsplib/d198.tsp,hybrid,664,polyak,664,14365.232806460104,14365.25670118018,15780
/Users/a/Ayanami/code/TSP/data/classic/tsplib/d198.tsp,hybrid,665,polyak,665,14365.264502847484,14365.264502847484,15780
/Users/a/Ayanami/code/TSP/data/classic/tsplib/d198.tsp,hybrid,666,polyak,666,14365.225586854212,14365.264502847484,15780
/Users/a/Ayanami/code/TSP/data/classic/tsplib/d198.tsp,hybrid,667,polyak,667,14365.258142066863,14365.264502847484,15780
/Users/a/Ayanami/code/TSP/data/classic/tsplib/d198.tsp,hybrid,668,polyak,668,14365.24177378248,14365.264502847484,15780
/Users/a/Ayanami/code/TSP/data/classic/tsplib/d198.tsp,hybrid,669,polyak,669,14365.254027706014,14365.264502847484,15780
/Users/a/Ayanami/code/TSP/data/classic/tsplib/d198.tsp,hybrid,670,polyak,670,14365.244529871521,14365.264502847484,15780
/Users/a/Ayanami/code/TSP/data/classic/tsplib/d198.tsp,hybrid,671,polyak,671,14365.250302902867,14365.264502847484,15780
/Users/a/Ayanami/code/TSP/data/classic/tsplib/d198.tsp,hybrid,672,polyak,672,14365.250749029359,14365.264502847484,15780
/Users/a/Ayanami/code/TSP/data/classic/tsplib/d198.tsp,hybrid,673,polyak,673,14365.246966525137,14365.264502847484,15780
/Users/a/Ayanami/code/TSP/data/classic/tsplib/d198.tsp,hybrid,674,polyak,674,14365.263418332088,14365.264502847484,15780
/Users/a/Ayanami/code/TSP/data/classic/tsplib/d198.tsp,hybrid,675,polyak,675,14365.241121781846,14365.264502847484,15780
/Users/a/Ayanami/code/TSP/data/classic/tsplib/d198.tsp,hybrid,676,polyak,676,14365.259966011074,14365.264502847484,15780
/Users/a/Ayanami/code/TSP/data/classic/tsplib/d198.tsp,hybrid,677,polyak,677,14365.253158386171,14365.264502847484,15780
/Users/a/Ayanami/code/TSP/data/classic/tsplib/d198.tsp,hybrid,678,polyak,678,14365.249196614972,14365.264502847484,15780
/Users/a/Ayanami/code/TSP/data/classic/tsplib/d198.tsp,hybrid,679,polyak,679,14365.276260423087,14365.276260423087,15780
/Users/a/Ayanami/code/TSP/data/classic/tsplib/d198.tsp,hybrid,680,polyak,680,14365.264376925257,14365.276260423087,15780
/Users/a/Ayanami/code/TSP/data/classic/tsplib/d198.tsp,hybrid,681,polyak,681,14365.277157931068,14365.277157931068,15780
/Users/a/Ayanami/code/TSP/data/classic/tsplib/d198.tsp,hybrid,682,polyak,682,14365.268656872769,14365.277157931068,15780
/Users/a/Ayanami/code/TSP/data/classic/tsplib/d198.tsp,hybrid,683,polyak,683,14365.283525707691,14365.283525707691,15780
/Users/a/Ayanami/code/TSP/data/classic/tsplib/d198.tsp,hybrid,684,polyak,684,14365.273231930018,14365.283525707691,15780
/Users/a/Ayanami/code/TSP/data/classic/tsplib/d198.tsp,hybrid,685,polyak,685,14365.274933868943,14365.283525707691,15780
/Users/a/Ayanami/code/TSP/data/classic/tsplib/d198.tsp,hybrid,686,polyak,686,14365.276435566429,14365.283525707691,15780
/Users/a/Ayanami/code/TSP/data/classic/tsplib/d198.tsp,hybrid,687,polyak,687,14365.279791027566,14365.283525707691,15780
/Users/a/Ayanami/code/TSP/data/classic/tsplib/d198.tsp,hybrid,688,polyak,688,14365.275439643887,14365.283525707691,15780
/Users/a/Ayanami/code/TSP/data/classic/tsplib/d198.tsp,hybrid,689,polyak,689,14365.281394370579,14365.283525707691,15780
/Users/a/Ayanami/code/TSP/data/classic/tsplib/d198.tsp,hybrid,690,polyak,690,14365.27769779703,14365.283525707691,15780
/Users/a/Ayanami/code/TSP/data/classic/tsplib/d198.tsp,hybrid,691,polyak,691,14365.278305970354,14365.283525707691,15780
/Users/a/Ayanami/code/TSP/data/classic/tsplib/d198.tsp,hybrid,692,polyak,692,14365.27939218979,14365.283525707691,15780
/Users/a/Ayanami/code/TSP/data/classic/tsplib/d198.tsp,hybrid,693,polyak,693,14365.27980732331,14365.283525707691,15780
/Users/a/Ayanami/code/TSP/data/classic/tsplib/d198.tsp,hybrid,694,polyak,694,14365.282201478361,14365.283525707691,15780
/Users/a/Ayanami/code/TSP/data/classic/tsplib/d198.tsp,hybrid,695,polyak,695,14365.279260277253,14365.283525707691,15780
/Users/a/Ayanami/code/TSP/data/classic/tsplib/d198.tsp,hybrid,696,polyak,696,14365.279097333327,14365.283525707691,15780
/Users/a/Ayanami/code/TSP/data/classic/tsplib/d198.tsp,hybrid,697,polyak,697,14365.291217210621,14365.291217210621,15780
/Users/a/Ayanami/code/TSP/data/classic/tsplib/d198.tsp,hybrid,698,polyak,698,14365.289718612245,14365.291217210621,15780
/Users/a/Ayanami/code/TSP/data/classic/tsplib/d198.tsp,hybrid,699,polyak,699,14365.295407360349,14365.295407360349,15780
/Users/a/Ayanami/code/TSP/data/classic/tsplib/d198.tsp,hybrid,700,polyak,700,14365.289499065781,14365.295407360349,15780
/Users/a/Ayanami/code/TSP/data/classic/tsplib/d198.tsp,hybrid,701,polyak,701,14365.297681180262,14365.297681180262,15780
/Users/a/Ayanami/code/TSP/data/classic/tsplib/d198.tsp,hybrid,702,polyak,702,14365.289996379444,14365.297681180262,15780
/Users/a/Ayanami/code/TSP/data/classic/tsplib/d198.tsp,hybrid,703,polyak,703,14365.297168061232,14365.297681180262,15780
/Users/a/Ayanami/code/TSP/data/classic/tsplib/d198.tsp,hybrid,704,polyak,704,14365.293059193205,14365.297681180262,15780
/Users/a/Ayanami/code/TSP/data/classic/tsplib/d198.tsp,hybrid,705,polyak,705,14365.295754001443,14365.297681180262,15780
/Users/a/Ayanami/code/TSP/data/classic/tsplib/d198.tsp,hybrid,706,polyak,706,14365.296037490207,14365.297681180262,15780
/Users/a/Ayanami/code/TSP/data/classic/tsplib/d198.tsp,hybrid,707,polyak,707,14365.294007101247,14365.297681180262,15780
/Users/a/Ayanami/code/TSP/data/classic/tsplib/d198.tsp,hybrid,708,polyak,708,14365.29757339464,14365.297681180262,15780
/Users/a/Ayanami/code/TSP/data/classic/tsplib/d198.tsp,hybrid,709,polyak,709,14365.291952882546,14365.297681180262,15780
/Users/a/Ayanami/code/TSP/data/classic/tsplib/d198.tsp,hybrid,710,polyak,710,14365.301138517834,14365.301138517834,15780
/Users/a/Ayanami/code/TSP/data/classic/tsplib/d198.tsp,hybrid,711,polyak,711,14365.290696132044,14365.301138517834,15780
/Users/a/Ayanami/code/TSP/data/classic/tsplib/d198.tsp,hybrid,712,polyak,712,14365.300906680613,14365.301138517834,15780
/Users/a/Ayanami/code/TSP/data/classic/tsplib/d198.tsp,hybrid,713,polyak,713,14365.289229177457,14365.301138517834,15780
/Users/a/Ayanami/code/TSP/data/classic/tsplib/d198.tsp,hybrid,714,polyak,714,14365.299871356779,14365.301138517834,15780
/Users/a/Ayanami/code/TSP/data/classic/tsplib/d198.tsp,hybrid,715,polyak,715,14365.296801245426,14365.301138517834,15780
/Users/a/Ayanami/code/TSP/data/classic/tsplib/d198.tsp,hybrid,716,polyak,716,14365.298242162718,14365.301138517834,15780
/Users/a/Ayanami/code/TSP/data/classic/tsplib/d198.tsp,hybrid,717,polyak,717,14365.300209838271,14365.301138517834,15780
/Users/a/Ayanami/code/TSP/data/classic/tsplib/d198.tsp,hybrid,718,polyak,718,14365.294356360984,14365.301138517834,15780
/Users/a/Ayanami/code/TSP/data/classic/tsplib/d198.tsp,hybrid,719,polyak,719,14365.301207046488,14365.301207046488,15780
/Users/a/Ayanami/code/TSP/data/classic/tsplib/d198.tsp,hybrid,720,polyak,720,14365.294758295347,14365.301207046488,15780
/Users/a/Ayanami/code/TSP/data/classic/tsplib/d198.tsp,hybrid,721,polyak,721,14365.301801024409,14365.301801024409,15780
/Users/a/Ayanami/code/TSP/data/classic/tsplib/d198.tsp,hybrid,722,polyak,722,14365.295337407975,14365.301801024409,15780
/Users/a/Ayanami/code/TSP/data/classic/tsplib/d198.tsp,hybrid,723,polyak,723,14365.302745128911,14365.302745128911,15780
/Users/a/Ayanami/code/TSP/data/classic/tsplib/d198.tsp,hybrid,724,polyak,724,14365.296534724574,14365.302745128911,15780
/Users/a/Ayanami/code/TSP/data/classic/tsplib/d198.tsp,hybrid,725,polyak,725,14365.300319974038,14365.302745128911,15780
/Users/a/Ayanami/code/TSP/data/classic/tsplib/d198.tsp,hybrid,726,polyak,726,14365.295663940917,14365.302745128911,15780
/Users/a/Ayanami/code/TSP/data/classic/tsplib/d198.tsp,hybrid,727,polyak,727,14365.30331758431,14365.30331758431,15780
/Users/a/Ayanami/code/TSP/data/classic/tsplib/d198.tsp,hybrid,728,polyak,728,14365.29566942294,14365.30331758431,15780
/Users/a/Ayanami/code/TSP/data/classic/tsplib/d198.tsp,hybrid,729,polyak,729,14365.302023192347,14365.30331758431,15780
/Users/a/Ayanami/code/TSP/data/classic/tsplib/d198.tsp,hybrid,730,polyak,730,14365.298549501724,14365.30331758431,15780
/Users/a/Ayanami/code/TSP/data/classic/tsplib/d198.tsp,hybrid,731,polyak,731,14365.302988550855,14365.30331758431,15780
/Users/a/Ayanami/code/TSP/data/classic/tsplib/d198.tsp,hybrid,732,polyak,732,14365.298745930142,14365.30331758431,15780
/Users/a/Ayanami/code/TSP/data/classic/tsplib/d198.tsp,hybrid,733,polyak,733,14365.303815823569,14365.303815823569,15780
/Users/a/Ayanami/code/TSP/data/classic/tsplib/d198.tsp,hybrid,734,polyak,734,14365.29530963499,14365.303815823569,15780
/Users/a/Ayanami/code/TSP/data/classic/tsplib/d198.tsp,hybrid,735,polyak,735,14365.304367771278,14365.304367771278,15780
/Users/a/Ayanami/code/TSP/data/classic/tsplib/d198.tsp,hybrid,736,polyak,736,14365.295852311734,14365.304367771278,15780
/Users/a/Ayanami/code/TSP/data/classic/tsplib/d198.tsp,hybrid,737,polyak,737,14365.305185833015,14365.305185833015,15780
/Users/a/Ayanami/code/TSP/data/classic/tsplib/d198.tsp,hybrid,738,polyak,738,14365.297357227839,14365.305185833015,15780
/Users/a/Ayanami/code/TSP/data/classic/tsplib/d198.tsp,hybrid,739,polyak,739,14365.305511900389,14365.305511900389,15780
/Users/a/Ayanami/code/TSP/data/classic/tsplib/d198.tsp,hybrid,740,polyak,740,14365.299355418048,14365.305511900389,15780
/Users/a/Ayanami/code/TSP/data/classic/tsplib/d198.tsp,hybrid,741,polyak,741,14365.301452638958,14365.305511900389,15780
/Users/a/Ayanami/code/TSP/data/classic/tsplib/d198.tsp,hybrid,742,polyak,742,14365.304450471222,14365.305511900389,15780
/Users/a/Ayanami/code/TSP/data/classic/tsplib/d198.tsp,hybrid,743,polyak,743,14365.299820101489,14365.305511900389,15780
/Users/a/Ayanami/code/TSP/data/classic/tsplib/d198.tsp,hybrid,744,polyak,744,14365.304794049949,14365.305511900389,15780
/Users/a/Ayanami/code/TSP/data/classic/tsplib/d198.tsp,hybrid,745,polyak,745,14365.29955280001,14365.305511900389,15780
/Users/a/Ayanami/code/TSP/data/classic/tsplib/d198.tsp,hybrid,746,polyak,746,14365.305181634923,14365.305511900389,15780
/Users/a/Ayanami/code/TSP/data/classic/tsplib/d198.tsp,hybrid,747,polyak,747,14365.301215461615,14365.305511900389,15780
/Users/a/Ayanami/code/TSP/data/classic/tsplib/d198.tsp,hybrid,748,polyak,748,14365.304646671497,14365.305511900389,15780
/Users/a/Ayanami/code/TSP/data/classic/tsplib/d198.tsp,hybrid,749,polyak,749,14365.301750532204,14365.305511900389,15780
/Users/a/Ayanami/code/TSP/data/classic/tsplib/d198.tsp,hybrid,750,polyak,750,14365.305370184617,14365.305511900389,15780
/Users/a/Ayanami/code/TSP/data/classic/tsplib/d198.tsp,hybrid,751,polyak,751,14365.30068181637,14365.305511900389,15780
/Users/a/Ayanami/code/TSP/data/classic/tsplib/d198.tsp,hybrid,752,helsgaun,1,14365.305511900389,14365.305511900389,15780
/Users/a/Ayanami/code/TSP/data/classic/tsplib/d198.tsp,hybrid,753,helsgaun,2,14328.904646726227,14365.305511900389,15780
/Users/a/Ayanami/code/TSP/data/classic/tsplib/d198.tsp,hybrid,754,helsgaun,3,14341.376974295907,14365.305511900389,15780
/Users/a/Ayanami/code/TSP/data/classic/tsplib/d198.tsp,hybrid,755,helsgaun,4,14343.920148949195,14365.305511900389,15780
/Users/a/Ayanami/code/TSP/data/classic/tsplib/d198.tsp,hybrid,756,helsgaun,5,14351.898724786079,14365.305511900389,15780
/Users/a/Ayanami/code/TSP/data/classic/tsplib/d198.tsp,hybrid,757,helsgaun,6,14336.81182476562,14365.305511900389,15780
/Users/a/Ayanami/code/TSP/data/classic/tsplib/d198.tsp,hybrid,758,helsgaun,7,14344.36167284644,14365.305511900389,15780
/Users/a/Ayanami/code/TSP/data/classic/tsplib/d198.tsp,hybrid,759,helsgaun,8,14347.033792385877,14365.305511900389,15780
/Users/a/Ayanami/code/TSP/data/classic/tsplib/d198.tsp,hybrid,760,helsgaun,9,14351.530939476506,14365.305511900389,15780
/Users/a/Ayanami/code/TSP/data/classic/tsplib/d198.tsp,hybrid,761,helsgaun,10,14345.676929526346,14365.305511900389,15780
/Users/a/Ayanami/code/TSP/data/classic/tsplib/d198.tsp,hybrid,762,helsgaun,11,14351.891141794429,14365.305511900389,15780
/Users/a/Ayanami/code/TSP/data/classic/tsplib/d198.tsp,hybrid,763,helsgaun,12,14347.652233187024,14365.305511900389,15780
/Users/a/Ayanami/code/TSP/data/classic/tsplib/d198.tsp,hybrid,764,helsgaun,13,14352.950104816486,14365.305511900389,15780
/Users/a/Ayanami/code/TSP/data/classic/tsplib/d198.tsp,hybrid,765,helsgaun,14,14341.348691547841,14365.305511900389,15780
/Users/a/Ayanami/code/TSP/data/classic/tsplib/d198.tsp,hybrid,766,helsgaun,15,14348.884136082037,14365.305511900389,15780
/Users/a/Ayanami/code/TSP/data/classic/tsplib/d198.tsp,hybrid,767,helsgaun,16,14348.281266693608,14365.305511900389,15780
/Users/a/Ayanami/code/TSP/data/classic/tsplib/d198.tsp,hybrid,768,helsgaun,17,14356.277174533376,14365.305511900389,15780
/Users/a/Ayanami/code/TSP/data/classic/tsplib/d198.tsp,hybrid,769,helsgaun,18,14343.512293992819,14365.305511900389,15780
/Users/a/Ayanami/code/TSP/data/classic/tsplib/d198.tsp,hybrid,770,helsgaun,19,14350.728898710911,14365.305511900389,15780
/Users/a/Ayanami/code/TSP/data/classic/tsplib/d198.tsp,hybrid,771,helsgaun,20,14348.819836967876,14365.305511900389,15780
/Users/a/Ayanami/code/TSP/data/classic/tsplib/d198.tsp,hybrid,772,helsgaun,21,14352.977287350979,14365.305511900389,15780
/Users/a/Ayanami/code/TSP/data/classic/tsplib/d198.tsp,hybrid,773,helsgaun,22,14346.765209364881,14365.305511900389,15780
/Users/a/Ayanami/code/TSP/data/classic/tsplib/d198.tsp,hybrid,774,helsgaun,23,14351.142151227426,14365.305511900389,15780
/Users/a/Ayanami/code/TSP/data/classic/tsplib/d198.tsp,hybrid,775,helsgaun,24,14349.860126502916,14365.305511900389,15780
/Users/a/Ayanami/code/TSP/data/classic/tsplib/d198.tsp,hybrid,776,helsgaun,25,14355.177869735309,14365.305511900389,15780
/Users/a/Ayanami/code/TSP/data/classic/tsplib/d198.tsp,hybrid,777,helsgaun,26,14346.85676581772,14365.305511900389,15780
/Users/a/Ayanami/code/TSP/data/classic/tsplib/d198.tsp,hybrid,778,helsgaun,27,14351.955787212737,14365.305511900389,15780
/Users/a/Ayanami/code/TSP/data/classic/tsplib/d198.tsp,hybrid,779,helsgaun,28,14351.773537051369,14365.305511900389,15780
/Users/a/Ayanami/code/TSP/data/classic/tsplib/d198.tsp,hybrid,780,helsgaun,29,14356.851496596826,14365.305511900389,15780
/Users/a/Ayanami/code/TSP/data/classic/tsplib/d198.tsp,hybrid,781,helsgaun,30,14347.663158549893,14365.305511900389,15780
/Users/a/Ayanami/code/TSP/data/classic/tsplib/d198.tsp,hybrid,782,helsgaun,31,14350.894802531355,14365.305511900389,15780
/Users/a/Ayanami/code/TSP/data/classic/tsplib/d198.tsp,hybrid,783,helsgaun,32,14354.612729563536,14365.305511900389,15780
/Users/a/Ayanami/code/TSP/data/classic/tsplib/d198.tsp,hybrid,784,helsgaun,33,14354.504708682447,14365.305511900389,15780
/Users/a/Ayanami/code/TSP/data/classic/tsplib/d198.tsp,hybrid,785,helsgaun,34,14348.370899232974,14365.305511900389,15780
/Users/a/Ayanami/code/TSP/data/classic/tsplib/d198.tsp,hybrid,786,helsgaun,35,14349.471867984024,14365.305511900389,15780
/Users/a/Ayanami/code/TSP/data/classic/tsplib/d198.tsp,hybrid,787,helsgaun,36,14349.994374324571,14365.305511900389,15780
/Users/a/Ayanami/code/TSP/data/classic/tsplib/d198.tsp,hybrid,788,helsgaun,37,14357.744235722339,14365.305511900389,15780
/Users/a/Ayanami/code/TSP/data/classic/tsplib/d198.tsp,hybrid,789,helsgaun,38,14347.504767311257,14365.305511900389,15780
/Users/a/Ayanami/code/TSP/data/classic/tsplib/d198.tsp,hybrid,790,helsgaun,39,14346.634922610301,14365.305511900389,15780
/Users/a/Ayanami/code/TSP/data/classic/tsplib/d198.tsp,hybrid,791,helsgaun,40,14354.285930650731,14365.305511900389,15780
/Users/a/Ayanami/code/TSP/data/classic/tsplib/d198.tsp,hybrid,792,helsgaun,41,14354.047974922261,14365.305511900389,15780
/Users/a/Ayanami/code/TSP/data/classic/tsplib/d198.tsp,hybrid,793,helsgaun,42,14348.760601784679,14365.305511900389,15780
/Users/a/Ayanami/code/TSP/data/classic/tsplib/d198.tsp,hybrid,794,helsgaun,43,14352.472682527065,14365.305511900389,15780
/Users/a/Ayanami/code/TSP/data/classic/tsplib/d198.tsp,hybrid,795,helsgaun,44,14357.807355695282,14365.305511900389,15780
/Users/a/Ayanami/code/TSP/data/classic/tsplib/d198.tsp,hybrid,796,helsgaun,45,14359.28238579404,14365.305511900389,15780
/Users/a/Ayanami/code/TSP/data/classic/tsplib/d198.tsp,hybrid,797,helsgaun,46,14351.98516572995,14365.305511900389,15780
/Users/a/Ayanami/code/TSP/data/classic/tsplib/d198.tsp,hybrid,798,helsgaun,47,14357.567483002378,14365.305511900389,15780
/Users/a/Ayanami/code/TSP/data/classic/tsplib/d198.tsp,hybrid,799,helsgaun,48,14357.690304648138,14365.305511900389,15780
/Users/a/Ayanami/code/TSP/data/classic/tsplib/d198.tsp,hybrid,800,helsgaun,49,14355.993369307367,14365.305511900389,15780
/Users/a/Ayanami/code/TSP/data/classic/tsplib/d198.tsp,hybrid,801,helsgaun,50,14350.942819441632,14365.305511900389,15780
/Users/a/Ayanami/code/TSP/data/classic/tsplib/d198.tsp,hybrid,802,helsgaun,51,14357.378366182413,14365.305511900389,15780
/Users/a/Ayanami/code/TSP/data/classic/tsplib/d198.tsp,hybrid,803,helsgaun,52,14355.543325618401,14365.305511900389,15780
/Users/a/Ayanami/code/TSP/data/classic/tsplib/d198.tsp,hybrid,804,helsgaun,53,14362.384029036788,14365.305511900389,15780
/Users/a/Ayanami/code/TSP/data/classic/tsplib/d198.tsp,hybrid,805,helsgaun,54,14354.436316225283,14365.305511900389,15780
/Users/a/Ayanami/code/TSP/data/classic/tsplib/d198.tsp,hybrid,806,helsgaun,55,14352.370234130431,14365.305511900389,15780
/Users/a/Ayanami/code/TSP/data/classic/tsplib/d198.tsp,hybrid,807,helsgaun,56,14355.507559310208,14365.305511900389,15780
/Users/a/Ayanami/code/TSP/data/classic/tsplib/d198.tsp,hybrid,808,helsgaun,57,14356.202014968647,14365.305511900389,15780
/Users/a/Ayanami/code/TSP/data/classic/tsplib/d198.tsp,hybrid,809,helsgaun,58,14353.431704736095,14365.305511900389,15780
/Users/a/Ayanami/code/TSP/data/classic/tsplib/d198.tsp,hybrid,810,helsgaun,59,14356.238581578486,14365.305511900389,15780
/Users/a/Ayanami/code/TSP/data/classic/tsplib/d198.tsp,hybrid,811,helsgaun,60,14361.326625273126,14365.305511900389,15780
/Users/a/Ayanami/code/TSP/data/classic/tsplib/d198.tsp,hybrid,812,helsgaun,61,14358.653808797944,14365.305511900389,15780
/Users/a/Ayanami/code/TSP/data/classic/tsplib/d198.tsp,hybrid,813,helsgaun,62,14355.429546522349,14365.305511900389,15780
/Users/a/Ayanami/code/TSP/data/classic/tsplib/d198.tsp,hybrid,814,helsgaun,63,14355.141140154279,14365.305511900389,15780
/Users/a/Ayanami/code/TSP/data/classic/tsplib/d198.tsp,hybrid,815,helsgaun,64,14360.450759716707,14365.305511900389,15780
/Users/a/Ayanami/code/TSP/data/classic/tsplib/d198.tsp,hybrid,816,helsgaun,65,14359.52467724115,14365.305511900389,15780
/Users/a/Ayanami/code/TSP/data/classic/tsplib/d198.tsp,hybrid,817,helsgaun,66,14355.494556055266,14365.305511900389,15780
/Users/a/Ayanami/code/TSP/data/classic/tsplib/d198.tsp,hybrid,818,helsgaun,67,14360.329185119113,14365.305511900389,15780
/Users/a/Ayanami/code/TSP/data/classic/tsplib/d198.tsp,hybrid,819,helsgaun,68,14360.33042802865,14365.305511900389,15780
/Users/a/Ayanami/code/TSP/data/classic/tsplib/d198.tsp,hybrid,820,helsgaun,69,14359.232879534364,14365.305511900389,15780
/Users/a/Ayanami/code/TSP/data/classic/tsplib/d198.tsp,hybrid,821,helsgaun,70,14355.469583378523,14365.305511900389,15780
/Users/a/Ayanami/code/TSP/data/classic/tsplib/d198.tsp,hybrid,822,helsgaun,71,14356.460708198996,14365.305511900389,15780
/Users/a/Ayanami/code/TSP/data/classic/tsplib/d198.tsp,hybrid,823,helsgaun,72,14359.500254861017,14365.305511900389,15780
/Users/a/Ayanami/code/TSP/data/classic/tsplib/d198.tsp,hybrid,824,helsgaun,73,14359.691563771739,14365.305511900389,15780
/Users/a/Ayanami/code/TSP/data/classic/tsplib/d198.tsp,hybrid,825,helsgaun,74,14356.242222127888,14365.305511900389,15780
/Users/a/Ayanami/code/TSP/data/classic/tsplib/d198.tsp,hybrid,826,helsgaun,75,14361.853908256528,14365.305511900389,15780
/Users/a/Ayanami/code/TSP/data/classic/tsplib/d198.tsp,hybrid,827,helsgaun,76,14363.590908384873,14365.305511900389,15780
/Users/a/Ayanami/code/TSP/data/classic/tsplib/d198.tsp,hybrid,828,helsgaun,77,14364.98978680461,14365.305511900389,15780
/Users/a/Ayanami/code/TSP/data/classic/tsplib/d198.tsp,hybrid,829,helsgaun,78,14360.128283714406,14365.305511900389,15780
/Users/a/Ayanami/code/TSP/data/classic/tsplib/d198.tsp,hybrid,830,helsgaun,79,14358.142746811996,14365.305511900389,15780
/Users/a/Ayanami/code/TSP/data/classic/tsplib/d198.tsp,hybrid,831,helsgaun,80,14360.622102861638,14365.305511900389,15780
/Users/a/Ayanami/code/TSP/data/classic/tsplib/d198.tsp,hybrid,832,helsgaun,81,14361.618648531743,14365.305511900389,15780
/Users/a/Ayanami/code/TSP/data/classic/tsplib/d198.tsp,hybrid,833,helsgaun,82,14359.296640895764,14365.305511900389,15780
/Users/a/Ayanami/code/TSP/data/classic/tsplib/d198.tsp,hybrid,834,helsgaun,83,14358.586512439097,14365.305511900389,15780
/Users/a/Ayanami/code/TSP/data/classic/tsplib/d198.tsp,hybrid,835,helsgaun,84,14362.455166627324,14365.305511900389,15780
/Users/a/Ayanami/code/TSP/data/classic/tsplib/d198.tsp,hybrid,836,helsgaun,85,14364.211573218574,14365.305511900389,15780
/Users/a/Ayanami/code/TSP/data/classic/tsplib/d198.tsp,hybrid,837,helsgaun,86,14358.057438283382,14365.305511900389,15780
/Users/a/Ayanami/code/TSP/data/classic/tsplib/d198.tsp,hybrid,838,helsgaun,87,14362.408839883623,14365.305511900389,15780
/Users/a/Ayanami/code/TSP/data/classic/tsplib/d198.tsp,hybrid,839,helsgaun,88,14360.917399220887,14365.305511900389,15780
/Users/a/Ayanami/code/TSP/data/classic/tsplib/d198.tsp,hybrid,840,helsgaun,89,14366.540510244042,14366.540510244042,15780
/Users/a/Ayanami/code/TSP/data/classic/tsplib/d198.tsp,hybrid,841,helsgaun,90,14354.957994279712,14366.540510244042,15780
/Users/a/Ayanami/code/TSP/data/classic/tsplib/d198.tsp,hybrid,842,helsgaun,91,14359.651011964583,14366.540510244042,15780
/Users/a/Ayanami/code/TSP/data/classic/tsplib/d198.tsp,hybrid,843,helsgaun,92,14361.912414045164,14366.540510244042,15780
/Users/a/Ayanami/code/TSP/data/classic/tsplib/d198.tsp,hybrid,844,helsgaun,93,14368.483886948223,14368.483886948223,15780
/Users/a/Ayanami/code/TSP/data/classic/tsplib/d198.tsp,hybrid,845,helsgaun,94,14357.615730641279,14368.483886948223,15780
/Users/a/Ayanami/code/TSP/data/classic/tsplib/d198.tsp,hybrid,846,helsgaun,95,14359.936788477797,14368.483886948223,15780
/Users/a/Ayanami/code/TSP/data/classic/tsplib/d198.tsp,hybrid,847,helsgaun,96,14365.666109566524,14368.483886948223,15780
/Users/a/Ayanami/code/TSP/data/classic/tsplib/d198.tsp,hybrid,848,helsgaun,97,14366.354978209743,14368.483886948223,15780
/Users/a/Ayanami/code/TSP/data/classic/tsplib/d198.tsp,hybrid,849,helsgaun,98,14363.002382641806,14368.483886948223,15780
/Users/a/Ayanami/code/TSP/data/classic/tsplib/d198.tsp,hybrid,850,helsgaun,99,14359.078283056382,14368.483886948223,15780
/Users/a/Ayanami/code/TSP/data/classic/tsplib/d198.tsp,hybrid,851,helsgaun,100,14365.982269190923,14368.483886948223,15780
/Users/a/Ayanami/code/TSP/data/classic/tsplib/d198.tsp,hybrid,852,helsgaun,101,14374.079708129282,14374.079708129282,15780
/Users/a/Ayanami/code/TSP/data/classic/tsplib/d198.tsp,hybrid,853,helsgaun,102,14372.466026588167,14374.079708129282,15780
/Users/a/Ayanami/code/TSP/data/classic/tsplib/d198.tsp,hybrid,854,helsgaun,103,14376.182306113747,14376.182306113747,15780
/Users/a/Ayanami/code/TSP/data/classic/tsplib/d198.tsp,hybrid,855,helsgaun,104,14372.662825704643,14376.182306113747,15780
/Users/a/Ayanami/code/TSP/data/classic/tsplib/d198.tsp,hybrid,856,helsgaun,105,14377.057399233177,14377.057399233177,15780
/Users/a/Ayanami/code/TSP/data/classic/tsplib/d198.tsp,hybrid,857,helsgaun,106,14372.664849611425,14377.057399233177,15780
/Users/a/Ayanami/code/TSP/data/classic/tsplib/d198.tsp,hybrid,858,helsgaun,107,14378.004099536229,14378.004099536229,15780
/Users/a/Ayanami/code/TSP/data/classic/tsplib/d198.tsp,hybrid,859,helsgaun,108,14372.965685409901,14378.004099536229,15780
/Users/a/Ayanami/code/TSP/data/classic/tsplib/d198.tsp,hybrid,860,helsgaun,109,14376.886588094931,14378.004099536229,15780
/Users/a/Ayanami/code/TSP/data/classic/tsplib/d198.tsp,hybrid,861,helsgaun,110,14374.816408632936,14378.004099536229,15780
/Users/a/Ayanami/code/TSP/data/classic/tsplib/d198.tsp,hybrid,862,helsgaun,111,14378.064961902734,14378.064961902734,15780
/Users/a/Ayanami/code/TSP/data/classic/tsplib/d198.tsp,hybrid,863,helsgaun,112,14373.312579461113,14378.064961902734,15780
/Users/a/Ayanami/code/TSP/data/classic/tsplib/d198.tsp,hybrid,864,helsgaun,113,14376.536219876993,14378.064961902734,15780
/Users/a/Ayanami/code/TSP/data/classic/tsplib/d198.tsp,hybrid,865,helsgaun,114,14374.416693182689,14378.064961902734,15780
/Users/a/Ayanami/code/TSP/data/classic/tsplib/d198.tsp,hybrid,866,helsgaun,115,14376.668716368613,14378.064961902734,15780
/Users/a/Ayanami/code/TSP/data/classic/tsplib/d198.tsp,hybrid,867,helsgaun,116,14375.261549625138,14378.064961902734,15780
/Users/a/Ayanami/code/TSP/data/classic/tsplib/d198.tsp,hybrid,868,helsgaun,117,14378.362806942485,14378.362806942485,15780
/Users/a/Ayanami/code/TSP/data/classic/tsplib/d198.tsp,hybrid,869,helsgaun,118,14375.580793793855,14378.362806942485,15780
/Users/a/Ayanami/code/TSP/data/classic/tsplib/d198.tsp,hybrid,870,helsgaun,119,14377.569020489853,14378.362806942485,15780
/Users/a/Ayanami/code/TSP/data/classic/tsplib/d198.tsp,hybrid,871,helsgaun,120,14376.062933658315,14378.362806942485,15780
/Users/a/Ayanami/code/TSP/data/classic/tsplib/d198.tsp,hybrid,872,helsgaun,121,14378.161018495171,14378.362806942485,15780
/Users/a/Ayanami/code/TSP/data/classic/tsplib/d198.tsp,hybrid,873,helsgaun,122,14376.367721389579,14378.362806942485,15780
/Users/a/Ayanami/code/TSP/data/classic/tsplib/d198.tsp,hybrid,874,helsgaun,123,14379.06661588868,14379.06661588868,15780
/Users/a/Ayanami/code/TSP/data/classic/tsplib/d198.tsp,hybrid,875,helsgaun,124,14375.26494995235,14379.06661588868,15780
/Users/a/Ayanami/code/TSP/data/classic/tsplib/d198.tsp,hybrid,876,helsgaun,125,14378.314213115453,14379.06661588868,15780
/Users/a/Ayanami/code/TSP/data/classic/tsplib/d198.tsp,hybrid,877,helsgaun,126,14376.366159042514,14379.06661588868,15780
/Users/a/Ayanami/code/TSP/data/classic/tsplib/d198.tsp,hybrid,878,helsgaun,127,14378.014514627132,14379.06661588868,15780
/Users/a/Ayanami/code/TSP/data/classic/tsplib/d198.tsp,hybrid,879,helsgaun,128,14375.21628377852,14379.06661588868,15780
/Users/a/Ayanami/code/TSP/data/classic/tsplib/d198.tsp,hybrid,880,helsgaun,129,14377.714696196555,14379.06661588868,15780
/Users/a/Ayanami/code/TSP/data/classic/tsplib/d198.tsp,hybrid,881,helsgaun,130,14374.515397949212,14379.06661588868,15780
/Users/a/Ayanami/code/TSP/data/classic/tsplib/d198.tsp,hybrid,882,helsgaun,131,14379.564145959632,14379.564145959632,15780
/Users/a/Ayanami/code/TSP/data/classic/tsplib/d198.tsp,hybrid,883,helsgaun,132,14375.766873144401,14379.564145959632,15780
/Users/a/Ayanami/code/TSP/data/classic/tsplib/d198.tsp,hybrid,884,helsgaun,133,14378.415965275304,14379.564145959632,15780
/Users/a/Ayanami/code/TSP/data/classic/tsplib/d198.tsp,hybrid,885,helsgaun,134,14375.813334483581,14379.564145959632,15780
/Users/a/Ayanami/code/TSP/data/classic/tsplib/d198.tsp,hybrid,886,helsgaun,135,14380.714993547101,14380.714993547101,15780
/Users/a/Ayanami/code/TSP/data/classic/tsplib/d198.tsp,hybrid,887,helsgaun,136,14377.365121169982,14380.714993547101,15780
/Users/a/Ayanami/code/TSP/data/classic/tsplib/d198.tsp,hybrid,888,helsgaun,137,14379.213551671175,14380.714993547101,15780
/Users/a/Ayanami/code/TSP/data/classic/tsplib/d198.tsp,hybrid,889,helsgaun,138,14378.213543672846,14380.714993547101,15780
/Users/a/Ayanami/code/TSP/data/classic/tsplib/d198.tsp,hybrid,890,helsgaun,139,14379.420169679959,14380.714993547101,15780
/Users/a/Ayanami/code/TSP/data/classic/tsplib/d198.tsp,hybrid,891,helsgaun,140,14375.665723759284,14380.714993547101,15780
/Users/a/Ayanami/code/TSP/data/classic/tsplib/d198.tsp,hybrid,892,helsgaun,141,14380.212461087071,14380.714993547101,15780
/Users/a/Ayanami/code/TSP/data/classic/tsplib/d198.tsp,hybrid,893,helsgaun,142,14377.118503139336,14380.714993547101,15780
/Users/a/Ayanami/code/TSP/data/classic/tsplib/d198.tsp,hybrid,894,helsgaun,143,14380.316886480947,14380.714993547101,15780
/Users/a/Ayanami/code/TSP/data/classic/tsplib/d198.tsp,hybrid,895,helsgaun,144,14376.614088955828,14380.714993547101,15780
/Users/a/Ayanami/code/TSP/data/classic/tsplib/d198.tsp,hybrid,896,helsgaun,145,14379.96358206498,14380.714993547101,15780
/Users/a/Ayanami/code/TSP/data/classic/tsplib/d198.tsp,hybrid,897,helsgaun,146,14377.916583091444,14380.714993547101,15780
/Users/a/Ayanami/code/TSP/data/classic/tsplib/d198.tsp,hybrid,898,helsgaun,147,14381.367598806581,14381.367598806581,15780
/Users/a/Ayanami/code/TSP/data/classic/tsplib/d198.tsp,hybrid,899,helsgaun,148,14377.311676386882,14381.367598806581,15780
/Users/a/Ayanami/code/TSP/data/classic/tsplib/d198.tsp,hybrid,900,helsgaun,149,14380.245697212553,14381.367598806581,15780
/Users/a/Ayanami/code/TSP/data/classic/tsplib/d198.tsp,hybrid,901,helsgaun,150,14383.018301167691,14383.018301167691,15780
/Users/a/Ayanami/code/TSP/data/classic/tsplib/d198.tsp,hybrid,902,helsgaun,151,14384.638741609828,14384.638741609828,15780
/Users/a/Ayanami/code/TSP/data/classic/tsplib/d198.tsp,hybrid,903,helsgaun,152,14384.242026095433,14384.638741609828,15780
/Users/a/Ayanami/code/TSP/data/classic/tsplib/d198.tsp,hybrid,904,helsgaun,153,14384.613640836771,14384.638741609828,15780
/Users/a/Ayanami/code/TSP/data/classic/tsplib/d198.tsp,hybrid,905,helsgaun,154,14384.665383740374,14384.665383740374,15780
/Users/a/Ayanami/code/TSP/data/classic/tsplib/d198.tsp,hybrid,906,helsgaun,155,14384.488068770101,14384.665383740374,15780
/Users/a/Ayanami/code/TSP/data/classic/tsplib/d198.tsp,hybrid,907,helsgaun,156,14384.468663820338,14384.665383740374,15780
/Users/a/Ayanami/code/TSP/data/classic/tsplib/d198.tsp,hybrid,908,helsgaun,157,14384.612823036994,14384.665383740374,15780
/Users/a/Ayanami/code/TSP/data/classic/tsplib/d198.tsp,hybrid,909,helsgaun,158,14384.441423215891,14384.665383740374,15780
/Users/a/Ayanami/code/TSP/data/classic/tsplib/d198.tsp,hybrid,910,helsgaun,159,14384.685335447104,14384.685335447104,15780
/Users/a/Ayanami/code/TSP/data/classic/tsplib/d198.tsp,hybrid,911,helsgaun,160,14384.943837163428,14384.943837163428,15780
/Users/a/Ayanami/code/TSP/data/classic/tsplib/d198.tsp,hybrid,912,helsgaun,161,14384.561006883263,14384.943837163428,15780
/Users/a/Ayanami/code/TSP/data/classic/tsplib/d198.tsp,hybrid,913,helsgaun,162,14383.81929596892,14384.943837163428,15780
/Users/a/Ayanami/code/TSP/data/classic/tsplib/d198.tsp,hybrid,914,helsgaun,163,14385.263822022478,14385.263822022478,15780
/Users/a/Ayanami/code/TSP/data/classic/tsplib/d198.tsp,hybrid,915,helsgaun,164,14384.29164092206,14385.263822022478,15780
/Users/a/Ayanami/code/TSP/data/classic/tsplib/d198.tsp,hybrid,916,helsgaun,165,14385.438067353989,14385.438067353989,15780
/Users/a/Ayanami/code/TSP/data/classic/tsplib/d198.tsp,hybrid,917,helsgaun,166,14384.267745426881,14385.438067353989,15780
/Users/a/Ayanami/code/TSP/data/classic/tsplib/d198.tsp,hybrid,918,helsgaun,167,14385.238323984095,14385.438067353989,15780
/Users/a/Ayanami/code/TSP/data/classic/tsplib/d198.tsp,hybrid,919,helsgaun,168,14384.644053997445,14385.438067353989,15780
/Users/a/Ayanami/code/TSP/data/classic/tsplib/d198.tsp,hybrid,920,helsgaun,169,14385.137004001015,14385.438067353989,15780
/Users/a/Ayanami/code/TSP/data/classic/tsplib/d198.tsp,hybrid,921,helsgaun,170,14385.094386153469,14385.438067353989,15780
/Users/a/Ayanami/code/TSP/data/classic/tsplib/d198.tsp,hybrid,922,helsgaun,171,14385.435824781311,14385.438067353989,15780
/Users/a/Ayanami/code/TSP/data/classic/tsplib/d198.tsp,hybrid,923,helsgaun,172,14385.290966233073,14385.438067353989,15780
/Users/a/Ayanami/code/TSP/data/classic/tsplib/d198.tsp,hybrid,924,helsgaun,173,14386.063274123364,14386.063274123364,15780
/Users/a/Ayanami/code/TSP/data/classic/tsplib/d198.tsp,hybrid,925,helsgaun,174,14386.979417151015,14386.979417151015,15780
/Users/a/Ayanami/code/TSP/data/classic/tsplib/d198.tsp,hybrid,926,helsgaun,175,14386.666478730043,14386.979417151015,15780
/Users/a/Ayanami/code/TSP/data/classic/tsplib/d198.tsp,hybrid,927,helsgaun,176,14387.039833708364,14387.039833708364,15780
/Users/a/Ayanami/code/TSP/data/classic/tsplib/d198.tsp,hybrid,928,helsgaun,177,14387.039965032604,14387.039965032604,15780
/Users/a/Ayanami/code/TSP/data/classic/tsplib/d198.tsp,hybrid,929,helsgaun,178,14387.190667439747,14387.190667439747,15780
/Users/a/Ayanami/code/TSP/data/classic/tsplib/d198.tsp,hybrid,930,helsgaun,179,14386.351096049491,14387.190667439747,15780
/Users/a/Ayanami/code/TSP/data/classic/tsplib/d198.tsp,hybrid,931,helsgaun,180,14386.926713704412,14387.190667439747,15780
/Users/a/Ayanami/code/TSP/data/classic/tsplib/d198.tsp,hybrid,932,helsgaun,181,14386.627451227005,14387.190667439747,15780
/Users/a/Ayanami/code/TSP/data/classic/tsplib/d198.tsp,hybrid,933,helsgaun,182,14387.265561906313,14387.265561906313,15780
/Users/a/Ayanami/code/TSP/data/classic/tsplib/d198.tsp,hybrid,934,helsgaun,183,14386.528391515885,14387.265561906313,15780
/Users/a/Ayanami/code/TSP/data/classic/tsplib/d198.tsp,hybrid,935,helsgaun,184,14387.002150464215,14387.265561906313,15780
/Users/a/Ayanami/code/TSP/data/classic/tsplib/d198.tsp,hybrid,936,helsgaun,185,14386.678334920553,14387.265561906313,15780
/Users/a/Ayanami/code/TSP/data/classic/tsplib/d198.tsp,hybrid,937,helsgaun,186,14387.455835765122,14387.455835765122,15780
/Users/a/Ayanami/code/TSP/data/classic/tsplib/d198.tsp,hybrid,938,helsgaun,187,14388.038893408626,14388.038893408626,15780
/Users/a/Ayanami/code/TSP/data/classic/tsplib/d198.tsp,hybrid,939,helsgaun,188,14388.264952819181,14388.264952819181,15780
/Users/a/Ayanami/code/TSP/data/classic/tsplib/d198.tsp,hybrid,940,helsgaun,189,14388.245984453766,14388.264952819181,15780
/Users/a/Ayanami/code/TSP/data/classic/tsplib/d198.tsp,hybrid,941,helsgaun,190,14388.399674671524,14388.399674671524,15780
/Users/a/Ayanami/code/TSP/data/classic/tsplib/d198.tsp,hybrid,942,helsgaun,191,14388.345213460165,14388.399674671524,15780
/Users/a/Ayanami/code/TSP/data/classic/tsplib/d198.tsp,hybrid,943,helsgaun,192,14388.730118320567,14388.730118320567,15780
/Users/a/Ayanami/code/TSP/data/classic/tsplib/d198.tsp,hybrid,944,helsgaun,193,14388.754881701407,14388.754881701407,15780
/Users/a/Ayanami/code/TSP/data/classic/tsplib/d198.tsp,hybrid,945,helsgaun,194,14388.84765593259,14388.84765593259,15780
/Users/a/Ayanami/code/TSP/data/classic/tsplib/d198.tsp,hybrid,946,helsgaun,195,14388.849142929339,14388.849142929339,15780
/Users/a/Ayanami/code/TSP/data/classic/tsplib/d198.tsp,hybrid,947,helsgaun,196,14388.890373978027,14388.890373978027,15780
/Users/a/Ayanami/code/TSP/data/classic/tsplib/d198.tsp,hybrid,948,helsgaun,197,14388.906657390608,14388.906657390608,15780
/Users/a/Ayanami/code/TSP/data/classic/tsplib/d198.tsp,hybrid,949,helsgaun,198,14389.06520238831,14389.06520238831,15780
/Users/a/Ayanami/code/TSP/data/classic/tsplib/d198.tsp,hybrid,950,helsgaun,199,14389.011756979366,14389.06520238831,15780
/Users/a/Ayanami/code/TSP/data/classic/tsplib/d198.tsp,hybrid,951,helsgaun,200,14389.047464576379,14389.06520238831,15780
/Users/a/Ayanami/code/TSP/data/classic/tsplib/d198.tsp,hybrid,952,helsgaun,201,14389.103410090991,14389.103410090991,15780
/Users/a/Ayanami/code/TSP/data/classic/tsplib/d198.tsp,hybrid,953,helsgaun,202,14389.086710315185,14389.103410090991,15780
/Users/a/Ayanami/code/TSP/data/classic/tsplib/d198.tsp,hybrid,954,helsgaun,203,14389.03596486206,14389.103410090991,15780
/Users/a/Ayanami/code/TSP/data/classic/tsplib/d198.tsp,hybrid,955,helsgaun,204,14389.082855995975,14389.103410090991,15780
/Users/a/Ayanami/code/TSP/data/classic/tsplib/d198.tsp,hybrid,956,helsgaun,205,14389.158041606548,14389.158041606548,15780
/Users/a/Ayanami/code/TSP/data/classic/tsplib/d198.tsp,hybrid,957,helsgaun,206,14389.173341407703,14389.173341407703,15780
/Users/a/Ayanami/code/TSP/data/classic/tsplib/d198.tsp,hybrid,958,helsgaun,207,14389.205787549912,14389.205787549912,15780
/Users/a/Ayanami/code/TSP/data/classic/tsplib/d198.tsp,hybrid,959,helsgaun,208,14389.2190987715,14389.2190987715,15780
/Users/a/Ayanami/code/TSP/data/classic/tsplib/d198.tsp,hybrid,960,helsgaun,209,14389.230807417642,14389.230807417642,15780
/Users/a/Ayanami/code/TSP/data/classic/tsplib/d198.tsp,hybrid,961,helsgaun,210,14389.246792829957,14389.246792829957,15780
/Users/a/Ayanami/code/TSP/data/classic/tsplib/d198.tsp,hybrid,962,helsgaun,211,14389.251071110464,14389.251071110464,15780
/Users/a/Ayanami/code/TSP/data/classic/tsplib/d198.tsp,hybrid,963,helsgaun,212,14389.249579108708,14389.251071110464,15780
/Users/a/Ayanami/code/TSP/data/classic/tsplib/d198.tsp,hybrid,964,helsgaun,213,14389.253305415978,14389.253305415978,15780
/Users/a/Ayanami/code/TSP/data/classic/tsplib/d198.tsp,hybrid,965,helsgaun,214,14389.25805740316,14389.25805740316,15780
/Users/a/Ayanami/code/TSP/data/classic/tsplib/d198.tsp,hybrid,966,helsgaun,215,14389.259536557374,14389.259536557374,15780
/Users/a/Ayanami/code/TSP/data/classic/tsplib/d198.tsp,hybrid,967,helsgaun,216,14389.260430973787,14389.260430973787,15780
/Users/a/Ayanami/code/TSP/data/classic/tsplib/d198.tsp,hybrid,968,helsgaun,217,14389.260515513091,14389.260515513091,15780
/Users/a/Ayanami/code/TSP/data/classic/tsplib/d198.tsp,hybrid,969,helsgaun,218,14389.26134122837,14389.26134122837,15780
/Users/a/Ayanami/code/TSP/data/classic/tsplib/d198.tsp,hybrid,970,helsgaun,219,14389.261710032328,14389.261710032328,15780
/Users/a/Ayanami/code/TSP/data/classic/tsplib/d198.tsp,hybrid,971,helsgaun,220,14389.261965765176,14389.261965765176,15780
/Users/a/Ayanami/code/TSP/data/classic/tsplib/d198.tsp,hybrid,972,helsgaun,221,14389.262112398521,14389.262112398521,15780
/Users/a/Ayanami/code/TSP/data/classic/tsplib/d198.tsp,hybrid,973,helsgaun,222,14389.262199266956,14389.262199266956,15780
/Users/a/Ayanami/code/TSP/data/classic/tsplib/d198.tsp,hybrid,974,helsgaun,223,14389.262284316896,14389.262284316896,15780
/Users/a/Ayanami/code/TSP/data/classic/tsplib/d198.tsp,hybrid,975,helsgaun,224,14389.262326515778,14389.262326515778,15780
/Users/a/Ayanami/code/TSP/data/classic/tsplib/d198.tsp,hybrid,976,helsgaun,225,14389.262381855508,14389.262381855508,15780
/Users/a/Ayanami/code/TSP/data/classic/tsplib/d198.tsp,hybrid,977,helsgaun,226,14389.262405962494,14389.262405962494,15780
/Users/a/Ayanami/code/TSP/data/classic/tsplib/d198.tsp,hybrid,978,helsgaun,227,14389.262426739911,14389.262426739911,15780
/Users/a/Ayanami/code/TSP/data/classic/tsplib/d198.tsp,hybrid,979,helsgaun,228,14389.262430420304,14389.262430420304,15780
/Users/a/Ayanami/code/TSP/data/classic/tsplib/d198.tsp,hybrid,980,helsgaun,229,14389.262444764208,14389.262444764208,15780
/Users/a/Ayanami/code/TSP/data/classic/tsplib/d198.tsp,hybrid,981,helsgaun,230,14389.262456766091,14389.262456766091,15780
/Users/a/Ayanami/code/TSP/data/classic/tsplib/d198.tsp,hybrid,982,helsgaun,231,14389.262458113337,14389.262458113337,15780
/Users/a/Ayanami/code/TSP/data/classic/tsplib/d198.tsp,hybrid,983,helsgaun,232,14389.262464781987,14389.262464781987,15780
/Users/a/Ayanami/code/TSP/data/classic/tsplib/d198.tsp,hybrid,984,helsgaun,233,14389.262466982011,14389.262466982011,15780
/Users/a/Ayanami/code/TSP/data/classic/tsplib/d198.tsp,hybrid,985,helsgaun,234,14389.2624676384,14389.2624676384,15780
/Users/a/Ayanami/code/TSP/data/classic/tsplib/d198.tsp,hybrid,986,helsgaun,235,14389.262468864272,14389.262468864272,15780
/Users/a/Ayanami/code/TSP/data/classic/tsplib/d198.tsp,hybrid,987,helsgaun,236,14389.262469770807,14389.262469770807,15780
/Users/a/Ayanami/code/TSP/data/classic/tsplib/d198.tsp,hybrid,988,helsgaun,237,14389.262470212911,14389.262470212911,15780
/Users/a/Ayanami/code/TSP/data/classic/tsplib/d198.tsp,hybrid,989,helsgaun,238,14389.262471195221,14389.262471195221,15780
/Users/a/Ayanami/code/TSP/data/classic/tsplib/d198.tsp,hybrid,990,helsgaun,239,14389.262471344602,14389.262471344602,15780
/Users/a/Ayanami/code/TSP/data/classic/tsplib/d198.tsp,hybrid,991,helsgaun,240,14389.262471623371,14389.262471623371,15780
/Users/a/Ayanami/code/TSP/data/classic/tsplib/d198.tsp,hybrid,992,helsgaun,241,14389.262471772176,14389.262471772176,15780
/Users/a/Ayanami/code/TSP/data/classic/tsplib/d198.tsp,hybrid,993,helsgaun,242,14389.262471857133,14389.262471857133,15780
/Users/a/Ayanami/code/TSP/data/classic/tsplib/d198.tsp,hybrid,994,helsgaun,243,14389.262471991673,14389.262471991673,15780
/Users/a/Ayanami/code/TSP/data/classic/tsplib/d198.tsp,hybrid,995,helsgaun,244,14389.2624720107,14389.262471991673,15780
/Users/a/Ayanami/code/TSP/data/classic/tsplib/d198.tsp,hybrid,996,helsgaun,245,14389.262472068584,14389.262472068584,15780
/Users/a/Ayanami/code/TSP/data/classic/tsplib/d198.tsp,hybrid,997,helsgaun,246,14389.262472100521,14389.262472100521,15780
/Users/a/Ayanami/code/TSP/data/classic/tsplib/d198.tsp,hybrid,998,helsgaun,247,14389.262472115865,14389.262472100521,15780
/Users/a/Ayanami/code/TSP/data/classic/tsplib/d198.tsp,hybrid,999,helsgaun,248,14389.262472146551,14389.262472146551,15780
