strategy,iteration,phase,phase_iteration,lower_bound,best_lower_bound
hybrid-reverse,1,helsgaun,1,2175,2175
hybrid-reverse,2,helsgaun,2,2223,2223
hybrid-reverse,3,helsgaun,3,2236.0000000000005,2236.0000000000005
hybrid-reverse,4,helsgaun,4,2195.1999999999989,2236.0000000000005
hybrid-reverse,5,helsgaun,5,2206.0000000000005,2236.0000000000005
hybrid-reverse,6,helsgaun,6,2200.7999999999997,2236.0000000000005
hybrid-reverse,7,helsgaun,7,2190.4000000000005,2236.0000000000005
hybrid-reverse,8,helsgaun,8,2185.7999999999988,2236.0000000000005
hybrid-reverse,9,helsgaun,9,2208.6000000000008,2236.0000000000005
hybrid-reverse,10,helsgaun,10,2192.3999999999992,2236.0000000000005
hybrid-reverse,11,helsgaun,11,2184.0000000000005,2236.0000000000005
hybrid-reverse,12,helsgaun,12,2186.2000000000007,2236.0000000000005
hybrid-reverse,13,helsgaun,13,2182.5999999999995,2236.0000000000005
hybrid-reverse,14,helsgaun,14,2192.7999999999997,2236.0000000000005
hybrid-reverse,15,helsgaun,15,2178.2000000000007,2236.0000000000005
hybrid-reverse,16,helsgaun,16,2197.7999999999993,2236.0000000000005
hybrid-reverse,17,helsgaun,17,2164.3999999999992,2236.0000000000005
hybrid-reverse,18,helsgaun,18,2192.2000000000003,2236.0000000000005
hybrid-reverse,19,helsgaun,19,2175.199999999998,2236.0000000000005
hybrid-reverse,20,helsgaun,20,2165,2236.0000000000005
hybrid-reverse,21,helsgaun,21,2165.2000000000003,2236.0000000000005
hybrid-reverse,22,helsgaun,22,2190.2000000000003,2236.0000000000005
hybrid-reverse,23,helsgaun,23,2190.1999999999994,2236.0000000000005
hybrid-reverse,24,helsgaun,24,2178.7999999999993,2236.0000000000005
hybrid-reverse,25,helsgaun,25,2197.3999999999987,2236.0000000000005
hybrid-reverse,26,helsgaun,26,2192.8000000000006,2236.0000000000005
hybrid-reverse,27,helsgaun,27,2170.8000000000006,2236.0000000000005
hybrid-reverse,28,helsgaun,28,2183.1999999999985,2236.0000000000005
hybrid-reverse,29,helsgaun,29,2170.5999999999999,2236.0000000000005
hybrid-reverse,30,helsgaun,30,2194.2000000000003,2236.0000000000005
hybrid-reverse,31,helsgaun,31,2177.0000000000014,2236.0000000000005
hybrid-reverse,32,helsgaun,32,2198.2000000000003,2236.0000000000005
hybrid-reverse,33,helsgaun,33,2161.9999999999995,2236.0000000000005
hybrid-reverse,34,helsgaun,34,2209.3999999999987,2236.0000000000005
hybrid-reverse,35,helsgaun,35,2193.8000000000006,2236.0000000000005
hybrid-reverse,36,helsgaun,36,2182.9999999999995,2236.0000000000005
hybrid-reverse,37,helsgaun,37,2196.5999999999995,2236.0000000000005
hybrid-reverse,38,helsgaun,38,2176.3999999999996,2236.0000000000005
hybrid-reverse,39,helsgaun,39,2167.7999999999993,2236.0000000000005
hybrid-reverse,40,helsgaun,40,2191.8000000000002,2236.0000000000005
hybrid-reverse,41,helsgaun,41,2190.2000000000003,2236.0000000000005
hybrid-reverse,42,helsgaun,42,2188.7999999999997,2236.0000000000005
hybrid-reverse,43,helsgaun,43,2187.2000000000003,2236.0000000000005
hybrid-reverse,44,helsgaun,44,2189.4000000000001,2236.0000000000005
hybrid-reverse,45,helsgaun,45,2188.5999999999999,2236.0000000000005
hybrid-reverse,46,helsgaun,46,2180.2000000000003,2236.0000000000005
hybrid-reverse,47,helsgaun,47,2174,2236.0000000000005
hybrid-reverse,48,helsgaun,48,2203.7999999999988,2236.0000000000005
hybrid-reverse,49,helsgaun,49,2177.6000000000008,2236.0000000000005
hybrid-reverse,50,helsgaun,50,2189.3999999999992,2236.0000000000005
hybrid-reverse,51,helsgaun,51,2165.3999999999992,2236.0000000000005
hybrid-reverse,52,helsgaun,52,2195.8000000000002,2236.0000000000005
hybrid-reverse,53,helsgaun,53,2177.9999999999995,2236.0000000000005
hybrid-reverse,54,helsgaun,54,2211.1999999999998,2236.0000000000005
hybrid-reverse,55,helsgaun,55,2175.3999999999996,2236.0000000000005
hybrid-reverse,56,helsgaun,56,2197.4000000000019,2236.0000000000005
hybrid-reverse,57,helsgaun,57,2185.4000000000001,2236.0000000000005
hybrid-reverse,58,helsgaun,58,2187.1999999999985,2236.0000000000005
hybrid-reverse,59,helsgaun,59,2175.1999999999994,2236.0000000000005
hybrid-reverse,60,helsgaun,60,2173.1999999999998,2236.0000000000005
hybrid-reverse,61,helsgaun,61,2198.3999999999996,2236.0000000000005
hybrid-reverse,62,helsgaun,62,2160.8000000000006,2236.0000000000005
hybrid-reverse,63,helsgaun,63,2188.5999999999995,2236.0000000000005
hybrid-reverse,64,helsgaun,64,2178.5999999999995,2236.0000000000005
hybrid-reverse,65,helsgaun,65,2194.3999999999992,2236.0000000000005
hybrid-reverse,66,helsgaun,66,2183.8000000000002,2236.0000000000005
hybrid-reverse,67,helsgaun,67,2185.7999999999997,2236.0000000000005
hybrid-reverse,68,helsgaun,68,2194.3999999999992,2236.0000000000005
hybrid-reverse,69,helsgaun,69,2182.2000000000012,2236.0000000000005
hybrid-reverse,70,helsgaun,70,2203.7999999999979,2236.0000000000005
hybrid-reverse,71,helsgaun,71,2192.0000000000005,2236.0000000000005
hybrid-reverse,72,helsgaun,72,2211.599999999999,2236.0000000000005
hybrid-reverse,73,helsgaun,73,2196.9999999999991,2236.0000000000005
hybrid-reverse,74,helsgaun,74,2169,2236.0000000000005
hybrid-reverse,75,helsgaun,75,2187.1999999999998,2236.0000000000005
hybrid-reverse,76,helsgaun,76,2194.4000000000001,2236.0000000000005
hybrid-reverse,77,helsgaun,77,2188.2000000000003,2236.0000000000005
hybrid-reverse,78,helsgaun,78,2184.1999999999989,2236.0000000000005
hybrid-reverse,79,helsgaun,79,2196.7999999999993,2236.0000000000005
hybrid-reverse,80,helsgaun,80,2193.5999999999995,2236.0000000000005
hybrid-reverse,81,helsgaun,81,2191.3999999999992,2236.0000000000005
hybrid-reverse,82,helsgaun,82,2176,2236.0000000000005
hybrid-reverse,83,helsgaun,83,2171.8000000000002,2236.0000000000005
hybrid-reverse,84,helsgaun,84,2197.3999999999996,2236.0000000000005
hybrid-reverse,85,helsgaun,85,2171.599999999999,2236.0000000000005
hybrid-reverse,86,helsgaun,86,2179.1999999999994,2236.0000000000005
hybrid-reverse,87,helsgaun,87,2179.3999999999996,2236.0000000000005
hybrid-reverse,88,helsgaun,88,2187.1999999999998,2236.0000000000005
hybrid-reverse,89,helsgaun,89,2195.7999999999997,2236.0000000000005
hybrid-reverse,90,helsgaun,90,2199.3999999999983,2236.0000000000005
hybrid-reverse,91,helsgaun,91,2191,2236.0000000000005
hybrid-reverse,92,helsgaun,92,2180.6000000000008,2236.0000000000005
hybrid-reverse,93,helsgaun,93,2190.3999999999992,2236.0000000000005
hybrid-reverse,94,helsgaun,94,2187.1999999999989,2236.0000000000005
hybrid-reverse,95,helsgaun,95,2196.5999999999995,2236.0000000000005
hybrid-reverse,96,helsgaun,96,2201.2000000000003,2236.0000000000005
hybrid-reverse,97,helsgaun,97,2187.1999999999994,2236.0000000000005
hybrid-reverse,98,helsgaun,98,2187.4000000000001,2236.0000000000005
hybrid-reverse,99,helsgaun,99,2220.5999999999995,2236.0000000000005
hybrid-reverse,100,helsgaun,100,2240.5999999999985,2240.5999999999985
hybrid-reverse,101,helsgaun,101,2250.599999999999,2250.599999999999
hybrid-reverse,102,helsgaun,102,2254.5999999999995,2254.5999999999995
hybrid-reverse,103,helsgaun,103,2256,2256
hybrid-reverse,104,helsgaun,104,2255.1999999999989,2256
hybrid-reverse,105,helsgaun,105,2259.9999999999991,2259.9999999999991
hybrid-reverse,106,helsgaun,106,2256.6000000000004,2259.9999999999991
hybrid-reverse,107,helsgaun,107,2260.7999999999988,2260.7999999999988
hybrid-reverse,108,helsgaun,108,2252.1999999999985,2260.7999999999988
hybrid-reverse,109,helsgaun,109,2258.2000000000003,2260.7999999999988
hybrid-reverse,110,helsgaun,110,2254.7999999999997,2260.7999999999988
hybrid-reverse,111,helsgaun,111,2244.6000000000004,2260.7999999999988
hybrid-reverse,112,helsgaun,112,2246.1999999999998,2260.7999999999988
hybrid-reverse,113,helsgaun,113,2254.3999999999992,2260.7999999999988
hybrid-reverse,114,helsgaun,114,2259.3999999999996,2260.7999999999988
hybrid-reverse,115,helsgaun,115,2247.7999999999984,2260.7999999999988
hybrid-reverse,116,helsgaun,116,2257.5999999999995,2260.7999999999988
hybrid-reverse,117,helsgaun,117,2242.7999999999997,2260.7999999999988
hybrid-reverse,118,helsgaun,118,2259.9999999999991,2260.7999999999988
hybrid-reverse,119,helsgaun,119,2250.7999999999984,2260.7999999999988
hybrid-reverse,120,helsgaun,120,2258.3999999999996,2260.7999999999988
hybrid-reverse,121,helsgaun,121,2258,2260.7999999999988
hybrid-reverse,122,helsgaun,122,2259.3999999999992,2260.7999999999988
hybrid-reverse,123,helsgaun,123,2257.7999999999993,2260.7999999999988
hybrid-reverse,124,helsgaun,124,2253.4000000000001,2260.7999999999988
hybrid-reverse,125,helsgaun,125,2253.9999999999995,2260.7999999999988
hybrid-reverse,126,helsgaun,126,2247.9999999999991,2260.7999999999988
hybrid-reverse,127,helsgaun,127,2259.6000000000008,2260.7999999999988
hybrid-reverse,128,helsgaun,128,2262.1999999999989,2262.1999999999989
hybrid-reverse,129,helsgaun,129,2253.3999999999987,2262.1999999999989
hybrid-reverse,130,helsgaun,130,2254.9999999999995,2262.1999999999989
hybrid-reverse,131,helsgaun,131,2258.4000000000005,2262.1999999999989
hybrid-reverse,132,helsgaun,132,2254,2262.1999999999989
hybrid-reverse,133,helsgaun,133,2254.9999999999986,2262.1999999999989
hybrid-reverse,134,helsgaun,134,2262.5999999999999,2262.5999999999999
hybrid-reverse,135,helsgaun,135,2253.9999999999995,2262.5999999999999
hybrid-reverse,136,helsgaun,136,2256.5999999999995,2262.5999999999999
hybrid-reverse,137,helsgaun,137,2261.1999999999994,2262.5999999999999
hybrid-reverse,138,helsgaun,138,2250.6000000000004,2262.5999999999999
hybrid-reverse,139,helsgaun,139,2252.6000000000004,2262.5999999999999
hybrid-reverse,140,helsgaun,140,2254.1999999999994,2262.5999999999999
hybrid-reverse,141,helsgaun,141,2255.9999999999995,2262.5999999999999
hybrid-reverse,142,helsgaun,142,2261.599999999999,2262.5999999999999
hybrid-reverse,143,helsgaun,143,2252.7999999999993,2262.5999999999999
hybrid-reverse,144,helsgaun,144,2252.4000000000001,2262.5999999999999
hybrid-reverse,145,helsgaun,145,2257.7999999999997,2262.5999999999999
hybrid-reverse,146,helsgaun,146,2258.8000000000011,2262.5999999999999
hybrid-reverse,147,helsgaun,147,2266.5000000000005,2266.5000000000005
hybrid-reverse,148,helsgaun,148,2273.0999999999999,2273.0999999999999
hybrid-reverse,149,helsgaun,149,2276.3999999999996,2276.3999999999996
hybrid-reverse,150,helsgaun,150,2275.9000000000005,2276.3999999999996
hybrid-reverse,151,helsgaun,151,2276.2999999999993,2276.3999999999996
hybrid-reverse,152,helsgaun,152,2278.7999999999997,2278.7999999999997
hybrid-reverse,153,helsgaun,153,2277.8999999999987,2278.7999999999997
hybrid-reverse,154,helsgaun,154,2274.9000000000001,2278.7999999999997
hybrid-reverse,155,helsgaun,155,2277.5,2278.7999999999997
hybrid-reverse,156,helsgaun,156,2277.5000000000009,2278.7999999999997
hybrid-reverse,157,helsgaun,157,2276.5999999999995,2278.7999999999997
hybrid-reverse,158,helsgaun,158,2278.1999999999998,2278.7999999999997
hybrid-reverse,159,helsgaun,159,2277.7000000000003,2278.7999999999997
hybrid-reverse,160,helsgaun,160,2280.4999999999991,2280.4999999999991
hybrid-reverse,161,helsgaun,161,2274.0000000000005,2280.4999999999991
hybrid-reverse,162,helsgaun,162,2281.7000000000012,2281.7000000000012
hybrid-reverse,163,helsgaun,163,2275.9999999999986,2281.7000000000012
hybrid-reverse,164,helsgaun,164,2278.7999999999988,2281.7000000000012
hybrid-reverse,165,helsgaun,165,2280.3000000000006,2281.7000000000012
hybrid-reverse,166,helsgaun,166,2278.4000000000001,2281.7000000000012
hybrid-reverse,167,helsgaun,167,2277.8999999999996,2281.7000000000012
hybrid-reverse,168,helsgaun,168,2277.9000000000005,2281.7000000000012
hybrid-reverse,169,helsgaun,169,2280.8000000000006,2281.7000000000012
hybrid-reverse,170,helsgaun,170,2279.8000000000006,2281.7000000000012
hybrid-reverse,171,helsgaun,171,2283.75,2283.75
hybrid-reverse,172,helsgaun,172,2284.0999999999999,2284.0999999999999
hybrid-reverse,173,helsgaun,173,2285.3500000000008,2285.3500000000008
hybrid-reverse,174,helsgaun,174,2284.4500000000003,2285.3500000000008
hybrid-reverse,175,helsgaun,175,2285.2499999999995,2285.3500000000008
hybrid-reverse,176,helsgaun,176,2285.5500000000002,2285.5500000000002
hybrid-reverse,177,helsgaun,177,2286.0500000000006,2286.0500000000006
hybrid-reverse,178,helsgaun,178,2285.9499999999998,2286.0500000000006
hybrid-reverse,179,helsgaun,179,2285.6500000000005,2286.0500000000006
hybrid-reverse,180,helsgaun,180,2286.5,2286.5
hybrid-reverse,181,helsgaun,181,2285.7999999999997,2286.5
hybrid-reverse,182,helsgaun,182,2285.9499999999998,2286.5
hybrid-reverse,183,helsgaun,183,2287.0249999999992,2287.0249999999992
hybrid-reverse,184,helsgaun,184,2288.3249999999994,2288.3249999999994
hybrid-reverse,185,helsgaun,185,2288.3999999999996,2288.3999999999996
hybrid-reverse,186,helsgaun,186,2288.3749999999991,2288.3999999999996
hybrid-reverse,187,helsgaun,187,2288.8499999999995,2288.8499999999995
hybrid-reverse,188,helsgaun,188,2288.6499999999996,2288.8499999999995
hybrid-reverse,189,helsgaun,189,2289.2375000000002,2289.2375000000002
hybrid-reverse,190,helsgaun,190,2289.2749999999996,2289.2749999999996
hybrid-reverse,191,helsgaun,191,2289.5624999999995,2289.5624999999995
hybrid-reverse,192,helsgaun,192,2289.5750000000003,2289.5750000000003
hybrid-reverse,193,helsgaun,193,2289.4499999999994,2289.5750000000003
hybrid-reverse,194,helsgaun,194,2289.6374999999994,2289.6374999999994
hybrid-reverse,195,helsgaun,195,2289.8187499999999,2289.8187499999999
hybrid-reverse,196,helsgaun,196,2289.9562500000006,2289.9562500000006
hybrid-reverse,197,helsgaun,197,2289.8624999999997,2289.9562500000006
hybrid-reverse,198,helsgaun,198,2290.0218749999999,2290.0218749999999
hybrid-reverse,199,helsgaun,199,2290.0718750000001,2290.0718750000001
hybrid-reverse,200,helsgaun,200,2290.109375,2290.109375
hybrid-reverse,201,helsgaun,201,2290.1515625000006,2290.1515625000006
hybrid-reverse,202,helsgaun,202,2290.16015625,2290.16015625
hybrid-reverse,203,helsgaun,203,2290.1648437499998,2290.1648437499998
hybrid-reverse,204,helsgaun,204,2290.1695312500001,2290.1695312500001
hybrid-reverse,205,helsgaun,205,2290.1746093749998,2290.1746093749998
hybrid-reverse,206,helsgaun,206,2290.1763671875001,2290.1763671875001
hybrid-reverse,207,helsgaun,207,2290.1787109375,2290.1787109375
hybrid-reverse,208,helsgaun,208,2290.1795898437499,2290.1795898437499
hybrid-reverse,209,helsgaun,209,2290.1797851562501,2290.1797851562501
hybrid-reverse,210,helsgaun,210,2290.18017578125,2290.18017578125
hybrid-reverse,211,helsgaun,211,2290.1810058593751,2290.1810058593751
hybrid-reverse,212,helsgaun,212,2290.1813476562502,2290.1813476562502
hybrid-reverse,213,helsgaun,213,2290.1815673828128,2290.1815673828128
hybrid-reverse,214,helsgaun,214,2290.1817016601567,2290.1817016601567
hybrid-reverse,215,helsgaun,215,2290.1819091796874,2290.1819091796874
hybrid-reverse,216,helsgaun,216,2290.1819580078122,2290.1819580078122
hybrid-reverse,217,helsgaun,217,2290.1820434570313,2290.1820434570313
hybrid-reverse,218,helsgaun,218,2290.1820678710938,2290.1820678710938
hybrid-reverse,219,helsgaun,219,2290.1821105957033,2290.1821105957033
hybrid-reverse,220,helsgaun,220,2290.1821228027347,2290.1821228027347
hybrid-reverse,221,helsgaun,221,2290.1821441650395,2290.1821441650395
hybrid-reverse,222,helsgaun,222,2290.1821502685552,2290.1821502685552
hybrid-reverse,223,helsgaun,223,2290.1821609497069,2290.1821609497069
hybrid-reverse,224,helsgaun,224,2290.1821640014646,2290.1821640014646
hybrid-reverse,225,helsgaun,225,2290.1821693420411,2290.1821693420411
hybrid-reverse,226,helsgaun,226,2290.1821708679199,2290.1821708679199
hybrid-reverse,227,helsgaun,227,2290.1821735382082,2290.1821735382082
hybrid-reverse,228,helsgaun,228,2290.1821743011478,2290.1821743011478
hybrid-reverse,229,helsgaun,229,2290.182175636292,2290.182175636292
hybrid-reverse,230,helsgaun,230,2290.1821760177618,2290.1821760177618
hybrid-reverse,231,helsgaun,231,2290.1821766853332,2290.1821766853332
hybrid-reverse,232,helsgaun,232,2290.1821768760678,2290.1821768760678
hybrid-reverse,233,helsgaun,233,2290.1821772098542,2290.1821772098542
hybrid-reverse,234,helsgaun,234,2290.1821773052216,2290.1821773052216
hybrid-reverse,235,helsgaun,235,2290.1821774721147,2290.1821774721147
hybrid-reverse,236,helsgaun,236,2290.1821775197986,2290.1821775197986
hybrid-reverse,237,helsgaun,237,2290.1821776032452,2290.1821776032452
hybrid-reverse,238,helsgaun,238,2290.1821776270872,2290.1821776270872
hybrid-reverse,239,helsgaun,239,2290.1821776688098,2290.1821776688098
hybrid-reverse,240,helsgaun,240,2290.1821776807305,2290.1821776807305
hybrid-reverse,241,helsgaun,241,2290.1821777015925,2290.1821777015925
hybrid-reverse,242,helsgaun,242,2290.1821777075529,2290.1821777075529
hybrid-reverse,243,helsgaun,243,2290.1821777179839,2290.1821777179839
hybrid-reverse,244,helsgaun,244,2290.1821777209643,2290.1821777179839
hybrid-reverse,245,helsgaun,245,2290.1821777261798,2290.1821777261798
hybrid-reverse,246,polyak,1,2290.1821777261798,2290.1821777261798
hybrid-reverse,247,polyak,2,1019.2551756099053,2290.1821777261798
hybrid-reverse,248,polyak,3,2204.6311274766194,2290.1821777261798
hybrid-reverse,249,polyak,4,1967.2300173938827,2290.1821777261798
hybrid-reverse,250,polyak,5,2005.6163902569581,2290.1821777261798
hybrid-reverse,251,polyak,6,1943.5595843477174,2290.1821777261798
hybrid-reverse,252,polyak,7,2021.4689202209074,2290.1821777261798
hybrid-reverse,253,polyak,8,1994.5246989743691,2290.1821777261798
hybrid-reverse,254,polyak,9,2018.2196675888961,2290.1821777261798
hybrid-reverse,255,polyak,10,2123.8755021357406,2290.1821777261798
hybrid-reverse,256,polyak,11,2050.1282298775718,2290.1821777261798
hybrid-reverse,257,polyak,12,2092.7804256657441,2290.1821777261798
hybrid-reverse,258,polyak,13,2045.9249437653309,2290.1821777261798
hybrid-reverse,259,polyak,14,2140.4935736101406,2290.1821777261798
hybrid-reverse,260,polyak,15,2198.0842097365266,2290.1821777261798
hybrid-reverse,261,polyak,16,2215.8905706174105,2290.1821777261798
hybrid-reverse,262,polyak,17,2231.8002403274222,2290.1821777261798
hybrid-reverse,263,polyak,18,2234.3574500306854,2290.1821777261798
hybrid-reverse,264,polyak,19,2245.4440778305025,2290.1821777261798
hybrid-reverse,265,polyak,20,2245.0887341166754,2290.1821777261798
hybrid-reverse,266,polyak,21,2243.7883823602906,2290.1821777261798
hybrid-reverse,267,polyak,22,2253.0664659632025,2290.1821777261798
hybrid-reverse,268,polyak,23,2250.3619881403442,2290.1821777261798
hybrid-reverse,269,polyak,24,2250.7566333511404,2290.1821777261798
hybrid-reverse,270,polyak,25,2245.6943923934364,2290.1821777261798
hybrid-reverse,271,polyak,26,2247.5833477406659,2290.1821777261798
hybrid-reverse,272,polyak,27,2272.3444266225843,2290.1821777261798
hybrid-reverse,273,polyak,28,2272.9067814690943,2290.1821777261798
hybrid-reverse,274,polyak,29,2272.1901107011345,2290.1821777261798
hybrid-reverse,275,polyak,30,2274.5300937347029,2290.1821777261798
hybrid-reverse,276,polyak,31,2274.9728875744158,2290.1821777261798
hybrid-reverse,277,polyak,32,2273.5900773861817,2290.1821777261798
hybrid-reverse,278,polyak,33,2274.0856325995846,2290.1821777261798
hybrid-reverse,279,polyak,34,2274.9342395813865,2290.1821777261798
hybrid-reverse,280,polyak,35,2275.0288506512093,2290.1821777261798
hybrid-reverse,281,polyak,36,2278.764372502168,2290.1821777261798
hybrid-reverse,282,polyak,37,2275.8634081152813,2290.1821777261798
hybrid-reverse,283,polyak,38,2278.005091462132,2290.1821777261798
hybrid-reverse,284,polyak,39,2283.6276984233632,2290.1821777261798
hybrid-reverse,285,polyak,40,2282.7678034936062,2290.1821777261798
hybrid-reverse,286,polyak,41,2284.3017895454118,2290.1821777261798
hybrid-reverse,287,polyak,42,2282.0547418334877,2290.1821777261798
hybrid-reverse,288,polyak,43,2284.0383008111603,2290.1821777261798
hybrid-reverse,289,polyak,44,2282.5967877919493,2290.1821777261798
hybrid-reverse,290,polyak,45,2283.1200161842871,2290.1821777261798
hybrid-reverse,291,polyak,46,2283.8530083590267,2290.1821777261798
hybrid-reverse,292,polyak,47,2285.3470683776895,2290.1821777261798
hybrid-reverse,293,polyak,48,2284.0209401676316,2290.1821777261798
hybrid-reverse,294,polyak,49,2284.1756840072035,2290.1821777261798
hybrid-reverse,295,polyak,50,2286.399698575693,2290.1821777261798
hybrid-reverse,296,polyak,51,2287.8677363058323,2290.1821777261798
hybrid-reverse,297,polyak,52,2287.8959006340997,2290.1821777261798
hybrid-reverse,298,polyak,53,2288.8045812404212,2290.1821777261798
hybrid-reverse,299,polyak,54,2285.4715968066903,2290.1821777261798
hybrid-reverse,300,polyak,55,2288.9264171142559,2290.1821777261798
hybrid-reverse,301,polyak,56,2286.8995085921506,2290.1821777261798
hybrid-reverse,302,polyak,57,2289.0537831196821,2290.1821777261798
hybrid-reverse,303,polyak,58,2288.092853823433,2290.1821777261798
hybrid-reverse,304,polyak,59,2288.9791636244809,2290.1821777261798
hybrid-reverse,305,polyak,60,2286.324346076929,2290.1821777261798
hybrid-reverse,306,polyak,61,2289.4055621706302,2290.1821777261798
hybrid-reverse,307,polyak,62,2287.2089538642213,2290.1821777261798
hybrid-reverse,308,polyak,63,2289.1866339777212,2290.1821777261798
hybrid-reverse,309,polyak,64,2289.815529305436,2290.1821777261798
hybrid-reverse,310,polyak,65,2289.7618746802218,2290.1821777261798
hybrid-reverse,311,polyak,66,2290.3925484752904,2290.3925484752904
hybrid-reverse,312,polyak,67,2290.4376381286138,2290.4376381286138
hybrid-reverse,313,polyak,68,2289.6972836143659,2290.4376381286138
hybrid-reverse,314,polyak,69,2290.1944145600601,2290.4376381286138
hybrid-reverse,315,polyak,70,2289.4660804481696,2290.4376381286138
hybrid-reverse,316,polyak,71,2290.7924737991034,2290.7924737991034
hybrid-reverse,317,polyak,72,2290.019846517293,2290.7924737991034
hybrid-reverse,318,polyak,73,2290.5007227580109,2290.7924737991034
hybrid-reverse,319,polyak,74,2290.0123408261124,2290.7924737991034
hybrid-reverse,320,polyak,75,2291.0475355836088,2291.0475355836088
hybrid-reverse,321,polyak,76,2290.2145280325758,2291.0475355836088
hybrid-reverse,322,polyak,77,2291.0786279796312,2291.0786279796312
hybrid-reverse,323,polyak,78,2289.9987082195935,2291.0786279796312
hybrid-reverse,324,polyak,79,2290.8174267161839,2291.0786279796312
hybrid-reverse,325,polyak,80,2290.8812742930395,2291.0786279796312
hybrid-reverse,326,polyak,81,2290.3416187457387,2291.0786279796312
hybrid-reverse,327,polyak,82,2291.0613487998353,2291.0786279796312
hybrid-reverse,328,polyak,83,2290.7028863390215,2291.0786279796312
hybrid-reverse,329,polyak,84,2290.4150331071005,2291.0786279796312
hybrid-reverse,330,polyak,85,2291.2075968878703,2291.2075968878703
hybrid-reverse,331,polyak,86,2290.7717190357121,2291.2075968878703
hybrid-reverse,332,polyak,87,2291.2691816440174,2291.2691816440174
hybrid-reverse,333,polyak,88,2290.5306997486291,2291.2691816440174
hybrid-reverse,334,polyak,89,2290.9423306655531,2291.2691816440174
hybrid-reverse,335,polyak,90,2290.8162732324759,2291.2691816440174
hybrid-reverse,336,polyak,91,2290.7865815332207,2291.2691816440174
hybrid-reverse,337,polyak,92,2291.2090186032437,2291.2691816440174
hybrid-reverse,338,polyak,93,2290.6395019234851,2291.2691816440174
hybrid-reverse,339,polyak,94,2290.9074919106615,2291.2691816440174
hybrid-reverse,340,polyak,95,2291.7118779392349,2291.7118779392349
hybrid-reverse,341,polyak,96,2290.8878949965579,2291.7118779392349
hybrid-reverse,342,polyak,97,2291.1933030157888,2291.7118779392349
hybrid-reverse,343,polyak,98,2290.2754224504542,2291.7118779392349
hybrid-reverse,344,polyak,99,2291.7010175882397,2291.7118779392349
hybrid-reverse,345,polyak,100,2290.7876664703444,2291.7118779392349
hybrid-reverse,346,polyak,101,2291.3313709916674,2291.7118779392349
hybrid-reverse,347,polyak,102,2291.1253426816738,2291.7118779392349
hybrid-reverse,348,polyak,103,2291.1692076449917,2291.7118779392349
hybrid-reverse,349,polyak,104,2291.484368358887,2291.7118779392349
hybrid-reverse,350,polyak,105,2291.0600759539116,2291.7118779392349
hybrid-reverse,351,polyak,106,2291.1407950461576,2291.7118779392349
hybrid-reverse,352,polyak,107,2291.1159369052048,2291.7118779392349
hybrid-reverse,353,polyak,108,2291.3173655053929,2291.7118779392349
hybrid-reverse,354,polyak,109,2291.9703603936641,2291.9703603936641
hybrid-reverse,355,polyak,110,2291.9591868375996,2291.9703603936641
hybrid-reverse,356,polyak,111,2291.9534358992569,2291.9703603936641
hybrid-reverse,357,polyak,112,2292.1891810562447,2292.1891810562447
hybrid-reverse,358,polyak,113,2291.9994097559793,2292.1891810562447
hybrid-reverse,359,polyak,114,2292.1771646057082,2292.1891810562447
hybrid-reverse,360,polyak,115,2292.0055064806902,2292.1891810562447
hybrid-reverse,361,polyak,116,2292.1833420858588,2292.1891810562447
hybrid-reverse,362,polyak,117,2292.114170146584,2292.1891810562447
hybrid-reverse,363,polyak,118,2292.3247427893239,2292.3247427893239
hybrid-reverse,364,polyak,119,2292.1828134547923,2292.3247427893239
hybrid-reverse,365,polyak,120,2292.2687321198873,2292.3247427893239
hybrid-reverse,366,polyak,121,2292.365579158301,2292.365579158301
hybrid-reverse,367,polyak,122,2292.1522451482547,2292.365579158301
hybrid-reverse,368,polyak,123,2292.2645234017186,2292.365579158301
hybrid-reverse,369,polyak,124,2292.2465077056686,2292.365579158301
hybrid-reverse,370,polyak,125,2292.4959077984704,2292.4959077984704
hybrid-reverse,371,polyak,126,2292.2441272904211,2292.4959077984704
hybrid-reverse,372,polyak,127,2292.5468519899273,2292.5468519899273
hybrid-reverse,373,polyak,128,2292.2602075682016,2292.5468519899273
hybrid-reverse,374,polyak,129,2292.5206489997495,2292.5468519899273
hybrid-reverse,375,polyak,130,2292.075190964073,2292.5468519899273
hybrid-reverse,376,polyak,131,2292.4231455249005,2292.5468519899273
hybrid-reverse,377,polyak,132,2292.3675983677053,2292.5468519899273
hybrid-reverse,378,polyak,133,2292.2683869035022,2292.5468519899273
hybrid-reverse,379,polyak,134,2292.2258453833701,2292.5468519899273
hybrid-reverse,380,polyak,135,2292.5434149964817,2292.5468519899273
hybrid-reverse,381,polyak,136,2291.9671659662399,2292.5468519899273
hybrid-reverse,382,polyak,137,2292.5036291727552,2292.5468519899273
hybrid-reverse,383,polyak,138,2291.8421401047126,2292.5468519899273
hybrid-reverse,384,polyak,139,2292.4584072554999,2292.5468519899273
hybrid-reverse,385,polyak,140,2292.3750240613108,2292.5468519899273
hybrid-reverse,386,polyak,141,2292.7432212715694,2292.7432212715694
hybrid-reverse,387,polyak,142,2292.772545714995,2292.772545714995
hybrid-reverse,388,polyak,143,2292.9148368679603,2292.9148368679603
hybrid-reverse,389,polyak,144,2292.5829371862542,2292.9148368679603
hybrid-reverse,390,polyak,145,2292.9419980057255,2292.9419980057255
hybrid-reverse,391,polyak,146,2292.7678545670392,2292.9419980057255
hybrid-reverse,392,polyak,147,2292.8735927357525,2292.9419980057255
hybrid-reverse,393,polyak,148,2292.9043744011678,2292.9419980057255
hybrid-reverse,394,polyak,149,2292.8002521086501,2292.9419980057255
hybrid-reverse,395,polyak,150,2292.8975728563464,2292.9419980057255
hybrid-reverse,396,polyak,151,2292.9898633813,2292.9898633813
hybrid-reverse,397,polyak,152,2292.7660900196906,2292.9898633813
hybrid-reverse,398,polyak,153,2292.9796042714784,2292.9898633813
hybrid-reverse,399,polyak,154,2292.8201066855054,2292.9898633813
hybrid-reverse,400,polyak,155,2293.0201285768267,2293.0201285768267
hybrid-reverse,401,polyak,156,2292.9880830115417,2293.0201285768267
hybrid-reverse,402,polyak,157,2292.8395623627416,2293.0201285768267
hybrid-reverse,403,polyak,158,2292.7415021753541,2293.0201285768267
hybrid-reverse,404,polyak,159,2293.0756096844229,2293.0756096844229
hybrid-reverse,405,polyak,160,2292.8068184163071,2293.0756096844229
hybrid-reverse,406,polyak,161,2292.9656423904285,2293.0756096844229
hybrid-reverse,407,polyak,162,2292.8100733226775,2293.0756096844229
hybrid-reverse,408,polyak,163,2292.8294130390727,2293.0756096844229
hybrid-reverse,409,polyak,164,2293.0516224600756,2293.0756096844229
hybrid-reverse,410,polyak,165,2292.7964320480396,2293.0756096844229
hybrid-reverse,411,polyak,166,2292.9379821852094,2293.0756096844229
hybrid-reverse,412,polyak,167,2293.0166779090696,2293.0756096844229
hybrid-reverse,413,polyak,168,2292.9885567114789,2293.0756096844229
hybrid-reverse,414,polyak,169,2292.9966338717632,2293.0756096844229
hybrid-reverse,415,polyak,170,2292.9889670692578,2293.0756096844229
hybrid-reverse,416,polyak,171,2293.1223951862576,2293.1223951862576
hybrid-reverse,417,polyak,172,2292.644019632859,2293.1223951862576
hybrid-reverse,418,polyak,173,2292.9904940050769,2293.1223951862576
hybrid-reverse,419,polyak,174,2293.0148040200138,2293.1223951862576
hybrid-reverse,420,polyak,175,2292.9616660348365,2293.1223951862576
hybrid-reverse,421,polyak,176,2293.0967171552907,2293.1223951862576
hybrid-reverse,422,polyak,177,2292.9560648243432,2293.1223951862576
hybrid-reverse,423,polyak,178,2292.9369020741042,2293.1223951862576
hybrid-reverse,424,polyak,179,2293.0750561871978,2293.1223951862576
hybrid-reverse,425,polyak,180,2292.9655222648539,2293.1223951862576
hybrid-reverse,426,polyak,181,2293.0263111419445,2293.1223951862576
hybrid-reverse,427,polyak,182,2293.0764343647579,2293.1223951862576
hybrid-reverse,428,polyak,183,2293.032630890631,2293.1223951862576
hybrid-reverse,429,polyak,184,2293.0891774319894,2293.1223951862576
hybrid-reverse,430,polyak,185,2293.2334470933365,2293.2334470933365
hybrid-reverse,431,polyak,186,2293.1699995600366,2293.2334470933365
hybrid-reverse,432,polyak,187,2293.2706380707618,2293.2706380707618
hybrid-reverse,433,polyak,188,2293.0540438419421,2293.2706380707618
hybrid-reverse,434,polyak,189,2293.1717542198676,2293.2706380707618
hybrid-reverse,435,polyak,190,2293.2618139507185,2293.2706380707618
hybrid-reverse,436,polyak,191,2293.2501848387687,2293.2706380707618
hybrid-reverse,437,polyak,192,2293.1775049881239,2293.2706380707618
hybrid-reverse,438,polyak,193,2293.2514543860484,2293.2706380707618
hybrid-reverse,439,polyak,194,2293.2989984755081,2293.2989984755081
hybrid-reverse,440,polyak,195,2293.2164562249368,2293.2989984755081
hybrid-reverse,441,polyak,196,2293.1900167165618,2293.2989984755081
hybrid-reverse,442,polyak,197,2293.2474365231001,2293.2989984755081
hybrid-reverse,443,polyak,198,2293.2567565270301,2293.2989984755081
hybrid-reverse,444,polyak,199,2293.3049930553466,2293.3049930553466
hybrid-reverse,445,polyak,200,2293.1109666748671,2293.3049930553466
hybrid-reverse,446,polyak,201,2293.253547995082,2293.3049930553466
hybrid-reverse,447,polyak,202,2293.2640631287823,2293.3049930553466
hybrid-reverse,448,polyak,203,2293.2781114425438,2293.3049930553466
hybrid-reverse,449,polyak,204,2293.3115686274728,2293.3115686274728
hybrid-reverse,450,polyak,205,2293.0277783689362,2293.3115686274728
hybrid-reverse,451,polyak,206,2293.2999262612138,2293.3115686274728
hybrid-reverse,452,polyak,207,2293.2594931995668,2293.3115686274728
hybrid-reverse,453,polyak,208,2293.2808898007697,2293.3115686274728
hybrid-reverse,454,polyak,209,2293.2877136746824,2293.3115686274728
hybrid-reverse,455,polyak,210,2293.3073697140117,2293.3115686274728
hybrid-reverse,456,polyak,211,2293.2287336657278,2293.3115686274728
hybrid-reverse,457,polyak,212,2293.3509637617626,2293.3509637617626
hybrid-reverse,458,polyak,213,2293.2464771777554,2293.3509637617626
hybrid-reverse,459,polyak,214,2293.3356852116949,2293.3509637617626
hybrid-reverse,460,polyak,215,2293.1432446731787,2293.3509637617626
hybrid-reverse,461,polyak,216,2293.2898844158672,2293.3509637617626
hybrid-reverse,462,polyak,217,2293.3180407080258,2293.3509637617626
hybrid-reverse,463,polyak,218,2293.290228276911,2293.3509637617626
hybrid-reverse,464,polyak,219,2293.3157655566024,2293.3509637617626
hybrid-reverse,465,polyak,220,2293.3156118926318,2293.3509637617626
hybrid-reverse,466,polyak,221,2293.25553331834,2293.3509637617626
hybrid-reverse,467,polyak,222,2293.3962488660995,2293.3962488660995
hybrid-reverse,468,polyak,223,2293.0313485398174,2293.3962488660995
hybrid-reverse,469,polyak,224,2293.2995454723259,2293.3962488660995
hybrid-reverse,470,polyak,225,2293.1455117651949,2293.3962488660995
hybrid-reverse,471,polyak,226,2293.2205519434619,2293.3962488660995
hybrid-reverse,472,polyak,227,2293.3419437628936,2293.3962488660995
hybrid-reverse,473,polyak,228,2293.1514608155776,2293.3962488660995
hybrid-reverse,474,polyak,229,2293.3405667469042,2293.3962488660995
hybrid-reverse,475,polyak,230,2293.3155776399594,2293.3962488660995
hybrid-reverse,476,polyak,231,2293.2899266142749,2293.3962488660995
hybrid-reverse,477,polyak,232,2293.3666460239288,2293.3962488660995
hybrid-reverse,478,polyak,233,2293.3311573734909,2293.3962488660995
hybrid-reverse,479,polyak,234,2293.3353024544344,2293.3962488660995
hybrid-reverse,480,polyak,235,2293.342363313639,2293.3962488660995
hybrid-reverse,481,polyak,236,2293.4106085926196,2293.4106085926196
hybrid-reverse,482,polyak,237,2293.4283334853644,2293.4283334853644
hybrid-reverse,483,polyak,238,2293.4221366844172,2293.4283334853644
hybrid-reverse,484,polyak,239,2293.4619649178585,2293.4619649178585
hybrid-reverse,485,polyak,240,2293.4041405011599,2293.4619649178585
hybrid-reverse,486,polyak,241,2293.4232480330252,2293.4619649178585
hybrid-reverse,487,polyak,242,2293.4249901290732,2293.4619649178585
hybrid-reverse,488,polyak,243,2293.4279486595738,2293.4619649178585
hybrid-reverse,489,polyak,244,2293.4374564764967,2293.4619649178585
hybrid-reverse,490,polyak,245,2293.4445714709454,2293.4619649178585
hybrid-reverse,491,polyak,246,2293.4334588300103,2293.4619649178585
hybrid-reverse,492,polyak,247,2293.4268020193886,2293.4619649178585
hybrid-reverse,493,polyak,248,2293.4816736221974,2293.4816736221974
hybrid-reverse,494,polyak,249,2293.4092937281803,2293.4816736221974
hybrid-reverse,495,polyak,250,2293.4624732321299,2293.4816736221974
hybrid-reverse,496,polyak,251,2293.4717887803454,2293.4816736221974
hybrid-reverse,497,polyak,252,2293.3928149641197,2293.4816736221974
hybrid-reverse,498,polyak,253,2293.452158238028,2293.4816736221974
hybrid-reverse,499,polyak,254,2293.426327154421,2293.4816736221974
hybrid-reverse,500,polyak,255,2293.4894176692087,2293.4894176692087
hybrid-reverse,501,polyak,256,2293.3775318166377,2293.4894176692087
hybrid-reverse,502,polyak,257,2293.4445591590229,2293.4894176692087
hybrid-reverse,503,polyak,258,2293.46496628472,2293.4894176692087
hybrid-reverse,504,polyak,259,2293.4963127438377,2293.4963127438377
hybrid-reverse,505,polyak,260,2293.5038542520451,2293.5038542520451
hybrid-reverse,506,polyak,261,2293.4211488955712,2293.5038542520451
hybrid-reverse,507,polyak,262,2293.5057492733181,2293.5057492733181
hybrid-reverse,508,polyak,263,2293.3855424003955,2293.5057492733181
hybrid-reverse,509,polyak,264,2293.4914064495788,2293.5057492733181
hybrid-reverse,510,polyak,265,2293.5073987389878,2293.5073987389878
hybrid-reverse,511,polyak,266,2293.4192220529953,2293.5073987389878
hybrid-reverse,512,polyak,267,2293.5301651742716,2293.5301651742716
hybrid-reverse,513,polyak,268,2293.3352690962215,2293.5301651742716
hybrid-reverse,514,polyak,269,2293.3783215574058,2293.5301651742716
hybrid-reverse,515,polyak,270,2293.4551374368666,2293.5301651742716
hybrid-reverse,516,polyak,271,2293.4977082436767,2293.5301651742716
hybrid-reverse,517,polyak,272,2293.5178125787756,2293.5301651742716
hybrid-reverse,518,polyak,273,2293.5017198077221,2293.5301651742716
hybrid-reverse,519,polyak,274,2293.5250202813722,2293.5301651742716
hybrid-reverse,520,polyak,275,2293.5064758266662,2293.5301651742716
hybrid-reverse,521,polyak,276,2293.5174463389244,2293.5301651742716
hybrid-reverse,522,polyak,277,2293.5579225052843,2293.5579225052843
hybrid-reverse,523,polyak,278,2293.4110927001093,2293.5579225052843
hybrid-reverse,524,polyak,279,2293.5233747407774,2293.5579225052843
hybrid-reverse,525,polyak,280,2293.5420519633485,2293.5579225052843
hybrid-reverse,526,polyak,281,2293.458098521538,2293.5579225052843
hybrid-reverse,527,polyak,282,2293.530198631629,2293.5579225052843
hybrid-reverse,528,polyak,283,2293.5270002188809,2293.5579225052843
hybrid-reverse,529,polyak,284,2293.558642058068,2293.558642058068
hybrid-reverse,530,polyak,285,2293.4751658423957,2293.558642058068
hybrid-reverse,531,polyak,286,2293.5751605288615,2293.5751605288615
hybrid-reverse,532,polyak,287,2293.4723381667395,2293.5751605288615
hybrid-reverse,533,polyak,288,2293.5482762662882,2293.5751605288615
hybrid-reverse,534,polyak,289,2293.4677677230748,2293.5751605288615
hybrid-reverse,535,polyak,290,2293.5410494755797,2293.5751605288615
hybrid-reverse,536,polyak,291,2293.4798985021607,2293.5751605288615
hybrid-reverse,537,polyak,292,2293.5845408512409,2293.5845408512409
hybrid-reverse,538,polyak,293,2293.5361069523378,2293.5845408512409
hybrid-reverse,539,polyak,294,2293.5514830610909,2293.5845408512409
hybrid-reverse,540,polyak,295,2293.5592169488032,2293.5845408512409
hybrid-reverse,541,polyak,296,2293.5751073822394,2293.5845408512409
hybrid-reverse,542,polyak,297,2293.5827031409863,2293.5845408512409
hybrid-reverse,543,polyak,298,2293.4385041514638,2293.5845408512409
hybrid-reverse,544,polyak,299,2293.5280747600823,2293.5845408512409
hybrid-reverse,545,polyak,300,2293.5509542744012,2293.5845408512409
hybrid-reverse,546,polyak,301,2293.6122359930851,2293.6122359930851
hybrid-reverse,547,polyak,302,2293.5538397191985,2293.6122359930851
hybrid-reverse,548,polyak,303,2293.5229631267416,2293.6122359930851
hybrid-reverse,549,polyak,304,2293.6030353791798,2293.6122359930851
hybrid-reverse,550,polyak,305,2293.5318744095557,2293.6122359930851
hybrid-reverse,551,polyak,306,2293.5925601433241,2293.6122359930851
hybrid-reverse,552,polyak,307,2293.4718640343672,2293.6122359930851
hybrid-reverse,553,polyak,308,2293.5550674223123,2293.6122359930851
hybrid-reverse,554,polyak,309,2293.5826955882362,2293.6122359930851
hybrid-reverse,555,polyak,310,2293.5969123149976,2293.6122359930851
hybrid-reverse,556,polyak,311,2293.5647681115179,2293.6122359930851
hybrid-reverse,557,polyak,312,2293.6146557879601,2293.6146557879601
hybrid-reverse,558,polyak,313,2293.5504130565087,2293.6146557879601
hybrid-reverse,559,polyak,314,2293.6206590989982,2293.6206590989982
hybrid-reverse,560,polyak,315,2293.5716500579329,2293.6206590989982
hybrid-reverse,561,polyak,316,2293.6282462119811,2293.6282462119811
hybrid-reverse,562,polyak,317,2293.527071819326,2293.6282462119811
hybrid-reverse,563,polyak,318,2293.6050768659948,2293.6282462119811
hybrid-reverse,564,polyak,319,2293.5912197862654,2293.6282462119811
hybrid-reverse,565,polyak,320,2293.5868917946309,2293.6282462119811
hybrid-reverse,566,polyak,321,2293.5580480861718,2293.6282462119811
hybrid-reverse,567,polyak,322,2293.58464156631,2293.6282462119811
hybrid-reverse,568,polyak,323,2293.639477129328,2293.639477129328
hybrid-reverse,569,polyak,324,2293.5632805829346,2293.639477129328
hybrid-reverse,570,polyak,325,2293.6485417337185,2293.6485417337185
hybrid-reverse,571,polyak,326,2293.4950871269721,2293.6485417337185
hybrid-reverse,572,polyak,327,2293.5632832953452,2293.6485417337185
hybrid-reverse,573,polyak,328,2293.614721753002,2293.6485417337185
hybrid-reverse,574,polyak,329,2293.6393415808034,2293.6485417337185
hybrid-reverse,575,polyak,330,2293.6350731056873,2293.6485417337185
hybrid-reverse,576,polyak,331,2293.6444642580318,2293.6485417337185
hybrid-reverse,577,polyak,332,2293.6329632163165,2293.6485417337185
hybrid-reverse,578,polyak,333,2293.6201056033433,2293.6485417337185
hybrid-reverse,579,polyak,334,2293.6328374543659,2293.6485417337185
hybrid-reverse,580,polyak,335,2293.6259039542397,2293.6485417337185
hybrid-reverse,581,polyak,336,2293.6483833477146,2293.6485417337185
hybrid-reverse,582,polyak,337,2293.5116100206642,2293.6485417337185
hybrid-reverse,583,polyak,338,2293.6155548898037,2293.6485417337185
hybrid-reverse,584,polyak,339,2293.6611187640706,2293.6611187640706
hybrid-reverse,585,polyak,340,2293.6565403812515,2293.6611187640706
hybrid-reverse,586,polyak,341,2293.6681095428271,2293.6681095428271
hybrid-reverse,587,polyak,342,2293.5956377702701,2293.6681095428271
hybrid-reverse,588,polyak,343,2293.6481951787823,2293.6681095428271
hybrid-reverse,589,polyak,344,2293.6856538177344,2293.6856538177344
hybrid-reverse,590,polyak,345,2293.6895128182578,2293.6895128182578
hybrid-reverse,591,polyak,346,2293.6469695854985,2293.6895128182578
hybrid-reverse,592,polyak,347,2293.6881243097823,2293.6895128182578
hybrid-reverse,593,polyak,348,2293.6835255302512,2293.6895128182578
hybrid-reverse,594,polyak,349,2293.6975733754189,2293.6975733754189
hybrid-reverse,595,polyak,350,2293.6568413492369,2293.6975733754189
hybrid-reverse,596,polyak,351,2293.6916876073324,2293.6975733754189
hybrid-reverse,597,polyak,352,2293.6816845449875,2293.6975733754189
hybrid-reverse,598,polyak,353,2293.7032825171136,2293.7032825171136
hybrid-reverse,599,polyak,354,2293.6689899866565,2293.7032825171136
hybrid-reverse,600,polyak,355,2293.6555943806961,2293.7032825171136
hybrid-reverse,601,polyak,356,2293.6975279833905,2293.7032825171136
hybrid-reverse,602,polyak,357,2293.6813625699651,2293.7032825171136
hybrid-reverse,603,polyak,358,2293.7098917409626,2293.7098917409626
hybrid-reverse,604,polyak,359,2293.6107704113392,2293.7098917409626
hybrid-reverse,605,polyak,360,2293.6631617030253,2293.7098917409626
hybrid-reverse,606,polyak,361,2293.7022875752432,2293.7098917409626
hybrid-reverse,607,polyak,362,2293.6945183271059,2293.7098917409626
hybrid-reverse,608,polyak,363,2293.6929916271761,2293.7098917409626
hybrid-reverse,609,polyak,364,2293.6803936220517,2293.7098917409626
hybrid-reverse,610,polyak,365,2293.7216069442238,2293.7216069442238
hybrid-reverse,611,polyak,366,2293.6956049898422,2293.7216069442238
hybrid-reverse,612,polyak,367,2293.6453092946804,2293.7216069442238
hybrid-reverse,613,polyak,368,2293.6765164824528,2293.7216069442238
hybrid-reverse,614,polyak,369,2293.7130460391941,2293.7216069442238
hybrid-reverse,615,polyak,370,2293.7244128825828,2293.7244128825828
hybrid-reverse,616,polyak,371,2293.7370553592286,2293.7370553592286
hybrid-reverse,617,polyak,372,2293.6913788774973,2293.7370553592286
hybrid-reverse,618,polyak,373,2293.7390086919031,2293.7390086919031
hybrid-reverse,619,polyak,374,2293.6386549749336,2293.7390086919031
hybrid-reverse,620,polyak,375,2293.6558264188093,2293.7390086919031
hybrid-reverse,621,polyak,376,2293.6878972924555,2293.7390086919031
hybrid-reverse,622,polyak,377,2293.7347659325105,2293.7390086919031
hybrid-reverse,623,polyak,378,2293.7452132175413,2293.7452132175413
hybrid-reverse,624,polyak,379,2293.7245392292434,2293.7452132175413
hybrid-reverse,625,polyak,380,2293.7326600131,2293.7452132175413
hybrid-reverse,626,polyak,381,2293.6483899399673,2293.7452132175413
hybrid-reverse,627,polyak,382,2293.7029431138476,2293.7452132175413
hybrid-reverse,628,polyak,383,2293.733520917121,2293.7452132175413
hybrid-reverse,629,polyak,384,2293.7266905592278,2293.7452132175413
hybrid-reverse,630,polyak,385,2293.7434899333916,2293.7452132175413
hybrid-reverse,631,polyak,386,2293.7313962170715,2293.7452132175413
hybrid-reverse,632,polyak,387,2293.7440938685618,2293.7452132175413
hybrid-reverse,633,polyak,388,2293.7242842064766,2293.7452132175413
hybrid-reverse,634,polyak,389,2293.7333779384649,2293.7452132175413
hybrid-reverse,635,polyak,390,2293.748527779057,2293.748527779057
hybrid-reverse,636,polyak,391,2293.7457277986864,2293.748527779057
hybrid-reverse,637,polyak,392,2293.7546761930944,2293.7546761930944
hybrid-reverse,638,polyak,393,2293.7275325934679,2293.7546761930944
hybrid-reverse,639,polyak,394,2293.7591627330098,2293.7591627330098
hybrid-reverse,640,polyak,395,2293.7050908592887,2293.7591627330098
hybrid-reverse,641,polyak,396,2293.7364392032641,2293.7591627330098
hybrid-reverse,642,polyak,397,2293.7599245896254,2293.7599245896254
hybrid-reverse,643,polyak,398,2293.7609553882608,2293.7609553882608
hybrid-reverse,644,polyak,399,2293.6802513672642,2293.7609553882608
hybrid-reverse,645,polyak,400,2293.7111688067503,2293.7609553882608
hybrid-reverse,646,polyak,401,2293.7496624286705,2293.7609553882608
hybrid-reverse,647,polyak,402,2293.7423050529719,2293.7609553882608
hybrid-reverse,648,polyak,403,2293.7541485937268,2293.7609553882608
hybrid-reverse,649,polyak,404,2293.775312776962,2293.775312776962
hybrid-reverse,650,polyak,405,2293.7623651681079,2293.775312776962
hybrid-reverse,651,polyak,406,2293.6929969860776,2293.775312776962
hybrid-reverse,652,polyak,407,2293.7222540028333,2293.775312776962
hybrid-reverse,653,polyak,408,2293.7493743502646,2293.775312776962
hybrid-reverse,654,polyak,409,2293.7838507017982,2293.7838507017982
hybrid-reverse,655,polyak,410,2293.7473751576977,2293.7838507017982
hybrid-reverse,656,polyak,411,2293.733895795036,2293.7838507017982
hybrid-reverse,657,polyak,412,2293.7724409559405,2293.7838507017982
hybrid-reverse,658,polyak,413,2293.7779682613636,2293.7838507017982
hybrid-reverse,659,polyak,414,2293.7745808089221,2293.7838507017982
hybrid-reverse,660,polyak,415,2293.7632073365926,2293.7838507017982
hybrid-reverse,661,polyak,416,2293.7785794741367,2293.7838507017982
hybrid-reverse,662,polyak,417,2293.7442059918612,2293.7838507017982
hybrid-reverse,663,polyak,418,2293.7592759977015,2293.7838507017982
hybrid-reverse,664,polyak,419,2293.7883662182494,2293.7883662182494
hybrid-reverse,665,polyak,420,2293.7594502151678,2293.7883662182494
hybrid-reverse,666,polyak,421,2293.7680474660751,2293.7883662182494
hybrid-reverse,667,polyak,422,2293.7945431292374,2293.7945431292374
hybrid-reverse,668,polyak,423,2293.7634313518442,2293.7945431292374
hybrid-reverse,669,polyak,424,2293.7681415110378,2293.7945431292374
hybrid-reverse,670,polyak,425,2293.7926341359907,2293.7945431292374
hybrid-reverse,671,polyak,426,2293.7831854017886,2293.7945431292374
hybrid-reverse,672,polyak,427,2293.805438116296,2293.805438116296
hybrid-reverse,673,polyak,428,2293.7894636936458,2293.805438116296
hybrid-reverse,674,polyak,429,2293.7783439916457,2293.805438116296
hybrid-reverse,675,polyak,430,2293.7964383443673,2293.805438116296
hybrid-reverse,676,polyak,431,2293.7889217383545,2293.805438116296
hybrid-reverse,677,polyak,432,2293.8015600297254,2293.805438116296
hybrid-reverse,678,polyak,433,2293.7548997892713,2293.805438116296
hybrid-reverse,679,polyak,434,2293.7575475402687,2293.805438116296
hybrid-reverse,680,polyak,435,2293.7965415624044,2293.805438116296
hybrid-reverse,681,polyak,436,2293.8030610073324,2293.805438116296
hybrid-reverse,682,polyak,437,2293.7778961134577,2293.805438116296
hybrid-reverse,683,polyak,438,2293.7885006897773,2293.805438116296
hybrid-reverse,684,polyak,439,2293.798920379576,2293.805438116296
hybrid-reverse,685,polyak,440,2293.7900081047524,2293.805438116296
hybrid-reverse,686,polyak,441,2293.8138235977453,2293.8138235977453
hybrid-reverse,687,polyak,442,2293.8130675563848,2293.8138235977453
hybrid-reverse,688,polyak,443,2293.8077593263597,2293.8138235977453
hybrid-reverse,689,polyak,444,2293.8013019631535,2293.8138235977453
hybrid-reverse,690,polyak,445,2293.8200809296882,2293.8200809296882
hybrid-reverse,691,polyak,446,2293.7979693063953,2293.8200809296882
hybrid-reverse,692,polyak,447,2293.8195415871373,2293.8200809296882
hybrid-reverse,693,polyak,448,2293.7814860936373,2293.8200809296882
hybrid-reverse,694,polyak,449,2293.8051502459589,2293.8200809296882
hybrid-reverse,695,polyak,450,2293.8267072773688,2293.8267072773688
hybrid-reverse,696,polyak,451,2293.8106684630384,2293.8267072773688
hybrid-reverse,697,polyak,452,2293.8324296303504,2293.8324296303504
hybrid-reverse,698,polyak,453,2293.7810124747698,2293.8324296303504
hybrid-reverse,699,polyak,454,2293.801561953981,2293.8324296303504
hybrid-reverse,700,polyak,455,2293.8151858820715,2293.8324296303504
hybrid-reverse,701,polyak,456,2293.8356749144032,2293.8356749144032
hybrid-reverse,702,polyak,457,2293.8279456048958,2293.8356749144032
hybrid-reverse,703,polyak,458,2293.8363213047869,2293.8363213047869
hybrid-reverse,704,polyak,459,2293.8131441184801,2293.8363213047869
hybrid-reverse,705,polyak,460,2293.8318847958508,2293.8363213047869
hybrid-reverse,706,polyak,461,2293.8425319142452,2293.8425319142452
hybrid-reverse,707,polyak,462,2293.790123042816,2293.8425319142452
hybrid-reverse,708,polyak,463,2293.8116001192107,2293.8425319142452
hybrid-reverse,709,polyak,464,2293.8129800211741,2293.8425319142452
hybrid-reverse,710,polyak,465,2293.8390422248144,2293.8425319142452
hybrid-reverse,711,polyak,466,2293.8455367312235,2293.8455367312235
hybrid-reverse,712,polyak,467,2293.7913549307668,2293.8455367312235
hybrid-reverse,713,polyak,468,2293.8154828337574,2293.8455367312235
hybrid-reverse,714,polyak,469,2293.8248844081454,2293.8455367312235
hybrid-reverse,715,polyak,470,2293.8459910351453,2293.8459910351453
hybrid-reverse,716,polyak,471,2293.8202322681509,2293.8459910351453
hybrid-reverse,717,polyak,472,2293.8464043376171,2293.8464043376171
hybrid-reverse,718,polyak,473,2293.8374985542755,2293.8464043376171
hybrid-reverse,719,polyak,474,2293.8307318085635,2293.8464043376171
hybrid-reverse,720,polyak,475,2293.852963103453,2293.852963103453
hybrid-reverse,721,polyak,476,2293.8349144947097,2293.852963103453
hybrid-reverse,722,polyak,477,2293.8334012375881,2293.852963103453
hybrid-reverse,723,polyak,478,2293.8469262161925,2293.852963103453
hybrid-reverse,724,polyak,479,2293.8325070002757,2293.852963103453
hybrid-reverse,725,polyak,480,2293.8540837845594,2293.8540837845594
hybrid-reverse,726,polyak,481,2293.8441796205479,2293.8540837845594
hybrid-reverse,727,polyak,482,2293.8519420761181,2293.8540837845594
hybrid-reverse,728,polyak,483,2293.8461473070843,2293.8540837845594
hybrid-reverse,729,polyak,484,2293.8395104592555,2293.8540837845594
hybrid-reverse,730,polyak,485,2293.8380454447306,2293.8540837845594
hybrid-reverse,731,polyak,486,2293.8554266884944,2293.8554266884944
hybrid-reverse,732,polyak,487,2293.8256452301744,2293.8554266884944
hybrid-reverse,733,polyak,488,2293.8518461700905,2293.8554266884944
hybrid-reverse,734,polyak,489,2293.8330044871477,2293.8554266884944
hybrid-reverse,735,polyak,490,2293.8556166424769,2293.8556166424769
hybrid-reverse,736,polyak,491,2293.8410715892423,2293.8556166424769
hybrid-reverse,737,polyak,492,2293.8533545461119,2293.8556166424769
hybrid-reverse,738,polyak,493,2293.8462488022542,2293.8556166424769
hybrid-reverse,739,polyak,494,2293.8493775392899,2293.8556166424769
hybrid-reverse,740,polyak,495,2293.8526290541563,2293.8556166424769
hybrid-reverse,741,polyak,496,2293.8540297837553,2293.8556166424769
hybrid-reverse,742,polyak,497,2293.8357521533812,2293.8556166424769
hybrid-reverse,743,polyak,498,2293.8635269262795,2293.8635269262795
hybrid-reverse,744,polyak,499,2293.8426701102317,2293.8635269262795
hybrid-reverse,745,polyak,500,2293.8551594809314,2293.8635269262795
hybrid-reverse,746,polyak,501,2293.8508651222087,2293.8635269262795
hybrid-reverse,747,polyak,502,2293.8547846448764,2293.8635269262795
hybrid-reverse,748,polyak,503,2293.860506080749,2293.8635269262795
hybrid-reverse,749,polyak,504,2293.8461868438785,2293.8635269262795
hybrid-reverse,750,polyak,505,2293.858912310784,2293.8635269262795
hybrid-reverse,751,polyak,506,2293.8695181014991,2293.8695181014991
hybrid-reverse,752,polyak,507,2293.8187325409772,2293.8695181014991
hybrid-reverse,753,polyak,508,2293.8324462351325,2293.8695181014991
hybrid-reverse,754,polyak,509,2293.8564283261153,2293.8695181014991
hybrid-reverse,755,polyak,510,2293.8643007458095,2293.8695181014991
hybrid-reverse,756,polyak,511,2293.8676929554044,2293.8695181014991
hybrid-reverse,757,polyak,512,2293.8437450409879,2293.8695181014991
hybrid-reverse,758,polyak,513,2293.8687831743323,2293.8695181014991
hybrid-reverse,759,polyak,514,2293.8680730183619,2293.8695181014991
hybrid-reverse,760,polyak,515,2293.8686317178299,2293.8695181014991
hybrid-reverse,761,polyak,516,2293.8587599455577,2293.8695181014991
hybrid-reverse,762,polyak,517,2293.8776477966812,2293.8776477966812
hybrid-reverse,763,polyak,518,2293.8589056504256,2293.8776477966812
hybrid-reverse,764,polyak,519,2293.8826345160214,2293.8826345160214
hybrid-reverse,765,polyak,520,2293.8279768426851,2293.8826345160214
hybrid-reverse,766,polyak,521,2293.8418024742609,2293.8826345160214
hybrid-reverse,767,polyak,522,2293.8622368692349,2293.8826345160214
hybrid-reverse,768,polyak,523,2293.8728467503934,2293.8826345160214
hybrid-reverse,769,polyak,524,2293.8745482793811,2293.8826345160214
hybrid-reverse,770,polyak,525,2293.8776118111819,2293.8826345160214
hybrid-reverse,771,polyak,526,2293.8732382483236,2293.8826345160214
hybrid-reverse,772,polyak,527,2293.8825163492224,2293.8826345160214
hybrid-reverse,773,polyak,528,2293.8684170616793,2293.8826345160214
hybrid-reverse,774,polyak,529,2293.8854898264472,2293.8854898264472
hybrid-reverse,775,polyak,530,2293.8755956953269,2293.8854898264472
hybrid-reverse,776,polyak,531,2293.8498914726001,2293.8854898264472
hybrid-reverse,777,polyak,532,2293.8682256828374,2293.8854898264472
hybrid-reverse,778,polyak,533,2293.8795758409624,2293.8854898264472
hybrid-reverse,779,polyak,534,2293.887067301458,2293.887067301458
hybrid-reverse,780,polyak,535,2293.8862536057163,2293.887067301458
hybrid-reverse,781,polyak,536,2293.8775953130548,2293.887067301458
hybrid-reverse,782,polyak,537,2293.8900073394707,2293.8900073394707
hybrid-reverse,783,polyak,538,2293.881722716093,2293.8900073394707
hybrid-reverse,784,polyak,539,2293.8912270801411,2293.8912270801411
hybrid-reverse,785,polyak,540,2293.8799633639692,2293.8912270801411
hybrid-reverse,786,polyak,541,2293.8906067201183,2293.8912270801411
hybrid-reverse,787,polyak,542,2293.8806739406668,2293.8912270801411
hybrid-reverse,788,polyak,543,2293.8922491352159,2293.8922491352159
hybrid-reverse,789,polyak,544,2293.881710109597,2293.8922491352159
hybrid-reverse,790,polyak,545,2293.8973180216835,2293.8973180216835
hybrid-reverse,791,polyak,546,2293.8442766453609,2293.8973180216835
hybrid-reverse,792,polyak,547,2293.8613226089042,2293.8973180216835
hybrid-reverse,793,polyak,548,2293.87895692027,2293.8973180216835
hybrid-reverse,794,polyak,549,2293.8830886998144,2293.8973180216835
hybrid-reverse,795,polyak,550,2293.8942728065595,2293.8973180216835
hybrid-reverse,796,polyak,551,2293.9002545263725,2293.9002545263725
hybrid-reverse,797,polyak,552,2293.8904090158799,2293.9002545263725
hybrid-reverse,798,polyak,553,2293.8785739117984,2293.9002545263725
hybrid-reverse,799,polyak,554,2293.8916259777166,2293.9002545263725
hybrid-reverse,800,polyak,555,2293.9037118809147,2293.9037118809147
hybrid-reverse,801,polyak,556,2293.883098613881,2293.9037118809147
hybrid-reverse,802,polyak,557,2293.8937975983745,2293.9037118809147
hybrid-reverse,803,polyak,558,2293.8893000579847,2293.9037118809147
hybrid-reverse,804,polyak,559,2293.8973696973417,2293.9037118809147
hybrid-reverse,805,polyak,560,2293.8880415375265,2293.9037118809147
hybrid-reverse,806,polyak,561,2293.8995427028281,2293.9037118809147
hybrid-reverse,807,polyak,562,2293.8938531402773,2293.9037118809147
hybrid-reverse,808,polyak,563,2293.9015587902413,2293.9037118809147
hybrid-reverse,809,polyak,564,2293.8947391759625,2293.9037118809147
hybrid-reverse,810,polyak,565,2293.9048250323831,2293.9048250323831
hybrid-reverse,811,polyak,566,2293.9069371839992,2293.9069371839992
hybrid-reverse,812,polyak,567,2293.8946810197895,2293.9069371839992
hybrid-reverse,813,polyak,568,2293.9006500873202,2293.9069371839992
hybrid-reverse,814,polyak,569,2293.9088494662442,2293.9088494662442
hybrid-reverse,815,polyak,570,2293.8732704187823,2293.9088494662442
hybrid-reverse,816,polyak,571,2293.9021174813242,2293.9088494662442
hybrid-reverse,817,polyak,572,2293.9055143625101,2293.9088494662442
hybrid-reverse,818,polyak,573,2293.9135367619369,2293.9135367619369
hybrid-reverse,819,polyak,574,2293.9013110570681,2293.9135367619369
hybrid-reverse,820,polyak,575,2293.9038763102353,2293.9135367619369
hybrid-reverse,821,polyak,576,2293.9059256451733,2293.9135367619369
hybrid-reverse,822,polyak,577,2293.9110467862479,2293.9135367619369
hybrid-reverse,823,polyak,578,2293.9088565861239,2293.9135367619369
hybrid-reverse,824,polyak,579,2293.8992955732429,2293.9135367619369
hybrid-reverse,825,polyak,580,2293.9106721185003,2293.9135367619369
hybrid-reverse,826,polyak,581,2293.8900066388128,2293.9135367619369
hybrid-reverse,827,polyak,582,2293.9080897109839,2293.9135367619369
hybrid-reverse,828,polyak,583,2293.9095442495964,2293.9135367619369
hybrid-reverse,829,polyak,584,2293.8911281748751,2293.9135367619369
hybrid-reverse,830,polyak,585,2293.9179603737716,2293.9179603737716
hybrid-reverse,831,polyak,586,2293.8732286711256,2293.9179603737716
hybrid-reverse,832,polyak,587,2293.9103798771357,2293.9179603737716
hybrid-reverse,833,polyak,588,2293.9118452841458,2293.9179603737716
hybrid-reverse,834,polyak,589,2293.9118319595736,2293.9179603737716
hybrid-reverse,835,polyak,590,2293.9170752576897,2293.9179603737716
hybrid-reverse,836,polyak,591,2293.8759942672805,2293.9179603737716
hybrid-reverse,837,polyak,592,2293.9124180489503,2293.9179603737716
hybrid-reverse,838,polyak,593,2293.9078255572795,2293.9179603737716
hybrid-reverse,839,polyak,594,2293.9152013866155,2293.9179603737716
hybrid-reverse,840,polyak,595,2293.9091885889261,2293.9179603737716
hybrid-reverse,841,polyak,596,2293.9234398952008,2293.9234398952008
hybrid-reverse,842,polyak,597,2293.9138192024261,2293.9234398952008
hybrid-reverse,843,polyak,598,2293.9254589369589,2293.9254589369589
hybrid-reverse,844,polyak,599,2293.896169511635,2293.9254589369589
hybrid-reverse,845,polyak,600,2293.9227017789658,2293.9254589369589
hybrid-reverse,846,polyak,601,2293.9068692226929,2293.9254589369589
hybrid-reverse,847,polyak,602,2293.926016068182,2293.926016068182
hybrid-reverse,848,polyak,603,2293.8783669195682,2293.926016068182
hybrid-reverse,849,polyak,604,2293.8838827919226,2293.926016068182
hybrid-reverse,850,polyak,605,2293.907899983903,2293.926016068182
hybrid-reverse,851,polyak,606,2293.9190600710403,2293.926016068182
hybrid-reverse,852,polyak,607,2293.9266892975375,2293.9266892975375
hybrid-reverse,853,polyak,608,2293.9180242178022,2293.9266892975375
hybrid-reverse,854,polyak,609,2293.9069135865584,2293.9266892975375
hybrid-reverse,855,polyak,610,2293.9269532707549,2293.9269532707549
hybrid-reverse,856,polyak,611,2293.9065171753991,2293.9269532707549
hybrid-reverse,857,polyak,612,2293.9339404088942,2293.9339404088942
hybrid-reverse,858,polyak,613,2293.9278472922188,2293.9339404088942
hybrid-reverse,859,polyak,614,2293.9168927329551,2293.9339404088942
hybrid-reverse,860,polyak,615,2293.9306369250617,2293.9339404088942
hybrid-reverse,861,polyak,616,2293.9162700383226,2293.9339404088942
hybrid-reverse,862,polyak,617,2293.9310962915661,2293.9339404088942
hybrid-reverse,863,polyak,618,2293.9190659846386,2293.9339404088942
hybrid-reverse,864,polyak,619,2293.9312233907649,2293.9339404088942
hybrid-reverse,865,polyak,620,2293.9176280283054,2293.9339404088942
hybrid-reverse,866,polyak,621,2293.9362705365547,2293.9362705365547
hybrid-reverse,867,polyak,622,2293.9208306952305,2293.9362705365547
hybrid-reverse,868,polyak,623,2293.9369265990517,2293.9369265990517
hybrid-reverse,869,polyak,624,2293.924477094964,2293.9369265990517
hybrid-reverse,870,polyak,625,2293.929919260152,2293.9369265990517
hybrid-reverse,871,polyak,626,2293.9183261777753,2293.9369265990517
hybrid-reverse,872,polyak,627,2293.9312300453907,2293.9369265990517
hybrid-reverse,873,polyak,628,2293.9261541153605,2293.9369265990517
hybrid-reverse,874,polyak,629,2293.9356398299401,2293.9369265990517
hybrid-reverse,875,polyak,630,2293.9304285715352,2293.9369265990517
hybrid-reverse,876,polyak,631,2293.9325200659655,2293.9369265990517
hybrid-reverse,877,polyak,632,2293.9355975679796,2293.9369265990517
hybrid-reverse,878,polyak,633,2293.9371543251564,2293.9371543251564
hybrid-reverse,879,polyak,634,2293.9391063896774,2293.9391063896774
hybrid-reverse,880,polyak,635,2293.9367693537588,2293.9391063896774
hybrid-reverse,881,polyak,636,2293.9500429944655,2293.9500429944655
hybrid-reverse,882,polyak,637,2293.9175765650843,2293.9500429944655
hybrid-reverse,883,polyak,638,2293.9359754596503,2293.9500429944655
hybrid-reverse,884,polyak,639,2293.9444272103638,2293.9500429944655
hybrid-reverse,885,polyak,640,2293.9471046342842,2293.9500429944655
hybrid-reverse,886,polyak,641,2293.9398021345505,2293.9500429944655
hybrid-reverse,887,polyak,642,2293.9242078175994,2293.9500429944655
hybrid-reverse,888,polyak,643,2293.9503792435958,2293.9503792435958
hybrid-reverse,889,polyak,644,2293.9216603361365,2293.9503792435958
hybrid-reverse,890,polyak,645,2293.9266825200693,2293.9503792435958
hybrid-reverse,891,polyak,646,2293.9508515255779,2293.9508515255779
hybrid-reverse,892,polyak,647,2293.934773666866,2293.9508515255779
hybrid-reverse,893,polyak,648,2293.928921826463,2293.9508515255779
hybrid-reverse,894,polyak,649,2293.9475423663139,2293.9508515255779
hybrid-reverse,895,polyak,650,2293.9083699273392,2293.9508515255779
hybrid-reverse,896,polyak,651,2293.9419285454369,2293.9508515255779
hybrid-reverse,897,polyak,652,2293.94454046383,2293.9508515255779
hybrid-reverse,898,polyak,653,2293.9414980335378,2293.9508515255779
hybrid-reverse,899,polyak,654,2293.9380609623308,2293.9508515255779
hybrid-reverse,900,polyak,655,2293.9529462572132,2293.9529462572132
hybrid-reverse,901,polyak,656,2293.9181584174275,2293.9529462572132
hybrid-reverse,902,polyak,657,2293.9322240494303,2293.9529462572132
hybrid-reverse,903,polyak,658,2293.9522809462201,2293.9529462572132
hybrid-reverse,904,polyak,659,2293.9484733544068,2293.9529462572132
hybrid-reverse,905,polyak,660,2293.9550837816596,2293.9550837816596
hybrid-reverse,906,polyak,661,2293.9536505465576,2293.9550837816596
hybrid-reverse,907,polyak,662,2293.9546188963905,2293.9550837816596
hybrid-reverse,908,polyak,663,2293.9512130651574,2293.9550837816596
hybrid-reverse,909,polyak,664,2293.9524172447691,2293.9550837816596
hybrid-reverse,910,polyak,665,2293.9619885087045,2293.9619885087045
hybrid-reverse,911,polyak,666,2293.9471169944541,2293.9619885087045
hybrid-reverse,912,polyak,667,2293.9599752963322,2293.9619885087045
hybrid-reverse,913,polyak,668,2293.9522157390634,2293.9619885087045
hybrid-reverse,914,polyak,669,2293.9476090154558,2293.9619885087045
hybrid-reverse,915,polyak,670,2293.9570534698514,2293.9619885087045
hybrid-reverse,916,polyak,671,2293.9555904129697,2293.9619885087045
hybrid-reverse,917,polyak,672,2293.9617054931973,2293.9619885087045
hybrid-reverse,918,polyak,673,2293.9544577599636,2293.9619885087045
hybrid-reverse,919,polyak,674,2293.9625009275514,2293.9625009275514
hybrid-reverse,920,polyak,675,2293.9489736438932,2293.9625009275514
hybrid-reverse,921,polyak,676,2293.9555945262023,2293.9625009275514
hybrid-reverse,922,polyak,677,2293.9481257607513,2293.9625009275514
hybrid-reverse,923,polyak,678,2293.949545687487,2293.9625009275514
hybrid-reverse,924,polyak,679,2293.9658045632814,2293.9658045632814
hybrid-reverse,925,polyak,680,2293.9479133905111,2293.9658045632814
hybrid-reverse,926,polyak,681,2293.9431374762548,2293.9658045632814
hybrid-reverse,927,polyak,682,2293.9560871672693,2293.9658045632814
hybrid-reverse,928,polyak,683,2293.956585747012,2293.9658045632814
hybrid-reverse,929,polyak,684,2293.9611440899052,2293.9658045632814
hybrid-reverse,930,polyak,685,2293.9619066520427,2293.9658045632814
hybrid-reverse,931,polyak,686,2293.9561184241684,2293.9658045632814
hybrid-reverse,932,polyak,687,2293.9670628570343,2293.9670628570343
hybrid-reverse,933,polyak,688,2293.9634143728863,2293.9670628570343
hybrid-reverse,934,polyak,689,2293.9652819771159,2293.9670628570343
hybrid-reverse,935,polyak,690,2293.9468773626459,2293.9670628570343
hybrid-reverse,936,polyak,691,2293.9605984361833,2293.9670628570343
hybrid-reverse,937,polyak,692,2293.9687810328537,2293.9687810328537
hybrid-reverse,938,polyak,693,2293.960633817765,2293.9687810328537
hybrid-reverse,939,polyak,694,2293.9581415292796,2293.9687810328537
hybrid-reverse,940,polyak,695,2293.969188110193,2293.969188110193
hybrid-reverse,941,polyak,696,2293.9516722206463,2293.969188110193
hybrid-reverse,942,polyak,697,2293.9705970199871,2293.9705970199871
hybrid-reverse,943,polyak,698,2293.9588791456267,2293.9705970199871
hybrid-reverse,944,polyak,699,2293.9666644090362,2293.9705970199871
hybrid-reverse,945,polyak,700,2293.96454602945,2293.9705970199871
hybrid-reverse,946,polyak,701,2293.9685683415755,2293.9705970199871
hybrid-reverse,947,polyak,702,2293.9542348940145,2293.9705970199871
hybrid-reverse,948,polyak,703,2293.9673982812346,2293.9705970199871
hybrid-reverse,949,polyak,704,2293.9620197465388,2293.9705970199871
hybrid-reverse,950,polyak,705,2293.9729546772451,2293.9729546772451
hybrid-reverse,951,polyak,706,2293.9494277639446,2293.9729546772451
hybrid-reverse,952,polyak,707,2293.9604566849421,2293.9729546772451
hybrid-reverse,953,polyak,708,2293.9703164055054,2293.9729546772451
hybrid-reverse,954,polyak,709,2293.9652653584308,2293.9729546772451
hybrid-reverse,955,polyak,710,2293.9710448775963,2293.9729546772451
hybrid-reverse,956,polyak,711,2293.9680300777477,2293.9729546772451
hybrid-reverse,957,polyak,712,2293.9549987686519,2293.9729546772451
hybrid-reverse,958,polyak,713,2293.967980443515,2293.9729546772451
hybrid-reverse,959,polyak,714,2293.945845159727,2293.9729546772451
hybrid-reverse,960,polyak,715,2293.9707828986702,2293.9729546772451
hybrid-reverse,961,polyak,716,2293.949401870886,2293.9729546772451
hybrid-reverse,962,polyak,717,2293.9734685017957,2293.9734685017957
hybrid-reverse,963,polyak,718,2293.9463827498894,2293.9734685017957
hybrid-reverse,964,polyak,719,2293.9696557558109,2293.9734685017957
hybrid-reverse,965,polyak,720,2293.9743417340478,2293.9743417340478
hybrid-reverse,966,polyak,721,2293.9779873310517,2293.9779873310517
hybrid-reverse,967,polyak,722,2293.9632116737271,2293.9779873310517
hybrid-reverse,968,polyak,723,2293.9784968897338,2293.9784968897338
hybrid-reverse,969,polyak,724,2293.955785695402,2293.9784968897338
hybrid-reverse,970,polyak,725,2293.9781666515614,2293.9784968897338
hybrid-reverse,971,polyak,726,2293.9702051177792,2293.9784968897338
hybrid-reverse,972,polyak,727,2293.9871020429036,2293.9871020429036
hybrid-reverse,973,polyak,728,2293.9460202998634,2293.9871020429036
hybrid-reverse,974,polyak,729,2293.9769454695465,2293.9871020429036
hybrid-reverse,975,polyak,730,2293.9798986984038,2293.9871020429036
hybrid-reverse,976,polyak,731,2293.9806625650604,2293.9871020429036
hybrid-reverse,977,polyak,732,2293.9814556194092,2293.9871020429036
hybrid-reverse,978,polyak,733,2293.9559584121198,2293.9871020429036
hybrid-reverse,979,polyak,734,2293.9796511884051,2293.9871020429036
hybrid-reverse,980,polyak,735,2293.9890827171439,2293.9890827171439
hybrid-reverse,981,polyak,736,2293.9721735861499,2293.9890827171439
hybrid-reverse,982,polyak,737,2293.9827329769942,2293.9890827171439
hybrid-reverse,983,polyak,738,2293.9768227758573,2293.9890827171439
hybrid-reverse,984,polyak,739,2293.9812629395237,2293.9890827171439
hybrid-reverse,985,polyak,740,2293.9786571544155,2293.9890827171439
hybrid-reverse,986,polyak,741,2293.9919306946167,2293.9919306946167
hybrid-reverse,987,polyak,742,2293.9719273647702,2293.9919306946167
hybrid-reverse,988,polyak,743,2293.9777015626819,2293.9919306946167
hybrid-reverse,989,polyak,744,2293.9736617132221,2293.9919306946167
hybrid-reverse,990,polyak,745,2293.9858515496944,2293.9919306946167
hybrid-reverse,991,polyak,746,2293.9807155892099,2293.9919306946167
hybrid-reverse,992,polyak,747,2293.9882020529776,2293.9919306946167
hybrid-reverse,993,polyak,748,2293.9803160987585,2293.9919306946167
hybrid-reverse,994,polyak,749,2293.9838583334786,2293.9919306946167
hybrid-reverse,995,polyak,750,2293.9802947396479,2293.9919306946167
hybrid-reverse,996,polyak,751,2293.9789361796234,2293.9919306946167
hybrid-reverse,997,polyak,752,2293.9838306002544,2293.9919306946167
hybrid-reverse,998,polyak,753,2293.9760018364714,2293.9919306946167
hybrid-reverse,999,polyak,754,2293.9891883437044,2293.9919306946167
hybrid-reverse,1000,polyak,755,2293.9882589194735,2293.9919306946167
hybrid-reverse,1001,polyak,756,2293.9927610405557,2293.9927610405557
hybrid-reverse,1002,polyak,757,2293.9855965609113,2293.9927610405557
hybrid-reverse,1003,polyak,758,2293.995935420643,2293.995935420643
hybrid-reverse,1004,polyak,759,2293.9925383787545,2293.995935420643
hybrid-reverse,1005,polyak,760,2293.99150157345,2293.995935420643
hybrid-reverse,1006,polyak,761,2293.9973765470268,2293.9973765470268
hybrid-reverse,1007,polyak,762,2293.9823967605525,2293.9973765470268
hybrid-reverse,1008,polyak,763,2293.9957428726934,2293.9973765470268
hybrid-reverse,1009,polyak,764,2293.9975117596587,2293.9975117596587
hybrid-reverse,1010,polyak,765,2293.9859017472877,2293.9975117596587
hybrid-reverse,1011,polyak,766,2293.9942804216253,2293.9975117596587
hybrid-reverse,1012,polyak,767,2294.001296724407,2294.001296724407
hybrid-reverse,1013,polyak,768,2293.974558721316,2294.001296724407
hybrid-reverse,1014,polyak,769,2293.9794467085881,2294.001296724407
hybrid-reverse,1015,polyak,770,2293.9888771138139,2294.001296724407
hybrid-reverse,1016,polyak,771,2293.9952687973173,2294.001296724407
hybrid-reverse,1017,polyak,772,2294.0018160160539,2294.0018160160539
hybrid-reverse,1018,polyak,773,2293.9860667458402,2294.0018160160539
hybrid-reverse,1019,polyak,774,2293.9935012876781,2294.0018160160539
hybrid-reverse,1020,polyak,775,2294.0025349379976,2294.0025349379976
hybrid-reverse,1021,polyak,776,2293.9927620834274,2294.0025349379976
hybrid-reverse,1022,polyak,777,2293.9989668367953,2294.0025349379976
hybrid-reverse,1023,polyak,778,2293.985919960618,2294.0025349379976
hybrid-reverse,1024,polyak,779,2293.9971662961379,2294.0025349379976
hybrid-reverse,1025,polyak,780,2293.9974058422845,2294.0025349379976
hybrid-reverse,1026,polyak,781,2294.0073849970977,2294.0073849970977
hybrid-reverse,1027,polyak,782,2293.9934155669043,2294.0073849970977
hybrid-reverse,1028,polyak,783,2294.0048301956413,2294.0073849970977
hybrid-reverse,1029,polyak,784,2293.9996808538531,2294.0073849970977
hybrid-reverse,1030,polyak,785,2294.0038681123724,2294.0073849970977
hybrid-reverse,1031,polyak,786,2294.0052869482938,2294.0073849970977
hybrid-reverse,1032,polyak,787,2293.9815570318356,2294.0073849970977
hybrid-reverse,1033,polyak,788,2293.9899339404169,2294.0073849970977
hybrid-reverse,1034,polyak,789,2294.0023617376637,2294.0073849970977
hybrid-reverse,1035,polyak,790,2294.0083323313233,2294.0083323313233
hybrid-reverse,1036,polyak,791,2294.0060365060108,2294.0083323313233
hybrid-reverse,1037,polyak,792,2293.9943378113744,2294.0083323313233
hybrid-reverse,1038,polyak,793,2294.007233745097,2294.0083323313233
hybrid-reverse,1039,polyak,794,2294.0070906323754,2294.0083323313233
hybrid-reverse,1040,polyak,795,2293.9889205473287,2294.0083323313233
hybrid-reverse,1041,polyak,796,2293.9921202768028,2294.0083323313233
hybrid-reverse,1042,polyak,797,2294.0026425285514,2294.0083323313233
hybrid-reverse,1043,polyak,798,2294.006491497697,2294.0083323313233
hybrid-reverse,1044,polyak,799,2294.0102685827205,2294.0102685827205
hybrid-reverse,1045,polyak,800,2294.0086955805405,2294.0102685827205
hybrid-reverse,1046,polyak,801,2294.014825913996,2294.014825913996
hybrid-reverse,1047,polyak,802,2294.0021022026522,2294.014825913996
hybrid-reverse,1048,polyak,803,2294.0078211536702,2294.014825913996
hybrid-reverse,1049,polyak,804,2294.0153248503702,2294.0153248503702
hybrid-reverse,1050,polyak,805,2294.0021241780987,2294.0153248503702
hybrid-reverse,1051,polyak,806,2294.0085360776388,2294.0153248503702
hybrid-reverse,1052,polyak,807,2294.0125369054144,2294.0153248503702
hybrid-reverse,1053,polyak,808,2293.995996305016,2294.0153248503702
hybrid-reverse,1054,polyak,809,2294.0112916680719,2294.0153248503702
hybrid-reverse,1055,polyak,810,2293.9925137670275,2294.0153248503702
hybrid-reverse,1056,polyak,811,2294.010975937048,2294.0153248503702
hybrid-reverse,1057,polyak,812,2294.0096357248426,2294.0153248503702
hybrid-reverse,1058,polyak,813,2294.0164408537366,2294.0164408537366
hybrid-reverse,1059,polyak,814,2294.003409174481,2294.0164408537366
hybrid-reverse,1060,polyak,815,2294.0080118168357,2294.0164408537366
hybrid-reverse,1061,polyak,816,2294.0130752668088,2294.0164408537366
hybrid-reverse,1062,polyak,817,2294.015231097937,2294.0164408537366
hybrid-reverse,1063,polyak,818,2294.0001959677079,2294.0164408537366
hybrid-reverse,1064,polyak,819,2294.0137508000935,2294.0164408537366
hybrid-reverse,1065,polyak,820,2294.0163834584728,2294.0164408537366
hybrid-reverse,1066,polyak,821,2294.0064666018307,2294.0164408537366
hybrid-reverse,1067,polyak,822,2294.0126392739289,2294.0164408537366
hybrid-reverse,1068,polyak,823,2294.0163126020984,2294.0164408537366
hybrid-reverse,1069,polyak,824,2294.0127449518618,2294.0164408537366
hybrid-reverse,1070,polyak,825,2294.016884154235,2294.016884154235
hybrid-reverse,1071,polyak,826,2294.0127116816379,2294.016884154235
hybrid-reverse,1072,polyak,827,2294.0150981919837,2294.016884154235
hybrid-reverse,1073,polyak,828,2294.0078829115496,2294.016884154235
hybrid-reverse,1074,polyak,829,2294.0189867820072,2294.0189867820072
hybrid-reverse,1075,polyak,830,2294.009901980181,2294.0189867820072
hybrid-reverse,1076,polyak,831,2294.015236236366,2294.0189867820072
hybrid-reverse,1077,polyak,832,2294.0118145464803,2294.0189867820072
hybrid-reverse,1078,polyak,833,2294.0180469723505,2294.0189867820072
hybrid-reverse,1079,polyak,834,2294.0146959335489,2294.0189867820072
hybrid-reverse,1080,polyak,835,2294.015753494486,2294.0189867820072
hybrid-reverse,1081,polyak,836,2294.0164622065799,2294.0189867820072
hybrid-reverse,1082,polyak,837,2294.020211090939,2294.020211090939
hybrid-reverse,1083,polyak,838,2294.0164557919948,2294.020211090939
hybrid-reverse,1084,polyak,839,2294.0200134270144,2294.020211090939
hybrid-reverse,1085,polyak,840,2294.0167769164777,2294.020211090939
hybrid-reverse,1086,polyak,841,2294.017473139189,2294.020211090939
hybrid-reverse,1087,polyak,842,2294.0200861039984,2294.020211090939
hybrid-reverse,1088,polyak,843,2294.0159611523363,2294.020211090939
hybrid-reverse,1089,polyak,844,2294.0220905532638,2294.0220905532638
hybrid-reverse,1090,polyak,845,2294.0014125133475,2294.0220905532638
hybrid-reverse,1091,polyak,846,2294.0173213754515,2294.0220905532638
hybrid-reverse,1092,polyak,847,2294.0181800083974,2294.0220905532638
hybrid-reverse,1093,polyak,848,2294.0168657091899,2294.0220905532638
hybrid-reverse,1094,polyak,849,2294.0154146621185,2294.0220905532638
hybrid-reverse,1095,polyak,850,2294.0157786319878,2294.0220905532638
hybrid-reverse,1096,polyak,851,2294.0176720828499,2294.0220905532638
hybrid-reverse,1097,polyak,852,2294.0223411758234,2294.0223411758234
hybrid-reverse,1098,polyak,853,2294.017216419184,2294.0223411758234
hybrid-reverse,1099,polyak,854,2294.0251597261868,2294.0251597261868
hybrid-reverse,1100,polyak,855,2294.0137745597567,2294.0251597261868
hybrid-reverse,1101,polyak,856,2294.0253849162996,2294.0253849162996
hybrid-reverse,1102,polyak,857,2294.0145585979062,2294.0253849162996
hybrid-reverse,1103,polyak,858,2294.0260015305048,2294.0260015305048
hybrid-reverse,1104,polyak,859,2294.0119658789226,2294.0260015305048
hybrid-reverse,1105,polyak,860,2294.0222332608109,2294.0260015305048
hybrid-reverse,1106,polyak,861,2294.0218401821699,2294.0260015305048
hybrid-reverse,1107,polyak,862,2294.0245084325675,2294.0260015305048
hybrid-reverse,1108,polyak,863,2294.0247620366226,2294.0260015305048
hybrid-reverse,1109,polyak,864,2294.0243093734121,2294.0260015305048
hybrid-reverse,1110,polyak,865,2294.0220997624751,2294.0260015305048
hybrid-reverse,1111,polyak,866,2294.0247964613532,2294.0260015305048
hybrid-reverse,1112,polyak,867,2294.0134592782715,2294.0260015305048
hybrid-reverse,1113,polyak,868,2294.0245992699679,2294.0260015305048
hybrid-reverse,1114,polyak,869,2294.0257119011585,2294.0260015305048
hybrid-reverse,1115,polyak,870,2294.0204313201975,2294.0260015305048
hybrid-reverse,1116,polyak,871,2294.0284009947263,2294.0284009947263
hybrid-reverse,1117,polyak,872,2294.026133869057,2294.0284009947263
hybrid-reverse,1118,polyak,873,2294.029872227592,2294.029872227592
hybrid-reverse,1119,polyak,874,2294.0306871036851,2294.0306871036851
hybrid-reverse,1120,polyak,875,2294.0277558249122,2294.0306871036851
hybrid-reverse,1121,polyak,876,2294.0308553806094,2294.0308553806094
hybrid-reverse,1122,polyak,877,2294.0287628025035,2294.0308553806094
hybrid-reverse,1123,polyak,878,2294.0310552260548,2294.0310552260548
hybrid-reverse,1124,polyak,879,2294.0227795886217,2294.0310552260548
hybrid-reverse,1125,polyak,880,2294.0285595650994,2294.0310552260548
hybrid-reverse,1126,polyak,881,2294.0312236714199,2294.0312236714199
hybrid-reverse,1127,polyak,882,2294.0342644652087,2294.0342644652087
hybrid-reverse,1128,polyak,883,2294.0275888012625,2294.0342644652087
hybrid-reverse,1129,polyak,884,2294.0318479715561,2294.0342644652087
hybrid-reverse,1130,polyak,885,2294.0349625591643,2294.0349625591643
hybrid-reverse,1131,polyak,886,2294.0216720331791,2294.0349625591643
hybrid-reverse,1132,polyak,887,2294.0272280541731,2294.0349625591643
hybrid-reverse,1133,polyak,888,2294.0324226174575,2294.0349625591643
hybrid-reverse,1134,polyak,889,2294.0341550745293,2294.0349625591643
hybrid-reverse,1135,polyak,890,2294.033929417847,2294.0349625591643
hybrid-reverse,1136,polyak,891,2294.0350985270188,2294.0350985270188
hybrid-reverse,1137,polyak,892,2294.0327021067792,2294.0350985270188
hybrid-reverse,1138,polyak,893,2294.0363014758022,2294.0363014758022
hybrid-reverse,1139,polyak,894,2294.0333616344246,2294.0363014758022
hybrid-reverse,1140,polyak,895,2294.035532983236,2294.0363014758022
hybrid-reverse,1141,polyak,896,2294.0365725902216,2294.0365725902216
hybrid-reverse,1142,polyak,897,2294.0320252992519,2294.0365725902216
hybrid-reverse,1143,polyak,898,2294.0357544020844,2294.0365725902216
hybrid-reverse,1144,polyak,899,2294.0350983028211,2294.0365725902216
hybrid-reverse,1145,polyak,900,2294.0353810625975,2294.0365725902216
hybrid-reverse,1146,polyak,901,2294.0367717527956,2294.0367717527956
hybrid-reverse,1147,polyak,902,2294.0312959623338,2294.0367717527956
hybrid-reverse,1148,polyak,903,2294.0374377651001,2294.0374377651001
hybrid-reverse,1149,polyak,904,2294.0319703154505,2294.0374377651001
hybrid-reverse,1150,polyak,905,2294.0369662051462,2294.0374377651001
hybrid-reverse,1151,polyak,906,2294.0377394919992,2294.0377394919992
hybrid-reverse,1152,polyak,907,2294.0348252597264,2294.0377394919992
hybrid-reverse,1153,polyak,908,2294.0367862392604,2294.0377394919992
hybrid-reverse,1154,polyak,909,2294.0359471178385,2294.0377394919992
hybrid-reverse,1155,polyak,910,2294.0397887700469,2294.0397887700469
hybrid-reverse,1156,polyak,911,2294.0340450410745,2294.0397887700469
hybrid-reverse,1157,polyak,912,2294.0394360717296,2294.0397887700469
hybrid-reverse,1158,polyak,913,2294.0337128374413,2294.0397887700469
hybrid-reverse,1159,polyak,914,2294.0402928288054,2294.0402928288054
hybrid-reverse,1160,polyak,915,2294.0379762274938,2294.0402928288054
hybrid-reverse,1161,polyak,916,2294.0313859999392,2294.0402928288054
hybrid-reverse,1162,polyak,917,2294.0333774406945,2294.0402928288054
hybrid-reverse,1163,polyak,918,2294.0398961238384,2294.0402928288054
hybrid-reverse,1164,polyak,919,2294.0392367315071,2294.0402928288054
hybrid-reverse,1165,polyak,920,2294.0344563072699,2294.0402928288054
hybrid-reverse,1166,polyak,921,2294.0394586743073,2294.0402928288054
hybrid-reverse,1167,polyak,922,2294.0414355044818,2294.0414355044818
hybrid-reverse,1168,polyak,923,2294.0394892463478,2294.0414355044818
hybrid-reverse,1169,polyak,924,2294.0388591331644,2294.0414355044818
hybrid-reverse,1170,polyak,925,2294.0392912515035,2294.0414355044818
hybrid-reverse,1171,polyak,926,2294.0415346398595,2294.0415346398595
hybrid-reverse,1172,polyak,927,2294.0423881777288,2294.0423881777288
hybrid-reverse,1173,polyak,928,2294.0396116158181,2294.0423881777288
hybrid-reverse,1174,polyak,929,2294.0364803855277,2294.0423881777288
hybrid-reverse,1175,polyak,930,2294.0436872452492,2294.0436872452492
hybrid-reverse,1176,polyak,931,2294.0305264908698,2294.0436872452492
hybrid-reverse,1177,polyak,932,2294.0382363654794,2294.0436872452492
hybrid-reverse,1178,polyak,933,2294.0430026283948,2294.0436872452492
hybrid-reverse,1179,polyak,934,2294.0383850210396,2294.0436872452492
hybrid-reverse,1180,polyak,935,2294.0419726000055,2294.0436872452492
hybrid-reverse,1181,polyak,936,2294.0431185808775,2294.0436872452492
hybrid-reverse,1182,polyak,937,2294.0367319433549,2294.0436872452492
hybrid-reverse,1183,polyak,938,2294.0426446149249,2294.0436872452492
hybrid-reverse,1184,polyak,939,2294.0437568601992,2294.0437568601992
hybrid-reverse,1185,polyak,940,2294.0331959889509,2294.0437568601992
hybrid-reverse,1186,polyak,941,2294.0375676093217,2294.0437568601992
hybrid-reverse,1187,polyak,942,2294.0444124190367,2294.0444124190367
hybrid-reverse,1188,polyak,943,2294.0424359824624,2294.0444124190367
hybrid-reverse,1189,polyak,944,2294.0438009447394,2294.0444124190367
hybrid-reverse,1190,polyak,945,2294.0420263124229,2294.0444124190367
hybrid-reverse,1191,polyak,946,2294.0451414134632,2294.0451414134632
hybrid-reverse,1192,polyak,947,2294.0434212692699,2294.0451414134632
hybrid-reverse,1193,polyak,948,2294.0448116341008,2294.0451414134632
hybrid-reverse,1194,polyak,949,2294.044076845234,2294.0451414134632
hybrid-reverse,1195,polyak,950,2294.0418413081111,2294.0451414134632
hybrid-reverse,1196,polyak,951,2294.0424909524422,2294.0451414134632
hybrid-reverse,1197,polyak,952,2294.0468900463452,2294.0468900463452
hybrid-reverse,1198,polyak,953,2294.0415635302852,2294.0468900463452
hybrid-reverse,1199,polyak,954,2294.0464960374461,2294.0468900463452
hybrid-reverse,1200,polyak,955,2294.0447991480087,2294.0468900463452
hybrid-reverse,1201,polyak,956,2294.0439607955195,2294.0468900463452
hybrid-reverse,1202,polyak,957,2294.0456917577289,2294.0468900463452
hybrid-reverse,1203,polyak,958,2294.0472642980585,2294.0472642980585
hybrid-reverse,1204,polyak,959,2294.0462150979106,2294.0472642980585
hybrid-reverse,1205,polyak,960,2294.0367810817461,2294.0472642980585
hybrid-reverse,1206,polyak,961,2294.0396609886334,2294.0472642980585
hybrid-reverse,1207,polyak,962,2294.0445992080204,2294.0472642980585
hybrid-reverse,1208,polyak,963,2294.0472431834437,2294.0472642980585
hybrid-reverse,1209,polyak,964,2294.0431761178343,2294.0472642980585
hybrid-reverse,1210,polyak,965,2294.0469440086013,2294.0472642980585
hybrid-reverse,1211,polyak,966,2294.0475753159312,2294.0475753159312
hybrid-reverse,1212,polyak,967,2294.0481238423017,2294.0481238423017
hybrid-reverse,1213,polyak,968,2294.0457714816616,2294.0481238423017
hybrid-reverse,1214,polyak,969,2294.0494319722052,2294.0494319722052
hybrid-reverse,1215,polyak,970,2294.0467934156904,2294.0494319722052
hybrid-reverse,1216,polyak,971,2294.0497500649358,2294.0497500649358
hybrid-reverse,1217,polyak,972,2294.0408332403294,2294.0497500649358
hybrid-reverse,1218,polyak,973,2294.0472860227651,2294.0497500649358
hybrid-reverse,1219,polyak,974,2294.0475494159782,2294.0497500649358
hybrid-reverse,1220,polyak,975,2294.0454624512695,2294.0497500649358
hybrid-reverse,1221,polyak,976,2294.0499175046998,2294.0499175046998
hybrid-reverse,1222,polyak,977,2294.0453699017139,2294.0499175046998
hybrid-reverse,1223,polyak,978,2294.0467556757685,2294.0499175046998
hybrid-reverse,1224,polyak,979,2294.0502682171559,2294.0502682171559
hybrid-reverse,1225,polyak,980,2294.0387348221493,2294.0502682171559
hybrid-reverse,1226,polyak,981,2294.0447893372252,2294.0502682171559
hybrid-reverse,1227,polyak,982,2294.047520868417,2294.0502682171559
hybrid-reverse,1228,polyak,983,2294.0523156473582,2294.0523156473582
hybrid-reverse,1229,polyak,984,2294.0435993548917,2294.0523156473582
hybrid-reverse,1230,polyak,985,2294.0499260358029,2294.0523156473582
hybrid-reverse,1231,polyak,986,2294.0524058223209,2294.0524058223209
hybrid-reverse,1232,polyak,987,2294.0507440863935,2294.0524058223209
hybrid-reverse,1233,polyak,988,2294.0526349810857,2294.0526349810857
hybrid-reverse,1234,polyak,989,2294.0474614859777,2294.0526349810857
hybrid-reverse,1235,polyak,990,2294.0519504850804,2294.0526349810857
hybrid-reverse,1236,polyak,991,2294.0520202110738,2294.0526349810857
hybrid-reverse,1237,polyak,992,2294.0484073096109,2294.0526349810857
hybrid-reverse,1238,polyak,993,2294.0525886769433,2294.0526349810857
hybrid-reverse,1239,polyak,994,2294.0526789418354,2294.0526789418354
hybrid-reverse,1240,polyak,995,2294.0501960433917,2294.0526789418354
hybrid-reverse,1241,polyak,996,2294.0492249564222,2294.0526789418354
hybrid-reverse,1242,polyak,997,2294.0529771724509,2294.0529771724509
hybrid-reverse,1243,polyak,998,2294.0511270160814,2294.0529771724509
hybrid-reverse,1244,polyak,999,2294.0519185347698,2294.0529771724509
hybrid-reverse,1245,polyak,1000,2294.0478360922198,2294.0529771724509
hybrid-reverse,1246,polyak,1001,2294.0524714430462,2294.0529771724509
hybrid-reverse,1247,polyak,1002,2294.0508315493416,2294.0529771724509
hybrid-reverse,1248,polyak,1003,2294.054138880434,2294.054138880434
hybrid-reverse,1249,polyak,1004,2294.0477784797104,2294.054138880434
hybrid-reverse,1250,polyak,1005,2294.0535068926929,2294.054138880434
hybrid-reverse,1251,polyak,1006,2294.0452637124154,2294.054138880434
hybrid-reverse,1252,polyak,1007,2294.0522298154056,2294.054138880434
hybrid-reverse,1253,polyak,1008,2294.0518277029914,2294.054138880434
hybrid-reverse,1254,polyak,1009,2294.0457555542716,2294.054138880434
hybrid-reverse,1255,polyak,1010,2294.0509363941733,2294.054138880434
hybrid-reverse,1256,polyak,1011,2294.0535471124158,2294.054138880434
hybrid-reverse,1257,polyak,1012,2294.0551480101617,2294.0551480101617
hybrid-reverse,1258,polyak,1013,2294.0526767974557,2294.0551480101617
hybrid-reverse,1259,polyak,1014,2294.0550622865735,2294.0551480101617
hybrid-reverse,1260,polyak,1015,2294.0508003431214,2294.0551480101617
hybrid-reverse,1261,polyak,1016,2294.0555964776381,2294.0555964776381
hybrid-reverse,1262,polyak,1017,2294.0530882947646,2294.0555964776381
hybrid-reverse,1263,polyak,1018,2294.0458057352876,2294.0555964776381
hybrid-reverse,1264,polyak,1019,2294.0489219768042,2294.0555964776381
hybrid-reverse,1265,polyak,1020,2294.0548896693194,2294.0555964776381
hybrid-reverse,1266,polyak,1021,2294.0539366976382,2294.0555964776381
hybrid-reverse,1267,polyak,1022,2294.054795968872,2294.0555964776381
hybrid-reverse,1268,polyak,1023,2294.0565017284675,2294.0565017284675
hybrid-reverse,1269,polyak,1024,2294.0564953907065,2294.0565017284675
hybrid-reverse,1270,polyak,1025,2294.0484966119875,2294.0565017284675
hybrid-reverse,1271,polyak,1026,2294.0521965324306,2294.0565017284675
hybrid-reverse,1272,polyak,1027,2294.0588760110209,2294.0588760110209
hybrid-reverse,1273,polyak,1028,2294.0520101662282,2294.0588760110209
hybrid-reverse,1274,polyak,1029,2294.0574760298828,2294.0588760110209
hybrid-reverse,1275,polyak,1030,2294.0467525192962,2294.0588760110209
hybrid-reverse,1276,polyak,1031,2294.0509407032146,2294.0588760110209
hybrid-reverse,1277,polyak,1032,2294.055654867062,2294.0588760110209
hybrid-reverse,1278,polyak,1033,2294.0586406843418,2294.0588760110209
hybrid-reverse,1279,polyak,1034,2294.0463994520992,2294.0588760110209
hybrid-reverse,1280,polyak,1035,2294.0514696774608,2294.0588760110209
hybrid-reverse,1281,polyak,1036,2294.0535750879403,2294.0588760110209
hybrid-reverse,1282,polyak,1037,2294.0560170795088,2294.0588760110209
hybrid-reverse,1283,polyak,1038,2294.0564880096122,2294.0588760110209
hybrid-reverse,1284,polyak,1039,2294.0588859645245,2294.0588859645245
hybrid-reverse,1285,polyak,1040,2294.0567890410412,2294.0588859645245
hybrid-reverse,1286,polyak,1041,2294.0581726428886,2294.0588859645245
hybrid-reverse,1287,polyak,1042,2294.0566741004923,2294.0588859645245
hybrid-reverse,1288,polyak,1043,2294.059505591063,2294.059505591063
hybrid-reverse,1289,polyak,1044,2294.0564719120762,2294.059505591063
hybrid-reverse,1290,polyak,1045,2294.0603734185902,2294.0603734185902
hybrid-reverse,1291,polyak,1046,2294.0526677400403,2294.0603734185902
hybrid-reverse,1292,polyak,1047,2294.0576867078466,2294.0603734185902
hybrid-reverse,1293,polyak,1048,2294.0589342643516,2294.0603734185902
hybrid-reverse,1294,polyak,1049,2294.0604518474606,2294.0604518474606
hybrid-reverse,1295,polyak,1050,2294.0582039159844,2294.0604518474606
hybrid-reverse,1296,polyak,1051,2294.0609781601879,2294.0609781601879
hybrid-reverse,1297,polyak,1052,2294.0548652049251,2294.0609781601879
hybrid-reverse,1298,polyak,1053,2294.0604506389213,2294.0609781601879
hybrid-reverse,1299,polyak,1054,2294.0582059136814,2294.0609781601879
hybrid-reverse,1300,polyak,1055,2294.057250818033,2294.0609781601879
hybrid-reverse,1301,polyak,1056,2294.0602618209709,2294.0609781601879
hybrid-reverse,1302,polyak,1057,2294.0612278631643,2294.0612278631643
hybrid-reverse,1303,polyak,1058,2294.0570493666764,2294.0612278631643
hybrid-reverse,1304,polyak,1059,2294.0626207779369,2294.0626207779369
hybrid-reverse,1305,polyak,1060,2294.0554108228139,2294.0626207779369
hybrid-reverse,1306,polyak,1061,2294.0605037507876,2294.0626207779369
hybrid-reverse,1307,polyak,1062,2294.0621424916662,2294.0626207779369
hybrid-reverse,1308,polyak,1063,2294.05917005233,2294.0626207779369
hybrid-reverse,1309,polyak,1064,2294.0625463499823,2294.0626207779369
hybrid-reverse,1310,polyak,1065,2294.0574878169768,2294.0626207779369
hybrid-reverse,1311,polyak,1066,2294.0600132789718,2294.0626207779369
hybrid-reverse,1312,polyak,1067,2294.0587365409024,2294.0626207779369
hybrid-reverse,1313,polyak,1068,2294.0605676772284,2294.0626207779369
hybrid-reverse,1314,polyak,1069,2294.0597097384543,2294.0626207779369
hybrid-reverse,1315,polyak,1070,2294.0626092864145,2294.0626207779369
hybrid-reverse,1316,polyak,1071,2294.0606987575593,2294.0626207779369
hybrid-reverse,1317,polyak,1072,2294.0638228660855,2294.0638228660855
hybrid-reverse,1318,polyak,1073,2294.0603671945182,2294.0638228660855
hybrid-reverse,1319,polyak,1074,2294.0625321090602,2294.0638228660855
hybrid-reverse,1320,polyak,1075,2294.0646194641204,2294.0646194641204
hybrid-reverse,1321,polyak,1076,2294.0604104156528,2294.0646194641204
hybrid-reverse,1322,polyak,1077,2294.0631252607991,2294.0646194641204
hybrid-reverse,1323,polyak,1078,2294.0648136318709,2294.0648136318709
hybrid-reverse,1324,polyak,1079,2294.0583697721167,2294.0648136318709
hybrid-reverse,1325,polyak,1080,2294.060584931884,2294.0648136318709
hybrid-reverse,1326,polyak,1081,2294.0630881898255,2294.0648136318709
hybrid-reverse,1327,polyak,1082,2294.0650680852114,2294.0650680852114
hybrid-reverse,1328,polyak,1083,2294.0620213191828,2294.0650680852114
hybrid-reverse,1329,polyak,1084,2294.0654312378765,2294.0654312378765
hybrid-reverse,1330,polyak,1085,2294.0623076682868,2294.0654312378765
hybrid-reverse,1331,polyak,1086,2294.0644505410496,2294.0654312378765
hybrid-reverse,1332,polyak,1087,2294.0653492882984,2294.0654312378765
hybrid-reverse,1333,polyak,1088,2294.0636009287837,2294.0654312378765
hybrid-reverse,1334,polyak,1089,2294.0654228856129,2294.0654312378765
hybrid-reverse,1335,polyak,1090,2294.0631801145737,2294.0654312378765
hybrid-reverse,1336,polyak,1091,2294.0643152625939,2294.0654312378765
hybrid-reverse,1337,polyak,1092,2294.0658942240143,2294.0658942240143
hybrid-reverse,1338,polyak,1093,2294.0604597872825,2294.0658942240143
hybrid-reverse,1339,polyak,1094,2294.0649330964006,2294.0658942240143
hybrid-reverse,1340,polyak,1095,2294.0650935986428,2294.0658942240143
hybrid-reverse,1341,polyak,1096,2294.0626429611025,2294.0658942240143
hybrid-reverse,1342,polyak,1097,2294.0657086207398,2294.0658942240143
hybrid-reverse,1343,polyak,1098,2294.0649734714734,2294.0658942240143
hybrid-reverse,1344,polyak,1099,2294.0644237124698,2294.0658942240143
hybrid-reverse,1345,polyak,1100,2294.0666401642029,2294.0666401642029
hybrid-reverse,1346,polyak,1101,2294.0606721318904,2294.0666401642029
hybrid-reverse,1347,polyak,1102,2294.0633485961507,2294.0666401642029
hybrid-reverse,1348,polyak,1103,2294.0645629355331,2294.0666401642029
hybrid-reverse,1349,polyak,1104,2294.0656735745793,2294.0666401642029
hybrid-reverse,1350,polyak,1105,2294.0670856027941,2294.0670856027941
hybrid-reverse,1351,polyak,1106,2294.0663093545882,2294.0670856027941
hybrid-reverse,1352,polyak,1107,2294.0669313436256,2294.0670856027941
hybrid-reverse,1353,polyak,1108,2294.0674166513591,2294.0674166513591
hybrid-reverse,1354,polyak,1109,2294.0629850908567,2294.0674166513591
hybrid-reverse,1355,polyak,1110,2294.0663493123484,2294.0674166513591
hybrid-reverse,1356,polyak,1111,2294.0675984141449,2294.0675984141449
hybrid-reverse,1357,polyak,1112,2294.0658272405472,2294.0675984141449
hybrid-reverse,1358,polyak,1113,2294.0679876126947,2294.0679876126947
hybrid-reverse,1359,polyak,1114,2294.0676089186604,2294.0679876126947
hybrid-reverse,1360,polyak,1115,2294.067147083706,2294.0679876126947
hybrid-reverse,1361,polyak,1116,2294.0671705644927,2294.0679876126947
hybrid-reverse,1362,polyak,1117,2294.0658950940024,2294.0679876126947
hybrid-reverse,1363,polyak,1118,2294.0684879395708,2294.0684879395708
hybrid-reverse,1364,polyak,1119,2294.066555517375,2294.0684879395708
hybrid-reverse,1365,polyak,1120,2294.0639946476135,2294.0684879395708
hybrid-reverse,1366,polyak,1121,2294.064598695014,2294.0684879395708
hybrid-reverse,1367,polyak,1122,2294.0676840211586,2294.0684879395708
hybrid-reverse,1368,polyak,1123,2294.0677689228842,2294.0684879395708
hybrid-reverse,1369,polyak,1124,2294.0681904162066,2294.0684879395708
hybrid-reverse,1370,polyak,1125,2294.0683797997958,2294.0684879395708
hybrid-reverse,1371,polyak,1126,2294.0661762114187,2294.0684879395708
hybrid-reverse,1372,polyak,1127,2294.0676915524955,2294.0684879395708
hybrid-reverse,1373,polyak,1128,2294.0671137069635,2294.0684879395708
hybrid-reverse,1374,polyak,1129,2294.0671322640219,2294.0684879395708
hybrid-reverse,1375,polyak,1130,2294.0691939371677,2294.0691939371677
hybrid-reverse,1376,polyak,1131,2294.0626096546785,2294.0691939371677
hybrid-reverse,1377,polyak,1132,2294.0653906779867,2294.0691939371677
hybrid-reverse,1378,polyak,1133,2294.067738556028,2294.0691939371677
hybrid-reverse,1379,polyak,1134,2294.06946726354,2294.06946726354
hybrid-reverse,1380,polyak,1135,2294.0682477828964,2294.06946726354
hybrid-reverse,1381,polyak,1136,2294.0659960899375,2294.06946726354
hybrid-reverse,1382,polyak,1137,2294.069410355381,2294.06946726354
hybrid-reverse,1383,polyak,1138,2294.0663158965767,2294.06946726354
hybrid-reverse,1384,polyak,1139,2294.0692088702885,2294.06946726354
hybrid-reverse,1385,polyak,1140,2294.0670332373315,2294.06946726354
hybrid-reverse,1386,polyak,1141,2294.0682872345787,2294.06946726354
hybrid-reverse,1387,polyak,1142,2294.0697894963951,2294.0697894963951
hybrid-reverse,1388,polyak,1143,2294.0664645731281,2294.0697894963951
hybrid-reverse,1389,polyak,1144,2294.0695384974442,2294.0697894963951
hybrid-reverse,1390,polyak,1145,2294.0687917076839,2294.0697894963951
hybrid-reverse,1391,polyak,1146,2294.0699302719986,2294.0699302719986
hybrid-reverse,1392,polyak,1147,2294.0685357956995,2294.0699302719986
hybrid-reverse,1393,polyak,1148,2294.0700196007756,2294.0700196007756
hybrid-reverse,1394,polyak,1149,2294.0701198919774,2294.0701198919774
hybrid-reverse,1395,polyak,1150,2294.0696905251871,2294.0701198919774
hybrid-reverse,1396,polyak,1151,2294.0694918497211,2294.0701198919774
hybrid-reverse,1397,polyak,1152,2294.0685694607869,2294.0701198919774
hybrid-reverse,1398,polyak,1153,2294.0703340882228,2294.0703340882228
hybrid-reverse,1399,polyak,1154,2294.0686134686421,2294.0703340882228
hybrid-reverse,1400,polyak,1155,2294.0707969618848,2294.0707969618848
hybrid-reverse,1401,polyak,1156,2294.0697712027927,2294.0707969618848
hybrid-reverse,1402,polyak,1157,2294.0662317463452,2294.0707969618848
hybrid-reverse,1403,polyak,1158,2294.0687392805539,2294.0707969618848
hybrid-reverse,1404,polyak,1159,2294.0701930448549,2294.0707969618848
hybrid-reverse,1405,polyak,1160,2294.0699435984425,2294.0707969618848
hybrid-reverse,1406,polyak,1161,2294.0702945502339,2294.0707969618848
hybrid-reverse,1407,polyak,1162,2294.0712607207029,2294.0712607207029
hybrid-reverse,1408,polyak,1163,2294.0709116410299,2294.0712607207029
hybrid-reverse,1409,polyak,1164,2294.0696619466435,2294.0712607207029
hybrid-reverse,1410,polyak,1165,2294.0712218100343,2294.0712607207029
hybrid-reverse,1411,polyak,1166,2294.0681086780164,2294.0712607207029
hybrid-reverse,1412,polyak,1167,2294.0718620145299,2294.0718620145299
hybrid-reverse,1413,polyak,1168,2294.0702823820266,2294.0718620145299
hybrid-reverse,1414,polyak,1169,2294.0689918048079,2294.0718620145299
hybrid-reverse,1415,polyak,1170,2294.0727349807407,2294.0727349807407
hybrid-reverse,1416,polyak,1171,2294.0707489046663,2294.0727349807407
hybrid-reverse,1417,polyak,1172,2294.0713597285285,2294.0727349807407
hybrid-reverse,1418,polyak,1173,2294.0711545136778,2294.0727349807407
hybrid-reverse,1419,polyak,1174,2294.0680291629956,2294.0727349807407
hybrid-reverse,1420,polyak,1175,2294.0686024540332,2294.0727349807407
hybrid-reverse,1421,polyak,1176,2294.0713562381079,2294.0727349807407
hybrid-reverse,1422,polyak,1177,2294.0724502310741,2294.0727349807407
hybrid-reverse,1423,polyak,1178,2294.0720696841045,2294.0727349807407
hybrid-reverse,1424,polyak,1179,2294.072022339154,2294.0727349807407
hybrid-reverse,1425,polyak,1180,2294.0731073610928,2294.0731073610928
hybrid-reverse,1426,polyak,1181,2294.0724693367029,2294.0731073610928
hybrid-reverse,1427,polyak,1182,2294.0698151639872,2294.0731073610928
hybrid-reverse,1428,polyak,1183,2294.0728460452451,2294.0731073610928
hybrid-reverse,1429,polyak,1184,2294.0731641992334,2294.0731641992334
hybrid-reverse,1430,polyak,1185,2294.0729938349077,2294.0731641992334
hybrid-reverse,1431,polyak,1186,2294.073463745749,2294.073463745749
hybrid-reverse,1432,polyak,1187,2294.0726964776977,2294.073463745749
hybrid-reverse,1433,polyak,1188,2294.0686104984807,2294.073463745749
hybrid-reverse,1434,polyak,1189,2294.0715177578768,2294.073463745749
hybrid-reverse,1435,polyak,1190,2294.0732803478818,2294.073463745749
hybrid-reverse,1436,polyak,1191,2294.072242962477,2294.073463745749
hybrid-reverse,1437,polyak,1192,2294.0733426955767,2294.073463745749
hybrid-reverse,1438,polyak,1193,2294.0738212169517,2294.0738212169517
hybrid-reverse,1439,polyak,1194,2294.0685301459339,2294.0738212169517
hybrid-reverse,1440,polyak,1195,2294.0706274436579,2294.0738212169517
hybrid-reverse,1441,polyak,1196,2294.0719107341702,2294.0738212169517
hybrid-reverse,1442,polyak,1197,2294.0735134542801,2294.0738212169517
hybrid-reverse,1443,polyak,1198,2294.0743016635793,2294.0743016635793
hybrid-reverse,1444,polyak,1199,2294.072044502584,2294.0743016635793
hybrid-reverse,1445,polyak,1200,2294.073635203059,2294.0743016635793
hybrid-reverse,1446,polyak,1201,2294.0733935489375,2294.0743016635793
hybrid-reverse,1447,polyak,1202,2294.0733117675209,2294.0743016635793
hybrid-reverse,1448,polyak,1203,2294.0730338929843,2294.0743016635793
hybrid-reverse,1449,polyak,1204,2294.073006889932,2294.0743016635793
hybrid-reverse,1450,polyak,1205,2294.0745612113255,2294.0745612113255
hybrid-reverse,1451,polyak,1206,2294.0742622921111,2294.0745612113255
hybrid-reverse,1452,polyak,1207,2294.0747704434284,2294.0747704434284
hybrid-reverse,1453,polyak,1208,2294.0743832062522,2294.0747704434284
hybrid-reverse,1454,polyak,1209,2294.0748681794125,2294.0748681794125
hybrid-reverse,1455,polyak,1210,2294.0729617804095,2294.0748681794125
hybrid-reverse,1456,polyak,1211,2294.0753443072122,2294.0753443072122
hybrid-reverse,1457,polyak,1212,2294.0755036169112,2294.0755036169112
hybrid-reverse,1458,polyak,1213,2294.0721611083327,2294.0755036169112
hybrid-reverse,1459,polyak,1214,2294.0748468499601,2294.0755036169112
hybrid-reverse,1460,polyak,1215,2294.0743496192104,2294.0755036169112
hybrid-reverse,1461,polyak,1216,2294.0755432107467,2294.0755432107467
hybrid-reverse,1462,polyak,1217,2294.0738815392897,2294.0755432107467
hybrid-reverse,1463,polyak,1218,2294.0745591655391,2294.0755432107467
hybrid-reverse,1464,polyak,1219,2294.0718106293261,2294.0755432107467
hybrid-reverse,1465,polyak,1220,2294.0749805134869,2294.0755432107467
hybrid-reverse,1466,polyak,1221,2294.0752753832394,2294.0755432107467
hybrid-reverse,1467,polyak,1222,2294.0751079788174,2294.0755432107467
hybrid-reverse,1468,polyak,1223,2294.0759945986197,2294.0759945986197
hybrid-reverse,1469,polyak,1224,2294.0736097887579,2294.0759945986197
hybrid-reverse,1470,polyak,1225,2294.0752727285399,2294.0759945986197
hybrid-reverse,1471,polyak,1226,2294.0749989728233,2294.0759945986197
hybrid-reverse,1472,polyak,1227,2294.0727603596806,2294.0759945986197
hybrid-reverse,1473,polyak,1228,2294.075654723913,2294.0759945986197
hybrid-reverse,1474,polyak,1229,2294.0762183203115,2294.0762183203115
hybrid-reverse,1475,polyak,1230,2294.0748153104955,2294.0762183203115
hybrid-reverse,1476,polyak,1231,2294.0765711106419,2294.0765711106419
hybrid-reverse,1477,polyak,1232,2294.0736695580435,2294.0765711106419
hybrid-reverse,1478,polyak,1233,2294.0751599567784,2294.0765711106419
hybrid-reverse,1479,polyak,1234,2294.0751244841722,2294.0765711106419
hybrid-reverse,1480,polyak,1235,2294.0749335276305,2294.0765711106419
hybrid-reverse,1481,polyak,1236,2294.0755201428692,2294.0765711106419
hybrid-reverse,1482,polyak,1237,2294.0754887232547,2294.0765711106419
hybrid-reverse,1483,polyak,1238,2294.0766453259848,2294.0766453259848
hybrid-reverse,1484,polyak,1239,2294.0715545595604,2294.0766453259848
hybrid-reverse,1485,polyak,1240,2294.0756429224102,2294.0766453259848
hybrid-reverse,1486,polyak,1241,2294.0762757535922,2294.0766453259848
hybrid-reverse,1487,polyak,1242,2294.0768824926572,2294.0768824926572
hybrid-reverse,1488,polyak,1243,2294.0762721086439,2294.0768824926572
hybrid-reverse,1489,polyak,1244,2294.0749911878552,2294.0768824926572
hybrid-reverse,1490,polyak,1245,2294.0750853430923,2294.0768824926572
hybrid-reverse,1491,polyak,1246,2294.0768281637402,2294.0768824926572
hybrid-reverse,1492,polyak,1247,2294.0772493892573,2294.0772493892573
hybrid-reverse,1493,polyak,1248,2294.0745305048627,2294.0772493892573
hybrid-reverse,1494,polyak,1249,2294.0773287084944,2294.0773287084944
hybrid-reverse,1495,polyak,1250,2294.0759484502587,2294.0773287084944
hybrid-reverse,1496,polyak,1251,2294.0772185812284,2294.0773287084944
hybrid-reverse,1497,polyak,1252,2294.0752434073424,2294.0773287084944
hybrid-reverse,1498,polyak,1253,2294.0776139784175,2294.0776139784175
hybrid-reverse,1499,polyak,1254,2294.077223092755,2294.0776139784175
hybrid-reverse,1500,polyak,1255,2294.0782302231964,2294.0782302231964
hybrid-reverse,1501,polyak,1256,2294.0719814706567,2294.0782302231964
hybrid-reverse,1502,polyak,1257,2294.0740618411678,2294.0782302231964
hybrid-reverse,1503,polyak,1258,2294.0766700911045,2294.0782302231964
hybrid-reverse,1504,polyak,1259,2294.0775487464807,2294.0782302231964
hybrid-reverse,1505,polyak,1260,2294.0786330881197,2294.0786330881197
hybrid-reverse,1506,polyak,1261,2294.076895950896,2294.0786330881197
hybrid-reverse,1507,polyak,1262,2294.0776680336089,2294.0786330881197
hybrid-reverse,1508,polyak,1263,2294.0770703977964,2294.0786330881197
hybrid-reverse,1509,polyak,1264,2294.0788710616448,2294.0788710616448
hybrid-reverse,1510,polyak,1265,2294.0775559403837,2294.0788710616448
hybrid-reverse,1511,polyak,1266,2294.0777511488968,2294.0788710616448
hybrid-reverse,1512,polyak,1267,2294.0783647694916,2294.0788710616448
hybrid-reverse,1513,polyak,1268,2294.0791429823985,2294.0791429823985
hybrid-reverse,1514,polyak,1269,2294.0778085959846,2294.0791429823985
hybrid-reverse,1515,polyak,1270,2294.0785359113197,2294.0791429823985
hybrid-reverse,1516,polyak,1271,2294.0773097154315,2294.0791429823985
hybrid-reverse,1517,polyak,1272,2294.0792036023131,2294.0792036023131
hybrid-reverse,1518,polyak,1273,2294.0783613952726,2294.0792036023131
hybrid-reverse,1519,polyak,1274,2294.0776737721421,2294.0792036023131
hybrid-reverse,1520,polyak,1275,2294.0792390575966,2294.0792390575966
hybrid-reverse,1521,polyak,1276,2294.0784587693661,2294.0792390575966
hybrid-reverse,1522,polyak,1277,2294.0775939770874,2294.0792390575966
hybrid-reverse,1523,polyak,1278,2294.0778813545039,2294.0792390575966
hybrid-reverse,1524,polyak,1279,2294.0784979779155,2294.0792390575966
hybrid-reverse,1525,polyak,1280,2294.0797752826215,2294.0797752826215
hybrid-reverse,1526,polyak,1281,2294.078110120648,2294.0797752826215
hybrid-reverse,1527,polyak,1282,2294.0790482082007,2294.0797752826215
hybrid-reverse,1528,polyak,1283,2294.0786461562843,2294.0797752826215
hybrid-reverse,1529,polyak,1284,2294.0789436355367,2294.0797752826215
hybrid-reverse,1530,polyak,1285,2294.0776724315378,2294.0797752826215
hybrid-reverse,1531,polyak,1286,2294.0798117435866,2294.0798117435866
hybrid-reverse,1532,polyak,1287,2294.0773649322491,2294.0798117435866
hybrid-reverse,1533,polyak,1288,2294.0784401780711,2294.0798117435866
hybrid-reverse,1534,polyak,1289,2294.0793173480201,2294.0798117435866
hybrid-reverse,1535,polyak,1290,2294.0793574560798,2294.0798117435866
hybrid-reverse,1536,polyak,1291,2294.0800565185077,2294.0800565185077
hybrid-reverse,1537,polyak,1292,2294.0787616833854,2294.0800565185077
hybrid-reverse,1538,polyak,1293,2294.0783581571063,2294.0800565185077
hybrid-reverse,1539,polyak,1294,2294.0784651014869,2294.0800565185077
hybrid-reverse,1540,polyak,1295,2294.0803634522663,2294.0803634522663
hybrid-reverse,1541,polyak,1296,2294.0776753660007,2294.0803634522663
hybrid-reverse,1542,polyak,1297,2294.0797817024095,2294.0803634522663
hybrid-reverse,1543,polyak,1298,2294.0788297971485,2294.0803634522663
hybrid-reverse,1544,polyak,1299,2294.0796913705158,2294.0803634522663
hybrid-reverse,1545,polyak,1300,2294.0804810452109,2294.0804810452109
hybrid-reverse,1546,polyak,1301,2294.0796973756296,2294.0804810452109
hybrid-reverse,1547,polyak,1302,2294.0795653521413,2294.0804810452109
hybrid-reverse,1548,polyak,1303,2294.079762137645,2294.0804810452109
hybrid-reverse,1549,polyak,1304,2294.0809966552883,2294.0809966552883
hybrid-reverse,1550,polyak,1305,2294.0795574907647,2294.0809966552883
hybrid-reverse,1551,polyak,1306,2294.0806796297616,2294.0809966552883
hybrid-reverse,1552,polyak,1307,2294.0798610748348,2294.0809966552883
hybrid-reverse,1553,polyak,1308,2294.0788245627414,2294.0809966552883
hybrid-reverse,1554,polyak,1309,2294.0796752045549,2294.0809966552883
hybrid-reverse,1555,polyak,1310,2294.0809980354843,2294.0809980354843
hybrid-reverse,1556,polyak,1311,2294.0798158438274,2294.0809980354843
hybrid-reverse,1557,polyak,1312,2294.0812538284845,2294.0812538284845
hybrid-reverse,1558,polyak,1313,2294.0809733544802,2294.0812538284845
hybrid-reverse,1559,polyak,1314,2294.0810158287904,2294.0812538284845
hybrid-reverse,1560,polyak,1315,2294.0814017285365,2294.0814017285365
hybrid-reverse,1561,polyak,1316,2294.0797600898854,2294.0814017285365
hybrid-reverse,1562,polyak,1317,2294.0811223443361,2294.0814017285365
hybrid-reverse,1563,polyak,1318,2294.0814895235312,2294.0814895235312
hybrid-reverse,1564,polyak,1319,2294.0785941963013,2294.0814895235312
hybrid-reverse,1565,polyak,1320,2294.0814800998314,2294.0814895235312
hybrid-reverse,1566,polyak,1321,2294.0812824790655,2294.0814895235312
hybrid-reverse,1567,polyak,1322,2294.0815781495235,2294.0815781495235
hybrid-reverse,1568,polyak,1323,2294.0806297650706,2294.0815781495235
hybrid-reverse,1569,polyak,1324,2294.0818409963504,2294.0818409963504
hybrid-reverse,1570,polyak,1325,2294.0798448570813,2294.0818409963504
hybrid-reverse,1571,polyak,1326,2294.0817878413941,2294.0818409963504
hybrid-reverse,1572,polyak,1327,2294.0815805446114,2294.0818409963504
hybrid-reverse,1573,polyak,1328,2294.0816059081671,2294.0818409963504
hybrid-reverse,1574,polyak,1329,2294.0818188961794,2294.0818409963504
hybrid-reverse,1575,polyak,1330,2294.0768287881547,2294.0818409963504
hybrid-reverse,1576,polyak,1331,2294.0771170149692,2294.0818409963504
hybrid-reverse,1577,polyak,1332,2294.0801851711403,2294.0818409963504
hybrid-reverse,1578,polyak,1333,2294.0811342475326,2294.0818409963504
hybrid-reverse,1579,polyak,1334,2294.0813705682654,2294.0818409963504
hybrid-reverse,1580,polyak,1335,2294.0822177613272,2294.0822177613272
hybrid-reverse,1581,polyak,1336,2294.0815836735078,2294.0822177613272
hybrid-reverse,1582,polyak,1337,2294.0821110730944,2294.0822177613272
hybrid-reverse,1583,polyak,1338,2294.0808704677406,2294.0822177613272
hybrid-reverse,1584,polyak,1339,2294.0822727950799,2294.0822727950799
hybrid-reverse,1585,polyak,1340,2294.0823025933423,2294.0823025933423
hybrid-reverse,1586,polyak,1341,2294.082280882069,2294.0823025933423
hybrid-reverse,1587,polyak,1342,2294.0834025718327,2294.0834025718327
hybrid-reverse,1588,polyak,1343,2294.0806967103204,2294.0834025718327
hybrid-reverse,1589,polyak,1344,2294.0816126801019,2294.0834025718327
hybrid-reverse,1590,polyak,1345,2294.0832555487527,2294.0834025718327
hybrid-reverse,1591,polyak,1346,2294.0799502460636,2294.0834025718327
hybrid-reverse,1592,polyak,1347,2294.0826923587547,2294.0834025718327
hybrid-reverse,1593,polyak,1348,2294.0817475748204,2294.0834025718327
hybrid-reverse,1594,polyak,1349,2294.0827527160318,2294.0834025718327
hybrid-reverse,1595,polyak,1350,2294.0820978271031,2294.0834025718327
hybrid-reverse,1596,polyak,1351,2294.0817948565873,2294.0834025718327
hybrid-reverse,1597,polyak,1352,2294.0829138264298,2294.0834025718327
hybrid-reverse,1598,polyak,1353,2294.0809933017426,2294.0834025718327
hybrid-reverse,1599,polyak,1354,2294.0832269185553,2294.0834025718327
hybrid-reverse,1600,polyak,1355,2294.0797501919033,2294.0834025718327
hybrid-reverse,1601,polyak,1356,2294.0822824035872,2294.0834025718327
hybrid-reverse,1602,polyak,1357,2294.0830477276377,2294.0834025718327
hybrid-reverse,1603,polyak,1358,2294.0835723213422,2294.0835723213422
hybrid-reverse,1604,polyak,1359,2294.0834525639725,2294.0835723213422
hybrid-reverse,1605,polyak,1360,2294.083612897266,2294.083612897266
hybrid-reverse,1606,polyak,1361,2294.0828916829701,2294.083612897266
hybrid-reverse,1607,polyak,1362,2294.0831854513353,2294.083612897266
hybrid-reverse,1608,polyak,1363,2294.083745302381,2294.083745302381
hybrid-reverse,1609,polyak,1364,2294.0832014156344,2294.083745302381
hybrid-reverse,1610,polyak,1365,2294.0832606068329,2294.083745302381
hybrid-reverse,1611,polyak,1366,2294.0840912389481,2294.0840912389481
hybrid-reverse,1612,polyak,1367,2294.0835251760377,2294.0840912389481
hybrid-reverse,1613,polyak,1368,2294.0838988622108,2294.0840912389481
hybrid-reverse,1614,polyak,1369,2294.0827614305281,2294.0840912389481
hybrid-reverse,1615,polyak,1370,2294.0841289896402,2294.0841289896402
hybrid-reverse,1616,polyak,1371,2294.083402141051,2294.0841289896402
hybrid-reverse,1617,polyak,1372,2294.084264080027,2294.084264080027
hybrid-reverse,1618,polyak,1373,2294.0831862565788,2294.084264080027
hybrid-reverse,1619,polyak,1374,2294.084157819108,2294.084264080027
hybrid-reverse,1620,polyak,1375,2294.0839586281818,2294.084264080027
hybrid-reverse,1621,polyak,1376,2294.0839618676005,2294.084264080027
hybrid-reverse,1622,polyak,1377,2294.0838017984361,2294.084264080027
hybrid-reverse,1623,polyak,1378,2294.0839850116049,2294.084264080027
hybrid-reverse,1624,polyak,1379,2294.0840456873584,2294.084264080027
hybrid-reverse,1625,polyak,1380,2294.0840160433322,2294.084264080027
hybrid-reverse,1626,polyak,1381,2294.0842009095359,2294.084264080027
hybrid-reverse,1627,polyak,1382,2294.0840563080792,2294.084264080027
hybrid-reverse,1628,polyak,1383,2294.0837119236026,2294.084264080027
hybrid-reverse,1629,polyak,1384,2294.0845442737623,2294.0845442737623
hybrid-reverse,1630,polyak,1385,2294.0840887727236,2294.0845442737623
hybrid-reverse,1631,polyak,1386,2294.0842795664767,2294.0845442737623
hybrid-reverse,1632,polyak,1387,2294.0844758009875,2294.0845442737623
hybrid-reverse,1633,polyak,1388,2294.0842189962759,2294.0845442737623
hybrid-reverse,1634,polyak,1389,2294.0844867831565,2294.0845442737623
hybrid-reverse,1635,polyak,1390,2294.0844484860313,2294.0845442737623
hybrid-reverse,1636,polyak,1391,2294.0851778446395,2294.0851778446395
hybrid-reverse,1637,polyak,1392,2294.0839792692182,2294.0851778446395
hybrid-reverse,1638,polyak,1393,2294.0843226875672,2294.0851778446395
hybrid-reverse,1639,polyak,1394,2294.0843306125025,2294.0851778446395
hybrid-reverse,1640,polyak,1395,2294.0851618775505,2294.0851778446395
hybrid-reverse,1641,polyak,1396,2294.0845922830267,2294.0851778446395
hybrid-reverse,1642,polyak,1397,2294.0855419745421,2294.0855419745421
hybrid-reverse,1643,polyak,1398,2294.0833670820821,2294.0855419745421
hybrid-reverse,1644,polyak,1399,2294.0851426177123,2294.0855419745421
hybrid-reverse,1645,polyak,1400,2294.0841697779924,2294.0855419745421
hybrid-reverse,1646,polyak,1401,2294.0851099831202,2294.0855419745421
hybrid-reverse,1647,polyak,1402,2294.084779548095,2294.0855419745421
hybrid-reverse,1648,polyak,1403,2294.0856806727616,2294.0856806727616
hybrid-reverse,1649,polyak,1404,2294.0849163203889,2294.0856806727616
hybrid-reverse,1650,polyak,1405,2294.0835666885214,2294.0856806727616
hybrid-reverse,1651,polyak,1406,2294.0848685291639,2294.0856806727616
hybrid-reverse,1652,polyak,1407,2294.0857195853819,2294.0857195853819
hybrid-reverse,1653,polyak,1408,2294.0838511285024,2294.0857195853819
hybrid-reverse,1654,polyak,1409,2294.0850605576429,2294.0857195853819
hybrid-reverse,1655,polyak,1410,2294.0855474000746,2294.0857195853819
hybrid-reverse,1656,polyak,1411,2294.0848046686433,2294.0857195853819
hybrid-reverse,1657,polyak,1412,2294.0854936761557,2294.0857195853819
hybrid-reverse,1658,polyak,1413,2294.0855768795141,2294.0857195853819
hybrid-reverse,1659,polyak,1414,2294.0861497060364,2294.0861497060364
hybrid-reverse,1660,polyak,1415,2294.0855737945481,2294.0861497060364
hybrid-reverse,1661,polyak,1416,2294.0857821986438,2294.0861497060364
hybrid-reverse,1662,polyak,1417,2294.0855467247161,2294.0861497060364
hybrid-reverse,1663,polyak,1418,2294.0863669303567,2294.0863669303567
hybrid-reverse,1664,polyak,1419,2294.086001899484,2294.0863669303567
hybrid-reverse,1665,polyak,1420,2294.0865644887704,2294.0865644887704
hybrid-reverse,1666,polyak,1421,2294.0859178563942,2294.0865644887704
hybrid-reverse,1667,polyak,1422,2294.0850329499995,2294.0865644887704
hybrid-reverse,1668,polyak,1423,2294.0863551240291,2294.0865644887704
hybrid-reverse,1669,polyak,1424,2294.085877932559,2294.0865644887704
hybrid-reverse,1670,polyak,1425,2294.086179610274,2294.0865644887704
hybrid-reverse,1671,polyak,1426,2294.0860852567398,2294.0865644887704
hybrid-reverse,1672,polyak,1427,2294.0865298081399,2294.0865644887704
hybrid-reverse,1673,polyak,1428,2294.0852884195551,2294.0865644887704
hybrid-reverse,1674,polyak,1429,2294.0866204469748,2294.0866204469748
hybrid-reverse,1675,polyak,1430,2294.0836867426228,2294.0866204469748
hybrid-reverse,1676,polyak,1431,2294.0844169791585,2294.0866204469748
hybrid-reverse,1677,polyak,1432,2294.0859346757034,2294.0866204469748
hybrid-reverse,1678,polyak,1433,2294.0868304191272,2294.0868304191272
hybrid-reverse,1679,polyak,1434,2294.0865646826387,2294.0868304191272
hybrid-reverse,1680,polyak,1435,2294.0855572323248,2294.0868304191272
hybrid-reverse,1681,polyak,1436,2294.0865506393279,2294.0868304191272
hybrid-reverse,1682,polyak,1437,2294.0851569398819,2294.0868304191272
hybrid-reverse,1683,polyak,1438,2294.0863470446857,2294.0868304191272
hybrid-reverse,1684,polyak,1439,2294.0867124653719,2294.0868304191272
hybrid-reverse,1685,polyak,1440,2294.0867432292935,2294.0868304191272
hybrid-reverse,1686,polyak,1441,2294.0862813879253,2294.0868304191272
hybrid-reverse,1687,polyak,1442,2294.0865690294804,2294.0868304191272
hybrid-reverse,1688,polyak,1443,2294.0858815983029,2294.0868304191272
hybrid-reverse,1689,polyak,1444,2294.0872230429118,2294.0872230429118
hybrid-reverse,1690,polyak,1445,2294.0856491101185,2294.0872230429118
hybrid-reverse,1691,polyak,1446,2294.0865352247897,2294.0872230429118
hybrid-reverse,1692,polyak,1447,2294.0864353173165,2294.0872230429118
hybrid-reverse,1693,polyak,1448,2294.0871904327632,2294.0872230429118
hybrid-reverse,1694,polyak,1449,2294.0856671870251,2294.0872230429118
hybrid-reverse,1695,polyak,1450,2294.0870580599121,2294.0872230429118
hybrid-reverse,1696,polyak,1451,2294.0868177617781,2294.0872230429118
hybrid-reverse,1697,polyak,1452,2294.0869670924071,2294.0872230429118
hybrid-reverse,1698,polyak,1453,2294.0868107918127,2294.0872230429118
hybrid-reverse,1699,polyak,1454,2294.0868935949793,2294.0872230429118
hybrid-reverse,1700,polyak,1455,2294.0873823693519,2294.0873823693519
hybrid-reverse,1701,polyak,1456,2294.0865413383899,2294.0873823693519
hybrid-reverse,1702,polyak,1457,2294.087619673317,2294.087619673317
hybrid-reverse,1703,polyak,1458,2294.0869252805005,2294.087619673317
hybrid-reverse,1704,polyak,1459,2294.087368453148,2294.087619673317
hybrid-reverse,1705,polyak,1460,2294.0871759160809,2294.087619673317
hybrid-reverse,1706,polyak,1461,2294.0875773759722,2294.087619673317
hybrid-reverse,1707,polyak,1462,2294.0865514994266,2294.087619673317
hybrid-reverse,1708,polyak,1463,2294.0868190596607,2294.087619673317
hybrid-reverse,1709,polyak,1464,2294.0880063729987,2294.0880063729987
hybrid-reverse,1710,polyak,1465,2294.0847637814427,2294.0880063729987
hybrid-reverse,1711,polyak,1466,2294.0855601289172,2294.0880063729987
hybrid-reverse,1712,polyak,1467,2294.0866795745605,2294.0880063729987
hybrid-reverse,1713,polyak,1468,2294.0874082529817,2294.0880063729987
hybrid-reverse,1714,polyak,1469,2294.0876448029444,2294.0880063729987
hybrid-reverse,1715,polyak,1470,2294.0882166242232,2294.0882166242232
hybrid-reverse,1716,polyak,1471,2294.0880998457492,2294.0882166242232
hybrid-reverse,1717,polyak,1472,2294.0853397266687,2294.0882166242232
hybrid-reverse,1718,polyak,1473,2294.0866484542394,2294.0882166242232
hybrid-reverse,1719,polyak,1474,2294.0873206315996,2294.0882166242232
hybrid-reverse,1720,polyak,1475,2294.0885322796021,2294.0885322796021
hybrid-reverse,1721,polyak,1476,2294.0870695793492,2294.0885322796021
hybrid-reverse,1722,polyak,1477,2294.0884153881748,2294.0885322796021
hybrid-reverse,1723,polyak,1478,2294.0868074165401,2294.0885322796021
hybrid-reverse,1724,polyak,1479,2294.0874205081909,2294.0885322796021
hybrid-reverse,1725,polyak,1480,2294.0877005195421,2294.0885322796021
hybrid-reverse,1726,polyak,1481,2294.0880683509163,2294.0885322796021
hybrid-reverse,1727,polyak,1482,2294.0884821060085,2294.0885322796021
hybrid-reverse,1728,polyak,1483,2294.0869150473864,2294.0885322796021
hybrid-reverse,1729,polyak,1484,2294.0885546204609,2294.0885546204609
hybrid-reverse,1730,polyak,1485,2294.0878934762054,2294.0885546204609
hybrid-reverse,1731,polyak,1486,2294.0881817971135,2294.0885546204609
hybrid-reverse,1732,polyak,1487,2294.0877790062364,2294.0885546204609
hybrid-reverse,1733,polyak,1488,2294.0887550599591,2294.0887550599591
hybrid-reverse,1734,polyak,1489,2294.0881702789038,2294.0887550599591
hybrid-reverse,1735,polyak,1490,2294.0883671896013,2294.0887550599591
hybrid-reverse,1736,polyak,1491,2294.0881805784602,2294.0887550599591
hybrid-reverse,1737,polyak,1492,2294.0888847546435,2294.0888847546435
hybrid-reverse,1738,polyak,1493,2294.0871657389575,2294.0888847546435
hybrid-reverse,1739,polyak,1494,2294.0881819266347,2294.0888847546435
hybrid-reverse,1740,polyak,1495,2294.0887826593662,2294.0888847546435
hybrid-reverse,1741,polyak,1496,2294.0881704603767,2294.0888847546435
hybrid-reverse,1742,polyak,1497,2294.0889783396087,2294.0889783396087
hybrid-reverse,1743,polyak,1498,2294.0873379130048,2294.0889783396087
hybrid-reverse,1744,polyak,1499,2294.0882754856107,2294.0889783396087
hybrid-reverse,1745,polyak,1500,2294.0888775744752,2294.0889783396087
hybrid-reverse,1746,polyak,1501,2294.0881562055574,2294.0889783396087
hybrid-reverse,1747,polyak,1502,2294.0891884266434,2294.0891884266434
hybrid-reverse,1748,polyak,1503,2294.0882765139299,2294.0891884266434
hybrid-reverse,1749,polyak,1504,2294.0888582536918,2294.0891884266434
hybrid-reverse,1750,polyak,1505,2294.0889608402235,2294.0891884266434
hybrid-reverse,1751,polyak,1506,2294.08708351315,2294.0891884266434
hybrid-reverse,1752,polyak,1507,2294.0889984508644,2294.0891884266434
hybrid-reverse,1753,polyak,1508,2294.0877487061352,2294.0891884266434
hybrid-reverse,1754,polyak,1509,2294.0881510581416,2294.0891884266434
hybrid-reverse,1755,polyak,1510,2294.0890326477834,2294.0891884266434
hybrid-reverse,1756,polyak,1511,2294.0877196301267,2294.0891884266434
hybrid-reverse,1757,polyak,1512,2294.088891258873,2294.0891884266434
hybrid-reverse,1758,polyak,1513,2294.0877541520504,2294.0891884266434
hybrid-reverse,1759,polyak,1514,2294.0886956741379,2294.0891884266434
hybrid-reverse,1760,polyak,1515,2294.0892678316286,2294.0892678316286
hybrid-reverse,1761,polyak,1516,2294.089336181662,2294.089336181662
hybrid-reverse,1762,polyak,1517,2294.0890505961029,2294.089336181662
hybrid-reverse,1763,polyak,1518,2294.089114568575,2294.089336181662
hybrid-reverse,1764,polyak,1519,2294.0895211368206,2294.0895211368206
hybrid-reverse,1765,polyak,1520,2294.0897377288165,2294.0897377288165
hybrid-reverse,1766,polyak,1521,2294.08888469665,2294.0897377288165
hybrid-reverse,1767,polyak,1522,2294.0896539807727,2294.0897377288165
hybrid-reverse,1768,polyak,1523,2294.0897475121633,2294.0897475121633
hybrid-reverse,1769,polyak,1524,2294.0898765172124,2294.0898765172124
hybrid-reverse,1770,polyak,1525,2294.0895548052417,2294.0898765172124
hybrid-reverse,1771,polyak,1526,2294.0896757945097,2294.0898765172124
hybrid-reverse,1772,polyak,1527,2294.0897143650195,2294.0898765172124
hybrid-reverse,1773,polyak,1528,2294.0896911207483,2294.0898765172124
hybrid-reverse,1774,polyak,1529,2294.0895539436497,2294.0898765172124
hybrid-reverse,1775,polyak,1530,2294.090098513595,2294.090098513595
hybrid-reverse,1776,polyak,1531,2294.0894321235842,2294.090098513595
hybrid-reverse,1777,polyak,1532,2294.0901549781952,2294.0901549781952
hybrid-reverse,1778,polyak,1533,2294.0897191793538,2294.0901549781952
hybrid-reverse,1779,polyak,1534,2294.0891901081836,2294.0901549781952
hybrid-reverse,1780,polyak,1535,2294.0902702625358,2294.0902702625358
hybrid-reverse,1781,polyak,1536,2294.0892701018533,2294.0902702625358
hybrid-reverse,1782,polyak,1537,2294.0899570239444,2294.0902702625358
hybrid-reverse,1783,polyak,1538,2294.0899068246908,2294.0902702625358
hybrid-reverse,1784,polyak,1539,2294.0902089025717,2294.0902702625358
hybrid-reverse,1785,polyak,1540,2294.0887582029559,2294.0902702625358
hybrid-reverse,1786,polyak,1541,2294.0894584146863,2294.0902702625358
hybrid-reverse,1787,polyak,1542,2294.0899516953787,2294.0902702625358
hybrid-reverse,1788,polyak,1543,2294.0901471659117,2294.0902702625358
hybrid-reverse,1789,polyak,1544,2294.0901748570864,2294.0902702625358
hybrid-reverse,1790,polyak,1545,2294.0899132339182,2294.0902702625358
hybrid-reverse,1791,polyak,1546,2294.090325870251,2294.090325870251
hybrid-reverse,1792,polyak,1547,2294.0895344850769,2294.090325870251
hybrid-reverse,1793,polyak,1548,2294.0901862828837,2294.090325870251
hybrid-reverse,1794,polyak,1549,2294.0903379363467,2294.0903379363467
hybrid-reverse,1795,polyak,1550,2294.0900049610195,2294.0903379363467
hybrid-reverse,1796,polyak,1551,2294.090383481489,2294.090383481489
hybrid-reverse,1797,polyak,1552,2294.0904999533968,2294.0904999533968
hybrid-reverse,1798,polyak,1553,2294.0901471704883,2294.0904999533968
hybrid-reverse,1799,polyak,1554,2294.0901829474906,2294.0904999533968
hybrid-reverse,1800,polyak,1555,2294.090687115342,2294.090687115342
hybrid-reverse,1801,polyak,1556,2294.0899223894326,2294.090687115342
hybrid-reverse,1802,polyak,1557,2294.0905309589975,2294.090687115342
hybrid-reverse,1803,polyak,1558,2294.0899703841274,2294.090687115342
hybrid-reverse,1804,polyak,1559,2294.0906817483014,2294.090687115342
hybrid-reverse,1805,polyak,1560,2294.0893076064758,2294.090687115342
hybrid-reverse,1806,polyak,1561,2294.0895541840873,2294.090687115342
hybrid-reverse,1807,polyak,1562,2294.0903141848316,2294.090687115342
hybrid-reverse,1808,polyak,1563,2294.0904073112388,2294.090687115342
hybrid-reverse,1809,polyak,1564,2294.0907949070338,2294.0907949070338
hybrid-reverse,1810,polyak,1565,2294.0904931121258,2294.0907949070338
hybrid-reverse,1811,polyak,1566,2294.0902080000601,2294.0907949070338
hybrid-reverse,1812,polyak,1567,2294.0899172464087,2294.0907949070338
hybrid-reverse,1813,polyak,1568,2294.0908222380253,2294.0908222380253
hybrid-reverse,1814,polyak,1569,2294.0904201304429,2294.0908222380253
hybrid-reverse,1815,polyak,1570,2294.0908388752478,2294.0908388752478
hybrid-reverse,1816,polyak,1571,2294.0898623837911,2294.0908388752478
hybrid-reverse,1817,polyak,1572,2294.0906567472384,2294.0908388752478
hybrid-reverse,1818,polyak,1573,2294.0908382775528,2294.0908388752478
hybrid-reverse,1819,polyak,1574,2294.0903792556755,2294.0908388752478
hybrid-reverse,1820,polyak,1575,2294.0908748034067,2294.0908748034067
hybrid-reverse,1821,polyak,1576,2294.0904698709232,2294.0908748034067
hybrid-reverse,1822,polyak,1577,2294.0904469542875,2294.0908748034067
hybrid-reverse,1823,polyak,1578,2294.0904028227346,2294.0908748034067
hybrid-reverse,1824,polyak,1579,2294.0910032400752,2294.0910032400752
hybrid-reverse,1825,polyak,1580,2294.0909027491493,2294.0910032400752
hybrid-reverse,1826,polyak,1581,2294.0909594706663,2294.0910032400752
hybrid-reverse,1827,polyak,1582,2294.0907628518744,2294.0910032400752
hybrid-reverse,1828,polyak,1583,2294.0906043778054,2294.0910032400752
hybrid-reverse,1829,polyak,1584,2294.0905007768461,2294.0910032400752
hybrid-reverse,1830,polyak,1585,2294.0908507947393,2294.0910032400752
hybrid-reverse,1831,polyak,1586,2294.0909965008891,2294.0910032400752
hybrid-reverse,1832,polyak,1587,2294.0906115538178,2294.0910032400752
hybrid-reverse,1833,polyak,1588,2294.0913915030578,2294.0913915030578
hybrid-reverse,1834,polyak,1589,2294.0902748017929,2294.0913915030578
hybrid-reverse,1835,polyak,1590,2294.0906135611367,2294.0913915030578
hybrid-reverse,1836,polyak,1591,2294.0912502379606,2294.0913915030578
hybrid-reverse,1837,polyak,1592,2294.0908438137553,2294.0913915030578
hybrid-reverse,1838,polyak,1593,2294.091350949463,2294.0913915030578
hybrid-reverse,1839,polyak,1594,2294.0911131208345,2294.0913915030578
hybrid-reverse,1840,polyak,1595,2294.0908856883102,2294.0913915030578
hybrid-reverse,1841,polyak,1596,2294.0908060202378,2294.0913915030578
hybrid-reverse,1842,polyak,1597,2294.0910107957411,2294.0913915030578
hybrid-reverse,1843,polyak,1598,2294.0914043635612,2294.0914043635612
hybrid-reverse,1844,polyak,1599,2294.0910154900062,2294.0914043635612
hybrid-reverse,1845,polyak,1600,2294.0913965746531,2294.0914043635612
hybrid-reverse,1846,polyak,1601,2294.0907344850348,2294.0914043635612
hybrid-reverse,1847,polyak,1602,2294.0912651440412,2294.0914043635612
hybrid-reverse,1848,polyak,1603,2294.0911608857268,2294.0914043635612
hybrid-reverse,1849,polyak,1604,2294.0911515788762,2294.0914043635612
hybrid-reverse,1850,polyak,1605,2294.0910364323722,2294.0914043635612
hybrid-reverse,1851,polyak,1606,2294.0910983316217,2294.0914043635612
hybrid-reverse,1852,polyak,1607,2294.0915797708994,2294.0915797708994
hybrid-reverse,1853,polyak,1608,2294.0900741965975,2294.0915797708994
hybrid-reverse,1854,polyak,1609,2294.0905575679394,2294.0915797708994
hybrid-reverse,1855,polyak,1610,2294.090978240436,2294.0915797708994
hybrid-reverse,1856,polyak,1611,2294.0914182042188,2294.0915797708994
hybrid-reverse,1857,polyak,1612,2294.0915994553802,2294.0915994553802
hybrid-reverse,1858,polyak,1613,2294.0906775281314,2294.0915994553802
hybrid-reverse,1859,polyak,1614,2294.0913803911944,2294.0915994553802
hybrid-reverse,1860,polyak,1615,2294.0916433933944,2294.0916433933944
hybrid-reverse,1861,polyak,1616,2294.0908978793682,2294.0916433933944
hybrid-reverse,1862,polyak,1617,2294.0915735012368,2294.0916433933944
hybrid-reverse,1863,polyak,1618,2294.0911260472262,2294.0916433933944
hybrid-reverse,1864,polyak,1619,2294.0918037302968,2294.0918037302968
hybrid-reverse,1865,polyak,1620,2294.0912896665063,2294.0918037302968
hybrid-reverse,1866,polyak,1621,2294.0918354334658,2294.0918354334658
hybrid-reverse,1867,polyak,1622,2294.0907943423654,2294.0918354334658
hybrid-reverse,1868,polyak,1623,2294.0913694605033,2294.0918354334658
hybrid-reverse,1869,polyak,1624,2294.0917617602986,2294.0918354334658
hybrid-reverse,1870,polyak,1625,2294.0918425864375,2294.0918425864375
hybrid-reverse,1871,polyak,1626,2294.0911251100883,2294.0918425864375
hybrid-reverse,1872,polyak,1627,2294.0917048024353,2294.0918425864375
hybrid-reverse,1873,polyak,1628,2294.0919796014932,2294.0919796014932
hybrid-reverse,1874,polyak,1629,2294.0912157683115,2294.0919796014932
hybrid-reverse,1875,polyak,1630,2294.0920824017517,2294.0920824017517
hybrid-reverse,1876,polyak,1631,2294.0914437344136,2294.0920824017517
hybrid-reverse,1877,polyak,1632,2294.0920844543912,2294.0920844543912
hybrid-reverse,1878,polyak,1633,2294.0915184705323,2294.0920844543912
hybrid-reverse,1879,polyak,1634,2294.091411726873,2294.0920844543912
hybrid-reverse,1880,polyak,1635,2294.0916632513349,2294.0920844543912
hybrid-reverse,1881,polyak,1636,2294.0920743317702,2294.0920844543912
hybrid-reverse,1882,polyak,1637,2294.0910467108538,2294.0920844543912
hybrid-reverse,1883,polyak,1638,2294.0919299425495,2294.0920844543912
hybrid-reverse,1884,polyak,1639,2294.0915479192909,2294.0920844543912
hybrid-reverse,1885,polyak,1640,2294.0917957484589,2294.0920844543912
hybrid-reverse,1886,polyak,1641,2294.0922021673214,2294.0922021673214
hybrid-reverse,1887,polyak,1642,2294.0918016052833,2294.0922021673214
hybrid-reverse,1888,polyak,1643,2294.0918736788299,2294.0922021673214
hybrid-reverse,1889,polyak,1644,2294.0922269582011,2294.0922269582011
hybrid-reverse,1890,polyak,1645,2294.0912847119012,2294.0922269582011
hybrid-reverse,1891,polyak,1646,2294.0919904535422,2294.0922269582011
hybrid-reverse,1892,polyak,1647,2294.0922578417849,2294.0922578417849
hybrid-reverse,1893,polyak,1648,2294.0918625564468,2294.0922578417849
hybrid-reverse,1894,polyak,1649,2294.0921710541948,2294.0922578417849
hybrid-reverse,1895,polyak,1650,2294.0922034274627,2294.0922578417849
hybrid-reverse,1896,polyak,1651,2294.091995245984,2294.0922578417849
hybrid-reverse,1897,polyak,1652,2294.0921249326389,2294.0922578417849
hybrid-reverse,1898,polyak,1653,2294.0923217767127,2294.0923217767127
hybrid-reverse,1899,polyak,1654,2294.0911335102041,2294.0923217767127
hybrid-reverse,1900,polyak,1655,2294.0919317764483,2294.0923217767127
hybrid-reverse,1901,polyak,1656,2294.0924142337367,2294.0924142337367
hybrid-reverse,1902,polyak,1657,2294.0923615984907,2294.0924142337367
hybrid-reverse,1903,polyak,1658,2294.092254620416,2294.0924142337367
hybrid-reverse,1904,polyak,1659,2294.0921973655104,2294.0924142337367
hybrid-reverse,1905,polyak,1660,2294.0918869475131,2294.0924142337367
hybrid-reverse,1906,polyak,1661,2294.0924943422451,2294.0924943422451
hybrid-reverse,1907,polyak,1662,2294.0920963002395,2294.0924943422451
hybrid-reverse,1908,polyak,1663,2294.0925663786002,2294.0925663786002
hybrid-reverse,1909,polyak,1664,2294.0918579431318,2294.0925663786002
hybrid-reverse,1910,polyak,1665,2294.0922946950654,2294.0925663786002
hybrid-reverse,1911,polyak,1666,2294.0925100598524,2294.0925663786002
hybrid-reverse,1912,polyak,1667,2294.0927513609295,2294.0927513609295
hybrid-reverse,1913,polyak,1668,2294.092021321223,2294.0927513609295
hybrid-reverse,1914,polyak,1669,2294.092577462076,2294.0927513609295
hybrid-reverse,1915,polyak,1670,2294.0918285557159,2294.0927513609295
hybrid-reverse,1916,polyak,1671,2294.0926837059651,2294.0927513609295
hybrid-reverse,1917,polyak,1672,2294.0913693088837,2294.0927513609295
hybrid-reverse,1918,polyak,1673,2294.0921244570372,2294.0927513609295
hybrid-reverse,1919,polyak,1674,2294.0921498157322,2294.0927513609295
hybrid-reverse,1920,polyak,1675,2294.0923375092957,2294.0927513609295
hybrid-reverse,1921,polyak,1676,2294.0929132207971,2294.0929132207971
hybrid-reverse,1922,polyak,1677,2294.0919996285506,2294.0929132207971
hybrid-reverse,1923,polyak,1678,2294.0926739739834,2294.0929132207971
hybrid-reverse,1924,polyak,1679,2294.0929544266769,2294.0929544266769
hybrid-reverse,1925,polyak,1680,2294.0925294885815,2294.0929544266769
hybrid-reverse,1926,polyak,1681,2294.092702643482,2294.0929544266769
hybrid-reverse,1927,polyak,1682,2294.0923109548012,2294.0929544266769
hybrid-reverse,1928,polyak,1683,2294.0929684056268,2294.0929684056268
hybrid-reverse,1929,polyak,1684,2294.0925544325128,2294.0929684056268
hybrid-reverse,1930,polyak,1685,2294.0929005636476,2294.0929684056268
hybrid-reverse,1931,polyak,1686,2294.092359064196,2294.0929684056268
hybrid-reverse,1932,polyak,1687,2294.0927138737288,2294.0929684056268
hybrid-reverse,1933,polyak,1688,2294.0920207426307,2294.0929684056268
hybrid-reverse,1934,polyak,1689,2294.0925301711322,2294.0929684056268
hybrid-reverse,1935,polyak,1690,2294.0927769913342,2294.0929684056268
hybrid-reverse,1936,polyak,1691,2294.0926885686576,2294.0929684056268
hybrid-reverse,1937,polyak,1692,2294.0928329500598,2294.0929684056268
hybrid-reverse,1938,polyak,1693,2294.0929827752484,2294.0929827752484
hybrid-reverse,1939,polyak,1694,2294.0927667472261,2294.0929827752484
hybrid-reverse,1940,polyak,1695,2294.0919758946643,2294.0929827752484
hybrid-reverse,1941,polyak,1696,2294.0921295194416,2294.0929827752484
hybrid-reverse,1942,polyak,1697,2294.0929623251827,2294.0929827752484
hybrid-reverse,1943,polyak,1698,2294.0932483939159,2294.0932483939159
hybrid-reverse,1944,polyak,1699,2294.0924773747474,2294.0932483939159
hybrid-reverse,1945,polyak,1700,2294.0932334987356,2294.0932483939159
hybrid-reverse,1946,polyak,1701,2294.0928089162062,2294.0932483939159
hybrid-reverse,1947,polyak,1702,2294.0932553997036,2294.0932553997036
hybrid-reverse,1948,polyak,1703,2294.0927954993499,2294.0932553997036
hybrid-reverse,1949,polyak,1704,2294.0932865319965,2294.0932865319965
hybrid-reverse,1950,polyak,1705,2294.0930647457681,2294.0932865319965
hybrid-reverse,1951,polyak,1706,2294.0929593039978,2294.0932865319965
hybrid-reverse,1952,polyak,1707,2294.0930768420576,2294.0932865319965
hybrid-reverse,1953,polyak,1708,2294.0933718861343,2294.0933718861343
hybrid-reverse,1954,polyak,1709,2294.0933406766831,2294.0933718861343
hybrid-reverse,1955,polyak,1710,2294.0928867198468,2294.0933718861343
hybrid-reverse,1956,polyak,1711,2294.0932924312651,2294.0933718861343
hybrid-reverse,1957,polyak,1712,2294.0924771669529,2294.0933718861343
hybrid-reverse,1958,polyak,1713,2294.093323539641,2294.0933718861343
hybrid-reverse,1959,polyak,1714,2294.0933440863832,2294.0933718861343
hybrid-reverse,1960,polyak,1715,2294.0933053943872,2294.0933718861343
hybrid-reverse,1961,polyak,1716,2294.092960080885,2294.0933718861343
hybrid-reverse,1962,polyak,1717,2294.0934318991644,2294.0934318991644
hybrid-reverse,1963,polyak,1718,2294.0926127360231,2294.0934318991644
hybrid-reverse,1964,polyak,1719,2294.0930864185748,2294.0934318991644
hybrid-reverse,1965,polyak,1720,2294.0934505040673,2294.0934505040673
hybrid-reverse,1966,polyak,1721,2294.0932124998844,2294.0934505040673
hybrid-reverse,1967,polyak,1722,2294.093271874227,2294.0934505040673
hybrid-reverse,1968,polyak,1723,2294.0934296766277,2294.0934505040673
hybrid-reverse,1969,polyak,1724,2294.0933019032705,2294.0934505040673
hybrid-reverse,1970,polyak,1725,2294.0930295100643,2294.0934505040673
hybrid-reverse,1971,polyak,1726,2294.0936930497273,2294.0936930497273
hybrid-reverse,1972,polyak,1727,2294.0932115464939,2294.0936930497273
hybrid-reverse,1973,polyak,1728,2294.093319768986,2294.0936930497273
hybrid-reverse,1974,polyak,1729,2294.0927428926516,2294.0936930497273
hybrid-reverse,1975,polyak,1730,2294.0934825538034,2294.0936930497273
hybrid-reverse,1976,polyak,1731,2294.0932196954095,2294.0936930497273
hybrid-reverse,1977,polyak,1732,2294.0933620268788,2294.0936930497273
hybrid-reverse,1978,polyak,1733,2294.0931114790519,2294.0936930497273
hybrid-reverse,1979,polyak,1734,2294.0935212094741,2294.0936930497273
hybrid-reverse,1980,polyak,1735,2294.0931429465845,2294.0936930497273
hybrid-reverse,1981,polyak,1736,2294.0937529573794,2294.0937529573794
hybrid-reverse,1982,polyak,1737,2294.0933423586002,2294.0937529573794
hybrid-reverse,1983,polyak,1738,2294.0935491188457,2294.0937529573794
hybrid-reverse,1984,polyak,1739,2294.0932327459877,2294.0937529573794
hybrid-reverse,1985,polyak,1740,2294.093763248296,2294.093763248296
hybrid-reverse,1986,polyak,1741,2294.092313457244,2294.093763248296
hybrid-reverse,1987,polyak,1742,2294.093000780626,2294.093763248296
hybrid-reverse,1988,polyak,1743,2294.093149021473,2294.093763248296
hybrid-reverse,1989,polyak,1744,2294.0937647917567,2294.0937647917567
hybrid-reverse,1990,polyak,1745,2294.0937691062554,2294.0937691062554
hybrid-reverse,1991,polyak,1746,2294.0933607786737,2294.0937691062554
hybrid-reverse,1992,polyak,1747,2294.093492539514,2294.0937691062554
hybrid-reverse,1993,polyak,1748,2294.0937432347832,2294.0937691062554
hybrid-reverse,1994,polyak,1749,2294.0935560500516,2294.0937691062554
hybrid-reverse,1995,polyak,1750,2294.0939736844398,2294.0939736844398
hybrid-reverse,1996,polyak,1751,2294.092886493002,2294.0939736844398
hybrid-reverse,1997,polyak,1752,2294.0937709826035,2294.0939736844398
hybrid-reverse,1998,polyak,1753,2294.093163625846,2294.0939736844398
hybrid-reverse,1999,polyak,1754,2294.0935219563862,2294.0939736844398
hybrid-reverse,2000,polyak,1755,2294.093945634223,2294.0939736844398
hybrid-reverse,2001,polyak,1756,2294.0933684002384,2294.0939736844398
hybrid-reverse,2002,polyak,1757,2294.0938860446727,2294.0939736844398
hybrid-reverse,2003,polyak,1758,2294.0938631716308,2294.0939736844398
hybrid-reverse,2004,polyak,1759,2294.0942193325973,2294.0942193325973
hybrid-reverse,2005,polyak,1760,2294.0929161890872,2294.0942193325973
hybrid-reverse,2006,polyak,1761,2294.0939550168277,2294.0942193325973
hybrid-reverse,2007,polyak,1762,2294.0938734211381,2294.0942193325973
hybrid-reverse,2008,polyak,1763,2294.0939146437909,2294.0942193325973
hybrid-reverse,2009,polyak,1764,2294.0939748732098,2294.0942193325973
hybrid-reverse,2010,polyak,1765,2294.0937294308801,2294.0942193325973
hybrid-reverse,2011,polyak,1766,2294.0942324829807,2294.0942324829807
hybrid-reverse,2012,polyak,1767,2294.093212696615,2294.0942324829807
hybrid-reverse,2013,polyak,1768,2294.0938636342485,2294.0942324829807
hybrid-reverse,2014,polyak,1769,2294.0942694193368,2294.0942694193368
hybrid-reverse,2015,polyak,1770,2294.0939475787222,2294.0942694193368
hybrid-reverse,2016,polyak,1771,2294.0941660782132,2294.0942694193368
hybrid-reverse,2017,polyak,1772,2294.0940814863889,2294.0942694193368
hybrid-reverse,2018,polyak,1773,2294.094045054278,2294.0942694193368
hybrid-reverse,2019,polyak,1774,2294.0943704509868,2294.0943704509868
hybrid-reverse,2020,polyak,1775,2294.093411751353,2294.0943704509868
hybrid-reverse,2021,polyak,1776,2294.0940758187994,2294.0943704509868
hybrid-reverse,2022,polyak,1777,2294.0943140466525,2294.0943704509868
hybrid-reverse,2023,polyak,1778,2294.0942426509364,2294.0943704509868
hybrid-reverse,2024,polyak,1779,2294.094336737387,2294.0943704509868
hybrid-reverse,2025,polyak,1780,2294.0942957568627,2294.0943704509868
hybrid-reverse,2026,polyak,1781,2294.0943711542709,2294.0943711542709
hybrid-reverse,2027,polyak,1782,2294.0941530904679,2294.0943711542709
hybrid-reverse,2028,polyak,1783,2294.0941718259983,2294.0943711542709
hybrid-reverse,2029,polyak,1784,2294.0945204721106,2294.0945204721106
hybrid-reverse,2030,polyak,1785,2294.0938429947364,2294.0945204721106
hybrid-reverse,2031,polyak,1786,2294.0943376616192,2294.0945204721106
hybrid-reverse,2032,polyak,1787,2294.0943997299096,2294.0945204721106
hybrid-reverse,2033,polyak,1788,2294.0943814607158,2294.0945204721106
hybrid-reverse,2034,polyak,1789,2294.0942300615902,2294.0945204721106
hybrid-reverse,2035,polyak,1790,2294.0945998732695,2294.0945998732695
hybrid-reverse,2036,polyak,1791,2294.0943825435147,2294.0945998732695
hybrid-reverse,2037,polyak,1792,2294.0937069776546,2294.0945998732695
hybrid-reverse,2038,polyak,1793,2294.0943274850101,2294.0945998732695
hybrid-reverse,2039,polyak,1794,2294.0943866212006,2294.0945998732695
hybrid-reverse,2040,polyak,1795,2294.093737618166,2294.0945998732695
hybrid-reverse,2041,polyak,1796,2294.0943949382759,2294.0945998732695
hybrid-reverse,2042,polyak,1797,2294.0944727085143,2294.0945998732695
hybrid-reverse,2043,polyak,1798,2294.0943049162497,2294.0945998732695
hybrid-reverse,2044,polyak,1799,2294.0946739686578,2294.0946739686578
hybrid-reverse,2045,polyak,1800,2294.0936152193458,2294.0946739686578
hybrid-reverse,2046,polyak,1801,2294.0945349235758,2294.0946739686578
hybrid-reverse,2047,polyak,1802,2294.0946714831052,2294.0946739686578
hybrid-reverse,2048,polyak,1803,2294.0941610322452,2294.0946739686578
hybrid-reverse,2049,polyak,1804,2294.0946388836683,2294.0946739686578
hybrid-reverse,2050,polyak,1805,2294.0945618590649,2294.0946739686578
hybrid-reverse,2051,polyak,1806,2294.0945704121714,2294.0946739686578
hybrid-reverse,2052,polyak,1807,2294.094764309491,2294.094764309491
hybrid-reverse,2053,polyak,1808,2294.094611391628,2294.094764309491
hybrid-reverse,2054,polyak,1809,2294.0944564610259,2294.094764309491
hybrid-reverse,2055,polyak,1810,2294.094801850129,2294.094801850129
hybrid-reverse,2056,polyak,1811,2294.0940616503335,2294.094801850129
hybrid-reverse,2057,polyak,1812,2294.0947162918701,2294.094801850129
hybrid-reverse,2058,polyak,1813,2294.0943254126414,2294.094801850129
hybrid-reverse,2059,polyak,1814,2294.0945117232163,2294.094801850129
hybrid-reverse,2060,polyak,1815,2294.0939841655413,2294.094801850129
hybrid-reverse,2061,polyak,1816,2294.0947554941863,2294.094801850129
hybrid-reverse,2062,polyak,1817,2294.0944497906657,2294.094801850129
hybrid-reverse,2063,polyak,1818,2294.0946075036295,2294.094801850129
hybrid-reverse,2064,polyak,1819,2294.0942315269599,2294.094801850129
hybrid-reverse,2065,polyak,1820,2294.0945309183935,2294.094801850129
hybrid-reverse,2066,polyak,1821,2294.0948685111812,2294.0948685111812
hybrid-reverse,2067,polyak,1822,2294.0943129370908,2294.0948685111812
hybrid-reverse,2068,polyak,1823,2294.0948717589004,2294.0948717589004
hybrid-reverse,2069,polyak,1824,2294.0941435787349,2294.0948717589004
hybrid-reverse,2070,polyak,1825,2294.0947011130879,2294.0948717589004
hybrid-reverse,2071,polyak,1826,2294.0949512645489,2294.0949512645489
hybrid-reverse,2072,polyak,1827,2294.0947263171342,2294.0949512645489
hybrid-reverse,2073,polyak,1828,2294.0946389528535,2294.0949512645489
hybrid-reverse,2074,polyak,1829,2294.0945996983323,2294.0949512645489
hybrid-reverse,2075,polyak,1830,2294.0943866689659,2294.0949512645489
hybrid-reverse,2076,polyak,1831,2294.0948367274314,2294.0949512645489
hybrid-reverse,2077,polyak,1832,2294.0949193184383,2294.0949512645489
hybrid-reverse,2078,polyak,1833,2294.0941076792114,2294.0949512645489
hybrid-reverse,2079,polyak,1834,2294.0949677958679,2294.0949677958679
hybrid-reverse,2080,polyak,1835,2294.0945610516951,2294.0949677958679
hybrid-reverse,2081,polyak,1836,2294.0943056564884,2294.0949677958679
hybrid-reverse,2082,polyak,1837,2294.0949958649426,2294.0949958649426
hybrid-reverse,2083,polyak,1838,2294.0948742720702,2294.0949958649426
hybrid-reverse,2084,polyak,1839,2294.0949916996437,2294.0949958649426
hybrid-reverse,2085,polyak,1840,2294.0947478963335,2294.0949958649426
hybrid-reverse,2086,polyak,1841,2294.094840040731,2294.0949958649426
hybrid-reverse,2087,polyak,1842,2294.0945422898035,2294.0949958649426
hybrid-reverse,2088,polyak,1843,2294.095052424007,2294.095052424007
hybrid-reverse,2089,polyak,1844,2294.0945404515433,2294.095052424007
hybrid-reverse,2090,polyak,1845,2294.0950267366434,2294.095052424007
hybrid-reverse,2091,polyak,1846,2294.0950375028278,2294.095052424007
hybrid-reverse,2092,polyak,1847,2294.0949299581857,2294.095052424007
hybrid-reverse,2093,polyak,1848,2294.0950390239168,2294.095052424007
hybrid-reverse,2094,polyak,1849,2294.0951755619453,2294.0951755619453
hybrid-reverse,2095,polyak,1850,2294.0944419992238,2294.0951755619453
hybrid-reverse,2096,polyak,1851,2294.0948204591018,2294.0951755619453
hybrid-reverse,2097,polyak,1852,2294.0949881517677,2294.0951755619453
hybrid-reverse,2098,polyak,1853,2294.0952189159302,2294.0952189159302
hybrid-reverse,2099,polyak,1854,2294.0951797411567,2294.0952189159302
hybrid-reverse,2100,polyak,1855,2294.0951884639348,2294.0952189159302
hybrid-reverse,2101,polyak,1856,2294.0951905985139,2294.0952189159302
hybrid-reverse,2102,polyak,1857,2294.0954212613738,2294.0954212613738
hybrid-reverse,2103,polyak,1858,2294.0939943126773,2294.0954212613738
hybrid-reverse,2104,polyak,1859,2294.0950853790046,2294.0954212613738
hybrid-reverse,2105,polyak,1860,2294.0952966094083,2294.0954212613738
hybrid-reverse,2106,polyak,1861,2294.0944521070369,2294.0954212613738
hybrid-reverse,2107,polyak,1862,2294.0953828996526,2294.0954212613738
hybrid-reverse,2108,polyak,1863,2294.0939699611754,2294.0954212613738
hybrid-reverse,2109,polyak,1864,2294.0944889893849,2294.0954212613738
hybrid-reverse,2110,polyak,1865,2294.0947439200299,2294.0954212613738
hybrid-reverse,2111,polyak,1866,2294.095355106328,2294.0954212613738
hybrid-reverse,2112,polyak,1867,2294.0954109722638,2294.0954212613738
hybrid-reverse,2113,polyak,1868,2294.0948821227003,2294.0954212613738
hybrid-reverse,2114,polyak,1869,2294.0954599460024,2294.0954599460024
hybrid-reverse,2115,polyak,1870,2294.0950941279198,2294.0954599460024
hybrid-reverse,2116,polyak,1871,2294.0956250308536,2294.0956250308536
hybrid-reverse,2117,polyak,1872,2294.094512432689,2294.0956250308536
hybrid-reverse,2118,polyak,1873,2294.0953179115695,2294.0956250308536
hybrid-reverse,2119,polyak,1874,2294.0952558254912,2294.0956250308536
hybrid-reverse,2120,polyak,1875,2294.0956311792197,2294.0956311792197
hybrid-reverse,2121,polyak,1876,2294.0951944226535,2294.0956311792197
hybrid-reverse,2122,polyak,1877,2294.0956694427609,2294.0956694427609
hybrid-reverse,2123,polyak,1878,2294.0953740355408,2294.0956694427609
hybrid-reverse,2124,polyak,1879,2294.0956903478009,2294.0956903478009
hybrid-reverse,2125,polyak,1880,2294.095270607218,2294.0956903478009
hybrid-reverse,2126,polyak,1881,2294.0954007054424,2294.0956903478009
hybrid-reverse,2127,polyak,1882,2294.0953581043386,2294.0956903478009
hybrid-reverse,2128,polyak,1883,2294.0950438935624,2294.0956903478009
hybrid-reverse,2129,polyak,1884,2294.0956197573132,2294.0956903478009
hybrid-reverse,2130,polyak,1885,2294.0953784568655,2294.0956903478009
hybrid-reverse,2131,polyak,1886,2294.0956613220924,2294.0956903478009
hybrid-reverse,2132,polyak,1887,2294.094964250366,2294.0956903478009
hybrid-reverse,2133,polyak,1888,2294.0957079085151,2294.0957079085151
hybrid-reverse,2134,polyak,1889,2294.0950278272667,2294.0957079085151
hybrid-reverse,2135,polyak,1890,2294.0954913237142,2294.0957079085151
hybrid-reverse,2136,polyak,1891,2294.0955216035181,2294.0957079085151
hybrid-reverse,2137,polyak,1892,2294.0954899298058,2294.0957079085151
hybrid-reverse,2138,polyak,1893,2294.0958153367974,2294.0958153367974
hybrid-reverse,2139,polyak,1894,2294.0950963779524,2294.0958153367974
hybrid-reverse,2140,polyak,1895,2294.0956226009348,2294.0958153367974
hybrid-reverse,2141,polyak,1896,2294.0956227865286,2294.0958153367974
hybrid-reverse,2142,polyak,1897,2294.0956747640676,2294.0958153367974
hybrid-reverse,2143,polyak,1898,2294.0957722808957,2294.0958153367974
hybrid-reverse,2144,polyak,1899,2294.0955902943238,2294.0958153367974
hybrid-reverse,2145,polyak,1900,2294.0959315910422,2294.0959315910422
hybrid-reverse,2146,polyak,1901,2294.0953276635391,2294.0959315910422
hybrid-reverse,2147,polyak,1902,2294.095652548237,2294.0959315910422
hybrid-reverse,2148,polyak,1903,2294.0959280958978,2294.0959315910422
hybrid-reverse,2149,polyak,1904,2294.0953805728368,2294.0959315910422
hybrid-reverse,2150,polyak,1905,2294.0959935087376,2294.0959935087376
hybrid-reverse,2151,polyak,1906,2294.0947539625222,2294.0959935087376
hybrid-reverse,2152,polyak,1907,2294.0954829725229,2294.0959935087376
hybrid-reverse,2153,polyak,1908,2294.0954615570467,2294.0959935087376
hybrid-reverse,2154,polyak,1909,2294.0959766793749,2294.0959935087376
hybrid-reverse,2155,polyak,1910,2294.0954984354812,2294.0959935087376
hybrid-reverse,2156,polyak,1911,2294.0960035214234,2294.0960035214234
hybrid-reverse,2157,polyak,1912,2294.0944878669998,2294.0960035214234
hybrid-reverse,2158,polyak,1913,2294.0950898224323,2294.0960035214234
hybrid-reverse,2159,polyak,1914,2294.0956251461234,2294.0960035214234
hybrid-reverse,2160,polyak,1915,2294.0955440600169,2294.0960035214234
hybrid-reverse,2161,polyak,1916,2294.0962102853759,2294.0962102853759
hybrid-reverse,2162,polyak,1917,2294.0959755200024,2294.0962102853759
hybrid-reverse,2163,polyak,1918,2294.0957342396687,2294.0962102853759
hybrid-reverse,2164,polyak,1919,2294.0957165508503,2294.0962102853759
hybrid-reverse,2165,polyak,1920,2294.0961228302749,2294.0962102853759
hybrid-reverse,2166,polyak,1921,2294.0950146085252,2294.0962102853759
hybrid-reverse,2167,polyak,1922,2294.0959643789101,2294.0962102853759
hybrid-reverse,2168,polyak,1923,2294.0959275785617,2294.0962102853759
hybrid-reverse,2169,polyak,1924,2294.0953132808286,2294.0962102853759
hybrid-reverse,2170,polyak,1925,2294.0960660731539,2294.0962102853759
hybrid-reverse,2171,polyak,1926,2294.0957994842333,2294.0962102853759
hybrid-reverse,2172,polyak,1927,2294.0961974278202,2294.0962102853759
hybrid-reverse,2173,polyak,1928,2294.0954984970999,2294.0962102853759
hybrid-reverse,2174,polyak,1929,2294.0960225588519,2294.0962102853759
hybrid-reverse,2175,polyak,1930,2294.096222082961,2294.096222082961
hybrid-reverse,2176,polyak,1931,2294.0962882733311,2294.0962882733311
hybrid-reverse,2177,polyak,1932,2294.0960410624757,2294.0962882733311
hybrid-reverse,2178,polyak,1933,2294.0964558432834,2294.0964558432834
hybrid-reverse,2179,polyak,1934,2294.0957725739599,2294.0964558432834
hybrid-reverse,2180,polyak,1935,2294.0961968215825,2294.0964558432834
hybrid-reverse,2181,polyak,1936,2294.0965180028161,2294.0965180028161
hybrid-reverse,2182,polyak,1937,2294.0962801306118,2294.0965180028161
hybrid-reverse,2183,polyak,1938,2294.0966055814893,2294.0966055814893
hybrid-reverse,2184,polyak,1939,2294.0965387342117,2294.0966055814893
hybrid-reverse,2185,polyak,1940,2294.09618426616,2294.0966055814893
hybrid-reverse,2186,polyak,1941,2294.0965634787735,2294.0966055814893
hybrid-reverse,2187,polyak,1942,2294.0958335630867,2294.0966055814893
hybrid-reverse,2188,polyak,1943,2294.0961216881528,2294.0966055814893
hybrid-reverse,2189,polyak,1944,2294.0964552851892,2294.0966055814893
hybrid-reverse,2190,polyak,1945,2294.0965686256823,2294.0966055814893
hybrid-reverse,2191,polyak,1946,2294.0963416480972,2294.0966055814893
hybrid-reverse,2192,polyak,1947,2294.0966081568386,2294.0966081568386
hybrid-reverse,2193,polyak,1948,2294.0966805086605,2294.0966805086605
hybrid-reverse,2194,polyak,1949,2294.096468286808,2294.0966805086605
hybrid-reverse,2195,polyak,1950,2294.0966278785027,2294.0966805086605
hybrid-reverse,2196,polyak,1951,2294.0965726023514,2294.0966805086605
hybrid-reverse,2197,polyak,1952,2294.0966616697947,2294.0966805086605
hybrid-reverse,2198,polyak,1953,2294.0966791854557,2294.0966805086605
hybrid-reverse,2199,polyak,1954,2294.0966106999167,2294.0966805086605
hybrid-reverse,2200,polyak,1955,2294.0961687558802,2294.0966805086605
hybrid-reverse,2201,polyak,1956,2294.0964351193952,2294.0966805086605
hybrid-reverse,2202,polyak,1957,2294.0965851693559,2294.0966805086605
hybrid-reverse,2203,polyak,1958,2294.0967983609221,2294.0967983609221
hybrid-reverse,2204,polyak,1959,2294.0965536263598,2294.0967983609221
hybrid-reverse,2205,polyak,1960,2294.0968061260173,2294.0968061260173
hybrid-reverse,2206,polyak,1961,2294.0964119551418,2294.0968061260173
hybrid-reverse,2207,polyak,1962,2294.0968061221915,2294.0968061260173
hybrid-reverse,2208,polyak,1963,2294.0967961366905,2294.0968061260173
hybrid-reverse,2209,polyak,1964,2294.0967251797474,2294.0968061260173
hybrid-reverse,2210,polyak,1965,2294.0967509068901,2294.0968061260173
hybrid-reverse,2211,polyak,1966,2294.0969186609782,2294.0969186609782
hybrid-reverse,2212,polyak,1967,2294.0967249500418,2294.0969186609782
hybrid-reverse,2213,polyak,1968,2294.0968555256809,2294.0969186609782
hybrid-reverse,2214,polyak,1969,2294.0967234581035,2294.0969186609782
hybrid-reverse,2215,polyak,1970,2294.0967326430941,2294.0969186609782
hybrid-reverse,2216,polyak,1971,2294.0968822155628,2294.0969186609782
hybrid-reverse,2217,polyak,1972,2294.0969041867011,2294.0969186609782
hybrid-reverse,2218,polyak,1973,2294.0966521627952,2294.0969186609782
hybrid-reverse,2219,polyak,1974,2294.0967958999208,2294.0969186609782
hybrid-reverse,2220,polyak,1975,2294.0969043460286,2294.0969186609782
hybrid-reverse,2221,polyak,1976,2294.0969515598572,2294.0969515598572
hybrid-reverse,2222,polyak,1977,2294.0968082587515,2294.0969515598572
hybrid-reverse,2223,polyak,1978,2294.0967188136065,2294.0969515598572
hybrid-reverse,2224,polyak,1979,2294.096970303548,2294.096970303548
hybrid-reverse,2225,polyak,1980,2294.0967624626005,2294.096970303548
hybrid-reverse,2226,polyak,1981,2294.0969838585488,2294.0969838585488
hybrid-reverse,2227,polyak,1982,2294.0965527181224,2294.0969838585488
hybrid-reverse,2228,polyak,1983,2294.0969390654714,2294.0969838585488
hybrid-reverse,2229,polyak,1984,2294.0970022787756,2294.0970022787756
hybrid-reverse,2230,polyak,1985,2294.0969338445884,2294.0970022787756
hybrid-reverse,2231,polyak,1986,2294.0968878272461,2294.0970022787756
hybrid-reverse,2232,polyak,1987,2294.0969899691891,2294.0970022787756
hybrid-reverse,2233,polyak,1988,2294.0967931425912,2294.0970022787756
hybrid-reverse,2234,polyak,1989,2294.097065773386,2294.097065773386
hybrid-reverse,2235,polyak,1990,2294.0970073319468,2294.097065773386
hybrid-reverse,2236,polyak,1991,2294.0969476343976,2294.097065773386
hybrid-reverse,2237,polyak,1992,2294.0966991977471,2294.097065773386
hybrid-reverse,2238,polyak,1993,2294.0969566088411,2294.097065773386
hybrid-reverse,2239,polyak,1994,2294.0968701555062,2294.097065773386
hybrid-reverse,2240,polyak,1995,2294.0970613033501,2294.097065773386
hybrid-reverse,2241,polyak,1996,2294.0966082030368,2294.097065773386
hybrid-reverse,2242,polyak,1997,2294.0970026681312,2294.097065773386
hybrid-reverse,2243,polyak,1998,2294.0969990465801,2294.097065773386
hybrid-reverse,2244,polyak,1999,2294.0968312378118,2294.097065773386
hybrid-reverse,2245,polyak,2000,2294.0971036221167,2294.0971036221167
