instance,strategy,iteration,phase,phase_iteration,lower_bound,best_lower_bound,concorde_optimum
/Users/a/Ayanami/code/TSP/data/classic/tsplib/kroA150.tsp,polyak,1,polyak,1,23845,23845,26524
/Users/a/Ayanami/code/TSP/data/classic/tsplib/kroA150.tsp,polyak,2,polyak,2,22414.37837837838,23845,26524
/Users/a/Ayanami/code/TSP/data/classic/tsplib/kroA150.tsp,polyak,3,polyak,3,23431.644339992155,23845,26524
/Users/a/Ayanami/code/TSP/data/classic/tsplib/kroA150.tsp,polyak,4,polyak,4,23486.128796780955,23845,26524
/Users/a/Ayanami/code/TSP/data/classic/tsplib/kroA150.tsp,polyak,5,polyak,5,24240.136102948549,24240.136102948549,26524
/Users/a/Ayanami/code/TSP/data/classic/tsplib/kroA150.tsp,polyak,6,polyak,6,24285.407217585416,24285.407217585416,26524
/Users/a/Ayanami/code/TSP/data/classic/tsplib/kroA150.tsp,polyak,7,polyak,7,24566.493812682991,24566.493812682991,26524
/Users/a/Ayanami/code/TSP/data/classic/tsplib/kroA150.tsp,polyak,8,polyak,8,24001.622806818581,24566.493812682991,26524
/Users/a/Ayanami/code/TSP/data/classic/tsplib/kroA150.tsp,polyak,9,polyak,9,24543.375526536962,24566.493812682991,26524
/Users/a/Ayanami/code/TSP/data/classic/tsplib/kroA150.tsp,polyak,10,polyak,10,24390.502155002468,24566.493812682991,26524
/Users/a/Ayanami/code/TSP/data/classic/tsplib/kroA150.tsp,polyak,11,polyak,11,24173.551525852839,24566.493812682991,26524
/Users/a/Ayanami/code/TSP/data/classic/tsplib/kroA150.tsp,polyak,12,polyak,12,24757.209061882284,24757.209061882284,26524
/Users/a/Ayanami/code/TSP/data/classic/tsplib/kroA150.tsp,polyak,13,polyak,13,24363.09356287021,24757.209061882284,26524
/Users/a/Ayanami/code/TSP/data/classic/tsplib/kroA150.tsp,polyak,14,polyak,14,24314.671621358655,24757.209061882284,26524
/Users/a/Ayanami/code/TSP/data/classic/tsplib/kroA150.tsp,polyak,15,polyak,15,24210.268506358712,24757.209061882284,26524
/Users/a/Ayanami/code/TSP/data/classic/tsplib/kroA150.tsp,polyak,16,polyak,16,24570.599775218448,24757.209061882284,26524
/Users/a/Ayanami/code/TSP/data/classic/tsplib/kroA150.tsp,polyak,17,polyak,17,24460.94763783025,24757.209061882284,26524
/Users/a/Ayanami/code/TSP/data/classic/tsplib/kroA150.tsp,polyak,18,polyak,18,24726.652278850535,24757.209061882284,26524
/Users/a/Ayanami/code/TSP/data/classic/tsplib/kroA150.tsp,polyak,19,polyak,19,24713.406192133269,24757.209061882284,26524
/Users/a/Ayanami/code/TSP/data/classic/tsplib/kroA150.tsp,polyak,20,polyak,20,24461.401750188434,24757.209061882284,26524
/Users/a/Ayanami/code/TSP/data/classic/tsplib/kroA150.tsp,polyak,21,polyak,21,24807.25404408772,24807.25404408772,26524
/Users/a/Ayanami/code/TSP/data/classic/tsplib/kroA150.tsp,polyak,22,polyak,22,24749.179512917723,24807.25404408772,26524
/Users/a/Ayanami/code/TSP/data/classic/tsplib/kroA150.tsp,polyak,23,polyak,23,24578.91634131868,24807.25404408772,26524
/Users/a/Ayanami/code/TSP/data/classic/tsplib/kroA150.tsp,polyak,24,polyak,24,24872.39557099657,24872.39557099657,26524
/Users/a/Ayanami/code/TSP/data/classic/tsplib/kroA150.tsp,polyak,25,polyak,25,24519.366786779043,24872.39557099657,26524
/Users/a/Ayanami/code/TSP/data/classic/tsplib/kroA150.tsp,polyak,26,polyak,26,24413.886057693497,24872.39557099657,26524
/Users/a/Ayanami/code/TSP/data/classic/tsplib/kroA150.tsp,polyak,27,polyak,27,24710.367224629434,24872.39557099657,26524
/Users/a/Ayanami/code/TSP/data/classic/tsplib/kroA150.tsp,polyak,28,polyak,28,24853.298795379811,24872.39557099657,26524
/Users/a/Ayanami/code/TSP/data/classic/tsplib/kroA150.tsp,polyak,29,polyak,29,24418.419707248282,24872.39557099657,26524
/Users/a/Ayanami/code/TSP/data/classic/tsplib/kroA150.tsp,polyak,30,polyak,30,24896.284898839061,24896.284898839061,26524
/Users/a/Ayanami/code/TSP/data/classic/tsplib/kroA150.tsp,polyak,31,polyak,31,24159.768163822493,24896.284898839061,26524
/Users/a/Ayanami/code/TSP/data/classic/tsplib/kroA150.tsp,polyak,32,polyak,32,24402.118047262382,24896.284898839061,26524
/Users/a/Ayanami/code/TSP/data/classic/tsplib/kroA150.tsp,polyak,33,polyak,33,24731.727732611773,24896.284898839061,26524
/Users/a/Ayanami/code/TSP/data/classic/tsplib/kroA150.tsp,polyak,34,polyak,34,24287.528657568237,24896.284898839061,26524
/Users/a/Ayanami/code/TSP/data/classic/tsplib/kroA150.tsp,polyak,35,polyak,35,24321.141822125723,24896.284898839061,26524
/Users/a/Ayanami/code/TSP/data/classic/tsplib/kroA150.tsp,polyak,36,polyak,36,24832.99715556006,24896.284898839061,26524
/Users/a/Ayanami/code/TSP/data/classic/tsplib/kroA150.tsp,polyak,37,polyak,37,24439.738880812507,24896.284898839061,26524
/Users/a/Ayanami/code/TSP/data/classic/tsplib/kroA150.tsp,polyak,38,polyak,38,24263.62178919221,24896.284898839061,26524
/Users/a/Ayanami/code/TSP/data/classic/tsplib/kroA150.tsp,polyak,39,polyak,39,24565.887987339232,24896.284898839061,26524
/Users/a/Ayanami/code/TSP/data/classic/tsplib/kroA150.tsp,polyak,40,polyak,40,24729.080719251197,24896.284898839061,26524
/Users/a/Ayanami/code/TSP/data/classic/tsplib/kroA150.tsp,polyak,41,polyak,41,24793.624854639591,24896.284898839061,26524
/Users/a/Ayanami/code/TSP/data/classic/tsplib/kroA150.tsp,polyak,42,polyak,42,24646.059163704587,24896.284898839061,26524
/Users/a/Ayanami/code/TSP/data/classic/tsplib/kroA150.tsp,polyak,43,polyak,43,24852.214393029699,24896.284898839061,26524
/Users/a/Ayanami/code/TSP/data/classic/tsplib/kroA150.tsp,polyak,44,polyak,44,25496.160322151904,25496.160322151904,26524
/Users/a/Ayanami/code/TSP/data/classic/tsplib/kroA150.tsp,polyak,45,polyak,45,25628.164774161185,25628.164774161185,26524
/Users/a/Ayanami/code/TSP/data/classic/tsplib/kroA150.tsp,polyak,46,polyak,46,25763.592595436468,25763.592595436468,26524
/Users/a/Ayanami/code/TSP/data/classic/tsplib/kroA150.tsp,polyak,47,polyak,47,25694.663131788377,25763.592595436468,26524
/Users/a/Ayanami/code/TSP/data/classic/tsplib/kroA150.tsp,polyak,48,polyak,48,25784.022729453874,25784.022729453874,26524
/Users/a/Ayanami/code/TSP/data/classic/tsplib/kroA150.tsp,polyak,49,polyak,49,25794.883662752334,25794.883662752334,26524
/Users/a/Ayanami/code/TSP/data/classic/tsplib/kroA150.tsp,polyak,50,polyak,50,25892.422255150716,25892.422255150716,26524
/Users/a/Ayanami/code/TSP/data/classic/tsplib/kroA150.tsp,polyak,51,polyak,51,25815.775190259559,25892.422255150716,26524
/Users/a/Ayanami/code/TSP/data/classic/tsplib/kroA150.tsp,polyak,52,polyak,52,25809.378821524941,25892.422255150716,26524
/Users/a/Ayanami/code/TSP/data/classic/tsplib/kroA150.tsp,polyak,53,polyak,53,25801.765393484791,25892.422255150716,26524
/Users/a/Ayanami/code/TSP/data/classic/tsplib/kroA150.tsp,polyak,54,polyak,54,25965.189155045187,25965.189155045187,26524
/Users/a/Ayanami/code/TSP/data/classic/tsplib/kroA150.tsp,polyak,55,polyak,55,25723.183985649448,25965.189155045187,26524
/Users/a/Ayanami/code/TSP/data/classic/tsplib/kroA150.tsp,polyak,56,polyak,56,25911.327796102552,25965.189155045187,26524
/Users/a/Ayanami/code/TSP/data/classic/tsplib/kroA150.tsp,polyak,57,polyak,57,25614.737726261166,25965.189155045187,26524
/Users/a/Ayanami/code/TSP/data/classic/tsplib/kroA150.tsp,polyak,58,polyak,58,25831.113825950899,25965.189155045187,26524
/Users/a/Ayanami/code/TSP/data/classic/tsplib/kroA150.tsp,polyak,59,polyak,59,25777.371590172665,25965.189155045187,26524
/Users/a/Ayanami/code/TSP/data/classic/tsplib/kroA150.tsp,polyak,60,polyak,60,25883.952489337691,25965.189155045187,26524
/Users/a/Ayanami/code/TSP/data/classic/tsplib/kroA150.tsp,polyak,61,polyak,61,25787.367524716872,25965.189155045187,26524
/Users/a/Ayanami/code/TSP/data/classic/tsplib/kroA150.tsp,polyak,62,polyak,62,25853.340297416347,25965.189155045187,26524
/Users/a/Ayanami/code/TSP/data/classic/tsplib/kroA150.tsp,polyak,63,polyak,63,25918.330245444693,25965.189155045187,26524
/Users/a/Ayanami/code/TSP/data/classic/tsplib/kroA150.tsp,polyak,64,polyak,64,25773.266215447817,25965.189155045187,26524
/Users/a/Ayanami/code/TSP/data/classic/tsplib/kroA150.tsp,polyak,65,polyak,65,25941.967359733477,25965.189155045187,26524
/Users/a/Ayanami/code/TSP/data/classic/tsplib/kroA150.tsp,polyak,66,polyak,66,25711.430328140294,25965.189155045187,26524
/Users/a/Ayanami/code/TSP/data/classic/tsplib/kroA150.tsp,polyak,67,polyak,67,25842.337974063277,25965.189155045187,26524
/Users/a/Ayanami/code/TSP/data/classic/tsplib/kroA150.tsp,polyak,68,polyak,68,26050.852617675206,26050.852617675206,26524
/Users/a/Ayanami/code/TSP/data/classic/tsplib/kroA150.tsp,polyak,69,polyak,69,26019.300465640325,26050.852617675206,26524
/Users/a/Ayanami/code/TSP/data/classic/tsplib/kroA150.tsp,polyak,70,polyak,70,26082.13773188191,26082.13773188191,26524
/Users/a/Ayanami/code/TSP/data/classic/tsplib/kroA150.tsp,polyak,71,polyak,71,26037.224393192475,26082.13773188191,26524
/Users/a/Ayanami/code/TSP/data/classic/tsplib/kroA150.tsp,polyak,72,polyak,72,26105.832174234733,26105.832174234733,26524
/Users/a/Ayanami/code/TSP/data/classic/tsplib/kroA150.tsp,polyak,73,polyak,73,26069.874270483164,26105.832174234733,26524
/Users/a/Ayanami/code/TSP/data/classic/tsplib/kroA150.tsp,polyak,74,polyak,74,26086.390126038899,26105.832174234733,26524
/Users/a/Ayanami/code/TSP/data/classic/tsplib/kroA150.tsp,polyak,75,polyak,75,26073.377362146111,26105.832174234733,26524
/Users/a/Ayanami/code/TSP/data/classic/tsplib/kroA150.tsp,polyak,76,polyak,76,26062.410785978049,26105.832174234733,26524
/Users/a/Ayanami/code/TSP/data/classic/tsplib/kroA150.tsp,polyak,77,polyak,77,26062.557478378461,26105.832174234733,26524
/Users/a/Ayanami/code/TSP/data/classic/tsplib/kroA150.tsp,polyak,78,polyak,78,26113.876740499465,26113.876740499465,26524
/Users/a/Ayanami/code/TSP/data/classic/tsplib/kroA150.tsp,polyak,79,polyak,79,26087.75180359526,26113.876740499465,26524
/Users/a/Ayanami/code/TSP/data/classic/tsplib/kroA150.tsp,polyak,80,polyak,80,26049.055832206053,26113.876740499465,26524
/Users/a/Ayanami/code/TSP/data/classic/tsplib/kroA150.tsp,polyak,81,polyak,81,26129.796106662976,26129.796106662976,26524
/Users/a/Ayanami/code/TSP/data/classic/tsplib/kroA150.tsp,polyak,82,polyak,82,26054.034027979629,26129.796106662976,26524
/Users/a/Ayanami/code/TSP/data/classic/tsplib/kroA150.tsp,polyak,83,polyak,83,26075.050255655238,26129.796106662976,26524
/Users/a/Ayanami/code/TSP/data/classic/tsplib/kroA150.tsp,polyak,84,polyak,84,26092.171771040841,26129.796106662976,26524
/Users/a/Ayanami/code/TSP/data/classic/tsplib/kroA150.tsp,polyak,85,polyak,85,26089.759542148484,26129.796106662976,26524
/Users/a/Ayanami/code/TSP/data/classic/tsplib/kroA150.tsp,polyak,86,polyak,86,26081.978756794804,26129.796106662976,26524
/Users/a/Ayanami/code/TSP/data/classic/tsplib/kroA150.tsp,polyak,87,polyak,87,26085.130230358493,26129.796106662976,26524
/Users/a/Ayanami/code/TSP/data/classic/tsplib/kroA150.tsp,polyak,88,polyak,88,26094.638674156515,26129.796106662976,26524
/Users/a/Ayanami/code/TSP/data/classic/tsplib/kroA150.tsp,polyak,89,polyak,89,26076.189240105825,26129.796106662976,26524
/Users/a/Ayanami/code/TSP/data/classic/tsplib/kroA150.tsp,polyak,90,polyak,90,26100.99159617328,26129.796106662976,26524
/Users/a/Ayanami/code/TSP/data/classic/tsplib/kroA150.tsp,polyak,91,polyak,91,26085.070476481906,26129.796106662976,26524
/Users/a/Ayanami/code/TSP/data/classic/tsplib/kroA150.tsp,polyak,92,polyak,92,26101.427419498759,26129.796106662976,26524
/Users/a/Ayanami/code/TSP/data/classic/tsplib/kroA150.tsp,polyak,93,polyak,93,26110.671632715563,26129.796106662976,26524
/Users/a/Ayanami/code/TSP/data/classic/tsplib/kroA150.tsp,polyak,94,polyak,94,26066.829668088751,26129.796106662976,26524
/Users/a/Ayanami/code/TSP/data/classic/tsplib/kroA150.tsp,polyak,95,polyak,95,26158.124750325205,26158.124750325205,26524
/Users/a/Ayanami/code/TSP/data/classic/tsplib/kroA150.tsp,polyak,96,polyak,96,26170.53639483259,26170.53639483259,26524
/Users/a/Ayanami/code/TSP/data/classic/tsplib/kroA150.tsp,polyak,97,polyak,97,26156.973679363276,26170.53639483259,26524
/Users/a/Ayanami/code/TSP/data/classic/tsplib/kroA150.tsp,polyak,98,polyak,98,26187.801840637989,26187.801840637989,26524
/Users/a/Ayanami/code/TSP/data/classic/tsplib/kroA150.tsp,polyak,99,polyak,99,26161.36746484277,26187.801840637989,26524
/Users/a/Ayanami/code/TSP/data/classic/tsplib/kroA150.tsp,polyak,100,polyak,100,26169.799129710791,26187.801840637989,26524
/Users/a/Ayanami/code/TSP/data/classic/tsplib/kroA150.tsp,polyak,101,polyak,101,26185.515133921403,26187.801840637989,26524
/Users/a/Ayanami/code/TSP/data/classic/tsplib/kroA150.tsp,polyak,102,polyak,102,26163.384987486137,26187.801840637989,26524
/Users/a/Ayanami/code/TSP/data/classic/tsplib/kroA150.tsp,polyak,103,polyak,103,26187.673027410037,26187.801840637989,26524
/Users/a/Ayanami/code/TSP/data/classic/tsplib/kroA150.tsp,polyak,104,polyak,104,26178.929038047016,26187.801840637989,26524
/Users/a/Ayanami/code/TSP/data/classic/tsplib/kroA150.tsp,polyak,105,polyak,105,26181.252703374164,26187.801840637989,26524
/Users/a/Ayanami/code/TSP/data/classic/tsplib/kroA150.tsp,polyak,106,polyak,106,26177.432411455306,26187.801840637989,26524
/Users/a/Ayanami/code/TSP/data/classic/tsplib/kroA150.tsp,polyak,107,polyak,107,26192.903720482194,26192.903720482194,26524
/Users/a/Ayanami/code/TSP/data/classic/tsplib/kroA150.tsp,polyak,108,polyak,108,26171.289829060286,26192.903720482194,26524
/Users/a/Ayanami/code/TSP/data/classic/tsplib/kroA150.tsp,polyak,109,polyak,109,26201.16950817742,26201.16950817742,26524
/Users/a/Ayanami/code/TSP/data/classic/tsplib/kroA150.tsp,polyak,110,polyak,110,26191.208607722736,26201.16950817742,26524
/Users/a/Ayanami/code/TSP/data/classic/tsplib/kroA150.tsp,polyak,111,polyak,111,26184.303009114912,26201.16950817742,26524
/Users/a/Ayanami/code/TSP/data/classic/tsplib/kroA150.tsp,polyak,112,polyak,112,26166.286714396785,26201.16950817742,26524
/Users/a/Ayanami/code/TSP/data/classic/tsplib/kroA150.tsp,polyak,113,polyak,113,26195.54496869897,26201.16950817742,26524
/Users/a/Ayanami/code/TSP/data/classic/tsplib/kroA150.tsp,polyak,114,polyak,114,26192.109353522974,26201.16950817742,26524
/Users/a/Ayanami/code/TSP/data/classic/tsplib/kroA150.tsp,polyak,115,polyak,115,26173.638514992239,26201.16950817742,26524
/Users/a/Ayanami/code/TSP/data/classic/tsplib/kroA150.tsp,polyak,116,polyak,116,26196.221294515242,26201.16950817742,26524
/Users/a/Ayanami/code/TSP/data/classic/tsplib/kroA150.tsp,polyak,117,polyak,117,26188.375815645151,26201.16950817742,26524
/Users/a/Ayanami/code/TSP/data/classic/tsplib/kroA150.tsp,polyak,118,polyak,118,26186.03456019935,26201.16950817742,26524
/Users/a/Ayanami/code/TSP/data/classic/tsplib/kroA150.tsp,polyak,119,polyak,119,26204.088753455533,26204.088753455533,26524
/Users/a/Ayanami/code/TSP/data/classic/tsplib/kroA150.tsp,polyak,120,polyak,120,26165.099490163495,26204.088753455533,26524
/Users/a/Ayanami/code/TSP/data/classic/tsplib/kroA150.tsp,polyak,121,polyak,121,26211.872110920503,26211.872110920503,26524
/Users/a/Ayanami/code/TSP/data/classic/tsplib/kroA150.tsp,polyak,122,polyak,122,26190.290377463411,26211.872110920503,26524
/Users/a/Ayanami/code/TSP/data/classic/tsplib/kroA150.tsp,polyak,123,polyak,123,26210.952589783625,26211.872110920503,26524
/Users/a/Ayanami/code/TSP/data/classic/tsplib/kroA150.tsp,polyak,124,polyak,124,26169.498428005729,26211.872110920503,26524
/Users/a/Ayanami/code/TSP/data/classic/tsplib/kroA150.tsp,polyak,125,polyak,125,26209.892144403846,26211.872110920503,26524
/Users/a/Ayanami/code/TSP/data/classic/tsplib/kroA150.tsp,polyak,126,polyak,126,26174.331918158539,26211.872110920503,26524
/Users/a/Ayanami/code/TSP/data/classic/tsplib/kroA150.tsp,polyak,127,polyak,127,26191.317186523025,26211.872110920503,26524
/Users/a/Ayanami/code/TSP/data/classic/tsplib/kroA150.tsp,polyak,128,polyak,128,26183.884754527928,26211.872110920503,26524
/Users/a/Ayanami/code/TSP/data/classic/tsplib/kroA150.tsp,polyak,129,polyak,129,26202.835965476992,26211.872110920503,26524
/Users/a/Ayanami/code/TSP/data/classic/tsplib/kroA150.tsp,polyak,130,polyak,130,26171.806064519613,26211.872110920503,26524
/Users/a/Ayanami/code/TSP/data/classic/tsplib/kroA150.tsp,polyak,131,polyak,131,26202.200426917723,26211.872110920503,26524
/Users/a/Ayanami/code/TSP/data/classic/tsplib/kroA150.tsp,polyak,132,polyak,132,26191.771701959475,26211.872110920503,26524
/Users/a/Ayanami/code/TSP/data/classic/tsplib/kroA150.tsp,polyak,133,polyak,133,26185.747770769038,26211.872110920503,26524
/Users/a/Ayanami/code/TSP/data/classic/tsplib/kroA150.tsp,polyak,134,polyak,134,26202.098654963458,26211.872110920503,26524
/Users/a/Ayanami/code/TSP/data/classic/tsplib/kroA150.tsp,polyak,135,polyak,135,26212.146680219619,26212.146680219619,26524
/Users/a/Ayanami/code/TSP/data/classic/tsplib/kroA150.tsp,polyak,136,polyak,136,26229.57067668614,26229.57067668614,26524
/Users/a/Ayanami/code/TSP/data/classic/tsplib/kroA150.tsp,polyak,137,polyak,137,26214.732306447673,26229.57067668614,26524
/Users/a/Ayanami/code/TSP/data/classic/tsplib/kroA150.tsp,polyak,138,polyak,138,26231.258344246056,26231.258344246056,26524
/Users/a/Ayanami/code/TSP/data/classic/tsplib/kroA150.tsp,polyak,139,polyak,139,26232.300789498968,26232.300789498968,26524
/Users/a/Ayanami/code/TSP/data/classic/tsplib/kroA150.tsp,polyak,140,polyak,140,26226.670569107529,26232.300789498968,26524
/Users/a/Ayanami/code/TSP/data/classic/tsplib/kroA150.tsp,polyak,141,polyak,141,26229.424355295094,26232.300789498968,26524
/Users/a/Ayanami/code/TSP/data/classic/tsplib/kroA150.tsp,polyak,142,polyak,142,26234.247953874954,26234.247953874954,26524
/Users/a/Ayanami/code/TSP/data/classic/tsplib/kroA150.tsp,polyak,143,polyak,143,26234.182576790496,26234.247953874954,26524
/Users/a/Ayanami/code/TSP/data/classic/tsplib/kroA150.tsp,polyak,144,polyak,144,26222.202929823652,26234.247953874954,26524
/Users/a/Ayanami/code/TSP/data/classic/tsplib/kroA150.tsp,polyak,145,polyak,145,26229.839306042017,26234.247953874954,26524
/Users/a/Ayanami/code/TSP/data/classic/tsplib/kroA150.tsp,polyak,146,polyak,146,26224.399308027154,26234.247953874954,26524
/Users/a/Ayanami/code/TSP/data/classic/tsplib/kroA150.tsp,polyak,147,polyak,147,26238.387865392309,26238.387865392309,26524
/Users/a/Ayanami/code/TSP/data/classic/tsplib/kroA150.tsp,polyak,148,polyak,148,26210.950457982006,26238.387865392309,26524
/Users/a/Ayanami/code/TSP/data/classic/tsplib/kroA150.tsp,polyak,149,polyak,149,26237.438697071022,26238.387865392309,26524
/Users/a/Ayanami/code/TSP/data/classic/tsplib/kroA150.tsp,polyak,150,polyak,150,26230.812952200475,26238.387865392309,26524
/Users/a/Ayanami/code/TSP/data/classic/tsplib/kroA150.tsp,polyak,151,polyak,151,26231.952123234307,26238.387865392309,26524
/Users/a/Ayanami/code/TSP/data/classic/tsplib/kroA150.tsp,polyak,152,polyak,152,26236.419119847513,26238.387865392309,26524
/Users/a/Ayanami/code/TSP/data/classic/tsplib/kroA150.tsp,polyak,153,polyak,153,26224.327331367043,26238.387865392309,26524
/Users/a/Ayanami/code/TSP/data/classic/tsplib/kroA150.tsp,polyak,154,polyak,154,26231.018692446276,26238.387865392309,26524
/Users/a/Ayanami/code/TSP/data/classic/tsplib/kroA150.tsp,polyak,155,polyak,155,26223.0733164474,26238.387865392309,26524
/Users/a/Ayanami/code/TSP/data/classic/tsplib/kroA150.tsp,polyak,156,polyak,156,26234.412796308559,26238.387865392309,26524
/Users/a/Ayanami/code/TSP/data/classic/tsplib/kroA150.tsp,polyak,157,polyak,157,26212.484507697238,26238.387865392309,26524
/Users/a/Ayanami/code/TSP/data/classic/tsplib/kroA150.tsp,polyak,158,polyak,158,26238.901907758896,26238.901907758896,26524
/Users/a/Ayanami/code/TSP/data/classic/tsplib/kroA150.tsp,polyak,159,polyak,159,26210.448053931923,26238.901907758896,26524
/Users/a/Ayanami/code/TSP/data/classic/tsplib/kroA150.tsp,polyak,160,polyak,160,26236.484379748581,26238.901907758896,26524
/Users/a/Ayanami/code/TSP/data/classic/tsplib/kroA150.tsp,polyak,161,polyak,161,26223.60560785051,26238.901907758896,26524
/Users/a/Ayanami/code/TSP/data/classic/tsplib/kroA150.tsp,polyak,162,polyak,162,26230.169103119366,26238.901907758896,26524
/Users/a/Ayanami/code/TSP/data/classic/tsplib/kroA150.tsp,polyak,163,polyak,163,26230.43570135186,26238.901907758896,26524
/Users/a/Ayanami/code/TSP/data/classic/tsplib/kroA150.tsp,polyak,164,polyak,164,26233.668407313176,26238.901907758896,26524
/Users/a/Ayanami/code/TSP/data/classic/tsplib/kroA150.tsp,polyak,165,polyak,165,26231.982229045676,26238.901907758896,26524
/Users/a/Ayanami/code/TSP/data/classic/tsplib/kroA150.tsp,polyak,166,polyak,166,26234.18680434634,26238.901907758896,26524
/Users/a/Ayanami/code/TSP/data/classic/tsplib/kroA150.tsp,polyak,167,polyak,167,26232.660735111185,26238.901907758896,26524
/Users/a/Ayanami/code/TSP/data/classic/tsplib/kroA150.tsp,polyak,168,polyak,168,26234.678690900368,26238.901907758896,26524
/Users/a/Ayanami/code/TSP/data/classic/tsplib/kroA150.tsp,polyak,169,polyak,169,26227.150477914787,26238.901907758896,26524
/Users/a/Ayanami/code/TSP/data/classic/tsplib/kroA150.tsp,polyak,170,polyak,170,26222.120655093626,26238.901907758896,26524
/Users/a/Ayanami/code/TSP/data/classic/tsplib/kroA150.tsp,polyak,171,polyak,171,26242.040837318731,26242.040837318731,26524
/Users/a/Ayanami/code/TSP/data/classic/tsplib/kroA150.tsp,polyak,172,polyak,172,26252.735074068787,26252.735074068787,26524
/Users/a/Ayanami/code/TSP/data/classic/tsplib/kroA150.tsp,polyak,173,polyak,173,26239.708413578945,26252.735074068787,26524
/Users/a/Ayanami/code/TSP/data/classic/tsplib/kroA150.tsp,polyak,174,polyak,174,26249.253082466425,26252.735074068787,26524
/Users/a/Ayanami/code/TSP/data/classic/tsplib/kroA150.tsp,polyak,175,polyak,175,26252.351883092902,26252.735074068787,26524
/Users/a/Ayanami/code/TSP/data/classic/tsplib/kroA150.tsp,polyak,176,polyak,176,26249.325656262994,26252.735074068787,26524
/Users/a/Ayanami/code/TSP/data/classic/tsplib/kroA150.tsp,polyak,177,polyak,177,26246.687970388637,26252.735074068787,26524
/Users/a/Ayanami/code/TSP/data/classic/tsplib/kroA150.tsp,polyak,178,polyak,178,26250.664109121371,26252.735074068787,26524
/Users/a/Ayanami/code/TSP/data/classic/tsplib/kroA150.tsp,polyak,179,polyak,179,26248.331534243305,26252.735074068787,26524
/Users/a/Ayanami/code/TSP/data/classic/tsplib/kroA150.tsp,polyak,180,polyak,180,26253.605353724917,26253.605353724917,26524
/Users/a/Ayanami/code/TSP/data/classic/tsplib/kroA150.tsp,polyak,181,polyak,181,26245.949096325436,26253.605353724917,26524
/Users/a/Ayanami/code/TSP/data/classic/tsplib/kroA150.tsp,polyak,182,polyak,182,26247.389028165369,26253.605353724917,26524
/Users/a/Ayanami/code/TSP/data/classic/tsplib/kroA150.tsp,polyak,183,polyak,183,26245.680721999539,26253.605353724917,26524
/Users/a/Ayanami/code/TSP/data/classic/tsplib/kroA150.tsp,polyak,184,polyak,184,26247.951131564158,26253.605353724917,26524
/Users/a/Ayanami/code/TSP/data/classic/tsplib/kroA150.tsp,polyak,185,polyak,185,26250.07572456824,26253.605353724917,26524
/Users/a/Ayanami/code/TSP/data/classic/tsplib/kroA150.tsp,polyak,186,polyak,186,26245.11721391531,26253.605353724917,26524
/Users/a/Ayanami/code/TSP/data/classic/tsplib/kroA150.tsp,polyak,187,polyak,187,26246.324389318244,26253.605353724917,26524
/Users/a/Ayanami/code/TSP/data/classic/tsplib/kroA150.tsp,polyak,188,polyak,188,26251.555276511433,26253.605353724917,26524
/Users/a/Ayanami/code/TSP/data/classic/tsplib/kroA150.tsp,polyak,189,polyak,189,26248.296961862983,26253.605353724917,26524
/Users/a/Ayanami/code/TSP/data/classic/tsplib/kroA150.tsp,polyak,190,polyak,190,26256.082018734021,26256.082018734021,26524
/Users/a/Ayanami/code/TSP/data/classic/tsplib/kroA150.tsp,polyak,191,polyak,191,26243.680784667798,26256.082018734021,26524
/Users/a/Ayanami/code/TSP/data/classic/tsplib/kroA150.tsp,polyak,192,polyak,192,26252.979533601327,26256.082018734021,26524
/Users/a/Ayanami/code/TSP/data/classic/tsplib/kroA150.tsp,polyak,193,polyak,193,26238.634338629847,26256.082018734021,26524
/Users/a/Ayanami/code/TSP/data/classic/tsplib/kroA150.tsp,polyak,194,polyak,194,26256.706244736666,26256.706244736666,26524
/Users/a/Ayanami/code/TSP/data/classic/tsplib/kroA150.tsp,polyak,195,polyak,195,26248.426143261939,26256.706244736666,26524
/Users/a/Ayanami/code/TSP/data/classic/tsplib/kroA150.tsp,polyak,196,polyak,196,26255.564273324126,26256.706244736666,26524
/Users/a/Ayanami/code/TSP/data/classic/tsplib/kroA150.tsp,polyak,197,polyak,197,26241.521753854271,26256.706244736666,26524
/Users/a/Ayanami/code/TSP/data/classic/tsplib/kroA150.tsp,polyak,198,polyak,198,26255.22749187045,26256.706244736666,26524
/Users/a/Ayanami/code/TSP/data/classic/tsplib/kroA150.tsp,polyak,199,polyak,199,26254.01893197458,26256.706244736666,26524
/Users/a/Ayanami/code/TSP/data/classic/tsplib/kroA150.tsp,polyak,200,polyak,200,26253.195176802295,26256.706244736666,26524
/Users/a/Ayanami/code/TSP/data/classic/tsplib/kroA150.tsp,polyak,201,polyak,201,26252.734207795715,26256.706244736666,26524
/Users/a/Ayanami/code/TSP/data/classic/tsplib/kroA150.tsp,polyak,202,polyak,202,26252.991040330806,26256.706244736666,26524
/Users/a/Ayanami/code/TSP/data/classic/tsplib/kroA150.tsp,polyak,203,polyak,203,26244.995183006224,26256.706244736666,26524
/Users/a/Ayanami/code/TSP/data/classic/tsplib/kroA150.tsp,polyak,204,polyak,204,26256.8107561781,26256.8107561781,26524
/Users/a/Ayanami/code/TSP/data/classic/tsplib/kroA150.tsp,polyak,205,polyak,205,26240.186438716384,26256.8107561781,26524
/Users/a/Ayanami/code/TSP/data/classic/tsplib/kroA150.tsp,polyak,206,polyak,206,26254.556259260422,26256.8107561781,26524
/Users/a/Ayanami/code/TSP/data/classic/tsplib/kroA150.tsp,polyak,207,polyak,207,26245.720059897474,26256.8107561781,26524
/Users/a/Ayanami/code/TSP/data/classic/tsplib/kroA150.tsp,polyak,208,polyak,208,26257.982936595956,26257.982936595956,26524
/Users/a/Ayanami/code/TSP/data/classic/tsplib/kroA150.tsp,polyak,209,polyak,209,26246.189937078616,26257.982936595956,26524
/Users/a/Ayanami/code/TSP/data/classic/tsplib/kroA150.tsp,polyak,210,polyak,210,26255.780232133686,26257.982936595956,26524
/Users/a/Ayanami/code/TSP/data/classic/tsplib/kroA150.tsp,polyak,211,polyak,211,26251.110039515359,26257.982936595956,26524
/Users/a/Ayanami/code/TSP/data/classic/tsplib/kroA150.tsp,polyak,212,polyak,212,26251.685219997162,26257.982936595956,26524
/Users/a/Ayanami/code/TSP/data/classic/tsplib/kroA150.tsp,polyak,213,polyak,213,26252.839197615114,26257.982936595956,26524
/Users/a/Ayanami/code/TSP/data/classic/tsplib/kroA150.tsp,polyak,214,polyak,214,26250.851625871284,26257.982936595956,26524
/Users/a/Ayanami/code/TSP/data/classic/tsplib/kroA150.tsp,polyak,215,polyak,215,26250.337576134709,26257.982936595956,26524
/Users/a/Ayanami/code/TSP/data/classic/tsplib/kroA150.tsp,polyak,216,polyak,216,26252.738941539272,26257.982936595956,26524
/Users/a/Ayanami/code/TSP/data/classic/tsplib/kroA150.tsp,polyak,217,polyak,217,26256.464949868947,26257.982936595956,26524
/Users/a/Ayanami/code/TSP/data/classic/tsplib/kroA150.tsp,polyak,218,polyak,218,26245.882607621501,26257.982936595956,26524
/Users/a/Ayanami/code/TSP/data/classic/tsplib/kroA150.tsp,polyak,219,polyak,219,26254.046049665634,26257.982936595956,26524
/Users/a/Ayanami/code/TSP/data/classic/tsplib/kroA150.tsp,polyak,220,polyak,220,26251.63114920726,26257.982936595956,26524
/Users/a/Ayanami/code/TSP/data/classic/tsplib/kroA150.tsp,polyak,221,polyak,221,26258.39300647454,26258.39300647454,26524
/Users/a/Ayanami/code/TSP/data/classic/tsplib/kroA150.tsp,polyak,222,polyak,222,26260.294096795678,26260.294096795678,26524
/Users/a/Ayanami/code/TSP/data/classic/tsplib/kroA150.tsp,polyak,223,polyak,223,26261.161031960968,26261.161031960968,26524
/Users/a/Ayanami/code/TSP/data/classic/tsplib/kroA150.tsp,polyak,224,polyak,224,26258.699216909972,26261.161031960968,26524
/Users/a/Ayanami/code/TSP/data/classic/tsplib/kroA150.tsp,polyak,225,polyak,225,26260.425458080055,26261.161031960968,26524
/Users/a/Ayanami/code/TSP/data/classic/tsplib/kroA150.tsp,polyak,226,polyak,226,26258.003289168599,26261.161031960968,26524
/Users/a/Ayanami/code/TSP/data/classic/tsplib/kroA150.tsp,polyak,227,polyak,227,26264.417082454391,26264.417082454391,26524
/Users/a/Ayanami/code/TSP/data/classic/tsplib/kroA150.tsp,polyak,228,polyak,228,26257.962592866421,26264.417082454391,26524
/Users/a/Ayanami/code/TSP/data/classic/tsplib/kroA150.tsp,polyak,229,polyak,229,26261.951925978461,26264.417082454391,26524
/Users/a/Ayanami/code/TSP/data/classic/tsplib/kroA150.tsp,polyak,230,polyak,230,26259.321966173153,26264.417082454391,26524
/Users/a/Ayanami/code/TSP/data/classic/tsplib/kroA150.tsp,polyak,231,polyak,231,26262.647492017109,26264.417082454391,26524
/Users/a/Ayanami/code/TSP/data/classic/tsplib/kroA150.tsp,polyak,232,polyak,232,26258.488590100202,26264.417082454391,26524
/Users/a/Ayanami/code/TSP/data/classic/tsplib/kroA150.tsp,polyak,233,polyak,233,26264.548551544704,26264.548551544704,26524
/Users/a/Ayanami/code/TSP/data/classic/tsplib/kroA150.tsp,polyak,234,polyak,234,26258.75549144451,26264.548551544704,26524
/Users/a/Ayanami/code/TSP/data/classic/tsplib/kroA150.tsp,polyak,235,polyak,235,26263.25956110964,26264.548551544704,26524
/Users/a/Ayanami/code/TSP/data/classic/tsplib/kroA150.tsp,polyak,236,polyak,236,26259.087640363243,26264.548551544704,26524
/Users/a/Ayanami/code/TSP/data/classic/tsplib/kroA150.tsp,polyak,237,polyak,237,26260.658937524371,26264.548551544704,26524
/Users/a/Ayanami/code/TSP/data/classic/tsplib/kroA150.tsp,polyak,238,polyak,238,26261.643532847458,26264.548551544704,26524
/Users/a/Ayanami/code/TSP/data/classic/tsplib/kroA150.tsp,polyak,239,polyak,239,26263.869896856158,26264.548551544704,26524
/Users/a/Ayanami/code/TSP/data/classic/tsplib/kroA150.tsp,polyak,240,polyak,240,26263.540910597807,26264.548551544704,26524
/Users/a/Ayanami/code/TSP/data/classic/tsplib/kroA150.tsp,polyak,241,polyak,241,26263.43853263155,26264.548551544704,26524
/Users/a/Ayanami/code/TSP/data/classic/tsplib/kroA150.tsp,polyak,242,polyak,242,26262.872611736228,26264.548551544704,26524
/Users/a/Ayanami/code/TSP/data/classic/tsplib/kroA150.tsp,polyak,243,polyak,243,26260.733543678725,26264.548551544704,26524
/Users/a/Ayanami/code/TSP/data/classic/tsplib/kroA150.tsp,polyak,244,polyak,244,26263.121134644538,26264.548551544704,26524
/Users/a/Ayanami/code/TSP/data/classic/tsplib/kroA150.tsp,polyak,245,polyak,245,26257.0450178549,26264.548551544704,26524
/Users/a/Ayanami/code/TSP/data/classic/tsplib/kroA150.tsp,polyak,246,polyak,246,26264.483150052482,26264.548551544704,26524
/Users/a/Ayanami/code/TSP/data/classic/tsplib/kroA150.tsp,polyak,247,polyak,247,26267.037430342243,26267.037430342243,26524
/Users/a/Ayanami/code/TSP/data/classic/tsplib/kroA150.tsp,polyak,248,polyak,248,26262.888642122569,26267.037430342243,26524
/Users/a/Ayanami/code/TSP/data/classic/tsplib/kroA150.tsp,polyak,249,polyak,249,26266.367776908643,26267.037430342243,26524
/Users/a/Ayanami/code/TSP/data/classic/tsplib/kroA150.tsp,polyak,250,polyak,250,26265.553646695484,26267.037430342243,26524
/Users/a/Ayanami/code/TSP/data/classic/tsplib/kroA150.tsp,polyak,251,polyak,251,26266.905155356384,26267.037430342243,26524
/Users/a/Ayanami/code/TSP/data/classic/tsplib/kroA150.tsp,polyak,252,polyak,252,26265.239531436135,26267.037430342243,26524
/Users/a/Ayanami/code/TSP/data/classic/tsplib/kroA150.tsp,polyak,253,polyak,253,26266.699582330075,26267.037430342243,26524
/Users/a/Ayanami/code/TSP/data/classic/tsplib/kroA150.tsp,polyak,254,polyak,254,26264.441015992703,26267.037430342243,26524
/Users/a/Ayanami/code/TSP/data/classic/tsplib/kroA150.tsp,polyak,255,polyak,255,26267.621171408369,26267.621171408369,26524
/Users/a/Ayanami/code/TSP/data/classic/tsplib/kroA150.tsp,polyak,256,polyak,256,26263.834586889498,26267.621171408369,26524
/Users/a/Ayanami/code/TSP/data/classic/tsplib/kroA150.tsp,polyak,257,polyak,257,26267.004032568962,26267.621171408369,26524
/Users/a/Ayanami/code/TSP/data/classic/tsplib/kroA150.tsp,polyak,258,polyak,258,26265.531649683231,26267.621171408369,26524
/Users/a/Ayanami/code/TSP/data/classic/tsplib/kroA150.tsp,polyak,259,polyak,259,26267.393886889371,26267.621171408369,26524
/Users/a/Ayanami/code/TSP/data/classic/tsplib/kroA150.tsp,polyak,260,polyak,260,26263.668096592242,26267.621171408369,26524
/Users/a/Ayanami/code/TSP/data/classic/tsplib/kroA150.tsp,polyak,261,polyak,261,26267.318616412053,26267.621171408369,26524
/Users/a/Ayanami/code/TSP/data/classic/tsplib/kroA150.tsp,polyak,262,polyak,262,26267.421517411203,26267.621171408369,26524
/Users/a/Ayanami/code/TSP/data/classic/tsplib/kroA150.tsp,polyak,263,polyak,263,26263.72385849473,26267.621171408369,26524
/Users/a/Ayanami/code/TSP/data/classic/tsplib/kroA150.tsp,polyak,264,polyak,264,26266.249160161886,26267.621171408369,26524
/Users/a/Ayanami/code/TSP/data/classic/tsplib/kroA150.tsp,polyak,265,polyak,265,26265.930583779242,26267.621171408369,26524
/Users/a/Ayanami/code/TSP/data/classic/tsplib/kroA150.tsp,polyak,266,polyak,266,26266.502469396655,26267.621171408369,26524
/Users/a/Ayanami/code/TSP/data/classic/tsplib/kroA150.tsp,polyak,267,polyak,267,26267.191468140551,26267.621171408369,26524
/Users/a/Ayanami/code/TSP/data/classic/tsplib/kroA150.tsp,polyak,268,polyak,268,26266.513557416991,26267.621171408369,26524
/Users/a/Ayanami/code/TSP/data/classic/tsplib/kroA150.tsp,polyak,269,polyak,269,26268.417025017166,26268.417025017166,26524
/Users/a/Ayanami/code/TSP/data/classic/tsplib/kroA150.tsp,polyak,270,polyak,270,26267.773929114934,26268.417025017166,26524
/Users/a/Ayanami/code/TSP/data/classic/tsplib/kroA150.tsp,polyak,271,polyak,271,26268.663800181061,26268.663800181061,26524
/Users/a/Ayanami/code/TSP/data/classic/tsplib/kroA150.tsp,polyak,272,polyak,272,26267.144263138634,26268.663800181061,26524
/Users/a/Ayanami/code/TSP/data/classic/tsplib/kroA150.tsp,polyak,273,polyak,273,26268.656019615057,26268.663800181061,26524
/Users/a/Ayanami/code/TSP/data/classic/tsplib/kroA150.tsp,polyak,274,polyak,274,26267.845447617608,26268.663800181061,26524
/Users/a/Ayanami/code/TSP/data/classic/tsplib/kroA150.tsp,polyak,275,polyak,275,26268.511042254922,26268.663800181061,26524
/Users/a/Ayanami/code/TSP/data/classic/tsplib/kroA150.tsp,polyak,276,polyak,276,26267.438230193166,26268.663800181061,26524
/Users/a/Ayanami/code/TSP/data/classic/tsplib/kroA150.tsp,polyak,277,polyak,277,26269.283341197053,26269.283341197053,26524
/Users/a/Ayanami/code/TSP/data/classic/tsplib/kroA150.tsp,polyak,278,polyak,278,26267.401360320073,26269.283341197053,26524
/Users/a/Ayanami/code/TSP/data/classic/tsplib/kroA150.tsp,polyak,279,polyak,279,26268.739047368148,26269.283341197053,26524
/Users/a/Ayanami/code/TSP/data/classic/tsplib/kroA150.tsp,polyak,280,polyak,280,26268.871297406575,26269.283341197053,26524
/Users/a/Ayanami/code/TSP/data/classic/tsplib/kroA150.tsp,polyak,281,polyak,281,26268.550344496078,26269.283341197053,26524
/Users/a/Ayanami/code/TSP/data/classic/tsplib/kroA150.tsp,polyak,282,polyak,282,26268.627143254955,26269.283341197053,26524
/Users/a/Ayanami/code/TSP/data/classic/tsplib/kroA150.tsp,polyak,283,polyak,283,26268.694303909251,26269.283341197053,26524
/Users/a/Ayanami/code/TSP/data/classic/tsplib/kroA150.tsp,polyak,284,polyak,284,26268.613497857103,26269.283341197053,26524
/Users/a/Ayanami/code/TSP/data/classic/tsplib/kroA150.tsp,polyak,285,polyak,285,26268.870529124728,26269.283341197053,26524
/Users/a/Ayanami/code/TSP/data/classic/tsplib/kroA150.tsp,polyak,286,polyak,286,26268.892009368861,26269.283341197053,26524
/Users/a/Ayanami/code/TSP/data/classic/tsplib/kroA150.tsp,polyak,287,polyak,287,26269.76195421891,26269.76195421891,26524
/Users/a/Ayanami/code/TSP/data/classic/tsplib/kroA150.tsp,polyak,288,polyak,288,26267.132863012648,26269.76195421891,26524
/Users/a/Ayanami/code/TSP/data/classic/tsplib/kroA150.tsp,polyak,289,polyak,289,26269.409071485625,26269.76195421891,26524
/Users/a/Ayanami/code/TSP/data/classic/tsplib/kroA150.tsp,polyak,290,polyak,290,26268.511392506862,26269.76195421891,26524
/Users/a/Ayanami/code/TSP/data/classic/tsplib/kroA150.tsp,polyak,291,polyak,291,26269.47880727578,26269.76195421891,26524
/Users/a/Ayanami/code/TSP/data/classic/tsplib/kroA150.tsp,polyak,292,polyak,292,26267.021920068459,26269.76195421891,26524
/Users/a/Ayanami/code/TSP/data/classic/tsplib/kroA150.tsp,polyak,293,polyak,293,26268.5203399046,26269.76195421891,26524
/Users/a/Ayanami/code/TSP/data/classic/tsplib/kroA150.tsp,polyak,294,polyak,294,26269.527146185192,26269.76195421891,26524
/Users/a/Ayanami/code/TSP/data/classic/tsplib/kroA150.tsp,polyak,295,polyak,295,26269.12208813804,26269.76195421891,26524
/Users/a/Ayanami/code/TSP/data/classic/tsplib/kroA150.tsp,polyak,296,polyak,296,26269.47336432778,26269.76195421891,26524
/Users/a/Ayanami/code/TSP/data/classic/tsplib/kroA150.tsp,polyak,297,polyak,297,26267.089708028288,26269.76195421891,26524
/Users/a/Ayanami/code/TSP/data/classic/tsplib/kroA150.tsp,polyak,298,polyak,298,26269.0249315863,26269.76195421891,26524
/Users/a/Ayanami/code/TSP/data/classic/tsplib/kroA150.tsp,polyak,299,polyak,299,26269.036830741308,26269.76195421891,26524
/Users/a/Ayanami/code/TSP/data/classic/tsplib/kroA150.tsp,polyak,300,polyak,300,26269.705275903321,26269.76195421891,26524
/Users/a/Ayanami/code/TSP/data/classic/tsplib/kroA150.tsp,polyak,301,polyak,301,26270.369216425359,26270.369216425359,26524
/Users/a/Ayanami/code/TSP/data/classic/tsplib/kroA150.tsp,polyak,302,polyak,302,26268.870807731033,26270.369216425359,26524
/Users/a/Ayanami/code/TSP/data/classic/tsplib/kroA150.tsp,polyak,303,polyak,303,26269.786644409007,26270.369216425359,26524
/Users/a/Ayanami/code/TSP/data/classic/tsplib/kroA150.tsp,polyak,304,polyak,304,26270.531781400845,26270.531781400845,26524
/Users/a/Ayanami/code/TSP/data/classic/tsplib/kroA150.tsp,polyak,305,polyak,305,26269.807098123201,26270.531781400845,26524
/Users/a/Ayanami/code/TSP/data/classic/tsplib/kroA150.tsp,polyak,306,polyak,306,26270.39400281644,26270.531781400845,26524
/Users/a/Ayanami/code/TSP/data/classic/tsplib/kroA150.tsp,polyak,307,polyak,307,26269.732962339516,26270.531781400845,26524
/Users/a/Ayanami/code/TSP/data/classic/tsplib/kroA150.tsp,polyak,308,polyak,308,26270.134353725258,26270.531781400845,26524
/Users/a/Ayanami/code/TSP/data/classic/tsplib/kroA150.tsp,polyak,309,polyak,309,26270.393283591333,26270.531781400845,26524
/Users/a/Ayanami/code/TSP/data/classic/tsplib/kroA150.tsp,polyak,310,polyak,310,26269.904121779338,26270.531781400845,26524
/Users/a/Ayanami/code/TSP/data/classic/tsplib/kroA150.tsp,polyak,311,polyak,311,26270.30804047182,26270.531781400845,26524
/Users/a/Ayanami/code/TSP/data/classic/tsplib/kroA150.tsp,polyak,312,polyak,312,26270.101187823795,26270.531781400845,26524
/Users/a/Ayanami/code/TSP/data/classic/tsplib/kroA150.tsp,polyak,313,polyak,313,26270.459117267379,26270.531781400845,26524
/Users/a/Ayanami/code/TSP/data/classic/tsplib/kroA150.tsp,polyak,314,polyak,314,26270.409652416191,26270.531781400845,26524
/Users/a/Ayanami/code/TSP/data/classic/tsplib/kroA150.tsp,polyak,315,polyak,315,26269.733486229528,26270.531781400845,26524
/Users/a/Ayanami/code/TSP/data/classic/tsplib/kroA150.tsp,polyak,316,polyak,316,26270.356395484199,26270.531781400845,26524
/Users/a/Ayanami/code/TSP/data/classic/tsplib/kroA150.tsp,polyak,317,polyak,317,26270.260640403696,26270.531781400845,26524
/Users/a/Ayanami/code/TSP/data/classic/tsplib/kroA150.tsp,polyak,318,polyak,318,26270.753499527669,26270.753499527669,26524
/Users/a/Ayanami/code/TSP/data/classic/tsplib/kroA150.tsp,polyak,319,polyak,319,26270.917138518929,26270.917138518929,26524
/Users/a/Ayanami/code/TSP/data/classic/tsplib/kroA150.tsp,polyak,320,polyak,320,26270.679858264008,26270.917138518929,26524
/Users/a/Ayanami/code/TSP/data/classic/tsplib/kroA150.tsp,polyak,321,polyak,321,26271.013610380345,26271.013610380345,26524
/Users/a/Ayanami/code/TSP/data/classic/tsplib/kroA150.tsp,polyak,322,polyak,322,26270.12707181873,26271.013610380345,26524
/Users/a/Ayanami/code/TSP/data/classic/tsplib/kroA150.tsp,polyak,323,polyak,323,26270.621215474632,26271.013610380345,26524
/Users/a/Ayanami/code/TSP/data/classic/tsplib/kroA150.tsp,polyak,324,polyak,324,26270.991373803619,26271.013610380345,26524
/Users/a/Ayanami/code/TSP/data/classic/tsplib/kroA150.tsp,polyak,325,polyak,325,26270.580666576829,26271.013610380345,26524
/Users/a/Ayanami/code/TSP/data/classic/tsplib/kroA150.tsp,polyak,326,polyak,326,26271.086802517642,26271.086802517642,26524
/Users/a/Ayanami/code/TSP/data/classic/tsplib/kroA150.tsp,polyak,327,polyak,327,26270.529373409903,26271.086802517642,26524
/Users/a/Ayanami/code/TSP/data/classic/tsplib/kroA150.tsp,polyak,328,polyak,328,26270.730714377831,26271.086802517642,26524
/Users/a/Ayanami/code/TSP/data/classic/tsplib/kroA150.tsp,polyak,329,polyak,329,26270.994964779693,26271.086802517642,26524
/Users/a/Ayanami/code/TSP/data/classic/tsplib/kroA150.tsp,polyak,330,polyak,330,26270.891620983442,26271.086802517642,26524
/Users/a/Ayanami/code/TSP/data/classic/tsplib/kroA150.tsp,polyak,331,polyak,331,26270.76969638887,26271.086802517642,26524
/Users/a/Ayanami/code/TSP/data/classic/tsplib/kroA150.tsp,polyak,332,polyak,332,26271.086190968796,26271.086802517642,26524
/Users/a/Ayanami/code/TSP/data/classic/tsplib/kroA150.tsp,polyak,333,polyak,333,26270.735822298124,26271.086802517642,26524
/Users/a/Ayanami/code/TSP/data/classic/tsplib/kroA150.tsp,polyak,334,polyak,334,26271.066275023375,26271.086802517642,26524
/Users/a/Ayanami/code/TSP/data/classic/tsplib/kroA150.tsp,polyak,335,polyak,335,26270.963207613189,26271.086802517642,26524
/Users/a/Ayanami/code/TSP/data/classic/tsplib/kroA150.tsp,polyak,336,polyak,336,26270.874815371892,26271.086802517642,26524
/Users/a/Ayanami/code/TSP/data/classic/tsplib/kroA150.tsp,polyak,337,polyak,337,26271.084621591104,26271.086802517642,26524
/Users/a/Ayanami/code/TSP/data/classic/tsplib/kroA150.tsp,polyak,338,polyak,338,26271.08377833194,26271.086802517642,26524
/Users/a/Ayanami/code/TSP/data/classic/tsplib/kroA150.tsp,polyak,339,polyak,339,26270.540619638745,26271.086802517642,26524
/Users/a/Ayanami/code/TSP/data/classic/tsplib/kroA150.tsp,polyak,340,polyak,340,26270.872811474735,26271.086802517642,26524
/Users/a/Ayanami/code/TSP/data/classic/tsplib/kroA150.tsp,polyak,341,polyak,341,26271.142098533008,26271.142098533008,26524
/Users/a/Ayanami/code/TSP/data/classic/tsplib/kroA150.tsp,polyak,342,polyak,342,26271.181900650779,26271.181900650779,26524
/Users/a/Ayanami/code/TSP/data/classic/tsplib/kroA150.tsp,polyak,343,polyak,343,26271.285484428234,26271.285484428234,26524
/Users/a/Ayanami/code/TSP/data/classic/tsplib/kroA150.tsp,polyak,344,polyak,344,26271.199535293323,26271.285484428234,26524
/Users/a/Ayanami/code/TSP/data/classic/tsplib/kroA150.tsp,polyak,345,polyak,345,26271.162320325344,26271.285484428234,26524
/Users/a/Ayanami/code/TSP/data/classic/tsplib/kroA150.tsp,polyak,346,polyak,346,26271.267947356962,26271.285484428234,26524
/Users/a/Ayanami/code/TSP/data/classic/tsplib/kroA150.tsp,polyak,347,polyak,347,26271.271914599274,26271.285484428234,26524
/Users/a/Ayanami/code/TSP/data/classic/tsplib/kroA150.tsp,polyak,348,polyak,348,26271.251464967045,26271.285484428234,26524
/Users/a/Ayanami/code/TSP/data/classic/tsplib/kroA150.tsp,polyak,349,polyak,349,26271.283165435641,26271.285484428234,26524
/Users/a/Ayanami/code/TSP/data/classic/tsplib/kroA150.tsp,polyak,350,polyak,350,26271.356645249121,26271.356645249121,26524
/Users/a/Ayanami/code/TSP/data/classic/tsplib/kroA150.tsp,polyak,351,polyak,351,26271.231118578904,26271.356645249121,26524
/Users/a/Ayanami/code/TSP/data/classic/tsplib/kroA150.tsp,polyak,352,polyak,352,26271.204488604308,26271.356645249121,26524
/Users/a/Ayanami/code/TSP/data/classic/tsplib/kroA150.tsp,polyak,353,polyak,353,26271.270804257314,26271.356645249121,26524
/Users/a/Ayanami/code/TSP/data/classic/tsplib/kroA150.tsp,polyak,354,polyak,354,26271.320896370788,26271.356645249121,26524
/Users/a/Ayanami/code/TSP/data/classic/tsplib/kroA150.tsp,polyak,355,polyak,355,26271.447917315494,26271.447917315494,26524
/Users/a/Ayanami/code/TSP/data/classic/tsplib/kroA150.tsp,polyak,356,polyak,356,26271.207416929756,26271.447917315494,26524
/Users/a/Ayanami/code/TSP/data/classic/tsplib/kroA150.tsp,polyak,357,polyak,357,26271.374605957546,26271.447917315494,26524
/Users/a/Ayanami/code/TSP/data/classic/tsplib/kroA150.tsp,polyak,358,polyak,358,26271.192416325553,26271.447917315494,26524
/Users/a/Ayanami/code/TSP/data/classic/tsplib/kroA150.tsp,polyak,359,polyak,359,26271.336817069783,26271.447917315494,26524
/Users/a/Ayanami/code/TSP/data/classic/tsplib/kroA150.tsp,polyak,360,polyak,360,26271.179697775755,26271.447917315494,26524
/Users/a/Ayanami/code/TSP/data/classic/tsplib/kroA150.tsp,polyak,361,polyak,361,26271.434983508825,26271.447917315494,26524
/Users/a/Ayanami/code/TSP/data/classic/tsplib/kroA150.tsp,polyak,362,polyak,362,26271.318378261723,26271.447917315494,26524
/Users/a/Ayanami/code/TSP/data/classic/tsplib/kroA150.tsp,polyak,363,polyak,363,26271.475290735474,26271.475290735474,26524
/Users/a/Ayanami/code/TSP/data/classic/tsplib/kroA150.tsp,polyak,364,polyak,364,26271.278484674312,26271.475290735474,26524
/Users/a/Ayanami/code/TSP/data/classic/tsplib/kroA150.tsp,polyak,365,polyak,365,26271.512680084321,26271.512680084321,26524
/Users/a/Ayanami/code/TSP/data/classic/tsplib/kroA150.tsp,polyak,366,polyak,366,26271.103423382319,26271.512680084321,26524
/Users/a/Ayanami/code/TSP/data/classic/tsplib/kroA150.tsp,polyak,367,polyak,367,26271.349079382311,26271.512680084321,26524
/Users/a/Ayanami/code/TSP/data/classic/tsplib/kroA150.tsp,polyak,368,polyak,368,26271.418133892199,26271.512680084321,26524
/Users/a/Ayanami/code/TSP/data/classic/tsplib/kroA150.tsp,polyak,369,polyak,369,26271.311427850273,26271.512680084321,26524
/Users/a/Ayanami/code/TSP/data/classic/tsplib/kroA150.tsp,polyak,370,polyak,370,26271.46520567776,26271.512680084321,26524
/Users/a/Ayanami/code/TSP/data/classic/tsplib/kroA150.tsp,polyak,371,polyak,371,26271.441725235112,26271.512680084321,26524
/Users/a/Ayanami/code/TSP/data/classic/tsplib/kroA150.tsp,polyak,372,polyak,372,26271.44240147556,26271.512680084321,26524
/Users/a/Ayanami/code/TSP/data/classic/tsplib/kroA150.tsp,polyak,373,polyak,373,26271.280804542577,26271.512680084321,26524
/Users/a/Ayanami/code/TSP/data/classic/tsplib/kroA150.tsp,polyak,374,polyak,374,26271.4351298525,26271.512680084321,26524
/Users/a/Ayanami/code/TSP/data/classic/tsplib/kroA150.tsp,polyak,375,polyak,375,26271.392184340693,26271.512680084321,26524
/Users/a/Ayanami/code/TSP/data/classic/tsplib/kroA150.tsp,polyak,376,polyak,376,26271.454437674311,26271.512680084321,26524
/Users/a/Ayanami/code/TSP/data/classic/tsplib/kroA150.tsp,polyak,377,polyak,377,26271.489993130097,26271.512680084321,26524
/Users/a/Ayanami/code/TSP/data/classic/tsplib/kroA150.tsp,polyak,378,polyak,378,26271.331403782526,26271.512680084321,26524
/Users/a/Ayanami/code/TSP/data/classic/tsplib/kroA150.tsp,polyak,379,polyak,379,26271.489570101377,26271.512680084321,26524
/Users/a/Ayanami/code/TSP/data/classic/tsplib/kroA150.tsp,polyak,380,polyak,380,26271.563784157315,26271.563784157315,26524
/Users/a/Ayanami/code/TSP/data/classic/tsplib/kroA150.tsp,polyak,381,polyak,381,26271.500817000473,26271.563784157315,26524
/Users/a/Ayanami/code/TSP/data/classic/tsplib/kroA150.tsp,polyak,382,polyak,382,26271.575938012083,26271.575938012083,26524
/Users/a/Ayanami/code/TSP/data/classic/tsplib/kroA150.tsp,polyak,383,polyak,383,26271.431125937866,26271.575938012083,26524
/Users/a/Ayanami/code/TSP/data/classic/tsplib/kroA150.tsp,polyak,384,polyak,384,26271.560410126742,26271.575938012083,26524
/Users/a/Ayanami/code/TSP/data/classic/tsplib/kroA150.tsp,polyak,385,polyak,385,26271.561449867066,26271.575938012083,26524
/Users/a/Ayanami/code/TSP/data/classic/tsplib/kroA150.tsp,polyak,386,polyak,386,26271.5624033452,26271.575938012083,26524
/Users/a/Ayanami/code/TSP/data/classic/tsplib/kroA150.tsp,polyak,387,polyak,387,26271.558137489308,26271.575938012083,26524
/Users/a/Ayanami/code/TSP/data/classic/tsplib/kroA150.tsp,polyak,388,polyak,388,26271.607965584066,26271.607965584066,26524
/Users/a/Ayanami/code/TSP/data/classic/tsplib/kroA150.tsp,polyak,389,polyak,389,26271.433544925243,26271.607965584066,26524
/Users/a/Ayanami/code/TSP/data/classic/tsplib/kroA150.tsp,polyak,390,polyak,390,26271.593693913452,26271.607965584066,26524
/Users/a/Ayanami/code/TSP/data/classic/tsplib/kroA150.tsp,polyak,391,polyak,391,26271.557459651853,26271.607965584066,26524
/Users/a/Ayanami/code/TSP/data/classic/tsplib/kroA150.tsp,polyak,392,polyak,392,26271.607805480762,26271.607965584066,26524
/Users/a/Ayanami/code/TSP/data/classic/tsplib/kroA150.tsp,polyak,393,polyak,393,26271.538980983983,26271.607965584066,26524
/Users/a/Ayanami/code/TSP/data/classic/tsplib/kroA150.tsp,polyak,394,polyak,394,26271.562425053471,26271.607965584066,26524
/Users/a/Ayanami/code/TSP/data/classic/tsplib/kroA150.tsp,polyak,395,polyak,395,26271.641310046158,26271.641310046158,26524
/Users/a/Ayanami/code/TSP/data/classic/tsplib/kroA150.tsp,polyak,396,polyak,396,26271.545546149726,26271.641310046158,26524
/Users/a/Ayanami/code/TSP/data/classic/tsplib/kroA150.tsp,polyak,397,polyak,397,26271.653479791836,26271.653479791836,26524
/Users/a/Ayanami/code/TSP/data/classic/tsplib/kroA150.tsp,polyak,398,polyak,398,26271.467015298604,26271.653479791836,26524
/Users/a/Ayanami/code/TSP/data/classic/tsplib/kroA150.tsp,polyak,399,polyak,399,26271.599799546268,26271.653479791836,26524
/Users/a/Ayanami/code/TSP/data/classic/tsplib/kroA150.tsp,polyak,400,polyak,400,26271.620537032566,26271.653479791836,26524
/Users/a/Ayanami/code/TSP/data/classic/tsplib/kroA150.tsp,polyak,401,polyak,401,26271.580427261626,26271.653479791836,26524
/Users/a/Ayanami/code/TSP/data/classic/tsplib/kroA150.tsp,polyak,402,polyak,402,26271.660472634529,26271.660472634529,26524
/Users/a/Ayanami/code/TSP/data/classic/tsplib/kroA150.tsp,polyak,403,polyak,403,26271.605683352016,26271.660472634529,26524
/Users/a/Ayanami/code/TSP/data/classic/tsplib/kroA150.tsp,polyak,404,polyak,404,26271.658689673895,26271.660472634529,26524
/Users/a/Ayanami/code/TSP/data/classic/tsplib/kroA150.tsp,polyak,405,polyak,405,26271.499761013256,26271.660472634529,26524
/Users/a/Ayanami/code/TSP/data/classic/tsplib/kroA150.tsp,polyak,406,polyak,406,26271.634388201441,26271.660472634529,26524
/Users/a/Ayanami/code/TSP/data/classic/tsplib/kroA150.tsp,polyak,407,polyak,407,26271.587519377554,26271.660472634529,26524
/Users/a/Ayanami/code/TSP/data/classic/tsplib/kroA150.tsp,polyak,408,polyak,408,26271.6525226839,26271.660472634529,26524
/Users/a/Ayanami/code/TSP/data/classic/tsplib/kroA150.tsp,polyak,409,polyak,409,26271.560654162666,26271.660472634529,26524
/Users/a/Ayanami/code/TSP/data/classic/tsplib/kroA150.tsp,polyak,410,polyak,410,26271.69523958633,26271.69523958633,26524
/Users/a/Ayanami/code/TSP/data/classic/tsplib/kroA150.tsp,polyak,411,polyak,411,26271.585530134409,26271.69523958633,26524
/Users/a/Ayanami/code/TSP/data/classic/tsplib/kroA150.tsp,polyak,412,polyak,412,26271.661095430281,26271.69523958633,26524
/Users/a/Ayanami/code/TSP/data/classic/tsplib/kroA150.tsp,polyak,413,polyak,413,26271.606627594956,26271.69523958633,26524
/Users/a/Ayanami/code/TSP/data/classic/tsplib/kroA150.tsp,polyak,414,polyak,414,26271.655392758919,26271.69523958633,26524
/Users/a/Ayanami/code/TSP/data/classic/tsplib/kroA150.tsp,polyak,415,polyak,415,26271.622416864833,26271.69523958633,26524
/Users/a/Ayanami/code/TSP/data/classic/tsplib/kroA150.tsp,polyak,416,polyak,416,26271.674863875483,26271.69523958633,26524
/Users/a/Ayanami/code/TSP/data/classic/tsplib/kroA150.tsp,polyak,417,polyak,417,26271.594161525325,26271.69523958633,26524
/Users/a/Ayanami/code/TSP/data/classic/tsplib/kroA150.tsp,polyak,418,polyak,418,26271.671300850434,26271.69523958633,26524
/Users/a/Ayanami/code/TSP/data/classic/tsplib/kroA150.tsp,polyak,419,polyak,419,26271.662906243611,26271.69523958633,26524
/Users/a/Ayanami/code/TSP/data/classic/tsplib/kroA150.tsp,polyak,420,polyak,420,26271.681570951358,26271.69523958633,26524
/Users/a/Ayanami/code/TSP/data/classic/tsplib/kroA150.tsp,polyak,421,polyak,421,26271.600817044142,26271.69523958633,26524
/Users/a/Ayanami/code/TSP/data/classic/tsplib/kroA150.tsp,polyak,422,polyak,422,26271.632986524179,26271.69523958633,26524
/Users/a/Ayanami/code/TSP/data/classic/tsplib/kroA150.tsp,polyak,423,polyak,423,26271.63831989879,26271.69523958633,26524
/Users/a/Ayanami/code/TSP/data/classic/tsplib/kroA150.tsp,polyak,424,polyak,424,26271.708470819434,26271.708470819434,26524
/Users/a/Ayanami/code/TSP/data/classic/tsplib/kroA150.tsp,polyak,425,polyak,425,26271.728796500534,26271.728796500534,26524
/Users/a/Ayanami/code/TSP/data/classic/tsplib/kroA150.tsp,polyak,426,polyak,426,26271.680768744809,26271.728796500534,26524
/Users/a/Ayanami/code/TSP/data/classic/tsplib/kroA150.tsp,polyak,427,polyak,427,26271.728605472421,26271.728796500534,26524
/Users/a/Ayanami/code/TSP/data/classic/tsplib/kroA150.tsp,polyak,428,polyak,428,26271.654534545545,26271.728796500534,26524
/Users/a/Ayanami/code/TSP/data/classic/tsplib/kroA150.tsp,polyak,429,polyak,429,26271.734814113279,26271.734814113279,26524
/Users/a/Ayanami/code/TSP/data/classic/tsplib/kroA150.tsp,polyak,430,polyak,430,26271.740562335235,26271.740562335235,26524
/Users/a/Ayanami/code/TSP/data/classic/tsplib/kroA150.tsp,polyak,431,polyak,431,26271.721133916959,26271.740562335235,26524
/Users/a/Ayanami/code/TSP/data/classic/tsplib/kroA150.tsp,polyak,432,polyak,432,26271.72694023417,26271.740562335235,26524
/Users/a/Ayanami/code/TSP/data/classic/tsplib/kroA150.tsp,polyak,433,polyak,433,26271.69761798613,26271.740562335235,26524
/Users/a/Ayanami/code/TSP/data/classic/tsplib/kroA150.tsp,polyak,434,polyak,434,26271.730841650096,26271.740562335235,26524
/Users/a/Ayanami/code/TSP/data/classic/tsplib/kroA150.tsp,polyak,435,polyak,435,26271.71561702757,26271.740562335235,26524
/Users/a/Ayanami/code/TSP/data/classic/tsplib/kroA150.tsp,polyak,436,polyak,436,26271.760140289574,26271.760140289574,26524
/Users/a/Ayanami/code/TSP/data/classic/tsplib/kroA150.tsp,polyak,437,polyak,437,26271.712157405542,26271.760140289574,26524
/Users/a/Ayanami/code/TSP/data/classic/tsplib/kroA150.tsp,polyak,438,polyak,438,26271.732053687683,26271.760140289574,26524
/Users/a/Ayanami/code/TSP/data/classic/tsplib/kroA150.tsp,polyak,439,polyak,439,26271.741286855238,26271.760140289574,26524
/Users/a/Ayanami/code/TSP/data/classic/tsplib/kroA150.tsp,polyak,440,polyak,440,26271.718849170535,26271.760140289574,26524
/Users/a/Ayanami/code/TSP/data/classic/tsplib/kroA150.tsp,polyak,441,polyak,441,26271.75902215649,26271.760140289574,26524
/Users/a/Ayanami/code/TSP/data/classic/tsplib/kroA150.tsp,polyak,442,polyak,442,26271.737316224753,26271.760140289574,26524
/Users/a/Ayanami/code/TSP/data/classic/tsplib/kroA150.tsp,polyak,443,polyak,443,26271.760969277977,26271.760969277977,26524
/Users/a/Ayanami/code/TSP/data/classic/tsplib/kroA150.tsp,polyak,444,polyak,444,26271.748545285518,26271.760969277977,26524
/Users/a/Ayanami/code/TSP/data/classic/tsplib/kroA150.tsp,polyak,445,polyak,445,26271.747688457337,26271.760969277977,26524
/Users/a/Ayanami/code/TSP/data/classic/tsplib/kroA150.tsp,polyak,446,polyak,446,26271.710519397322,26271.760969277977,26524
/Users/a/Ayanami/code/TSP/data/classic/tsplib/kroA150.tsp,polyak,447,polyak,447,26271.77131509882,26271.77131509882,26524
/Users/a/Ayanami/code/TSP/data/classic/tsplib/kroA150.tsp,polyak,448,polyak,448,26271.705591107519,26271.77131509882,26524
/Users/a/Ayanami/code/TSP/data/classic/tsplib/kroA150.tsp,polyak,449,polyak,449,26271.751004569272,26271.77131509882,26524
/Users/a/Ayanami/code/TSP/data/classic/tsplib/kroA150.tsp,polyak,450,polyak,450,26271.749993740217,26271.77131509882,26524
/Users/a/Ayanami/code/TSP/data/classic/tsplib/kroA150.tsp,polyak,451,polyak,451,26271.772419894729,26271.772419894729,26524
/Users/a/Ayanami/code/TSP/data/classic/tsplib/kroA150.tsp,polyak,452,polyak,452,26271.727749927311,26271.772419894729,26524
/Users/a/Ayanami/code/TSP/data/classic/tsplib/kroA150.tsp,polyak,453,polyak,453,26271.765120948829,26271.772419894729,26524
/Users/a/Ayanami/code/TSP/data/classic/tsplib/kroA150.tsp,polyak,454,polyak,454,26271.759307468667,26271.772419894729,26524
/Users/a/Ayanami/code/TSP/data/classic/tsplib/kroA150.tsp,polyak,455,polyak,455,26271.772722806654,26271.772722806654,26524
/Users/a/Ayanami/code/TSP/data/classic/tsplib/kroA150.tsp,polyak,456,polyak,456,26271.700903221834,26271.772722806654,26524
/Users/a/Ayanami/code/TSP/data/classic/tsplib/kroA150.tsp,polyak,457,polyak,457,26271.759623096506,26271.772722806654,26524
/Users/a/Ayanami/code/TSP/data/classic/tsplib/kroA150.tsp,polyak,458,polyak,458,26271.781040131569,26271.781040131569,26524
/Users/a/Ayanami/code/TSP/data/classic/tsplib/kroA150.tsp,polyak,459,polyak,459,26271.734616557613,26271.781040131569,26524
/Users/a/Ayanami/code/TSP/data/classic/tsplib/kroA150.tsp,polyak,460,polyak,460,26271.792114968659,26271.792114968659,26524
/Users/a/Ayanami/code/TSP/data/classic/tsplib/kroA150.tsp,polyak,461,polyak,461,26271.695003150911,26271.792114968659,26524
/Users/a/Ayanami/code/TSP/data/classic/tsplib/kroA150.tsp,polyak,462,polyak,462,26271.759318516029,26271.792114968659,26524
/Users/a/Ayanami/code/TSP/data/classic/tsplib/kroA150.tsp,polyak,463,polyak,463,26271.784733006974,26271.792114968659,26524
/Users/a/Ayanami/code/TSP/data/classic/tsplib/kroA150.tsp,polyak,464,polyak,464,26271.762328839981,26271.792114968659,26524
/Users/a/Ayanami/code/TSP/data/classic/tsplib/kroA150.tsp,polyak,465,polyak,465,26271.750475115514,26271.792114968659,26524
/Users/a/Ayanami/code/TSP/data/classic/tsplib/kroA150.tsp,polyak,466,polyak,466,26271.786590936485,26271.792114968659,26524
/Users/a/Ayanami/code/TSP/data/classic/tsplib/kroA150.tsp,polyak,467,polyak,467,26271.774852186794,26271.792114968659,26524
/Users/a/Ayanami/code/TSP/data/classic/tsplib/kroA150.tsp,polyak,468,polyak,468,26271.727870956242,26271.792114968659,26524
/Users/a/Ayanami/code/TSP/data/classic/tsplib/kroA150.tsp,polyak,469,polyak,469,26271.775587983,26271.792114968659,26524
/Users/a/Ayanami/code/TSP/data/classic/tsplib/kroA150.tsp,polyak,470,polyak,470,26271.769398646804,26271.792114968659,26524
/Users/a/Ayanami/code/TSP/data/classic/tsplib/kroA150.tsp,polyak,471,polyak,471,26271.78151595595,26271.792114968659,26524
/Users/a/Ayanami/code/TSP/data/classic/tsplib/kroA150.tsp,polyak,472,polyak,472,26271.775236440335,26271.792114968659,26524
/Users/a/Ayanami/code/TSP/data/classic/tsplib/kroA150.tsp,polyak,473,polyak,473,26271.780721808842,26271.792114968659,26524
/Users/a/Ayanami/code/TSP/data/classic/tsplib/kroA150.tsp,polyak,474,polyak,474,26271.794368843504,26271.794368843504,26524
/Users/a/Ayanami/code/TSP/data/classic/tsplib/kroA150.tsp,polyak,475,polyak,475,26271.795754811923,26271.795754811923,26524
/Users/a/Ayanami/code/TSP/data/classic/tsplib/kroA150.tsp,polyak,476,polyak,476,26271.812285394524,26271.812285394524,26524
/Users/a/Ayanami/code/TSP/data/classic/tsplib/kroA150.tsp,polyak,477,polyak,477,26271.793843829011,26271.812285394524,26524
/Users/a/Ayanami/code/TSP/data/classic/tsplib/kroA150.tsp,polyak,478,polyak,478,26271.792332768866,26271.812285394524,26524
/Users/a/Ayanami/code/TSP/data/classic/tsplib/kroA150.tsp,polyak,479,polyak,479,26271.8009813645,26271.812285394524,26524
/Users/a/Ayanami/code/TSP/data/classic/tsplib/kroA150.tsp,polyak,480,polyak,480,26271.814209343749,26271.814209343749,26524
/Users/a/Ayanami/code/TSP/data/classic/tsplib/kroA150.tsp,polyak,481,polyak,481,26271.807446507053,26271.814209343749,26524
/Users/a/Ayanami/code/TSP/data/classic/tsplib/kroA150.tsp,polyak,482,polyak,482,26271.808094261196,26271.814209343749,26524
/Users/a/Ayanami/code/TSP/data/classic/tsplib/kroA150.tsp,polyak,483,polyak,483,26271.813642423047,26271.814209343749,26524
/Users/a/Ayanami/code/TSP/data/classic/tsplib/kroA150.tsp,polyak,484,polyak,484,26271.807174483893,26271.814209343749,26524
/Users/a/Ayanami/code/TSP/data/classic/tsplib/kroA150.tsp,polyak,485,polyak,485,26271.816100847191,26271.816100847191,26524
/Users/a/Ayanami/code/TSP/data/classic/tsplib/kroA150.tsp,polyak,486,polyak,486,26271.801597228703,26271.816100847191,26524
/Users/a/Ayanami/code/TSP/data/classic/tsplib/kroA150.tsp,polyak,487,polyak,487,26271.814232696805,26271.816100847191,26524
/Users/a/Ayanami/code/TSP/data/classic/tsplib/kroA150.tsp,polyak,488,polyak,488,26271.793274050739,26271.816100847191,26524
/Users/a/Ayanami/code/TSP/data/classic/tsplib/kroA150.tsp,polyak,489,polyak,489,26271.816475765161,26271.816475765161,26524
/Users/a/Ayanami/code/TSP/data/classic/tsplib/kroA150.tsp,polyak,490,polyak,490,26271.804260704288,26271.816475765161,26524
/Users/a/Ayanami/code/TSP/data/classic/tsplib/kroA150.tsp,polyak,491,polyak,491,26271.813057047912,26271.816475765161,26524
/Users/a/Ayanami/code/TSP/data/classic/tsplib/kroA150.tsp,polyak,492,polyak,492,26271.812523685672,26271.816475765161,26524
/Users/a/Ayanami/code/TSP/data/classic/tsplib/kroA150.tsp,polyak,493,polyak,493,26271.814723632706,26271.816475765161,26524
/Users/a/Ayanami/code/TSP/data/classic/tsplib/kroA150.tsp,polyak,494,polyak,494,26271.812521178552,26271.816475765161,26524
/Users/a/Ayanami/code/TSP/data/classic/tsplib/kroA150.tsp,polyak,495,polyak,495,26271.824767056361,26271.824767056361,26524
/Users/a/Ayanami/code/TSP/data/classic/tsplib/kroA150.tsp,polyak,496,polyak,496,26271.780065415827,26271.824767056361,26524
/Users/a/Ayanami/code/TSP/data/classic/tsplib/kroA150.tsp,polyak,497,polyak,497,26271.819576196503,26271.824767056361,26524
/Users/a/Ayanami/code/TSP/data/classic/tsplib/kroA150.tsp,polyak,498,polyak,498,26271.818777758013,26271.824767056361,26524
/Users/a/Ayanami/code/TSP/data/classic/tsplib/kroA150.tsp,polyak,499,polyak,499,26271.820193784566,26271.824767056361,26524
/Users/a/Ayanami/code/TSP/data/classic/tsplib/kroA150.tsp,polyak,500,polyak,500,26271.800347988537,26271.824767056361,26524
/Users/a/Ayanami/code/TSP/data/classic/tsplib/kroA150.tsp,polyak,501,polyak,501,26271.819638572604,26271.824767056361,26524
/Users/a/Ayanami/code/TSP/data/classic/tsplib/kroA150.tsp,polyak,502,polyak,502,26271.826938664035,26271.826938664035,26524
/Users/a/Ayanami/code/TSP/data/classic/tsplib/kroA150.tsp,polyak,503,polyak,503,26271.812866536093,26271.826938664035,26524
/Users/a/Ayanami/code/TSP/data/classic/tsplib/kroA150.tsp,polyak,504,polyak,504,26271.822021509826,26271.826938664035,26524
/Users/a/Ayanami/code/TSP/data/classic/tsplib/kroA150.tsp,polyak,505,polyak,505,26271.81918109578,26271.826938664035,26524
/Users/a/Ayanami/code/TSP/data/classic/tsplib/kroA150.tsp,polyak,506,polyak,506,26271.82965010776,26271.82965010776,26524
/Users/a/Ayanami/code/TSP/data/classic/tsplib/kroA150.tsp,polyak,507,polyak,507,26271.816811745113,26271.82965010776,26524
/Users/a/Ayanami/code/TSP/data/classic/tsplib/kroA150.tsp,polyak,508,polyak,508,26271.809994422929,26271.82965010776,26524
/Users/a/Ayanami/code/TSP/data/classic/tsplib/kroA150.tsp,polyak,509,polyak,509,26271.829401800591,26271.82965010776,26524
/Users/a/Ayanami/code/TSP/data/classic/tsplib/kroA150.tsp,polyak,510,polyak,510,26271.824156534334,26271.82965010776,26524
/Users/a/Ayanami/code/TSP/data/classic/tsplib/kroA150.tsp,polyak,511,polyak,511,26271.834465365726,26271.834465365726,26524
/Users/a/Ayanami/code/TSP/data/classic/tsplib/kroA150.tsp,polyak,512,polyak,512,26271.818249627209,26271.834465365726,26524
/Users/a/Ayanami/code/TSP/data/classic/tsplib/kroA150.tsp,polyak,513,polyak,513,26271.831410582228,26271.834465365726,26524
/Users/a/Ayanami/code/TSP/data/classic/tsplib/kroA150.tsp,polyak,514,polyak,514,26271.825680281527,26271.834465365726,26524
/Users/a/Ayanami/code/TSP/data/classic/tsplib/kroA150.tsp,polyak,515,polyak,515,26271.823537662745,26271.834465365726,26524
/Users/a/Ayanami/code/TSP/data/classic/tsplib/kroA150.tsp,polyak,516,polyak,516,26271.832215066799,26271.834465365726,26524
/Users/a/Ayanami/code/TSP/data/classic/tsplib/kroA150.tsp,polyak,517,polyak,517,26271.838191688101,26271.838191688101,26524
/Users/a/Ayanami/code/TSP/data/classic/tsplib/kroA150.tsp,polyak,518,polyak,518,26271.80753585085,26271.838191688101,26524
/Users/a/Ayanami/code/TSP/data/classic/tsplib/kroA150.tsp,polyak,519,polyak,519,26271.828421508089,26271.838191688101,26524
/Users/a/Ayanami/code/TSP/data/classic/tsplib/kroA150.tsp,polyak,520,polyak,520,26271.843758398565,26271.843758398565,26524
/Users/a/Ayanami/code/TSP/data/classic/tsplib/kroA150.tsp,polyak,521,polyak,521,26271.800575397981,26271.843758398565,26524
/Users/a/Ayanami/code/TSP/data/classic/tsplib/kroA150.tsp,polyak,522,polyak,522,26271.8324305641,26271.843758398565,26524
/Users/a/Ayanami/code/TSP/data/classic/tsplib/kroA150.tsp,polyak,523,polyak,523,26271.839276671308,26271.843758398565,26524
/Users/a/Ayanami/code/TSP/data/classic/tsplib/kroA150.tsp,polyak,524,polyak,524,26271.827680426446,26271.843758398565,26524
/Users/a/Ayanami/code/TSP/data/classic/tsplib/kroA150.tsp,polyak,525,polyak,525,26271.845566569253,26271.845566569253,26524
/Users/a/Ayanami/code/TSP/data/classic/tsplib/kroA150.tsp,polyak,526,polyak,526,26271.836723981069,26271.845566569253,26524
/Users/a/Ayanami/code/TSP/data/classic/tsplib/kroA150.tsp,polyak,527,polyak,527,26271.834720159699,26271.845566569253,26524
/Users/a/Ayanami/code/TSP/data/classic/tsplib/kroA150.tsp,polyak,528,polyak,528,26271.822239811238,26271.845566569253,26524
/Users/a/Ayanami/code/TSP/data/classic/tsplib/kroA150.tsp,polyak,529,polyak,529,26271.843331419062,26271.845566569253,26524
/Users/a/Ayanami/code/TSP/data/classic/tsplib/kroA150.tsp,polyak,530,polyak,530,26271.833959777508,26271.845566569253,26524
/Users/a/Ayanami/code/TSP/data/classic/tsplib/kroA150.tsp,polyak,531,polyak,531,26271.844768664905,26271.845566569253,26524
/Users/a/Ayanami/code/TSP/data/classic/tsplib/kroA150.tsp,polyak,532,polyak,532,26271.835470100268,26271.845566569253,26524
/Users/a/Ayanami/code/TSP/data/classic/tsplib/kroA150.tsp,polyak,533,polyak,533,26271.846837285666,26271.846837285666,26524
/Users/a/Ayanami/code/TSP/data/classic/tsplib/kroA150.tsp,polyak,534,polyak,534,26271.831263012707,26271.846837285666,26524
/Users/a/Ayanami/code/TSP/data/classic/tsplib/kroA150.tsp,polyak,535,polyak,535,26271.842116455566,26271.846837285666,26524
/Users/a/Ayanami/code/TSP/data/classic/tsplib/kroA150.tsp,polyak,536,polyak,536,26271.834119614228,26271.846837285666,26524
/Users/a/Ayanami/code/TSP/data/classic/tsplib/kroA150.tsp,polyak,537,polyak,537,26271.841174571498,26271.846837285666,26524
/Users/a/Ayanami/code/TSP/data/classic/tsplib/kroA150.tsp,polyak,538,polyak,538,26271.840150273394,26271.846837285666,26524
/Users/a/Ayanami/code/TSP/data/classic/tsplib/kroA150.tsp,polyak,539,polyak,539,26271.841744459362,26271.846837285666,26524
/Users/a/Ayanami/code/TSP/data/classic/tsplib/kroA150.tsp,polyak,540,polyak,540,26271.843336889142,26271.846837285666,26524
/Users/a/Ayanami/code/TSP/data/classic/tsplib/kroA150.tsp,polyak,541,polyak,541,26271.829914749302,26271.846837285666,26524
/Users/a/Ayanami/code/TSP/data/classic/tsplib/kroA150.tsp,polyak,542,polyak,542,26271.853292392123,26271.853292392123,26524
/Users/a/Ayanami/code/TSP/data/classic/tsplib/kroA150.tsp,polyak,543,polyak,543,26271.804452229062,26271.853292392123,26524
/Users/a/Ayanami/code/TSP/data/classic/tsplib/kroA150.tsp,polyak,544,polyak,544,26271.831709915015,26271.853292392123,26524
/Users/a/Ayanami/code/TSP/data/classic/tsplib/kroA150.tsp,polyak,545,polyak,545,26271.844125889376,26271.853292392123,26524
/Users/a/Ayanami/code/TSP/data/classic/tsplib/kroA150.tsp,polyak,546,polyak,546,26271.838189797068,26271.853292392123,26524
/Users/a/Ayanami/code/TSP/data/classic/tsplib/kroA150.tsp,polyak,547,polyak,547,26271.857235392905,26271.857235392905,26524
/Users/a/Ayanami/code/TSP/data/classic/tsplib/kroA150.tsp,polyak,548,polyak,548,26271.818756985744,26271.857235392905,26524
/Users/a/Ayanami/code/TSP/data/classic/tsplib/kroA150.tsp,polyak,549,polyak,549,26271.83714513922,26271.857235392905,26524
/Users/a/Ayanami/code/TSP/data/classic/tsplib/kroA150.tsp,polyak,550,polyak,550,26271.846200452292,26271.857235392905,26524
/Users/a/Ayanami/code/TSP/data/classic/tsplib/kroA150.tsp,polyak,551,polyak,551,26271.849573224914,26271.857235392905,26524
/Users/a/Ayanami/code/TSP/data/classic/tsplib/kroA150.tsp,polyak,552,polyak,552,26271.8480671834,26271.857235392905,26524
/Users/a/Ayanami/code/TSP/data/classic/tsplib/kroA150.tsp,polyak,553,polyak,553,26271.817215979296,26271.857235392905,26524
/Users/a/Ayanami/code/TSP/data/classic/tsplib/kroA150.tsp,polyak,554,polyak,554,26271.848836531659,26271.857235392905,26524
/Users/a/Ayanami/code/TSP/data/classic/tsplib/kroA150.tsp,polyak,555,polyak,555,26271.838950818717,26271.857235392905,26524
/Users/a/Ayanami/code/TSP/data/classic/tsplib/kroA150.tsp,polyak,556,polyak,556,26271.84129817109,26271.857235392905,26524
/Users/a/Ayanami/code/TSP/data/classic/tsplib/kroA150.tsp,polyak,557,polyak,557,26271.851924818951,26271.857235392905,26524
/Users/a/Ayanami/code/TSP/data/classic/tsplib/kroA150.tsp,polyak,558,polyak,558,26271.854154351375,26271.857235392905,26524
/Users/a/Ayanami/code/TSP/data/classic/tsplib/kroA150.tsp,polyak,559,polyak,559,26271.826290605779,26271.857235392905,26524
/Users/a/Ayanami/code/TSP/data/classic/tsplib/kroA150.tsp,polyak,560,polyak,560,26271.848507407183,26271.857235392905,26524
/Users/a/Ayanami/code/TSP/data/classic/tsplib/kroA150.tsp,polyak,561,polyak,561,26271.862673461357,26271.862673461357,26524
/Users/a/Ayanami/code/TSP/data/classic/tsplib/kroA150.tsp,polyak,562,polyak,562,26271.845801385272,26271.862673461357,26524
/Users/a/Ayanami/code/TSP/data/classic/tsplib/kroA150.tsp,polyak,563,polyak,563,26271.860269088382,26271.862673461357,26524
/Users/a/Ayanami/code/TSP/data/classic/tsplib/kroA150.tsp,polyak,564,polyak,564,26271.85509641948,26271.862673461357,26524
/Users/a/Ayanami/code/TSP/data/classic/tsplib/kroA150.tsp,polyak,565,polyak,565,26271.866873362647,26271.866873362647,26524
/Users/a/Ayanami/code/TSP/data/classic/tsplib/kroA150.tsp,polyak,566,polyak,566,26271.857766683257,26271.866873362647,26524
/Users/a/Ayanami/code/TSP/data/classic/tsplib/kroA150.tsp,polyak,567,polyak,567,26271.86069887743,26271.866873362647,26524
/Users/a/Ayanami/code/TSP/data/classic/tsplib/kroA150.tsp,polyak,568,polyak,568,26271.864010837257,26271.866873362647,26524
/Users/a/Ayanami/code/TSP/data/classic/tsplib/kroA150.tsp,polyak,569,polyak,569,26271.857746690355,26271.866873362647,26524
/Users/a/Ayanami/code/TSP/data/classic/tsplib/kroA150.tsp,polyak,570,polyak,570,26271.86759394571,26271.86759394571,26524
/Users/a/Ayanami/code/TSP/data/classic/tsplib/kroA150.tsp,polyak,571,polyak,571,26271.870069040509,26271.870069040509,26524
/Users/a/Ayanami/code/TSP/data/classic/tsplib/kroA150.tsp,polyak,572,polyak,572,26271.868678574756,26271.870069040509,26524
/Users/a/Ayanami/code/TSP/data/classic/tsplib/kroA150.tsp,polyak,573,polyak,573,26271.852262248842,26271.870069040509,26524
/Users/a/Ayanami/code/TSP/data/classic/tsplib/kroA150.tsp,polyak,574,polyak,574,26271.86650230236,26271.870069040509,26524
/Users/a/Ayanami/code/TSP/data/classic/tsplib/kroA150.tsp,polyak,575,polyak,575,26271.864974463027,26271.870069040509,26524
/Users/a/Ayanami/code/TSP/data/classic/tsplib/kroA150.tsp,polyak,576,polyak,576,26271.869032132643,26271.870069040509,26524
/Users/a/Ayanami/code/TSP/data/classic/tsplib/kroA150.tsp,polyak,577,polyak,577,26271.86320088046,26271.870069040509,26524
/Users/a/Ayanami/code/TSP/data/classic/tsplib/kroA150.tsp,polyak,578,polyak,578,26271.868884000432,26271.870069040509,26524
/Users/a/Ayanami/code/TSP/data/classic/tsplib/kroA150.tsp,polyak,579,polyak,579,26271.863533250744,26271.870069040509,26524
/Users/a/Ayanami/code/TSP/data/classic/tsplib/kroA150.tsp,polyak,580,polyak,580,26271.868426023317,26271.870069040509,26524
/Users/a/Ayanami/code/TSP/data/classic/tsplib/kroA150.tsp,polyak,581,polyak,581,26271.867904064013,26271.870069040509,26524
/Users/a/Ayanami/code/TSP/data/classic/tsplib/kroA150.tsp,polyak,582,polyak,582,26271.876408732209,26271.876408732209,26524
/Users/a/Ayanami/code/TSP/data/classic/tsplib/kroA150.tsp,polyak,583,polyak,583,26271.860671488179,26271.876408732209,26524
/Users/a/Ayanami/code/TSP/data/classic/tsplib/kroA150.tsp,polyak,584,polyak,584,26271.87616976038,26271.876408732209,26524
/Users/a/Ayanami/code/TSP/data/classic/tsplib/kroA150.tsp,polyak,585,polyak,585,26271.850991610798,26271.876408732209,26524
/Users/a/Ayanami/code/TSP/data/classic/tsplib/kroA150.tsp,polyak,586,polyak,586,26271.866597915276,26271.876408732209,26524
/Users/a/Ayanami/code/TSP/data/classic/tsplib/kroA150.tsp,polyak,587,polyak,587,26271.87013578539,26271.876408732209,26524
/Users/a/Ayanami/code/TSP/data/classic/tsplib/kroA150.tsp,polyak,588,polyak,588,26271.876116476451,26271.876408732209,26524
/Users/a/Ayanami/code/TSP/data/classic/tsplib/kroA150.tsp,polyak,589,polyak,589,26271.864999895195,26271.876408732209,26524
/Users/a/Ayanami/code/TSP/data/classic/tsplib/kroA150.tsp,polyak,590,polyak,590,26271.875695750998,26271.876408732209,26524
/Users/a/Ayanami/code/TSP/data/classic/tsplib/kroA150.tsp,polyak,591,polyak,591,26271.869079106847,26271.876408732209,26524
/Users/a/Ayanami/code/TSP/data/classic/tsplib/kroA150.tsp,polyak,592,polyak,592,26271.872216824631,26271.876408732209,26524
/Users/a/Ayanami/code/TSP/data/classic/tsplib/kroA150.tsp,polyak,593,polyak,593,26271.871841792072,26271.876408732209,26524
/Users/a/Ayanami/code/TSP/data/classic/tsplib/kroA150.tsp,polyak,594,polyak,594,26271.863755223327,26271.876408732209,26524
/Users/a/Ayanami/code/TSP/data/classic/tsplib/kroA150.tsp,polyak,595,polyak,595,26271.877605166377,26271.877605166377,26524
/Users/a/Ayanami/code/TSP/data/classic/tsplib/kroA150.tsp,polyak,596,polyak,596,26271.876240172056,26271.877605166377,26524
/Users/a/Ayanami/code/TSP/data/classic/tsplib/kroA150.tsp,polyak,597,polyak,597,26271.878047121605,26271.878047121605,26524
/Users/a/Ayanami/code/TSP/data/classic/tsplib/kroA150.tsp,polyak,598,polyak,598,26271.875309742882,26271.878047121605,26524
/Users/a/Ayanami/code/TSP/data/classic/tsplib/kroA150.tsp,polyak,599,polyak,599,26271.878777686135,26271.878777686135,26524
/Users/a/Ayanami/code/TSP/data/classic/tsplib/kroA150.tsp,polyak,600,polyak,600,26271.873827858308,26271.878777686135,26524
/Users/a/Ayanami/code/TSP/data/classic/tsplib/kroA150.tsp,polyak,601,polyak,601,26271.878320274845,26271.878777686135,26524
/Users/a/Ayanami/code/TSP/data/classic/tsplib/kroA150.tsp,polyak,602,polyak,602,26271.875197546084,26271.878777686135,26524
/Users/a/Ayanami/code/TSP/data/classic/tsplib/kroA150.tsp,polyak,603,polyak,603,26271.880615028149,26271.880615028149,26524
/Users/a/Ayanami/code/TSP/data/classic/tsplib/kroA150.tsp,polyak,604,polyak,604,26271.878183692999,26271.880615028149,26524
/Users/a/Ayanami/code/TSP/data/classic/tsplib/kroA150.tsp,polyak,605,polyak,605,26271.881235117926,26271.881235117926,26524
/Users/a/Ayanami/code/TSP/data/classic/tsplib/kroA150.tsp,polyak,606,polyak,606,26271.878130791469,26271.881235117926,26524
/Users/a/Ayanami/code/TSP/data/classic/tsplib/kroA150.tsp,polyak,607,polyak,607,26271.881933462562,26271.881933462562,26524
/Users/a/Ayanami/code/TSP/data/classic/tsplib/kroA150.tsp,polyak,608,polyak,608,26271.880547556051,26271.881933462562,26524
/Users/a/Ayanami/code/TSP/data/classic/tsplib/kroA150.tsp,polyak,609,polyak,609,26271.874961111876,26271.881933462562,26524
/Users/a/Ayanami/code/TSP/data/classic/tsplib/kroA150.tsp,polyak,610,polyak,610,26271.880736438103,26271.881933462562,26524
/Users/a/Ayanami/code/TSP/data/classic/tsplib/kroA150.tsp,polyak,611,polyak,611,26271.882894398688,26271.882894398688,26524
/Users/a/Ayanami/code/TSP/data/classic/tsplib/kroA150.tsp,polyak,612,polyak,612,26271.879269176799,26271.882894398688,26524
/Users/a/Ayanami/code/TSP/data/classic/tsplib/kroA150.tsp,polyak,613,polyak,613,26271.881379970131,26271.882894398688,26524
/Users/a/Ayanami/code/TSP/data/classic/tsplib/kroA150.tsp,polyak,614,polyak,614,26271.880846337725,26271.882894398688,26524
/Users/a/Ayanami/code/TSP/data/classic/tsplib/kroA150.tsp,polyak,615,polyak,615,26271.88127426774,26271.882894398688,26524
/Users/a/Ayanami/code/TSP/data/classic/tsplib/kroA150.tsp,polyak,616,polyak,616,26271.881648745137,26271.882894398688,26524
/Users/a/Ayanami/code/TSP/data/classic/tsplib/kroA150.tsp,polyak,617,polyak,617,26271.880540212591,26271.882894398688,26524
/Users/a/Ayanami/code/TSP/data/classic/tsplib/kroA150.tsp,polyak,618,polyak,618,26271.884051940004,26271.884051940004,26524
/Users/a/Ayanami/code/TSP/data/classic/tsplib/kroA150.tsp,polyak,619,polyak,619,26271.880717900232,26271.884051940004,26524
/Users/a/Ayanami/code/TSP/data/classic/tsplib/kroA150.tsp,polyak,620,polyak,620,26271.882907750216,26271.884051940004,26524
/Users/a/Ayanami/code/TSP/data/classic/tsplib/kroA150.tsp,polyak,621,polyak,621,26271.882806819831,26271.884051940004,26524
/Users/a/Ayanami/code/TSP/data/classic/tsplib/kroA150.tsp,polyak,622,polyak,622,26271.881431156977,26271.884051940004,26524
/Users/a/Ayanami/code/TSP/data/classic/tsplib/kroA150.tsp,polyak,623,polyak,623,26271.881026358191,26271.884051940004,26524
/Users/a/Ayanami/code/TSP/data/classic/tsplib/kroA150.tsp,polyak,624,polyak,624,26271.884629808723,26271.884629808723,26524
/Users/a/Ayanami/code/TSP/data/classic/tsplib/kroA150.tsp,polyak,625,polyak,625,26271.874012726559,26271.884629808723,26524
/Users/a/Ayanami/code/TSP/data/classic/tsplib/kroA150.tsp,polyak,626,polyak,626,26271.884536981932,26271.884629808723,26524
/Users/a/Ayanami/code/TSP/data/classic/tsplib/kroA150.tsp,polyak,627,polyak,627,26271.881489817642,26271.884629808723,26524
/Users/a/Ayanami/code/TSP/data/classic/tsplib/kroA150.tsp,polyak,628,polyak,628,26271.884478344648,26271.884629808723,26524
/Users/a/Ayanami/code/TSP/data/classic/tsplib/kroA150.tsp,polyak,629,polyak,629,26271.880539295591,26271.884629808723,26524
/Users/a/Ayanami/code/TSP/data/classic/tsplib/kroA150.tsp,polyak,630,polyak,630,26271.88327709564,26271.884629808723,26524
/Users/a/Ayanami/code/TSP/data/classic/tsplib/kroA150.tsp,polyak,631,polyak,631,26271.8843071228,26271.884629808723,26524
/Users/a/Ayanami/code/TSP/data/classic/tsplib/kroA150.tsp,polyak,632,polyak,632,26271.883367442399,26271.884629808723,26524
/Users/a/Ayanami/code/TSP/data/classic/tsplib/kroA150.tsp,polyak,633,polyak,633,26271.886561727533,26271.886561727533,26524
/Users/a/Ayanami/code/TSP/data/classic/tsplib/kroA150.tsp,polyak,634,polyak,634,26271.875439497395,26271.886561727533,26524
/Users/a/Ayanami/code/TSP/data/classic/tsplib/kroA150.tsp,polyak,635,polyak,635,26271.884950792664,26271.886561727533,26524
/Users/a/Ayanami/code/TSP/data/classic/tsplib/kroA150.tsp,polyak,636,polyak,636,26271.886561533232,26271.886561727533,26524
/Users/a/Ayanami/code/TSP/data/classic/tsplib/kroA150.tsp,polyak,637,polyak,637,26271.878249447807,26271.886561727533,26524
/Users/a/Ayanami/code/TSP/data/classic/tsplib/kroA150.tsp,polyak,638,polyak,638,26271.881394994969,26271.886561727533,26524
/Users/a/Ayanami/code/TSP/data/classic/tsplib/kroA150.tsp,polyak,639,polyak,639,26271.884632526446,26271.886561727533,26524
/Users/a/Ayanami/code/TSP/data/classic/tsplib/kroA150.tsp,polyak,640,polyak,640,26271.886390439111,26271.886561727533,26524
/Users/a/Ayanami/code/TSP/data/classic/tsplib/kroA150.tsp,polyak,641,polyak,641,26271.887478068184,26271.887478068184,26524
/Users/a/Ayanami/code/TSP/data/classic/tsplib/kroA150.tsp,polyak,642,polyak,642,26271.879837517168,26271.887478068184,26524
/Users/a/Ayanami/code/TSP/data/classic/tsplib/kroA150.tsp,polyak,643,polyak,643,26271.881034991042,26271.887478068184,26524
/Users/a/Ayanami/code/TSP/data/classic/tsplib/kroA150.tsp,polyak,644,polyak,644,26271.886829281426,26271.887478068184,26524
/Users/a/Ayanami/code/TSP/data/classic/tsplib/kroA150.tsp,polyak,645,polyak,645,26271.886198706667,26271.887478068184,26524
/Users/a/Ayanami/code/TSP/data/classic/tsplib/kroA150.tsp,polyak,646,polyak,646,26271.885035403204,26271.887478068184,26524
/Users/a/Ayanami/code/TSP/data/classic/tsplib/kroA150.tsp,polyak,647,polyak,647,26271.883527746155,26271.887478068184,26524
/Users/a/Ayanami/code/TSP/data/classic/tsplib/kroA150.tsp,polyak,648,polyak,648,26271.88858754222,26271.88858754222,26524
/Users/a/Ayanami/code/TSP/data/classic/tsplib/kroA150.tsp,polyak,649,polyak,649,26271.887149205028,26271.88858754222,26524
/Users/a/Ayanami/code/TSP/data/classic/tsplib/kroA150.tsp,polyak,650,polyak,650,26271.876937760804,26271.88858754222,26524
/Users/a/Ayanami/code/TSP/data/classic/tsplib/kroA150.tsp,polyak,651,polyak,651,26271.886575114557,26271.88858754222,26524
/Users/a/Ayanami/code/TSP/data/classic/tsplib/kroA150.tsp,polyak,652,polyak,652,26271.886022424645,26271.88858754222,26524
/Users/a/Ayanami/code/TSP/data/classic/tsplib/kroA150.tsp,polyak,653,polyak,653,26271.88601347672,26271.88858754222,26524
/Users/a/Ayanami/code/TSP/data/classic/tsplib/kroA150.tsp,polyak,654,polyak,654,26271.887939708573,26271.88858754222,26524
/Users/a/Ayanami/code/TSP/data/classic/tsplib/kroA150.tsp,polyak,655,polyak,655,26271.885237138296,26271.88858754222,26524
/Users/a/Ayanami/code/TSP/data/classic/tsplib/kroA150.tsp,polyak,656,polyak,656,26271.888369303786,26271.88858754222,26524
/Users/a/Ayanami/code/TSP/data/classic/tsplib/kroA150.tsp,polyak,657,polyak,657,26271.884756787644,26271.88858754222,26524
/Users/a/Ayanami/code/TSP/data/classic/tsplib/kroA150.tsp,polyak,658,polyak,658,26271.888990334402,26271.888990334402,26524
/Users/a/Ayanami/code/TSP/data/classic/tsplib/kroA150.tsp,polyak,659,polyak,659,26271.883297067241,26271.888990334402,26524
/Users/a/Ayanami/code/TSP/data/classic/tsplib/kroA150.tsp,polyak,660,polyak,660,26271.889082896192,26271.889082896192,26524
/Users/a/Ayanami/code/TSP/data/classic/tsplib/kroA150.tsp,polyak,661,polyak,661,26271.883708152316,26271.889082896192,26524
/Users/a/Ayanami/code/TSP/data/classic/tsplib/kroA150.tsp,polyak,662,polyak,662,26271.888782391514,26271.889082896192,26524
/Users/a/Ayanami/code/TSP/data/classic/tsplib/kroA150.tsp,polyak,663,polyak,663,26271.885300929942,26271.889082896192,26524
/Users/a/Ayanami/code/TSP/data/classic/tsplib/kroA150.tsp,polyak,664,polyak,664,26271.887221077028,26271.889082896192,26524
/Users/a/Ayanami/code/TSP/data/classic/tsplib/kroA150.tsp,polyak,665,polyak,665,26271.889314131593,26271.889314131593,26524
/Users/a/Ayanami/code/TSP/data/classic/tsplib/kroA150.tsp,polyak,666,polyak,666,26271.888462279359,26271.889314131593,26524
/Users/a/Ayanami/code/TSP/data/classic/tsplib/kroA150.tsp,polyak,667,polyak,667,26271.884075898699,26271.889314131593,26524
/Users/a/Ayanami/code/TSP/data/classic/tsplib/kroA150.tsp,polyak,668,polyak,668,26271.889441213509,26271.889441213509,26524
/Users/a/Ayanami/code/TSP/data/classic/tsplib/kroA150.tsp,polyak,669,polyak,669,26271.883558579786,26271.889441213509,26524
/Users/a/Ayanami/code/TSP/data/classic/tsplib/kroA150.tsp,polyak,670,polyak,670,26271.8905198498,26271.8905198498,26524
/Users/a/Ayanami/code/TSP/data/classic/tsplib/kroA150.tsp,polyak,671,polyak,671,26271.885326926287,26271.8905198498,26524
/Users/a/Ayanami/code/TSP/data/classic/tsplib/kroA150.tsp,polyak,672,polyak,672,26271.88630308511,26271.8905198498,26524
/Users/a/Ayanami/code/TSP/data/classic/tsplib/kroA150.tsp,polyak,673,polyak,673,26271.886217988511,26271.8905198498,26524
/Users/a/Ayanami/code/TSP/data/classic/tsplib/kroA150.tsp,polyak,674,polyak,674,26271.890160215167,26271.8905198498,26524
/Users/a/Ayanami/code/TSP/data/classic/tsplib/kroA150.tsp,polyak,675,polyak,675,26271.886722104951,26271.8905198498,26524
/Users/a/Ayanami/code/TSP/data/classic/tsplib/kroA150.tsp,polyak,676,polyak,676,26271.89077056446,26271.89077056446,26524
/Users/a/Ayanami/code/TSP/data/classic/tsplib/kroA150.tsp,polyak,677,polyak,677,26271.886850612842,26271.89077056446,26524
/Users/a/Ayanami/code/TSP/data/classic/tsplib/kroA150.tsp,polyak,678,polyak,678,26271.890554729951,26271.89077056446,26524
/Users/a/Ayanami/code/TSP/data/classic/tsplib/kroA150.tsp,polyak,679,polyak,679,26271.881430209614,26271.89077056446,26524
/Users/a/Ayanami/code/TSP/data/classic/tsplib/kroA150.tsp,polyak,680,polyak,680,26271.889522429963,26271.89077056446,26524
/Users/a/Ayanami/code/TSP/data/classic/tsplib/kroA150.tsp,polyak,681,polyak,681,26271.882778213461,26271.89077056446,26524
/Users/a/Ayanami/code/TSP/data/classic/tsplib/kroA150.tsp,polyak,682,polyak,682,26271.889677116644,26271.89077056446,26524
/Users/a/Ayanami/code/TSP/data/classic/tsplib/kroA150.tsp,polyak,683,polyak,683,26271.890750147999,26271.89077056446,26524
/Users/a/Ayanami/code/TSP/data/classic/tsplib/kroA150.tsp,polyak,684,polyak,684,26271.887222912454,26271.89077056446,26524
/Users/a/Ayanami/code/TSP/data/classic/tsplib/kroA150.tsp,polyak,685,polyak,685,26271.888603688731,26271.89077056446,26524
/Users/a/Ayanami/code/TSP/data/classic/tsplib/kroA150.tsp,polyak,686,polyak,686,26271.891652920611,26271.891652920611,26524
/Users/a/Ayanami/code/TSP/data/classic/tsplib/kroA150.tsp,polyak,687,polyak,687,26271.891347597066,26271.891652920611,26524
/Users/a/Ayanami/code/TSP/data/classic/tsplib/kroA150.tsp,polyak,688,polyak,688,26271.884988847749,26271.891652920611,26524
/Users/a/Ayanami/code/TSP/data/classic/tsplib/kroA150.tsp,polyak,689,polyak,689,26271.891834434395,26271.891834434395,26524
/Users/a/Ayanami/code/TSP/data/classic/tsplib/kroA150.tsp,polyak,690,polyak,690,26271.887597001529,26271.891834434395,26524
/Users/a/Ayanami/code/TSP/data/classic/tsplib/kroA150.tsp,polyak,691,polyak,691,26271.891464846227,26271.891834434395,26524
/Users/a/Ayanami/code/TSP/data/classic/tsplib/kroA150.tsp,polyak,692,polyak,692,26271.888593521242,26271.891834434395,26524
/Users/a/Ayanami/code/TSP/data/classic/tsplib/kroA150.tsp,polyak,693,polyak,693,26271.891845402915,26271.891845402915,26524
/Users/a/Ayanami/code/TSP/data/classic/tsplib/kroA150.tsp,polyak,694,polyak,694,26271.888621273207,26271.891845402915,26524
/Users/a/Ayanami/code/TSP/data/classic/tsplib/kroA150.tsp,polyak,695,polyak,695,26271.890847071943,26271.891845402915,26524
/Users/a/Ayanami/code/TSP/data/classic/tsplib/kroA150.tsp,polyak,696,polyak,696,26271.889787228476,26271.891845402915,26524
/Users/a/Ayanami/code/TSP/data/classic/tsplib/kroA150.tsp,polyak,697,polyak,697,26271.890323558197,26271.891845402915,26524
/Users/a/Ayanami/code/TSP/data/classic/tsplib/kroA150.tsp,polyak,698,polyak,698,26271.89179451995,26271.891845402915,26524
/Users/a/Ayanami/code/TSP/data/classic/tsplib/kroA150.tsp,polyak,699,polyak,699,26271.883005875989,26271.891845402915,26524
/Users/a/Ayanami/code/TSP/data/classic/tsplib/kroA150.tsp,polyak,700,polyak,700,26271.888395177284,26271.891845402915,26524
/Users/a/Ayanami/code/TSP/data/classic/tsplib/kroA150.tsp,polyak,701,polyak,701,26271.891519201679,26271.891845402915,26524
/Users/a/Ayanami/code/TSP/data/classic/tsplib/kroA150.tsp,polyak,702,polyak,702,26271.891984323363,26271.891984323363,26524
/Users/a/Ayanami/code/TSP/data/classic/tsplib/kroA150.tsp,polyak,703,polyak,703,26271.888577293561,26271.891984323363,26524
/Users/a/Ayanami/code/TSP/data/classic/tsplib/kroA150.tsp,polyak,704,polyak,704,26271.891324647415,26271.891984323363,26524
/Users/a/Ayanami/code/TSP/data/classic/tsplib/kroA150.tsp,polyak,705,polyak,705,26271.888824685462,26271.891984323363,26524
/Users/a/Ayanami/code/TSP/data/classic/tsplib/kroA150.tsp,polyak,706,polyak,706,26271.891698935167,26271.891984323363,26524
/Users/a/Ayanami/code/TSP/data/classic/tsplib/kroA150.tsp,polyak,707,polyak,707,26271.889785679385,26271.891984323363,26524
/Users/a/Ayanami/code/TSP/data/classic/tsplib/kroA150.tsp,polyak,708,polyak,708,26271.894413440201,26271.894413440201,26524
/Users/a/Ayanami/code/TSP/data/classic/tsplib/kroA150.tsp,polyak,709,polyak,709,26271.884624482489,26271.894413440201,26524
/Users/a/Ayanami/code/TSP/data/classic/tsplib/kroA150.tsp,polyak,710,polyak,710,26271.891792906365,26271.894413440201,26524
/Users/a/Ayanami/code/TSP/data/classic/tsplib/kroA150.tsp,polyak,711,polyak,711,26271.894068429916,26271.894413440201,26524
/Users/a/Ayanami/code/TSP/data/classic/tsplib/kroA150.tsp,polyak,712,polyak,712,26271.890667397718,26271.894413440201,26524
/Users/a/Ayanami/code/TSP/data/classic/tsplib/kroA150.tsp,polyak,713,polyak,713,26271.891207259858,26271.894413440201,26524
/Users/a/Ayanami/code/TSP/data/classic/tsplib/kroA150.tsp,polyak,714,polyak,714,26271.893182947591,26271.894413440201,26524
/Users/a/Ayanami/code/TSP/data/classic/tsplib/kroA150.tsp,polyak,715,polyak,715,26271.891043586103,26271.894413440201,26524
/Users/a/Ayanami/code/TSP/data/classic/tsplib/kroA150.tsp,polyak,716,polyak,716,26271.893734051922,26271.894413440201,26524
/Users/a/Ayanami/code/TSP/data/classic/tsplib/kroA150.tsp,polyak,717,polyak,717,26271.888411603875,26271.894413440201,26524
/Users/a/Ayanami/code/TSP/data/classic/tsplib/kroA150.tsp,polyak,718,polyak,718,26271.895470425243,26271.895470425243,26524
/Users/a/Ayanami/code/TSP/data/classic/tsplib/kroA150.tsp,polyak,719,polyak,719,26271.885261496751,26271.895470425243,26524
/Users/a/Ayanami/code/TSP/data/classic/tsplib/kroA150.tsp,polyak,720,polyak,720,26271.89254208226,26271.895470425243,26524
/Users/a/Ayanami/code/TSP/data/classic/tsplib/kroA150.tsp,polyak,721,polyak,721,26271.894795212553,26271.895470425243,26524
/Users/a/Ayanami/code/TSP/data/classic/tsplib/kroA150.tsp,polyak,722,polyak,722,26271.892590403313,26271.895470425243,26524
/Users/a/Ayanami/code/TSP/data/classic/tsplib/kroA150.tsp,polyak,723,polyak,723,26271.887527468058,26271.895470425243,26524
/Users/a/Ayanami/code/TSP/data/classic/tsplib/kroA150.tsp,polyak,724,polyak,724,26271.890690347664,26271.895470425243,26524
/Users/a/Ayanami/code/TSP/data/classic/tsplib/kroA150.tsp,polyak,725,polyak,725,26271.891663409522,26271.895470425243,26524
/Users/a/Ayanami/code/TSP/data/classic/tsplib/kroA150.tsp,polyak,726,polyak,726,26271.896055090845,26271.896055090845,26524
/Users/a/Ayanami/code/TSP/data/classic/tsplib/kroA150.tsp,polyak,727,polyak,727,26271.886604845207,26271.896055090845,26524
/Users/a/Ayanami/code/TSP/data/classic/tsplib/kroA150.tsp,polyak,728,polyak,728,26271.893912480071,26271.896055090845,26524
/Users/a/Ayanami/code/TSP/data/classic/tsplib/kroA150.tsp,polyak,729,polyak,729,26271.887986393096,26271.896055090845,26524
/Users/a/Ayanami/code/TSP/data/classic/tsplib/kroA150.tsp,polyak,730,polyak,730,26271.892954943727,26271.896055090845,26524
/Users/a/Ayanami/code/TSP/data/classic/tsplib/kroA150.tsp,polyak,731,polyak,731,26271.894995996834,26271.896055090845,26524
/Users/a/Ayanami/code/TSP/data/classic/tsplib/kroA150.tsp,polyak,732,polyak,732,26271.89260874104,26271.896055090845,26524
/Users/a/Ayanami/code/TSP/data/classic/tsplib/kroA150.tsp,polyak,733,polyak,733,26271.894095944277,26271.896055090845,26524
/Users/a/Ayanami/code/TSP/data/classic/tsplib/kroA150.tsp,polyak,734,polyak,734,26271.895720335171,26271.896055090845,26524
/Users/a/Ayanami/code/TSP/data/classic/tsplib/kroA150.tsp,polyak,735,polyak,735,26271.889080242487,26271.896055090845,26524
/Users/a/Ayanami/code/TSP/data/classic/tsplib/kroA150.tsp,polyak,736,polyak,736,26271.896535358279,26271.896535358279,26524
/Users/a/Ayanami/code/TSP/data/classic/tsplib/kroA150.tsp,polyak,737,polyak,737,26271.888703918543,26271.896535358279,26524
/Users/a/Ayanami/code/TSP/data/classic/tsplib/kroA150.tsp,polyak,738,polyak,738,26271.896481145788,26271.896535358279,26524
/Users/a/Ayanami/code/TSP/data/classic/tsplib/kroA150.tsp,polyak,739,polyak,739,26271.88935258978,26271.896535358279,26524
/Users/a/Ayanami/code/TSP/data/classic/tsplib/kroA150.tsp,polyak,740,polyak,740,26271.896878687559,26271.896878687559,26524
/Users/a/Ayanami/code/TSP/data/classic/tsplib/kroA150.tsp,polyak,741,polyak,741,26271.896019966134,26271.896878687559,26524
/Users/a/Ayanami/code/TSP/data/classic/tsplib/kroA150.tsp,polyak,742,polyak,742,26271.889740557144,26271.896878687559,26524
/Users/a/Ayanami/code/TSP/data/classic/tsplib/kroA150.tsp,polyak,743,polyak,743,26271.897690216429,26271.897690216429,26524
/Users/a/Ayanami/code/TSP/data/classic/tsplib/kroA150.tsp,polyak,744,polyak,744,26271.895015430906,26271.897690216429,26524
/Users/a/Ayanami/code/TSP/data/classic/tsplib/kroA150.tsp,polyak,745,polyak,745,26271.893487944395,26271.897690216429,26524
/Users/a/Ayanami/code/TSP/data/classic/tsplib/kroA150.tsp,polyak,746,polyak,746,26271.89603642271,26271.897690216429,26524
/Users/a/Ayanami/code/TSP/data/classic/tsplib/kroA150.tsp,polyak,747,polyak,747,26271.891105652627,26271.897690216429,26524
/Users/a/Ayanami/code/TSP/data/classic/tsplib/kroA150.tsp,polyak,748,polyak,748,26271.895287891402,26271.897690216429,26524
/Users/a/Ayanami/code/TSP/data/classic/tsplib/kroA150.tsp,polyak,749,polyak,749,26271.891028768347,26271.897690216429,26524
/Users/a/Ayanami/code/TSP/data/classic/tsplib/kroA150.tsp,polyak,750,polyak,750,26271.895004140893,26271.897690216429,26524
/Users/a/Ayanami/code/TSP/data/classic/tsplib/kroA150.tsp,polyak,751,polyak,751,26271.897040170436,26271.897690216429,26524
/Users/a/Ayanami/code/TSP/data/classic/tsplib/kroA150.tsp,polyak,752,polyak,752,26271.890333721483,26271.897690216429,26524
/Users/a/Ayanami/code/TSP/data/classic/tsplib/kroA150.tsp,polyak,753,polyak,753,26271.896633901059,26271.897690216429,26524
/Users/a/Ayanami/code/TSP/data/classic/tsplib/kroA150.tsp,polyak,754,polyak,754,26271.896217017205,26271.897690216429,26524
/Users/a/Ayanami/code/TSP/data/classic/tsplib/kroA150.tsp,polyak,755,polyak,755,26271.895575791819,26271.897690216429,26524
/Users/a/Ayanami/code/TSP/data/classic/tsplib/kroA150.tsp,polyak,756,polyak,756,26271.894030368534,26271.897690216429,26524
/Users/a/Ayanami/code/TSP/data/classic/tsplib/kroA150.tsp,polyak,757,polyak,757,26271.89719004041,26271.897690216429,26524
/Users/a/Ayanami/code/TSP/data/classic/tsplib/kroA150.tsp,polyak,758,polyak,758,26271.896901959888,26271.897690216429,26524
/Users/a/Ayanami/code/TSP/data/classic/tsplib/kroA150.tsp,polyak,759,polyak,759,26271.898524429889,26271.898524429889,26524
/Users/a/Ayanami/code/TSP/data/classic/tsplib/kroA150.tsp,polyak,760,polyak,760,26271.898919708663,26271.898919708663,26524
/Users/a/Ayanami/code/TSP/data/classic/tsplib/kroA150.tsp,polyak,761,polyak,761,26271.897456153732,26271.898919708663,26524
/Users/a/Ayanami/code/TSP/data/classic/tsplib/kroA150.tsp,polyak,762,polyak,762,26271.899726621759,26271.899726621759,26524
/Users/a/Ayanami/code/TSP/data/classic/tsplib/kroA150.tsp,polyak,763,polyak,763,26271.89712192395,26271.899726621759,26524
/Users/a/Ayanami/code/TSP/data/classic/tsplib/kroA150.tsp,polyak,764,polyak,764,26271.899700293659,26271.899726621759,26524
/Users/a/Ayanami/code/TSP/data/classic/tsplib/kroA150.tsp,polyak,765,polyak,765,26271.898982879236,26271.899726621759,26524
/Users/a/Ayanami/code/TSP/data/classic/tsplib/kroA150.tsp,polyak,766,polyak,766,26271.89939299459,26271.899726621759,26524
/Users/a/Ayanami/code/TSP/data/classic/tsplib/kroA150.tsp,polyak,767,polyak,767,26271.899673490756,26271.899726621759,26524
/Users/a/Ayanami/code/TSP/data/classic/tsplib/kroA150.tsp,polyak,768,polyak,768,26271.896074532095,26271.899726621759,26524
/Users/a/Ayanami/code/TSP/data/classic/tsplib/kroA150.tsp,polyak,769,polyak,769,26271.899997761713,26271.899997761713,26524
/Users/a/Ayanami/code/TSP/data/classic/tsplib/kroA150.tsp,polyak,770,polyak,770,26271.896629440096,26271.899997761713,26524
/Users/a/Ayanami/code/TSP/data/classic/tsplib/kroA150.tsp,polyak,771,polyak,771,26271.900865821412,26271.900865821412,26524
/Users/a/Ayanami/code/TSP/data/classic/tsplib/kroA150.tsp,polyak,772,polyak,772,26271.896989436587,26271.900865821412,26524
/Users/a/Ayanami/code/TSP/data/classic/tsplib/kroA150.tsp,polyak,773,polyak,773,26271.901159808938,26271.901159808938,26524
/Users/a/Ayanami/code/TSP/data/classic/tsplib/kroA150.tsp,polyak,774,polyak,774,26271.901034853698,26271.901159808938,26524
/Users/a/Ayanami/code/TSP/data/classic/tsplib/kroA150.tsp,polyak,775,polyak,775,26271.900191420391,26271.901159808938,26524
/Users/a/Ayanami/code/TSP/data/classic/tsplib/kroA150.tsp,polyak,776,polyak,776,26271.900650603569,26271.901159808938,26524
/Users/a/Ayanami/code/TSP/data/classic/tsplib/kroA150.tsp,polyak,777,polyak,777,26271.900598724504,26271.901159808938,26524
/Users/a/Ayanami/code/TSP/data/classic/tsplib/kroA150.tsp,polyak,778,polyak,778,26271.899336860577,26271.901159808938,26524
/Users/a/Ayanami/code/TSP/data/classic/tsplib/kroA150.tsp,polyak,779,polyak,779,26271.900549327915,26271.901159808938,26524
/Users/a/Ayanami/code/TSP/data/classic/tsplib/kroA150.tsp,polyak,780,polyak,780,26271.901071279222,26271.901159808938,26524
/Users/a/Ayanami/code/TSP/data/classic/tsplib/kroA150.tsp,polyak,781,polyak,781,26271.90029433545,26271.901159808938,26524
/Users/a/Ayanami/code/TSP/data/classic/tsplib/kroA150.tsp,polyak,782,polyak,782,26271.901330699653,26271.901330699653,26524
/Users/a/Ayanami/code/TSP/data/classic/tsplib/kroA150.tsp,polyak,783,polyak,783,26271.897635262503,26271.901330699653,26524
/Users/a/Ayanami/code/TSP/data/classic/tsplib/kroA150.tsp,polyak,784,polyak,784,26271.901656939692,26271.901656939692,26524
/Users/a/Ayanami/code/TSP/data/classic/tsplib/kroA150.tsp,polyak,785,polyak,785,26271.899926019902,26271.901656939692,26524
/Users/a/Ayanami/code/TSP/data/classic/tsplib/kroA150.tsp,polyak,786,polyak,786,26271.901116945268,26271.901656939692,26524
/Users/a/Ayanami/code/TSP/data/classic/tsplib/kroA150.tsp,polyak,787,polyak,787,26271.902384899404,26271.902384899404,26524
/Users/a/Ayanami/code/TSP/data/classic/tsplib/kroA150.tsp,polyak,788,polyak,788,26271.897040087792,26271.902384899404,26524
/Users/a/Ayanami/code/TSP/data/classic/tsplib/kroA150.tsp,polyak,789,polyak,789,26271.901411344646,26271.902384899404,26524
/Users/a/Ayanami/code/TSP/data/classic/tsplib/kroA150.tsp,polyak,790,polyak,790,26271.90212368131,26271.902384899404,26524
/Users/a/Ayanami/code/TSP/data/classic/tsplib/kroA150.tsp,polyak,791,polyak,791,26271.900316741259,26271.902384899404,26524
/Users/a/Ayanami/code/TSP/data/classic/tsplib/kroA150.tsp,polyak,792,polyak,792,26271.902458114426,26271.902458114426,26524
/Users/a/Ayanami/code/TSP/data/classic/tsplib/kroA150.tsp,polyak,793,polyak,793,26271.897691808015,26271.902458114426,26524
/Users/a/Ayanami/code/TSP/data/classic/tsplib/kroA150.tsp,polyak,794,polyak,794,26271.901752684767,26271.902458114426,26524
/Users/a/Ayanami/code/TSP/data/classic/tsplib/kroA150.tsp,polyak,795,polyak,795,26271.901236290254,26271.902458114426,26524
/Users/a/Ayanami/code/TSP/data/classic/tsplib/kroA150.tsp,polyak,796,polyak,796,26271.901736252254,26271.902458114426,26524
/Users/a/Ayanami/code/TSP/data/classic/tsplib/kroA150.tsp,polyak,797,polyak,797,26271.902324153849,26271.902458114426,26524
/Users/a/Ayanami/code/TSP/data/classic/tsplib/kroA150.tsp,polyak,798,polyak,798,26271.901937507846,26271.902458114426,26524
/Users/a/Ayanami/code/TSP/data/classic/tsplib/kroA150.tsp,polyak,799,polyak,799,26271.901104642162,26271.902458114426,26524
/Users/a/Ayanami/code/TSP/data/classic/tsplib/kroA150.tsp,polyak,800,polyak,800,26271.901254735832,26271.902458114426,26524
/Users/a/Ayanami/code/TSP/data/classic/tsplib/kroA150.tsp,polyak,801,polyak,801,26271.903270260405,26271.903270260405,26524
/Users/a/Ayanami/code/TSP/data/classic/tsplib/kroA150.tsp,polyak,802,polyak,802,26271.901354037513,26271.903270260405,26524
/Users/a/Ayanami/code/TSP/data/classic/tsplib/kroA150.tsp,polyak,803,polyak,803,26271.902327468124,26271.903270260405,26524
/Users/a/Ayanami/code/TSP/data/classic/tsplib/kroA150.tsp,polyak,804,polyak,804,26271.901771384382,26271.903270260405,26524
/Users/a/Ayanami/code/TSP/data/classic/tsplib/kroA150.tsp,polyak,805,polyak,805,26271.902719075297,26271.903270260405,26524
/Users/a/Ayanami/code/TSP/data/classic/tsplib/kroA150.tsp,polyak,806,polyak,806,26271.901396653993,26271.903270260405,26524
/Users/a/Ayanami/code/TSP/data/classic/tsplib/kroA150.tsp,polyak,807,polyak,807,26271.902417363515,26271.903270260405,26524
/Users/a/Ayanami/code/TSP/data/classic/tsplib/kroA150.tsp,polyak,808,polyak,808,26271.901596796171,26271.903270260405,26524
/Users/a/Ayanami/code/TSP/data/classic/tsplib/kroA150.tsp,polyak,809,polyak,809,26271.903101650489,26271.903270260405,26524
/Users/a/Ayanami/code/TSP/data/classic/tsplib/kroA150.tsp,polyak,810,polyak,810,26271.902067714043,26271.903270260405,26524
/Users/a/Ayanami/code/TSP/data/classic/tsplib/kroA150.tsp,polyak,811,polyak,811,26271.902502079778,26271.903270260405,26524
/Users/a/Ayanami/code/TSP/data/classic/tsplib/kroA150.tsp,polyak,812,polyak,812,26271.90329356318,26271.90329356318,26524
/Users/a/Ayanami/code/TSP/data/classic/tsplib/kroA150.tsp,polyak,813,polyak,813,26271.899234486573,26271.90329356318,26524
/Users/a/Ayanami/code/TSP/data/classic/tsplib/kroA150.tsp,polyak,814,polyak,814,26271.902840302671,26271.90329356318,26524
/Users/a/Ayanami/code/TSP/data/classic/tsplib/kroA150.tsp,polyak,815,polyak,815,26271.904054157327,26271.904054157327,26524
/Users/a/Ayanami/code/TSP/data/classic/tsplib/kroA150.tsp,polyak,816,polyak,816,26271.902402430354,26271.904054157327,26524
/Users/a/Ayanami/code/TSP/data/classic/tsplib/kroA150.tsp,polyak,817,polyak,817,26271.903930293924,26271.904054157327,26524
/Users/a/Ayanami/code/TSP/data/classic/tsplib/kroA150.tsp,polyak,818,polyak,818,26271.899518952887,26271.904054157327,26524
/Users/a/Ayanami/code/TSP/data/classic/tsplib/kroA150.tsp,polyak,819,polyak,819,26271.902676409831,26271.904054157327,26524
/Users/a/Ayanami/code/TSP/data/classic/tsplib/kroA150.tsp,polyak,820,polyak,820,26271.903520193951,26271.904054157327,26524
/Users/a/Ayanami/code/TSP/data/classic/tsplib/kroA150.tsp,polyak,821,polyak,821,26271.901370923948,26271.904054157327,26524
/Users/a/Ayanami/code/TSP/data/classic/tsplib/kroA150.tsp,polyak,822,polyak,822,26271.903989422244,26271.904054157327,26524
/Users/a/Ayanami/code/TSP/data/classic/tsplib/kroA150.tsp,polyak,823,polyak,823,26271.901368770799,26271.904054157327,26524
/Users/a/Ayanami/code/TSP/data/classic/tsplib/kroA150.tsp,polyak,824,polyak,824,26271.904166082739,26271.904166082739,26524
/Users/a/Ayanami/code/TSP/data/classic/tsplib/kroA150.tsp,polyak,825,polyak,825,26271.902954675097,26271.904166082739,26524
/Users/a/Ayanami/code/TSP/data/classic/tsplib/kroA150.tsp,polyak,826,polyak,826,26271.903779432778,26271.904166082739,26524
/Users/a/Ayanami/code/TSP/data/classic/tsplib/kroA150.tsp,polyak,827,polyak,827,26271.903452563172,26271.904166082739,26524
/Users/a/Ayanami/code/TSP/data/classic/tsplib/kroA150.tsp,polyak,828,polyak,828,26271.902372868448,26271.904166082739,26524
/Users/a/Ayanami/code/TSP/data/classic/tsplib/kroA150.tsp,polyak,829,polyak,829,26271.903887560406,26271.904166082739,26524
/Users/a/Ayanami/code/TSP/data/classic/tsplib/kroA150.tsp,polyak,830,polyak,830,26271.902791933942,26271.904166082739,26524
/Users/a/Ayanami/code/TSP/data/classic/tsplib/kroA150.tsp,polyak,831,polyak,831,26271.903234013233,26271.904166082739,26524
/Users/a/Ayanami/code/TSP/data/classic/tsplib/kroA150.tsp,polyak,832,polyak,832,26271.904186469386,26271.904186469386,26524
/Users/a/Ayanami/code/TSP/data/classic/tsplib/kroA150.tsp,polyak,833,polyak,833,26271.902207469611,26271.904186469386,26524
/Users/a/Ayanami/code/TSP/data/classic/tsplib/kroA150.tsp,polyak,834,polyak,834,26271.904178884222,26271.904186469386,26524
/Users/a/Ayanami/code/TSP/data/classic/tsplib/kroA150.tsp,polyak,835,polyak,835,26271.904308657879,26271.904308657879,26524
/Users/a/Ayanami/code/TSP/data/classic/tsplib/kroA150.tsp,polyak,836,polyak,836,26271.901305185489,26271.904308657879,26524
/Users/a/Ayanami/code/TSP/data/classic/tsplib/kroA150.tsp,polyak,837,polyak,837,26271.904016503831,26271.904308657879,26524
/Users/a/Ayanami/code/TSP/data/classic/tsplib/kroA150.tsp,polyak,838,polyak,838,26271.902969286082,26271.904308657879,26524
/Users/a/Ayanami/code/TSP/data/classic/tsplib/kroA150.tsp,polyak,839,polyak,839,26271.904340722263,26271.904340722263,26524
/Users/a/Ayanami/code/TSP/data/classic/tsplib/kroA150.tsp,polyak,840,polyak,840,26271.903061351772,26271.904340722263,26524
/Users/a/Ayanami/code/TSP/data/classic/tsplib/kroA150.tsp,polyak,841,polyak,841,26271.903596527634,26271.904340722263,26524
/Users/a/Ayanami/code/TSP/data/classic/tsplib/kroA150.tsp,polyak,842,polyak,842,26271.902908156189,26271.904340722263,26524
/Users/a/Ayanami/code/TSP/data/classic/tsplib/kroA150.tsp,polyak,843,polyak,843,26271.905229190073,26271.905229190073,26524
/Users/a/Ayanami/code/TSP/data/classic/tsplib/kroA150.tsp,polyak,844,polyak,844,26271.901025023773,26271.905229190073,26524
/Users/a/Ayanami/code/TSP/data/classic/tsplib/kroA150.tsp,polyak,845,polyak,845,26271.905228203537,26271.905229190073,26524
/Users/a/Ayanami/code/TSP/data/classic/tsplib/kroA150.tsp,polyak,846,polyak,846,26271.903472115497,26271.905229190073,26524
/Users/a/Ayanami/code/TSP/data/classic/tsplib/kroA150.tsp,polyak,847,polyak,847,26271.905545959729,26271.905545959729,26524
/Users/a/Ayanami/code/TSP/data/classic/tsplib/kroA150.tsp,polyak,848,polyak,848,26271.901610063782,26271.905545959729,26524
/Users/a/Ayanami/code/TSP/data/classic/tsplib/kroA150.tsp,polyak,849,polyak,849,26271.904698884195,26271.905545959729,26524
/Users/a/Ayanami/code/TSP/data/classic/tsplib/kroA150.tsp,polyak,850,polyak,850,26271.904448712161,26271.905545959729,26524
/Users/a/Ayanami/code/TSP/data/classic/tsplib/kroA150.tsp,polyak,851,polyak,851,26271.904652419053,26271.905545959729,26524
/Users/a/Ayanami/code/TSP/data/classic/tsplib/kroA150.tsp,polyak,852,polyak,852,26271.903188204877,26271.905545959729,26524
/Users/a/Ayanami/code/TSP/data/classic/tsplib/kroA150.tsp,polyak,853,polyak,853,26271.905392211094,26271.905545959729,26524
/Users/a/Ayanami/code/TSP/data/classic/tsplib/kroA150.tsp,polyak,854,polyak,854,26271.903925641076,26271.905545959729,26524
/Users/a/Ayanami/code/TSP/data/classic/tsplib/kroA150.tsp,polyak,855,polyak,855,26271.905209687717,26271.905545959729,26524
/Users/a/Ayanami/code/TSP/data/classic/tsplib/kroA150.tsp,polyak,856,polyak,856,26271.904016754048,26271.905545959729,26524
/Users/a/Ayanami/code/TSP/data/classic/tsplib/kroA150.tsp,polyak,857,polyak,857,26271.904340862711,26271.905545959729,26524
/Users/a/Ayanami/code/TSP/data/classic/tsplib/kroA150.tsp,polyak,858,polyak,858,26271.903600506143,26271.905545959729,26524
/Users/a/Ayanami/code/TSP/data/classic/tsplib/kroA150.tsp,polyak,859,polyak,859,26271.905056555945,26271.905545959729,26524
/Users/a/Ayanami/code/TSP/data/classic/tsplib/kroA150.tsp,helsgaun,1,helsgaun,1,23845,23845,26524
/Users/a/Ayanami/code/TSP/data/classic/tsplib/kroA150.tsp,helsgaun,2,helsgaun,2,23916,23916,26524
/Users/a/Ayanami/code/TSP/data/classic/tsplib/kroA150.tsp,helsgaun,3,helsgaun,3,24036,24036,26524
/Users/a/Ayanami/code/TSP/data/classic/tsplib/kroA150.tsp,helsgaun,4,helsgaun,4,24236.600000000002,24236.600000000002,26524
/Users/a/Ayanami/code/TSP/data/classic/tsplib/kroA150.tsp,helsgaun,5,helsgaun,5,24525.800000000007,24525.800000000007,26524
/Users/a/Ayanami/code/TSP/data/classic/tsplib/kroA150.tsp,helsgaun,6,helsgaun,6,24885.199999999993,24885.199999999993,26524
/Users/a/Ayanami/code/TSP/data/classic/tsplib/kroA150.tsp,helsgaun,7,helsgaun,7,24934.800000000007,24934.800000000007,26524
/Users/a/Ayanami/code/TSP/data/classic/tsplib/kroA150.tsp,helsgaun,8,helsgaun,8,24472.400000000005,24934.800000000007,26524
/Users/a/Ayanami/code/TSP/data/classic/tsplib/kroA150.tsp,helsgaun,9,helsgaun,9,24114.799999999999,24934.800000000007,26524
/Users/a/Ayanami/code/TSP/data/classic/tsplib/kroA150.tsp,helsgaun,10,helsgaun,10,24063.599999999999,24934.800000000007,26524
/Users/a/Ayanami/code/TSP/data/classic/tsplib/kroA150.tsp,helsgaun,11,helsgaun,11,24558.200000000012,24934.800000000007,26524
/Users/a/Ayanami/code/TSP/data/classic/tsplib/kroA150.tsp,helsgaun,12,helsgaun,12,24199.200000000001,24934.800000000007,26524
/Users/a/Ayanami/code/TSP/data/classic/tsplib/kroA150.tsp,helsgaun,13,helsgaun,13,24368.800000000003,24934.800000000007,26524
/Users/a/Ayanami/code/TSP/data/classic/tsplib/kroA150.tsp,helsgaun,14,helsgaun,14,24436.400000000005,24934.800000000007,26524
/Users/a/Ayanami/code/TSP/data/classic/tsplib/kroA150.tsp,helsgaun,15,helsgaun,15,24312.799999999999,24934.800000000007,26524
/Users/a/Ayanami/code/TSP/data/classic/tsplib/kroA150.tsp,helsgaun,16,helsgaun,16,23993.800000000007,24934.800000000007,26524
/Users/a/Ayanami/code/TSP/data/classic/tsplib/kroA150.tsp,helsgaun,17,helsgaun,17,24230.000000000004,24934.800000000007,26524
/Users/a/Ayanami/code/TSP/data/classic/tsplib/kroA150.tsp,helsgaun,18,helsgaun,18,24176.999999999993,24934.800000000007,26524
/Users/a/Ayanami/code/TSP/data/classic/tsplib/kroA150.tsp,helsgaun,19,helsgaun,19,23967.600000000002,24934.800000000007,26524
/Users/a/Ayanami/code/TSP/data/classic/tsplib/kroA150.tsp,helsgaun,20,helsgaun,20,24412.199999999986,24934.800000000007,26524
/Users/a/Ayanami/code/TSP/data/classic/tsplib/kroA150.tsp,helsgaun,21,helsgaun,21,24263.600000000002,24934.800000000007,26524
/Users/a/Ayanami/code/TSP/data/classic/tsplib/kroA150.tsp,helsgaun,22,helsgaun,22,24435.400000000009,24934.800000000007,26524
/Users/a/Ayanami/code/TSP/data/classic/tsplib/kroA150.tsp,helsgaun,23,helsgaun,23,24286.800000000007,24934.800000000007,26524
/Users/a/Ayanami/code/TSP/data/classic/tsplib/kroA150.tsp,helsgaun,24,helsgaun,24,24432.399999999994,24934.800000000007,26524
/Users/a/Ayanami/code/TSP/data/classic/tsplib/kroA150.tsp,helsgaun,25,helsgaun,25,24000.800000000003,24934.800000000007,26524
/Users/a/Ayanami/code/TSP/data/classic/tsplib/kroA150.tsp,helsgaun,26,helsgaun,26,24436.80000000001,24934.800000000007,26524
/Users/a/Ayanami/code/TSP/data/classic/tsplib/kroA150.tsp,helsgaun,27,helsgaun,27,24551.000000000004,24934.800000000007,26524
/Users/a/Ayanami/code/TSP/data/classic/tsplib/kroA150.tsp,helsgaun,28,helsgaun,28,24500.200000000008,24934.800000000007,26524
/Users/a/Ayanami/code/TSP/data/classic/tsplib/kroA150.tsp,helsgaun,29,helsgaun,29,24310.399999999998,24934.800000000007,26524
/Users/a/Ayanami/code/TSP/data/classic/tsplib/kroA150.tsp,helsgaun,30,helsgaun,30,24156.400000000001,24934.800000000007,26524
/Users/a/Ayanami/code/TSP/data/classic/tsplib/kroA150.tsp,helsgaun,31,helsgaun,31,24432.000000000007,24934.800000000007,26524
/Users/a/Ayanami/code/TSP/data/classic/tsplib/kroA150.tsp,helsgaun,32,helsgaun,32,24429.400000000012,24934.800000000007,26524
/Users/a/Ayanami/code/TSP/data/classic/tsplib/kroA150.tsp,helsgaun,33,helsgaun,33,24207.400000000009,24934.800000000007,26524
/Users/a/Ayanami/code/TSP/data/classic/tsplib/kroA150.tsp,helsgaun,34,helsgaun,34,24276.200000000001,24934.800000000007,26524
/Users/a/Ayanami/code/TSP/data/classic/tsplib/kroA150.tsp,helsgaun,35,helsgaun,35,24467.400000000001,24934.800000000007,26524
/Users/a/Ayanami/code/TSP/data/classic/tsplib/kroA150.tsp,helsgaun,36,helsgaun,36,24619.400000000009,24934.800000000007,26524
/Users/a/Ayanami/code/TSP/data/classic/tsplib/kroA150.tsp,helsgaun,37,helsgaun,37,24020.40000000002,24934.800000000007,26524
/Users/a/Ayanami/code/TSP/data/classic/tsplib/kroA150.tsp,helsgaun,38,helsgaun,38,24647.200000000012,24934.800000000007,26524
/Users/a/Ayanami/code/TSP/data/classic/tsplib/kroA150.tsp,helsgaun,39,helsgaun,39,24290.200000000012,24934.800000000007,26524
/Users/a/Ayanami/code/TSP/data/classic/tsplib/kroA150.tsp,helsgaun,40,helsgaun,40,24639.200000000008,24934.800000000007,26524
/Users/a/Ayanami/code/TSP/data/classic/tsplib/kroA150.tsp,helsgaun,41,helsgaun,41,24055.200000000004,24934.800000000007,26524
/Users/a/Ayanami/code/TSP/data/classic/tsplib/kroA150.tsp,helsgaun,42,helsgaun,42,24493.600000000002,24934.800000000007,26524
/Users/a/Ayanami/code/TSP/data/classic/tsplib/kroA150.tsp,helsgaun,43,helsgaun,43,24278.600000000006,24934.800000000007,26524
/Users/a/Ayanami/code/TSP/data/classic/tsplib/kroA150.tsp,helsgaun,44,helsgaun,44,24463.599999999999,24934.800000000007,26524
/Users/a/Ayanami/code/TSP/data/classic/tsplib/kroA150.tsp,helsgaun,45,helsgaun,45,24025.800000000014,24934.800000000007,26524
/Users/a/Ayanami/code/TSP/data/classic/tsplib/kroA150.tsp,helsgaun,46,helsgaun,46,24325.199999999997,24934.800000000007,26524
/Users/a/Ayanami/code/TSP/data/classic/tsplib/kroA150.tsp,helsgaun,47,helsgaun,47,24361.400000000001,24934.800000000007,26524
/Users/a/Ayanami/code/TSP/data/classic/tsplib/kroA150.tsp,helsgaun,48,helsgaun,48,24606.600000000006,24934.800000000007,26524
/Users/a/Ayanami/code/TSP/data/classic/tsplib/kroA150.tsp,helsgaun,49,helsgaun,49,24311.600000000006,24934.800000000007,26524
/Users/a/Ayanami/code/TSP/data/classic/tsplib/kroA150.tsp,helsgaun,50,helsgaun,50,24104.799999999996,24934.800000000007,26524
/Users/a/Ayanami/code/TSP/data/classic/tsplib/kroA150.tsp,helsgaun,51,helsgaun,51,24352.800000000003,24934.800000000007,26524
/Users/a/Ayanami/code/TSP/data/classic/tsplib/kroA150.tsp,helsgaun,52,helsgaun,52,23946.600000000002,24934.800000000007,26524
/Users/a/Ayanami/code/TSP/data/classic/tsplib/kroA150.tsp,helsgaun,53,helsgaun,53,24286.599999999995,24934.800000000007,26524
/Users/a/Ayanami/code/TSP/data/classic/tsplib/kroA150.tsp,helsgaun,54,helsgaun,54,24243.599999999999,24934.800000000007,26524
/Users/a/Ayanami/code/TSP/data/classic/tsplib/kroA150.tsp,helsgaun,55,helsgaun,55,24161.80000000001,24934.800000000007,26524
/Users/a/Ayanami/code/TSP/data/classic/tsplib/kroA150.tsp,helsgaun,56,helsgaun,56,24407.800000000007,24934.800000000007,26524
/Users/a/Ayanami/code/TSP/data/classic/tsplib/kroA150.tsp,helsgaun,57,helsgaun,57,23923.200000000004,24934.800000000007,26524
/Users/a/Ayanami/code/TSP/data/classic/tsplib/kroA150.tsp,helsgaun,58,helsgaun,58,24311.19999999999,24934.800000000007,26524
/Users/a/Ayanami/code/TSP/data/classic/tsplib/kroA150.tsp,helsgaun,59,helsgaun,59,24518.600000000013,24934.800000000007,26524
/Users/a/Ayanami/code/TSP/data/classic/tsplib/kroA150.tsp,helsgaun,60,helsgaun,60,23736.600000000002,24934.800000000007,26524
/Users/a/Ayanami/code/TSP/data/classic/tsplib/kroA150.tsp,helsgaun,61,helsgaun,61,24054.200000000004,24934.800000000007,26524
/Users/a/Ayanami/code/TSP/data/classic/tsplib/kroA150.tsp,helsgaun,62,helsgaun,62,24236.40000000002,24934.800000000007,26524
/Users/a/Ayanami/code/TSP/data/classic/tsplib/kroA150.tsp,helsgaun,63,helsgaun,63,24519.599999999999,24934.800000000007,26524
/Users/a/Ayanami/code/TSP/data/classic/tsplib/kroA150.tsp,helsgaun,64,helsgaun,64,23972.800000000007,24934.800000000007,26524
/Users/a/Ayanami/code/TSP/data/classic/tsplib/kroA150.tsp,helsgaun,65,helsgaun,65,24311.600000000002,24934.800000000007,26524
/Users/a/Ayanami/code/TSP/data/classic/tsplib/kroA150.tsp,helsgaun,66,helsgaun,66,24019.000000000007,24934.800000000007,26524
/Users/a/Ayanami/code/TSP/data/classic/tsplib/kroA150.tsp,helsgaun,67,helsgaun,67,24415.200000000001,24934.800000000007,26524
/Users/a/Ayanami/code/TSP/data/classic/tsplib/kroA150.tsp,helsgaun,68,helsgaun,68,23931.80000000001,24934.800000000007,26524
/Users/a/Ayanami/code/TSP/data/classic/tsplib/kroA150.tsp,helsgaun,69,helsgaun,69,24419.200000000012,24934.800000000007,26524
/Users/a/Ayanami/code/TSP/data/classic/tsplib/kroA150.tsp,helsgaun,70,helsgaun,70,24204.600000000002,24934.800000000007,26524
/Users/a/Ayanami/code/TSP/data/classic/tsplib/kroA150.tsp,helsgaun,71,helsgaun,71,24146.799999999999,24934.800000000007,26524
/Users/a/Ayanami/code/TSP/data/classic/tsplib/kroA150.tsp,helsgaun,72,helsgaun,72,24144.80000000001,24934.800000000007,26524
/Users/a/Ayanami/code/TSP/data/classic/tsplib/kroA150.tsp,helsgaun,73,helsgaun,73,23973.199999999997,24934.800000000007,26524
/Users/a/Ayanami/code/TSP/data/classic/tsplib/kroA150.tsp,helsgaun,74,helsgaun,74,24211.600000000002,24934.800000000007,26524
/Users/a/Ayanami/code/TSP/data/classic/tsplib/kroA150.tsp,helsgaun,75,helsgaun,75,24661.800000000014,24934.800000000007,26524
/Users/a/Ayanami/code/TSP/data/classic/tsplib/kroA150.tsp,helsgaun,76,helsgaun,76,24211.800000000007,24934.800000000007,26524
/Users/a/Ayanami/code/TSP/data/classic/tsplib/kroA150.tsp,helsgaun,77,helsgaun,77,25231.600000000006,25231.600000000006,26524
/Users/a/Ayanami/code/TSP/data/classic/tsplib/kroA150.tsp,helsgaun,78,helsgaun,78,25299.000000000004,25299.000000000004,26524
/Users/a/Ayanami/code/TSP/data/classic/tsplib/kroA150.tsp,helsgaun,79,helsgaun,79,25585.199999999997,25585.199999999997,26524
/Users/a/Ayanami/code/TSP/data/classic/tsplib/kroA150.tsp,helsgaun,80,helsgaun,80,25602.600000000013,25602.600000000013,26524
/Users/a/Ayanami/code/TSP/data/classic/tsplib/kroA150.tsp,helsgaun,81,helsgaun,81,25684.400000000016,25684.400000000016,26524
/Users/a/Ayanami/code/TSP/data/classic/tsplib/kroA150.tsp,helsgaun,82,helsgaun,82,25699,25699,26524
/Users/a/Ayanami/code/TSP/data/classic/tsplib/kroA150.tsp,helsgaun,83,helsgaun,83,25663.200000000008,25699,26524
/Users/a/Ayanami/code/TSP/data/classic/tsplib/kroA150.tsp,helsgaun,84,helsgaun,84,25870.400000000001,25870.400000000001,26524
/Users/a/Ayanami/code/TSP/data/classic/tsplib/kroA150.tsp,helsgaun,85,helsgaun,85,25648.400000000001,25870.400000000001,26524
/Users/a/Ayanami/code/TSP/data/classic/tsplib/kroA150.tsp,helsgaun,86,helsgaun,86,25739.600000000009,25870.400000000001,26524
/Users/a/Ayanami/code/TSP/data/classic/tsplib/kroA150.tsp,helsgaun,87,helsgaun,87,25671.200000000004,25870.400000000001,26524
/Users/a/Ayanami/code/TSP/data/classic/tsplib/kroA150.tsp,helsgaun,88,helsgaun,88,25601.799999999999,25870.400000000001,26524
/Users/a/Ayanami/code/TSP/data/classic/tsplib/kroA150.tsp,helsgaun,89,helsgaun,89,25681.800000000003,25870.400000000001,26524
/Users/a/Ayanami/code/TSP/data/classic/tsplib/kroA150.tsp,helsgaun,90,helsgaun,90,25753.800000000007,25870.400000000001,26524
/Users/a/Ayanami/code/TSP/data/classic/tsplib/kroA150.tsp,helsgaun,91,helsgaun,91,25720.000000000007,25870.400000000001,26524
/Users/a/Ayanami/code/TSP/data/classic/tsplib/kroA150.tsp,helsgaun,92,helsgaun,92,25637.399999999998,25870.400000000001,26524
/Users/a/Ayanami/code/TSP/data/classic/tsplib/kroA150.tsp,helsgaun,93,helsgaun,93,25714.400000000001,25870.400000000001,26524
/Users/a/Ayanami/code/TSP/data/classic/tsplib/kroA150.tsp,helsgaun,94,helsgaun,94,25714.999999999996,25870.400000000001,26524
/Users/a/Ayanami/code/TSP/data/classic/tsplib/kroA150.tsp,helsgaun,95,helsgaun,95,25679.599999999999,25870.400000000001,26524
/Users/a/Ayanami/code/TSP/data/classic/tsplib/kroA150.tsp,helsgaun,96,helsgaun,96,25613.399999999991,25870.400000000001,26524
/Users/a/Ayanami/code/TSP/data/classic/tsplib/kroA150.tsp,helsgaun,97,helsgaun,97,25715.599999999999,25870.400000000001,26524
/Users/a/Ayanami/code/TSP/data/classic/tsplib/kroA150.tsp,helsgaun,98,helsgaun,98,25690.000000000004,25870.400000000001,26524
/Users/a/Ayanami/code/TSP/data/classic/tsplib/kroA150.tsp,helsgaun,99,helsgaun,99,25650.400000000001,25870.400000000001,26524
/Users/a/Ayanami/code/TSP/data/classic/tsplib/kroA150.tsp,helsgaun,100,helsgaun,100,25668.000000000007,25870.400000000001,26524
/Users/a/Ayanami/code/TSP/data/classic/tsplib/kroA150.tsp,helsgaun,101,helsgaun,101,25702.599999999999,25870.400000000001,26524
/Users/a/Ayanami/code/TSP/data/classic/tsplib/kroA150.tsp,helsgaun,102,helsgaun,102,25664.799999999992,25870.400000000001,26524
/Users/a/Ayanami/code/TSP/data/classic/tsplib/kroA150.tsp,helsgaun,103,helsgaun,103,25579.200000000004,25870.400000000001,26524
/Users/a/Ayanami/code/TSP/data/classic/tsplib/kroA150.tsp,helsgaun,104,helsgaun,104,25672.199999999997,25870.400000000001,26524
/Users/a/Ayanami/code/TSP/data/classic/tsplib/kroA150.tsp,helsgaun,105,helsgaun,105,25516.400000000005,25870.400000000001,26524
/Users/a/Ayanami/code/TSP/data/classic/tsplib/kroA150.tsp,helsgaun,106,helsgaun,106,25707.200000000004,25870.400000000001,26524
/Users/a/Ayanami/code/TSP/data/classic/tsplib/kroA150.tsp,helsgaun,107,helsgaun,107,25602.600000000009,25870.400000000001,26524
/Users/a/Ayanami/code/TSP/data/classic/tsplib/kroA150.tsp,helsgaun,108,helsgaun,108,25777.200000000012,25870.400000000001,26524
/Users/a/Ayanami/code/TSP/data/classic/tsplib/kroA150.tsp,helsgaun,109,helsgaun,109,25587.800000000007,25870.400000000001,26524
/Users/a/Ayanami/code/TSP/data/classic/tsplib/kroA150.tsp,helsgaun,110,helsgaun,110,25671.600000000002,25870.400000000001,26524
/Users/a/Ayanami/code/TSP/data/classic/tsplib/kroA150.tsp,helsgaun,111,helsgaun,111,25595.200000000008,25870.400000000001,26524
/Users/a/Ayanami/code/TSP/data/classic/tsplib/kroA150.tsp,helsgaun,112,helsgaun,112,25574.799999999996,25870.400000000001,26524
/Users/a/Ayanami/code/TSP/data/classic/tsplib/kroA150.tsp,helsgaun,113,helsgaun,113,25620.000000000004,25870.400000000001,26524
/Users/a/Ayanami/code/TSP/data/classic/tsplib/kroA150.tsp,helsgaun,114,helsgaun,114,25899.199999999997,25899.199999999997,26524
/Users/a/Ayanami/code/TSP/data/classic/tsplib/kroA150.tsp,helsgaun,115,helsgaun,115,25969.199999999993,25969.199999999993,26524
/Users/a/Ayanami/code/TSP/data/classic/tsplib/kroA150.tsp,helsgaun,116,helsgaun,116,26052.400000000009,26052.400000000009,26524
/Users/a/Ayanami/code/TSP/data/classic/tsplib/kroA150.tsp,helsgaun,117,helsgaun,117,25998.400000000001,26052.400000000009,26524
/Users/a/Ayanami/code/TSP/data/classic/tsplib/kroA150.tsp,helsgaun,118,helsgaun,118,26081.400000000009,26081.400000000009,26524
/Users/a/Ayanami/code/TSP/data/classic/tsplib/kroA150.tsp,helsgaun,119,helsgaun,119,26062.800000000003,26081.400000000009,26524
/Users/a/Ayanami/code/TSP/data/classic/tsplib/kroA150.tsp,helsgaun,120,helsgaun,120,26043.400000000005,26081.400000000009,26524
/Users/a/Ayanami/code/TSP/data/classic/tsplib/kroA150.tsp,helsgaun,121,helsgaun,121,26064.000000000015,26081.400000000009,26524
/Users/a/Ayanami/code/TSP/data/classic/tsplib/kroA150.tsp,helsgaun,122,helsgaun,122,26073.000000000004,26081.400000000009,26524
/Users/a/Ayanami/code/TSP/data/classic/tsplib/kroA150.tsp,helsgaun,123,helsgaun,123,26079.799999999999,26081.400000000009,26524
/Users/a/Ayanami/code/TSP/data/classic/tsplib/kroA150.tsp,helsgaun,124,helsgaun,124,26072.800000000007,26081.400000000009,26524
/Users/a/Ayanami/code/TSP/data/classic/tsplib/kroA150.tsp,helsgaun,125,helsgaun,125,26023.200000000004,26081.400000000009,26524
/Users/a/Ayanami/code/TSP/data/classic/tsplib/kroA150.tsp,helsgaun,126,helsgaun,126,26058.799999999999,26081.400000000009,26524
/Users/a/Ayanami/code/TSP/data/classic/tsplib/kroA150.tsp,helsgaun,127,helsgaun,127,26023.000000000004,26081.400000000009,26524
/Users/a/Ayanami/code/TSP/data/classic/tsplib/kroA150.tsp,helsgaun,128,helsgaun,128,26054.399999999998,26081.400000000009,26524
/Users/a/Ayanami/code/TSP/data/classic/tsplib/kroA150.tsp,helsgaun,129,helsgaun,129,26097.400000000001,26097.400000000001,26524
/Users/a/Ayanami/code/TSP/data/classic/tsplib/kroA150.tsp,helsgaun,130,helsgaun,130,26026.400000000009,26097.400000000001,26524
/Users/a/Ayanami/code/TSP/data/classic/tsplib/kroA150.tsp,helsgaun,131,helsgaun,131,26092.399999999994,26097.400000000001,26524
/Users/a/Ayanami/code/TSP/data/classic/tsplib/kroA150.tsp,helsgaun,132,helsgaun,132,26165.000000000011,26165.000000000011,26524
/Users/a/Ayanami/code/TSP/data/classic/tsplib/kroA150.tsp,helsgaun,133,helsgaun,133,26162.200000000004,26165.000000000011,26524
/Users/a/Ayanami/code/TSP/data/classic/tsplib/kroA150.tsp,helsgaun,134,helsgaun,134,26182.599999999995,26182.599999999995,26524
/Users/a/Ayanami/code/TSP/data/classic/tsplib/kroA150.tsp,helsgaun,135,helsgaun,135,26186.000000000004,26186.000000000004,26524
/Users/a/Ayanami/code/TSP/data/classic/tsplib/kroA150.tsp,helsgaun,136,helsgaun,136,26204.799999999999,26204.799999999999,26524
/Users/a/Ayanami/code/TSP/data/classic/tsplib/kroA150.tsp,helsgaun,137,helsgaun,137,26161.000000000004,26204.799999999999,26524
/Users/a/Ayanami/code/TSP/data/classic/tsplib/kroA150.tsp,helsgaun,138,helsgaun,138,26200,26204.799999999999,26524
/Users/a/Ayanami/code/TSP/data/classic/tsplib/kroA150.tsp,helsgaun,139,helsgaun,139,26188.399999999994,26204.799999999999,26524
/Users/a/Ayanami/code/TSP/data/classic/tsplib/kroA150.tsp,helsgaun,140,helsgaun,140,26207.800000000003,26207.800000000003,26524
/Users/a/Ayanami/code/TSP/data/classic/tsplib/kroA150.tsp,helsgaun,141,helsgaun,141,26229,26229,26524
/Users/a/Ayanami/code/TSP/data/classic/tsplib/kroA150.tsp,helsgaun,142,helsgaun,142,26239.199999999993,26239.199999999993,26524
/Users/a/Ayanami/code/TSP/data/classic/tsplib/kroA150.tsp,helsgaun,143,helsgaun,143,26243.000000000011,26243.000000000011,26524
/Users/a/Ayanami/code/TSP/data/classic/tsplib/kroA150.tsp,helsgaun,144,helsgaun,144,26242.600000000002,26243.000000000011,26524
/Users/a/Ayanami/code/TSP/data/classic/tsplib/kroA150.tsp,helsgaun,145,helsgaun,145,26254.400000000009,26254.400000000009,26524
/Users/a/Ayanami/code/TSP/data/classic/tsplib/kroA150.tsp,helsgaun,146,helsgaun,146,26257.800000000003,26257.800000000003,26524
/Users/a/Ayanami/code/TSP/data/classic/tsplib/kroA150.tsp,helsgaun,147,helsgaun,147,26256.800000000003,26257.800000000003,26524
/Users/a/Ayanami/code/TSP/data/classic/tsplib/kroA150.tsp,helsgaun,148,helsgaun,148,26260.800000000003,26260.800000000003,26524
/Users/a/Ayanami/code/TSP/data/classic/tsplib/kroA150.tsp,helsgaun,149,helsgaun,149,26264.100000000002,26264.100000000002,26524
/Users/a/Ayanami/code/TSP/data/classic/tsplib/kroA150.tsp,helsgaun,150,helsgaun,150,26263.700000000001,26264.100000000002,26524
/Users/a/Ayanami/code/TSP/data/classic/tsplib/kroA150.tsp,helsgaun,151,helsgaun,151,26265.400000000001,26265.400000000001,26524
/Users/a/Ayanami/code/TSP/data/classic/tsplib/kroA150.tsp,helsgaun,152,helsgaun,152,26266.800000000003,26266.800000000003,26524
/Users/a/Ayanami/code/TSP/data/classic/tsplib/kroA150.tsp,helsgaun,153,helsgaun,153,26267.125000000004,26267.125000000004,26524
/Users/a/Ayanami/code/TSP/data/classic/tsplib/kroA150.tsp,helsgaun,154,helsgaun,154,26267.650000000001,26267.650000000001,26524
/Users/a/Ayanami/code/TSP/data/classic/tsplib/kroA150.tsp,helsgaun,155,helsgaun,155,26267.924999999999,26267.924999999999,26524
/Users/a/Ayanami/code/TSP/data/classic/tsplib/kroA150.tsp,helsgaun,156,helsgaun,156,26268.262500000012,26268.262500000012,26524
/Users/a/Ayanami/code/TSP/data/classic/tsplib/kroA150.tsp,helsgaun,157,helsgaun,157,26268.350000000006,26268.350000000006,26524
/Users/a/Ayanami/code/TSP/data/classic/tsplib/kroA150.tsp,helsgaun,158,helsgaun,158,26268.431250000005,26268.431250000005,26524
/Users/a/Ayanami/code/TSP/data/classic/tsplib/kroA150.tsp,helsgaun,159,helsgaun,159,26268.490625000009,26268.490625000009,26524
/Users/a/Ayanami/code/TSP/data/classic/tsplib/kroA150.tsp,helsgaun,160,helsgaun,160,26268.515625000007,26268.515625000007,26524
/Users/a/Ayanami/code/TSP/data/classic/tsplib/kroA150.tsp,helsgaun,161,helsgaun,161,26268.553125000006,26268.553125000006,26524
/Users/a/Ayanami/code/TSP/data/classic/tsplib/kroA150.tsp,helsgaun,162,helsgaun,162,26268.578125000004,26268.578125000004,26524
/Users/a/Ayanami/code/TSP/data/classic/tsplib/kroA150.tsp,helsgaun,163,helsgaun,163,26268.596875000003,26268.596875000003,26524
/Users/a/Ayanami/code/TSP/data/classic/tsplib/kroA150.tsp,helsgaun,164,helsgaun,164,26268.606250000008,26268.606250000008,26524
/Users/a/Ayanami/code/TSP/data/classic/tsplib/kroA150.tsp,helsgaun,165,helsgaun,165,26268.612109375001,26268.612109375001,26524
/Users/a/Ayanami/code/TSP/data/classic/tsplib/kroA150.tsp,helsgaun,166,helsgaun,166,26268.622265625003,26268.622265625003,26524
/Users/a/Ayanami/code/TSP/data/classic/tsplib/kroA150.tsp,helsgaun,167,helsgaun,167,26268.624609375005,26268.624609375005,26524
/Users/a/Ayanami/code/TSP/data/classic/tsplib/kroA150.tsp,helsgaun,168,helsgaun,168,26268.628710937508,26268.628710937508,26524
/Users/a/Ayanami/code/TSP/data/classic/tsplib/kroA150.tsp,helsgaun,169,helsgaun,169,26268.629882812511,26268.629882812511,26524
/Users/a/Ayanami/code/TSP/data/classic/tsplib/kroA150.tsp,helsgaun,170,helsgaun,170,26268.632617187504,26268.632617187504,26524
/Users/a/Ayanami/code/TSP/data/classic/tsplib/kroA150.tsp,helsgaun,171,helsgaun,171,26268.632861328133,26268.632861328133,26524
/Users/a/Ayanami/code/TSP/data/classic/tsplib/kroA150.tsp,helsgaun,172,helsgaun,172,26268.633837890633,26268.633837890633,26524
/Users/a/Ayanami/code/TSP/data/classic/tsplib/kroA150.tsp,helsgaun,173,helsgaun,173,26268.63413085938,26268.63413085938,26524
/Users/a/Ayanami/code/TSP/data/classic/tsplib/kroA150.tsp,helsgaun,174,helsgaun,174,26268.634716796878,26268.634716796878,26524
/Users/a/Ayanami/code/TSP/data/classic/tsplib/kroA150.tsp,helsgaun,175,helsgaun,175,26268.634863281251,26268.634863281251,26524
/Users/a/Ayanami/code/TSP/data/classic/tsplib/kroA150.tsp,helsgaun,176,helsgaun,176,26268.635131835941,26268.635131835941,26524
/Users/a/Ayanami/code/TSP/data/classic/tsplib/kroA150.tsp,helsgaun,177,helsgaun,177,26268.635205078128,26268.635205078128,26524
/Users/a/Ayanami/code/TSP/data/classic/tsplib/kroA150.tsp,helsgaun,178,helsgaun,178,26268.635357666015,26268.635357666015,26524
/Users/a/Ayanami/code/TSP/data/classic/tsplib/kroA150.tsp,helsgaun,179,helsgaun,179,26268.635379028328,26268.635379028328,26524
/Users/a/Ayanami/code/TSP/data/classic/tsplib/kroA150.tsp,helsgaun,180,helsgaun,180,26268.635455322274,26268.635455322274,26524
/Users/a/Ayanami/code/TSP/data/classic/tsplib/kroA150.tsp,helsgaun,181,helsgaun,181,26268.635462951668,26268.635462951668,26524
/Users/a/Ayanami/code/TSP/data/classic/tsplib/kroA150.tsp,helsgaun,182,helsgaun,182,26268.635493469239,26268.635493469239,26524
/Users/a/Ayanami/code/TSP/data/classic/tsplib/kroA150.tsp,helsgaun,183,helsgaun,183,26268.635502624515,26268.635502624515,26524
/Users/a/Ayanami/code/TSP/data/classic/tsplib/kroA150.tsp,helsgaun,184,helsgaun,184,26268.635520935062,26268.635520935062,26524
/Users/a/Ayanami/code/TSP/data/classic/tsplib/kroA150.tsp,helsgaun,185,helsgaun,185,26268.635525512698,26268.635525512698,26524
/Users/a/Ayanami/code/TSP/data/classic/tsplib/kroA150.tsp,helsgaun,186,helsgaun,186,26268.635533905028,26268.635533905028,26524
/Users/a/Ayanami/code/TSP/data/classic/tsplib/kroA150.tsp,helsgaun,187,helsgaun,187,26268.635536193855,26268.635536193855,26524
/Users/a/Ayanami/code/TSP/data/classic/tsplib/kroA150.tsp,helsgaun,188,helsgaun,188,26268.635540962234,26268.635540962234,26524
/Users/a/Ayanami/code/TSP/data/classic/tsplib/kroA150.tsp,helsgaun,189,helsgaun,189,26268.635541629799,26268.635541629799,26524
/Users/a/Ayanami/code/TSP/data/classic/tsplib/kroA150.tsp,helsgaun,190,helsgaun,190,26268.635544013978,26268.635544013978,26524
/Users/a/Ayanami/code/TSP/data/classic/tsplib/kroA150.tsp,helsgaun,191,helsgaun,191,26268.635544347766,26268.635544347766,26524
/Users/a/Ayanami/code/TSP/data/classic/tsplib/kroA150.tsp,helsgaun,192,helsgaun,192,26268.635545253757,26268.635545253757,26524
/Users/a/Ayanami/code/TSP/data/classic/tsplib/kroA150.tsp,helsgaun,193,helsgaun,193,26268.635545539859,26268.635545539859,26524
/Users/a/Ayanami/code/TSP/data/classic/tsplib/kroA150.tsp,helsgaun,194,helsgaun,194,26268.635546135902,26268.635546135902,26524
/Users/a/Ayanami/code/TSP/data/classic/tsplib/kroA150.tsp,helsgaun,195,helsgaun,195,26268.635546219357,26268.635546219357,26524
/Users/a/Ayanami/code/TSP/data/classic/tsplib/kroA150.tsp,helsgaun,196,helsgaun,196,26268.63554651738,26268.63554651738,26524
/Users/a/Ayanami/code/TSP/data/classic/tsplib/kroA150.tsp,helsgaun,197,helsgaun,197,26268.635546547182,26268.635546547182,26524
/Users/a/Ayanami/code/TSP/data/classic/tsplib/kroA150.tsp,helsgaun,198,helsgaun,198,26268.635546666384,26268.635546666384,26524
/Users/a/Ayanami/code/TSP/data/classic/tsplib/kroA150.tsp,helsgaun,199,helsgaun,199,26268.635546702149,26268.635546702149,26524
/Users/a/Ayanami/code/TSP/data/classic/tsplib/kroA150.tsp,helsgaun,200,helsgaun,200,26268.635546773676,26268.635546773676,26524
/Users/a/Ayanami/code/TSP/data/classic/tsplib/kroA150.tsp,helsgaun,201,helsgaun,201,26268.635546791556,26268.635546773676,26524
/Users/a/Ayanami/code/TSP/data/classic/tsplib/kroA150.tsp,helsgaun,202,helsgaun,202,26268.635546824335,26268.635546824335,26524
/Users/a/Ayanami/code/TSP/data/classic/tsplib/kroA150.tsp,hybrid,1,polyak,1,23845,23845,26524
/Users/a/Ayanami/code/TSP/data/classic/tsplib/kroA150.tsp,hybrid,2,polyak,2,22414.37837837838,23845,26524
/Users/a/Ayanami/code/TSP/data/classic/tsplib/kroA150.tsp,hybrid,3,polyak,3,23431.644339992155,23845,26524
/Users/a/Ayanami/code/TSP/data/classic/tsplib/kroA150.tsp,hybrid,4,polyak,4,23486.128796780955,23845,26524
/Users/a/Ayanami/code/TSP/data/classic/tsplib/kroA150.tsp,hybrid,5,polyak,5,24240.136102948549,24240.136102948549,26524
/Users/a/Ayanami/code/TSP/data/classic/tsplib/kroA150.tsp,hybrid,6,polyak,6,24285.407217585416,24285.407217585416,26524
/Users/a/Ayanami/code/TSP/data/classic/tsplib/kroA150.tsp,hybrid,7,polyak,7,24566.493812682991,24566.493812682991,26524
/Users/a/Ayanami/code/TSP/data/classic/tsplib/kroA150.tsp,hybrid,8,polyak,8,24001.622806818581,24566.493812682991,26524
/Users/a/Ayanami/code/TSP/data/classic/tsplib/kroA150.tsp,hybrid,9,polyak,9,24543.375526536962,24566.493812682991,26524
/Users/a/Ayanami/code/TSP/data/classic/tsplib/kroA150.tsp,hybrid,10,polyak,10,24390.502155002468,24566.493812682991,26524
/Users/a/Ayanami/code/TSP/data/classic/tsplib/kroA150.tsp,hybrid,11,polyak,11,24173.551525852839,24566.493812682991,26524
/Users/a/Ayanami/code/TSP/data/classic/tsplib/kroA150.tsp,hybrid,12,polyak,12,24757.209061882284,24757.209061882284,26524
/Users/a/Ayanami/code/TSP/data/classic/tsplib/kroA150.tsp,hybrid,13,polyak,13,24363.09356287021,24757.209061882284,26524
/Users/a/Ayanami/code/TSP/data/classic/tsplib/kroA150.tsp,hybrid,14,polyak,14,24314.671621358655,24757.209061882284,26524
/Users/a/Ayanami/code/TSP/data/classic/tsplib/kroA150.tsp,hybrid,15,polyak,15,24210.268506358712,24757.209061882284,26524
/Users/a/Ayanami/code/TSP/data/classic/tsplib/kroA150.tsp,hybrid,16,polyak,16,24570.599775218448,24757.209061882284,26524
/Users/a/Ayanami/code/TSP/data/classic/tsplib/kroA150.tsp,hybrid,17,polyak,17,24460.94763783025,24757.209061882284,26524
/Users/a/Ayanami/code/TSP/data/classic/tsplib/kroA150.tsp,hybrid,18,polyak,18,24726.652278850535,24757.209061882284,26524
/Users/a/Ayanami/code/TSP/data/classic/tsplib/kroA150.tsp,hybrid,19,polyak,19,24713.406192133269,24757.209061882284,26524
/Users/a/Ayanami/code/TSP/data/classic/tsplib/kroA150.tsp,hybrid,20,polyak,20,24461.401750188434,24757.209061882284,26524
/Users/a/Ayanami/code/TSP/data/classic/tsplib/kroA150.tsp,hybrid,21,polyak,21,24807.25404408772,24807.25404408772,26524
/Users/a/Ayanami/code/TSP/data/classic/tsplib/kroA150.tsp,hybrid,22,polyak,22,24749.179512917723,24807.25404408772,26524
/Users/a/Ayanami/code/TSP/data/classic/tsplib/kroA150.tsp,hybrid,23,polyak,23,24578.91634131868,24807.25404408772,26524
/Users/a/Ayanami/code/TSP/data/classic/tsplib/kroA150.tsp,hybrid,24,polyak,24,24872.39557099657,24872.39557099657,26524
/Users/a/Ayanami/code/TSP/data/classic/tsplib/kroA150.tsp,hybrid,25,polyak,25,24519.366786779043,24872.39557099657,26524
/Users/a/Ayanami/code/TSP/data/classic/tsplib/kroA150.tsp,hybrid,26,polyak,26,24413.886057693497,24872.39557099657,26524
/Users/a/Ayanami/code/TSP/data/classic/tsplib/kroA150.tsp,hybrid,27,polyak,27,24710.367224629434,24872.39557099657,26524
/Users/a/Ayanami/code/TSP/data/classic/tsplib/kroA150.tsp,hybrid,28,polyak,28,24853.298795379811,24872.39557099657,26524
/Users/a/Ayanami/code/TSP/data/classic/tsplib/kroA150.tsp,hybrid,29,polyak,29,24418.419707248282,24872.39557099657,26524
/Users/a/Ayanami/code/TSP/data/classic/tsplib/kroA150.tsp,hybrid,30,polyak,30,24896.284898839061,24896.284898839061,26524
/Users/a/Ayanami/code/TSP/data/classic/tsplib/kroA150.tsp,hybrid,31,polyak,31,24159.768163822493,24896.284898839061,26524
/Users/a/Ayanami/code/TSP/data/classic/tsplib/kroA150.tsp,hybrid,32,polyak,32,24402.118047262382,24896.284898839061,26524
/Users/a/Ayanami/code/TSP/data/classic/tsplib/kroA150.tsp,hybrid,33,polyak,33,24731.727732611773,24896.284898839061,26524
/Users/a/Ayanami/code/TSP/data/classic/tsplib/kroA150.tsp,hybrid,34,polyak,34,24287.528657568237,24896.284898839061,26524
/Users/a/Ayanami/code/TSP/data/classic/tsplib/kroA150.tsp,hybrid,35,polyak,35,24321.141822125723,24896.284898839061,26524
/Users/a/Ayanami/code/TSP/data/classic/tsplib/kroA150.tsp,hybrid,36,polyak,36,24832.99715556006,24896.284898839061,26524
/Users/a/Ayanami/code/TSP/data/classic/tsplib/kroA150.tsp,hybrid,37,polyak,37,24439.738880812507,24896.284898839061,26524
/Users/a/Ayanami/code/TSP/data/classic/tsplib/kroA150.tsp,hybrid,38,polyak,38,24263.62178919221,24896.284898839061,26524
/Users/a/Ayanami/code/TSP/data/classic/tsplib/kroA150.tsp,hybrid,39,polyak,39,24565.887987339232,24896.284898839061,26524
/Users/a/Ayanami/code/TSP/data/classic/tsplib/kroA150.tsp,hybrid,40,polyak,40,24729.080719251197,24896.284898839061,26524
/Users/a/Ayanami/code/TSP/data/classic/tsplib/kroA150.tsp,hybrid,41,polyak,41,24793.624854639591,24896.284898839061,26524
/Users/a/Ayanami/code/TSP/data/classic/tsplib/kroA150.tsp,hybrid,42,polyak,42,24646.059163704587,24896.284898839061,26524
/Users/a/Ayanami/code/TSP/data/classic/tsplib/kroA150.tsp,hybrid,43,polyak,43,24852.214393029699,24896.284898839061,26524
/Users/a/Ayanami/code/TSP/data/classic/tsplib/kroA150.tsp,hybrid,44,polyak,44,25496.160322151904,25496.160322151904,26524
/Users/a/Ayanami/code/TSP/data/classic/tsplib/kroA150.tsp,hybrid,45,polyak,45,25628.164774161185,25628.164774161185,26524
/Users/a/Ayanami/code/TSP/data/classic/tsplib/kroA150.tsp,hybrid,46,polyak,46,25763.592595436468,25763.592595436468,26524
/Users/a/Ayanami/code/TSP/data/classic/tsplib/kroA150.tsp,hybrid,47,polyak,47,25694.663131788377,25763.592595436468,26524
/Users/a/Ayanami/code/TSP/data/classic/tsplib/kroA150.tsp,hybrid,48,polyak,48,25784.022729453874,25784.022729453874,26524
/Users/a/Ayanami/code/TSP/data/classic/tsplib/kroA150.tsp,hybrid,49,polyak,49,25794.883662752334,25794.883662752334,26524
/Users/a/Ayanami/code/TSP/data/classic/tsplib/kroA150.tsp,hybrid,50,polyak,50,25892.422255150716,25892.422255150716,26524
/Users/a/Ayanami/code/TSP/data/classic/tsplib/kroA150.tsp,hybrid,51,polyak,51,25815.775190259559,25892.422255150716,26524
/Users/a/Ayanami/code/TSP/data/classic/tsplib/kroA150.tsp,hybrid,52,polyak,52,25809.378821524941,25892.422255150716,26524
/Users/a/Ayanami/code/TSP/data/classic/tsplib/kroA150.tsp,hybrid,53,polyak,53,25801.765393484791,25892.422255150716,26524
/Users/a/Ayanami/code/TSP/data/classic/tsplib/kroA150.tsp,hybrid,54,polyak,54,25965.189155045187,25965.189155045187,26524
/Users/a/Ayanami/code/TSP/data/classic/tsplib/kroA150.tsp,hybrid,55,polyak,55,25723.183985649448,25965.189155045187,26524
/Users/a/Ayanami/code/TSP/data/classic/tsplib/kroA150.tsp,hybrid,56,polyak,56,25911.327796102552,25965.189155045187,26524
/Users/a/Ayanami/code/TSP/data/classic/tsplib/kroA150.tsp,hybrid,57,polyak,57,25614.737726261166,25965.189155045187,26524
/Users/a/Ayanami/code/TSP/data/classic/tsplib/kroA150.tsp,hybrid,58,polyak,58,25831.113825950899,25965.189155045187,26524
/Users/a/Ayanami/code/TSP/data/classic/tsplib/kroA150.tsp,hybrid,59,polyak,59,25777.371590172665,25965.189155045187,26524
/Users/a/Ayanami/code/TSP/data/classic/tsplib/kroA150.tsp,hybrid,60,polyak,60,25883.952489337691,25965.189155045187,26524
/Users/a/Ayanami/code/TSP/data/classic/tsplib/kroA150.tsp,hybrid,61,polyak,61,25787.367524716872,25965.189155045187,26524
/Users/a/Ayanami/code/TSP/data/classic/tsplib/kroA150.tsp,hybrid,62,polyak,62,25853.340297416347,25965.189155045187,26524
/Users/a/Ayanami/code/TSP/data/classic/tsplib/kroA150.tsp,hybrid,63,polyak,63,25918.330245444693,25965.189155045187,26524
/Users/a/Ayanami/code/TSP/data/classic/tsplib/kroA150.tsp,hybrid,64,polyak,64,25773.266215447817,25965.189155045187,26524
/Users/a/Ayanami/code/TSP/data/classic/tsplib/kroA150.tsp,hybrid,65,polyak,65,25941.967359733477,25965.189155045187,26524
/Users/a/Ayanami/code/TSP/data/classic/tsplib/kroA150.tsp,hybrid,66,polyak,66,25711.430328140294,25965.189155045187,26524
/Users/a/Ayanami/code/TSP/data/classic/tsplib/kroA150.tsp,hybrid,67,polyak,67,25842.337974063277,25965.189155045187,26524
/Users/a/Ayanami/code/TSP/data/classic/tsplib/kroA150.tsp,hybrid,68,polyak,68,26050.852617675206,26050.852617675206,26524
/Users/a/Ayanami/code/TSP/data/classic/tsplib/kroA150.tsp,hybrid,69,polyak,69,26019.300465640325,26050.852617675206,26524
/Users/a/Ayanami/code/TSP/data/classic/tsplib/kroA150.tsp,hybrid,70,polyak,70,26082.13773188191,26082.13773188191,26524
/Users/a/Ayanami/code/TSP/data/classic/tsplib/kroA150.tsp,hybrid,71,polyak,71,26037.224393192475,26082.13773188191,26524
/Users/a/Ayanami/code/TSP/data/classic/tsplib/kroA150.tsp,hybrid,72,polyak,72,26105.832174234733,26105.832174234733,26524
/Users/a/Ayanami/code/TSP/data/classic/tsplib/kroA150.tsp,hybrid,73,polyak,73,26069.874270483164,26105.832174234733,26524
/Users/a/Ayanami/code/TSP/data/classic/tsplib/kroA150.tsp,hybrid,74,polyak,74,26086.390126038899,26105.832174234733,26524
/Users/a/Ayanami/code/TSP/data/classic/tsplib/kroA150.tsp,hybrid,75,polyak,75,26073.377362146111,26105.832174234733,26524
/Users/a/Ayanami/code/TSP/data/classic/tsplib/kroA150.tsp,hybrid,76,polyak,76,26062.410785978049,26105.832174234733,26524
/Users/a/Ayanami/code/TSP/data/classic/tsplib/kroA150.tsp,hybrid,77,polyak,77,26062.557478378461,26105.832174234733,26524
/Users/a/Ayanami/code/TSP/data/classic/tsplib/kroA150.tsp,hybrid,78,polyak,78,26113.876740499465,26113.876740499465,26524
/Users/a/Ayanami/code/TSP/data/classic/tsplib/kroA150.tsp,hybrid,79,polyak,79,26087.75180359526,26113.876740499465,26524
/Users/a/Ayanami/code/TSP/data/classic/tsplib/kroA150.tsp,hybrid,80,polyak,80,26049.055832206053,26113.876740499465,26524
/Users/a/Ayanami/code/TSP/data/classic/tsplib/kroA150.tsp,hybrid,81,polyak,81,26129.796106662976,26129.796106662976,26524
/Users/a/Ayanami/code/TSP/data/classic/tsplib/kroA150.tsp,hybrid,82,polyak,82,26054.034027979629,26129.796106662976,26524
/Users/a/Ayanami/code/TSP/data/classic/tsplib/kroA150.tsp,hybrid,83,polyak,83,26075.050255655238,26129.796106662976,26524
/Users/a/Ayanami/code/TSP/data/classic/tsplib/kroA150.tsp,hybrid,84,polyak,84,26092.171771040841,26129.796106662976,26524
/Users/a/Ayanami/code/TSP/data/classic/tsplib/kroA150.tsp,hybrid,85,polyak,85,26089.759542148484,26129.796106662976,26524
/Users/a/Ayanami/code/TSP/data/classic/tsplib/kroA150.tsp,hybrid,86,polyak,86,26081.978756794804,26129.796106662976,26524
/Users/a/Ayanami/code/TSP/data/classic/tsplib/kroA150.tsp,hybrid,87,polyak,87,26085.130230358493,26129.796106662976,26524
/Users/a/Ayanami/code/TSP/data/classic/tsplib/kroA150.tsp,hybrid,88,polyak,88,26094.638674156515,26129.796106662976,26524
/Users/a/Ayanami/code/TSP/data/classic/tsplib/kroA150.tsp,hybrid,89,polyak,89,26076.189240105825,26129.796106662976,26524
/Users/a/Ayanami/code/TSP/data/classic/tsplib/kroA150.tsp,hybrid,90,polyak,90,26100.99159617328,26129.796106662976,26524
/Users/a/Ayanami/code/TSP/data/classic/tsplib/kroA150.tsp,hybrid,91,polyak,91,26085.070476481906,26129.796106662976,26524
/Users/a/Ayanami/code/TSP/data/classic/tsplib/kroA150.tsp,hybrid,92,polyak,92,26101.427419498759,26129.796106662976,26524
/Users/a/Ayanami/code/TSP/data/classic/tsplib/kroA150.tsp,hybrid,93,polyak,93,26110.671632715563,26129.796106662976,26524
/Users/a/Ayanami/code/TSP/data/classic/tsplib/kroA150.tsp,hybrid,94,polyak,94,26066.829668088751,26129.796106662976,26524
/Users/a/Ayanami/code/TSP/data/classic/tsplib/kroA150.tsp,hybrid,95,polyak,95,26158.124750325205,26158.124750325205,26524
/Users/a/Ayanami/code/TSP/data/classic/tsplib/kroA150.tsp,hybrid,96,polyak,96,26170.53639483259,26170.53639483259,26524
/Users/a/Ayanami/code/TSP/data/classic/tsplib/kroA150.tsp,hybrid,97,polyak,97,26156.973679363276,26170.53639483259,26524
/Users/a/Ayanami/code/TSP/data/classic/tsplib/kroA150.tsp,hybrid,98,polyak,98,26187.801840637989,26187.801840637989,26524
/Users/a/Ayanami/code/TSP/data/classic/tsplib/kroA150.tsp,hybrid,99,polyak,99,26161.36746484277,26187.801840637989,26524
/Users/a/Ayanami/code/TSP/data/classic/tsplib/kroA150.tsp,hybrid,100,polyak,100,26169.799129710791,26187.801840637989,26524
/Users/a/Ayanami/code/TSP/data/classic/tsplib/kroA150.tsp,hybrid,101,polyak,101,26185.515133921403,26187.801840637989,26524
/Users/a/Ayanami/code/TSP/data/classic/tsplib/kroA150.tsp,hybrid,102,polyak,102,26163.384987486137,26187.801840637989,26524
/Users/a/Ayanami/code/TSP/data/classic/tsplib/kroA150.tsp,hybrid,103,polyak,103,26187.673027410037,26187.801840637989,26524
/Users/a/Ayanami/code/TSP/data/classic/tsplib/kroA150.tsp,hybrid,104,polyak,104,26178.929038047016,26187.801840637989,26524
/Users/a/Ayanami/code/TSP/data/classic/tsplib/kroA150.tsp,hybrid,105,polyak,105,26181.252703374164,26187.801840637989,26524
/Users/a/Ayanami/code/TSP/data/classic/tsplib/kroA150.tsp,hybrid,106,polyak,106,26177.432411455306,26187.801840637989,26524
/Users/a/Ayanami/code/TSP/data/classic/tsplib/kroA150.tsp,hybrid,107,polyak,107,26192.903720482194,26192.903720482194,26524
/Users/a/Ayanami/code/TSP/data/classic/tsplib/kroA150.tsp,hybrid,108,polyak,108,26171.289829060286,26192.903720482194,26524
/Users/a/Ayanami/code/TSP/data/classic/tsplib/kroA150.tsp,hybrid,109,polyak,109,26201.16950817742,26201.16950817742,26524
/Users/a/Ayanami/code/TSP/data/classic/tsplib/kroA150.tsp,hybrid,110,polyak,110,26191.208607722736,26201.16950817742,26524
/Users/a/Ayanami/code/TSP/data/classic/tsplib/kroA150.tsp,hybrid,111,polyak,111,26184.303009114912,26201.16950817742,26524
/Users/a/Ayanami/code/TSP/data/classic/tsplib/kroA150.tsp,hybrid,112,polyak,112,26166.286714396785,26201.16950817742,26524
/Users/a/Ayanami/code/TSP/data/classic/tsplib/kroA150.tsp,hybrid,113,polyak,113,26195.54496869897,26201.16950817742,26524
/Users/a/Ayanami/code/TSP/data/classic/tsplib/kroA150.tsp,hybrid,114,polyak,114,26192.109353522974,26201.16950817742,26524
/Users/a/Ayanami/code/TSP/data/classic/tsplib/kroA150.tsp,hybrid,115,polyak,115,26173.638514992239,26201.16950817742,26524
/Users/a/Ayanami/code/TSP/data/classic/tsplib/kroA150.tsp,hybrid,116,polyak,116,26196.221294515242,26201.16950817742,26524
/Users/a/Ayanami/code/TSP/data/classic/tsplib/kroA150.tsp,hybrid,117,polyak,117,26188.375815645151,26201.16950817742,26524
/Users/a/Ayanami/code/TSP/data/classic/tsplib/kroA150.tsp,hybrid,118,polyak,118,26186.03456019935,26201.16950817742,26524
/Users/a/Ayanami/code/TSP/data/classic/tsplib/kroA150.tsp,hybrid,119,polyak,119,26204.088753455533,26204.088753455533,26524
/Users/a/Ayanami/code/TSP/data/classic/tsplib/kroA150.tsp,hybrid,120,polyak,120,26165.099490163495,26204.088753455533,26524
/Users/a/Ayanami/code/TSP/data/classic/tsplib/kroA150.tsp,hybrid,121,polyak,121,26211.872110920503,26211.872110920503,26524
/Users/a/Ayanami/code/TSP/data/classic/tsplib/kroA150.tsp,hybrid,122,polyak,122,26190.290377463411,26211.872110920503,26524
/Users/a/Ayanami/code/TSP/data/classic/tsplib/kroA150.tsp,hybrid,123,polyak,123,26210.952589783625,26211.872110920503,26524
/Users/a/Ayanami/code/TSP/data/classic/tsplib/kroA150.tsp,hybrid,124,polyak,124,26169.498428005729,26211.872110920503,26524
/Users/a/Ayanami/code/TSP/data/classic/tsplib/kroA150.tsp,hybrid,125,polyak,125,26209.892144403846,26211.872110920503,26524
/Users/a/Ayanami/code/TSP/data/classic/tsplib/kroA150.tsp,hybrid,126,polyak,126,26174.331918158539,26211.872110920503,26524
/Users/a/Ayanami/code/TSP/data/classic/tsplib/kroA150.tsp,hybrid,127,polyak,127,26191.317186523025,26211.872110920503,26524
/Users/a/Ayanami/code/TSP/data/classic/tsplib/kroA150.tsp,hybrid,128,polyak,128,26183.884754527928,26211.872110920503,26524
/Users/a/Ayanami/code/TSP/data/classic/tsplib/kroA150.tsp,hybrid,129,polyak,129,26202.835965476992,26211.872110920503,26524
/Users/a/Ayanami/code/TSP/data/classic/tsplib/kroA150.tsp,hybrid,130,polyak,130,26171.806064519613,26211.872110920503,26524
/Users/a/Ayanami/code/TSP/data/classic/tsplib/kroA150.tsp,hybrid,131,polyak,131,26202.200426917723,26211.872110920503,26524
/Users/a/Ayanami/code/TSP/data/classic/tsplib/kroA150.tsp,hybrid,132,polyak,132,26191.771701959475,26211.872110920503,26524
/Users/a/Ayanami/code/TSP/data/classic/tsplib/kroA150.tsp,hybrid,133,polyak,133,26185.747770769038,26211.872110920503,26524
/Users/a/Ayanami/code/TSP/data/classic/tsplib/kroA150.tsp,hybrid,134,polyak,134,26202.098654963458,26211.872110920503,26524
/Users/a/Ayanami/code/TSP/data/classic/tsplib/kroA150.tsp,hybrid,135,polyak,135,26212.146680219619,26212.146680219619,26524
/Users/a/Ayanami/code/TSP/data/classic/tsplib/kroA150.tsp,hybrid,136,polyak,136,26229.57067668614,26229.57067668614,26524
/Users/a/Ayanami/code/TSP/data/classic/tsplib/kroA150.tsp,hybrid,137,polyak,137,26214.732306447673,26229.57067668614,26524
/Users/a/Ayanami/code/TSP/data/classic/tsplib/kroA150.tsp,hybrid,138,polyak,138,26231.258344246056,26231.258344246056,26524
/Users/a/Ayanami/code/TSP/data/classic/tsplib/kroA150.tsp,hybrid,139,polyak,139,26232.300789498968,26232.300789498968,26524
/Users/a/Ayanami/code/TSP/data/classic/tsplib/kroA150.tsp,hybrid,140,polyak,140,26226.670569107529,26232.300789498968,26524
/Users/a/Ayanami/code/TSP/data/classic/tsplib/kroA150.tsp,hybrid,141,polyak,141,26229.424355295094,26232.300789498968,26524
/Users/a/Ayanami/code/TSP/data/classic/tsplib/kroA150.tsp,hybrid,142,polyak,142,26234.247953874954,26234.247953874954,26524
/Users/a/Ayanami/code/TSP/data/classic/tsplib/kroA150.tsp,hybrid,143,polyak,143,26234.182576790496,26234.247953874954,26524
/Users/a/Ayanami/code/TSP/data/classic/tsplib/kroA150.tsp,hybrid,144,polyak,144,26222.202929823652,26234.247953874954,26524
/Users/a/Ayanami/code/TSP/data/classic/tsplib/kroA150.tsp,hybrid,145,polyak,145,26229.839306042017,26234.247953874954,26524
/Users/a/Ayanami/code/TSP/data/classic/tsplib/kroA150.tsp,hybrid,146,polyak,146,26224.399308027154,26234.247953874954,26524
/Users/a/Ayanami/code/TSP/data/classic/tsplib/kroA150.tsp,hybrid,147,polyak,147,26238.387865392309,26238.387865392309,26524
/Users/a/Ayanami/code/TSP/data/classic/tsplib/kroA150.tsp,hybrid,148,polyak,148,26210.950457982006,26238.387865392309,26524
/Users/a/Ayanami/code/TSP/data/classic/tsplib/kroA150.tsp,hybrid,149,polyak,149,26237.438697071022,26238.387865392309,26524
/Users/a/Ayanami/code/TSP/data/classic/tsplib/kroA150.tsp,hybrid,150,polyak,150,26230.812952200475,26238.387865392309,26524
/Users/a/Ayanami/code/TSP/data/classic/tsplib/kroA150.tsp,hybrid,151,polyak,151,26231.952123234307,26238.387865392309,26524
/Users/a/Ayanami/code/TSP/data/classic/tsplib/kroA150.tsp,hybrid,152,polyak,152,26236.419119847513,26238.387865392309,26524
/Users/a/Ayanami/code/TSP/data/classic/tsplib/kroA150.tsp,hybrid,153,polyak,153,26224.327331367043,26238.387865392309,26524
/Users/a/Ayanami/code/TSP/data/classic/tsplib/kroA150.tsp,hybrid,154,polyak,154,26231.018692446276,26238.387865392309,26524
/Users/a/Ayanami/code/TSP/data/classic/tsplib/kroA150.tsp,hybrid,155,polyak,155,26223.0733164474,26238.387865392309,26524
/Users/a/Ayanami/code/TSP/data/classic/tsplib/kroA150.tsp,hybrid,156,polyak,156,26234.412796308559,26238.387865392309,26524
/Users/a/Ayanami/code/TSP/data/classic/tsplib/kroA150.tsp,hybrid,157,polyak,157,26212.484507697238,26238.387865392309,26524
/Users/a/Ayanami/code/TSP/data/classic/tsplib/kroA150.tsp,hybrid,158,polyak,158,26238.901907758896,26238.901907758896,26524
/Users/a/Ayanami/code/TSP/data/classic/tsplib/kroA150.tsp,hybrid,159,polyak,159,26210.448053931923,26238.901907758896,26524
/Users/a/Ayanami/code/TSP/data/classic/tsplib/kroA150.tsp,hybrid,160,polyak,160,26236.484379748581,26238.901907758896,26524
/Users/a/Ayanami/code/TSP/data/classic/tsplib/kroA150.tsp,hybrid,161,polyak,161,26223.60560785051,26238.901907758896,26524
/Users/a/Ayanami/code/TSP/data/classic/tsplib/kroA150.tsp,hybrid,162,polyak,162,26230.169103119366,26238.901907758896,26524
/Users/a/Ayanami/code/TSP/data/classic/tsplib/kroA150.tsp,hybrid,163,polyak,163,26230.43570135186,26238.901907758896,26524
/Users/a/Ayanami/code/TSP/data/classic/tsplib/kroA150.tsp,hybrid,164,polyak,164,26233.668407313176,26238.901907758896,26524
/Users/a/Ayanami/code/TSP/data/classic/tsplib/kroA150.tsp,hybrid,165,polyak,165,26231.982229045676,26238.901907758896,26524
/Users/a/Ayanami/code/TSP/data/classic/tsplib/kroA150.tsp,hybrid,166,polyak,166,26234.18680434634,26238.901907758896,26524
/Users/a/Ayanami/code/TSP/data/classic/tsplib/kroA150.tsp,hybrid,167,polyak,167,26232.660735111185,26238.901907758896,26524
/Users/a/Ayanami/code/TSP/data/classic/tsplib/kroA150.tsp,hybrid,168,polyak,168,26234.678690900368,26238.901907758896,26524
/Users/a/Ayanami/code/TSP/data/classic/tsplib/kroA150.tsp,hybrid,169,polyak,169,26227.150477914787,26238.901907758896,26524
/Users/a/Ayanami/code/TSP/data/classic/tsplib/kroA150.tsp,hybrid,170,polyak,170,26222.120655093626,26238.901907758896,26524
/Users/a/Ayanami/code/TSP/data/classic/tsplib/kroA150.tsp,hybrid,171,polyak,171,26242.040837318731,26242.040837318731,26524
/Users/a/Ayanami/code/TSP/data/classic/tsplib/kroA150.tsp,hybrid,172,polyak,172,26252.735074068787,26252.735074068787,26524
/Users/a/Ayanami/code/TSP/data/classic/tsplib/kroA150.tsp,hybrid,173,polyak,173,26239.708413578945,26252.735074068787,26524
/Users/a/Ayanami/code/TSP/data/classic/tsplib/kroA150.tsp,hybrid,174,polyak,174,26249.253082466425,26252.735074068787,26524
/Users/a/Ayanami/code/TSP/data/classic/tsplib/kroA150.tsp,hybrid,175,polyak,175,26252.351883092902,26252.735074068787,26524
/Users/a/Ayanami/code/TSP/data/classic/tsplib/kroA150.tsp,hybrid,176,polyak,176,26249.325656262994,26252.735074068787,26524
/Users/a/Ayanami/code/TSP/data/classic/tsplib/kroA150.tsp,hybrid,177,polyak,177,26246.687970388637,26252.735074068787,26524
/Users/a/Ayanami/code/TSP/data/classic/tsplib/kroA150.tsp,hybrid,178,polyak,178,26250.664109121371,26252.735074068787,26524
/Users/a/Ayanami/code/TSP/data/classic/tsplib/kroA150.tsp,hybrid,179,polyak,179,26248.331534243305,26252.735074068787,26524
/Users/a/Ayanami/code/TSP/data/classic/tsplib/kroA150.tsp,hybrid,180,polyak,180,26253.605353724917,26253.605353724917,26524
/Users/a/Ayanami/code/TSP/data/classic/tsplib/kroA150.tsp,hybrid,181,polyak,181,26245.949096325436,26253.605353724917,26524
/Users/a/Ayanami/code/TSP/data/classic/tsplib/kroA150.tsp,hybrid,182,polyak,182,26247.389028165369,26253.605353724917,26524
/Users/a/Ayanami/code/TSP/data/classic/tsplib/kroA150.tsp,hybrid,183,polyak,183,26245.680721999539,26253.605353724917,26524
/Users/a/Ayanami/code/TSP/data/classic/tsplib/kroA150.tsp,hybrid,184,polyak,184,26247.951131564158,26253.605353724917,26524
/Users/a/Ayanami/code/TSP/data/classic/tsplib/kroA150.tsp,hybrid,185,polyak,185,26250.07572456824,26253.605353724917,26524
/Users/a/Ayanami/code/TSP/data/classic/tsplib/kroA150.tsp,hybrid,186,polyak,186,26245.11721391531,26253.605353724917,26524
/Users/a/Ayanami/code/TSP/data/classic/tsplib/kroA150.tsp,hybrid,187,polyak,187,26246.324389318244,26253.605353724917,26524
/Users/a/Ayanami/code/TSP/data/classic/tsplib/kroA150.tsp,hybrid,188,polyak,188,26251.555276511433,26253.605353724917,26524
/Users/a/Ayanami/code/TSP/data/classic/tsplib/kroA150.tsp,hybrid,189,polyak,189,26248.296961862983,26253.605353724917,26524
/Users/a/Ayanami/code/TSP/data/classic/tsplib/kroA150.tsp,hybrid,190,polyak,190,26256.082018734021,26256.082018734021,26524
/Users/a/Ayanami/code/TSP/data/classic/tsplib/kroA150.tsp,hybrid,191,polyak,191,26243.680784667798,26256.082018734021,26524
/Users/a/Ayanami/code/TSP/data/classic/tsplib/kroA150.tsp,hybrid,192,polyak,192,26252.979533601327,26256.082018734021,26524
/Users/a/Ayanami/code/TSP/data/classic/tsplib/kroA150.tsp,hybrid,193,polyak,193,26238.634338629847,26256.082018734021,26524
/Users/a/Ayanami/code/TSP/data/classic/tsplib/kroA150.tsp,hybrid,194,polyak,194,26256.706244736666,26256.706244736666,26524
/Users/a/Ayanami/code/TSP/data/classic/tsplib/kroA150.tsp,hybrid,195,polyak,195,26248.426143261939,26256.706244736666,26524
/Users/a/Ayanami/code/TSP/data/classic/tsplib/kroA150.tsp,hybrid,196,polyak,196,26255.564273324126,26256.706244736666,26524
/Users/a/Ayanami/code/TSP/data/classic/tsplib/kroA150.tsp,hybrid,197,polyak,197,26241.521753854271,26256.706244736666,26524
/Users/a/Ayanami/code/TSP/data/classic/tsplib/kroA150.tsp,hybrid,198,polyak,198,26255.22749187045,26256.706244736666,26524
/Users/a/Ayanami/code/TSP/data/classic/tsplib/kroA150.tsp,hybrid,199,polyak,199,26254.01893197458,26256.706244736666,26524
/Users/a/Ayanami/code/TSP/data/classic/tsplib/kroA150.tsp,hybrid,200,polyak,200,26253.195176802295,26256.706244736666,26524
/Users/a/Ayanami/code/TSP/data/classic/tsplib/kroA150.tsp,hybrid,201,polyak,201,26252.734207795715,26256.706244736666,26524
/Users/a/Ayanami/code/TSP/data/classic/tsplib/kroA150.tsp,hybrid,202,polyak,202,26252.991040330806,26256.706244736666,26524
/Users/a/Ayanami/code/TSP/data/classic/tsplib/kroA150.tsp,hybrid,203,polyak,203,26244.995183006224,26256.706244736666,26524
/Users/a/Ayanami/code/TSP/data/classic/tsplib/kroA150.tsp,hybrid,204,polyak,204,26256.8107561781,26256.8107561781,26524
/Users/a/Ayanami/code/TSP/data/classic/tsplib/kroA150.tsp,hybrid,205,polyak,205,26240.186438716384,26256.8107561781,26524
/Users/a/Ayanami/code/TSP/data/classic/tsplib/kroA150.tsp,hybrid,206,polyak,206,26254.556259260422,26256.8107561781,26524
/Users/a/Ayanami/code/TSP/data/classic/tsplib/kroA150.tsp,hybrid,207,polyak,207,26245.720059897474,26256.8107561781,26524
/Users/a/Ayanami/code/TSP/data/classic/tsplib/kroA150.tsp,hybrid,208,polyak,208,26257.982936595956,26257.982936595956,26524
/Users/a/Ayanami/code/TSP/data/classic/tsplib/kroA150.tsp,hybrid,209,polyak,209,26246.189937078616,26257.982936595956,26524
/Users/a/Ayanami/code/TSP/data/classic/tsplib/kroA150.tsp,hybrid,210,polyak,210,26255.780232133686,26257.982936595956,26524
/Users/a/Ayanami/code/TSP/data/classic/tsplib/kroA150.tsp,hybrid,211,polyak,211,26251.110039515359,26257.982936595956,26524
/Users/a/Ayanami/code/TSP/data/classic/tsplib/kroA150.tsp,hybrid,212,polyak,212,26251.685219997162,26257.982936595956,26524
/Users/a/Ayanami/code/TSP/data/classic/tsplib/kroA150.tsp,hybrid,213,polyak,213,26252.839197615114,26257.982936595956,26524
/Users/a/Ayanami/code/TSP/data/classic/tsplib/kroA150.tsp,hybrid,214,polyak,214,26250.851625871284,26257.982936595956,26524
/Users/a/Ayanami/code/TSP/data/classic/tsplib/kroA150.tsp,hybrid,215,polyak,215,26250.337576134709,26257.982936595956,26524
/Users/a/Ayanami/code/TSP/data/classic/tsplib/kroA150.tsp,hybrid,216,polyak,216,26252.738941539272,26257.982936595956,26524
/Users/a/Ayanami/code/TSP/data/classic/tsplib/kroA150.tsp,hybrid,217,polyak,217,26256.464949868947,26257.982936595956,26524
/Users/a/Ayanami/code/TSP/data/classic/tsplib/kroA150.tsp,hybrid,218,polyak,218,26245.882607621501,26257.982936595956,26524
/Users/a/Ayanami/code/TSP/data/classic/tsplib/kroA150.tsp,hybrid,219,polyak,219,26254.046049665634,26257.982936595956,26524
/Users/a/Ayanami/code/TSP/data/classic/tsplib/kroA150.tsp,hybrid,220,polyak,220,26251.63114920726,26257.982936595956,26524
/Users/a/Ayanami/code/TSP/data/classic/tsplib/kroA150.tsp,hybrid,221,polyak,221,26258.39300647454,26258.39300647454,26524
/Users/a/Ayanami/code/TSP/data/classic/tsplib/kroA150.tsp,hybrid,222,polyak,222,26260.294096795678,26260.294096795678,26524
/Users/a/Ayanami/code/TSP/data/classic/tsplib/kroA150.tsp,hybrid,223,polyak,223,26261.161031960968,26261.161031960968,26524
/Users/a/Ayanami/code/TSP/data/classic/tsplib/kroA150.tsp,hybrid,224,polyak,224,26258.699216909972,26261.161031960968,26524
/Users/a/Ayanami/code/TSP/data/classic/tsplib/kroA150.tsp,hybrid,225,polyak,225,26260.425458080055,26261.161031960968,26524
/Users/a/Ayanami/code/TSP/data/classic/tsplib/kroA150.tsp,hybrid,226,polyak,226,26258.003289168599,26261.161031960968,26524
/Users/a/Ayanami/code/TSP/data/classic/tsplib/kroA150.tsp,hybrid,227,polyak,227,26264.417082454391,26264.417082454391,26524
/Users/a/Ayanami/code/TSP/data/classic/tsplib/kroA150.tsp,hybrid,228,polyak,228,26257.962592866421,26264.417082454391,26524
/Users/a/Ayanami/code/TSP/data/classic/tsplib/kroA150.tsp,hybrid,229,polyak,229,26261.951925978461,26264.417082454391,26524
/Users/a/Ayanami/code/TSP/data/classic/tsplib/kroA150.tsp,hybrid,230,polyak,230,26259.321966173153,26264.417082454391,26524
/Users/a/Ayanami/code/TSP/data/classic/tsplib/kroA150.tsp,hybrid,231,polyak,231,26262.647492017109,26264.417082454391,26524
/Users/a/Ayanami/code/TSP/data/classic/tsplib/kroA150.tsp,hybrid,232,polyak,232,26258.488590100202,26264.417082454391,26524
/Users/a/Ayanami/code/TSP/data/classic/tsplib/kroA150.tsp,hybrid,233,polyak,233,26264.548551544704,26264.548551544704,26524
/Users/a/Ayanami/code/TSP/data/classic/tsplib/kroA150.tsp,hybrid,234,polyak,234,26258.75549144451,26264.548551544704,26524
/Users/a/Ayanami/code/TSP/data/classic/tsplib/kroA150.tsp,hybrid,235,polyak,235,26263.25956110964,26264.548551544704,26524
/Users/a/Ayanami/code/TSP/data/classic/tsplib/kroA150.tsp,hybrid,236,polyak,236,26259.087640363243,26264.548551544704,26524
/Users/a/Ayanami/code/TSP/data/classic/tsplib/kroA150.tsp,hybrid,237,polyak,237,26260.658937524371,26264.548551544704,26524
/Users/a/Ayanami/code/TSP/data/classic/tsplib/kroA150.tsp,hybrid,238,polyak,238,26261.643532847458,26264.548551544704,26524
/Users/a/Ayanami/code/TSP/data/classic/tsplib/kroA150.tsp,hybrid,239,polyak,239,26263.869896856158,26264.548551544704,26524
/Users/a/Ayanami/code/TSP/data/classic/tsplib/kroA150.tsp,hybrid,240,polyak,240,26263.540910597807,26264.548551544704,26524
/Users/a/Ayanami/code/TSP/data/classic/tsplib/kroA150.tsp,hybrid,241,polyak,241,26263.43853263155,26264.548551544704,26524
/Users/a/Ayanami/code/TSP/data/classic/tsplib/kroA150.tsp,hybrid,242,polyak,242,26262.872611736228,26264.548551544704,26524
/Users/a/Ayanami/code/TSP/data/classic/tsplib/kroA150.tsp,hybrid,243,polyak,243,26260.733543678725,26264.548551544704,26524
/Users/a/Ayanami/code/TSP/data/classic/tsplib/kroA150.tsp,hybrid,244,polyak,244,26263.121134644538,26264.548551544704,26524
/Users/a/Ayanami/code/TSP/data/classic/tsplib/kroA150.tsp,hybrid,245,polyak,245,26257.0450178549,26264.548551544704,26524
/Users/a/Ayanami/code/TSP/data/classic/tsplib/kroA150.tsp,hybrid,246,polyak,246,26264.483150052482,26264.548551544704,26524
/Users/a/Ayanami/code/TSP/data/classic/tsplib/kroA150.tsp,hybrid,247,polyak,247,26267.037430342243,26267.037430342243,26524
/Users/a/Ayanami/code/TSP/data/classic/tsplib/kroA150.tsp,hybrid,248,polyak,248,26262.888642122569,26267.037430342243,26524
/Users/a/Ayanami/code/TSP/data/classic/tsplib/kroA150.tsp,hybrid,249,polyak,249,26266.367776908643,26267.037430342243,26524
/Users/a/Ayanami/code/TSP/data/classic/tsplib/kroA150.tsp,hybrid,250,polyak,250,26265.553646695484,26267.037430342243,26524
/Users/a/Ayanami/code/TSP/data/classic/tsplib/kroA150.tsp,hybrid,251,polyak,251,26266.905155356384,26267.037430342243,26524
/Users/a/Ayanami/code/TSP/data/classic/tsplib/kroA150.tsp,hybrid,252,polyak,252,26265.239531436135,26267.037430342243,26524
/Users/a/Ayanami/code/TSP/data/classic/tsplib/kroA150.tsp,hybrid,253,polyak,253,26266.699582330075,26267.037430342243,26524
/Users/a/Ayanami/code/TSP/data/classic/tsplib/kroA150.tsp,hybrid,254,polyak,254,26264.441015992703,26267.037430342243,26524
/Users/a/Ayanami/code/TSP/data/classic/tsplib/kroA150.tsp,hybrid,255,polyak,255,26267.621171408369,26267.621171408369,26524
/Users/a/Ayanami/code/TSP/data/classic/tsplib/kroA150.tsp,hybrid,256,polyak,256,26263.834586889498,26267.621171408369,26524
/Users/a/Ayanami/code/TSP/data/classic/tsplib/kroA150.tsp,hybrid,257,polyak,257,26267.004032568962,26267.621171408369,26524
/Users/a/Ayanami/code/TSP/data/classic/tsplib/kroA150.tsp,hybrid,258,polyak,258,26265.531649683231,26267.621171408369,26524
/Users/a/Ayanami/code/TSP/data/classic/tsplib/kroA150.tsp,hybrid,259,polyak,259,26267.393886889371,26267.621171408369,26524
/Users/a/Ayanami/code/TSP/data/classic/tsplib/kroA150.tsp,hybrid,260,polyak,260,26263.668096592242,26267.621171408369,26524
/Users/a/Ayanami/code/TSP/data/classic/tsplib/kroA150.tsp,hybrid,261,polyak,261,26267.318616412053,26267.621171408369,26524
/Users/a/Ayanami/code/TSP/data/classic/tsplib/kroA150.tsp,hybrid,262,polyak,262,26267.421517411203,26267.621171408369,26524
/Users/a/Ayanami/code/TSP/data/classic/tsplib/kroA150.tsp,hybrid,263,polyak,263,26263.72385849473,26267.621171408369,26524
/Users/a/Ayanami/code/TSP/data/classic/tsplib/kroA150.tsp,hybrid,264,polyak,264,26266.249160161886,26267.621171408369,26524
/Users/a/Ayanami/code/TSP/data/classic/tsplib/kroA150.tsp,hybrid,265,polyak,265,26265.930583779242,26267.621171408369,26524
/Users/a/Ayanami/code/TSP/data/classic/tsplib/kroA150.tsp,hybrid,266,polyak,266,26266.502469396655,26267.621171408369,26524
/Users/a/Ayanami/code/TSP/data/classic/tsplib/kroA150.tsp,hybrid,267,polyak,267,26267.191468140551,26267.621171408369,26524
/Users/a/Ayanami/code/TSP/data/classic/tsplib/kroA150.tsp,hybrid,268,polyak,268,26266.513557416991,26267.621171408369,26524
/Users/a/Ayanami/code/TSP/data/classic/tsplib/kroA150.tsp,hybrid,269,polyak,269,26268.417025017166,26268.417025017166,26524
/Users/a/Ayanami/code/TSP/data/classic/tsplib/kroA150.tsp,hybrid,270,polyak,270,26267.773929114934,26268.417025017166,26524
/Users/a/Ayanami/code/TSP/data/classic/tsplib/kroA150.tsp,hybrid,271,polyak,271,26268.663800181061,26268.663800181061,26524
/Users/a/Ayanami/code/TSP/data/classic/tsplib/kroA150.tsp,hybrid,272,polyak,272,26267.144263138634,26268.663800181061,26524
/Users/a/Ayanami/code/TSP/data/classic/tsplib/kroA150.tsp,hybrid,273,polyak,273,26268.656019615057,26268.663800181061,26524
/Users/a/Ayanami/code/TSP/data/classic/tsplib/kroA150.tsp,hybrid,274,polyak,274,26267.845447617608,26268.663800181061,26524
/Users/a/Ayanami/code/TSP/data/classic/tsplib/kroA150.tsp,hybrid,275,polyak,275,26268.511042254922,26268.663800181061,26524
/Users/a/Ayanami/code/TSP/data/classic/tsplib/kroA150.tsp,hybrid,276,polyak,276,26267.438230193166,26268.663800181061,26524
/Users/a/Ayanami/code/TSP/data/classic/tsplib/kroA150.tsp,hybrid,277,polyak,277,26269.283341197053,26269.283341197053,26524
/Users/a/Ayanami/code/TSP/data/classic/tsplib/kroA150.tsp,hybrid,278,polyak,278,26267.401360320073,26269.283341197053,26524
/Users/a/Ayanami/code/TSP/data/classic/tsplib/kroA150.tsp,hybrid,279,polyak,279,26268.739047368148,26269.283341197053,26524
/Users/a/Ayanami/code/TSP/data/classic/tsplib/kroA150.tsp,hybrid,280,polyak,280,26268.871297406575,26269.283341197053,26524
/Users/a/Ayanami/code/TSP/data/classic/tsplib/kroA150.tsp,hybrid,281,polyak,281,26268.550344496078,26269.283341197053,26524
/Users/a/Ayanami/code/TSP/data/classic/tsplib/kroA150.tsp,hybrid,282,polyak,282,26268.627143254955,26269.283341197053,26524
/Users/a/Ayanami/code/TSP/data/classic/tsplib/kroA150.tsp,hybrid,283,polyak,283,26268.694303909251,26269.283341197053,26524
/Users/a/Ayanami/code/TSP/data/classic/tsplib/kroA150.tsp,hybrid,284,polyak,284,26268.613497857103,26269.283341197053,26524
/Users/a/Ayanami/code/TSP/data/classic/tsplib/kroA150.tsp,hybrid,285,polyak,285,26268.870529124728,26269.283341197053,26524
/Users/a/Ayanami/code/TSP/data/classic/tsplib/kroA150.tsp,hybrid,286,polyak,286,26268.892009368861,26269.283341197053,26524
/Users/a/Ayanami/code/TSP/data/classic/tsplib/kroA150.tsp,hybrid,287,polyak,287,26269.76195421891,26269.76195421891,26524
/Users/a/Ayanami/code/TSP/data/classic/tsplib/kroA150.tsp,hybrid,288,polyak,288,26267.132863012648,26269.76195421891,26524
/Users/a/Ayanami/code/TSP/data/classic/tsplib/kroA150.tsp,hybrid,289,polyak,289,26269.409071485625,26269.76195421891,26524
/Users/a/Ayanami/code/TSP/data/classic/tsplib/kroA150.tsp,hybrid,290,polyak,290,26268.511392506862,26269.76195421891,26524
/Users/a/Ayanami/code/TSP/data/classic/tsplib/kroA150.tsp,hybrid,291,polyak,291,26269.47880727578,26269.76195421891,26524
/Users/a/Ayanami/code/TSP/data/classic/tsplib/kroA150.tsp,hybrid,292,polyak,292,26267.021920068459,26269.76195421891,26524
/Users/a/Ayanami/code/TSP/data/classic/tsplib/kroA150.tsp,hybrid,293,polyak,293,26268.5203399046,26269.76195421891,26524
/Users/a/Ayanami/code/TSP/data/classic/tsplib/kroA150.tsp,hybrid,294,polyak,294,26269.527146185192,26269.76195421891,26524
/Users/a/Ayanami/code/TSP/data/classic/tsplib/kroA150.tsp,hybrid,295,polyak,295,26269.12208813804,26269.76195421891,26524
/Users/a/Ayanami/code/TSP/data/classic/tsplib/kroA150.tsp,hybrid,296,polyak,296,26269.47336432778,26269.76195421891,26524
/Users/a/Ayanami/code/TSP/data/classic/tsplib/kroA150.tsp,hybrid,297,polyak,297,26267.089708028288,26269.76195421891,26524
/Users/a/Ayanami/code/TSP/data/classic/tsplib/kroA150.tsp,hybrid,298,polyak,298,26269.0249315863,26269.76195421891,26524
/Users/a/Ayanami/code/TSP/data/classic/tsplib/kroA150.tsp,hybrid,299,polyak,299,26269.036830741308,26269.76195421891,26524
/Users/a/Ayanami/code/TSP/data/classic/tsplib/kroA150.tsp,hybrid,300,polyak,300,26269.705275903321,26269.76195421891,26524
/Users/a/Ayanami/code/TSP/data/classic/tsplib/kroA150.tsp,hybrid,301,polyak,301,26270.369216425359,26270.369216425359,26524
/Users/a/Ayanami/code/TSP/data/classic/tsplib/kroA150.tsp,hybrid,302,polyak,302,26268.870807731033,26270.369216425359,26524
/Users/a/Ayanami/code/TSP/data/classic/tsplib/kroA150.tsp,hybrid,303,polyak,303,26269.786644409007,26270.369216425359,26524
/Users/a/Ayanami/code/TSP/data/classic/tsplib/kroA150.tsp,hybrid,304,polyak,304,26270.531781400845,26270.531781400845,26524
/Users/a/Ayanami/code/TSP/data/classic/tsplib/kroA150.tsp,hybrid,305,polyak,305,26269.807098123201,26270.531781400845,26524
/Users/a/Ayanami/code/TSP/data/classic/tsplib/kroA150.tsp,hybrid,306,polyak,306,26270.39400281644,26270.531781400845,26524
/Users/a/Ayanami/code/TSP/data/classic/tsplib/kroA150.tsp,hybrid,307,polyak,307,26269.732962339516,26270.531781400845,26524
/Users/a/Ayanami/code/TSP/data/classic/tsplib/kroA150.tsp,hybrid,308,polyak,308,26270.134353725258,26270.531781400845,26524
/Users/a/Ayanami/code/TSP/data/classic/tsplib/kroA150.tsp,hybrid,309,polyak,309,26270.393283591333,26270.531781400845,26524
/Users/a/Ayanami/code/TSP/data/classic/tsplib/kroA150.tsp,hybrid,310,polyak,310,26269.904121779338,26270.531781400845,26524
/Users/a/Ayanami/code/TSP/data/classic/tsplib/kroA150.tsp,hybrid,311,polyak,311,26270.30804047182,26270.531781400845,26524
/Users/a/Ayanami/code/TSP/data/classic/tsplib/kroA150.tsp,hybrid,312,polyak,312,26270.101187823795,26270.531781400845,26524
/Users/a/Ayanami/code/TSP/data/classic/tsplib/kroA150.tsp,hybrid,313,polyak,313,26270.459117267379,26270.531781400845,26524
/Users/a/Ayanami/code/TSP/data/classic/tsplib/kroA150.tsp,hybrid,314,polyak,314,26270.409652416191,26270.531781400845,26524
/Users/a/Ayanami/code/TSP/data/classic/tsplib/kroA150.tsp,hybrid,315,polyak,315,26269.733486229528,26270.531781400845,26524
/Users/a/Ayanami/code/TSP/data/classic/tsplib/kroA150.tsp,hybrid,316,polyak,316,26270.356395484199,26270.531781400845,26524
/Users/a/Ayanami/code/TSP/data/classic/tsplib/kroA150.tsp,hybrid,317,polyak,317,26270.260640403696,26270.531781400845,26524
/Users/a/Ayanami/code/TSP/data/classic/tsplib/kroA150.tsp,hybrid,318,polyak,318,26270.753499527669,26270.753499527669,26524
/Users/a/Ayanami/code/TSP/data/classic/tsplib/kroA150.tsp,hybrid,319,polyak,319,26270.917138518929,26270.917138518929,26524
/Users/a/Ayanami/code/TSP/data/classic/tsplib/kroA150.tsp,hybrid,320,polyak,320,26270.679858264008,26270.917138518929,26524
/Users/a/Ayanami/code/TSP/data/classic/tsplib/kroA150.tsp,hybrid,321,polyak,321,26271.013610380345,26271.013610380345,26524
/Users/a/Ayanami/code/TSP/data/classic/tsplib/kroA150.tsp,hybrid,322,polyak,322,26270.12707181873,26271.013610380345,26524
/Users/a/Ayanami/code/TSP/data/classic/tsplib/kroA150.tsp,hybrid,323,polyak,323,26270.621215474632,26271.013610380345,26524
/Users/a/Ayanami/code/TSP/data/classic/tsplib/kroA150.tsp,hybrid,324,polyak,324,26270.991373803619,26271.013610380345,26524
/Users/a/Ayanami/code/TSP/data/classic/tsplib/kroA150.tsp,hybrid,325,polyak,325,26270.580666576829,26271.013610380345,26524
/Users/a/Ayanami/code/TSP/data/classic/tsplib/kroA150.tsp,hybrid,326,polyak,326,26271.086802517642,26271.086802517642,26524
/Users/a/Ayanami/code/TSP/data/classic/tsplib/kroA150.tsp,hybrid,327,polyak,327,26270.529373409903,26271.086802517642,26524
/Users/a/Ayanami/code/TSP/data/classic/tsplib/kroA150.tsp,hybrid,328,polyak,328,26270.730714377831,26271.086802517642,26524
/Users/a/Ayanami/code/TSP/data/classic/tsplib/kroA150.tsp,hybrid,329,polyak,329,26270.994964779693,26271.086802517642,26524
/Users/a/Ayanami/code/TSP/data/classic/tsplib/kroA150.tsp,hybrid,330,polyak,330,26270.891620983442,26271.086802517642,26524
/Users/a/Ayanami/code/TSP/data/classic/tsplib/kroA150.tsp,hybrid,331,polyak,331,26270.76969638887,26271.086802517642,26524
/Users/a/Ayanami/code/TSP/data/classic/tsplib/kroA150.tsp,hybrid,332,polyak,332,26271.086190968796,26271.086802517642,26524
/Users/a/Ayanami/code/TSP/data/classic/tsplib/kroA150.tsp,hybrid,333,polyak,333,26270.735822298124,26271.086802517642,26524
/Users/a/Ayanami/code/TSP/data/classic/tsplib/kroA150.tsp,hybrid,334,polyak,334,26271.066275023375,26271.086802517642,26524
/Users/a/Ayanami/code/TSP/data/classic/tsplib/kroA150.tsp,hybrid,335,polyak,335,26270.963207613189,26271.086802517642,26524
/Users/a/Ayanami/code/TSP/data/classic/tsplib/kroA150.tsp,hybrid,336,polyak,336,26270.874815371892,26271.086802517642,26524
/Users/a/Ayanami/code/TSP/data/classic/tsplib/kroA150.tsp,hybrid,337,polyak,337,26271.084621591104,26271.086802517642,26524
/Users/a/Ayanami/code/TSP/data/classic/tsplib/kroA150.tsp,hybrid,338,polyak,338,26271.08377833194,26271.086802517642,26524
/Users/a/Ayanami/code/TSP/data/classic/tsplib/kroA150.tsp,hybrid,339,polyak,339,26270.540619638745,26271.086802517642,26524
/Users/a/Ayanami/code/TSP/data/classic/tsplib/kroA150.tsp,hybrid,340,polyak,340,26270.872811474735,26271.086802517642,26524
/Users/a/Ayanami/code/TSP/data/classic/tsplib/kroA150.tsp,hybrid,341,polyak,341,26271.142098533008,26271.142098533008,26524
/Users/a/Ayanami/code/TSP/data/classic/tsplib/kroA150.tsp,hybrid,342,polyak,342,26271.181900650779,26271.181900650779,26524
/Users/a/Ayanami/code/TSP/data/classic/tsplib/kroA150.tsp,hybrid,343,polyak,343,26271.285484428234,26271.285484428234,26524
/Users/a/Ayanami/code/TSP/data/classic/tsplib/kroA150.tsp,hybrid,344,polyak,344,26271.199535293323,26271.285484428234,26524
/Users/a/Ayanami/code/TSP/data/classic/tsplib/kroA150.tsp,hybrid,345,polyak,345,26271.162320325344,26271.285484428234,26524
/Users/a/Ayanami/code/TSP/data/classic/tsplib/kroA150.tsp,hybrid,346,polyak,346,26271.267947356962,26271.285484428234,26524
/Users/a/Ayanami/code/TSP/data/classic/tsplib/kroA150.tsp,hybrid,347,polyak,347,26271.271914599274,26271.285484428234,26524
/Users/a/Ayanami/code/TSP/data/classic/tsplib/kroA150.tsp,hybrid,348,polyak,348,26271.251464967045,26271.285484428234,26524
/Users/a/Ayanami/code/TSP/data/classic/tsplib/kroA150.tsp,hybrid,349,polyak,349,26271.283165435641,26271.285484428234,26524
/Users/a/Ayanami/code/TSP/data/classic/tsplib/kroA150.tsp,hybrid,350,polyak,350,26271.356645249121,26271.356645249121,26524
/Users/a/Ayanami/code/TSP/data/classic/tsplib/kroA150.tsp,hybrid,351,polyak,351,26271.231118578904,26271.356645249121,26524
/Users/a/Ayanami/code/TSP/data/classic/tsplib/kroA150.tsp,hybrid,352,polyak,352,26271.204488604308,26271.356645249121,26524
/Users/a/Ayanami/code/TSP/data/classic/tsplib/kroA150.tsp,hybrid,353,polyak,353,26271.270804257314,26271.356645249121,26524
/Users/a/Ayanami/code/TSP/data/classic/tsplib/kroA150.tsp,hybrid,354,polyak,354,26271.320896370788,26271.356645249121,26524
/Users/a/Ayanami/code/TSP/data/classic/tsplib/kroA150.tsp,hybrid,355,polyak,355,26271.447917315494,26271.447917315494,26524
/Users/a/Ayanami/code/TSP/data/classic/tsplib/kroA150.tsp,hybrid,356,polyak,356,26271.207416929756,26271.447917315494,26524
/Users/a/Ayanami/code/TSP/data/classic/tsplib/kroA150.tsp,hybrid,357,polyak,357,26271.374605957546,26271.447917315494,26524
/Users/a/Ayanami/code/TSP/data/classic/tsplib/kroA150.tsp,hybrid,358,polyak,358,26271.192416325553,26271.447917315494,26524
/Users/a/Ayanami/code/TSP/data/classic/tsplib/kroA150.tsp,hybrid,359,polyak,359,26271.336817069783,26271.447917315494,26524
/Users/a/Ayanami/code/TSP/data/classic/tsplib/kroA150.tsp,hybrid,360,polyak,360,26271.179697775755,26271.447917315494,26524
/Users/a/Ayanami/code/TSP/data/classic/tsplib/kroA150.tsp,hybrid,361,polyak,361,26271.434983508825,26271.447917315494,26524
/Users/a/Ayanami/code/TSP/data/classic/tsplib/kroA150.tsp,hybrid,362,polyak,362,26271.318378261723,26271.447917315494,26524
/Users/a/Ayanami/code/TSP/data/classic/tsplib/kroA150.tsp,hybrid,363,polyak,363,26271.475290735474,26271.475290735474,26524
/Users/a/Ayanami/code/TSP/data/classic/tsplib/kroA150.tsp,hybrid,364,polyak,364,26271.278484674312,26271.475290735474,26524
/Users/a/Ayanami/code/TSP/data/classic/tsplib/kroA150.tsp,hybrid,365,polyak,365,26271.512680084321,26271.512680084321,26524
/Users/a/Ayanami/code/TSP/data/classic/tsplib/kroA150.tsp,hybrid,366,polyak,366,26271.103423382319,26271.512680084321,26524
/Users/a/Ayanami/code/TSP/data/classic/tsplib/kroA150.tsp,hybrid,367,polyak,367,26271.349079382311,26271.512680084321,26524
/Users/a/Ayanami/code/TSP/data/classic/tsplib/kroA150.tsp,hybrid,368,polyak,368,26271.418133892199,26271.512680084321,26524
/Users/a/Ayanami/code/TSP/data/classic/tsplib/kroA150.tsp,hybrid,369,polyak,369,26271.311427850273,26271.512680084321,26524
/Users/a/Ayanami/code/TSP/data/classic/tsplib/kroA150.tsp,hybrid,370,polyak,370,26271.46520567776,26271.512680084321,26524
/Users/a/Ayanami/code/TSP/data/classic/tsplib/kroA150.tsp,hybrid,371,polyak,371,26271.441725235112,26271.512680084321,26524
/Users/a/Ayanami/code/TSP/data/classic/tsplib/kroA150.tsp,hybrid,372,polyak,372,26271.44240147556,26271.512680084321,26524
/Users/a/Ayanami/code/TSP/data/classic/tsplib/kroA150.tsp,hybrid,373,polyak,373,26271.280804542577,26271.512680084321,26524
/Users/a/Ayanami/code/TSP/data/classic/tsplib/kroA150.tsp,hybrid,374,polyak,374,26271.4351298525,26271.512680084321,26524
/Users/a/Ayanami/code/TSP/data/classic/tsplib/kroA150.tsp,hybrid,375,polyak,375,26271.392184340693,26271.512680084321,26524
/Users/a/Ayanami/code/TSP/data/classic/tsplib/kroA150.tsp,hybrid,376,polyak,376,26271.454437674311,26271.512680084321,26524
/Users/a/Ayanami/code/TSP/data/classic/tsplib/kroA150.tsp,hybrid,377,polyak,377,26271.489993130097,26271.512680084321,26524
/Users/a/Ayanami/code/TSP/data/classic/tsplib/kroA150.tsp,hybrid,378,polyak,378,26271.331403782526,26271.512680084321,26524
/Users/a/Ayanami/code/TSP/data/classic/tsplib/kroA150.tsp,hybrid,379,polyak,379,26271.489570101377,26271.512680084321,26524
/Users/a/Ayanami/code/TSP/data/classic/tsplib/kroA150.tsp,hybrid,380,polyak,380,26271.563784157315,26271.563784157315,26524
/Users/a/Ayanami/code/TSP/data/classic/tsplib/kroA150.tsp,hybrid,381,polyak,381,26271.500817000473,26271.563784157315,26524
/Users/a/Ayanami/code/TSP/data/classic/tsplib/kroA150.tsp,hybrid,382,polyak,382,26271.575938012083,26271.575938012083,26524
/Users/a/Ayanami/code/TSP/data/classic/tsplib/kroA150.tsp,hybrid,383,polyak,383,26271.431125937866,26271.575938012083,26524
/Users/a/Ayanami/code/TSP/data/classic/tsplib/kroA150.tsp,hybrid,384,polyak,384,26271.560410126742,26271.575938012083,26524
/Users/a/Ayanami/code/TSP/data/classic/tsplib/kroA150.tsp,hybrid,385,polyak,385,26271.561449867066,26271.575938012083,26524
/Users/a/Ayanami/code/TSP/data/classic/tsplib/kroA150.tsp,hybrid,386,polyak,386,26271.5624033452,26271.575938012083,26524
/Users/a/Ayanami/code/TSP/data/classic/tsplib/kroA150.tsp,hybrid,387,polyak,387,26271.558137489308,26271.575938012083,26524
/Users/a/Ayanami/code/TSP/data/classic/tsplib/kroA150.tsp,hybrid,388,polyak,388,26271.607965584066,26271.607965584066,26524
/Users/a/Ayanami/code/TSP/data/classic/tsplib/kroA150.tsp,hybrid,389,polyak,389,26271.433544925243,26271.607965584066,26524
/Users/a/Ayanami/code/TSP/data/classic/tsplib/kroA150.tsp,hybrid,390,polyak,390,26271.593693913452,26271.607965584066,26524
/Users/a/Ayanami/code/TSP/data/classic/tsplib/kroA150.tsp,hybrid,391,polyak,391,26271.557459651853,26271.607965584066,26524
/Users/a/Ayanami/code/TSP/data/classic/tsplib/kroA150.tsp,hybrid,392,polyak,392,26271.607805480762,26271.607965584066,26524
/Users/a/Ayanami/code/TSP/data/classic/tsplib/kroA150.tsp,hybrid,393,polyak,393,26271.538980983983,26271.607965584066,26524
/Users/a/Ayanami/code/TSP/data/classic/tsplib/kroA150.tsp,hybrid,394,polyak,394,26271.562425053471,26271.607965584066,26524
/Users/a/Ayanami/code/TSP/data/classic/tsplib/kroA150.tsp,hybrid,395,polyak,395,26271.641310046158,26271.641310046158,26524
/Users/a/Ayanami/code/TSP/data/classic/tsplib/kroA150.tsp,hybrid,396,polyak,396,26271.545546149726,26271.641310046158,26524
/Users/a/Ayanami/code/TSP/data/classic/tsplib/kroA150.tsp,hybrid,397,polyak,397,26271.653479791836,26271.653479791836,26524
/Users/a/Ayanami/code/TSP/data/classic/tsplib/kroA150.tsp,hybrid,398,polyak,398,26271.467015298604,26271.653479791836,26524
/Users/a/Ayanami/code/TSP/data/classic/tsplib/kroA150.tsp,hybrid,399,polyak,399,26271.599799546268,26271.653479791836,26524
/Users/a/Ayanami/code/TSP/data/classic/tsplib/kroA150.tsp,hybrid,400,polyak,400,26271.620537032566,26271.653479791836,26524
/Users/a/Ayanami/code/TSP/data/classic/tsplib/kroA150.tsp,hybrid,401,polyak,401,26271.580427261626,26271.653479791836,26524
/Users/a/Ayanami/code/TSP/data/classic/tsplib/kroA150.tsp,hybrid,402,polyak,402,26271.660472634529,26271.660472634529,26524
/Users/a/Ayanami/code/TSP/data/classic/tsplib/kroA150.tsp,hybrid,403,polyak,403,26271.605683352016,26271.660472634529,26524
/Users/a/Ayanami/code/TSP/data/classic/tsplib/kroA150.tsp,hybrid,404,polyak,404,26271.658689673895,26271.660472634529,26524
/Users/a/Ayanami/code/TSP/data/classic/tsplib/kroA150.tsp,hybrid,405,polyak,405,26271.499761013256,26271.660472634529,26524
/Users/a/Ayanami/code/TSP/data/classic/tsplib/kroA150.tsp,hybrid,406,polyak,406,26271.634388201441,26271.660472634529,26524
/Users/a/Ayanami/code/TSP/data/classic/tsplib/kroA150.tsp,hybrid,407,polyak,407,26271.587519377554,26271.660472634529,26524
/Users/a/Ayanami/code/TSP/data/classic/tsplib/kroA150.tsp,hybrid,408,polyak,408,26271.6525226839,26271.660472634529,26524
/Users/a/Ayanami/code/TSP/data/classic/tsplib/kroA150.tsp,hybrid,409,polyak,409,26271.560654162666,26271.660472634529,26524
/Users/a/Ayanami/code/TSP/data/classic/tsplib/kroA150.tsp,hybrid,410,polyak,410,26271.69523958633,26271.69523958633,26524
/Users/a/Ayanami/code/TSP/data/classic/tsplib/kroA150.tsp,hybrid,411,polyak,411,26271.585530134409,26271.69523958633,26524
/Users/a/Ayanami/code/TSP/data/classic/tsplib/kroA150.tsp,hybrid,412,polyak,412,26271.661095430281,26271.69523958633,26524
/Users/a/Ayanami/code/TSP/data/classic/tsplib/kroA150.tsp,hybrid,413,polyak,413,26271.606627594956,26271.69523958633,26524
/Users/a/Ayanami/code/TSP/data/classic/tsplib/kroA150.tsp,hybrid,414,polyak,414,26271.655392758919,26271.69523958633,26524
/Users/a/Ayanami/code/TSP/data/classic/tsplib/kroA150.tsp,hybrid,415,polyak,415,26271.622416864833,26271.69523958633,26524
/Users/a/Ayanami/code/TSP/data/classic/tsplib/kroA150.tsp,hybrid,416,polyak,416,26271.674863875483,26271.69523958633,26524
/Users/a/Ayanami/code/TSP/data/classic/tsplib/kroA150.tsp,hybrid,417,polyak,417,26271.594161525325,26271.69523958633,26524
/Users/a/Ayanami/code/TSP/data/classic/tsplib/kroA150.tsp,hybrid,418,polyak,418,26271.671300850434,26271.69523958633,26524
/Users/a/Ayanami/code/TSP/data/classic/tsplib/kroA150.tsp,hybrid,419,polyak,419,26271.662906243611,26271.69523958633,26524
/Users/a/Ayanami/code/TSP/data/classic/tsplib/kroA150.tsp,hybrid,420,polyak,420,26271.681570951358,26271.69523958633,26524
/Users/a/Ayanami/code/TSP/data/classic/tsplib/kroA150.tsp,hybrid,421,polyak,421,26271.600817044142,26271.69523958633,26524
/Users/a/Ayanami/code/TSP/data/classic/tsplib/kroA150.tsp,hybrid,422,polyak,422,26271.632986524179,26271.69523958633,26524
/Users/a/Ayanami/code/TSP/data/classic/tsplib/kroA150.tsp,hybrid,423,polyak,423,26271.63831989879,26271.69523958633,26524
/Users/a/Ayanami/code/TSP/data/classic/tsplib/kroA150.tsp,hybrid,424,polyak,424,26271.708470819434,26271.708470819434,26524
/Users/a/Ayanami/code/TSP/data/classic/tsplib/kroA150.tsp,hybrid,425,polyak,425,26271.728796500534,26271.728796500534,26524
/Users/a/Ayanami/code/TSP/data/classic/tsplib/kroA150.tsp,hybrid,426,polyak,426,26271.680768744809,26271.728796500534,26524
/Users/a/Ayanami/code/TSP/data/classic/tsplib/kroA150.tsp,hybrid,427,polyak,427,26271.728605472421,26271.728796500534,26524
/Users/a/Ayanami/code/TSP/data/classic/tsplib/kroA150.tsp,hybrid,428,polyak,428,26271.654534545545,26271.728796500534,26524
/Users/a/Ayanami/code/TSP/data/classic/tsplib/kroA150.tsp,hybrid,429,polyak,429,26271.734814113279,26271.734814113279,26524
/Users/a/Ayanami/code/TSP/data/classic/tsplib/kroA150.tsp,hybrid,430,polyak,430,26271.740562335235,26271.740562335235,26524
/Users/a/Ayanami/code/TSP/data/classic/tsplib/kroA150.tsp,hybrid,431,polyak,431,26271.721133916959,26271.740562335235,26524
/Users/a/Ayanami/code/TSP/data/classic/tsplib/kroA150.tsp,hybrid,432,polyak,432,26271.72694023417,26271.740562335235,26524
/Users/a/Ayanami/code/TSP/data/classic/tsplib/kroA150.tsp,hybrid,433,polyak,433,26271.69761798613,26271.740562335235,26524
/Users/a/Ayanami/code/TSP/data/classic/tsplib/kroA150.tsp,hybrid,434,polyak,434,26271.730841650096,26271.740562335235,26524
/Users/a/Ayanami/code/TSP/data/classic/tsplib/kroA150.tsp,hybrid,435,polyak,435,26271.71561702757,26271.740562335235,26524
/Users/a/Ayanami/code/TSP/data/classic/tsplib/kroA150.tsp,hybrid,436,polyak,436,26271.760140289574,26271.760140289574,26524
/Users/a/Ayanami/code/TSP/data/classic/tsplib/kroA150.tsp,hybrid,437,polyak,437,26271.712157405542,26271.760140289574,26524
/Users/a/Ayanami/code/TSP/data/classic/tsplib/kroA150.tsp,hybrid,438,polyak,438,26271.732053687683,26271.760140289574,26524
/Users/a/Ayanami/code/TSP/data/classic/tsplib/kroA150.tsp,hybrid,439,polyak,439,26271.741286855238,26271.760140289574,26524
/Users/a/Ayanami/code/TSP/data/classic/tsplib/kroA150.tsp,hybrid,440,polyak,440,26271.718849170535,26271.760140289574,26524
/Users/a/Ayanami/code/TSP/data/classic/tsplib/kroA150.tsp,hybrid,441,polyak,441,26271.75902215649,26271.760140289574,26524
/Users/a/Ayanami/code/TSP/data/classic/tsplib/kroA150.tsp,hybrid,442,polyak,442,26271.737316224753,26271.760140289574,26524
/Users/a/Ayanami/code/TSP/data/classic/tsplib/kroA150.tsp,hybrid,443,polyak,443,26271.760969277977,26271.760969277977,26524
/Users/a/Ayanami/code/TSP/data/classic/tsplib/kroA150.tsp,hybrid,444,polyak,444,26271.748545285518,26271.760969277977,26524
/Users/a/Ayanami/code/TSP/data/classic/tsplib/kroA150.tsp,hybrid,445,polyak,445,26271.747688457337,26271.760969277977,26524
/Users/a/Ayanami/code/TSP/data/classic/tsplib/kroA150.tsp,hybrid,446,polyak,446,26271.710519397322,26271.760969277977,26524
/Users/a/Ayanami/code/TSP/data/classic/tsplib/kroA150.tsp,hybrid,447,polyak,447,26271.77131509882,26271.77131509882,26524
/Users/a/Ayanami/code/TSP/data/classic/tsplib/kroA150.tsp,hybrid,448,polyak,448,26271.705591107519,26271.77131509882,26524
/Users/a/Ayanami/code/TSP/data/classic/tsplib/kroA150.tsp,hybrid,449,polyak,449,26271.751004569272,26271.77131509882,26524
/Users/a/Ayanami/code/TSP/data/classic/tsplib/kroA150.tsp,hybrid,450,polyak,450,26271.749993740217,26271.77131509882,26524
/Users/a/Ayanami/code/TSP/data/classic/tsplib/kroA150.tsp,hybrid,451,polyak,451,26271.772419894729,26271.772419894729,26524
/Users/a/Ayanami/code/TSP/data/classic/tsplib/kroA150.tsp,hybrid,452,polyak,452,26271.727749927311,26271.772419894729,26524
/Users/a/Ayanami/code/TSP/data/classic/tsplib/kroA150.tsp,hybrid,453,polyak,453,26271.765120948829,26271.772419894729,26524
/Users/a/Ayanami/code/TSP/data/classic/tsplib/kroA150.tsp,hybrid,454,polyak,454,26271.759307468667,26271.772419894729,26524
/Users/a/Ayanami/code/TSP/data/classic/tsplib/kroA150.tsp,hybrid,455,polyak,455,26271.772722806654,26271.772722806654,26524
/Users/a/Ayanami/code/TSP/data/classic/tsplib/kroA150.tsp,hybrid,456,polyak,456,26271.700903221834,26271.772722806654,26524
/Users/a/Ayanami/code/TSP/data/classic/tsplib/kroA150.tsp,hybrid,457,polyak,457,26271.759623096506,26271.772722806654,26524
/Users/a/Ayanami/code/TSP/data/classic/tsplib/kroA150.tsp,hybrid,458,polyak,458,26271.781040131569,26271.781040131569,26524
/Users/a/Ayanami/code/TSP/data/classic/tsplib/kroA150.tsp,hybrid,459,polyak,459,26271.734616557613,26271.781040131569,26524
/Users/a/Ayanami/code/TSP/data/classic/tsplib/kroA150.tsp,hybrid,460,polyak,460,26271.792114968659,26271.792114968659,26524
/Users/a/Ayanami/code/TSP/data/classic/tsplib/kroA150.tsp,hybrid,461,polyak,461,26271.695003150911,26271.792114968659,26524
/Users/a/Ayanami/code/TSP/data/classic/tsplib/kroA150.tsp,hybrid,462,polyak,462,26271.759318516029,26271.792114968659,26524
/Users/a/Ayanami/code/TSP/data/classic/tsplib/kroA150.tsp,hybrid,463,polyak,463,26271.784733006974,26271.792114968659,26524
/Users/a/Ayanami/code/TSP/data/classic/tsplib/kroA150.tsp,hybrid,464,polyak,464,26271.762328839981,26271.792114968659,26524
/Users/a/Ayanami/code/TSP/data/classic/tsplib/kroA150.tsp,hybrid,465,polyak,465,26271.750475115514,26271.792114968659,26524
/Users/a/Ayanami/code/TSP/data/classic/tsplib/kroA150.tsp,hybrid,466,polyak,466,26271.786590936485,26271.792114968659,26524
/Users/a/Ayanami/code/TSP/data/classic/tsplib/kroA150.tsp,hybrid,467,polyak,467,26271.774852186794,26271.792114968659,26524
/Users/a/Ayanami/code/TSP/data/classic/tsplib/kroA150.tsp,hybrid,468,polyak,468,26271.727870956242,26271.792114968659,26524
/Users/a/Ayanami/code/TSP/data/classic/tsplib/kroA150.tsp,hybrid,469,polyak,469,26271.775587983,26271.792114968659,26524
/Users/a/Ayanami/code/TSP/data/classic/tsplib/kroA150.tsp,hybrid,470,polyak,470,26271.769398646804,26271.792114968659,26524
/Users/a/Ayanami/code/TSP/data/classic/tsplib/kroA150.tsp,hybrid,471,polyak,471,26271.78151595595,26271.792114968659,26524
/Users/a/Ayanami/code/TSP/data/classic/tsplib/kroA150.tsp,hybrid,472,polyak,472,26271.775236440335,26271.792114968659,26524
/Users/a/Ayanami/code/TSP/data/classic/tsplib/kroA150.tsp,hybrid,473,polyak,473,26271.780721808842,26271.792114968659,26524
/Users/a/Ayanami/code/TSP/data/classic/tsplib/kroA150.tsp,hybrid,474,polyak,474,26271.794368843504,26271.794368843504,26524
/Users/a/Ayanami/code/TSP/data/classic/tsplib/kroA150.tsp,hybrid,475,polyak,475,26271.795754811923,26271.795754811923,26524
/Users/a/Ayanami/code/TSP/data/classic/tsplib/kroA150.tsp,hybrid,476,polyak,476,26271.812285394524,26271.812285394524,26524
/Users/a/Ayanami/code/TSP/data/classic/tsplib/kroA150.tsp,hybrid,477,polyak,477,26271.793843829011,26271.812285394524,26524
/Users/a/Ayanami/code/TSP/data/classic/tsplib/kroA150.tsp,hybrid,478,polyak,478,26271.792332768866,26271.812285394524,26524
/Users/a/Ayanami/code/TSP/data/classic/tsplib/kroA150.tsp,hybrid,479,polyak,479,26271.8009813645,26271.812285394524,26524
/Users/a/Ayanami/code/TSP/data/classic/tsplib/kroA150.tsp,hybrid,480,polyak,480,26271.814209343749,26271.814209343749,26524
/Users/a/Ayanami/code/TSP/data/classic/tsplib/kroA150.tsp,hybrid,481,polyak,481,26271.807446507053,26271.814209343749,26524
/Users/a/Ayanami/code/TSP/data/classic/tsplib/kroA150.tsp,hybrid,482,polyak,482,26271.808094261196,26271.814209343749,26524
/Users/a/Ayanami/code/TSP/data/classic/tsplib/kroA150.tsp,hybrid,483,polyak,483,26271.813642423047,26271.814209343749,26524
/Users/a/Ayanami/code/TSP/data/classic/tsplib/kroA150.tsp,hybrid,484,polyak,484,26271.807174483893,26271.814209343749,26524
/Users/a/Ayanami/code/TSP/data/classic/tsplib/kroA150.tsp,hybrid,485,polyak,485,26271.816100847191,26271.816100847191,26524
/Users/a/Ayanami/code/TSP/data/classic/tsplib/kroA150.tsp,hybrid,486,polyak,486,26271.801597228703,26271.816100847191,26524
/Users/a/Ayanami/code/TSP/data/classic/tsplib/kroA150.tsp,hybrid,487,polyak,487,26271.814232696805,26271.816100847191,26524
/Users/a/Ayanami/code/TSP/data/classic/tsplib/kroA150.tsp,hybrid,488,polyak,488,26271.793274050739,26271.816100847191,26524
/Users/a/Ayanami/code/TSP/data/classic/tsplib/kroA150.tsp,hybrid,489,polyak,489,26271.816475765161,26271.816475765161,26524
/Users/a/Ayanami/code/TSP/data/classic/tsplib/kroA150.tsp,hybrid,490,polyak,490,26271.804260704288,26271.816475765161,26524
/Users/a/Ayanami/code/TSP/data/classic/tsplib/kroA150.tsp,hybrid,491,polyak,491,26271.813057047912,26271.816475765161,26524
/Users/a/Ayanami/code/TSP/data/classic/tsplib/kroA150.tsp,hybrid,492,polyak,492,26271.812523685672,26271.816475765161,26524
/Users/a/Ayanami/code/TSP/data/classic/tsplib/kroA150.tsp,hybrid,493,polyak,493,26271.814723632706,26271.816475765161,26524
/Users/a/Ayanami/code/TSP/data/classic/tsplib/kroA150.tsp,hybrid,494,polyak,494,26271.812521178552,26271.816475765161,26524
/Users/a/Ayanami/code/TSP/data/classic/tsplib/kroA150.tsp,hybrid,495,polyak,495,26271.824767056361,26271.824767056361,26524
/Users/a/Ayanami/code/TSP/data/classic/tsplib/kroA150.tsp,hybrid,496,polyak,496,26271.780065415827,26271.824767056361,26524
/Users/a/Ayanami/code/TSP/data/classic/tsplib/kroA150.tsp,hybrid,497,polyak,497,26271.819576196503,26271.824767056361,26524
/Users/a/Ayanami/code/TSP/data/classic/tsplib/kroA150.tsp,hybrid,498,polyak,498,26271.818777758013,26271.824767056361,26524
/Users/a/Ayanami/code/TSP/data/classic/tsplib/kroA150.tsp,hybrid,499,polyak,499,26271.820193784566,26271.824767056361,26524
/Users/a/Ayanami/code/TSP/data/classic/tsplib/kroA150.tsp,hybrid,500,polyak,500,26271.800347988537,26271.824767056361,26524
/Users/a/Ayanami/code/TSP/data/classic/tsplib/kroA150.tsp,hybrid,501,polyak,501,26271.819638572604,26271.824767056361,26524
/Users/a/Ayanami/code/TSP/data/classic/tsplib/kroA150.tsp,hybrid,502,polyak,502,26271.826938664035,26271.826938664035,26524
/Users/a/Ayanami/code/TSP/data/classic/tsplib/kroA150.tsp,hybrid,503,polyak,503,26271.812866536093,26271.826938664035,26524
/Users/a/Ayanami/code/TSP/data/classic/tsplib/kroA150.tsp,hybrid,504,polyak,504,26271.822021509826,26271.826938664035,26524
/Users/a/Ayanami/code/TSP/data/classic/tsplib/kroA150.tsp,hybrid,505,polyak,505,26271.81918109578,26271.826938664035,26524
/Users/a/Ayanami/code/TSP/data/classic/tsplib/kroA150.tsp,hybrid,506,polyak,506,26271.82965010776,26271.82965010776,26524
/Users/a/Ayanami/code/TSP/data/classic/tsplib/kroA150.tsp,hybrid,507,polyak,507,26271.816811745113,26271.82965010776,26524
/Users/a/Ayanami/code/TSP/data/classic/tsplib/kroA150.tsp,hybrid,508,polyak,508,26271.809994422929,26271.82965010776,26524
/Users/a/Ayanami/code/TSP/data/classic/tsplib/kroA150.tsp,hybrid,509,polyak,509,26271.829401800591,26271.82965010776,26524
/Users/a/Ayanami/code/TSP/data/classic/tsplib/kroA150.tsp,hybrid,510,polyak,510,26271.824156534334,26271.82965010776,26524
/Users/a/Ayanami/code/TSP/data/classic/tsplib/kroA150.tsp,hybrid,511,polyak,511,26271.834465365726,26271.834465365726,26524
/Users/a/Ayanami/code/TSP/data/classic/tsplib/kroA150.tsp,hybrid,512,polyak,512,26271.818249627209,26271.834465365726,26524
/Users/a/Ayanami/code/TSP/data/classic/tsplib/kroA150.tsp,hybrid,513,polyak,513,26271.831410582228,26271.834465365726,26524
/Users/a/Ayanami/code/TSP/data/classic/tsplib/kroA150.tsp,hybrid,514,polyak,514,26271.825680281527,26271.834465365726,26524
/Users/a/Ayanami/code/TSP/data/classic/tsplib/kroA150.tsp,hybrid,515,polyak,515,26271.823537662745,26271.834465365726,26524
/Users/a/Ayanami/code/TSP/data/classic/tsplib/kroA150.tsp,hybrid,516,polyak,516,26271.832215066799,26271.834465365726,26524
/Users/a/Ayanami/code/TSP/data/classic/tsplib/kroA150.tsp,hybrid,517,polyak,517,26271.838191688101,26271.838191688101,26524
/Users/a/Ayanami/code/TSP/data/classic/tsplib/kroA150.tsp,hybrid,518,polyak,518,26271.80753585085,26271.838191688101,26524
/Users/a/Ayanami/code/TSP/data/classic/tsplib/kroA150.tsp,hybrid,519,polyak,519,26271.828421508089,26271.838191688101,26524
/Users/a/Ayanami/code/TSP/data/classic/tsplib/kroA150.tsp,hybrid,520,polyak,520,26271.843758398565,26271.843758398565,26524
/Users/a/Ayanami/code/TSP/data/classic/tsplib/kroA150.tsp,hybrid,521,polyak,521,26271.800575397981,26271.843758398565,26524
/Users/a/Ayanami/code/TSP/data/classic/tsplib/kroA150.tsp,hybrid,522,polyak,522,26271.8324305641,26271.843758398565,26524
/Users/a/Ayanami/code/TSP/data/classic/tsplib/kroA150.tsp,hybrid,523,polyak,523,26271.839276671308,26271.843758398565,26524
/Users/a/Ayanami/code/TSP/data/classic/tsplib/kroA150.tsp,hybrid,524,polyak,524,26271.827680426446,26271.843758398565,26524
/Users/a/Ayanami/code/TSP/data/classic/tsplib/kroA150.tsp,hybrid,525,polyak,525,26271.845566569253,26271.845566569253,26524
/Users/a/Ayanami/code/TSP/data/classic/tsplib/kroA150.tsp,hybrid,526,polyak,526,26271.836723981069,26271.845566569253,26524
/Users/a/Ayanami/code/TSP/data/classic/tsplib/kroA150.tsp,hybrid,527,polyak,527,26271.834720159699,26271.845566569253,26524
/Users/a/Ayanami/code/TSP/data/classic/tsplib/kroA150.tsp,hybrid,528,polyak,528,26271.822239811238,26271.845566569253,26524
/Users/a/Ayanami/code/TSP/data/classic/tsplib/kroA150.tsp,hybrid,529,polyak,529,26271.843331419062,26271.845566569253,26524
/Users/a/Ayanami/code/TSP/data/classic/tsplib/kroA150.tsp,hybrid,530,polyak,530,26271.833959777508,26271.845566569253,26524
/Users/a/Ayanami/code/TSP/data/classic/tsplib/kroA150.tsp,hybrid,531,polyak,531,26271.844768664905,26271.845566569253,26524
/Users/a/Ayanami/code/TSP/data/classic/tsplib/kroA150.tsp,hybrid,532,polyak,532,26271.835470100268,26271.845566569253,26524
/Users/a/Ayanami/code/TSP/data/classic/tsplib/kroA150.tsp,hybrid,533,polyak,533,26271.846837285666,26271.846837285666,26524
/Users/a/Ayanami/code/TSP/data/classic/tsplib/kroA150.tsp,hybrid,534,polyak,534,26271.831263012707,26271.846837285666,26524
/Users/a/Ayanami/code/TSP/data/classic/tsplib/kroA150.tsp,hybrid,535,polyak,535,26271.842116455566,26271.846837285666,26524
/Users/a/Ayanami/code/TSP/data/classic/tsplib/kroA150.tsp,hybrid,536,polyak,536,26271.834119614228,26271.846837285666,26524
/Users/a/Ayanami/code/TSP/data/classic/tsplib/kroA150.tsp,hybrid,537,polyak,537,26271.841174571498,26271.846837285666,26524
/Users/a/Ayanami/code/TSP/data/classic/tsplib/kroA150.tsp,hybrid,538,polyak,538,26271.840150273394,26271.846837285666,26524
/Users/a/Ayanami/code/TSP/data/classic/tsplib/kroA150.tsp,hybrid,539,polyak,539,26271.841744459362,26271.846837285666,26524
/Users/a/Ayanami/code/TSP/data/classic/tsplib/kroA150.tsp,hybrid,540,polyak,540,26271.843336889142,26271.846837285666,26524
/Users/a/Ayanami/code/TSP/data/classic/tsplib/kroA150.tsp,hybrid,541,polyak,541,26271.829914749302,26271.846837285666,26524
/Users/a/Ayanami/code/TSP/data/classic/tsplib/kroA150.tsp,hybrid,542,polyak,542,26271.853292392123,26271.853292392123,26524
/Users/a/Ayanami/code/TSP/data/classic/tsplib/kroA150.tsp,hybrid,543,polyak,543,26271.804452229062,26271.853292392123,26524
/Users/a/Ayanami/code/TSP/data/classic/tsplib/kroA150.tsp,hybrid,544,polyak,544,26271.831709915015,26271.853292392123,26524
/Users/a/Ayanami/code/TSP/data/classic/tsplib/kroA150.tsp,hybrid,545,polyak,545,26271.844125889376,26271.853292392123,26524
/Users/a/Ayanami/code/TSP/data/classic/tsplib/kroA150.tsp,hybrid,546,polyak,546,26271.838189797068,26271.853292392123,26524
/Users/a/Ayanami/code/TSP/data/classic/tsplib/kroA150.tsp,hybrid,547,polyak,547,26271.857235392905,26271.857235392905,26524
/Users/a/Ayanami/code/TSP/data/classic/tsplib/kroA150.tsp,hybrid,548,polyak,548,26271.818756985744,26271.857235392905,26524
/Users/a/Ayanami/code/TSP/data/classic/tsplib/kroA150.tsp,hybrid,549,polyak,549,26271.83714513922,26271.857235392905,26524
/Users/a/Ayanami/code/TSP/data/classic/tsplib/kroA150.tsp,hybrid,550,polyak,550,26271.846200452292,26271.857235392905,26524
/Users/a/Ayanami/code/TSP/data/classic/tsplib/kroA150.tsp,hybrid,551,polyak,551,26271.849573224914,26271.857235392905,26524
/Users/a/Ayanami/code/TSP/data/classic/tsplib/kroA150.tsp,hybrid,552,polyak,552,26271.8480671834,26271.857235392905,26524
/Users/a/Ayanami/code/TSP/data/classic/tsplib/kroA150.tsp,hybrid,553,polyak,553,26271.817215979296,26271.857235392905,26524
/Users/a/Ayanami/code/TSP/data/classic/tsplib/kroA150.tsp,hybrid,554,polyak,554,26271.848836531659,26271.857235392905,26524
/Users/a/Ayanami/code/TSP/data/classic/tsplib/kroA150.tsp,hybrid,555,polyak,555,26271.838950818717,26271.857235392905,26524
/Users/a/Ayanami/code/TSP/data/classic/tsplib/kroA150.tsp,hybrid,556,polyak,556,26271.84129817109,26271.857235392905,26524
/Users/a/Ayanami/code/TSP/data/classic/tsplib/kroA150.tsp,hybrid,557,polyak,557,26271.851924818951,26271.857235392905,26524
/Users/a/Ayanami/code/TSP/data/classic/tsplib/kroA150.tsp,hybrid,558,polyak,558,26271.854154351375,26271.857235392905,26524
/Users/a/Ayanami/code/TSP/data/classic/tsplib/kroA150.tsp,hybrid,559,polyak,559,26271.826290605779,26271.857235392905,26524
/Users/a/Ayanami/code/TSP/data/classic/tsplib/kroA150.tsp,hybrid,560,polyak,560,26271.848507407183,26271.857235392905,26524
/Users/a/Ayanami/code/TSP/data/classic/tsplib/kroA150.tsp,hybrid,561,polyak,561,26271.862673461357,26271.862673461357,26524
/Users/a/Ayanami/code/TSP/data/classic/tsplib/kroA150.tsp,hybrid,562,polyak,562,26271.845801385272,26271.862673461357,26524
/Users/a/Ayanami/code/TSP/data/classic/tsplib/kroA150.tsp,hybrid,563,polyak,563,26271.860269088382,26271.862673461357,26524
/Users/a/Ayanami/code/TSP/data/classic/tsplib/kroA150.tsp,hybrid,564,polyak,564,26271.85509641948,26271.862673461357,26524
/Users/a/Ayanami/code/TSP/data/classic/tsplib/kroA150.tsp,hybrid,565,polyak,565,26271.866873362647,26271.866873362647,26524
/Users/a/Ayanami/code/TSP/data/classic/tsplib/kroA150.tsp,hybrid,566,polyak,566,26271.857766683257,26271.866873362647,26524
/Users/a/Ayanami/code/TSP/data/classic/tsplib/kroA150.tsp,hybrid,567,polyak,567,26271.86069887743,26271.866873362647,26524
/Users/a/Ayanami/code/TSP/data/classic/tsplib/kroA150.tsp,hybrid,568,polyak,568,26271.864010837257,26271.866873362647,26524
/Users/a/Ayanami/code/TSP/data/classic/tsplib/kroA150.tsp,hybrid,569,polyak,569,26271.857746690355,26271.866873362647,26524
/Users/a/Ayanami/code/TSP/data/classic/tsplib/kroA150.tsp,hybrid,570,polyak,570,26271.86759394571,26271.86759394571,26524
/Users/a/Ayanami/code/TSP/data/classic/tsplib/kroA150.tsp,hybrid,571,polyak,571,26271.870069040509,26271.870069040509,26524
/Users/a/Ayanami/code/TSP/data/classic/tsplib/kroA150.tsp,hybrid,572,polyak,572,26271.868678574756,26271.870069040509,26524
/Users/a/Ayanami/code/TSP/data/classic/tsplib/kroA150.tsp,hybrid,573,polyak,573,26271.852262248842,26271.870069040509,26524
/Users/a/Ayanami/code/TSP/data/classic/tsplib/kroA150.tsp,hybrid,574,polyak,574,26271.86650230236,26271.870069040509,26524
/Users/a/Ayanami/code/TSP/data/classic/tsplib/kroA150.tsp,hybrid,575,polyak,575,26271.864974463027,26271.870069040509,26524
/Users/a/Ayanami/code/TSP/data/classic/tsplib/kroA150.tsp,hybrid,576,polyak,576,26271.869032132643,26271.870069040509,26524
/Users/a/Ayanami/code/TSP/data/classic/tsplib/kroA150.tsp,hybrid,577,polyak,577,26271.86320088046,26271.870069040509,26524
/Users/a/Ayanami/code/TSP/data/classic/tsplib/kroA150.tsp,hybrid,578,polyak,578,26271.868884000432,26271.870069040509,26524
/Users/a/Ayanami/code/TSP/data/classic/tsplib/kroA150.tsp,hybrid,579,polyak,579,26271.863533250744,26271.870069040509,26524
/Users/a/Ayanami/code/TSP/data/classic/tsplib/kroA150.tsp,hybrid,580,polyak,580,26271.868426023317,26271.870069040509,26524
/Users/a/Ayanami/code/TSP/data/classic/tsplib/kroA150.tsp,hybrid,581,polyak,581,26271.867904064013,26271.870069040509,26524
/Users/a/Ayanami/code/TSP/data/classic/tsplib/kroA150.tsp,hybrid,582,polyak,582,26271.876408732209,26271.876408732209,26524
/Users/a/Ayanami/code/TSP/data/classic/tsplib/kroA150.tsp,hybrid,583,polyak,583,26271.860671488179,26271.876408732209,26524
/Users/a/Ayanami/code/TSP/data/classic/tsplib/kroA150.tsp,hybrid,584,polyak,584,26271.87616976038,26271.876408732209,26524
/Users/a/Ayanami/code/TSP/data/classic/tsplib/kroA150.tsp,hybrid,585,polyak,585,26271.850991610798,26271.876408732209,26524
/Users/a/Ayanami/code/TSP/data/classic/tsplib/kroA150.tsp,hybrid,586,polyak,586,26271.866597915276,26271.876408732209,26524
/Users/a/Ayanami/code/TSP/data/classic/tsplib/kroA150.tsp,hybrid,587,polyak,587,26271.87013578539,26271.876408732209,26524
/Users/a/Ayanami/code/TSP/data/classic/tsplib/kroA150.tsp,hybrid,588,polyak,588,26271.876116476451,26271.876408732209,26524
/Users/a/Ayanami/code/TSP/data/classic/tsplib/kroA150.tsp,hybrid,589,polyak,589,26271.864999895195,26271.876408732209,26524
/Users/a/Ayanami/code/TSP/data/classic/tsplib/kroA150.tsp,hybrid,590,polyak,590,26271.875695750998,26271.876408732209,26524
/Users/a/Ayanami/code/TSP/data/classic/tsplib/kroA150.tsp,hybrid,591,polyak,591,26271.869079106847,26271.876408732209,26524
/Users/a/Ayanami/code/TSP/data/classic/tsplib/kroA150.tsp,hybrid,592,polyak,592,26271.872216824631,26271.876408732209,26524
/Users/a/Ayanami/code/TSP/data/classic/tsplib/kroA150.tsp,hybrid,593,polyak,593,26271.871841792072,26271.876408732209,26524
/Users/a/Ayanami/code/TSP/data/classic/tsplib/kroA150.tsp,hybrid,594,polyak,594,26271.863755223327,26271.876408732209,26524
/Users/a/Ayanami/code/TSP/data/classic/tsplib/kroA150.tsp,hybrid,595,polyak,595,26271.877605166377,26271.877605166377,26524
/Users/a/Ayanami/code/TSP/data/classic/tsplib/kroA150.tsp,hybrid,596,polyak,596,26271.876240172056,26271.877605166377,26524
/Users/a/Ayanami/code/TSP/data/classic/tsplib/kroA150.tsp,hybrid,597,polyak,597,26271.878047121605,26271.878047121605,26524
/Users/a/Ayanami/code/TSP/data/classic/tsplib/kroA150.tsp,hybrid,598,polyak,598,26271.875309742882,26271.878047121605,26524
/Users/a/Ayanami/code/TSP/data/classic/tsplib/kroA150.tsp,hybrid,599,polyak,599,26271.878777686135,26271.878777686135,26524
/Users/a/Ayanami/code/TSP/data/classic/tsplib/kroA150.tsp,hybrid,600,polyak,600,26271.873827858308,26271.878777686135,26524
/Users/a/Ayanami/code/TSP/data/classic/tsplib/kroA150.tsp,hybrid,601,polyak,601,26271.878320274845,26271.878777686135,26524
/Users/a/Ayanami/code/TSP/data/classic/tsplib/kroA150.tsp,hybrid,602,polyak,602,26271.875197546084,26271.878777686135,26524
/Users/a/Ayanami/code/TSP/data/classic/tsplib/kroA150.tsp,hybrid,603,polyak,603,26271.880615028149,26271.880615028149,26524
/Users/a/Ayanami/code/TSP/data/classic/tsplib/kroA150.tsp,hybrid,604,polyak,604,26271.878183692999,26271.880615028149,26524
/Users/a/Ayanami/code/TSP/data/classic/tsplib/kroA150.tsp,hybrid,605,polyak,605,26271.881235117926,26271.881235117926,26524
/Users/a/Ayanami/code/TSP/data/classic/tsplib/kroA150.tsp,hybrid,606,polyak,606,26271.878130791469,26271.881235117926,26524
/Users/a/Ayanami/code/TSP/data/classic/tsplib/kroA150.tsp,hybrid,607,polyak,607,26271.881933462562,26271.881933462562,26524
/Users/a/Ayanami/code/TSP/data/classic/tsplib/kroA150.tsp,hybrid,608,polyak,608,26271.880547556051,26271.881933462562,26524
/Users/a/Ayanami/code/TSP/data/classic/tsplib/kroA150.tsp,hybrid,609,polyak,609,26271.874961111876,26271.881933462562,26524
/Users/a/Ayanami/code/TSP/data/classic/tsplib/kroA150.tsp,hybrid,610,polyak,610,26271.880736438103,26271.881933462562,26524
/Users/a/Ayanami/code/TSP/data/classic/tsplib/kroA150.tsp,hybrid,611,polyak,611,26271.882894398688,26271.882894398688,26524
/Users/a/Ayanami/code/TSP/data/classic/tsplib/kroA150.tsp,hybrid,612,polyak,612,26271.879269176799,26271.882894398688,26524
/Users/a/Ayanami/code/TSP/data/classic/tsplib/kroA150.tsp,hybrid,613,polyak,613,26271.881379970131,26271.882894398688,26524
/Users/a/Ayanami/code/TSP/data/classic/tsplib/kroA150.tsp,hybrid,614,polyak,614,26271.880846337725,26271.882894398688,26524
/Users/a/Ayanami/code/TSP/data/classic/tsplib/kroA150.tsp,hybrid,615,polyak,615,26271.88127426774,26271.882894398688,26524
/Users/a/Ayanami/code/TSP/data/classic/tsplib/kroA150.tsp,hybrid,616,polyak,616,26271.881648745137,26271.882894398688,26524
/Users/a/Ayanami/code/TSP/data/classic/tsplib/kroA150.tsp,hybrid,617,polyak,617,26271.880540212591,26271.882894398688,26524
/Users/a/Ayanami/code/TSP/data/classic/tsplib/kroA150.tsp,hybrid,618,polyak,618,26271.884051940004,26271.884051940004,26524
/Users/a/Ayanami/code/TSP/data/classic/tsplib/kroA150.tsp,hybrid,619,polyak,619,26271.880717900232,26271.884051940004,26524
/Users/a/Ayanami/code/TSP/data/classic/tsplib/kroA150.tsp,hybrid,620,polyak,620,26271.882907750216,26271.884051940004,26524
/Users/a/Ayanami/code/TSP/data/classic/tsplib/kroA150.tsp,hybrid,621,polyak,621,26271.882806819831,26271.884051940004,26524
/Users/a/Ayanami/code/TSP/data/classic/tsplib/kroA150.tsp,hybrid,622,polyak,622,26271.881431156977,26271.884051940004,26524
/Users/a/Ayanami/code/TSP/data/classic/tsplib/kroA150.tsp,hybrid,623,polyak,623,26271.881026358191,26271.884051940004,26524
/Users/a/Ayanami/code/TSP/data/classic/tsplib/kroA150.tsp,hybrid,624,polyak,624,26271.884629808723,26271.884629808723,26524
/Users/a/Ayanami/code/TSP/data/classic/tsplib/kroA150.tsp,hybrid,625,polyak,625,26271.874012726559,26271.884629808723,26524
/Users/a/Ayanami/code/TSP/data/classic/tsplib/kroA150.tsp,hybrid,626,polyak,626,26271.884536981932,26271.884629808723,26524
/Users/a/Ayanami/code/TSP/data/classic/tsplib/kroA150.tsp,hybrid,627,polyak,627,26271.881489817642,26271.884629808723,26524
/Users/a/Ayanami/code/TSP/data/classic/tsplib/kroA150.tsp,hybrid,628,polyak,628,26271.884478344648,26271.884629808723,26524
/Users/a/Ayanami/code/TSP/data/classic/tsplib/kroA150.tsp,hybrid,629,polyak,629,26271.880539295591,26271.884629808723,26524
/Users/a/Ayanami/code/TSP/data/classic/tsplib/kroA150.tsp,hybrid,630,polyak,630,26271.88327709564,26271.884629808723,26524
/Users/a/Ayanami/code/TSP/data/classic/tsplib/kroA150.tsp,hybrid,631,polyak,631,26271.8843071228,26271.884629808723,26524
/Users/a/Ayanami/code/TSP/data/classic/tsplib/kroA150.tsp,hybrid,632,polyak,632,26271.883367442399,26271.884629808723,26524
/Users/a/Ayanami/code/TSP/data/classic/tsplib/kroA150.tsp,hybrid,633,polyak,633,26271.886561727533,26271.886561727533,26524
/Users/a/Ayanami/code/TSP/data/classic/tsplib/kroA150.tsp,hybrid,634,polyak,634,26271.875439497395,26271.886561727533,26524
/Users/a/Ayanami/code/TSP/data/classic/tsplib/kroA150.tsp,hybrid,635,polyak,635,26271.884950792664,26271.886561727533,26524
/Users/a/Ayanami/code/TSP/data/classic/tsplib/kroA150.tsp,hybrid,636,polyak,636,26271.886561533232,26271.886561727533,26524
/Users/a/Ayanami/code/TSP/data/classic/tsplib/kroA150.tsp,hybrid,637,polyak,637,26271.878249447807,26271.886561727533,26524
/Users/a/Ayanami/code/TSP/data/classic/tsplib/kroA150.tsp,hybrid,638,polyak,638,26271.881394994969,26271.886561727533,26524
/Users/a/Ayanami/code/TSP/data/classic/tsplib/kroA150.tsp,hybrid,639,polyak,639,26271.884632526446,26271.886561727533,26524
/Users/a/Ayanami/code/TSP/data/classic/tsplib/kroA150.tsp,hybrid,640,polyak,640,26271.886390439111,26271.886561727533,26524
/Users/a/Ayanami/code/TSP/data/classic/tsplib/kroA150.tsp,hybrid,641,polyak,641,26271.887478068184,26271.887478068184,26524
/Users/a/Ayanami/code/TSP/data/classic/tsplib/kroA150.tsp,hybrid,642,polyak,642,26271.879837517168,26271.887478068184,26524
/Users/a/Ayanami/code/TSP/data/classic/tsplib/kroA150.tsp,hybrid,643,polyak,643,26271.881034991042,26271.887478068184,26524
/Users/a/Ayanami/code/TSP/data/classic/tsplib/kroA150.tsp,hybrid,644,polyak,644,26271.886829281426,26271.887478068184,26524
/Users/a/Ayanami/code/TSP/data/classic/tsplib/kroA150.tsp,hybrid,645,polyak,645,26271.886198706667,26271.887478068184,26524
/Users/a/Ayanami/code/TSP/data/classic/tsplib/kroA150.tsp,hybrid,646,polyak,646,26271.885035403204,26271.887478068184,26524
/Users/a/Ayanami/code/TSP/data/classic/tsplib/kroA150.tsp,hybrid,647,polyak,647,26271.883527746155,26271.887478068184,26524
/Users/a/Ayanami/code/TSP/data/classic/tsplib/kroA150.tsp,hybrid,648,polyak,648,26271.88858754222,26271.88858754222,26524
/Users/a/Ayanami/code/TSP/data/classic/tsplib/kroA150.tsp,hybrid,649,polyak,649,26271.887149205028,26271.88858754222,26524
/Users/a/Ayanami/code/TSP/data/classic/tsplib/kroA150.tsp,hybrid,650,polyak,650,26271.876937760804,26271.88858754222,26524
/Users/a/Ayanami/code/TSP/data/classic/tsplib/kroA150.tsp,hybrid,651,polyak,651,26271.886575114557,26271.88858754222,26524
/Users/a/Ayanami/code/TSP/data/classic/tsplib/kroA150.tsp,hybrid,652,polyak,652,26271.886022424645,26271.88858754222,26524
/Users/a/Ayanami/code/TSP/data/classic/tsplib/kroA150.tsp,hybrid,653,polyak,653,26271.88601347672,26271.88858754222,26524
/Users/a/Ayanami/code/TSP/data/classic/tsplib/kroA150.tsp,hybrid,654,polyak,654,26271.887939708573,26271.88858754222,26524
/Users/a/Ayanami/code/TSP/data/classic/tsplib/kroA150.tsp,hybrid,655,polyak,655,26271.885237138296,26271.88858754222,26524
/Users/a/Ayanami/code/TSP/data/classic/tsplib/kroA150.tsp,hybrid,656,polyak,656,26271.888369303786,26271.88858754222,26524
/Users/a/Ayanami/code/TSP/data/classic/tsplib/kroA150.tsp,hybrid,657,polyak,657,26271.884756787644,26271.88858754222,26524
/Users/a/Ayanami/code/TSP/data/classic/tsplib/kroA150.tsp,hybrid,658,polyak,658,26271.888990334402,26271.888990334402,26524
/Users/a/Ayanami/code/TSP/data/classic/tsplib/kroA150.tsp,hybrid,659,polyak,659,26271.883297067241,26271.888990334402,26524
/Users/a/Ayanami/code/TSP/data/classic/tsplib/kroA150.tsp,hybrid,660,polyak,660,26271.889082896192,26271.889082896192,26524
/Users/a/Ayanami/code/TSP/data/classic/tsplib/kroA150.tsp,hybrid,661,polyak,661,26271.883708152316,26271.889082896192,26524
/Users/a/Ayanami/code/TSP/data/classic/tsplib/kroA150.tsp,hybrid,662,polyak,662,26271.888782391514,26271.889082896192,26524
/Users/a/Ayanami/code/TSP/data/classic/tsplib/kroA150.tsp,hybrid,663,polyak,663,26271.885300929942,26271.889082896192,26524
/Users/a/Ayanami/code/TSP/data/classic/tsplib/kroA150.tsp,hybrid,664,polyak,664,26271.887221077028,26271.889082896192,26524
/Users/a/Ayanami/code/TSP/data/classic/tsplib/kroA150.tsp,hybrid,665,polyak,665,26271.889314131593,26271.889314131593,26524
/Users/a/Ayanami/code/TSP/data/classic/tsplib/kroA150.tsp,hybrid,666,polyak,666,26271.888462279359,26271.889314131593,26524
/Users/a/Ayanami/code/TSP/data/classic/tsplib/kroA150.tsp,hybrid,667,polyak,667,26271.884075898699,26271.889314131593,26524
/Users/a/Ayanami/code/TSP/data/classic/tsplib/kroA150.tsp,hybrid,668,polyak,668,26271.889441213509,26271.889441213509,26524
/Users/a/Ayanami/code/TSP/data/classic/tsplib/kroA150.tsp,hybrid,669,polyak,669,26271.883558579786,26271.889441213509,26524
/Users/a/Ayanami/code/TSP/data/classic/tsplib/kroA150.tsp,hybrid,670,polyak,670,26271.8905198498,26271.8905198498,26524
/Users/a/Ayanami/code/TSP/data/classic/tsplib/kroA150.tsp,hybrid,671,polyak,671,26271.885326926287,26271.8905198498,26524
/Users/a/Ayanami/code/TSP/data/classic/tsplib/kroA150.tsp,hybrid,672,polyak,672,26271.88630308511,26271.8905198498,26524
/Users/a/Ayanami/code/TSP/data/classic/tsplib/kroA150.tsp,hybrid,673,polyak,673,26271.886217988511,26271.8905198498,26524
/Users/a/Ayanami/code/TSP/data/classic/tsplib/kroA150.tsp,hybrid,674,polyak,674,26271.890160215167,26271.8905198498,26524
/Users/a/Ayanami/code/TSP/data/classic/tsplib/kroA150.tsp,hybrid,675,polyak,675,26271.886722104951,26271.8905198498,26524
/Users/a/Ayanami/code/TSP/data/classic/tsplib/kroA150.tsp,hybrid,676,polyak,676,26271.89077056446,26271.89077056446,26524
/Users/a/Ayanami/code/TSP/data/classic/tsplib/kroA150.tsp,hybrid,677,polyak,677,26271.886850612842,26271.89077056446,26524
/Users/a/Ayanami/code/TSP/data/classic/tsplib/kroA150.tsp,hybrid,678,polyak,678,26271.890554729951,26271.89077056446,26524
/Users/a/Ayanami/code/TSP/data/classic/tsplib/kroA150.tsp,hybrid,679,polyak,679,26271.881430209614,26271.89077056446,26524
/Users/a/Ayanami/code/TSP/data/classic/tsplib/kroA150.tsp,hybrid,680,polyak,680,26271.889522429963,26271.89077056446,26524
/Users/a/Ayanami/code/TSP/data/classic/tsplib/kroA150.tsp,hybrid,681,polyak,681,26271.882778213461,26271.89077056446,26524
/Users/a/Ayanami/code/TSP/data/classic/tsplib/kroA150.tsp,hybrid,682,polyak,682,26271.889677116644,26271.89077056446,26524
/Users/a/Ayanami/code/TSP/data/classic/tsplib/kroA150.tsp,hybrid,683,polyak,683,26271.890750147999,26271.89077056446,26524
/Users/a/Ayanami/code/TSP/data/classic/tsplib/kroA150.tsp,hybrid,684,polyak,684,26271.887222912454,26271.89077056446,26524
/Users/a/Ayanami/code/TSP/data/classic/tsplib/kroA150.tsp,hybrid,685,polyak,685,26271.888603688731,26271.89077056446,26524
/Users/a/Ayanami/code/TSP/data/classic/tsplib/kroA150.tsp,hybrid,686,polyak,686,26271.891652920611,26271.891652920611,26524
/Users/a/Ayanami/code/TSP/data/classic/tsplib/kroA150.tsp,hybrid,687,polyak,687,26271.891347597066,26271.891652920611,26524
/Users/a/Ayanami/code/TSP/data/classic/tsplib/kroA150.tsp,hybrid,688,polyak,688,26271.884988847749,26271.891652920611,26524
/Users/a/Ayanami/code/TSP/data/classic/tsplib/kroA150.tsp,hybrid,689,polyak,689,26271.891834434395,26271.891834434395,26524
/Users/a/Ayanami/code/TSP/data/classic/tsplib/kroA150.tsp,hybrid,690,polyak,690,26271.887597001529,26271.891834434395,26524
/Users/a/Ayanami/code/TSP/data/classic/tsplib/kroA150.tsp,hybrid,691,polyak,691,26271.891464846227,26271.891834434395,26524
/Users/a/Ayanami/code/TSP/data/classic/tsplib/kroA150.tsp,hybrid,692,polyak,692,26271.888593521242,26271.891834434395,26524
/Users/a/Ayanami/code/TSP/data/classic/tsplib/kroA150.tsp,hybrid,693,polyak,693,26271.891845402915,26271.891845402915,26524
/Users/a/Ayanami/code/TSP/data/classic/tsplib/kroA150.tsp,hybrid,694,polyak,694,26271.888621273207,26271.891845402915,26524
/Users/a/Ayanami/code/TSP/data/classic/tsplib/kroA150.tsp,hybrid,695,polyak,695,26271.890847071943,26271.891845402915,26524
/Users/a/Ayanami/code/TSP/data/classic/tsplib/kroA150.tsp,hybrid,696,polyak,696,26271.889787228476,26271.891845402915,26524
/Users/a/Ayanami/code/TSP/data/classic/tsplib/kroA150.tsp,hybrid,697,polyak,697,26271.890323558197,26271.891845402915,26524
/Users/a/Ayanami/code/TSP/data/classic/tsplib/kroA150.tsp,hybrid,698,polyak,698,26271.89179451995,26271.891845402915,26524
/Users/a/Ayanami/code/TSP/data/classic/tsplib/kroA150.tsp,hybrid,699,polyak,699,26271.883005875989,26271.891845402915,26524
/Users/a/Ayanami/code/TSP/data/classic/tsplib/kroA150.tsp,hybrid,700,polyak,700,26271.888395177284,26271.891845402915,26524
/Users/a/Ayanami/code/TSP/data/classic/tsplib/kroA150.tsp,hybrid,701,polyak,701,26271.891519201679,26271.891845402915,26524
/Users/a/Ayanami/code/TSP/data/classic/tsplib/kroA150.tsp,hybrid,702,polyak,702,26271.891984323363,26271.891984323363,26524
/Users/a/Ayanami/code/TSP/data/classic/tsplib/kroA150.tsp,hybrid,703,polyak,703,26271.888577293561,26271.891984323363,26524
/Users/a/Ayanami/code/TSP/data/classic/tsplib/kroA150.tsp,hybrid,704,polyak,704,26271.891324647415,26271.891984323363,26524
/Users/a/Ayanami/code/TSP/data/classic/tsplib/kroA150.tsp,hybrid,705,polyak,705,26271.888824685462,26271.891984323363,26524
/Users/a/Ayanami/code/TSP/data/classic/tsplib/kroA150.tsp,hybrid,706,polyak,706,26271.891698935167,26271.891984323363,26524
/Users/a/Ayanami/code/TSP/data/classic/tsplib/kroA150.tsp,hybrid,707,polyak,707,26271.889785679385,26271.891984323363,26524
/Users/a/Ayanami/code/TSP/data/classic/tsplib/kroA150.tsp,hybrid,708,polyak,708,26271.894413440201,26271.894413440201,26524
/Users/a/Ayanami/code/TSP/data/classic/tsplib/kroA150.tsp,hybrid,709,polyak,709,26271.884624482489,26271.894413440201,26524
/Users/a/Ayanami/code/TSP/data/classic/tsplib/kroA150.tsp,hybrid,710,polyak,710,26271.891792906365,26271.894413440201,26524
/Users/a/Ayanami/code/TSP/data/classic/tsplib/kroA150.tsp,hybrid,711,polyak,711,26271.894068429916,26271.894413440201,26524
/Users/a/Ayanami/code/TSP/data/classic/tsplib/kroA150.tsp,hybrid,712,polyak,712,26271.890667397718,26271.894413440201,26524
/Users/a/Ayanami/code/TSP/data/classic/tsplib/kroA150.tsp,hybrid,713,polyak,713,26271.891207259858,26271.894413440201,26524
/Users/a/Ayanami/code/TSP/data/classic/tsplib/kroA150.tsp,hybrid,714,polyak,714,26271.893182947591,26271.894413440201,26524
/Users/a/Ayanami/code/TSP/data/classic/tsplib/kroA150.tsp,hybrid,715,polyak,715,26271.891043586103,26271.894413440201,26524
/Users/a/Ayanami/code/TSP/data/classic/tsplib/kroA150.tsp,hybrid,716,polyak,716,26271.893734051922,26271.894413440201,26524
/Users/a/Ayanami/code/TSP/data/classic/tsplib/kroA150.tsp,hybrid,717,polyak,717,26271.888411603875,26271.894413440201,26524
/Users/a/Ayanami/code/TSP/data/classic/tsplib/kroA150.tsp,hybrid,718,polyak,718,26271.895470425243,26271.895470425243,26524
/Users/a/Ayanami/code/TSP/data/classic/tsplib/kroA150.tsp,hybrid,719,polyak,719,26271.885261496751,26271.895470425243,26524
/Users/a/Ayanami/code/TSP/data/classic/tsplib/kroA150.tsp,hybrid,720,polyak,720,26271.89254208226,26271.895470425243,26524
/Users/a/Ayanami/code/TSP/data/classic/tsplib/kroA150.tsp,hybrid,721,polyak,721,26271.894795212553,26271.895470425243,26524
/Users/a/Ayanami/code/TSP/data/classic/tsplib/kroA150.tsp,hybrid,722,polyak,722,26271.892590403313,26271.895470425243,26524
/Users/a/Ayanami/code/TSP/data/classic/tsplib/kroA150.tsp,hybrid,723,polyak,723,26271.887527468058,26271.895470425243,26524
/Users/a/Ayanami/code/TSP/data/classic/tsplib/kroA150.tsp,hybrid,724,polyak,724,26271.890690347664,26271.895470425243,26524
/Users/a/Ayanami/code/TSP/data/classic/tsplib/kroA150.tsp,hybrid,725,polyak,725,26271.891663409522,26271.895470425243,26524
/Users/a/Ayanami/code/TSP/data/classic/tsplib/kroA150.tsp,hybrid,726,polyak,726,26271.896055090845,26271.896055090845,26524
/Users/a/Ayanami/code/TSP/data/classic/tsplib/kroA150.tsp,hybrid,727,polyak,727,26271.886604845207,26271.896055090845,26524
/Users/a/Ayanami/code/TSP/data/classic/tsplib/kroA150.tsp,hybrid,728,polyak,728,26271.893912480071,26271.896055090845,26524
/Users/a/Ayanami/code/TSP/data/classic/tsplib/kroA150.tsp,hybrid,729,polyak,729,26271.887986393096,26271.896055090845,26524
/Users/a/Ayanami/code/TSP/data/classic/tsplib/kroA150.tsp,hybrid,730,polyak,730,26271.892954943727,26271.896055090845,26524
/Users/a/Ayanami/code/TSP/data/classic/tsplib/kroA150.tsp,hybrid,731,polyak,731,26271.894995996834,26271.896055090845,26524
/Users/a/Ayanami/code/TSP/data/classic/tsplib/kroA150.tsp,hybrid,732,polyak,732,26271.89260874104,26271.896055090845,26524
/Users/a/Ayanami/code/TSP/data/classic/tsplib/kroA150.tsp,hybrid,733,polyak,733,26271.894095944277,26271.896055090845,26524
/Users/a/Ayanami/code/TSP/data/classic/tsplib/kroA150.tsp,hybrid,734,polyak,734,26271.895720335171,26271.896055090845,26524
/Users/a/Ayanami/code/TSP/data/classic/tsplib/kroA150.tsp,hybrid,735,polyak,735,26271.889080242487,26271.896055090845,26524
/Users/a/Ayanami/code/TSP/data/classic/tsplib/kroA150.tsp,hybrid,736,polyak,736,26271.896535358279,26271.896535358279,26524
/Users/a/Ayanami/code/TSP/data/classic/tsplib/kroA150.tsp,hybrid,737,polyak,737,26271.888703918543,26271.896535358279,26524
/Users/a/Ayanami/code/TSP/data/classic/tsplib/kroA150.tsp,hybrid,738,polyak,738,26271.896481145788,26271.896535358279,26524
/Users/a/Ayanami/code/TSP/data/classic/tsplib/kroA150.tsp,hybrid,739,polyak,739,26271.88935258978,26271.896535358279,26524
/Users/a/Ayanami/code/TSP/data/classic/tsplib/kroA150.tsp,hybrid,740,polyak,740,26271.896878687559,26271.896878687559,26524
/Users/a/Ayanami/code/TSP/data/classic/tsplib/kroA150.tsp,hybrid,741,polyak,741,26271.896019966134,26271.896878687559,26524
/Users/a/Ayanami/code/TSP/data/classic/tsplib/kroA150.tsp,hybrid,742,polyak,742,26271.889740557144,26271.896878687559,26524
/Users/a/Ayanami/code/TSP/data/classic/tsplib/kroA150.tsp,hybrid,743,polyak,743,26271.897690216429,26271.897690216429,26524
/Users/a/Ayanami/code/TSP/data/classic/tsplib/kroA150.tsp,hybrid,744,polyak,744,26271.895015430906,26271.897690216429,26524
/Users/a/Ayanami/code/TSP/data/classic/tsplib/kroA150.tsp,hybrid,745,polyak,745,26271.893487944395,26271.897690216429,26524
/Users/a/Ayanami/code/TSP/data/classic/tsplib/kroA150.tsp,hybrid,746,polyak,746,26271.89603642271,26271.897690216429,26524
/Users/a/Ayanami/code/TSP/data/classic/tsplib/kroA150.tsp,hybrid,747,polyak,747,26271.891105652627,26271.897690216429,26524
/Users/a/Ayanami/code/TSP/data/classic/tsplib/kroA150.tsp,hybrid,748,polyak,748,26271.895287891402,26271.897690216429,26524
/Users/a/Ayanami/code/TSP/data/classic/tsplib/kroA150.tsp,hybrid,749,polyak,749,26271.891028768347,26271.897690216429,26524
/Users/a/Ayanami/code/TSP/data/classic/tsplib/kroA150.tsp,hybrid,750,polyak,750,26271.895004140893,26271.897690216429,26524
/Users/a/Ayanami/code/TSP/data/classic/tsplib/kroA150.tsp,hybrid,751,polyak,751,26271.897040170436,26271.897690216429,26524
/Users/a/Ayanami/code/TSP/data/classic/tsplib/kroA150.tsp,hybrid,752,polyak,752,26271.890333721483,26271.897690216429,26524
/Users/a/Ayanami/code/TSP/data/classic/tsplib/kroA150.tsp,hybrid,753,polyak,753,26271.896633901059,26271.897690216429,26524
/Users/a/Ayanami/code/TSP/data/classic/tsplib/kroA150.tsp,hybrid,754,polyak,754,26271.896217017205,26271.897690216429,26524
/Users/a/Ayanami/code/TSP/data/classic/tsplib/kroA150.tsp,hybrid,755,polyak,755,26271.895575791819,26271.897690216429,26524
/Users/a/Ayanami/code/TSP/data/classic/tsplib/kroA150.tsp,hybrid,756,polyak,756,26271.894030368534,26271.897690216429,26524
/Users/a/Ayanami/code/TSP/data/classic/tsplib/kroA150.tsp,hybrid,757,polyak,757,26271.89719004041,26271.897690216429,26524
/Users/a/Ayanami/code/TSP/data/classic/tsplib/kroA150.tsp,hybrid,758,polyak,758,26271.896901959888,26271.897690216429,26524
/Users/a/Ayanami/code/TSP/data/classic/tsplib/kroA150.tsp,hybrid,759,polyak,759,26271.898524429889,26271.898524429889,26524
/Users/a/Ayanami/code/TSP/data/classic/tsplib/kroA150.tsp,hybrid,760,polyak,760,26271.898919708663,26271.898919708663,26524
/Users/a/Ayanami/code/TSP/data/classic/tsplib/kroA150.tsp,hybrid,761,polyak,761,26271.897456153732,26271.898919708663,26524
/Users/a/Ayanami/code/TSP/data/classic/tsplib/kroA150.tsp,hybrid,762,polyak,762,26271.899726621759,26271.899726621759,26524
/Users/a/Ayanami/code/TSP/data/classic/tsplib/kroA150.tsp,hybrid,763,polyak,763,26271.89712192395,26271.899726621759,26524
/Users/a/Ayanami/code/TSP/data/classic/tsplib/kroA150.tsp,hybrid,764,polyak,764,26271.899700293659,26271.899726621759,26524
/Users/a/Ayanami/code/TSP/data/classic/tsplib/kroA150.tsp,hybrid,765,polyak,765,26271.898982879236,26271.899726621759,26524
/Users/a/Ayanami/code/TSP/data/classic/tsplib/kroA150.tsp,hybrid,766,polyak,766,26271.89939299459,26271.899726621759,26524
/Users/a/Ayanami/code/TSP/data/classic/tsplib/kroA150.tsp,hybrid,767,polyak,767,26271.899673490756,26271.899726621759,26524
/Users/a/Ayanami/code/TSP/data/classic/tsplib/kroA150.tsp,hybrid,768,polyak,768,26271.896074532095,26271.899726621759,26524
/Users/a/Ayanami/code/TSP/data/classic/tsplib/kroA150.tsp,hybrid,769,polyak,769,26271.899997761713,26271.899997761713,26524
/Users/a/Ayanami/code/TSP/data/classic/tsplib/kroA150.tsp,hybrid,770,polyak,770,26271.896629440096,26271.899997761713,26524
/Users/a/Ayanami/code/TSP/data/classic/tsplib/kroA150.tsp,hybrid,771,polyak,771,26271.900865821412,26271.900865821412,26524
/Users/a/Ayanami/code/TSP/data/classic/tsplib/kroA150.tsp,hybrid,772,polyak,772,26271.896989436587,26271.900865821412,26524
/Users/a/Ayanami/code/TSP/data/classic/tsplib/kroA150.tsp,hybrid,773,polyak,773,26271.901159808938,26271.901159808938,26524
/Users/a/Ayanami/code/TSP/data/classic/tsplib/kroA150.tsp,hybrid,774,polyak,774,26271.901034853698,26271.901159808938,26524
/Users/a/Ayanami/code/TSP/data/classic/tsplib/kroA150.tsp,hybrid,775,polyak,775,26271.900191420391,26271.901159808938,26524
/Users/a/Ayanami/code/TSP/data/classic/tsplib/kroA150.tsp,hybrid,776,polyak,776,26271.900650603569,26271.901159808938,26524
/Users/a/Ayanami/code/TSP/data/classic/tsplib/kroA150.tsp,hybrid,777,polyak,777,26271.900598724504,26271.901159808938,26524
/Users/a/Ayanami/code/TSP/data/classic/tsplib/kroA150.tsp,hybrid,778,polyak,778,26271.899336860577,26271.901159808938,26524
/Users/a/Ayanami/code/TSP/data/classic/tsplib/kroA150.tsp,hybrid,779,polyak,779,26271.900549327915,26271.901159808938,26524
/Users/a/Ayanami/code/TSP/data/classic/tsplib/kroA150.tsp,hybrid,780,polyak,780,26271.901071279222,26271.901159808938,26524
/Users/a/Ayanami/code/TSP/data/classic/tsplib/kroA150.tsp,hybrid,781,polyak,781,26271.90029433545,26271.901159808938,26524
/Users/a/Ayanami/code/TSP/data/classic/tsplib/kroA150.tsp,hybrid,782,polyak,782,26271.901330699653,26271.901330699653,26524
/Users/a/Ayanami/code/TSP/data/classic/tsplib/kroA150.tsp,hybrid,783,polyak,783,26271.897635262503,26271.901330699653,26524
/Users/a/Ayanami/code/TSP/data/classic/tsplib/kroA150.tsp,hybrid,784,polyak,784,26271.901656939692,26271.901656939692,26524
/Users/a/Ayanami/code/TSP/data/classic/tsplib/kroA150.tsp,hybrid,785,polyak,785,26271.899926019902,26271.901656939692,26524
/Users/a/Ayanami/code/TSP/data/classic/tsplib/kroA150.tsp,hybrid,786,polyak,786,26271.901116945268,26271.901656939692,26524
/Users/a/Ayanami/code/TSP/data/classic/tsplib/kroA150.tsp,hybrid,787,polyak,787,26271.902384899404,26271.902384899404,26524
/Users/a/Ayanami/code/TSP/data/classic/tsplib/kroA150.tsp,hybrid,788,polyak,788,26271.897040087792,26271.902384899404,26524
/Users/a/Ayanami/code/TSP/data/classic/tsplib/kroA150.tsp,hybrid,789,polyak,789,26271.901411344646,26271.902384899404,26524
/Users/a/Ayanami/code/TSP/data/classic/tsplib/kroA150.tsp,hybrid,790,polyak,790,26271.90212368131,26271.902384899404,26524
/Users/a/Ayanami/code/TSP/data/classic/tsplib/kroA150.tsp,hybrid,791,polyak,791,26271.900316741259,26271.902384899404,26524
/Users/a/Ayanami/code/TSP/data/classic/tsplib/kroA150.tsp,hybrid,792,polyak,792,26271.902458114426,26271.902458114426,26524
/Users/a/Ayanami/code/TSP/data/classic/tsplib/kroA150.tsp,hybrid,793,polyak,793,26271.897691808015,26271.902458114426,26524
/Users/a/Ayanami/code/TSP/data/classic/tsplib/kroA150.tsp,hybrid,794,polyak,794,26271.901752684767,26271.902458114426,26524
/Users/a/Ayanami/code/TSP/data/classic/tsplib/kroA150.tsp,hybrid,795,polyak,795,26271.901236290254,26271.902458114426,26524
/Users/a/Ayanami/code/TSP/data/classic/tsplib/kroA150.tsp,hybrid,796,polyak,796,26271.901736252254,26271.902458114426,26524
/Users/a/Ayanami/code/TSP/data/classic/tsplib/kroA150.tsp,hybrid,797,polyak,797,26271.902324153849,26271.902458114426,26524
/Users/a/Ayanami/code/TSP/data/classic/tsplib/kroA150.tsp,hybrid,798,polyak,798,26271.901937507846,26271.902458114426,26524
/Users/a/Ayanami/code/TSP/data/classic/tsplib/kroA150.tsp,hybrid,799,polyak,799,26271.901104642162,26271.902458114426,26524
/Users/a/Ayanami/code/TSP/data/classic/tsplib/kroA150.tsp,hybrid,800,polyak,800,26271.901254735832,26271.902458114426,26524
/Users/a/Ayanami/code/TSP/data/classic/tsplib/kroA150.tsp,hybrid,801,polyak,801,26271.903270260405,26271.903270260405,26524
/Users/a/Ayanami/code/TSP/data/classic/tsplib/kroA150.tsp,hybrid,802,polyak,802,26271.901354037513,26271.903270260405,26524
/Users/a/Ayanami/code/TSP/data/classic/tsplib/kroA150.tsp,hybrid,803,polyak,803,26271.902327468124,26271.903270260405,26524
/Users/a/Ayanami/code/TSP/data/classic/tsplib/kroA150.tsp,hybrid,804,polyak,804,26271.901771384382,26271.903270260405,26524
/Users/a/Ayanami/code/TSP/data/classic/tsplib/kroA150.tsp,hybrid,805,polyak,805,26271.902719075297,26271.903270260405,26524
/Users/a/Ayanami/code/TSP/data/classic/tsplib/kroA150.tsp,hybrid,806,polyak,806,26271.901396653993,26271.903270260405,26524
/Users/a/Ayanami/code/TSP/data/classic/tsplib/kroA150.tsp,hybrid,807,polyak,807,26271.902417363515,26271.903270260405,26524
/Users/a/Ayanami/code/TSP/data/classic/tsplib/kroA150.tsp,hybrid,808,polyak,808,26271.901596796171,26271.903270260405,26524
/Users/a/Ayanami/code/TSP/data/classic/tsplib/kroA150.tsp,hybrid,809,polyak,809,26271.903101650489,26271.903270260405,26524
/Users/a/Ayanami/code/TSP/data/classic/tsplib/kroA150.tsp,hybrid,810,polyak,810,26271.902067714043,26271.903270260405,26524
/Users/a/Ayanami/code/TSP/data/classic/tsplib/kroA150.tsp,hybrid,811,polyak,811,26271.902502079778,26271.903270260405,26524
/Users/a/Ayanami/code/TSP/data/classic/tsplib/kroA150.tsp,hybrid,812,polyak,812,26271.90329356318,26271.90329356318,26524
/Users/a/Ayanami/code/TSP/data/classic/tsplib/kroA150.tsp,hybrid,813,polyak,813,26271.899234486573,26271.90329356318,26524
/Users/a/Ayanami/code/TSP/data/classic/tsplib/kroA150.tsp,hybrid,814,polyak,814,26271.902840302671,26271.90329356318,26524
/Users/a/Ayanami/code/TSP/data/classic/tsplib/kroA150.tsp,hybrid,815,polyak,815,26271.904054157327,26271.904054157327,26524
/Users/a/Ayanami/code/TSP/data/classic/tsplib/kroA150.tsp,hybrid,816,polyak,816,26271.902402430354,26271.904054157327,26524
/Users/a/Ayanami/code/TSP/data/classic/tsplib/kroA150.tsp,hybrid,817,polyak,817,26271.903930293924,26271.904054157327,26524
/Users/a/Ayanami/code/TSP/data/classic/tsplib/kroA150.tsp,hybrid,818,polyak,818,26271.899518952887,26271.904054157327,26524
/Users/a/Ayanami/code/TSP/data/classic/tsplib/kroA150.tsp,hybrid,819,polyak,819,26271.902676409831,26271.904054157327,26524
/Users/a/Ayanami/code/TSP/data/classic/tsplib/kroA150.tsp,hybrid,820,polyak,820,26271.903520193951,26271.904054157327,26524
/Users/a/Ayanami/code/TSP/data/classic/tsplib/kroA150.tsp,hybrid,821,polyak,821,26271.901370923948,26271.904054157327,26524
/Users/a/Ayanami/code/TSP/data/classic/tsplib/kroA150.tsp,hybrid,822,polyak,822,26271.903989422244,26271.904054157327,26524
/Users/a/Ayanami/code/TSP/data/classic/tsplib/kroA150.tsp,hybrid,823,polyak,823,26271.901368770799,26271.904054157327,26524
/Users/a/Ayanami/code/TSP/data/classic/tsplib/kroA150.tsp,hybrid,824,polyak,824,26271.904166082739,26271.904166082739,26524
/Users/a/Ayanami/code/TSP/data/classic/tsplib/kroA150.tsp,hybrid,825,polyak,825,26271.902954675097,26271.904166082739,26524
/Users/a/Ayanami/code/TSP/data/classic/tsplib/kroA150.tsp,hybrid,826,polyak,826,26271.903779432778,26271.904166082739,26524
/Users/a/Ayanami/code/TSP/data/classic/tsplib/kroA150.tsp,hybrid,827,polyak,827,26271.903452563172,26271.904166082739,26524
/Users/a/Ayanami/code/TSP/data/classic/tsplib/kroA150.tsp,hybrid,828,polyak,828,26271.902372868448,26271.904166082739,26524
/Users/a/Ayanami/code/TSP/data/classic/tsplib/kroA150.tsp,hybrid,829,polyak,829,26271.903887560406,26271.904166082739,26524
/Users/a/Ayanami/code/TSP/data/classic/tsplib/kroA150.tsp,hybrid,830,polyak,830,26271.902791933942,26271.904166082739,26524
/Users/a/Ayanami/code/TSP/data/classic/tsplib/kroA150.tsp,hybrid,831,polyak,831,26271.903234013233,26271.904166082739,26524
/Users/a/Ayanami/code/TSP/data/classic/tsplib/kroA150.tsp,hybrid,832,polyak,832,26271.904186469386,26271.904186469386,26524
/Users/a/Ayanami/code/TSP/data/classic/tsplib/kroA150.tsp,hybrid,833,polyak,833,26271.902207469611,26271.904186469386,26524
/Users/a/Ayanami/code/TSP/data/classic/tsplib/kroA150.tsp,hybrid,834,polyak,834,26271.904178884222,26271.904186469386,26524
/Users/a/Ayanami/code/TSP/data/classic/tsplib/kroA150.tsp,hybrid,835,polyak,835,26271.904308657879,26271.904308657879,26524
/Users/a/Ayanami/code/TSP/data/classic/tsplib/kroA150.tsp,hybrid,836,polyak,836,26271.901305185489,26271.904308657879,26524
/Users/a/Ayanami/code/TSP/data/classic/tsplib/kroA150.tsp,hybrid,837,polyak,837,26271.904016503831,26271.904308657879,26524
/Users/a/Ayanami/code/TSP/data/classic/tsplib/kroA150.tsp,hybrid,838,polyak,838,26271.902969286082,26271.904308657879,26524
/Users/a/Ayanami/code/TSP/data/classic/tsplib/kroA150.tsp,hybrid,839,polyak,839,26271.904340722263,26271.904340722263,26524
/Users/a/Ayanami/code/TSP/data/classic/tsplib/kroA150.tsp,hybrid,840,polyak,840,26271.903061351772,26271.904340722263,26524
/Users/a/Ayanami/code/TSP/data/classic/tsplib/kroA150.tsp,hybrid,841,polyak,841,26271.903596527634,26271.904340722263,26524
/Users/a/Ayanami/code/TSP/data/classic/tsplib/kroA150.tsp,hybrid,842,polyak,842,26271.902908156189,26271.904340722263,26524
/Users/a/Ayanami/code/TSP/data/classic/tsplib/kroA150.tsp,hybrid,843,polyak,843,26271.905229190073,26271.905229190073,26524
/Users/a/Ayanami/code/TSP/data/classic/tsplib/kroA150.tsp,hybrid,844,polyak,844,26271.901025023773,26271.905229190073,26524
/Users/a/Ayanami/code/TSP/data/classic/tsplib/kroA150.tsp,hybrid,845,polyak,845,26271.905228203537,26271.905229190073,26524
/Users/a/Ayanami/code/TSP/data/classic/tsplib/kroA150.tsp,hybrid,846,polyak,846,26271.903472115497,26271.905229190073,26524
/Users/a/Ayanami/code/TSP/data/classic/tsplib/kroA150.tsp,hybrid,847,polyak,847,26271.905545959729,26271.905545959729,26524
/Users/a/Ayanami/code/TSP/data/classic/tsplib/kroA150.tsp,hybrid,848,polyak,848,26271.901610063782,26271.905545959729,26524
/Users/a/Ayanami/code/TSP/data/classic/tsplib/kroA150.tsp,hybrid,849,polyak,849,26271.904698884195,26271.905545959729,26524
/Users/a/Ayanami/code/TSP/data/classic/tsplib/kroA150.tsp,hybrid,850,polyak,850,26271.904448712161,26271.905545959729,26524
/Users/a/Ayanami/code/TSP/data/classic/tsplib/kroA150.tsp,hybrid,851,polyak,851,26271.904652419053,26271.905545959729,26524
/Users/a/Ayanami/code/TSP/data/classic/tsplib/kroA150.tsp,hybrid,852,polyak,852,26271.903188204877,26271.905545959729,26524
/Users/a/Ayanami/code/TSP/data/classic/tsplib/kroA150.tsp,hybrid,853,polyak,853,26271.905392211094,26271.905545959729,26524
/Users/a/Ayanami/code/TSP/data/classic/tsplib/kroA150.tsp,hybrid,854,polyak,854,26271.903925641076,26271.905545959729,26524
/Users/a/Ayanami/code/TSP/data/classic/tsplib/kroA150.tsp,hybrid,855,polyak,855,26271.905209687717,26271.905545959729,26524
/Users/a/Ayanami/code/TSP/data/classic/tsplib/kroA150.tsp,hybrid,856,polyak,856,26271.904016754048,26271.905545959729,26524
/Users/a/Ayanami/code/TSP/data/classic/tsplib/kroA150.tsp,hybrid,857,polyak,857,26271.904340862711,26271.905545959729,26524
/Users/a/Ayanami/code/TSP/data/classic/tsplib/kroA150.tsp,hybrid,858,polyak,858,26271.903600506143,26271.905545959729,26524
/Users/a/Ayanami/code/TSP/data/classic/tsplib/kroA150.tsp,hybrid,859,polyak,859,26271.905056555945,26271.905545959729,26524
/Users/a/Ayanami/code/TSP/data/classic/tsplib/kroA150.tsp,hybrid,860,helsgaun,1,26271.905545959729,26271.905545959729,26524
/Users/a/Ayanami/code/TSP/data/classic/tsplib/kroA150.tsp,hybrid,861,helsgaun,2,26263.221335361824,26271.905545959729,26524
/Users/a/Ayanami/code/TSP/data/classic/tsplib/kroA150.tsp,hybrid,862,helsgaun,3,26266.209775065614,26271.905545959729,26524
/Users/a/Ayanami/code/TSP/data/classic/tsplib/kroA150.tsp,hybrid,863,helsgaun,4,26267.807398270976,26271.905545959729,26524
/Users/a/Ayanami/code/TSP/data/classic/tsplib/kroA150.tsp,hybrid,864,helsgaun,5,26268.510204974718,26271.905545959729,26524
/Users/a/Ayanami/code/TSP/data/classic/tsplib/kroA150.tsp,hybrid,865,helsgaun,6,26264.228056872449,26271.905545959729,26524
/Users/a/Ayanami/code/TSP/data/classic/tsplib/kroA150.tsp,hybrid,866,helsgaun,7,26266.496967606305,26271.905545959729,26524
/Users/a/Ayanami/code/TSP/data/classic/tsplib/kroA150.tsp,hybrid,867,helsgaun,8,26267.210107574283,26271.905545959729,26524
/Users/a/Ayanami/code/TSP/data/classic/tsplib/kroA150.tsp,hybrid,868,helsgaun,9,26268.026925659778,26271.905545959729,26524
/Users/a/Ayanami/code/TSP/data/classic/tsplib/kroA150.tsp,hybrid,869,helsgaun,10,26265.419952392534,26271.905545959729,26524
/Users/a/Ayanami/code/TSP/data/classic/tsplib/kroA150.tsp,hybrid,870,helsgaun,11,26265.173355016843,26271.905545959729,26524
/Users/a/Ayanami/code/TSP/data/classic/tsplib/kroA150.tsp,hybrid,871,helsgaun,12,26266.677286974726,26271.905545959729,26524
/Users/a/Ayanami/code/TSP/data/classic/tsplib/kroA150.tsp,hybrid,872,helsgaun,13,26266.061987572913,26271.905545959729,26524
/Users/a/Ayanami/code/TSP/data/classic/tsplib/kroA150.tsp,hybrid,873,helsgaun,14,26266.110031996577,26271.905545959729,26524
/Users/a/Ayanami/code/TSP/data/classic/tsplib/kroA150.tsp,hybrid,874,helsgaun,15,26267.796752715432,26271.905545959729,26524
/Users/a/Ayanami/code/TSP/data/classic/tsplib/kroA150.tsp,hybrid,875,helsgaun,16,26267.453784145808,26271.905545959729,26524
/Users/a/Ayanami/code/TSP/data/classic/tsplib/kroA150.tsp,hybrid,876,helsgaun,17,26270.207727699788,26271.905545959729,26524
/Users/a/Ayanami/code/TSP/data/classic/tsplib/kroA150.tsp,hybrid,877,helsgaun,18,26265.00994846653,26271.905545959729,26524
/Users/a/Ayanami/code/TSP/data/classic/tsplib/kroA150.tsp,hybrid,878,helsgaun,19,26267.608832457172,26271.905545959729,26524
/Users/a/Ayanami/code/TSP/data/classic/tsplib/kroA150.tsp,hybrid,879,helsgaun,20,26268.508608788077,26271.905545959729,26524
/Users/a/Ayanami/code/TSP/data/classic/tsplib/kroA150.tsp,hybrid,880,helsgaun,21,26268.339108013919,26271.905545959729,26524
/Users/a/Ayanami/code/TSP/data/classic/tsplib/kroA150.tsp,hybrid,881,helsgaun,22,26268.069542454257,26271.905545959729,26524
/Users/a/Ayanami/code/TSP/data/classic/tsplib/kroA150.tsp,hybrid,882,helsgaun,23,26269.407700552758,26271.905545959729,26524
/Users/a/Ayanami/code/TSP/data/classic/tsplib/kroA150.tsp,hybrid,883,helsgaun,24,26267.35719791878,26271.905545959729,26524
/Users/a/Ayanami/code/TSP/data/classic/tsplib/kroA150.tsp,hybrid,884,helsgaun,25,26265.604194167216,26271.905545959729,26524
/Users/a/Ayanami/code/TSP/data/classic/tsplib/kroA150.tsp,hybrid,885,helsgaun,26,26264.720109771875,26271.905545959729,26524
/Users/a/Ayanami/code/TSP/data/classic/tsplib/kroA150.tsp,hybrid,886,helsgaun,27,26268.298441146228,26271.905545959729,26524
/Users/a/Ayanami/code/TSP/data/classic/tsplib/kroA150.tsp,hybrid,887,helsgaun,28,26266.17848158782,26271.905545959729,26524
/Users/a/Ayanami/code/TSP/data/classic/tsplib/kroA150.tsp,hybrid,888,helsgaun,29,26266.268570359698,26271.905545959729,26524
/Users/a/Ayanami/code/TSP/data/classic/tsplib/kroA150.tsp,hybrid,889,helsgaun,30,26269.008192208399,26271.905545959729,26524
/Users/a/Ayanami/code/TSP/data/classic/tsplib/kroA150.tsp,hybrid,890,helsgaun,31,26267.600500839006,26271.905545959729,26524
/Users/a/Ayanami/code/TSP/data/classic/tsplib/kroA150.tsp,hybrid,891,helsgaun,32,26265.613984834054,26271.905545959729,26524
/Users/a/Ayanami/code/TSP/data/classic/tsplib/kroA150.tsp,hybrid,892,helsgaun,33,26265.121250781456,26271.905545959729,26524
/Users/a/Ayanami/code/TSP/data/classic/tsplib/kroA150.tsp,hybrid,893,helsgaun,34,26268.601226129813,26271.905545959729,26524
/Users/a/Ayanami/code/TSP/data/classic/tsplib/kroA150.tsp,hybrid,894,helsgaun,35,26266.710043172927,26271.905545959729,26524
/Users/a/Ayanami/code/TSP/data/classic/tsplib/kroA150.tsp,hybrid,895,helsgaun,36,26269.007535846995,26271.905545959729,26524
/Users/a/Ayanami/code/TSP/data/classic/tsplib/kroA150.tsp,hybrid,896,helsgaun,37,26269.327817555561,26271.905545959729,26524
/Users/a/Ayanami/code/TSP/data/classic/tsplib/kroA150.tsp,hybrid,897,helsgaun,38,26267.841654640528,26271.905545959729,26524
/Users/a/Ayanami/code/TSP/data/classic/tsplib/kroA150.tsp,hybrid,898,helsgaun,39,26269.065102006345,26271.905545959729,26524
/Users/a/Ayanami/code/TSP/data/classic/tsplib/kroA150.tsp,hybrid,899,helsgaun,40,26269.808084822089,26271.905545959729,26524
/Users/a/Ayanami/code/TSP/data/classic/tsplib/kroA150.tsp,hybrid,900,helsgaun,41,26268.407421045005,26271.905545959729,26524
/Users/a/Ayanami/code/TSP/data/classic/tsplib/kroA150.tsp,hybrid,901,helsgaun,42,26269.00736040535,26271.905545959729,26524
/Users/a/Ayanami/code/TSP/data/classic/tsplib/kroA150.tsp,hybrid,902,helsgaun,43,26268.608751631571,26271.905545959729,26524
/Users/a/Ayanami/code/TSP/data/classic/tsplib/kroA150.tsp,hybrid,903,helsgaun,44,26268.412872905643,26271.905545959729,26524
/Users/a/Ayanami/code/TSP/data/classic/tsplib/kroA150.tsp,hybrid,904,helsgaun,45,26268.809080420415,26271.905545959729,26524
/Users/a/Ayanami/code/TSP/data/classic/tsplib/kroA150.tsp,hybrid,905,helsgaun,46,26267.842048053713,26271.905545959729,26524
/Users/a/Ayanami/code/TSP/data/classic/tsplib/kroA150.tsp,hybrid,906,helsgaun,47,26267.019724849029,26271.905545959729,26524
/Users/a/Ayanami/code/TSP/data/classic/tsplib/kroA150.tsp,hybrid,907,helsgaun,48,26269.156156483728,26271.905545959729,26524
/Users/a/Ayanami/code/TSP/data/classic/tsplib/kroA150.tsp,hybrid,908,helsgaun,49,26266.967307655868,26271.905545959729,26524
/Users/a/Ayanami/code/TSP/data/classic/tsplib/kroA150.tsp,hybrid,909,helsgaun,50,26268.398622770528,26271.905545959729,26524
/Users/a/Ayanami/code/TSP/data/classic/tsplib/kroA150.tsp,hybrid,910,helsgaun,51,26266.760170720288,26271.905545959729,26524
/Users/a/Ayanami/code/TSP/data/classic/tsplib/kroA150.tsp,hybrid,911,helsgaun,52,26269.412935780772,26271.905545959729,26524
/Users/a/Ayanami/code/TSP/data/classic/tsplib/kroA150.tsp,hybrid,912,helsgaun,53,26269.464104139588,26271.905545959729,26524
/Users/a/Ayanami/code/TSP/data/classic/tsplib/kroA150.tsp,hybrid,913,helsgaun,54,26268.999161326752,26271.905545959729,26524
/Users/a/Ayanami/code/TSP/data/classic/tsplib/kroA150.tsp,hybrid,914,helsgaun,55,26267.106938583122,26271.905545959729,26524
/Users/a/Ayanami/code/TSP/data/classic/tsplib/kroA150.tsp,hybrid,915,helsgaun,56,26269.611082650641,26271.905545959729,26524
/Users/a/Ayanami/code/TSP/data/classic/tsplib/kroA150.tsp,hybrid,916,helsgaun,57,26269.468433660801,26271.905545959729,26524
/Users/a/Ayanami/code/TSP/data/classic/tsplib/kroA150.tsp,hybrid,917,helsgaun,58,26269.165538596288,26271.905545959729,26524
/Users/a/Ayanami/code/TSP/data/classic/tsplib/kroA150.tsp,hybrid,918,helsgaun,59,26267.60021731097,26271.905545959729,26524
/Users/a/Ayanami/code/TSP/data/classic/tsplib/kroA150.tsp,hybrid,919,helsgaun,60,26267.160973522896,26271.905545959729,26524
/Users/a/Ayanami/code/TSP/data/classic/tsplib/kroA150.tsp,hybrid,920,helsgaun,61,26268.278269689614,26271.905545959729,26524
/Users/a/Ayanami/code/TSP/data/classic/tsplib/kroA150.tsp,hybrid,921,helsgaun,62,26270.235420938199,26271.905545959729,26524
/Users/a/Ayanami/code/TSP/data/classic/tsplib/kroA150.tsp,hybrid,922,helsgaun,63,26268.465630039576,26271.905545959729,26524
/Users/a/Ayanami/code/TSP/data/classic/tsplib/kroA150.tsp,hybrid,923,helsgaun,64,26268.209038467285,26271.905545959729,26524
/Users/a/Ayanami/code/TSP/data/classic/tsplib/kroA150.tsp,hybrid,924,helsgaun,65,26269.908544486309,26271.905545959729,26524
/Users/a/Ayanami/code/TSP/data/classic/tsplib/kroA150.tsp,hybrid,925,helsgaun,66,26270.863091729014,26271.905545959729,26524
/Users/a/Ayanami/code/TSP/data/classic/tsplib/kroA150.tsp,hybrid,926,helsgaun,67,26270.337933839852,26271.905545959729,26524
/Users/a/Ayanami/code/TSP/data/classic/tsplib/kroA150.tsp,hybrid,927,helsgaun,68,26271.099994532451,26271.905545959729,26524
/Users/a/Ayanami/code/TSP/data/classic/tsplib/kroA150.tsp,hybrid,928,helsgaun,69,26268.159567109695,26271.905545959729,26524
/Users/a/Ayanami/code/TSP/data/classic/tsplib/kroA150.tsp,hybrid,929,helsgaun,70,26269.913527999128,26271.905545959729,26524
/Users/a/Ayanami/code/TSP/data/classic/tsplib/kroA150.tsp,hybrid,930,helsgaun,71,26269.599293234416,26271.905545959729,26524
/Users/a/Ayanami/code/TSP/data/classic/tsplib/kroA150.tsp,hybrid,931,helsgaun,72,26270.19955885733,26271.905545959729,26524
/Users/a/Ayanami/code/TSP/data/classic/tsplib/kroA150.tsp,hybrid,932,helsgaun,73,26267.213141794589,26271.905545959729,26524
/Users/a/Ayanami/code/TSP/data/classic/tsplib/kroA150.tsp,hybrid,933,helsgaun,74,26269.315774103095,26271.905545959729,26524
/Users/a/Ayanami/code/TSP/data/classic/tsplib/kroA150.tsp,hybrid,934,helsgaun,75,26267.12056241382,26271.905545959729,26524
/Users/a/Ayanami/code/TSP/data/classic/tsplib/kroA150.tsp,hybrid,935,helsgaun,76,26268.889757661032,26271.905545959729,26524
/Users/a/Ayanami/code/TSP/data/classic/tsplib/kroA150.tsp,hybrid,936,helsgaun,77,26271.038195629324,26271.905545959729,26524
/Users/a/Ayanami/code/TSP/data/classic/tsplib/kroA150.tsp,hybrid,937,helsgaun,78,26272.45761907109,26272.45761907109,26524
/Users/a/Ayanami/code/TSP/data/classic/tsplib/kroA150.tsp,hybrid,938,helsgaun,79,26272.211328830483,26272.45761907109,26524
/Users/a/Ayanami/code/TSP/data/classic/tsplib/kroA150.tsp,hybrid,939,helsgaun,80,26271.800341223709,26272.45761907109,26524
/Users/a/Ayanami/code/TSP/data/classic/tsplib/kroA150.tsp,hybrid,940,helsgaun,81,26272.478928355507,26272.478928355507,26524
/Users/a/Ayanami/code/TSP/data/classic/tsplib/kroA150.tsp,hybrid,941,helsgaun,82,26272.307677096556,26272.478928355507,26524
/Users/a/Ayanami/code/TSP/data/classic/tsplib/kroA150.tsp,hybrid,942,helsgaun,83,26272.608645743065,26272.608645743065,26524
/Users/a/Ayanami/code/TSP/data/classic/tsplib/kroA150.tsp,hybrid,943,helsgaun,84,26272.75768810885,26272.75768810885,26524
/Users/a/Ayanami/code/TSP/data/classic/tsplib/kroA150.tsp,hybrid,944,helsgaun,85,26272.407961777892,26272.75768810885,26524
/Users/a/Ayanami/code/TSP/data/classic/tsplib/kroA150.tsp,hybrid,945,helsgaun,86,26272.500237443386,26272.75768810885,26524
/Users/a/Ayanami/code/TSP/data/classic/tsplib/kroA150.tsp,hybrid,946,helsgaun,87,26272.657325770237,26272.75768810885,26524
/Users/a/Ayanami/code/TSP/data/classic/tsplib/kroA150.tsp,hybrid,947,helsgaun,88,26272.860179433719,26272.860179433719,26524
/Users/a/Ayanami/code/TSP/data/classic/tsplib/kroA150.tsp,hybrid,948,helsgaun,89,26272.35974206579,26272.860179433719,26524
/Users/a/Ayanami/code/TSP/data/classic/tsplib/kroA150.tsp,hybrid,949,helsgaun,90,26272.560293431463,26272.860179433719,26524
/Users/a/Ayanami/code/TSP/data/classic/tsplib/kroA150.tsp,hybrid,950,helsgaun,91,26272.813631341069,26272.860179433719,26524
/Users/a/Ayanami/code/TSP/data/classic/tsplib/kroA150.tsp,hybrid,951,helsgaun,92,26272.553120802237,26272.860179433719,26524
/Users/a/Ayanami/code/TSP/data/classic/tsplib/kroA150.tsp,hybrid,952,helsgaun,93,26272.807149057637,26272.860179433719,26524
/Users/a/Ayanami/code/TSP/data/classic/tsplib/kroA150.tsp,hybrid,953,helsgaun,94,26272.114794683817,26272.860179433719,26524
/Users/a/Ayanami/code/TSP/data/classic/tsplib/kroA150.tsp,hybrid,954,helsgaun,95,26271.978877669171,26272.860179433719,26524
/Users/a/Ayanami/code/TSP/data/classic/tsplib/kroA150.tsp,hybrid,955,helsgaun,96,26272.754305662631,26272.860179433719,26524
/Users/a/Ayanami/code/TSP/data/classic/tsplib/kroA150.tsp,hybrid,956,helsgaun,97,26273.04832891285,26273.04832891285,26524
/Users/a/Ayanami/code/TSP/data/classic/tsplib/kroA150.tsp,hybrid,957,helsgaun,98,26272.621708363287,26273.04832891285,26524
/Users/a/Ayanami/code/TSP/data/classic/tsplib/kroA150.tsp,hybrid,958,helsgaun,99,26272.967026158749,26273.04832891285,26524
/Users/a/Ayanami/code/TSP/data/classic/tsplib/kroA150.tsp,hybrid,959,helsgaun,100,26273.407503850853,26273.407503850853,26524
/Users/a/Ayanami/code/TSP/data/classic/tsplib/kroA150.tsp,hybrid,960,helsgaun,101,26272.462698118201,26273.407503850853,26524
/Users/a/Ayanami/code/TSP/data/classic/tsplib/kroA150.tsp,hybrid,961,helsgaun,102,26272.409306322454,26273.407503850853,26524
/Users/a/Ayanami/code/TSP/data/classic/tsplib/kroA150.tsp,hybrid,962,helsgaun,103,26272.851481216101,26273.407503850853,26524
/Users/a/Ayanami/code/TSP/data/classic/tsplib/kroA150.tsp,hybrid,963,helsgaun,104,26273.022299811812,26273.407503850853,26524
/Users/a/Ayanami/code/TSP/data/classic/tsplib/kroA150.tsp,hybrid,964,helsgaun,105,26272.7797492588,26273.407503850853,26524
/Users/a/Ayanami/code/TSP/data/classic/tsplib/kroA150.tsp,hybrid,965,helsgaun,106,26272.494918796277,26273.407503850853,26524
/Users/a/Ayanami/code/TSP/data/classic/tsplib/kroA150.tsp,hybrid,966,helsgaun,107,26272.919132192696,26273.407503850853,26524
/Users/a/Ayanami/code/TSP/data/classic/tsplib/kroA150.tsp,hybrid,967,helsgaun,108,26272.42021153956,26273.407503850853,26524
/Users/a/Ayanami/code/TSP/data/classic/tsplib/kroA150.tsp,hybrid,968,helsgaun,109,26272.229954513925,26273.407503850853,26524
/Users/a/Ayanami/code/TSP/data/classic/tsplib/kroA150.tsp,hybrid,969,helsgaun,110,26272.253329410305,26273.407503850853,26524
/Users/a/Ayanami/code/TSP/data/classic/tsplib/kroA150.tsp,hybrid,970,helsgaun,111,26273.018674997693,26273.407503850853,26524
/Users/a/Ayanami/code/TSP/data/classic/tsplib/kroA150.tsp,hybrid,971,helsgaun,112,26273.466617218401,26273.466617218401,26524
/Users/a/Ayanami/code/TSP/data/classic/tsplib/kroA150.tsp,hybrid,972,helsgaun,113,26272.311741884325,26273.466617218401,26524
/Users/a/Ayanami/code/TSP/data/classic/tsplib/kroA150.tsp,hybrid,973,helsgaun,114,26273.135592998224,26273.466617218401,26524
/Users/a/Ayanami/code/TSP/data/classic/tsplib/kroA150.tsp,hybrid,974,helsgaun,115,26273.957027023444,26273.957027023444,26524
/Users/a/Ayanami/code/TSP/data/classic/tsplib/kroA150.tsp,hybrid,975,helsgaun,116,26273.783193659176,26273.957027023444,26524
/Users/a/Ayanami/code/TSP/data/classic/tsplib/kroA150.tsp,hybrid,976,helsgaun,117,26274.015310736715,26274.015310736715,26524
/Users/a/Ayanami/code/TSP/data/classic/tsplib/kroA150.tsp,hybrid,977,helsgaun,118,26274.032305858695,26274.032305858695,26524
/Users/a/Ayanami/code/TSP/data/classic/tsplib/kroA150.tsp,hybrid,978,helsgaun,119,26274.189104987861,26274.189104987861,26524
/Users/a/Ayanami/code/TSP/data/classic/tsplib/kroA150.tsp,hybrid,979,helsgaun,120,26274.231586472535,26274.231586472535,26524
/Users/a/Ayanami/code/TSP/data/classic/tsplib/kroA150.tsp,hybrid,980,helsgaun,121,26274.207218539865,26274.231586472535,26524
/Users/a/Ayanami/code/TSP/data/classic/tsplib/kroA150.tsp,hybrid,981,helsgaun,122,26274.200167440249,26274.231586472535,26524
/Users/a/Ayanami/code/TSP/data/classic/tsplib/kroA150.tsp,hybrid,982,helsgaun,123,26274.115673527231,26274.231586472535,26524
/Users/a/Ayanami/code/TSP/data/classic/tsplib/kroA150.tsp,hybrid,983,helsgaun,124,26274.082529691073,26274.231586472535,26524
/Users/a/Ayanami/code/TSP/data/classic/tsplib/kroA150.tsp,hybrid,984,helsgaun,125,26274.334420891762,26274.334420891762,26524
/Users/a/Ayanami/code/TSP/data/classic/tsplib/kroA150.tsp,hybrid,985,helsgaun,126,26274.331742301492,26274.334420891762,26524
/Users/a/Ayanami/code/TSP/data/classic/tsplib/kroA150.tsp,hybrid,986,helsgaun,127,26274.21451408089,26274.334420891762,26524
/Users/a/Ayanami/code/TSP/data/classic/tsplib/kroA150.tsp,hybrid,987,helsgaun,128,26274.181600574051,26274.334420891762,26524
/Users/a/Ayanami/code/TSP/data/classic/tsplib/kroA150.tsp,hybrid,988,helsgaun,129,26274.38361391869,26274.38361391869,26524
/Users/a/Ayanami/code/TSP/data/classic/tsplib/kroA150.tsp,hybrid,989,helsgaun,130,26274.285232634626,26274.38361391869,26524
/Users/a/Ayanami/code/TSP/data/classic/tsplib/kroA150.tsp,hybrid,990,helsgaun,131,26274.038042970467,26274.38361391869,26524
/Users/a/Ayanami/code/TSP/data/classic/tsplib/kroA150.tsp,hybrid,991,helsgaun,132,26274.178733599118,26274.38361391869,26524
/Users/a/Ayanami/code/TSP/data/classic/tsplib/kroA150.tsp,hybrid,992,helsgaun,133,26274.609966438387,26274.609966438387,26524
/Users/a/Ayanami/code/TSP/data/classic/tsplib/kroA150.tsp,hybrid,993,helsgaun,134,26273.929211696246,26274.609966438387,26524
/Users/a/Ayanami/code/TSP/data/classic/tsplib/kroA150.tsp,hybrid,994,helsgaun,135,26274.512319591868,26274.609966438387,26524
/Users/a/Ayanami/code/TSP/data/classic/tsplib/kroA150.tsp,hybrid,995,helsgaun,136,26274.307437643409,26274.609966438387,26524
/Users/a/Ayanami/code/TSP/data/classic/tsplib/kroA150.tsp,hybrid,996,helsgaun,137,26274.677089598878,26274.677089598878,26524
/Users/a/Ayanami/code/TSP/data/classic/tsplib/kroA150.tsp,hybrid,997,helsgaun,138,26274.245029235062,26274.677089598878,26524
/Users/a/Ayanami/code/TSP/data/classic/tsplib/kroA150.tsp,hybrid,998,helsgaun,139,26274.440149934289,26274.677089598878,26524
/Users/a/Ayanami/code/TSP/data/classic/tsplib/kroA150.tsp,hybrid,999,helsgaun,140,26274.265466281824,26274.677089598878,26524
/Users/a/Ayanami/code/TSP/data/classic/tsplib/kroA150.tsp,hybrid,1000,helsgaun,141,26274.26591457464,26274.677089598878,26524
/Users/a/Ayanami/code/TSP/data/classic/tsplib/kroA150.tsp,hybrid,1001,helsgaun,142,26274.134182332535,26274.677089598878,26524
/Users/a/Ayanami/code/TSP/data/classic/tsplib/kroA150.tsp,hybrid,1002,helsgaun,143,26274.706655878814,26274.706655878814,26524
/Users/a/Ayanami/code/TSP/data/classic/tsplib/kroA150.tsp,hybrid,1003,helsgaun,144,26274.215450822303,26274.706655878814,26524
/Users/a/Ayanami/code/TSP/data/classic/tsplib/kroA150.tsp,hybrid,1004,helsgaun,145,26274.335059258377,26274.706655878814,26524
/Users/a/Ayanami/code/TSP/data/classic/tsplib/kroA150.tsp,hybrid,1005,helsgaun,146,26274.401126704786,26274.706655878814,26524
/Users/a/Ayanami/code/TSP/data/classic/tsplib/kroA150.tsp,hybrid,1006,helsgaun,147,26274.810531254945,26274.810531254945,26524
/Users/a/Ayanami/code/TSP/data/classic/tsplib/kroA150.tsp,hybrid,1007,helsgaun,148,26274.716317718499,26274.810531254945,26524
/Users/a/Ayanami/code/TSP/data/classic/tsplib/kroA150.tsp,hybrid,1008,helsgaun,149,26274.484381864291,26274.810531254945,26524
/Users/a/Ayanami/code/TSP/data/classic/tsplib/kroA150.tsp,hybrid,1009,helsgaun,150,26274.757945589739,26274.810531254945,26524
/Users/a/Ayanami/code/TSP/data/classic/tsplib/kroA150.tsp,hybrid,1010,helsgaun,151,26274.928658082856,26274.928658082856,26524
/Users/a/Ayanami/code/TSP/data/classic/tsplib/kroA150.tsp,hybrid,1011,helsgaun,152,26275.007600643239,26275.007600643239,26524
/Users/a/Ayanami/code/TSP/data/classic/tsplib/kroA150.tsp,hybrid,1012,helsgaun,153,26275.096506713409,26275.096506713409,26524
/Users/a/Ayanami/code/TSP/data/classic/tsplib/kroA150.tsp,hybrid,1013,helsgaun,154,26275.00745368826,26275.096506713409,26524
/Users/a/Ayanami/code/TSP/data/classic/tsplib/kroA150.tsp,hybrid,1014,helsgaun,155,26275.09628655171,26275.096506713409,26524
/Users/a/Ayanami/code/TSP/data/classic/tsplib/kroA150.tsp,hybrid,1015,helsgaun,156,26275.021132236252,26275.096506713409,26524
/Users/a/Ayanami/code/TSP/data/classic/tsplib/kroA150.tsp,hybrid,1016,helsgaun,157,26275.159236898086,26275.159236898086,26524
/Users/a/Ayanami/code/TSP/data/classic/tsplib/kroA150.tsp,hybrid,1017,helsgaun,158,26275.025951611467,26275.159236898086,26524
/Users/a/Ayanami/code/TSP/data/classic/tsplib/kroA150.tsp,hybrid,1018,helsgaun,159,26275.133944178968,26275.159236898086,26524
/Users/a/Ayanami/code/TSP/data/classic/tsplib/kroA150.tsp,hybrid,1019,helsgaun,160,26275.151945551341,26275.159236898086,26524
/Users/a/Ayanami/code/TSP/data/classic/tsplib/kroA150.tsp,hybrid,1020,helsgaun,161,26275.188443578725,26275.188443578725,26524
/Users/a/Ayanami/code/TSP/data/classic/tsplib/kroA150.tsp,hybrid,1021,helsgaun,162,26275.120445589739,26275.188443578725,26524
/Users/a/Ayanami/code/TSP/data/classic/tsplib/kroA150.tsp,hybrid,1022,helsgaun,163,26275.244217163556,26275.244217163556,26524
/Users/a/Ayanami/code/TSP/data/classic/tsplib/kroA150.tsp,hybrid,1023,helsgaun,164,26275.181929004597,26275.244217163556,26524
/Users/a/Ayanami/code/TSP/data/classic/tsplib/kroA150.tsp,hybrid,1024,helsgaun,165,26275.233873517431,26275.244217163556,26524
/Users/a/Ayanami/code/TSP/data/classic/tsplib/kroA150.tsp,hybrid,1025,helsgaun,166,26275.202248989423,26275.244217163556,26524
/Users/a/Ayanami/code/TSP/data/classic/tsplib/kroA150.tsp,hybrid,1026,helsgaun,167,26275.244202615595,26275.244217163556,26524
/Users/a/Ayanami/code/TSP/data/classic/tsplib/kroA150.tsp,hybrid,1027,helsgaun,168,26275.351316978111,26275.351316978111,26524
/Users/a/Ayanami/code/TSP/data/classic/tsplib/kroA150.tsp,hybrid,1028,helsgaun,169,26275.287889785523,26275.351316978111,26524
/Users/a/Ayanami/code/TSP/data/classic/tsplib/kroA150.tsp,hybrid,1029,helsgaun,170,26275.376271129568,26275.376271129568,26524
/Users/a/Ayanami/code/TSP/data/classic/tsplib/kroA150.tsp,hybrid,1030,helsgaun,171,26275.365753043101,26275.376271129568,26524
/Users/a/Ayanami/code/TSP/data/classic/tsplib/kroA150.tsp,hybrid,1031,helsgaun,172,26275.351275137378,26275.376271129568,26524
/Users/a/Ayanami/code/TSP/data/classic/tsplib/kroA150.tsp,hybrid,1032,helsgaun,173,26275.3564012069,26275.376271129568,26524
/Users/a/Ayanami/code/TSP/data/classic/tsplib/kroA150.tsp,hybrid,1033,helsgaun,174,26275.326467428466,26275.376271129568,26524
/Users/a/Ayanami/code/TSP/data/classic/tsplib/kroA150.tsp,hybrid,1034,helsgaun,175,26275.369497684191,26275.376271129568,26524
/Users/a/Ayanami/code/TSP/data/classic/tsplib/kroA150.tsp,hybrid,1035,helsgaun,176,26275.359279741948,26275.376271129568,26524
/Users/a/Ayanami/code/TSP/data/classic/tsplib/kroA150.tsp,hybrid,1036,helsgaun,177,26275.398714772873,26275.398714772873,26524
/Users/a/Ayanami/code/TSP/data/classic/tsplib/kroA150.tsp,hybrid,1037,helsgaun,178,26275.434779361469,26275.434779361469,26524
/Users/a/Ayanami/code/TSP/data/classic/tsplib/kroA150.tsp,hybrid,1038,helsgaun,179,26275.441187418553,26275.441187418553,26524
/Users/a/Ayanami/code/TSP/data/classic/tsplib/kroA150.tsp,hybrid,1039,helsgaun,180,26275.440419593426,26275.441187418553,26524
/Users/a/Ayanami/code/TSP/data/classic/tsplib/kroA150.tsp,hybrid,1040,helsgaun,181,26275.461847758757,26275.461847758757,26524
/Users/a/Ayanami/code/TSP/data/classic/tsplib/kroA150.tsp,hybrid,1041,helsgaun,182,26275.482428892621,26275.482428892621,26524
/Users/a/Ayanami/code/TSP/data/classic/tsplib/kroA150.tsp,hybrid,1042,helsgaun,183,26275.489637442668,26275.489637442668,26524
/Users/a/Ayanami/code/TSP/data/classic/tsplib/kroA150.tsp,hybrid,1043,helsgaun,184,26275.500506403012,26275.500506403012,26524
/Users/a/Ayanami/code/TSP/data/classic/tsplib/kroA150.tsp,hybrid,1044,helsgaun,185,26275.50268022254,26275.50268022254,26524
/Users/a/Ayanami/code/TSP/data/classic/tsplib/kroA150.tsp,hybrid,1045,helsgaun,186,26275.512596660268,26275.512596660268,26524
/Users/a/Ayanami/code/TSP/data/classic/tsplib/kroA150.tsp,hybrid,1046,helsgaun,187,26275.516000684016,26275.516000684016,26524
/Users/a/Ayanami/code/TSP/data/classic/tsplib/kroA150.tsp,hybrid,1047,helsgaun,188,26275.514158696416,26275.516000684016,26524
/Users/a/Ayanami/code/TSP/data/classic/tsplib/kroA150.tsp,hybrid,1048,helsgaun,189,26275.524741957077,26275.524741957077,26524
/Users/a/Ayanami/code/TSP/data/classic/tsplib/kroA150.tsp,hybrid,1049,helsgaun,190,26275.526185611467,26275.526185611467,26524
/Users/a/Ayanami/code/TSP/data/classic/tsplib/kroA150.tsp,hybrid,1050,helsgaun,191,26275.526760919183,26275.526760919183,26524
/Users/a/Ayanami/code/TSP/data/classic/tsplib/kroA150.tsp,hybrid,1051,helsgaun,192,26275.530348813092,26275.530348813092,26524
/Users/a/Ayanami/code/TSP/data/classic/tsplib/kroA150.tsp,hybrid,1052,helsgaun,193,26275.531731780196,26275.531731780196,26524
/Users/a/Ayanami/code/TSP/data/classic/tsplib/kroA150.tsp,hybrid,1053,helsgaun,194,26275.532589126753,26275.532589126753,26524
/Users/a/Ayanami/code/TSP/data/classic/tsplib/kroA150.tsp,hybrid,1054,helsgaun,195,26275.53474063714,26275.53474063714,26524
/Users/a/Ayanami/code/TSP/data/classic/tsplib/kroA150.tsp,hybrid,1055,helsgaun,196,26275.533779008005,26275.53474063714,26524
/Users/a/Ayanami/code/TSP/data/classic/tsplib/kroA150.tsp,hybrid,1056,helsgaun,197,26275.534993368772,26275.534993368772,26524
/Users/a/Ayanami/code/TSP/data/classic/tsplib/kroA150.tsp,hybrid,1057,helsgaun,198,26275.535113757091,26275.535113757091,26524
/Users/a/Ayanami/code/TSP/data/classic/tsplib/kroA150.tsp,hybrid,1058,helsgaun,199,26275.535903934182,26275.535903934182,26524
/Users/a/Ayanami/code/TSP/data/classic/tsplib/kroA150.tsp,hybrid,1059,helsgaun,200,26275.536149028718,26275.536149028718,26524
/Users/a/Ayanami/code/TSP/data/classic/tsplib/kroA150.tsp,hybrid,1060,helsgaun,201,26275.537344519704,26275.537344519704,26524
/Users/a/Ayanami/code/TSP/data/classic/tsplib/kroA150.tsp,hybrid,1061,helsgaun,202,26275.537492916112,26275.537492916112,26524
/Users/a/Ayanami/code/TSP/data/classic/tsplib/kroA150.tsp,hybrid,1062,helsgaun,203,26275.537684756811,26275.537684756811,26524
/Users/a/Ayanami/code/TSP/data/classic/tsplib/kroA150.tsp,hybrid,1063,helsgaun,204,26275.537623873071,26275.537684756811,26524
/Users/a/Ayanami/code/TSP/data/classic/tsplib/kroA150.tsp,hybrid,1064,helsgaun,205,26275.537997267165,26275.537997267165,26524
/Users/a/Ayanami/code/TSP/data/classic/tsplib/kroA150.tsp,hybrid,1065,helsgaun,206,26275.538184488865,26275.538184488865,26524
/Users/a/Ayanami/code/TSP/data/classic/tsplib/kroA150.tsp,hybrid,1066,helsgaun,207,26275.538270961213,26275.538270961213,26524
/Users/a/Ayanami/code/TSP/data/classic/tsplib/kroA150.tsp,hybrid,1067,helsgaun,208,26275.53831903528,26275.53831903528,26524
/Users/a/Ayanami/code/TSP/data/classic/tsplib/kroA150.tsp,hybrid,1068,helsgaun,209,26275.538378541205,26275.538378541205,26524
/Users/a/Ayanami/code/TSP/data/classic/tsplib/kroA150.tsp,hybrid,1069,helsgaun,210,26275.53860774064,26275.53860774064,26524
/Users/a/Ayanami/code/TSP/data/classic/tsplib/kroA150.tsp,hybrid,1070,helsgaun,211,26275.538643424308,26275.538643424308,26524
/Users/a/Ayanami/code/TSP/data/classic/tsplib/kroA150.tsp,hybrid,1071,helsgaun,212,26275.538694593797,26275.538694593797,26524
/Users/a/Ayanami/code/TSP/data/classic/tsplib/kroA150.tsp,hybrid,1072,helsgaun,213,26275.538742277691,26275.538742277691,26524
/Users/a/Ayanami/code/TSP/data/classic/tsplib/kroA150.tsp,hybrid,1073,helsgaun,214,26275.53883635849,26275.53883635849,26524
/Users/a/Ayanami/code/TSP/data/classic/tsplib/kroA150.tsp,hybrid,1074,helsgaun,215,26275.538828041197,26275.53883635849,26524
/Users/a/Ayanami/code/TSP/data/classic/tsplib/kroA150.tsp,hybrid,1075,helsgaun,216,26275.538835215128,26275.53883635849,26524
/Users/a/Ayanami/code/TSP/data/classic/tsplib/kroA150.tsp,hybrid,1076,helsgaun,217,26275.538855972216,26275.538855972216,26524
/Users/a/Ayanami/code/TSP/data/classic/tsplib/kroA150.tsp,hybrid,1077,helsgaun,218,26275.538907815793,26275.538907815793,26524
/Users/a/Ayanami/code/TSP/data/classic/tsplib/kroA150.tsp,hybrid,1078,helsgaun,219,26275.538915211986,26275.538915211986,26524
/Users/a/Ayanami/code/TSP/data/classic/tsplib/kroA150.tsp,hybrid,1079,helsgaun,220,26275.538922436943,26275.538922436943,26524
/Users/a/Ayanami/code/TSP/data/classic/tsplib/kroA150.tsp,hybrid,1080,helsgaun,221,26275.538938346428,26275.538938346428,26524
/Users/a/Ayanami/code/TSP/data/classic/tsplib/kroA150.tsp,hybrid,1081,helsgaun,222,26275.53895482036,26275.53895482036,26524
/Users/a/Ayanami/code/TSP/data/classic/tsplib/kroA150.tsp,hybrid,1082,helsgaun,223,26275.538956859698,26275.538956859698,26524
/Users/a/Ayanami/code/TSP/data/classic/tsplib/kroA150.tsp,hybrid,1083,helsgaun,224,26275.538957326949,26275.538957326949,26524
/Users/a/Ayanami/code/TSP/data/classic/tsplib/kroA150.tsp,hybrid,1084,helsgaun,225,26275.538960840266,26275.538960840266,26524
/Users/a/Ayanami/code/TSP/data/classic/tsplib/kroA150.tsp,hybrid,1085,helsgaun,226,26275.538963081293,26275.538963081293,26524
/Users/a/Ayanami/code/TSP/data/classic/tsplib/kroA150.tsp,hybrid,1086,helsgaun,227,26275.538964814314,26275.538964814314,26524
/Users/a/Ayanami/code/TSP/data/classic/tsplib/kroA150.tsp,hybrid,1087,helsgaun,228,26275.538965605108,26275.538965605108,26524
/Users/a/Ayanami/code/TSP/data/classic/tsplib/kroA150.tsp,hybrid,1088,helsgaun,229,26275.538966795593,26275.538966795593,26524
/Users/a/Ayanami/code/TSP/data/classic/tsplib/kroA150.tsp,hybrid,1089,helsgaun,230,26275.538967189983,26275.538967189983,26524
/Users/a/Ayanami/code/TSP/data/classic/tsplib/kroA150.tsp,hybrid,1090,helsgaun,231,26275.538967580895,26275.538967580895,26524
/Users/a/Ayanami/code/TSP/data/classic/tsplib/kroA150.tsp,hybrid,1091,helsgaun,232,26275.538967853201,26275.538967853201,26524
/Users/a/Ayanami/code/TSP/data/classic/tsplib/kroA150.tsp,hybrid,1092,helsgaun,233,26275.538968112982,26275.538968112982,26524
/Users/a/Ayanami/code/TSP/data/classic/tsplib/kroA150.tsp,hybrid,1093,helsgaun,234,26275.538968140932,26275.538968112982,26524
/Users/a/Ayanami/code/TSP/data/classic/tsplib/kroA150.tsp,hybrid,1094,helsgaun,235,26275.538968276272,26275.538968276272,26524
/Users/a/Ayanami/code/TSP/data/classic/tsplib/kroA150.tsp,hybrid,1095,helsgaun,236,26275.538968280409,26275.538968276272,26524
/Users/a/Ayanami/code/TSP/data/classic/tsplib/kroA150.tsp,hybrid,1096,helsgaun,237,26275.53896835884,26275.53896835884,26524
/Users/a/Ayanami/code/TSP/data/classic/tsplib/kroA150.tsp,hybrid,1097,helsgaun,238,26275.538968394354,26275.538968394354,26524
/Users/a/Ayanami/code/TSP/data/classic/tsplib/kroA150.tsp,hybrid,1098,helsgaun,239,26275.538968437333,26275.538968437333,26524
/Users/a/Ayanami/code/TSP/data/classic/tsplib/kroA150.tsp,hybrid,1099,helsgaun,240,26275.538968451863,26275.538968437333,26524
/Users/a/Ayanami/code/TSP/data/classic/tsplib/kroA150.tsp,hybrid,1100,helsgaun,241,26275.538968469125,26275.538968469125,26524
/Users/a/Ayanami/code/TSP/data/classic/tsplib/kroA150.tsp,hybrid,1101,helsgaun,242,26275.538968473229,26275.538968469125,26524
/Users/a/Ayanami/code/TSP/data/classic/tsplib/kroA150.tsp,hybrid,1102,helsgaun,243,26275.538968482888,26275.538968469125,26524
/Users/a/Ayanami/code/TSP/data/classic/tsplib/kroA150.tsp,hybrid,1103,helsgaun,244,26275.538968488236,26275.538968469125,26524
/Users/a/Ayanami/code/TSP/data/classic/tsplib/kroA150.tsp,hybrid-reverse,1,helsgaun,1,23845,23845,26524
/Users/a/Ayanami/code/TSP/data/classic/tsplib/kroA150.tsp,hybrid-reverse,2,helsgaun,2,23916,23916,26524
/Users/a/Ayanami/code/TSP/data/classic/tsplib/kroA150.tsp,hybrid-reverse,3,helsgaun,3,24036,24036,26524
/Users/a/Ayanami/code/TSP/data/classic/tsplib/kroA150.tsp,hybrid-reverse,4,helsgaun,4,24236.600000000002,24236.600000000002,26524
/Users/a/Ayanami/code/TSP/data/classic/tsplib/kroA150.tsp,hybrid-reverse,5,helsgaun,5,24525.800000000007,24525.800000000007,26524
/Users/a/Ayanami/code/TSP/data/classic/tsplib/kroA150.tsp,hybrid-reverse,6,helsgaun,6,24885.199999999993,24885.199999999993,26524
/Users/a/Ayanami/code/TSP/data/classic/tsplib/kroA150.tsp,hybrid-reverse,7,helsgaun,7,24934.800000000007,24934.800000000007,26524
/Users/a/Ayanami/code/TSP/data/classic/tsplib/kroA150.tsp,hybrid-reverse,8,helsgaun,8,24472.400000000005,24934.800000000007,26524
/Users/a/Ayanami/code/TSP/data/classic/tsplib/kroA150.tsp,hybrid-reverse,9,helsgaun,9,24114.799999999999,24934.800000000007,26524
/Users/a/Ayanami/code/TSP/data/classic/tsplib/kroA150.tsp,hybrid-reverse,10,helsgaun,10,24063.599999999999,24934.800000000007,26524
/Users/a/Ayanami/code/TSP/data/classic/tsplib/kroA150.tsp,hybrid-reverse,11,helsgaun,11,24558.200000000012,24934.800000000007,26524
/Users/a/Ayanami/code/TSP/data/classic/tsplib/kroA150.tsp,hybrid-reverse,12,helsgaun,12,24199.200000000001,24934.800000000007,26524
/Users/a/Ayanami/code/TSP/data/classic/tsplib/kroA150.tsp,hybrid-reverse,13,helsgaun,13,24368.800000000003,24934.800000000007,26524
/Users/a/Ayanami/code/TSP/data/classic/tsplib/kroA150.tsp,hybrid-reverse,14,helsgaun,14,24436.400000000005,24934.800000000007,26524
/Users/a/Ayanami/code/TSP/data/classic/tsplib/kroA150.tsp,hybrid-reverse,15,helsgaun,15,24312.799999999999,24934.800000000007,26524
/Users/a/Ayanami/code/TSP/data/classic/tsplib/kroA150.tsp,hybrid-reverse,16,helsgaun,16,23993.800000000007,24934.800000000007,26524
/Users/a/Ayanami/code/TSP/data/classic/tsplib/kroA150.tsp,hybrid-reverse,17,helsgaun,17,24230.000000000004,24934.800000000007,26524
/Users/a/Ayanami/code/TSP/data/classic/tsplib/kroA150.tsp,hybrid-reverse,18,helsgaun,18,24176.999999999993,24934.800000000007,26524
/Users/a/Ayanami/code/TSP/data/classic/tsplib/kroA150.tsp,hybrid-reverse,19,helsgaun,19,23967.600000000002,24934.800000000007,26524
/Users/a/Ayanami/code/TSP/data/classic/tsplib/kroA150.tsp,hybrid-reverse,20,helsgaun,20,24412.199999999986,24934.800000000007,26524
/Users/a/Ayanami/code/TSP/data/classic/tsplib/kroA150.tsp,hybrid-reverse,21,helsgaun,21,24263.600000000002,24934.800000000007,26524
/Users/a/Ayanami/code/TSP/data/classic/tsplib/kroA150.tsp,hybrid-reverse,22,helsgaun,22,24435.400000000009,24934.800000000007,26524
/Users/a/Ayanami/code/TSP/data/classic/tsplib/kroA150.tsp,hybrid-reverse,23,helsgaun,23,24286.800000000007,24934.800000000007,26524
/Users/a/Ayanami/code/TSP/data/classic/tsplib/kroA150.tsp,hybrid-reverse,24,helsgaun,24,24432.399999999994,24934.800000000007,26524
/Users/a/Ayanami/code/TSP/data/classic/tsplib/kroA150.tsp,hybrid-reverse,25,helsgaun,25,24000.800000000003,24934.800000000007,26524
/Users/a/Ayanami/code/TSP/data/classic/tsplib/kroA150.tsp,hybrid-reverse,26,helsgaun,26,24436.80000000001,24934.800000000007,26524
/Users/a/Ayanami/code/TSP/data/classic/tsplib/kroA150.tsp,hybrid-reverse,27,helsgaun,27,24551.000000000004,24934.800000000007,26524
/Users/a/Ayanami/code/TSP/data/classic/tsplib/kroA150.tsp,hybrid-reverse,28,helsgaun,28,24500.200000000008,24934.800000000007,26524
/Users/a/Ayanami/code/TSP/data/classic/tsplib/kroA150.tsp,hybrid-reverse,29,helsgaun,29,24310.399999999998,24934.800000000007,26524
/Users/a/Ayanami/code/TSP/data/classic/tsplib/kroA150.tsp,hybrid-reverse,30,helsgaun,30,24156.400000000001,24934.800000000007,26524
/Users/a/Ayanami/code/TSP/data/classic/tsplib/kroA150.tsp,hybrid-reverse,31,helsgaun,31,24432.000000000007,24934.800000000007,26524
/Users/a/Ayanami/code/TSP/data/classic/tsplib/kroA150.tsp,hybrid-reverse,32,helsgaun,32,24429.400000000012,24934.800000000007,26524
/Users/a/Ayanami/code/TSP/data/classic/tsplib/kroA150.tsp,hybrid-reverse,33,helsgaun,33,24207.400000000009,24934.800000000007,26524
/Users/a/Ayanami/code/TSP/data/classic/tsplib/kroA150.tsp,hybrid-reverse,34,helsgaun,34,24276.200000000001,24934.800000000007,26524
/Users/a/Ayanami/code/TSP/data/classic/tsplib/kroA150.tsp,hybrid-reverse,35,helsgaun,35,24467.400000000001,24934.800000000007,26524
/Users/a/Ayanami/code/TSP/data/classic/tsplib/kroA150.tsp,hybrid-reverse,36,helsgaun,36,24619.400000000009,24934.800000000007,26524
/Users/a/Ayanami/code/TSP/data/classic/tsplib/kroA150.tsp,hybrid-reverse,37,helsgaun,37,24020.40000000002,24934.800000000007,26524
/Users/a/Ayanami/code/TSP/data/classic/tsplib/kroA150.tsp,hybrid-reverse,38,helsgaun,38,24647.200000000012,24934.800000000007,26524
/Users/a/Ayanami/code/TSP/data/classic/tsplib/kroA150.tsp,hybrid-reverse,39,helsgaun,39,24290.200000000012,24934.800000000007,26524
/Users/a/Ayanami/code/TSP/data/classic/tsplib/kroA150.tsp,hybrid-reverse,40,helsgaun,40,24639.200000000008,24934.800000000007,26524
/Users/a/Ayanami/code/TSP/data/classic/tsplib/kroA150.tsp,hybrid-reverse,41,helsgaun,41,24055.200000000004,24934.800000000007,26524
/Users/a/Ayanami/code/TSP/data/classic/tsplib/kroA150.tsp,hybrid-reverse,42,helsgaun,42,24493.600000000002,24934.800000000007,26524
/Users/a/Ayanami/code/TSP/data/classic/tsplib/kroA150.tsp,hybrid-reverse,43,helsgaun,43,24278.600000000006,24934.800000000007,26524
/Users/a/Ayanami/code/TSP/data/classic/tsplib/kroA150.tsp,hybrid-reverse,44,helsgaun,44,24463.599999999999,24934.800000000007,26524
/Users/a/Ayanami/code/TSP/data/classic/tsplib/kroA150.tsp,hybrid-reverse,45,helsgaun,45,24025.800000000014,24934.800000000007,26524
/Users/a/Ayanami/code/TSP/data/classic/tsplib/kroA150.tsp,hybrid-reverse,46,helsgaun,46,24325.199999999997,24934.800000000007,26524
/Users/a/Ayanami/code/TSP/data/classic/tsplib/kroA150.tsp,hybrid-reverse,47,helsgaun,47,24361.400000000001,24934.800000000007,26524
/Users/a/Ayanami/code/TSP/data/classic/tsplib/kroA150.tsp,hybrid-reverse,48,helsgaun,48,24606.600000000006,24934.800000000007,26524
/Users/a/Ayanami/code/TSP/data/classic/tsplib/kroA150.tsp,hybrid-reverse,49,helsgaun,49,24311.600000000006,24934.800000000007,26524
/Users/a/Ayanami/code/TSP/data/classic/tsplib/kroA150.tsp,hybrid-reverse,50,helsgaun,50,24104.799999999996,24934.800000000007,26524
/Users/a/Ayanami/code/TSP/data/classic/tsplib/kroA150.tsp,hybrid-reverse,51,helsgaun,51,24352.800000000003,24934.800000000007,26524
/Users/a/Ayanami/code/TSP/data/classic/tsplib/kroA150.tsp,hybrid-reverse,52,helsgaun,52,23946.600000000002,24934.800000000007,26524
/Users/a/Ayanami/code/TSP/data/classic/tsplib/kroA150.tsp,hybrid-reverse,53,helsgaun,53,24286.599999999995,24934.800000000007,26524
/Users/a/Ayanami/code/TSP/data/classic/tsplib/kroA150.tsp,hybrid-reverse,54,helsgaun,54,24243.599999999999,24934.800000000007,26524
/Users/a/Ayanami/code/TSP/data/classic/tsplib/kroA150.tsp,hybrid-reverse,55,helsgaun,55,24161.80000000001,24934.800000000007,26524
/Users/a/Ayanami/code/TSP/data/classic/tsplib/kroA150.tsp,hybrid-reverse,56,helsgaun,56,24407.800000000007,24934.800000000007,26524
/Users/a/Ayanami/code/TSP/data/classic/tsplib/kroA150.tsp,hybrid-reverse,57,helsgaun,57,23923.200000000004,24934.800000000007,26524
/Users/a/Ayanami/code/TSP/data/classic/tsplib/kroA150.tsp,hybrid-reverse,58,helsgaun,58,24311.19999999999,24934.800000000007,26524
/Users/a/Ayanami/code/TSP/data/classic/tsplib/kroA150.tsp,hybrid-reverse,59,helsgaun,59,24518.600000000013,24934.800000000007,26524
/Users/a/Ayanami/code/TSP/data/classic/tsplib/kroA150.tsp,hybrid-reverse,60,helsgaun,60,23736.600000000002,24934.800000000007,26524
/Users/a/Ayanami/code/TSP/data/classic/tsplib/kroA150.tsp,hybrid-reverse,61,helsgaun,61,24054.200000000004,24934.800000000007,26524
/Users/a/Ayanami/code/TSP/data/classic/tsplib/kroA150.tsp,hybrid-reverse,62,helsgaun,62,24236.40000000002,24934.800000000007,26524
/Users/a/Ayanami/code/TSP/data/classic/tsplib/kroA150.tsp,hybrid-reverse,63,helsgaun,63,24519.599999999999,24934.800000000007,26524
/Users/a/Ayanami/code/TSP/data/classic/tsplib/kroA150.tsp,hybrid-reverse,64,helsgaun,64,23972.800000000007,24934.800000000007,26524
/Users/a/Ayanami/code/TSP/data/classic/tsplib/kroA150.tsp,hybrid-reverse,65,helsgaun,65,24311.600000000002,24934.800000000007,26524
/Users/a/Ayanami/code/TSP/data/classic/tsplib/kroA150.tsp,hybrid-reverse,66,helsgaun,66,24019.000000000007,24934.800000000007,26524
/Users/a/Ayanami/code/TSP/data/classic/tsplib/kroA150.tsp,hybrid-reverse,67,helsgaun,67,24415.200000000001,24934.800000000007,26524
/Users/a/Ayanami/code/TSP/data/classic/tsplib/kroA150.tsp,hybrid-reverse,68,helsgaun,68,23931.80000000001,24934.800000000007,26524
/Users/a/Ayanami/code/TSP/data/classic/tsplib/kroA150.tsp,hybrid-reverse,69,helsgaun,69,24419.200000000012,24934.800000000007,26524
/Users/a/Ayanami/code/TSP/data/classic/tsplib/kroA150.tsp,hybrid-reverse,70,helsgaun,70,24204.600000000002,24934.800000000007,26524
/Users/a/Ayanami/code/TSP/data/classic/tsplib/kroA150.tsp,hybrid-reverse,71,helsgaun,71,24146.799999999999,24934.800000000007,26524
/Users/a/Ayanami/code/TSP/data/classic/tsplib/kroA150.tsp,hybrid-reverse,72,helsgaun,72,24144.80000000001,24934.800000000007,26524
/Users/a/Ayanami/code/TSP/data/classic/tsplib/kroA150.tsp,hybrid-reverse,73,helsgaun,73,23973.199999999997,24934.800000000007,26524
/Users/a/Ayanami/code/TSP/data/classic/tsplib/kroA150.tsp,hybrid-reverse,74,helsgaun,74,24211.600000000002,24934.800000000007,26524
/Users/a/Ayanami/code/TSP/data/classic/tsplib/kroA150.tsp,hybrid-reverse,75,helsgaun,75,24661.800000000014,24934.800000000007,26524
/Users/a/Ayanami/code/TSP/data/classic/tsplib/kroA150.tsp,hybrid-reverse,76,helsgaun,76,24211.800000000007,24934.800000000007,26524
/Users/a/Ayanami/code/TSP/data/classic/tsplib/kroA150.tsp,hybrid-reverse,77,helsgaun,77,25231.600000000006,25231.600000000006,26524
/Users/a/Ayanami/code/TSP/data/classic/tsplib/kroA150.tsp,hybrid-reverse,78,helsgaun,78,25299.000000000004,25299.000000000004,26524
/Users/a/Ayanami/code/TSP/data/classic/tsplib/kroA150.tsp,hybrid-reverse,79,helsgaun,79,25585.199999999997,25585.199999999997,26524
/Users/a/Ayanami/code/TSP/data/classic/tsplib/kroA150.tsp,hybrid-reverse,80,helsgaun,80,25602.600000000013,25602.600000000013,26524
/Users/a/Ayanami/code/TSP/data/classic/tsplib/kroA150.tsp,hybrid-reverse,81,helsgaun,81,25684.400000000016,25684.400000000016,26524
/Users/a/Ayanami/code/TSP/data/classic/tsplib/kroA150.tsp,hybrid-reverse,82,helsgaun,82,25699,25699,26524
/Users/a/Ayanami/code/TSP/data/classic/tsplib/kroA150.tsp,hybrid-reverse,83,helsgaun,83,25663.200000000008,25699,26524
/Users/a/Ayanami/code/TSP/data/classic/tsplib/kroA150.tsp,hybrid-reverse,84,helsgaun,84,25870.400000000001,25870.400000000001,26524
/Users/a/Ayanami/code/TSP/data/classic/tsplib/kroA150.tsp,hybrid-reverse,85,helsgaun,85,25648.400000000001,25870.400000000001,26524
/Users/a/Ayanami/code/TSP/data/classic/tsplib/kroA150.tsp,hybrid-reverse,86,helsgaun,86,25739.600000000009,25870.400000000001,26524
/Users/a/Ayanami/code/TSP/data/classic/tsplib/kroA150.tsp,hybrid-reverse,87,helsgaun,87,25671.200000000004,25870.400000000001,26524
/Users/a/Ayanami/code/TSP/data/classic/tsplib/kroA150.tsp,hybrid-reverse,88,helsgaun,88,25601.799999999999,25870.400000000001,26524
/Users/a/Ayanami/code/TSP/data/classic/tsplib/kroA150.tsp,hybrid-reverse,89,helsgaun,89,25681.800000000003,25870.400000000001,26524
/Users/a/Ayanami/code/TSP/data/classic/tsplib/kroA150.tsp,hybrid-reverse,90,helsgaun,90,25753.800000000007,25870.400000000001,26524
/Users/a/Ayanami/code/TSP/data/classic/tsplib/kroA150.tsp,hybrid-reverse,91,helsgaun,91,25720.000000000007,25870.400000000001,26524
/Users/a/Ayanami/code/TSP/data/classic/tsplib/kroA150.tsp,hybrid-reverse,92,helsgaun,92,25637.399999999998,25870.400000000001,26524
/Users/a/Ayanami/code/TSP/data/classic/tsplib/kroA150.tsp,hybrid-reverse,93,helsgaun,93,25714.400000000001,25870.400000000001,26524
/Users/a/Ayanami/code/TSP/data/classic/tsplib/kroA150.tsp,hybrid-reverse,94,helsgaun,94,25714.999999999996,25870.400000000001,26524
/Users/a/Ayanami/code/TSP/data/classic/tsplib/kroA150.tsp,hybrid-reverse,95,helsgaun,95,25679.599999999999,25870.400000000001,26524
/Users/a/Ayanami/code/TSP/data/classic/tsplib/kroA150.tsp,hybrid-reverse,96,helsgaun,96,25613.399999999991,25870.400000000001,26524
/Users/a/Ayanami/code/TSP/data/classic/tsplib/kroA150.tsp,hybrid-reverse,97,helsgaun,97,25715.599999999999,25870.400000000001,26524
/Users/a/Ayanami/code/TSP/data/classic/tsplib/kroA150.tsp,hybrid-reverse,98,helsgaun,98,25690.000000000004,25870.400000000001,26524
/Users/a/Ayanami/code/TSP/data/classic/tsplib/kroA150.tsp,hybrid-reverse,99,helsgaun,99,25650.400000000001,25870.400000000001,26524
/Users/a/Ayanami/code/TSP/data/classic/tsplib/kroA150.tsp,hybrid-reverse,100,helsgaun,100,25668.000000000007,25870.400000000001,26524
/Users/a/Ayanami/code/TSP/data/classic/tsplib/kroA150.tsp,hybrid-reverse,101,helsgaun,101,25702.599999999999,25870.400000000001,26524
/Users/a/Ayanami/code/TSP/data/classic/tsplib/kroA150.tsp,hybrid-reverse,102,helsgaun,102,25664.799999999992,25870.400000000001,26524
/Users/a/Ayanami/code/TSP/data/classic/tsplib/kroA150.tsp,hybrid-reverse,103,helsgaun,103,25579.200000000004,25870.400000000001,26524
/Users/a/Ayanami/code/TSP/data/classic/tsplib/kroA150.tsp,hybrid-reverse,104,helsgaun,104,25672.199999999997,25870.400000000001,26524
/Users/a/Ayanami/code/TSP/data/classic/tsplib/kroA150.tsp,hybrid-reverse,105,helsgaun,105,25516.400000000005,25870.400000000001,26524
/Users/a/Ayanami/code/TSP/data/classic/tsplib/kroA150.tsp,hybrid-reverse,106,helsgaun,106,25707.200000000004,25870.400000000001,26524
/Users/a/Ayanami/code/TSP/data/classic/tsplib/kroA150.tsp,hybrid-reverse,107,helsgaun,107,25602.600000000009,25870.400000000001,26524
/Users/a/Ayanami/code/TSP/data/classic/tsplib/kroA150.tsp,hybrid-reverse,108,helsgaun,108,25777.200000000012,25870.400000000001,26524
/Users/a/Ayanami/code/TSP/data/classic/tsplib/kroA150.tsp,hybrid-reverse,109,helsgaun,109,25587.800000000007,25870.400000000001,26524
/Users/a/Ayanami/code/TSP/data/classic/tsplib/kroA150.tsp,hybrid-reverse,110,helsgaun,110,25671.600000000002,25870.400000000001,26524
/Users/a/Ayanami/code/TSP/data/classic/tsplib/kroA150.tsp,hybrid-reverse,111,helsgaun,111,25595.200000000008,25870.400000000001,26524
/Users/a/Ayanami/code/TSP/data/classic/tsplib/kroA150.tsp,hybrid-reverse,112,helsgaun,112,25574.799999999996,25870.400000000001,26524
/Users/a/Ayanami/code/TSP/data/classic/tsplib/kroA150.tsp,hybrid-reverse,113,helsgaun,113,25620.000000000004,25870.400000000001,26524
/Users/a/Ayanami/code/TSP/data/classic/tsplib/kroA150.tsp,hybrid-reverse,114,helsgaun,114,25899.199999999997,25899.199999999997,26524
/Users/a/Ayanami/code/TSP/data/classic/tsplib/kroA150.tsp,hybrid-reverse,115,helsgaun,115,25969.199999999993,25969.199999999993,26524
/Users/a/Ayanami/code/TSP/data/classic/tsplib/kroA150.tsp,hybrid-reverse,116,helsgaun,116,26052.400000000009,26052.400000000009,26524
/Users/a/Ayanami/code/TSP/data/classic/tsplib/kroA150.tsp,hybrid-reverse,117,helsgaun,117,25998.400000000001,26052.400000000009,26524
/Users/a/Ayanami/code/TSP/data/classic/tsplib/kroA150.tsp,hybrid-reverse,118,helsgaun,118,26081.400000000009,26081.400000000009,26524
/Users/a/Ayanami/code/TSP/data/classic/tsplib/kroA150.tsp,hybrid-reverse,119,helsgaun,119,26062.800000000003,26081.400000000009,26524
/Users/a/Ayanami/code/TSP/data/classic/tsplib/kroA150.tsp,hybrid-reverse,120,helsgaun,120,26043.400000000005,26081.400000000009,26524
/Users/a/Ayanami/code/TSP/data/classic/tsplib/kroA150.tsp,hybrid-reverse,121,helsgaun,121,26064.000000000015,26081.400000000009,26524
/Users/a/Ayanami/code/TSP/data/classic/tsplib/kroA150.tsp,hybrid-reverse,122,helsgaun,122,26073.000000000004,26081.400000000009,26524
/Users/a/Ayanami/code/TSP/data/classic/tsplib/kroA150.tsp,hybrid-reverse,123,helsgaun,123,26079.799999999999,26081.400000000009,26524
/Users/a/Ayanami/code/TSP/data/classic/tsplib/kroA150.tsp,hybrid-reverse,124,helsgaun,124,26072.800000000007,26081.400000000009,26524
/Users/a/Ayanami/code/TSP/data/classic/tsplib/kroA150.tsp,hybrid-reverse,125,helsgaun,125,26023.200000000004,26081.400000000009,26524
/Users/a/Ayanami/code/TSP/data/classic/tsplib/kroA150.tsp,hybrid-reverse,126,helsgaun,126,26058.799999999999,26081.400000000009,26524
/Users/a/Ayanami/code/TSP/data/classic/tsplib/kroA150.tsp,hybrid-reverse,127,helsgaun,127,26023.000000000004,26081.400000000009,26524
/Users/a/Ayanami/code/TSP/data/classic/tsplib/kroA150.tsp,hybrid-reverse,128,helsgaun,128,26054.399999999998,26081.400000000009,26524
/Users/a/Ayanami/code/TSP/data/classic/tsplib/kroA150.tsp,hybrid-reverse,129,helsgaun,129,26097.400000000001,26097.400000000001,26524
/Users/a/Ayanami/code/TSP/data/classic/tsplib/kroA150.tsp,hybrid-reverse,130,helsgaun,130,26026.400000000009,26097.400000000001,26524
/Users/a/Ayanami/code/TSP/data/classic/tsplib/kroA150.tsp,hybrid-reverse,131,helsgaun,131,26092.399999999994,26097.400000000001,26524
/Users/a/Ayanami/code/TSP/data/classic/tsplib/kroA150.tsp,hybrid-reverse,132,helsgaun,132,26165.000000000011,26165.000000000011,26524
/Users/a/Ayanami/code/TSP/data/classic/tsplib/kroA150.tsp,hybrid-reverse,133,helsgaun,133,26162.200000000004,26165.000000000011,26524
/Users/a/Ayanami/code/TSP/data/classic/tsplib/kroA150.tsp,hybrid-reverse,134,helsgaun,134,26182.599999999995,26182.599999999995,26524
/Users/a/Ayanami/code/TSP/data/classic/tsplib/kroA150.tsp,hybrid-reverse,135,helsgaun,135,26186.000000000004,26186.000000000004,26524
/Users/a/Ayanami/code/TSP/data/classic/tsplib/kroA150.tsp,hybrid-reverse,136,helsgaun,136,26204.799999999999,26204.799999999999,26524
/Users/a/Ayanami/code/TSP/data/classic/tsplib/kroA150.tsp,hybrid-reverse,137,helsgaun,137,26161.000000000004,26204.799999999999,26524
/Users/a/Ayanami/code/TSP/data/classic/tsplib/kroA150.tsp,hybrid-reverse,138,helsgaun,138,26200,26204.799999999999,26524
/Users/a/Ayanami/code/TSP/data/classic/tsplib/kroA150.tsp,hybrid-reverse,139,helsgaun,139,26188.399999999994,26204.799999999999,26524
/Users/a/Ayanami/code/TSP/data/classic/tsplib/kroA150.tsp,hybrid-reverse,140,helsgaun,140,26207.800000000003,26207.800000000003,26524
/Users/a/Ayanami/code/TSP/data/classic/tsplib/kroA150.tsp,hybrid-reverse,141,helsgaun,141,26229,26229,26524
/Users/a/Ayanami/code/TSP/data/classic/tsplib/kroA150.tsp,hybrid-reverse,142,helsgaun,142,26239.199999999993,26239.199999999993,26524
/Users/a/Ayanami/code/TSP/data/classic/tsplib/kroA150.tsp,hybrid-reverse,143,helsgaun,143,26243.000000000011,26243.000000000011,26524
/Users/a/Ayanami/code/TSP/data/classic/tsplib/kroA150.tsp,hybrid-reverse,144,helsgaun,144,26242.600000000002,26243.000000000011,26524
/Users/a/Ayanami/code/TSP/data/classic/tsplib/kroA150.tsp,hybrid-reverse,145,helsgaun,145,26254.400000000009,26254.400000000009,26524
/Users/a/Ayanami/code/TSP/data/classic/tsplib/kroA150.tsp,hybrid-reverse,146,helsgaun,146,26257.800000000003,26257.800000000003,26524
/Users/a/Ayanami/code/TSP/data/classic/tsplib/kroA150.tsp,hybrid-reverse,147,helsgaun,147,26256.800000000003,26257.800000000003,26524
/Users/a/Ayanami/code/TSP/data/classic/tsplib/kroA150.tsp,hybrid-reverse,148,helsgaun,148,26260.800000000003,26260.800000000003,26524
/Users/a/Ayanami/code/TSP/data/classic/tsplib/kroA150.tsp,hybrid-reverse,149,helsgaun,149,26264.100000000002,26264.100000000002,26524
/Users/a/Ayanami/code/TSP/data/classic/tsplib/kroA150.tsp,hybrid-reverse,150,helsgaun,150,26263.700000000001,26264.100000000002,26524
/Users/a/Ayanami/code/TSP/data/classic/tsplib/kroA150.tsp,hybrid-reverse,151,helsgaun,151,26265.400000000001,26265.400000000001,26524
/Users/a/Ayanami/code/TSP/data/classic/tsplib/kroA150.tsp,hybrid-reverse,152,helsgaun,152,26266.800000000003,26266.800000000003,26524
/Users/a/Ayanami/code/TSP/data/classic/tsplib/kroA150.tsp,hybrid-reverse,153,helsgaun,153,26267.125000000004,26267.125000000004,26524
/Users/a/Ayanami/code/TSP/data/classic/tsplib/kroA150.tsp,hybrid-reverse,154,helsgaun,154,26267.650000000001,26267.650000000001,26524
/Users/a/Ayanami/code/TSP/data/classic/tsplib/kroA150.tsp,hybrid-reverse,155,helsgaun,155,26267.924999999999,26267.924999999999,26524
/Users/a/Ayanami/code/TSP/data/classic/tsplib/kroA150.tsp,hybrid-reverse,156,helsgaun,156,26268.262500000012,26268.262500000012,26524
/Users/a/Ayanami/code/TSP/data/classic/tsplib/kroA150.tsp,hybrid-reverse,157,helsgaun,157,26268.350000000006,26268.350000000006,26524
/Users/a/Ayanami/code/TSP/data/classic/tsplib/kroA150.tsp,hybrid-reverse,158,helsgaun,158,26268.431250000005,26268.431250000005,26524
/Users/a/Ayanami/code/TSP/data/classic/tsplib/kroA150.tsp,hybrid-reverse,159,helsgaun,159,26268.490625000009,26268.490625000009,26524
/Users/a/Ayanami/code/TSP/data/classic/tsplib/kroA150.tsp,hybrid-reverse,160,helsgaun,160,26268.515625000007,26268.515625000007,26524
/Users/a/Ayanami/code/TSP/data/classic/tsplib/kroA150.tsp,hybrid-reverse,161,helsgaun,161,26268.553125000006,26268.553125000006,26524
/Users/a/Ayanami/code/TSP/data/classic/tsplib/kroA150.tsp,hybrid-reverse,162,helsgaun,162,26268.578125000004,26268.578125000004,26524
/Users/a/Ayanami/code/TSP/data/classic/tsplib/kroA150.tsp,hybrid-reverse,163,helsgaun,163,26268.596875000003,26268.596875000003,26524
/Users/a/Ayanami/code/TSP/data/classic/tsplib/kroA150.tsp,hybrid-reverse,164,helsgaun,164,26268.606250000008,26268.606250000008,26524
/Users/a/Ayanami/code/TSP/data/classic/tsplib/kroA150.tsp,hybrid-reverse,165,helsgaun,165,26268.612109375001,26268.612109375001,26524
/Users/a/Ayanami/code/TSP/data/classic/tsplib/kroA150.tsp,hybrid-reverse,166,helsgaun,166,26268.622265625003,26268.622265625003,26524
/Users/a/Ayanami/code/TSP/data/classic/tsplib/kroA150.tsp,hybrid-reverse,167,helsgaun,167,26268.624609375005,26268.624609375005,26524
/Users/a/Ayanami/code/TSP/data/classic/tsplib/kroA150.tsp,hybrid-reverse,168,helsgaun,168,26268.628710937508,26268.628710937508,26524
/Users/a/Ayanami/code/TSP/data/classic/tsplib/kroA150.tsp,hybrid-reverse,169,helsgaun,169,26268.629882812511,26268.629882812511,26524
/Users/a/Ayanami/code/TSP/data/classic/tsplib/kroA150.tsp,hybrid-reverse,170,helsgaun,170,26268.632617187504,26268.632617187504,26524
/Users/a/Ayanami/code/TSP/data/classic/tsplib/kroA150.tsp,hybrid-reverse,171,helsgaun,171,26268.632861328133,26268.632861328133,26524
/Users/a/Ayanami/code/TSP/data/classic/tsplib/kroA150.tsp,hybrid-reverse,172,helsgaun,172,26268.633837890633,26268.633837890633,26524
/Users/a/Ayanami/code/TSP/data/classic/tsplib/kroA150.tsp,hybrid-reverse,173,helsgaun,173,26268.63413085938,26268.63413085938,26524
/Users/a/Ayanami/code/TSP/data/classic/tsplib/kroA150.tsp,hybrid-reverse,174,helsgaun,174,26268.634716796878,26268.634716796878,26524
/Users/a/Ayanami/code/TSP/data/classic/tsplib/kroA150.tsp,hybrid-reverse,175,helsgaun,175,26268.634863281251,26268.634863281251,26524
/Users/a/Ayanami/code/TSP/data/classic/tsplib/kroA150.tsp,hybrid-reverse,176,helsgaun,176,26268.635131835941,26268.635131835941,26524
/Users/a/Ayanami/code/TSP/data/classic/tsplib/kroA150.tsp,hybrid-reverse,177,helsgaun,177,26268.635205078128,26268.635205078128,26524
/Users/a/Ayanami/code/TSP/data/classic/tsplib/kroA150.tsp,hybrid-reverse,178,helsgaun,178,26268.635357666015,26268.635357666015,26524
/Users/a/Ayanami/code/TSP/data/classic/tsplib/kroA150.tsp,hybrid-reverse,179,helsgaun,179,26268.635379028328,26268.635379028328,26524
/Users/a/Ayanami/code/TSP/data/classic/tsplib/kroA150.tsp,hybrid-reverse,180,helsgaun,180,26268.635455322274,26268.635455322274,26524
/Users/a/Ayanami/code/TSP/data/classic/tsplib/kroA150.tsp,hybrid-reverse,181,helsgaun,181,26268.635462951668,26268.635462951668,26524
/Users/a/Ayanami/code/TSP/data/classic/tsplib/kroA150.tsp,hybrid-reverse,182,helsgaun,182,26268.635493469239,26268.635493469239,26524
/Users/a/Ayanami/code/TSP/data/classic/tsplib/kroA150.tsp,hybrid-reverse,183,helsgaun,183,26268.635502624515,26268.635502624515,26524
/Users/a/Ayanami/code/TSP/data/classic/tsplib/kroA150.tsp,hybrid-reverse,184,helsgaun,184,26268.635520935062,26268.635520935062,26524
/Users/a/Ayanami/code/TSP/data/classic/tsplib/kroA150.tsp,hybrid-reverse,185,helsgaun,185,26268.635525512698,26268.635525512698,26524
/Users/a/Ayanami/code/TSP/data/classic/tsplib/kroA150.tsp,hybrid-reverse,186,helsgaun,186,26268.635533905028,26268.635533905028,26524
/Users/a/Ayanami/code/TSP/data/classic/tsplib/kroA150.tsp,hybrid-reverse,187,helsgaun,187,26268.635536193855,26268.635536193855,26524
/Users/a/Ayanami/code/TSP/data/classic/tsplib/kroA150.tsp,hybrid-reverse,188,helsgaun,188,26268.635540962234,26268.635540962234,26524
/Users/a/Ayanami/code/TSP/data/classic/tsplib/kroA150.tsp,hybrid-reverse,189,helsgaun,189,26268.635541629799,26268.635541629799,26524
/Users/a/Ayanami/code/TSP/data/classic/tsplib/kroA150.tsp,hybrid-reverse,190,helsgaun,190,26268.635544013978,26268.635544013978,26524
/Users/a/Ayanami/code/TSP/data/classic/tsplib/kroA150.tsp,hybrid-reverse,191,helsgaun,191,26268.635544347766,26268.635544347766,26524
/Users/a/Ayanami/code/TSP/data/classic/tsplib/kroA150.tsp,hybrid-reverse,192,helsgaun,192,26268.635545253757,26268.635545253757,26524
/Users/a/Ayanami/code/TSP/data/classic/tsplib/kroA150.tsp,hybrid-reverse,193,helsgaun,193,26268.635545539859,26268.635545539859,26524
/Users/a/Ayanami/code/TSP/data/classic/tsplib/kroA150.tsp,hybrid-reverse,194,helsgaun,194,26268.635546135902,26268.635546135902,26524
/Users/a/Ayanami/code/TSP/data/classic/tsplib/kroA150.tsp,hybrid-reverse,195,helsgaun,195,26268.635546219357,26268.635546219357,26524
/Users/a/Ayanami/code/TSP/data/classic/tsplib/kroA150.tsp,hybrid-reverse,196,helsgaun,196,26268.63554651738,26268.63554651738,26524
/Users/a/Ayanami/code/TSP/data/classic/tsplib/kroA150.tsp,hybrid-reverse,197,helsgaun,197,26268.635546547182,26268.635546547182,26524
/Users/a/Ayanami/code/TSP/data/classic/tsplib/kroA150.tsp,hybrid-reverse,198,helsgaun,198,26268.635546666384,26268.635546666384,26524
/Users/a/Ayanami/code/TSP/data/classic/tsplib/kroA150.tsp,hybrid-reverse,199,helsgaun,199,26268.635546702149,26268.635546702149,26524
/Users/a/Ayanami/code/TSP/data/classic/tsplib/kroA150.tsp,hybrid-reverse,200,helsgaun,200,26268.635546773676,26268.635546773676,26524
/Users/a/Ayanami/code/TSP/data/classic/tsplib/kroA150.tsp,hybrid-reverse,201,helsgaun,201,26268.635546791556,26268.635546773676,26524
/Users/a/Ayanami/code/TSP/data/classic/tsplib/kroA150.tsp,hybrid-reverse,202,helsgaun,202,26268.635546824335,26268.635546824335,26524
/Users/a/Ayanami/code/TSP/data/classic/tsplib/kroA150.tsp,hybrid-reverse,203,polyak,1,26268.635546824335,26268.635546824335,26524
/Users/a/Ayanami/code/TSP/data/classic/tsplib/kroA150.tsp,hybrid-reverse,204,polyak,2,22996.854296493515,26268.635546824335,26524
/Users/a/Ayanami/code/TSP/data/classic/tsplib/kroA150.tsp,hybrid-reverse,205,polyak,3,25215.243675617297,26268.635546824335,26524
/Users/a/Ayanami/code/TSP/data/classic/tsplib/kroA150.tsp,hybrid-reverse,206,polyak,4,24274.443881514941,26268.635546824335,26524
/Users/a/Ayanami/code/TSP/data/classic/tsplib/kroA150.tsp,hybrid-reverse,207,polyak,5,24123.424338526955,26268.635546824335,26524
/Users/a/Ayanami/code/TSP/data/classic/tsplib/kroA150.tsp,hybrid-reverse,208,polyak,6,24095.909227592452,26268.635546824335,26524
/Users/a/Ayanami/code/TSP/data/classic/tsplib/kroA150.tsp,hybrid-reverse,209,polyak,7,24670.610758583269,26268.635546824335,26524
/Users/a/Ayanami/code/TSP/data/classic/tsplib/kroA150.tsp,hybrid-reverse,210,polyak,8,24407.472188176009,26268.635546824335,26524
/Users/a/Ayanami/code/TSP/data/classic/tsplib/kroA150.tsp,hybrid-reverse,211,polyak,9,24829.592936794255,26268.635546824335,26524
/Users/a/Ayanami/code/TSP/data/classic/tsplib/kroA150.tsp,hybrid-reverse,212,polyak,10,24313.021741635086,26268.635546824335,26524
/Users/a/Ayanami/code/TSP/data/classic/tsplib/kroA150.tsp,hybrid-reverse,213,polyak,11,24501.386426166126,26268.635546824335,26524
/Users/a/Ayanami/code/TSP/data/classic/tsplib/kroA150.tsp,hybrid-reverse,214,polyak,12,24802.699961529193,26268.635546824335,26524
/Users/a/Ayanami/code/TSP/data/classic/tsplib/kroA150.tsp,hybrid-reverse,215,polyak,13,24242.986788588529,26268.635546824335,26524
/Users/a/Ayanami/code/TSP/data/classic/tsplib/kroA150.tsp,hybrid-reverse,216,polyak,14,24705.281443873184,26268.635546824335,26524
/Users/a/Ayanami/code/TSP/data/classic/tsplib/kroA150.tsp,hybrid-reverse,217,polyak,15,25479.612007903957,26268.635546824335,26524
/Users/a/Ayanami/code/TSP/data/classic/tsplib/kroA150.tsp,hybrid-reverse,218,polyak,16,25629.888376420207,26268.635546824335,26524
/Users/a/Ayanami/code/TSP/data/classic/tsplib/kroA150.tsp,hybrid-reverse,219,polyak,17,25841.24160058971,26268.635546824335,26524
/Users/a/Ayanami/code/TSP/data/classic/tsplib/kroA150.tsp,hybrid-reverse,220,polyak,18,25783.924975283597,26268.635546824335,26524
/Users/a/Ayanami/code/TSP/data/classic/tsplib/kroA150.tsp,hybrid-reverse,221,polyak,19,25851.789298001622,26268.635546824335,26524
/Users/a/Ayanami/code/TSP/data/classic/tsplib/kroA150.tsp,hybrid-reverse,222,polyak,20,25898.671475674644,26268.635546824335,26524
/Users/a/Ayanami/code/TSP/data/classic/tsplib/kroA150.tsp,hybrid-reverse,223,polyak,21,25874.563645769707,26268.635546824335,26524
/Users/a/Ayanami/code/TSP/data/classic/tsplib/kroA150.tsp,hybrid-reverse,224,polyak,22,25813.112525717872,26268.635546824335,26524
/Users/a/Ayanami/code/TSP/data/classic/tsplib/kroA150.tsp,hybrid-reverse,225,polyak,23,25890.202916755981,26268.635546824335,26524
/Users/a/Ayanami/code/TSP/data/classic/tsplib/kroA150.tsp,hybrid-reverse,226,polyak,24,25938.986228510403,26268.635546824335,26524
/Users/a/Ayanami/code/TSP/data/classic/tsplib/kroA150.tsp,hybrid-reverse,227,polyak,25,25837.990216129114,26268.635546824335,26524
/Users/a/Ayanami/code/TSP/data/classic/tsplib/kroA150.tsp,hybrid-reverse,228,polyak,26,26004.506240535971,26268.635546824335,26524
/Users/a/Ayanami/code/TSP/data/classic/tsplib/kroA150.tsp,hybrid-reverse,229,polyak,27,26151.484304601225,26268.635546824335,26524
/Users/a/Ayanami/code/TSP/data/classic/tsplib/kroA150.tsp,hybrid-reverse,230,polyak,28,26059.102435317098,26268.635546824335,26524
/Users/a/Ayanami/code/TSP/data/classic/tsplib/kroA150.tsp,hybrid-reverse,231,polyak,29,26169.254806553588,26268.635546824335,26524
/Users/a/Ayanami/code/TSP/data/classic/tsplib/kroA150.tsp,hybrid-reverse,232,polyak,30,26093.099147120316,26268.635546824335,26524
/Users/a/Ayanami/code/TSP/data/classic/tsplib/kroA150.tsp,hybrid-reverse,233,polyak,31,26142.778441842951,26268.635546824335,26524
/Users/a/Ayanami/code/TSP/data/classic/tsplib/kroA150.tsp,hybrid-reverse,234,polyak,32,26114.282006740719,26268.635546824335,26524
/Users/a/Ayanami/code/TSP/data/classic/tsplib/kroA150.tsp,hybrid-reverse,235,polyak,33,26181.782666119598,26268.635546824335,26524
/Users/a/Ayanami/code/TSP/data/classic/tsplib/kroA150.tsp,hybrid-reverse,236,polyak,34,26104.967045057325,26268.635546824335,26524
/Users/a/Ayanami/code/TSP/data/classic/tsplib/kroA150.tsp,hybrid-reverse,237,polyak,35,26163.760893423521,26268.635546824335,26524
/Users/a/Ayanami/code/TSP/data/classic/tsplib/kroA150.tsp,hybrid-reverse,238,polyak,36,26159.12773375211,26268.635546824335,26524
/Users/a/Ayanami/code/TSP/data/classic/tsplib/kroA150.tsp,hybrid-reverse,239,polyak,37,26113.64574700085,26268.635546824335,26524
/Users/a/Ayanami/code/TSP/data/classic/tsplib/kroA150.tsp,hybrid-reverse,240,polyak,38,26109.220685859447,26268.635546824335,26524
/Users/a/Ayanami/code/TSP/data/classic/tsplib/kroA150.tsp,hybrid-reverse,241,polyak,39,26198.74273459689,26268.635546824335,26524
/Users/a/Ayanami/code/TSP/data/classic/tsplib/kroA150.tsp,hybrid-reverse,242,polyak,40,26207.338563855883,26268.635546824335,26524
/Users/a/Ayanami/code/TSP/data/classic/tsplib/kroA150.tsp,hybrid-reverse,243,polyak,41,26210.087323034335,26268.635546824335,26524
/Users/a/Ayanami/code/TSP/data/classic/tsplib/kroA150.tsp,hybrid-reverse,244,polyak,42,26202.061462205504,26268.635546824335,26524
/Users/a/Ayanami/code/TSP/data/classic/tsplib/kroA150.tsp,hybrid-reverse,245,polyak,43,26204.242940854951,26268.635546824335,26524
/Users/a/Ayanami/code/TSP/data/classic/tsplib/kroA150.tsp,hybrid-reverse,246,polyak,44,26224.535478931375,26268.635546824335,26524
/Users/a/Ayanami/code/TSP/data/classic/tsplib/kroA150.tsp,hybrid-reverse,247,polyak,45,26181.978079053668,26268.635546824335,26524
/Users/a/Ayanami/code/TSP/data/classic/tsplib/kroA150.tsp,hybrid-reverse,248,polyak,46,26241.969677860328,26268.635546824335,26524
/Users/a/Ayanami/code/TSP/data/classic/tsplib/kroA150.tsp,hybrid-reverse,249,polyak,47,26194.700973678155,26268.635546824335,26524
/Users/a/Ayanami/code/TSP/data/classic/tsplib/kroA150.tsp,hybrid-reverse,250,polyak,48,26234.523481497483,26268.635546824335,26524
/Users/a/Ayanami/code/TSP/data/classic/tsplib/kroA150.tsp,hybrid-reverse,251,polyak,49,26214.287052101681,26268.635546824335,26524
/Users/a/Ayanami/code/TSP/data/classic/tsplib/kroA150.tsp,hybrid-reverse,252,polyak,50,26224.647844894207,26268.635546824335,26524
/Users/a/Ayanami/code/TSP/data/classic/tsplib/kroA150.tsp,hybrid-reverse,253,polyak,51,26266.556066097277,26268.635546824335,26524
/Users/a/Ayanami/code/TSP/data/classic/tsplib/kroA150.tsp,hybrid-reverse,254,polyak,52,26229.758625548744,26268.635546824335,26524
/Users/a/Ayanami/code/TSP/data/classic/tsplib/kroA150.tsp,hybrid-reverse,255,polyak,53,26250.60643595993,26268.635546824335,26524
/Users/a/Ayanami/code/TSP/data/classic/tsplib/kroA150.tsp,hybrid-reverse,256,polyak,54,26254.318373170641,26268.635546824335,26524
/Users/a/Ayanami/code/TSP/data/classic/tsplib/kroA150.tsp,hybrid-reverse,257,polyak,55,26233.040324673806,26268.635546824335,26524
/Users/a/Ayanami/code/TSP/data/classic/tsplib/kroA150.tsp,hybrid-reverse,258,polyak,56,26264.492615954518,26268.635546824335,26524
/Users/a/Ayanami/code/TSP/data/classic/tsplib/kroA150.tsp,hybrid-reverse,259,polyak,57,26237.650103790598,26268.635546824335,26524
/Users/a/Ayanami/code/TSP/data/classic/tsplib/kroA150.tsp,hybrid-reverse,260,polyak,58,26260.932016606115,26268.635546824335,26524
/Users/a/Ayanami/code/TSP/data/classic/tsplib/kroA150.tsp,hybrid-reverse,261,polyak,59,26254.773288618631,26268.635546824335,26524
/Users/a/Ayanami/code/TSP/data/classic/tsplib/kroA150.tsp,hybrid-reverse,262,polyak,60,26266.724989414226,26268.635546824335,26524
/Users/a/Ayanami/code/TSP/data/classic/tsplib/kroA150.tsp,hybrid-reverse,263,polyak,61,26257.940125313278,26268.635546824335,26524
/Users/a/Ayanami/code/TSP/data/classic/tsplib/kroA150.tsp,hybrid-reverse,264,polyak,62,26257.817233566322,26268.635546824335,26524
/Users/a/Ayanami/code/TSP/data/classic/tsplib/kroA150.tsp,hybrid-reverse,265,polyak,63,26271.109544232684,26271.109544232684,26524
/Users/a/Ayanami/code/TSP/data/classic/tsplib/kroA150.tsp,hybrid-reverse,266,polyak,64,26266.430093628511,26271.109544232684,26524
/Users/a/Ayanami/code/TSP/data/classic/tsplib/kroA150.tsp,hybrid-reverse,267,polyak,65,26268.147056842099,26271.109544232684,26524
/Users/a/Ayanami/code/TSP/data/classic/tsplib/kroA150.tsp,hybrid-reverse,268,polyak,66,26272.123199147449,26272.123199147449,26524
/Users/a/Ayanami/code/TSP/data/classic/tsplib/kroA150.tsp,hybrid-reverse,269,polyak,67,26271.25918606859,26272.123199147449,26524
/Users/a/Ayanami/code/TSP/data/classic/tsplib/kroA150.tsp,hybrid-reverse,270,polyak,68,26273.628262691182,26273.628262691182,26524
/Users/a/Ayanami/code/TSP/data/classic/tsplib/kroA150.tsp,hybrid-reverse,271,polyak,69,26274.134158355882,26274.134158355882,26524
/Users/a/Ayanami/code/TSP/data/classic/tsplib/kroA150.tsp,hybrid-reverse,272,polyak,70,26275.337947070188,26275.337947070188,26524
/Users/a/Ayanami/code/TSP/data/classic/tsplib/kroA150.tsp,hybrid-reverse,273,polyak,71,26271.375521201018,26275.337947070188,26524
/Users/a/Ayanami/code/TSP/data/classic/tsplib/kroA150.tsp,hybrid-reverse,274,polyak,72,26273.648468806197,26275.337947070188,26524
/Users/a/Ayanami/code/TSP/data/classic/tsplib/kroA150.tsp,hybrid-reverse,275,polyak,73,26271.816303627085,26275.337947070188,26524
/Users/a/Ayanami/code/TSP/data/classic/tsplib/kroA150.tsp,hybrid-reverse,276,polyak,74,26272.614030576184,26275.337947070188,26524
/Users/a/Ayanami/code/TSP/data/classic/tsplib/kroA150.tsp,hybrid-reverse,277,polyak,75,26276.460606666478,26276.460606666478,26524
/Users/a/Ayanami/code/TSP/data/classic/tsplib/kroA150.tsp,hybrid-reverse,278,polyak,76,26277.288204656281,26277.288204656281,26524
/Users/a/Ayanami/code/TSP/data/classic/tsplib/kroA150.tsp,hybrid-reverse,279,polyak,77,26276.245865394572,26277.288204656281,26524
/Users/a/Ayanami/code/TSP/data/classic/tsplib/kroA150.tsp,hybrid-reverse,280,polyak,78,26275.913189979961,26277.288204656281,26524
/Users/a/Ayanami/code/TSP/data/classic/tsplib/kroA150.tsp,hybrid-reverse,281,polyak,79,26273.216898448554,26277.288204656281,26524
/Users/a/Ayanami/code/TSP/data/classic/tsplib/kroA150.tsp,hybrid-reverse,282,polyak,80,26279.94961260074,26279.94961260074,26524
/Users/a/Ayanami/code/TSP/data/classic/tsplib/kroA150.tsp,hybrid-reverse,283,polyak,81,26265.882766122821,26279.94961260074,26524
/Users/a/Ayanami/code/TSP/data/classic/tsplib/kroA150.tsp,hybrid-reverse,284,polyak,82,26275.186317684002,26279.94961260074,26524
/Users/a/Ayanami/code/TSP/data/classic/tsplib/kroA150.tsp,hybrid-reverse,285,polyak,83,26271.303646513225,26279.94961260074,26524
/Users/a/Ayanami/code/TSP/data/classic/tsplib/kroA150.tsp,hybrid-reverse,286,polyak,84,26279.722345279701,26279.94961260074,26524
/Users/a/Ayanami/code/TSP/data/classic/tsplib/kroA150.tsp,hybrid-reverse,287,polyak,85,26269.198423741673,26279.94961260074,26524
/Users/a/Ayanami/code/TSP/data/classic/tsplib/kroA150.tsp,hybrid-reverse,288,polyak,86,26282.630814174358,26282.630814174358,26524
/Users/a/Ayanami/code/TSP/data/classic/tsplib/kroA150.tsp,hybrid-reverse,289,polyak,87,26271.623194241103,26282.630814174358,26524
/Users/a/Ayanami/code/TSP/data/classic/tsplib/kroA150.tsp,hybrid-reverse,290,polyak,88,26282.205903858026,26282.630814174358,26524
/Users/a/Ayanami/code/TSP/data/classic/tsplib/kroA150.tsp,hybrid-reverse,291,polyak,89,26275.750599425093,26282.630814174358,26524
/Users/a/Ayanami/code/TSP/data/classic/tsplib/kroA150.tsp,hybrid-reverse,292,polyak,90,26280.543540317252,26282.630814174358,26524
/Users/a/Ayanami/code/TSP/data/classic/tsplib/kroA150.tsp,hybrid-reverse,293,polyak,91,26273.678550305391,26282.630814174358,26524
/Users/a/Ayanami/code/TSP/data/classic/tsplib/kroA150.tsp,hybrid-reverse,294,polyak,92,26280.65069586816,26282.630814174358,26524
/Users/a/Ayanami/code/TSP/data/classic/tsplib/kroA150.tsp,hybrid-reverse,295,polyak,93,26275.599275687924,26282.630814174358,26524
/Users/a/Ayanami/code/TSP/data/classic/tsplib/kroA150.tsp,hybrid-reverse,296,polyak,94,26275.891857424998,26282.630814174358,26524
/Users/a/Ayanami/code/TSP/data/classic/tsplib/kroA150.tsp,hybrid-reverse,297,polyak,95,26279.281127322261,26282.630814174358,26524
/Users/a/Ayanami/code/TSP/data/classic/tsplib/kroA150.tsp,hybrid-reverse,298,polyak,96,26278.71170824713,26282.630814174358,26524
/Users/a/Ayanami/code/TSP/data/classic/tsplib/kroA150.tsp,hybrid-reverse,299,polyak,97,26278.079301893598,26282.630814174358,26524
/Users/a/Ayanami/code/TSP/data/classic/tsplib/kroA150.tsp,hybrid-reverse,300,polyak,98,26273.477846957034,26282.630814174358,26524
/Users/a/Ayanami/code/TSP/data/classic/tsplib/kroA150.tsp,hybrid-reverse,301,polyak,99,26281.199437790288,26282.630814174358,26524
/Users/a/Ayanami/code/TSP/data/classic/tsplib/kroA150.tsp,hybrid-reverse,302,polyak,100,26283.774386061868,26283.774386061868,26524
/Users/a/Ayanami/code/TSP/data/classic/tsplib/kroA150.tsp,hybrid-reverse,303,polyak,101,26283.403734572184,26283.774386061868,26524
/Users/a/Ayanami/code/TSP/data/classic/tsplib/kroA150.tsp,hybrid-reverse,304,polyak,102,26283.370188714151,26283.774386061868,26524
/Users/a/Ayanami/code/TSP/data/classic/tsplib/kroA150.tsp,hybrid-reverse,305,polyak,103,26285.998516756343,26285.998516756343,26524
/Users/a/Ayanami/code/TSP/data/classic/tsplib/kroA150.tsp,hybrid-reverse,306,polyak,104,26283.140468922724,26285.998516756343,26524
/Users/a/Ayanami/code/TSP/data/classic/tsplib/kroA150.tsp,hybrid-reverse,307,polyak,105,26284.894542925573,26285.998516756343,26524
/Users/a/Ayanami/code/TSP/data/classic/tsplib/kroA150.tsp,hybrid-reverse,308,polyak,106,26284.785357917688,26285.998516756343,26524
/Users/a/Ayanami/code/TSP/data/classic/tsplib/kroA150.tsp,hybrid-reverse,309,polyak,107,26283.294871440252,26285.998516756343,26524
/Users/a/Ayanami/code/TSP/data/classic/tsplib/kroA150.tsp,hybrid-reverse,310,polyak,108,26283.504446861483,26285.998516756343,26524
/Users/a/Ayanami/code/TSP/data/classic/tsplib/kroA150.tsp,hybrid-reverse,311,polyak,109,26284.650875206291,26285.998516756343,26524
/Users/a/Ayanami/code/TSP/data/classic/tsplib/kroA150.tsp,hybrid-reverse,312,polyak,110,26284.107674692295,26285.998516756343,26524
/Users/a/Ayanami/code/TSP/data/classic/tsplib/kroA150.tsp,hybrid-reverse,313,polyak,111,26285.46064064631,26285.998516756343,26524
/Users/a/Ayanami/code/TSP/data/classic/tsplib/kroA150.tsp,hybrid-reverse,314,polyak,112,26283.468656100504,26285.998516756343,26524
/Users/a/Ayanami/code/TSP/data/classic/tsplib/kroA150.tsp,hybrid-reverse,315,polyak,113,26285.238235968598,26285.998516756343,26524
/Users/a/Ayanami/code/TSP/data/classic/tsplib/kroA150.tsp,hybrid-reverse,316,polyak,114,26287.592920770934,26287.592920770934,26524
/Users/a/Ayanami/code/TSP/data/classic/tsplib/kroA150.tsp,hybrid-reverse,317,polyak,115,26280.278786399649,26287.592920770934,26524
/Users/a/Ayanami/code/TSP/data/classic/tsplib/kroA150.tsp,hybrid-reverse,318,polyak,116,26287.105687605217,26287.592920770934,26524
/Users/a/Ayanami/code/TSP/data/classic/tsplib/kroA150.tsp,hybrid-reverse,319,polyak,117,26282.806563082962,26287.592920770934,26524
/Users/a/Ayanami/code/TSP/data/classic/tsplib/kroA150.tsp,hybrid-reverse,320,polyak,118,26286.591415654959,26287.592920770934,26524
/Users/a/Ayanami/code/TSP/data/classic/tsplib/kroA150.tsp,hybrid-reverse,321,polyak,119,26283.601581603649,26287.592920770934,26524
/Users/a/Ayanami/code/TSP/data/classic/tsplib/kroA150.tsp,hybrid-reverse,322,polyak,120,26286.577152751452,26287.592920770934,26524
/Users/a/Ayanami/code/TSP/data/classic/tsplib/kroA150.tsp,hybrid-reverse,323,polyak,121,26284.74644296051,26287.592920770934,26524
/Users/a/Ayanami/code/TSP/data/classic/tsplib/kroA150.tsp,hybrid-reverse,324,polyak,122,26286.275276516331,26287.592920770934,26524
/Users/a/Ayanami/code/TSP/data/classic/tsplib/kroA150.tsp,hybrid-reverse,325,polyak,123,26286.328826369147,26287.592920770934,26524
/Users/a/Ayanami/code/TSP/data/classic/tsplib/kroA150.tsp,hybrid-reverse,326,polyak,124,26285.316898200668,26287.592920770934,26524
/Users/a/Ayanami/code/TSP/data/classic/tsplib/kroA150.tsp,hybrid-reverse,327,polyak,125,26286.579434073134,26287.592920770934,26524
/Users/a/Ayanami/code/TSP/data/classic/tsplib/kroA150.tsp,hybrid-reverse,328,polyak,126,26286.576545888762,26287.592920770934,26524
/Users/a/Ayanami/code/TSP/data/classic/tsplib/kroA150.tsp,hybrid-reverse,329,polyak,127,26285.085162425734,26287.592920770934,26524
/Users/a/Ayanami/code/TSP/data/classic/tsplib/kroA150.tsp,hybrid-reverse,330,polyak,128,26290.211483487652,26290.211483487652,26524
/Users/a/Ayanami/code/TSP/data/classic/tsplib/kroA150.tsp,hybrid-reverse,331,polyak,129,26288.740743149308,26290.211483487652,26524
/Users/a/Ayanami/code/TSP/data/classic/tsplib/kroA150.tsp,hybrid-reverse,332,polyak,130,26290.162175802147,26290.211483487652,26524
/Users/a/Ayanami/code/TSP/data/classic/tsplib/kroA150.tsp,hybrid-reverse,333,polyak,131,26287.512031953811,26290.211483487652,26524
/Users/a/Ayanami/code/TSP/data/classic/tsplib/kroA150.tsp,hybrid-reverse,334,polyak,132,26289.717259731464,26290.211483487652,26524
/Users/a/Ayanami/code/TSP/data/classic/tsplib/kroA150.tsp,hybrid-reverse,335,polyak,133,26288.183718445016,26290.211483487652,26524
/Users/a/Ayanami/code/TSP/data/classic/tsplib/kroA150.tsp,hybrid-reverse,336,polyak,134,26291.203737287695,26291.203737287695,26524
/Users/a/Ayanami/code/TSP/data/classic/tsplib/kroA150.tsp,hybrid-reverse,337,polyak,135,26289.89556229443,26291.203737287695,26524
/Users/a/Ayanami/code/TSP/data/classic/tsplib/kroA150.tsp,hybrid-reverse,338,polyak,136,26289.009579653419,26291.203737287695,26524
/Users/a/Ayanami/code/TSP/data/classic/tsplib/kroA150.tsp,hybrid-reverse,339,polyak,137,26290.17395067665,26291.203737287695,26524
/Users/a/Ayanami/code/TSP/data/classic/tsplib/kroA150.tsp,hybrid-reverse,340,polyak,138,26288.29978587919,26291.203737287695,26524
/Users/a/Ayanami/code/TSP/data/classic/tsplib/kroA150.tsp,hybrid-reverse,341,polyak,139,26290.876128323573,26291.203737287695,26524
/Users/a/Ayanami/code/TSP/data/classic/tsplib/kroA150.tsp,hybrid-reverse,342,polyak,140,26289.859329443505,26291.203737287695,26524
/Users/a/Ayanami/code/TSP/data/classic/tsplib/kroA150.tsp,hybrid-reverse,343,polyak,141,26289.939206021707,26291.203737287695,26524
/Users/a/Ayanami/code/TSP/data/classic/tsplib/kroA150.tsp,hybrid-reverse,344,polyak,142,26290.060636892758,26291.203737287695,26524
/Users/a/Ayanami/code/TSP/data/classic/tsplib/kroA150.tsp,hybrid-reverse,345,polyak,143,26291.205541616557,26291.205541616557,26524
/Users/a/Ayanami/code/TSP/data/classic/tsplib/kroA150.tsp,hybrid-reverse,346,polyak,144,26289.025973235628,26291.205541616557,26524
/Users/a/Ayanami/code/TSP/data/classic/tsplib/kroA150.tsp,hybrid-reverse,347,polyak,145,26290.377729307733,26291.205541616557,26524
/Users/a/Ayanami/code/TSP/data/classic/tsplib/kroA150.tsp,hybrid-reverse,348,polyak,146,26288.561626392609,26291.205541616557,26524
/Users/a/Ayanami/code/TSP/data/classic/tsplib/kroA150.tsp,hybrid-reverse,349,polyak,147,26290.883038191067,26291.205541616557,26524
/Users/a/Ayanami/code/TSP/data/classic/tsplib/kroA150.tsp,hybrid-reverse,350,polyak,148,26290.385036341049,26291.205541616557,26524
/Users/a/Ayanami/code/TSP/data/classic/tsplib/kroA150.tsp,hybrid-reverse,351,polyak,149,26289.995587753103,26291.205541616557,26524
/Users/a/Ayanami/code/TSP/data/classic/tsplib/kroA150.tsp,hybrid-reverse,352,polyak,150,26291.115942130193,26291.205541616557,26524
/Users/a/Ayanami/code/TSP/data/classic/tsplib/kroA150.tsp,hybrid-reverse,353,polyak,151,26291.070911763036,26291.205541616557,26524
/Users/a/Ayanami/code/TSP/data/classic/tsplib/kroA150.tsp,hybrid-reverse,354,polyak,152,26290.892137913048,26291.205541616557,26524
/Users/a/Ayanami/code/TSP/data/classic/tsplib/kroA150.tsp,hybrid-reverse,355,polyak,153,26290.694403281694,26291.205541616557,26524
/Users/a/Ayanami/code/TSP/data/classic/tsplib/kroA150.tsp,hybrid-reverse,356,polyak,154,26290.748231202691,26291.205541616557,26524
/Users/a/Ayanami/code/TSP/data/classic/tsplib/kroA150.tsp,hybrid-reverse,357,polyak,155,26290.929263049598,26291.205541616557,26524
/Users/a/Ayanami/code/TSP/data/classic/tsplib/kroA150.tsp,hybrid-reverse,358,polyak,156,26291.122733078497,26291.205541616557,26524
/Users/a/Ayanami/code/TSP/data/classic/tsplib/kroA150.tsp,hybrid-reverse,359,polyak,157,26292.727491733756,26292.727491733756,26524
/Users/a/Ayanami/code/TSP/data/classic/tsplib/kroA150.tsp,hybrid-reverse,360,polyak,158,26291.835658863598,26292.727491733756,26524
/Users/a/Ayanami/code/TSP/data/classic/tsplib/kroA150.tsp,hybrid-reverse,361,polyak,159,26293.142250979741,26293.142250979741,26524
/Users/a/Ayanami/code/TSP/data/classic/tsplib/kroA150.tsp,hybrid-reverse,362,polyak,160,26291.255874560884,26293.142250979741,26524
/Users/a/Ayanami/code/TSP/data/classic/tsplib/kroA150.tsp,hybrid-reverse,363,polyak,161,26292.374728398903,26293.142250979741,26524
/Users/a/Ayanami/code/TSP/data/classic/tsplib/kroA150.tsp,hybrid-reverse,364,polyak,162,26292.278786469196,26293.142250979741,26524
/Users/a/Ayanami/code/TSP/data/classic/tsplib/kroA150.tsp,hybrid-reverse,365,polyak,163,26292.938549127248,26293.142250979741,26524
/Users/a/Ayanami/code/TSP/data/classic/tsplib/kroA150.tsp,hybrid-reverse,366,polyak,164,26292.113314486731,26293.142250979741,26524
/Users/a/Ayanami/code/TSP/data/classic/tsplib/kroA150.tsp,hybrid-reverse,367,polyak,165,26293.322971113437,26293.322971113437,26524
/Users/a/Ayanami/code/TSP/data/classic/tsplib/kroA150.tsp,hybrid-reverse,368,polyak,166,26291.682495213205,26293.322971113437,26524
/Users/a/Ayanami/code/TSP/data/classic/tsplib/kroA150.tsp,hybrid-reverse,369,polyak,167,26292.906381779463,26293.322971113437,26524
/Users/a/Ayanami/code/TSP/data/classic/tsplib/kroA150.tsp,hybrid-reverse,370,polyak,168,26292.652973659238,26293.322971113437,26524
/Users/a/Ayanami/code/TSP/data/classic/tsplib/kroA150.tsp,hybrid-reverse,371,polyak,169,26293.291019780907,26293.322971113437,26524
/Users/a/Ayanami/code/TSP/data/classic/tsplib/kroA150.tsp,hybrid-reverse,372,polyak,170,26291.888950914901,26293.322971113437,26524
/Users/a/Ayanami/code/TSP/data/classic/tsplib/kroA150.tsp,hybrid-reverse,373,polyak,171,26293.27692672989,26293.322971113437,26524
/Users/a/Ayanami/code/TSP/data/classic/tsplib/kroA150.tsp,hybrid-reverse,374,polyak,172,26293.18266681557,26293.322971113437,26524
/Users/a/Ayanami/code/TSP/data/classic/tsplib/kroA150.tsp,hybrid-reverse,375,polyak,173,26292.46946270204,26293.322971113437,26524
/Users/a/Ayanami/code/TSP/data/classic/tsplib/kroA150.tsp,hybrid-reverse,376,polyak,174,26293.249665671712,26293.322971113437,26524
/Users/a/Ayanami/code/TSP/data/classic/tsplib/kroA150.tsp,hybrid-reverse,377,polyak,175,26292.573892735607,26293.322971113437,26524
/Users/a/Ayanami/code/TSP/data/classic/tsplib/kroA150.tsp,hybrid-reverse,378,polyak,176,26293.541076163703,26293.541076163703,26524
/Users/a/Ayanami/code/TSP/data/classic/tsplib/kroA150.tsp,hybrid-reverse,379,polyak,177,26292.789528237208,26293.541076163703,26524
/Users/a/Ayanami/code/TSP/data/classic/tsplib/kroA150.tsp,hybrid-reverse,380,polyak,178,26292.884601021458,26293.541076163703,26524
/Users/a/Ayanami/code/TSP/data/classic/tsplib/kroA150.tsp,hybrid-reverse,381,polyak,179,26293.325515010827,26293.541076163703,26524
/Users/a/Ayanami/code/TSP/data/classic/tsplib/kroA150.tsp,hybrid-reverse,382,polyak,180,26292.996791846061,26293.541076163703,26524
/Users/a/Ayanami/code/TSP/data/classic/tsplib/kroA150.tsp,hybrid-reverse,383,polyak,181,26293.559208998515,26293.559208998515,26524
/Users/a/Ayanami/code/TSP/data/classic/tsplib/kroA150.tsp,hybrid-reverse,384,polyak,182,26292.462592830987,26293.559208998515,26524
/Users/a/Ayanami/code/TSP/data/classic/tsplib/kroA150.tsp,hybrid-reverse,385,polyak,183,26293.066465657834,26293.559208998515,26524
/Users/a/Ayanami/code/TSP/data/classic/tsplib/kroA150.tsp,hybrid-reverse,386,polyak,184,26293.569517905245,26293.569517905245,26524
/Users/a/Ayanami/code/TSP/data/classic/tsplib/kroA150.tsp,hybrid-reverse,387,polyak,185,26291.727531140295,26293.569517905245,26524
/Users/a/Ayanami/code/TSP/data/classic/tsplib/kroA150.tsp,hybrid-reverse,388,polyak,186,26293.394808379097,26293.569517905245,26524
/Users/a/Ayanami/code/TSP/data/classic/tsplib/kroA150.tsp,hybrid-reverse,389,polyak,187,26293.341186905425,26293.569517905245,26524
/Users/a/Ayanami/code/TSP/data/classic/tsplib/kroA150.tsp,hybrid-reverse,390,polyak,188,26293.795729782847,26293.795729782847,26524
/Users/a/Ayanami/code/TSP/data/classic/tsplib/kroA150.tsp,hybrid-reverse,391,polyak,189,26293.680984908038,26293.795729782847,26524
/Users/a/Ayanami/code/TSP/data/classic/tsplib/kroA150.tsp,hybrid-reverse,392,polyak,190,26293.650132869683,26293.795729782847,26524
/Users/a/Ayanami/code/TSP/data/classic/tsplib/kroA150.tsp,hybrid-reverse,393,polyak,191,26293.614851300819,26293.795729782847,26524
/Users/a/Ayanami/code/TSP/data/classic/tsplib/kroA150.tsp,hybrid-reverse,394,polyak,192,26292.880516983158,26293.795729782847,26524
/Users/a/Ayanami/code/TSP/data/classic/tsplib/kroA150.tsp,hybrid-reverse,395,polyak,193,26293.941715741366,26293.941715741366,26524
/Users/a/Ayanami/code/TSP/data/classic/tsplib/kroA150.tsp,hybrid-reverse,396,polyak,194,26292.714604986068,26293.941715741366,26524
/Users/a/Ayanami/code/TSP/data/classic/tsplib/kroA150.tsp,hybrid-reverse,397,polyak,195,26294.02539234405,26294.02539234405,26524
/Users/a/Ayanami/code/TSP/data/classic/tsplib/kroA150.tsp,hybrid-reverse,398,polyak,196,26293.4530880069,26294.02539234405,26524
/Users/a/Ayanami/code/TSP/data/classic/tsplib/kroA150.tsp,hybrid-reverse,399,polyak,197,26293.603148347473,26294.02539234405,26524
/Users/a/Ayanami/code/TSP/data/classic/tsplib/kroA150.tsp,hybrid-reverse,400,polyak,198,26293.933051933895,26294.02539234405,26524
/Users/a/Ayanami/code/TSP/data/classic/tsplib/kroA150.tsp,hybrid-reverse,401,polyak,199,26292.14073834617,26294.02539234405,26524
/Users/a/Ayanami/code/TSP/data/classic/tsplib/kroA150.tsp,hybrid-reverse,402,polyak,200,26293.667973658583,26294.02539234405,26524
/Users/a/Ayanami/code/TSP/data/classic/tsplib/kroA150.tsp,hybrid-reverse,403,polyak,201,26292.588773366246,26294.02539234405,26524
/Users/a/Ayanami/code/TSP/data/classic/tsplib/kroA150.tsp,hybrid-reverse,404,polyak,202,26293.930035064619,26294.02539234405,26524
/Users/a/Ayanami/code/TSP/data/classic/tsplib/kroA150.tsp,hybrid-reverse,405,polyak,203,26292.866546077421,26294.02539234405,26524
/Users/a/Ayanami/code/TSP/data/classic/tsplib/kroA150.tsp,hybrid-reverse,406,polyak,204,26294.32057558322,26294.32057558322,26524
/Users/a/Ayanami/code/TSP/data/classic/tsplib/kroA150.tsp,hybrid-reverse,407,polyak,205,26292.377760594645,26294.32057558322,26524
/Users/a/Ayanami/code/TSP/data/classic/tsplib/kroA150.tsp,hybrid-reverse,408,polyak,206,26293.819035181961,26294.32057558322,26524
/Users/a/Ayanami/code/TSP/data/classic/tsplib/kroA150.tsp,hybrid-reverse,409,polyak,207,26293.728692697765,26294.32057558322,26524
/Users/a/Ayanami/code/TSP/data/classic/tsplib/kroA150.tsp,hybrid-reverse,410,polyak,208,26294.187560388757,26294.32057558322,26524
/Users/a/Ayanami/code/TSP/data/classic/tsplib/kroA150.tsp,hybrid-reverse,411,polyak,209,26293.267500880938,26294.32057558322,26524
/Users/a/Ayanami/code/TSP/data/classic/tsplib/kroA150.tsp,hybrid-reverse,412,polyak,210,26293.67463703547,26294.32057558322,26524
/Users/a/Ayanami/code/TSP/data/classic/tsplib/kroA150.tsp,hybrid-reverse,413,polyak,211,26293.625500343762,26294.32057558322,26524
/Users/a/Ayanami/code/TSP/data/classic/tsplib/kroA150.tsp,hybrid-reverse,414,polyak,212,26293.946649695616,26294.32057558322,26524
/Users/a/Ayanami/code/TSP/data/classic/tsplib/kroA150.tsp,hybrid-reverse,415,polyak,213,26293.095031729616,26294.32057558322,26524
/Users/a/Ayanami/code/TSP/data/classic/tsplib/kroA150.tsp,hybrid-reverse,416,polyak,214,26294.280807711744,26294.32057558322,26524
/Users/a/Ayanami/code/TSP/data/classic/tsplib/kroA150.tsp,hybrid-reverse,417,polyak,215,26292.925367516262,26294.32057558322,26524
/Users/a/Ayanami/code/TSP/data/classic/tsplib/kroA150.tsp,hybrid-reverse,418,polyak,216,26294.25191239698,26294.32057558322,26524
/Users/a/Ayanami/code/TSP/data/classic/tsplib/kroA150.tsp,hybrid-reverse,419,polyak,217,26293.305128300417,26294.32057558322,26524
/Users/a/Ayanami/code/TSP/data/classic/tsplib/kroA150.tsp,hybrid-reverse,420,polyak,218,26294.500699053762,26294.500699053762,26524
/Users/a/Ayanami/code/TSP/data/classic/tsplib/kroA150.tsp,hybrid-reverse,421,polyak,219,26294.708083545022,26294.708083545022,26524
/Users/a/Ayanami/code/TSP/data/classic/tsplib/kroA150.tsp,hybrid-reverse,422,polyak,220,26294.364904451671,26294.708083545022,26524
/Users/a/Ayanami/code/TSP/data/classic/tsplib/kroA150.tsp,hybrid-reverse,423,polyak,221,26294.655640477813,26294.708083545022,26524
/Users/a/Ayanami/code/TSP/data/classic/tsplib/kroA150.tsp,hybrid-reverse,424,polyak,222,26294.693783464831,26294.708083545022,26524
/Users/a/Ayanami/code/TSP/data/classic/tsplib/kroA150.tsp,hybrid-reverse,425,polyak,223,26294.360178031064,26294.708083545022,26524
/Users/a/Ayanami/code/TSP/data/classic/tsplib/kroA150.tsp,hybrid-reverse,426,polyak,224,26294.847784869606,26294.847784869606,26524
/Users/a/Ayanami/code/TSP/data/classic/tsplib/kroA150.tsp,hybrid-reverse,427,polyak,225,26294.548578097714,26294.847784869606,26524
/Users/a/Ayanami/code/TSP/data/classic/tsplib/kroA150.tsp,hybrid-reverse,428,polyak,226,26294.851381610188,26294.851381610188,26524
/Users/a/Ayanami/code/TSP/data/classic/tsplib/kroA150.tsp,hybrid-reverse,429,polyak,227,26294.619584388169,26294.851381610188,26524
/Users/a/Ayanami/code/TSP/data/classic/tsplib/kroA150.tsp,hybrid-reverse,430,polyak,228,26294.756668915146,26294.851381610188,26524
/Users/a/Ayanami/code/TSP/data/classic/tsplib/kroA150.tsp,hybrid-reverse,431,polyak,229,26294.462395894694,26294.851381610188,26524
/Users/a/Ayanami/code/TSP/data/classic/tsplib/kroA150.tsp,hybrid-reverse,432,polyak,230,26294.886257623402,26294.886257623402,26524
/Users/a/Ayanami/code/TSP/data/classic/tsplib/kroA150.tsp,hybrid-reverse,433,polyak,231,26293.976967524351,26294.886257623402,26524
/Users/a/Ayanami/code/TSP/data/classic/tsplib/kroA150.tsp,hybrid-reverse,434,polyak,232,26294.618281289026,26294.886257623402,26524
/Users/a/Ayanami/code/TSP/data/classic/tsplib/kroA150.tsp,hybrid-reverse,435,polyak,233,26294.693504174113,26294.886257623402,26524
/Users/a/Ayanami/code/TSP/data/classic/tsplib/kroA150.tsp,hybrid-reverse,436,polyak,234,26294.875366200373,26294.886257623402,26524
/Users/a/Ayanami/code/TSP/data/classic/tsplib/kroA150.tsp,hybrid-reverse,437,polyak,235,26295.047640575252,26295.047640575252,26524
/Users/a/Ayanami/code/TSP/data/classic/tsplib/kroA150.tsp,hybrid-reverse,438,polyak,236,26294.007351620192,26295.047640575252,26524
/Users/a/Ayanami/code/TSP/data/classic/tsplib/kroA150.tsp,hybrid-reverse,439,polyak,237,26295.045231070231,26295.047640575252,26524
/Users/a/Ayanami/code/TSP/data/classic/tsplib/kroA150.tsp,hybrid-reverse,440,polyak,238,26294.522392957853,26295.047640575252,26524
/Users/a/Ayanami/code/TSP/data/classic/tsplib/kroA150.tsp,hybrid-reverse,441,polyak,239,26295.086821160632,26295.086821160632,26524
/Users/a/Ayanami/code/TSP/data/classic/tsplib/kroA150.tsp,hybrid-reverse,442,polyak,240,26294.67523898495,26295.086821160632,26524
/Users/a/Ayanami/code/TSP/data/classic/tsplib/kroA150.tsp,hybrid-reverse,443,polyak,241,26295.019636346893,26295.086821160632,26524
/Users/a/Ayanami/code/TSP/data/classic/tsplib/kroA150.tsp,hybrid-reverse,444,polyak,242,26294.820529139666,26295.086821160632,26524
/Users/a/Ayanami/code/TSP/data/classic/tsplib/kroA150.tsp,hybrid-reverse,445,polyak,243,26294.935201213113,26295.086821160632,26524
/Users/a/Ayanami/code/TSP/data/classic/tsplib/kroA150.tsp,hybrid-reverse,446,polyak,244,26294.683830742793,26295.086821160632,26524
/Users/a/Ayanami/code/TSP/data/classic/tsplib/kroA150.tsp,hybrid-reverse,447,polyak,245,26295.136917075844,26295.136917075844,26524
/Users/a/Ayanami/code/TSP/data/classic/tsplib/kroA150.tsp,hybrid-reverse,448,polyak,246,26294.162921597945,26295.136917075844,26524
/Users/a/Ayanami/code/TSP/data/classic/tsplib/kroA150.tsp,hybrid-reverse,449,polyak,247,26295.210132232729,26295.210132232729,26524
/Users/a/Ayanami/code/TSP/data/classic/tsplib/kroA150.tsp,hybrid-reverse,450,polyak,248,26294.670677885977,26295.210132232729,26524
/Users/a/Ayanami/code/TSP/data/classic/tsplib/kroA150.tsp,hybrid-reverse,451,polyak,249,26294.965889563271,26295.210132232729,26524
/Users/a/Ayanami/code/TSP/data/classic/tsplib/kroA150.tsp,hybrid-reverse,452,polyak,250,26294.864364189223,26295.210132232729,26524
/Users/a/Ayanami/code/TSP/data/classic/tsplib/kroA150.tsp,hybrid-reverse,453,polyak,251,26294.482313144181,26295.210132232729,26524
/Users/a/Ayanami/code/TSP/data/classic/tsplib/kroA150.tsp,hybrid-reverse,454,polyak,252,26295.04577383761,26295.210132232729,26524
/Users/a/Ayanami/code/TSP/data/classic/tsplib/kroA150.tsp,hybrid-reverse,455,polyak,253,26294.148267947032,26295.210132232729,26524
/Users/a/Ayanami/code/TSP/data/classic/tsplib/kroA150.tsp,hybrid-reverse,456,polyak,254,26294.961101536137,26295.210132232729,26524
/Users/a/Ayanami/code/TSP/data/classic/tsplib/kroA150.tsp,hybrid-reverse,457,polyak,255,26294.876676310851,26295.210132232729,26524
/Users/a/Ayanami/code/TSP/data/classic/tsplib/kroA150.tsp,hybrid-reverse,458,polyak,256,26295.092743958914,26295.210132232729,26524
/Users/a/Ayanami/code/TSP/data/classic/tsplib/kroA150.tsp,hybrid-reverse,459,polyak,257,26294.728221799676,26295.210132232729,26524
/Users/a/Ayanami/code/TSP/data/classic/tsplib/kroA150.tsp,hybrid-reverse,460,polyak,258,26295.078589168985,26295.210132232729,26524
/Users/a/Ayanami/code/TSP/data/classic/tsplib/kroA150.tsp,hybrid-reverse,461,polyak,259,26294.812736210293,26295.210132232729,26524
/Users/a/Ayanami/code/TSP/data/classic/tsplib/kroA150.tsp,hybrid-reverse,462,polyak,260,26294.901868040939,26295.210132232729,26524
/Users/a/Ayanami/code/TSP/data/classic/tsplib/kroA150.tsp,hybrid-reverse,463,polyak,261,26295.326830087128,26295.326830087128,26524
/Users/a/Ayanami/code/TSP/data/classic/tsplib/kroA150.tsp,hybrid-reverse,464,polyak,262,26295.223392506959,26295.326830087128,26524
/Users/a/Ayanami/code/TSP/data/classic/tsplib/kroA150.tsp,hybrid-reverse,465,polyak,263,26295.398184831931,26295.398184831931,26524
/Users/a/Ayanami/code/TSP/data/classic/tsplib/kroA150.tsp,hybrid-reverse,466,polyak,264,26295.283794378094,26295.398184831931,26524
/Users/a/Ayanami/code/TSP/data/classic/tsplib/kroA150.tsp,hybrid-reverse,467,polyak,265,26295.44343424631,26295.44343424631,26524
/Users/a/Ayanami/code/TSP/data/classic/tsplib/kroA150.tsp,hybrid-reverse,468,polyak,266,26295.253876012306,26295.44343424631,26524
/Users/a/Ayanami/code/TSP/data/classic/tsplib/kroA150.tsp,hybrid-reverse,469,polyak,267,26295.456891147358,26295.456891147358,26524
/Users/a/Ayanami/code/TSP/data/classic/tsplib/kroA150.tsp,hybrid-reverse,470,polyak,268,26295.265397896594,26295.456891147358,26524
/Users/a/Ayanami/code/TSP/data/classic/tsplib/kroA150.tsp,hybrid-reverse,471,polyak,269,26295.35154205974,26295.456891147358,26524
/Users/a/Ayanami/code/TSP/data/classic/tsplib/kroA150.tsp,hybrid-reverse,472,polyak,270,26295.397190794632,26295.456891147358,26524
/Users/a/Ayanami/code/TSP/data/classic/tsplib/kroA150.tsp,hybrid-reverse,473,polyak,271,26295.24598150712,26295.456891147358,26524
/Users/a/Ayanami/code/TSP/data/classic/tsplib/kroA150.tsp,hybrid-reverse,474,polyak,272,26295.529602175906,26295.529602175906,26524
/Users/a/Ayanami/code/TSP/data/classic/tsplib/kroA150.tsp,hybrid-reverse,475,polyak,273,26295.422822462082,26295.529602175906,26524
/Users/a/Ayanami/code/TSP/data/classic/tsplib/kroA150.tsp,hybrid-reverse,476,polyak,274,26295.244226912549,26295.529602175906,26524
/Users/a/Ayanami/code/TSP/data/classic/tsplib/kroA150.tsp,hybrid-reverse,477,polyak,275,26295.541151766196,26295.541151766196,26524
/Users/a/Ayanami/code/TSP/data/classic/tsplib/kroA150.tsp,hybrid-reverse,478,polyak,276,26295.261990529227,26295.541151766196,26524
/Users/a/Ayanami/code/TSP/data/classic/tsplib/kroA150.tsp,hybrid-reverse,479,polyak,277,26295.57523525081,26295.57523525081,26524
/Users/a/Ayanami/code/TSP/data/classic/tsplib/kroA150.tsp,hybrid-reverse,480,polyak,278,26294.970332679586,26295.57523525081,26524
/Users/a/Ayanami/code/TSP/data/classic/tsplib/kroA150.tsp,hybrid-reverse,481,polyak,279,26295.56836463356,26295.57523525081,26524
/Users/a/Ayanami/code/TSP/data/classic/tsplib/kroA150.tsp,hybrid-reverse,482,polyak,280,26295.284905916924,26295.57523525081,26524
/Users/a/Ayanami/code/TSP/data/classic/tsplib/kroA150.tsp,hybrid-reverse,483,polyak,281,26295.616031053072,26295.616031053072,26524
/Users/a/Ayanami/code/TSP/data/classic/tsplib/kroA150.tsp,hybrid-reverse,484,polyak,282,26295.322682214366,26295.616031053072,26524
/Users/a/Ayanami/code/TSP/data/classic/tsplib/kroA150.tsp,hybrid-reverse,485,polyak,283,26295.653706982663,26295.653706982663,26524
/Users/a/Ayanami/code/TSP/data/classic/tsplib/kroA150.tsp,hybrid-reverse,486,polyak,284,26295.161756225192,26295.653706982663,26524
/Users/a/Ayanami/code/TSP/data/classic/tsplib/kroA150.tsp,hybrid-reverse,487,polyak,285,26295.52594632097,26295.653706982663,26524
/Users/a/Ayanami/code/TSP/data/classic/tsplib/kroA150.tsp,hybrid-reverse,488,polyak,286,26295.480568176765,26295.653706982663,26524
/Users/a/Ayanami/code/TSP/data/classic/tsplib/kroA150.tsp,hybrid-reverse,489,polyak,287,26295.564113574266,26295.653706982663,26524
/Users/a/Ayanami/code/TSP/data/classic/tsplib/kroA150.tsp,hybrid-reverse,490,polyak,288,26295.322786744626,26295.653706982663,26524
/Users/a/Ayanami/code/TSP/data/classic/tsplib/kroA150.tsp,hybrid-reverse,491,polyak,289,26295.645563042774,26295.653706982663,26524
/Users/a/Ayanami/code/TSP/data/classic/tsplib/kroA150.tsp,hybrid-reverse,492,polyak,290,26295.387154680771,26295.653706982663,26524
/Users/a/Ayanami/code/TSP/data/classic/tsplib/kroA150.tsp,hybrid-reverse,493,polyak,291,26295.377064931119,26295.653706982663,26524
/Users/a/Ayanami/code/TSP/data/classic/tsplib/kroA150.tsp,hybrid-reverse,494,polyak,292,26295.545077778592,26295.653706982663,26524
/Users/a/Ayanami/code/TSP/data/classic/tsplib/kroA150.tsp,hybrid-reverse,495,polyak,293,26295.402462661968,26295.653706982663,26524
/Users/a/Ayanami/code/TSP/data/classic/tsplib/kroA150.tsp,hybrid-reverse,496,polyak,294,26295.639633728973,26295.653706982663,26524
/Users/a/Ayanami/code/TSP/data/classic/tsplib/kroA150.tsp,hybrid-reverse,497,polyak,295,26295.37605085922,26295.653706982663,26524
/Users/a/Ayanami/code/TSP/data/classic/tsplib/kroA150.tsp,hybrid-reverse,498,polyak,296,26295.642230793201,26295.653706982663,26524
/Users/a/Ayanami/code/TSP/data/classic/tsplib/kroA150.tsp,hybrid-reverse,499,polyak,297,26295.640330212533,26295.653706982663,26524
/Users/a/Ayanami/code/TSP/data/classic/tsplib/kroA150.tsp,hybrid-reverse,500,polyak,298,26295.73898100185,26295.73898100185,26524
/Users/a/Ayanami/code/TSP/data/classic/tsplib/kroA150.tsp,hybrid-reverse,501,polyak,299,26295.734377602217,26295.73898100185,26524
/Users/a/Ayanami/code/TSP/data/classic/tsplib/kroA150.tsp,hybrid-reverse,502,polyak,300,26295.740554874348,26295.740554874348,26524
/Users/a/Ayanami/code/TSP/data/classic/tsplib/kroA150.tsp,hybrid-reverse,503,polyak,301,26295.683829977479,26295.740554874348,26524
/Users/a/Ayanami/code/TSP/data/classic/tsplib/kroA150.tsp,hybrid-reverse,504,polyak,302,26295.799367162712,26295.799367162712,26524
/Users/a/Ayanami/code/TSP/data/classic/tsplib/kroA150.tsp,hybrid-reverse,505,polyak,303,26295.766815575771,26295.799367162712,26524
/Users/a/Ayanami/code/TSP/data/classic/tsplib/kroA150.tsp,hybrid-reverse,506,polyak,304,26295.693020442679,26295.799367162712,26524
/Users/a/Ayanami/code/TSP/data/classic/tsplib/kroA150.tsp,hybrid-reverse,507,polyak,305,26295.652637035197,26295.799367162712,26524
/Users/a/Ayanami/code/TSP/data/classic/tsplib/kroA150.tsp,hybrid-reverse,508,polyak,306,26295.729991463715,26295.799367162712,26524
/Users/a/Ayanami/code/TSP/data/classic/tsplib/kroA150.tsp,hybrid-reverse,509,polyak,307,26295.757331395213,26295.799367162712,26524
/Users/a/Ayanami/code/TSP/data/classic/tsplib/kroA150.tsp,hybrid-reverse,510,polyak,308,26295.832201412759,26295.832201412759,26524
/Users/a/Ayanami/code/TSP/data/classic/tsplib/kroA150.tsp,hybrid-reverse,511,polyak,309,26295.810081134256,26295.832201412759,26524
/Users/a/Ayanami/code/TSP/data/classic/tsplib/kroA150.tsp,hybrid-reverse,512,polyak,310,26295.708378729105,26295.832201412759,26524
/Users/a/Ayanami/code/TSP/data/classic/tsplib/kroA150.tsp,hybrid-reverse,513,polyak,311,26295.736174700127,26295.832201412759,26524
/Users/a/Ayanami/code/TSP/data/classic/tsplib/kroA150.tsp,hybrid-reverse,514,polyak,312,26295.78487026921,26295.832201412759,26524
/Users/a/Ayanami/code/TSP/data/classic/tsplib/kroA150.tsp,hybrid-reverse,515,polyak,313,26295.620382511199,26295.832201412759,26524
/Users/a/Ayanami/code/TSP/data/classic/tsplib/kroA150.tsp,hybrid-reverse,516,polyak,314,26295.77917558375,26295.832201412759,26524
/Users/a/Ayanami/code/TSP/data/classic/tsplib/kroA150.tsp,hybrid-reverse,517,polyak,315,26295.805981737551,26295.832201412759,26524
/Users/a/Ayanami/code/TSP/data/classic/tsplib/kroA150.tsp,hybrid-reverse,518,polyak,316,26295.81050627512,26295.832201412759,26524
/Users/a/Ayanami/code/TSP/data/classic/tsplib/kroA150.tsp,hybrid-reverse,519,polyak,317,26295.723431697574,26295.832201412759,26524
/Users/a/Ayanami/code/TSP/data/classic/tsplib/kroA150.tsp,hybrid-reverse,520,polyak,318,26295.822354197298,26295.832201412759,26524
/Users/a/Ayanami/code/TSP/data/classic/tsplib/kroA150.tsp,hybrid-reverse,521,polyak,319,26295.778995111483,26295.832201412759,26524
/Users/a/Ayanami/code/TSP/data/classic/tsplib/kroA150.tsp,hybrid-reverse,522,polyak,320,26295.810267790126,26295.832201412759,26524
/Users/a/Ayanami/code/TSP/data/classic/tsplib/kroA150.tsp,hybrid-reverse,523,polyak,321,26295.763034902189,26295.832201412759,26524
/Users/a/Ayanami/code/TSP/data/classic/tsplib/kroA150.tsp,hybrid-reverse,524,polyak,322,26295.908955722633,26295.908955722633,26524
/Users/a/Ayanami/code/TSP/data/classic/tsplib/kroA150.tsp,hybrid-reverse,525,polyak,323,26295.810681661751,26295.908955722633,26524
/Users/a/Ayanami/code/TSP/data/classic/tsplib/kroA150.tsp,hybrid-reverse,526,polyak,324,26295.908107801173,26295.908955722633,26524
/Users/a/Ayanami/code/TSP/data/classic/tsplib/kroA150.tsp,hybrid-reverse,527,polyak,325,26295.853388588548,26295.908955722633,26524
/Users/a/Ayanami/code/TSP/data/classic/tsplib/kroA150.tsp,hybrid-reverse,528,polyak,326,26295.957139506841,26295.957139506841,26524
/Users/a/Ayanami/code/TSP/data/classic/tsplib/kroA150.tsp,hybrid-reverse,529,polyak,327,26295.854589379185,26295.957139506841,26524
/Users/a/Ayanami/code/TSP/data/classic/tsplib/kroA150.tsp,hybrid-reverse,530,polyak,328,26295.938179011962,26295.957139506841,26524
/Users/a/Ayanami/code/TSP/data/classic/tsplib/kroA150.tsp,hybrid-reverse,531,polyak,329,26295.825860268109,26295.957139506841,26524
/Users/a/Ayanami/code/TSP/data/classic/tsplib/kroA150.tsp,hybrid-reverse,532,polyak,330,26295.978051788992,26295.978051788992,26524
/Users/a/Ayanami/code/TSP/data/classic/tsplib/kroA150.tsp,hybrid-reverse,533,polyak,331,26295.784687218213,26295.978051788992,26524
/Users/a/Ayanami/code/TSP/data/classic/tsplib/kroA150.tsp,hybrid-reverse,534,polyak,332,26295.962900759241,26295.978051788992,26524
/Users/a/Ayanami/code/TSP/data/classic/tsplib/kroA150.tsp,hybrid-reverse,535,polyak,333,26295.845128858229,26295.978051788992,26524
/Users/a/Ayanami/code/TSP/data/classic/tsplib/kroA150.tsp,hybrid-reverse,536,polyak,334,26295.935890109697,26295.978051788992,26524
/Users/a/Ayanami/code/TSP/data/classic/tsplib/kroA150.tsp,hybrid-reverse,537,polyak,335,26295.924184754618,26295.978051788992,26524
/Users/a/Ayanami/code/TSP/data/classic/tsplib/kroA150.tsp,hybrid-reverse,538,polyak,336,26295.855386379779,26295.978051788992,26524
/Users/a/Ayanami/code/TSP/data/classic/tsplib/kroA150.tsp,hybrid-reverse,539,polyak,337,26295.943725034802,26295.978051788992,26524
/Users/a/Ayanami/code/TSP/data/classic/tsplib/kroA150.tsp,hybrid-reverse,540,polyak,338,26295.867619292501,26295.978051788992,26524
/Users/a/Ayanami/code/TSP/data/classic/tsplib/kroA150.tsp,hybrid-reverse,541,polyak,339,26295.898753208938,26295.978051788992,26524
/Users/a/Ayanami/code/TSP/data/classic/tsplib/kroA150.tsp,hybrid-reverse,542,polyak,340,26295.967603589364,26295.978051788992,26524
/Users/a/Ayanami/code/TSP/data/classic/tsplib/kroA150.tsp,hybrid-reverse,543,polyak,341,26295.842532383129,26295.978051788992,26524
/Users/a/Ayanami/code/TSP/data/classic/tsplib/kroA150.tsp,hybrid-reverse,544,polyak,342,26295.961035432963,26295.978051788992,26524
/Users/a/Ayanami/code/TSP/data/classic/tsplib/kroA150.tsp,hybrid-reverse,545,polyak,343,26295.852042561713,26295.978051788992,26524
/Users/a/Ayanami/code/TSP/data/classic/tsplib/kroA150.tsp,hybrid-reverse,546,polyak,344,26295.938432305949,26295.978051788992,26524
/Users/a/Ayanami/code/TSP/data/classic/tsplib/kroA150.tsp,hybrid-reverse,547,polyak,345,26295.981230068905,26295.981230068905,26524
/Users/a/Ayanami/code/TSP/data/classic/tsplib/kroA150.tsp,hybrid-reverse,548,polyak,346,26295.990913973921,26295.990913973921,26524
/Users/a/Ayanami/code/TSP/data/classic/tsplib/kroA150.tsp,hybrid-reverse,549,polyak,347,26296.004585838269,26296.004585838269,26524
/Users/a/Ayanami/code/TSP/data/classic/tsplib/kroA150.tsp,hybrid-reverse,550,polyak,348,26295.98256984066,26296.004585838269,26524
/Users/a/Ayanami/code/TSP/data/classic/tsplib/kroA150.tsp,hybrid-reverse,551,polyak,349,26296.000273886875,26296.004585838269,26524
/Users/a/Ayanami/code/TSP/data/classic/tsplib/kroA150.tsp,hybrid-reverse,552,polyak,350,26295.975742214559,26296.004585838269,26524
/Users/a/Ayanami/code/TSP/data/classic/tsplib/kroA150.tsp,hybrid-reverse,553,polyak,351,26295.987256699285,26296.004585838269,26524
/Users/a/Ayanami/code/TSP/data/classic/tsplib/kroA150.tsp,hybrid-reverse,554,polyak,352,26296.014310483308,26296.014310483308,26524
/Users/a/Ayanami/code/TSP/data/classic/tsplib/kroA150.tsp,hybrid-reverse,555,polyak,353,26295.988952097392,26296.014310483308,26524
/Users/a/Ayanami/code/TSP/data/classic/tsplib/kroA150.tsp,hybrid-reverse,556,polyak,354,26296.028522152359,26296.028522152359,26524
/Users/a/Ayanami/code/TSP/data/classic/tsplib/kroA150.tsp,hybrid-reverse,557,polyak,355,26295.931216835415,26296.028522152359,26524
/Users/a/Ayanami/code/TSP/data/classic/tsplib/kroA150.tsp,hybrid-reverse,558,polyak,356,26295.997120785625,26296.028522152359,26524
/Users/a/Ayanami/code/TSP/data/classic/tsplib/kroA150.tsp,hybrid-reverse,559,polyak,357,26296.003248464651,26296.028522152359,26524
/Users/a/Ayanami/code/TSP/data/classic/tsplib/kroA150.tsp,hybrid-reverse,560,polyak,358,26295.997473255593,26296.028522152359,26524
/Users/a/Ayanami/code/TSP/data/classic/tsplib/kroA150.tsp,hybrid-reverse,561,polyak,359,26296.01431019709,26296.028522152359,26524
/Users/a/Ayanami/code/TSP/data/classic/tsplib/kroA150.tsp,hybrid-reverse,562,polyak,360,26296.006153585269,26296.028522152359,26524
/Users/a/Ayanami/code/TSP/data/classic/tsplib/kroA150.tsp,hybrid-reverse,563,polyak,361,26296.011778548887,26296.028522152359,26524
/Users/a/Ayanami/code/TSP/data/classic/tsplib/kroA150.tsp,hybrid-reverse,564,polyak,362,26296.013014390344,26296.028522152359,26524
/Users/a/Ayanami/code/TSP/data/classic/tsplib/kroA150.tsp,hybrid-reverse,565,polyak,363,26296.008991793948,26296.028522152359,26524
/Users/a/Ayanami/code/TSP/data/classic/tsplib/kroA150.tsp,hybrid-reverse,566,polyak,364,26296.02132542308,26296.028522152359,26524
/Users/a/Ayanami/code/TSP/data/classic/tsplib/kroA150.tsp,hybrid-reverse,567,polyak,365,26296.001243191193,26296.028522152359,26524
/Users/a/Ayanami/code/TSP/data/classic/tsplib/kroA150.tsp,hybrid-reverse,568,polyak,366,26296.033295739097,26296.033295739097,26524
/Users/a/Ayanami/code/TSP/data/classic/tsplib/kroA150.tsp,hybrid-reverse,569,polyak,367,26296.0263758441,26296.033295739097,26524
/Users/a/Ayanami/code/TSP/data/classic/tsplib/kroA150.tsp,hybrid-reverse,570,polyak,368,26296.003454314541,26296.033295739097,26524
/Users/a/Ayanami/code/TSP/data/classic/tsplib/kroA150.tsp,hybrid-reverse,571,polyak,369,26296.025842247134,26296.033295739097,26524
/Users/a/Ayanami/code/TSP/data/classic/tsplib/kroA150.tsp,hybrid-reverse,572,polyak,370,26296.020868326919,26296.033295739097,26524
/Users/a/Ayanami/code/TSP/data/classic/tsplib/kroA150.tsp,hybrid-reverse,573,polyak,371,26296.023026748149,26296.033295739097,26524
/Users/a/Ayanami/code/TSP/data/classic/tsplib/kroA150.tsp,hybrid-reverse,574,polyak,372,26296.018352833868,26296.033295739097,26524
/Users/a/Ayanami/code/TSP/data/classic/tsplib/kroA150.tsp,hybrid-reverse,575,polyak,373,26296.029027480286,26296.033295739097,26524
/Users/a/Ayanami/code/TSP/data/classic/tsplib/kroA150.tsp,hybrid-reverse,576,polyak,374,26296.041360143485,26296.041360143485,26524
/Users/a/Ayanami/code/TSP/data/classic/tsplib/kroA150.tsp,hybrid-reverse,577,polyak,375,26295.975402544915,26296.041360143485,26524
/Users/a/Ayanami/code/TSP/data/classic/tsplib/kroA150.tsp,hybrid-reverse,578,polyak,376,26296.012127592807,26296.041360143485,26524
/Users/a/Ayanami/code/TSP/data/classic/tsplib/kroA150.tsp,hybrid-reverse,579,polyak,377,26296.015011616462,26296.041360143485,26524
/Users/a/Ayanami/code/TSP/data/classic/tsplib/kroA150.tsp,hybrid-reverse,580,polyak,378,26296.040504443274,26296.041360143485,26524
/Users/a/Ayanami/code/TSP/data/classic/tsplib/kroA150.tsp,hybrid-reverse,581,polyak,379,26296.002717756081,26296.041360143485,26524
/Users/a/Ayanami/code/TSP/data/classic/tsplib/kroA150.tsp,hybrid-reverse,582,polyak,380,26296.053257883839,26296.053257883839,26524
/Users/a/Ayanami/code/TSP/data/classic/tsplib/kroA150.tsp,hybrid-reverse,583,polyak,381,26295.987461234858,26296.053257883839,26524
/Users/a/Ayanami/code/TSP/data/classic/tsplib/kroA150.tsp,hybrid-reverse,584,polyak,382,26296.026046409064,26296.053257883839,26524
/Users/a/Ayanami/code/TSP/data/classic/tsplib/kroA150.tsp,hybrid-reverse,585,polyak,383,26296.019900252901,26296.053257883839,26524
/Users/a/Ayanami/code/TSP/data/classic/tsplib/kroA150.tsp,hybrid-reverse,586,polyak,384,26296.016928744841,26296.053257883839,26524
/Users/a/Ayanami/code/TSP/data/classic/tsplib/kroA150.tsp,hybrid-reverse,587,polyak,385,26296.036857756735,26296.053257883839,26524
/Users/a/Ayanami/code/TSP/data/classic/tsplib/kroA150.tsp,hybrid-reverse,588,polyak,386,26296.023228482405,26296.053257883839,26524
/Users/a/Ayanami/code/TSP/data/classic/tsplib/kroA150.tsp,hybrid-reverse,589,polyak,387,26296.037633081156,26296.053257883839,26524
/Users/a/Ayanami/code/TSP/data/classic/tsplib/kroA150.tsp,hybrid-reverse,590,polyak,388,26296.035860340002,26296.053257883839,26524
/Users/a/Ayanami/code/TSP/data/classic/tsplib/kroA150.tsp,hybrid-reverse,591,polyak,389,26296.059282977822,26296.059282977822,26524
/Users/a/Ayanami/code/TSP/data/classic/tsplib/kroA150.tsp,hybrid-reverse,592,polyak,390,26295.957582555038,26296.059282977822,26524
/Users/a/Ayanami/code/TSP/data/classic/tsplib/kroA150.tsp,hybrid-reverse,593,polyak,391,26296.010731738173,26296.059282977822,26524
/Users/a/Ayanami/code/TSP/data/classic/tsplib/kroA150.tsp,hybrid-reverse,594,polyak,392,26296.02808850057,26296.059282977822,26524
/Users/a/Ayanami/code/TSP/data/classic/tsplib/kroA150.tsp,hybrid-reverse,595,polyak,393,26296.030516930587,26296.059282977822,26524
/Users/a/Ayanami/code/TSP/data/classic/tsplib/kroA150.tsp,hybrid-reverse,596,polyak,394,26296.056715908744,26296.059282977822,26524
/Users/a/Ayanami/code/TSP/data/classic/tsplib/kroA150.tsp,hybrid-reverse,597,polyak,395,26296.029991583324,26296.059282977822,26524
/Users/a/Ayanami/code/TSP/data/classic/tsplib/kroA150.tsp,hybrid-reverse,598,polyak,396,26296.048346653693,26296.059282977822,26524
/Users/a/Ayanami/code/TSP/data/classic/tsplib/kroA150.tsp,hybrid-reverse,599,polyak,397,26296.03012109781,26296.059282977822,26524
/Users/a/Ayanami/code/TSP/data/classic/tsplib/kroA150.tsp,hybrid-reverse,600,polyak,398,26296.043600676025,26296.059282977822,26524
/Users/a/Ayanami/code/TSP/data/classic/tsplib/kroA150.tsp,hybrid-reverse,601,polyak,399,26296.026647435261,26296.059282977822,26524
/Users/a/Ayanami/code/TSP/data/classic/tsplib/kroA150.tsp,hybrid-reverse,602,polyak,400,26296.025590667385,26296.059282977822,26524
/Users/a/Ayanami/code/TSP/data/classic/tsplib/kroA150.tsp,hybrid-reverse,603,polyak,401,26296.043627676998,26296.059282977822,26524
/Users/a/Ayanami/code/TSP/data/classic/tsplib/kroA150.tsp,hybrid-reverse,604,polyak,402,26296.01198376068,26296.059282977822,26524
/Users/a/Ayanami/code/TSP/data/classic/tsplib/kroA150.tsp,hybrid-reverse,605,polyak,403,26296.040044269019,26296.059282977822,26524
/Users/a/Ayanami/code/TSP/data/classic/tsplib/kroA150.tsp,hybrid-reverse,606,polyak,404,26296.067220838428,26296.067220838428,26524
/Users/a/Ayanami/code/TSP/data/classic/tsplib/kroA150.tsp,hybrid-reverse,607,polyak,405,26296.052853795492,26296.067220838428,26524
/Users/a/Ayanami/code/TSP/data/classic/tsplib/kroA150.tsp,hybrid-reverse,608,polyak,406,26296.070939691745,26296.070939691745,26524
/Users/a/Ayanami/code/TSP/data/classic/tsplib/kroA150.tsp,hybrid-reverse,609,polyak,407,26296.065027209468,26296.070939691745,26524
/Users/a/Ayanami/code/TSP/data/classic/tsplib/kroA150.tsp,hybrid-reverse,610,polyak,408,26296.079740661382,26296.079740661382,26524
/Users/a/Ayanami/code/TSP/data/classic/tsplib/kroA150.tsp,hybrid-reverse,611,polyak,409,26296.05605681731,26296.079740661382,26524
/Users/a/Ayanami/code/TSP/data/classic/tsplib/kroA150.tsp,hybrid-reverse,612,polyak,410,26296.075279345154,26296.079740661382,26524
/Users/a/Ayanami/code/TSP/data/classic/tsplib/kroA150.tsp,hybrid-reverse,613,polyak,411,26296.057940405994,26296.079740661382,26524
/Users/a/Ayanami/code/TSP/data/classic/tsplib/kroA150.tsp,hybrid-reverse,614,polyak,412,26296.072614934554,26296.079740661382,26524
/Users/a/Ayanami/code/TSP/data/classic/tsplib/kroA150.tsp,hybrid-reverse,615,polyak,413,26296.058830552316,26296.079740661382,26524
/Users/a/Ayanami/code/TSP/data/classic/tsplib/kroA150.tsp,hybrid-reverse,616,polyak,414,26296.07641617296,26296.079740661382,26524
/Users/a/Ayanami/code/TSP/data/classic/tsplib/kroA150.tsp,hybrid-reverse,617,polyak,415,26296.045494243837,26296.079740661382,26524
/Users/a/Ayanami/code/TSP/data/classic/tsplib/kroA150.tsp,hybrid-reverse,618,polyak,416,26296.07223661623,26296.079740661382,26524
/Users/a/Ayanami/code/TSP/data/classic/tsplib/kroA150.tsp,hybrid-reverse,619,polyak,417,26296.079769811637,26296.079769811637,26524
/Users/a/Ayanami/code/TSP/data/classic/tsplib/kroA150.tsp,hybrid-reverse,620,polyak,418,26296.060973313295,26296.079769811637,26524
/Users/a/Ayanami/code/TSP/data/classic/tsplib/kroA150.tsp,hybrid-reverse,621,polyak,419,26296.073081381928,26296.079769811637,26524
/Users/a/Ayanami/code/TSP/data/classic/tsplib/kroA150.tsp,hybrid-reverse,622,polyak,420,26296.060323939557,26296.079769811637,26524
/Users/a/Ayanami/code/TSP/data/classic/tsplib/kroA150.tsp,hybrid-reverse,623,polyak,421,26296.077921636002,26296.079769811637,26524
/Users/a/Ayanami/code/TSP/data/classic/tsplib/kroA150.tsp,hybrid-reverse,624,polyak,422,26296.068950693578,26296.079769811637,26524
/Users/a/Ayanami/code/TSP/data/classic/tsplib/kroA150.tsp,hybrid-reverse,625,polyak,423,26296.075414894927,26296.079769811637,26524
/Users/a/Ayanami/code/TSP/data/classic/tsplib/kroA150.tsp,hybrid-reverse,626,polyak,424,26296.079125798242,26296.079769811637,26524
/Users/a/Ayanami/code/TSP/data/classic/tsplib/kroA150.tsp,hybrid-reverse,627,polyak,425,26296.071202158128,26296.079769811637,26524
/Users/a/Ayanami/code/TSP/data/classic/tsplib/kroA150.tsp,hybrid-reverse,628,polyak,426,26296.05745731181,26296.079769811637,26524
/Users/a/Ayanami/code/TSP/data/classic/tsplib/kroA150.tsp,hybrid-reverse,629,polyak,427,26296.074312444758,26296.079769811637,26524
/Users/a/Ayanami/code/TSP/data/classic/tsplib/kroA150.tsp,hybrid-reverse,630,polyak,428,26296.073987000425,26296.079769811637,26524
/Users/a/Ayanami/code/TSP/data/classic/tsplib/kroA150.tsp,hybrid-reverse,631,polyak,429,26296.069400781973,26296.079769811637,26524
/Users/a/Ayanami/code/TSP/data/classic/tsplib/kroA150.tsp,hybrid-reverse,632,polyak,430,26296.081197411175,26296.081197411175,26524
/Users/a/Ayanami/code/TSP/data/classic/tsplib/kroA150.tsp,hybrid-reverse,633,polyak,431,26296.089383862643,26296.089383862643,26524
/Users/a/Ayanami/code/TSP/data/classic/tsplib/kroA150.tsp,hybrid-reverse,634,polyak,432,26296.08656527464,26296.089383862643,26524
/Users/a/Ayanami/code/TSP/data/classic/tsplib/kroA150.tsp,hybrid-reverse,635,polyak,433,26296.08579909422,26296.089383862643,26524
/Users/a/Ayanami/code/TSP/data/classic/tsplib/kroA150.tsp,hybrid-reverse,636,polyak,434,26296.08755684258,26296.089383862643,26524
/Users/a/Ayanami/code/TSP/data/classic/tsplib/kroA150.tsp,hybrid-reverse,637,polyak,435,26296.086948875,26296.089383862643,26524
/Users/a/Ayanami/code/TSP/data/classic/tsplib/kroA150.tsp,hybrid-reverse,638,polyak,436,26296.090372757033,26296.090372757033,26524
/Users/a/Ayanami/code/TSP/data/classic/tsplib/kroA150.tsp,hybrid-reverse,639,polyak,437,26296.089833996441,26296.090372757033,26524
/Users/a/Ayanami/code/TSP/data/classic/tsplib/kroA150.tsp,hybrid-reverse,640,polyak,438,26296.08907596015,26296.090372757033,26524
/Users/a/Ayanami/code/TSP/data/classic/tsplib/kroA150.tsp,hybrid-reverse,641,polyak,439,26296.089298762901,26296.090372757033,26524
/Users/a/Ayanami/code/TSP/data/classic/tsplib/kroA150.tsp,hybrid-reverse,642,polyak,440,26296.086422518831,26296.090372757033,26524
/Users/a/Ayanami/code/TSP/data/classic/tsplib/kroA150.tsp,hybrid-reverse,643,polyak,441,26296.091300612541,26296.091300612541,26524
/Users/a/Ayanami/code/TSP/data/classic/tsplib/kroA150.tsp,hybrid-reverse,644,polyak,442,26296.085767194349,26296.091300612541,26524
/Users/a/Ayanami/code/TSP/data/classic/tsplib/kroA150.tsp,hybrid-reverse,645,polyak,443,26296.092165252583,26296.092165252583,26524
/Users/a/Ayanami/code/TSP/data/classic/tsplib/kroA150.tsp,hybrid-reverse,646,polyak,444,26296.085456982273,26296.092165252583,26524
/Users/a/Ayanami/code/TSP/data/classic/tsplib/kroA150.tsp,hybrid-reverse,647,polyak,445,26296.089604208933,26296.092165252583,26524
/Users/a/Ayanami/code/TSP/data/classic/tsplib/kroA150.tsp,hybrid-reverse,648,polyak,446,26296.095880456196,26296.095880456196,26524
/Users/a/Ayanami/code/TSP/data/classic/tsplib/kroA150.tsp,hybrid-reverse,649,polyak,447,26296.074975263738,26296.095880456196,26524
/Users/a/Ayanami/code/TSP/data/classic/tsplib/kroA150.tsp,hybrid-reverse,650,polyak,448,26296.091638827562,26296.095880456196,26524
/Users/a/Ayanami/code/TSP/data/classic/tsplib/kroA150.tsp,hybrid-reverse,651,polyak,449,26296.095421833899,26296.095880456196,26524
/Users/a/Ayanami/code/TSP/data/classic/tsplib/kroA150.tsp,hybrid-reverse,652,polyak,450,26296.089591399726,26296.095880456196,26524
/Users/a/Ayanami/code/TSP/data/classic/tsplib/kroA150.tsp,hybrid-reverse,653,polyak,451,26296.096985300181,26296.096985300181,26524
/Users/a/Ayanami/code/TSP/data/classic/tsplib/kroA150.tsp,hybrid-reverse,654,polyak,452,26296.079053863956,26296.096985300181,26524
/Users/a/Ayanami/code/TSP/data/classic/tsplib/kroA150.tsp,hybrid-reverse,655,polyak,453,26296.083910907339,26296.096985300181,26524
/Users/a/Ayanami/code/TSP/data/classic/tsplib/kroA150.tsp,hybrid-reverse,656,polyak,454,26296.094837466204,26296.096985300181,26524
/Users/a/Ayanami/code/TSP/data/classic/tsplib/kroA150.tsp,hybrid-reverse,657,polyak,455,26296.094730713172,26296.096985300181,26524
/Users/a/Ayanami/code/TSP/data/classic/tsplib/kroA150.tsp,hybrid-reverse,658,polyak,456,26296.091565883722,26296.096985300181,26524
/Users/a/Ayanami/code/TSP/data/classic/tsplib/kroA150.tsp,hybrid-reverse,659,polyak,457,26296.093863498852,26296.096985300181,26524
/Users/a/Ayanami/code/TSP/data/classic/tsplib/kroA150.tsp,hybrid-reverse,660,polyak,458,26296.093590413788,26296.096985300181,26524
/Users/a/Ayanami/code/TSP/data/classic/tsplib/kroA150.tsp,hybrid-reverse,661,polyak,459,26296.099088372495,26296.099088372495,26524
/Users/a/Ayanami/code/TSP/data/classic/tsplib/kroA150.tsp,hybrid-reverse,662,polyak,460,26296.090183504293,26296.099088372495,26524
/Users/a/Ayanami/code/TSP/data/classic/tsplib/kroA150.tsp,hybrid-reverse,663,polyak,461,26296.093488553433,26296.099088372495,26524
/Users/a/Ayanami/code/TSP/data/classic/tsplib/kroA150.tsp,hybrid-reverse,664,polyak,462,26296.095559854908,26296.099088372495,26524
/Users/a/Ayanami/code/TSP/data/classic/tsplib/kroA150.tsp,hybrid-reverse,665,polyak,463,26296.096448987642,26296.099088372495,26524
/Users/a/Ayanami/code/TSP/data/classic/tsplib/kroA150.tsp,hybrid-reverse,666,polyak,464,26296.090060946342,26296.099088372495,26524
/Users/a/Ayanami/code/TSP/data/classic/tsplib/kroA150.tsp,hybrid-reverse,667,polyak,465,26296.096245595138,26296.099088372495,26524
/Users/a/Ayanami/code/TSP/data/classic/tsplib/kroA150.tsp,hybrid-reverse,668,polyak,466,26296.09192940532,26296.099088372495,26524
/Users/a/Ayanami/code/TSP/data/classic/tsplib/kroA150.tsp,hybrid-reverse,669,polyak,467,26296.101432632579,26296.101432632579,26524
/Users/a/Ayanami/code/TSP/data/classic/tsplib/kroA150.tsp,hybrid-reverse,670,polyak,468,26296.08774091076,26296.101432632579,26524
/Users/a/Ayanami/code/TSP/data/classic/tsplib/kroA150.tsp,hybrid-reverse,671,polyak,469,26296.094287870885,26296.101432632579,26524
/Users/a/Ayanami/code/TSP/data/classic/tsplib/kroA150.tsp,hybrid-reverse,672,polyak,470,26296.095155048672,26296.101432632579,26524
/Users/a/Ayanami/code/TSP/data/classic/tsplib/kroA150.tsp,hybrid-reverse,673,polyak,471,26296.100762252423,26296.101432632579,26524
/Users/a/Ayanami/code/TSP/data/classic/tsplib/kroA150.tsp,hybrid-reverse,674,polyak,472,26296.096090293468,26296.101432632579,26524
/Users/a/Ayanami/code/TSP/data/classic/tsplib/kroA150.tsp,hybrid-reverse,675,polyak,473,26296.091993340029,26296.101432632579,26524
/Users/a/Ayanami/code/TSP/data/classic/tsplib/kroA150.tsp,hybrid-reverse,676,polyak,474,26296.096752668738,26296.101432632579,26524
/Users/a/Ayanami/code/TSP/data/classic/tsplib/kroA150.tsp,hybrid-reverse,677,polyak,475,26296.091657071858,26296.101432632579,26524
/Users/a/Ayanami/code/TSP/data/classic/tsplib/kroA150.tsp,hybrid-reverse,678,polyak,476,26296.100154711428,26296.101432632579,26524
/Users/a/Ayanami/code/TSP/data/classic/tsplib/kroA150.tsp,hybrid-reverse,679,polyak,477,26296.091978940884,26296.101432632579,26524
/Users/a/Ayanami/code/TSP/data/classic/tsplib/kroA150.tsp,hybrid-reverse,680,polyak,478,26296.099811648939,26296.101432632579,26524
/Users/a/Ayanami/code/TSP/data/classic/tsplib/kroA150.tsp,hybrid-reverse,681,polyak,479,26296.08894431818,26296.101432632579,26524
/Users/a/Ayanami/code/TSP/data/classic/tsplib/kroA150.tsp,hybrid-reverse,682,polyak,480,26296.097672247495,26296.101432632579,26524
/Users/a/Ayanami/code/TSP/data/classic/tsplib/kroA150.tsp,hybrid-reverse,683,polyak,481,26296.101803351728,26296.101803351728,26524
/Users/a/Ayanami/code/TSP/data/classic/tsplib/kroA150.tsp,hybrid-reverse,684,polyak,482,26296.096579091958,26296.101803351728,26524
/Users/a/Ayanami/code/TSP/data/classic/tsplib/kroA150.tsp,hybrid-reverse,685,polyak,483,26296.104620226477,26296.104620226477,26524
/Users/a/Ayanami/code/TSP/data/classic/tsplib/kroA150.tsp,hybrid-reverse,686,polyak,484,26296.097221796179,26296.104620226477,26524
/Users/a/Ayanami/code/TSP/data/classic/tsplib/kroA150.tsp,hybrid-reverse,687,polyak,485,26296.1042374237,26296.104620226477,26524
/Users/a/Ayanami/code/TSP/data/classic/tsplib/kroA150.tsp,hybrid-reverse,688,polyak,486,26296.100186565596,26296.104620226477,26524
/Users/a/Ayanami/code/TSP/data/classic/tsplib/kroA150.tsp,hybrid-reverse,689,polyak,487,26296.104192756295,26296.104620226477,26524
/Users/a/Ayanami/code/TSP/data/classic/tsplib/kroA150.tsp,hybrid-reverse,690,polyak,488,26296.10186325273,26296.104620226477,26524
/Users/a/Ayanami/code/TSP/data/classic/tsplib/kroA150.tsp,hybrid-reverse,691,polyak,489,26296.104207230266,26296.104620226477,26524
/Users/a/Ayanami/code/TSP/data/classic/tsplib/kroA150.tsp,hybrid-reverse,692,polyak,490,26296.103756753262,26296.104620226477,26524
/Users/a/Ayanami/code/TSP/data/classic/tsplib/kroA150.tsp,hybrid-reverse,693,polyak,491,26296.104036775763,26296.104620226477,26524
/Users/a/Ayanami/code/TSP/data/classic/tsplib/kroA150.tsp,hybrid-reverse,694,polyak,492,26296.096396616005,26296.104620226477,26524
/Users/a/Ayanami/code/TSP/data/classic/tsplib/kroA150.tsp,hybrid-reverse,695,polyak,493,26296.101674855734,26296.104620226477,26524
/Users/a/Ayanami/code/TSP/data/classic/tsplib/kroA150.tsp,hybrid-reverse,696,polyak,494,26296.104792907357,26296.104792907357,26524
/Users/a/Ayanami/code/TSP/data/classic/tsplib/kroA150.tsp,hybrid-reverse,697,polyak,495,26296.102975096714,26296.104792907357,26524
/Users/a/Ayanami/code/TSP/data/classic/tsplib/kroA150.tsp,hybrid-reverse,698,polyak,496,26296.107861107848,26296.107861107848,26524
/Users/a/Ayanami/code/TSP/data/classic/tsplib/kroA150.tsp,hybrid-reverse,699,polyak,497,26296.100459803383,26296.107861107848,26524
/Users/a/Ayanami/code/TSP/data/classic/tsplib/kroA150.tsp,hybrid-reverse,700,polyak,498,26296.105327854249,26296.107861107848,26524
/Users/a/Ayanami/code/TSP/data/classic/tsplib/kroA150.tsp,hybrid-reverse,701,polyak,499,26296.103996629721,26296.107861107848,26524
/Users/a/Ayanami/code/TSP/data/classic/tsplib/kroA150.tsp,hybrid-reverse,702,polyak,500,26296.104791773803,26296.107861107848,26524
/Users/a/Ayanami/code/TSP/data/classic/tsplib/kroA150.tsp,hybrid-reverse,703,polyak,501,26296.104831563509,26296.107861107848,26524
/Users/a/Ayanami/code/TSP/data/classic/tsplib/kroA150.tsp,hybrid-reverse,704,polyak,502,26296.104440866002,26296.107861107848,26524
/Users/a/Ayanami/code/TSP/data/classic/tsplib/kroA150.tsp,hybrid-reverse,705,polyak,503,26296.104915335804,26296.107861107848,26524
/Users/a/Ayanami/code/TSP/data/classic/tsplib/kroA150.tsp,hybrid-reverse,706,polyak,504,26296.101914960072,26296.107861107848,26524
/Users/a/Ayanami/code/TSP/data/classic/tsplib/kroA150.tsp,hybrid-reverse,707,polyak,505,26296.106660438738,26296.107861107848,26524
/Users/a/Ayanami/code/TSP/data/classic/tsplib/kroA150.tsp,hybrid-reverse,708,polyak,506,26296.104208529923,26296.107861107848,26524
/Users/a/Ayanami/code/TSP/data/classic/tsplib/kroA150.tsp,hybrid-reverse,709,polyak,507,26296.106475503966,26296.107861107848,26524
/Users/a/Ayanami/code/TSP/data/classic/tsplib/kroA150.tsp,hybrid-reverse,710,polyak,508,26296.101908522531,26296.107861107848,26524
/Users/a/Ayanami/code/TSP/data/classic/tsplib/kroA150.tsp,hybrid-reverse,711,polyak,509,26296.107475327091,26296.107861107848,26524
/Users/a/Ayanami/code/TSP/data/classic/tsplib/kroA150.tsp,hybrid-reverse,712,polyak,510,26296.105796893109,26296.107861107848,26524
/Users/a/Ayanami/code/TSP/data/classic/tsplib/kroA150.tsp,hybrid-reverse,713,polyak,511,26296.108557726646,26296.108557726646,26524
/Users/a/Ayanami/code/TSP/data/classic/tsplib/kroA150.tsp,hybrid-reverse,714,polyak,512,26296.105328806632,26296.108557726646,26524
/Users/a/Ayanami/code/TSP/data/classic/tsplib/kroA150.tsp,hybrid-reverse,715,polyak,513,26296.109412748661,26296.109412748661,26524
/Users/a/Ayanami/code/TSP/data/classic/tsplib/kroA150.tsp,hybrid-reverse,716,polyak,514,26296.106576341663,26296.109412748661,26524
/Users/a/Ayanami/code/TSP/data/classic/tsplib/kroA150.tsp,hybrid-reverse,717,polyak,515,26296.109487356436,26296.109487356436,26524
/Users/a/Ayanami/code/TSP/data/classic/tsplib/kroA150.tsp,hybrid-reverse,718,polyak,516,26296.107262337653,26296.109487356436,26524
/Users/a/Ayanami/code/TSP/data/classic/tsplib/kroA150.tsp,hybrid-reverse,719,polyak,517,26296.109856299681,26296.109856299681,26524
/Users/a/Ayanami/code/TSP/data/classic/tsplib/kroA150.tsp,hybrid-reverse,720,polyak,518,26296.107466574402,26296.109856299681,26524
/Users/a/Ayanami/code/TSP/data/classic/tsplib/kroA150.tsp,hybrid-reverse,721,polyak,519,26296.109752455595,26296.109856299681,26524
/Users/a/Ayanami/code/TSP/data/classic/tsplib/kroA150.tsp,hybrid-reverse,722,polyak,520,26296.106550924294,26296.109856299681,26524
/Users/a/Ayanami/code/TSP/data/classic/tsplib/kroA150.tsp,hybrid-reverse,723,polyak,521,26296.108954583135,26296.109856299681,26524
/Users/a/Ayanami/code/TSP/data/classic/tsplib/kroA150.tsp,hybrid-reverse,724,polyak,522,26296.108628505954,26296.109856299681,26524
/Users/a/Ayanami/code/TSP/data/classic/tsplib/kroA150.tsp,hybrid-reverse,725,polyak,523,26296.109395715695,26296.109856299681,26524
/Users/a/Ayanami/code/TSP/data/classic/tsplib/kroA150.tsp,hybrid-reverse,726,polyak,524,26296.109037629398,26296.109856299681,26524
/Users/a/Ayanami/code/TSP/data/classic/tsplib/kroA150.tsp,hybrid-reverse,727,polyak,525,26296.109244430023,26296.109856299681,26524
/Users/a/Ayanami/code/TSP/data/classic/tsplib/kroA150.tsp,hybrid-reverse,728,polyak,526,26296.107873365811,26296.109856299681,26524
/Users/a/Ayanami/code/TSP/data/classic/tsplib/kroA150.tsp,hybrid-reverse,729,polyak,527,26296.109464096411,26296.109856299681,26524
/Users/a/Ayanami/code/TSP/data/classic/tsplib/kroA150.tsp,hybrid-reverse,730,polyak,528,26296.109230300532,26296.109856299681,26524
/Users/a/Ayanami/code/TSP/data/classic/tsplib/kroA150.tsp,hybrid-reverse,731,polyak,529,26296.109757777165,26296.109856299681,26524
/Users/a/Ayanami/code/TSP/data/classic/tsplib/kroA150.tsp,polyak-smoothed,1,polyak-smoothed,1,23845,23845,26524
/Users/a/Ayanami/code/TSP/data/classic/tsplib/kroA150.tsp,polyak-smoothed,2,polyak-smoothed,2,22414.37837837838,23845,26524
/Users/a/Ayanami/code/TSP/data/classic/tsplib/kroA150.tsp,polyak-smoothed,3,polyak-smoothed,3,24308.685859772821,24308.685859772821,26524
/Users/a/Ayanami/code/TSP/data/classic/tsplib/kroA150.tsp,polyak-smoothed,4,polyak-smoothed,4,24394.06660249519,24394.06660249519,26524
/Users/a/Ayanami/code/TSP/data/classic/tsplib/kroA150.tsp,polyak-smoothed,5,polyak-smoothed,5,24716.125084411644,24716.125084411644,26524
/Users/a/Ayanami/code/TSP/data/classic/tsplib/kroA150.tsp,polyak-smoothed,6,polyak-smoothed,6,25028.669573626848,25028.669573626848,26524
/Users/a/Ayanami/code/TSP/data/classic/tsplib/kroA150.tsp,polyak-smoothed,7,polyak-smoothed,7,25004.516316902107,25028.669573626848,26524
/Users/a/Ayanami/code/TSP/data/classic/tsplib/kroA150.tsp,polyak-smoothed,8,polyak-smoothed,8,25187.694862201177,25187.694862201177,26524
/Users/a/Ayanami/code/TSP/data/classic/tsplib/kroA150.tsp,polyak-smoothed,9,polyak-smoothed,9,25297.687743656868,25297.687743656868,26524
/Users/a/Ayanami/code/TSP/data/classic/tsplib/kroA150.tsp,polyak-smoothed,10,polyak-smoothed,10,25133.289606001374,25297.687743656868,26524
/Users/a/Ayanami/code/TSP/data/classic/tsplib/kroA150.tsp,polyak-smoothed,11,polyak-smoothed,11,25564.705628667387,25564.705628667387,26524
/Users/a/Ayanami/code/TSP/data/classic/tsplib/kroA150.tsp,polyak-smoothed,12,polyak-smoothed,12,25042.62971550713,25564.705628667387,26524
/Users/a/Ayanami/code/TSP/data/classic/tsplib/kroA150.tsp,polyak-smoothed,13,polyak-smoothed,13,25356.145259803139,25564.705628667387,26524
/Users/a/Ayanami/code/TSP/data/classic/tsplib/kroA150.tsp,polyak-smoothed,14,polyak-smoothed,14,24974.792875391293,25564.705628667387,26524
/Users/a/Ayanami/code/TSP/data/classic/tsplib/kroA150.tsp,polyak-smoothed,15,polyak-smoothed,15,25271.85471290251,25564.705628667387,26524
/Users/a/Ayanami/code/TSP/data/classic/tsplib/kroA150.tsp,polyak-smoothed,16,polyak-smoothed,16,25277.353746220822,25564.705628667387,26524
/Users/a/Ayanami/code/TSP/data/classic/tsplib/kroA150.tsp,polyak-smoothed,17,polyak-smoothed,17,25508.45674197319,25564.705628667387,26524
/Users/a/Ayanami/code/TSP/data/classic/tsplib/kroA150.tsp,polyak-smoothed,18,polyak-smoothed,18,25242.636686228154,25564.705628667387,26524
/Users/a/Ayanami/code/TSP/data/classic/tsplib/kroA150.tsp,polyak-smoothed,19,polyak-smoothed,19,25219.690973425684,25564.705628667387,26524
/Users/a/Ayanami/code/TSP/data/classic/tsplib/kroA150.tsp,polyak-smoothed,20,polyak-smoothed,20,25352.758258607442,25564.705628667387,26524
/Users/a/Ayanami/code/TSP/data/classic/tsplib/kroA150.tsp,polyak-smoothed,21,polyak-smoothed,21,25351.186567776778,25564.705628667387,26524
/Users/a/Ayanami/code/TSP/data/classic/tsplib/kroA150.tsp,polyak-smoothed,22,polyak-smoothed,22,25579.554864250538,25579.554864250538,26524
/Users/a/Ayanami/code/TSP/data/classic/tsplib/kroA150.tsp,polyak-smoothed,23,polyak-smoothed,23,25500.16679257893,25579.554864250538,26524
/Users/a/Ayanami/code/TSP/data/classic/tsplib/kroA150.tsp,polyak-smoothed,24,polyak-smoothed,24,25284.975856007088,25579.554864250538,26524
/Users/a/Ayanami/code/TSP/data/classic/tsplib/kroA150.tsp,polyak-smoothed,25,polyak-smoothed,25,25605.916623157107,25605.916623157107,26524
/Users/a/Ayanami/code/TSP/data/classic/tsplib/kroA150.tsp,polyak-smoothed,26,polyak-smoothed,26,25407.853036001376,25605.916623157107,26524
/Users/a/Ayanami/code/TSP/data/classic/tsplib/kroA150.tsp,polyak-smoothed,27,polyak-smoothed,27,25419.119288533773,25605.916623157107,26524
/Users/a/Ayanami/code/TSP/data/classic/tsplib/kroA150.tsp,polyak-smoothed,28,polyak-smoothed,28,25409.149078170176,25605.916623157107,26524
/Users/a/Ayanami/code/TSP/data/classic/tsplib/kroA150.tsp,polyak-smoothed,29,polyak-smoothed,29,25456.783962945017,25605.916623157107,26524
/Users/a/Ayanami/code/TSP/data/classic/tsplib/kroA150.tsp,polyak-smoothed,30,polyak-smoothed,30,25459.37154930153,25605.916623157107,26524
/Users/a/Ayanami/code/TSP/data/classic/tsplib/kroA150.tsp,polyak-smoothed,31,polyak-smoothed,31,25538.429439947427,25605.916623157107,26524
/Users/a/Ayanami/code/TSP/data/classic/tsplib/kroA150.tsp,polyak-smoothed,32,polyak-smoothed,32,25267.342014468642,25605.916623157107,26524
/Users/a/Ayanami/code/TSP/data/classic/tsplib/kroA150.tsp,polyak-smoothed,33,polyak-smoothed,33,25550.742667639086,25605.916623157107,26524
/Users/a/Ayanami/code/TSP/data/classic/tsplib/kroA150.tsp,polyak-smoothed,34,polyak-smoothed,34,25487.018693193531,25605.916623157107,26524
/Users/a/Ayanami/code/TSP/data/classic/tsplib/kroA150.tsp,polyak-smoothed,35,polyak-smoothed,35,25312.190722642386,25605.916623157107,26524
/Users/a/Ayanami/code/TSP/data/classic/tsplib/kroA150.tsp,polyak-smoothed,36,polyak-smoothed,36,25542.186557445279,25605.916623157107,26524
/Users/a/Ayanami/code/TSP/data/classic/tsplib/kroA150.tsp,polyak-smoothed,37,polyak-smoothed,37,25510.226409822979,25605.916623157107,26524
/Users/a/Ayanami/code/TSP/data/classic/tsplib/kroA150.tsp,polyak-smoothed,38,polyak-smoothed,38,25424.499300899453,25605.916623157107,26524
/Users/a/Ayanami/code/TSP/data/classic/tsplib/kroA150.tsp,polyak-smoothed,39,polyak-smoothed,39,25729.691053577961,25729.691053577961,26524
/Users/a/Ayanami/code/TSP/data/classic/tsplib/kroA150.tsp,polyak-smoothed,40,polyak-smoothed,40,25867.922658948519,25867.922658948519,26524
/Users/a/Ayanami/code/TSP/data/classic/tsplib/kroA150.tsp,polyak-smoothed,41,polyak-smoothed,41,25883.424492659851,25883.424492659851,26524
/Users/a/Ayanami/code/TSP/data/classic/tsplib/kroA150.tsp,polyak-smoothed,42,polyak-smoothed,42,25978.685339071581,25978.685339071581,26524
/Users/a/Ayanami/code/TSP/data/classic/tsplib/kroA150.tsp,polyak-smoothed,43,polyak-smoothed,43,25909.286321947297,25978.685339071581,26524
/Users/a/Ayanami/code/TSP/data/classic/tsplib/kroA150.tsp,polyak-smoothed,44,polyak-smoothed,44,25893.120268959523,25978.685339071581,26524
/Users/a/Ayanami/code/TSP/data/classic/tsplib/kroA150.tsp,polyak-smoothed,45,polyak-smoothed,45,26019.255276914118,26019.255276914118,26524
/Users/a/Ayanami/code/TSP/data/classic/tsplib/kroA150.tsp,polyak-smoothed,46,polyak-smoothed,46,25947.838868116007,26019.255276914118,26524
/Users/a/Ayanami/code/TSP/data/classic/tsplib/kroA150.tsp,polyak-smoothed,47,polyak-smoothed,47,25933.923279536248,26019.255276914118,26524
/Users/a/Ayanami/code/TSP/data/classic/tsplib/kroA150.tsp,polyak-smoothed,48,polyak-smoothed,48,25878.049074591632,26019.255276914118,26524
/Users/a/Ayanami/code/TSP/data/classic/tsplib/kroA150.tsp,polyak-smoothed,49,polyak-smoothed,49,25990.157124727619,26019.255276914118,26524
/Users/a/Ayanami/code/TSP/data/classic/tsplib/kroA150.tsp,polyak-smoothed,50,polyak-smoothed,50,25977.565540806354,26019.255276914118,26524
/Users/a/Ayanami/code/TSP/data/classic/tsplib/kroA150.tsp,polyak-smoothed,51,polyak-smoothed,51,25951.036279475877,26019.255276914118,26524
/Users/a/Ayanami/code/TSP/data/classic/tsplib/kroA150.tsp,polyak-smoothed,52,polyak-smoothed,52,25953.126762972286,26019.255276914118,26524
/Users/a/Ayanami/code/TSP/data/classic/tsplib/kroA150.tsp,polyak-smoothed,53,polyak-smoothed,53,26027.309643040164,26027.309643040164,26524
/Users/a/Ayanami/code/TSP/data/classic/tsplib/kroA150.tsp,polyak-smoothed,54,polyak-smoothed,54,25978.435334210051,26027.309643040164,26524
/Users/a/Ayanami/code/TSP/data/classic/tsplib/kroA150.tsp,polyak-smoothed,55,polyak-smoothed,55,26019.854384432114,26027.309643040164,26524
/Users/a/Ayanami/code/TSP/data/classic/tsplib/kroA150.tsp,polyak-smoothed,56,polyak-smoothed,56,25982.389755638727,26027.309643040164,26524
/Users/a/Ayanami/code/TSP/data/classic/tsplib/kroA150.tsp,polyak-smoothed,57,polyak-smoothed,57,25997.941047825207,26027.309643040164,26524
/Users/a/Ayanami/code/TSP/data/classic/tsplib/kroA150.tsp,polyak-smoothed,58,polyak-smoothed,58,26043.643005360271,26043.643005360271,26524
/Users/a/Ayanami/code/TSP/data/classic/tsplib/kroA150.tsp,polyak-smoothed,59,polyak-smoothed,59,25958.928752907326,26043.643005360271,26524
/Users/a/Ayanami/code/TSP/data/classic/tsplib/kroA150.tsp,polyak-smoothed,60,polyak-smoothed,60,25994.320840997931,26043.643005360271,26524
/Users/a/Ayanami/code/TSP/data/classic/tsplib/kroA150.tsp,polyak-smoothed,61,polyak-smoothed,61,25992.423033030256,26043.643005360271,26524
/Users/a/Ayanami/code/TSP/data/classic/tsplib/kroA150.tsp,polyak-smoothed,62,polyak-smoothed,62,25961.263726409263,26043.643005360271,26524
/Users/a/Ayanami/code/TSP/data/classic/tsplib/kroA150.tsp,polyak-smoothed,63,polyak-smoothed,63,26011.020671052298,26043.643005360271,26524
/Users/a/Ayanami/code/TSP/data/classic/tsplib/kroA150.tsp,polyak-smoothed,64,polyak-smoothed,64,25922.556808485391,26043.643005360271,26524
/Users/a/Ayanami/code/TSP/data/classic/tsplib/kroA150.tsp,polyak-smoothed,65,polyak-smoothed,65,26045.292700162459,26045.292700162459,26524
/Users/a/Ayanami/code/TSP/data/classic/tsplib/kroA150.tsp,polyak-smoothed,66,polyak-smoothed,66,25918.750401898171,26045.292700162459,26524
/Users/a/Ayanami/code/TSP/data/classic/tsplib/kroA150.tsp,polyak-smoothed,67,polyak-smoothed,67,26017.037800353526,26045.292700162459,26524
/Users/a/Ayanami/code/TSP/data/classic/tsplib/kroA150.tsp,polyak-smoothed,68,polyak-smoothed,68,26027.310461949965,26045.292700162459,26524
/Users/a/Ayanami/code/TSP/data/classic/tsplib/kroA150.tsp,polyak-smoothed,69,polyak-smoothed,69,25996.92709424518,26045.292700162459,26524
/Users/a/Ayanami/code/TSP/data/classic/tsplib/kroA150.tsp,polyak-smoothed,70,polyak-smoothed,70,25946.201473932386,26045.292700162459,26524
/Users/a/Ayanami/code/TSP/data/classic/tsplib/kroA150.tsp,polyak-smoothed,71,polyak-smoothed,71,25989.487703226958,26045.292700162459,26524
/Users/a/Ayanami/code/TSP/data/classic/tsplib/kroA150.tsp,polyak-smoothed,72,polyak-smoothed,72,25999.907888805865,26045.292700162459,26524
/Users/a/Ayanami/code/TSP/data/classic/tsplib/kroA150.tsp,polyak-smoothed,73,polyak-smoothed,73,25979.681772417749,26045.292700162459,26524
/Users/a/Ayanami/code/TSP/data/classic/tsplib/kroA150.tsp,polyak-smoothed,74,polyak-smoothed,74,26042.77505559678,26045.292700162459,26524
/Users/a/Ayanami/code/TSP/data/classic/tsplib/kroA150.tsp,polyak-smoothed,75,polyak-smoothed,75,25983.71690435709,26045.292700162459,26524
/Users/a/Ayanami/code/TSP/data/classic/tsplib/kroA150.tsp,polyak-smoothed,76,polyak-smoothed,76,26024.931007756477,26045.292700162459,26524
/Users/a/Ayanami/code/TSP/data/classic/tsplib/kroA150.tsp,polyak-smoothed,77,polyak-smoothed,77,26053.089257732117,26053.089257732117,26524
/Users/a/Ayanami/code/TSP/data/classic/tsplib/kroA150.tsp,polyak-smoothed,78,polyak-smoothed,78,25977.232837490959,26053.089257732117,26524
/Users/a/Ayanami/code/TSP/data/classic/tsplib/kroA150.tsp,polyak-smoothed,79,polyak-smoothed,79,26024.682450870354,26053.089257732117,26524
/Users/a/Ayanami/code/TSP/data/classic/tsplib/kroA150.tsp,polyak-smoothed,80,polyak-smoothed,80,25876.973132349529,26053.089257732117,26524
/Users/a/Ayanami/code/TSP/data/classic/tsplib/kroA150.tsp,polyak-smoothed,81,polyak-smoothed,81,26049.807818741188,26053.089257732117,26524
/Users/a/Ayanami/code/TSP/data/classic/tsplib/kroA150.tsp,polyak-smoothed,82,polyak-smoothed,82,26011.896384820298,26053.089257732117,26524
/Users/a/Ayanami/code/TSP/data/classic/tsplib/kroA150.tsp,polyak-smoothed,83,polyak-smoothed,83,25996.104217894426,26053.089257732117,26524
/Users/a/Ayanami/code/TSP/data/classic/tsplib/kroA150.tsp,polyak-smoothed,84,polyak-smoothed,84,26033.15629016353,26053.089257732117,26524
/Users/a/Ayanami/code/TSP/data/classic/tsplib/kroA150.tsp,polyak-smoothed,85,polyak-smoothed,85,26045.609467714658,26053.089257732117,26524
/Users/a/Ayanami/code/TSP/data/classic/tsplib/kroA150.tsp,polyak-smoothed,86,polyak-smoothed,86,25935.833387037907,26053.089257732117,26524
/Users/a/Ayanami/code/TSP/data/classic/tsplib/kroA150.tsp,polyak-smoothed,87,polyak-smoothed,87,25994.647339349587,26053.089257732117,26524
/Users/a/Ayanami/code/TSP/data/classic/tsplib/kroA150.tsp,polyak-smoothed,88,polyak-smoothed,88,25995.653005228291,26053.089257732117,26524
/Users/a/Ayanami/code/TSP/data/classic/tsplib/kroA150.tsp,polyak-smoothed,89,polyak-smoothed,89,26055.413312022331,26055.413312022331,26524
/Users/a/Ayanami/code/TSP/data/classic/tsplib/kroA150.tsp,polyak-smoothed,90,polyak-smoothed,90,25994.832678498773,26055.413312022331,26524
/Users/a/Ayanami/code/TSP/data/classic/tsplib/kroA150.tsp,polyak-smoothed,91,polyak-smoothed,91,26061.13666898667,26061.13666898667,26524
/Users/a/Ayanami/code/TSP/data/classic/tsplib/kroA150.tsp,polyak-smoothed,92,polyak-smoothed,92,26062.048358725962,26062.048358725962,26524
/Users/a/Ayanami/code/TSP/data/classic/tsplib/kroA150.tsp,polyak-smoothed,93,polyak-smoothed,93,25966.768533532068,26062.048358725962,26524
/Users/a/Ayanami/code/TSP/data/classic/tsplib/kroA150.tsp,polyak-smoothed,94,polyak-smoothed,94,26041.334342235499,26062.048358725962,26524
/Users/a/Ayanami/code/TSP/data/classic/tsplib/kroA150.tsp,polyak-smoothed,95,polyak-smoothed,95,26091.145577600015,26091.145577600015,26524
/Users/a/Ayanami/code/TSP/data/classic/tsplib/kroA150.tsp,polyak-smoothed,96,polyak-smoothed,96,26025.017926977289,26091.145577600015,26524
/Users/a/Ayanami/code/TSP/data/classic/tsplib/kroA150.tsp,polyak-smoothed,97,polyak-smoothed,97,26028.840749185685,26091.145577600015,26524
/Users/a/Ayanami/code/TSP/data/classic/tsplib/kroA150.tsp,polyak-smoothed,98,polyak-smoothed,98,26025.543192672325,26091.145577600015,26524
/Users/a/Ayanami/code/TSP/data/classic/tsplib/kroA150.tsp,polyak-smoothed,99,polyak-smoothed,99,25974.210379929693,26091.145577600015,26524
/Users/a/Ayanami/code/TSP/data/classic/tsplib/kroA150.tsp,polyak-smoothed,100,polyak-smoothed,100,26084.370942957539,26091.145577600015,26524
/Users/a/Ayanami/code/TSP/data/classic/tsplib/kroA150.tsp,polyak-smoothed,101,polyak-smoothed,101,25988.031891069699,26091.145577600015,26524
/Users/a/Ayanami/code/TSP/data/classic/tsplib/kroA150.tsp,polyak-smoothed,102,polyak-smoothed,102,25978.235036426271,26091.145577600015,26524
/Users/a/Ayanami/code/TSP/data/classic/tsplib/kroA150.tsp,polyak-smoothed,103,polyak-smoothed,103,26010.957360052227,26091.145577600015,26524
/Users/a/Ayanami/code/TSP/data/classic/tsplib/kroA150.tsp,polyak-smoothed,104,polyak-smoothed,104,25952.898776833579,26091.145577600015,26524
/Users/a/Ayanami/code/TSP/data/classic/tsplib/kroA150.tsp,polyak-smoothed,105,polyak-smoothed,105,25983.731129291329,26091.145577600015,26524
/Users/a/Ayanami/code/TSP/data/classic/tsplib/kroA150.tsp,polyak-smoothed,106,polyak-smoothed,106,26049.241254230812,26091.145577600015,26524
/Users/a/Ayanami/code/TSP/data/classic/tsplib/kroA150.tsp,polyak-smoothed,107,polyak-smoothed,107,26079.583410035051,26091.145577600015,26524
/Users/a/Ayanami/code/TSP/data/classic/tsplib/kroA150.tsp,polyak-smoothed,108,polyak-smoothed,108,26008.436318022988,26091.145577600015,26524
/Users/a/Ayanami/code/TSP/data/classic/tsplib/kroA150.tsp,polyak-smoothed,109,polyak-smoothed,109,26153.057118293309,26153.057118293309,26524
/Users/a/Ayanami/code/TSP/data/classic/tsplib/kroA150.tsp,polyak-smoothed,110,polyak-smoothed,110,26096.696594089539,26153.057118293309,26524
/Users/a/Ayanami/code/TSP/data/classic/tsplib/kroA150.tsp,polyak-smoothed,111,polyak-smoothed,111,26141.988171564222,26153.057118293309,26524
/Users/a/Ayanami/code/TSP/data/classic/tsplib/kroA150.tsp,polyak-smoothed,112,polyak-smoothed,112,26116.388824513346,26153.057118293309,26524
/Users/a/Ayanami/code/TSP/data/classic/tsplib/kroA150.tsp,polyak-smoothed,113,polyak-smoothed,113,26172.767678143107,26172.767678143107,26524
/Users/a/Ayanami/code/TSP/data/classic/tsplib/kroA150.tsp,polyak-smoothed,114,polyak-smoothed,114,26142.139828146504,26172.767678143107,26524
/Users/a/Ayanami/code/TSP/data/classic/tsplib/kroA150.tsp,polyak-smoothed,115,polyak-smoothed,115,26162.698724980568,26172.767678143107,26524
/Users/a/Ayanami/code/TSP/data/classic/tsplib/kroA150.tsp,polyak-smoothed,116,polyak-smoothed,116,26114.607910089155,26172.767678143107,26524
/Users/a/Ayanami/code/TSP/data/classic/tsplib/kroA150.tsp,polyak-smoothed,117,polyak-smoothed,117,26137.472837859892,26172.767678143107,26524
/Users/a/Ayanami/code/TSP/data/classic/tsplib/kroA150.tsp,polyak-smoothed,118,polyak-smoothed,118,26164.496783721042,26172.767678143107,26524
/Users/a/Ayanami/code/TSP/data/classic/tsplib/kroA150.tsp,polyak-smoothed,119,polyak-smoothed,119,26140.729074915034,26172.767678143107,26524
/Users/a/Ayanami/code/TSP/data/classic/tsplib/kroA150.tsp,polyak-smoothed,120,polyak-smoothed,120,26199.253475437647,26199.253475437647,26524
/Users/a/Ayanami/code/TSP/data/classic/tsplib/kroA150.tsp,polyak-smoothed,121,polyak-smoothed,121,26113.095046596467,26199.253475437647,26524
/Users/a/Ayanami/code/TSP/data/classic/tsplib/kroA150.tsp,polyak-smoothed,122,polyak-smoothed,122,26110.664564856615,26199.253475437647,26524
/Users/a/Ayanami/code/TSP/data/classic/tsplib/kroA150.tsp,polyak-smoothed,123,polyak-smoothed,123,26163.158110385786,26199.253475437647,26524
/Users/a/Ayanami/code/TSP/data/classic/tsplib/kroA150.tsp,polyak-smoothed,124,polyak-smoothed,124,26160.085665612602,26199.253475437647,26524
/Users/a/Ayanami/code/TSP/data/classic/tsplib/kroA150.tsp,polyak-smoothed,125,polyak-smoothed,125,26191.384681612501,26199.253475437647,26524
/Users/a/Ayanami/code/TSP/data/classic/tsplib/kroA150.tsp,polyak-smoothed,126,polyak-smoothed,126,26101.697650138267,26199.253475437647,26524
/Users/a/Ayanami/code/TSP/data/classic/tsplib/kroA150.tsp,polyak-smoothed,127,polyak-smoothed,127,26169.40338893186,26199.253475437647,26524
/Users/a/Ayanami/code/TSP/data/classic/tsplib/kroA150.tsp,polyak-smoothed,128,polyak-smoothed,128,26151.75579466268,26199.253475437647,26524
/Users/a/Ayanami/code/TSP/data/classic/tsplib/kroA150.tsp,polyak-smoothed,129,polyak-smoothed,129,26158.379548783443,26199.253475437647,26524
/Users/a/Ayanami/code/TSP/data/classic/tsplib/kroA150.tsp,polyak-smoothed,130,polyak-smoothed,130,26197.484864939022,26199.253475437647,26524
/Users/a/Ayanami/code/TSP/data/classic/tsplib/kroA150.tsp,polyak-smoothed,131,polyak-smoothed,131,26156.644784126827,26199.253475437647,26524
/Users/a/Ayanami/code/TSP/data/classic/tsplib/kroA150.tsp,polyak-smoothed,132,polyak-smoothed,132,26164.914314985832,26199.253475437647,26524
/Users/a/Ayanami/code/TSP/data/classic/tsplib/kroA150.tsp,polyak-smoothed,133,polyak-smoothed,133,26152.812480015746,26199.253475437647,26524
/Users/a/Ayanami/code/TSP/data/classic/tsplib/kroA150.tsp,polyak-smoothed,134,polyak-smoothed,134,26194.585358404485,26199.253475437647,26524
/Users/a/Ayanami/code/TSP/data/classic/tsplib/kroA150.tsp,polyak-smoothed,135,polyak-smoothed,135,26211.079158595443,26211.079158595443,26524
/Users/a/Ayanami/code/TSP/data/classic/tsplib/kroA150.tsp,polyak-smoothed,136,polyak-smoothed,136,26219.947892707401,26219.947892707401,26524
/Users/a/Ayanami/code/TSP/data/classic/tsplib/kroA150.tsp,polyak-smoothed,137,polyak-smoothed,137,26202.296650165052,26219.947892707401,26524
/Users/a/Ayanami/code/TSP/data/classic/tsplib/kroA150.tsp,polyak-smoothed,138,polyak-smoothed,138,26205.823384801002,26219.947892707401,26524
/Users/a/Ayanami/code/TSP/data/classic/tsplib/kroA150.tsp,polyak-smoothed,139,polyak-smoothed,139,26218.589993443373,26219.947892707401,26524
/Users/a/Ayanami/code/TSP/data/classic/tsplib/kroA150.tsp,polyak-smoothed,140,polyak-smoothed,140,26220.350308254776,26220.350308254776,26524
/Users/a/Ayanami/code/TSP/data/classic/tsplib/kroA150.tsp,polyak-smoothed,141,polyak-smoothed,141,26216.995461368417,26220.350308254776,26524
/Users/a/Ayanami/code/TSP/data/classic/tsplib/kroA150.tsp,polyak-smoothed,142,polyak-smoothed,142,26227.219403902222,26227.219403902222,26524
/Users/a/Ayanami/code/TSP/data/classic/tsplib/kroA150.tsp,polyak-smoothed,143,polyak-smoothed,143,26223.3934730693,26227.219403902222,26524
/Users/a/Ayanami/code/TSP/data/classic/tsplib/kroA150.tsp,polyak-smoothed,144,polyak-smoothed,144,26216.484944004616,26227.219403902222,26524
/Users/a/Ayanami/code/TSP/data/classic/tsplib/kroA150.tsp,polyak-smoothed,145,polyak-smoothed,145,26213.933547539502,26227.219403902222,26524
/Users/a/Ayanami/code/TSP/data/classic/tsplib/kroA150.tsp,polyak-smoothed,146,polyak-smoothed,146,26225.670678319748,26227.219403902222,26524
/Users/a/Ayanami/code/TSP/data/classic/tsplib/kroA150.tsp,polyak-smoothed,147,polyak-smoothed,147,26232.322471168671,26232.322471168671,26524
/Users/a/Ayanami/code/TSP/data/classic/tsplib/kroA150.tsp,polyak-smoothed,148,polyak-smoothed,148,26218.131939585543,26232.322471168671,26524
/Users/a/Ayanami/code/TSP/data/classic/tsplib/kroA150.tsp,polyak-smoothed,149,polyak-smoothed,149,26217.888717379687,26232.322471168671,26524
/Users/a/Ayanami/code/TSP/data/classic/tsplib/kroA150.tsp,polyak-smoothed,150,polyak-smoothed,150,26235.818326133849,26235.818326133849,26524
/Users/a/Ayanami/code/TSP/data/classic/tsplib/kroA150.tsp,polyak-smoothed,151,polyak-smoothed,151,26223.079669045263,26235.818326133849,26524
/Users/a/Ayanami/code/TSP/data/classic/tsplib/kroA150.tsp,polyak-smoothed,152,polyak-smoothed,152,26233.319451867825,26235.818326133849,26524
/Users/a/Ayanami/code/TSP/data/classic/tsplib/kroA150.tsp,polyak-smoothed,153,polyak-smoothed,153,26218.481489996884,26235.818326133849,26524
/Users/a/Ayanami/code/TSP/data/classic/tsplib/kroA150.tsp,polyak-smoothed,154,polyak-smoothed,154,26232.855021623276,26235.818326133849,26524
/Users/a/Ayanami/code/TSP/data/classic/tsplib/kroA150.tsp,polyak-smoothed,155,polyak-smoothed,155,26237.859577364157,26237.859577364157,26524
/Users/a/Ayanami/code/TSP/data/classic/tsplib/kroA150.tsp,polyak-smoothed,156,polyak-smoothed,156,26240.025933020628,26240.025933020628,26524
/Users/a/Ayanami/code/TSP/data/classic/tsplib/kroA150.tsp,polyak-smoothed,157,polyak-smoothed,157,26224.222484303951,26240.025933020628,26524
/Users/a/Ayanami/code/TSP/data/classic/tsplib/kroA150.tsp,polyak-smoothed,158,polyak-smoothed,158,26238.696309601561,26240.025933020628,26524
/Users/a/Ayanami/code/TSP/data/classic/tsplib/kroA150.tsp,polyak-smoothed,159,polyak-smoothed,159,26228.744693119519,26240.025933020628,26524
/Users/a/Ayanami/code/TSP/data/classic/tsplib/kroA150.tsp,polyak-smoothed,160,polyak-smoothed,160,26246.125784997421,26246.125784997421,26524
/Users/a/Ayanami/code/TSP/data/classic/tsplib/kroA150.tsp,polyak-smoothed,161,polyak-smoothed,161,26223.499942040104,26246.125784997421,26524
/Users/a/Ayanami/code/TSP/data/classic/tsplib/kroA150.tsp,polyak-smoothed,162,polyak-smoothed,162,26239.278059958153,26246.125784997421,26524
/Users/a/Ayanami/code/TSP/data/classic/tsplib/kroA150.tsp,polyak-smoothed,163,polyak-smoothed,163,26226.51230616582,26246.125784997421,26524
/Users/a/Ayanami/code/TSP/data/classic/tsplib/kroA150.tsp,polyak-smoothed,164,polyak-smoothed,164,26244.053926470158,26246.125784997421,26524
/Users/a/Ayanami/code/TSP/data/classic/tsplib/kroA150.tsp,polyak-smoothed,165,polyak-smoothed,165,26205.275474792539,26246.125784997421,26524
/Users/a/Ayanami/code/TSP/data/classic/tsplib/kroA150.tsp,polyak-smoothed,166,polyak-smoothed,166,26227.185998175322,26246.125784997421,26524
/Users/a/Ayanami/code/TSP/data/classic/tsplib/kroA150.tsp,polyak-smoothed,167,polyak-smoothed,167,26246.1344078039,26246.1344078039,26524
/Users/a/Ayanami/code/TSP/data/classic/tsplib/kroA150.tsp,polyak-smoothed,168,polyak-smoothed,168,26225.492891961065,26246.1344078039,26524
/Users/a/Ayanami/code/TSP/data/classic/tsplib/kroA150.tsp,polyak-smoothed,169,polyak-smoothed,169,26237.574510665352,26246.1344078039,26524
/Users/a/Ayanami/code/TSP/data/classic/tsplib/kroA150.tsp,polyak-smoothed,170,polyak-smoothed,170,26243.396055969861,26246.1344078039,26524
/Users/a/Ayanami/code/TSP/data/classic/tsplib/kroA150.tsp,polyak-smoothed,171,polyak-smoothed,171,26226.946954759878,26246.1344078039,26524
/Users/a/Ayanami/code/TSP/data/classic/tsplib/kroA150.tsp,polyak-smoothed,172,polyak-smoothed,172,26240.129177315492,26246.1344078039,26524
/Users/a/Ayanami/code/TSP/data/classic/tsplib/kroA150.tsp,polyak-smoothed,173,polyak-smoothed,173,26232.713470298364,26246.1344078039,26524
/Users/a/Ayanami/code/TSP/data/classic/tsplib/kroA150.tsp,polyak-smoothed,174,polyak-smoothed,174,26233.117025299132,26246.1344078039,26524
/Users/a/Ayanami/code/TSP/data/classic/tsplib/kroA150.tsp,polyak-smoothed,175,polyak-smoothed,175,26227.672632988793,26246.1344078039,26524
/Users/a/Ayanami/code/TSP/data/classic/tsplib/kroA150.tsp,polyak-smoothed,176,polyak-smoothed,176,26249.699242221483,26249.699242221483,26524
/Users/a/Ayanami/code/TSP/data/classic/tsplib/kroA150.tsp,polyak-smoothed,177,polyak-smoothed,177,26211.996037546502,26249.699242221483,26524
/Users/a/Ayanami/code/TSP/data/classic/tsplib/kroA150.tsp,polyak-smoothed,178,polyak-smoothed,178,26247.995967454415,26249.699242221483,26524
/Users/a/Ayanami/code/TSP/data/classic/tsplib/kroA150.tsp,polyak-smoothed,179,polyak-smoothed,179,26203.200503619424,26249.699242221483,26524
/Users/a/Ayanami/code/TSP/data/classic/tsplib/kroA150.tsp,polyak-smoothed,180,polyak-smoothed,180,26237.266469071223,26249.699242221483,26524
/Users/a/Ayanami/code/TSP/data/classic/tsplib/kroA150.tsp,polyak-smoothed,181,polyak-smoothed,181,26183.539843788269,26249.699242221483,26524
/Users/a/Ayanami/code/TSP/data/classic/tsplib/kroA150.tsp,polyak-smoothed,182,polyak-smoothed,182,26233.469365998837,26249.699242221483,26524
/Users/a/Ayanami/code/TSP/data/classic/tsplib/kroA150.tsp,polyak-smoothed,183,polyak-smoothed,183,26220.053038904134,26249.699242221483,26524
/Users/a/Ayanami/code/TSP/data/classic/tsplib/kroA150.tsp,polyak-smoothed,184,polyak-smoothed,184,26241.2985529582,26249.699242221483,26524
/Users/a/Ayanami/code/TSP/data/classic/tsplib/kroA150.tsp,polyak-smoothed,185,polyak-smoothed,185,26241.732678747383,26249.699242221483,26524
/Users/a/Ayanami/code/TSP/data/classic/tsplib/kroA150.tsp,polyak-smoothed,186,polyak-smoothed,186,26233.751025772541,26249.699242221483,26524
/Users/a/Ayanami/code/TSP/data/classic/tsplib/kroA150.tsp,polyak-smoothed,187,polyak-smoothed,187,26249.724674234803,26249.724674234803,26524
/Users/a/Ayanami/code/TSP/data/classic/tsplib/kroA150.tsp,polyak-smoothed,188,polyak-smoothed,188,26221.913442966696,26249.724674234803,26524
/Users/a/Ayanami/code/TSP/data/classic/tsplib/kroA150.tsp,polyak-smoothed,189,polyak-smoothed,189,26240.464671419828,26249.724674234803,26524
/Users/a/Ayanami/code/TSP/data/classic/tsplib/kroA150.tsp,polyak-smoothed,190,polyak-smoothed,190,26255.359189683841,26255.359189683841,26524
/Users/a/Ayanami/code/TSP/data/classic/tsplib/kroA150.tsp,polyak-smoothed,191,polyak-smoothed,191,26210.254938858499,26255.359189683841,26524
/Users/a/Ayanami/code/TSP/data/classic/tsplib/kroA150.tsp,polyak-smoothed,192,polyak-smoothed,192,26245.884882640836,26255.359189683841,26524
/Users/a/Ayanami/code/TSP/data/classic/tsplib/kroA150.tsp,polyak-smoothed,193,polyak-smoothed,193,26192.718187235416,26255.359189683841,26524
/Users/a/Ayanami/code/TSP/data/classic/tsplib/kroA150.tsp,polyak-smoothed,194,polyak-smoothed,194,26232.936499623494,26255.359189683841,26524
/Users/a/Ayanami/code/TSP/data/classic/tsplib/kroA150.tsp,polyak-smoothed,195,polyak-smoothed,195,26210.567887557412,26255.359189683841,26524
/Users/a/Ayanami/code/TSP/data/classic/tsplib/kroA150.tsp,polyak-smoothed,196,polyak-smoothed,196,26226.894033933801,26255.359189683841,26524
/Users/a/Ayanami/code/TSP/data/classic/tsplib/kroA150.tsp,polyak-smoothed,197,polyak-smoothed,197,26251.716974261952,26255.359189683841,26524
/Users/a/Ayanami/code/TSP/data/classic/tsplib/kroA150.tsp,polyak-smoothed,198,polyak-smoothed,198,26226.415772758563,26255.359189683841,26524
/Users/a/Ayanami/code/TSP/data/classic/tsplib/kroA150.tsp,polyak-smoothed,199,polyak-smoothed,199,26230.443454900749,26255.359189683841,26524
/Users/a/Ayanami/code/TSP/data/classic/tsplib/kroA150.tsp,polyak-smoothed,200,polyak-smoothed,200,26244.550141258409,26255.359189683841,26524
/Users/a/Ayanami/code/TSP/data/classic/tsplib/kroA150.tsp,polyak-smoothed,201,polyak-smoothed,201,26215.196940740629,26255.359189683841,26524
/Users/a/Ayanami/code/TSP/data/classic/tsplib/kroA150.tsp,polyak-smoothed,202,polyak-smoothed,202,26239.189316768177,26255.359189683841,26524
/Users/a/Ayanami/code/TSP/data/classic/tsplib/kroA150.tsp,polyak-smoothed,203,polyak-smoothed,203,26237.319971970461,26255.359189683841,26524
/Users/a/Ayanami/code/TSP/data/classic/tsplib/kroA150.tsp,polyak-smoothed,204,polyak-smoothed,204,26256.379271158134,26256.379271158134,26524
/Users/a/Ayanami/code/TSP/data/classic/tsplib/kroA150.tsp,polyak-smoothed,205,polyak-smoothed,205,26259.122112346326,26259.122112346326,26524
/Users/a/Ayanami/code/TSP/data/classic/tsplib/kroA150.tsp,polyak-smoothed,206,polyak-smoothed,206,26263.709463811712,26263.709463811712,26524
/Users/a/Ayanami/code/TSP/data/classic/tsplib/kroA150.tsp,polyak-smoothed,207,polyak-smoothed,207,26253.158120634838,26263.709463811712,26524
/Users/a/Ayanami/code/TSP/data/classic/tsplib/kroA150.tsp,polyak-smoothed,208,polyak-smoothed,208,26268.606970347551,26268.606970347551,26524
/Users/a/Ayanami/code/TSP/data/classic/tsplib/kroA150.tsp,polyak-smoothed,209,polyak-smoothed,209,26253.888578196504,26268.606970347551,26524
/Users/a/Ayanami/code/TSP/data/classic/tsplib/kroA150.tsp,polyak-smoothed,210,polyak-smoothed,210,26264.367307294957,26268.606970347551,26524
/Users/a/Ayanami/code/TSP/data/classic/tsplib/kroA150.tsp,polyak-smoothed,211,polyak-smoothed,211,26254.253426550582,26268.606970347551,26524
/Users/a/Ayanami/code/TSP/data/classic/tsplib/kroA150.tsp,polyak-smoothed,212,polyak-smoothed,212,26262.934939745472,26268.606970347551,26524
/Users/a/Ayanami/code/TSP/data/classic/tsplib/kroA150.tsp,polyak-smoothed,213,polyak-smoothed,213,26260.100494879618,26268.606970347551,26524
/Users/a/Ayanami/code/TSP/data/classic/tsplib/kroA150.tsp,polyak-smoothed,214,polyak-smoothed,214,26260.854365421779,26268.606970347551,26524
/Users/a/Ayanami/code/TSP/data/classic/tsplib/kroA150.tsp,polyak-smoothed,215,polyak-smoothed,215,26263.563439211561,26268.606970347551,26524
/Users/a/Ayanami/code/TSP/data/classic/tsplib/kroA150.tsp,polyak-smoothed,216,polyak-smoothed,216,26269.605093961527,26269.605093961527,26524
/Users/a/Ayanami/code/TSP/data/classic/tsplib/kroA150.tsp,polyak-smoothed,217,polyak-smoothed,217,26257.800140421179,26269.605093961527,26524
/Users/a/Ayanami/code/TSP/data/classic/tsplib/kroA150.tsp,polyak-smoothed,218,polyak-smoothed,218,26253.803748955324,26269.605093961527,26524
/Users/a/Ayanami/code/TSP/data/classic/tsplib/kroA150.tsp,polyak-smoothed,219,polyak-smoothed,219,26262.085483156574,26269.605093961527,26524
/Users/a/Ayanami/code/TSP/data/classic/tsplib/kroA150.tsp,polyak-smoothed,220,polyak-smoothed,220,26268.18610583408,26269.605093961527,26524
/Users/a/Ayanami/code/TSP/data/classic/tsplib/kroA150.tsp,polyak-smoothed,221,polyak-smoothed,221,26258.707803670244,26269.605093961527,26524
/Users/a/Ayanami/code/TSP/data/classic/tsplib/kroA150.tsp,polyak-smoothed,222,polyak-smoothed,222,26261.894106358661,26269.605093961527,26524
/Users/a/Ayanami/code/TSP/data/classic/tsplib/kroA150.tsp,polyak-smoothed,223,polyak-smoothed,223,26269.142927077886,26269.605093961527,26524
/Users/a/Ayanami/code/TSP/data/classic/tsplib/kroA150.tsp,polyak-smoothed,224,polyak-smoothed,224,26261.904331109796,26269.605093961527,26524
/Users/a/Ayanami/code/TSP/data/classic/tsplib/kroA150.tsp,polyak-smoothed,225,polyak-smoothed,225,26268.815496736475,26269.605093961527,26524
/Users/a/Ayanami/code/TSP/data/classic/tsplib/kroA150.tsp,polyak-smoothed,226,polyak-smoothed,226,26261.58280672503,26269.605093961527,26524
/Users/a/Ayanami/code/TSP/data/classic/tsplib/kroA150.tsp,polyak-smoothed,227,polyak-smoothed,227,26274.244938243108,26274.244938243108,26524
/Users/a/Ayanami/code/TSP/data/classic/tsplib/kroA150.tsp,polyak-smoothed,228,polyak-smoothed,228,26230.806226460412,26274.244938243108,26524
/Users/a/Ayanami/code/TSP/data/classic/tsplib/kroA150.tsp,polyak-smoothed,229,polyak-smoothed,229,26256.753790003047,26274.244938243108,26524
/Users/a/Ayanami/code/TSP/data/classic/tsplib/kroA150.tsp,polyak-smoothed,230,polyak-smoothed,230,26250.207569763457,26274.244938243108,26524
/Users/a/Ayanami/code/TSP/data/classic/tsplib/kroA150.tsp,polyak-smoothed,231,polyak-smoothed,231,26259.32809380149,26274.244938243108,26524
/Users/a/Ayanami/code/TSP/data/classic/tsplib/kroA150.tsp,polyak-smoothed,232,polyak-smoothed,232,26262.116574744057,26274.244938243108,26524
/Users/a/Ayanami/code/TSP/data/classic/tsplib/kroA150.tsp,polyak-smoothed,233,polyak-smoothed,233,26267.956583790747,26274.244938243108,26524
/Users/a/Ayanami/code/TSP/data/classic/tsplib/kroA150.tsp,polyak-smoothed,234,polyak-smoothed,234,26254.171940850269,26274.244938243108,26524
/Users/a/Ayanami/code/TSP/data/classic/tsplib/kroA150.tsp,polyak-smoothed,235,polyak-smoothed,235,26270.930459611758,26274.244938243108,26524
/Users/a/Ayanami/code/TSP/data/classic/tsplib/kroA150.tsp,polyak-smoothed,236,polyak-smoothed,236,26265.36586720885,26274.244938243108,26524
/Users/a/Ayanami/code/TSP/data/classic/tsplib/kroA150.tsp,polyak-smoothed,237,polyak-smoothed,237,26263.253749803313,26274.244938243108,26524
/Users/a/Ayanami/code/TSP/data/classic/tsplib/kroA150.tsp,polyak-smoothed,238,polyak-smoothed,238,26274.453624245434,26274.453624245434,26524
/Users/a/Ayanami/code/TSP/data/classic/tsplib/kroA150.tsp,polyak-smoothed,239,polyak-smoothed,239,26267.397399396395,26274.453624245434,26524
/Users/a/Ayanami/code/TSP/data/classic/tsplib/kroA150.tsp,polyak-smoothed,240,polyak-smoothed,240,26258.964870990218,26274.453624245434,26524
/Users/a/Ayanami/code/TSP/data/classic/tsplib/kroA150.tsp,polyak-smoothed,241,polyak-smoothed,241,26267.985183833,26274.453624245434,26524
/Users/a/Ayanami/code/TSP/data/classic/tsplib/kroA150.tsp,polyak-smoothed,242,polyak-smoothed,242,26265.026937951094,26274.453624245434,26524
/Users/a/Ayanami/code/TSP/data/classic/tsplib/kroA150.tsp,polyak-smoothed,243,polyak-smoothed,243,26266.948092689618,26274.453624245434,26524
/Users/a/Ayanami/code/TSP/data/classic/tsplib/kroA150.tsp,polyak-smoothed,244,polyak-smoothed,244,26259.933323236201,26274.453624245434,26524
/Users/a/Ayanami/code/TSP/data/classic/tsplib/kroA150.tsp,polyak-smoothed,245,polyak-smoothed,245,26267.006846331813,26274.453624245434,26524
/Users/a/Ayanami/code/TSP/data/classic/tsplib/kroA150.tsp,polyak-smoothed,246,polyak-smoothed,246,26267.546709466751,26274.453624245434,26524
/Users/a/Ayanami/code/TSP/data/classic/tsplib/kroA150.tsp,polyak-smoothed,247,polyak-smoothed,247,26270.503207250149,26274.453624245434,26524
/Users/a/Ayanami/code/TSP/data/classic/tsplib/kroA150.tsp,polyak-smoothed,248,polyak-smoothed,248,26258.17627288022,26274.453624245434,26524
/Users/a/Ayanami/code/TSP/data/classic/tsplib/kroA150.tsp,polyak-smoothed,249,polyak-smoothed,249,26254.932872685506,26274.453624245434,26524
/Users/a/Ayanami/code/TSP/data/classic/tsplib/kroA150.tsp,polyak-smoothed,250,polyak-smoothed,250,26272.188876350785,26274.453624245434,26524
/Users/a/Ayanami/code/TSP/data/classic/tsplib/kroA150.tsp,polyak-smoothed,251,polyak-smoothed,251,26260.11664217354,26274.453624245434,26524
/Users/a/Ayanami/code/TSP/data/classic/tsplib/kroA150.tsp,polyak-smoothed,252,polyak-smoothed,252,26269.035065401207,26274.453624245434,26524
/Users/a/Ayanami/code/TSP/data/classic/tsplib/kroA150.tsp,polyak-smoothed,253,polyak-smoothed,253,26276.594488587118,26276.594488587118,26524
/Users/a/Ayanami/code/TSP/data/classic/tsplib/kroA150.tsp,polyak-smoothed,254,polyak-smoothed,254,26273.912702842052,26276.594488587118,26524
/Users/a/Ayanami/code/TSP/data/classic/tsplib/kroA150.tsp,polyak-smoothed,255,polyak-smoothed,255,26276.308948357939,26276.594488587118,26524
/Users/a/Ayanami/code/TSP/data/classic/tsplib/kroA150.tsp,polyak-smoothed,256,polyak-smoothed,256,26276.502679327019,26276.594488587118,26524
/Users/a/Ayanami/code/TSP/data/classic/tsplib/kroA150.tsp,polyak-smoothed,257,polyak-smoothed,257,26277.716673462466,26277.716673462466,26524
/Users/a/Ayanami/code/TSP/data/classic/tsplib/kroA150.tsp,polyak-smoothed,258,polyak-smoothed,258,26273.417243013468,26277.716673462466,26524
/Users/a/Ayanami/code/TSP/data/classic/tsplib/kroA150.tsp,polyak-smoothed,259,polyak-smoothed,259,26276.637050869002,26277.716673462466,26524
/Users/a/Ayanami/code/TSP/data/classic/tsplib/kroA150.tsp,polyak-smoothed,260,polyak-smoothed,260,26276.554135355862,26277.716673462466,26524
/Users/a/Ayanami/code/TSP/data/classic/tsplib/kroA150.tsp,polyak-smoothed,261,polyak-smoothed,261,26279.449408804612,26279.449408804612,26524
/Users/a/Ayanami/code/TSP/data/classic/tsplib/kroA150.tsp,polyak-smoothed,262,polyak-smoothed,262,26277.993343578299,26279.449408804612,26524
/Users/a/Ayanami/code/TSP/data/classic/tsplib/kroA150.tsp,polyak-smoothed,263,polyak-smoothed,263,26277.050184321863,26279.449408804612,26524
/Users/a/Ayanami/code/TSP/data/classic/tsplib/kroA150.tsp,polyak-smoothed,264,polyak-smoothed,264,26281.671071274752,26281.671071274752,26524
/Users/a/Ayanami/code/TSP/data/classic/tsplib/kroA150.tsp,polyak-smoothed,265,polyak-smoothed,265,26278.313406246016,26281.671071274752,26524
/Users/a/Ayanami/code/TSP/data/classic/tsplib/kroA150.tsp,polyak-smoothed,266,polyak-smoothed,266,26279.934967908888,26281.671071274752,26524
/Users/a/Ayanami/code/TSP/data/classic/tsplib/kroA150.tsp,polyak-smoothed,267,polyak-smoothed,267,26280.688095723788,26281.671071274752,26524
/Users/a/Ayanami/code/TSP/data/classic/tsplib/kroA150.tsp,polyak-smoothed,268,polyak-smoothed,268,26274.839108139771,26281.671071274752,26524
/Users/a/Ayanami/code/TSP/data/classic/tsplib/kroA150.tsp,polyak-smoothed,269,polyak-smoothed,269,26278.071731842043,26281.671071274752,26524
/Users/a/Ayanami/code/TSP/data/classic/tsplib/kroA150.tsp,polyak-smoothed,270,polyak-smoothed,270,26274.392794003928,26281.671071274752,26524
/Users/a/Ayanami/code/TSP/data/classic/tsplib/kroA150.tsp,polyak-smoothed,271,polyak-smoothed,271,26279.902996503028,26281.671071274752,26524
/Users/a/Ayanami/code/TSP/data/classic/tsplib/kroA150.tsp,polyak-smoothed,272,polyak-smoothed,272,26277.408840637581,26281.671071274752,26524
/Users/a/Ayanami/code/TSP/data/classic/tsplib/kroA150.tsp,polyak-smoothed,273,polyak-smoothed,273,26273.571826004893,26281.671071274752,26524
/Users/a/Ayanami/code/TSP/data/classic/tsplib/kroA150.tsp,polyak-smoothed,274,polyak-smoothed,274,26280.699654457363,26281.671071274752,26524
/Users/a/Ayanami/code/TSP/data/classic/tsplib/kroA150.tsp,polyak-smoothed,275,polyak-smoothed,275,26277.738253774849,26281.671071274752,26524
/Users/a/Ayanami/code/TSP/data/classic/tsplib/kroA150.tsp,polyak-smoothed,276,polyak-smoothed,276,26279.595047847572,26281.671071274752,26524
/Users/a/Ayanami/code/TSP/data/classic/tsplib/kroA150.tsp,polyak-smoothed,277,polyak-smoothed,277,26274.586387382034,26281.671071274752,26524
/Users/a/Ayanami/code/TSP/data/classic/tsplib/kroA150.tsp,polyak-smoothed,278,polyak-smoothed,278,26281.433994150673,26281.671071274752,26524
/Users/a/Ayanami/code/TSP/data/classic/tsplib/kroA150.tsp,polyak-smoothed,279,polyak-smoothed,279,26281.183223990774,26281.671071274752,26524
/Users/a/Ayanami/code/TSP/data/classic/tsplib/kroA150.tsp,polyak-smoothed,280,polyak-smoothed,280,26285.731719584463,26285.731719584463,26524
/Users/a/Ayanami/code/TSP/data/classic/tsplib/kroA150.tsp,polyak-smoothed,281,polyak-smoothed,281,26271.477365723353,26285.731719584463,26524
/Users/a/Ayanami/code/TSP/data/classic/tsplib/kroA150.tsp,polyak-smoothed,282,polyak-smoothed,282,26277.757029886347,26285.731719584463,26524
/Users/a/Ayanami/code/TSP/data/classic/tsplib/kroA150.tsp,polyak-smoothed,283,polyak-smoothed,283,26280.924779436831,26285.731719584463,26524
/Users/a/Ayanami/code/TSP/data/classic/tsplib/kroA150.tsp,polyak-smoothed,284,polyak-smoothed,284,26284.398799215294,26285.731719584463,26524
/Users/a/Ayanami/code/TSP/data/classic/tsplib/kroA150.tsp,polyak-smoothed,285,polyak-smoothed,285,26282.707231850254,26285.731719584463,26524
/Users/a/Ayanami/code/TSP/data/classic/tsplib/kroA150.tsp,polyak-smoothed,286,polyak-smoothed,286,26284.739151006535,26285.731719584463,26524
/Users/a/Ayanami/code/TSP/data/classic/tsplib/kroA150.tsp,polyak-smoothed,287,polyak-smoothed,287,26281.819999481118,26285.731719584463,26524
/Users/a/Ayanami/code/TSP/data/classic/tsplib/kroA150.tsp,polyak-smoothed,288,polyak-smoothed,288,26282.254338977447,26285.731719584463,26524
/Users/a/Ayanami/code/TSP/data/classic/tsplib/kroA150.tsp,polyak-smoothed,289,polyak-smoothed,289,26285.990358700841,26285.990358700841,26524
/Users/a/Ayanami/code/TSP/data/classic/tsplib/kroA150.tsp,polyak-smoothed,290,polyak-smoothed,290,26284.080872133185,26285.990358700841,26524
/Users/a/Ayanami/code/TSP/data/classic/tsplib/kroA150.tsp,polyak-smoothed,291,polyak-smoothed,291,26282.691012632215,26285.990358700841,26524
/Users/a/Ayanami/code/TSP/data/classic/tsplib/kroA150.tsp,polyak-smoothed,292,polyak-smoothed,292,26286.092687907982,26286.092687907982,26524
/Users/a/Ayanami/code/TSP/data/classic/tsplib/kroA150.tsp,polyak-smoothed,293,polyak-smoothed,293,26282.177616891368,26286.092687907982,26524
/Users/a/Ayanami/code/TSP/data/classic/tsplib/kroA150.tsp,polyak-smoothed,294,polyak-smoothed,294,26285.259894385959,26286.092687907982,26524
/Users/a/Ayanami/code/TSP/data/classic/tsplib/kroA150.tsp,polyak-smoothed,295,polyak-smoothed,295,26285.405593371495,26286.092687907982,26524
/Users/a/Ayanami/code/TSP/data/classic/tsplib/kroA150.tsp,polyak-smoothed,296,polyak-smoothed,296,26282.390842263016,26286.092687907982,26524
/Users/a/Ayanami/code/TSP/data/classic/tsplib/kroA150.tsp,polyak-smoothed,297,polyak-smoothed,297,26286.53506712033,26286.53506712033,26524
/Users/a/Ayanami/code/TSP/data/classic/tsplib/kroA150.tsp,polyak-smoothed,298,polyak-smoothed,298,26282.130865903357,26286.53506712033,26524
/Users/a/Ayanami/code/TSP/data/classic/tsplib/kroA150.tsp,polyak-smoothed,299,polyak-smoothed,299,26284.356657797947,26286.53506712033,26524
/Users/a/Ayanami/code/TSP/data/classic/tsplib/kroA150.tsp,polyak-smoothed,300,polyak-smoothed,300,26284.249871916134,26286.53506712033,26524
/Users/a/Ayanami/code/TSP/data/classic/tsplib/kroA150.tsp,polyak-smoothed,301,polyak-smoothed,301,26285.720285689265,26286.53506712033,26524
/Users/a/Ayanami/code/TSP/data/classic/tsplib/kroA150.tsp,polyak-smoothed,302,polyak-smoothed,302,26279.563117417445,26286.53506712033,26524
/Users/a/Ayanami/code/TSP/data/classic/tsplib/kroA150.tsp,polyak-smoothed,303,polyak-smoothed,303,26283.953511444015,26286.53506712033,26524
/Users/a/Ayanami/code/TSP/data/classic/tsplib/kroA150.tsp,polyak-smoothed,304,polyak-smoothed,304,26284.961659285658,26286.53506712033,26524
/Users/a/Ayanami/code/TSP/data/classic/tsplib/kroA150.tsp,polyak-smoothed,305,polyak-smoothed,305,26285.584999240094,26286.53506712033,26524
/Users/a/Ayanami/code/TSP/data/classic/tsplib/kroA150.tsp,polyak-smoothed,306,polyak-smoothed,306,26286.018544872433,26286.53506712033,26524
/Users/a/Ayanami/code/TSP/data/classic/tsplib/kroA150.tsp,polyak-smoothed,307,polyak-smoothed,307,26284.449136959669,26286.53506712033,26524
/Users/a/Ayanami/code/TSP/data/classic/tsplib/kroA150.tsp,polyak-smoothed,308,polyak-smoothed,308,26285.669410773651,26286.53506712033,26524
/Users/a/Ayanami/code/TSP/data/classic/tsplib/kroA150.tsp,polyak-smoothed,309,polyak-smoothed,309,26285.811668010589,26286.53506712033,26524
/Users/a/Ayanami/code/TSP/data/classic/tsplib/kroA150.tsp,polyak-smoothed,310,polyak-smoothed,310,26285.89857765305,26286.53506712033,26524
/Users/a/Ayanami/code/TSP/data/classic/tsplib/kroA150.tsp,polyak-smoothed,311,polyak-smoothed,311,26286.789942325307,26286.789942325307,26524
/Users/a/Ayanami/code/TSP/data/classic/tsplib/kroA150.tsp,polyak-smoothed,312,polyak-smoothed,312,26287.903615748626,26287.903615748626,26524
/Users/a/Ayanami/code/TSP/data/classic/tsplib/kroA150.tsp,polyak-smoothed,313,polyak-smoothed,313,26286.101186572574,26287.903615748626,26524
/Users/a/Ayanami/code/TSP/data/classic/tsplib/kroA150.tsp,polyak-smoothed,314,polyak-smoothed,314,26287.654667582196,26287.903615748626,26524
/Users/a/Ayanami/code/TSP/data/classic/tsplib/kroA150.tsp,polyak-smoothed,315,polyak-smoothed,315,26287.420989232807,26287.903615748626,26524
/Users/a/Ayanami/code/TSP/data/classic/tsplib/kroA150.tsp,polyak-smoothed,316,polyak-smoothed,316,26288.037130431228,26288.037130431228,26524
/Users/a/Ayanami/code/TSP/data/classic/tsplib/kroA150.tsp,polyak-smoothed,317,polyak-smoothed,317,26287.795869410023,26288.037130431228,26524
/Users/a/Ayanami/code/TSP/data/classic/tsplib/kroA150.tsp,polyak-smoothed,318,polyak-smoothed,318,26287.620455684901,26288.037130431228,26524
/Users/a/Ayanami/code/TSP/data/classic/tsplib/kroA150.tsp,polyak-smoothed,319,polyak-smoothed,319,26288.490368452021,26288.490368452021,26524
/Users/a/Ayanami/code/TSP/data/classic/tsplib/kroA150.tsp,polyak-smoothed,320,polyak-smoothed,320,26287.584862610402,26288.490368452021,26524
/Users/a/Ayanami/code/TSP/data/classic/tsplib/kroA150.tsp,polyak-smoothed,321,polyak-smoothed,321,26287.922538596802,26288.490368452021,26524
/Users/a/Ayanami/code/TSP/data/classic/tsplib/kroA150.tsp,polyak-smoothed,322,polyak-smoothed,322,26287.969584667768,26288.490368452021,26524
/Users/a/Ayanami/code/TSP/data/classic/tsplib/kroA150.tsp,polyak-smoothed,323,polyak-smoothed,323,26287.727391297572,26288.490368452021,26524
/Users/a/Ayanami/code/TSP/data/classic/tsplib/kroA150.tsp,polyak-smoothed,324,polyak-smoothed,324,26287.65816355473,26288.490368452021,26524
/Users/a/Ayanami/code/TSP/data/classic/tsplib/kroA150.tsp,polyak-smoothed,325,polyak-smoothed,325,26288.694966209569,26288.694966209569,26524
/Users/a/Ayanami/code/TSP/data/classic/tsplib/kroA150.tsp,polyak-smoothed,326,polyak-smoothed,326,26287.691812754361,26288.694966209569,26524
/Users/a/Ayanami/code/TSP/data/classic/tsplib/kroA150.tsp,polyak-smoothed,327,polyak-smoothed,327,26287.81427500704,26288.694966209569,26524
/Users/a/Ayanami/code/TSP/data/classic/tsplib/kroA150.tsp,polyak-smoothed,328,polyak-smoothed,328,26288.959259068215,26288.959259068215,26524
/Users/a/Ayanami/code/TSP/data/classic/tsplib/kroA150.tsp,polyak-smoothed,329,polyak-smoothed,329,26287.092016285224,26288.959259068215,26524
/Users/a/Ayanami/code/TSP/data/classic/tsplib/kroA150.tsp,polyak-smoothed,330,polyak-smoothed,330,26288.718576634907,26288.959259068215,26524
/Users/a/Ayanami/code/TSP/data/classic/tsplib/kroA150.tsp,polyak-smoothed,331,polyak-smoothed,331,26286.997527928728,26288.959259068215,26524
/Users/a/Ayanami/code/TSP/data/classic/tsplib/kroA150.tsp,polyak-smoothed,332,polyak-smoothed,332,26288.789206106892,26288.959259068215,26524
/Users/a/Ayanami/code/TSP/data/classic/tsplib/kroA150.tsp,polyak-smoothed,333,polyak-smoothed,333,26287.959515046165,26288.959259068215,26524
/Users/a/Ayanami/code/TSP/data/classic/tsplib/kroA150.tsp,polyak-smoothed,334,polyak-smoothed,334,26288.811413491425,26288.959259068215,26524
/Users/a/Ayanami/code/TSP/data/classic/tsplib/kroA150.tsp,polyak-smoothed,335,polyak-smoothed,335,26289.824362319949,26289.824362319949,26524
/Users/a/Ayanami/code/TSP/data/classic/tsplib/kroA150.tsp,polyak-smoothed,336,polyak-smoothed,336,26288.47251869188,26289.824362319949,26524
/Users/a/Ayanami/code/TSP/data/classic/tsplib/kroA150.tsp,polyak-smoothed,337,polyak-smoothed,337,26289.349611496746,26289.824362319949,26524
/Users/a/Ayanami/code/TSP/data/classic/tsplib/kroA150.tsp,polyak-smoothed,338,polyak-smoothed,338,26288.916721812562,26289.824362319949,26524
/Users/a/Ayanami/code/TSP/data/classic/tsplib/kroA150.tsp,polyak-smoothed,339,polyak-smoothed,339,26289.77607621803,26289.824362319949,26524
/Users/a/Ayanami/code/TSP/data/classic/tsplib/kroA150.tsp,polyak-smoothed,340,polyak-smoothed,340,26289.364036653602,26289.824362319949,26524
/Users/a/Ayanami/code/TSP/data/classic/tsplib/kroA150.tsp,polyak-smoothed,341,polyak-smoothed,341,26289.687791951179,26289.824362319949,26524
/Users/a/Ayanami/code/TSP/data/classic/tsplib/kroA150.tsp,polyak-smoothed,342,polyak-smoothed,342,26289.929219417438,26289.929219417438,26524
/Users/a/Ayanami/code/TSP/data/classic/tsplib/kroA150.tsp,polyak-smoothed,343,polyak-smoothed,343,26288.183640340692,26289.929219417438,26524
/Users/a/Ayanami/code/TSP/data/classic/tsplib/kroA150.tsp,polyak-smoothed,344,polyak-smoothed,344,26289.740473954666,26289.929219417438,26524
/Users/a/Ayanami/code/TSP/data/classic/tsplib/kroA150.tsp,polyak-smoothed,345,polyak-smoothed,345,26288.913153066969,26289.929219417438,26524
/Users/a/Ayanami/code/TSP/data/classic/tsplib/kroA150.tsp,polyak-smoothed,346,polyak-smoothed,346,26289.336935145879,26289.929219417438,26524
/Users/a/Ayanami/code/TSP/data/classic/tsplib/kroA150.tsp,polyak-smoothed,347,polyak-smoothed,347,26289.48066549499,26289.929219417438,26524
/Users/a/Ayanami/code/TSP/data/classic/tsplib/kroA150.tsp,polyak-smoothed,348,polyak-smoothed,348,26289.449896390401,26289.929219417438,26524
/Users/a/Ayanami/code/TSP/data/classic/tsplib/kroA150.tsp,polyak-smoothed,349,polyak-smoothed,349,26289.212162390908,26289.929219417438,26524
/Users/a/Ayanami/code/TSP/data/classic/tsplib/kroA150.tsp,polyak-smoothed,350,polyak-smoothed,350,26287.565753357751,26289.929219417438,26524
/Users/a/Ayanami/code/TSP/data/classic/tsplib/kroA150.tsp,polyak-smoothed,351,polyak-smoothed,351,26290.31830850006,26290.31830850006,26524
/Users/a/Ayanami/code/TSP/data/classic/tsplib/kroA150.tsp,polyak-smoothed,352,polyak-smoothed,352,26289.001262859227,26290.31830850006,26524
/Users/a/Ayanami/code/TSP/data/classic/tsplib/kroA150.tsp,polyak-smoothed,353,polyak-smoothed,353,26290.801200314356,26290.801200314356,26524
/Users/a/Ayanami/code/TSP/data/classic/tsplib/kroA150.tsp,polyak-smoothed,354,polyak-smoothed,354,26288.776165260686,26290.801200314356,26524
/Users/a/Ayanami/code/TSP/data/classic/tsplib/kroA150.tsp,polyak-smoothed,355,polyak-smoothed,355,26289.691589859496,26290.801200314356,26524
/Users/a/Ayanami/code/TSP/data/classic/tsplib/kroA150.tsp,polyak-smoothed,356,polyak-smoothed,356,26289.306892937024,26290.801200314356,26524
/Users/a/Ayanami/code/TSP/data/classic/tsplib/kroA150.tsp,polyak-smoothed,357,polyak-smoothed,357,26289.758871324051,26290.801200314356,26524
/Users/a/Ayanami/code/TSP/data/classic/tsplib/kroA150.tsp,polyak-smoothed,358,polyak-smoothed,358,26290.24223609647,26290.801200314356,26524
/Users/a/Ayanami/code/TSP/data/classic/tsplib/kroA150.tsp,polyak-smoothed,359,polyak-smoothed,359,26289.729306383178,26290.801200314356,26524
/Users/a/Ayanami/code/TSP/data/classic/tsplib/kroA150.tsp,polyak-smoothed,360,polyak-smoothed,360,26290.474170479545,26290.801200314356,26524
/Users/a/Ayanami/code/TSP/data/classic/tsplib/kroA150.tsp,polyak-smoothed,361,polyak-smoothed,361,26289.925312619558,26290.801200314356,26524
/Users/a/Ayanami/code/TSP/data/classic/tsplib/kroA150.tsp,polyak-smoothed,362,polyak-smoothed,362,26289.394997709278,26290.801200314356,26524
/Users/a/Ayanami/code/TSP/data/classic/tsplib/kroA150.tsp,polyak-smoothed,363,polyak-smoothed,363,26290.01543467251,26290.801200314356,26524
/Users/a/Ayanami/code/TSP/data/classic/tsplib/kroA150.tsp,polyak-smoothed,364,polyak-smoothed,364,26289.443835698574,26290.801200314356,26524
/Users/a/Ayanami/code/TSP/data/classic/tsplib/kroA150.tsp,polyak-smoothed,365,polyak-smoothed,365,26289.116234294066,26290.801200314356,26524
/Users/a/Ayanami/code/TSP/data/classic/tsplib/kroA150.tsp,polyak-smoothed,366,polyak-smoothed,366,26290.427664980922,26290.801200314356,26524
/Users/a/Ayanami/code/TSP/data/classic/tsplib/kroA150.tsp,polyak-smoothed,367,polyak-smoothed,367,26290.665789444785,26290.801200314356,26524
/Users/a/Ayanami/code/TSP/data/classic/tsplib/kroA150.tsp,polyak-smoothed,368,polyak-smoothed,368,26291.407313821401,26291.407313821401,26524
/Users/a/Ayanami/code/TSP/data/classic/tsplib/kroA150.tsp,polyak-smoothed,369,polyak-smoothed,369,26289.133101469099,26291.407313821401,26524
/Users/a/Ayanami/code/TSP/data/classic/tsplib/kroA150.tsp,polyak-smoothed,370,polyak-smoothed,370,26290.47293719411,26291.407313821401,26524
/Users/a/Ayanami/code/TSP/data/classic/tsplib/kroA150.tsp,polyak-smoothed,371,polyak-smoothed,371,26291.068946286785,26291.407313821401,26524
/Users/a/Ayanami/code/TSP/data/classic/tsplib/kroA150.tsp,polyak-smoothed,372,polyak-smoothed,372,26290.919516376103,26291.407313821401,26524
/Users/a/Ayanami/code/TSP/data/classic/tsplib/kroA150.tsp,polyak-smoothed,373,polyak-smoothed,373,26291.281670209144,26291.407313821401,26524
/Users/a/Ayanami/code/TSP/data/classic/tsplib/kroA150.tsp,polyak-smoothed,374,polyak-smoothed,374,26291.002705045452,26291.407313821401,26524
/Users/a/Ayanami/code/TSP/data/classic/tsplib/kroA150.tsp,polyak-smoothed,375,polyak-smoothed,375,26291.571808479941,26291.571808479941,26524
/Users/a/Ayanami/code/TSP/data/classic/tsplib/kroA150.tsp,polyak-smoothed,376,polyak-smoothed,376,26291.267653499195,26291.571808479941,26524
/Users/a/Ayanami/code/TSP/data/classic/tsplib/kroA150.tsp,polyak-smoothed,377,polyak-smoothed,377,26289.989198711006,26291.571808479941,26524
/Users/a/Ayanami/code/TSP/data/classic/tsplib/kroA150.tsp,polyak-smoothed,378,polyak-smoothed,378,26291.085652888592,26291.571808479941,26524
/Users/a/Ayanami/code/TSP/data/classic/tsplib/kroA150.tsp,polyak-smoothed,379,polyak-smoothed,379,26291.950564900511,26291.950564900511,26524
/Users/a/Ayanami/code/TSP/data/classic/tsplib/kroA150.tsp,polyak-smoothed,380,polyak-smoothed,380,26289.842657092107,26291.950564900511,26524
/Users/a/Ayanami/code/TSP/data/classic/tsplib/kroA150.tsp,polyak-smoothed,381,polyak-smoothed,381,26291.286376185133,26291.950564900511,26524
/Users/a/Ayanami/code/TSP/data/classic/tsplib/kroA150.tsp,polyak-smoothed,382,polyak-smoothed,382,26291.122063835763,26291.950564900511,26524
/Users/a/Ayanami/code/TSP/data/classic/tsplib/kroA150.tsp,polyak-smoothed,383,polyak-smoothed,383,26291.229532319223,26291.950564900511,26524
/Users/a/Ayanami/code/TSP/data/classic/tsplib/kroA150.tsp,polyak-smoothed,384,polyak-smoothed,384,26291.279767072894,26291.950564900511,26524
/Users/a/Ayanami/code/TSP/data/classic/tsplib/kroA150.tsp,polyak-smoothed,385,polyak-smoothed,385,26292.010702858875,26292.010702858875,26524
/Users/a/Ayanami/code/TSP/data/classic/tsplib/kroA150.tsp,polyak-smoothed,386,polyak-smoothed,386,26289.958857344798,26292.010702858875,26524
/Users/a/Ayanami/code/TSP/data/classic/tsplib/kroA150.tsp,polyak-smoothed,387,polyak-smoothed,387,26291.446642717001,26292.010702858875,26524
/Users/a/Ayanami/code/TSP/data/classic/tsplib/kroA150.tsp,polyak-smoothed,388,polyak-smoothed,388,26291.658463047821,26292.010702858875,26524
/Users/a/Ayanami/code/TSP/data/classic/tsplib/kroA150.tsp,polyak-smoothed,389,polyak-smoothed,389,26291.544525921676,26292.010702858875,26524
/Users/a/Ayanami/code/TSP/data/classic/tsplib/kroA150.tsp,polyak-smoothed,390,polyak-smoothed,390,26290.759135176362,26292.010702858875,26524
/Users/a/Ayanami/code/TSP/data/classic/tsplib/kroA150.tsp,polyak-smoothed,391,polyak-smoothed,391,26291.997117260373,26292.010702858875,26524
/Users/a/Ayanami/code/TSP/data/classic/tsplib/kroA150.tsp,polyak-smoothed,392,polyak-smoothed,392,26292.323555112562,26292.323555112562,26524
/Users/a/Ayanami/code/TSP/data/classic/tsplib/kroA150.tsp,polyak-smoothed,393,polyak-smoothed,393,26291.538080885173,26292.323555112562,26524
/Users/a/Ayanami/code/TSP/data/classic/tsplib/kroA150.tsp,polyak-smoothed,394,polyak-smoothed,394,26291.8207104098,26292.323555112562,26524
/Users/a/Ayanami/code/TSP/data/classic/tsplib/kroA150.tsp,polyak-smoothed,395,polyak-smoothed,395,26292.122133091827,26292.323555112562,26524
/Users/a/Ayanami/code/TSP/data/classic/tsplib/kroA150.tsp,polyak-smoothed,396,polyak-smoothed,396,26291.292204377642,26292.323555112562,26524
/Users/a/Ayanami/code/TSP/data/classic/tsplib/kroA150.tsp,polyak-smoothed,397,polyak-smoothed,397,26291.953697644247,26292.323555112562,26524
/Users/a/Ayanami/code/TSP/data/classic/tsplib/kroA150.tsp,polyak-smoothed,398,polyak-smoothed,398,26290.864884003342,26292.323555112562,26524
/Users/a/Ayanami/code/TSP/data/classic/tsplib/kroA150.tsp,polyak-smoothed,399,polyak-smoothed,399,26291.345557230565,26292.323555112562,26524
/Users/a/Ayanami/code/TSP/data/classic/tsplib/kroA150.tsp,polyak-smoothed,400,polyak-smoothed,400,26291.704480061544,26292.323555112562,26524
/Users/a/Ayanami/code/TSP/data/classic/tsplib/kroA150.tsp,polyak-smoothed,401,polyak-smoothed,401,26292.078434676438,26292.323555112562,26524
/Users/a/Ayanami/code/TSP/data/classic/tsplib/kroA150.tsp,polyak-smoothed,402,polyak-smoothed,402,26292.057370504517,26292.323555112562,26524
/Users/a/Ayanami/code/TSP/data/classic/tsplib/kroA150.tsp,polyak-smoothed,403,polyak-smoothed,403,26291.302652075388,26292.323555112562,26524
/Users/a/Ayanami/code/TSP/data/classic/tsplib/kroA150.tsp,polyak-smoothed,404,polyak-smoothed,404,26291.606812830829,26292.323555112562,26524
/Users/a/Ayanami/code/TSP/data/classic/tsplib/kroA150.tsp,polyak-smoothed,405,polyak-smoothed,405,26291.99319222616,26292.323555112562,26524
/Users/a/Ayanami/code/TSP/data/classic/tsplib/kroA150.tsp,polyak-smoothed,406,polyak-smoothed,406,26292.485692256705,26292.485692256705,26524
/Users/a/Ayanami/code/TSP/data/classic/tsplib/kroA150.tsp,polyak-smoothed,407,polyak-smoothed,407,26292.571092927323,26292.571092927323,26524
/Users/a/Ayanami/code/TSP/data/classic/tsplib/kroA150.tsp,polyak-smoothed,408,polyak-smoothed,408,26292.655317927612,26292.655317927612,26524
/Users/a/Ayanami/code/TSP/data/classic/tsplib/kroA150.tsp,polyak-smoothed,409,polyak-smoothed,409,26292.428711239376,26292.655317927612,26524
/Users/a/Ayanami/code/TSP/data/classic/tsplib/kroA150.tsp,polyak-smoothed,410,polyak-smoothed,410,26292.714981176701,26292.714981176701,26524
/Users/a/Ayanami/code/TSP/data/classic/tsplib/kroA150.tsp,polyak-smoothed,411,polyak-smoothed,411,26292.73733732602,26292.73733732602,26524
/Users/a/Ayanami/code/TSP/data/classic/tsplib/kroA150.tsp,polyak-smoothed,412,polyak-smoothed,412,26292.465412576195,26292.73733732602,26524
/Users/a/Ayanami/code/TSP/data/classic/tsplib/kroA150.tsp,polyak-smoothed,413,polyak-smoothed,413,26292.813573791442,26292.813573791442,26524
/Users/a/Ayanami/code/TSP/data/classic/tsplib/kroA150.tsp,polyak-smoothed,414,polyak-smoothed,414,26292.614541785042,26292.813573791442,26524
/Users/a/Ayanami/code/TSP/data/classic/tsplib/kroA150.tsp,polyak-smoothed,415,polyak-smoothed,415,26292.72763325302,26292.813573791442,26524
/Users/a/Ayanami/code/TSP/data/classic/tsplib/kroA150.tsp,polyak-smoothed,416,polyak-smoothed,416,26292.757714704076,26292.813573791442,26524
/Users/a/Ayanami/code/TSP/data/classic/tsplib/kroA150.tsp,polyak-smoothed,417,polyak-smoothed,417,26292.615866756762,26292.813573791442,26524
/Users/a/Ayanami/code/TSP/data/classic/tsplib/kroA150.tsp,polyak-smoothed,418,polyak-smoothed,418,26292.985419192577,26292.985419192577,26524
/Users/a/Ayanami/code/TSP/data/classic/tsplib/kroA150.tsp,polyak-smoothed,419,polyak-smoothed,419,26291.869188944031,26292.985419192577,26524
/Users/a/Ayanami/code/TSP/data/classic/tsplib/kroA150.tsp,polyak-smoothed,420,polyak-smoothed,420,26292.118633913204,26292.985419192577,26524
/Users/a/Ayanami/code/TSP/data/classic/tsplib/kroA150.tsp,polyak-smoothed,421,polyak-smoothed,421,26292.697510011705,26292.985419192577,26524
/Users/a/Ayanami/code/TSP/data/classic/tsplib/kroA150.tsp,polyak-smoothed,422,polyak-smoothed,422,26292.735061489282,26292.985419192577,26524
/Users/a/Ayanami/code/TSP/data/classic/tsplib/kroA150.tsp,polyak-smoothed,423,polyak-smoothed,423,26292.999889838487,26292.999889838487,26524
/Users/a/Ayanami/code/TSP/data/classic/tsplib/kroA150.tsp,polyak-smoothed,424,polyak-smoothed,424,26292.643978770961,26292.999889838487,26524
/Users/a/Ayanami/code/TSP/data/classic/tsplib/kroA150.tsp,polyak-smoothed,425,polyak-smoothed,425,26292.913462467091,26292.999889838487,26524
/Users/a/Ayanami/code/TSP/data/classic/tsplib/kroA150.tsp,polyak-smoothed,426,polyak-smoothed,426,26293.011221270441,26293.011221270441,26524
/Users/a/Ayanami/code/TSP/data/classic/tsplib/kroA150.tsp,polyak-smoothed,427,polyak-smoothed,427,26292.335746564142,26293.011221270441,26524
/Users/a/Ayanami/code/TSP/data/classic/tsplib/kroA150.tsp,polyak-smoothed,428,polyak-smoothed,428,26292.757472068639,26293.011221270441,26524
/Users/a/Ayanami/code/TSP/data/classic/tsplib/kroA150.tsp,polyak-smoothed,429,polyak-smoothed,429,26292.813765234558,26293.011221270441,26524
/Users/a/Ayanami/code/TSP/data/classic/tsplib/kroA150.tsp,polyak-smoothed,430,polyak-smoothed,430,26293.01116115844,26293.011221270441,26524
/Users/a/Ayanami/code/TSP/data/classic/tsplib/kroA150.tsp,polyak-smoothed,431,polyak-smoothed,431,26293.092965973919,26293.092965973919,26524
/Users/a/Ayanami/code/TSP/data/classic/tsplib/kroA150.tsp,polyak-smoothed,432,polyak-smoothed,432,26293.235744123587,26293.235744123587,26524
/Users/a/Ayanami/code/TSP/data/classic/tsplib/kroA150.tsp,polyak-smoothed,433,polyak-smoothed,433,26293.148432471156,26293.235744123587,26524
/Users/a/Ayanami/code/TSP/data/classic/tsplib/kroA150.tsp,polyak-smoothed,434,polyak-smoothed,434,26292.952248535028,26293.235744123587,26524
/Users/a/Ayanami/code/TSP/data/classic/tsplib/kroA150.tsp,polyak-smoothed,435,polyak-smoothed,435,26292.966638586455,26293.235744123587,26524
/Users/a/Ayanami/code/TSP/data/classic/tsplib/kroA150.tsp,polyak-smoothed,436,polyak-smoothed,436,26292.886372737052,26293.235744123587,26524
/Users/a/Ayanami/code/TSP/data/classic/tsplib/kroA150.tsp,polyak-smoothed,437,polyak-smoothed,437,26293.192993593962,26293.235744123587,26524
/Users/a/Ayanami/code/TSP/data/classic/tsplib/kroA150.tsp,polyak-smoothed,438,polyak-smoothed,438,26292.67015294456,26293.235744123587,26524
/Users/a/Ayanami/code/TSP/data/classic/tsplib/kroA150.tsp,polyak-smoothed,439,polyak-smoothed,439,26293.000653734674,26293.235744123587,26524
/Users/a/Ayanami/code/TSP/data/classic/tsplib/kroA150.tsp,polyak-smoothed,440,polyak-smoothed,440,26293.184716283802,26293.235744123587,26524
/Users/a/Ayanami/code/TSP/data/classic/tsplib/kroA150.tsp,polyak-smoothed,441,polyak-smoothed,441,26293.104174181681,26293.235744123587,26524
/Users/a/Ayanami/code/TSP/data/classic/tsplib/kroA150.tsp,polyak-smoothed,442,polyak-smoothed,442,26293.073612133754,26293.235744123587,26524
/Users/a/Ayanami/code/TSP/data/classic/tsplib/kroA150.tsp,polyak-smoothed,443,polyak-smoothed,443,26293.418362038774,26293.418362038774,26524
/Users/a/Ayanami/code/TSP/data/classic/tsplib/kroA150.tsp,polyak-smoothed,444,polyak-smoothed,444,26291.658246771414,26293.418362038774,26524
/Users/a/Ayanami/code/TSP/data/classic/tsplib/kroA150.tsp,polyak-smoothed,445,polyak-smoothed,445,26292.560858701323,26293.418362038774,26524
/Users/a/Ayanami/code/TSP/data/classic/tsplib/kroA150.tsp,polyak-smoothed,446,polyak-smoothed,446,26293.179313694003,26293.418362038774,26524
/Users/a/Ayanami/code/TSP/data/classic/tsplib/kroA150.tsp,polyak-smoothed,447,polyak-smoothed,447,26292.896825212916,26293.418362038774,26524
/Users/a/Ayanami/code/TSP/data/classic/tsplib/kroA150.tsp,polyak-smoothed,448,polyak-smoothed,448,26293.242319738238,26293.418362038774,26524
/Users/a/Ayanami/code/TSP/data/classic/tsplib/kroA150.tsp,polyak-smoothed,449,polyak-smoothed,449,26292.63097577529,26293.418362038774,26524
/Users/a/Ayanami/code/TSP/data/classic/tsplib/kroA150.tsp,polyak-smoothed,450,polyak-smoothed,450,26292.937404424527,26293.418362038774,26524
/Users/a/Ayanami/code/TSP/data/classic/tsplib/kroA150.tsp,polyak-smoothed,451,polyak-smoothed,451,26293.084068708115,26293.418362038774,26524
/Users/a/Ayanami/code/TSP/data/classic/tsplib/kroA150.tsp,polyak-smoothed,452,polyak-smoothed,452,26293.32209898212,26293.418362038774,26524
/Users/a/Ayanami/code/TSP/data/classic/tsplib/kroA150.tsp,polyak-smoothed,453,polyak-smoothed,453,26293.385968230152,26293.418362038774,26524
/Users/a/Ayanami/code/TSP/data/classic/tsplib/kroA150.tsp,polyak-smoothed,454,polyak-smoothed,454,26292.89312573084,26293.418362038774,26524
/Users/a/Ayanami/code/TSP/data/classic/tsplib/kroA150.tsp,polyak-smoothed,455,polyak-smoothed,455,26293.085937676344,26293.418362038774,26524
/Users/a/Ayanami/code/TSP/data/classic/tsplib/kroA150.tsp,polyak-smoothed,456,polyak-smoothed,456,26293.422967951079,26293.422967951079,26524
/Users/a/Ayanami/code/TSP/data/classic/tsplib/kroA150.tsp,polyak-smoothed,457,polyak-smoothed,457,26293.269415478859,26293.422967951079,26524
/Users/a/Ayanami/code/TSP/data/classic/tsplib/kroA150.tsp,polyak-smoothed,458,polyak-smoothed,458,26293.412922936637,26293.422967951079,26524
/Users/a/Ayanami/code/TSP/data/classic/tsplib/kroA150.tsp,polyak-smoothed,459,polyak-smoothed,459,26293.310206195041,26293.422967951079,26524
/Users/a/Ayanami/code/TSP/data/classic/tsplib/kroA150.tsp,polyak-smoothed,460,polyak-smoothed,460,26293.566873502699,26293.566873502699,26524
/Users/a/Ayanami/code/TSP/data/classic/tsplib/kroA150.tsp,polyak-smoothed,461,polyak-smoothed,461,26293.502811629016,26293.566873502699,26524
/Users/a/Ayanami/code/TSP/data/classic/tsplib/kroA150.tsp,polyak-smoothed,462,polyak-smoothed,462,26293.309087304166,26293.566873502699,26524
/Users/a/Ayanami/code/TSP/data/classic/tsplib/kroA150.tsp,polyak-smoothed,463,polyak-smoothed,463,26293.542323148598,26293.566873502699,26524
/Users/a/Ayanami/code/TSP/data/classic/tsplib/kroA150.tsp,polyak-smoothed,464,polyak-smoothed,464,26293.442818985841,26293.566873502699,26524
/Users/a/Ayanami/code/TSP/data/classic/tsplib/kroA150.tsp,polyak-smoothed,465,polyak-smoothed,465,26293.573013190664,26293.573013190664,26524
/Users/a/Ayanami/code/TSP/data/classic/tsplib/kroA150.tsp,polyak-smoothed,466,polyak-smoothed,466,26293.481557956464,26293.573013190664,26524
/Users/a/Ayanami/code/TSP/data/classic/tsplib/kroA150.tsp,polyak-smoothed,467,polyak-smoothed,467,26293.617246984129,26293.617246984129,26524
/Users/a/Ayanami/code/TSP/data/classic/tsplib/kroA150.tsp,polyak-smoothed,468,polyak-smoothed,468,26293.795664382782,26293.795664382782,26524
/Users/a/Ayanami/code/TSP/data/classic/tsplib/kroA150.tsp,polyak-smoothed,469,polyak-smoothed,469,26293.027113728764,26293.795664382782,26524
/Users/a/Ayanami/code/TSP/data/classic/tsplib/kroA150.tsp,polyak-smoothed,470,polyak-smoothed,470,26293.298329097899,26293.795664382782,26524
/Users/a/Ayanami/code/TSP/data/classic/tsplib/kroA150.tsp,polyak-smoothed,471,polyak-smoothed,471,26293.658880397961,26293.795664382782,26524
/Users/a/Ayanami/code/TSP/data/classic/tsplib/kroA150.tsp,polyak-smoothed,472,polyak-smoothed,472,26293.787060636052,26293.795664382782,26524
/Users/a/Ayanami/code/TSP/data/classic/tsplib/kroA150.tsp,polyak-smoothed,473,polyak-smoothed,473,26293.582822180688,26293.795664382782,26524
/Users/a/Ayanami/code/TSP/data/classic/tsplib/kroA150.tsp,polyak-smoothed,474,polyak-smoothed,474,26293.73712699968,26293.795664382782,26524
/Users/a/Ayanami/code/TSP/data/classic/tsplib/kroA150.tsp,polyak-smoothed,475,polyak-smoothed,475,26293.315169577974,26293.795664382782,26524
/Users/a/Ayanami/code/TSP/data/classic/tsplib/kroA150.tsp,polyak-smoothed,476,polyak-smoothed,476,26293.448426705778,26293.795664382782,26524
/Users/a/Ayanami/code/TSP/data/classic/tsplib/kroA150.tsp,polyak-smoothed,477,polyak-smoothed,477,26293.77635462227,26293.795664382782,26524
/Users/a/Ayanami/code/TSP/data/classic/tsplib/kroA150.tsp,polyak-smoothed,478,polyak-smoothed,478,26293.480490943231,26293.795664382782,26524
/Users/a/Ayanami/code/TSP/data/classic/tsplib/kroA150.tsp,polyak-smoothed,479,polyak-smoothed,479,26293.735981147132,26293.795664382782,26524
/Users/a/Ayanami/code/TSP/data/classic/tsplib/kroA150.tsp,polyak-smoothed,480,polyak-smoothed,480,26293.574475289261,26293.795664382782,26524
/Users/a/Ayanami/code/TSP/data/classic/tsplib/kroA150.tsp,polyak-smoothed,481,polyak-smoothed,481,26293.779273038996,26293.795664382782,26524
/Users/a/Ayanami/code/TSP/data/classic/tsplib/kroA150.tsp,polyak-smoothed,482,polyak-smoothed,482,26293.709484306124,26293.795664382782,26524
/Users/a/Ayanami/code/TSP/data/classic/tsplib/kroA150.tsp,polyak-smoothed,483,polyak-smoothed,483,26293.829978280191,26293.829978280191,26524
/Users/a/Ayanami/code/TSP/data/classic/tsplib/kroA150.tsp,polyak-smoothed,484,polyak-smoothed,484,26293.635885475109,26293.829978280191,26524
/Users/a/Ayanami/code/TSP/data/classic/tsplib/kroA150.tsp,polyak-smoothed,485,polyak-smoothed,485,26293.701508442628,26293.829978280191,26524
/Users/a/Ayanami/code/TSP/data/classic/tsplib/kroA150.tsp,polyak-smoothed,486,polyak-smoothed,486,26293.883407039306,26293.883407039306,26524
/Users/a/Ayanami/code/TSP/data/classic/tsplib/kroA150.tsp,polyak-smoothed,487,polyak-smoothed,487,26293.881354310746,26293.883407039306,26524
/Users/a/Ayanami/code/TSP/data/classic/tsplib/kroA150.tsp,polyak-smoothed,488,polyak-smoothed,488,26293.838299008512,26293.883407039306,26524
/Users/a/Ayanami/code/TSP/data/classic/tsplib/kroA150.tsp,polyak-smoothed,489,polyak-smoothed,489,26293.818180369675,26293.883407039306,26524
/Users/a/Ayanami/code/TSP/data/classic/tsplib/kroA150.tsp,polyak-smoothed,490,polyak-smoothed,490,26293.846717040618,26293.883407039306,26524
/Users/a/Ayanami/code/TSP/data/classic/tsplib/kroA150.tsp,polyak-smoothed,491,polyak-smoothed,491,26293.823535822408,26293.883407039306,26524
/Users/a/Ayanami/code/TSP/data/classic/tsplib/kroA150.tsp,polyak-smoothed,492,polyak-smoothed,492,26293.836476318265,26293.883407039306,26524
/Users/a/Ayanami/code/TSP/data/classic/tsplib/kroA150.tsp,polyak-smoothed,493,polyak-smoothed,493,26293.922202209607,26293.922202209607,26524
/Users/a/Ayanami/code/TSP/data/classic/tsplib/kroA150.tsp,polyak-smoothed,494,polyak-smoothed,494,26293.747088822896,26293.922202209607,26524
/Users/a/Ayanami/code/TSP/data/classic/tsplib/kroA150.tsp,polyak-smoothed,495,polyak-smoothed,495,26293.825796782068,26293.922202209607,26524
/Users/a/Ayanami/code/TSP/data/classic/tsplib/kroA150.tsp,polyak-smoothed,496,polyak-smoothed,496,26293.802027600479,26293.922202209607,26524
/Users/a/Ayanami/code/TSP/data/classic/tsplib/kroA150.tsp,polyak-smoothed,497,polyak-smoothed,497,26293.880344313813,26293.922202209607,26524
/Users/a/Ayanami/code/TSP/data/classic/tsplib/kroA150.tsp,polyak-smoothed,498,polyak-smoothed,498,26293.911614120665,26293.922202209607,26524
/Users/a/Ayanami/code/TSP/data/classic/tsplib/kroA150.tsp,polyak-smoothed,499,polyak-smoothed,499,26293.973756278585,26293.973756278585,26524
/Users/a/Ayanami/code/TSP/data/classic/tsplib/kroA150.tsp,polyak-smoothed,500,polyak-smoothed,500,26293.833019946713,26293.973756278585,26524
/Users/a/Ayanami/code/TSP/data/classic/tsplib/kroA150.tsp,polyak-smoothed,501,polyak-smoothed,501,26293.931348117345,26293.973756278585,26524
/Users/a/Ayanami/code/TSP/data/classic/tsplib/kroA150.tsp,polyak-smoothed,502,polyak-smoothed,502,26293.888426557693,26293.973756278585,26524
/Users/a/Ayanami/code/TSP/data/classic/tsplib/kroA150.tsp,polyak-smoothed,503,polyak-smoothed,503,26293.921902815084,26293.973756278585,26524
/Users/a/Ayanami/code/TSP/data/classic/tsplib/kroA150.tsp,polyak-smoothed,504,polyak-smoothed,504,26294.017932742223,26294.017932742223,26524
/Users/a/Ayanami/code/TSP/data/classic/tsplib/kroA150.tsp,polyak-smoothed,505,polyak-smoothed,505,26293.83553416454,26294.017932742223,26524
/Users/a/Ayanami/code/TSP/data/classic/tsplib/kroA150.tsp,polyak-smoothed,506,polyak-smoothed,506,26293.911863060155,26294.017932742223,26524
/Users/a/Ayanami/code/TSP/data/classic/tsplib/kroA150.tsp,polyak-smoothed,507,polyak-smoothed,507,26293.969712898412,26294.017932742223,26524
/Users/a/Ayanami/code/TSP/data/classic/tsplib/kroA150.tsp,polyak-smoothed,508,polyak-smoothed,508,26294.03322814608,26294.03322814608,26524
/Users/a/Ayanami/code/TSP/data/classic/tsplib/kroA150.tsp,polyak-smoothed,509,polyak-smoothed,509,26293.988768420702,26294.03322814608,26524
/Users/a/Ayanami/code/TSP/data/classic/tsplib/kroA150.tsp,polyak-smoothed,510,polyak-smoothed,510,26294.002899333427,26294.03322814608,26524
/Users/a/Ayanami/code/TSP/data/classic/tsplib/kroA150.tsp,polyak-smoothed,511,polyak-smoothed,511,26294.002785846638,26294.03322814608,26524
/Users/a/Ayanami/code/TSP/data/classic/tsplib/kroA150.tsp,polyak-smoothed,512,polyak-smoothed,512,26294.012401028958,26294.03322814608,26524
/Users/a/Ayanami/code/TSP/data/classic/tsplib/kroA150.tsp,polyak-smoothed,513,polyak-smoothed,513,26293.94795732314,26294.03322814608,26524
/Users/a/Ayanami/code/TSP/data/classic/tsplib/kroA150.tsp,polyak-smoothed,514,polyak-smoothed,514,26293.981159208332,26294.03322814608,26524
/Users/a/Ayanami/code/TSP/data/classic/tsplib/kroA150.tsp,polyak-smoothed,515,polyak-smoothed,515,26294.032612495015,26294.03322814608,26524
/Users/a/Ayanami/code/TSP/data/classic/tsplib/kroA150.tsp,polyak-smoothed,516,polyak-smoothed,516,26294.068103869795,26294.068103869795,26524
/Users/a/Ayanami/code/TSP/data/classic/tsplib/kroA150.tsp,polyak-smoothed,517,polyak-smoothed,517,26294.016903789237,26294.068103869795,26524
/Users/a/Ayanami/code/TSP/data/classic/tsplib/kroA150.tsp,polyak-smoothed,518,polyak-smoothed,518,26294.013397037987,26294.068103869795,26524
/Users/a/Ayanami/code/TSP/data/classic/tsplib/kroA150.tsp,polyak-smoothed,519,polyak-smoothed,519,26293.975088788979,26294.068103869795,26524
/Users/a/Ayanami/code/TSP/data/classic/tsplib/kroA150.tsp,polyak-smoothed,520,polyak-smoothed,520,26293.988554555559,26294.068103869795,26524
/Users/a/Ayanami/code/TSP/data/classic/tsplib/kroA150.tsp,polyak-smoothed,521,polyak-smoothed,521,26294.039773843328,26294.068103869795,26524
/Users/a/Ayanami/code/TSP/data/classic/tsplib/kroA150.tsp,polyak-smoothed,522,polyak-smoothed,522,26293.957287711197,26294.068103869795,26524
/Users/a/Ayanami/code/TSP/data/classic/tsplib/kroA150.tsp,polyak-smoothed,523,polyak-smoothed,523,26294.000249398181,26294.068103869795,26524
/Users/a/Ayanami/code/TSP/data/classic/tsplib/kroA150.tsp,polyak-smoothed,524,polyak-smoothed,524,26294.050732738469,26294.068103869795,26524
/Users/a/Ayanami/code/TSP/data/classic/tsplib/kroA150.tsp,polyak-smoothed,525,polyak-smoothed,525,26294.073634929086,26294.073634929086,26524
/Users/a/Ayanami/code/TSP/data/classic/tsplib/kroA150.tsp,polyak-smoothed,526,polyak-smoothed,526,26293.901892843896,26294.073634929086,26524
/Users/a/Ayanami/code/TSP/data/classic/tsplib/kroA150.tsp,polyak-smoothed,527,polyak-smoothed,527,26293.981743875724,26294.073634929086,26524
/Users/a/Ayanami/code/TSP/data/classic/tsplib/kroA150.tsp,polyak-smoothed,528,polyak-smoothed,528,26294.026036075498,26294.073634929086,26524
/Users/a/Ayanami/code/TSP/data/classic/tsplib/kroA150.tsp,polyak-smoothed,529,polyak-smoothed,529,26294.036658775542,26294.073634929086,26524
/Users/a/Ayanami/code/TSP/data/classic/tsplib/kroA150.tsp,polyak-smoothed,530,polyak-smoothed,530,26294.090294450969,26294.090294450969,26524
/Users/a/Ayanami/code/TSP/data/classic/tsplib/kroA150.tsp,polyak-smoothed,531,polyak-smoothed,531,26293.975941768625,26294.090294450969,26524
/Users/a/Ayanami/code/TSP/data/classic/tsplib/kroA150.tsp,polyak-smoothed,532,polyak-smoothed,532,26294.074314731701,26294.090294450969,26524
/Users/a/Ayanami/code/TSP/data/classic/tsplib/kroA150.tsp,polyak-smoothed,533,polyak-smoothed,533,26294.01042925303,26294.090294450969,26524
/Users/a/Ayanami/code/TSP/data/classic/tsplib/kroA150.tsp,polyak-smoothed,534,polyak-smoothed,534,26294.089896680354,26294.090294450969,26524
/Users/a/Ayanami/code/TSP/data/classic/tsplib/kroA150.tsp,polyak-smoothed,535,polyak-smoothed,535,26294.077821557505,26294.090294450969,26524
/Users/a/Ayanami/code/TSP/data/classic/tsplib/kroA150.tsp,polyak-smoothed,536,polyak-smoothed,536,26294.034867323324,26294.090294450969,26524
/Users/a/Ayanami/code/TSP/data/classic/tsplib/kroA150.tsp,polyak-smoothed,537,polyak-smoothed,537,26294.130275741212,26294.130275741212,26524
/Users/a/Ayanami/code/TSP/data/classic/tsplib/kroA150.tsp,polyak-smoothed,538,polyak-smoothed,538,26293.987351035605,26294.130275741212,26524
/Users/a/Ayanami/code/TSP/data/classic/tsplib/kroA150.tsp,polyak-smoothed,539,polyak-smoothed,539,26294.043124464053,26294.130275741212,26524
/Users/a/Ayanami/code/TSP/data/classic/tsplib/kroA150.tsp,polyak-smoothed,540,polyak-smoothed,540,26294.078018222503,26294.130275741212,26524
/Users/a/Ayanami/code/TSP/data/classic/tsplib/kroA150.tsp,polyak-smoothed,541,polyak-smoothed,541,26294.096471677167,26294.130275741212,26524
/Users/a/Ayanami/code/TSP/data/classic/tsplib/kroA150.tsp,polyak-smoothed,542,polyak-smoothed,542,26294.036032655054,26294.130275741212,26524
/Users/a/Ayanami/code/TSP/data/classic/tsplib/kroA150.tsp,polyak-smoothed,543,polyak-smoothed,543,26294.11126681422,26294.130275741212,26524
/Users/a/Ayanami/code/TSP/data/classic/tsplib/kroA150.tsp,polyak-smoothed,544,polyak-smoothed,544,26294.06017992755,26294.130275741212,26524
/Users/a/Ayanami/code/TSP/data/classic/tsplib/kroA150.tsp,polyak-smoothed,545,polyak-smoothed,545,26294.132612294248,26294.132612294248,26524
/Users/a/Ayanami/code/TSP/data/classic/tsplib/kroA150.tsp,polyak-smoothed,546,polyak-smoothed,546,26294.051846699625,26294.132612294248,26524
/Users/a/Ayanami/code/TSP/data/classic/tsplib/kroA150.tsp,polyak-smoothed,547,polyak-smoothed,547,26294.143789563204,26294.143789563204,26524
/Users/a/Ayanami/code/TSP/data/classic/tsplib/kroA150.tsp,polyak-smoothed,548,polyak-smoothed,548,26294.127278476459,26294.143789563204,26524
/Users/a/Ayanami/code/TSP/data/classic/tsplib/kroA150.tsp,polyak-smoothed,549,polyak-smoothed,549,26294.012132808257,26294.143789563204,26524
/Users/a/Ayanami/code/TSP/data/classic/tsplib/kroA150.tsp,polyak-smoothed,550,polyak-smoothed,550,26294.127762399552,26294.143789563204,26524
/Users/a/Ayanami/code/TSP/data/classic/tsplib/kroA150.tsp,polyak-smoothed,551,polyak-smoothed,551,26294.053561403744,26294.143789563204,26524
/Users/a/Ayanami/code/TSP/data/classic/tsplib/kroA150.tsp,polyak-smoothed,552,polyak-smoothed,552,26293.99574254543,26294.143789563204,26524
/Users/a/Ayanami/code/TSP/data/classic/tsplib/kroA150.tsp,polyak-smoothed,553,polyak-smoothed,553,26294.141140075517,26294.143789563204,26524
/Users/a/Ayanami/code/TSP/data/classic/tsplib/kroA150.tsp,polyak-smoothed,554,polyak-smoothed,554,26294.174800155481,26294.174800155481,26524
/Users/a/Ayanami/code/TSP/data/classic/tsplib/kroA150.tsp,polyak-smoothed,555,polyak-smoothed,555,26294.160795605258,26294.174800155481,26524
/Users/a/Ayanami/code/TSP/data/classic/tsplib/kroA150.tsp,polyak-smoothed,556,polyak-smoothed,556,26294.114591470468,26294.174800155481,26524
/Users/a/Ayanami/code/TSP/data/classic/tsplib/kroA150.tsp,polyak-smoothed,557,polyak-smoothed,557,26294.156861261508,26294.174800155481,26524
/Users/a/Ayanami/code/TSP/data/classic/tsplib/kroA150.tsp,polyak-smoothed,558,polyak-smoothed,558,26294.12436726227,26294.174800155481,26524
/Users/a/Ayanami/code/TSP/data/classic/tsplib/kroA150.tsp,polyak-smoothed,559,polyak-smoothed,559,26294.172938740296,26294.174800155481,26524
/Users/a/Ayanami/code/TSP/data/classic/tsplib/kroA150.tsp,polyak-smoothed,560,polyak-smoothed,560,26294.074973620784,26294.174800155481,26524
/Users/a/Ayanami/code/TSP/data/classic/tsplib/kroA150.tsp,polyak-smoothed,561,polyak-smoothed,561,26294.143552201604,26294.174800155481,26524
/Users/a/Ayanami/code/TSP/data/classic/tsplib/kroA150.tsp,polyak-smoothed,562,polyak-smoothed,562,26294.07247622099,26294.174800155481,26524
/Users/a/Ayanami/code/TSP/data/classic/tsplib/kroA150.tsp,polyak-smoothed,563,polyak-smoothed,563,26294.205086215421,26294.205086215421,26524
/Users/a/Ayanami/code/TSP/data/classic/tsplib/kroA150.tsp,polyak-smoothed,564,polyak-smoothed,564,26293.850507429932,26294.205086215421,26524
/Users/a/Ayanami/code/TSP/data/classic/tsplib/kroA150.tsp,polyak-smoothed,565,polyak-smoothed,565,26294.013482719452,26294.205086215421,26524
/Users/a/Ayanami/code/TSP/data/classic/tsplib/kroA150.tsp,polyak-smoothed,566,polyak-smoothed,566,26294.062608084216,26294.205086215421,26524
/Users/a/Ayanami/code/TSP/data/classic/tsplib/kroA150.tsp,polyak-smoothed,567,polyak-smoothed,567,26294.147609169238,26294.205086215421,26524
/Users/a/Ayanami/code/TSP/data/classic/tsplib/kroA150.tsp,polyak-smoothed,568,polyak-smoothed,568,26294.174786849795,26294.205086215421,26524
/Users/a/Ayanami/code/TSP/data/classic/tsplib/kroA150.tsp,polyak-smoothed,569,polyak-smoothed,569,26294.148120994898,26294.205086215421,26524
/Users/a/Ayanami/code/TSP/data/classic/tsplib/kroA150.tsp,polyak-smoothed,570,polyak-smoothed,570,26294.094361161347,26294.205086215421,26524
/Users/a/Ayanami/code/TSP/data/classic/tsplib/kroA150.tsp,polyak-smoothed,571,polyak-smoothed,571,26294.145581129163,26294.205086215421,26524
/Users/a/Ayanami/code/TSP/data/classic/tsplib/kroA150.tsp,polyak-smoothed,572,polyak-smoothed,572,26294.175622291325,26294.205086215421,26524
/Users/a/Ayanami/code/TSP/data/classic/tsplib/kroA150.tsp,polyak-smoothed,573,polyak-smoothed,573,26294.187239578521,26294.205086215421,26524
/Users/a/Ayanami/code/TSP/data/classic/tsplib/kroA150.tsp,polyak-smoothed,574,polyak-smoothed,574,26294.159318847167,26294.205086215421,26524
/Users/a/Ayanami/code/TSP/data/classic/tsplib/kroA150.tsp,polyak-smoothed,575,polyak-smoothed,575,26294.205530800358,26294.205530800358,26524
/Users/a/Ayanami/code/TSP/data/classic/tsplib/kroA150.tsp,polyak-smoothed,576,polyak-smoothed,576,26294.182072233576,26294.205530800358,26524
/Users/a/Ayanami/code/TSP/data/classic/tsplib/kroA150.tsp,polyak-smoothed,577,polyak-smoothed,577,26294.128558170287,26294.205530800358,26524
/Users/a/Ayanami/code/TSP/data/classic/tsplib/kroA150.tsp,polyak-smoothed,578,polyak-smoothed,578,26294.096513228862,26294.205530800358,26524
/Users/a/Ayanami/code/TSP/data/classic/tsplib/kroA150.tsp,polyak-smoothed,579,polyak-smoothed,579,26294.247074117837,26294.247074117837,26524
/Users/a/Ayanami/code/TSP/data/classic/tsplib/kroA150.tsp,polyak-smoothed,580,polyak-smoothed,580,26294.191784978186,26294.247074117837,26524
/Users/a/Ayanami/code/TSP/data/classic/tsplib/kroA150.tsp,polyak-smoothed,581,polyak-smoothed,581,26294.217643254393,26294.247074117837,26524
/Users/a/Ayanami/code/TSP/data/classic/tsplib/kroA150.tsp,polyak-smoothed,582,polyak-smoothed,582,26293.892806995827,26294.247074117837,26524
/Users/a/Ayanami/code/TSP/data/classic/tsplib/kroA150.tsp,polyak-smoothed,583,polyak-smoothed,583,26294.063187820291,26294.247074117837,26524
/Users/a/Ayanami/code/TSP/data/classic/tsplib/kroA150.tsp,polyak-smoothed,584,polyak-smoothed,584,26294.120154953245,26294.247074117837,26524
/Users/a/Ayanami/code/TSP/data/classic/tsplib/kroA150.tsp,polyak-smoothed,585,polyak-smoothed,585,26294.210677725961,26294.247074117837,26524
/Users/a/Ayanami/code/TSP/data/classic/tsplib/kroA150.tsp,polyak-smoothed,586,polyak-smoothed,586,26294.156147671158,26294.247074117837,26524
/Users/a/Ayanami/code/TSP/data/classic/tsplib/kroA150.tsp,polyak-smoothed,587,polyak-smoothed,587,26294.245941900816,26294.247074117837,26524
/Users/a/Ayanami/code/TSP/data/classic/tsplib/kroA150.tsp,polyak-smoothed,588,polyak-smoothed,588,26293.933269820904,26294.247074117837,26524
/Users/a/Ayanami/code/TSP/data/classic/tsplib/kroA150.tsp,polyak-smoothed,589,polyak-smoothed,589,26294.108750208597,26294.247074117837,26524
/Users/a/Ayanami/code/TSP/data/classic/tsplib/kroA150.tsp,polyak-smoothed,590,polyak-smoothed,590,26294.126302360844,26294.247074117837,26524
/Users/a/Ayanami/code/TSP/data/classic/tsplib/kroA150.tsp,polyak-smoothed,591,polyak-smoothed,591,26294.231556586368,26294.247074117837,26524
/Users/a/Ayanami/code/TSP/data/classic/tsplib/kroA150.tsp,polyak-smoothed,592,polyak-smoothed,592,26294.109683835533,26294.247074117837,26524
/Users/a/Ayanami/code/TSP/data/classic/tsplib/kroA150.tsp,polyak-smoothed,593,polyak-smoothed,593,26294.158302745618,26294.247074117837,26524
/Users/a/Ayanami/code/TSP/data/classic/tsplib/kroA150.tsp,polyak-smoothed,594,polyak-smoothed,594,26294.234935862616,26294.247074117837,26524
/Users/a/Ayanami/code/TSP/data/classic/tsplib/kroA150.tsp,polyak-smoothed,595,polyak-smoothed,595,26294.259157180175,26294.259157180175,26524
/Users/a/Ayanami/code/TSP/data/classic/tsplib/kroA150.tsp,polyak-smoothed,596,polyak-smoothed,596,26294.255792662527,26294.259157180175,26524
/Users/a/Ayanami/code/TSP/data/classic/tsplib/kroA150.tsp,polyak-smoothed,597,polyak-smoothed,597,26294.25904374968,26294.259157180175,26524
/Users/a/Ayanami/code/TSP/data/classic/tsplib/kroA150.tsp,polyak-smoothed,598,polyak-smoothed,598,26294.280400393895,26294.280400393895,26524
/Users/a/Ayanami/code/TSP/data/classic/tsplib/kroA150.tsp,polyak-smoothed,599,polyak-smoothed,599,26294.216967548316,26294.280400393895,26524
/Users/a/Ayanami/code/TSP/data/classic/tsplib/kroA150.tsp,polyak-smoothed,600,polyak-smoothed,600,26294.265964068451,26294.280400393895,26524
/Users/a/Ayanami/code/TSP/data/classic/tsplib/kroA150.tsp,polyak-smoothed,601,polyak-smoothed,601,26294.261378241132,26294.280400393895,26524
/Users/a/Ayanami/code/TSP/data/classic/tsplib/kroA150.tsp,polyak-smoothed,602,polyak-smoothed,602,26294.288348240723,26294.288348240723,26524
/Users/a/Ayanami/code/TSP/data/classic/tsplib/kroA150.tsp,polyak-smoothed,603,polyak-smoothed,603,26294.24061157601,26294.288348240723,26524
/Users/a/Ayanami/code/TSP/data/classic/tsplib/kroA150.tsp,polyak-smoothed,604,polyak-smoothed,604,26294.283265130951,26294.288348240723,26524
/Users/a/Ayanami/code/TSP/data/classic/tsplib/kroA150.tsp,polyak-smoothed,605,polyak-smoothed,605,26294.214263212947,26294.288348240723,26524
/Users/a/Ayanami/code/TSP/data/classic/tsplib/kroA150.tsp,polyak-smoothed,606,polyak-smoothed,606,26294.256663619923,26294.288348240723,26524
/Users/a/Ayanami/code/TSP/data/classic/tsplib/kroA150.tsp,polyak-smoothed,607,polyak-smoothed,607,26294.185606672014,26294.288348240723,26524
/Users/a/Ayanami/code/TSP/data/classic/tsplib/kroA150.tsp,polyak-smoothed,608,polyak-smoothed,608,26294.263437449485,26294.288348240723,26524
/Users/a/Ayanami/code/TSP/data/classic/tsplib/kroA150.tsp,polyak-smoothed,609,polyak-smoothed,609,26294.225440821949,26294.288348240723,26524
/Users/a/Ayanami/code/TSP/data/classic/tsplib/kroA150.tsp,polyak-smoothed,610,polyak-smoothed,610,26294.261418754933,26294.288348240723,26524
/Users/a/Ayanami/code/TSP/data/classic/tsplib/kroA150.tsp,polyak-smoothed,611,polyak-smoothed,611,26294.301395295959,26294.301395295959,26524
/Users/a/Ayanami/code/TSP/data/classic/tsplib/kroA150.tsp,polyak-smoothed,612,polyak-smoothed,612,26294.27653318024,26294.301395295959,26524
/Users/a/Ayanami/code/TSP/data/classic/tsplib/kroA150.tsp,polyak-smoothed,613,polyak-smoothed,613,26294.299211791156,26294.301395295959,26524
/Users/a/Ayanami/code/TSP/data/classic/tsplib/kroA150.tsp,polyak-smoothed,614,polyak-smoothed,614,26294.222667005408,26294.301395295959,26524
/Users/a/Ayanami/code/TSP/data/classic/tsplib/kroA150.tsp,polyak-smoothed,615,polyak-smoothed,615,26294.263305112425,26294.301395295959,26524
/Users/a/Ayanami/code/TSP/data/classic/tsplib/kroA150.tsp,polyak-smoothed,616,polyak-smoothed,616,26294.212399276799,26294.301395295959,26524
/Users/a/Ayanami/code/TSP/data/classic/tsplib/kroA150.tsp,polyak-smoothed,617,polyak-smoothed,617,26294.26644098504,26294.301395295959,26524
/Users/a/Ayanami/code/TSP/data/classic/tsplib/kroA150.tsp,polyak-smoothed,618,polyak-smoothed,618,26294.265425076825,26294.301395295959,26524
/Users/a/Ayanami/code/TSP/data/classic/tsplib/kroA150.tsp,polyak-smoothed,619,polyak-smoothed,619,26294.303273844132,26294.303273844132,26524
/Users/a/Ayanami/code/TSP/data/classic/tsplib/kroA150.tsp,polyak-smoothed,620,polyak-smoothed,620,26294.259692251406,26294.303273844132,26524
/Users/a/Ayanami/code/TSP/data/classic/tsplib/kroA150.tsp,polyak-smoothed,621,polyak-smoothed,621,26294.260776019852,26294.303273844132,26524
/Users/a/Ayanami/code/TSP/data/classic/tsplib/kroA150.tsp,polyak-smoothed,622,polyak-smoothed,622,26294.301759560934,26294.303273844132,26524
/Users/a/Ayanami/code/TSP/data/classic/tsplib/kroA150.tsp,polyak-smoothed,623,polyak-smoothed,623,26294.298997278936,26294.303273844132,26524
/Users/a/Ayanami/code/TSP/data/classic/tsplib/kroA150.tsp,polyak-smoothed,624,polyak-smoothed,624,26294.316771869333,26294.316771869333,26524
/Users/a/Ayanami/code/TSP/data/classic/tsplib/kroA150.tsp,polyak-smoothed,625,polyak-smoothed,625,26294.318739510963,26294.318739510963,26524
/Users/a/Ayanami/code/TSP/data/classic/tsplib/kroA150.tsp,polyak-smoothed,626,polyak-smoothed,626,26294.276891592555,26294.318739510963,26524
/Users/a/Ayanami/code/TSP/data/classic/tsplib/kroA150.tsp,polyak-smoothed,627,polyak-smoothed,627,26294.299554347668,26294.318739510963,26524
/Users/a/Ayanami/code/TSP/data/classic/tsplib/kroA150.tsp,polyak-smoothed,628,polyak-smoothed,628,26294.285111683592,26294.318739510963,26524
/Users/a/Ayanami/code/TSP/data/classic/tsplib/kroA150.tsp,polyak-smoothed,629,polyak-smoothed,629,26294.321345410866,26294.321345410866,26524
/Users/a/Ayanami/code/TSP/data/classic/tsplib/kroA150.tsp,polyak-smoothed,630,polyak-smoothed,630,26294.284571798151,26294.321345410866,26524
/Users/a/Ayanami/code/TSP/data/classic/tsplib/kroA150.tsp,polyak-smoothed,631,polyak-smoothed,631,26294.312174213293,26294.321345410866,26524
/Users/a/Ayanami/code/TSP/data/classic/tsplib/kroA150.tsp,polyak-smoothed,632,polyak-smoothed,632,26294.324408041739,26294.324408041739,26524
/Users/a/Ayanami/code/TSP/data/classic/tsplib/kroA150.tsp,polyak-smoothed,633,polyak-smoothed,633,26294.238421080059,26294.324408041739,26524
/Users/a/Ayanami/code/TSP/data/classic/tsplib/kroA150.tsp,polyak-smoothed,634,polyak-smoothed,634,26294.317091298144,26294.324408041739,26524
/Users/a/Ayanami/code/TSP/data/classic/tsplib/kroA150.tsp,polyak-smoothed,635,polyak-smoothed,635,26294.242372748045,26294.324408041739,26524
/Users/a/Ayanami/code/TSP/data/classic/tsplib/kroA150.tsp,polyak-smoothed,636,polyak-smoothed,636,26294.313527937848,26294.324408041739,26524
/Users/a/Ayanami/code/TSP/data/classic/tsplib/kroA150.tsp,polyak-smoothed,637,polyak-smoothed,637,26294.282156356352,26294.324408041739,26524
/Users/a/Ayanami/code/TSP/data/classic/tsplib/kroA150.tsp,polyak-smoothed,638,polyak-smoothed,638,26294.288570604582,26294.324408041739,26524
/Users/a/Ayanami/code/TSP/data/classic/tsplib/kroA150.tsp,polyak-smoothed,639,polyak-smoothed,639,26294.315447759374,26294.324408041739,26524
/Users/a/Ayanami/code/TSP/data/classic/tsplib/kroA150.tsp,polyak-smoothed,640,polyak-smoothed,640,26294.325539278852,26294.325539278852,26524
/Users/a/Ayanami/code/TSP/data/classic/tsplib/kroA150.tsp,polyak-smoothed,641,polyak-smoothed,641,26294.338269429816,26294.338269429816,26524
/Users/a/Ayanami/code/TSP/data/classic/tsplib/kroA150.tsp,polyak-smoothed,642,polyak-smoothed,642,26294.277195659648,26294.338269429816,26524
/Users/a/Ayanami/code/TSP/data/classic/tsplib/kroA150.tsp,polyak-smoothed,643,polyak-smoothed,643,26294.319403728925,26294.338269429816,26524
/Users/a/Ayanami/code/TSP/data/classic/tsplib/kroA150.tsp,polyak-smoothed,644,polyak-smoothed,644,26294.214808629884,26294.338269429816,26524
/Users/a/Ayanami/code/TSP/data/classic/tsplib/kroA150.tsp,polyak-smoothed,645,polyak-smoothed,645,26294.265944134742,26294.338269429816,26524
/Users/a/Ayanami/code/TSP/data/classic/tsplib/kroA150.tsp,polyak-smoothed,646,polyak-smoothed,646,26294.333808553642,26294.338269429816,26524
/Users/a/Ayanami/code/TSP/data/classic/tsplib/kroA150.tsp,polyak-smoothed,647,polyak-smoothed,647,26294.358292844216,26294.358292844216,26524
/Users/a/Ayanami/code/TSP/data/classic/tsplib/kroA150.tsp,polyak-smoothed,648,polyak-smoothed,648,26294.273524826331,26294.358292844216,26524
/Users/a/Ayanami/code/TSP/data/classic/tsplib/kroA150.tsp,polyak-smoothed,649,polyak-smoothed,649,26294.315859797927,26294.358292844216,26524
/Users/a/Ayanami/code/TSP/data/classic/tsplib/kroA150.tsp,polyak-smoothed,650,polyak-smoothed,650,26294.318699607225,26294.358292844216,26524
/Users/a/Ayanami/code/TSP/data/classic/tsplib/kroA150.tsp,polyak-smoothed,651,polyak-smoothed,651,26294.352664542381,26294.358292844216,26524
/Users/a/Ayanami/code/TSP/data/classic/tsplib/kroA150.tsp,polyak-smoothed,652,polyak-smoothed,652,26294.330559102782,26294.358292844216,26524
/Users/a/Ayanami/code/TSP/data/classic/tsplib/kroA150.tsp,polyak-smoothed,653,polyak-smoothed,653,26294.331533412795,26294.358292844216,26524
/Users/a/Ayanami/code/TSP/data/classic/tsplib/kroA150.tsp,polyak-smoothed,654,polyak-smoothed,654,26294.336470534257,26294.358292844216,26524
/Users/a/Ayanami/code/TSP/data/classic/tsplib/kroA150.tsp,polyak-smoothed,655,polyak-smoothed,655,26294.369938807107,26294.369938807107,26524
/Users/a/Ayanami/code/TSP/data/classic/tsplib/kroA150.tsp,polyak-smoothed,656,polyak-smoothed,656,26294.321747889964,26294.369938807107,26524
/Users/a/Ayanami/code/TSP/data/classic/tsplib/kroA150.tsp,polyak-smoothed,657,polyak-smoothed,657,26294.378548888093,26294.378548888093,26524
/Users/a/Ayanami/code/TSP/data/classic/tsplib/kroA150.tsp,polyak-smoothed,658,polyak-smoothed,658,26294.203765989994,26294.378548888093,26524
/Users/a/Ayanami/code/TSP/data/classic/tsplib/kroA150.tsp,polyak-smoothed,659,polyak-smoothed,659,26294.281417634265,26294.378548888093,26524
/Users/a/Ayanami/code/TSP/data/classic/tsplib/kroA150.tsp,polyak-smoothed,660,polyak-smoothed,660,26294.326229761151,26294.378548888093,26524
/Users/a/Ayanami/code/TSP/data/classic/tsplib/kroA150.tsp,polyak-smoothed,661,polyak-smoothed,661,26294.353311928782,26294.378548888093,26524
/Users/a/Ayanami/code/TSP/data/classic/tsplib/kroA150.tsp,polyak-smoothed,662,polyak-smoothed,662,26294.357113462884,26294.378548888093,26524
/Users/a/Ayanami/code/TSP/data/classic/tsplib/kroA150.tsp,polyak-smoothed,663,polyak-smoothed,663,26294.296851953695,26294.378548888093,26524
/Users/a/Ayanami/code/TSP/data/classic/tsplib/kroA150.tsp,polyak-smoothed,664,polyak-smoothed,664,26294.34783295972,26294.378548888093,26524
/Users/a/Ayanami/code/TSP/data/classic/tsplib/kroA150.tsp,polyak-smoothed,665,polyak-smoothed,665,26294.340094662439,26294.378548888093,26524
/Users/a/Ayanami/code/TSP/data/classic/tsplib/kroA150.tsp,polyak-smoothed,666,polyak-smoothed,666,26294.354276110538,26294.378548888093,26524
/Users/a/Ayanami/code/TSP/data/classic/tsplib/kroA150.tsp,polyak-smoothed,667,polyak-smoothed,667,26294.327955203429,26294.378548888093,26524
/Users/a/Ayanami/code/TSP/data/classic/tsplib/kroA150.tsp,polyak-smoothed,668,polyak-smoothed,668,26294.326248408219,26294.378548888093,26524
/Users/a/Ayanami/code/TSP/data/classic/tsplib/kroA150.tsp,polyak-smoothed,669,polyak-smoothed,669,26294.345791969597,26294.378548888093,26524
/Users/a/Ayanami/code/TSP/data/classic/tsplib/kroA150.tsp,polyak-smoothed,670,polyak-smoothed,670,26294.378317358529,26294.378548888093,26524
/Users/a/Ayanami/code/TSP/data/classic/tsplib/kroA150.tsp,polyak-smoothed,671,polyak-smoothed,671,26294.383704197629,26294.383704197629,26524
/Users/a/Ayanami/code/TSP/data/classic/tsplib/kroA150.tsp,polyak-smoothed,672,polyak-smoothed,672,26294.359705054569,26294.383704197629,26524
/Users/a/Ayanami/code/TSP/data/classic/tsplib/kroA150.tsp,polyak-smoothed,673,polyak-smoothed,673,26294.401133689851,26294.401133689851,26524
/Users/a/Ayanami/code/TSP/data/classic/tsplib/kroA150.tsp,polyak-smoothed,674,polyak-smoothed,674,26294.356378157278,26294.401133689851,26524
/Users/a/Ayanami/code/TSP/data/classic/tsplib/kroA150.tsp,polyak-smoothed,675,polyak-smoothed,675,26294.367947889634,26294.401133689851,26524
/Users/a/Ayanami/code/TSP/data/classic/tsplib/kroA150.tsp,polyak-smoothed,676,polyak-smoothed,676,26294.401440643887,26294.401440643887,26524
/Users/a/Ayanami/code/TSP/data/classic/tsplib/kroA150.tsp,polyak-smoothed,677,polyak-smoothed,677,26294.391360381684,26294.401440643887,26524
/Users/a/Ayanami/code/TSP/data/classic/tsplib/kroA150.tsp,polyak-smoothed,678,polyak-smoothed,678,26294.394255686297,26294.401440643887,26524
/Users/a/Ayanami/code/TSP/data/classic/tsplib/kroA150.tsp,polyak-smoothed,679,polyak-smoothed,679,26294.3695295572,26294.401440643887,26524
/Users/a/Ayanami/code/TSP/data/classic/tsplib/kroA150.tsp,polyak-smoothed,680,polyak-smoothed,680,26294.391543448055,26294.401440643887,26524
/Users/a/Ayanami/code/TSP/data/classic/tsplib/kroA150.tsp,polyak-smoothed,681,polyak-smoothed,681,26294.364634133133,26294.401440643887,26524
/Users/a/Ayanami/code/TSP/data/classic/tsplib/kroA150.tsp,polyak-smoothed,682,polyak-smoothed,682,26294.381049406202,26294.401440643887,26524
/Users/a/Ayanami/code/TSP/data/classic/tsplib/kroA150.tsp,polyak-smoothed,683,polyak-smoothed,683,26294.402673819077,26294.402673819077,26524
/Users/a/Ayanami/code/TSP/data/classic/tsplib/kroA150.tsp,polyak-smoothed,684,polyak-smoothed,684,26294.403436861336,26294.403436861336,26524
/Users/a/Ayanami/code/TSP/data/classic/tsplib/kroA150.tsp,polyak-smoothed,685,polyak-smoothed,685,26294.382478457599,26294.403436861336,26524
/Users/a/Ayanami/code/TSP/data/classic/tsplib/kroA150.tsp,polyak-smoothed,686,polyak-smoothed,686,26294.382116697408,26294.403436861336,26524
/Users/a/Ayanami/code/TSP/data/classic/tsplib/kroA150.tsp,polyak-smoothed,687,polyak-smoothed,687,26294.405755290689,26294.405755290689,26524
/Users/a/Ayanami/code/TSP/data/classic/tsplib/kroA150.tsp,polyak-smoothed,688,polyak-smoothed,688,26294.40956470223,26294.40956470223,26524
/Users/a/Ayanami/code/TSP/data/classic/tsplib/kroA150.tsp,polyak-smoothed,689,polyak-smoothed,689,26294.408418883391,26294.40956470223,26524
/Users/a/Ayanami/code/TSP/data/classic/tsplib/kroA150.tsp,polyak-smoothed,690,polyak-smoothed,690,26294.420903911949,26294.420903911949,26524
/Users/a/Ayanami/code/TSP/data/classic/tsplib/kroA150.tsp,polyak-smoothed,691,polyak-smoothed,691,26294.381831341736,26294.420903911949,26524
/Users/a/Ayanami/code/TSP/data/classic/tsplib/kroA150.tsp,polyak-smoothed,692,polyak-smoothed,692,26294.397585144907,26294.420903911949,26524
/Users/a/Ayanami/code/TSP/data/classic/tsplib/kroA150.tsp,polyak-smoothed,693,polyak-smoothed,693,26294.388933195725,26294.420903911949,26524
/Users/a/Ayanami/code/TSP/data/classic/tsplib/kroA150.tsp,polyak-smoothed,694,polyak-smoothed,694,26294.415145126353,26294.420903911949,26524
/Users/a/Ayanami/code/TSP/data/classic/tsplib/kroA150.tsp,polyak-smoothed,695,polyak-smoothed,695,26294.42214928981,26294.42214928981,26524
/Users/a/Ayanami/code/TSP/data/classic/tsplib/kroA150.tsp,polyak-smoothed,696,polyak-smoothed,696,26294.371398069045,26294.42214928981,26524
/Users/a/Ayanami/code/TSP/data/classic/tsplib/kroA150.tsp,polyak-smoothed,697,polyak-smoothed,697,26294.419767165062,26294.42214928981,26524
/Users/a/Ayanami/code/TSP/data/classic/tsplib/kroA150.tsp,polyak-smoothed,698,polyak-smoothed,698,26294.379052737939,26294.42214928981,26524
/Users/a/Ayanami/code/TSP/data/classic/tsplib/kroA150.tsp,polyak-smoothed,699,polyak-smoothed,699,26294.410576579397,26294.42214928981,26524
/Users/a/Ayanami/code/TSP/data/classic/tsplib/kroA150.tsp,polyak-smoothed,700,polyak-smoothed,700,26294.377686846343,26294.42214928981,26524
/Users/a/Ayanami/code/TSP/data/classic/tsplib/kroA150.tsp,polyak-smoothed,701,polyak-smoothed,701,26294.409335421911,26294.42214928981,26524
/Users/a/Ayanami/code/TSP/data/classic/tsplib/kroA150.tsp,polyak-smoothed,702,polyak-smoothed,702,26294.424352223912,26294.424352223912,26524
/Users/a/Ayanami/code/TSP/data/classic/tsplib/kroA150.tsp,polyak-smoothed,703,polyak-smoothed,703,26294.398758557305,26294.424352223912,26524
/Users/a/Ayanami/code/TSP/data/classic/tsplib/kroA150.tsp,polyak-smoothed,704,polyak-smoothed,704,26294.431766739875,26294.431766739875,26524
/Users/a/Ayanami/code/TSP/data/classic/tsplib/kroA150.tsp,polyak-smoothed,705,polyak-smoothed,705,26294.360720048619,26294.431766739875,26524
/Users/a/Ayanami/code/TSP/data/classic/tsplib/kroA150.tsp,polyak-smoothed,706,polyak-smoothed,706,26294.397247690216,26294.431766739875,26524
/Users/a/Ayanami/code/TSP/data/classic/tsplib/kroA150.tsp,polyak-smoothed,707,polyak-smoothed,707,26294.418499691139,26294.431766739875,26524
/Users/a/Ayanami/code/TSP/data/classic/tsplib/kroA150.tsp,polyak-smoothed,708,polyak-smoothed,708,26294.410340597835,26294.431766739875,26524
/Users/a/Ayanami/code/TSP/data/classic/tsplib/kroA150.tsp,polyak-smoothed,709,polyak-smoothed,709,26294.432437078885,26294.432437078885,26524
/Users/a/Ayanami/code/TSP/data/classic/tsplib/kroA150.tsp,polyak-smoothed,710,polyak-smoothed,710,26294.388735315824,26294.432437078885,26524
/Users/a/Ayanami/code/TSP/data/classic/tsplib/kroA150.tsp,polyak-smoothed,711,polyak-smoothed,711,26294.408206849606,26294.432437078885,26524
/Users/a/Ayanami/code/TSP/data/classic/tsplib/kroA150.tsp,polyak-smoothed,712,polyak-smoothed,712,26294.415490451607,26294.432437078885,26524
/Users/a/Ayanami/code/TSP/data/classic/tsplib/kroA150.tsp,polyak-smoothed,713,polyak-smoothed,713,26294.407936781998,26294.432437078885,26524
/Users/a/Ayanami/code/TSP/data/classic/tsplib/kroA150.tsp,polyak-smoothed,714,polyak-smoothed,714,26294.415427883378,26294.432437078885,26524
/Users/a/Ayanami/code/TSP/data/classic/tsplib/kroA150.tsp,polyak-smoothed,715,polyak-smoothed,715,26294.415565175233,26294.432437078885,26524
/Users/a/Ayanami/code/TSP/data/classic/tsplib/kroA150.tsp,polyak-smoothed,716,polyak-smoothed,716,26294.406407254795,26294.432437078885,26524
/Users/a/Ayanami/code/TSP/data/classic/tsplib/kroA150.tsp,polyak-smoothed,717,polyak-smoothed,717,26294.406747272315,26294.432437078885,26524
/Users/a/Ayanami/code/TSP/data/classic/tsplib/kroA150.tsp,polyak-smoothed,718,polyak-smoothed,718,26294.427614338711,26294.432437078885,26524
/Users/a/Ayanami/code/TSP/data/classic/tsplib/kroA150.tsp,polyak-smoothed,719,polyak-smoothed,719,26294.41702985311,26294.432437078885,26524
/Users/a/Ayanami/code/TSP/data/classic/tsplib/kroA150.tsp,polyak-smoothed,720,polyak-smoothed,720,26294.393783876556,26294.432437078885,26524
/Users/a/Ayanami/code/TSP/data/classic/tsplib/kroA150.tsp,polyak-smoothed,721,polyak-smoothed,721,26294.418067111943,26294.432437078885,26524
/Users/a/Ayanami/code/TSP/data/classic/tsplib/kroA150.tsp,polyak-smoothed,722,polyak-smoothed,722,26294.366365936308,26294.432437078885,26524
/Users/a/Ayanami/code/TSP/data/classic/tsplib/kroA150.tsp,polyak-smoothed,723,polyak-smoothed,723,26294.386015676242,26294.432437078885,26524
/Users/a/Ayanami/code/TSP/data/classic/tsplib/kroA150.tsp,polyak-smoothed,724,polyak-smoothed,724,26294.416468414453,26294.432437078885,26524
/Users/a/Ayanami/code/TSP/data/classic/tsplib/kroA150.tsp,polyak-smoothed,725,polyak-smoothed,725,26294.438218000178,26294.438218000178,26524
/Users/a/Ayanami/code/TSP/data/classic/tsplib/kroA150.tsp,polyak-smoothed,726,polyak-smoothed,726,26294.436971668682,26294.438218000178,26524
/Users/a/Ayanami/code/TSP/data/classic/tsplib/kroA150.tsp,polyak-smoothed,727,polyak-smoothed,727,26294.436324132432,26294.438218000178,26524
/Users/a/Ayanami/code/TSP/data/classic/tsplib/kroA150.tsp,polyak-smoothed,728,polyak-smoothed,728,26294.442178440408,26294.442178440408,26524
/Users/a/Ayanami/code/TSP/data/classic/tsplib/kroA150.tsp,polyak-smoothed,729,polyak-smoothed,729,26294.443087095831,26294.443087095831,26524
/Users/a/Ayanami/code/TSP/data/classic/tsplib/kroA150.tsp,polyak-smoothed,730,polyak-smoothed,730,26294.44061926454,26294.443087095831,26524
/Users/a/Ayanami/code/TSP/data/classic/tsplib/kroA150.tsp,polyak-smoothed,731,polyak-smoothed,731,26294.453598892364,26294.453598892364,26524
/Users/a/Ayanami/code/TSP/data/classic/tsplib/kroA150.tsp,polyak-smoothed,732,polyak-smoothed,732,26294.421984769095,26294.453598892364,26524
/Users/a/Ayanami/code/TSP/data/classic/tsplib/kroA150.tsp,polyak-smoothed,733,polyak-smoothed,733,26294.435584059123,26294.453598892364,26524
/Users/a/Ayanami/code/TSP/data/classic/tsplib/kroA150.tsp,polyak-smoothed,734,polyak-smoothed,734,26294.445916094064,26294.453598892364,26524
/Users/a/Ayanami/code/TSP/data/classic/tsplib/kroA150.tsp,polyak-smoothed,735,polyak-smoothed,735,26294.451487318114,26294.453598892364,26524
/Users/a/Ayanami/code/TSP/data/classic/tsplib/kroA150.tsp,polyak-smoothed,736,polyak-smoothed,736,26294.453952062897,26294.453952062897,26524
/Users/a/Ayanami/code/TSP/data/classic/tsplib/kroA150.tsp,polyak-smoothed,737,polyak-smoothed,737,26294.440765717787,26294.453952062897,26524
/Users/a/Ayanami/code/TSP/data/classic/tsplib/kroA150.tsp,polyak-smoothed,738,polyak-smoothed,738,26294.446526650594,26294.453952062897,26524
/Users/a/Ayanami/code/TSP/data/classic/tsplib/kroA150.tsp,polyak-smoothed,739,polyak-smoothed,739,26294.448884789428,26294.453952062897,26524
/Users/a/Ayanami/code/TSP/data/classic/tsplib/kroA150.tsp,polyak-smoothed,740,polyak-smoothed,740,26294.451768373736,26294.453952062897,26524
/Users/a/Ayanami/code/TSP/data/classic/tsplib/kroA150.tsp,polyak-smoothed,741,polyak-smoothed,741,26294.44856935411,26294.453952062897,26524
/Users/a/Ayanami/code/TSP/data/classic/tsplib/kroA150.tsp,polyak-smoothed,742,polyak-smoothed,742,26294.45087519152,26294.453952062897,26524
/Users/a/Ayanami/code/TSP/data/classic/tsplib/kroA150.tsp,polyak-smoothed,743,polyak-smoothed,743,26294.444139380874,26294.453952062897,26524
/Users/a/Ayanami/code/TSP/data/classic/tsplib/kroA150.tsp,polyak-smoothed,744,polyak-smoothed,744,26294.454836717672,26294.454836717672,26524
/Users/a/Ayanami/code/TSP/data/classic/tsplib/kroA150.tsp,polyak-smoothed,745,polyak-smoothed,745,26294.459891053964,26294.459891053964,26524
/Users/a/Ayanami/code/TSP/data/classic/tsplib/kroA150.tsp,polyak-smoothed,746,polyak-smoothed,746,26294.455295046089,26294.459891053964,26524
/Users/a/Ayanami/code/TSP/data/classic/tsplib/kroA150.tsp,polyak-smoothed,747,polyak-smoothed,747,26294.449151871089,26294.459891053964,26524
/Users/a/Ayanami/code/TSP/data/classic/tsplib/kroA150.tsp,polyak-smoothed,748,polyak-smoothed,748,26294.449155611012,26294.459891053964,26524
/Users/a/Ayanami/code/TSP/data/classic/tsplib/kroA150.tsp,polyak-smoothed,749,polyak-smoothed,749,26294.460019506234,26294.460019506234,26524
/Users/a/Ayanami/code/TSP/data/classic/tsplib/kroA150.tsp,polyak-smoothed,750,polyak-smoothed,750,26294.463616995603,26294.463616995603,26524
/Users/a/Ayanami/code/TSP/data/classic/tsplib/kroA150.tsp,polyak-smoothed,751,polyak-smoothed,751,26294.44935483759,26294.463616995603,26524
/Users/a/Ayanami/code/TSP/data/classic/tsplib/kroA150.tsp,polyak-smoothed,752,polyak-smoothed,752,26294.464255817493,26294.464255817493,26524
/Users/a/Ayanami/code/TSP/data/classic/tsplib/kroA150.tsp,polyak-smoothed,753,polyak-smoothed,753,26294.407009673192,26294.464255817493,26524
/Users/a/Ayanami/code/TSP/data/classic/tsplib/kroA150.tsp,polyak-smoothed,754,polyak-smoothed,754,26294.435452220212,26294.464255817493,26524
/Users/a/Ayanami/code/TSP/data/classic/tsplib/kroA150.tsp,polyak-smoothed,755,polyak-smoothed,755,26294.455618307242,26294.464255817493,26524
/Users/a/Ayanami/code/TSP/data/classic/tsplib/kroA150.tsp,polyak-smoothed,756,polyak-smoothed,756,26294.455940043346,26294.464255817493,26524
/Users/a/Ayanami/code/TSP/data/classic/tsplib/kroA150.tsp,polyak-smoothed,757,polyak-smoothed,757,26294.458151738934,26294.464255817493,26524
/Users/a/Ayanami/code/TSP/data/classic/tsplib/kroA150.tsp,polyak-smoothed,758,polyak-smoothed,758,26294.448419615615,26294.464255817493,26524
/Users/a/Ayanami/code/TSP/data/classic/tsplib/kroA150.tsp,polyak-smoothed,759,polyak-smoothed,759,26294.460418913564,26294.464255817493,26524
/Users/a/Ayanami/code/TSP/data/classic/tsplib/kroA150.tsp,polyak-smoothed,760,polyak-smoothed,760,26294.456023428214,26294.464255817493,26524
/Users/a/Ayanami/code/TSP/data/classic/tsplib/kroA150.tsp,polyak-smoothed,761,polyak-smoothed,761,26294.449788319649,26294.464255817493,26524
/Users/a/Ayanami/code/TSP/data/classic/tsplib/kroA150.tsp,polyak-smoothed,762,polyak-smoothed,762,26294.456555610021,26294.464255817493,26524
/Users/a/Ayanami/code/TSP/data/classic/tsplib/kroA150.tsp,polyak-smoothed,763,polyak-smoothed,763,26294.441082924055,26294.464255817493,26524
/Users/a/Ayanami/code/TSP/data/classic/tsplib/kroA150.tsp,polyak-smoothed,764,polyak-smoothed,764,26294.45933296781,26294.464255817493,26524
/Users/a/Ayanami/code/TSP/data/classic/tsplib/kroA150.tsp,polyak-smoothed,765,polyak-smoothed,765,26294.460788810611,26294.464255817493,26524
/Users/a/Ayanami/code/TSP/data/classic/tsplib/kroA150.tsp,polyak-smoothed,766,polyak-smoothed,766,26294.468684262298,26294.468684262298,26524
/Users/a/Ayanami/code/TSP/data/classic/tsplib/kroA150.tsp,polyak-smoothed,767,polyak-smoothed,767,26294.467823272102,26294.468684262298,26524
/Users/a/Ayanami/code/TSP/data/classic/tsplib/kroA150.tsp,polyak-smoothed,768,polyak-smoothed,768,26294.46558809435,26294.468684262298,26524
/Users/a/Ayanami/code/TSP/data/classic/tsplib/kroA150.tsp,polyak-smoothed,769,polyak-smoothed,769,26294.470895649698,26294.470895649698,26524
/Users/a/Ayanami/code/TSP/data/classic/tsplib/kroA150.tsp,polyak-smoothed,770,polyak-smoothed,770,26294.470740639754,26294.470895649698,26524
/Users/a/Ayanami/code/TSP/data/classic/tsplib/kroA150.tsp,polyak-smoothed,771,polyak-smoothed,771,26294.467012850408,26294.470895649698,26524
/Users/a/Ayanami/code/TSP/data/classic/tsplib/kroA150.tsp,polyak-smoothed,772,polyak-smoothed,772,26294.471701684288,26294.471701684288,26524
/Users/a/Ayanami/code/TSP/data/classic/tsplib/kroA150.tsp,polyak-smoothed,773,polyak-smoothed,773,26294.465621965443,26294.471701684288,26524
/Users/a/Ayanami/code/TSP/data/classic/tsplib/kroA150.tsp,polyak-smoothed,774,polyak-smoothed,774,26294.472632203975,26294.472632203975,26524
/Users/a/Ayanami/code/TSP/data/classic/tsplib/kroA150.tsp,polyak-smoothed,775,polyak-smoothed,775,26294.467055094254,26294.472632203975,26524
/Users/a/Ayanami/code/TSP/data/classic/tsplib/kroA150.tsp,polyak-smoothed,776,polyak-smoothed,776,26294.47454104841,26294.47454104841,26524
/Users/a/Ayanami/code/TSP/data/classic/tsplib/kroA150.tsp,polyak-smoothed,777,polyak-smoothed,777,26294.472629998101,26294.47454104841,26524
/Users/a/Ayanami/code/TSP/data/classic/tsplib/kroA150.tsp,polyak-smoothed,778,polyak-smoothed,778,26294.470915364564,26294.47454104841,26524
/Users/a/Ayanami/code/TSP/data/classic/tsplib/kroA150.tsp,polyak-smoothed,779,polyak-smoothed,779,26294.473035057679,26294.47454104841,26524
/Users/a/Ayanami/code/TSP/data/classic/tsplib/kroA150.tsp,polyak-smoothed,780,polyak-smoothed,780,26294.476017300774,26294.476017300774,26524
/Users/a/Ayanami/code/TSP/data/classic/tsplib/kroA150.tsp,polyak-smoothed,781,polyak-smoothed,781,26294.459408194041,26294.476017300774,26524
/Users/a/Ayanami/code/TSP/data/classic/tsplib/kroA150.tsp,polyak-smoothed,782,polyak-smoothed,782,26294.467255591684,26294.476017300774,26524
/Users/a/Ayanami/code/TSP/data/classic/tsplib/kroA150.tsp,polyak-smoothed,783,polyak-smoothed,783,26294.474561777286,26294.476017300774,26524
/Users/a/Ayanami/code/TSP/data/classic/tsplib/kroA150.tsp,polyak-smoothed,784,polyak-smoothed,784,26294.475334723509,26294.476017300774,26524
/Users/a/Ayanami/code/TSP/data/classic/tsplib/kroA150.tsp,polyak-smoothed,785,polyak-smoothed,785,26294.472092637901,26294.476017300774,26524
/Users/a/Ayanami/code/TSP/data/classic/tsplib/kroA150.tsp,polyak-smoothed,786,polyak-smoothed,786,26294.477599712645,26294.477599712645,26524
/Users/a/Ayanami/code/TSP/data/classic/tsplib/kroA150.tsp,polyak-smoothed,787,polyak-smoothed,787,26294.468676971472,26294.477599712645,26524
/Users/a/Ayanami/code/TSP/data/classic/tsplib/kroA150.tsp,polyak-smoothed,788,polyak-smoothed,788,26294.473185438332,26294.477599712645,26524
/Users/a/Ayanami/code/TSP/data/classic/tsplib/kroA150.tsp,polyak-smoothed,789,polyak-smoothed,789,26294.474557043286,26294.477599712645,26524
/Users/a/Ayanami/code/TSP/data/classic/tsplib/kroA150.tsp,polyak-smoothed,790,polyak-smoothed,790,26294.468884062266,26294.477599712645,26524
/Users/a/Ayanami/code/TSP/data/classic/tsplib/kroA150.tsp,polyak-smoothed,791,polyak-smoothed,791,26294.47305671608,26294.477599712645,26524
/Users/a/Ayanami/code/TSP/data/classic/tsplib/kroA150.tsp,polyak-smoothed,792,polyak-smoothed,792,26294.478056631702,26294.478056631702,26524
/Users/a/Ayanami/code/TSP/data/classic/tsplib/kroA150.tsp,polyak-smoothed,793,polyak-smoothed,793,26294.475756325744,26294.478056631702,26524
/Users/a/Ayanami/code/TSP/data/classic/tsplib/kroA150.tsp,polyak-smoothed,794,polyak-smoothed,794,26294.473846531404,26294.478056631702,26524
/Users/a/Ayanami/code/TSP/data/classic/tsplib/kroA150.tsp,polyak-smoothed,795,polyak-smoothed,795,26294.470189164109,26294.478056631702,26524
/Users/a/Ayanami/code/TSP/data/classic/tsplib/kroA150.tsp,polyak-smoothed,796,polyak-smoothed,796,26294.474625623421,26294.478056631702,26524
/Users/a/Ayanami/code/TSP/data/classic/tsplib/kroA150.tsp,polyak-smoothed,797,polyak-smoothed,797,26294.477353819697,26294.478056631702,26524
/Users/a/Ayanami/code/TSP/data/classic/tsplib/kroA150.tsp,polyak-smoothed,798,polyak-smoothed,798,26294.481158589937,26294.481158589937,26524
/Users/a/Ayanami/code/TSP/data/classic/tsplib/kroA150.tsp,polyak-smoothed,799,polyak-smoothed,799,26294.473749295154,26294.481158589937,26524
/Users/a/Ayanami/code/TSP/data/classic/tsplib/kroA150.tsp,polyak-smoothed,800,polyak-smoothed,800,26294.477582590382,26294.481158589937,26524
/Users/a/Ayanami/code/TSP/data/classic/tsplib/kroA150.tsp,polyak-smoothed,801,polyak-smoothed,801,26294.479438665639,26294.481158589937,26524
/Users/a/Ayanami/code/TSP/data/classic/tsplib/kroA150.tsp,polyak-smoothed,802,polyak-smoothed,802,26294.476824015936,26294.481158589937,26524
/Users/a/Ayanami/code/TSP/data/classic/tsplib/kroA150.tsp,polyak-smoothed,803,polyak-smoothed,803,26294.478398240884,26294.481158589937,26524
/Users/a/Ayanami/code/TSP/data/classic/tsplib/kroA150.tsp,polyak-smoothed,804,polyak-smoothed,804,26294.479638649987,26294.481158589937,26524
/Users/a/Ayanami/code/TSP/data/classic/tsplib/kroA150.tsp,polyak-smoothed,805,polyak-smoothed,805,26294.483396685697,26294.483396685697,26524
/Users/a/Ayanami/code/TSP/data/classic/tsplib/kroA150.tsp,polyak-smoothed,806,polyak-smoothed,806,26294.482118704269,26294.483396685697,26524
/Users/a/Ayanami/code/TSP/data/classic/tsplib/kroA150.tsp,polyak-smoothed,807,polyak-smoothed,807,26294.477881629457,26294.483396685697,26524
/Users/a/Ayanami/code/TSP/data/classic/tsplib/kroA150.tsp,polyak-smoothed,808,polyak-smoothed,808,26294.480656739212,26294.483396685697,26524
/Users/a/Ayanami/code/TSP/data/classic/tsplib/kroA150.tsp,polyak-smoothed,809,polyak-smoothed,809,26294.477511731548,26294.483396685697,26524
/Users/a/Ayanami/code/TSP/data/classic/tsplib/kroA150.tsp,polyak-smoothed,810,polyak-smoothed,810,26294.477558511317,26294.483396685697,26524
/Users/a/Ayanami/code/TSP/data/classic/tsplib/kroA150.tsp,polyak-smoothed,811,polyak-smoothed,811,26294.479008273465,26294.483396685697,26524
/Users/a/Ayanami/code/TSP/data/classic/tsplib/kroA150.tsp,polyak-smoothed,812,polyak-smoothed,812,26294.478713257511,26294.483396685697,26524
/Users/a/Ayanami/code/TSP/data/classic/tsplib/kroA150.tsp,polyak-smoothed,813,polyak-smoothed,813,26294.47791320231,26294.483396685697,26524
/Users/a/Ayanami/code/TSP/data/classic/tsplib/kroA150.tsp,polyak-smoothed,814,polyak-smoothed,814,26294.478098750234,26294.483396685697,26524
/Users/a/Ayanami/code/TSP/data/classic/tsplib/kroA150.tsp,polyak-smoothed,815,polyak-smoothed,815,26294.484206753848,26294.484206753848,26524
/Users/a/Ayanami/code/TSP/data/classic/tsplib/kroA150.tsp,polyak-smoothed,816,polyak-smoothed,816,26294.468552049995,26294.484206753848,26524
/Users/a/Ayanami/code/TSP/data/classic/tsplib/kroA150.tsp,polyak-smoothed,817,polyak-smoothed,817,26294.475305721659,26294.484206753848,26524
/Users/a/Ayanami/code/TSP/data/classic/tsplib/kroA150.tsp,polyak-smoothed,818,polyak-smoothed,818,26294.481571399905,26294.484206753848,26524
/Users/a/Ayanami/code/TSP/data/classic/tsplib/kroA150.tsp,polyak-smoothed,819,polyak-smoothed,819,26294.485754171154,26294.485754171154,26524
/Users/a/Ayanami/code/TSP/data/classic/tsplib/kroA150.tsp,polyak-smoothed,820,polyak-smoothed,820,26294.476951432334,26294.485754171154,26524
/Users/a/Ayanami/code/TSP/data/classic/tsplib/kroA150.tsp,polyak-smoothed,821,polyak-smoothed,821,26294.479317295361,26294.485754171154,26524
/Users/a/Ayanami/code/TSP/data/classic/tsplib/kroA150.tsp,polyak-smoothed,822,polyak-smoothed,822,26294.477719026687,26294.485754171154,26524
/Users/a/Ayanami/code/TSP/data/classic/tsplib/kroA150.tsp,polyak-smoothed,823,polyak-smoothed,823,26294.483869012285,26294.485754171154,26524
/Users/a/Ayanami/code/TSP/data/classic/tsplib/kroA150.tsp,polyak-smoothed,824,polyak-smoothed,824,26294.485226625358,26294.485754171154,26524
/Users/a/Ayanami/code/TSP/data/classic/tsplib/kroA150.tsp,polyak-smoothed,825,polyak-smoothed,825,26294.471879886467,26294.485754171154,26524
/Users/a/Ayanami/code/TSP/data/classic/tsplib/kroA150.tsp,polyak-smoothed,826,polyak-smoothed,826,26294.481834937225,26294.485754171154,26524
/Users/a/Ayanami/code/TSP/data/classic/tsplib/kroA150.tsp,polyak-smoothed,827,polyak-smoothed,827,26294.480597292921,26294.485754171154,26524
/Users/a/Ayanami/code/TSP/data/classic/tsplib/kroA150.tsp,polyak-smoothed,828,polyak-smoothed,828,26294.482676799806,26294.485754171154,26524
/Users/a/Ayanami/code/TSP/data/classic/tsplib/kroA150.tsp,polyak-smoothed,829,polyak-smoothed,829,26294.484277507039,26294.485754171154,26524
/Users/a/Ayanami/code/TSP/data/classic/tsplib/kroA150.tsp,polyak-smoothed,830,polyak-smoothed,830,26294.480937503817,26294.485754171154,26524
/Users/a/Ayanami/code/TSP/data/classic/tsplib/kroA150.tsp,polyak-smoothed,831,polyak-smoothed,831,26294.485138902503,26294.485754171154,26524
/Users/a/Ayanami/code/TSP/data/classic/tsplib/kroA150.tsp,polyak-smoothed,832,polyak-smoothed,832,26294.478345991378,26294.485754171154,26524
/Users/a/Ayanami/code/TSP/data/classic/tsplib/kroA150.tsp,polyak-smoothed,833,polyak-smoothed,833,26294.484022726432,26294.485754171154,26524
/Users/a/Ayanami/code/TSP/data/classic/tsplib/kroA150.tsp,polyak-smoothed,834,polyak-smoothed,834,26294.483230288275,26294.485754171154,26524
/Users/a/Ayanami/code/TSP/data/classic/tsplib/kroA150.tsp,polyak-smoothed,835,polyak-smoothed,835,26294.487181208409,26294.487181208409,26524
/Users/a/Ayanami/code/TSP/data/classic/tsplib/kroA150.tsp,polyak-smoothed,836,polyak-smoothed,836,26294.483886941853,26294.487181208409,26524
/Users/a/Ayanami/code/TSP/data/classic/tsplib/kroA150.tsp,polyak-smoothed,837,polyak-smoothed,837,26294.488344427693,26294.488344427693,26524
/Users/a/Ayanami/code/TSP/data/classic/tsplib/kroA150.tsp,polyak-smoothed,838,polyak-smoothed,838,26294.486249058638,26294.488344427693,26524
/Users/a/Ayanami/code/TSP/data/classic/tsplib/kroA150.tsp,polyak-smoothed,839,polyak-smoothed,839,26294.489232524997,26294.489232524997,26524
/Users/a/Ayanami/code/TSP/data/classic/tsplib/kroA150.tsp,polyak-smoothed,840,polyak-smoothed,840,26294.490470703844,26294.490470703844,26524
/Users/a/Ayanami/code/TSP/data/classic/tsplib/kroA150.tsp,polyak-smoothed,841,polyak-smoothed,841,26294.486570395617,26294.490470703844,26524
/Users/a/Ayanami/code/TSP/data/classic/tsplib/kroA150.tsp,polyak-smoothed,842,polyak-smoothed,842,26294.490055970589,26294.490470703844,26524
/Users/a/Ayanami/code/TSP/data/classic/tsplib/kroA150.tsp,polyak-smoothed,843,polyak-smoothed,843,26294.487104324086,26294.490470703844,26524
/Users/a/Ayanami/code/TSP/data/classic/tsplib/kroA150.tsp,polyak-smoothed,844,polyak-smoothed,844,26294.488915382368,26294.490470703844,26524
/Users/a/Ayanami/code/TSP/data/classic/tsplib/kroA150.tsp,polyak-smoothed,845,polyak-smoothed,845,26294.491348651885,26294.491348651885,26524
/Users/a/Ayanami/code/TSP/data/classic/tsplib/kroA150.tsp,polyak-smoothed,846,polyak-smoothed,846,26294.484437893003,26294.491348651885,26524
/Users/a/Ayanami/code/TSP/data/classic/tsplib/kroA150.tsp,polyak-smoothed,847,polyak-smoothed,847,26294.489325044913,26294.491348651885,26524
/Users/a/Ayanami/code/TSP/data/classic/tsplib/kroA150.tsp,polyak-smoothed,848,polyak-smoothed,848,26294.490660819021,26294.491348651885,26524
/Users/a/Ayanami/code/TSP/data/classic/tsplib/kroA150.tsp,polyak-smoothed,849,polyak-smoothed,849,26294.487499862233,26294.491348651885,26524
/Users/a/Ayanami/code/TSP/data/classic/tsplib/kroA150.tsp,polyak-smoothed,850,polyak-smoothed,850,26294.490972769323,26294.491348651885,26524
/Users/a/Ayanami/code/TSP/data/classic/tsplib/kroA150.tsp,polyak-smoothed,851,polyak-smoothed,851,26294.490764789174,26294.491348651885,26524
/Users/a/Ayanami/code/TSP/data/classic/tsplib/kroA150.tsp,polyak-smoothed,852,polyak-smoothed,852,26294.492649283377,26294.492649283377,26524
/Users/a/Ayanami/code/TSP/data/classic/tsplib/kroA150.tsp,polyak-smoothed,853,polyak-smoothed,853,26294.483924055843,26294.492649283377,26524
/Users/a/Ayanami/code/TSP/data/classic/tsplib/kroA150.tsp,polyak-smoothed,854,polyak-smoothed,854,26294.488171161087,26294.492649283377,26524
/Users/a/Ayanami/code/TSP/data/classic/tsplib/kroA150.tsp,polyak-smoothed,855,polyak-smoothed,855,26294.490528270802,26294.492649283377,26524
/Users/a/Ayanami/code/TSP/data/classic/tsplib/kroA150.tsp,polyak-smoothed,856,polyak-smoothed,856,26294.493013807485,26294.493013807485,26524
/Users/a/Ayanami/code/TSP/data/classic/tsplib/kroA150.tsp,polyak-smoothed,857,polyak-smoothed,857,26294.486287056039,26294.493013807485,26524
/Users/a/Ayanami/code/TSP/data/classic/tsplib/kroA150.tsp,polyak-smoothed,858,polyak-smoothed,858,26294.487999600085,26294.493013807485,26524
/Users/a/Ayanami/code/TSP/data/classic/tsplib/kroA150.tsp,polyak-smoothed,859,polyak-smoothed,859,26294.490911350633,26294.493013807485,26524
/Users/a/Ayanami/code/TSP/data/classic/tsplib/kroA150.tsp,polyak-smoothed,860,polyak-smoothed,860,26294.491424335152,26294.493013807485,26524
/Users/a/Ayanami/code/TSP/data/classic/tsplib/kroA150.tsp,polyak-smoothed,861,polyak-smoothed,861,26294.493282318213,26294.493282318213,26524
/Users/a/Ayanami/code/TSP/data/classic/tsplib/kroA150.tsp,polyak-smoothed,862,polyak-smoothed,862,26294.492522809971,26294.493282318213,26524
/Users/a/Ayanami/code/TSP/data/classic/tsplib/kroA150.tsp,polyak-smoothed,863,polyak-smoothed,863,26294.49238180372,26294.493282318213,26524
/Users/a/Ayanami/code/TSP/data/classic/tsplib/kroA150.tsp,polyak-smoothed,864,polyak-smoothed,864,26294.493515301023,26294.493515301023,26524
/Users/a/Ayanami/code/TSP/data/classic/tsplib/kroA150.tsp,polyak-smoothed,865,polyak-smoothed,865,26294.491761519366,26294.493515301023,26524
/Users/a/Ayanami/code/TSP/data/classic/tsplib/kroA150.tsp,polyak-smoothed,866,polyak-smoothed,866,26294.493852496951,26294.493852496951,26524
/Users/a/Ayanami/code/TSP/data/classic/tsplib/kroA150.tsp,polyak-smoothed,867,polyak-smoothed,867,26294.49217471544,26294.493852496951,26524
/Users/a/Ayanami/code/TSP/data/classic/tsplib/kroA150.tsp,polyak-smoothed,868,polyak-smoothed,868,26294.494270734896,26294.494270734896,26524
/Users/a/Ayanami/code/TSP/data/classic/tsplib/kroA150.tsp,polyak-smoothed,869,polyak-smoothed,869,26294.492885986085,26294.494270734896,26524
/Users/a/Ayanami/code/TSP/data/classic/tsplib/kroA150.tsp,polyak-smoothed,870,polyak-smoothed,870,26294.494468905421,26294.494468905421,26524
/Users/a/Ayanami/code/TSP/data/classic/tsplib/kroA150.tsp,polyak-smoothed,871,polyak-smoothed,871,26294.489980262966,26294.494468905421,26524
/Users/a/Ayanami/code/TSP/data/classic/tsplib/kroA150.tsp,polyak-smoothed,872,polyak-smoothed,872,26294.491641772125,26294.494468905421,26524
/Users/a/Ayanami/code/TSP/data/classic/tsplib/kroA150.tsp,polyak-smoothed,873,polyak-smoothed,873,26294.494319844038,26294.494468905421,26524
/Users/a/Ayanami/code/TSP/data/classic/tsplib/kroA150.tsp,polyak-smoothed,874,polyak-smoothed,874,26294.488027172749,26294.494468905421,26524
/Users/a/Ayanami/code/TSP/data/classic/tsplib/kroA150.tsp,polyak-smoothed,875,polyak-smoothed,875,26294.491641375687,26294.494468905421,26524
/Users/a/Ayanami/code/TSP/data/classic/tsplib/kroA150.tsp,polyak-smoothed,876,polyak-smoothed,876,26294.493576313333,26294.494468905421,26524
/Users/a/Ayanami/code/TSP/data/classic/tsplib/kroA150.tsp,polyak-smoothed,877,polyak-smoothed,877,26294.494072745008,26294.494468905421,26524
/Users/a/Ayanami/code/TSP/data/classic/tsplib/kroA150.tsp,polyak-smoothed,878,polyak-smoothed,878,26294.495513407444,26294.495513407444,26524
/Users/a/Ayanami/code/TSP/data/classic/tsplib/kroA150.tsp,polyak-smoothed,879,polyak-smoothed,879,26294.493923536549,26294.495513407444,26524
/Users/a/Ayanami/code/TSP/data/classic/tsplib/kroA150.tsp,polyak-smoothed,880,polyak-smoothed,880,26294.494975511036,26294.495513407444,26524
/Users/a/Ayanami/code/TSP/data/classic/tsplib/kroA150.tsp,polyak-smoothed,881,polyak-smoothed,881,26294.487118795041,26294.495513407444,26524
/Users/a/Ayanami/code/TSP/data/classic/tsplib/kroA150.tsp,polyak-smoothed,882,polyak-smoothed,882,26294.490109595954,26294.495513407444,26524
/Users/a/Ayanami/code/TSP/data/classic/tsplib/kroA150.tsp,polyak-smoothed,883,polyak-smoothed,883,26294.493515149057,26294.495513407444,26524
/Users/a/Ayanami/code/TSP/data/classic/tsplib/kroA150.tsp,polyak-smoothed,884,polyak-smoothed,884,26294.494055821389,26294.495513407444,26524
/Users/a/Ayanami/code/TSP/data/classic/tsplib/kroA150.tsp,polyak-smoothed,885,polyak-smoothed,885,26294.494290861479,26294.495513407444,26524
/Users/a/Ayanami/code/TSP/data/classic/tsplib/kroA150.tsp,polyak-smoothed,886,polyak-smoothed,886,26294.491966143331,26294.495513407444,26524
/Users/a/Ayanami/code/TSP/data/classic/tsplib/kroA150.tsp,polyak-smoothed,887,polyak-smoothed,887,26294.490906091087,26294.495513407444,26524
/Users/a/Ayanami/code/TSP/data/classic/tsplib/kroA150.tsp,polyak-smoothed,888,polyak-smoothed,888,26294.494541474538,26294.495513407444,26524
/Users/a/Ayanami/code/TSP/data/classic/tsplib/kroA150.tsp,polyak-smoothed,889,polyak-smoothed,889,26294.495057594155,26294.495513407444,26524
/Users/a/Ayanami/code/TSP/data/classic/tsplib/kroA150.tsp,polyak-smoothed,890,polyak-smoothed,890,26294.489162538095,26294.495513407444,26524
/Users/a/Ayanami/code/TSP/data/classic/tsplib/kroA150.tsp,polyak-smoothed,891,polyak-smoothed,891,26294.494189291996,26294.495513407444,26524
/Users/a/Ayanami/code/TSP/data/classic/tsplib/kroA150.tsp,polyak-smoothed,892,polyak-smoothed,892,26294.496954048635,26294.496954048635,26524
/Users/a/Ayanami/code/TSP/data/classic/tsplib/kroA150.tsp,polyak-smoothed,893,polyak-smoothed,893,26294.496547112489,26294.496954048635,26524
/Users/a/Ayanami/code/TSP/data/classic/tsplib/kroA150.tsp,polyak-smoothed,894,polyak-smoothed,894,26294.497030887091,26294.497030887091,26524
/Users/a/Ayanami/code/TSP/data/classic/tsplib/kroA150.tsp,polyak-smoothed,895,polyak-smoothed,895,26294.496730554791,26294.497030887091,26524
/Users/a/Ayanami/code/TSP/data/classic/tsplib/kroA150.tsp,polyak-smoothed,896,polyak-smoothed,896,26294.497423674213,26294.497423674213,26524
/Users/a/Ayanami/code/TSP/data/classic/tsplib/kroA150.tsp,polyak-smoothed,897,polyak-smoothed,897,26294.497782376828,26294.497782376828,26524
/Users/a/Ayanami/code/TSP/data/classic/tsplib/kroA150.tsp,polyak-smoothed,898,polyak-smoothed,898,26294.497869105049,26294.497869105049,26524
/Users/a/Ayanami/code/TSP/data/classic/tsplib/kroA150.tsp,polyak-smoothed,899,polyak-smoothed,899,26294.497163751927,26294.497869105049,26524
/Users/a/Ayanami/code/TSP/data/classic/tsplib/kroA150.tsp,polyak-smoothed,900,polyak-smoothed,900,26294.497929822552,26294.497929822552,26524
/Users/a/Ayanami/code/TSP/data/classic/tsplib/kroA150.tsp,polyak-smoothed,901,polyak-smoothed,901,26294.495348542336,26294.497929822552,26524
/Users/a/Ayanami/code/TSP/data/classic/tsplib/kroA150.tsp,polyak-smoothed,902,polyak-smoothed,902,26294.495769010409,26294.497929822552,26524
/Users/a/Ayanami/code/TSP/data/classic/tsplib/kroA150.tsp,polyak-smoothed,903,polyak-smoothed,903,26294.497624389031,26294.497929822552,26524
/Users/a/Ayanami/code/TSP/data/classic/tsplib/kroA150.tsp,polyak-smoothed,904,polyak-smoothed,904,26294.498419672516,26294.498419672516,26524
/Users/a/Ayanami/code/TSP/data/classic/tsplib/kroA150.tsp,polyak-smoothed,905,polyak-smoothed,905,26294.498144431931,26294.498419672516,26524
/Users/a/Ayanami/code/TSP/data/classic/tsplib/kroA150.tsp,polyak-smoothed,906,polyak-smoothed,906,26294.497749874812,26294.498419672516,26524
/Users/a/Ayanami/code/TSP/data/classic/tsplib/kroA150.tsp,polyak-smoothed,907,polyak-smoothed,907,26294.498594732366,26294.498594732366,26524
/Users/a/Ayanami/code/TSP/data/classic/tsplib/kroA150.tsp,polyak-smoothed,908,polyak-smoothed,908,26294.498713690478,26294.498713690478,26524
/Users/a/Ayanami/code/TSP/data/classic/tsplib/kroA150.tsp,polyak-smoothed,909,polyak-smoothed,909,26294.498339361802,26294.498713690478,26524
/Users/a/Ayanami/code/TSP/data/classic/tsplib/kroA150.tsp,polyak-smoothed,910,polyak-smoothed,910,26294.497969836259,26294.498713690478,26524
/Users/a/Ayanami/code/TSP/data/classic/tsplib/kroA150.tsp,polyak-smoothed,911,polyak-smoothed,911,26294.497837671399,26294.498713690478,26524
/Users/a/Ayanami/code/TSP/data/classic/tsplib/kroA150.tsp,polyak-smoothed,912,polyak-smoothed,912,26294.497569753596,26294.498713690478,26524
/Users/a/Ayanami/code/TSP/data/classic/tsplib/kroA150.tsp,polyak-smoothed,913,polyak-smoothed,913,26294.499044009932,26294.499044009932,26524
/Users/a/Ayanami/code/TSP/data/classic/tsplib/kroA150.tsp,polyak-smoothed,914,polyak-smoothed,914,26294.497568779927,26294.499044009932,26524
/Users/a/Ayanami/code/TSP/data/classic/tsplib/kroA150.tsp,polyak-smoothed,915,polyak-smoothed,915,26294.497473385938,26294.499044009932,26524
/Users/a/Ayanami/code/TSP/data/classic/tsplib/kroA150.tsp,polyak-smoothed,916,polyak-smoothed,916,26294.498967341809,26294.499044009932,26524
/Users/a/Ayanami/code/TSP/data/classic/tsplib/kroA150.tsp,polyak-smoothed,917,polyak-smoothed,917,26294.497791678619,26294.499044009932,26524
/Users/a/Ayanami/code/TSP/data/classic/tsplib/kroA150.tsp,polyak-smoothed,918,polyak-smoothed,918,26294.498783740855,26294.499044009932,26524
/Users/a/Ayanami/code/TSP/data/classic/tsplib/kroA150.tsp,polyak-smoothed,919,polyak-smoothed,919,26294.498609370228,26294.499044009932,26524
/Users/a/Ayanami/code/TSP/data/classic/tsplib/kroA150.tsp,polyak-smoothed,920,polyak-smoothed,920,26294.499487298905,26294.499487298905,26524
/Users/a/Ayanami/code/TSP/data/classic/tsplib/kroA150.tsp,polyak-smoothed,921,polyak-smoothed,921,26294.498104037459,26294.499487298905,26524
/Users/a/Ayanami/code/TSP/data/classic/tsplib/kroA150.tsp,polyak-smoothed,922,polyak-smoothed,922,26294.499806904019,26294.499806904019,26524
/Users/a/Ayanami/code/TSP/data/classic/tsplib/kroA150.tsp,polyak-smoothed,923,polyak-smoothed,923,26294.49869909008,26294.499806904019,26524
/Users/a/Ayanami/code/TSP/data/classic/tsplib/kroA150.tsp,polyak-smoothed,924,polyak-smoothed,924,26294.498939926314,26294.499806904019,26524
/Users/a/Ayanami/code/TSP/data/classic/tsplib/kroA150.tsp,polyak-smoothed,925,polyak-smoothed,925,26294.49977335802,26294.499806904019,26524
/Users/a/Ayanami/code/TSP/data/classic/tsplib/kroA150.tsp,polyak-smoothed,926,polyak-smoothed,926,26294.497938063589,26294.499806904019,26524
/Users/a/Ayanami/code/TSP/data/classic/tsplib/kroA150.tsp,polyak-smoothed,927,polyak-smoothed,927,26294.500444551002,26294.500444551002,26524
/Users/a/Ayanami/code/TSP/data/classic/tsplib/kroA150.tsp,polyak-smoothed,928,polyak-smoothed,928,26294.497555719714,26294.500444551002,26524
/Users/a/Ayanami/code/TSP/data/classic/tsplib/kroA150.tsp,polyak-smoothed,929,polyak-smoothed,929,26294.499141641769,26294.500444551002,26524
/Users/a/Ayanami/code/TSP/data/classic/tsplib/kroA150.tsp,polyak-smoothed,930,polyak-smoothed,930,26294.496700269348,26294.500444551002,26524
/Users/a/Ayanami/code/TSP/data/classic/tsplib/kroA150.tsp,polyak-smoothed,931,polyak-smoothed,931,26294.498610699138,26294.500444551002,26524
/Users/a/Ayanami/code/TSP/data/classic/tsplib/kroA150.tsp,polyak-smoothed,932,polyak-smoothed,932,26294.500602356969,26294.500602356969,26524
/Users/a/Ayanami/code/TSP/data/classic/tsplib/kroA150.tsp,polyak-smoothed,933,polyak-smoothed,933,26294.499373125022,26294.500602356969,26524
/Users/a/Ayanami/code/TSP/data/classic/tsplib/kroA150.tsp,polyak-smoothed,934,polyak-smoothed,934,26294.49900177358,26294.500602356969,26524
/Users/a/Ayanami/code/TSP/data/classic/tsplib/kroA150.tsp,polyak-smoothed,935,polyak-smoothed,935,26294.500039950006,26294.500602356969,26524
/Users/a/Ayanami/code/TSP/data/classic/tsplib/kroA150.tsp,polyak-smoothed,936,polyak-smoothed,936,26294.499144347716,26294.500602356969,26524
/Users/a/Ayanami/code/TSP/data/classic/tsplib/kroA150.tsp,polyak-smoothed,937,polyak-smoothed,937,26294.499688273136,26294.500602356969,26524
/Users/a/Ayanami/code/TSP/data/classic/tsplib/kroA150.tsp,polyak-smoothed,938,polyak-smoothed,938,26294.500024607321,26294.500602356969,26524
/Users/a/Ayanami/code/TSP/data/classic/tsplib/kroA150.tsp,polyak-smoothed,939,polyak-smoothed,939,26294.498432560584,26294.500602356969,26524
/Users/a/Ayanami/code/TSP/data/classic/tsplib/kroA150.tsp,polyak-smoothed,940,polyak-smoothed,940,26294.49951333892,26294.500602356969,26524
/Users/a/Ayanami/code/TSP/data/classic/tsplib/kroA150.tsp,polyak-smoothed,941,polyak-smoothed,941,26294.499008241419,26294.500602356969,26524
/Users/a/Ayanami/code/TSP/data/classic/tsplib/kroA150.tsp,polyak-smoothed,942,polyak-smoothed,942,26294.49906422307,26294.500602356969,26524
/Users/a/Ayanami/code/TSP/data/classic/tsplib/kroA150.tsp,polyak-smoothed,943,polyak-smoothed,943,26294.498381587451,26294.500602356969,26524
/Users/a/Ayanami/code/TSP/data/classic/tsplib/kroA150.tsp,polyak-smoothed,944,polyak-smoothed,944,26294.50057758117,26294.500602356969,26524
/Users/a/Ayanami/code/TSP/data/classic/tsplib/kroA150.tsp,polyak-smoothed-dynamic,1,polyak-smoothed-dynamic,1,23845,23845,26524
/Users/a/Ayanami/code/TSP/data/classic/tsplib/kroA150.tsp,polyak-smoothed-dynamic,2,polyak-smoothed-dynamic,2,22414.37837837838,23845,26524
/Users/a/Ayanami/code/TSP/data/classic/tsplib/kroA150.tsp,polyak-smoothed-dynamic,3,polyak-smoothed-dynamic,3,23801.813561580751,23845,26524
/Users/a/Ayanami/code/TSP/data/classic/tsplib/kroA150.tsp,polyak-smoothed-dynamic,4,polyak-smoothed-dynamic,4,24571.783807607269,24571.783807607269,26524
/Users/a/Ayanami/code/TSP/data/classic/tsplib/kroA150.tsp,polyak-smoothed-dynamic,5,polyak-smoothed-dynamic,5,24662.980918186699,24662.980918186699,26524
/Users/a/Ayanami/code/TSP/data/classic/tsplib/kroA150.tsp,polyak-smoothed-dynamic,6,polyak-smoothed-dynamic,6,24661.004312197416,24662.980918186699,26524
/Users/a/Ayanami/code/TSP/data/classic/tsplib/kroA150.tsp,polyak-smoothed-dynamic,7,polyak-smoothed-dynamic,7,24793.268234159514,24793.268234159514,26524
/Users/a/Ayanami/code/TSP/data/classic/tsplib/kroA150.tsp,polyak-smoothed-dynamic,8,polyak-smoothed-dynamic,8,24931.284134641588,24931.284134641588,26524
/Users/a/Ayanami/code/TSP/data/classic/tsplib/kroA150.tsp,polyak-smoothed-dynamic,9,polyak-smoothed-dynamic,9,24864.837320002247,24931.284134641588,26524
/Users/a/Ayanami/code/TSP/data/classic/tsplib/kroA150.tsp,polyak-smoothed-dynamic,10,polyak-smoothed-dynamic,10,25157.115100348376,25157.115100348376,26524
/Users/a/Ayanami/code/TSP/data/classic/tsplib/kroA150.tsp,polyak-smoothed-dynamic,11,polyak-smoothed-dynamic,11,25249.658017086957,25249.658017086957,26524
/Users/a/Ayanami/code/TSP/data/classic/tsplib/kroA150.tsp,polyak-smoothed-dynamic,12,polyak-smoothed-dynamic,12,24818.940348571887,25249.658017086957,26524
/Users/a/Ayanami/code/TSP/data/classic/tsplib/kroA150.tsp,polyak-smoothed-dynamic,13,polyak-smoothed-dynamic,13,24830.287441380227,25249.658017086957,26524
/Users/a/Ayanami/code/TSP/data/classic/tsplib/kroA150.tsp,polyak-smoothed-dynamic,14,polyak-smoothed-dynamic,14,25316.738435034546,25316.738435034546,26524
/Users/a/Ayanami/code/TSP/data/classic/tsplib/kroA150.tsp,polyak-smoothed-dynamic,15,polyak-smoothed-dynamic,15,25395.355338245889,25395.355338245889,26524
/Users/a/Ayanami/code/TSP/data/classic/tsplib/kroA150.tsp,polyak-smoothed-dynamic,16,polyak-smoothed-dynamic,16,25205.343436552692,25395.355338245889,26524
/Users/a/Ayanami/code/TSP/data/classic/tsplib/kroA150.tsp,polyak-smoothed-dynamic,17,polyak-smoothed-dynamic,17,25495.112902196666,25495.112902196666,26524
/Users/a/Ayanami/code/TSP/data/classic/tsplib/kroA150.tsp,polyak-smoothed-dynamic,18,polyak-smoothed-dynamic,18,25418.028539267245,25495.112902196666,26524
/Users/a/Ayanami/code/TSP/data/classic/tsplib/kroA150.tsp,polyak-smoothed-dynamic,19,polyak-smoothed-dynamic,19,25601.604989778316,25601.604989778316,26524
/Users/a/Ayanami/code/TSP/data/classic/tsplib/kroA150.tsp,polyak-smoothed-dynamic,20,polyak-smoothed-dynamic,20,25489.195145487036,25601.604989778316,26524
/Users/a/Ayanami/code/TSP/data/classic/tsplib/kroA150.tsp,polyak-smoothed-dynamic,21,polyak-smoothed-dynamic,21,25495.594037915864,25601.604989778316,26524
/Users/a/Ayanami/code/TSP/data/classic/tsplib/kroA150.tsp,polyak-smoothed-dynamic,22,polyak-smoothed-dynamic,22,25567.306959419642,25601.604989778316,26524
/Users/a/Ayanami/code/TSP/data/classic/tsplib/kroA150.tsp,polyak-smoothed-dynamic,23,polyak-smoothed-dynamic,23,25478.884319124481,25601.604989778316,26524
/Users/a/Ayanami/code/TSP/data/classic/tsplib/kroA150.tsp,polyak-smoothed-dynamic,24,polyak-smoothed-dynamic,24,25437.79876711714,25601.604989778316,26524
/Users/a/Ayanami/code/TSP/data/classic/tsplib/kroA150.tsp,polyak-smoothed-dynamic,25,polyak-smoothed-dynamic,25,25554.95398361703,25601.604989778316,26524
/Users/a/Ayanami/code/TSP/data/classic/tsplib/kroA150.tsp,polyak-smoothed-dynamic,26,polyak-smoothed-dynamic,26,25514.818999195446,25601.604989778316,26524
/Users/a/Ayanami/code/TSP/data/classic/tsplib/kroA150.tsp,polyak-smoothed-dynamic,27,polyak-smoothed-dynamic,27,25482.512142024585,25601.604989778316,26524
/Users/a/Ayanami/code/TSP/data/classic/tsplib/kroA150.tsp,polyak-smoothed-dynamic,28,polyak-smoothed-dynamic,28,25289.101260773692,25601.604989778316,26524
/Users/a/Ayanami/code/TSP/data/classic/tsplib/kroA150.tsp,polyak-smoothed-dynamic,29,polyak-smoothed-dynamic,29,25227.790442240424,25601.604989778316,26524
/Users/a/Ayanami/code/TSP/data/classic/tsplib/kroA150.tsp,polyak-smoothed-dynamic,30,polyak-smoothed-dynamic,30,25451.888124916084,25601.604989778316,26524
/Users/a/Ayanami/code/TSP/data/classic/tsplib/kroA150.tsp,polyak-smoothed-dynamic,31,polyak-smoothed-dynamic,31,25289.066535128753,25601.604989778316,26524
/Users/a/Ayanami/code/TSP/data/classic/tsplib/kroA150.tsp,polyak-smoothed-dynamic,32,polyak-smoothed-dynamic,32,25440.347717199555,25601.604989778316,26524
/Users/a/Ayanami/code/TSP/data/classic/tsplib/kroA150.tsp,polyak-smoothed-dynamic,33,polyak-smoothed-dynamic,33,25802.552491410836,25802.552491410836,26524
/Users/a/Ayanami/code/TSP/data/classic/tsplib/kroA150.tsp,polyak-smoothed-dynamic,34,polyak-smoothed-dynamic,34,25850.580574516804,25850.580574516804,26524
/Users/a/Ayanami/code/TSP/data/classic/tsplib/kroA150.tsp,polyak-smoothed-dynamic,35,polyak-smoothed-dynamic,35,25951.039340855899,25951.039340855899,26524
/Users/a/Ayanami/code/TSP/data/classic/tsplib/kroA150.tsp,polyak-smoothed-dynamic,36,polyak-smoothed-dynamic,36,25895.953030812245,25951.039340855899,26524
/Users/a/Ayanami/code/TSP/data/classic/tsplib/kroA150.tsp,polyak-smoothed-dynamic,37,polyak-smoothed-dynamic,37,25905.85119904585,25951.039340855899,26524
/Users/a/Ayanami/code/TSP/data/classic/tsplib/kroA150.tsp,polyak-smoothed-dynamic,38,polyak-smoothed-dynamic,38,25891.1305560287,25951.039340855899,26524
/Users/a/Ayanami/code/TSP/data/classic/tsplib/kroA150.tsp,polyak-smoothed-dynamic,39,polyak-smoothed-dynamic,39,25937.031757695673,25951.039340855899,26524
/Users/a/Ayanami/code/TSP/data/classic/tsplib/kroA150.tsp,polyak-smoothed-dynamic,40,polyak-smoothed-dynamic,40,25947.303368448127,25951.039340855899,26524
/Users/a/Ayanami/code/TSP/data/classic/tsplib/kroA150.tsp,polyak-smoothed-dynamic,41,polyak-smoothed-dynamic,41,25926.382977252826,25951.039340855899,26524
/Users/a/Ayanami/code/TSP/data/classic/tsplib/kroA150.tsp,polyak-smoothed-dynamic,42,polyak-smoothed-dynamic,42,25936.825338481944,25951.039340855899,26524
/Users/a/Ayanami/code/TSP/data/classic/tsplib/kroA150.tsp,polyak-smoothed-dynamic,43,polyak-smoothed-dynamic,43,25922.745273279623,25951.039340855899,26524
/Users/a/Ayanami/code/TSP/data/classic/tsplib/kroA150.tsp,polyak-smoothed-dynamic,44,polyak-smoothed-dynamic,44,25851.677565150178,25951.039340855899,26524
/Users/a/Ayanami/code/TSP/data/classic/tsplib/kroA150.tsp,polyak-smoothed-dynamic,45,polyak-smoothed-dynamic,45,26027.700824804029,26027.700824804029,26524
/Users/a/Ayanami/code/TSP/data/classic/tsplib/kroA150.tsp,polyak-smoothed-dynamic,46,polyak-smoothed-dynamic,46,25957.375467593309,26027.700824804029,26524
/Users/a/Ayanami/code/TSP/data/classic/tsplib/kroA150.tsp,polyak-smoothed-dynamic,47,polyak-smoothed-dynamic,47,25924.410959757373,26027.700824804029,26524
/Users/a/Ayanami/code/TSP/data/classic/tsplib/kroA150.tsp,polyak-smoothed-dynamic,48,polyak-smoothed-dynamic,48,25917.671815524409,26027.700824804029,26524
/Users/a/Ayanami/code/TSP/data/classic/tsplib/kroA150.tsp,polyak-smoothed-dynamic,49,polyak-smoothed-dynamic,49,25910.827327554234,26027.700824804029,26524
/Users/a/Ayanami/code/TSP/data/classic/tsplib/kroA150.tsp,polyak-smoothed-dynamic,50,polyak-smoothed-dynamic,50,25959.127353355965,26027.700824804029,26524
/Users/a/Ayanami/code/TSP/data/classic/tsplib/kroA150.tsp,polyak-smoothed-dynamic,51,polyak-smoothed-dynamic,51,25935.971818658672,26027.700824804029,26524
/Users/a/Ayanami/code/TSP/data/classic/tsplib/kroA150.tsp,polyak-smoothed-dynamic,52,polyak-smoothed-dynamic,52,26032.598621359917,26032.598621359917,26524
/Users/a/Ayanami/code/TSP/data/classic/tsplib/kroA150.tsp,polyak-smoothed-dynamic,53,polyak-smoothed-dynamic,53,25969.323449882388,26032.598621359917,26524
/Users/a/Ayanami/code/TSP/data/classic/tsplib/kroA150.tsp,polyak-smoothed-dynamic,54,polyak-smoothed-dynamic,54,25946.103249279226,26032.598621359917,26524
/Users/a/Ayanami/code/TSP/data/classic/tsplib/kroA150.tsp,polyak-smoothed-dynamic,55,polyak-smoothed-dynamic,55,25933.430966104239,26032.598621359917,26524
/Users/a/Ayanami/code/TSP/data/classic/tsplib/kroA150.tsp,polyak-smoothed-dynamic,56,polyak-smoothed-dynamic,56,25995.243779800006,26032.598621359917,26524
/Users/a/Ayanami/code/TSP/data/classic/tsplib/kroA150.tsp,polyak-smoothed-dynamic,57,polyak-smoothed-dynamic,57,25928.749906852961,26032.598621359917,26524
/Users/a/Ayanami/code/TSP/data/classic/tsplib/kroA150.tsp,polyak-smoothed-dynamic,58,polyak-smoothed-dynamic,58,25983.218864443461,26032.598621359917,26524
/Users/a/Ayanami/code/TSP/data/classic/tsplib/kroA150.tsp,polyak-smoothed-dynamic,59,polyak-smoothed-dynamic,59,26004.984704723909,26032.598621359917,26524
/Users/a/Ayanami/code/TSP/data/classic/tsplib/kroA150.tsp,polyak-smoothed-dynamic,60,polyak-smoothed-dynamic,60,25924.851556163318,26032.598621359917,26524
/Users/a/Ayanami/code/TSP/data/classic/tsplib/kroA150.tsp,polyak-smoothed-dynamic,61,polyak-smoothed-dynamic,61,25976.303728474897,26032.598621359917,26524
/Users/a/Ayanami/code/TSP/data/classic/tsplib/kroA150.tsp,polyak-smoothed-dynamic,62,polyak-smoothed-dynamic,62,25953.900935327682,26032.598621359917,26524
/Users/a/Ayanami/code/TSP/data/classic/tsplib/kroA150.tsp,polyak-smoothed-dynamic,63,polyak-smoothed-dynamic,63,25927.570123946392,26032.598621359917,26524
/Users/a/Ayanami/code/TSP/data/classic/tsplib/kroA150.tsp,polyak-smoothed-dynamic,64,polyak-smoothed-dynamic,64,26003.479236472991,26032.598621359917,26524
/Users/a/Ayanami/code/TSP/data/classic/tsplib/kroA150.tsp,polyak-smoothed-dynamic,65,polyak-smoothed-dynamic,65,25978.423465293028,26032.598621359917,26524
/Users/a/Ayanami/code/TSP/data/classic/tsplib/kroA150.tsp,polyak-smoothed-dynamic,66,polyak-smoothed-dynamic,66,26036.449244527783,26036.449244527783,26524
/Users/a/Ayanami/code/TSP/data/classic/tsplib/kroA150.tsp,polyak-smoothed-dynamic,67,polyak-smoothed-dynamic,67,26104.692378280564,26104.692378280564,26524
/Users/a/Ayanami/code/TSP/data/classic/tsplib/kroA150.tsp,polyak-smoothed-dynamic,68,polyak-smoothed-dynamic,68,26108.145938138099,26108.145938138099,26524
/Users/a/Ayanami/code/TSP/data/classic/tsplib/kroA150.tsp,polyak-smoothed-dynamic,69,polyak-smoothed-dynamic,69,26134.596119529175,26134.596119529175,26524
/Users/a/Ayanami/code/TSP/data/classic/tsplib/kroA150.tsp,polyak-smoothed-dynamic,70,polyak-smoothed-dynamic,70,26095.467134876682,26134.596119529175,26524
/Users/a/Ayanami/code/TSP/data/classic/tsplib/kroA150.tsp,polyak-smoothed-dynamic,71,polyak-smoothed-dynamic,71,26094.141160050225,26134.596119529175,26524
/Users/a/Ayanami/code/TSP/data/classic/tsplib/kroA150.tsp,polyak-smoothed-dynamic,72,polyak-smoothed-dynamic,72,26124.010840144008,26134.596119529175,26524
/Users/a/Ayanami/code/TSP/data/classic/tsplib/kroA150.tsp,polyak-smoothed-dynamic,73,polyak-smoothed-dynamic,73,26117.657904312735,26134.596119529175,26524
/Users/a/Ayanami/code/TSP/data/classic/tsplib/kroA150.tsp,polyak-smoothed-dynamic,74,polyak-smoothed-dynamic,74,26121.320200985181,26134.596119529175,26524
/Users/a/Ayanami/code/TSP/data/classic/tsplib/kroA150.tsp,polyak-smoothed-dynamic,75,polyak-smoothed-dynamic,75,26132.78830966265,26134.596119529175,26524
/Users/a/Ayanami/code/TSP/data/classic/tsplib/kroA150.tsp,polyak-smoothed-dynamic,76,polyak-smoothed-dynamic,76,26120.187953472119,26134.596119529175,26524
/Users/a/Ayanami/code/TSP/data/classic/tsplib/kroA150.tsp,polyak-smoothed-dynamic,77,polyak-smoothed-dynamic,77,26118.27047770844,26134.596119529175,26524
/Users/a/Ayanami/code/TSP/data/classic/tsplib/kroA150.tsp,polyak-smoothed-dynamic,78,polyak-smoothed-dynamic,78,26118.683814444183,26134.596119529175,26524
/Users/a/Ayanami/code/TSP/data/classic/tsplib/kroA150.tsp,polyak-smoothed-dynamic,79,polyak-smoothed-dynamic,79,26107.271311546861,26134.596119529175,26524
/Users/a/Ayanami/code/TSP/data/classic/tsplib/kroA150.tsp,polyak-smoothed-dynamic,80,polyak-smoothed-dynamic,80,26123.66232814304,26134.596119529175,26524
/Users/a/Ayanami/code/TSP/data/classic/tsplib/kroA150.tsp,polyak-smoothed-dynamic,81,polyak-smoothed-dynamic,81,26108.599914091974,26134.596119529175,26524
/Users/a/Ayanami/code/TSP/data/classic/tsplib/kroA150.tsp,polyak-smoothed-dynamic,82,polyak-smoothed-dynamic,82,26129.241116853624,26134.596119529175,26524
/Users/a/Ayanami/code/TSP/data/classic/tsplib/kroA150.tsp,polyak-smoothed-dynamic,83,polyak-smoothed-dynamic,83,26167.815977259317,26167.815977259317,26524
/Users/a/Ayanami/code/TSP/data/classic/tsplib/kroA150.tsp,polyak-smoothed-dynamic,84,polyak-smoothed-dynamic,84,26178.252433612113,26178.252433612113,26524
/Users/a/Ayanami/code/TSP/data/classic/tsplib/kroA150.tsp,polyak-smoothed-dynamic,85,polyak-smoothed-dynamic,85,26182.880247152309,26182.880247152309,26524
/Users/a/Ayanami/code/TSP/data/classic/tsplib/kroA150.tsp,polyak-smoothed-dynamic,86,polyak-smoothed-dynamic,86,26185.19691231383,26185.19691231383,26524
/Users/a/Ayanami/code/TSP/data/classic/tsplib/kroA150.tsp,polyak-smoothed-dynamic,87,polyak-smoothed-dynamic,87,26182.679924189742,26185.19691231383,26524
/Users/a/Ayanami/code/TSP/data/classic/tsplib/kroA150.tsp,polyak-smoothed-dynamic,88,polyak-smoothed-dynamic,88,26185.517117732339,26185.517117732339,26524
/Users/a/Ayanami/code/TSP/data/classic/tsplib/kroA150.tsp,polyak-smoothed-dynamic,89,polyak-smoothed-dynamic,89,26195.658955174138,26195.658955174138,26524
/Users/a/Ayanami/code/TSP/data/classic/tsplib/kroA150.tsp,polyak-smoothed-dynamic,90,polyak-smoothed-dynamic,90,26160.709520081517,26195.658955174138,26524
/Users/a/Ayanami/code/TSP/data/classic/tsplib/kroA150.tsp,polyak-smoothed-dynamic,91,polyak-smoothed-dynamic,91,26181.911387494281,26195.658955174138,26524
/Users/a/Ayanami/code/TSP/data/classic/tsplib/kroA150.tsp,polyak-smoothed-dynamic,92,polyak-smoothed-dynamic,92,26180.62368525509,26195.658955174138,26524
/Users/a/Ayanami/code/TSP/data/classic/tsplib/kroA150.tsp,polyak-smoothed-dynamic,93,polyak-smoothed-dynamic,93,26183.295913983216,26195.658955174138,26524
/Users/a/Ayanami/code/TSP/data/classic/tsplib/kroA150.tsp,polyak-smoothed-dynamic,94,polyak-smoothed-dynamic,94,26185.060790519943,26195.658955174138,26524
/Users/a/Ayanami/code/TSP/data/classic/tsplib/kroA150.tsp,polyak-smoothed-dynamic,95,polyak-smoothed-dynamic,95,26202.93442238119,26202.93442238119,26524
/Users/a/Ayanami/code/TSP/data/classic/tsplib/kroA150.tsp,polyak-smoothed-dynamic,96,polyak-smoothed-dynamic,96,26170.966422532856,26202.93442238119,26524
/Users/a/Ayanami/code/TSP/data/classic/tsplib/kroA150.tsp,polyak-smoothed-dynamic,97,polyak-smoothed-dynamic,97,26197.679815442258,26202.93442238119,26524
/Users/a/Ayanami/code/TSP/data/classic/tsplib/kroA150.tsp,polyak-smoothed-dynamic,98,polyak-smoothed-dynamic,98,26184.067126258964,26202.93442238119,26524
/Users/a/Ayanami/code/TSP/data/classic/tsplib/kroA150.tsp,polyak-smoothed-dynamic,99,polyak-smoothed-dynamic,99,26202.171474126066,26202.93442238119,26524
/Users/a/Ayanami/code/TSP/data/classic/tsplib/kroA150.tsp,polyak-smoothed-dynamic,100,polyak-smoothed-dynamic,100,26150.015942042119,26202.93442238119,26524
/Users/a/Ayanami/code/TSP/data/classic/tsplib/kroA150.tsp,polyak-smoothed-dynamic,101,polyak-smoothed-dynamic,101,26179.556769519342,26202.93442238119,26524
/Users/a/Ayanami/code/TSP/data/classic/tsplib/kroA150.tsp,polyak-smoothed-dynamic,102,polyak-smoothed-dynamic,102,26159.564459802856,26202.93442238119,26524
/Users/a/Ayanami/code/TSP/data/classic/tsplib/kroA150.tsp,polyak-smoothed-dynamic,103,polyak-smoothed-dynamic,103,26186.300700024334,26202.93442238119,26524
/Users/a/Ayanami/code/TSP/data/classic/tsplib/kroA150.tsp,polyak-smoothed-dynamic,104,polyak-smoothed-dynamic,104,26197.363064200519,26202.93442238119,26524
/Users/a/Ayanami/code/TSP/data/classic/tsplib/kroA150.tsp,polyak-smoothed-dynamic,105,polyak-smoothed-dynamic,105,26197.81606702421,26202.93442238119,26524
/Users/a/Ayanami/code/TSP/data/classic/tsplib/kroA150.tsp,polyak-smoothed-dynamic,106,polyak-smoothed-dynamic,106,26190.777266560133,26202.93442238119,26524
/Users/a/Ayanami/code/TSP/data/classic/tsplib/kroA150.tsp,polyak-smoothed-dynamic,107,polyak-smoothed-dynamic,107,26206.26317575117,26206.26317575117,26524
/Users/a/Ayanami/code/TSP/data/classic/tsplib/kroA150.tsp,polyak-smoothed-dynamic,108,polyak-smoothed-dynamic,108,26183.339376360454,26206.26317575117,26524
/Users/a/Ayanami/code/TSP/data/classic/tsplib/kroA150.tsp,polyak-smoothed-dynamic,109,polyak-smoothed-dynamic,109,26189.768059748189,26206.26317575117,26524
/Users/a/Ayanami/code/TSP/data/classic/tsplib/kroA150.tsp,polyak-smoothed-dynamic,110,polyak-smoothed-dynamic,110,26192.671376672653,26206.26317575117,26524
/Users/a/Ayanami/code/TSP/data/classic/tsplib/kroA150.tsp,polyak-smoothed-dynamic,111,polyak-smoothed-dynamic,111,26198.216417067644,26206.26317575117,26524
/Users/a/Ayanami/code/TSP/data/classic/tsplib/kroA150.tsp,polyak-smoothed-dynamic,112,polyak-smoothed-dynamic,112,26184.98019660807,26206.26317575117,26524
/Users/a/Ayanami/code/TSP/data/classic/tsplib/kroA150.tsp,polyak-smoothed-dynamic,113,polyak-smoothed-dynamic,113,26195.776988836293,26206.26317575117,26524
/Users/a/Ayanami/code/TSP/data/classic/tsplib/kroA150.tsp,polyak-smoothed-dynamic,114,polyak-smoothed-dynamic,114,26196.115566946806,26206.26317575117,26524
/Users/a/Ayanami/code/TSP/data/classic/tsplib/kroA150.tsp,polyak-smoothed-dynamic,115,polyak-smoothed-dynamic,115,26212.46309579075,26212.46309579075,26524
/Users/a/Ayanami/code/TSP/data/classic/tsplib/kroA150.tsp,polyak-smoothed-dynamic,116,polyak-smoothed-dynamic,116,26192.281862485535,26212.46309579075,26524
/Users/a/Ayanami/code/TSP/data/classic/tsplib/kroA150.tsp,polyak-smoothed-dynamic,117,polyak-smoothed-dynamic,117,26213.272418702771,26213.272418702771,26524
/Users/a/Ayanami/code/TSP/data/classic/tsplib/kroA150.tsp,polyak-smoothed-dynamic,118,polyak-smoothed-dynamic,118,26191.771302218072,26213.272418702771,26524
/Users/a/Ayanami/code/TSP/data/classic/tsplib/kroA150.tsp,polyak-smoothed-dynamic,119,polyak-smoothed-dynamic,119,26192.829155933046,26213.272418702771,26524
/Users/a/Ayanami/code/TSP/data/classic/tsplib/kroA150.tsp,polyak-smoothed-dynamic,120,polyak-smoothed-dynamic,120,26195.041355173813,26213.272418702771,26524
/Users/a/Ayanami/code/TSP/data/classic/tsplib/kroA150.tsp,polyak-smoothed-dynamic,121,polyak-smoothed-dynamic,121,26199.998073758077,26213.272418702771,26524
/Users/a/Ayanami/code/TSP/data/classic/tsplib/kroA150.tsp,polyak-smoothed-dynamic,122,polyak-smoothed-dynamic,122,26221.361147067342,26221.361147067342,26524
/Users/a/Ayanami/code/TSP/data/classic/tsplib/kroA150.tsp,polyak-smoothed-dynamic,123,polyak-smoothed-dynamic,123,26192.711776626205,26221.361147067342,26524
/Users/a/Ayanami/code/TSP/data/classic/tsplib/kroA150.tsp,polyak-smoothed-dynamic,124,polyak-smoothed-dynamic,124,26213.993935159473,26221.361147067342,26524
/Users/a/Ayanami/code/TSP/data/classic/tsplib/kroA150.tsp,polyak-smoothed-dynamic,125,polyak-smoothed-dynamic,125,26200.3989377045,26221.361147067342,26524
/Users/a/Ayanami/code/TSP/data/classic/tsplib/kroA150.tsp,polyak-smoothed-dynamic,126,polyak-smoothed-dynamic,126,26213.599453661514,26221.361147067342,26524
/Users/a/Ayanami/code/TSP/data/classic/tsplib/kroA150.tsp,polyak-smoothed-dynamic,127,polyak-smoothed-dynamic,127,26185.689272480438,26221.361147067342,26524
/Users/a/Ayanami/code/TSP/data/classic/tsplib/kroA150.tsp,polyak-smoothed-dynamic,128,polyak-smoothed-dynamic,128,26189.141327260335,26221.361147067342,26524
/Users/a/Ayanami/code/TSP/data/classic/tsplib/kroA150.tsp,polyak-smoothed-dynamic,129,polyak-smoothed-dynamic,129,26218.929372497711,26221.361147067342,26524
/Users/a/Ayanami/code/TSP/data/classic/tsplib/kroA150.tsp,polyak-smoothed-dynamic,130,polyak-smoothed-dynamic,130,26198.763697611132,26221.361147067342,26524
/Users/a/Ayanami/code/TSP/data/classic/tsplib/kroA150.tsp,polyak-smoothed-dynamic,131,polyak-smoothed-dynamic,131,26197.081830166029,26221.361147067342,26524
/Users/a/Ayanami/code/TSP/data/classic/tsplib/kroA150.tsp,polyak-smoothed-dynamic,132,polyak-smoothed-dynamic,132,26218.608302806759,26221.361147067342,26524
/Users/a/Ayanami/code/TSP/data/classic/tsplib/kroA150.tsp,polyak-smoothed-dynamic,133,polyak-smoothed-dynamic,133,26152.784930117861,26221.361147067342,26524
/Users/a/Ayanami/code/TSP/data/classic/tsplib/kroA150.tsp,polyak-smoothed-dynamic,134,polyak-smoothed-dynamic,134,26181.053990495413,26221.361147067342,26524
/Users/a/Ayanami/code/TSP/data/classic/tsplib/kroA150.tsp,polyak-smoothed-dynamic,135,polyak-smoothed-dynamic,135,26204.794949010688,26221.361147067342,26524
/Users/a/Ayanami/code/TSP/data/classic/tsplib/kroA150.tsp,polyak-smoothed-dynamic,136,polyak-smoothed-dynamic,136,26219.680805872846,26221.361147067342,26524
/Users/a/Ayanami/code/TSP/data/classic/tsplib/kroA150.tsp,polyak-smoothed-dynamic,137,polyak-smoothed-dynamic,137,26237.113166467454,26237.113166467454,26524
/Users/a/Ayanami/code/TSP/data/classic/tsplib/kroA150.tsp,polyak-smoothed-dynamic,138,polyak-smoothed-dynamic,138,26236.372085825857,26237.113166467454,26524
/Users/a/Ayanami/code/TSP/data/classic/tsplib/kroA150.tsp,polyak-smoothed-dynamic,139,polyak-smoothed-dynamic,139,26226.502011970813,26237.113166467454,26524
/Users/a/Ayanami/code/TSP/data/classic/tsplib/kroA150.tsp,polyak-smoothed-dynamic,140,polyak-smoothed-dynamic,140,26231.759793675807,26237.113166467454,26524
/Users/a/Ayanami/code/TSP/data/classic/tsplib/kroA150.tsp,polyak-smoothed-dynamic,141,polyak-smoothed-dynamic,141,26231.453335501119,26237.113166467454,26524
/Users/a/Ayanami/code/TSP/data/classic/tsplib/kroA150.tsp,polyak-smoothed-dynamic,142,polyak-smoothed-dynamic,142,26235.412521205231,26237.113166467454,26524
/Users/a/Ayanami/code/TSP/data/classic/tsplib/kroA150.tsp,polyak-smoothed-dynamic,143,polyak-smoothed-dynamic,143,26224.294686803063,26237.113166467454,26524
/Users/a/Ayanami/code/TSP/data/classic/tsplib/kroA150.tsp,polyak-smoothed-dynamic,144,polyak-smoothed-dynamic,144,26225.800291857642,26237.113166467454,26524
/Users/a/Ayanami/code/TSP/data/classic/tsplib/kroA150.tsp,polyak-smoothed-dynamic,145,polyak-smoothed-dynamic,145,26231.981526543394,26237.113166467454,26524
/Users/a/Ayanami/code/TSP/data/classic/tsplib/kroA150.tsp,polyak-smoothed-dynamic,146,polyak-smoothed-dynamic,146,26232.208887920769,26237.113166467454,26524
/Users/a/Ayanami/code/TSP/data/classic/tsplib/kroA150.tsp,polyak-smoothed-dynamic,147,polyak-smoothed-dynamic,147,26235.858500046677,26237.113166467454,26524
/Users/a/Ayanami/code/TSP/data/classic/tsplib/kroA150.tsp,polyak-smoothed-dynamic,148,polyak-smoothed-dynamic,148,26233.898566335782,26237.113166467454,26524
/Users/a/Ayanami/code/TSP/data/classic/tsplib/kroA150.tsp,polyak-smoothed-dynamic,149,polyak-smoothed-dynamic,149,26240.304980616453,26240.304980616453,26524
/Users/a/Ayanami/code/TSP/data/classic/tsplib/kroA150.tsp,polyak-smoothed-dynamic,150,polyak-smoothed-dynamic,150,26222.13088819039,26240.304980616453,26524
/Users/a/Ayanami/code/TSP/data/classic/tsplib/kroA150.tsp,polyak-smoothed-dynamic,151,polyak-smoothed-dynamic,151,26235.732439324696,26240.304980616453,26524
/Users/a/Ayanami/code/TSP/data/classic/tsplib/kroA150.tsp,polyak-smoothed-dynamic,152,polyak-smoothed-dynamic,152,26239.019870432712,26240.304980616453,26524
/Users/a/Ayanami/code/TSP/data/classic/tsplib/kroA150.tsp,polyak-smoothed-dynamic,153,polyak-smoothed-dynamic,153,26229.699281895737,26240.304980616453,26524
/Users/a/Ayanami/code/TSP/data/classic/tsplib/kroA150.tsp,polyak-smoothed-dynamic,154,polyak-smoothed-dynamic,154,26233.853870343508,26240.304980616453,26524
/Users/a/Ayanami/code/TSP/data/classic/tsplib/kroA150.tsp,polyak-smoothed-dynamic,155,polyak-smoothed-dynamic,155,26243.88646819823,26243.88646819823,26524
/Users/a/Ayanami/code/TSP/data/classic/tsplib/kroA150.tsp,polyak-smoothed-dynamic,156,polyak-smoothed-dynamic,156,26219.677869078256,26243.88646819823,26524
/Users/a/Ayanami/code/TSP/data/classic/tsplib/kroA150.tsp,polyak-smoothed-dynamic,157,polyak-smoothed-dynamic,157,26226.364914628186,26243.88646819823,26524
/Users/a/Ayanami/code/TSP/data/classic/tsplib/kroA150.tsp,polyak-smoothed-dynamic,158,polyak-smoothed-dynamic,158,26234.603239466145,26243.88646819823,26524
/Users/a/Ayanami/code/TSP/data/classic/tsplib/kroA150.tsp,polyak-smoothed-dynamic,159,polyak-smoothed-dynamic,159,26240.327688580855,26243.88646819823,26524
/Users/a/Ayanami/code/TSP/data/classic/tsplib/kroA150.tsp,polyak-smoothed-dynamic,160,polyak-smoothed-dynamic,160,26229.614609891993,26243.88646819823,26524
/Users/a/Ayanami/code/TSP/data/classic/tsplib/kroA150.tsp,polyak-smoothed-dynamic,161,polyak-smoothed-dynamic,161,26242.308963270465,26243.88646819823,26524
/Users/a/Ayanami/code/TSP/data/classic/tsplib/kroA150.tsp,polyak-smoothed-dynamic,162,polyak-smoothed-dynamic,162,26226.541347777915,26243.88646819823,26524
/Users/a/Ayanami/code/TSP/data/classic/tsplib/kroA150.tsp,polyak-smoothed-dynamic,163,polyak-smoothed-dynamic,163,26231.439284151882,26243.88646819823,26524
/Users/a/Ayanami/code/TSP/data/classic/tsplib/kroA150.tsp,polyak-smoothed-dynamic,164,polyak-smoothed-dynamic,164,26229.939560693321,26243.88646819823,26524
/Users/a/Ayanami/code/TSP/data/classic/tsplib/kroA150.tsp,polyak-smoothed-dynamic,165,polyak-smoothed-dynamic,165,26236.372721287244,26243.88646819823,26524
/Users/a/Ayanami/code/TSP/data/classic/tsplib/kroA150.tsp,polyak-smoothed-dynamic,166,polyak-smoothed-dynamic,166,26246.921958946856,26246.921958946856,26524
/Users/a/Ayanami/code/TSP/data/classic/tsplib/kroA150.tsp,polyak-smoothed-dynamic,167,polyak-smoothed-dynamic,167,26231.938626891792,26246.921958946856,26524
/Users/a/Ayanami/code/TSP/data/classic/tsplib/kroA150.tsp,polyak-smoothed-dynamic,168,polyak-smoothed-dynamic,168,26240.004903663947,26246.921958946856,26524
/Users/a/Ayanami/code/TSP/data/classic/tsplib/kroA150.tsp,polyak-smoothed-dynamic,169,polyak-smoothed-dynamic,169,26245.613280254511,26246.921958946856,26524
/Users/a/Ayanami/code/TSP/data/classic/tsplib/kroA150.tsp,polyak-smoothed-dynamic,170,polyak-smoothed-dynamic,170,26212.281533787565,26246.921958946856,26524
/Users/a/Ayanami/code/TSP/data/classic/tsplib/kroA150.tsp,polyak-smoothed-dynamic,171,polyak-smoothed-dynamic,171,26231.154680134914,26246.921958946856,26524
/Users/a/Ayanami/code/TSP/data/classic/tsplib/kroA150.tsp,polyak-smoothed-dynamic,172,polyak-smoothed-dynamic,172,26239.95139300084,26246.921958946856,26524
/Users/a/Ayanami/code/TSP/data/classic/tsplib/kroA150.tsp,polyak-smoothed-dynamic,173,polyak-smoothed-dynamic,173,26234.382006937078,26246.921958946856,26524
/Users/a/Ayanami/code/TSP/data/classic/tsplib/kroA150.tsp,polyak-smoothed-dynamic,174,polyak-smoothed-dynamic,174,26240.362333797639,26246.921958946856,26524
/Users/a/Ayanami/code/TSP/data/classic/tsplib/kroA150.tsp,polyak-smoothed-dynamic,175,polyak-smoothed-dynamic,175,26237.208954268444,26246.921958946856,26524
/Users/a/Ayanami/code/TSP/data/classic/tsplib/kroA150.tsp,polyak-smoothed-dynamic,176,polyak-smoothed-dynamic,176,26235.232898543465,26246.921958946856,26524
/Users/a/Ayanami/code/TSP/data/classic/tsplib/kroA150.tsp,polyak-smoothed-dynamic,177,polyak-smoothed-dynamic,177,26236.903297831719,26246.921958946856,26524
/Users/a/Ayanami/code/TSP/data/classic/tsplib/kroA150.tsp,polyak-smoothed-dynamic,178,polyak-smoothed-dynamic,178,26243.043605082694,26246.921958946856,26524
/Users/a/Ayanami/code/TSP/data/classic/tsplib/kroA150.tsp,polyak-smoothed-dynamic,179,polyak-smoothed-dynamic,179,26233.522073677152,26246.921958946856,26524
/Users/a/Ayanami/code/TSP/data/classic/tsplib/kroA150.tsp,polyak-smoothed-dynamic,180,polyak-smoothed-dynamic,180,26237.627345013214,26246.921958946856,26524
/Users/a/Ayanami/code/TSP/data/classic/tsplib/kroA150.tsp,polyak-smoothed-dynamic,181,polyak-smoothed-dynamic,181,26249.284397546457,26249.284397546457,26524
/Users/a/Ayanami/code/TSP/data/classic/tsplib/kroA150.tsp,polyak-smoothed-dynamic,182,polyak-smoothed-dynamic,182,26246.968924739595,26249.284397546457,26524
/Users/a/Ayanami/code/TSP/data/classic/tsplib/kroA150.tsp,polyak-smoothed-dynamic,183,polyak-smoothed-dynamic,183,26250.959026580789,26250.959026580789,26524
/Users/a/Ayanami/code/TSP/data/classic/tsplib/kroA150.tsp,polyak-smoothed-dynamic,184,polyak-smoothed-dynamic,184,26249.633506930706,26250.959026580789,26524
/Users/a/Ayanami/code/TSP/data/classic/tsplib/kroA150.tsp,polyak-smoothed-dynamic,185,polyak-smoothed-dynamic,185,26252.015173736887,26252.015173736887,26524
/Users/a/Ayanami/code/TSP/data/classic/tsplib/kroA150.tsp,polyak-smoothed-dynamic,186,polyak-smoothed-dynamic,186,26246.657718783255,26252.015173736887,26524
/Users/a/Ayanami/code/TSP/data/classic/tsplib/kroA150.tsp,polyak-smoothed-dynamic,187,polyak-smoothed-dynamic,187,26250.427422234181,26252.015173736887,26524
/Users/a/Ayanami/code/TSP/data/classic/tsplib/kroA150.tsp,polyak-smoothed-dynamic,188,polyak-smoothed-dynamic,188,26250.194016114117,26252.015173736887,26524
/Users/a/Ayanami/code/TSP/data/classic/tsplib/kroA150.tsp,polyak-smoothed-dynamic,189,polyak-smoothed-dynamic,189,26245.541980776467,26252.015173736887,26524
/Users/a/Ayanami/code/TSP/data/classic/tsplib/kroA150.tsp,polyak-smoothed-dynamic,190,polyak-smoothed-dynamic,190,26250.89312037428,26252.015173736887,26524
/Users/a/Ayanami/code/TSP/data/classic/tsplib/kroA150.tsp,polyak-smoothed-dynamic,191,polyak-smoothed-dynamic,191,26250.669808347422,26252.015173736887,26524
/Users/a/Ayanami/code/TSP/data/classic/tsplib/kroA150.tsp,polyak-smoothed-dynamic,192,polyak-smoothed-dynamic,192,26250.823625509038,26252.015173736887,26524
/Users/a/Ayanami/code/TSP/data/classic/tsplib/kroA150.tsp,polyak-smoothed-dynamic,193,polyak-smoothed-dynamic,193,26248.600334575553,26252.015173736887,26524
/Users/a/Ayanami/code/TSP/data/classic/tsplib/kroA150.tsp,polyak-smoothed-dynamic,194,polyak-smoothed-dynamic,194,26252.946745225003,26252.946745225003,26524
/Users/a/Ayanami/code/TSP/data/classic/tsplib/kroA150.tsp,polyak-smoothed-dynamic,195,polyak-smoothed-dynamic,195,26251.360207265298,26252.946745225003,26524
/Users/a/Ayanami/code/TSP/data/classic/tsplib/kroA150.tsp,polyak-smoothed-dynamic,196,polyak-smoothed-dynamic,196,26252.700812193623,26252.946745225003,26524
/Users/a/Ayanami/code/TSP/data/classic/tsplib/kroA150.tsp,polyak-smoothed-dynamic,197,polyak-smoothed-dynamic,197,26249.102691299027,26252.946745225003,26524
/Users/a/Ayanami/code/TSP/data/classic/tsplib/kroA150.tsp,polyak-smoothed-dynamic,198,polyak-smoothed-dynamic,198,26252.9685296436,26252.9685296436,26524
/Users/a/Ayanami/code/TSP/data/classic/tsplib/kroA150.tsp,polyak-smoothed-dynamic,199,polyak-smoothed-dynamic,199,26248.325380985312,26252.9685296436,26524
/Users/a/Ayanami/code/TSP/data/classic/tsplib/kroA150.tsp,polyak-smoothed-dynamic,200,polyak-smoothed-dynamic,200,26252.176900809085,26252.9685296436,26524
/Users/a/Ayanami/code/TSP/data/classic/tsplib/kroA150.tsp,polyak-smoothed-dynamic,201,polyak-smoothed-dynamic,201,26242.606842807927,26252.9685296436,26524
/Users/a/Ayanami/code/TSP/data/classic/tsplib/kroA150.tsp,polyak-smoothed-dynamic,202,polyak-smoothed-dynamic,202,26246.140913769093,26252.9685296436,26524
/Users/a/Ayanami/code/TSP/data/classic/tsplib/kroA150.tsp,polyak-smoothed-dynamic,203,polyak-smoothed-dynamic,203,26253.114553772226,26253.114553772226,26524
/Users/a/Ayanami/code/TSP/data/classic/tsplib/kroA150.tsp,polyak-smoothed-dynamic,204,polyak-smoothed-dynamic,204,26246.716521815095,26253.114553772226,26524
/Users/a/Ayanami/code/TSP/data/classic/tsplib/kroA150.tsp,polyak-smoothed-dynamic,205,polyak-smoothed-dynamic,205,26252.248303029242,26253.114553772226,26524
/Users/a/Ayanami/code/TSP/data/classic/tsplib/kroA150.tsp,polyak-smoothed-dynamic,206,polyak-smoothed-dynamic,206,26253.222409899314,26253.222409899314,26524
/Users/a/Ayanami/code/TSP/data/classic/tsplib/kroA150.tsp,polyak-smoothed-dynamic,207,polyak-smoothed-dynamic,207,26249.646359062335,26253.222409899314,26524
/Users/a/Ayanami/code/TSP/data/classic/tsplib/kroA150.tsp,polyak-smoothed-dynamic,208,polyak-smoothed-dynamic,208,26253.37570345253,26253.37570345253,26524
/Users/a/Ayanami/code/TSP/data/classic/tsplib/kroA150.tsp,polyak-smoothed-dynamic,209,polyak-smoothed-dynamic,209,26249.536061746345,26253.37570345253,26524
/Users/a/Ayanami/code/TSP/data/classic/tsplib/kroA150.tsp,polyak-smoothed-dynamic,210,polyak-smoothed-dynamic,210,26249.467414075327,26253.37570345253,26524
/Users/a/Ayanami/code/TSP/data/classic/tsplib/kroA150.tsp,polyak-smoothed-dynamic,211,polyak-smoothed-dynamic,211,26253.032968588675,26253.37570345253,26524
/Users/a/Ayanami/code/TSP/data/classic/tsplib/kroA150.tsp,polyak-smoothed-dynamic,212,polyak-smoothed-dynamic,212,26255.121028491136,26255.121028491136,26524
/Users/a/Ayanami/code/TSP/data/classic/tsplib/kroA150.tsp,polyak-smoothed-dynamic,213,polyak-smoothed-dynamic,213,26252.909473515636,26255.121028491136,26524
/Users/a/Ayanami/code/TSP/data/classic/tsplib/kroA150.tsp,polyak-smoothed-dynamic,214,polyak-smoothed-dynamic,214,26252.652228413423,26255.121028491136,26524
/Users/a/Ayanami/code/TSP/data/classic/tsplib/kroA150.tsp,polyak-smoothed-dynamic,215,polyak-smoothed-dynamic,215,26255.710515813425,26255.710515813425,26524
/Users/a/Ayanami/code/TSP/data/classic/tsplib/kroA150.tsp,polyak-smoothed-dynamic,216,polyak-smoothed-dynamic,216,26250.810531255756,26255.710515813425,26524
/Users/a/Ayanami/code/TSP/data/classic/tsplib/kroA150.tsp,polyak-smoothed-dynamic,217,polyak-smoothed-dynamic,217,26254.816458962345,26255.710515813425,26524
/Users/a/Ayanami/code/TSP/data/classic/tsplib/kroA150.tsp,polyak-smoothed-dynamic,218,polyak-smoothed-dynamic,218,26252.24580097718,26255.710515813425,26524
/Users/a/Ayanami/code/TSP/data/classic/tsplib/kroA150.tsp,polyak-smoothed-dynamic,219,polyak-smoothed-dynamic,219,26252.434438108354,26255.710515813425,26524
/Users/a/Ayanami/code/TSP/data/classic/tsplib/kroA150.tsp,polyak-smoothed-dynamic,220,polyak-smoothed-dynamic,220,26251.398303341568,26255.710515813425,26524
/Users/a/Ayanami/code/TSP/data/classic/tsplib/kroA150.tsp,polyak-smoothed-dynamic,221,polyak-smoothed-dynamic,221,26253.04258220112,26255.710515813425,26524
/Users/a/Ayanami/code/TSP/data/classic/tsplib/kroA150.tsp,polyak-smoothed-dynamic,222,polyak-smoothed-dynamic,222,26252.159412603804,26255.710515813425,26524
/Users/a/Ayanami/code/TSP/data/classic/tsplib/kroA150.tsp,polyak-smoothed-dynamic,223,polyak-smoothed-dynamic,223,26255.566069065633,26255.710515813425,26524
/Users/a/Ayanami/code/TSP/data/classic/tsplib/kroA150.tsp,polyak-smoothed-dynamic,224,polyak-smoothed-dynamic,224,26250.02865707974,26255.710515813425,26524
/Users/a/Ayanami/code/TSP/data/classic/tsplib/kroA150.tsp,polyak-smoothed-dynamic,225,polyak-smoothed-dynamic,225,26251.780348396711,26255.710515813425,26524
/Users/a/Ayanami/code/TSP/data/classic/tsplib/kroA150.tsp,polyak-smoothed-dynamic,226,polyak-smoothed-dynamic,226,26252.58663189485,26255.710515813425,26524
/Users/a/Ayanami/code/TSP/data/classic/tsplib/kroA150.tsp,polyak-smoothed-dynamic,227,polyak-smoothed-dynamic,227,26253.844423500715,26255.710515813425,26524
/Users/a/Ayanami/code/TSP/data/classic/tsplib/kroA150.tsp,polyak-smoothed-dynamic,228,polyak-smoothed-dynamic,228,26242.283695092166,26255.710515813425,26524
/Users/a/Ayanami/code/TSP/data/classic/tsplib/kroA150.tsp,polyak-smoothed-dynamic,229,polyak-smoothed-dynamic,229,26246.854309343227,26255.710515813425,26524
/Users/a/Ayanami/code/TSP/data/classic/tsplib/kroA150.tsp,polyak-smoothed-dynamic,230,polyak-smoothed-dynamic,230,26256.636484578037,26256.636484578037,26524
/Users/a/Ayanami/code/TSP/data/classic/tsplib/kroA150.tsp,polyak-smoothed-dynamic,231,polyak-smoothed-dynamic,231,26259.283114104484,26259.283114104484,26524
/Users/a/Ayanami/code/TSP/data/classic/tsplib/kroA150.tsp,polyak-smoothed-dynamic,232,polyak-smoothed-dynamic,232,26258.469495809601,26259.283114104484,26524
/Users/a/Ayanami/code/TSP/data/classic/tsplib/kroA150.tsp,polyak-smoothed-dynamic,233,polyak-smoothed-dynamic,233,26261.393813694413,26261.393813694413,26524
/Users/a/Ayanami/code/TSP/data/classic/tsplib/kroA150.tsp,polyak-smoothed-dynamic,234,polyak-smoothed-dynamic,234,26259.948650277751,26261.393813694413,26524
/Users/a/Ayanami/code/TSP/data/classic/tsplib/kroA150.tsp,polyak-smoothed-dynamic,235,polyak-smoothed-dynamic,235,26259.956623353723,26261.393813694413,26524
/Users/a/Ayanami/code/TSP/data/classic/tsplib/kroA150.tsp,polyak-smoothed-dynamic,236,polyak-smoothed-dynamic,236,26258.148534063621,26261.393813694413,26524
/Users/a/Ayanami/code/TSP/data/classic/tsplib/kroA150.tsp,polyak-smoothed-dynamic,237,polyak-smoothed-dynamic,237,26258.08138643908,26261.393813694413,26524
/Users/a/Ayanami/code/TSP/data/classic/tsplib/kroA150.tsp,polyak-smoothed-dynamic,238,polyak-smoothed-dynamic,238,26259.501108402528,26261.393813694413,26524
/Users/a/Ayanami/code/TSP/data/classic/tsplib/kroA150.tsp,polyak-smoothed-dynamic,239,polyak-smoothed-dynamic,239,26260.294465339754,26261.393813694413,26524
/Users/a/Ayanami/code/TSP/data/classic/tsplib/kroA150.tsp,polyak-smoothed-dynamic,240,polyak-smoothed-dynamic,240,26258.906278727743,26261.393813694413,26524
/Users/a/Ayanami/code/TSP/data/classic/tsplib/kroA150.tsp,polyak-smoothed-dynamic,241,polyak-smoothed-dynamic,241,26258.101606072414,26261.393813694413,26524
/Users/a/Ayanami/code/TSP/data/classic/tsplib/kroA150.tsp,polyak-smoothed-dynamic,242,polyak-smoothed-dynamic,242,26262.590699842716,26262.590699842716,26524
/Users/a/Ayanami/code/TSP/data/classic/tsplib/kroA150.tsp,polyak-smoothed-dynamic,243,polyak-smoothed-dynamic,243,26256.031984480771,26262.590699842716,26524
/Users/a/Ayanami/code/TSP/data/classic/tsplib/kroA150.tsp,polyak-smoothed-dynamic,244,polyak-smoothed-dynamic,244,26258.02948333148,26262.590699842716,26524
/Users/a/Ayanami/code/TSP/data/classic/tsplib/kroA150.tsp,polyak-smoothed-dynamic,245,polyak-smoothed-dynamic,245,26260.745611243827,26262.590699842716,26524
/Users/a/Ayanami/code/TSP/data/classic/tsplib/kroA150.tsp,polyak-smoothed-dynamic,246,polyak-smoothed-dynamic,246,26260.878252345916,26262.590699842716,26524
/Users/a/Ayanami/code/TSP/data/classic/tsplib/kroA150.tsp,polyak-smoothed-dynamic,247,polyak-smoothed-dynamic,247,26259.954136550718,26262.590699842716,26524
/Users/a/Ayanami/code/TSP/data/classic/tsplib/kroA150.tsp,polyak-smoothed-dynamic,248,polyak-smoothed-dynamic,248,26261.461924571366,26262.590699842716,26524
/Users/a/Ayanami/code/TSP/data/classic/tsplib/kroA150.tsp,polyak-smoothed-dynamic,249,polyak-smoothed-dynamic,249,26260.941169618007,26262.590699842716,26524
/Users/a/Ayanami/code/TSP/data/classic/tsplib/kroA150.tsp,polyak-smoothed-dynamic,250,polyak-smoothed-dynamic,250,26259.927274975846,26262.590699842716,26524
/Users/a/Ayanami/code/TSP/data/classic/tsplib/kroA150.tsp,polyak-smoothed-dynamic,251,polyak-smoothed-dynamic,251,26262.724154060914,26262.724154060914,26524
/Users/a/Ayanami/code/TSP/data/classic/tsplib/kroA150.tsp,polyak-smoothed-dynamic,252,polyak-smoothed-dynamic,252,26256.701664034936,26262.724154060914,26524
/Users/a/Ayanami/code/TSP/data/classic/tsplib/kroA150.tsp,polyak-smoothed-dynamic,253,polyak-smoothed-dynamic,253,26261.070954975494,26262.724154060914,26524
/Users/a/Ayanami/code/TSP/data/classic/tsplib/kroA150.tsp,polyak-smoothed-dynamic,254,polyak-smoothed-dynamic,254,26260.750330594408,26262.724154060914,26524
/Users/a/Ayanami/code/TSP/data/classic/tsplib/kroA150.tsp,polyak-smoothed-dynamic,255,polyak-smoothed-dynamic,255,26261.770889431868,26262.724154060914,26524
/Users/a/Ayanami/code/TSP/data/classic/tsplib/kroA150.tsp,polyak-smoothed-dynamic,256,polyak-smoothed-dynamic,256,26261.633408333037,26262.724154060914,26524
/Users/a/Ayanami/code/TSP/data/classic/tsplib/kroA150.tsp,polyak-smoothed-dynamic,257,polyak-smoothed-dynamic,257,26261.943141660457,26262.724154060914,26524
/Users/a/Ayanami/code/TSP/data/classic/tsplib/kroA150.tsp,polyak-smoothed-dynamic,258,polyak-smoothed-dynamic,258,26262.570136752358,26262.724154060914,26524
/Users/a/Ayanami/code/TSP/data/classic/tsplib/kroA150.tsp,polyak-smoothed-dynamic,259,polyak-smoothed-dynamic,259,26262.35546396035,26262.724154060914,26524
/Users/a/Ayanami/code/TSP/data/classic/tsplib/kroA150.tsp,polyak-smoothed-dynamic,260,polyak-smoothed-dynamic,260,26260.884291270751,26262.724154060914,26524
/Users/a/Ayanami/code/TSP/data/classic/tsplib/kroA150.tsp,polyak-smoothed-dynamic,261,polyak-smoothed-dynamic,261,26261.861741343451,26262.724154060914,26524
/Users/a/Ayanami/code/TSP/data/classic/tsplib/kroA150.tsp,polyak-smoothed-dynamic,262,polyak-smoothed-dynamic,262,26258.142661671103,26262.724154060914,26524
/Users/a/Ayanami/code/TSP/data/classic/tsplib/kroA150.tsp,polyak-smoothed-dynamic,263,polyak-smoothed-dynamic,263,26262.915296551862,26262.915296551862,26524
/Users/a/Ayanami/code/TSP/data/classic/tsplib/kroA150.tsp,polyak-smoothed-dynamic,264,polyak-smoothed-dynamic,264,26258.86549512386,26262.915296551862,26524
/Users/a/Ayanami/code/TSP/data/classic/tsplib/kroA150.tsp,polyak-smoothed-dynamic,265,polyak-smoothed-dynamic,265,26257.952959106304,26262.915296551862,26524
/Users/a/Ayanami/code/TSP/data/classic/tsplib/kroA150.tsp,polyak-smoothed-dynamic,266,polyak-smoothed-dynamic,266,26264.076806679866,26264.076806679866,26524
/Users/a/Ayanami/code/TSP/data/classic/tsplib/kroA150.tsp,polyak-smoothed-dynamic,267,polyak-smoothed-dynamic,267,26251.616849784365,26264.076806679866,26524
/Users/a/Ayanami/code/TSP/data/classic/tsplib/kroA150.tsp,polyak-smoothed-dynamic,268,polyak-smoothed-dynamic,268,26255.804386070558,26264.076806679866,26524
/Users/a/Ayanami/code/TSP/data/classic/tsplib/kroA150.tsp,polyak-smoothed-dynamic,269,polyak-smoothed-dynamic,269,26260.558325318991,26264.076806679866,26524
/Users/a/Ayanami/code/TSP/data/classic/tsplib/kroA150.tsp,polyak-smoothed-dynamic,270,polyak-smoothed-dynamic,270,26263.100718510843,26264.076806679866,26524
/Users/a/Ayanami/code/TSP/data/classic/tsplib/kroA150.tsp,polyak-smoothed-dynamic,271,polyak-smoothed-dynamic,271,26260.3822333231,26264.076806679866,26524
/Users/a/Ayanami/code/TSP/data/classic/tsplib/kroA150.tsp,polyak-smoothed-dynamic,272,polyak-smoothed-dynamic,272,26264.70898329909,26264.70898329909,26524
/Users/a/Ayanami/code/TSP/data/classic/tsplib/kroA150.tsp,polyak-smoothed-dynamic,273,polyak-smoothed-dynamic,273,26258.737985489832,26264.70898329909,26524
/Users/a/Ayanami/code/TSP/data/classic/tsplib/kroA150.tsp,polyak-smoothed-dynamic,274,polyak-smoothed-dynamic,274,26261.88837610068,26264.70898329909,26524
/Users/a/Ayanami/code/TSP/data/classic/tsplib/kroA150.tsp,polyak-smoothed-dynamic,275,polyak-smoothed-dynamic,275,26262.767262097725,26264.70898329909,26524
/Users/a/Ayanami/code/TSP/data/classic/tsplib/kroA150.tsp,polyak-smoothed-dynamic,276,polyak-smoothed-dynamic,276,26263.543246940717,26264.70898329909,26524
/Users/a/Ayanami/code/TSP/data/classic/tsplib/kroA150.tsp,polyak-smoothed-dynamic,277,polyak-smoothed-dynamic,277,26263.660462026615,26264.70898329909,26524
/Users/a/Ayanami/code/TSP/data/classic/tsplib/kroA150.tsp,polyak-smoothed-dynamic,278,polyak-smoothed-dynamic,278,26262.474684571891,26264.70898329909,26524
/Users/a/Ayanami/code/TSP/data/classic/tsplib/kroA150.tsp,polyak-smoothed-dynamic,279,polyak-smoothed-dynamic,279,26264.276392524011,26264.70898329909,26524
/Users/a/Ayanami/code/TSP/data/classic/tsplib/kroA150.tsp,polyak-smoothed-dynamic,280,polyak-smoothed-dynamic,280,26259.643002879067,26264.70898329909,26524
/Users/a/Ayanami/code/TSP/data/classic/tsplib/kroA150.tsp,polyak-smoothed-dynamic,281,polyak-smoothed-dynamic,281,26262.810407293135,26264.70898329909,26524
/Users/a/Ayanami/code/TSP/data/classic/tsplib/kroA150.tsp,polyak-smoothed-dynamic,282,polyak-smoothed-dynamic,282,26263.021212371652,26264.70898329909,26524
/Users/a/Ayanami/code/TSP/data/classic/tsplib/kroA150.tsp,polyak-smoothed-dynamic,283,polyak-smoothed-dynamic,283,26260.062908540454,26264.70898329909,26524
/Users/a/Ayanami/code/TSP/data/classic/tsplib/kroA150.tsp,polyak-smoothed-dynamic,284,polyak-smoothed-dynamic,284,26261.695293443521,26264.70898329909,26524
/Users/a/Ayanami/code/TSP/data/classic/tsplib/kroA150.tsp,polyak-smoothed-dynamic,285,polyak-smoothed-dynamic,285,26259.924455319495,26264.70898329909,26524
/Users/a/Ayanami/code/TSP/data/classic/tsplib/kroA150.tsp,polyak-smoothed-dynamic,286,polyak-smoothed-dynamic,286,26262.572051376661,26264.70898329909,26524
/Users/a/Ayanami/code/TSP/data/classic/tsplib/kroA150.tsp,polyak-smoothed-dynamic,287,polyak-smoothed-dynamic,287,26264.670517903058,26264.70898329909,26524
/Users/a/Ayanami/code/TSP/data/classic/tsplib/kroA150.tsp,polyak-smoothed-dynamic,288,polyak-smoothed-dynamic,288,26265.52084773243,26265.52084773243,26524
/Users/a/Ayanami/code/TSP/data/classic/tsplib/kroA150.tsp,polyak-smoothed-dynamic,289,polyak-smoothed-dynamic,289,26265.215213159925,26265.52084773243,26524
/Users/a/Ayanami/code/TSP/data/classic/tsplib/kroA150.tsp,polyak-smoothed-dynamic,290,polyak-smoothed-dynamic,290,26265.044783487963,26265.52084773243,26524
/Users/a/Ayanami/code/TSP/data/classic/tsplib/kroA150.tsp,polyak-smoothed-dynamic,291,polyak-smoothed-dynamic,291,26264.738418384601,26265.52084773243,26524
/Users/a/Ayanami/code/TSP/data/classic/tsplib/kroA150.tsp,polyak-smoothed-dynamic,292,polyak-smoothed-dynamic,292,26263.880655272696,26265.52084773243,26524
/Users/a/Ayanami/code/TSP/data/classic/tsplib/kroA150.tsp,polyak-smoothed-dynamic,293,polyak-smoothed-dynamic,293,26264.958876882858,26265.52084773243,26524
/Users/a/Ayanami/code/TSP/data/classic/tsplib/kroA150.tsp,polyak-smoothed-dynamic,294,polyak-smoothed-dynamic,294,26266.466371057446,26266.466371057446,26524
/Users/a/Ayanami/code/TSP/data/classic/tsplib/kroA150.tsp,polyak-smoothed-dynamic,295,polyak-smoothed-dynamic,295,26263.381347600873,26266.466371057446,26524
/Users/a/Ayanami/code/TSP/data/classic/tsplib/kroA150.tsp,polyak-smoothed-dynamic,296,polyak-smoothed-dynamic,296,26264.370699825176,26266.466371057446,26524
/Users/a/Ayanami/code/TSP/data/classic/tsplib/kroA150.tsp,polyak-smoothed-dynamic,297,polyak-smoothed-dynamic,297,26264.860954179832,26266.466371057446,26524
/Users/a/Ayanami/code/TSP/data/classic/tsplib/kroA150.tsp,polyak-smoothed-dynamic,298,polyak-smoothed-dynamic,298,26265.318266088456,26266.466371057446,26524
/Users/a/Ayanami/code/TSP/data/classic/tsplib/kroA150.tsp,polyak-smoothed-dynamic,299,polyak-smoothed-dynamic,299,26265.969283285205,26266.466371057446,26524
/Users/a/Ayanami/code/TSP/data/classic/tsplib/kroA150.tsp,polyak-smoothed-dynamic,300,polyak-smoothed-dynamic,300,26265.534749042858,26266.466371057446,26524
/Users/a/Ayanami/code/TSP/data/classic/tsplib/kroA150.tsp,polyak-smoothed-dynamic,301,polyak-smoothed-dynamic,301,26265.863968022208,26266.466371057446,26524
/Users/a/Ayanami/code/TSP/data/classic/tsplib/kroA150.tsp,polyak-smoothed-dynamic,302,polyak-smoothed-dynamic,302,26265.563762287205,26266.466371057446,26524
/Users/a/Ayanami/code/TSP/data/classic/tsplib/kroA150.tsp,polyak-smoothed-dynamic,303,polyak-smoothed-dynamic,303,26264.309205844733,26266.466371057446,26524
/Users/a/Ayanami/code/TSP/data/classic/tsplib/kroA150.tsp,polyak-smoothed-dynamic,304,polyak-smoothed-dynamic,304,26265.703330314391,26266.466371057446,26524
/Users/a/Ayanami/code/TSP/data/classic/tsplib/kroA150.tsp,polyak-smoothed-dynamic,305,polyak-smoothed-dynamic,305,26264.922093152054,26266.466371057446,26524
/Users/a/Ayanami/code/TSP/data/classic/tsplib/kroA150.tsp,polyak-smoothed-dynamic,306,polyak-smoothed-dynamic,306,26266.106809054192,26266.466371057446,26524
/Users/a/Ayanami/code/TSP/data/classic/tsplib/kroA150.tsp,polyak-smoothed-dynamic,307,polyak-smoothed-dynamic,307,26265.626459016326,26266.466371057446,26524
/Users/a/Ayanami/code/TSP/data/classic/tsplib/kroA150.tsp,polyak-smoothed-dynamic,308,polyak-smoothed-dynamic,308,26266.321327960894,26266.466371057446,26524
/Users/a/Ayanami/code/TSP/data/classic/tsplib/kroA150.tsp,polyak-smoothed-dynamic,309,polyak-smoothed-dynamic,309,26267.260200010045,26267.260200010045,26524
/Users/a/Ayanami/code/TSP/data/classic/tsplib/kroA150.tsp,polyak-smoothed-dynamic,310,polyak-smoothed-dynamic,310,26266.963082578837,26267.260200010045,26524
/Users/a/Ayanami/code/TSP/data/classic/tsplib/kroA150.tsp,polyak-smoothed-dynamic,311,polyak-smoothed-dynamic,311,26267.626949995265,26267.626949995265,26524
/Users/a/Ayanami/code/TSP/data/classic/tsplib/kroA150.tsp,polyak-smoothed-dynamic,312,polyak-smoothed-dynamic,312,26267.422370085387,26267.626949995265,26524
/Users/a/Ayanami/code/TSP/data/classic/tsplib/kroA150.tsp,polyak-smoothed-dynamic,313,polyak-smoothed-dynamic,313,26267.416606613046,26267.626949995265,26524
/Users/a/Ayanami/code/TSP/data/classic/tsplib/kroA150.tsp,polyak-smoothed-dynamic,314,polyak-smoothed-dynamic,314,26267.132412816292,26267.626949995265,26524
/Users/a/Ayanami/code/TSP/data/classic/tsplib/kroA150.tsp,polyak-smoothed-dynamic,315,polyak-smoothed-dynamic,315,26266.240900553141,26267.626949995265,26524
/Users/a/Ayanami/code/TSP/data/classic/tsplib/kroA150.tsp,polyak-smoothed-dynamic,316,polyak-smoothed-dynamic,316,26267.240351803517,26267.626949995265,26524
/Users/a/Ayanami/code/TSP/data/classic/tsplib/kroA150.tsp,polyak-smoothed-dynamic,317,polyak-smoothed-dynamic,317,26267.893727976647,26267.893727976647,26524
/Users/a/Ayanami/code/TSP/data/classic/tsplib/kroA150.tsp,polyak-smoothed-dynamic,318,polyak-smoothed-dynamic,318,26266.435988855363,26267.893727976647,26524
/Users/a/Ayanami/code/TSP/data/classic/tsplib/kroA150.tsp,polyak-smoothed-dynamic,319,polyak-smoothed-dynamic,319,26267.115716943856,26267.893727976647,26524
/Users/a/Ayanami/code/TSP/data/classic/tsplib/kroA150.tsp,polyak-smoothed-dynamic,320,polyak-smoothed-dynamic,320,26267.597681400875,26267.893727976647,26524
/Users/a/Ayanami/code/TSP/data/classic/tsplib/kroA150.tsp,polyak-smoothed-dynamic,321,polyak-smoothed-dynamic,321,26268.211943322483,26268.211943322483,26524
/Users/a/Ayanami/code/TSP/data/classic/tsplib/kroA150.tsp,polyak-smoothed-dynamic,322,polyak-smoothed-dynamic,322,26267.982252892169,26268.211943322483,26524
/Users/a/Ayanami/code/TSP/data/classic/tsplib/kroA150.tsp,polyak-smoothed-dynamic,323,polyak-smoothed-dynamic,323,26268.244628933538,26268.244628933538,26524
/Users/a/Ayanami/code/TSP/data/classic/tsplib/kroA150.tsp,polyak-smoothed-dynamic,324,polyak-smoothed-dynamic,324,26268.209509310847,26268.244628933538,26524
/Users/a/Ayanami/code/TSP/data/classic/tsplib/kroA150.tsp,polyak-smoothed-dynamic,325,polyak-smoothed-dynamic,325,26267.540288890625,26268.244628933538,26524
/Users/a/Ayanami/code/TSP/data/classic/tsplib/kroA150.tsp,polyak-smoothed-dynamic,326,polyak-smoothed-dynamic,326,26267.953922419794,26268.244628933538,26524
/Users/a/Ayanami/code/TSP/data/classic/tsplib/kroA150.tsp,polyak-smoothed-dynamic,327,polyak-smoothed-dynamic,327,26267.925555651444,26268.244628933538,26524
/Users/a/Ayanami/code/TSP/data/classic/tsplib/kroA150.tsp,polyak-smoothed-dynamic,328,polyak-smoothed-dynamic,328,26268.573082215444,26268.573082215444,26524
/Users/a/Ayanami/code/TSP/data/classic/tsplib/kroA150.tsp,polyak-smoothed-dynamic,329,polyak-smoothed-dynamic,329,26267.333281180352,26268.573082215444,26524
/Users/a/Ayanami/code/TSP/data/classic/tsplib/kroA150.tsp,polyak-smoothed-dynamic,330,polyak-smoothed-dynamic,330,26267.920634701244,26268.573082215444,26524
/Users/a/Ayanami/code/TSP/data/classic/tsplib/kroA150.tsp,polyak-smoothed-dynamic,331,polyak-smoothed-dynamic,331,26268.049235135622,26268.573082215444,26524
/Users/a/Ayanami/code/TSP/data/classic/tsplib/kroA150.tsp,polyak-smoothed-dynamic,332,polyak-smoothed-dynamic,332,26268.078106850782,26268.573082215444,26524
/Users/a/Ayanami/code/TSP/data/classic/tsplib/kroA150.tsp,polyak-smoothed-dynamic,333,polyak-smoothed-dynamic,333,26268.521512845738,26268.573082215444,26524
/Users/a/Ayanami/code/TSP/data/classic/tsplib/kroA150.tsp,polyak-smoothed-dynamic,334,polyak-smoothed-dynamic,334,26267.938007979905,26268.573082215444,26524
/Users/a/Ayanami/code/TSP/data/classic/tsplib/kroA150.tsp,polyak-smoothed-dynamic,335,polyak-smoothed-dynamic,335,26268.223070579916,26268.573082215444,26524
/Users/a/Ayanami/code/TSP/data/classic/tsplib/kroA150.tsp,polyak-smoothed-dynamic,336,polyak-smoothed-dynamic,336,26268.152231447741,26268.573082215444,26524
/Users/a/Ayanami/code/TSP/data/classic/tsplib/kroA150.tsp,polyak-smoothed-dynamic,337,polyak-smoothed-dynamic,337,26268.268036873455,26268.573082215444,26524
/Users/a/Ayanami/code/TSP/data/classic/tsplib/kroA150.tsp,polyak-smoothed-dynamic,338,polyak-smoothed-dynamic,338,26268.689507777406,26268.689507777406,26524
/Users/a/Ayanami/code/TSP/data/classic/tsplib/kroA150.tsp,polyak-smoothed-dynamic,339,polyak-smoothed-dynamic,339,26268.200071955576,26268.689507777406,26524
/Users/a/Ayanami/code/TSP/data/classic/tsplib/kroA150.tsp,polyak-smoothed-dynamic,340,polyak-smoothed-dynamic,340,26268.287274971797,26268.689507777406,26524
/Users/a/Ayanami/code/TSP/data/classic/tsplib/kroA150.tsp,polyak-smoothed-dynamic,341,polyak-smoothed-dynamic,341,26268.407148174279,26268.689507777406,26524
/Users/a/Ayanami/code/TSP/data/classic/tsplib/kroA150.tsp,polyak-smoothed-dynamic,342,polyak-smoothed-dynamic,342,26267.7482572189,26268.689507777406,26524
/Users/a/Ayanami/code/TSP/data/classic/tsplib/kroA150.tsp,polyak-smoothed-dynamic,343,polyak-smoothed-dynamic,343,26267.431208103906,26268.689507777406,26524
/Users/a/Ayanami/code/TSP/data/classic/tsplib/kroA150.tsp,polyak-smoothed-dynamic,344,polyak-smoothed-dynamic,344,26268.418326396943,26268.689507777406,26524
/Users/a/Ayanami/code/TSP/data/classic/tsplib/kroA150.tsp,polyak-smoothed-dynamic,345,polyak-smoothed-dynamic,345,26268.866172639864,26268.866172639864,26524
/Users/a/Ayanami/code/TSP/data/classic/tsplib/kroA150.tsp,polyak-smoothed-dynamic,346,polyak-smoothed-dynamic,346,26268.398401901646,26268.866172639864,26524
/Users/a/Ayanami/code/TSP/data/classic/tsplib/kroA150.tsp,polyak-smoothed-dynamic,347,polyak-smoothed-dynamic,347,26269.099254313511,26269.099254313511,26524
/Users/a/Ayanami/code/TSP/data/classic/tsplib/kroA150.tsp,polyak-smoothed-dynamic,348,polyak-smoothed-dynamic,348,26268.704576687342,26269.099254313511,26524
/Users/a/Ayanami/code/TSP/data/classic/tsplib/kroA150.tsp,polyak-smoothed-dynamic,349,polyak-smoothed-dynamic,349,26269.08545215608,26269.099254313511,26524
/Users/a/Ayanami/code/TSP/data/classic/tsplib/kroA150.tsp,polyak-smoothed-dynamic,350,polyak-smoothed-dynamic,350,26267.998533161539,26269.099254313511,26524
/Users/a/Ayanami/code/TSP/data/classic/tsplib/kroA150.tsp,polyak-smoothed-dynamic,351,polyak-smoothed-dynamic,351,26268.746823330806,26269.099254313511,26524
/Users/a/Ayanami/code/TSP/data/classic/tsplib/kroA150.tsp,polyak-smoothed-dynamic,352,polyak-smoothed-dynamic,352,26267.526129062535,26269.099254313511,26524
/Users/a/Ayanami/code/TSP/data/classic/tsplib/kroA150.tsp,polyak-smoothed-dynamic,353,polyak-smoothed-dynamic,353,26268.312759706077,26269.099254313511,26524
/Users/a/Ayanami/code/TSP/data/classic/tsplib/kroA150.tsp,polyak-smoothed-dynamic,354,polyak-smoothed-dynamic,354,26268.290840148115,26269.099254313511,26524
/Users/a/Ayanami/code/TSP/data/classic/tsplib/kroA150.tsp,polyak-smoothed-dynamic,355,polyak-smoothed-dynamic,355,26268.950768287028,26269.099254313511,26524
/Users/a/Ayanami/code/TSP/data/classic/tsplib/kroA150.tsp,polyak-smoothed-dynamic,356,polyak-smoothed-dynamic,356,26269.071084062994,26269.099254313511,26524
/Users/a/Ayanami/code/TSP/data/classic/tsplib/kroA150.tsp,polyak-smoothed-dynamic,357,polyak-smoothed-dynamic,357,26269.114433730465,26269.114433730465,26524
/Users/a/Ayanami/code/TSP/data/classic/tsplib/kroA150.tsp,polyak-smoothed-dynamic,358,polyak-smoothed-dynamic,358,26269.031710882791,26269.114433730465,26524
/Users/a/Ayanami/code/TSP/data/classic/tsplib/kroA150.tsp,polyak-smoothed-dynamic,359,polyak-smoothed-dynamic,359,26268.709637168173,26269.114433730465,26524
/Users/a/Ayanami/code/TSP/data/classic/tsplib/kroA150.tsp,polyak-smoothed-dynamic,360,polyak-smoothed-dynamic,360,26268.79231371433,26269.114433730465,26524
/Users/a/Ayanami/code/TSP/data/classic/tsplib/kroA150.tsp,polyak-smoothed-dynamic,361,polyak-smoothed-dynamic,361,26268.883429745441,26269.114433730465,26524
/Users/a/Ayanami/code/TSP/data/classic/tsplib/kroA150.tsp,polyak-smoothed-dynamic,362,polyak-smoothed-dynamic,362,26269.202018086893,26269.202018086893,26524
/Users/a/Ayanami/code/TSP/data/classic/tsplib/kroA150.tsp,polyak-smoothed-dynamic,363,polyak-smoothed-dynamic,363,26268.672387518509,26269.202018086893,26524
/Users/a/Ayanami/code/TSP/data/classic/tsplib/kroA150.tsp,polyak-smoothed-dynamic,364,polyak-smoothed-dynamic,364,26269.01886081991,26269.202018086893,26524
/Users/a/Ayanami/code/TSP/data/classic/tsplib/kroA150.tsp,polyak-smoothed-dynamic,365,polyak-smoothed-dynamic,365,26268.693414571328,26269.202018086893,26524
/Users/a/Ayanami/code/TSP/data/classic/tsplib/kroA150.tsp,polyak-smoothed-dynamic,366,polyak-smoothed-dynamic,366,26269.441876973768,26269.441876973768,26524
/Users/a/Ayanami/code/TSP/data/classic/tsplib/kroA150.tsp,polyak-smoothed-dynamic,367,polyak-smoothed-dynamic,367,26269.044783519719,26269.441876973768,26524
/Users/a/Ayanami/code/TSP/data/classic/tsplib/kroA150.tsp,polyak-smoothed-dynamic,368,polyak-smoothed-dynamic,368,26268.125704905928,26269.441876973768,26524
/Users/a/Ayanami/code/TSP/data/classic/tsplib/kroA150.tsp,polyak-smoothed-dynamic,369,polyak-smoothed-dynamic,369,26268.877520475733,26269.441876973768,26524
/Users/a/Ayanami/code/TSP/data/classic/tsplib/kroA150.tsp,polyak-smoothed-dynamic,370,polyak-smoothed-dynamic,370,26268.105634778891,26269.441876973768,26524
/Users/a/Ayanami/code/TSP/data/classic/tsplib/kroA150.tsp,polyak-smoothed-dynamic,371,polyak-smoothed-dynamic,371,26268.708613845305,26269.441876973768,26524
/Users/a/Ayanami/code/TSP/data/classic/tsplib/kroA150.tsp,polyak-smoothed-dynamic,372,polyak-smoothed-dynamic,372,26269.199216939203,26269.441876973768,26524
/Users/a/Ayanami/code/TSP/data/classic/tsplib/kroA150.tsp,polyak-smoothed-dynamic,373,polyak-smoothed-dynamic,373,26268.644405903819,26269.441876973768,26524
/Users/a/Ayanami/code/TSP/data/classic/tsplib/kroA150.tsp,polyak-smoothed-dynamic,374,polyak-smoothed-dynamic,374,26268.859693755127,26269.441876973768,26524
/Users/a/Ayanami/code/TSP/data/classic/tsplib/kroA150.tsp,polyak-smoothed-dynamic,375,polyak-smoothed-dynamic,375,26269.076758980489,26269.441876973768,26524
/Users/a/Ayanami/code/TSP/data/classic/tsplib/kroA150.tsp,polyak-smoothed-dynamic,376,polyak-smoothed-dynamic,376,26268.850439044578,26269.441876973768,26524
/Users/a/Ayanami/code/TSP/data/classic/tsplib/kroA150.tsp,polyak-smoothed-dynamic,377,polyak-smoothed-dynamic,377,26269.019611639345,26269.441876973768,26524
/Users/a/Ayanami/code/TSP/data/classic/tsplib/kroA150.tsp,polyak-smoothed-dynamic,378,polyak-smoothed-dynamic,378,26268.920049123808,26269.441876973768,26524
/Users/a/Ayanami/code/TSP/data/classic/tsplib/kroA150.tsp,polyak-smoothed-dynamic,379,polyak-smoothed-dynamic,379,26268.843200877662,26269.441876973768,26524
/Users/a/Ayanami/code/TSP/data/classic/tsplib/kroA150.tsp,polyak-smoothed-dynamic,380,polyak-smoothed-dynamic,380,26269.690170124501,26269.690170124501,26524
/Users/a/Ayanami/code/TSP/data/classic/tsplib/kroA150.tsp,polyak-smoothed-dynamic,381,polyak-smoothed-dynamic,381,26269.514460504903,26269.690170124501,26524
/Users/a/Ayanami/code/TSP/data/classic/tsplib/kroA150.tsp,polyak-smoothed-dynamic,382,polyak-smoothed-dynamic,382,26269.830567701989,26269.830567701989,26524
/Users/a/Ayanami/code/TSP/data/classic/tsplib/kroA150.tsp,polyak-smoothed-dynamic,383,polyak-smoothed-dynamic,383,26269.479183150157,26269.830567701989,26524
/Users/a/Ayanami/code/TSP/data/classic/tsplib/kroA150.tsp,polyak-smoothed-dynamic,384,polyak-smoothed-dynamic,384,26269.792155543346,26269.830567701989,26524
/Users/a/Ayanami/code/TSP/data/classic/tsplib/kroA150.tsp,polyak-smoothed-dynamic,385,polyak-smoothed-dynamic,385,26269.928565877253,26269.928565877253,26524
/Users/a/Ayanami/code/TSP/data/classic/tsplib/kroA150.tsp,polyak-smoothed-dynamic,386,polyak-smoothed-dynamic,386,26269.80063280508,26269.928565877253,26524
/Users/a/Ayanami/code/TSP/data/classic/tsplib/kroA150.tsp,polyak-smoothed-dynamic,387,polyak-smoothed-dynamic,387,26269.886610071051,26269.928565877253,26524
/Users/a/Ayanami/code/TSP/data/classic/tsplib/kroA150.tsp,polyak-smoothed-dynamic,388,polyak-smoothed-dynamic,388,26269.591977183969,26269.928565877253,26524
/Users/a/Ayanami/code/TSP/data/classic/tsplib/kroA150.tsp,polyak-smoothed-dynamic,389,polyak-smoothed-dynamic,389,26269.937962416509,26269.937962416509,26524
/Users/a/Ayanami/code/TSP/data/classic/tsplib/kroA150.tsp,polyak-smoothed-dynamic,390,polyak-smoothed-dynamic,390,26270.085971527347,26270.085971527347,26524
/Users/a/Ayanami/code/TSP/data/classic/tsplib/kroA150.tsp,polyak-smoothed-dynamic,391,polyak-smoothed-dynamic,391,26268.960858529568,26270.085971527347,26524
/Users/a/Ayanami/code/TSP/data/classic/tsplib/kroA150.tsp,polyak-smoothed-dynamic,392,polyak-smoothed-dynamic,392,26269.580406356534,26270.085971527347,26524
/Users/a/Ayanami/code/TSP/data/classic/tsplib/kroA150.tsp,polyak-smoothed-dynamic,393,polyak-smoothed-dynamic,393,26269.84509976441,26270.085971527347,26524
/Users/a/Ayanami/code/TSP/data/classic/tsplib/kroA150.tsp,polyak-smoothed-dynamic,394,polyak-smoothed-dynamic,394,26270.05123610318,26270.085971527347,26524
/Users/a/Ayanami/code/TSP/data/classic/tsplib/kroA150.tsp,polyak-smoothed-dynamic,395,polyak-smoothed-dynamic,395,26269.689260730913,26270.085971527347,26524
/Users/a/Ayanami/code/TSP/data/classic/tsplib/kroA150.tsp,polyak-smoothed-dynamic,396,polyak-smoothed-dynamic,396,26269.840095290801,26270.085971527347,26524
/Users/a/Ayanami/code/TSP/data/classic/tsplib/kroA150.tsp,polyak-smoothed-dynamic,397,polyak-smoothed-dynamic,397,26270.17247885689,26270.17247885689,26524
/Users/a/Ayanami/code/TSP/data/classic/tsplib/kroA150.tsp,polyak-smoothed-dynamic,398,polyak-smoothed-dynamic,398,26269.491396350208,26270.17247885689,26524
/Users/a/Ayanami/code/TSP/data/classic/tsplib/kroA150.tsp,polyak-smoothed-dynamic,399,polyak-smoothed-dynamic,399,26269.830276223402,26270.17247885689,26524
/Users/a/Ayanami/code/TSP/data/classic/tsplib/kroA150.tsp,polyak-smoothed-dynamic,400,polyak-smoothed-dynamic,400,26270.281477282686,26270.281477282686,26524
/Users/a/Ayanami/code/TSP/data/classic/tsplib/kroA150.tsp,polyak-smoothed-dynamic,401,polyak-smoothed-dynamic,401,26269.806926762201,26270.281477282686,26524
/Users/a/Ayanami/code/TSP/data/classic/tsplib/kroA150.tsp,polyak-smoothed-dynamic,402,polyak-smoothed-dynamic,402,26269.852676785922,26270.281477282686,26524
/Users/a/Ayanami/code/TSP/data/classic/tsplib/kroA150.tsp,polyak-smoothed-dynamic,403,polyak-smoothed-dynamic,403,26270.132090925072,26270.281477282686,26524
/Users/a/Ayanami/code/TSP/data/classic/tsplib/kroA150.tsp,polyak-smoothed-dynamic,404,polyak-smoothed-dynamic,404,26269.971507564067,26270.281477282686,26524
/Users/a/Ayanami/code/TSP/data/classic/tsplib/kroA150.tsp,polyak-smoothed-dynamic,405,polyak-smoothed-dynamic,405,26269.993372184348,26270.281477282686,26524
/Users/a/Ayanami/code/TSP/data/classic/tsplib/kroA150.tsp,polyak-smoothed-dynamic,406,polyak-smoothed-dynamic,406,26270.08749102685,26270.281477282686,26524
/Users/a/Ayanami/code/TSP/data/classic/tsplib/kroA150.tsp,polyak-smoothed-dynamic,407,polyak-smoothed-dynamic,407,26270.079682756412,26270.281477282686,26524
/Users/a/Ayanami/code/TSP/data/classic/tsplib/kroA150.tsp,polyak-smoothed-dynamic,408,polyak-smoothed-dynamic,408,26270.015590547184,26270.281477282686,26524
/Users/a/Ayanami/code/TSP/data/classic/tsplib/kroA150.tsp,polyak-smoothed-dynamic,409,polyak-smoothed-dynamic,409,26269.626321705811,26270.281477282686,26524
/Users/a/Ayanami/code/TSP/data/classic/tsplib/kroA150.tsp,polyak-smoothed-dynamic,410,polyak-smoothed-dynamic,410,26270.129072568423,26270.281477282686,26524
/Users/a/Ayanami/code/TSP/data/classic/tsplib/kroA150.tsp,polyak-smoothed-dynamic,411,polyak-smoothed-dynamic,411,26270.200707083663,26270.281477282686,26524
/Users/a/Ayanami/code/TSP/data/classic/tsplib/kroA150.tsp,polyak-smoothed-dynamic,412,polyak-smoothed-dynamic,412,26270.285669481942,26270.285669481942,26524
/Users/a/Ayanami/code/TSP/data/classic/tsplib/kroA150.tsp,polyak-smoothed-dynamic,413,polyak-smoothed-dynamic,413,26270.148155891591,26270.285669481942,26524
/Users/a/Ayanami/code/TSP/data/classic/tsplib/kroA150.tsp,polyak-smoothed-dynamic,414,polyak-smoothed-dynamic,414,26270.069597123496,26270.285669481942,26524
/Users/a/Ayanami/code/TSP/data/classic/tsplib/kroA150.tsp,polyak-smoothed-dynamic,415,polyak-smoothed-dynamic,415,26270.249323979508,26270.285669481942,26524
/Users/a/Ayanami/code/TSP/data/classic/tsplib/kroA150.tsp,polyak-smoothed-dynamic,416,polyak-smoothed-dynamic,416,26270.132969642305,26270.285669481942,26524
/Users/a/Ayanami/code/TSP/data/classic/tsplib/kroA150.tsp,polyak-smoothed-dynamic,417,polyak-smoothed-dynamic,417,26270.400781193195,26270.400781193195,26524
/Users/a/Ayanami/code/TSP/data/classic/tsplib/kroA150.tsp,polyak-smoothed-dynamic,418,polyak-smoothed-dynamic,418,26269.825052137989,26270.400781193195,26524
/Users/a/Ayanami/code/TSP/data/classic/tsplib/kroA150.tsp,polyak-smoothed-dynamic,419,polyak-smoothed-dynamic,419,26270.384740480313,26270.400781193195,26524
/Users/a/Ayanami/code/TSP/data/classic/tsplib/kroA150.tsp,polyak-smoothed-dynamic,420,polyak-smoothed-dynamic,420,26270.253045912887,26270.400781193195,26524
/Users/a/Ayanami/code/TSP/data/classic/tsplib/kroA150.tsp,polyak-smoothed-dynamic,421,polyak-smoothed-dynamic,421,26270.388758603764,26270.400781193195,26524
/Users/a/Ayanami/code/TSP/data/classic/tsplib/kroA150.tsp,polyak-smoothed-dynamic,422,polyak-smoothed-dynamic,422,26269.73873229976,26270.400781193195,26524
/Users/a/Ayanami/code/TSP/data/classic/tsplib/kroA150.tsp,polyak-smoothed-dynamic,423,polyak-smoothed-dynamic,423,26269.841113714287,26270.400781193195,26524
/Users/a/Ayanami/code/TSP/data/classic/tsplib/kroA150.tsp,polyak-smoothed-dynamic,424,polyak-smoothed-dynamic,424,26270.475350859462,26270.475350859462,26524
/Users/a/Ayanami/code/TSP/data/classic/tsplib/kroA150.tsp,polyak-smoothed-dynamic,425,polyak-smoothed-dynamic,425,26270.636164753523,26270.636164753523,26524
/Users/a/Ayanami/code/TSP/data/classic/tsplib/kroA150.tsp,polyak-smoothed-dynamic,426,polyak-smoothed-dynamic,426,26269.91590419392,26270.636164753523,26524
/Users/a/Ayanami/code/TSP/data/classic/tsplib/kroA150.tsp,polyak-smoothed-dynamic,427,polyak-smoothed-dynamic,427,26269.934079010531,26270.636164753523,26524
/Users/a/Ayanami/code/TSP/data/classic/tsplib/kroA150.tsp,polyak-smoothed-dynamic,428,polyak-smoothed-dynamic,428,26270.293119800885,26270.636164753523,26524
/Users/a/Ayanami/code/TSP/data/classic/tsplib/kroA150.tsp,polyak-smoothed-dynamic,429,polyak-smoothed-dynamic,429,26270.033150847688,26270.636164753523,26524
/Users/a/Ayanami/code/TSP/data/classic/tsplib/kroA150.tsp,polyak-smoothed-dynamic,430,polyak-smoothed-dynamic,430,26270.299718037604,26270.636164753523,26524
/Users/a/Ayanami/code/TSP/data/classic/tsplib/kroA150.tsp,polyak-smoothed-dynamic,431,polyak-smoothed-dynamic,431,26270.515140398122,26270.636164753523,26524
/Users/a/Ayanami/code/TSP/data/classic/tsplib/kroA150.tsp,polyak-smoothed-dynamic,432,polyak-smoothed-dynamic,432,26270.16841072169,26270.636164753523,26524
/Users/a/Ayanami/code/TSP/data/classic/tsplib/kroA150.tsp,polyak-smoothed-dynamic,433,polyak-smoothed-dynamic,433,26270.523950835359,26270.636164753523,26524
/Users/a/Ayanami/code/TSP/data/classic/tsplib/kroA150.tsp,polyak-smoothed-dynamic,434,polyak-smoothed-dynamic,434,26269.400339738691,26270.636164753523,26524
/Users/a/Ayanami/code/TSP/data/classic/tsplib/kroA150.tsp,polyak-smoothed-dynamic,435,polyak-smoothed-dynamic,435,26269.620494313822,26270.636164753523,26524
/Users/a/Ayanami/code/TSP/data/classic/tsplib/kroA150.tsp,polyak-smoothed-dynamic,436,polyak-smoothed-dynamic,436,26270.194355551732,26270.636164753523,26524
/Users/a/Ayanami/code/TSP/data/classic/tsplib/kroA150.tsp,polyak-smoothed-dynamic,437,polyak-smoothed-dynamic,437,26270.500348636004,26270.636164753523,26524
/Users/a/Ayanami/code/TSP/data/classic/tsplib/kroA150.tsp,polyak-smoothed-dynamic,438,polyak-smoothed-dynamic,438,26269.848217201124,26270.636164753523,26524
/Users/a/Ayanami/code/TSP/data/classic/tsplib/kroA150.tsp,polyak-smoothed-dynamic,439,polyak-smoothed-dynamic,439,26270.192472174102,26270.636164753523,26524
/Users/a/Ayanami/code/TSP/data/classic/tsplib/kroA150.tsp,polyak-smoothed-dynamic,440,polyak-smoothed-dynamic,440,26270.557766302609,26270.636164753523,26524
/Users/a/Ayanami/code/TSP/data/classic/tsplib/kroA150.tsp,polyak-smoothed-dynamic,441,polyak-smoothed-dynamic,441,26270.603234619604,26270.636164753523,26524
/Users/a/Ayanami/code/TSP/data/classic/tsplib/kroA150.tsp,polyak-smoothed-dynamic,442,polyak-smoothed-dynamic,442,26270.607244953499,26270.636164753523,26524
/Users/a/Ayanami/code/TSP/data/classic/tsplib/kroA150.tsp,polyak-smoothed-dynamic,443,polyak-smoothed-dynamic,443,26270.376072471903,26270.636164753523,26524
/Users/a/Ayanami/code/TSP/data/classic/tsplib/kroA150.tsp,polyak-smoothed-dynamic,444,polyak-smoothed-dynamic,444,26270.622078291282,26270.636164753523,26524
/Users/a/Ayanami/code/TSP/data/classic/tsplib/kroA150.tsp,polyak-smoothed-dynamic,445,polyak-smoothed-dynamic,445,26270.800243983438,26270.800243983438,26524
/Users/a/Ayanami/code/TSP/data/classic/tsplib/kroA150.tsp,polyak-smoothed-dynamic,446,polyak-smoothed-dynamic,446,26270.456373567304,26270.800243983438,26524
/Users/a/Ayanami/code/TSP/data/classic/tsplib/kroA150.tsp,polyak-smoothed-dynamic,447,polyak-smoothed-dynamic,447,26270.703618328065,26270.800243983438,26524
/Users/a/Ayanami/code/TSP/data/classic/tsplib/kroA150.tsp,polyak-smoothed-dynamic,448,polyak-smoothed-dynamic,448,26270.638802026093,26270.800243983438,26524
/Users/a/Ayanami/code/TSP/data/classic/tsplib/kroA150.tsp,polyak-smoothed-dynamic,449,polyak-smoothed-dynamic,449,26270.764044432355,26270.800243983438,26524
/Users/a/Ayanami/code/TSP/data/classic/tsplib/kroA150.tsp,polyak-smoothed-dynamic,450,polyak-smoothed-dynamic,450,26270.515682243,26270.800243983438,26524
/Users/a/Ayanami/code/TSP/data/classic/tsplib/kroA150.tsp,polyak-smoothed-dynamic,451,polyak-smoothed-dynamic,451,26270.621655909323,26270.800243983438,26524
/Users/a/Ayanami/code/TSP/data/classic/tsplib/kroA150.tsp,polyak-smoothed-dynamic,452,polyak-smoothed-dynamic,452,26270.909744519606,26270.909744519606,26524
/Users/a/Ayanami/code/TSP/data/classic/tsplib/kroA150.tsp,polyak-smoothed-dynamic,453,polyak-smoothed-dynamic,453,26270.852516935509,26270.909744519606,26524
/Users/a/Ayanami/code/TSP/data/classic/tsplib/kroA150.tsp,polyak-smoothed-dynamic,454,polyak-smoothed-dynamic,454,26270.769537329652,26270.909744519606,26524
/Users/a/Ayanami/code/TSP/data/classic/tsplib/kroA150.tsp,polyak-smoothed-dynamic,455,polyak-smoothed-dynamic,455,26270.878676835979,26270.909744519606,26524
/Users/a/Ayanami/code/TSP/data/classic/tsplib/kroA150.tsp,polyak-smoothed-dynamic,456,polyak-smoothed-dynamic,456,26270.886319412843,26270.909744519606,26524
/Users/a/Ayanami/code/TSP/data/classic/tsplib/kroA150.tsp,polyak-smoothed-dynamic,457,polyak-smoothed-dynamic,457,26270.808148501361,26270.909744519606,26524
/Users/a/Ayanami/code/TSP/data/classic/tsplib/kroA150.tsp,polyak-smoothed-dynamic,458,polyak-smoothed-dynamic,458,26270.931414064486,26270.931414064486,26524
/Users/a/Ayanami/code/TSP/data/classic/tsplib/kroA150.tsp,polyak-smoothed-dynamic,459,polyak-smoothed-dynamic,459,26270.872223490376,26270.931414064486,26524
/Users/a/Ayanami/code/TSP/data/classic/tsplib/kroA150.tsp,polyak-smoothed-dynamic,460,polyak-smoothed-dynamic,460,26270.547197303425,26270.931414064486,26524
/Users/a/Ayanami/code/TSP/data/classic/tsplib/kroA150.tsp,polyak-smoothed-dynamic,461,polyak-smoothed-dynamic,461,26270.804739489013,26270.931414064486,26524
/Users/a/Ayanami/code/TSP/data/classic/tsplib/kroA150.tsp,polyak-smoothed-dynamic,462,polyak-smoothed-dynamic,462,26270.954030671808,26270.954030671808,26524
/Users/a/Ayanami/code/TSP/data/classic/tsplib/kroA150.tsp,polyak-smoothed-dynamic,463,polyak-smoothed-dynamic,463,26270.853777366938,26270.954030671808,26524
/Users/a/Ayanami/code/TSP/data/classic/tsplib/kroA150.tsp,polyak-smoothed-dynamic,464,polyak-smoothed-dynamic,464,26270.894941681585,26270.954030671808,26524
/Users/a/Ayanami/code/TSP/data/classic/tsplib/kroA150.tsp,polyak-smoothed-dynamic,465,polyak-smoothed-dynamic,465,26271.015329062782,26271.015329062782,26524
/Users/a/Ayanami/code/TSP/data/classic/tsplib/kroA150.tsp,polyak-smoothed-dynamic,466,polyak-smoothed-dynamic,466,26270.78592908171,26271.015329062782,26524
/Users/a/Ayanami/code/TSP/data/classic/tsplib/kroA150.tsp,polyak-smoothed-dynamic,467,polyak-smoothed-dynamic,467,26270.733845666025,26271.015329062782,26524
/Users/a/Ayanami/code/TSP/data/classic/tsplib/kroA150.tsp,polyak-smoothed-dynamic,468,polyak-smoothed-dynamic,468,26270.927522861293,26271.015329062782,26524
/Users/a/Ayanami/code/TSP/data/classic/tsplib/kroA150.tsp,polyak-smoothed-dynamic,469,polyak-smoothed-dynamic,469,26270.986577880896,26271.015329062782,26524
/Users/a/Ayanami/code/TSP/data/classic/tsplib/kroA150.tsp,polyak-smoothed-dynamic,470,polyak-smoothed-dynamic,470,26270.757607058022,26271.015329062782,26524
/Users/a/Ayanami/code/TSP/data/classic/tsplib/kroA150.tsp,polyak-smoothed-dynamic,471,polyak-smoothed-dynamic,471,26270.909279133037,26271.015329062782,26524
/Users/a/Ayanami/code/TSP/data/classic/tsplib/kroA150.tsp,polyak-smoothed-dynamic,472,polyak-smoothed-dynamic,472,26271.06436635655,26271.06436635655,26524
/Users/a/Ayanami/code/TSP/data/classic/tsplib/kroA150.tsp,polyak-smoothed-dynamic,473,polyak-smoothed-dynamic,473,26270.750413415211,26271.06436635655,26524
/Users/a/Ayanami/code/TSP/data/classic/tsplib/kroA150.tsp,polyak-smoothed-dynamic,474,polyak-smoothed-dynamic,474,26270.952247103392,26271.06436635655,26524
/Users/a/Ayanami/code/TSP/data/classic/tsplib/kroA150.tsp,polyak-smoothed-dynamic,475,polyak-smoothed-dynamic,475,26270.748767271933,26271.06436635655,26524
/Users/a/Ayanami/code/TSP/data/classic/tsplib/kroA150.tsp,polyak-smoothed-dynamic,476,polyak-smoothed-dynamic,476,26270.857744138815,26271.06436635655,26524
/Users/a/Ayanami/code/TSP/data/classic/tsplib/kroA150.tsp,polyak-smoothed-dynamic,477,polyak-smoothed-dynamic,477,26270.973017824112,26271.06436635655,26524
/Users/a/Ayanami/code/TSP/data/classic/tsplib/kroA150.tsp,polyak-smoothed-dynamic,478,polyak-smoothed-dynamic,478,26270.938381200598,26271.06436635655,26524
/Users/a/Ayanami/code/TSP/data/classic/tsplib/kroA150.tsp,polyak-smoothed-dynamic,479,polyak-smoothed-dynamic,479,26270.870508729797,26271.06436635655,26524
/Users/a/Ayanami/code/TSP/data/classic/tsplib/kroA150.tsp,polyak-smoothed-dynamic,480,polyak-smoothed-dynamic,480,26271.018388601384,26271.06436635655,26524
/Users/a/Ayanami/code/TSP/data/classic/tsplib/kroA150.tsp,polyak-smoothed-dynamic,481,polyak-smoothed-dynamic,481,26271.019680582103,26271.06436635655,26524
/Users/a/Ayanami/code/TSP/data/classic/tsplib/kroA150.tsp,polyak-smoothed-dynamic,482,polyak-smoothed-dynamic,482,26270.969633533805,26271.06436635655,26524
/Users/a/Ayanami/code/TSP/data/classic/tsplib/kroA150.tsp,polyak-smoothed-dynamic,483,polyak-smoothed-dynamic,483,26271.049457097473,26271.06436635655,26524
/Users/a/Ayanami/code/TSP/data/classic/tsplib/kroA150.tsp,polyak-smoothed-dynamic,484,polyak-smoothed-dynamic,484,26271.0038632053,26271.06436635655,26524
/Users/a/Ayanami/code/TSP/data/classic/tsplib/kroA150.tsp,polyak-smoothed-dynamic,485,polyak-smoothed-dynamic,485,26271.078590624391,26271.078590624391,26524
/Users/a/Ayanami/code/TSP/data/classic/tsplib/kroA150.tsp,polyak-smoothed-dynamic,486,polyak-smoothed-dynamic,486,26271.082578286805,26271.082578286805,26524
/Users/a/Ayanami/code/TSP/data/classic/tsplib/kroA150.tsp,polyak-smoothed-dynamic,487,polyak-smoothed-dynamic,487,26271.152505619582,26271.152505619582,26524
/Users/a/Ayanami/code/TSP/data/classic/tsplib/kroA150.tsp,polyak-smoothed-dynamic,488,polyak-smoothed-dynamic,488,26271.107292519402,26271.152505619582,26524
/Users/a/Ayanami/code/TSP/data/classic/tsplib/kroA150.tsp,polyak-smoothed-dynamic,489,polyak-smoothed-dynamic,489,26271.16027876069,26271.16027876069,26524
/Users/a/Ayanami/code/TSP/data/classic/tsplib/kroA150.tsp,polyak-smoothed-dynamic,490,polyak-smoothed-dynamic,490,26271.175926697535,26271.175926697535,26524
/Users/a/Ayanami/code/TSP/data/classic/tsplib/kroA150.tsp,polyak-smoothed-dynamic,491,polyak-smoothed-dynamic,491,26271.221147850989,26271.221147850989,26524
/Users/a/Ayanami/code/TSP/data/classic/tsplib/kroA150.tsp,polyak-smoothed-dynamic,492,polyak-smoothed-dynamic,492,26271.075029763859,26271.221147850989,26524
/Users/a/Ayanami/code/TSP/data/classic/tsplib/kroA150.tsp,polyak-smoothed-dynamic,493,polyak-smoothed-dynamic,493,26271.126453705685,26271.221147850989,26524
/Users/a/Ayanami/code/TSP/data/classic/tsplib/kroA150.tsp,polyak-smoothed-dynamic,494,polyak-smoothed-dynamic,494,26271.053999012332,26271.221147850989,26524
/Users/a/Ayanami/code/TSP/data/classic/tsplib/kroA150.tsp,polyak-smoothed-dynamic,495,polyak-smoothed-dynamic,495,26271.088672356291,26271.221147850989,26524
/Users/a/Ayanami/code/TSP/data/classic/tsplib/kroA150.tsp,polyak-smoothed-dynamic,496,polyak-smoothed-dynamic,496,26271.207615413368,26271.221147850989,26524
/Users/a/Ayanami/code/TSP/data/classic/tsplib/kroA150.tsp,polyak-smoothed-dynamic,497,polyak-smoothed-dynamic,497,26271.206548685746,26271.221147850989,26524
/Users/a/Ayanami/code/TSP/data/classic/tsplib/kroA150.tsp,polyak-smoothed-dynamic,498,polyak-smoothed-dynamic,498,26271.208951409481,26271.221147850989,26524
/Users/a/Ayanami/code/TSP/data/classic/tsplib/kroA150.tsp,polyak-smoothed-dynamic,499,polyak-smoothed-dynamic,499,26271.276912384303,26271.276912384303,26524
/Users/a/Ayanami/code/TSP/data/classic/tsplib/kroA150.tsp,polyak-smoothed-dynamic,500,polyak-smoothed-dynamic,500,26271.174266202714,26271.276912384303,26524
/Users/a/Ayanami/code/TSP/data/classic/tsplib/kroA150.tsp,polyak-smoothed-dynamic,501,polyak-smoothed-dynamic,501,26271.213067609282,26271.276912384303,26524
/Users/a/Ayanami/code/TSP/data/classic/tsplib/kroA150.tsp,polyak-smoothed-dynamic,502,polyak-smoothed-dynamic,502,26271.276496790757,26271.276912384303,26524
/Users/a/Ayanami/code/TSP/data/classic/tsplib/kroA150.tsp,polyak-smoothed-dynamic,503,polyak-smoothed-dynamic,503,26271.251964102201,26271.276912384303,26524
/Users/a/Ayanami/code/TSP/data/classic/tsplib/kroA150.tsp,polyak-smoothed-dynamic,504,polyak-smoothed-dynamic,504,26271.249160564206,26271.276912384303,26524
/Users/a/Ayanami/code/TSP/data/classic/tsplib/kroA150.tsp,polyak-smoothed-dynamic,505,polyak-smoothed-dynamic,505,26271.263107815259,26271.276912384303,26524
/Users/a/Ayanami/code/TSP/data/classic/tsplib/kroA150.tsp,polyak-smoothed-dynamic,506,polyak-smoothed-dynamic,506,26271.327497718547,26271.327497718547,26524
/Users/a/Ayanami/code/TSP/data/classic/tsplib/kroA150.tsp,polyak-smoothed-dynamic,507,polyak-smoothed-dynamic,507,26271.181945324002,26271.327497718547,26524
/Users/a/Ayanami/code/TSP/data/classic/tsplib/kroA150.tsp,polyak-smoothed-dynamic,508,polyak-smoothed-dynamic,508,26271.275101491185,26271.327497718547,26524
/Users/a/Ayanami/code/TSP/data/classic/tsplib/kroA150.tsp,polyak-smoothed-dynamic,509,polyak-smoothed-dynamic,509,26271.300356380914,26271.327497718547,26524
/Users/a/Ayanami/code/TSP/data/classic/tsplib/kroA150.tsp,polyak-smoothed-dynamic,510,polyak-smoothed-dynamic,510,26271.283865131118,26271.327497718547,26524
/Users/a/Ayanami/code/TSP/data/classic/tsplib/kroA150.tsp,polyak-smoothed-dynamic,511,polyak-smoothed-dynamic,511,26271.333105931499,26271.333105931499,26524
/Users/a/Ayanami/code/TSP/data/classic/tsplib/kroA150.tsp,polyak-smoothed-dynamic,512,polyak-smoothed-dynamic,512,26271.285004096022,26271.333105931499,26524
/Users/a/Ayanami/code/TSP/data/classic/tsplib/kroA150.tsp,polyak-smoothed-dynamic,513,polyak-smoothed-dynamic,513,26271.30903643644,26271.333105931499,26524
/Users/a/Ayanami/code/TSP/data/classic/tsplib/kroA150.tsp,polyak-smoothed-dynamic,514,polyak-smoothed-dynamic,514,26271.336494788295,26271.336494788295,26524
/Users/a/Ayanami/code/TSP/data/classic/tsplib/kroA150.tsp,polyak-smoothed-dynamic,515,polyak-smoothed-dynamic,515,26271.325210843414,26271.336494788295,26524
/Users/a/Ayanami/code/TSP/data/classic/tsplib/kroA150.tsp,polyak-smoothed-dynamic,516,polyak-smoothed-dynamic,516,26271.264596835485,26271.336494788295,26524
/Users/a/Ayanami/code/TSP/data/classic/tsplib/kroA150.tsp,polyak-smoothed-dynamic,517,polyak-smoothed-dynamic,517,26271.329784296242,26271.336494788295,26524
/Users/a/Ayanami/code/TSP/data/classic/tsplib/kroA150.tsp,polyak-smoothed-dynamic,518,polyak-smoothed-dynamic,518,26271.337490914881,26271.337490914881,26524
/Users/a/Ayanami/code/TSP/data/classic/tsplib/kroA150.tsp,polyak-smoothed-dynamic,519,polyak-smoothed-dynamic,519,26271.323934953489,26271.337490914881,26524
/Users/a/Ayanami/code/TSP/data/classic/tsplib/kroA150.tsp,polyak-smoothed-dynamic,520,polyak-smoothed-dynamic,520,26271.155841058553,26271.337490914881,26524
/Users/a/Ayanami/code/TSP/data/classic/tsplib/kroA150.tsp,polyak-smoothed-dynamic,521,polyak-smoothed-dynamic,521,26271.206247735743,26271.337490914881,26524
/Users/a/Ayanami/code/TSP/data/classic/tsplib/kroA150.tsp,polyak-smoothed-dynamic,522,polyak-smoothed-dynamic,522,26271.215389058474,26271.337490914881,26524
/Users/a/Ayanami/code/TSP/data/classic/tsplib/kroA150.tsp,polyak-smoothed-dynamic,523,polyak-smoothed-dynamic,523,26271.319114875809,26271.337490914881,26524
/Users/a/Ayanami/code/TSP/data/classic/tsplib/kroA150.tsp,polyak-smoothed-dynamic,524,polyak-smoothed-dynamic,524,26271.350177734766,26271.350177734766,26524
/Users/a/Ayanami/code/TSP/data/classic/tsplib/kroA150.tsp,polyak-smoothed-dynamic,525,polyak-smoothed-dynamic,525,26271.342674379972,26271.350177734766,26524
/Users/a/Ayanami/code/TSP/data/classic/tsplib/kroA150.tsp,polyak-smoothed-dynamic,526,polyak-smoothed-dynamic,526,26271.339426227623,26271.350177734766,26524
/Users/a/Ayanami/code/TSP/data/classic/tsplib/kroA150.tsp,polyak-smoothed-dynamic,527,polyak-smoothed-dynamic,527,26271.370110679218,26271.370110679218,26524
/Users/a/Ayanami/code/TSP/data/classic/tsplib/kroA150.tsp,polyak-smoothed-dynamic,528,polyak-smoothed-dynamic,528,26271.377518338097,26271.377518338097,26524
/Users/a/Ayanami/code/TSP/data/classic/tsplib/kroA150.tsp,polyak-smoothed-dynamic,529,polyak-smoothed-dynamic,529,26271.382856211767,26271.382856211767,26524
/Users/a/Ayanami/code/TSP/data/classic/tsplib/kroA150.tsp,polyak-smoothed-dynamic,530,polyak-smoothed-dynamic,530,26271.40884661569,26271.40884661569,26524
/Users/a/Ayanami/code/TSP/data/classic/tsplib/kroA150.tsp,polyak-smoothed-dynamic,531,polyak-smoothed-dynamic,531,26271.299866917696,26271.40884661569,26524
/Users/a/Ayanami/code/TSP/data/classic/tsplib/kroA150.tsp,polyak-smoothed-dynamic,532,polyak-smoothed-dynamic,532,26271.350957546598,26271.40884661569,26524
/Users/a/Ayanami/code/TSP/data/classic/tsplib/kroA150.tsp,polyak-smoothed-dynamic,533,polyak-smoothed-dynamic,533,26271.368367715113,26271.40884661569,26524
/Users/a/Ayanami/code/TSP/data/classic/tsplib/kroA150.tsp,polyak-smoothed-dynamic,534,polyak-smoothed-dynamic,534,26271.41473638788,26271.41473638788,26524
/Users/a/Ayanami/code/TSP/data/classic/tsplib/kroA150.tsp,polyak-smoothed-dynamic,535,polyak-smoothed-dynamic,535,26271.108817996483,26271.41473638788,26524
/Users/a/Ayanami/code/TSP/data/classic/tsplib/kroA150.tsp,polyak-smoothed-dynamic,536,polyak-smoothed-dynamic,536,26271.233308034731,26271.41473638788,26524
/Users/a/Ayanami/code/TSP/data/classic/tsplib/kroA150.tsp,polyak-smoothed-dynamic,537,polyak-smoothed-dynamic,537,26271.377943948115,26271.41473638788,26524
/Users/a/Ayanami/code/TSP/data/classic/tsplib/kroA150.tsp,polyak-smoothed-dynamic,538,polyak-smoothed-dynamic,538,26271.22521337185,26271.41473638788,26524
/Users/a/Ayanami/code/TSP/data/classic/tsplib/kroA150.tsp,polyak-smoothed-dynamic,539,polyak-smoothed-dynamic,539,26271.354516623273,26271.41473638788,26524
/Users/a/Ayanami/code/TSP/data/classic/tsplib/kroA150.tsp,polyak-smoothed-dynamic,540,polyak-smoothed-dynamic,540,26271.341905226953,26271.41473638788,26524
/Users/a/Ayanami/code/TSP/data/classic/tsplib/kroA150.tsp,polyak-smoothed-dynamic,541,polyak-smoothed-dynamic,541,26271.343336266167,26271.41473638788,26524
/Users/a/Ayanami/code/TSP/data/classic/tsplib/kroA150.tsp,polyak-smoothed-dynamic,542,polyak-smoothed-dynamic,542,26271.403301176892,26271.41473638788,26524
/Users/a/Ayanami/code/TSP/data/classic/tsplib/kroA150.tsp,polyak-smoothed-dynamic,543,polyak-smoothed-dynamic,543,26271.430565074319,26271.430565074319,26524
/Users/a/Ayanami/code/TSP/data/classic/tsplib/kroA150.tsp,polyak-smoothed-dynamic,544,polyak-smoothed-dynamic,544,26271.325644352397,26271.430565074319,26524
/Users/a/Ayanami/code/TSP/data/classic/tsplib/kroA150.tsp,polyak-smoothed-dynamic,545,polyak-smoothed-dynamic,545,26271.343000631914,26271.430565074319,26524
/Users/a/Ayanami/code/TSP/data/classic/tsplib/kroA150.tsp,polyak-smoothed-dynamic,546,polyak-smoothed-dynamic,546,26271.392285468894,26271.430565074319,26524
/Users/a/Ayanami/code/TSP/data/classic/tsplib/kroA150.tsp,polyak-smoothed-dynamic,547,polyak-smoothed-dynamic,547,26271.464404032489,26271.464404032489,26524
/Users/a/Ayanami/code/TSP/data/classic/tsplib/kroA150.tsp,polyak-smoothed-dynamic,548,polyak-smoothed-dynamic,548,26271.256288437064,26271.464404032489,26524
/Users/a/Ayanami/code/TSP/data/classic/tsplib/kroA150.tsp,polyak-smoothed-dynamic,549,polyak-smoothed-dynamic,549,26271.352422837579,26271.464404032489,26524
/Users/a/Ayanami/code/TSP/data/classic/tsplib/kroA150.tsp,polyak-smoothed-dynamic,550,polyak-smoothed-dynamic,550,26271.385286869641,26271.464404032489,26524
/Users/a/Ayanami/code/TSP/data/classic/tsplib/kroA150.tsp,polyak-smoothed-dynamic,551,polyak-smoothed-dynamic,551,26271.351249312265,26271.464404032489,26524
/Users/a/Ayanami/code/TSP/data/classic/tsplib/kroA150.tsp,polyak-smoothed-dynamic,552,polyak-smoothed-dynamic,552,26271.370414482099,26271.464404032489,26524
/Users/a/Ayanami/code/TSP/data/classic/tsplib/kroA150.tsp,polyak-smoothed-dynamic,553,polyak-smoothed-dynamic,553,26271.474460409863,26271.474460409863,26524
/Users/a/Ayanami/code/TSP/data/classic/tsplib/kroA150.tsp,polyak-smoothed-dynamic,554,polyak-smoothed-dynamic,554,26271.298384786489,26271.474460409863,26524
/Users/a/Ayanami/code/TSP/data/classic/tsplib/kroA150.tsp,polyak-smoothed-dynamic,555,polyak-smoothed-dynamic,555,26271.336376569499,26271.474460409863,26524
/Users/a/Ayanami/code/TSP/data/classic/tsplib/kroA150.tsp,polyak-smoothed-dynamic,556,polyak-smoothed-dynamic,556,26271.464030953386,26271.474460409863,26524
/Users/a/Ayanami/code/TSP/data/classic/tsplib/kroA150.tsp,polyak-smoothed-dynamic,557,polyak-smoothed-dynamic,557,26271.102997555954,26271.474460409863,26524
/Users/a/Ayanami/code/TSP/data/classic/tsplib/kroA150.tsp,polyak-smoothed-dynamic,558,polyak-smoothed-dynamic,558,26271.224731948638,26271.474460409863,26524
/Users/a/Ayanami/code/TSP/data/classic/tsplib/kroA150.tsp,polyak-smoothed-dynamic,559,polyak-smoothed-dynamic,559,26271.334339430723,26271.474460409863,26524
/Users/a/Ayanami/code/TSP/data/classic/tsplib/kroA150.tsp,polyak-smoothed-dynamic,560,polyak-smoothed-dynamic,560,26271.379597961248,26271.474460409863,26524
/Users/a/Ayanami/code/TSP/data/classic/tsplib/kroA150.tsp,polyak-smoothed-dynamic,561,polyak-smoothed-dynamic,561,26271.429369444231,26271.474460409863,26524
/Users/a/Ayanami/code/TSP/data/classic/tsplib/kroA150.tsp,polyak-smoothed-dynamic,562,polyak-smoothed-dynamic,562,26271.428397175227,26271.474460409863,26524
/Users/a/Ayanami/code/TSP/data/classic/tsplib/kroA150.tsp,polyak-smoothed-dynamic,563,polyak-smoothed-dynamic,563,26271.318733222459,26271.474460409863,26524
/Users/a/Ayanami/code/TSP/data/classic/tsplib/kroA150.tsp,polyak-smoothed-dynamic,564,polyak-smoothed-dynamic,564,26271.393432846955,26271.474460409863,26524
/Users/a/Ayanami/code/TSP/data/classic/tsplib/kroA150.tsp,polyak-smoothed-dynamic,565,polyak-smoothed-dynamic,565,26271.420815027835,26271.474460409863,26524
/Users/a/Ayanami/code/TSP/data/classic/tsplib/kroA150.tsp,polyak-smoothed-dynamic,566,polyak-smoothed-dynamic,566,26271.406929212219,26271.474460409863,26524
/Users/a/Ayanami/code/TSP/data/classic/tsplib/kroA150.tsp,polyak-smoothed-dynamic,567,polyak-smoothed-dynamic,567,26271.47997692016,26271.47997692016,26524
/Users/a/Ayanami/code/TSP/data/classic/tsplib/kroA150.tsp,polyak-smoothed-dynamic,568,polyak-smoothed-dynamic,568,26271.514644693158,26271.514644693158,26524
/Users/a/Ayanami/code/TSP/data/classic/tsplib/kroA150.tsp,polyak-smoothed-dynamic,569,polyak-smoothed-dynamic,569,26271.493324806092,26271.514644693158,26524
/Users/a/Ayanami/code/TSP/data/classic/tsplib/kroA150.tsp,polyak-smoothed-dynamic,570,polyak-smoothed-dynamic,570,26271.524190961067,26271.524190961067,26524
/Users/a/Ayanami/code/TSP/data/classic/tsplib/kroA150.tsp,polyak-smoothed-dynamic,571,polyak-smoothed-dynamic,571,26271.484742823617,26271.524190961067,26524
/Users/a/Ayanami/code/TSP/data/classic/tsplib/kroA150.tsp,polyak-smoothed-dynamic,572,polyak-smoothed-dynamic,572,26271.52415117155,26271.524190961067,26524
/Users/a/Ayanami/code/TSP/data/classic/tsplib/kroA150.tsp,polyak-smoothed-dynamic,573,polyak-smoothed-dynamic,573,26271.408670684945,26271.524190961067,26524
/Users/a/Ayanami/code/TSP/data/classic/tsplib/kroA150.tsp,polyak-smoothed-dynamic,574,polyak-smoothed-dynamic,574,26271.447343961558,26271.524190961067,26524
/Users/a/Ayanami/code/TSP/data/classic/tsplib/kroA150.tsp,polyak-smoothed-dynamic,575,polyak-smoothed-dynamic,575,26271.511983860742,26271.524190961067,26524
/Users/a/Ayanami/code/TSP/data/classic/tsplib/kroA150.tsp,polyak-smoothed-dynamic,576,polyak-smoothed-dynamic,576,26271.449098987185,26271.524190961067,26524
/Users/a/Ayanami/code/TSP/data/classic/tsplib/kroA150.tsp,polyak-smoothed-dynamic,577,polyak-smoothed-dynamic,577,26271.497800285,26271.524190961067,26524
/Users/a/Ayanami/code/TSP/data/classic/tsplib/kroA150.tsp,polyak-smoothed-dynamic,578,polyak-smoothed-dynamic,578,26271.547794454844,26271.547794454844,26524
/Users/a/Ayanami/code/TSP/data/classic/tsplib/kroA150.tsp,polyak-smoothed-dynamic,579,polyak-smoothed-dynamic,579,26271.514805343464,26271.547794454844,26524
/Users/a/Ayanami/code/TSP/data/classic/tsplib/kroA150.tsp,polyak-smoothed-dynamic,580,polyak-smoothed-dynamic,580,26271.550902086412,26271.550902086412,26524
/Users/a/Ayanami/code/TSP/data/classic/tsplib/kroA150.tsp,polyak-smoothed-dynamic,581,polyak-smoothed-dynamic,581,26271.546803529745,26271.550902086412,26524
/Users/a/Ayanami/code/TSP/data/classic/tsplib/kroA150.tsp,polyak-smoothed-dynamic,582,polyak-smoothed-dynamic,582,26271.555790349637,26271.555790349637,26524
/Users/a/Ayanami/code/TSP/data/classic/tsplib/kroA150.tsp,polyak-smoothed-dynamic,583,polyak-smoothed-dynamic,583,26271.430633181819,26271.555790349637,26524
/Users/a/Ayanami/code/TSP/data/classic/tsplib/kroA150.tsp,polyak-smoothed-dynamic,584,polyak-smoothed-dynamic,584,26271.477983811208,26271.555790349637,26524
/Users/a/Ayanami/code/TSP/data/classic/tsplib/kroA150.tsp,polyak-smoothed-dynamic,585,polyak-smoothed-dynamic,585,26271.558101768936,26271.558101768936,26524
/Users/a/Ayanami/code/TSP/data/classic/tsplib/kroA150.tsp,polyak-smoothed-dynamic,586,polyak-smoothed-dynamic,586,26271.554879991916,26271.558101768936,26524
/Users/a/Ayanami/code/TSP/data/classic/tsplib/kroA150.tsp,polyak-smoothed-dynamic,587,polyak-smoothed-dynamic,587,26271.536405606625,26271.558101768936,26524
/Users/a/Ayanami/code/TSP/data/classic/tsplib/kroA150.tsp,polyak-smoothed-dynamic,588,polyak-smoothed-dynamic,588,26271.585960138833,26271.585960138833,26524
/Users/a/Ayanami/code/TSP/data/classic/tsplib/kroA150.tsp,polyak-smoothed-dynamic,589,polyak-smoothed-dynamic,589,26271.5221863917,26271.585960138833,26524
/Users/a/Ayanami/code/TSP/data/classic/tsplib/kroA150.tsp,polyak-smoothed-dynamic,590,polyak-smoothed-dynamic,590,26271.55818203681,26271.585960138833,26524
/Users/a/Ayanami/code/TSP/data/classic/tsplib/kroA150.tsp,polyak-smoothed-dynamic,591,polyak-smoothed-dynamic,591,26271.587096155996,26271.587096155996,26524
/Users/a/Ayanami/code/TSP/data/classic/tsplib/kroA150.tsp,polyak-smoothed-dynamic,592,polyak-smoothed-dynamic,592,26271.569259387124,26271.587096155996,26524
/Users/a/Ayanami/code/TSP/data/classic/tsplib/kroA150.tsp,polyak-smoothed-dynamic,593,polyak-smoothed-dynamic,593,26271.538568390773,26271.587096155996,26524
/Users/a/Ayanami/code/TSP/data/classic/tsplib/kroA150.tsp,polyak-smoothed-dynamic,594,polyak-smoothed-dynamic,594,26271.551731463253,26271.587096155996,26524
/Users/a/Ayanami/code/TSP/data/classic/tsplib/kroA150.tsp,polyak-smoothed-dynamic,595,polyak-smoothed-dynamic,595,26271.584194201769,26271.587096155996,26524
/Users/a/Ayanami/code/TSP/data/classic/tsplib/kroA150.tsp,polyak-smoothed-dynamic,596,polyak-smoothed-dynamic,596,26271.549865406272,26271.587096155996,26524
/Users/a/Ayanami/code/TSP/data/classic/tsplib/kroA150.tsp,polyak-smoothed-dynamic,597,polyak-smoothed-dynamic,597,26271.571300160278,26271.587096155996,26524
/Users/a/Ayanami/code/TSP/data/classic/tsplib/kroA150.tsp,polyak-smoothed-dynamic,598,polyak-smoothed-dynamic,598,26271.581045051531,26271.587096155996,26524
/Users/a/Ayanami/code/TSP/data/classic/tsplib/kroA150.tsp,polyak-smoothed-dynamic,599,polyak-smoothed-dynamic,599,26271.548153017808,26271.587096155996,26524
/Users/a/Ayanami/code/TSP/data/classic/tsplib/kroA150.tsp,polyak-smoothed-dynamic,600,polyak-smoothed-dynamic,600,26271.557288197244,26271.587096155996,26524
/Users/a/Ayanami/code/TSP/data/classic/tsplib/kroA150.tsp,polyak-smoothed-dynamic,601,polyak-smoothed-dynamic,601,26271.567292447828,26271.587096155996,26524
/Users/a/Ayanami/code/TSP/data/classic/tsplib/kroA150.tsp,polyak-smoothed-dynamic,602,polyak-smoothed-dynamic,602,26271.60831936582,26271.60831936582,26524
/Users/a/Ayanami/code/TSP/data/classic/tsplib/kroA150.tsp,polyak-smoothed-dynamic,603,polyak-smoothed-dynamic,603,26271.603666368523,26271.60831936582,26524
/Users/a/Ayanami/code/TSP/data/classic/tsplib/kroA150.tsp,polyak-smoothed-dynamic,604,polyak-smoothed-dynamic,604,26271.596375270969,26271.60831936582,26524
/Users/a/Ayanami/code/TSP/data/classic/tsplib/kroA150.tsp,polyak-smoothed-dynamic,605,polyak-smoothed-dynamic,605,26271.592352675259,26271.60831936582,26524
/Users/a/Ayanami/code/TSP/data/classic/tsplib/kroA150.tsp,polyak-smoothed-dynamic,606,polyak-smoothed-dynamic,606,26271.5985796229,26271.60831936582,26524
/Users/a/Ayanami/code/TSP/data/classic/tsplib/kroA150.tsp,polyak-smoothed-dynamic,607,polyak-smoothed-dynamic,607,26271.555293880621,26271.60831936582,26524
/Users/a/Ayanami/code/TSP/data/classic/tsplib/kroA150.tsp,polyak-smoothed-dynamic,608,polyak-smoothed-dynamic,608,26271.590022181193,26271.60831936582,26524
/Users/a/Ayanami/code/TSP/data/classic/tsplib/kroA150.tsp,polyak-smoothed-dynamic,609,polyak-smoothed-dynamic,609,26271.595014557821,26271.60831936582,26524
/Users/a/Ayanami/code/TSP/data/classic/tsplib/kroA150.tsp,polyak-smoothed-dynamic,610,polyak-smoothed-dynamic,610,26271.564122374788,26271.60831936582,26524
/Users/a/Ayanami/code/TSP/data/classic/tsplib/kroA150.tsp,polyak-smoothed-dynamic,611,polyak-smoothed-dynamic,611,26271.570597956477,26271.60831936582,26524
/Users/a/Ayanami/code/TSP/data/classic/tsplib/kroA150.tsp,polyak-smoothed-dynamic,612,polyak-smoothed-dynamic,612,26271.611892911231,26271.611892911231,26524
/Users/a/Ayanami/code/TSP/data/classic/tsplib/kroA150.tsp,polyak-smoothed-dynamic,613,polyak-smoothed-dynamic,613,26271.613217955812,26271.613217955812,26524
/Users/a/Ayanami/code/TSP/data/classic/tsplib/kroA150.tsp,polyak-smoothed-dynamic,614,polyak-smoothed-dynamic,614,26271.558049431449,26271.613217955812,26524
/Users/a/Ayanami/code/TSP/data/classic/tsplib/kroA150.tsp,polyak-smoothed-dynamic,615,polyak-smoothed-dynamic,615,26271.611304873448,26271.613217955812,26524
/Users/a/Ayanami/code/TSP/data/classic/tsplib/kroA150.tsp,polyak-smoothed-dynamic,616,polyak-smoothed-dynamic,616,26271.608366109216,26271.613217955812,26524
/Users/a/Ayanami/code/TSP/data/classic/tsplib/kroA150.tsp,polyak-smoothed-dynamic,617,polyak-smoothed-dynamic,617,26271.583121022075,26271.613217955812,26524
/Users/a/Ayanami/code/TSP/data/classic/tsplib/kroA150.tsp,polyak-smoothed-dynamic,618,polyak-smoothed-dynamic,618,26271.626071992203,26271.626071992203,26524
/Users/a/Ayanami/code/TSP/data/classic/tsplib/kroA150.tsp,polyak-smoothed-dynamic,619,polyak-smoothed-dynamic,619,26271.577026136998,26271.626071992203,26524
/Users/a/Ayanami/code/TSP/data/classic/tsplib/kroA150.tsp,polyak-smoothed-dynamic,620,polyak-smoothed-dynamic,620,26271.623101640856,26271.626071992203,26524
/Users/a/Ayanami/code/TSP/data/classic/tsplib/kroA150.tsp,polyak-smoothed-dynamic,621,polyak-smoothed-dynamic,621,26271.56483957453,26271.626071992203,26524
/Users/a/Ayanami/code/TSP/data/classic/tsplib/kroA150.tsp,polyak-smoothed-dynamic,622,polyak-smoothed-dynamic,622,26271.592594167894,26271.626071992203,26524
/Users/a/Ayanami/code/TSP/data/classic/tsplib/kroA150.tsp,polyak-smoothed-dynamic,623,polyak-smoothed-dynamic,623,26271.630106557219,26271.630106557219,26524
/Users/a/Ayanami/code/TSP/data/classic/tsplib/kroA150.tsp,polyak-smoothed-dynamic,624,polyak-smoothed-dynamic,624,26271.632541632014,26271.632541632014,26524
/Users/a/Ayanami/code/TSP/data/classic/tsplib/kroA150.tsp,polyak-smoothed-dynamic,625,polyak-smoothed-dynamic,625,26271.563301556929,26271.632541632014,26524
/Users/a/Ayanami/code/TSP/data/classic/tsplib/kroA150.tsp,polyak-smoothed-dynamic,626,polyak-smoothed-dynamic,626,26271.586364309747,26271.632541632014,26524
/Users/a/Ayanami/code/TSP/data/classic/tsplib/kroA150.tsp,polyak-smoothed-dynamic,627,polyak-smoothed-dynamic,627,26271.620934166876,26271.632541632014,26524
/Users/a/Ayanami/code/TSP/data/classic/tsplib/kroA150.tsp,polyak-smoothed-dynamic,628,polyak-smoothed-dynamic,628,26271.533821505007,26271.632541632014,26524
/Users/a/Ayanami/code/TSP/data/classic/tsplib/kroA150.tsp,polyak-smoothed-dynamic,629,polyak-smoothed-dynamic,629,26271.570419477444,26271.632541632014,26524
/Users/a/Ayanami/code/TSP/data/classic/tsplib/kroA150.tsp,polyak-smoothed-dynamic,630,polyak-smoothed-dynamic,630,26271.60179909955,26271.632541632014,26524
/Users/a/Ayanami/code/TSP/data/classic/tsplib/kroA150.tsp,polyak-smoothed-dynamic,631,polyak-smoothed-dynamic,631,26271.626974668201,26271.632541632014,26524
/Users/a/Ayanami/code/TSP/data/classic/tsplib/kroA150.tsp,polyak-smoothed-dynamic,632,polyak-smoothed-dynamic,632,26271.596232700456,26271.632541632014,26524
/Users/a/Ayanami/code/TSP/data/classic/tsplib/kroA150.tsp,polyak-smoothed-dynamic,633,polyak-smoothed-dynamic,633,26271.663388570334,26271.663388570334,26524
/Users/a/Ayanami/code/TSP/data/classic/tsplib/kroA150.tsp,polyak-smoothed-dynamic,634,polyak-smoothed-dynamic,634,26271.568724226643,26271.663388570334,26524
/Users/a/Ayanami/code/TSP/data/classic/tsplib/kroA150.tsp,polyak-smoothed-dynamic,635,polyak-smoothed-dynamic,635,26271.589268433105,26271.663388570334,26524
/Users/a/Ayanami/code/TSP/data/classic/tsplib/kroA150.tsp,polyak-smoothed-dynamic,636,polyak-smoothed-dynamic,636,26271.63464581249,26271.663388570334,26524
/Users/a/Ayanami/code/TSP/data/classic/tsplib/kroA150.tsp,polyak-smoothed-dynamic,637,polyak-smoothed-dynamic,637,26271.606899741433,26271.663388570334,26524
/Users/a/Ayanami/code/TSP/data/classic/tsplib/kroA150.tsp,polyak-smoothed-dynamic,638,polyak-smoothed-dynamic,638,26271.614707692246,26271.663388570334,26524
/Users/a/Ayanami/code/TSP/data/classic/tsplib/kroA150.tsp,polyak-smoothed-dynamic,639,polyak-smoothed-dynamic,639,26271.653541559543,26271.663388570334,26524
/Users/a/Ayanami/code/TSP/data/classic/tsplib/kroA150.tsp,polyak-smoothed-dynamic,640,polyak-smoothed-dynamic,640,26271.654134420107,26271.663388570334,26524
/Users/a/Ayanami/code/TSP/data/classic/tsplib/kroA150.tsp,polyak-smoothed-dynamic,641,polyak-smoothed-dynamic,641,26271.64408176623,26271.663388570334,26524
/Users/a/Ayanami/code/TSP/data/classic/tsplib/kroA150.tsp,polyak-smoothed-dynamic,642,polyak-smoothed-dynamic,642,26271.579191905817,26271.663388570334,26524
/Users/a/Ayanami/code/TSP/data/classic/tsplib/kroA150.tsp,polyak-smoothed-dynamic,643,polyak-smoothed-dynamic,643,26271.626476009551,26271.663388570334,26524
/Users/a/Ayanami/code/TSP/data/classic/tsplib/kroA150.tsp,polyak-smoothed-dynamic,644,polyak-smoothed-dynamic,644,26271.653495525767,26271.663388570334,26524
/Users/a/Ayanami/code/TSP/data/classic/tsplib/kroA150.tsp,polyak-smoothed-dynamic,645,polyak-smoothed-dynamic,645,26271.625981174104,26271.663388570334,26524
/Users/a/Ayanami/code/TSP/data/classic/tsplib/kroA150.tsp,polyak-smoothed-dynamic,646,polyak-smoothed-dynamic,646,26271.611906878945,26271.663388570334,26524
/Users/a/Ayanami/code/TSP/data/classic/tsplib/kroA150.tsp,polyak-smoothed-dynamic,647,polyak-smoothed-dynamic,647,26271.664686171534,26271.664686171534,26524
/Users/a/Ayanami/code/TSP/data/classic/tsplib/kroA150.tsp,polyak-smoothed-dynamic,648,polyak-smoothed-dynamic,648,26271.615285535914,26271.664686171534,26524
/Users/a/Ayanami/code/TSP/data/classic/tsplib/kroA150.tsp,polyak-smoothed-dynamic,649,polyak-smoothed-dynamic,649,26271.645181831565,26271.664686171534,26524
/Users/a/Ayanami/code/TSP/data/classic/tsplib/kroA150.tsp,polyak-smoothed-dynamic,650,polyak-smoothed-dynamic,650,26271.678513558003,26271.678513558003,26524
/Users/a/Ayanami/code/TSP/data/classic/tsplib/kroA150.tsp,polyak-smoothed-dynamic,651,polyak-smoothed-dynamic,651,26271.640673851507,26271.678513558003,26524
/Users/a/Ayanami/code/TSP/data/classic/tsplib/kroA150.tsp,polyak-smoothed-dynamic,652,polyak-smoothed-dynamic,652,26271.643542567075,26271.678513558003,26524
/Users/a/Ayanami/code/TSP/data/classic/tsplib/kroA150.tsp,polyak-smoothed-dynamic,653,polyak-smoothed-dynamic,653,26271.675606769502,26271.678513558003,26524
/Users/a/Ayanami/code/TSP/data/classic/tsplib/kroA150.tsp,polyak-smoothed-dynamic,654,polyak-smoothed-dynamic,654,26271.694245397564,26271.694245397564,26524
/Users/a/Ayanami/code/TSP/data/classic/tsplib/kroA150.tsp,polyak-smoothed-dynamic,655,polyak-smoothed-dynamic,655,26271.663906632162,26271.694245397564,26524
/Users/a/Ayanami/code/TSP/data/classic/tsplib/kroA150.tsp,polyak-smoothed-dynamic,656,polyak-smoothed-dynamic,656,26271.666201218253,26271.694245397564,26524
/Users/a/Ayanami/code/TSP/data/classic/tsplib/kroA150.tsp,polyak-smoothed-dynamic,657,polyak-smoothed-dynamic,657,26271.679704306116,26271.694245397564,26524
/Users/a/Ayanami/code/TSP/data/classic/tsplib/kroA150.tsp,polyak-smoothed-dynamic,658,polyak-smoothed-dynamic,658,26271.682562217171,26271.694245397564,26524
/Users/a/Ayanami/code/TSP/data/classic/tsplib/kroA150.tsp,polyak-smoothed-dynamic,659,polyak-smoothed-dynamic,659,26271.697251220114,26271.697251220114,26524
/Users/a/Ayanami/code/TSP/data/classic/tsplib/kroA150.tsp,polyak-smoothed-dynamic,660,polyak-smoothed-dynamic,660,26271.704785081602,26271.704785081602,26524
/Users/a/Ayanami/code/TSP/data/classic/tsplib/kroA150.tsp,polyak-smoothed-dynamic,661,polyak-smoothed-dynamic,661,26271.712041395356,26271.712041395356,26524
/Users/a/Ayanami/code/TSP/data/classic/tsplib/kroA150.tsp,polyak-smoothed-dynamic,662,polyak-smoothed-dynamic,662,26271.630498185717,26271.712041395356,26524
/Users/a/Ayanami/code/TSP/data/classic/tsplib/kroA150.tsp,polyak-smoothed-dynamic,663,polyak-smoothed-dynamic,663,26271.645862419544,26271.712041395356,26524
/Users/a/Ayanami/code/TSP/data/classic/tsplib/kroA150.tsp,polyak-smoothed-dynamic,664,polyak-smoothed-dynamic,664,26271.702732764847,26271.712041395356,26524
/Users/a/Ayanami/code/TSP/data/classic/tsplib/kroA150.tsp,polyak-smoothed-dynamic,665,polyak-smoothed-dynamic,665,26271.711482334777,26271.712041395356,26524
/Users/a/Ayanami/code/TSP/data/classic/tsplib/kroA150.tsp,polyak-smoothed-dynamic,666,polyak-smoothed-dynamic,666,26271.695709432082,26271.712041395356,26524
/Users/a/Ayanami/code/TSP/data/classic/tsplib/kroA150.tsp,polyak-smoothed-dynamic,667,polyak-smoothed-dynamic,667,26271.698565115152,26271.712041395356,26524
/Users/a/Ayanami/code/TSP/data/classic/tsplib/kroA150.tsp,polyak-smoothed-dynamic,668,polyak-smoothed-dynamic,668,26271.705373103432,26271.712041395356,26524
/Users/a/Ayanami/code/TSP/data/classic/tsplib/kroA150.tsp,polyak-smoothed-dynamic,669,polyak-smoothed-dynamic,669,26271.706648392534,26271.712041395356,26524
/Users/a/Ayanami/code/TSP/data/classic/tsplib/kroA150.tsp,polyak-smoothed-dynamic,670,polyak-smoothed-dynamic,670,26271.675806136212,26271.712041395356,26524
/Users/a/Ayanami/code/TSP/data/classic/tsplib/kroA150.tsp,polyak-smoothed-dynamic,671,polyak-smoothed-dynamic,671,26271.70116672049,26271.712041395356,26524
/Users/a/Ayanami/code/TSP/data/classic/tsplib/kroA150.tsp,polyak-smoothed-dynamic,672,polyak-smoothed-dynamic,672,26271.693939847621,26271.712041395356,26524
/Users/a/Ayanami/code/TSP/data/classic/tsplib/kroA150.tsp,polyak-smoothed-dynamic,673,polyak-smoothed-dynamic,673,26271.71079202375,26271.712041395356,26524
/Users/a/Ayanami/code/TSP/data/classic/tsplib/kroA150.tsp,polyak-smoothed-dynamic,674,polyak-smoothed-dynamic,674,26271.693086179104,26271.712041395356,26524
/Users/a/Ayanami/code/TSP/data/classic/tsplib/kroA150.tsp,polyak-smoothed-dynamic,675,polyak-smoothed-dynamic,675,26271.71065467042,26271.712041395356,26524
/Users/a/Ayanami/code/TSP/data/classic/tsplib/kroA150.tsp,polyak-smoothed-dynamic,676,polyak-smoothed-dynamic,676,26271.724066223607,26271.724066223607,26524
/Users/a/Ayanami/code/TSP/data/classic/tsplib/kroA150.tsp,polyak-smoothed-dynamic,677,polyak-smoothed-dynamic,677,26271.722418658988,26271.724066223607,26524
/Users/a/Ayanami/code/TSP/data/classic/tsplib/kroA150.tsp,polyak-smoothed-dynamic,678,polyak-smoothed-dynamic,678,26271.730788525783,26271.730788525783,26524
/Users/a/Ayanami/code/TSP/data/classic/tsplib/kroA150.tsp,polyak-smoothed-dynamic,679,polyak-smoothed-dynamic,679,26271.72948614437,26271.730788525783,26524
/Users/a/Ayanami/code/TSP/data/classic/tsplib/kroA150.tsp,polyak-smoothed-dynamic,680,polyak-smoothed-dynamic,680,26271.729093501581,26271.730788525783,26524
/Users/a/Ayanami/code/TSP/data/classic/tsplib/kroA150.tsp,polyak-smoothed-dynamic,681,polyak-smoothed-dynamic,681,26271.739233018779,26271.739233018779,26524
/Users/a/Ayanami/code/TSP/data/classic/tsplib/kroA150.tsp,polyak-smoothed-dynamic,682,polyak-smoothed-dynamic,682,26271.70566696145,26271.739233018779,26524
/Users/a/Ayanami/code/TSP/data/classic/tsplib/kroA150.tsp,polyak-smoothed-dynamic,683,polyak-smoothed-dynamic,683,26271.716919114577,26271.739233018779,26524
/Users/a/Ayanami/code/TSP/data/classic/tsplib/kroA150.tsp,polyak-smoothed-dynamic,684,polyak-smoothed-dynamic,684,26271.737148314689,26271.739233018779,26524
/Users/a/Ayanami/code/TSP/data/classic/tsplib/kroA150.tsp,polyak-smoothed-dynamic,685,polyak-smoothed-dynamic,685,26271.738720591267,26271.739233018779,26524
/Users/a/Ayanami/code/TSP/data/classic/tsplib/kroA150.tsp,polyak-smoothed-dynamic,686,polyak-smoothed-dynamic,686,26271.742767227352,26271.742767227352,26524
/Users/a/Ayanami/code/TSP/data/classic/tsplib/kroA150.tsp,polyak-smoothed-dynamic,687,polyak-smoothed-dynamic,687,26271.724074832058,26271.742767227352,26524
/Users/a/Ayanami/code/TSP/data/classic/tsplib/kroA150.tsp,polyak-smoothed-dynamic,688,polyak-smoothed-dynamic,688,26271.741591423823,26271.742767227352,26524
/Users/a/Ayanami/code/TSP/data/classic/tsplib/kroA150.tsp,polyak-smoothed-dynamic,689,polyak-smoothed-dynamic,689,26271.740642615223,26271.742767227352,26524
/Users/a/Ayanami/code/TSP/data/classic/tsplib/kroA150.tsp,polyak-smoothed-dynamic,690,polyak-smoothed-dynamic,690,26271.735789684721,26271.742767227352,26524
/Users/a/Ayanami/code/TSP/data/classic/tsplib/kroA150.tsp,polyak-smoothed-dynamic,691,polyak-smoothed-dynamic,691,26271.735170538686,26271.742767227352,26524
/Users/a/Ayanami/code/TSP/data/classic/tsplib/kroA150.tsp,polyak-smoothed-dynamic,692,polyak-smoothed-dynamic,692,26271.749624289547,26271.749624289547,26524
/Users/a/Ayanami/code/TSP/data/classic/tsplib/kroA150.tsp,polyak-smoothed-dynamic,693,polyak-smoothed-dynamic,693,26271.742424825254,26271.749624289547,26524
/Users/a/Ayanami/code/TSP/data/classic/tsplib/kroA150.tsp,polyak-smoothed-dynamic,694,polyak-smoothed-dynamic,694,26271.743743503008,26271.749624289547,26524
/Users/a/Ayanami/code/TSP/data/classic/tsplib/kroA150.tsp,polyak-smoothed-dynamic,695,polyak-smoothed-dynamic,695,26271.72854701072,26271.749624289547,26524
/Users/a/Ayanami/code/TSP/data/classic/tsplib/kroA150.tsp,polyak-smoothed-dynamic,696,polyak-smoothed-dynamic,696,26271.739029445478,26271.749624289547,26524
/Users/a/Ayanami/code/TSP/data/classic/tsplib/kroA150.tsp,polyak-smoothed-dynamic,697,polyak-smoothed-dynamic,697,26271.747073014187,26271.749624289547,26524
/Users/a/Ayanami/code/TSP/data/classic/tsplib/kroA150.tsp,polyak-smoothed-dynamic,698,polyak-smoothed-dynamic,698,26271.755972793686,26271.755972793686,26524
/Users/a/Ayanami/code/TSP/data/classic/tsplib/kroA150.tsp,polyak-smoothed-dynamic,699,polyak-smoothed-dynamic,699,26271.745857290134,26271.755972793686,26524
/Users/a/Ayanami/code/TSP/data/classic/tsplib/kroA150.tsp,polyak-smoothed-dynamic,700,polyak-smoothed-dynamic,700,26271.75195626507,26271.755972793686,26524
/Users/a/Ayanami/code/TSP/data/classic/tsplib/kroA150.tsp,polyak-smoothed-dynamic,701,polyak-smoothed-dynamic,701,26271.746250133132,26271.755972793686,26524
/Users/a/Ayanami/code/TSP/data/classic/tsplib/kroA150.tsp,polyak-smoothed-dynamic,702,polyak-smoothed-dynamic,702,26271.752357784335,26271.755972793686,26524
/Users/a/Ayanami/code/TSP/data/classic/tsplib/kroA150.tsp,polyak-smoothed-dynamic,703,polyak-smoothed-dynamic,703,26271.736056907157,26271.755972793686,26524
/Users/a/Ayanami/code/TSP/data/classic/tsplib/kroA150.tsp,polyak-smoothed-dynamic,704,polyak-smoothed-dynamic,704,26271.749463236189,26271.755972793686,26524
/Users/a/Ayanami/code/TSP/data/classic/tsplib/kroA150.tsp,polyak-smoothed-dynamic,705,polyak-smoothed-dynamic,705,26271.746592630647,26271.755972793686,26524
/Users/a/Ayanami/code/TSP/data/classic/tsplib/kroA150.tsp,polyak-smoothed-dynamic,706,polyak-smoothed-dynamic,706,26271.751346891411,26271.755972793686,26524
/Users/a/Ayanami/code/TSP/data/classic/tsplib/kroA150.tsp,polyak-smoothed-dynamic,707,polyak-smoothed-dynamic,707,26271.729257684463,26271.755972793686,26524
/Users/a/Ayanami/code/TSP/data/classic/tsplib/kroA150.tsp,polyak-smoothed-dynamic,708,polyak-smoothed-dynamic,708,26271.735290883567,26271.755972793686,26524
/Users/a/Ayanami/code/TSP/data/classic/tsplib/kroA150.tsp,polyak-smoothed-dynamic,709,polyak-smoothed-dynamic,709,26271.753354123597,26271.755972793686,26524
/Users/a/Ayanami/code/TSP/data/classic/tsplib/kroA150.tsp,polyak-smoothed-dynamic,710,polyak-smoothed-dynamic,710,26271.740676190635,26271.755972793686,26524
/Users/a/Ayanami/code/TSP/data/classic/tsplib/kroA150.tsp,polyak-smoothed-dynamic,711,polyak-smoothed-dynamic,711,26271.74953256626,26271.755972793686,26524
/Users/a/Ayanami/code/TSP/data/classic/tsplib/kroA150.tsp,polyak-smoothed-dynamic,712,polyak-smoothed-dynamic,712,26271.759142464005,26271.759142464005,26524
/Users/a/Ayanami/code/TSP/data/classic/tsplib/kroA150.tsp,polyak-smoothed-dynamic,713,polyak-smoothed-dynamic,713,26271.765466973691,26271.765466973691,26524
/Users/a/Ayanami/code/TSP/data/classic/tsplib/kroA150.tsp,polyak-smoothed-dynamic,714,polyak-smoothed-dynamic,714,26271.769151277847,26271.769151277847,26524
/Users/a/Ayanami/code/TSP/data/classic/tsplib/kroA150.tsp,polyak-smoothed-dynamic,715,polyak-smoothed-dynamic,715,26271.754402443552,26271.769151277847,26524
/Users/a/Ayanami/code/TSP/data/classic/tsplib/kroA150.tsp,polyak-smoothed-dynamic,716,polyak-smoothed-dynamic,716,26271.760131799863,26271.769151277847,26524
/Users/a/Ayanami/code/TSP/data/classic/tsplib/kroA150.tsp,polyak-smoothed-dynamic,717,polyak-smoothed-dynamic,717,26271.768718709634,26271.769151277847,26524
/Users/a/Ayanami/code/TSP/data/classic/tsplib/kroA150.tsp,polyak-smoothed-dynamic,718,polyak-smoothed-dynamic,718,26271.760534716901,26271.769151277847,26524
/Users/a/Ayanami/code/TSP/data/classic/tsplib/kroA150.tsp,polyak-smoothed-dynamic,719,polyak-smoothed-dynamic,719,26271.766835594863,26271.769151277847,26524
/Users/a/Ayanami/code/TSP/data/classic/tsplib/kroA150.tsp,polyak-smoothed-dynamic,720,polyak-smoothed-dynamic,720,26271.770077002224,26271.770077002224,26524
/Users/a/Ayanami/code/TSP/data/classic/tsplib/kroA150.tsp,polyak-smoothed-dynamic,721,polyak-smoothed-dynamic,721,26271.769045637317,26271.770077002224,26524
/Users/a/Ayanami/code/TSP/data/classic/tsplib/kroA150.tsp,polyak-smoothed-dynamic,722,polyak-smoothed-dynamic,722,26271.770220865783,26271.770220865783,26524
/Users/a/Ayanami/code/TSP/data/classic/tsplib/kroA150.tsp,polyak-smoothed-dynamic,723,polyak-smoothed-dynamic,723,26271.775987177181,26271.775987177181,26524
/Users/a/Ayanami/code/TSP/data/classic/tsplib/kroA150.tsp,polyak-smoothed-dynamic,724,polyak-smoothed-dynamic,724,26271.756788746094,26271.775987177181,26524
/Users/a/Ayanami/code/TSP/data/classic/tsplib/kroA150.tsp,polyak-smoothed-dynamic,725,polyak-smoothed-dynamic,725,26271.768546726475,26271.775987177181,26524
/Users/a/Ayanami/code/TSP/data/classic/tsplib/kroA150.tsp,polyak-smoothed-dynamic,726,polyak-smoothed-dynamic,726,26271.769125174626,26271.775987177181,26524
/Users/a/Ayanami/code/TSP/data/classic/tsplib/kroA150.tsp,polyak-smoothed-dynamic,727,polyak-smoothed-dynamic,727,26271.774230075298,26271.775987177181,26524
/Users/a/Ayanami/code/TSP/data/classic/tsplib/kroA150.tsp,polyak-smoothed-dynamic,728,polyak-smoothed-dynamic,728,26271.774047887622,26271.775987177181,26524
/Users/a/Ayanami/code/TSP/data/classic/tsplib/kroA150.tsp,polyak-smoothed-dynamic,729,polyak-smoothed-dynamic,729,26271.770336169269,26271.775987177181,26524
/Users/a/Ayanami/code/TSP/data/classic/tsplib/kroA150.tsp,polyak-smoothed-dynamic,730,polyak-smoothed-dynamic,730,26271.772487550799,26271.775987177181,26524
/Users/a/Ayanami/code/TSP/data/classic/tsplib/kroA150.tsp,polyak-smoothed-dynamic,731,polyak-smoothed-dynamic,731,26271.774417946119,26271.775987177181,26524
/Users/a/Ayanami/code/TSP/data/classic/tsplib/kroA150.tsp,polyak-smoothed-dynamic,732,polyak-smoothed-dynamic,732,26271.776193738573,26271.776193738573,26524
/Users/a/Ayanami/code/TSP/data/classic/tsplib/kroA150.tsp,polyak-smoothed-dynamic,733,polyak-smoothed-dynamic,733,26271.76627256869,26271.776193738573,26524
/Users/a/Ayanami/code/TSP/data/classic/tsplib/kroA150.tsp,polyak-smoothed-dynamic,734,polyak-smoothed-dynamic,734,26271.771419500896,26271.776193738573,26524
/Users/a/Ayanami/code/TSP/data/classic/tsplib/kroA150.tsp,polyak-smoothed-dynamic,735,polyak-smoothed-dynamic,735,26271.778350393317,26271.778350393317,26524
/Users/a/Ayanami/code/TSP/data/classic/tsplib/kroA150.tsp,polyak-smoothed-dynamic,736,polyak-smoothed-dynamic,736,26271.769666417898,26271.778350393317,26524
/Users/a/Ayanami/code/TSP/data/classic/tsplib/kroA150.tsp,polyak-smoothed-dynamic,737,polyak-smoothed-dynamic,737,26271.773158811833,26271.778350393317,26524
/Users/a/Ayanami/code/TSP/data/classic/tsplib/kroA150.tsp,polyak-smoothed-dynamic,738,polyak-smoothed-dynamic,738,26271.78110291381,26271.78110291381,26524
/Users/a/Ayanami/code/TSP/data/classic/tsplib/kroA150.tsp,polyak-smoothed-dynamic,739,polyak-smoothed-dynamic,739,26271.778554605848,26271.78110291381,26524
/Users/a/Ayanami/code/TSP/data/classic/tsplib/kroA150.tsp,polyak-smoothed-dynamic,740,polyak-smoothed-dynamic,740,26271.769944089327,26271.78110291381,26524
/Users/a/Ayanami/code/TSP/data/classic/tsplib/kroA150.tsp,polyak-smoothed-dynamic,741,polyak-smoothed-dynamic,741,26271.776604108025,26271.78110291381,26524
/Users/a/Ayanami/code/TSP/data/classic/tsplib/kroA150.tsp,polyak-smoothed-dynamic,742,polyak-smoothed-dynamic,742,26271.777506506598,26271.78110291381,26524
/Users/a/Ayanami/code/TSP/data/classic/tsplib/kroA150.tsp,polyak-smoothed-dynamic,743,polyak-smoothed-dynamic,743,26271.777586288754,26271.78110291381,26524
/Users/a/Ayanami/code/TSP/data/classic/tsplib/kroA150.tsp,polyak-smoothed-dynamic,744,polyak-smoothed-dynamic,744,26271.776232047912,26271.78110291381,26524
/Users/a/Ayanami/code/TSP/data/classic/tsplib/kroA150.tsp,polyak-smoothed-dynamic,745,polyak-smoothed-dynamic,745,26271.779592051415,26271.78110291381,26524
/Users/a/Ayanami/code/TSP/data/classic/tsplib/kroA150.tsp,polyak-smoothed-dynamic,746,polyak-smoothed-dynamic,746,26271.782661685604,26271.782661685604,26524
/Users/a/Ayanami/code/TSP/data/classic/tsplib/kroA150.tsp,polyak-smoothed-dynamic,747,polyak-smoothed-dynamic,747,26271.77592952397,26271.782661685604,26524
/Users/a/Ayanami/code/TSP/data/classic/tsplib/kroA150.tsp,polyak-smoothed-dynamic,748,polyak-smoothed-dynamic,748,26271.778320235389,26271.782661685604,26524
/Users/a/Ayanami/code/TSP/data/classic/tsplib/kroA150.tsp,polyak-smoothed-dynamic,749,polyak-smoothed-dynamic,749,26271.779862588901,26271.782661685604,26524
/Users/a/Ayanami/code/TSP/data/classic/tsplib/kroA150.tsp,polyak-smoothed-dynamic,750,polyak-smoothed-dynamic,750,26271.782789563189,26271.782789563189,26524
/Users/a/Ayanami/code/TSP/data/classic/tsplib/kroA150.tsp,polyak-smoothed-dynamic,751,polyak-smoothed-dynamic,751,26271.775689497234,26271.782789563189,26524
/Users/a/Ayanami/code/TSP/data/classic/tsplib/kroA150.tsp,polyak-smoothed-dynamic,752,polyak-smoothed-dynamic,752,26271.772761782773,26271.782789563189,26524
/Users/a/Ayanami/code/TSP/data/classic/tsplib/kroA150.tsp,polyak-smoothed-dynamic,753,polyak-smoothed-dynamic,753,26271.779755914427,26271.782789563189,26524
/Users/a/Ayanami/code/TSP/data/classic/tsplib/kroA150.tsp,polyak-smoothed-dynamic,754,polyak-smoothed-dynamic,754,26271.781055232397,26271.782789563189,26524
/Users/a/Ayanami/code/TSP/data/classic/tsplib/kroA150.tsp,polyak-smoothed-dynamic,755,polyak-smoothed-dynamic,755,26271.782484501193,26271.782789563189,26524
/Users/a/Ayanami/code/TSP/data/classic/tsplib/kroA150.tsp,polyak-smoothed-dynamic,756,polyak-smoothed-dynamic,756,26271.780020771348,26271.782789563189,26524
/Users/a/Ayanami/code/TSP/data/classic/tsplib/kroA150.tsp,polyak-smoothed-dynamic,757,polyak-smoothed-dynamic,757,26271.781298235201,26271.782789563189,26524
/Users/a/Ayanami/code/TSP/data/classic/tsplib/kroA150.tsp,polyak-smoothed-dynamic,758,polyak-smoothed-dynamic,758,26271.776650522297,26271.782789563189,26524
/Users/a/Ayanami/code/TSP/data/classic/tsplib/kroA150.tsp,polyak-smoothed-dynamic,759,polyak-smoothed-dynamic,759,26271.777632387653,26271.782789563189,26524
/Users/a/Ayanami/code/TSP/data/classic/tsplib/kroA150.tsp,polyak-smoothed-dynamic,760,polyak-smoothed-dynamic,760,26271.783186193235,26271.783186193235,26524
/Users/a/Ayanami/code/TSP/data/classic/tsplib/kroA150.tsp,polyak-smoothed-dynamic,761,polyak-smoothed-dynamic,761,26271.777406823287,26271.783186193235,26524
/Users/a/Ayanami/code/TSP/data/classic/tsplib/kroA150.tsp,polyak-smoothed-dynamic,762,polyak-smoothed-dynamic,762,26271.778304699154,26271.783186193235,26524
/Users/a/Ayanami/code/TSP/data/classic/tsplib/kroA150.tsp,polyak-smoothed-dynamic,763,polyak-smoothed-dynamic,763,26271.783357464072,26271.783357464072,26524
/Users/a/Ayanami/code/TSP/data/classic/tsplib/kroA150.tsp,polyak-smoothed-dynamic,764,polyak-smoothed-dynamic,764,26271.776516008005,26271.783357464072,26524
/Users/a/Ayanami/code/TSP/data/classic/tsplib/kroA150.tsp,polyak-smoothed-dynamic,765,polyak-smoothed-dynamic,765,26271.786106119976,26271.786106119976,26524
/Users/a/Ayanami/code/TSP/data/classic/tsplib/kroA150.tsp,polyak-smoothed-dynamic,766,polyak-smoothed-dynamic,766,26271.774872403301,26271.786106119976,26524
/Users/a/Ayanami/code/TSP/data/classic/tsplib/kroA150.tsp,polyak-smoothed-dynamic,767,polyak-smoothed-dynamic,767,26271.781334239942,26271.786106119976,26524
/Users/a/Ayanami/code/TSP/data/classic/tsplib/kroA150.tsp,polyak-smoothed-dynamic,768,polyak-smoothed-dynamic,768,26271.787068823938,26271.787068823938,26524
/Users/a/Ayanami/code/TSP/data/classic/tsplib/kroA150.tsp,polyak-smoothed-dynamic,769,polyak-smoothed-dynamic,769,26271.788300450808,26271.788300450808,26524
/Users/a/Ayanami/code/TSP/data/classic/tsplib/kroA150.tsp,polyak-smoothed-dynamic,770,polyak-smoothed-dynamic,770,26271.781323520237,26271.788300450808,26524
/Users/a/Ayanami/code/TSP/data/classic/tsplib/kroA150.tsp,polyak-smoothed-dynamic,771,polyak-smoothed-dynamic,771,26271.777151596154,26271.788300450808,26524
/Users/a/Ayanami/code/TSP/data/classic/tsplib/kroA150.tsp,polyak-smoothed-dynamic,772,polyak-smoothed-dynamic,772,26271.77716611846,26271.788300450808,26524
/Users/a/Ayanami/code/TSP/data/classic/tsplib/kroA150.tsp,polyak-smoothed-dynamic,773,polyak-smoothed-dynamic,773,26271.784066187683,26271.788300450808,26524
/Users/a/Ayanami/code/TSP/data/classic/tsplib/kroA150.tsp,polyak-smoothed-dynamic,774,polyak-smoothed-dynamic,774,26271.77869513899,26271.788300450808,26524
/Users/a/Ayanami/code/TSP/data/classic/tsplib/kroA150.tsp,polyak-smoothed-dynamic,775,polyak-smoothed-dynamic,775,26271.784228358021,26271.788300450808,26524
/Users/a/Ayanami/code/TSP/data/classic/tsplib/kroA150.tsp,polyak-smoothed-dynamic,776,polyak-smoothed-dynamic,776,26271.787142414883,26271.788300450808,26524
/Users/a/Ayanami/code/TSP/data/classic/tsplib/kroA150.tsp,polyak-smoothed-dynamic,777,polyak-smoothed-dynamic,777,26271.785206429751,26271.788300450808,26524
/Users/a/Ayanami/code/TSP/data/classic/tsplib/kroA150.tsp,polyak-smoothed-dynamic,778,polyak-smoothed-dynamic,778,26271.784103050821,26271.788300450808,26524
/Users/a/Ayanami/code/TSP/data/classic/tsplib/kroA150.tsp,polyak-smoothed-dynamic,779,polyak-smoothed-dynamic,779,26271.779609711441,26271.788300450808,26524
/Users/a/Ayanami/code/TSP/data/classic/tsplib/kroA150.tsp,polyak-smoothed-dynamic,780,polyak-smoothed-dynamic,780,26271.785633339685,26271.788300450808,26524
/Users/a/Ayanami/code/TSP/data/classic/tsplib/kroA150.tsp,polyak-smoothed-dynamic,781,polyak-smoothed-dynamic,781,26271.775790319014,26271.788300450808,26524
/Users/a/Ayanami/code/TSP/data/classic/tsplib/kroA150.tsp,polyak-smoothed-dynamic,782,polyak-smoothed-dynamic,782,26271.783367363852,26271.788300450808,26524
/Users/a/Ayanami/code/TSP/data/classic/tsplib/kroA150.tsp,polyak-smoothed-dynamic,783,polyak-smoothed-dynamic,783,26271.786442900564,26271.788300450808,26524
/Users/a/Ayanami/code/TSP/data/classic/tsplib/kroA150.tsp,polyak-smoothed-dynamic,784,polyak-smoothed-dynamic,784,26271.790596508021,26271.790596508021,26524
/Users/a/Ayanami/code/TSP/data/classic/tsplib/kroA150.tsp,polyak-smoothed-dynamic,785,polyak-smoothed-dynamic,785,26271.78839626216,26271.790596508021,26524
/Users/a/Ayanami/code/TSP/data/classic/tsplib/kroA150.tsp,polyak-smoothed-dynamic,786,polyak-smoothed-dynamic,786,26271.789109140187,26271.790596508021,26524
/Users/a/Ayanami/code/TSP/data/classic/tsplib/kroA150.tsp,polyak-smoothed-dynamic,787,polyak-smoothed-dynamic,787,26271.790922600776,26271.790922600776,26524
/Users/a/Ayanami/code/TSP/data/classic/tsplib/kroA150.tsp,polyak-smoothed-dynamic,788,polyak-smoothed-dynamic,788,26271.790377118126,26271.790922600776,26524
/Users/a/Ayanami/code/TSP/data/classic/tsplib/kroA150.tsp,polyak-smoothed-dynamic,789,polyak-smoothed-dynamic,789,26271.791205195077,26271.791205195077,26524
/Users/a/Ayanami/code/TSP/data/classic/tsplib/kroA150.tsp,polyak-smoothed-dynamic,790,polyak-smoothed-dynamic,790,26271.78825428948,26271.791205195077,26524
/Users/a/Ayanami/code/TSP/data/classic/tsplib/kroA150.tsp,polyak-smoothed-dynamic,791,polyak-smoothed-dynamic,791,26271.790274007999,26271.791205195077,26524
/Users/a/Ayanami/code/TSP/data/classic/tsplib/kroA150.tsp,polyak-smoothed-dynamic,792,polyak-smoothed-dynamic,792,26271.791457686315,26271.791457686315,26524
/Users/a/Ayanami/code/TSP/data/classic/tsplib/kroA150.tsp,polyak-smoothed-dynamic,793,polyak-smoothed-dynamic,793,26271.791566318589,26271.791566318589,26524
/Users/a/Ayanami/code/TSP/data/classic/tsplib/kroA150.tsp,polyak-smoothed-dynamic,794,polyak-smoothed-dynamic,794,26271.788988928092,26271.791566318589,26524
/Users/a/Ayanami/code/TSP/data/classic/tsplib/kroA150.tsp,polyak-smoothed-dynamic,795,polyak-smoothed-dynamic,795,26271.784842911231,26271.791566318589,26524
/Users/a/Ayanami/code/TSP/data/classic/tsplib/kroA150.tsp,polyak-smoothed-dynamic,796,polyak-smoothed-dynamic,796,26271.791183982743,26271.791566318589,26524
/Users/a/Ayanami/code/TSP/data/classic/tsplib/kroA150.tsp,polyak-smoothed-dynamic,797,polyak-smoothed-dynamic,797,26271.791521972798,26271.791566318589,26524
/Users/a/Ayanami/code/TSP/data/classic/tsplib/kroA150.tsp,polyak-smoothed-dynamic,798,polyak-smoothed-dynamic,798,26271.792183613416,26271.792183613416,26524
/Users/a/Ayanami/code/TSP/data/classic/tsplib/kroA150.tsp,polyak-smoothed-dynamic,799,polyak-smoothed-dynamic,799,26271.790905316306,26271.792183613416,26524
/Users/a/Ayanami/code/TSP/data/classic/tsplib/kroA150.tsp,polyak-smoothed-dynamic,800,polyak-smoothed-dynamic,800,26271.793588079963,26271.793588079963,26524
/Users/a/Ayanami/code/TSP/data/classic/tsplib/kroA150.tsp,polyak-smoothed-dynamic,801,polyak-smoothed-dynamic,801,26271.790273593455,26271.793588079963,26524
/Users/a/Ayanami/code/TSP/data/classic/tsplib/kroA150.tsp,polyak-smoothed-dynamic,802,polyak-smoothed-dynamic,802,26271.792234816621,26271.793588079963,26524
/Users/a/Ayanami/code/TSP/data/classic/tsplib/kroA150.tsp,polyak-smoothed-dynamic,803,polyak-smoothed-dynamic,803,26271.791499639028,26271.793588079963,26524
/Users/a/Ayanami/code/TSP/data/classic/tsplib/kroA150.tsp,polyak-smoothed-dynamic,804,polyak-smoothed-dynamic,804,26271.794017625682,26271.794017625682,26524
/Users/a/Ayanami/code/TSP/data/classic/tsplib/kroA150.tsp,polyak-smoothed-dynamic,805,polyak-smoothed-dynamic,805,26271.793233367596,26271.794017625682,26524
/Users/a/Ayanami/code/TSP/data/classic/tsplib/kroA150.tsp,polyak-smoothed-dynamic,806,polyak-smoothed-dynamic,806,26271.794318900538,26271.794318900538,26524
/Users/a/Ayanami/code/TSP/data/classic/tsplib/kroA150.tsp,polyak-smoothed-dynamic,807,polyak-smoothed-dynamic,807,26271.791462486355,26271.794318900538,26524
/Users/a/Ayanami/code/TSP/data/classic/tsplib/kroA150.tsp,polyak-smoothed-dynamic,808,polyak-smoothed-dynamic,808,26271.789612267941,26271.794318900538,26524
/Users/a/Ayanami/code/TSP/data/classic/tsplib/kroA150.tsp,polyak-smoothed-dynamic,809,polyak-smoothed-dynamic,809,26271.794083297998,26271.794318900538,26524
/Users/a/Ayanami/code/TSP/data/classic/tsplib/kroA150.tsp,polyak-smoothed-dynamic,810,polyak-smoothed-dynamic,810,26271.793968466896,26271.794318900538,26524
/Users/a/Ayanami/code/TSP/data/classic/tsplib/kroA150.tsp,polyak-smoothed-dynamic,811,polyak-smoothed-dynamic,811,26271.794327731615,26271.794327731615,26524
/Users/a/Ayanami/code/TSP/data/classic/tsplib/kroA150.tsp,polyak-smoothed-dynamic,812,polyak-smoothed-dynamic,812,26271.791939261388,26271.794327731615,26524
/Users/a/Ayanami/code/TSP/data/classic/tsplib/kroA150.tsp,polyak-smoothed-dynamic,813,polyak-smoothed-dynamic,813,26271.794661322758,26271.794661322758,26524
/Users/a/Ayanami/code/TSP/data/classic/tsplib/kroA150.tsp,polyak-smoothed-dynamic,814,polyak-smoothed-dynamic,814,26271.794780269189,26271.794780269189,26524
/Users/a/Ayanami/code/TSP/data/classic/tsplib/kroA150.tsp,polyak-smoothed-dynamic,815,polyak-smoothed-dynamic,815,26271.794373823075,26271.794780269189,26524
/Users/a/Ayanami/code/TSP/data/classic/tsplib/kroA150.tsp,polyak-smoothed-dynamic,816,polyak-smoothed-dynamic,816,26271.796824887304,26271.796824887304,26524
/Users/a/Ayanami/code/TSP/data/classic/tsplib/kroA150.tsp,polyak-smoothed-dynamic,817,polyak-smoothed-dynamic,817,26271.795986275461,26271.796824887304,26524
/Users/a/Ayanami/code/TSP/data/classic/tsplib/kroA150.tsp,polyak-smoothed-dynamic,818,polyak-smoothed-dynamic,818,26271.794588724686,26271.796824887304,26524
/Users/a/Ayanami/code/TSP/data/classic/tsplib/kroA150.tsp,polyak-smoothed-dynamic,819,polyak-smoothed-dynamic,819,26271.796392133885,26271.796824887304,26524
/Users/a/Ayanami/code/TSP/data/classic/tsplib/kroA150.tsp,polyak-smoothed-dynamic,820,polyak-smoothed-dynamic,820,26271.787959666402,26271.796824887304,26524
/Users/a/Ayanami/code/TSP/data/classic/tsplib/kroA150.tsp,polyak-smoothed-dynamic,821,polyak-smoothed-dynamic,821,26271.789689186171,26271.796824887304,26524
/Users/a/Ayanami/code/TSP/data/classic/tsplib/kroA150.tsp,polyak-smoothed-dynamic,822,polyak-smoothed-dynamic,822,26271.794721721129,26271.796824887304,26524
/Users/a/Ayanami/code/TSP/data/classic/tsplib/kroA150.tsp,polyak-smoothed-dynamic,823,polyak-smoothed-dynamic,823,26271.794329774999,26271.796824887304,26524
/Users/a/Ayanami/code/TSP/data/classic/tsplib/kroA150.tsp,polyak-smoothed-dynamic,824,polyak-smoothed-dynamic,824,26271.796207250078,26271.796824887304,26524
/Users/a/Ayanami/code/TSP/data/classic/tsplib/kroA150.tsp,polyak-smoothed-dynamic,825,polyak-smoothed-dynamic,825,26271.796041080095,26271.796824887304,26524
/Users/a/Ayanami/code/TSP/data/classic/tsplib/kroA150.tsp,polyak-smoothed-dynamic,826,polyak-smoothed-dynamic,826,26271.793904667382,26271.796824887304,26524
/Users/a/Ayanami/code/TSP/data/classic/tsplib/kroA150.tsp,polyak-smoothed-dynamic,827,polyak-smoothed-dynamic,827,26271.797528605115,26271.797528605115,26524
/Users/a/Ayanami/code/TSP/data/classic/tsplib/kroA150.tsp,polyak-smoothed-dynamic,828,polyak-smoothed-dynamic,828,26271.796533252022,26271.797528605115,26524
/Users/a/Ayanami/code/TSP/data/classic/tsplib/kroA150.tsp,polyak-smoothed-dynamic,829,polyak-smoothed-dynamic,829,26271.794834946177,26271.797528605115,26524
/Users/a/Ayanami/code/TSP/data/classic/tsplib/kroA150.tsp,polyak-smoothed-dynamic,830,polyak-smoothed-dynamic,830,26271.794140609687,26271.797528605115,26524
/Users/a/Ayanami/code/TSP/data/classic/tsplib/kroA150.tsp,polyak-smoothed-dynamic,831,polyak-smoothed-dynamic,831,26271.798960649718,26271.798960649718,26524
/Users/a/Ayanami/code/TSP/data/classic/tsplib/kroA150.tsp,polyak-smoothed-dynamic,832,polyak-smoothed-dynamic,832,26271.795090286094,26271.798960649718,26524
/Users/a/Ayanami/code/TSP/data/classic/tsplib/kroA150.tsp,polyak-smoothed-dynamic,833,polyak-smoothed-dynamic,833,26271.798227124727,26271.798960649718,26524
/Users/a/Ayanami/code/TSP/data/classic/tsplib/kroA150.tsp,polyak-smoothed-dynamic,834,polyak-smoothed-dynamic,834,26271.791910623764,26271.798960649718,26524
/Users/a/Ayanami/code/TSP/data/classic/tsplib/kroA150.tsp,polyak-smoothed-dynamic,835,polyak-smoothed-dynamic,835,26271.794354624264,26271.798960649718,26524
/Users/a/Ayanami/code/TSP/data/classic/tsplib/kroA150.tsp,polyak-smoothed-dynamic,836,polyak-smoothed-dynamic,836,26271.797006294495,26271.798960649718,26524
/Users/a/Ayanami/code/TSP/data/classic/tsplib/kroA150.tsp,polyak-smoothed-dynamic,837,polyak-smoothed-dynamic,837,26271.797534372945,26271.798960649718,26524
/Users/a/Ayanami/code/TSP/data/classic/tsplib/kroA150.tsp,polyak-smoothed-dynamic,838,polyak-smoothed-dynamic,838,26271.795768693893,26271.798960649718,26524
/Users/a/Ayanami/code/TSP/data/classic/tsplib/kroA150.tsp,polyak-smoothed-dynamic,839,polyak-smoothed-dynamic,839,26271.797355815786,26271.798960649718,26524
/Users/a/Ayanami/code/TSP/data/classic/tsplib/kroA150.tsp,polyak-smoothed-dynamic,840,polyak-smoothed-dynamic,840,26271.794258897848,26271.798960649718,26524
/Users/a/Ayanami/code/TSP/data/classic/tsplib/kroA150.tsp,polyak-smoothed-dynamic,841,polyak-smoothed-dynamic,841,26271.794253954813,26271.798960649718,26524
/Users/a/Ayanami/code/TSP/data/classic/tsplib/kroA150.tsp,polyak-smoothed-dynamic,842,polyak-smoothed-dynamic,842,26271.797711152609,26271.798960649718,26524
/Users/a/Ayanami/code/TSP/data/classic/tsplib/kroA150.tsp,polyak-smoothed-dynamic,843,polyak-smoothed-dynamic,843,26271.796943911166,26271.798960649718,26524
/Users/a/Ayanami/code/TSP/data/classic/tsplib/kroA150.tsp,polyak-smoothed-dynamic,844,polyak-smoothed-dynamic,844,26271.798667003146,26271.798960649718,26524
/Users/a/Ayanami/code/TSP/data/classic/tsplib/kroA150.tsp,polyak-smoothed-dynamic,845,polyak-smoothed-dynamic,845,26271.799432577372,26271.799432577372,26524
/Users/a/Ayanami/code/TSP/data/classic/tsplib/kroA150.tsp,polyak-smoothed-dynamic,846,polyak-smoothed-dynamic,846,26271.800085652329,26271.800085652329,26524
/Users/a/Ayanami/code/TSP/data/classic/tsplib/kroA150.tsp,polyak-smoothed-dynamic,847,polyak-smoothed-dynamic,847,26271.800899517304,26271.800899517304,26524
/Users/a/Ayanami/code/TSP/data/classic/tsplib/kroA150.tsp,polyak-smoothed-dynamic,848,polyak-smoothed-dynamic,848,26271.800491066999,26271.800899517304,26524
/Users/a/Ayanami/code/TSP/data/classic/tsplib/kroA150.tsp,polyak-smoothed-dynamic,849,polyak-smoothed-dynamic,849,26271.801117823063,26271.801117823063,26524
/Users/a/Ayanami/code/TSP/data/classic/tsplib/kroA150.tsp,polyak-smoothed-dynamic,850,polyak-smoothed-dynamic,850,26271.801282053217,26271.801282053217,26524
/Users/a/Ayanami/code/TSP/data/classic/tsplib/kroA150.tsp,polyak-smoothed-dynamic,851,polyak-smoothed-dynamic,851,26271.801613571748,26271.801613571748,26524
/Users/a/Ayanami/code/TSP/data/classic/tsplib/kroA150.tsp,polyak-smoothed-dynamic,852,polyak-smoothed-dynamic,852,26271.798162083443,26271.801613571748,26524
/Users/a/Ayanami/code/TSP/data/classic/tsplib/kroA150.tsp,polyak-smoothed-dynamic,853,polyak-smoothed-dynamic,853,26271.799063475097,26271.801613571748,26524
/Users/a/Ayanami/code/TSP/data/classic/tsplib/kroA150.tsp,polyak-smoothed-dynamic,854,polyak-smoothed-dynamic,854,26271.800607718989,26271.801613571748,26524
/Users/a/Ayanami/code/TSP/data/classic/tsplib/kroA150.tsp,polyak-smoothed-dynamic,855,polyak-smoothed-dynamic,855,26271.801389696986,26271.801613571748,26524
/Users/a/Ayanami/code/TSP/data/classic/tsplib/kroA150.tsp,polyak-smoothed-dynamic,856,polyak-smoothed-dynamic,856,26271.800360121353,26271.801613571748,26524
/Users/a/Ayanami/code/TSP/data/classic/tsplib/kroA150.tsp,polyak-smoothed-dynamic,857,polyak-smoothed-dynamic,857,26271.802485110693,26271.802485110693,26524
/Users/a/Ayanami/code/TSP/data/classic/tsplib/kroA150.tsp,polyak-smoothed-dynamic,858,polyak-smoothed-dynamic,858,26271.799392488738,26271.802485110693,26524
/Users/a/Ayanami/code/TSP/data/classic/tsplib/kroA150.tsp,polyak-smoothed-dynamic,859,polyak-smoothed-dynamic,859,26271.800620618102,26271.802485110693,26524
/Users/a/Ayanami/code/TSP/data/classic/tsplib/kroA150.tsp,polyak-smoothed-dynamic,860,polyak-smoothed-dynamic,860,26271.801756347821,26271.802485110693,26524
/Users/a/Ayanami/code/TSP/data/classic/tsplib/kroA150.tsp,polyak-smoothed-dynamic,861,polyak-smoothed-dynamic,861,26271.802220842954,26271.802485110693,26524
/Users/a/Ayanami/code/TSP/data/classic/tsplib/kroA150.tsp,polyak-smoothed-dynamic,862,polyak-smoothed-dynamic,862,26271.800053031675,26271.802485110693,26524
/Users/a/Ayanami/code/TSP/data/classic/tsplib/kroA150.tsp,polyak-smoothed-dynamic,863,polyak-smoothed-dynamic,863,26271.800882626703,26271.802485110693,26524
/Users/a/Ayanami/code/TSP/data/classic/tsplib/kroA150.tsp,polyak-smoothed-dynamic,864,polyak-smoothed-dynamic,864,26271.8014939124,26271.802485110693,26524
/Users/a/Ayanami/code/TSP/data/classic/tsplib/kroA150.tsp,polyak-smoothed-dynamic,865,polyak-smoothed-dynamic,865,26271.802566222188,26271.802566222188,26524
/Users/a/Ayanami/code/TSP/data/classic/tsplib/kroA150.tsp,polyak-smoothed-dynamic,866,polyak-smoothed-dynamic,866,26271.801342558145,26271.802566222188,26524
/Users/a/Ayanami/code/TSP/data/classic/tsplib/kroA150.tsp,polyak-smoothed-dynamic,867,polyak-smoothed-dynamic,867,26271.801955506096,26271.802566222188,26524
/Users/a/Ayanami/code/TSP/data/classic/tsplib/kroA150.tsp,polyak-smoothed-dynamic,868,polyak-smoothed-dynamic,868,26271.801646238131,26271.802566222188,26524
/Users/a/Ayanami/code/TSP/data/classic/tsplib/kroA150.tsp,polyak-smoothed-dynamic,869,polyak-smoothed-dynamic,869,26271.802378419321,26271.802566222188,26524
/Users/a/Ayanami/code/TSP/data/classic/tsplib/kroA150.tsp,polyak-smoothed-dynamic,870,polyak-smoothed-dynamic,870,26271.80020178236,26271.802566222188,26524
/Users/a/Ayanami/code/TSP/data/classic/tsplib/kroA150.tsp,polyak-smoothed-dynamic,871,polyak-smoothed-dynamic,871,26271.800824495996,26271.802566222188,26524
/Users/a/Ayanami/code/TSP/data/classic/tsplib/kroA150.tsp,polyak-smoothed-dynamic,872,polyak-smoothed-dynamic,872,26271.802206953798,26271.802566222188,26524
/Users/a/Ayanami/code/TSP/data/classic/tsplib/kroA150.tsp,polyak-smoothed-dynamic,873,polyak-smoothed-dynamic,873,26271.803220281381,26271.803220281381,26524
/Users/a/Ayanami/code/TSP/data/classic/tsplib/kroA150.tsp,polyak-smoothed-dynamic,874,polyak-smoothed-dynamic,874,26271.802816564265,26271.803220281381,26524
/Users/a/Ayanami/code/TSP/data/classic/tsplib/kroA150.tsp,polyak-smoothed-dynamic,875,polyak-smoothed-dynamic,875,26271.801781414943,26271.803220281381,26524
/Users/a/Ayanami/code/TSP/data/classic/tsplib/kroA150.tsp,polyak-smoothed-dynamic,876,polyak-smoothed-dynamic,876,26271.803048222377,26271.803220281381,26524
/Users/a/Ayanami/code/TSP/data/classic/tsplib/kroA150.tsp,polyak-smoothed-dynamic,877,polyak-smoothed-dynamic,877,26271.802289307157,26271.803220281381,26524
/Users/a/Ayanami/code/TSP/data/classic/tsplib/kroA150.tsp,polyak-smoothed-dynamic,878,polyak-smoothed-dynamic,878,26271.803730120013,26271.803730120013,26524
/Users/a/Ayanami/code/TSP/data/classic/tsplib/kroA150.tsp,polyak-smoothed-dynamic,879,polyak-smoothed-dynamic,879,26271.799996544261,26271.803730120013,26524
/Users/a/Ayanami/code/TSP/data/classic/tsplib/kroA150.tsp,polyak-smoothed-dynamic,880,polyak-smoothed-dynamic,880,26271.801478111207,26271.803730120013,26524
/Users/a/Ayanami/code/TSP/data/classic/tsplib/kroA150.tsp,polyak-smoothed-dynamic,881,polyak-smoothed-dynamic,881,26271.803036282909,26271.803730120013,26524
/Users/a/Ayanami/code/TSP/data/classic/tsplib/kroA150.tsp,polyak-smoothed-dynamic,882,polyak-smoothed-dynamic,882,26271.801796762604,26271.803730120013,26524
/Users/a/Ayanami/code/TSP/data/classic/tsplib/kroA150.tsp,polyak-smoothed-dynamic,883,polyak-smoothed-dynamic,883,26271.803282331151,26271.803730120013,26524
/Users/a/Ayanami/code/TSP/data/classic/tsplib/kroA150.tsp,polyak-smoothed-dynamic,884,polyak-smoothed-dynamic,884,26271.802527222691,26271.803730120013,26524
/Users/a/Ayanami/code/TSP/data/classic/tsplib/kroA150.tsp,polyak-smoothed-dynamic,885,polyak-smoothed-dynamic,885,26271.803500478334,26271.803730120013,26524
/Users/a/Ayanami/code/TSP/data/classic/tsplib/kroA150.tsp,polyak-smoothed-dynamic,886,polyak-smoothed-dynamic,886,26271.803985136943,26271.803985136943,26524
/Users/a/Ayanami/code/TSP/data/classic/tsplib/kroA150.tsp,polyak-smoothed-dynamic,887,polyak-smoothed-dynamic,887,26271.802521658225,26271.803985136943,26524
/Users/a/Ayanami/code/TSP/data/classic/tsplib/kroA150.tsp,polyak-smoothed-dynamic,888,polyak-smoothed-dynamic,888,26271.801824845166,26271.803985136943,26524
/Users/a/Ayanami/code/TSP/data/classic/tsplib/kroA150.tsp,polyak-smoothed-dynamic,889,polyak-smoothed-dynamic,889,26271.804260231889,26271.804260231889,26524
/Users/a/Ayanami/code/TSP/data/classic/tsplib/kroA150.tsp,polyak-smoothed-dynamic,890,polyak-smoothed-dynamic,890,26271.80276234652,26271.804260231889,26524
/Users/a/Ayanami/code/TSP/data/classic/tsplib/kroA150.tsp,polyak-smoothed-dynamic,891,polyak-smoothed-dynamic,891,26271.803239222074,26271.804260231889,26524
/Users/a/Ayanami/code/TSP/data/classic/tsplib/kroA150.tsp,polyak-smoothed-dynamic,892,polyak-smoothed-dynamic,892,26271.804122389156,26271.804260231889,26524
/Users/a/Ayanami/code/TSP/data/classic/tsplib/kroA150.tsp,polyak-smoothed-dynamic,893,polyak-smoothed-dynamic,893,26271.8033410399,26271.804260231889,26524
/Users/a/Ayanami/code/TSP/data/classic/tsplib/kroA150.tsp,polyak-smoothed-dynamic,894,polyak-smoothed-dynamic,894,26271.802993030236,26271.804260231889,26524
/Users/a/Ayanami/code/TSP/data/classic/tsplib/kroA150.tsp,polyak-smoothed-dynamic,895,polyak-smoothed-dynamic,895,26271.802779930433,26271.804260231889,26524
/Users/a/Ayanami/code/TSP/data/classic/tsplib/kroA150.tsp,polyak-smoothed-dynamic,896,polyak-smoothed-dynamic,896,26271.80264623851,26271.804260231889,26524
/Users/a/Ayanami/code/TSP/data/classic/tsplib/kroA150.tsp,polyak-smoothed-dynamic,897,polyak-smoothed-dynamic,897,26271.804806235032,26271.804806235032,26524
/Users/a/Ayanami/code/TSP/data/classic/tsplib/kroA150.tsp,polyak-smoothed-dynamic,898,polyak-smoothed-dynamic,898,26271.802476647932,26271.804806235032,26524
/Users/a/Ayanami/code/TSP/data/classic/tsplib/kroA150.tsp,polyak-smoothed-dynamic,899,polyak-smoothed-dynamic,899,26271.803082455972,26271.804806235032,26524
/Users/a/Ayanami/code/TSP/data/classic/tsplib/kroA150.tsp,polyak-smoothed-dynamic,900,polyak-smoothed-dynamic,900,26271.80455460415,26271.804806235032,26524
/Users/a/Ayanami/code/TSP/data/classic/tsplib/kroA150.tsp,polyak-smoothed-dynamic,901,polyak-smoothed-dynamic,901,26271.804615422439,26271.804806235032,26524
/Users/a/Ayanami/code/TSP/data/classic/tsplib/kroA150.tsp,polyak-smoothed-dynamic,902,polyak-smoothed-dynamic,902,26271.80138910903,26271.804806235032,26524
/Users/a/Ayanami/code/TSP/data/classic/tsplib/kroA150.tsp,polyak-smoothed-dynamic,903,polyak-smoothed-dynamic,903,26271.8018904163,26271.804806235032,26524
/Users/a/Ayanami/code/TSP/data/classic/tsplib/kroA150.tsp,polyak-smoothed-dynamic,904,polyak-smoothed-dynamic,904,26271.804631753035,26271.804806235032,26524
/Users/a/Ayanami/code/TSP/data/classic/tsplib/kroA150.tsp,polyak-smoothed-dynamic,905,polyak-smoothed-dynamic,905,26271.805069716804,26271.805069716804,26524
/Users/a/Ayanami/code/TSP/data/classic/tsplib/kroA150.tsp,polyak-smoothed-dynamic,906,polyak-smoothed-dynamic,906,26271.802610033155,26271.805069716804,26524
/Users/a/Ayanami/code/TSP/data/classic/tsplib/kroA150.tsp,polyak-smoothed-dynamic,907,polyak-smoothed-dynamic,907,26271.802367085929,26271.805069716804,26524
/Users/a/Ayanami/code/TSP/data/classic/tsplib/kroA150.tsp,polyak-smoothed-dynamic,908,polyak-smoothed-dynamic,908,26271.804405488834,26271.805069716804,26524
/Users/a/Ayanami/code/TSP/data/classic/tsplib/kroA150.tsp,polyak-smoothed-dynamic,909,polyak-smoothed-dynamic,909,26271.804203169646,26271.805069716804,26524
/Users/a/Ayanami/code/TSP/data/classic/tsplib/kroA150.tsp,polyak-smoothed-dynamic,910,polyak-smoothed-dynamic,910,26271.800201088132,26271.805069716804,26524
/Users/a/Ayanami/code/TSP/data/classic/tsplib/kroA150.tsp,polyak-smoothed-dynamic,911,polyak-smoothed-dynamic,911,26271.802895044431,26271.805069716804,26524
/Users/a/Ayanami/code/TSP/data/classic/tsplib/kroA150.tsp,polyak-smoothed-dynamic,912,polyak-smoothed-dynamic,912,26271.804317307538,26271.805069716804,26524
/Users/a/Ayanami/code/TSP/data/classic/tsplib/kroA150.tsp,polyak-smoothed-dynamic,913,polyak-smoothed-dynamic,913,26271.803840011322,26271.805069716804,26524
/Users/a/Ayanami/code/TSP/data/classic/tsplib/kroA150.tsp,polyak-smoothed-dynamic,914,polyak-smoothed-dynamic,914,26271.805166749662,26271.805166749662,26524
/Users/a/Ayanami/code/TSP/data/classic/tsplib/kroA150.tsp,polyak-smoothed-dynamic,915,polyak-smoothed-dynamic,915,26271.802625349523,26271.805166749662,26524
/Users/a/Ayanami/code/TSP/data/classic/tsplib/kroA150.tsp,polyak-smoothed-dynamic,916,polyak-smoothed-dynamic,916,26271.803450901796,26271.805166749662,26524
/Users/a/Ayanami/code/TSP/data/classic/tsplib/kroA150.tsp,polyak-smoothed-dynamic,917,polyak-smoothed-dynamic,917,26271.805813479023,26271.805813479023,26524
/Users/a/Ayanami/code/TSP/data/classic/tsplib/kroA150.tsp,polyak-smoothed-dynamic,918,polyak-smoothed-dynamic,918,26271.804510598951,26271.805813479023,26524
/Users/a/Ayanami/code/TSP/data/classic/tsplib/kroA150.tsp,polyak-smoothed-dynamic,919,polyak-smoothed-dynamic,919,26271.805822408347,26271.805822408347,26524
/Users/a/Ayanami/code/TSP/data/classic/tsplib/kroA150.tsp,polyak-smoothed-dynamic,920,polyak-smoothed-dynamic,920,26271.80244733801,26271.805822408347,26524
/Users/a/Ayanami/code/TSP/data/classic/tsplib/kroA150.tsp,polyak-smoothed-dynamic,921,polyak-smoothed-dynamic,921,26271.805051874082,26271.805822408347,26524
/Users/a/Ayanami/code/TSP/data/classic/tsplib/kroA150.tsp,polyak-smoothed-dynamic,922,polyak-smoothed-dynamic,922,26271.805351319825,26271.805822408347,26524
/Users/a/Ayanami/code/TSP/data/classic/tsplib/kroA150.tsp,polyak-smoothed-dynamic,923,polyak-smoothed-dynamic,923,26271.80539569067,26271.805822408347,26524
/Users/a/Ayanami/code/TSP/data/classic/tsplib/kroA150.tsp,polyak-smoothed-dynamic,924,polyak-smoothed-dynamic,924,26271.804902682594,26271.805822408347,26524
/Users/a/Ayanami/code/TSP/data/classic/tsplib/kroA150.tsp,polyak-smoothed-dynamic,925,polyak-smoothed-dynamic,925,26271.805648805024,26271.805822408347,26524
/Users/a/Ayanami/code/TSP/data/classic/tsplib/kroA150.tsp,polyak-smoothed-dynamic,926,polyak-smoothed-dynamic,926,26271.803075365628,26271.805822408347,26524
/Users/a/Ayanami/code/TSP/data/classic/tsplib/kroA150.tsp,polyak-smoothed-dynamic,927,polyak-smoothed-dynamic,927,26271.80475099141,26271.805822408347,26524
/Users/a/Ayanami/code/TSP/data/classic/tsplib/kroA150.tsp,polyak-smoothed-dynamic,928,polyak-smoothed-dynamic,928,26271.805544582323,26271.805822408347,26524
/Users/a/Ayanami/code/TSP/data/classic/tsplib/kroA150.tsp,polyak-smoothed-dynamic,929,polyak-smoothed-dynamic,929,26271.80536766498,26271.805822408347,26524
/Users/a/Ayanami/code/TSP/data/classic/tsplib/kroA150.tsp,polyak-smoothed-dynamic,930,polyak-smoothed-dynamic,930,26271.804551149853,26271.805822408347,26524
/Users/a/Ayanami/code/TSP/data/classic/tsplib/kroA150.tsp,polyak-smoothed-dynamic,931,polyak-smoothed-dynamic,931,26271.806108740566,26271.806108740566,26524
/Users/a/Ayanami/code/TSP/data/classic/tsplib/kroA150.tsp,polyak-smoothed-dynamic,932,polyak-smoothed-dynamic,932,26271.804991842779,26271.806108740566,26524
/Users/a/Ayanami/code/TSP/data/classic/tsplib/kroA150.tsp,polyak-smoothed-dynamic,933,polyak-smoothed-dynamic,933,26271.805277653777,26271.806108740566,26524
/Users/a/Ayanami/code/TSP/data/classic/tsplib/kroA150.tsp,polyak-smoothed-dynamic,934,polyak-smoothed-dynamic,934,26271.805019444339,26271.806108740566,26524
/Users/a/Ayanami/code/TSP/data/classic/tsplib/kroA150.tsp,polyak-smoothed-dynamic,935,polyak-smoothed-dynamic,935,26271.80641450945,26271.80641450945,26524
/Users/a/Ayanami/code/TSP/data/classic/tsplib/kroA150.tsp,polyak-smoothed-dynamic,936,polyak-smoothed-dynamic,936,26271.802594014975,26271.80641450945,26524
/Users/a/Ayanami/code/TSP/data/classic/tsplib/kroA150.tsp,polyak-smoothed-dynamic,937,polyak-smoothed-dynamic,937,26271.802853714755,26271.80641450945,26524
/Users/a/Ayanami/code/TSP/data/classic/tsplib/kroA150.tsp,polyak-smoothed-dynamic,938,polyak-smoothed-dynamic,938,26271.805437921492,26271.80641450945,26524
/Users/a/Ayanami/code/TSP/data/classic/tsplib/kroA150.tsp,polyak-smoothed-dynamic,939,polyak-smoothed-dynamic,939,26271.803951121292,26271.80641450945,26524
/Users/a/Ayanami/code/TSP/data/classic/tsplib/kroA150.tsp,polyak-smoothed-dynamic,940,polyak-smoothed-dynamic,940,26271.805277563555,26271.80641450945,26524
/Users/a/Ayanami/code/TSP/data/classic/tsplib/kroA150.tsp,polyak-smoothed-dynamic,941,polyak-smoothed-dynamic,941,26271.805888104973,26271.80641450945,26524
/Users/a/Ayanami/code/TSP/data/classic/tsplib/kroA150.tsp,polyak-smoothed-dynamic,942,polyak-smoothed-dynamic,942,26271.806040936906,26271.80641450945,26524
/Users/a/Ayanami/code/TSP/data/classic/tsplib/kroA150.tsp,polyak-smoothed-dynamic,943,polyak-smoothed-dynamic,943,26271.800893275144,26271.80641450945,26524
/Users/a/Ayanami/code/TSP/data/classic/tsplib/kroA150.tsp,polyak-smoothed-dynamic,944,polyak-smoothed-dynamic,944,26271.802521374608,26271.80641450945,26524
/Users/a/Ayanami/code/TSP/data/classic/tsplib/kroA150.tsp,polyak-smoothed-dynamic,945,polyak-smoothed-dynamic,945,26271.805204970857,26271.80641450945,26524
/Users/a/Ayanami/code/TSP/data/classic/tsplib/kroA150.tsp,polyak-smoothed-dynamic,946,polyak-smoothed-dynamic,946,26271.806617856702,26271.806617856702,26524
/Users/a/Ayanami/code/TSP/data/classic/tsplib/kroA150.tsp,polyak-smoothed-dynamic,947,polyak-smoothed-dynamic,947,26271.806290972578,26271.806617856702,26524
/Users/a/Ayanami/code/TSP/data/classic/tsplib/kroA150.tsp,polyak-smoothed-dynamic,948,polyak-smoothed-dynamic,948,26271.806641414591,26271.806641414591,26524
/Users/a/Ayanami/code/TSP/data/classic/tsplib/kroA150.tsp,polyak-smoothed-dynamic,949,polyak-smoothed-dynamic,949,26271.806137803549,26271.806641414591,26524
/Users/a/Ayanami/code/TSP/data/classic/tsplib/kroA150.tsp,polyak-smoothed-dynamic,950,polyak-smoothed-dynamic,950,26271.805718533022,26271.806641414591,26524
/Users/a/Ayanami/code/TSP/data/classic/tsplib/kroA150.tsp,polyak-smoothed-dynamic,951,polyak-smoothed-dynamic,951,26271.806107910939,26271.806641414591,26524
/Users/a/Ayanami/code/TSP/data/classic/tsplib/kroA150.tsp,polyak-smoothed-dynamic,952,polyak-smoothed-dynamic,952,26271.804740835651,26271.806641414591,26524
/Users/a/Ayanami/code/TSP/data/classic/tsplib/kroA150.tsp,polyak-smoothed-dynamic,953,polyak-smoothed-dynamic,953,26271.805873111491,26271.806641414591,26524
/Users/a/Ayanami/code/TSP/data/classic/tsplib/kroA150.tsp,polyak-smoothed-dynamic,954,polyak-smoothed-dynamic,954,26271.806119665809,26271.806641414591,26524
/Users/a/Ayanami/code/TSP/data/classic/tsplib/kroA150.tsp,polyak-smoothed-dynamic,955,polyak-smoothed-dynamic,955,26271.807076984827,26271.807076984827,26524
/Users/a/Ayanami/code/TSP/data/classic/tsplib/kroA150.tsp,polyak-smoothed-dynamic,956,polyak-smoothed-dynamic,956,26271.806124876199,26271.807076984827,26524
/Users/a/Ayanami/code/TSP/data/classic/tsplib/kroA150.tsp,polyak-smoothed-dynamic,957,polyak-smoothed-dynamic,957,26271.80688469467,26271.807076984827,26524
/Users/a/Ayanami/code/TSP/data/classic/tsplib/kroA150.tsp,polyak-smoothed-dynamic,958,polyak-smoothed-dynamic,958,26271.805879649462,26271.807076984827,26524
/Users/a/Ayanami/code/TSP/data/classic/tsplib/kroA150.tsp,polyak-smoothed-dynamic,959,polyak-smoothed-dynamic,959,26271.80635572879,26271.807076984827,26524
/Users/a/Ayanami/code/TSP/data/classic/tsplib/kroA150.tsp,polyak-smoothed-dynamic,960,polyak-smoothed-dynamic,960,26271.807197636888,26271.807197636888,26524
/Users/a/Ayanami/code/TSP/data/classic/tsplib/kroA150.tsp,polyak-smoothed-dynamic,961,polyak-smoothed-dynamic,961,26271.806534686875,26271.807197636888,26524
/Users/a/Ayanami/code/TSP/data/classic/tsplib/kroA150.tsp,polyak-smoothed-dynamic,962,polyak-smoothed-dynamic,962,26271.806039800456,26271.807197636888,26524
/Users/a/Ayanami/code/TSP/data/classic/tsplib/kroA150.tsp,polyak-smoothed-dynamic,963,polyak-smoothed-dynamic,963,26271.807258979592,26271.807258979592,26524
/Users/a/Ayanami/code/TSP/data/classic/tsplib/kroA150.tsp,polyak-smoothed-dynamic,964,polyak-smoothed-dynamic,964,26271.806581320379,26271.807258979592,26524
/Users/a/Ayanami/code/TSP/data/classic/tsplib/kroA150.tsp,polyak-smoothed-dynamic,965,polyak-smoothed-dynamic,965,26271.804611601663,26271.807258979592,26524
/Users/a/Ayanami/code/TSP/data/classic/tsplib/kroA150.tsp,polyak-smoothed-dynamic,966,polyak-smoothed-dynamic,966,26271.806377006382,26271.807258979592,26524
/Users/a/Ayanami/code/TSP/data/classic/tsplib/kroA150.tsp,polyak-smoothed-dynamic,967,polyak-smoothed-dynamic,967,26271.803326639925,26271.807258979592,26524
/Users/a/Ayanami/code/TSP/data/classic/tsplib/kroA150.tsp,polyak-smoothed-dynamic,968,polyak-smoothed-dynamic,968,26271.805010934109,26271.807258979592,26524
/Users/a/Ayanami/code/TSP/data/classic/tsplib/kroA150.tsp,polyak-smoothed-dynamic,969,polyak-smoothed-dynamic,969,26271.8063607771,26271.807258979592,26524
/Users/a/Ayanami/code/TSP/data/classic/tsplib/kroA150.tsp,polyak-smoothed-dynamic,970,polyak-smoothed-dynamic,970,26271.805758939492,26271.807258979592,26524
/Users/a/Ayanami/code/TSP/data/classic/tsplib/kroA150.tsp,polyak-smoothed-dynamic,971,polyak-smoothed-dynamic,971,26271.805939863207,26271.807258979592,26524
/Users/a/Ayanami/code/TSP/data/classic/tsplib/kroA150.tsp,polyak-smoothed-dynamic,972,polyak-smoothed-dynamic,972,26271.805379673646,26271.807258979592,26524
/Users/a/Ayanami/code/TSP/data/classic/tsplib/kroA150.tsp,polyak-smoothed-dynamic,973,polyak-smoothed-dynamic,973,26271.807269245215,26271.807269245215,26524
/Users/a/Ayanami/code/TSP/data/classic/tsplib/kroA150.tsp,polyak-smoothed-dynamic,974,polyak-smoothed-dynamic,974,26271.806556717464,26271.807269245215,26524
/Users/a/Ayanami/code/TSP/data/classic/tsplib/kroA150.tsp,polyak-smoothed-dynamic,975,polyak-smoothed-dynamic,975,26271.807630849158,26271.807630849158,26524
/Users/a/Ayanami/code/TSP/data/classic/tsplib/kroA150.tsp,polyak-smoothed-dynamic,976,polyak-smoothed-dynamic,976,26271.804925613811,26271.807630849158,26524
/Users/a/Ayanami/code/TSP/data/classic/tsplib/kroA150.tsp,polyak-smoothed-dynamic,977,polyak-smoothed-dynamic,977,26271.807331586515,26271.807630849158,26524
/Users/a/Ayanami/code/TSP/data/classic/tsplib/kroA150.tsp,polyak-smoothed-dynamic,978,polyak-smoothed-dynamic,978,26271.805795828415,26271.807630849158,26524
/Users/a/Ayanami/code/TSP/data/classic/tsplib/kroA150.tsp,polyak-smoothed-dynamic,979,polyak-smoothed-dynamic,979,26271.806717705553,26271.807630849158,26524
/Users/a/Ayanami/code/TSP/data/classic/tsplib/kroA150.tsp,polyak-smoothed-dynamic,980,polyak-smoothed-dynamic,980,26271.806040967189,26271.807630849158,26524
/Users/a/Ayanami/code/TSP/data/classic/tsplib/kroA150.tsp,polyak-smoothed-dynamic,981,polyak-smoothed-dynamic,981,26271.806361696275,26271.807630849158,26524
/Users/a/Ayanami/code/TSP/data/classic/tsplib/kroA150.tsp,polyak-smoothed-dynamic,982,polyak-smoothed-dynamic,982,26271.80825514485,26271.80825514485,26524
/Users/a/Ayanami/code/TSP/data/classic/tsplib/kroA150.tsp,polyak-smoothed-dynamic,983,polyak-smoothed-dynamic,983,26271.805933030562,26271.80825514485,26524
/Users/a/Ayanami/code/TSP/data/classic/tsplib/kroA150.tsp,polyak-smoothed-dynamic,984,polyak-smoothed-dynamic,984,26271.807446080886,26271.80825514485,26524
/Users/a/Ayanami/code/TSP/data/classic/tsplib/kroA150.tsp,polyak-smoothed-dynamic,985,polyak-smoothed-dynamic,985,26271.805377901892,26271.80825514485,26524
/Users/a/Ayanami/code/TSP/data/classic/tsplib/kroA150.tsp,polyak-smoothed-dynamic,986,polyak-smoothed-dynamic,986,26271.806166382317,26271.80825514485,26524
/Users/a/Ayanami/code/TSP/data/classic/tsplib/kroA150.tsp,polyak-smoothed-dynamic,987,polyak-smoothed-dynamic,987,26271.808174567726,26271.80825514485,26524
/Users/a/Ayanami/code/TSP/data/classic/tsplib/kroA150.tsp,polyak-smoothed-dynamic,988,polyak-smoothed-dynamic,988,26271.806099123096,26271.80825514485,26524
/Users/a/Ayanami/code/TSP/data/classic/tsplib/kroA150.tsp,polyak-smoothed-dynamic,989,polyak-smoothed-dynamic,989,26271.80743583486,26271.80825514485,26524
/Users/a/Ayanami/code/TSP/data/classic/tsplib/kroA150.tsp,polyak-smoothed-dynamic,990,polyak-smoothed-dynamic,990,26271.806169653704,26271.80825514485,26524
/Users/a/Ayanami/code/TSP/data/classic/tsplib/kroA150.tsp,polyak-smoothed-dynamic,991,polyak-smoothed-dynamic,991,26271.806154887479,26271.80825514485,26524
/Users/a/Ayanami/code/TSP/data/classic/tsplib/kroA150.tsp,polyak-smoothed-dynamic,992,polyak-smoothed-dynamic,992,26271.806973302733,26271.80825514485,26524
/Users/a/Ayanami/code/TSP/data/classic/tsplib/kroA150.tsp,polyak-smoothed-dynamic,993,polyak-smoothed-dynamic,993,26271.808028073061,26271.80825514485,26524
/Users/a/Ayanami/code/TSP/data/classic/tsplib/kroA150.tsp,polyak-smoothed-dynamic,994,polyak-smoothed-dynamic,994,26271.807328128922,26271.80825514485,26524
