instance,strategy,iteration,phase,phase_iteration,lower_bound,best_lower_bound,concorde_optimum
/Users/a/Ayanami/code/TSP/data/classic/tsplib/gr120.tsp,polyak,1,polyak,1,5875,5875,6942
/Users/a/Ayanami/code/TSP/data/classic/tsplib/gr120.tsp,polyak,2,polyak,2,5070.5121951219517,5875,6942
/Users/a/Ayanami/code/TSP/data/classic/tsplib/gr120.tsp,polyak,3,polyak,3,5600.9004434589806,5875,6942
/Users/a/Ayanami/code/TSP/data/classic/tsplib/gr120.tsp,polyak,4,polyak,4,5643.6395642533498,5875,6942
/Users/a/Ayanami/code/TSP/data/classic/tsplib/gr120.tsp,polyak,5,polyak,5,5525.2875466318455,5875,6942
/Users/a/Ayanami/code/TSP/data/classic/tsplib/gr120.tsp,polyak,6,polyak,6,5773.2805482103413,5875,6942
/Users/a/Ayanami/code/TSP/data/classic/tsplib/gr120.tsp,polyak,7,polyak,7,5767.9503989372452,5875,6942
/Users/a/Ayanami/code/TSP/data/classic/tsplib/gr120.tsp,polyak,8,polyak,8,6030.6827968196567,6030.6827968196567,6942
/Users/a/Ayanami/code/TSP/data/classic/tsplib/gr120.tsp,polyak,9,polyak,9,6098.4521171323258,6098.4521171323258,6942
/Users/a/Ayanami/code/TSP/data/classic/tsplib/gr120.tsp,polyak,10,polyak,10,5916.1297434604166,6098.4521171323258,6942
/Users/a/Ayanami/code/TSP/data/classic/tsplib/gr120.tsp,polyak,11,polyak,11,6231.5988803283608,6231.5988803283608,6942
/Users/a/Ayanami/code/TSP/data/classic/tsplib/gr120.tsp,polyak,12,polyak,12,6332.3967390229363,6332.3967390229363,6942
/Users/a/Ayanami/code/TSP/data/classic/tsplib/gr120.tsp,polyak,13,polyak,13,6378.4838606773646,6378.4838606773646,6942
/Users/a/Ayanami/code/TSP/data/classic/tsplib/gr120.tsp,polyak,14,polyak,14,6233.3834585459617,6378.4838606773646,6942
/Users/a/Ayanami/code/TSP/data/classic/tsplib/gr120.tsp,polyak,15,polyak,15,6288.9660045942801,6378.4838606773646,6942
/Users/a/Ayanami/code/TSP/data/classic/tsplib/gr120.tsp,polyak,16,polyak,16,6223.1963736851403,6378.4838606773646,6942
/Users/a/Ayanami/code/TSP/data/classic/tsplib/gr120.tsp,polyak,17,polyak,17,6130.7253237416962,6378.4838606773646,6942
/Users/a/Ayanami/code/TSP/data/classic/tsplib/gr120.tsp,polyak,18,polyak,18,6137.3082958183168,6378.4838606773646,6942
/Users/a/Ayanami/code/TSP/data/classic/tsplib/gr120.tsp,polyak,19,polyak,19,6114.3506322601252,6378.4838606773646,6942
/Users/a/Ayanami/code/TSP/data/classic/tsplib/gr120.tsp,polyak,20,polyak,20,6274.3743677332141,6378.4838606773646,6942
/Users/a/Ayanami/code/TSP/data/classic/tsplib/gr120.tsp,polyak,21,polyak,21,6184.2796959934958,6378.4838606773646,6942
/Users/a/Ayanami/code/TSP/data/classic/tsplib/gr120.tsp,polyak,22,polyak,22,6265.562001546411,6378.4838606773646,6942
/Users/a/Ayanami/code/TSP/data/classic/tsplib/gr120.tsp,polyak,23,polyak,23,6178.1058291432919,6378.4838606773646,6942
/Users/a/Ayanami/code/TSP/data/classic/tsplib/gr120.tsp,polyak,24,polyak,24,6090.0916238443015,6378.4838606773646,6942
/Users/a/Ayanami/code/TSP/data/classic/tsplib/gr120.tsp,polyak,25,polyak,25,6095.2976125976566,6378.4838606773646,6942
/Users/a/Ayanami/code/TSP/data/classic/tsplib/gr120.tsp,polyak,26,polyak,26,6130.5296952822082,6378.4838606773646,6942
/Users/a/Ayanami/code/TSP/data/classic/tsplib/gr120.tsp,polyak,27,polyak,27,6520.5145259948149,6520.5145259948149,6942
/Users/a/Ayanami/code/TSP/data/classic/tsplib/gr120.tsp,polyak,28,polyak,28,6653.762627129011,6653.762627129011,6942
/Users/a/Ayanami/code/TSP/data/classic/tsplib/gr120.tsp,polyak,29,polyak,29,6718.6111829288666,6718.6111829288666,6942
/Users/a/Ayanami/code/TSP/data/classic/tsplib/gr120.tsp,polyak,30,polyak,30,6728.8209484402278,6728.8209484402278,6942
/Users/a/Ayanami/code/TSP/data/classic/tsplib/gr120.tsp,polyak,31,polyak,31,6738.6642897339188,6738.6642897339188,6942
/Users/a/Ayanami/code/TSP/data/classic/tsplib/gr120.tsp,polyak,32,polyak,32,6743.8725879489912,6743.8725879489912,6942
/Users/a/Ayanami/code/TSP/data/classic/tsplib/gr120.tsp,polyak,33,polyak,33,6717.4152131130031,6743.8725879489912,6942
/Users/a/Ayanami/code/TSP/data/classic/tsplib/gr120.tsp,polyak,34,polyak,34,6731.6687548740983,6743.8725879489912,6942
/Users/a/Ayanami/code/TSP/data/classic/tsplib/gr120.tsp,polyak,35,polyak,35,6752.3683703823681,6752.3683703823681,6942
/Users/a/Ayanami/code/TSP/data/classic/tsplib/gr120.tsp,polyak,36,polyak,36,6764.8851801694564,6764.8851801694564,6942
/Users/a/Ayanami/code/TSP/data/classic/tsplib/gr120.tsp,polyak,37,polyak,37,6730.2259956165244,6764.8851801694564,6942
/Users/a/Ayanami/code/TSP/data/classic/tsplib/gr120.tsp,polyak,38,polyak,38,6765.6312491272238,6765.6312491272238,6942
/Users/a/Ayanami/code/TSP/data/classic/tsplib/gr120.tsp,polyak,39,polyak,39,6743.3816100314734,6765.6312491272238,6942
/Users/a/Ayanami/code/TSP/data/classic/tsplib/gr120.tsp,polyak,40,polyak,40,6751.2875047092566,6765.6312491272238,6942
/Users/a/Ayanami/code/TSP/data/classic/tsplib/gr120.tsp,polyak,41,polyak,41,6768.848325748595,6768.848325748595,6942
/Users/a/Ayanami/code/TSP/data/classic/tsplib/gr120.tsp,polyak,42,polyak,42,6778.2241454130044,6778.2241454130044,6942
/Users/a/Ayanami/code/TSP/data/classic/tsplib/gr120.tsp,polyak,43,polyak,43,6754.8691105028765,6778.2241454130044,6942
/Users/a/Ayanami/code/TSP/data/classic/tsplib/gr120.tsp,polyak,44,polyak,44,6766.0683688405579,6778.2241454130044,6942
/Users/a/Ayanami/code/TSP/data/classic/tsplib/gr120.tsp,polyak,45,polyak,45,6764.4811364548113,6778.2241454130044,6942
/Users/a/Ayanami/code/TSP/data/classic/tsplib/gr120.tsp,polyak,46,polyak,46,6748.6561169023962,6778.2241454130044,6942
/Users/a/Ayanami/code/TSP/data/classic/tsplib/gr120.tsp,polyak,47,polyak,47,6793.8991120882101,6793.8991120882101,6942
/Users/a/Ayanami/code/TSP/data/classic/tsplib/gr120.tsp,polyak,48,polyak,48,6731.6208987593491,6793.8991120882101,6942
/Users/a/Ayanami/code/TSP/data/classic/tsplib/gr120.tsp,polyak,49,polyak,49,6749.7257777589866,6793.8991120882101,6942
/Users/a/Ayanami/code/TSP/data/classic/tsplib/gr120.tsp,polyak,50,polyak,50,6797.0926735145131,6797.0926735145131,6942
/Users/a/Ayanami/code/TSP/data/classic/tsplib/gr120.tsp,polyak,51,polyak,51,6749.3529041003776,6797.0926735145131,6942
/Users/a/Ayanami/code/TSP/data/classic/tsplib/gr120.tsp,polyak,52,polyak,52,6735.1025161274692,6797.0926735145131,6942
/Users/a/Ayanami/code/TSP/data/classic/tsplib/gr120.tsp,polyak,53,polyak,53,6755.8732437676845,6797.0926735145131,6942
/Users/a/Ayanami/code/TSP/data/classic/tsplib/gr120.tsp,polyak,54,polyak,54,6775.7488937777844,6797.0926735145131,6942
/Users/a/Ayanami/code/TSP/data/classic/tsplib/gr120.tsp,polyak,55,polyak,55,6727.4005350149855,6797.0926735145131,6942
/Users/a/Ayanami/code/TSP/data/classic/tsplib/gr120.tsp,polyak,56,polyak,56,6775.50417710084,6797.0926735145131,6942
/Users/a/Ayanami/code/TSP/data/classic/tsplib/gr120.tsp,polyak,57,polyak,57,6743.4066048723507,6797.0926735145131,6942
/Users/a/Ayanami/code/TSP/data/classic/tsplib/gr120.tsp,polyak,58,polyak,58,6789.9927791191049,6797.0926735145131,6942
/Users/a/Ayanami/code/TSP/data/classic/tsplib/gr120.tsp,polyak,59,polyak,59,6739.2161882810078,6797.0926735145131,6942
/Users/a/Ayanami/code/TSP/data/classic/tsplib/gr120.tsp,polyak,60,polyak,60,6758.1409579218389,6797.0926735145131,6942
/Users/a/Ayanami/code/TSP/data/classic/tsplib/gr120.tsp,polyak,61,polyak,61,6762.5453902146173,6797.0926735145131,6942
/Users/a/Ayanami/code/TSP/data/classic/tsplib/gr120.tsp,polyak,62,polyak,62,6754.4928453826205,6797.0926735145131,6942
/Users/a/Ayanami/code/TSP/data/classic/tsplib/gr120.tsp,polyak,63,polyak,63,6759.0515432405109,6797.0926735145131,6942
/Users/a/Ayanami/code/TSP/data/classic/tsplib/gr120.tsp,polyak,64,polyak,64,6839.5196892650201,6839.5196892650201,6942
/Users/a/Ayanami/code/TSP/data/classic/tsplib/gr120.tsp,polyak,65,polyak,65,6842.9968992823042,6842.9968992823042,6942
/Users/a/Ayanami/code/TSP/data/classic/tsplib/gr120.tsp,polyak,66,polyak,66,6852.7567241012939,6852.7567241012939,6942
/Users/a/Ayanami/code/TSP/data/classic/tsplib/gr120.tsp,polyak,67,polyak,67,6849.7382677212236,6852.7567241012939,6942
/Users/a/Ayanami/code/TSP/data/classic/tsplib/gr120.tsp,polyak,68,polyak,68,6857.0270205442175,6857.0270205442175,6942
/Users/a/Ayanami/code/TSP/data/classic/tsplib/gr120.tsp,polyak,69,polyak,69,6850.3645752052889,6857.0270205442175,6942
/Users/a/Ayanami/code/TSP/data/classic/tsplib/gr120.tsp,polyak,70,polyak,70,6857.459002526135,6857.459002526135,6942
/Users/a/Ayanami/code/TSP/data/classic/tsplib/gr120.tsp,polyak,71,polyak,71,6853.7105122818193,6857.459002526135,6942
/Users/a/Ayanami/code/TSP/data/classic/tsplib/gr120.tsp,polyak,72,polyak,72,6854.3132842602326,6857.459002526135,6942
/Users/a/Ayanami/code/TSP/data/classic/tsplib/gr120.tsp,polyak,73,polyak,73,6847.0728180923952,6857.459002526135,6942
/Users/a/Ayanami/code/TSP/data/classic/tsplib/gr120.tsp,polyak,74,polyak,74,6854.2385738273788,6857.459002526135,6942
/Users/a/Ayanami/code/TSP/data/classic/tsplib/gr120.tsp,polyak,75,polyak,75,6863.289092050295,6863.289092050295,6942
/Users/a/Ayanami/code/TSP/data/classic/tsplib/gr120.tsp,polyak,76,polyak,76,6852.0806523893298,6863.289092050295,6942
/Users/a/Ayanami/code/TSP/data/classic/tsplib/gr120.tsp,polyak,77,polyak,77,6859.9755531211931,6863.289092050295,6942
/Users/a/Ayanami/code/TSP/data/classic/tsplib/gr120.tsp,polyak,78,polyak,78,6845.1189770016763,6863.289092050295,6942
/Users/a/Ayanami/code/TSP/data/classic/tsplib/gr120.tsp,polyak,79,polyak,79,6853.4135822735016,6863.289092050295,6942
/Users/a/Ayanami/code/TSP/data/classic/tsplib/gr120.tsp,polyak,80,polyak,80,6872.0302996516684,6872.0302996516684,6942
/Users/a/Ayanami/code/TSP/data/classic/tsplib/gr120.tsp,polyak,81,polyak,81,6851.5405341669493,6872.0302996516684,6942
/Users/a/Ayanami/code/TSP/data/classic/tsplib/gr120.tsp,polyak,82,polyak,82,6866.5913517473427,6872.0302996516684,6942
/Users/a/Ayanami/code/TSP/data/classic/tsplib/gr120.tsp,polyak,83,polyak,83,6843.3735886637915,6872.0302996516684,6942
/Users/a/Ayanami/code/TSP/data/classic/tsplib/gr120.tsp,polyak,84,polyak,84,6866.8682970419359,6872.0302996516684,6942
/Users/a/Ayanami/code/TSP/data/classic/tsplib/gr120.tsp,polyak,85,polyak,85,6841.6898055352813,6872.0302996516684,6942
/Users/a/Ayanami/code/TSP/data/classic/tsplib/gr120.tsp,polyak,86,polyak,86,6861.7501736350532,6872.0302996516684,6942
/Users/a/Ayanami/code/TSP/data/classic/tsplib/gr120.tsp,polyak,87,polyak,87,6853.3288274962688,6872.0302996516684,6942
/Users/a/Ayanami/code/TSP/data/classic/tsplib/gr120.tsp,polyak,88,polyak,88,6861.3716083584995,6872.0302996516684,6942
/Users/a/Ayanami/code/TSP/data/classic/tsplib/gr120.tsp,polyak,89,polyak,89,6858.2618239419153,6872.0302996516684,6942
/Users/a/Ayanami/code/TSP/data/classic/tsplib/gr120.tsp,polyak,90,polyak,90,6853.2451788035241,6872.0302996516684,6942
/Users/a/Ayanami/code/TSP/data/classic/tsplib/gr120.tsp,polyak,91,polyak,91,6848.0002926525403,6872.0302996516684,6942
/Users/a/Ayanami/code/TSP/data/classic/tsplib/gr120.tsp,polyak,92,polyak,92,6862.5466471999862,6872.0302996516684,6942
/Users/a/Ayanami/code/TSP/data/classic/tsplib/gr120.tsp,polyak,93,polyak,93,6846.4854408449619,6872.0302996516684,6942
/Users/a/Ayanami/code/TSP/data/classic/tsplib/gr120.tsp,polyak,94,polyak,94,6883.8164865642138,6883.8164865642138,6942
/Users/a/Ayanami/code/TSP/data/classic/tsplib/gr120.tsp,polyak,95,polyak,95,6878.5197366378206,6883.8164865642138,6942
/Users/a/Ayanami/code/TSP/data/classic/tsplib/gr120.tsp,polyak,96,polyak,96,6885.8996487694712,6885.8996487694712,6942
/Users/a/Ayanami/code/TSP/data/classic/tsplib/gr120.tsp,polyak,97,polyak,97,6884.1552008671642,6885.8996487694712,6942
/Users/a/Ayanami/code/TSP/data/classic/tsplib/gr120.tsp,polyak,98,polyak,98,6885.6575715043427,6885.8996487694712,6942
/Users/a/Ayanami/code/TSP/data/classic/tsplib/gr120.tsp,polyak,99,polyak,99,6883.2770072829353,6885.8996487694712,6942
/Users/a/Ayanami/code/TSP/data/classic/tsplib/gr120.tsp,polyak,100,polyak,100,6891.9875314833371,6891.9875314833371,6942
/Users/a/Ayanami/code/TSP/data/classic/tsplib/gr120.tsp,polyak,101,polyak,101,6878.3694668174785,6891.9875314833371,6942
/Users/a/Ayanami/code/TSP/data/classic/tsplib/gr120.tsp,polyak,102,polyak,102,6889.4659731821521,6891.9875314833371,6942
/Users/a/Ayanami/code/TSP/data/classic/tsplib/gr120.tsp,polyak,103,polyak,103,6883.2434743421636,6891.9875314833371,6942
/Users/a/Ayanami/code/TSP/data/classic/tsplib/gr120.tsp,polyak,104,polyak,104,6880.4933536552344,6891.9875314833371,6942
/Users/a/Ayanami/code/TSP/data/classic/tsplib/gr120.tsp,polyak,105,polyak,105,6887.6706685420841,6891.9875314833371,6942
/Users/a/Ayanami/code/TSP/data/classic/tsplib/gr120.tsp,polyak,106,polyak,106,6878.3544059300903,6891.9875314833371,6942
/Users/a/Ayanami/code/TSP/data/classic/tsplib/gr120.tsp,polyak,107,polyak,107,6893.0144435900911,6893.0144435900911,6942
/Users/a/Ayanami/code/TSP/data/classic/tsplib/gr120.tsp,polyak,108,polyak,108,6873.7076323617193,6893.0144435900911,6942
/Users/a/Ayanami/code/TSP/data/classic/tsplib/gr120.tsp,polyak,109,polyak,109,6893.5032184537131,6893.5032184537131,6942
/Users/a/Ayanami/code/TSP/data/classic/tsplib/gr120.tsp,polyak,110,polyak,110,6872.5641670093055,6893.5032184537131,6942
/Users/a/Ayanami/code/TSP/data/classic/tsplib/gr120.tsp,polyak,111,polyak,111,6888.1251576755421,6893.5032184537131,6942
/Users/a/Ayanami/code/TSP/data/classic/tsplib/gr120.tsp,polyak,112,polyak,112,6884.1423640417706,6893.5032184537131,6942
/Users/a/Ayanami/code/TSP/data/classic/tsplib/gr120.tsp,polyak,113,polyak,113,6885.261744117026,6893.5032184537131,6942
/Users/a/Ayanami/code/TSP/data/classic/tsplib/gr120.tsp,polyak,114,polyak,114,6884.9732257081341,6893.5032184537131,6942
/Users/a/Ayanami/code/TSP/data/classic/tsplib/gr120.tsp,polyak,115,polyak,115,6883.4170260694282,6893.5032184537131,6942
/Users/a/Ayanami/code/TSP/data/classic/tsplib/gr120.tsp,polyak,116,polyak,116,6886.5992830886253,6893.5032184537131,6942
/Users/a/Ayanami/code/TSP/data/classic/tsplib/gr120.tsp,polyak,117,polyak,117,6884.4105125545229,6893.5032184537131,6942
/Users/a/Ayanami/code/TSP/data/classic/tsplib/gr120.tsp,polyak,118,polyak,118,6883.034987607145,6893.5032184537131,6942
/Users/a/Ayanami/code/TSP/data/classic/tsplib/gr120.tsp,polyak,119,polyak,119,6890.4639920898571,6893.5032184537131,6942
/Users/a/Ayanami/code/TSP/data/classic/tsplib/gr120.tsp,polyak,120,polyak,120,6879.3912842907548,6893.5032184537131,6942
/Users/a/Ayanami/code/TSP/data/classic/tsplib/gr120.tsp,polyak,121,polyak,121,6888.8257377039845,6893.5032184537131,6942
/Users/a/Ayanami/code/TSP/data/classic/tsplib/gr120.tsp,polyak,122,polyak,122,6877.1303623708463,6893.5032184537131,6942
/Users/a/Ayanami/code/TSP/data/classic/tsplib/gr120.tsp,polyak,123,polyak,123,6895.9575315767797,6895.9575315767797,6942
/Users/a/Ayanami/code/TSP/data/classic/tsplib/gr120.tsp,polyak,124,polyak,124,6895.0934576306136,6895.9575315767797,6942
/Users/a/Ayanami/code/TSP/data/classic/tsplib/gr120.tsp,polyak,125,polyak,125,6897.6568629389139,6897.6568629389139,6942
/Users/a/Ayanami/code/TSP/data/classic/tsplib/gr120.tsp,polyak,126,polyak,126,6900.363523288398,6900.363523288398,6942
/Users/a/Ayanami/code/TSP/data/classic/tsplib/gr120.tsp,polyak,127,polyak,127,6897.9726800769986,6900.363523288398,6942
/Users/a/Ayanami/code/TSP/data/classic/tsplib/gr120.tsp,polyak,128,polyak,128,6898.5088549457596,6900.363523288398,6942
/Users/a/Ayanami/code/TSP/data/classic/tsplib/gr120.tsp,polyak,129,polyak,129,6896.97507217371,6900.363523288398,6942
/Users/a/Ayanami/code/TSP/data/classic/tsplib/gr120.tsp,polyak,130,polyak,130,6901.3927201625438,6901.3927201625438,6942
/Users/a/Ayanami/code/TSP/data/classic/tsplib/gr120.tsp,polyak,131,polyak,131,6898.4441049662992,6901.3927201625438,6942
/Users/a/Ayanami/code/TSP/data/classic/tsplib/gr120.tsp,polyak,132,polyak,132,6898.4343580847808,6901.3927201625438,6942
/Users/a/Ayanami/code/TSP/data/classic/tsplib/gr120.tsp,polyak,133,polyak,133,6899.8967448895437,6901.3927201625438,6942
/Users/a/Ayanami/code/TSP/data/classic/tsplib/gr120.tsp,polyak,134,polyak,134,6900.2590771407049,6901.3927201625438,6942
/Users/a/Ayanami/code/TSP/data/classic/tsplib/gr120.tsp,polyak,135,polyak,135,6896.364046054523,6901.3927201625438,6942
/Users/a/Ayanami/code/TSP/data/classic/tsplib/gr120.tsp,polyak,136,polyak,136,6901.3153017997192,6901.3927201625438,6942
/Users/a/Ayanami/code/TSP/data/classic/tsplib/gr120.tsp,polyak,137,polyak,137,6897.5857720289105,6901.3927201625438,6942
/Users/a/Ayanami/code/TSP/data/classic/tsplib/gr120.tsp,polyak,138,polyak,138,6900.8432547554376,6901.3927201625438,6942
/Users/a/Ayanami/code/TSP/data/classic/tsplib/gr120.tsp,polyak,139,polyak,139,6898.6468020924049,6901.3927201625438,6942
/Users/a/Ayanami/code/TSP/data/classic/tsplib/gr120.tsp,polyak,140,polyak,140,6897.3748045680686,6901.3927201625438,6942
/Users/a/Ayanami/code/TSP/data/classic/tsplib/gr120.tsp,polyak,141,polyak,141,6900.9881212751498,6901.3927201625438,6942
/Users/a/Ayanami/code/TSP/data/classic/tsplib/gr120.tsp,polyak,142,polyak,142,6894.7964160897463,6901.3927201625438,6942
/Users/a/Ayanami/code/TSP/data/classic/tsplib/gr120.tsp,polyak,143,polyak,143,6899.9363664169177,6901.3927201625438,6942
/Users/a/Ayanami/code/TSP/data/classic/tsplib/gr120.tsp,polyak,144,polyak,144,6903.5230157950073,6903.5230157950073,6942
/Users/a/Ayanami/code/TSP/data/classic/tsplib/gr120.tsp,polyak,145,polyak,145,6903.7525875189049,6903.7525875189049,6942
/Users/a/Ayanami/code/TSP/data/classic/tsplib/gr120.tsp,polyak,146,polyak,146,6904.691510996111,6904.691510996111,6942
/Users/a/Ayanami/code/TSP/data/classic/tsplib/gr120.tsp,polyak,147,polyak,147,6904.3349002924915,6904.691510996111,6942
/Users/a/Ayanami/code/TSP/data/classic/tsplib/gr120.tsp,polyak,148,polyak,148,6905.6477827338113,6905.6477827338113,6942
/Users/a/Ayanami/code/TSP/data/classic/tsplib/gr120.tsp,polyak,149,polyak,149,6903.3950645867717,6905.6477827338113,6942
/Users/a/Ayanami/code/TSP/data/classic/tsplib/gr120.tsp,polyak,150,polyak,150,6904.950216117024,6905.6477827338113,6942
/Users/a/Ayanami/code/TSP/data/classic/tsplib/gr120.tsp,polyak,151,polyak,151,6904.3764961355828,6905.6477827338113,6942
/Users/a/Ayanami/code/TSP/data/classic/tsplib/gr120.tsp,polyak,152,polyak,152,6905.4881327354851,6905.6477827338113,6942
/Users/a/Ayanami/code/TSP/data/classic/tsplib/gr120.tsp,polyak,153,polyak,153,6904.2183888808131,6905.6477827338113,6942
/Users/a/Ayanami/code/TSP/data/classic/tsplib/gr120.tsp,polyak,154,polyak,154,6905.8642788325815,6905.8642788325815,6942
/Users/a/Ayanami/code/TSP/data/classic/tsplib/gr120.tsp,polyak,155,polyak,155,6903.4662030554719,6905.8642788325815,6942
/Users/a/Ayanami/code/TSP/data/classic/tsplib/gr120.tsp,polyak,156,polyak,156,6905.781519045082,6905.8642788325815,6942
/Users/a/Ayanami/code/TSP/data/classic/tsplib/gr120.tsp,polyak,157,polyak,157,6904.926271066297,6905.8642788325815,6942
/Users/a/Ayanami/code/TSP/data/classic/tsplib/gr120.tsp,polyak,158,polyak,158,6905.2957568768425,6905.8642788325815,6942
/Users/a/Ayanami/code/TSP/data/classic/tsplib/gr120.tsp,polyak,159,polyak,159,6904.5644016811511,6905.8642788325815,6942
/Users/a/Ayanami/code/TSP/data/classic/tsplib/gr120.tsp,polyak,160,polyak,160,6906.1013907281767,6906.1013907281767,6942
/Users/a/Ayanami/code/TSP/data/classic/tsplib/gr120.tsp,polyak,161,polyak,161,6905.0877916987838,6906.1013907281767,6942
/Users/a/Ayanami/code/TSP/data/classic/tsplib/gr120.tsp,polyak,162,polyak,162,6906.3927302288375,6906.3927302288375,6942
/Users/a/Ayanami/code/TSP/data/classic/tsplib/gr120.tsp,polyak,163,polyak,163,6903.889902424331,6906.3927302288375,6942
/Users/a/Ayanami/code/TSP/data/classic/tsplib/gr120.tsp,polyak,164,polyak,164,6907.0212808042288,6907.0212808042288,6942
/Users/a/Ayanami/code/TSP/data/classic/tsplib/gr120.tsp,polyak,165,polyak,165,6903.1589158111692,6907.0212808042288,6942
/Users/a/Ayanami/code/TSP/data/classic/tsplib/gr120.tsp,polyak,166,polyak,166,6906.0351094599273,6907.0212808042288,6942
/Users/a/Ayanami/code/TSP/data/classic/tsplib/gr120.tsp,polyak,167,polyak,167,6905.5974821435275,6907.0212808042288,6942
/Users/a/Ayanami/code/TSP/data/classic/tsplib/gr120.tsp,polyak,168,polyak,168,6905.0969925248855,6907.0212808042288,6942
/Users/a/Ayanami/code/TSP/data/classic/tsplib/gr120.tsp,polyak,169,polyak,169,6905.6784878378776,6907.0212808042288,6942
/Users/a/Ayanami/code/TSP/data/classic/tsplib/gr120.tsp,polyak,170,polyak,170,6902.6634788375259,6907.0212808042288,6942
/Users/a/Ayanami/code/TSP/data/classic/tsplib/gr120.tsp,polyak,171,polyak,171,6908.2192225382278,6908.2192225382278,6942
/Users/a/Ayanami/code/TSP/data/classic/tsplib/gr120.tsp,polyak,172,polyak,172,6902.4120170681554,6908.2192225382278,6942
/Users/a/Ayanami/code/TSP/data/classic/tsplib/gr120.tsp,polyak,173,polyak,173,6908.2423855587685,6908.2423855587685,6942
/Users/a/Ayanami/code/TSP/data/classic/tsplib/gr120.tsp,polyak,174,polyak,174,6903.0093216088189,6908.2423855587685,6942
/Users/a/Ayanami/code/TSP/data/classic/tsplib/gr120.tsp,polyak,175,polyak,175,6906.5692254527694,6908.2423855587685,6942
/Users/a/Ayanami/code/TSP/data/classic/tsplib/gr120.tsp,polyak,176,polyak,176,6905.4218165681632,6908.2423855587685,6942
/Users/a/Ayanami/code/TSP/data/classic/tsplib/gr120.tsp,polyak,177,polyak,177,6904.9744208577413,6908.2423855587685,6942
/Users/a/Ayanami/code/TSP/data/classic/tsplib/gr120.tsp,polyak,178,polyak,178,6906.4525563262687,6908.2423855587685,6942
/Users/a/Ayanami/code/TSP/data/classic/tsplib/gr120.tsp,polyak,179,polyak,179,6903.9871082703794,6908.2423855587685,6942
/Users/a/Ayanami/code/TSP/data/classic/tsplib/gr120.tsp,polyak,180,polyak,180,6906.704580707079,6908.2423855587685,6942
/Users/a/Ayanami/code/TSP/data/classic/tsplib/gr120.tsp,polyak,181,polyak,181,6903.8870174639378,6908.2423855587685,6942
/Users/a/Ayanami/code/TSP/data/classic/tsplib/gr120.tsp,polyak,182,polyak,182,6905.2423115701558,6908.2423855587685,6942
/Users/a/Ayanami/code/TSP/data/classic/tsplib/gr120.tsp,polyak,183,polyak,183,6905.0203831765457,6908.2423855587685,6942
/Users/a/Ayanami/code/TSP/data/classic/tsplib/gr120.tsp,polyak,184,polyak,184,6904.931373905838,6908.2423855587685,6942
/Users/a/Ayanami/code/TSP/data/classic/tsplib/gr120.tsp,polyak,185,polyak,185,6905.8439758206341,6908.2423855587685,6942
/Users/a/Ayanami/code/TSP/data/classic/tsplib/gr120.tsp,polyak,186,polyak,186,6903.637028200098,6908.2423855587685,6942
/Users/a/Ayanami/code/TSP/data/classic/tsplib/gr120.tsp,polyak,187,polyak,187,6908.0050073079201,6908.2423855587685,6942
/Users/a/Ayanami/code/TSP/data/classic/tsplib/gr120.tsp,polyak,188,polyak,188,6907.1283690280479,6908.2423855587685,6942
/Users/a/Ayanami/code/TSP/data/classic/tsplib/gr120.tsp,polyak,189,polyak,189,6908.1839695252556,6908.2423855587685,6942
/Users/a/Ayanami/code/TSP/data/classic/tsplib/gr120.tsp,polyak,190,polyak,190,6907.317356161212,6908.2423855587685,6942
/Users/a/Ayanami/code/TSP/data/classic/tsplib/gr120.tsp,polyak,191,polyak,191,6908.9851616418273,6908.9851616418273,6942
/Users/a/Ayanami/code/TSP/data/classic/tsplib/gr120.tsp,polyak,192,polyak,192,6906.3401854705698,6908.9851616418273,6942
/Users/a/Ayanami/code/TSP/data/classic/tsplib/gr120.tsp,polyak,193,polyak,193,6909.4260561034826,6909.4260561034826,6942
/Users/a/Ayanami/code/TSP/data/classic/tsplib/gr120.tsp,polyak,194,polyak,194,6906.7407312692558,6909.4260561034826,6942
/Users/a/Ayanami/code/TSP/data/classic/tsplib/gr120.tsp,polyak,195,polyak,195,6908.9362881248526,6909.4260561034826,6942
/Users/a/Ayanami/code/TSP/data/classic/tsplib/gr120.tsp,polyak,196,polyak,196,6906.9733528548722,6909.4260561034826,6942
/Users/a/Ayanami/code/TSP/data/classic/tsplib/gr120.tsp,polyak,197,polyak,197,6909.2607114169532,6909.4260561034826,6942
/Users/a/Ayanami/code/TSP/data/classic/tsplib/gr120.tsp,polyak,198,polyak,198,6906.7043446990274,6909.4260561034826,6942
/Users/a/Ayanami/code/TSP/data/classic/tsplib/gr120.tsp,polyak,199,polyak,199,6908.5024236679001,6909.4260561034826,6942
/Users/a/Ayanami/code/TSP/data/classic/tsplib/gr120.tsp,polyak,200,polyak,200,6908.5518342509677,6909.4260561034826,6942
/Users/a/Ayanami/code/TSP/data/classic/tsplib/gr120.tsp,polyak,201,polyak,201,6908.2457802221097,6909.4260561034826,6942
/Users/a/Ayanami/code/TSP/data/classic/tsplib/gr120.tsp,polyak,202,polyak,202,6907.8718517072593,6909.4260561034826,6942
/Users/a/Ayanami/code/TSP/data/classic/tsplib/gr120.tsp,polyak,203,polyak,203,6908.0530323565126,6909.4260561034826,6942
/Users/a/Ayanami/code/TSP/data/classic/tsplib/gr120.tsp,polyak,204,polyak,204,6908.2820972283707,6909.4260561034826,6942
/Users/a/Ayanami/code/TSP/data/classic/tsplib/gr120.tsp,polyak,205,polyak,205,6908.267794944406,6909.4260561034826,6942
/Users/a/Ayanami/code/TSP/data/classic/tsplib/gr120.tsp,polyak,206,polyak,206,6908.1520123219316,6909.4260561034826,6942
/Users/a/Ayanami/code/TSP/data/classic/tsplib/gr120.tsp,polyak,207,polyak,207,6909.7829512186645,6909.7829512186645,6942
/Users/a/Ayanami/code/TSP/data/classic/tsplib/gr120.tsp,polyak,208,polyak,208,6909.4385919546503,6909.7829512186645,6942
/Users/a/Ayanami/code/TSP/data/classic/tsplib/gr120.tsp,polyak,209,polyak,209,6909.4307140337532,6909.7829512186645,6942
/Users/a/Ayanami/code/TSP/data/classic/tsplib/gr120.tsp,polyak,210,polyak,210,6909.7319286285338,6909.7829512186645,6942
/Users/a/Ayanami/code/TSP/data/classic/tsplib/gr120.tsp,polyak,211,polyak,211,6909.247239524112,6909.7829512186645,6942
/Users/a/Ayanami/code/TSP/data/classic/tsplib/gr120.tsp,polyak,212,polyak,212,6910.1296683133796,6910.1296683133796,6942
/Users/a/Ayanami/code/TSP/data/classic/tsplib/gr120.tsp,polyak,213,polyak,213,6909.2379464309734,6910.1296683133796,6942
/Users/a/Ayanami/code/TSP/data/classic/tsplib/gr120.tsp,polyak,214,polyak,214,6910.0895921783267,6910.1296683133796,6942
/Users/a/Ayanami/code/TSP/data/classic/tsplib/gr120.tsp,polyak,215,polyak,215,6909.0690355204852,6910.1296683133796,6942
/Users/a/Ayanami/code/TSP/data/classic/tsplib/gr120.tsp,polyak,216,polyak,216,6910.4032204573696,6910.4032204573696,6942
/Users/a/Ayanami/code/TSP/data/classic/tsplib/gr120.tsp,polyak,217,polyak,217,6909.1569018065811,6910.4032204573696,6942
/Users/a/Ayanami/code/TSP/data/classic/tsplib/gr120.tsp,polyak,218,polyak,218,6909.6430147824449,6910.4032204573696,6942
/Users/a/Ayanami/code/TSP/data/classic/tsplib/gr120.tsp,polyak,219,polyak,219,6909.9053431613002,6910.4032204573696,6942
/Users/a/Ayanami/code/TSP/data/classic/tsplib/gr120.tsp,polyak,220,polyak,220,6909.3889017183046,6910.4032204573696,6942
/Users/a/Ayanami/code/TSP/data/classic/tsplib/gr120.tsp,polyak,221,polyak,221,6910.1689110956122,6910.4032204573696,6942
/Users/a/Ayanami/code/TSP/data/classic/tsplib/gr120.tsp,polyak,222,polyak,222,6909.0424582845108,6910.4032204573696,6942
/Users/a/Ayanami/code/TSP/data/classic/tsplib/gr120.tsp,polyak,223,polyak,223,6910.4478667157391,6910.4478667157391,6942
/Users/a/Ayanami/code/TSP/data/classic/tsplib/gr120.tsp,polyak,224,polyak,224,6908.9435237316966,6910.4478667157391,6942
/Users/a/Ayanami/code/TSP/data/classic/tsplib/gr120.tsp,polyak,225,polyak,225,6910.2527717367302,6910.4478667157391,6942
/Users/a/Ayanami/code/TSP/data/classic/tsplib/gr120.tsp,polyak,226,polyak,226,6909.0082797372525,6910.4478667157391,6942
/Users/a/Ayanami/code/TSP/data/classic/tsplib/gr120.tsp,polyak,227,polyak,227,6910.0685838260442,6910.4478667157391,6942
/Users/a/Ayanami/code/TSP/data/classic/tsplib/gr120.tsp,polyak,228,polyak,228,6909.2639662387146,6910.4478667157391,6942
/Users/a/Ayanami/code/TSP/data/classic/tsplib/gr120.tsp,polyak,229,polyak,229,6909.7215501328101,6910.4478667157391,6942
/Users/a/Ayanami/code/TSP/data/classic/tsplib/gr120.tsp,polyak,230,polyak,230,6909.6920107685555,6910.4478667157391,6942
/Users/a/Ayanami/code/TSP/data/classic/tsplib/gr120.tsp,polyak,231,polyak,231,6909.7583415689642,6910.4478667157391,6942
/Users/a/Ayanami/code/TSP/data/classic/tsplib/gr120.tsp,polyak,232,polyak,232,6909.7765501579388,6910.4478667157391,6942
/Users/a/Ayanami/code/TSP/data/classic/tsplib/gr120.tsp,polyak,233,polyak,233,6909.4823056829437,6910.4478667157391,6942
/Users/a/Ayanami/code/TSP/data/classic/tsplib/gr120.tsp,polyak,234,polyak,234,6909.985790169856,6910.4478667157391,6942
/Users/a/Ayanami/code/TSP/data/classic/tsplib/gr120.tsp,polyak,235,polyak,235,6909.3548573846538,6910.4478667157391,6942
/Users/a/Ayanami/code/TSP/data/classic/tsplib/gr120.tsp,polyak,236,polyak,236,6910.1006376152009,6910.4478667157391,6942
/Users/a/Ayanami/code/TSP/data/classic/tsplib/gr120.tsp,polyak,237,polyak,237,6910.5441834716294,6910.5441834716294,6942
/Users/a/Ayanami/code/TSP/data/classic/tsplib/gr120.tsp,polyak,238,polyak,238,6910.1180540445275,6910.5441834716294,6942
/Users/a/Ayanami/code/TSP/data/classic/tsplib/gr120.tsp,polyak,239,polyak,239,6910.5296468375946,6910.5441834716294,6942
/Users/a/Ayanami/code/TSP/data/classic/tsplib/gr120.tsp,polyak,240,polyak,240,6910.2736069769098,6910.5441834716294,6942
/Users/a/Ayanami/code/TSP/data/classic/tsplib/gr120.tsp,polyak,241,polyak,241,6910.5290757823013,6910.5441834716294,6942
/Users/a/Ayanami/code/TSP/data/classic/tsplib/gr120.tsp,polyak,242,polyak,242,6910.1950114857236,6910.5441834716294,6942
/Users/a/Ayanami/code/TSP/data/classic/tsplib/gr120.tsp,polyak,243,polyak,243,6910.6849676477405,6910.6849676477405,6942
/Users/a/Ayanami/code/TSP/data/classic/tsplib/gr120.tsp,polyak,244,polyak,244,6910.2566863728935,6910.6849676477405,6942
/Users/a/Ayanami/code/TSP/data/classic/tsplib/gr120.tsp,polyak,245,polyak,245,6910.5060729933894,6910.6849676477405,6942
/Users/a/Ayanami/code/TSP/data/classic/tsplib/gr120.tsp,polyak,246,polyak,246,6910.3855445242089,6910.6849676477405,6942
/Users/a/Ayanami/code/TSP/data/classic/tsplib/gr120.tsp,polyak,247,polyak,247,6910.3870659225777,6910.6849676477405,6942
/Users/a/Ayanami/code/TSP/data/classic/tsplib/gr120.tsp,polyak,248,polyak,248,6910.6164956307503,6910.6849676477405,6942
/Users/a/Ayanami/code/TSP/data/classic/tsplib/gr120.tsp,polyak,249,polyak,249,6910.3796770043964,6910.6849676477405,6942
/Users/a/Ayanami/code/TSP/data/classic/tsplib/gr120.tsp,polyak,250,polyak,250,6910.3993925691366,6910.6849676477405,6942
/Users/a/Ayanami/code/TSP/data/classic/tsplib/gr120.tsp,polyak,251,polyak,251,6910.5372950771252,6910.6849676477405,6942
/Users/a/Ayanami/code/TSP/data/classic/tsplib/gr120.tsp,polyak,252,polyak,252,6910.4929145239776,6910.6849676477405,6942
/Users/a/Ayanami/code/TSP/data/classic/tsplib/gr120.tsp,polyak,253,polyak,253,6910.4306823678935,6910.6849676477405,6942
/Users/a/Ayanami/code/TSP/data/classic/tsplib/gr120.tsp,polyak,254,polyak,254,6910.455266525827,6910.6849676477405,6942
/Users/a/Ayanami/code/TSP/data/classic/tsplib/gr120.tsp,polyak,255,polyak,255,6910.4646346879344,6910.6849676477405,6942
/Users/a/Ayanami/code/TSP/data/classic/tsplib/gr120.tsp,polyak,256,polyak,256,6910.5902098814167,6910.6849676477405,6942
/Users/a/Ayanami/code/TSP/data/classic/tsplib/gr120.tsp,polyak,257,polyak,257,6910.8978154360293,6910.8978154360293,6942
/Users/a/Ayanami/code/TSP/data/classic/tsplib/gr120.tsp,polyak,258,polyak,258,6910.7828354008079,6910.8978154360293,6942
/Users/a/Ayanami/code/TSP/data/classic/tsplib/gr120.tsp,polyak,259,polyak,259,6910.9100087280794,6910.9100087280794,6942
/Users/a/Ayanami/code/TSP/data/classic/tsplib/gr120.tsp,polyak,260,polyak,260,6910.6444413140289,6910.9100087280794,6942
/Users/a/Ayanami/code/TSP/data/classic/tsplib/gr120.tsp,polyak,261,polyak,261,6910.8942681948174,6910.9100087280794,6942
/Users/a/Ayanami/code/TSP/data/classic/tsplib/gr120.tsp,polyak,262,polyak,262,6910.7050714331062,6910.9100087280794,6942
/Users/a/Ayanami/code/TSP/data/classic/tsplib/gr120.tsp,polyak,263,polyak,263,6910.9489204235006,6910.9489204235006,6942
/Users/a/Ayanami/code/TSP/data/classic/tsplib/gr120.tsp,polyak,264,polyak,264,6910.6383518591319,6910.9489204235006,6942
/Users/a/Ayanami/code/TSP/data/classic/tsplib/gr120.tsp,polyak,265,polyak,265,6910.965835504011,6910.965835504011,6942
/Users/a/Ayanami/code/TSP/data/classic/tsplib/gr120.tsp,polyak,266,polyak,266,6910.7043992842109,6910.965835504011,6942
/Users/a/Ayanami/code/TSP/data/classic/tsplib/gr120.tsp,polyak,267,polyak,267,6910.9338365247004,6910.965835504011,6942
/Users/a/Ayanami/code/TSP/data/classic/tsplib/gr120.tsp,polyak,268,polyak,268,6910.8547057398091,6910.965835504011,6942
/Users/a/Ayanami/code/TSP/data/classic/tsplib/gr120.tsp,polyak,269,polyak,269,6910.8207050355359,6910.965835504011,6942
/Users/a/Ayanami/code/TSP/data/classic/tsplib/gr120.tsp,polyak,270,polyak,270,6910.8251307375904,6910.965835504011,6942
/Users/a/Ayanami/code/TSP/data/classic/tsplib/gr120.tsp,polyak,271,polyak,271,6910.8371957479385,6910.965835504011,6942
/Users/a/Ayanami/code/TSP/data/classic/tsplib/gr120.tsp,polyak,272,polyak,272,6910.8336931157864,6910.965835504011,6942
/Users/a/Ayanami/code/TSP/data/classic/tsplib/gr120.tsp,polyak,273,polyak,273,6910.7888693439691,6910.965835504011,6942
/Users/a/Ayanami/code/TSP/data/classic/tsplib/gr120.tsp,polyak,274,polyak,274,6910.9657653081385,6910.965835504011,6942
/Users/a/Ayanami/code/TSP/data/classic/tsplib/gr120.tsp,polyak,275,polyak,275,6910.7820575085725,6910.965835504011,6942
/Users/a/Ayanami/code/TSP/data/classic/tsplib/gr120.tsp,polyak,276,polyak,276,6911.0070440624559,6911.0070440624559,6942
/Users/a/Ayanami/code/TSP/data/classic/tsplib/gr120.tsp,polyak,277,polyak,277,6910.6706226925035,6911.0070440624559,6942
/Users/a/Ayanami/code/TSP/data/classic/tsplib/gr120.tsp,polyak,278,polyak,278,6911.0291721738631,6911.0291721738631,6942
/Users/a/Ayanami/code/TSP/data/classic/tsplib/gr120.tsp,polyak,279,polyak,279,6910.6835546395268,6911.0291721738631,6942
/Users/a/Ayanami/code/TSP/data/classic/tsplib/gr120.tsp,polyak,280,polyak,280,6910.9638741399685,6911.0291721738631,6942
/Users/a/Ayanami/code/TSP/data/classic/tsplib/gr120.tsp,polyak,281,polyak,281,6910.6792948213333,6911.0291721738631,6942
/Users/a/Ayanami/code/TSP/data/classic/tsplib/gr120.tsp,polyak,282,polyak,282,6910.9762490844332,6911.0291721738631,6942
/Users/a/Ayanami/code/TSP/data/classic/tsplib/gr120.tsp,polyak,283,polyak,283,6910.6977632384041,6911.0291721738631,6942
/Users/a/Ayanami/code/TSP/data/classic/tsplib/gr120.tsp,polyak,284,polyak,284,6910.9255886745968,6911.0291721738631,6942
/Users/a/Ayanami/code/TSP/data/classic/tsplib/gr120.tsp,polyak,285,polyak,285,6910.8827489183523,6911.0291721738631,6942
/Users/a/Ayanami/code/TSP/data/classic/tsplib/gr120.tsp,polyak,286,polyak,286,6910.8281630978063,6911.0291721738631,6942
/Users/a/Ayanami/code/TSP/data/classic/tsplib/gr120.tsp,polyak,287,polyak,287,6910.9099196947855,6911.0291721738631,6942
/Users/a/Ayanami/code/TSP/data/classic/tsplib/gr120.tsp,polyak,288,polyak,288,6910.7442733439839,6911.0291721738631,6942
/Users/a/Ayanami/code/TSP/data/classic/tsplib/gr120.tsp,polyak,289,polyak,289,6911.0039922956657,6911.0291721738631,6942
/Users/a/Ayanami/code/TSP/data/classic/tsplib/gr120.tsp,polyak,290,polyak,290,6910.7447991270319,6911.0291721738631,6942
/Users/a/Ayanami/code/TSP/data/classic/tsplib/gr120.tsp,polyak,291,polyak,291,6910.9685467224726,6911.0291721738631,6942
/Users/a/Ayanami/code/TSP/data/classic/tsplib/gr120.tsp,polyak,292,polyak,292,6910.9967070849552,6911.0291721738631,6942
/Users/a/Ayanami/code/TSP/data/classic/tsplib/gr120.tsp,polyak,293,polyak,293,6911.0439901245281,6911.0439901245281,6942
/Users/a/Ayanami/code/TSP/data/classic/tsplib/gr120.tsp,polyak,294,polyak,294,6911.0268831783787,6911.0439901245281,6942
/Users/a/Ayanami/code/TSP/data/classic/tsplib/gr120.tsp,polyak,295,polyak,295,6911.0548450398219,6911.0548450398219,6942
/Users/a/Ayanami/code/TSP/data/classic/tsplib/gr120.tsp,polyak,296,polyak,296,6910.9943320546699,6911.0548450398219,6942
/Users/a/Ayanami/code/TSP/data/classic/tsplib/gr120.tsp,polyak,297,polyak,297,6911.0392239743132,6911.0548450398219,6942
/Users/a/Ayanami/code/TSP/data/classic/tsplib/gr120.tsp,polyak,298,polyak,298,6911.0463085134488,6911.0548450398219,6942
/Users/a/Ayanami/code/TSP/data/classic/tsplib/gr120.tsp,polyak,299,polyak,299,6911.0465577529103,6911.0548450398219,6942
/Users/a/Ayanami/code/TSP/data/classic/tsplib/gr120.tsp,polyak,300,polyak,300,6911.0382146291022,6911.0548450398219,6942
/Users/a/Ayanami/code/TSP/data/classic/tsplib/gr120.tsp,polyak,301,polyak,301,6911.0861639186351,6911.0861639186351,6942
/Users/a/Ayanami/code/TSP/data/classic/tsplib/gr120.tsp,polyak,302,polyak,302,6910.9632776039862,6911.0861639186351,6942
/Users/a/Ayanami/code/TSP/data/classic/tsplib/gr120.tsp,polyak,303,polyak,303,6911.0938572940531,6911.0938572940531,6942
/Users/a/Ayanami/code/TSP/data/classic/tsplib/gr120.tsp,polyak,304,polyak,304,6910.9696328899372,6911.0938572940531,6942
/Users/a/Ayanami/code/TSP/data/classic/tsplib/gr120.tsp,polyak,305,polyak,305,6911.1230541288978,6911.1230541288978,6942
/Users/a/Ayanami/code/TSP/data/classic/tsplib/gr120.tsp,polyak,306,polyak,306,6910.996772809036,6911.1230541288978,6942
/Users/a/Ayanami/code/TSP/data/classic/tsplib/gr120.tsp,polyak,307,polyak,307,6911.0772287608333,6911.1230541288978,6942
/Users/a/Ayanami/code/TSP/data/classic/tsplib/gr120.tsp,polyak,308,polyak,308,6911.0033372183352,6911.1230541288978,6942
/Users/a/Ayanami/code/TSP/data/classic/tsplib/gr120.tsp,polyak,309,polyak,309,6911.0935950756939,6911.1230541288978,6942
/Users/a/Ayanami/code/TSP/data/classic/tsplib/gr120.tsp,polyak,310,polyak,310,6910.994412356501,6911.1230541288978,6942
/Users/a/Ayanami/code/TSP/data/classic/tsplib/gr120.tsp,polyak,311,polyak,311,6911.1123037769594,6911.1230541288978,6942
/Users/a/Ayanami/code/TSP/data/classic/tsplib/gr120.tsp,polyak,312,polyak,312,6910.9745077666148,6911.1230541288978,6942
/Users/a/Ayanami/code/TSP/data/classic/tsplib/gr120.tsp,polyak,313,polyak,313,6911.0365016244368,6911.1230541288978,6942
/Users/a/Ayanami/code/TSP/data/classic/tsplib/gr120.tsp,polyak,314,polyak,314,6911.039535553623,6911.1230541288978,6942
/Users/a/Ayanami/code/TSP/data/classic/tsplib/gr120.tsp,polyak,315,polyak,315,6911.0553713500412,6911.1230541288978,6942
/Users/a/Ayanami/code/TSP/data/classic/tsplib/gr120.tsp,polyak,316,polyak,316,6911.0229959981652,6911.1230541288978,6942
/Users/a/Ayanami/code/TSP/data/classic/tsplib/gr120.tsp,polyak,317,polyak,317,6911.1229594610886,6911.1230541288978,6942
/Users/a/Ayanami/code/TSP/data/classic/tsplib/gr120.tsp,polyak,318,polyak,318,6910.9819552233421,6911.1230541288978,6942
/Users/a/Ayanami/code/TSP/data/classic/tsplib/gr120.tsp,polyak,319,polyak,319,6911.1144795124292,6911.1230541288978,6942
/Users/a/Ayanami/code/TSP/data/classic/tsplib/gr120.tsp,polyak,320,polyak,320,6911.1242824195015,6911.1242824195015,6942
/Users/a/Ayanami/code/TSP/data/classic/tsplib/gr120.tsp,polyak,321,polyak,321,6911.1355467565336,6911.1355467565336,6942
/Users/a/Ayanami/code/TSP/data/classic/tsplib/gr120.tsp,polyak,322,polyak,322,6911.1469509953067,6911.1469509953067,6942
/Users/a/Ayanami/code/TSP/data/classic/tsplib/gr120.tsp,polyak,323,polyak,323,6911.1449539476043,6911.1469509953067,6942
/Users/a/Ayanami/code/TSP/data/classic/tsplib/gr120.tsp,polyak,324,polyak,324,6911.1654053855627,6911.1654053855627,6942
/Users/a/Ayanami/code/TSP/data/classic/tsplib/gr120.tsp,polyak,325,polyak,325,6911.1176594558465,6911.1654053855627,6942
/Users/a/Ayanami/code/TSP/data/classic/tsplib/gr120.tsp,polyak,326,polyak,326,6911.1752859435328,6911.1752859435328,6942
/Users/a/Ayanami/code/TSP/data/classic/tsplib/gr120.tsp,polyak,327,polyak,327,6911.1232745713169,6911.1752859435328,6942
/Users/a/Ayanami/code/TSP/data/classic/tsplib/gr120.tsp,polyak,328,polyak,328,6911.1809154120829,6911.1809154120829,6942
/Users/a/Ayanami/code/TSP/data/classic/tsplib/gr120.tsp,polyak,329,polyak,329,6911.1221221270534,6911.1809154120829,6942
/Users/a/Ayanami/code/TSP/data/classic/tsplib/gr120.tsp,polyak,330,polyak,330,6911.1519144338108,6911.1809154120829,6942
/Users/a/Ayanami/code/TSP/data/classic/tsplib/gr120.tsp,polyak,331,polyak,331,6911.1302474637632,6911.1809154120829,6942
/Users/a/Ayanami/code/TSP/data/classic/tsplib/gr120.tsp,polyak,332,polyak,332,6911.1633465380064,6911.1809154120829,6942
/Users/a/Ayanami/code/TSP/data/classic/tsplib/gr120.tsp,polyak,333,polyak,333,6911.1268281770781,6911.1809154120829,6942
/Users/a/Ayanami/code/TSP/data/classic/tsplib/gr120.tsp,polyak,334,polyak,334,6911.1634348447842,6911.1809154120829,6942
/Users/a/Ayanami/code/TSP/data/classic/tsplib/gr120.tsp,polyak,335,polyak,335,6911.1349876468748,6911.1809154120829,6942
/Users/a/Ayanami/code/TSP/data/classic/tsplib/gr120.tsp,polyak,336,polyak,336,6911.1602910378742,6911.1809154120829,6942
/Users/a/Ayanami/code/TSP/data/classic/tsplib/gr120.tsp,polyak,337,polyak,337,6911.1318407710223,6911.1809154120829,6942
/Users/a/Ayanami/code/TSP/data/classic/tsplib/gr120.tsp,polyak,338,polyak,338,6911.1728748684254,6911.1809154120829,6942
/Users/a/Ayanami/code/TSP/data/classic/tsplib/gr120.tsp,polyak,339,polyak,339,6911.152678478159,6911.1809154120829,6942
/Users/a/Ayanami/code/TSP/data/classic/tsplib/gr120.tsp,polyak,340,polyak,340,6911.1457305404438,6911.1809154120829,6942
/Users/a/Ayanami/code/TSP/data/classic/tsplib/gr120.tsp,polyak,341,polyak,341,6911.1589951207479,6911.1809154120829,6942
/Users/a/Ayanami/code/TSP/data/classic/tsplib/gr120.tsp,polyak,342,polyak,342,6911.2047858760343,6911.2047858760343,6942
/Users/a/Ayanami/code/TSP/data/classic/tsplib/gr120.tsp,polyak,343,polyak,343,6911.1727486157488,6911.2047858760343,6942
/Users/a/Ayanami/code/TSP/data/classic/tsplib/gr120.tsp,polyak,344,polyak,344,6911.2112289342276,6911.2112289342276,6942
/Users/a/Ayanami/code/TSP/data/classic/tsplib/gr120.tsp,polyak,345,polyak,345,6911.1766132265566,6911.2112289342276,6942
/Users/a/Ayanami/code/TSP/data/classic/tsplib/gr120.tsp,polyak,346,polyak,346,6911.2044323215887,6911.2112289342276,6942
/Users/a/Ayanami/code/TSP/data/classic/tsplib/gr120.tsp,polyak,347,polyak,347,6911.1923421613646,6911.2112289342276,6942
/Users/a/Ayanami/code/TSP/data/classic/tsplib/gr120.tsp,polyak,348,polyak,348,6911.1989775309075,6911.2112289342276,6942
/Users/a/Ayanami/code/TSP/data/classic/tsplib/gr120.tsp,polyak,349,polyak,349,6911.186241238096,6911.2112289342276,6942
/Users/a/Ayanami/code/TSP/data/classic/tsplib/gr120.tsp,polyak,350,polyak,350,6911.1967835065598,6911.2112289342276,6942
/Users/a/Ayanami/code/TSP/data/classic/tsplib/gr120.tsp,polyak,351,polyak,351,6911.1952718220364,6911.2112289342276,6942
/Users/a/Ayanami/code/TSP/data/classic/tsplib/gr120.tsp,polyak,352,polyak,352,6911.1868957907063,6911.2112289342276,6942
/Users/a/Ayanami/code/TSP/data/classic/tsplib/gr120.tsp,polyak,353,polyak,353,6911.210612081918,6911.2112289342276,6942
/Users/a/Ayanami/code/TSP/data/classic/tsplib/gr120.tsp,polyak,354,polyak,354,6911.184781149298,6911.2112289342276,6942
/Users/a/Ayanami/code/TSP/data/classic/tsplib/gr120.tsp,polyak,355,polyak,355,6911.2161607713369,6911.2161607713369,6942
/Users/a/Ayanami/code/TSP/data/classic/tsplib/gr120.tsp,polyak,356,polyak,356,6911.1834378339927,6911.2161607713369,6942
/Users/a/Ayanami/code/TSP/data/classic/tsplib/gr120.tsp,polyak,357,polyak,357,6911.2075942843312,6911.2161607713369,6942
/Users/a/Ayanami/code/TSP/data/classic/tsplib/gr120.tsp,polyak,358,polyak,358,6911.1866448794253,6911.2161607713369,6942
/Users/a/Ayanami/code/TSP/data/classic/tsplib/gr120.tsp,polyak,359,polyak,359,6911.2118909101728,6911.2161607713369,6942
/Users/a/Ayanami/code/TSP/data/classic/tsplib/gr120.tsp,polyak,360,polyak,360,6911.18171333789,6911.2161607713369,6942
/Users/a/Ayanami/code/TSP/data/classic/tsplib/gr120.tsp,polyak,361,polyak,361,6911.2074090806564,6911.2161607713369,6942
/Users/a/Ayanami/code/TSP/data/classic/tsplib/gr120.tsp,polyak,362,polyak,362,6911.1890090613724,6911.2161607713369,6942
/Users/a/Ayanami/code/TSP/data/classic/tsplib/gr120.tsp,polyak,363,polyak,363,6911.2079169325934,6911.2161607713369,6942
/Users/a/Ayanami/code/TSP/data/classic/tsplib/gr120.tsp,polyak,364,polyak,364,6911.1838119103641,6911.2161607713369,6942
/Users/a/Ayanami/code/TSP/data/classic/tsplib/gr120.tsp,polyak,365,polyak,365,6911.2154378728046,6911.2161607713369,6942
/Users/a/Ayanami/code/TSP/data/classic/tsplib/gr120.tsp,polyak,366,polyak,366,6911.1783421443797,6911.2161607713369,6942
/Users/a/Ayanami/code/TSP/data/classic/tsplib/gr120.tsp,polyak,367,polyak,367,6911.2138695661224,6911.2161607713369,6942
/Users/a/Ayanami/code/TSP/data/classic/tsplib/gr120.tsp,polyak,368,polyak,368,6911.1840422739979,6911.2161607713369,6942
/Users/a/Ayanami/code/TSP/data/classic/tsplib/gr120.tsp,polyak,369,polyak,369,6911.2153462584292,6911.2161607713369,6942
/Users/a/Ayanami/code/TSP/data/classic/tsplib/gr120.tsp,polyak,370,polyak,370,6911.2270449405114,6911.2270449405114,6942
/Users/a/Ayanami/code/TSP/data/classic/tsplib/gr120.tsp,polyak,371,polyak,371,6911.2092247055225,6911.2270449405114,6942
/Users/a/Ayanami/code/TSP/data/classic/tsplib/gr120.tsp,polyak,372,polyak,372,6911.2298921833708,6911.2298921833708,6942
/Users/a/Ayanami/code/TSP/data/classic/tsplib/gr120.tsp,polyak,373,polyak,373,6911.2087086171132,6911.2298921833708,6942
/Users/a/Ayanami/code/TSP/data/classic/tsplib/gr120.tsp,polyak,374,polyak,374,6911.2301042090976,6911.2301042090976,6942
/Users/a/Ayanami/code/TSP/data/classic/tsplib/gr120.tsp,polyak,375,polyak,375,6911.2142936247037,6911.2301042090976,6942
/Users/a/Ayanami/code/TSP/data/classic/tsplib/gr120.tsp,polyak,376,polyak,376,6911.2300294309389,6911.2301042090976,6942
/Users/a/Ayanami/code/TSP/data/classic/tsplib/gr120.tsp,polyak,377,polyak,377,6911.2168240213314,6911.2301042090976,6942
/Users/a/Ayanami/code/TSP/data/classic/tsplib/gr120.tsp,polyak,378,polyak,378,6911.2317210739966,6911.2317210739966,6942
/Users/a/Ayanami/code/TSP/data/classic/tsplib/gr120.tsp,polyak,379,polyak,379,6911.2161217652192,6911.2317210739966,6942
/Users/a/Ayanami/code/TSP/data/classic/tsplib/gr120.tsp,polyak,380,polyak,380,6911.2263210274041,6911.2317210739966,6942
/Users/a/Ayanami/code/TSP/data/classic/tsplib/gr120.tsp,polyak,381,polyak,381,6911.2305814161127,6911.2317210739966,6942
/Users/a/Ayanami/code/TSP/data/classic/tsplib/gr120.tsp,polyak,382,polyak,382,6911.2177596254733,6911.2317210739966,6942
/Users/a/Ayanami/code/TSP/data/classic/tsplib/gr120.tsp,polyak,383,polyak,383,6911.2261493512533,6911.2317210739966,6942
/Users/a/Ayanami/code/TSP/data/classic/tsplib/gr120.tsp,polyak,384,polyak,384,6911.2248183528845,6911.2317210739966,6942
/Users/a/Ayanami/code/TSP/data/classic/tsplib/gr120.tsp,polyak,385,polyak,385,6911.221145786908,6911.2317210739966,6942
/Users/a/Ayanami/code/TSP/data/classic/tsplib/gr120.tsp,polyak,386,polyak,386,6911.2288437420539,6911.2317210739966,6942
/Users/a/Ayanami/code/TSP/data/classic/tsplib/gr120.tsp,polyak,387,polyak,387,6911.2243094213754,6911.2317210739966,6942
/Users/a/Ayanami/code/TSP/data/classic/tsplib/gr120.tsp,polyak,388,polyak,388,6911.2257352062115,6911.2317210739966,6942
/Users/a/Ayanami/code/TSP/data/classic/tsplib/gr120.tsp,polyak,389,polyak,389,6911.2233457207331,6911.2317210739966,6942
/Users/a/Ayanami/code/TSP/data/classic/tsplib/gr120.tsp,polyak,390,polyak,390,6911.2290440423467,6911.2317210739966,6942
/Users/a/Ayanami/code/TSP/data/classic/tsplib/gr120.tsp,polyak,391,polyak,391,6911.2165832481533,6911.2317210739966,6942
/Users/a/Ayanami/code/TSP/data/classic/tsplib/gr120.tsp,polyak,392,polyak,392,6911.234449313306,6911.234449313306,6942
/Users/a/Ayanami/code/TSP/data/classic/tsplib/gr120.tsp,polyak,393,polyak,393,6911.2368779380795,6911.2368779380795,6942
/Users/a/Ayanami/code/TSP/data/classic/tsplib/gr120.tsp,polyak,394,polyak,394,6911.2312822727235,6911.2368779380795,6942
/Users/a/Ayanami/code/TSP/data/classic/tsplib/gr120.tsp,polyak,395,polyak,395,6911.2382622635241,6911.2382622635241,6942
/Users/a/Ayanami/code/TSP/data/classic/tsplib/gr120.tsp,polyak,396,polyak,396,6911.2312685716961,6911.2382622635241,6942
/Users/a/Ayanami/code/TSP/data/classic/tsplib/gr120.tsp,polyak,397,polyak,397,6911.2394798718997,6911.2394798718997,6942
/Users/a/Ayanami/code/TSP/data/classic/tsplib/gr120.tsp,polyak,398,polyak,398,6911.2339747288243,6911.2394798718997,6942
/Users/a/Ayanami/code/TSP/data/classic/tsplib/gr120.tsp,polyak,399,polyak,399,6911.2421081777866,6911.2421081777866,6942
/Users/a/Ayanami/code/TSP/data/classic/tsplib/gr120.tsp,polyak,400,polyak,400,6911.2315990461011,6911.2421081777866,6942
/Users/a/Ayanami/code/TSP/data/classic/tsplib/gr120.tsp,polyak,401,polyak,401,6911.2405901976408,6911.2421081777866,6942
/Users/a/Ayanami/code/TSP/data/classic/tsplib/gr120.tsp,polyak,402,polyak,402,6911.2301133932187,6911.2421081777866,6942
/Users/a/Ayanami/code/TSP/data/classic/tsplib/gr120.tsp,polyak,403,polyak,403,6911.2419975505854,6911.2421081777866,6942
/Users/a/Ayanami/code/TSP/data/classic/tsplib/gr120.tsp,polyak,404,polyak,404,6911.2311794018869,6911.2421081777866,6942
/Users/a/Ayanami/code/TSP/data/classic/tsplib/gr120.tsp,polyak,405,polyak,405,6911.2411687434296,6911.2421081777866,6942
/Users/a/Ayanami/code/TSP/data/classic/tsplib/gr120.tsp,polyak,406,polyak,406,6911.2359994710969,6911.2421081777866,6942
/Users/a/Ayanami/code/TSP/data/classic/tsplib/gr120.tsp,polyak,407,polyak,407,6911.2371595484838,6911.2421081777866,6942
/Users/a/Ayanami/code/TSP/data/classic/tsplib/gr120.tsp,polyak,408,polyak,408,6911.2366789851403,6911.2421081777866,6942
/Users/a/Ayanami/code/TSP/data/classic/tsplib/gr120.tsp,polyak,409,polyak,409,6911.2370148661776,6911.2421081777866,6942
/Users/a/Ayanami/code/TSP/data/classic/tsplib/gr120.tsp,polyak,410,polyak,410,6911.2394720165175,6911.2421081777866,6942
/Users/a/Ayanami/code/TSP/data/classic/tsplib/gr120.tsp,polyak,411,polyak,411,6911.2364267395678,6911.2421081777866,6942
/Users/a/Ayanami/code/TSP/data/classic/tsplib/gr120.tsp,polyak,412,polyak,412,6911.2388786102629,6911.2421081777866,6942
/Users/a/Ayanami/code/TSP/data/classic/tsplib/gr120.tsp,polyak,413,polyak,413,6911.2417941030426,6911.2421081777866,6942
/Users/a/Ayanami/code/TSP/data/classic/tsplib/gr120.tsp,polyak,414,polyak,414,6911.2425104048725,6911.2425104048725,6942
/Users/a/Ayanami/code/TSP/data/classic/tsplib/gr120.tsp,polyak,415,polyak,415,6911.2424656334297,6911.2425104048725,6942
/Users/a/Ayanami/code/TSP/data/classic/tsplib/gr120.tsp,polyak,416,polyak,416,6911.2425887462678,6911.2425887462678,6942
/Users/a/Ayanami/code/TSP/data/classic/tsplib/gr120.tsp,polyak,417,polyak,417,6911.2451485547881,6911.2451485547881,6942
/Users/a/Ayanami/code/TSP/data/classic/tsplib/gr120.tsp,polyak,418,polyak,418,6911.2410614483088,6911.2451485547881,6942
/Users/a/Ayanami/code/TSP/data/classic/tsplib/gr120.tsp,polyak,419,polyak,419,6911.2466125304627,6911.2466125304627,6942
/Users/a/Ayanami/code/TSP/data/classic/tsplib/gr120.tsp,polyak,420,polyak,420,6911.2393675305875,6911.2466125304627,6942
/Users/a/Ayanami/code/TSP/data/classic/tsplib/gr120.tsp,polyak,421,polyak,421,6911.2430605167829,6911.2466125304627,6942
/Users/a/Ayanami/code/TSP/data/classic/tsplib/gr120.tsp,polyak,422,polyak,422,6911.242964202348,6911.2466125304627,6942
/Users/a/Ayanami/code/TSP/data/classic/tsplib/gr120.tsp,polyak,423,polyak,423,6911.2431964467805,6911.2466125304627,6942
/Users/a/Ayanami/code/TSP/data/classic/tsplib/gr120.tsp,polyak,424,polyak,424,6911.2441000063209,6911.2466125304627,6942
/Users/a/Ayanami/code/TSP/data/classic/tsplib/gr120.tsp,polyak,425,polyak,425,6911.2426638473989,6911.2466125304627,6942
/Users/a/Ayanami/code/TSP/data/classic/tsplib/gr120.tsp,polyak,426,polyak,426,6911.2448671713919,6911.2466125304627,6942
/Users/a/Ayanami/code/TSP/data/classic/tsplib/gr120.tsp,polyak,427,polyak,427,6911.2420350919756,6911.2466125304627,6942
/Users/a/Ayanami/code/TSP/data/classic/tsplib/gr120.tsp,polyak,428,polyak,428,6911.2447521352678,6911.2466125304627,6942
/Users/a/Ayanami/code/TSP/data/classic/tsplib/gr120.tsp,polyak,429,polyak,429,6911.2426047849485,6911.2466125304627,6942
/Users/a/Ayanami/code/TSP/data/classic/tsplib/gr120.tsp,polyak,430,polyak,430,6911.242313667527,6911.2466125304627,6942
/Users/a/Ayanami/code/TSP/data/classic/tsplib/gr120.tsp,polyak,431,polyak,431,6911.2451032196395,6911.2466125304627,6942
/Users/a/Ayanami/code/TSP/data/classic/tsplib/gr120.tsp,polyak,432,polyak,432,6911.2411647431736,6911.2466125304627,6942
/Users/a/Ayanami/code/TSP/data/classic/tsplib/gr120.tsp,polyak,433,polyak,433,6911.2458183013159,6911.2466125304627,6942
/Users/a/Ayanami/code/TSP/data/classic/tsplib/gr120.tsp,polyak,434,polyak,434,6911.2460939123057,6911.2466125304627,6942
/Users/a/Ayanami/code/TSP/data/classic/tsplib/gr120.tsp,polyak,435,polyak,435,6911.2465526010092,6911.2466125304627,6942
/Users/a/Ayanami/code/TSP/data/classic/tsplib/gr120.tsp,polyak,436,polyak,436,6911.2466506736127,6911.2466506736127,6942
/Users/a/Ayanami/code/TSP/data/classic/tsplib/gr120.tsp,polyak,437,polyak,437,6911.2468682997687,6911.2468682997687,6942
/Users/a/Ayanami/code/TSP/data/classic/tsplib/gr120.tsp,polyak,438,polyak,438,6911.2459514251696,6911.2468682997687,6942
/Users/a/Ayanami/code/TSP/data/classic/tsplib/gr120.tsp,polyak,439,polyak,439,6911.2475716311146,6911.2475716311146,6942
/Users/a/Ayanami/code/TSP/data/classic/tsplib/gr120.tsp,polyak,440,polyak,440,6911.2447947782111,6911.2475716311146,6942
/Users/a/Ayanami/code/TSP/data/classic/tsplib/gr120.tsp,polyak,441,polyak,441,6911.2465265258697,6911.2475716311146,6942
/Users/a/Ayanami/code/TSP/data/classic/tsplib/gr120.tsp,polyak,442,polyak,442,6911.2459169696094,6911.2475716311146,6942
/Users/a/Ayanami/code/TSP/data/classic/tsplib/gr120.tsp,polyak,443,polyak,443,6911.2476993101545,6911.2476993101545,6942
/Users/a/Ayanami/code/TSP/data/classic/tsplib/gr120.tsp,polyak,444,polyak,444,6911.2460421005508,6911.2476993101545,6942
/Users/a/Ayanami/code/TSP/data/classic/tsplib/gr120.tsp,polyak,445,polyak,445,6911.2476495820438,6911.2476993101545,6942
/Users/a/Ayanami/code/TSP/data/classic/tsplib/gr120.tsp,polyak,446,polyak,446,6911.2466257807364,6911.2476993101545,6942
/Users/a/Ayanami/code/TSP/data/classic/tsplib/gr120.tsp,polyak,447,polyak,447,6911.2469072646982,6911.2476993101545,6942
/Users/a/Ayanami/code/TSP/data/classic/tsplib/gr120.tsp,polyak,448,polyak,448,6911.2471690989523,6911.2476993101545,6942
/Users/a/Ayanami/code/TSP/data/classic/tsplib/gr120.tsp,polyak,449,polyak,449,6911.246926812305,6911.2476993101545,6942
/Users/a/Ayanami/code/TSP/data/classic/tsplib/gr120.tsp,polyak,450,polyak,450,6911.2465348078786,6911.2476993101545,6942
/Users/a/Ayanami/code/TSP/data/classic/tsplib/gr120.tsp,polyak,451,polyak,451,6911.2471033522943,6911.2476993101545,6942
/Users/a/Ayanami/code/TSP/data/classic/tsplib/gr120.tsp,polyak,452,polyak,452,6911.2469805219471,6911.2476993101545,6942
/Users/a/Ayanami/code/TSP/data/classic/tsplib/gr120.tsp,polyak,453,polyak,453,6911.2471505969997,6911.2476993101545,6942
/Users/a/Ayanami/code/TSP/data/classic/tsplib/gr120.tsp,polyak,454,polyak,454,6911.2467185310934,6911.2476993101545,6942
/Users/a/Ayanami/code/TSP/data/classic/tsplib/gr120.tsp,polyak,455,polyak,455,6911.2469431535983,6911.2476993101545,6942
/Users/a/Ayanami/code/TSP/data/classic/tsplib/gr120.tsp,polyak,456,polyak,456,6911.2473405466762,6911.2476993101545,6942
/Users/a/Ayanami/code/TSP/data/classic/tsplib/gr120.tsp,polyak,457,polyak,457,6911.2485424209999,6911.2485424209999,6942
/Users/a/Ayanami/code/TSP/data/classic/tsplib/gr120.tsp,polyak,458,polyak,458,6911.247860531751,6911.2485424209999,6942
/Users/a/Ayanami/code/TSP/data/classic/tsplib/gr120.tsp,polyak,459,polyak,459,6911.2485554510085,6911.2485554510085,6942
/Users/a/Ayanami/code/TSP/data/classic/tsplib/gr120.tsp,polyak,460,polyak,460,6911.247655887114,6911.2485554510085,6942
/Users/a/Ayanami/code/TSP/data/classic/tsplib/gr120.tsp,polyak,461,polyak,461,6911.2481240270217,6911.2485554510085,6942
/Users/a/Ayanami/code/TSP/data/classic/tsplib/gr120.tsp,polyak,462,polyak,462,6911.2483908608183,6911.2485554510085,6942
/Users/a/Ayanami/code/TSP/data/classic/tsplib/gr120.tsp,polyak,463,polyak,463,6911.2479882666266,6911.2485554510085,6942
/Users/a/Ayanami/code/TSP/data/classic/tsplib/gr120.tsp,polyak,464,polyak,464,6911.2483645020684,6911.2485554510085,6942
/Users/a/Ayanami/code/TSP/data/classic/tsplib/gr120.tsp,polyak,465,polyak,465,6911.2479647624705,6911.2485554510085,6942
/Users/a/Ayanami/code/TSP/data/classic/tsplib/gr120.tsp,polyak,466,polyak,466,6911.2484616804468,6911.2485554510085,6942
/Users/a/Ayanami/code/TSP/data/classic/tsplib/gr120.tsp,polyak,467,polyak,467,6911.248209143062,6911.2485554510085,6942
/Users/a/Ayanami/code/TSP/data/classic/tsplib/gr120.tsp,polyak,468,polyak,468,6911.2482992688929,6911.2485554510085,6942
/Users/a/Ayanami/code/TSP/data/classic/tsplib/gr120.tsp,polyak,469,polyak,469,6911.248539129816,6911.2485554510085,6942
/Users/a/Ayanami/code/TSP/data/classic/tsplib/gr120.tsp,polyak,470,polyak,470,6911.2480938625722,6911.2485554510085,6942
/Users/a/Ayanami/code/TSP/data/classic/tsplib/gr120.tsp,polyak,471,polyak,471,6911.2483577745807,6911.2485554510085,6942
/Users/a/Ayanami/code/TSP/data/classic/tsplib/gr120.tsp,helsgaun,1,helsgaun,1,5875,5875,6942
/Users/a/Ayanami/code/TSP/data/classic/tsplib/gr120.tsp,helsgaun,2,helsgaun,2,5954,5954,6942
/Users/a/Ayanami/code/TSP/data/classic/tsplib/gr120.tsp,helsgaun,3,helsgaun,3,6068.9999999999991,6068.9999999999991,6942
/Users/a/Ayanami/code/TSP/data/classic/tsplib/gr120.tsp,helsgaun,4,helsgaun,4,6217.9999999999982,6217.9999999999982,6942
/Users/a/Ayanami/code/TSP/data/classic/tsplib/gr120.tsp,helsgaun,5,helsgaun,5,6303.3999999999987,6303.3999999999987,6942
/Users/a/Ayanami/code/TSP/data/classic/tsplib/gr120.tsp,helsgaun,6,helsgaun,6,6284.7999999999975,6303.3999999999987,6942
/Users/a/Ayanami/code/TSP/data/classic/tsplib/gr120.tsp,helsgaun,7,helsgaun,7,6343.2000000000007,6343.2000000000007,6942
/Users/a/Ayanami/code/TSP/data/classic/tsplib/gr120.tsp,helsgaun,8,helsgaun,8,6401.7999999999984,6401.7999999999984,6942
/Users/a/Ayanami/code/TSP/data/classic/tsplib/gr120.tsp,helsgaun,9,helsgaun,9,6334.1999999999998,6401.7999999999984,6942
/Users/a/Ayanami/code/TSP/data/classic/tsplib/gr120.tsp,helsgaun,10,helsgaun,10,6393.7999999999984,6401.7999999999984,6942
/Users/a/Ayanami/code/TSP/data/classic/tsplib/gr120.tsp,helsgaun,11,helsgaun,11,6475.9999999999991,6475.9999999999991,6942
/Users/a/Ayanami/code/TSP/data/classic/tsplib/gr120.tsp,helsgaun,12,helsgaun,12,6460.5999999999985,6475.9999999999991,6942
/Users/a/Ayanami/code/TSP/data/classic/tsplib/gr120.tsp,helsgaun,13,helsgaun,13,6462.2000000000016,6475.9999999999991,6942
/Users/a/Ayanami/code/TSP/data/classic/tsplib/gr120.tsp,helsgaun,14,helsgaun,14,6467.4000000000005,6475.9999999999991,6942
/Users/a/Ayanami/code/TSP/data/classic/tsplib/gr120.tsp,helsgaun,15,helsgaun,15,6515.800000000002,6515.800000000002,6942
/Users/a/Ayanami/code/TSP/data/classic/tsplib/gr120.tsp,helsgaun,16,helsgaun,16,6532.9999999999964,6532.9999999999964,6942
/Users/a/Ayanami/code/TSP/data/classic/tsplib/gr120.tsp,helsgaun,17,helsgaun,17,6514.6000000000004,6532.9999999999964,6942
/Users/a/Ayanami/code/TSP/data/classic/tsplib/gr120.tsp,helsgaun,18,helsgaun,18,6481.3999999999987,6532.9999999999964,6942
/Users/a/Ayanami/code/TSP/data/classic/tsplib/gr120.tsp,helsgaun,19,helsgaun,19,6401.6000000000013,6532.9999999999964,6942
/Users/a/Ayanami/code/TSP/data/classic/tsplib/gr120.tsp,helsgaun,20,helsgaun,20,6473.800000000002,6532.9999999999964,6942
/Users/a/Ayanami/code/TSP/data/classic/tsplib/gr120.tsp,helsgaun,21,helsgaun,21,6420.6000000000022,6532.9999999999964,6942
/Users/a/Ayanami/code/TSP/data/classic/tsplib/gr120.tsp,helsgaun,22,helsgaun,22,6413.7999999999965,6532.9999999999964,6942
/Users/a/Ayanami/code/TSP/data/classic/tsplib/gr120.tsp,helsgaun,23,helsgaun,23,6437.6000000000013,6532.9999999999964,6942
/Users/a/Ayanami/code/TSP/data/classic/tsplib/gr120.tsp,helsgaun,24,helsgaun,24,6407,6532.9999999999964,6942
/Users/a/Ayanami/code/TSP/data/classic/tsplib/gr120.tsp,helsgaun,25,helsgaun,25,6500.0000000000009,6532.9999999999964,6942
/Users/a/Ayanami/code/TSP/data/classic/tsplib/gr120.tsp,helsgaun,26,helsgaun,26,6457.8000000000011,6532.9999999999964,6942
/Users/a/Ayanami/code/TSP/data/classic/tsplib/gr120.tsp,helsgaun,27,helsgaun,27,6434.0000000000018,6532.9999999999964,6942
/Users/a/Ayanami/code/TSP/data/classic/tsplib/gr120.tsp,helsgaun,28,helsgaun,28,6387,6532.9999999999964,6942
/Users/a/Ayanami/code/TSP/data/classic/tsplib/gr120.tsp,helsgaun,29,helsgaun,29,6547.3999999999987,6547.3999999999987,6942
/Users/a/Ayanami/code/TSP/data/classic/tsplib/gr120.tsp,helsgaun,30,helsgaun,30,6491.8000000000029,6547.3999999999987,6942
/Users/a/Ayanami/code/TSP/data/classic/tsplib/gr120.tsp,helsgaun,31,helsgaun,31,6543.5999999999985,6547.3999999999987,6942
/Users/a/Ayanami/code/TSP/data/classic/tsplib/gr120.tsp,helsgaun,32,helsgaun,32,6516.4000000000015,6547.3999999999987,6942
/Users/a/Ayanami/code/TSP/data/classic/tsplib/gr120.tsp,helsgaun,33,helsgaun,33,6496.3999999999987,6547.3999999999987,6942
/Users/a/Ayanami/code/TSP/data/classic/tsplib/gr120.tsp,helsgaun,34,helsgaun,34,6463.6000000000022,6547.3999999999987,6942
/Users/a/Ayanami/code/TSP/data/classic/tsplib/gr120.tsp,helsgaun,35,helsgaun,35,6402.0000000000018,6547.3999999999987,6942
/Users/a/Ayanami/code/TSP/data/classic/tsplib/gr120.tsp,helsgaun,36,helsgaun,36,6554.4000000000005,6554.4000000000005,6942
/Users/a/Ayanami/code/TSP/data/classic/tsplib/gr120.tsp,helsgaun,37,helsgaun,37,6479.0000000000027,6554.4000000000005,6942
/Users/a/Ayanami/code/TSP/data/classic/tsplib/gr120.tsp,helsgaun,38,helsgaun,38,6497.8000000000011,6554.4000000000005,6942
/Users/a/Ayanami/code/TSP/data/classic/tsplib/gr120.tsp,helsgaun,39,helsgaun,39,6520,6554.4000000000005,6942
/Users/a/Ayanami/code/TSP/data/classic/tsplib/gr120.tsp,helsgaun,40,helsgaun,40,6562.2000000000025,6562.2000000000025,6942
/Users/a/Ayanami/code/TSP/data/classic/tsplib/gr120.tsp,helsgaun,41,helsgaun,41,6532.8000000000011,6562.2000000000025,6942
/Users/a/Ayanami/code/TSP/data/classic/tsplib/gr120.tsp,helsgaun,42,helsgaun,42,6489.1999999999998,6562.2000000000025,6942
/Users/a/Ayanami/code/TSP/data/classic/tsplib/gr120.tsp,helsgaun,43,helsgaun,43,6447,6562.2000000000025,6942
/Users/a/Ayanami/code/TSP/data/classic/tsplib/gr120.tsp,helsgaun,44,helsgaun,44,6469.8000000000002,6562.2000000000025,6942
/Users/a/Ayanami/code/TSP/data/classic/tsplib/gr120.tsp,helsgaun,45,helsgaun,45,6475.8000000000002,6562.2000000000025,6942
/Users/a/Ayanami/code/TSP/data/classic/tsplib/gr120.tsp,helsgaun,46,helsgaun,46,6546.8000000000011,6562.2000000000025,6942
/Users/a/Ayanami/code/TSP/data/classic/tsplib/gr120.tsp,helsgaun,47,helsgaun,47,6525.7999999999993,6562.2000000000025,6942
/Users/a/Ayanami/code/TSP/data/classic/tsplib/gr120.tsp,helsgaun,48,helsgaun,48,6420.4000000000024,6562.2000000000025,6942
/Users/a/Ayanami/code/TSP/data/classic/tsplib/gr120.tsp,helsgaun,49,helsgaun,49,6475,6562.2000000000025,6942
/Users/a/Ayanami/code/TSP/data/classic/tsplib/gr120.tsp,helsgaun,50,helsgaun,50,6514.6000000000004,6562.2000000000025,6942
/Users/a/Ayanami/code/TSP/data/classic/tsplib/gr120.tsp,helsgaun,51,helsgaun,51,6488.2000000000016,6562.2000000000025,6942
/Users/a/Ayanami/code/TSP/data/classic/tsplib/gr120.tsp,helsgaun,52,helsgaun,52,6536.4000000000015,6562.2000000000025,6942
/Users/a/Ayanami/code/TSP/data/classic/tsplib/gr120.tsp,helsgaun,53,helsgaun,53,6507,6562.2000000000025,6942
/Users/a/Ayanami/code/TSP/data/classic/tsplib/gr120.tsp,helsgaun,54,helsgaun,54,6498.3999999999996,6562.2000000000025,6942
/Users/a/Ayanami/code/TSP/data/classic/tsplib/gr120.tsp,helsgaun,55,helsgaun,55,6430.2000000000016,6562.2000000000025,6942
/Users/a/Ayanami/code/TSP/data/classic/tsplib/gr120.tsp,helsgaun,56,helsgaun,56,6506.1999999999998,6562.2000000000025,6942
/Users/a/Ayanami/code/TSP/data/classic/tsplib/gr120.tsp,helsgaun,57,helsgaun,57,6514.0000000000009,6562.2000000000025,6942
/Users/a/Ayanami/code/TSP/data/classic/tsplib/gr120.tsp,helsgaun,58,helsgaun,58,6561,6562.2000000000025,6942
/Users/a/Ayanami/code/TSP/data/classic/tsplib/gr120.tsp,helsgaun,59,helsgaun,59,6444.4000000000024,6562.2000000000025,6942
/Users/a/Ayanami/code/TSP/data/classic/tsplib/gr120.tsp,helsgaun,60,helsgaun,60,6405.8000000000011,6562.2000000000025,6942
/Users/a/Ayanami/code/TSP/data/classic/tsplib/gr120.tsp,helsgaun,61,helsgaun,61,6469.3999999999978,6562.2000000000025,6942
/Users/a/Ayanami/code/TSP/data/classic/tsplib/gr120.tsp,helsgaun,62,helsgaun,62,6646.8000000000002,6646.8000000000002,6942
/Users/a/Ayanami/code/TSP/data/classic/tsplib/gr120.tsp,helsgaun,63,helsgaun,63,6666,6666,6942
/Users/a/Ayanami/code/TSP/data/classic/tsplib/gr120.tsp,helsgaun,64,helsgaun,64,6762.3999999999996,6762.3999999999996,6942
/Users/a/Ayanami/code/TSP/data/classic/tsplib/gr120.tsp,helsgaun,65,helsgaun,65,6750.3999999999996,6762.3999999999996,6942
/Users/a/Ayanami/code/TSP/data/classic/tsplib/gr120.tsp,helsgaun,66,helsgaun,66,6763,6763,6942
/Users/a/Ayanami/code/TSP/data/classic/tsplib/gr120.tsp,helsgaun,67,helsgaun,67,6751.8000000000002,6763,6942
/Users/a/Ayanami/code/TSP/data/classic/tsplib/gr120.tsp,helsgaun,68,helsgaun,68,6759.0000000000018,6763,6942
/Users/a/Ayanami/code/TSP/data/classic/tsplib/gr120.tsp,helsgaun,69,helsgaun,69,6769.9999999999991,6769.9999999999991,6942
/Users/a/Ayanami/code/TSP/data/classic/tsplib/gr120.tsp,helsgaun,70,helsgaun,70,6775.199999999998,6775.199999999998,6942
/Users/a/Ayanami/code/TSP/data/classic/tsplib/gr120.tsp,helsgaun,71,helsgaun,71,6778.7999999999984,6778.7999999999984,6942
/Users/a/Ayanami/code/TSP/data/classic/tsplib/gr120.tsp,helsgaun,72,helsgaun,72,6749.6000000000022,6778.7999999999984,6942
/Users/a/Ayanami/code/TSP/data/classic/tsplib/gr120.tsp,helsgaun,73,helsgaun,73,6797.0000000000009,6797.0000000000009,6942
/Users/a/Ayanami/code/TSP/data/classic/tsplib/gr120.tsp,helsgaun,74,helsgaun,74,6730.6000000000004,6797.0000000000009,6942
/Users/a/Ayanami/code/TSP/data/classic/tsplib/gr120.tsp,helsgaun,75,helsgaun,75,6757.6000000000022,6797.0000000000009,6942
/Users/a/Ayanami/code/TSP/data/classic/tsplib/gr120.tsp,helsgaun,76,helsgaun,76,6734.0000000000018,6797.0000000000009,6942
/Users/a/Ayanami/code/TSP/data/classic/tsplib/gr120.tsp,helsgaun,77,helsgaun,77,6770.6000000000022,6797.0000000000009,6942
/Users/a/Ayanami/code/TSP/data/classic/tsplib/gr120.tsp,helsgaun,78,helsgaun,78,6761.0000000000009,6797.0000000000009,6942
/Users/a/Ayanami/code/TSP/data/classic/tsplib/gr120.tsp,helsgaun,79,helsgaun,79,6744.8000000000002,6797.0000000000009,6942
/Users/a/Ayanami/code/TSP/data/classic/tsplib/gr120.tsp,helsgaun,80,helsgaun,80,6750.0000000000009,6797.0000000000009,6942
/Users/a/Ayanami/code/TSP/data/classic/tsplib/gr120.tsp,helsgaun,81,helsgaun,81,6768.0000000000009,6797.0000000000009,6942
/Users/a/Ayanami/code/TSP/data/classic/tsplib/gr120.tsp,helsgaun,82,helsgaun,82,6740.4000000000015,6797.0000000000009,6942
/Users/a/Ayanami/code/TSP/data/classic/tsplib/gr120.tsp,helsgaun,83,helsgaun,83,6768.8000000000011,6797.0000000000009,6942
/Users/a/Ayanami/code/TSP/data/classic/tsplib/gr120.tsp,helsgaun,84,helsgaun,84,6731.3999999999996,6797.0000000000009,6942
/Users/a/Ayanami/code/TSP/data/classic/tsplib/gr120.tsp,helsgaun,85,helsgaun,85,6770,6797.0000000000009,6942
/Users/a/Ayanami/code/TSP/data/classic/tsplib/gr120.tsp,helsgaun,86,helsgaun,86,6781.6000000000031,6797.0000000000009,6942
/Users/a/Ayanami/code/TSP/data/classic/tsplib/gr120.tsp,helsgaun,87,helsgaun,87,6740.6000000000004,6797.0000000000009,6942
/Users/a/Ayanami/code/TSP/data/classic/tsplib/gr120.tsp,helsgaun,88,helsgaun,88,6791.0000000000009,6797.0000000000009,6942
/Users/a/Ayanami/code/TSP/data/classic/tsplib/gr120.tsp,helsgaun,89,helsgaun,89,6736.1999999999998,6797.0000000000009,6942
/Users/a/Ayanami/code/TSP/data/classic/tsplib/gr120.tsp,helsgaun,90,helsgaun,90,6780.8000000000047,6797.0000000000009,6942
/Users/a/Ayanami/code/TSP/data/classic/tsplib/gr120.tsp,helsgaun,91,helsgaun,91,6758.4000000000033,6797.0000000000009,6942
/Users/a/Ayanami/code/TSP/data/classic/tsplib/gr120.tsp,helsgaun,92,helsgaun,92,6819.4000000000005,6819.4000000000005,6942
/Users/a/Ayanami/code/TSP/data/classic/tsplib/gr120.tsp,helsgaun,93,helsgaun,93,6846.600000000004,6846.600000000004,6942
/Users/a/Ayanami/code/TSP/data/classic/tsplib/gr120.tsp,helsgaun,94,helsgaun,94,6854.4000000000042,6854.4000000000042,6942
/Users/a/Ayanami/code/TSP/data/classic/tsplib/gr120.tsp,helsgaun,95,helsgaun,95,6849.8000000000047,6854.4000000000042,6942
/Users/a/Ayanami/code/TSP/data/classic/tsplib/gr120.tsp,helsgaun,96,helsgaun,96,6855.2000000000035,6855.2000000000035,6942
/Users/a/Ayanami/code/TSP/data/classic/tsplib/gr120.tsp,helsgaun,97,helsgaun,97,6858.6000000000022,6858.6000000000022,6942
/Users/a/Ayanami/code/TSP/data/classic/tsplib/gr120.tsp,helsgaun,98,helsgaun,98,6853.2000000000007,6858.6000000000022,6942
/Users/a/Ayanami/code/TSP/data/classic/tsplib/gr120.tsp,helsgaun,99,helsgaun,99,6850.0000000000045,6858.6000000000022,6942
/Users/a/Ayanami/code/TSP/data/classic/tsplib/gr120.tsp,helsgaun,100,helsgaun,100,6843.8000000000011,6858.6000000000022,6942
/Users/a/Ayanami/code/TSP/data/classic/tsplib/gr120.tsp,helsgaun,101,helsgaun,101,6838.4000000000024,6858.6000000000022,6942
/Users/a/Ayanami/code/TSP/data/classic/tsplib/gr120.tsp,helsgaun,102,helsgaun,102,6858.2000000000035,6858.6000000000022,6942
/Users/a/Ayanami/code/TSP/data/classic/tsplib/gr120.tsp,helsgaun,103,helsgaun,103,6862.800000000002,6862.800000000002,6942
/Users/a/Ayanami/code/TSP/data/classic/tsplib/gr120.tsp,helsgaun,104,helsgaun,104,6863.4000000000024,6863.4000000000024,6942
/Users/a/Ayanami/code/TSP/data/classic/tsplib/gr120.tsp,helsgaun,105,helsgaun,105,6855.2000000000016,6863.4000000000024,6942
/Users/a/Ayanami/code/TSP/data/classic/tsplib/gr120.tsp,helsgaun,106,helsgaun,106,6846.6000000000022,6863.4000000000024,6942
/Users/a/Ayanami/code/TSP/data/classic/tsplib/gr120.tsp,helsgaun,107,helsgaun,107,6873.1999999999998,6873.1999999999998,6942
/Users/a/Ayanami/code/TSP/data/classic/tsplib/gr120.tsp,helsgaun,108,helsgaun,108,6880.2000000000016,6880.2000000000016,6942
/Users/a/Ayanami/code/TSP/data/classic/tsplib/gr120.tsp,helsgaun,109,helsgaun,109,6885.8000000000029,6885.8000000000029,6942
/Users/a/Ayanami/code/TSP/data/classic/tsplib/gr120.tsp,helsgaun,110,helsgaun,110,6884.3999999999996,6885.8000000000029,6942
/Users/a/Ayanami/code/TSP/data/classic/tsplib/gr120.tsp,helsgaun,111,helsgaun,111,6890.6000000000022,6890.6000000000022,6942
/Users/a/Ayanami/code/TSP/data/classic/tsplib/gr120.tsp,helsgaun,112,helsgaun,112,6889.800000000002,6890.6000000000022,6942
/Users/a/Ayanami/code/TSP/data/classic/tsplib/gr120.tsp,helsgaun,113,helsgaun,113,6892.6000000000013,6892.6000000000013,6942
/Users/a/Ayanami/code/TSP/data/classic/tsplib/gr120.tsp,helsgaun,114,helsgaun,114,6899.0000000000027,6899.0000000000027,6942
/Users/a/Ayanami/code/TSP/data/classic/tsplib/gr120.tsp,helsgaun,115,helsgaun,115,6897.3000000000002,6899.0000000000027,6942
/Users/a/Ayanami/code/TSP/data/classic/tsplib/gr120.tsp,helsgaun,116,helsgaun,116,6901.2000000000016,6901.2000000000016,6942
/Users/a/Ayanami/code/TSP/data/classic/tsplib/gr120.tsp,hybrid,1,polyak,1,5875,5875,6942
/Users/a/Ayanami/code/TSP/data/classic/tsplib/gr120.tsp,hybrid,2,polyak,2,5070.5121951219517,5875,6942
/Users/a/Ayanami/code/TSP/data/classic/tsplib/gr120.tsp,hybrid,3,polyak,3,5600.9004434589806,5875,6942
/Users/a/Ayanami/code/TSP/data/classic/tsplib/gr120.tsp,hybrid,4,polyak,4,5643.6395642533498,5875,6942
/Users/a/Ayanami/code/TSP/data/classic/tsplib/gr120.tsp,hybrid,5,polyak,5,5525.2875466318455,5875,6942
/Users/a/Ayanami/code/TSP/data/classic/tsplib/gr120.tsp,hybrid,6,polyak,6,5773.2805482103413,5875,6942
/Users/a/Ayanami/code/TSP/data/classic/tsplib/gr120.tsp,hybrid,7,polyak,7,5767.9503989372452,5875,6942
/Users/a/Ayanami/code/TSP/data/classic/tsplib/gr120.tsp,hybrid,8,polyak,8,6030.6827968196567,6030.6827968196567,6942
/Users/a/Ayanami/code/TSP/data/classic/tsplib/gr120.tsp,hybrid,9,polyak,9,6098.4521171323258,6098.4521171323258,6942
/Users/a/Ayanami/code/TSP/data/classic/tsplib/gr120.tsp,hybrid,10,polyak,10,5916.1297434604166,6098.4521171323258,6942
/Users/a/Ayanami/code/TSP/data/classic/tsplib/gr120.tsp,hybrid,11,polyak,11,6231.5988803283608,6231.5988803283608,6942
/Users/a/Ayanami/code/TSP/data/classic/tsplib/gr120.tsp,hybrid,12,polyak,12,6332.3967390229363,6332.3967390229363,6942
/Users/a/Ayanami/code/TSP/data/classic/tsplib/gr120.tsp,hybrid,13,polyak,13,6378.4838606773646,6378.4838606773646,6942
/Users/a/Ayanami/code/TSP/data/classic/tsplib/gr120.tsp,hybrid,14,polyak,14,6233.3834585459617,6378.4838606773646,6942
/Users/a/Ayanami/code/TSP/data/classic/tsplib/gr120.tsp,hybrid,15,polyak,15,6288.9660045942801,6378.4838606773646,6942
/Users/a/Ayanami/code/TSP/data/classic/tsplib/gr120.tsp,hybrid,16,polyak,16,6223.1963736851403,6378.4838606773646,6942
/Users/a/Ayanami/code/TSP/data/classic/tsplib/gr120.tsp,hybrid,17,polyak,17,6130.7253237416962,6378.4838606773646,6942
/Users/a/Ayanami/code/TSP/data/classic/tsplib/gr120.tsp,hybrid,18,polyak,18,6137.3082958183168,6378.4838606773646,6942
/Users/a/Ayanami/code/TSP/data/classic/tsplib/gr120.tsp,hybrid,19,polyak,19,6114.3506322601252,6378.4838606773646,6942
/Users/a/Ayanami/code/TSP/data/classic/tsplib/gr120.tsp,hybrid,20,polyak,20,6274.3743677332141,6378.4838606773646,6942
/Users/a/Ayanami/code/TSP/data/classic/tsplib/gr120.tsp,hybrid,21,polyak,21,6184.2796959934958,6378.4838606773646,6942
/Users/a/Ayanami/code/TSP/data/classic/tsplib/gr120.tsp,hybrid,22,polyak,22,6265.562001546411,6378.4838606773646,6942
/Users/a/Ayanami/code/TSP/data/classic/tsplib/gr120.tsp,hybrid,23,polyak,23,6178.1058291432919,6378.4838606773646,6942
/Users/a/Ayanami/code/TSP/data/classic/tsplib/gr120.tsp,hybrid,24,polyak,24,6090.0916238443015,6378.4838606773646,6942
/Users/a/Ayanami/code/TSP/data/classic/tsplib/gr120.tsp,hybrid,25,polyak,25,6095.2976125976566,6378.4838606773646,6942
/Users/a/Ayanami/code/TSP/data/classic/tsplib/gr120.tsp,hybrid,26,polyak,26,6130.5296952822082,6378.4838606773646,6942
/Users/a/Ayanami/code/TSP/data/classic/tsplib/gr120.tsp,hybrid,27,polyak,27,6520.5145259948149,6520.5145259948149,6942
/Users/a/Ayanami/code/TSP/data/classic/tsplib/gr120.tsp,hybrid,28,polyak,28,6653.762627129011,6653.762627129011,6942
/Users/a/Ayanami/code/TSP/data/classic/tsplib/gr120.tsp,hybrid,29,polyak,29,6718.6111829288666,6718.6111829288666,6942
/Users/a/Ayanami/code/TSP/data/classic/tsplib/gr120.tsp,hybrid,30,polyak,30,6728.8209484402278,6728.8209484402278,6942
/Users/a/Ayanami/code/TSP/data/classic/tsplib/gr120.tsp,hybrid,31,polyak,31,6738.6642897339188,6738.6642897339188,6942
/Users/a/Ayanami/code/TSP/data/classic/tsplib/gr120.tsp,hybrid,32,polyak,32,6743.8725879489912,6743.8725879489912,6942
/Users/a/Ayanami/code/TSP/data/classic/tsplib/gr120.tsp,hybrid,33,polyak,33,6717.4152131130031,6743.8725879489912,6942
/Users/a/Ayanami/code/TSP/data/classic/tsplib/gr120.tsp,hybrid,34,polyak,34,6731.6687548740983,6743.8725879489912,6942
/Users/a/Ayanami/code/TSP/data/classic/tsplib/gr120.tsp,hybrid,35,polyak,35,6752.3683703823681,6752.3683703823681,6942
/Users/a/Ayanami/code/TSP/data/classic/tsplib/gr120.tsp,hybrid,36,polyak,36,6764.8851801694564,6764.8851801694564,6942
/Users/a/Ayanami/code/TSP/data/classic/tsplib/gr120.tsp,hybrid,37,polyak,37,6730.2259956165244,6764.8851801694564,6942
/Users/a/Ayanami/code/TSP/data/classic/tsplib/gr120.tsp,hybrid,38,polyak,38,6765.6312491272238,6765.6312491272238,6942
/Users/a/Ayanami/code/TSP/data/classic/tsplib/gr120.tsp,hybrid,39,polyak,39,6743.3816100314734,6765.6312491272238,6942
/Users/a/Ayanami/code/TSP/data/classic/tsplib/gr120.tsp,hybrid,40,polyak,40,6751.2875047092566,6765.6312491272238,6942
/Users/a/Ayanami/code/TSP/data/classic/tsplib/gr120.tsp,hybrid,41,polyak,41,6768.848325748595,6768.848325748595,6942
/Users/a/Ayanami/code/TSP/data/classic/tsplib/gr120.tsp,hybrid,42,polyak,42,6778.2241454130044,6778.2241454130044,6942
/Users/a/Ayanami/code/TSP/data/classic/tsplib/gr120.tsp,hybrid,43,polyak,43,6754.8691105028765,6778.2241454130044,6942
/Users/a/Ayanami/code/TSP/data/classic/tsplib/gr120.tsp,hybrid,44,polyak,44,6766.0683688405579,6778.2241454130044,6942
/Users/a/Ayanami/code/TSP/data/classic/tsplib/gr120.tsp,hybrid,45,polyak,45,6764.4811364548113,6778.2241454130044,6942
/Users/a/Ayanami/code/TSP/data/classic/tsplib/gr120.tsp,hybrid,46,polyak,46,6748.6561169023962,6778.2241454130044,6942
/Users/a/Ayanami/code/TSP/data/classic/tsplib/gr120.tsp,hybrid,47,polyak,47,6793.8991120882101,6793.8991120882101,6942
/Users/a/Ayanami/code/TSP/data/classic/tsplib/gr120.tsp,hybrid,48,polyak,48,6731.6208987593491,6793.8991120882101,6942
/Users/a/Ayanami/code/TSP/data/classic/tsplib/gr120.tsp,hybrid,49,polyak,49,6749.7257777589866,6793.8991120882101,6942
/Users/a/Ayanami/code/TSP/data/classic/tsplib/gr120.tsp,hybrid,50,polyak,50,6797.0926735145131,6797.0926735145131,6942
/Users/a/Ayanami/code/TSP/data/classic/tsplib/gr120.tsp,hybrid,51,polyak,51,6749.3529041003776,6797.0926735145131,6942
/Users/a/Ayanami/code/TSP/data/classic/tsplib/gr120.tsp,hybrid,52,polyak,52,6735.1025161274692,6797.0926735145131,6942
/Users/a/Ayanami/code/TSP/data/classic/tsplib/gr120.tsp,hybrid,53,polyak,53,6755.8732437676845,6797.0926735145131,6942
/Users/a/Ayanami/code/TSP/data/classic/tsplib/gr120.tsp,hybrid,54,polyak,54,6775.7488937777844,6797.0926735145131,6942
/Users/a/Ayanami/code/TSP/data/classic/tsplib/gr120.tsp,hybrid,55,polyak,55,6727.4005350149855,6797.0926735145131,6942
/Users/a/Ayanami/code/TSP/data/classic/tsplib/gr120.tsp,hybrid,56,polyak,56,6775.50417710084,6797.0926735145131,6942
/Users/a/Ayanami/code/TSP/data/classic/tsplib/gr120.tsp,hybrid,57,polyak,57,6743.4066048723507,6797.0926735145131,6942
/Users/a/Ayanami/code/TSP/data/classic/tsplib/gr120.tsp,hybrid,58,polyak,58,6789.9927791191049,6797.0926735145131,6942
/Users/a/Ayanami/code/TSP/data/classic/tsplib/gr120.tsp,hybrid,59,polyak,59,6739.2161882810078,6797.0926735145131,6942
/Users/a/Ayanami/code/TSP/data/classic/tsplib/gr120.tsp,hybrid,60,polyak,60,6758.1409579218389,6797.0926735145131,6942
/Users/a/Ayanami/code/TSP/data/classic/tsplib/gr120.tsp,hybrid,61,polyak,61,6762.5453902146173,6797.0926735145131,6942
/Users/a/Ayanami/code/TSP/data/classic/tsplib/gr120.tsp,hybrid,62,polyak,62,6754.4928453826205,6797.0926735145131,6942
/Users/a/Ayanami/code/TSP/data/classic/tsplib/gr120.tsp,hybrid,63,polyak,63,6759.0515432405109,6797.0926735145131,6942
/Users/a/Ayanami/code/TSP/data/classic/tsplib/gr120.tsp,hybrid,64,polyak,64,6839.5196892650201,6839.5196892650201,6942
/Users/a/Ayanami/code/TSP/data/classic/tsplib/gr120.tsp,hybrid,65,polyak,65,6842.9968992823042,6842.9968992823042,6942
/Users/a/Ayanami/code/TSP/data/classic/tsplib/gr120.tsp,hybrid,66,polyak,66,6852.7567241012939,6852.7567241012939,6942
/Users/a/Ayanami/code/TSP/data/classic/tsplib/gr120.tsp,hybrid,67,polyak,67,6849.7382677212236,6852.7567241012939,6942
/Users/a/Ayanami/code/TSP/data/classic/tsplib/gr120.tsp,hybrid,68,polyak,68,6857.0270205442175,6857.0270205442175,6942
/Users/a/Ayanami/code/TSP/data/classic/tsplib/gr120.tsp,hybrid,69,polyak,69,6850.3645752052889,6857.0270205442175,6942
/Users/a/Ayanami/code/TSP/data/classic/tsplib/gr120.tsp,hybrid,70,polyak,70,6857.459002526135,6857.459002526135,6942
/Users/a/Ayanami/code/TSP/data/classic/tsplib/gr120.tsp,hybrid,71,polyak,71,6853.7105122818193,6857.459002526135,6942
/Users/a/Ayanami/code/TSP/data/classic/tsplib/gr120.tsp,hybrid,72,polyak,72,6854.3132842602326,6857.459002526135,6942
/Users/a/Ayanami/code/TSP/data/classic/tsplib/gr120.tsp,hybrid,73,polyak,73,6847.0728180923952,6857.459002526135,6942
/Users/a/Ayanami/code/TSP/data/classic/tsplib/gr120.tsp,hybrid,74,polyak,74,6854.2385738273788,6857.459002526135,6942
/Users/a/Ayanami/code/TSP/data/classic/tsplib/gr120.tsp,hybrid,75,polyak,75,6863.289092050295,6863.289092050295,6942
/Users/a/Ayanami/code/TSP/data/classic/tsplib/gr120.tsp,hybrid,76,polyak,76,6852.0806523893298,6863.289092050295,6942
/Users/a/Ayanami/code/TSP/data/classic/tsplib/gr120.tsp,hybrid,77,polyak,77,6859.9755531211931,6863.289092050295,6942
/Users/a/Ayanami/code/TSP/data/classic/tsplib/gr120.tsp,hybrid,78,polyak,78,6845.1189770016763,6863.289092050295,6942
/Users/a/Ayanami/code/TSP/data/classic/tsplib/gr120.tsp,hybrid,79,polyak,79,6853.4135822735016,6863.289092050295,6942
/Users/a/Ayanami/code/TSP/data/classic/tsplib/gr120.tsp,hybrid,80,polyak,80,6872.0302996516684,6872.0302996516684,6942
/Users/a/Ayanami/code/TSP/data/classic/tsplib/gr120.tsp,hybrid,81,polyak,81,6851.5405341669493,6872.0302996516684,6942
/Users/a/Ayanami/code/TSP/data/classic/tsplib/gr120.tsp,hybrid,82,polyak,82,6866.5913517473427,6872.0302996516684,6942
/Users/a/Ayanami/code/TSP/data/classic/tsplib/gr120.tsp,hybrid,83,polyak,83,6843.3735886637915,6872.0302996516684,6942
/Users/a/Ayanami/code/TSP/data/classic/tsplib/gr120.tsp,hybrid,84,polyak,84,6866.8682970419359,6872.0302996516684,6942
/Users/a/Ayanami/code/TSP/data/classic/tsplib/gr120.tsp,hybrid,85,polyak,85,6841.6898055352813,6872.0302996516684,6942
/Users/a/Ayanami/code/TSP/data/classic/tsplib/gr120.tsp,hybrid,86,polyak,86,6861.7501736350532,6872.0302996516684,6942
/Users/a/Ayanami/code/TSP/data/classic/tsplib/gr120.tsp,hybrid,87,polyak,87,6853.3288274962688,6872.0302996516684,6942
/Users/a/Ayanami/code/TSP/data/classic/tsplib/gr120.tsp,hybrid,88,polyak,88,6861.3716083584995,6872.0302996516684,6942
/Users/a/Ayanami/code/TSP/data/classic/tsplib/gr120.tsp,hybrid,89,polyak,89,6858.2618239419153,6872.0302996516684,6942
/Users/a/Ayanami/code/TSP/data/classic/tsplib/gr120.tsp,hybrid,90,polyak,90,6853.2451788035241,6872.0302996516684,6942
/Users/a/Ayanami/code/TSP/data/classic/tsplib/gr120.tsp,hybrid,91,polyak,91,6848.0002926525403,6872.0302996516684,6942
/Users/a/Ayanami/code/TSP/data/classic/tsplib/gr120.tsp,hybrid,92,polyak,92,6862.5466471999862,6872.0302996516684,6942
/Users/a/Ayanami/code/TSP/data/classic/tsplib/gr120.tsp,hybrid,93,polyak,93,6846.4854408449619,6872.0302996516684,6942
/Users/a/Ayanami/code/TSP/data/classic/tsplib/gr120.tsp,hybrid,94,polyak,94,6883.8164865642138,6883.8164865642138,6942
/Users/a/Ayanami/code/TSP/data/classic/tsplib/gr120.tsp,hybrid,95,polyak,95,6878.5197366378206,6883.8164865642138,6942
/Users/a/Ayanami/code/TSP/data/classic/tsplib/gr120.tsp,hybrid,96,polyak,96,6885.8996487694712,6885.8996487694712,6942
/Users/a/Ayanami/code/TSP/data/classic/tsplib/gr120.tsp,hybrid,97,polyak,97,6884.1552008671642,6885.8996487694712,6942
/Users/a/Ayanami/code/TSP/data/classic/tsplib/gr120.tsp,hybrid,98,polyak,98,6885.6575715043427,6885.8996487694712,6942
/Users/a/Ayanami/code/TSP/data/classic/tsplib/gr120.tsp,hybrid,99,polyak,99,6883.2770072829353,6885.8996487694712,6942
/Users/a/Ayanami/code/TSP/data/classic/tsplib/gr120.tsp,hybrid,100,polyak,100,6891.9875314833371,6891.9875314833371,6942
/Users/a/Ayanami/code/TSP/data/classic/tsplib/gr120.tsp,hybrid,101,polyak,101,6878.3694668174785,6891.9875314833371,6942
/Users/a/Ayanami/code/TSP/data/classic/tsplib/gr120.tsp,hybrid,102,polyak,102,6889.4659731821521,6891.9875314833371,6942
/Users/a/Ayanami/code/TSP/data/classic/tsplib/gr120.tsp,hybrid,103,polyak,103,6883.2434743421636,6891.9875314833371,6942
/Users/a/Ayanami/code/TSP/data/classic/tsplib/gr120.tsp,hybrid,104,polyak,104,6880.4933536552344,6891.9875314833371,6942
/Users/a/Ayanami/code/TSP/data/classic/tsplib/gr120.tsp,hybrid,105,polyak,105,6887.6706685420841,6891.9875314833371,6942
/Users/a/Ayanami/code/TSP/data/classic/tsplib/gr120.tsp,hybrid,106,polyak,106,6878.3544059300903,6891.9875314833371,6942
/Users/a/Ayanami/code/TSP/data/classic/tsplib/gr120.tsp,hybrid,107,polyak,107,6893.0144435900911,6893.0144435900911,6942
/Users/a/Ayanami/code/TSP/data/classic/tsplib/gr120.tsp,hybrid,108,polyak,108,6873.7076323617193,6893.0144435900911,6942
/Users/a/Ayanami/code/TSP/data/classic/tsplib/gr120.tsp,hybrid,109,polyak,109,6893.5032184537131,6893.5032184537131,6942
/Users/a/Ayanami/code/TSP/data/classic/tsplib/gr120.tsp,hybrid,110,polyak,110,6872.5641670093055,6893.5032184537131,6942
/Users/a/Ayanami/code/TSP/data/classic/tsplib/gr120.tsp,hybrid,111,polyak,111,6888.1251576755421,6893.5032184537131,6942
/Users/a/Ayanami/code/TSP/data/classic/tsplib/gr120.tsp,hybrid,112,polyak,112,6884.1423640417706,6893.5032184537131,6942
/Users/a/Ayanami/code/TSP/data/classic/tsplib/gr120.tsp,hybrid,113,polyak,113,6885.261744117026,6893.5032184537131,6942
/Users/a/Ayanami/code/TSP/data/classic/tsplib/gr120.tsp,hybrid,114,polyak,114,6884.9732257081341,6893.5032184537131,6942
/Users/a/Ayanami/code/TSP/data/classic/tsplib/gr120.tsp,hybrid,115,polyak,115,6883.4170260694282,6893.5032184537131,6942
/Users/a/Ayanami/code/TSP/data/classic/tsplib/gr120.tsp,hybrid,116,polyak,116,6886.5992830886253,6893.5032184537131,6942
/Users/a/Ayanami/code/TSP/data/classic/tsplib/gr120.tsp,hybrid,117,polyak,117,6884.4105125545229,6893.5032184537131,6942
/Users/a/Ayanami/code/TSP/data/classic/tsplib/gr120.tsp,hybrid,118,polyak,118,6883.034987607145,6893.5032184537131,6942
/Users/a/Ayanami/code/TSP/data/classic/tsplib/gr120.tsp,hybrid,119,polyak,119,6890.4639920898571,6893.5032184537131,6942
/Users/a/Ayanami/code/TSP/data/classic/tsplib/gr120.tsp,hybrid,120,polyak,120,6879.3912842907548,6893.5032184537131,6942
/Users/a/Ayanami/code/TSP/data/classic/tsplib/gr120.tsp,hybrid,121,polyak,121,6888.8257377039845,6893.5032184537131,6942
/Users/a/Ayanami/code/TSP/data/classic/tsplib/gr120.tsp,hybrid,122,polyak,122,6877.1303623708463,6893.5032184537131,6942
/Users/a/Ayanami/code/TSP/data/classic/tsplib/gr120.tsp,hybrid,123,polyak,123,6895.9575315767797,6895.9575315767797,6942
/Users/a/Ayanami/code/TSP/data/classic/tsplib/gr120.tsp,hybrid,124,polyak,124,6895.0934576306136,6895.9575315767797,6942
/Users/a/Ayanami/code/TSP/data/classic/tsplib/gr120.tsp,hybrid,125,polyak,125,6897.6568629389139,6897.6568629389139,6942
/Users/a/Ayanami/code/TSP/data/classic/tsplib/gr120.tsp,hybrid,126,polyak,126,6900.363523288398,6900.363523288398,6942
/Users/a/Ayanami/code/TSP/data/classic/tsplib/gr120.tsp,hybrid,127,polyak,127,6897.9726800769986,6900.363523288398,6942
/Users/a/Ayanami/code/TSP/data/classic/tsplib/gr120.tsp,hybrid,128,polyak,128,6898.5088549457596,6900.363523288398,6942
/Users/a/Ayanami/code/TSP/data/classic/tsplib/gr120.tsp,hybrid,129,polyak,129,6896.97507217371,6900.363523288398,6942
/Users/a/Ayanami/code/TSP/data/classic/tsplib/gr120.tsp,hybrid,130,polyak,130,6901.3927201625438,6901.3927201625438,6942
/Users/a/Ayanami/code/TSP/data/classic/tsplib/gr120.tsp,hybrid,131,polyak,131,6898.4441049662992,6901.3927201625438,6942
/Users/a/Ayanami/code/TSP/data/classic/tsplib/gr120.tsp,hybrid,132,polyak,132,6898.4343580847808,6901.3927201625438,6942
/Users/a/Ayanami/code/TSP/data/classic/tsplib/gr120.tsp,hybrid,133,polyak,133,6899.8967448895437,6901.3927201625438,6942
/Users/a/Ayanami/code/TSP/data/classic/tsplib/gr120.tsp,hybrid,134,polyak,134,6900.2590771407049,6901.3927201625438,6942
/Users/a/Ayanami/code/TSP/data/classic/tsplib/gr120.tsp,hybrid,135,polyak,135,6896.364046054523,6901.3927201625438,6942
/Users/a/Ayanami/code/TSP/data/classic/tsplib/gr120.tsp,hybrid,136,polyak,136,6901.3153017997192,6901.3927201625438,6942
/Users/a/Ayanami/code/TSP/data/classic/tsplib/gr120.tsp,hybrid,137,polyak,137,6897.5857720289105,6901.3927201625438,6942
/Users/a/Ayanami/code/TSP/data/classic/tsplib/gr120.tsp,hybrid,138,polyak,138,6900.8432547554376,6901.3927201625438,6942
/Users/a/Ayanami/code/TSP/data/classic/tsplib/gr120.tsp,hybrid,139,polyak,139,6898.6468020924049,6901.3927201625438,6942
/Users/a/Ayanami/code/TSP/data/classic/tsplib/gr120.tsp,hybrid,140,polyak,140,6897.3748045680686,6901.3927201625438,6942
/Users/a/Ayanami/code/TSP/data/classic/tsplib/gr120.tsp,hybrid,141,polyak,141,6900.9881212751498,6901.3927201625438,6942
/Users/a/Ayanami/code/TSP/data/classic/tsplib/gr120.tsp,hybrid,142,polyak,142,6894.7964160897463,6901.3927201625438,6942
/Users/a/Ayanami/code/TSP/data/classic/tsplib/gr120.tsp,hybrid,143,polyak,143,6899.9363664169177,6901.3927201625438,6942
/Users/a/Ayanami/code/TSP/data/classic/tsplib/gr120.tsp,hybrid,144,polyak,144,6903.5230157950073,6903.5230157950073,6942
/Users/a/Ayanami/code/TSP/data/classic/tsplib/gr120.tsp,hybrid,145,polyak,145,6903.7525875189049,6903.7525875189049,6942
/Users/a/Ayanami/code/TSP/data/classic/tsplib/gr120.tsp,hybrid,146,polyak,146,6904.691510996111,6904.691510996111,6942
/Users/a/Ayanami/code/TSP/data/classic/tsplib/gr120.tsp,hybrid,147,polyak,147,6904.3349002924915,6904.691510996111,6942
/Users/a/Ayanami/code/TSP/data/classic/tsplib/gr120.tsp,hybrid,148,polyak,148,6905.6477827338113,6905.6477827338113,6942
/Users/a/Ayanami/code/TSP/data/classic/tsplib/gr120.tsp,hybrid,149,polyak,149,6903.3950645867717,6905.6477827338113,6942
/Users/a/Ayanami/code/TSP/data/classic/tsplib/gr120.tsp,hybrid,150,polyak,150,6904.950216117024,6905.6477827338113,6942
/Users/a/Ayanami/code/TSP/data/classic/tsplib/gr120.tsp,hybrid,151,polyak,151,6904.3764961355828,6905.6477827338113,6942
/Users/a/Ayanami/code/TSP/data/classic/tsplib/gr120.tsp,hybrid,152,polyak,152,6905.4881327354851,6905.6477827338113,6942
/Users/a/Ayanami/code/TSP/data/classic/tsplib/gr120.tsp,hybrid,153,polyak,153,6904.2183888808131,6905.6477827338113,6942
/Users/a/Ayanami/code/TSP/data/classic/tsplib/gr120.tsp,hybrid,154,polyak,154,6905.8642788325815,6905.8642788325815,6942
/Users/a/Ayanami/code/TSP/data/classic/tsplib/gr120.tsp,hybrid,155,polyak,155,6903.4662030554719,6905.8642788325815,6942
/Users/a/Ayanami/code/TSP/data/classic/tsplib/gr120.tsp,hybrid,156,polyak,156,6905.781519045082,6905.8642788325815,6942
/Users/a/Ayanami/code/TSP/data/classic/tsplib/gr120.tsp,hybrid,157,polyak,157,6904.926271066297,6905.8642788325815,6942
/Users/a/Ayanami/code/TSP/data/classic/tsplib/gr120.tsp,hybrid,158,polyak,158,6905.2957568768425,6905.8642788325815,6942
/Users/a/Ayanami/code/TSP/data/classic/tsplib/gr120.tsp,hybrid,159,polyak,159,6904.5644016811511,6905.8642788325815,6942
/Users/a/Ayanami/code/TSP/data/classic/tsplib/gr120.tsp,hybrid,160,polyak,160,6906.1013907281767,6906.1013907281767,6942
/Users/a/Ayanami/code/TSP/data/classic/tsplib/gr120.tsp,hybrid,161,polyak,161,6905.0877916987838,6906.1013907281767,6942
/Users/a/Ayanami/code/TSP/data/classic/tsplib/gr120.tsp,hybrid,162,polyak,162,6906.3927302288375,6906.3927302288375,6942
/Users/a/Ayanami/code/TSP/data/classic/tsplib/gr120.tsp,hybrid,163,polyak,163,6903.889902424331,6906.3927302288375,6942
/Users/a/Ayanami/code/TSP/data/classic/tsplib/gr120.tsp,hybrid,164,polyak,164,6907.0212808042288,6907.0212808042288,6942
/Users/a/Ayanami/code/TSP/data/classic/tsplib/gr120.tsp,hybrid,165,polyak,165,6903.1589158111692,6907.0212808042288,6942
/Users/a/Ayanami/code/TSP/data/classic/tsplib/gr120.tsp,hybrid,166,polyak,166,6906.0351094599273,6907.0212808042288,6942
/Users/a/Ayanami/code/TSP/data/classic/tsplib/gr120.tsp,hybrid,167,polyak,167,6905.5974821435275,6907.0212808042288,6942
/Users/a/Ayanami/code/TSP/data/classic/tsplib/gr120.tsp,hybrid,168,polyak,168,6905.0969925248855,6907.0212808042288,6942
/Users/a/Ayanami/code/TSP/data/classic/tsplib/gr120.tsp,hybrid,169,polyak,169,6905.6784878378776,6907.0212808042288,6942
/Users/a/Ayanami/code/TSP/data/classic/tsplib/gr120.tsp,hybrid,170,polyak,170,6902.6634788375259,6907.0212808042288,6942
/Users/a/Ayanami/code/TSP/data/classic/tsplib/gr120.tsp,hybrid,171,polyak,171,6908.2192225382278,6908.2192225382278,6942
/Users/a/Ayanami/code/TSP/data/classic/tsplib/gr120.tsp,hybrid,172,polyak,172,6902.4120170681554,6908.2192225382278,6942
/Users/a/Ayanami/code/TSP/data/classic/tsplib/gr120.tsp,hybrid,173,polyak,173,6908.2423855587685,6908.2423855587685,6942
/Users/a/Ayanami/code/TSP/data/classic/tsplib/gr120.tsp,hybrid,174,polyak,174,6903.0093216088189,6908.2423855587685,6942
/Users/a/Ayanami/code/TSP/data/classic/tsplib/gr120.tsp,hybrid,175,polyak,175,6906.5692254527694,6908.2423855587685,6942
/Users/a/Ayanami/code/TSP/data/classic/tsplib/gr120.tsp,hybrid,176,polyak,176,6905.4218165681632,6908.2423855587685,6942
/Users/a/Ayanami/code/TSP/data/classic/tsplib/gr120.tsp,hybrid,177,polyak,177,6904.9744208577413,6908.2423855587685,6942
/Users/a/Ayanami/code/TSP/data/classic/tsplib/gr120.tsp,hybrid,178,polyak,178,6906.4525563262687,6908.2423855587685,6942
/Users/a/Ayanami/code/TSP/data/classic/tsplib/gr120.tsp,hybrid,179,polyak,179,6903.9871082703794,6908.2423855587685,6942
/Users/a/Ayanami/code/TSP/data/classic/tsplib/gr120.tsp,hybrid,180,polyak,180,6906.704580707079,6908.2423855587685,6942
/Users/a/Ayanami/code/TSP/data/classic/tsplib/gr120.tsp,hybrid,181,polyak,181,6903.8870174639378,6908.2423855587685,6942
/Users/a/Ayanami/code/TSP/data/classic/tsplib/gr120.tsp,hybrid,182,polyak,182,6905.2423115701558,6908.2423855587685,6942
/Users/a/Ayanami/code/TSP/data/classic/tsplib/gr120.tsp,hybrid,183,polyak,183,6905.0203831765457,6908.2423855587685,6942
/Users/a/Ayanami/code/TSP/data/classic/tsplib/gr120.tsp,hybrid,184,polyak,184,6904.931373905838,6908.2423855587685,6942
/Users/a/Ayanami/code/TSP/data/classic/tsplib/gr120.tsp,hybrid,185,polyak,185,6905.8439758206341,6908.2423855587685,6942
/Users/a/Ayanami/code/TSP/data/classic/tsplib/gr120.tsp,hybrid,186,polyak,186,6903.637028200098,6908.2423855587685,6942
/Users/a/Ayanami/code/TSP/data/classic/tsplib/gr120.tsp,hybrid,187,polyak,187,6908.0050073079201,6908.2423855587685,6942
/Users/a/Ayanami/code/TSP/data/classic/tsplib/gr120.tsp,hybrid,188,polyak,188,6907.1283690280479,6908.2423855587685,6942
/Users/a/Ayanami/code/TSP/data/classic/tsplib/gr120.tsp,hybrid,189,polyak,189,6908.1839695252556,6908.2423855587685,6942
/Users/a/Ayanami/code/TSP/data/classic/tsplib/gr120.tsp,hybrid,190,polyak,190,6907.317356161212,6908.2423855587685,6942
/Users/a/Ayanami/code/TSP/data/classic/tsplib/gr120.tsp,hybrid,191,polyak,191,6908.9851616418273,6908.9851616418273,6942
/Users/a/Ayanami/code/TSP/data/classic/tsplib/gr120.tsp,hybrid,192,polyak,192,6906.3401854705698,6908.9851616418273,6942
/Users/a/Ayanami/code/TSP/data/classic/tsplib/gr120.tsp,hybrid,193,polyak,193,6909.4260561034826,6909.4260561034826,6942
/Users/a/Ayanami/code/TSP/data/classic/tsplib/gr120.tsp,hybrid,194,polyak,194,6906.7407312692558,6909.4260561034826,6942
/Users/a/Ayanami/code/TSP/data/classic/tsplib/gr120.tsp,hybrid,195,polyak,195,6908.9362881248526,6909.4260561034826,6942
/Users/a/Ayanami/code/TSP/data/classic/tsplib/gr120.tsp,hybrid,196,polyak,196,6906.9733528548722,6909.4260561034826,6942
/Users/a/Ayanami/code/TSP/data/classic/tsplib/gr120.tsp,hybrid,197,polyak,197,6909.2607114169532,6909.4260561034826,6942
/Users/a/Ayanami/code/TSP/data/classic/tsplib/gr120.tsp,hybrid,198,polyak,198,6906.7043446990274,6909.4260561034826,6942
/Users/a/Ayanami/code/TSP/data/classic/tsplib/gr120.tsp,hybrid,199,polyak,199,6908.5024236679001,6909.4260561034826,6942
/Users/a/Ayanami/code/TSP/data/classic/tsplib/gr120.tsp,hybrid,200,polyak,200,6908.5518342509677,6909.4260561034826,6942
/Users/a/Ayanami/code/TSP/data/classic/tsplib/gr120.tsp,hybrid,201,polyak,201,6908.2457802221097,6909.4260561034826,6942
/Users/a/Ayanami/code/TSP/data/classic/tsplib/gr120.tsp,hybrid,202,polyak,202,6907.8718517072593,6909.4260561034826,6942
/Users/a/Ayanami/code/TSP/data/classic/tsplib/gr120.tsp,hybrid,203,polyak,203,6908.0530323565126,6909.4260561034826,6942
/Users/a/Ayanami/code/TSP/data/classic/tsplib/gr120.tsp,hybrid,204,polyak,204,6908.2820972283707,6909.4260561034826,6942
/Users/a/Ayanami/code/TSP/data/classic/tsplib/gr120.tsp,hybrid,205,polyak,205,6908.267794944406,6909.4260561034826,6942
/Users/a/Ayanami/code/TSP/data/classic/tsplib/gr120.tsp,hybrid,206,polyak,206,6908.1520123219316,6909.4260561034826,6942
/Users/a/Ayanami/code/TSP/data/classic/tsplib/gr120.tsp,hybrid,207,polyak,207,6909.7829512186645,6909.7829512186645,6942
/Users/a/Ayanami/code/TSP/data/classic/tsplib/gr120.tsp,hybrid,208,polyak,208,6909.4385919546503,6909.7829512186645,6942
/Users/a/Ayanami/code/TSP/data/classic/tsplib/gr120.tsp,hybrid,209,polyak,209,6909.4307140337532,6909.7829512186645,6942
/Users/a/Ayanami/code/TSP/data/classic/tsplib/gr120.tsp,hybrid,210,polyak,210,6909.7319286285338,6909.7829512186645,6942
/Users/a/Ayanami/code/TSP/data/classic/tsplib/gr120.tsp,hybrid,211,polyak,211,6909.247239524112,6909.7829512186645,6942
/Users/a/Ayanami/code/TSP/data/classic/tsplib/gr120.tsp,hybrid,212,polyak,212,6910.1296683133796,6910.1296683133796,6942
/Users/a/Ayanami/code/TSP/data/classic/tsplib/gr120.tsp,hybrid,213,polyak,213,6909.2379464309734,6910.1296683133796,6942
/Users/a/Ayanami/code/TSP/data/classic/tsplib/gr120.tsp,hybrid,214,polyak,214,6910.0895921783267,6910.1296683133796,6942
/Users/a/Ayanami/code/TSP/data/classic/tsplib/gr120.tsp,hybrid,215,polyak,215,6909.0690355204852,6910.1296683133796,6942
/Users/a/Ayanami/code/TSP/data/classic/tsplib/gr120.tsp,hybrid,216,polyak,216,6910.4032204573696,6910.4032204573696,6942
/Users/a/Ayanami/code/TSP/data/classic/tsplib/gr120.tsp,hybrid,217,polyak,217,6909.1569018065811,6910.4032204573696,6942
/Users/a/Ayanami/code/TSP/data/classic/tsplib/gr120.tsp,hybrid,218,polyak,218,6909.6430147824449,6910.4032204573696,6942
/Users/a/Ayanami/code/TSP/data/classic/tsplib/gr120.tsp,hybrid,219,polyak,219,6909.9053431613002,6910.4032204573696,6942
/Users/a/Ayanami/code/TSP/data/classic/tsplib/gr120.tsp,hybrid,220,polyak,220,6909.3889017183046,6910.4032204573696,6942
/Users/a/Ayanami/code/TSP/data/classic/tsplib/gr120.tsp,hybrid,221,polyak,221,6910.1689110956122,6910.4032204573696,6942
/Users/a/Ayanami/code/TSP/data/classic/tsplib/gr120.tsp,hybrid,222,polyak,222,6909.0424582845108,6910.4032204573696,6942
/Users/a/Ayanami/code/TSP/data/classic/tsplib/gr120.tsp,hybrid,223,polyak,223,6910.4478667157391,6910.4478667157391,6942
/Users/a/Ayanami/code/TSP/data/classic/tsplib/gr120.tsp,hybrid,224,polyak,224,6908.9435237316966,6910.4478667157391,6942
/Users/a/Ayanami/code/TSP/data/classic/tsplib/gr120.tsp,hybrid,225,polyak,225,6910.2527717367302,6910.4478667157391,6942
/Users/a/Ayanami/code/TSP/data/classic/tsplib/gr120.tsp,hybrid,226,polyak,226,6909.0082797372525,6910.4478667157391,6942
/Users/a/Ayanami/code/TSP/data/classic/tsplib/gr120.tsp,hybrid,227,polyak,227,6910.0685838260442,6910.4478667157391,6942
/Users/a/Ayanami/code/TSP/data/classic/tsplib/gr120.tsp,hybrid,228,polyak,228,6909.2639662387146,6910.4478667157391,6942
/Users/a/Ayanami/code/TSP/data/classic/tsplib/gr120.tsp,hybrid,229,polyak,229,6909.7215501328101,6910.4478667157391,6942
/Users/a/Ayanami/code/TSP/data/classic/tsplib/gr120.tsp,hybrid,230,polyak,230,6909.6920107685555,6910.4478667157391,6942
/Users/a/Ayanami/code/TSP/data/classic/tsplib/gr120.tsp,hybrid,231,polyak,231,6909.7583415689642,6910.4478667157391,6942
/Users/a/Ayanami/code/TSP/data/classic/tsplib/gr120.tsp,hybrid,232,polyak,232,6909.7765501579388,6910.4478667157391,6942
/Users/a/Ayanami/code/TSP/data/classic/tsplib/gr120.tsp,hybrid,233,polyak,233,6909.4823056829437,6910.4478667157391,6942
/Users/a/Ayanami/code/TSP/data/classic/tsplib/gr120.tsp,hybrid,234,polyak,234,6909.985790169856,6910.4478667157391,6942
/Users/a/Ayanami/code/TSP/data/classic/tsplib/gr120.tsp,hybrid,235,polyak,235,6909.3548573846538,6910.4478667157391,6942
/Users/a/Ayanami/code/TSP/data/classic/tsplib/gr120.tsp,hybrid,236,polyak,236,6910.1006376152009,6910.4478667157391,6942
/Users/a/Ayanami/code/TSP/data/classic/tsplib/gr120.tsp,hybrid,237,polyak,237,6910.5441834716294,6910.5441834716294,6942
/Users/a/Ayanami/code/TSP/data/classic/tsplib/gr120.tsp,hybrid,238,polyak,238,6910.1180540445275,6910.5441834716294,6942
/Users/a/Ayanami/code/TSP/data/classic/tsplib/gr120.tsp,hybrid,239,polyak,239,6910.5296468375946,6910.5441834716294,6942
/Users/a/Ayanami/code/TSP/data/classic/tsplib/gr120.tsp,hybrid,240,polyak,240,6910.2736069769098,6910.5441834716294,6942
/Users/a/Ayanami/code/TSP/data/classic/tsplib/gr120.tsp,hybrid,241,polyak,241,6910.5290757823013,6910.5441834716294,6942
/Users/a/Ayanami/code/TSP/data/classic/tsplib/gr120.tsp,hybrid,242,polyak,242,6910.1950114857236,6910.5441834716294,6942
/Users/a/Ayanami/code/TSP/data/classic/tsplib/gr120.tsp,hybrid,243,polyak,243,6910.6849676477405,6910.6849676477405,6942
/Users/a/Ayanami/code/TSP/data/classic/tsplib/gr120.tsp,hybrid,244,polyak,244,6910.2566863728935,6910.6849676477405,6942
/Users/a/Ayanami/code/TSP/data/classic/tsplib/gr120.tsp,hybrid,245,polyak,245,6910.5060729933894,6910.6849676477405,6942
/Users/a/Ayanami/code/TSP/data/classic/tsplib/gr120.tsp,hybrid,246,polyak,246,6910.3855445242089,6910.6849676477405,6942
/Users/a/Ayanami/code/TSP/data/classic/tsplib/gr120.tsp,hybrid,247,polyak,247,6910.3870659225777,6910.6849676477405,6942
/Users/a/Ayanami/code/TSP/data/classic/tsplib/gr120.tsp,hybrid,248,polyak,248,6910.6164956307503,6910.6849676477405,6942
/Users/a/Ayanami/code/TSP/data/classic/tsplib/gr120.tsp,hybrid,249,polyak,249,6910.3796770043964,6910.6849676477405,6942
/Users/a/Ayanami/code/TSP/data/classic/tsplib/gr120.tsp,hybrid,250,polyak,250,6910.3993925691366,6910.6849676477405,6942
/Users/a/Ayanami/code/TSP/data/classic/tsplib/gr120.tsp,hybrid,251,polyak,251,6910.5372950771252,6910.6849676477405,6942
/Users/a/Ayanami/code/TSP/data/classic/tsplib/gr120.tsp,hybrid,252,polyak,252,6910.4929145239776,6910.6849676477405,6942
/Users/a/Ayanami/code/TSP/data/classic/tsplib/gr120.tsp,hybrid,253,polyak,253,6910.4306823678935,6910.6849676477405,6942
/Users/a/Ayanami/code/TSP/data/classic/tsplib/gr120.tsp,hybrid,254,polyak,254,6910.455266525827,6910.6849676477405,6942
/Users/a/Ayanami/code/TSP/data/classic/tsplib/gr120.tsp,hybrid,255,polyak,255,6910.4646346879344,6910.6849676477405,6942
/Users/a/Ayanami/code/TSP/data/classic/tsplib/gr120.tsp,hybrid,256,polyak,256,6910.5902098814167,6910.6849676477405,6942
/Users/a/Ayanami/code/TSP/data/classic/tsplib/gr120.tsp,hybrid,257,polyak,257,6910.8978154360293,6910.8978154360293,6942
/Users/a/Ayanami/code/TSP/data/classic/tsplib/gr120.tsp,hybrid,258,polyak,258,6910.7828354008079,6910.8978154360293,6942
/Users/a/Ayanami/code/TSP/data/classic/tsplib/gr120.tsp,hybrid,259,polyak,259,6910.9100087280794,6910.9100087280794,6942
/Users/a/Ayanami/code/TSP/data/classic/tsplib/gr120.tsp,hybrid,260,polyak,260,6910.6444413140289,6910.9100087280794,6942
/Users/a/Ayanami/code/TSP/data/classic/tsplib/gr120.tsp,hybrid,261,polyak,261,6910.8942681948174,6910.9100087280794,6942
/Users/a/Ayanami/code/TSP/data/classic/tsplib/gr120.tsp,hybrid,262,polyak,262,6910.7050714331062,6910.9100087280794,6942
/Users/a/Ayanami/code/TSP/data/classic/tsplib/gr120.tsp,hybrid,263,polyak,263,6910.9489204235006,6910.9489204235006,6942
/Users/a/Ayanami/code/TSP/data/classic/tsplib/gr120.tsp,hybrid,264,polyak,264,6910.6383518591319,6910.9489204235006,6942
/Users/a/Ayanami/code/TSP/data/classic/tsplib/gr120.tsp,hybrid,265,polyak,265,6910.965835504011,6910.965835504011,6942
/Users/a/Ayanami/code/TSP/data/classic/tsplib/gr120.tsp,hybrid,266,polyak,266,6910.7043992842109,6910.965835504011,6942
/Users/a/Ayanami/code/TSP/data/classic/tsplib/gr120.tsp,hybrid,267,polyak,267,6910.9338365247004,6910.965835504011,6942
/Users/a/Ayanami/code/TSP/data/classic/tsplib/gr120.tsp,hybrid,268,polyak,268,6910.8547057398091,6910.965835504011,6942
/Users/a/Ayanami/code/TSP/data/classic/tsplib/gr120.tsp,hybrid,269,polyak,269,6910.8207050355359,6910.965835504011,6942
/Users/a/Ayanami/code/TSP/data/classic/tsplib/gr120.tsp,hybrid,270,polyak,270,6910.8251307375904,6910.965835504011,6942
/Users/a/Ayanami/code/TSP/data/classic/tsplib/gr120.tsp,hybrid,271,polyak,271,6910.8371957479385,6910.965835504011,6942
/Users/a/Ayanami/code/TSP/data/classic/tsplib/gr120.tsp,hybrid,272,polyak,272,6910.8336931157864,6910.965835504011,6942
/Users/a/Ayanami/code/TSP/data/classic/tsplib/gr120.tsp,hybrid,273,polyak,273,6910.7888693439691,6910.965835504011,6942
/Users/a/Ayanami/code/TSP/data/classic/tsplib/gr120.tsp,hybrid,274,polyak,274,6910.9657653081385,6910.965835504011,6942
/Users/a/Ayanami/code/TSP/data/classic/tsplib/gr120.tsp,hybrid,275,polyak,275,6910.7820575085725,6910.965835504011,6942
/Users/a/Ayanami/code/TSP/data/classic/tsplib/gr120.tsp,hybrid,276,polyak,276,6911.0070440624559,6911.0070440624559,6942
/Users/a/Ayanami/code/TSP/data/classic/tsplib/gr120.tsp,hybrid,277,polyak,277,6910.6706226925035,6911.0070440624559,6942
/Users/a/Ayanami/code/TSP/data/classic/tsplib/gr120.tsp,hybrid,278,polyak,278,6911.0291721738631,6911.0291721738631,6942
/Users/a/Ayanami/code/TSP/data/classic/tsplib/gr120.tsp,hybrid,279,polyak,279,6910.6835546395268,6911.0291721738631,6942
/Users/a/Ayanami/code/TSP/data/classic/tsplib/gr120.tsp,hybrid,280,polyak,280,6910.9638741399685,6911.0291721738631,6942
/Users/a/Ayanami/code/TSP/data/classic/tsplib/gr120.tsp,hybrid,281,polyak,281,6910.6792948213333,6911.0291721738631,6942
/Users/a/Ayanami/code/TSP/data/classic/tsplib/gr120.tsp,hybrid,282,polyak,282,6910.9762490844332,6911.0291721738631,6942
/Users/a/Ayanami/code/TSP/data/classic/tsplib/gr120.tsp,hybrid,283,polyak,283,6910.6977632384041,6911.0291721738631,6942
/Users/a/Ayanami/code/TSP/data/classic/tsplib/gr120.tsp,hybrid,284,polyak,284,6910.9255886745968,6911.0291721738631,6942
/Users/a/Ayanami/code/TSP/data/classic/tsplib/gr120.tsp,hybrid,285,polyak,285,6910.8827489183523,6911.0291721738631,6942
/Users/a/Ayanami/code/TSP/data/classic/tsplib/gr120.tsp,hybrid,286,polyak,286,6910.8281630978063,6911.0291721738631,6942
/Users/a/Ayanami/code/TSP/data/classic/tsplib/gr120.tsp,hybrid,287,polyak,287,6910.9099196947855,6911.0291721738631,6942
/Users/a/Ayanami/code/TSP/data/classic/tsplib/gr120.tsp,hybrid,288,polyak,288,6910.7442733439839,6911.0291721738631,6942
/Users/a/Ayanami/code/TSP/data/classic/tsplib/gr120.tsp,hybrid,289,polyak,289,6911.0039922956657,6911.0291721738631,6942
/Users/a/Ayanami/code/TSP/data/classic/tsplib/gr120.tsp,hybrid,290,polyak,290,6910.7447991270319,6911.0291721738631,6942
/Users/a/Ayanami/code/TSP/data/classic/tsplib/gr120.tsp,hybrid,291,polyak,291,6910.9685467224726,6911.0291721738631,6942
/Users/a/Ayanami/code/TSP/data/classic/tsplib/gr120.tsp,hybrid,292,polyak,292,6910.9967070849552,6911.0291721738631,6942
/Users/a/Ayanami/code/TSP/data/classic/tsplib/gr120.tsp,hybrid,293,polyak,293,6911.0439901245281,6911.0439901245281,6942
/Users/a/Ayanami/code/TSP/data/classic/tsplib/gr120.tsp,hybrid,294,polyak,294,6911.0268831783787,6911.0439901245281,6942
/Users/a/Ayanami/code/TSP/data/classic/tsplib/gr120.tsp,hybrid,295,polyak,295,6911.0548450398219,6911.0548450398219,6942
/Users/a/Ayanami/code/TSP/data/classic/tsplib/gr120.tsp,hybrid,296,polyak,296,6910.9943320546699,6911.0548450398219,6942
/Users/a/Ayanami/code/TSP/data/classic/tsplib/gr120.tsp,hybrid,297,polyak,297,6911.0392239743132,6911.0548450398219,6942
/Users/a/Ayanami/code/TSP/data/classic/tsplib/gr120.tsp,hybrid,298,polyak,298,6911.0463085134488,6911.0548450398219,6942
/Users/a/Ayanami/code/TSP/data/classic/tsplib/gr120.tsp,hybrid,299,polyak,299,6911.0465577529103,6911.0548450398219,6942
/Users/a/Ayanami/code/TSP/data/classic/tsplib/gr120.tsp,hybrid,300,polyak,300,6911.0382146291022,6911.0548450398219,6942
/Users/a/Ayanami/code/TSP/data/classic/tsplib/gr120.tsp,hybrid,301,polyak,301,6911.0861639186351,6911.0861639186351,6942
/Users/a/Ayanami/code/TSP/data/classic/tsplib/gr120.tsp,hybrid,302,polyak,302,6910.9632776039862,6911.0861639186351,6942
/Users/a/Ayanami/code/TSP/data/classic/tsplib/gr120.tsp,hybrid,303,polyak,303,6911.0938572940531,6911.0938572940531,6942
/Users/a/Ayanami/code/TSP/data/classic/tsplib/gr120.tsp,hybrid,304,polyak,304,6910.9696328899372,6911.0938572940531,6942
/Users/a/Ayanami/code/TSP/data/classic/tsplib/gr120.tsp,hybrid,305,polyak,305,6911.1230541288978,6911.1230541288978,6942
/Users/a/Ayanami/code/TSP/data/classic/tsplib/gr120.tsp,hybrid,306,polyak,306,6910.996772809036,6911.1230541288978,6942
/Users/a/Ayanami/code/TSP/data/classic/tsplib/gr120.tsp,hybrid,307,polyak,307,6911.0772287608333,6911.1230541288978,6942
/Users/a/Ayanami/code/TSP/data/classic/tsplib/gr120.tsp,hybrid,308,polyak,308,6911.0033372183352,6911.1230541288978,6942
/Users/a/Ayanami/code/TSP/data/classic/tsplib/gr120.tsp,hybrid,309,polyak,309,6911.0935950756939,6911.1230541288978,6942
/Users/a/Ayanami/code/TSP/data/classic/tsplib/gr120.tsp,hybrid,310,polyak,310,6910.994412356501,6911.1230541288978,6942
/Users/a/Ayanami/code/TSP/data/classic/tsplib/gr120.tsp,hybrid,311,polyak,311,6911.1123037769594,6911.1230541288978,6942
/Users/a/Ayanami/code/TSP/data/classic/tsplib/gr120.tsp,hybrid,312,polyak,312,6910.9745077666148,6911.1230541288978,6942
/Users/a/Ayanami/code/TSP/data/classic/tsplib/gr120.tsp,hybrid,313,polyak,313,6911.0365016244368,6911.1230541288978,6942
/Users/a/Ayanami/code/TSP/data/classic/tsplib/gr120.tsp,hybrid,314,polyak,314,6911.039535553623,6911.1230541288978,6942
/Users/a/Ayanami/code/TSP/data/classic/tsplib/gr120.tsp,hybrid,315,polyak,315,6911.0553713500412,6911.1230541288978,6942
/Users/a/Ayanami/code/TSP/data/classic/tsplib/gr120.tsp,hybrid,316,polyak,316,6911.0229959981652,6911.1230541288978,6942
/Users/a/Ayanami/code/TSP/data/classic/tsplib/gr120.tsp,hybrid,317,polyak,317,6911.1229594610886,6911.1230541288978,6942
/Users/a/Ayanami/code/TSP/data/classic/tsplib/gr120.tsp,hybrid,318,polyak,318,6910.9819552233421,6911.1230541288978,6942
/Users/a/Ayanami/code/TSP/data/classic/tsplib/gr120.tsp,hybrid,319,polyak,319,6911.1144795124292,6911.1230541288978,6942
/Users/a/Ayanami/code/TSP/data/classic/tsplib/gr120.tsp,hybrid,320,polyak,320,6911.1242824195015,6911.1242824195015,6942
/Users/a/Ayanami/code/TSP/data/classic/tsplib/gr120.tsp,hybrid,321,polyak,321,6911.1355467565336,6911.1355467565336,6942
/Users/a/Ayanami/code/TSP/data/classic/tsplib/gr120.tsp,hybrid,322,polyak,322,6911.1469509953067,6911.1469509953067,6942
/Users/a/Ayanami/code/TSP/data/classic/tsplib/gr120.tsp,hybrid,323,polyak,323,6911.1449539476043,6911.1469509953067,6942
/Users/a/Ayanami/code/TSP/data/classic/tsplib/gr120.tsp,hybrid,324,polyak,324,6911.1654053855627,6911.1654053855627,6942
/Users/a/Ayanami/code/TSP/data/classic/tsplib/gr120.tsp,hybrid,325,polyak,325,6911.1176594558465,6911.1654053855627,6942
/Users/a/Ayanami/code/TSP/data/classic/tsplib/gr120.tsp,hybrid,326,polyak,326,6911.1752859435328,6911.1752859435328,6942
/Users/a/Ayanami/code/TSP/data/classic/tsplib/gr120.tsp,hybrid,327,polyak,327,6911.1232745713169,6911.1752859435328,6942
/Users/a/Ayanami/code/TSP/data/classic/tsplib/gr120.tsp,hybrid,328,polyak,328,6911.1809154120829,6911.1809154120829,6942
/Users/a/Ayanami/code/TSP/data/classic/tsplib/gr120.tsp,hybrid,329,polyak,329,6911.1221221270534,6911.1809154120829,6942
/Users/a/Ayanami/code/TSP/data/classic/tsplib/gr120.tsp,hybrid,330,polyak,330,6911.1519144338108,6911.1809154120829,6942
/Users/a/Ayanami/code/TSP/data/classic/tsplib/gr120.tsp,hybrid,331,polyak,331,6911.1302474637632,6911.1809154120829,6942
/Users/a/Ayanami/code/TSP/data/classic/tsplib/gr120.tsp,hybrid,332,polyak,332,6911.1633465380064,6911.1809154120829,6942
/Users/a/Ayanami/code/TSP/data/classic/tsplib/gr120.tsp,hybrid,333,polyak,333,6911.1268281770781,6911.1809154120829,6942
/Users/a/Ayanami/code/TSP/data/classic/tsplib/gr120.tsp,hybrid,334,polyak,334,6911.1634348447842,6911.1809154120829,6942
/Users/a/Ayanami/code/TSP/data/classic/tsplib/gr120.tsp,hybrid,335,polyak,335,6911.1349876468748,6911.1809154120829,6942
/Users/a/Ayanami/code/TSP/data/classic/tsplib/gr120.tsp,hybrid,336,polyak,336,6911.1602910378742,6911.1809154120829,6942
/Users/a/Ayanami/code/TSP/data/classic/tsplib/gr120.tsp,hybrid,337,polyak,337,6911.1318407710223,6911.1809154120829,6942
/Users/a/Ayanami/code/TSP/data/classic/tsplib/gr120.tsp,hybrid,338,polyak,338,6911.1728748684254,6911.1809154120829,6942
/Users/a/Ayanami/code/TSP/data/classic/tsplib/gr120.tsp,hybrid,339,polyak,339,6911.152678478159,6911.1809154120829,6942
/Users/a/Ayanami/code/TSP/data/classic/tsplib/gr120.tsp,hybrid,340,polyak,340,6911.1457305404438,6911.1809154120829,6942
/Users/a/Ayanami/code/TSP/data/classic/tsplib/gr120.tsp,hybrid,341,polyak,341,6911.1589951207479,6911.1809154120829,6942
/Users/a/Ayanami/code/TSP/data/classic/tsplib/gr120.tsp,hybrid,342,polyak,342,6911.2047858760343,6911.2047858760343,6942
/Users/a/Ayanami/code/TSP/data/classic/tsplib/gr120.tsp,hybrid,343,polyak,343,6911.1727486157488,6911.2047858760343,6942
/Users/a/Ayanami/code/TSP/data/classic/tsplib/gr120.tsp,hybrid,344,polyak,344,6911.2112289342276,6911.2112289342276,6942
/Users/a/Ayanami/code/TSP/data/classic/tsplib/gr120.tsp,hybrid,345,polyak,345,6911.1766132265566,6911.2112289342276,6942
/Users/a/Ayanami/code/TSP/data/classic/tsplib/gr120.tsp,hybrid,346,polyak,346,6911.2044323215887,6911.2112289342276,6942
/Users/a/Ayanami/code/TSP/data/classic/tsplib/gr120.tsp,hybrid,347,polyak,347,6911.1923421613646,6911.2112289342276,6942
/Users/a/Ayanami/code/TSP/data/classic/tsplib/gr120.tsp,hybrid,348,polyak,348,6911.1989775309075,6911.2112289342276,6942
/Users/a/Ayanami/code/TSP/data/classic/tsplib/gr120.tsp,hybrid,349,polyak,349,6911.186241238096,6911.2112289342276,6942
/Users/a/Ayanami/code/TSP/data/classic/tsplib/gr120.tsp,hybrid,350,polyak,350,6911.1967835065598,6911.2112289342276,6942
/Users/a/Ayanami/code/TSP/data/classic/tsplib/gr120.tsp,hybrid,351,polyak,351,6911.1952718220364,6911.2112289342276,6942
/Users/a/Ayanami/code/TSP/data/classic/tsplib/gr120.tsp,hybrid,352,polyak,352,6911.1868957907063,6911.2112289342276,6942
/Users/a/Ayanami/code/TSP/data/classic/tsplib/gr120.tsp,hybrid,353,polyak,353,6911.210612081918,6911.2112289342276,6942
/Users/a/Ayanami/code/TSP/data/classic/tsplib/gr120.tsp,hybrid,354,polyak,354,6911.184781149298,6911.2112289342276,6942
/Users/a/Ayanami/code/TSP/data/classic/tsplib/gr120.tsp,hybrid,355,polyak,355,6911.2161607713369,6911.2161607713369,6942
/Users/a/Ayanami/code/TSP/data/classic/tsplib/gr120.tsp,hybrid,356,polyak,356,6911.1834378339927,6911.2161607713369,6942
/Users/a/Ayanami/code/TSP/data/classic/tsplib/gr120.tsp,hybrid,357,polyak,357,6911.2075942843312,6911.2161607713369,6942
/Users/a/Ayanami/code/TSP/data/classic/tsplib/gr120.tsp,hybrid,358,polyak,358,6911.1866448794253,6911.2161607713369,6942
/Users/a/Ayanami/code/TSP/data/classic/tsplib/gr120.tsp,hybrid,359,polyak,359,6911.2118909101728,6911.2161607713369,6942
/Users/a/Ayanami/code/TSP/data/classic/tsplib/gr120.tsp,hybrid,360,polyak,360,6911.18171333789,6911.2161607713369,6942
/Users/a/Ayanami/code/TSP/data/classic/tsplib/gr120.tsp,hybrid,361,polyak,361,6911.2074090806564,6911.2161607713369,6942
/Users/a/Ayanami/code/TSP/data/classic/tsplib/gr120.tsp,hybrid,362,polyak,362,6911.1890090613724,6911.2161607713369,6942
/Users/a/Ayanami/code/TSP/data/classic/tsplib/gr120.tsp,hybrid,363,polyak,363,6911.2079169325934,6911.2161607713369,6942
/Users/a/Ayanami/code/TSP/data/classic/tsplib/gr120.tsp,hybrid,364,polyak,364,6911.1838119103641,6911.2161607713369,6942
/Users/a/Ayanami/code/TSP/data/classic/tsplib/gr120.tsp,hybrid,365,polyak,365,6911.2154378728046,6911.2161607713369,6942
/Users/a/Ayanami/code/TSP/data/classic/tsplib/gr120.tsp,hybrid,366,polyak,366,6911.1783421443797,6911.2161607713369,6942
/Users/a/Ayanami/code/TSP/data/classic/tsplib/gr120.tsp,hybrid,367,polyak,367,6911.2138695661224,6911.2161607713369,6942
/Users/a/Ayanami/code/TSP/data/classic/tsplib/gr120.tsp,hybrid,368,polyak,368,6911.1840422739979,6911.2161607713369,6942
/Users/a/Ayanami/code/TSP/data/classic/tsplib/gr120.tsp,hybrid,369,polyak,369,6911.2153462584292,6911.2161607713369,6942
/Users/a/Ayanami/code/TSP/data/classic/tsplib/gr120.tsp,hybrid,370,polyak,370,6911.2270449405114,6911.2270449405114,6942
/Users/a/Ayanami/code/TSP/data/classic/tsplib/gr120.tsp,hybrid,371,polyak,371,6911.2092247055225,6911.2270449405114,6942
/Users/a/Ayanami/code/TSP/data/classic/tsplib/gr120.tsp,hybrid,372,polyak,372,6911.2298921833708,6911.2298921833708,6942
/Users/a/Ayanami/code/TSP/data/classic/tsplib/gr120.tsp,hybrid,373,polyak,373,6911.2087086171132,6911.2298921833708,6942
/Users/a/Ayanami/code/TSP/data/classic/tsplib/gr120.tsp,hybrid,374,polyak,374,6911.2301042090976,6911.2301042090976,6942
/Users/a/Ayanami/code/TSP/data/classic/tsplib/gr120.tsp,hybrid,375,polyak,375,6911.2142936247037,6911.2301042090976,6942
/Users/a/Ayanami/code/TSP/data/classic/tsplib/gr120.tsp,hybrid,376,polyak,376,6911.2300294309389,6911.2301042090976,6942
/Users/a/Ayanami/code/TSP/data/classic/tsplib/gr120.tsp,hybrid,377,polyak,377,6911.2168240213314,6911.2301042090976,6942
/Users/a/Ayanami/code/TSP/data/classic/tsplib/gr120.tsp,hybrid,378,polyak,378,6911.2317210739966,6911.2317210739966,6942
/Users/a/Ayanami/code/TSP/data/classic/tsplib/gr120.tsp,hybrid,379,polyak,379,6911.2161217652192,6911.2317210739966,6942
/Users/a/Ayanami/code/TSP/data/classic/tsplib/gr120.tsp,hybrid,380,polyak,380,6911.2263210274041,6911.2317210739966,6942
/Users/a/Ayanami/code/TSP/data/classic/tsplib/gr120.tsp,hybrid,381,polyak,381,6911.2305814161127,6911.2317210739966,6942
/Users/a/Ayanami/code/TSP/data/classic/tsplib/gr120.tsp,hybrid,382,polyak,382,6911.2177596254733,6911.2317210739966,6942
/Users/a/Ayanami/code/TSP/data/classic/tsplib/gr120.tsp,hybrid,383,polyak,383,6911.2261493512533,6911.2317210739966,6942
/Users/a/Ayanami/code/TSP/data/classic/tsplib/gr120.tsp,hybrid,384,polyak,384,6911.2248183528845,6911.2317210739966,6942
/Users/a/Ayanami/code/TSP/data/classic/tsplib/gr120.tsp,hybrid,385,polyak,385,6911.221145786908,6911.2317210739966,6942
/Users/a/Ayanami/code/TSP/data/classic/tsplib/gr120.tsp,hybrid,386,polyak,386,6911.2288437420539,6911.2317210739966,6942
/Users/a/Ayanami/code/TSP/data/classic/tsplib/gr120.tsp,hybrid,387,polyak,387,6911.2243094213754,6911.2317210739966,6942
/Users/a/Ayanami/code/TSP/data/classic/tsplib/gr120.tsp,hybrid,388,polyak,388,6911.2257352062115,6911.2317210739966,6942
/Users/a/Ayanami/code/TSP/data/classic/tsplib/gr120.tsp,hybrid,389,polyak,389,6911.2233457207331,6911.2317210739966,6942
/Users/a/Ayanami/code/TSP/data/classic/tsplib/gr120.tsp,hybrid,390,polyak,390,6911.2290440423467,6911.2317210739966,6942
/Users/a/Ayanami/code/TSP/data/classic/tsplib/gr120.tsp,hybrid,391,polyak,391,6911.2165832481533,6911.2317210739966,6942
/Users/a/Ayanami/code/TSP/data/classic/tsplib/gr120.tsp,hybrid,392,polyak,392,6911.234449313306,6911.234449313306,6942
/Users/a/Ayanami/code/TSP/data/classic/tsplib/gr120.tsp,hybrid,393,polyak,393,6911.2368779380795,6911.2368779380795,6942
/Users/a/Ayanami/code/TSP/data/classic/tsplib/gr120.tsp,hybrid,394,polyak,394,6911.2312822727235,6911.2368779380795,6942
/Users/a/Ayanami/code/TSP/data/classic/tsplib/gr120.tsp,hybrid,395,polyak,395,6911.2382622635241,6911.2382622635241,6942
/Users/a/Ayanami/code/TSP/data/classic/tsplib/gr120.tsp,hybrid,396,polyak,396,6911.2312685716961,6911.2382622635241,6942
/Users/a/Ayanami/code/TSP/data/classic/tsplib/gr120.tsp,hybrid,397,polyak,397,6911.2394798718997,6911.2394798718997,6942
/Users/a/Ayanami/code/TSP/data/classic/tsplib/gr120.tsp,hybrid,398,polyak,398,6911.2339747288243,6911.2394798718997,6942
/Users/a/Ayanami/code/TSP/data/classic/tsplib/gr120.tsp,hybrid,399,polyak,399,6911.2421081777866,6911.2421081777866,6942
/Users/a/Ayanami/code/TSP/data/classic/tsplib/gr120.tsp,hybrid,400,polyak,400,6911.2315990461011,6911.2421081777866,6942
/Users/a/Ayanami/code/TSP/data/classic/tsplib/gr120.tsp,hybrid,401,polyak,401,6911.2405901976408,6911.2421081777866,6942
/Users/a/Ayanami/code/TSP/data/classic/tsplib/gr120.tsp,hybrid,402,polyak,402,6911.2301133932187,6911.2421081777866,6942
/Users/a/Ayanami/code/TSP/data/classic/tsplib/gr120.tsp,hybrid,403,polyak,403,6911.2419975505854,6911.2421081777866,6942
/Users/a/Ayanami/code/TSP/data/classic/tsplib/gr120.tsp,hybrid,404,polyak,404,6911.2311794018869,6911.2421081777866,6942
/Users/a/Ayanami/code/TSP/data/classic/tsplib/gr120.tsp,hybrid,405,polyak,405,6911.2411687434296,6911.2421081777866,6942
/Users/a/Ayanami/code/TSP/data/classic/tsplib/gr120.tsp,hybrid,406,polyak,406,6911.2359994710969,6911.2421081777866,6942
/Users/a/Ayanami/code/TSP/data/classic/tsplib/gr120.tsp,hybrid,407,polyak,407,6911.2371595484838,6911.2421081777866,6942
/Users/a/Ayanami/code/TSP/data/classic/tsplib/gr120.tsp,hybrid,408,polyak,408,6911.2366789851403,6911.2421081777866,6942
/Users/a/Ayanami/code/TSP/data/classic/tsplib/gr120.tsp,hybrid,409,polyak,409,6911.2370148661776,6911.2421081777866,6942
/Users/a/Ayanami/code/TSP/data/classic/tsplib/gr120.tsp,hybrid,410,polyak,410,6911.2394720165175,6911.2421081777866,6942
/Users/a/Ayanami/code/TSP/data/classic/tsplib/gr120.tsp,hybrid,411,polyak,411,6911.2364267395678,6911.2421081777866,6942
/Users/a/Ayanami/code/TSP/data/classic/tsplib/gr120.tsp,hybrid,412,polyak,412,6911.2388786102629,6911.2421081777866,6942
/Users/a/Ayanami/code/TSP/data/classic/tsplib/gr120.tsp,hybrid,413,polyak,413,6911.2417941030426,6911.2421081777866,6942
/Users/a/Ayanami/code/TSP/data/classic/tsplib/gr120.tsp,hybrid,414,polyak,414,6911.2425104048725,6911.2425104048725,6942
/Users/a/Ayanami/code/TSP/data/classic/tsplib/gr120.tsp,hybrid,415,polyak,415,6911.2424656334297,6911.2425104048725,6942
/Users/a/Ayanami/code/TSP/data/classic/tsplib/gr120.tsp,hybrid,416,polyak,416,6911.2425887462678,6911.2425887462678,6942
/Users/a/Ayanami/code/TSP/data/classic/tsplib/gr120.tsp,hybrid,417,polyak,417,6911.2451485547881,6911.2451485547881,6942
/Users/a/Ayanami/code/TSP/data/classic/tsplib/gr120.tsp,hybrid,418,polyak,418,6911.2410614483088,6911.2451485547881,6942
/Users/a/Ayanami/code/TSP/data/classic/tsplib/gr120.tsp,hybrid,419,polyak,419,6911.2466125304627,6911.2466125304627,6942
/Users/a/Ayanami/code/TSP/data/classic/tsplib/gr120.tsp,hybrid,420,polyak,420,6911.2393675305875,6911.2466125304627,6942
/Users/a/Ayanami/code/TSP/data/classic/tsplib/gr120.tsp,hybrid,421,polyak,421,6911.2430605167829,6911.2466125304627,6942
/Users/a/Ayanami/code/TSP/data/classic/tsplib/gr120.tsp,hybrid,422,polyak,422,6911.242964202348,6911.2466125304627,6942
/Users/a/Ayanami/code/TSP/data/classic/tsplib/gr120.tsp,hybrid,423,polyak,423,6911.2431964467805,6911.2466125304627,6942
/Users/a/Ayanami/code/TSP/data/classic/tsplib/gr120.tsp,hybrid,424,polyak,424,6911.2441000063209,6911.2466125304627,6942
/Users/a/Ayanami/code/TSP/data/classic/tsplib/gr120.tsp,hybrid,425,polyak,425,6911.2426638473989,6911.2466125304627,6942
/Users/a/Ayanami/code/TSP/data/classic/tsplib/gr120.tsp,hybrid,426,polyak,426,6911.2448671713919,6911.2466125304627,6942
/Users/a/Ayanami/code/TSP/data/classic/tsplib/gr120.tsp,hybrid,427,polyak,427,6911.2420350919756,6911.2466125304627,6942
/Users/a/Ayanami/code/TSP/data/classic/tsplib/gr120.tsp,hybrid,428,polyak,428,6911.2447521352678,6911.2466125304627,6942
/Users/a/Ayanami/code/TSP/data/classic/tsplib/gr120.tsp,hybrid,429,polyak,429,6911.2426047849485,6911.2466125304627,6942
/Users/a/Ayanami/code/TSP/data/classic/tsplib/gr120.tsp,hybrid,430,polyak,430,6911.242313667527,6911.2466125304627,6942
/Users/a/Ayanami/code/TSP/data/classic/tsplib/gr120.tsp,hybrid,431,polyak,431,6911.2451032196395,6911.2466125304627,6942
/Users/a/Ayanami/code/TSP/data/classic/tsplib/gr120.tsp,hybrid,432,polyak,432,6911.2411647431736,6911.2466125304627,6942
/Users/a/Ayanami/code/TSP/data/classic/tsplib/gr120.tsp,hybrid,433,polyak,433,6911.2458183013159,6911.2466125304627,6942
/Users/a/Ayanami/code/TSP/data/classic/tsplib/gr120.tsp,hybrid,434,polyak,434,6911.2460939123057,6911.2466125304627,6942
/Users/a/Ayanami/code/TSP/data/classic/tsplib/gr120.tsp,hybrid,435,polyak,435,6911.2465526010092,6911.2466125304627,6942
/Users/a/Ayanami/code/TSP/data/classic/tsplib/gr120.tsp,hybrid,436,polyak,436,6911.2466506736127,6911.2466506736127,6942
/Users/a/Ayanami/code/TSP/data/classic/tsplib/gr120.tsp,hybrid,437,polyak,437,6911.2468682997687,6911.2468682997687,6942
/Users/a/Ayanami/code/TSP/data/classic/tsplib/gr120.tsp,hybrid,438,polyak,438,6911.2459514251696,6911.2468682997687,6942
/Users/a/Ayanami/code/TSP/data/classic/tsplib/gr120.tsp,hybrid,439,polyak,439,6911.2475716311146,6911.2475716311146,6942
/Users/a/Ayanami/code/TSP/data/classic/tsplib/gr120.tsp,hybrid,440,polyak,440,6911.2447947782111,6911.2475716311146,6942
/Users/a/Ayanami/code/TSP/data/classic/tsplib/gr120.tsp,hybrid,441,polyak,441,6911.2465265258697,6911.2475716311146,6942
/Users/a/Ayanami/code/TSP/data/classic/tsplib/gr120.tsp,hybrid,442,polyak,442,6911.2459169696094,6911.2475716311146,6942
/Users/a/Ayanami/code/TSP/data/classic/tsplib/gr120.tsp,hybrid,443,polyak,443,6911.2476993101545,6911.2476993101545,6942
/Users/a/Ayanami/code/TSP/data/classic/tsplib/gr120.tsp,hybrid,444,polyak,444,6911.2460421005508,6911.2476993101545,6942
/Users/a/Ayanami/code/TSP/data/classic/tsplib/gr120.tsp,hybrid,445,polyak,445,6911.2476495820438,6911.2476993101545,6942
/Users/a/Ayanami/code/TSP/data/classic/tsplib/gr120.tsp,hybrid,446,polyak,446,6911.2466257807364,6911.2476993101545,6942
/Users/a/Ayanami/code/TSP/data/classic/tsplib/gr120.tsp,hybrid,447,polyak,447,6911.2469072646982,6911.2476993101545,6942
/Users/a/Ayanami/code/TSP/data/classic/tsplib/gr120.tsp,hybrid,448,polyak,448,6911.2471690989523,6911.2476993101545,6942
/Users/a/Ayanami/code/TSP/data/classic/tsplib/gr120.tsp,hybrid,449,polyak,449,6911.246926812305,6911.2476993101545,6942
/Users/a/Ayanami/code/TSP/data/classic/tsplib/gr120.tsp,hybrid,450,polyak,450,6911.2465348078786,6911.2476993101545,6942
/Users/a/Ayanami/code/TSP/data/classic/tsplib/gr120.tsp,hybrid,451,polyak,451,6911.2471033522943,6911.2476993101545,6942
/Users/a/Ayanami/code/TSP/data/classic/tsplib/gr120.tsp,hybrid,452,polyak,452,6911.2469805219471,6911.2476993101545,6942
/Users/a/Ayanami/code/TSP/data/classic/tsplib/gr120.tsp,hybrid,453,polyak,453,6911.2471505969997,6911.2476993101545,6942
/Users/a/Ayanami/code/TSP/data/classic/tsplib/gr120.tsp,hybrid,454,polyak,454,6911.2467185310934,6911.2476993101545,6942
/Users/a/Ayanami/code/TSP/data/classic/tsplib/gr120.tsp,hybrid,455,polyak,455,6911.2469431535983,6911.2476993101545,6942
/Users/a/Ayanami/code/TSP/data/classic/tsplib/gr120.tsp,hybrid,456,polyak,456,6911.2473405466762,6911.2476993101545,6942
/Users/a/Ayanami/code/TSP/data/classic/tsplib/gr120.tsp,hybrid,457,polyak,457,6911.2485424209999,6911.2485424209999,6942
/Users/a/Ayanami/code/TSP/data/classic/tsplib/gr120.tsp,hybrid,458,polyak,458,6911.247860531751,6911.2485424209999,6942
/Users/a/Ayanami/code/TSP/data/classic/tsplib/gr120.tsp,hybrid,459,polyak,459,6911.2485554510085,6911.2485554510085,6942
/Users/a/Ayanami/code/TSP/data/classic/tsplib/gr120.tsp,hybrid,460,polyak,460,6911.247655887114,6911.2485554510085,6942
/Users/a/Ayanami/code/TSP/data/classic/tsplib/gr120.tsp,hybrid,461,polyak,461,6911.2481240270217,6911.2485554510085,6942
/Users/a/Ayanami/code/TSP/data/classic/tsplib/gr120.tsp,hybrid,462,polyak,462,6911.2483908608183,6911.2485554510085,6942
/Users/a/Ayanami/code/TSP/data/classic/tsplib/gr120.tsp,hybrid,463,polyak,463,6911.2479882666266,6911.2485554510085,6942
/Users/a/Ayanami/code/TSP/data/classic/tsplib/gr120.tsp,hybrid,464,polyak,464,6911.2483645020684,6911.2485554510085,6942
/Users/a/Ayanami/code/TSP/data/classic/tsplib/gr120.tsp,hybrid,465,polyak,465,6911.2479647624705,6911.2485554510085,6942
/Users/a/Ayanami/code/TSP/data/classic/tsplib/gr120.tsp,hybrid,466,polyak,466,6911.2484616804468,6911.2485554510085,6942
/Users/a/Ayanami/code/TSP/data/classic/tsplib/gr120.tsp,hybrid,467,polyak,467,6911.248209143062,6911.2485554510085,6942
/Users/a/Ayanami/code/TSP/data/classic/tsplib/gr120.tsp,hybrid,468,polyak,468,6911.2482992688929,6911.2485554510085,6942
/Users/a/Ayanami/code/TSP/data/classic/tsplib/gr120.tsp,hybrid,469,polyak,469,6911.248539129816,6911.2485554510085,6942
/Users/a/Ayanami/code/TSP/data/classic/tsplib/gr120.tsp,hybrid,470,polyak,470,6911.2480938625722,6911.2485554510085,6942
/Users/a/Ayanami/code/TSP/data/classic/tsplib/gr120.tsp,hybrid,471,polyak,471,6911.2483577745807,6911.2485554510085,6942
/Users/a/Ayanami/code/TSP/data/classic/tsplib/gr120.tsp,hybrid,472,helsgaun,1,6911.2485554510085,6911.2485554510085,6942
/Users/a/Ayanami/code/TSP/data/classic/tsplib/gr120.tsp,hybrid,473,helsgaun,2,6897.2506751328738,6911.2485554510085,6942
/Users/a/Ayanami/code/TSP/data/classic/tsplib/gr120.tsp,hybrid,474,helsgaun,3,6901.2136703823217,6911.2485554510085,6942
/Users/a/Ayanami/code/TSP/data/classic/tsplib/gr120.tsp,hybrid,475,helsgaun,4,6901.0873898275677,6911.2485554510085,6942
/Users/a/Ayanami/code/TSP/data/classic/tsplib/gr120.tsp,hybrid,476,helsgaun,5,6905.3498381143563,6911.2485554510085,6942
/Users/a/Ayanami/code/TSP/data/classic/tsplib/gr120.tsp,hybrid,477,helsgaun,6,6901.3509528215536,6911.2485554510085,6942
/Users/a/Ayanami/code/TSP/data/classic/tsplib/gr120.tsp,hybrid,478,helsgaun,7,6901.3738629415311,6911.2485554510085,6942
/Users/a/Ayanami/code/TSP/data/classic/tsplib/gr120.tsp,hybrid,479,helsgaun,8,6901.2676161092686,6911.2485554510085,6942
/Users/a/Ayanami/code/TSP/data/classic/tsplib/gr120.tsp,hybrid,480,helsgaun,9,6902.0283268543726,6911.2485554510085,6942
/Users/a/Ayanami/code/TSP/data/classic/tsplib/gr120.tsp,hybrid,481,helsgaun,10,6899.4017360581274,6911.2485554510085,6942
/Users/a/Ayanami/code/TSP/data/classic/tsplib/gr120.tsp,hybrid,482,helsgaun,11,6903.6932037295664,6911.2485554510085,6942
/Users/a/Ayanami/code/TSP/data/classic/tsplib/gr120.tsp,hybrid,483,helsgaun,12,6900.8658081815729,6911.2485554510085,6942
/Users/a/Ayanami/code/TSP/data/classic/tsplib/gr120.tsp,hybrid,484,helsgaun,13,6904.3535650274825,6911.2485554510085,6942
/Users/a/Ayanami/code/TSP/data/classic/tsplib/gr120.tsp,hybrid,485,helsgaun,14,6899.1967157162799,6911.2485554510085,6942
/Users/a/Ayanami/code/TSP/data/classic/tsplib/gr120.tsp,hybrid,486,helsgaun,15,6902.8040485251386,6911.2485554510085,6942
/Users/a/Ayanami/code/TSP/data/classic/tsplib/gr120.tsp,hybrid,487,helsgaun,16,6900.950070606129,6911.2485554510085,6942
/Users/a/Ayanami/code/TSP/data/classic/tsplib/gr120.tsp,hybrid,488,helsgaun,17,6902.6426401319013,6911.2485554510085,6942
/Users/a/Ayanami/code/TSP/data/classic/tsplib/gr120.tsp,hybrid,489,helsgaun,18,6897.4072849634958,6911.2485554510085,6942
/Users/a/Ayanami/code/TSP/data/classic/tsplib/gr120.tsp,hybrid,490,helsgaun,19,6900.0992034361852,6911.2485554510085,6942
/Users/a/Ayanami/code/TSP/data/classic/tsplib/gr120.tsp,hybrid,491,helsgaun,20,6898.8561638890487,6911.2485554510085,6942
/Users/a/Ayanami/code/TSP/data/classic/tsplib/gr120.tsp,hybrid,492,helsgaun,21,6901.0051847731829,6911.2485554510085,6942
/Users/a/Ayanami/code/TSP/data/classic/tsplib/gr120.tsp,hybrid,493,helsgaun,22,6899.8724409447232,6911.2485554510085,6942
/Users/a/Ayanami/code/TSP/data/classic/tsplib/gr120.tsp,hybrid,494,helsgaun,23,6902.6858793322226,6911.2485554510085,6942
/Users/a/Ayanami/code/TSP/data/classic/tsplib/gr120.tsp,hybrid,495,helsgaun,24,6899.7899134127119,6911.2485554510085,6942
/Users/a/Ayanami/code/TSP/data/classic/tsplib/gr120.tsp,hybrid,496,helsgaun,25,6899.9422083299005,6911.2485554510085,6942
/Users/a/Ayanami/code/TSP/data/classic/tsplib/gr120.tsp,hybrid,497,helsgaun,26,6897.9922316967741,6911.2485554510085,6942
/Users/a/Ayanami/code/TSP/data/classic/tsplib/gr120.tsp,hybrid,498,helsgaun,27,6900.1550960166578,6911.2485554510085,6942
/Users/a/Ayanami/code/TSP/data/classic/tsplib/gr120.tsp,hybrid,499,helsgaun,28,6899.6957505453265,6911.2485554510085,6942
/Users/a/Ayanami/code/TSP/data/classic/tsplib/gr120.tsp,hybrid,500,helsgaun,29,6904.265885998615,6911.2485554510085,6942
/Users/a/Ayanami/code/TSP/data/classic/tsplib/gr120.tsp,hybrid,501,helsgaun,30,6898.6817234532855,6911.2485554510085,6942
/Users/a/Ayanami/code/TSP/data/classic/tsplib/gr120.tsp,hybrid,502,helsgaun,31,6899.9627381910723,6911.2485554510085,6942
/Users/a/Ayanami/code/TSP/data/classic/tsplib/gr120.tsp,hybrid,503,helsgaun,32,6900.12410105861,6911.2485554510085,6942
/Users/a/Ayanami/code/TSP/data/classic/tsplib/gr120.tsp,hybrid,504,helsgaun,33,6902.8999848439271,6911.2485554510085,6942
/Users/a/Ayanami/code/TSP/data/classic/tsplib/gr120.tsp,hybrid,505,helsgaun,34,6900.2496219474115,6911.2485554510085,6942
/Users/a/Ayanami/code/TSP/data/classic/tsplib/gr120.tsp,hybrid,506,helsgaun,35,6904.949590159451,6911.2485554510085,6942
/Users/a/Ayanami/code/TSP/data/classic/tsplib/gr120.tsp,hybrid,507,helsgaun,36,6899.0941009158196,6911.2485554510085,6942
/Users/a/Ayanami/code/TSP/data/classic/tsplib/gr120.tsp,hybrid,508,helsgaun,37,6901.3025793952784,6911.2485554510085,6942
/Users/a/Ayanami/code/TSP/data/classic/tsplib/gr120.tsp,hybrid,509,helsgaun,38,6898.9035465014977,6911.2485554510085,6942
/Users/a/Ayanami/code/TSP/data/classic/tsplib/gr120.tsp,hybrid,510,helsgaun,39,6901.4178609493065,6911.2485554510085,6942
/Users/a/Ayanami/code/TSP/data/classic/tsplib/gr120.tsp,hybrid,511,helsgaun,40,6902.5958782770649,6911.2485554510085,6942
/Users/a/Ayanami/code/TSP/data/classic/tsplib/gr120.tsp,hybrid,512,helsgaun,41,6901.6486905892298,6911.2485554510085,6942
/Users/a/Ayanami/code/TSP/data/classic/tsplib/gr120.tsp,hybrid,513,helsgaun,42,6902.5313418428968,6911.2485554510085,6942
/Users/a/Ayanami/code/TSP/data/classic/tsplib/gr120.tsp,hybrid,514,helsgaun,43,6904.203856789868,6911.2485554510085,6942
/Users/a/Ayanami/code/TSP/data/classic/tsplib/gr120.tsp,hybrid,515,helsgaun,44,6900.6495812618714,6911.2485554510085,6942
/Users/a/Ayanami/code/TSP/data/classic/tsplib/gr120.tsp,hybrid,516,helsgaun,45,6901.9438390009436,6911.2485554510085,6942
/Users/a/Ayanami/code/TSP/data/classic/tsplib/gr120.tsp,hybrid,517,helsgaun,46,6900.8177823297119,6911.2485554510085,6942
/Users/a/Ayanami/code/TSP/data/classic/tsplib/gr120.tsp,hybrid,518,helsgaun,47,6902.9027578485657,6911.2485554510085,6942
/Users/a/Ayanami/code/TSP/data/classic/tsplib/gr120.tsp,hybrid,519,helsgaun,48,6900.9500084353922,6911.2485554510085,6942
/Users/a/Ayanami/code/TSP/data/classic/tsplib/gr120.tsp,hybrid,520,helsgaun,49,6902.1007991107326,6911.2485554510085,6942
/Users/a/Ayanami/code/TSP/data/classic/tsplib/gr120.tsp,hybrid,521,helsgaun,50,6902.149525497608,6911.2485554510085,6942
/Users/a/Ayanami/code/TSP/data/classic/tsplib/gr120.tsp,hybrid,522,helsgaun,51,6904.0491031022493,6911.2485554510085,6942
/Users/a/Ayanami/code/TSP/data/classic/tsplib/gr120.tsp,hybrid,523,helsgaun,52,6900.5379263323885,6911.2485554510085,6942
/Users/a/Ayanami/code/TSP/data/classic/tsplib/gr120.tsp,hybrid,524,helsgaun,53,6902.4659795904372,6911.2485554510085,6942
/Users/a/Ayanami/code/TSP/data/classic/tsplib/gr120.tsp,hybrid,525,helsgaun,54,6898.6017323255764,6911.2485554510085,6942
/Users/a/Ayanami/code/TSP/data/classic/tsplib/gr120.tsp,hybrid,526,helsgaun,55,6902.2926811338184,6911.2485554510085,6942
/Users/a/Ayanami/code/TSP/data/classic/tsplib/gr120.tsp,hybrid,527,helsgaun,56,6901.9605212365241,6911.2485554510085,6942
/Users/a/Ayanami/code/TSP/data/classic/tsplib/gr120.tsp,hybrid,528,helsgaun,57,6902.2563655219546,6911.2485554510085,6942
/Users/a/Ayanami/code/TSP/data/classic/tsplib/gr120.tsp,hybrid,529,helsgaun,58,6900.8594839934167,6911.2485554510085,6942
/Users/a/Ayanami/code/TSP/data/classic/tsplib/gr120.tsp,hybrid,530,helsgaun,59,6901.7612792666887,6911.2485554510085,6942
/Users/a/Ayanami/code/TSP/data/classic/tsplib/gr120.tsp,hybrid,531,helsgaun,60,6901.9497947758855,6911.2485554510085,6942
/Users/a/Ayanami/code/TSP/data/classic/tsplib/gr120.tsp,hybrid,532,helsgaun,61,6900.8441727335203,6911.2485554510085,6942
/Users/a/Ayanami/code/TSP/data/classic/tsplib/gr120.tsp,hybrid,533,helsgaun,62,6905.7061120264088,6911.2485554510085,6942
/Users/a/Ayanami/code/TSP/data/classic/tsplib/gr120.tsp,hybrid,534,helsgaun,63,6906.4492575615395,6911.2485554510085,6942
/Users/a/Ayanami/code/TSP/data/classic/tsplib/gr120.tsp,hybrid,535,helsgaun,64,6906.1500194101618,6911.2485554510085,6942
/Users/a/Ayanami/code/TSP/data/classic/tsplib/gr120.tsp,hybrid,536,helsgaun,65,6906.617603445613,6911.2485554510085,6942
/Users/a/Ayanami/code/TSP/data/classic/tsplib/gr120.tsp,hybrid,537,helsgaun,66,6906.6996521114906,6911.2485554510085,6942
/Users/a/Ayanami/code/TSP/data/classic/tsplib/gr120.tsp,hybrid,538,helsgaun,67,6906.3004974550513,6911.2485554510085,6942
/Users/a/Ayanami/code/TSP/data/classic/tsplib/gr120.tsp,hybrid,539,helsgaun,68,6906.4006685480799,6911.2485554510085,6942
/Users/a/Ayanami/code/TSP/data/classic/tsplib/gr120.tsp,hybrid,540,helsgaun,69,6906.0996160400346,6911.2485554510085,6942
/Users/a/Ayanami/code/TSP/data/classic/tsplib/gr120.tsp,hybrid,541,helsgaun,70,6907.399608236311,6911.2485554510085,6942
/Users/a/Ayanami/code/TSP/data/classic/tsplib/gr120.tsp,hybrid,542,helsgaun,71,6904.7511156080991,6911.2485554510085,6942
/Users/a/Ayanami/code/TSP/data/classic/tsplib/gr120.tsp,hybrid,543,helsgaun,72,6907.5998959786957,6911.2485554510085,6942
/Users/a/Ayanami/code/TSP/data/classic/tsplib/gr120.tsp,hybrid,544,helsgaun,73,6905.7995131969219,6911.2485554510085,6942
/Users/a/Ayanami/code/TSP/data/classic/tsplib/gr120.tsp,hybrid,545,helsgaun,74,6907.0998829804248,6911.2485554510085,6942
/Users/a/Ayanami/code/TSP/data/classic/tsplib/gr120.tsp,hybrid,546,helsgaun,75,6905.0004851727672,6911.2485554510085,6942
/Users/a/Ayanami/code/TSP/data/classic/tsplib/gr120.tsp,hybrid,547,helsgaun,76,6907.0999282927814,6911.2485554510085,6942
/Users/a/Ayanami/code/TSP/data/classic/tsplib/gr120.tsp,hybrid,548,helsgaun,77,6905.9995749139107,6911.2485554510085,6942
/Users/a/Ayanami/code/TSP/data/classic/tsplib/gr120.tsp,hybrid,549,helsgaun,78,6906.6503630743773,6911.2485554510085,6942
/Users/a/Ayanami/code/TSP/data/classic/tsplib/gr120.tsp,hybrid,550,helsgaun,79,6906.300423875975,6911.2485554510085,6942
/Users/a/Ayanami/code/TSP/data/classic/tsplib/gr120.tsp,hybrid,551,helsgaun,80,6907.5494556313051,6911.2485554510085,6942
/Users/a/Ayanami/code/TSP/data/classic/tsplib/gr120.tsp,hybrid,552,helsgaun,81,6906.1001426461844,6911.2485554510085,6942
/Users/a/Ayanami/code/TSP/data/classic/tsplib/gr120.tsp,hybrid,553,helsgaun,82,6905.3007142336219,6911.2485554510085,6942
/Users/a/Ayanami/code/TSP/data/classic/tsplib/gr120.tsp,hybrid,554,helsgaun,83,6906.3996652618816,6911.2485554510085,6942
/Users/a/Ayanami/code/TSP/data/classic/tsplib/gr120.tsp,hybrid,555,helsgaun,84,6905.3499716646593,6911.2485554510085,6942
/Users/a/Ayanami/code/TSP/data/classic/tsplib/gr120.tsp,hybrid,556,helsgaun,85,6906.2000974551092,6911.2485554510085,6942
/Users/a/Ayanami/code/TSP/data/classic/tsplib/gr120.tsp,hybrid,557,helsgaun,86,6906.050268292538,6911.2485554510085,6942
/Users/a/Ayanami/code/TSP/data/classic/tsplib/gr120.tsp,hybrid,558,helsgaun,87,6906.149854385525,6911.2485554510085,6942
/Users/a/Ayanami/code/TSP/data/classic/tsplib/gr120.tsp,hybrid,559,helsgaun,88,6906.9499716646615,6911.2485554510085,6942
/Users/a/Ayanami/code/TSP/data/classic/tsplib/gr120.tsp,hybrid,560,helsgaun,89,6905.6007118822918,6911.2485554510085,6942
/Users/a/Ayanami/code/TSP/data/classic/tsplib/gr120.tsp,hybrid,561,helsgaun,90,6906.9496269995097,6911.2485554510085,6942
/Users/a/Ayanami/code/TSP/data/classic/tsplib/gr120.tsp,hybrid,562,helsgaun,91,6905.5495927756028,6911.2485554510085,6942
/Users/a/Ayanami/code/TSP/data/classic/tsplib/gr120.tsp,hybrid,563,helsgaun,92,6908.1500437299756,6911.2485554510085,6942
/Users/a/Ayanami/code/TSP/data/classic/tsplib/gr120.tsp,hybrid,564,helsgaun,93,6908.5633971188918,6911.2485554510085,6942
/Users/a/Ayanami/code/TSP/data/classic/tsplib/gr120.tsp,hybrid,565,helsgaun,94,6909.43199033364,6911.2485554510085,6942
/Users/a/Ayanami/code/TSP/data/classic/tsplib/gr120.tsp,hybrid,566,helsgaun,95,6909.624552092072,6911.2485554510085,6942
/Users/a/Ayanami/code/TSP/data/classic/tsplib/gr120.tsp,hybrid,567,helsgaun,96,6909.5862427326265,6911.2485554510085,6942
/Users/a/Ayanami/code/TSP/data/classic/tsplib/gr120.tsp,hybrid,568,helsgaun,97,6909.395048000335,6911.2485554510085,6942
/Users/a/Ayanami/code/TSP/data/classic/tsplib/gr120.tsp,hybrid,569,helsgaun,98,6909.6496808154952,6911.2485554510085,6942
/Users/a/Ayanami/code/TSP/data/classic/tsplib/gr120.tsp,hybrid,570,helsgaun,99,6909.4301517070407,6911.2485554510085,6942
/Users/a/Ayanami/code/TSP/data/classic/tsplib/gr120.tsp,hybrid,571,helsgaun,100,6908.6247592649934,6911.2485554510085,6942
/Users/a/Ayanami/code/TSP/data/classic/tsplib/gr120.tsp,hybrid,572,helsgaun,101,6909.3748034173341,6911.2485554510085,6942
/Users/a/Ayanami/code/TSP/data/classic/tsplib/gr120.tsp,hybrid,573,helsgaun,102,6909.1001478352155,6911.2485554510085,6942
/Users/a/Ayanami/code/TSP/data/classic/tsplib/gr120.tsp,hybrid,574,helsgaun,103,6909.1449076571525,6911.2485554510085,6942
/Users/a/Ayanami/code/TSP/data/classic/tsplib/gr120.tsp,hybrid,575,helsgaun,104,6909.2755095979155,6911.2485554510085,6942
/Users/a/Ayanami/code/TSP/data/classic/tsplib/gr120.tsp,hybrid,576,helsgaun,105,6908.4747926285918,6911.2485554510085,6942
/Users/a/Ayanami/code/TSP/data/classic/tsplib/gr120.tsp,hybrid,577,helsgaun,106,6909.2746874181839,6911.2485554510085,6942
/Users/a/Ayanami/code/TSP/data/classic/tsplib/gr120.tsp,hybrid,578,helsgaun,107,6909.7880558348161,6911.2485554510085,6942
/Users/a/Ayanami/code/TSP/data/classic/tsplib/gr120.tsp,hybrid,579,helsgaun,108,6909.599826269301,6911.2485554510085,6942
/Users/a/Ayanami/code/TSP/data/classic/tsplib/gr120.tsp,hybrid,580,helsgaun,109,6910.0744935971097,6911.2485554510085,6942
/Users/a/Ayanami/code/TSP/data/classic/tsplib/gr120.tsp,hybrid,581,helsgaun,110,6909.9929509262229,6911.2485554510085,6942
/Users/a/Ayanami/code/TSP/data/classic/tsplib/gr120.tsp,hybrid,582,helsgaun,111,6910.4366966294001,6911.2485554510085,6942
/Users/a/Ayanami/code/TSP/data/classic/tsplib/gr120.tsp,hybrid,583,helsgaun,112,6910.0120818626265,6911.2485554510085,6942
/Users/a/Ayanami/code/TSP/data/classic/tsplib/gr120.tsp,hybrid,584,helsgaun,113,6910.0127389781037,6911.2485554510085,6942
/Users/a/Ayanami/code/TSP/data/classic/tsplib/gr120.tsp,hybrid,585,helsgaun,114,6910.250569443142,6911.2485554510085,6942
/Users/a/Ayanami/code/TSP/data/classic/tsplib/gr120.tsp,hybrid,586,helsgaun,115,6910.7249081919681,6911.2485554510085,6942
/Users/a/Ayanami/code/TSP/data/classic/tsplib/gr120.tsp,hybrid,587,helsgaun,116,6910.6743074673368,6911.2485554510085,6942
