instance,strategy,iteration,phase,phase_iteration,lower_bound,best_lower_bound,concorde_optimum
/Users/a/Ayanami/code/TSP/data/classic/tsplib/gr96.tsp,polyak,1,polyak,1,47998,47998,55209
/Users/a/Ayanami/code/TSP/data/classic/tsplib/gr96.tsp,polyak,2,polyak,2,38340.400000000016,47998,55209
/Users/a/Ayanami/code/TSP/data/classic/tsplib/gr96.tsp,polyak,3,polyak,3,44948.950000000012,47998,55209
/Users/a/Ayanami/code/TSP/data/classic/tsplib/gr96.tsp,polyak,4,polyak,4,44974.204545454544,47998,55209
/Users/a/Ayanami/code/TSP/data/classic/tsplib/gr96.tsp,polyak,5,polyak,5,46417.032070707057,47998,55209
/Users/a/Ayanami/code/TSP/data/classic/tsplib/gr96.tsp,polyak,6,polyak,6,45825.901786616145,47998,55209
/Users/a/Ayanami/code/TSP/data/classic/tsplib/gr96.tsp,polyak,7,polyak,7,46677.834732652605,47998,55209
/Users/a/Ayanami/code/TSP/data/classic/tsplib/gr96.tsp,polyak,8,polyak,8,45930.869507955198,47998,55209
/Users/a/Ayanami/code/TSP/data/classic/tsplib/gr96.tsp,polyak,9,polyak,9,46493.561024229944,47998,55209
/Users/a/Ayanami/code/TSP/data/classic/tsplib/gr96.tsp,polyak,10,polyak,10,46738.137758941055,47998,55209
/Users/a/Ayanami/code/TSP/data/classic/tsplib/gr96.tsp,polyak,11,polyak,11,48414.32869232248,48414.32869232248,55209
/Users/a/Ayanami/code/TSP/data/classic/tsplib/gr96.tsp,polyak,12,polyak,12,48706.441941482401,48706.441941482401,55209
/Users/a/Ayanami/code/TSP/data/classic/tsplib/gr96.tsp,polyak,13,polyak,13,49376.06642057086,49376.06642057086,55209
/Users/a/Ayanami/code/TSP/data/classic/tsplib/gr96.tsp,polyak,14,polyak,14,49853.763549557298,49853.763549557298,55209
/Users/a/Ayanami/code/TSP/data/classic/tsplib/gr96.tsp,polyak,15,polyak,15,50070.35858231473,50070.35858231473,55209
/Users/a/Ayanami/code/TSP/data/classic/tsplib/gr96.tsp,polyak,16,polyak,16,51134.140564204143,51134.140564204143,55209
/Users/a/Ayanami/code/TSP/data/classic/tsplib/gr96.tsp,polyak,17,polyak,17,51536.621044989784,51536.621044989784,55209
/Users/a/Ayanami/code/TSP/data/classic/tsplib/gr96.tsp,polyak,18,polyak,18,50810.456902913073,51536.621044989784,55209
/Users/a/Ayanami/code/TSP/data/classic/tsplib/gr96.tsp,polyak,19,polyak,19,51170.350179268447,51536.621044989784,55209
/Users/a/Ayanami/code/TSP/data/classic/tsplib/gr96.tsp,polyak,20,polyak,20,50780.093847625503,51536.621044989784,55209
/Users/a/Ayanami/code/TSP/data/classic/tsplib/gr96.tsp,polyak,21,polyak,21,51545.643757588972,51545.643757588972,55209
/Users/a/Ayanami/code/TSP/data/classic/tsplib/gr96.tsp,polyak,22,polyak,22,51243.605129529315,51545.643757588972,55209
/Users/a/Ayanami/code/TSP/data/classic/tsplib/gr96.tsp,polyak,23,polyak,23,51592.258380556312,51592.258380556312,55209
/Users/a/Ayanami/code/TSP/data/classic/tsplib/gr96.tsp,polyak,24,polyak,24,52000.721056442213,52000.721056442213,55209
/Users/a/Ayanami/code/TSP/data/classic/tsplib/gr96.tsp,polyak,25,polyak,25,51913.208184906609,52000.721056442213,55209
/Users/a/Ayanami/code/TSP/data/classic/tsplib/gr96.tsp,polyak,26,polyak,26,51910.172851150091,52000.721056442213,55209
/Users/a/Ayanami/code/TSP/data/classic/tsplib/gr96.tsp,polyak,27,polyak,27,51404.686198950323,52000.721056442213,55209
/Users/a/Ayanami/code/TSP/data/classic/tsplib/gr96.tsp,polyak,28,polyak,28,52388.899437834851,52388.899437834851,55209
/Users/a/Ayanami/code/TSP/data/classic/tsplib/gr96.tsp,polyak,29,polyak,29,51113.011836932346,52388.899437834851,55209
/Users/a/Ayanami/code/TSP/data/classic/tsplib/gr96.tsp,polyak,30,polyak,30,51649.565561849078,52388.899437834851,55209
/Users/a/Ayanami/code/TSP/data/classic/tsplib/gr96.tsp,polyak,31,polyak,31,51258.052195394099,52388.899437834851,55209
/Users/a/Ayanami/code/TSP/data/classic/tsplib/gr96.tsp,polyak,32,polyak,32,51060.673068071046,52388.899437834851,55209
/Users/a/Ayanami/code/TSP/data/classic/tsplib/gr96.tsp,polyak,33,polyak,33,51280.5415146901,52388.899437834851,55209
/Users/a/Ayanami/code/TSP/data/classic/tsplib/gr96.tsp,polyak,34,polyak,34,50767.484797102341,52388.899437834851,55209
/Users/a/Ayanami/code/TSP/data/classic/tsplib/gr96.tsp,polyak,35,polyak,35,50789.496437703448,52388.899437834851,55209
/Users/a/Ayanami/code/TSP/data/classic/tsplib/gr96.tsp,polyak,36,polyak,36,50414.421105022797,52388.899437834851,55209
/Users/a/Ayanami/code/TSP/data/classic/tsplib/gr96.tsp,polyak,37,polyak,37,51380.666929148021,52388.899437834851,55209
/Users/a/Ayanami/code/TSP/data/classic/tsplib/gr96.tsp,polyak,38,polyak,38,51622.686164291197,52388.899437834851,55209
/Users/a/Ayanami/code/TSP/data/classic/tsplib/gr96.tsp,polyak,39,polyak,39,50040.327000649071,52388.899437834851,55209
/Users/a/Ayanami/code/TSP/data/classic/tsplib/gr96.tsp,polyak,40,polyak,40,50962.271033391582,52388.899437834851,55209
/Users/a/Ayanami/code/TSP/data/classic/tsplib/gr96.tsp,polyak,41,polyak,41,50695.679471341784,52388.899437834851,55209
/Users/a/Ayanami/code/TSP/data/classic/tsplib/gr96.tsp,polyak,42,polyak,42,52963.082890954087,52963.082890954087,55209
/Users/a/Ayanami/code/TSP/data/classic/tsplib/gr96.tsp,polyak,43,polyak,43,53302.216511550658,53302.216511550658,55209
/Users/a/Ayanami/code/TSP/data/classic/tsplib/gr96.tsp,polyak,44,polyak,44,53438.534822945709,53438.534822945709,55209
/Users/a/Ayanami/code/TSP/data/classic/tsplib/gr96.tsp,polyak,45,polyak,45,53560.087264890186,53560.087264890186,55209
/Users/a/Ayanami/code/TSP/data/classic/tsplib/gr96.tsp,polyak,46,polyak,46,53669.886226055241,53669.886226055241,55209
/Users/a/Ayanami/code/TSP/data/classic/tsplib/gr96.tsp,polyak,47,polyak,47,53717.426141544158,53717.426141544158,55209
/Users/a/Ayanami/code/TSP/data/classic/tsplib/gr96.tsp,polyak,48,polyak,48,53803.2190127059,53803.2190127059,55209
/Users/a/Ayanami/code/TSP/data/classic/tsplib/gr96.tsp,polyak,49,polyak,49,53757.398776879374,53803.2190127059,55209
/Users/a/Ayanami/code/TSP/data/classic/tsplib/gr96.tsp,polyak,50,polyak,50,53779.917147690539,53803.2190127059,55209
/Users/a/Ayanami/code/TSP/data/classic/tsplib/gr96.tsp,polyak,51,polyak,51,53882.565182412494,53882.565182412494,55209
/Users/a/Ayanami/code/TSP/data/classic/tsplib/gr96.tsp,polyak,52,polyak,52,53957.63145259826,53957.63145259826,55209
/Users/a/Ayanami/code/TSP/data/classic/tsplib/gr96.tsp,polyak,53,polyak,53,53634.361427177151,53957.63145259826,55209
/Users/a/Ayanami/code/TSP/data/classic/tsplib/gr96.tsp,polyak,54,polyak,54,54046.13400352723,54046.13400352723,55209
/Users/a/Ayanami/code/TSP/data/classic/tsplib/gr96.tsp,polyak,55,polyak,55,53707.643829551562,54046.13400352723,55209
/Users/a/Ayanami/code/TSP/data/classic/tsplib/gr96.tsp,polyak,56,polyak,56,53932.102537915707,54046.13400352723,55209
/Users/a/Ayanami/code/TSP/data/classic/tsplib/gr96.tsp,polyak,57,polyak,57,53850.558802809799,54046.13400352723,55209
/Users/a/Ayanami/code/TSP/data/classic/tsplib/gr96.tsp,polyak,58,polyak,58,54012.829021290439,54046.13400352723,55209
/Users/a/Ayanami/code/TSP/data/classic/tsplib/gr96.tsp,polyak,59,polyak,59,53825.768368596473,54046.13400352723,55209
/Users/a/Ayanami/code/TSP/data/classic/tsplib/gr96.tsp,polyak,60,polyak,60,53973.543528155264,54046.13400352723,55209
/Users/a/Ayanami/code/TSP/data/classic/tsplib/gr96.tsp,polyak,61,polyak,61,53732.289744103051,54046.13400352723,55209
/Users/a/Ayanami/code/TSP/data/classic/tsplib/gr96.tsp,polyak,62,polyak,62,53799.949664442924,54046.13400352723,55209
/Users/a/Ayanami/code/TSP/data/classic/tsplib/gr96.tsp,polyak,63,polyak,63,53890.617036997064,54046.13400352723,55209
/Users/a/Ayanami/code/TSP/data/classic/tsplib/gr96.tsp,polyak,64,polyak,64,53616.187422782146,54046.13400352723,55209
/Users/a/Ayanami/code/TSP/data/classic/tsplib/gr96.tsp,polyak,65,polyak,65,53838.353940006564,54046.13400352723,55209
/Users/a/Ayanami/code/TSP/data/classic/tsplib/gr96.tsp,polyak,66,polyak,66,53882.162481899693,54046.13400352723,55209
/Users/a/Ayanami/code/TSP/data/classic/tsplib/gr96.tsp,polyak,67,polyak,67,53643.292509958599,54046.13400352723,55209
/Users/a/Ayanami/code/TSP/data/classic/tsplib/gr96.tsp,polyak,68,polyak,68,54179.487518122034,54179.487518122034,55209
/Users/a/Ayanami/code/TSP/data/classic/tsplib/gr96.tsp,polyak,69,polyak,69,54233.881125106142,54233.881125106142,55209
/Users/a/Ayanami/code/TSP/data/classic/tsplib/gr96.tsp,polyak,70,polyak,70,54309.300287160455,54309.300287160455,55209
/Users/a/Ayanami/code/TSP/data/classic/tsplib/gr96.tsp,polyak,71,polyak,71,54221.286361182334,54309.300287160455,55209
/Users/a/Ayanami/code/TSP/data/classic/tsplib/gr96.tsp,polyak,72,polyak,72,54295.391487891364,54309.300287160455,55209
/Users/a/Ayanami/code/TSP/data/classic/tsplib/gr96.tsp,polyak,73,polyak,73,54306.654925933268,54309.300287160455,55209
/Users/a/Ayanami/code/TSP/data/classic/tsplib/gr96.tsp,polyak,74,polyak,74,54292.948026825048,54309.300287160455,55209
/Users/a/Ayanami/code/TSP/data/classic/tsplib/gr96.tsp,polyak,75,polyak,75,54377.576808659302,54377.576808659302,55209
/Users/a/Ayanami/code/TSP/data/classic/tsplib/gr96.tsp,polyak,76,polyak,76,54267.250094953451,54377.576808659302,55209
/Users/a/Ayanami/code/TSP/data/classic/tsplib/gr96.tsp,polyak,77,polyak,77,54303.324068792172,54377.576808659302,55209
/Users/a/Ayanami/code/TSP/data/classic/tsplib/gr96.tsp,polyak,78,polyak,78,54218.351941381094,54377.576808659302,55209
/Users/a/Ayanami/code/TSP/data/classic/tsplib/gr96.tsp,polyak,79,polyak,79,54291.475978592047,54377.576808659302,55209
/Users/a/Ayanami/code/TSP/data/classic/tsplib/gr96.tsp,polyak,80,polyak,80,54337.654861785937,54377.576808659302,55209
/Users/a/Ayanami/code/TSP/data/classic/tsplib/gr96.tsp,polyak,81,polyak,81,54339.668383338205,54377.576808659302,55209
/Users/a/Ayanami/code/TSP/data/classic/tsplib/gr96.tsp,polyak,82,polyak,82,54313.105370456688,54377.576808659302,55209
/Users/a/Ayanami/code/TSP/data/classic/tsplib/gr96.tsp,polyak,83,polyak,83,54332.728915896572,54377.576808659302,55209
/Users/a/Ayanami/code/TSP/data/classic/tsplib/gr96.tsp,polyak,84,polyak,84,54378.362319681233,54378.362319681233,55209
/Users/a/Ayanami/code/TSP/data/classic/tsplib/gr96.tsp,polyak,85,polyak,85,54255.76432367925,54378.362319681233,55209
/Users/a/Ayanami/code/TSP/data/classic/tsplib/gr96.tsp,polyak,86,polyak,86,54384.20476824668,54384.20476824668,55209
/Users/a/Ayanami/code/TSP/data/classic/tsplib/gr96.tsp,polyak,87,polyak,87,54190.011802238994,54384.20476824668,55209
/Users/a/Ayanami/code/TSP/data/classic/tsplib/gr96.tsp,polyak,88,polyak,88,54292.328411187613,54384.20476824668,55209
/Users/a/Ayanami/code/TSP/data/classic/tsplib/gr96.tsp,polyak,89,polyak,89,54292.478416566235,54384.20476824668,55209
/Users/a/Ayanami/code/TSP/data/classic/tsplib/gr96.tsp,polyak,90,polyak,90,54364.587835534665,54384.20476824668,55209
/Users/a/Ayanami/code/TSP/data/classic/tsplib/gr96.tsp,polyak,91,polyak,91,54291.593485166457,54384.20476824668,55209
/Users/a/Ayanami/code/TSP/data/classic/tsplib/gr96.tsp,polyak,92,polyak,92,54356.923132454795,54384.20476824668,55209
/Users/a/Ayanami/code/TSP/data/classic/tsplib/gr96.tsp,polyak,93,polyak,93,54309.335598128237,54384.20476824668,55209
/Users/a/Ayanami/code/TSP/data/classic/tsplib/gr96.tsp,polyak,94,polyak,94,54293.914828330009,54384.20476824668,55209
/Users/a/Ayanami/code/TSP/data/classic/tsplib/gr96.tsp,polyak,95,polyak,95,54326.946169492352,54384.20476824668,55209
/Users/a/Ayanami/code/TSP/data/classic/tsplib/gr96.tsp,polyak,96,polyak,96,54284.094662124371,54384.20476824668,55209
/Users/a/Ayanami/code/TSP/data/classic/tsplib/gr96.tsp,polyak,97,polyak,97,54329.090614990688,54384.20476824668,55209
/Users/a/Ayanami/code/TSP/data/classic/tsplib/gr96.tsp,polyak,98,polyak,98,54299.194651770944,54384.20476824668,55209
/Users/a/Ayanami/code/TSP/data/classic/tsplib/gr96.tsp,polyak,99,polyak,99,54334.937327734253,54384.20476824668,55209
/Users/a/Ayanami/code/TSP/data/classic/tsplib/gr96.tsp,polyak,100,polyak,100,54438.250014273683,54438.250014273683,55209
/Users/a/Ayanami/code/TSP/data/classic/tsplib/gr96.tsp,polyak,101,polyak,101,54407.653741005255,54438.250014273683,55209
/Users/a/Ayanami/code/TSP/data/classic/tsplib/gr96.tsp,polyak,102,polyak,102,54480.828747450527,54480.828747450527,55209
/Users/a/Ayanami/code/TSP/data/classic/tsplib/gr96.tsp,polyak,103,polyak,103,54459.515372676484,54480.828747450527,55209
/Users/a/Ayanami/code/TSP/data/classic/tsplib/gr96.tsp,polyak,104,polyak,104,54460.829605206054,54480.828747450527,55209
/Users/a/Ayanami/code/TSP/data/classic/tsplib/gr96.tsp,polyak,105,polyak,105,54497.86895395341,54497.86895395341,55209
/Users/a/Ayanami/code/TSP/data/classic/tsplib/gr96.tsp,polyak,106,polyak,106,54451.678630788323,54497.86895395341,55209
/Users/a/Ayanami/code/TSP/data/classic/tsplib/gr96.tsp,polyak,107,polyak,107,54471.850935443021,54497.86895395341,55209
/Users/a/Ayanami/code/TSP/data/classic/tsplib/gr96.tsp,polyak,108,polyak,108,54452.935252000316,54497.86895395341,55209
/Users/a/Ayanami/code/TSP/data/classic/tsplib/gr96.tsp,polyak,109,polyak,109,54467.386704971046,54497.86895395341,55209
/Users/a/Ayanami/code/TSP/data/classic/tsplib/gr96.tsp,polyak,110,polyak,110,54476.358041067637,54497.86895395341,55209
/Users/a/Ayanami/code/TSP/data/classic/tsplib/gr96.tsp,polyak,111,polyak,111,54446.949579787128,54497.86895395341,55209
/Users/a/Ayanami/code/TSP/data/classic/tsplib/gr96.tsp,polyak,112,polyak,112,54451.909569669318,54497.86895395341,55209
/Users/a/Ayanami/code/TSP/data/classic/tsplib/gr96.tsp,polyak,113,polyak,113,54468.463968502663,54497.86895395341,55209
/Users/a/Ayanami/code/TSP/data/classic/tsplib/gr96.tsp,polyak,114,polyak,114,54477.692725281238,54497.86895395341,55209
/Users/a/Ayanami/code/TSP/data/classic/tsplib/gr96.tsp,polyak,115,polyak,115,54471.740570881528,54497.86895395341,55209
/Users/a/Ayanami/code/TSP/data/classic/tsplib/gr96.tsp,polyak,116,polyak,116,54434.125955076757,54497.86895395341,55209
/Users/a/Ayanami/code/TSP/data/classic/tsplib/gr96.tsp,polyak,117,polyak,117,54420.627681381789,54497.86895395341,55209
/Users/a/Ayanami/code/TSP/data/classic/tsplib/gr96.tsp,polyak,118,polyak,118,54497.893584374164,54497.893584374164,55209
/Users/a/Ayanami/code/TSP/data/classic/tsplib/gr96.tsp,polyak,119,polyak,119,54534.209229814209,54534.209229814209,55209
/Users/a/Ayanami/code/TSP/data/classic/tsplib/gr96.tsp,polyak,120,polyak,120,54480.979417017705,54534.209229814209,55209
/Users/a/Ayanami/code/TSP/data/classic/tsplib/gr96.tsp,polyak,121,polyak,121,54532.430428539607,54534.209229814209,55209
/Users/a/Ayanami/code/TSP/data/classic/tsplib/gr96.tsp,polyak,122,polyak,122,54506.568042512838,54534.209229814209,55209
/Users/a/Ayanami/code/TSP/data/classic/tsplib/gr96.tsp,polyak,123,polyak,123,54535.01453132803,54535.01453132803,55209
/Users/a/Ayanami/code/TSP/data/classic/tsplib/gr96.tsp,polyak,124,polyak,124,54508.649716473767,54535.01453132803,55209
/Users/a/Ayanami/code/TSP/data/classic/tsplib/gr96.tsp,polyak,125,polyak,125,54523.445273430261,54535.01453132803,55209
/Users/a/Ayanami/code/TSP/data/classic/tsplib/gr96.tsp,polyak,126,polyak,126,54521.864237552407,54535.01453132803,55209
/Users/a/Ayanami/code/TSP/data/classic/tsplib/gr96.tsp,polyak,127,polyak,127,54519.92290346347,54535.01453132803,55209
/Users/a/Ayanami/code/TSP/data/classic/tsplib/gr96.tsp,polyak,128,polyak,128,54522.262388990101,54535.01453132803,55209
/Users/a/Ayanami/code/TSP/data/classic/tsplib/gr96.tsp,polyak,129,polyak,129,54529.87365883233,54535.01453132803,55209
/Users/a/Ayanami/code/TSP/data/classic/tsplib/gr96.tsp,polyak,130,polyak,130,54507.387021317096,54535.01453132803,55209
/Users/a/Ayanami/code/TSP/data/classic/tsplib/gr96.tsp,polyak,131,polyak,131,54530.660996138147,54535.01453132803,55209
/Users/a/Ayanami/code/TSP/data/classic/tsplib/gr96.tsp,polyak,132,polyak,132,54517.517396843745,54535.01453132803,55209
/Users/a/Ayanami/code/TSP/data/classic/tsplib/gr96.tsp,polyak,133,polyak,133,54515.493143076063,54535.01453132803,55209
/Users/a/Ayanami/code/TSP/data/classic/tsplib/gr96.tsp,polyak,134,polyak,134,54533.19635893494,54535.01453132803,55209
/Users/a/Ayanami/code/TSP/data/classic/tsplib/gr96.tsp,polyak,135,polyak,135,54502.815429458664,54535.01453132803,55209
/Users/a/Ayanami/code/TSP/data/classic/tsplib/gr96.tsp,polyak,136,polyak,136,54539.158737259037,54539.158737259037,55209
/Users/a/Ayanami/code/TSP/data/classic/tsplib/gr96.tsp,polyak,137,polyak,137,54550.83438104808,54550.83438104808,55209
/Users/a/Ayanami/code/TSP/data/classic/tsplib/gr96.tsp,polyak,138,polyak,138,54522.384332899863,54550.83438104808,55209
/Users/a/Ayanami/code/TSP/data/classic/tsplib/gr96.tsp,polyak,139,polyak,139,54553.177957174041,54553.177957174041,55209
/Users/a/Ayanami/code/TSP/data/classic/tsplib/gr96.tsp,polyak,140,polyak,140,54527.891685969116,54553.177957174041,55209
/Users/a/Ayanami/code/TSP/data/classic/tsplib/gr96.tsp,polyak,141,polyak,141,54545.414044403922,54553.177957174041,55209
/Users/a/Ayanami/code/TSP/data/classic/tsplib/gr96.tsp,polyak,142,polyak,142,54528.986833371302,54553.177957174041,55209
/Users/a/Ayanami/code/TSP/data/classic/tsplib/gr96.tsp,polyak,143,polyak,143,54544.387343714377,54553.177957174041,55209
/Users/a/Ayanami/code/TSP/data/classic/tsplib/gr96.tsp,polyak,144,polyak,144,54529.949365267741,54553.177957174041,55209
/Users/a/Ayanami/code/TSP/data/classic/tsplib/gr96.tsp,polyak,145,polyak,145,54543.484970061465,54553.177957174041,55209
/Users/a/Ayanami/code/TSP/data/classic/tsplib/gr96.tsp,polyak,146,polyak,146,54530.79534056734,54553.177957174041,55209
/Users/a/Ayanami/code/TSP/data/classic/tsplib/gr96.tsp,polyak,147,polyak,147,54542.691868218077,54553.177957174041,55209
/Users/a/Ayanami/code/TSP/data/classic/tsplib/gr96.tsp,polyak,148,polyak,148,54531.538873545513,54553.177957174041,55209
/Users/a/Ayanami/code/TSP/data/classic/tsplib/gr96.tsp,polyak,149,polyak,149,54541.994806051051,54553.177957174041,55209
/Users/a/Ayanami/code/TSP/data/classic/tsplib/gr96.tsp,polyak,150,polyak,150,54532.192369327102,54553.177957174041,55209
/Users/a/Ayanami/code/TSP/data/classic/tsplib/gr96.tsp,polyak,151,polyak,151,54541.382153755803,54553.177957174041,55209
/Users/a/Ayanami/code/TSP/data/classic/tsplib/gr96.tsp,polyak,152,polyak,152,54532.766730853909,54553.177957174041,55209
/Users/a/Ayanami/code/TSP/data/classic/tsplib/gr96.tsp,polyak,153,polyak,153,54561.044315970343,54561.044315970343,55209
/Users/a/Ayanami/code/TSP/data/classic/tsplib/gr96.tsp,polyak,154,polyak,154,54550.853375393897,54561.044315970343,55209
/Users/a/Ayanami/code/TSP/data/classic/tsplib/gr96.tsp,polyak,155,polyak,155,54557.190316117463,54561.044315970343,55209
/Users/a/Ayanami/code/TSP/data/classic/tsplib/gr96.tsp,polyak,156,polyak,156,54549.37813126119,54561.044315970343,55209
/Users/a/Ayanami/code/TSP/data/classic/tsplib/gr96.tsp,polyak,157,polyak,157,54556.946185340697,54561.044315970343,55209
/Users/a/Ayanami/code/TSP/data/classic/tsplib/gr96.tsp,polyak,158,polyak,158,54549.614632951168,54561.044315970343,55209
/Users/a/Ayanami/code/TSP/data/classic/tsplib/gr96.tsp,polyak,159,polyak,159,54556.717074328531,54561.044315970343,55209
/Users/a/Ayanami/code/TSP/data/classic/tsplib/gr96.tsp,polyak,160,polyak,160,54549.836584244214,54561.044315970343,55209
/Users/a/Ayanami/code/TSP/data/classic/tsplib/gr96.tsp,polyak,161,polyak,161,54556.502059013401,54561.044315970343,55209
/Users/a/Ayanami/code/TSP/data/classic/tsplib/gr96.tsp,polyak,162,polyak,162,54550.044880330752,54561.044315970343,55209
/Users/a/Ayanami/code/TSP/data/classic/tsplib/gr96.tsp,polyak,163,polyak,163,54556.300272179556,54561.044315970343,55209
/Users/a/Ayanami/code/TSP/data/classic/tsplib/gr96.tsp,polyak,164,polyak,164,54550.240361326032,54561.044315970343,55209
/Users/a/Ayanami/code/TSP/data/classic/tsplib/gr96.tsp,polyak,165,polyak,165,54556.110899965388,54561.044315970343,55209
/Users/a/Ayanami/code/TSP/data/classic/tsplib/gr96.tsp,polyak,166,polyak,166,54550.423815658512,54561.044315970343,55209
/Users/a/Ayanami/code/TSP/data/classic/tsplib/gr96.tsp,polyak,167,polyak,167,54563.831756906322,54563.831756906322,55209
/Users/a/Ayanami/code/TSP/data/classic/tsplib/gr96.tsp,polyak,168,polyak,168,54558.085836561615,54563.831756906322,55209
/Users/a/Ayanami/code/TSP/data/classic/tsplib/gr96.tsp,polyak,169,polyak,169,54564.698543626866,54564.698543626866,55209
/Users/a/Ayanami/code/TSP/data/classic/tsplib/gr96.tsp,polyak,170,polyak,170,54558.202996117274,54564.698543626866,55209
/Users/a/Ayanami/code/TSP/data/classic/tsplib/gr96.tsp,polyak,171,polyak,171,54564.597050697033,54564.698543626866,55209
/Users/a/Ayanami/code/TSP/data/classic/tsplib/gr96.tsp,polyak,172,polyak,172,54558.302903220087,54564.698543626866,55209
/Users/a/Ayanami/code/TSP/data/classic/tsplib/gr96.tsp,polyak,173,polyak,173,54564.498704642705,54564.698543626866,55209
/Users/a/Ayanami/code/TSP/data/classic/tsplib/gr96.tsp,polyak,174,polyak,174,54558.399712617313,54564.698543626866,55209
/Users/a/Ayanami/code/TSP/data/classic/tsplib/gr96.tsp,polyak,175,polyak,175,54564.403407892307,54564.698543626866,55209
/Users/a/Ayanami/code/TSP/data/classic/tsplib/gr96.tsp,polyak,176,polyak,176,54558.49352035598,54564.698543626866,55209
/Users/a/Ayanami/code/TSP/data/classic/tsplib/gr96.tsp,polyak,177,polyak,177,54564.31106589955,54564.698543626866,55209
/Users/a/Ayanami/code/TSP/data/classic/tsplib/gr96.tsp,polyak,178,polyak,178,54558.58441950511,54564.698543626866,55209
/Users/a/Ayanami/code/TSP/data/classic/tsplib/gr96.tsp,polyak,179,polyak,179,54564.221587049629,54564.698543626866,55209
/Users/a/Ayanami/code/TSP/data/classic/tsplib/gr96.tsp,polyak,180,polyak,180,54558.67250024798,54564.698543626866,55209
/Users/a/Ayanami/code/TSP/data/classic/tsplib/gr96.tsp,polyak,181,polyak,181,54564.134882568353,54564.698543626866,55209
/Users/a/Ayanami/code/TSP/data/classic/tsplib/gr96.tsp,polyak,182,polyak,182,54558.757849971742,54564.698543626866,55209
/Users/a/Ayanami/code/TSP/data/classic/tsplib/gr96.tsp,polyak,183,polyak,183,54564.905954769383,54564.905954769383,55209
/Users/a/Ayanami/code/TSP/data/classic/tsplib/gr96.tsp,polyak,184,polyak,184,54564.098898502772,54564.905954769383,55209
/Users/a/Ayanami/code/TSP/data/classic/tsplib/gr96.tsp,polyak,185,polyak,185,54565.966361854,54565.966361854,55209
/Users/a/Ayanami/code/TSP/data/classic/tsplib/gr96.tsp,polyak,186,polyak,186,54564.99431284795,54565.966361854,55209
/Users/a/Ayanami/code/TSP/data/classic/tsplib/gr96.tsp,polyak,187,polyak,187,54565.958767721146,54565.966361854,55209
/Users/a/Ayanami/code/TSP/data/classic/tsplib/gr96.tsp,polyak,188,polyak,188,54565.001847651656,54565.966361854,55209
/Users/a/Ayanami/code/TSP/data/classic/tsplib/gr96.tsp,polyak,189,polyak,189,54565.951291783102,54565.966361854,55209
/Users/a/Ayanami/code/TSP/data/classic/tsplib/gr96.tsp,polyak,190,polyak,190,54565.009265183922,54565.966361854,55209
/Users/a/Ayanami/code/TSP/data/classic/tsplib/gr96.tsp,polyak,191,polyak,191,54565.943932200302,54565.966361854,55209
/Users/a/Ayanami/code/TSP/data/classic/tsplib/gr96.tsp,polyak,192,polyak,192,54565.016567269995,54565.966361854,55209
/Users/a/Ayanami/code/TSP/data/classic/tsplib/gr96.tsp,polyak,193,polyak,193,54565.936687161782,54565.966361854,55209
/Users/a/Ayanami/code/TSP/data/classic/tsplib/gr96.tsp,polyak,194,polyak,194,54565.023755706658,54565.966361854,55209
/Users/a/Ayanami/code/TSP/data/classic/tsplib/gr96.tsp,polyak,195,polyak,195,54565.92955488478,54565.966361854,55209
/Users/a/Ayanami/code/TSP/data/classic/tsplib/gr96.tsp,polyak,196,polyak,196,54565.030832262724,54565.966361854,55209
/Users/a/Ayanami/code/TSP/data/classic/tsplib/gr96.tsp,polyak,197,polyak,197,54565.922533614292,54565.966361854,55209
/Users/a/Ayanami/code/TSP/data/classic/tsplib/gr96.tsp,polyak,198,polyak,198,54565.037798679536,54565.966361854,55209
/Users/a/Ayanami/code/TSP/data/classic/tsplib/gr96.tsp,polyak,199,polyak,199,54567.679739363564,54567.679739363564,55209
/Users/a/Ayanami/code/TSP/data/classic/tsplib/gr96.tsp,polyak,200,polyak,200,54567.737895662925,54567.737895662925,55209
/Users/a/Ayanami/code/TSP/data/classic/tsplib/gr96.tsp,polyak,201,polyak,201,54567.198876082701,54567.737895662925,55209
/Users/a/Ayanami/code/TSP/data/classic/tsplib/gr96.tsp,polyak,202,polyak,202,54567.786275776962,54567.786275776962,55209
/Users/a/Ayanami/code/TSP/data/classic/tsplib/gr96.tsp,polyak,203,polyak,203,54567.201170612752,54567.786275776962,55209
/Users/a/Ayanami/code/TSP/data/classic/tsplib/gr96.tsp,polyak,204,polyak,204,54567.783990209908,54567.786275776962,55209
/Users/a/Ayanami/code/TSP/data/classic/tsplib/gr96.tsp,polyak,205,polyak,205,54567.203447251821,54567.786275776962,55209
/Users/a/Ayanami/code/TSP/data/classic/tsplib/gr96.tsp,polyak,206,polyak,206,54567.781722463995,54567.786275776962,55209
/Users/a/Ayanami/code/TSP/data/classic/tsplib/gr96.tsp,polyak,207,polyak,207,54567.205706139357,54567.786275776962,55209
/Users/a/Ayanami/code/TSP/data/classic/tsplib/gr96.tsp,polyak,208,polyak,208,54567.779472400223,54567.786275776962,55209
/Users/a/Ayanami/code/TSP/data/classic/tsplib/gr96.tsp,polyak,209,polyak,209,54567.207947413815,54567.786275776962,55209
/Users/a/Ayanami/code/TSP/data/classic/tsplib/gr96.tsp,polyak,210,polyak,210,54567.777239880728,54567.786275776962,55209
/Users/a/Ayanami/code/TSP/data/classic/tsplib/gr96.tsp,polyak,211,polyak,211,54567.210171212522,54567.786275776962,55209
/Users/a/Ayanami/code/TSP/data/classic/tsplib/gr96.tsp,polyak,212,polyak,212,54567.775024768758,54567.786275776962,55209
/Users/a/Ayanami/code/TSP/data/classic/tsplib/gr96.tsp,polyak,213,polyak,213,54567.212377671727,54567.786275776962,55209
/Users/a/Ayanami/code/TSP/data/classic/tsplib/gr96.tsp,polyak,214,polyak,214,54567.772826928536,54567.786275776962,55209
/Users/a/Ayanami/code/TSP/data/classic/tsplib/gr96.tsp,polyak,215,polyak,215,54567.214566926639,54567.786275776962,55209
/Users/a/Ayanami/code/TSP/data/classic/tsplib/gr96.tsp,polyak,216,polyak,216,54568.493235899972,54568.493235899972,55209
/Users/a/Ayanami/code/TSP/data/classic/tsplib/gr96.tsp,polyak,217,polyak,217,54568.421211973269,54568.493235899972,55209
/Users/a/Ayanami/code/TSP/data/classic/tsplib/gr96.tsp,polyak,218,polyak,218,54568.493502269412,54568.493502269412,55209
/Users/a/Ayanami/code/TSP/data/classic/tsplib/gr96.tsp,polyak,219,polyak,219,54568.501602227196,54568.501602227196,55209
/Users/a/Ayanami/code/TSP/data/classic/tsplib/gr96.tsp,polyak,220,polyak,220,54568.493518089643,54568.501602227196,55209
/Users/a/Ayanami/code/TSP/data/classic/tsplib/gr96.tsp,polyak,221,polyak,221,54568.501586437866,54568.501602227196,55209
/Users/a/Ayanami/code/TSP/data/classic/tsplib/gr96.tsp,polyak,222,polyak,222,54568.49353384813,54568.501602227196,55209
/Users/a/Ayanami/code/TSP/data/classic/tsplib/gr96.tsp,polyak,223,polyak,223,54568.501570710148,54568.501602227196,55209
/Users/a/Ayanami/code/TSP/data/classic/tsplib/gr96.tsp,polyak,224,polyak,224,54568.493549545128,54568.501602227196,55209
/Users/a/Ayanami/code/TSP/data/classic/tsplib/gr96.tsp,polyak,225,polyak,225,54568.501555043811,54568.501602227196,55209
/Users/a/Ayanami/code/TSP/data/classic/tsplib/gr96.tsp,polyak,226,polyak,226,54568.49356518087,54568.501602227196,55209
/Users/a/Ayanami/code/TSP/data/classic/tsplib/gr96.tsp,polyak,227,polyak,227,54568.501539438606,54568.501602227196,55209
/Users/a/Ayanami/code/TSP/data/classic/tsplib/gr96.tsp,polyak,228,polyak,228,54568.493580755581,54568.501602227196,55209
/Users/a/Ayanami/code/TSP/data/classic/tsplib/gr96.tsp,polyak,229,polyak,229,54568.501523894309,54568.501602227196,55209
/Users/a/Ayanami/code/TSP/data/classic/tsplib/gr96.tsp,polyak,230,polyak,230,54568.493596269524,54568.501602227196,55209
/Users/a/Ayanami/code/TSP/data/classic/tsplib/gr96.tsp,polyak,231,polyak,231,54568.501508410678,54568.501602227196,55209
/Users/a/Ayanami/code/TSP/data/classic/tsplib/gr96.tsp,polyak,232,polyak,232,54568.493611722923,54568.501602227196,55209
/Users/a/Ayanami/code/TSP/data/classic/tsplib/gr96.tsp,polyak,233,polyak,233,54568.995204418738,54568.995204418738,55209
/Users/a/Ayanami/code/TSP/data/classic/tsplib/gr96.tsp,polyak,234,polyak,234,54568.748901135557,54568.995204418738,55209
/Users/a/Ayanami/code/TSP/data/classic/tsplib/gr96.tsp,polyak,235,polyak,235,54569.206931824447,54569.206931824447,55209
/Users/a/Ayanami/code/TSP/data/classic/tsplib/gr96.tsp,polyak,236,polyak,236,54568.791317132403,54569.206931824447,55209
/Users/a/Ayanami/code/TSP/data/classic/tsplib/gr96.tsp,polyak,237,polyak,237,54569.206525950729,54569.206931824447,55209
/Users/a/Ayanami/code/TSP/data/classic/tsplib/gr96.tsp,polyak,238,polyak,238,54568.791722609763,54569.206931824447,55209
/Users/a/Ayanami/code/TSP/data/classic/tsplib/gr96.tsp,polyak,239,polyak,239,54569.206120869341,54569.206931824447,55209
/Users/a/Ayanami/code/TSP/data/classic/tsplib/gr96.tsp,polyak,240,polyak,240,54568.792127295557,54569.206931824447,55209
/Users/a/Ayanami/code/TSP/data/classic/tsplib/gr96.tsp,polyak,241,polyak,241,54569.205716578741,54569.206931824447,55209
/Users/a/Ayanami/code/TSP/data/classic/tsplib/gr96.tsp,polyak,242,polyak,242,54568.792531191342,54569.206931824447,55209
/Users/a/Ayanami/code/TSP/data/classic/tsplib/gr96.tsp,polyak,243,polyak,243,54569.205313077371,54569.206931824447,55209
/Users/a/Ayanami/code/TSP/data/classic/tsplib/gr96.tsp,polyak,244,polyak,244,54568.792934298646,54569.206931824447,55209
/Users/a/Ayanami/code/TSP/data/classic/tsplib/gr96.tsp,polyak,245,polyak,245,54569.204910363726,54569.206931824447,55209
/Users/a/Ayanami/code/TSP/data/classic/tsplib/gr96.tsp,polyak,246,polyak,246,54568.793336619026,54569.206931824447,55209
/Users/a/Ayanami/code/TSP/data/classic/tsplib/gr96.tsp,polyak,247,polyak,247,54569.20450843624,54569.206931824447,55209
/Users/a/Ayanami/code/TSP/data/classic/tsplib/gr96.tsp,polyak,248,polyak,248,54568.79373815401,54569.206931824447,55209
/Users/a/Ayanami/code/TSP/data/classic/tsplib/gr96.tsp,polyak,249,polyak,249,54569.210656584597,54569.210656584597,55209
/Users/a/Ayanami/code/TSP/data/classic/tsplib/gr96.tsp,polyak,250,polyak,250,54569.204310866837,54569.210656584597,55209
/Users/a/Ayanami/code/TSP/data/classic/tsplib/gr96.tsp,polyak,251,polyak,251,54569.294812331806,54569.294812331806,55209
/Users/a/Ayanami/code/TSP/data/classic/tsplib/gr96.tsp,polyak,252,polyak,252,54569.204355057009,54569.294812331806,55209
/Users/a/Ayanami/code/TSP/data/classic/tsplib/gr96.tsp,polyak,253,polyak,253,54569.294768163207,54569.294812331806,55209
/Users/a/Ayanami/code/TSP/data/classic/tsplib/gr96.tsp,polyak,254,polyak,254,54569.204399204042,54569.294812331806,55209
/Users/a/Ayanami/code/TSP/data/classic/tsplib/gr96.tsp,polyak,255,polyak,255,54569.294724037733,54569.294812331806,55209
/Users/a/Ayanami/code/TSP/data/classic/tsplib/gr96.tsp,polyak,256,polyak,256,54569.204443307957,54569.294812331806,55209
/Users/a/Ayanami/code/TSP/data/classic/tsplib/gr96.tsp,polyak,257,polyak,257,54569.294679955361,54569.294812331806,55209
/Users/a/Ayanami/code/TSP/data/classic/tsplib/gr96.tsp,polyak,258,polyak,258,54569.204487368828,54569.294812331806,55209
/Users/a/Ayanami/code/TSP/data/classic/tsplib/gr96.tsp,polyak,259,polyak,259,54569.294635916012,54569.294812331806,55209
/Users/a/Ayanami/code/TSP/data/classic/tsplib/gr96.tsp,polyak,260,polyak,260,54569.204531386677,54569.294812331806,55209
/Users/a/Ayanami/code/TSP/data/classic/tsplib/gr96.tsp,polyak,261,polyak,261,54569.294591919643,54569.294812331806,55209
/Users/a/Ayanami/code/TSP/data/classic/tsplib/gr96.tsp,polyak,262,polyak,262,54569.204575361546,54569.294812331806,55209
/Users/a/Ayanami/code/TSP/data/classic/tsplib/gr96.tsp,polyak,263,polyak,263,54569.294547966245,54569.294812331806,55209
/Users/a/Ayanami/code/TSP/data/classic/tsplib/gr96.tsp,polyak,264,polyak,264,54569.204619293479,54569.294812331806,55209
/Users/a/Ayanami/code/TSP/data/classic/tsplib/gr96.tsp,polyak,265,polyak,265,54569.410739020888,54569.410739020888,55209
/Users/a/Ayanami/code/TSP/data/classic/tsplib/gr96.tsp,polyak,266,polyak,266,54569.294554377972,54569.410739020888,55209
/Users/a/Ayanami/code/TSP/data/classic/tsplib/gr96.tsp,polyak,267,polyak,267,54569.435570665104,54569.435570665104,55209
/Users/a/Ayanami/code/TSP/data/classic/tsplib/gr96.tsp,polyak,268,polyak,268,54569.314047394117,54569.435570665104,55209
/Users/a/Ayanami/code/TSP/data/classic/tsplib/gr96.tsp,polyak,269,polyak,269,54569.435540996339,54569.435570665104,55209
/Users/a/Ayanami/code/TSP/data/classic/tsplib/gr96.tsp,polyak,270,polyak,270,54569.314077055635,54569.435570665104,55209
/Users/a/Ayanami/code/TSP/data/classic/tsplib/gr96.tsp,polyak,271,polyak,271,54569.435511342053,54569.435570665104,55209
/Users/a/Ayanami/code/TSP/data/classic/tsplib/gr96.tsp,polyak,272,polyak,272,54569.314106702681,54569.435570665104,55209
/Users/a/Ayanami/code/TSP/data/classic/tsplib/gr96.tsp,polyak,273,polyak,273,54569.435481702247,54569.435570665104,55209
/Users/a/Ayanami/code/TSP/data/classic/tsplib/gr96.tsp,polyak,274,polyak,274,54569.314136335241,54569.435570665104,55209
/Users/a/Ayanami/code/TSP/data/classic/tsplib/gr96.tsp,polyak,275,polyak,275,54569.435452076919,54569.435570665104,55209
/Users/a/Ayanami/code/TSP/data/classic/tsplib/gr96.tsp,polyak,276,polyak,276,54569.31416595335,54569.435570665104,55209
/Users/a/Ayanami/code/TSP/data/classic/tsplib/gr96.tsp,polyak,277,polyak,277,54569.435422466056,54569.435570665104,55209
/Users/a/Ayanami/code/TSP/data/classic/tsplib/gr96.tsp,polyak,278,polyak,278,54569.314195556995,54569.435570665104,55209
/Users/a/Ayanami/code/TSP/data/classic/tsplib/gr96.tsp,polyak,279,polyak,279,54569.435392869636,54569.435570665104,55209
/Users/a/Ayanami/code/TSP/data/classic/tsplib/gr96.tsp,polyak,280,polyak,280,54569.314225146176,54569.435570665104,55209
/Users/a/Ayanami/code/TSP/data/classic/tsplib/gr96.tsp,polyak,281,polyak,281,54569.43943092924,54569.43943092924,55209
/Users/a/Ayanami/code/TSP/data/classic/tsplib/gr96.tsp,polyak,282,polyak,282,54569.435378571572,54569.43943092924,55209
/Users/a/Ayanami/code/TSP/data/classic/tsplib/gr96.tsp,polyak,283,polyak,283,54569.43943043457,54569.43943092924,55209
/Users/a/Ayanami/code/TSP/data/classic/tsplib/gr96.tsp,polyak,284,polyak,284,54569.435379066192,54569.43943092924,55209
/Users/a/Ayanami/code/TSP/data/classic/tsplib/gr96.tsp,polyak,285,polyak,285,54569.439429940016,54569.43943092924,55209
/Users/a/Ayanami/code/TSP/data/classic/tsplib/gr96.tsp,polyak,286,polyak,286,54569.43537956068,54569.43943092924,55209
/Users/a/Ayanami/code/TSP/data/classic/tsplib/gr96.tsp,polyak,287,polyak,287,54569.439429445592,54569.43943092924,55209
/Users/a/Ayanami/code/TSP/data/classic/tsplib/gr96.tsp,polyak,288,polyak,288,54569.435380055045,54569.43943092924,55209
/Users/a/Ayanami/code/TSP/data/classic/tsplib/gr96.tsp,polyak,289,polyak,289,54569.439428951278,54569.43943092924,55209
/Users/a/Ayanami/code/TSP/data/classic/tsplib/gr96.tsp,polyak,290,polyak,290,54569.435380549294,54569.43943092924,55209
/Users/a/Ayanami/code/TSP/data/classic/tsplib/gr96.tsp,polyak,291,polyak,291,54569.439428457095,54569.43943092924,55209
/Users/a/Ayanami/code/TSP/data/classic/tsplib/gr96.tsp,polyak,292,polyak,292,54569.435381043433,54569.43943092924,55209
/Users/a/Ayanami/code/TSP/data/classic/tsplib/gr96.tsp,polyak,293,polyak,293,54569.439427963014,54569.43943092924,55209
/Users/a/Ayanami/code/TSP/data/classic/tsplib/gr96.tsp,polyak,294,polyak,294,54569.435381537442,54569.43943092924,55209
/Users/a/Ayanami/code/TSP/data/classic/tsplib/gr96.tsp,polyak,295,polyak,295,54569.47667461502,54569.47667461502,55209
/Users/a/Ayanami/code/TSP/data/classic/tsplib/gr96.tsp,polyak,296,polyak,296,54569.458029250774,54569.47667461502,55209
/Users/a/Ayanami/code/TSP/data/classic/tsplib/gr96.tsp,polyak,297,polyak,297,54569.464377984732,54569.47667461502,55209
/Users/a/Ayanami/code/TSP/data/classic/tsplib/gr96.tsp,polyak,298,polyak,298,54569.473028288317,54569.47667461502,55209
/Users/a/Ayanami/code/TSP/data/classic/tsplib/gr96.tsp,polyak,299,polyak,299,54569.464378512705,54569.47667461502,55209
/Users/a/Ayanami/code/TSP/data/classic/tsplib/gr96.tsp,polyak,300,polyak,300,54569.473027760374,54569.47667461502,55209
/Users/a/Ayanami/code/TSP/data/classic/tsplib/gr96.tsp,polyak,301,polyak,301,54569.464379040619,54569.47667461502,55209
/Users/a/Ayanami/code/TSP/data/classic/tsplib/gr96.tsp,polyak,302,polyak,302,54569.473027232503,54569.47667461502,55209
/Users/a/Ayanami/code/TSP/data/classic/tsplib/gr96.tsp,polyak,303,polyak,303,54569.464379568468,54569.47667461502,55209
/Users/a/Ayanami/code/TSP/data/classic/tsplib/gr96.tsp,polyak,304,polyak,304,54569.473026704683,54569.47667461502,55209
/Users/a/Ayanami/code/TSP/data/classic/tsplib/gr96.tsp,polyak,305,polyak,305,54569.464380096237,54569.47667461502,55209
/Users/a/Ayanami/code/TSP/data/classic/tsplib/gr96.tsp,polyak,306,polyak,306,54569.473026176936,54569.47667461502,55209
/Users/a/Ayanami/code/TSP/data/classic/tsplib/gr96.tsp,polyak,307,polyak,307,54569.464380623947,54569.47667461502,55209
/Users/a/Ayanami/code/TSP/data/classic/tsplib/gr96.tsp,polyak,308,polyak,308,54569.473025649255,54569.47667461502,55209
/Users/a/Ayanami/code/TSP/data/classic/tsplib/gr96.tsp,polyak,309,polyak,309,54569.487678765123,54569.487678765123,55209
/Users/a/Ayanami/code/TSP/data/classic/tsplib/gr96.tsp,polyak,310,polyak,310,54569.481025082474,54569.487678765123,55209
/Users/a/Ayanami/code/TSP/data/classic/tsplib/gr96.tsp,polyak,311,polyak,311,54569.487678562065,54569.487678765123,55209
/Users/a/Ayanami/code/TSP/data/classic/tsplib/gr96.tsp,polyak,312,polyak,312,54569.481025285517,54569.487678765123,55209
/Users/a/Ayanami/code/TSP/data/classic/tsplib/gr96.tsp,polyak,313,polyak,313,54569.487678359023,54569.487678765123,55209
/Users/a/Ayanami/code/TSP/data/classic/tsplib/gr96.tsp,polyak,314,polyak,314,54569.48102548856,54569.487678765123,55209
/Users/a/Ayanami/code/TSP/data/classic/tsplib/gr96.tsp,polyak,315,polyak,315,54569.487678155994,54569.487678765123,55209
/Users/a/Ayanami/code/TSP/data/classic/tsplib/gr96.tsp,polyak,316,polyak,316,54569.481025691581,54569.487678765123,55209
/Users/a/Ayanami/code/TSP/data/classic/tsplib/gr96.tsp,polyak,317,polyak,317,54569.48767795298,54569.487678765123,55209
/Users/a/Ayanami/code/TSP/data/classic/tsplib/gr96.tsp,polyak,318,polyak,318,54569.481025894587,54569.487678765123,55209
/Users/a/Ayanami/code/TSP/data/classic/tsplib/gr96.tsp,polyak,319,polyak,319,54569.487677749981,54569.487678765123,55209
/Users/a/Ayanami/code/TSP/data/classic/tsplib/gr96.tsp,polyak,320,polyak,320,54569.481026097586,54569.487678765123,55209
/Users/a/Ayanami/code/TSP/data/classic/tsplib/gr96.tsp,polyak,321,polyak,321,54569.487677546982,54569.487678765123,55209
/Users/a/Ayanami/code/TSP/data/classic/tsplib/gr96.tsp,polyak,322,polyak,322,54569.481026300578,54569.487678765123,55209
/Users/a/Ayanami/code/TSP/data/classic/tsplib/gr96.tsp,polyak,323,polyak,323,54569.493891077756,54569.493891077756,55209
/Users/a/Ayanami/code/TSP/data/classic/tsplib/gr96.tsp,polyak,324,polyak,324,54569.490460940819,54569.493891077756,55209
/Users/a/Ayanami/code/TSP/data/classic/tsplib/gr96.tsp,polyak,325,polyak,325,54569.493891025413,54569.493891077756,55209
/Users/a/Ayanami/code/TSP/data/classic/tsplib/gr96.tsp,polyak,326,polyak,326,54569.490460993162,54569.493891077756,55209
/Users/a/Ayanami/code/TSP/data/classic/tsplib/gr96.tsp,polyak,327,polyak,327,54569.493890973077,54569.493891077756,55209
/Users/a/Ayanami/code/TSP/data/classic/tsplib/gr96.tsp,polyak,328,polyak,328,54569.490461045498,54569.493891077756,55209
/Users/a/Ayanami/code/TSP/data/classic/tsplib/gr96.tsp,polyak,329,polyak,329,54569.493890920749,54569.493891077756,55209
/Users/a/Ayanami/code/TSP/data/classic/tsplib/gr96.tsp,polyak,330,polyak,330,54569.490461097819,54569.493891077756,55209
/Users/a/Ayanami/code/TSP/data/classic/tsplib/gr96.tsp,polyak,331,polyak,331,54569.493890868405,54569.493891077756,55209
/Users/a/Ayanami/code/TSP/data/classic/tsplib/gr96.tsp,polyak,332,polyak,332,54569.490461150162,54569.493891077756,55209
/Users/a/Ayanami/code/TSP/data/classic/tsplib/gr96.tsp,polyak,333,polyak,333,54569.493890816084,54569.493891077756,55209
/Users/a/Ayanami/code/TSP/data/classic/tsplib/gr96.tsp,polyak,334,polyak,334,54569.490461202491,54569.493891077756,55209
/Users/a/Ayanami/code/TSP/data/classic/tsplib/gr96.tsp,polyak,335,polyak,335,54569.493890763741,54569.493891077756,55209
/Users/a/Ayanami/code/TSP/data/classic/tsplib/gr96.tsp,helsgaun,1,helsgaun,1,47998,47998,55209
/Users/a/Ayanami/code/TSP/data/classic/tsplib/gr96.tsp,helsgaun,2,helsgaun,2,48038,48038,55209
/Users/a/Ayanami/code/TSP/data/classic/tsplib/gr96.tsp,helsgaun,3,helsgaun,3,48114,48114,55209
/Users/a/Ayanami/code/TSP/data/classic/tsplib/gr96.tsp,helsgaun,4,helsgaun,4,48257,48257,55209
/Users/a/Ayanami/code/TSP/data/classic/tsplib/gr96.tsp,helsgaun,5,helsgaun,5,48523.599999999999,48523.599999999999,55209
/Users/a/Ayanami/code/TSP/data/classic/tsplib/gr96.tsp,helsgaun,6,helsgaun,6,48910,48910,55209
/Users/a/Ayanami/code/TSP/data/classic/tsplib/gr96.tsp,helsgaun,7,helsgaun,7,49421.600000000006,49421.600000000006,55209
/Users/a/Ayanami/code/TSP/data/classic/tsplib/gr96.tsp,helsgaun,8,helsgaun,8,49943.600000000006,49943.600000000006,55209
/Users/a/Ayanami/code/TSP/data/classic/tsplib/gr96.tsp,helsgaun,9,helsgaun,9,49774.000000000007,49943.600000000006,55209
/Users/a/Ayanami/code/TSP/data/classic/tsplib/gr96.tsp,helsgaun,10,helsgaun,10,50296.200000000019,50296.200000000019,55209
/Users/a/Ayanami/code/TSP/data/classic/tsplib/gr96.tsp,helsgaun,11,helsgaun,11,50633.999999999993,50633.999999999993,55209
/Users/a/Ayanami/code/TSP/data/classic/tsplib/gr96.tsp,helsgaun,12,helsgaun,12,50950.599999999991,50950.599999999991,55209
/Users/a/Ayanami/code/TSP/data/classic/tsplib/gr96.tsp,helsgaun,13,helsgaun,13,51264.599999999999,51264.599999999999,55209
/Users/a/Ayanami/code/TSP/data/classic/tsplib/gr96.tsp,helsgaun,14,helsgaun,14,51556.19999999999,51556.19999999999,55209
/Users/a/Ayanami/code/TSP/data/classic/tsplib/gr96.tsp,helsgaun,15,helsgaun,15,51268.599999999991,51556.19999999999,55209
/Users/a/Ayanami/code/TSP/data/classic/tsplib/gr96.tsp,helsgaun,16,helsgaun,16,51523,51556.19999999999,55209
/Users/a/Ayanami/code/TSP/data/classic/tsplib/gr96.tsp,helsgaun,17,helsgaun,17,51824.399999999987,51824.399999999987,55209
/Users/a/Ayanami/code/TSP/data/classic/tsplib/gr96.tsp,helsgaun,18,helsgaun,18,51729.599999999999,51824.399999999987,55209
/Users/a/Ayanami/code/TSP/data/classic/tsplib/gr96.tsp,helsgaun,19,helsgaun,19,51806.600000000006,51824.399999999987,55209
/Users/a/Ayanami/code/TSP/data/classic/tsplib/gr96.tsp,helsgaun,20,helsgaun,20,51674.399999999994,51824.399999999987,55209
/Users/a/Ayanami/code/TSP/data/classic/tsplib/gr96.tsp,helsgaun,21,helsgaun,21,51798.200000000004,51824.399999999987,55209
/Users/a/Ayanami/code/TSP/data/classic/tsplib/gr96.tsp,helsgaun,22,helsgaun,22,51995.999999999985,51995.999999999985,55209
/Users/a/Ayanami/code/TSP/data/classic/tsplib/gr96.tsp,helsgaun,23,helsgaun,23,51762.599999999999,51995.999999999985,55209
/Users/a/Ayanami/code/TSP/data/classic/tsplib/gr96.tsp,helsgaun,24,helsgaun,24,51879.599999999999,51995.999999999985,55209
/Users/a/Ayanami/code/TSP/data/classic/tsplib/gr96.tsp,helsgaun,25,helsgaun,25,51827.799999999988,51995.999999999985,55209
/Users/a/Ayanami/code/TSP/data/classic/tsplib/gr96.tsp,helsgaun,26,helsgaun,26,51779.599999999999,51995.999999999985,55209
/Users/a/Ayanami/code/TSP/data/classic/tsplib/gr96.tsp,helsgaun,27,helsgaun,27,52481.400000000001,52481.400000000001,55209
/Users/a/Ayanami/code/TSP/data/classic/tsplib/gr96.tsp,helsgaun,28,helsgaun,28,52398.800000000003,52481.400000000001,55209
/Users/a/Ayanami/code/TSP/data/classic/tsplib/gr96.tsp,helsgaun,29,helsgaun,29,52812.000000000022,52812.000000000022,55209
/Users/a/Ayanami/code/TSP/data/classic/tsplib/gr96.tsp,helsgaun,30,helsgaun,30,52817.599999999999,52817.599999999999,55209
/Users/a/Ayanami/code/TSP/data/classic/tsplib/gr96.tsp,helsgaun,31,helsgaun,31,52839,52839,55209
/Users/a/Ayanami/code/TSP/data/classic/tsplib/gr96.tsp,helsgaun,32,helsgaun,32,52872.19999999999,52872.19999999999,55209
/Users/a/Ayanami/code/TSP/data/classic/tsplib/gr96.tsp,helsgaun,33,helsgaun,33,52684.799999999996,52872.19999999999,55209
/Users/a/Ayanami/code/TSP/data/classic/tsplib/gr96.tsp,helsgaun,34,helsgaun,34,52715.199999999983,52872.19999999999,55209
/Users/a/Ayanami/code/TSP/data/classic/tsplib/gr96.tsp,helsgaun,35,helsgaun,35,52853.599999999999,52872.19999999999,55209
/Users/a/Ayanami/code/TSP/data/classic/tsplib/gr96.tsp,helsgaun,36,helsgaun,36,53198.399999999994,53198.399999999994,55209
/Users/a/Ayanami/code/TSP/data/classic/tsplib/gr96.tsp,helsgaun,37,helsgaun,37,53378.399999999994,53378.399999999994,55209
/Users/a/Ayanami/code/TSP/data/classic/tsplib/gr96.tsp,helsgaun,38,helsgaun,38,51808.399999999994,53378.399999999994,55209
/Users/a/Ayanami/code/TSP/data/classic/tsplib/gr96.tsp,helsgaun,39,helsgaun,39,52347.199999999997,53378.399999999994,55209
/Users/a/Ayanami/code/TSP/data/classic/tsplib/gr96.tsp,helsgaun,40,helsgaun,40,53026,53378.399999999994,55209
/Users/a/Ayanami/code/TSP/data/classic/tsplib/gr96.tsp,helsgaun,41,helsgaun,41,52611.799999999996,53378.399999999994,55209
/Users/a/Ayanami/code/TSP/data/classic/tsplib/gr96.tsp,helsgaun,42,helsgaun,42,52498.39999999998,53378.399999999994,55209
/Users/a/Ayanami/code/TSP/data/classic/tsplib/gr96.tsp,helsgaun,43,helsgaun,43,52483.600000000013,53378.399999999994,55209
/Users/a/Ayanami/code/TSP/data/classic/tsplib/gr96.tsp,helsgaun,44,helsgaun,44,52620.599999999984,53378.399999999994,55209
/Users/a/Ayanami/code/TSP/data/classic/tsplib/gr96.tsp,helsgaun,45,helsgaun,45,52687.399999999994,53378.399999999994,55209
/Users/a/Ayanami/code/TSP/data/classic/tsplib/gr96.tsp,helsgaun,46,helsgaun,46,52945.400000000009,53378.399999999994,55209
/Users/a/Ayanami/code/TSP/data/classic/tsplib/gr96.tsp,helsgaun,47,helsgaun,47,52568.999999999993,53378.399999999994,55209
/Users/a/Ayanami/code/TSP/data/classic/tsplib/gr96.tsp,helsgaun,48,helsgaun,48,53059.599999999999,53378.399999999994,55209
/Users/a/Ayanami/code/TSP/data/classic/tsplib/gr96.tsp,helsgaun,49,helsgaun,49,53091.599999999991,53378.399999999994,55209
/Users/a/Ayanami/code/TSP/data/classic/tsplib/gr96.tsp,helsgaun,50,helsgaun,50,53432.400000000009,53432.400000000009,55209
/Users/a/Ayanami/code/TSP/data/classic/tsplib/gr96.tsp,helsgaun,51,helsgaun,51,53689.60000000002,53689.60000000002,55209
/Users/a/Ayanami/code/TSP/data/classic/tsplib/gr96.tsp,helsgaun,52,helsgaun,52,53865.200000000012,53865.200000000012,55209
/Users/a/Ayanami/code/TSP/data/classic/tsplib/gr96.tsp,helsgaun,53,helsgaun,53,53946.799999999996,53946.799999999996,55209
/Users/a/Ayanami/code/TSP/data/classic/tsplib/gr96.tsp,helsgaun,54,helsgaun,54,54029.800000000003,54029.800000000003,55209
/Users/a/Ayanami/code/TSP/data/classic/tsplib/gr96.tsp,helsgaun,55,helsgaun,55,53820,54029.800000000003,55209
/Users/a/Ayanami/code/TSP/data/classic/tsplib/gr96.tsp,helsgaun,56,helsgaun,56,53749.80000000001,54029.800000000003,55209
/Users/a/Ayanami/code/TSP/data/classic/tsplib/gr96.tsp,helsgaun,57,helsgaun,57,53823.999999999993,54029.800000000003,55209
/Users/a/Ayanami/code/TSP/data/classic/tsplib/gr96.tsp,helsgaun,58,helsgaun,58,53801.999999999985,54029.800000000003,55209
/Users/a/Ayanami/code/TSP/data/classic/tsplib/gr96.tsp,helsgaun,59,helsgaun,59,53858.200000000004,54029.800000000003,55209
/Users/a/Ayanami/code/TSP/data/classic/tsplib/gr96.tsp,helsgaun,60,helsgaun,60,53634.000000000007,54029.800000000003,55209
/Users/a/Ayanami/code/TSP/data/classic/tsplib/gr96.tsp,helsgaun,61,helsgaun,61,53916.600000000013,54029.800000000003,55209
/Users/a/Ayanami/code/TSP/data/classic/tsplib/gr96.tsp,helsgaun,62,helsgaun,62,53943.600000000013,54029.800000000003,55209
/Users/a/Ayanami/code/TSP/data/classic/tsplib/gr96.tsp,helsgaun,63,helsgaun,63,53970.200000000012,54029.800000000003,55209
/Users/a/Ayanami/code/TSP/data/classic/tsplib/gr96.tsp,helsgaun,64,helsgaun,64,54019.000000000007,54029.800000000003,55209
/Users/a/Ayanami/code/TSP/data/classic/tsplib/gr96.tsp,helsgaun,65,helsgaun,65,54049.800000000003,54049.800000000003,55209
/Users/a/Ayanami/code/TSP/data/classic/tsplib/gr96.tsp,helsgaun,66,helsgaun,66,53801.199999999997,54049.800000000003,55209
/Users/a/Ayanami/code/TSP/data/classic/tsplib/gr96.tsp,helsgaun,67,helsgaun,67,53984.400000000009,54049.800000000003,55209
/Users/a/Ayanami/code/TSP/data/classic/tsplib/gr96.tsp,helsgaun,68,helsgaun,68,53961.800000000003,54049.800000000003,55209
/Users/a/Ayanami/code/TSP/data/classic/tsplib/gr96.tsp,helsgaun,69,helsgaun,69,53856,54049.800000000003,55209
/Users/a/Ayanami/code/TSP/data/classic/tsplib/gr96.tsp,helsgaun,70,helsgaun,70,53956,54049.800000000003,55209
/Users/a/Ayanami/code/TSP/data/classic/tsplib/gr96.tsp,helsgaun,71,helsgaun,71,53946.799999999996,54049.800000000003,55209
/Users/a/Ayanami/code/TSP/data/classic/tsplib/gr96.tsp,helsgaun,72,helsgaun,72,53773.000000000015,54049.800000000003,55209
/Users/a/Ayanami/code/TSP/data/classic/tsplib/gr96.tsp,helsgaun,73,helsgaun,73,53899.800000000017,54049.800000000003,55209
/Users/a/Ayanami/code/TSP/data/classic/tsplib/gr96.tsp,helsgaun,74,helsgaun,74,54148.400000000016,54148.400000000016,55209
/Users/a/Ayanami/code/TSP/data/classic/tsplib/gr96.tsp,helsgaun,75,helsgaun,75,54248.600000000006,54248.600000000006,55209
/Users/a/Ayanami/code/TSP/data/classic/tsplib/gr96.tsp,helsgaun,76,helsgaun,76,54349.400000000016,54349.400000000016,55209
/Users/a/Ayanami/code/TSP/data/classic/tsplib/gr96.tsp,helsgaun,77,helsgaun,77,54236.000000000022,54349.400000000016,55209
/Users/a/Ayanami/code/TSP/data/classic/tsplib/gr96.tsp,helsgaun,78,helsgaun,78,54325.200000000012,54349.400000000016,55209
/Users/a/Ayanami/code/TSP/data/classic/tsplib/gr96.tsp,helsgaun,79,helsgaun,79,54255.200000000004,54349.400000000016,55209
/Users/a/Ayanami/code/TSP/data/classic/tsplib/gr96.tsp,helsgaun,80,helsgaun,80,54277.400000000001,54349.400000000016,55209
/Users/a/Ayanami/code/TSP/data/classic/tsplib/gr96.tsp,helsgaun,81,helsgaun,81,54266.200000000004,54349.400000000016,55209
/Users/a/Ayanami/code/TSP/data/classic/tsplib/gr96.tsp,helsgaun,82,helsgaun,82,54265.000000000015,54349.400000000016,55209
/Users/a/Ayanami/code/TSP/data/classic/tsplib/gr96.tsp,helsgaun,83,helsgaun,83,54224.000000000007,54349.400000000016,55209
/Users/a/Ayanami/code/TSP/data/classic/tsplib/gr96.tsp,helsgaun,84,helsgaun,84,54380.000000000022,54380.000000000022,55209
/Users/a/Ayanami/code/TSP/data/classic/tsplib/gr96.tsp,helsgaun,85,helsgaun,85,54184.800000000017,54380.000000000022,55209
/Users/a/Ayanami/code/TSP/data/classic/tsplib/gr96.tsp,helsgaun,86,helsgaun,86,54344.400000000009,54380.000000000022,55209
/Users/a/Ayanami/code/TSP/data/classic/tsplib/gr96.tsp,helsgaun,87,helsgaun,87,54455.200000000004,54455.200000000004,55209
/Users/a/Ayanami/code/TSP/data/classic/tsplib/gr96.tsp,helsgaun,88,helsgaun,88,54458.000000000007,54458.000000000007,55209
/Users/a/Ayanami/code/TSP/data/classic/tsplib/gr96.tsp,helsgaun,89,helsgaun,89,54497.60000000002,54497.60000000002,55209
/Users/a/Ayanami/code/TSP/data/classic/tsplib/gr96.tsp,helsgaun,90,helsgaun,90,54482.400000000009,54497.60000000002,55209
/Users/a/Ayanami/code/TSP/data/classic/tsplib/gr96.tsp,helsgaun,91,helsgaun,91,54493.80000000001,54497.60000000002,55209
/Users/a/Ayanami/code/TSP/data/classic/tsplib/gr96.tsp,helsgaun,92,helsgaun,92,54491.80000000001,54497.60000000002,55209
/Users/a/Ayanami/code/TSP/data/classic/tsplib/gr96.tsp,helsgaun,93,helsgaun,93,54468.60000000002,54497.60000000002,55209
/Users/a/Ayanami/code/TSP/data/classic/tsplib/gr96.tsp,helsgaun,94,helsgaun,94,54475.200000000004,54497.60000000002,55209
/Users/a/Ayanami/code/TSP/data/classic/tsplib/gr96.tsp,helsgaun,95,helsgaun,95,54462.60000000002,54497.60000000002,55209
/Users/a/Ayanami/code/TSP/data/classic/tsplib/gr96.tsp,helsgaun,96,helsgaun,96,54508.80000000001,54508.80000000001,55209
/Users/a/Ayanami/code/TSP/data/classic/tsplib/gr96.tsp,helsgaun,97,helsgaun,97,54508.000000000015,54508.80000000001,55209
/Users/a/Ayanami/code/TSP/data/classic/tsplib/gr96.tsp,helsgaun,98,helsgaun,98,54543.200000000012,54543.200000000012,55209
/Users/a/Ayanami/code/TSP/data/classic/tsplib/gr96.tsp,helsgaun,99,helsgaun,99,54545.800000000003,54545.800000000003,55209
/Users/a/Ayanami/code/TSP/data/classic/tsplib/gr96.tsp,helsgaun,100,helsgaun,100,54553.799999999996,54553.799999999996,55209
/Users/a/Ayanami/code/TSP/data/classic/tsplib/gr96.tsp,helsgaun,101,helsgaun,101,54543.800000000003,54553.799999999996,55209
/Users/a/Ayanami/code/TSP/data/classic/tsplib/gr96.tsp,helsgaun,102,helsgaun,102,54547.200000000004,54553.799999999996,55209
/Users/a/Ayanami/code/TSP/data/classic/tsplib/gr96.tsp,helsgaun,103,helsgaun,103,54544.800000000003,54553.799999999996,55209
/Users/a/Ayanami/code/TSP/data/classic/tsplib/gr96.tsp,helsgaun,104,helsgaun,104,54556.400000000001,54556.400000000001,55209
/Users/a/Ayanami/code/TSP/data/classic/tsplib/gr96.tsp,helsgaun,105,helsgaun,105,54543.199999999997,54556.400000000001,55209
/Users/a/Ayanami/code/TSP/data/classic/tsplib/gr96.tsp,helsgaun,106,helsgaun,106,54550.800000000003,54556.400000000001,55209
/Users/a/Ayanami/code/TSP/data/classic/tsplib/gr96.tsp,helsgaun,107,helsgaun,107,54548.200000000004,54556.400000000001,55209
/Users/a/Ayanami/code/TSP/data/classic/tsplib/gr96.tsp,helsgaun,108,helsgaun,108,54553.599999999999,54556.400000000001,55209
/Users/a/Ayanami/code/TSP/data/classic/tsplib/gr96.tsp,helsgaun,109,helsgaun,109,54542.599999999999,54556.400000000001,55209
/Users/a/Ayanami/code/TSP/data/classic/tsplib/gr96.tsp,helsgaun,110,helsgaun,110,54555.200000000026,54556.400000000001,55209
/Users/a/Ayanami/code/TSP/data/classic/tsplib/gr96.tsp,helsgaun,111,helsgaun,111,54550.80000000001,54556.400000000001,55209
/Users/a/Ayanami/code/TSP/data/classic/tsplib/gr96.tsp,helsgaun,112,helsgaun,112,54556.400000000016,54556.400000000001,55209
/Users/a/Ayanami/code/TSP/data/classic/tsplib/gr96.tsp,helsgaun,113,helsgaun,113,54556,54556.400000000001,55209
/Users/a/Ayanami/code/TSP/data/classic/tsplib/gr96.tsp,helsgaun,114,helsgaun,114,54553.600000000028,54556.400000000001,55209
/Users/a/Ayanami/code/TSP/data/classic/tsplib/gr96.tsp,helsgaun,115,helsgaun,115,54563.199999999997,54563.199999999997,55209
/Users/a/Ayanami/code/TSP/data/classic/tsplib/gr96.tsp,helsgaun,116,helsgaun,116,54564.400000000001,54564.400000000001,55209
/Users/a/Ayanami/code/TSP/data/classic/tsplib/gr96.tsp,helsgaun,117,helsgaun,117,54566.200000000004,54566.200000000004,55209
/Users/a/Ayanami/code/TSP/data/classic/tsplib/gr96.tsp,helsgaun,118,helsgaun,118,54562.199999999997,54566.200000000004,55209
/Users/a/Ayanami/code/TSP/data/classic/tsplib/gr96.tsp,helsgaun,119,helsgaun,119,54564.700000000004,54566.200000000004,55209
/Users/a/Ayanami/code/TSP/data/classic/tsplib/gr96.tsp,helsgaun,120,helsgaun,120,54567.700000000012,54567.700000000012,55209
/Users/a/Ayanami/code/TSP/data/classic/tsplib/gr96.tsp,hybrid,1,polyak,1,47998,47998,55209
/Users/a/Ayanami/code/TSP/data/classic/tsplib/gr96.tsp,hybrid,2,polyak,2,38340.400000000016,47998,55209
/Users/a/Ayanami/code/TSP/data/classic/tsplib/gr96.tsp,hybrid,3,polyak,3,44948.950000000012,47998,55209
/Users/a/Ayanami/code/TSP/data/classic/tsplib/gr96.tsp,hybrid,4,polyak,4,44974.204545454544,47998,55209
/Users/a/Ayanami/code/TSP/data/classic/tsplib/gr96.tsp,hybrid,5,polyak,5,46417.032070707057,47998,55209
/Users/a/Ayanami/code/TSP/data/classic/tsplib/gr96.tsp,hybrid,6,polyak,6,45825.901786616145,47998,55209
/Users/a/Ayanami/code/TSP/data/classic/tsplib/gr96.tsp,hybrid,7,polyak,7,46677.834732652605,47998,55209
/Users/a/Ayanami/code/TSP/data/classic/tsplib/gr96.tsp,hybrid,8,polyak,8,45930.869507955198,47998,55209
/Users/a/Ayanami/code/TSP/data/classic/tsplib/gr96.tsp,hybrid,9,polyak,9,46493.561024229944,47998,55209
/Users/a/Ayanami/code/TSP/data/classic/tsplib/gr96.tsp,hybrid,10,polyak,10,46738.137758941055,47998,55209
/Users/a/Ayanami/code/TSP/data/classic/tsplib/gr96.tsp,hybrid,11,polyak,11,48414.32869232248,48414.32869232248,55209
/Users/a/Ayanami/code/TSP/data/classic/tsplib/gr96.tsp,hybrid,12,polyak,12,48706.441941482401,48706.441941482401,55209
/Users/a/Ayanami/code/TSP/data/classic/tsplib/gr96.tsp,hybrid,13,polyak,13,49376.06642057086,49376.06642057086,55209
/Users/a/Ayanami/code/TSP/data/classic/tsplib/gr96.tsp,hybrid,14,polyak,14,49853.763549557298,49853.763549557298,55209
/Users/a/Ayanami/code/TSP/data/classic/tsplib/gr96.tsp,hybrid,15,polyak,15,50070.35858231473,50070.35858231473,55209
/Users/a/Ayanami/code/TSP/data/classic/tsplib/gr96.tsp,hybrid,16,polyak,16,51134.140564204143,51134.140564204143,55209
/Users/a/Ayanami/code/TSP/data/classic/tsplib/gr96.tsp,hybrid,17,polyak,17,51536.621044989784,51536.621044989784,55209
/Users/a/Ayanami/code/TSP/data/classic/tsplib/gr96.tsp,hybrid,18,polyak,18,50810.456902913073,51536.621044989784,55209
/Users/a/Ayanami/code/TSP/data/classic/tsplib/gr96.tsp,hybrid,19,polyak,19,51170.350179268447,51536.621044989784,55209
/Users/a/Ayanami/code/TSP/data/classic/tsplib/gr96.tsp,hybrid,20,polyak,20,50780.093847625503,51536.621044989784,55209
/Users/a/Ayanami/code/TSP/data/classic/tsplib/gr96.tsp,hybrid,21,polyak,21,51545.643757588972,51545.643757588972,55209
/Users/a/Ayanami/code/TSP/data/classic/tsplib/gr96.tsp,hybrid,22,polyak,22,51243.605129529315,51545.643757588972,55209
/Users/a/Ayanami/code/TSP/data/classic/tsplib/gr96.tsp,hybrid,23,polyak,23,51592.258380556312,51592.258380556312,55209
/Users/a/Ayanami/code/TSP/data/classic/tsplib/gr96.tsp,hybrid,24,polyak,24,52000.721056442213,52000.721056442213,55209
/Users/a/Ayanami/code/TSP/data/classic/tsplib/gr96.tsp,hybrid,25,polyak,25,51913.208184906609,52000.721056442213,55209
/Users/a/Ayanami/code/TSP/data/classic/tsplib/gr96.tsp,hybrid,26,polyak,26,51910.172851150091,52000.721056442213,55209
/Users/a/Ayanami/code/TSP/data/classic/tsplib/gr96.tsp,hybrid,27,polyak,27,51404.686198950323,52000.721056442213,55209
/Users/a/Ayanami/code/TSP/data/classic/tsplib/gr96.tsp,hybrid,28,polyak,28,52388.899437834851,52388.899437834851,55209
/Users/a/Ayanami/code/TSP/data/classic/tsplib/gr96.tsp,hybrid,29,polyak,29,51113.011836932346,52388.899437834851,55209
/Users/a/Ayanami/code/TSP/data/classic/tsplib/gr96.tsp,hybrid,30,polyak,30,51649.565561849078,52388.899437834851,55209
/Users/a/Ayanami/code/TSP/data/classic/tsplib/gr96.tsp,hybrid,31,polyak,31,51258.052195394099,52388.899437834851,55209
/Users/a/Ayanami/code/TSP/data/classic/tsplib/gr96.tsp,hybrid,32,polyak,32,51060.673068071046,52388.899437834851,55209
/Users/a/Ayanami/code/TSP/data/classic/tsplib/gr96.tsp,hybrid,33,polyak,33,51280.5415146901,52388.899437834851,55209
/Users/a/Ayanami/code/TSP/data/classic/tsplib/gr96.tsp,hybrid,34,polyak,34,50767.484797102341,52388.899437834851,55209
/Users/a/Ayanami/code/TSP/data/classic/tsplib/gr96.tsp,hybrid,35,polyak,35,50789.496437703448,52388.899437834851,55209
/Users/a/Ayanami/code/TSP/data/classic/tsplib/gr96.tsp,hybrid,36,polyak,36,50414.421105022797,52388.899437834851,55209
/Users/a/Ayanami/code/TSP/data/classic/tsplib/gr96.tsp,hybrid,37,polyak,37,51380.666929148021,52388.899437834851,55209
/Users/a/Ayanami/code/TSP/data/classic/tsplib/gr96.tsp,hybrid,38,polyak,38,51622.686164291197,52388.899437834851,55209
/Users/a/Ayanami/code/TSP/data/classic/tsplib/gr96.tsp,hybrid,39,polyak,39,50040.327000649071,52388.899437834851,55209
/Users/a/Ayanami/code/TSP/data/classic/tsplib/gr96.tsp,hybrid,40,polyak,40,50962.271033391582,52388.899437834851,55209
/Users/a/Ayanami/code/TSP/data/classic/tsplib/gr96.tsp,hybrid,41,polyak,41,50695.679471341784,52388.899437834851,55209
/Users/a/Ayanami/code/TSP/data/classic/tsplib/gr96.tsp,hybrid,42,polyak,42,52963.082890954087,52963.082890954087,55209
/Users/a/Ayanami/code/TSP/data/classic/tsplib/gr96.tsp,hybrid,43,polyak,43,53302.216511550658,53302.216511550658,55209
/Users/a/Ayanami/code/TSP/data/classic/tsplib/gr96.tsp,hybrid,44,polyak,44,53438.534822945709,53438.534822945709,55209
/Users/a/Ayanami/code/TSP/data/classic/tsplib/gr96.tsp,hybrid,45,polyak,45,53560.087264890186,53560.087264890186,55209
/Users/a/Ayanami/code/TSP/data/classic/tsplib/gr96.tsp,hybrid,46,polyak,46,53669.886226055241,53669.886226055241,55209
/Users/a/Ayanami/code/TSP/data/classic/tsplib/gr96.tsp,hybrid,47,polyak,47,53717.426141544158,53717.426141544158,55209
/Users/a/Ayanami/code/TSP/data/classic/tsplib/gr96.tsp,hybrid,48,polyak,48,53803.2190127059,53803.2190127059,55209
/Users/a/Ayanami/code/TSP/data/classic/tsplib/gr96.tsp,hybrid,49,polyak,49,53757.398776879374,53803.2190127059,55209
/Users/a/Ayanami/code/TSP/data/classic/tsplib/gr96.tsp,hybrid,50,polyak,50,53779.917147690539,53803.2190127059,55209
/Users/a/Ayanami/code/TSP/data/classic/tsplib/gr96.tsp,hybrid,51,polyak,51,53882.565182412494,53882.565182412494,55209
/Users/a/Ayanami/code/TSP/data/classic/tsplib/gr96.tsp,hybrid,52,polyak,52,53957.63145259826,53957.63145259826,55209
/Users/a/Ayanami/code/TSP/data/classic/tsplib/gr96.tsp,hybrid,53,polyak,53,53634.361427177151,53957.63145259826,55209
/Users/a/Ayanami/code/TSP/data/classic/tsplib/gr96.tsp,hybrid,54,polyak,54,54046.13400352723,54046.13400352723,55209
/Users/a/Ayanami/code/TSP/data/classic/tsplib/gr96.tsp,hybrid,55,polyak,55,53707.643829551562,54046.13400352723,55209
/Users/a/Ayanami/code/TSP/data/classic/tsplib/gr96.tsp,hybrid,56,polyak,56,53932.102537915707,54046.13400352723,55209
/Users/a/Ayanami/code/TSP/data/classic/tsplib/gr96.tsp,hybrid,57,polyak,57,53850.558802809799,54046.13400352723,55209
/Users/a/Ayanami/code/TSP/data/classic/tsplib/gr96.tsp,hybrid,58,polyak,58,54012.829021290439,54046.13400352723,55209
/Users/a/Ayanami/code/TSP/data/classic/tsplib/gr96.tsp,hybrid,59,polyak,59,53825.768368596473,54046.13400352723,55209
/Users/a/Ayanami/code/TSP/data/classic/tsplib/gr96.tsp,hybrid,60,polyak,60,53973.543528155264,54046.13400352723,55209
/Users/a/Ayanami/code/TSP/data/classic/tsplib/gr96.tsp,hybrid,61,polyak,61,53732.289744103051,54046.13400352723,55209
/Users/a/Ayanami/code/TSP/data/classic/tsplib/gr96.tsp,hybrid,62,polyak,62,53799.949664442924,54046.13400352723,55209
/Users/a/Ayanami/code/TSP/data/classic/tsplib/gr96.tsp,hybrid,63,polyak,63,53890.617036997064,54046.13400352723,55209
/Users/a/Ayanami/code/TSP/data/classic/tsplib/gr96.tsp,hybrid,64,polyak,64,53616.187422782146,54046.13400352723,55209
/Users/a/Ayanami/code/TSP/data/classic/tsplib/gr96.tsp,hybrid,65,polyak,65,53838.353940006564,54046.13400352723,55209
/Users/a/Ayanami/code/TSP/data/classic/tsplib/gr96.tsp,hybrid,66,polyak,66,53882.162481899693,54046.13400352723,55209
/Users/a/Ayanami/code/TSP/data/classic/tsplib/gr96.tsp,hybrid,67,polyak,67,53643.292509958599,54046.13400352723,55209
/Users/a/Ayanami/code/TSP/data/classic/tsplib/gr96.tsp,hybrid,68,polyak,68,54179.487518122034,54179.487518122034,55209
/Users/a/Ayanami/code/TSP/data/classic/tsplib/gr96.tsp,hybrid,69,polyak,69,54233.881125106142,54233.881125106142,55209
/Users/a/Ayanami/code/TSP/data/classic/tsplib/gr96.tsp,hybrid,70,polyak,70,54309.300287160455,54309.300287160455,55209
/Users/a/Ayanami/code/TSP/data/classic/tsplib/gr96.tsp,hybrid,71,polyak,71,54221.286361182334,54309.300287160455,55209
/Users/a/Ayanami/code/TSP/data/classic/tsplib/gr96.tsp,hybrid,72,polyak,72,54295.391487891364,54309.300287160455,55209
/Users/a/Ayanami/code/TSP/data/classic/tsplib/gr96.tsp,hybrid,73,polyak,73,54306.654925933268,54309.300287160455,55209
/Users/a/Ayanami/code/TSP/data/classic/tsplib/gr96.tsp,hybrid,74,polyak,74,54292.948026825048,54309.300287160455,55209
/Users/a/Ayanami/code/TSP/data/classic/tsplib/gr96.tsp,hybrid,75,polyak,75,54377.576808659302,54377.576808659302,55209
/Users/a/Ayanami/code/TSP/data/classic/tsplib/gr96.tsp,hybrid,76,polyak,76,54267.250094953451,54377.576808659302,55209
/Users/a/Ayanami/code/TSP/data/classic/tsplib/gr96.tsp,hybrid,77,polyak,77,54303.324068792172,54377.576808659302,55209
/Users/a/Ayanami/code/TSP/data/classic/tsplib/gr96.tsp,hybrid,78,polyak,78,54218.351941381094,54377.576808659302,55209
/Users/a/Ayanami/code/TSP/data/classic/tsplib/gr96.tsp,hybrid,79,polyak,79,54291.475978592047,54377.576808659302,55209
/Users/a/Ayanami/code/TSP/data/classic/tsplib/gr96.tsp,hybrid,80,polyak,80,54337.654861785937,54377.576808659302,55209
/Users/a/Ayanami/code/TSP/data/classic/tsplib/gr96.tsp,hybrid,81,polyak,81,54339.668383338205,54377.576808659302,55209
/Users/a/Ayanami/code/TSP/data/classic/tsplib/gr96.tsp,hybrid,82,polyak,82,54313.105370456688,54377.576808659302,55209
/Users/a/Ayanami/code/TSP/data/classic/tsplib/gr96.tsp,hybrid,83,polyak,83,54332.728915896572,54377.576808659302,55209
/Users/a/Ayanami/code/TSP/data/classic/tsplib/gr96.tsp,hybrid,84,polyak,84,54378.362319681233,54378.362319681233,55209
/Users/a/Ayanami/code/TSP/data/classic/tsplib/gr96.tsp,hybrid,85,polyak,85,54255.76432367925,54378.362319681233,55209
/Users/a/Ayanami/code/TSP/data/classic/tsplib/gr96.tsp,hybrid,86,polyak,86,54384.20476824668,54384.20476824668,55209
/Users/a/Ayanami/code/TSP/data/classic/tsplib/gr96.tsp,hybrid,87,polyak,87,54190.011802238994,54384.20476824668,55209
/Users/a/Ayanami/code/TSP/data/classic/tsplib/gr96.tsp,hybrid,88,polyak,88,54292.328411187613,54384.20476824668,55209
/Users/a/Ayanami/code/TSP/data/classic/tsplib/gr96.tsp,hybrid,89,polyak,89,54292.478416566235,54384.20476824668,55209
/Users/a/Ayanami/code/TSP/data/classic/tsplib/gr96.tsp,hybrid,90,polyak,90,54364.587835534665,54384.20476824668,55209
/Users/a/Ayanami/code/TSP/data/classic/tsplib/gr96.tsp,hybrid,91,polyak,91,54291.593485166457,54384.20476824668,55209
/Users/a/Ayanami/code/TSP/data/classic/tsplib/gr96.tsp,hybrid,92,polyak,92,54356.923132454795,54384.20476824668,55209
/Users/a/Ayanami/code/TSP/data/classic/tsplib/gr96.tsp,hybrid,93,polyak,93,54309.335598128237,54384.20476824668,55209
/Users/a/Ayanami/code/TSP/data/classic/tsplib/gr96.tsp,hybrid,94,polyak,94,54293.914828330009,54384.20476824668,55209
/Users/a/Ayanami/code/TSP/data/classic/tsplib/gr96.tsp,hybrid,95,polyak,95,54326.946169492352,54384.20476824668,55209
/Users/a/Ayanami/code/TSP/data/classic/tsplib/gr96.tsp,hybrid,96,polyak,96,54284.094662124371,54384.20476824668,55209
/Users/a/Ayanami/code/TSP/data/classic/tsplib/gr96.tsp,hybrid,97,polyak,97,54329.090614990688,54384.20476824668,55209
/Users/a/Ayanami/code/TSP/data/classic/tsplib/gr96.tsp,hybrid,98,polyak,98,54299.194651770944,54384.20476824668,55209
/Users/a/Ayanami/code/TSP/data/classic/tsplib/gr96.tsp,hybrid,99,polyak,99,54334.937327734253,54384.20476824668,55209
/Users/a/Ayanami/code/TSP/data/classic/tsplib/gr96.tsp,hybrid,100,polyak,100,54438.250014273683,54438.250014273683,55209
/Users/a/Ayanami/code/TSP/data/classic/tsplib/gr96.tsp,hybrid,101,polyak,101,54407.653741005255,54438.250014273683,55209
/Users/a/Ayanami/code/TSP/data/classic/tsplib/gr96.tsp,hybrid,102,polyak,102,54480.828747450527,54480.828747450527,55209
/Users/a/Ayanami/code/TSP/data/classic/tsplib/gr96.tsp,hybrid,103,polyak,103,54459.515372676484,54480.828747450527,55209
/Users/a/Ayanami/code/TSP/data/classic/tsplib/gr96.tsp,hybrid,104,polyak,104,54460.829605206054,54480.828747450527,55209
/Users/a/Ayanami/code/TSP/data/classic/tsplib/gr96.tsp,hybrid,105,polyak,105,54497.86895395341,54497.86895395341,55209
/Users/a/Ayanami/code/TSP/data/classic/tsplib/gr96.tsp,hybrid,106,polyak,106,54451.678630788323,54497.86895395341,55209
/Users/a/Ayanami/code/TSP/data/classic/tsplib/gr96.tsp,hybrid,107,polyak,107,54471.850935443021,54497.86895395341,55209
/Users/a/Ayanami/code/TSP/data/classic/tsplib/gr96.tsp,hybrid,108,polyak,108,54452.935252000316,54497.86895395341,55209
/Users/a/Ayanami/code/TSP/data/classic/tsplib/gr96.tsp,hybrid,109,polyak,109,54467.386704971046,54497.86895395341,55209
/Users/a/Ayanami/code/TSP/data/classic/tsplib/gr96.tsp,hybrid,110,polyak,110,54476.358041067637,54497.86895395341,55209
/Users/a/Ayanami/code/TSP/data/classic/tsplib/gr96.tsp,hybrid,111,polyak,111,54446.949579787128,54497.86895395341,55209
/Users/a/Ayanami/code/TSP/data/classic/tsplib/gr96.tsp,hybrid,112,polyak,112,54451.909569669318,54497.86895395341,55209
/Users/a/Ayanami/code/TSP/data/classic/tsplib/gr96.tsp,hybrid,113,polyak,113,54468.463968502663,54497.86895395341,55209
/Users/a/Ayanami/code/TSP/data/classic/tsplib/gr96.tsp,hybrid,114,polyak,114,54477.692725281238,54497.86895395341,55209
/Users/a/Ayanami/code/TSP/data/classic/tsplib/gr96.tsp,hybrid,115,polyak,115,54471.740570881528,54497.86895395341,55209
/Users/a/Ayanami/code/TSP/data/classic/tsplib/gr96.tsp,hybrid,116,polyak,116,54434.125955076757,54497.86895395341,55209
/Users/a/Ayanami/code/TSP/data/classic/tsplib/gr96.tsp,hybrid,117,polyak,117,54420.627681381789,54497.86895395341,55209
/Users/a/Ayanami/code/TSP/data/classic/tsplib/gr96.tsp,hybrid,118,polyak,118,54497.893584374164,54497.893584374164,55209
/Users/a/Ayanami/code/TSP/data/classic/tsplib/gr96.tsp,hybrid,119,polyak,119,54534.209229814209,54534.209229814209,55209
/Users/a/Ayanami/code/TSP/data/classic/tsplib/gr96.tsp,hybrid,120,polyak,120,54480.979417017705,54534.209229814209,55209
/Users/a/Ayanami/code/TSP/data/classic/tsplib/gr96.tsp,hybrid,121,polyak,121,54532.430428539607,54534.209229814209,55209
/Users/a/Ayanami/code/TSP/data/classic/tsplib/gr96.tsp,hybrid,122,polyak,122,54506.568042512838,54534.209229814209,55209
/Users/a/Ayanami/code/TSP/data/classic/tsplib/gr96.tsp,hybrid,123,polyak,123,54535.01453132803,54535.01453132803,55209
/Users/a/Ayanami/code/TSP/data/classic/tsplib/gr96.tsp,hybrid,124,polyak,124,54508.649716473767,54535.01453132803,55209
/Users/a/Ayanami/code/TSP/data/classic/tsplib/gr96.tsp,hybrid,125,polyak,125,54523.445273430261,54535.01453132803,55209
/Users/a/Ayanami/code/TSP/data/classic/tsplib/gr96.tsp,hybrid,126,polyak,126,54521.864237552407,54535.01453132803,55209
/Users/a/Ayanami/code/TSP/data/classic/tsplib/gr96.tsp,hybrid,127,polyak,127,54519.92290346347,54535.01453132803,55209
/Users/a/Ayanami/code/TSP/data/classic/tsplib/gr96.tsp,hybrid,128,polyak,128,54522.262388990101,54535.01453132803,55209
/Users/a/Ayanami/code/TSP/data/classic/tsplib/gr96.tsp,hybrid,129,polyak,129,54529.87365883233,54535.01453132803,55209
/Users/a/Ayanami/code/TSP/data/classic/tsplib/gr96.tsp,hybrid,130,polyak,130,54507.387021317096,54535.01453132803,55209
/Users/a/Ayanami/code/TSP/data/classic/tsplib/gr96.tsp,hybrid,131,polyak,131,54530.660996138147,54535.01453132803,55209
/Users/a/Ayanami/code/TSP/data/classic/tsplib/gr96.tsp,hybrid,132,polyak,132,54517.517396843745,54535.01453132803,55209
/Users/a/Ayanami/code/TSP/data/classic/tsplib/gr96.tsp,hybrid,133,polyak,133,54515.493143076063,54535.01453132803,55209
/Users/a/Ayanami/code/TSP/data/classic/tsplib/gr96.tsp,hybrid,134,polyak,134,54533.19635893494,54535.01453132803,55209
/Users/a/Ayanami/code/TSP/data/classic/tsplib/gr96.tsp,hybrid,135,polyak,135,54502.815429458664,54535.01453132803,55209
/Users/a/Ayanami/code/TSP/data/classic/tsplib/gr96.tsp,hybrid,136,polyak,136,54539.158737259037,54539.158737259037,55209
/Users/a/Ayanami/code/TSP/data/classic/tsplib/gr96.tsp,hybrid,137,polyak,137,54550.83438104808,54550.83438104808,55209
/Users/a/Ayanami/code/TSP/data/classic/tsplib/gr96.tsp,hybrid,138,polyak,138,54522.384332899863,54550.83438104808,55209
/Users/a/Ayanami/code/TSP/data/classic/tsplib/gr96.tsp,hybrid,139,polyak,139,54553.177957174041,54553.177957174041,55209
/Users/a/Ayanami/code/TSP/data/classic/tsplib/gr96.tsp,hybrid,140,polyak,140,54527.891685969116,54553.177957174041,55209
/Users/a/Ayanami/code/TSP/data/classic/tsplib/gr96.tsp,hybrid,141,polyak,141,54545.414044403922,54553.177957174041,55209
/Users/a/Ayanami/code/TSP/data/classic/tsplib/gr96.tsp,hybrid,142,polyak,142,54528.986833371302,54553.177957174041,55209
/Users/a/Ayanami/code/TSP/data/classic/tsplib/gr96.tsp,hybrid,143,polyak,143,54544.387343714377,54553.177957174041,55209
/Users/a/Ayanami/code/TSP/data/classic/tsplib/gr96.tsp,hybrid,144,polyak,144,54529.949365267741,54553.177957174041,55209
/Users/a/Ayanami/code/TSP/data/classic/tsplib/gr96.tsp,hybrid,145,polyak,145,54543.484970061465,54553.177957174041,55209
/Users/a/Ayanami/code/TSP/data/classic/tsplib/gr96.tsp,hybrid,146,polyak,146,54530.79534056734,54553.177957174041,55209
/Users/a/Ayanami/code/TSP/data/classic/tsplib/gr96.tsp,hybrid,147,polyak,147,54542.691868218077,54553.177957174041,55209
/Users/a/Ayanami/code/TSP/data/classic/tsplib/gr96.tsp,hybrid,148,polyak,148,54531.538873545513,54553.177957174041,55209
/Users/a/Ayanami/code/TSP/data/classic/tsplib/gr96.tsp,hybrid,149,polyak,149,54541.994806051051,54553.177957174041,55209
/Users/a/Ayanami/code/TSP/data/classic/tsplib/gr96.tsp,hybrid,150,polyak,150,54532.192369327102,54553.177957174041,55209
/Users/a/Ayanami/code/TSP/data/classic/tsplib/gr96.tsp,hybrid,151,polyak,151,54541.382153755803,54553.177957174041,55209
/Users/a/Ayanami/code/TSP/data/classic/tsplib/gr96.tsp,hybrid,152,polyak,152,54532.766730853909,54553.177957174041,55209
/Users/a/Ayanami/code/TSP/data/classic/tsplib/gr96.tsp,hybrid,153,polyak,153,54561.044315970343,54561.044315970343,55209
/Users/a/Ayanami/code/TSP/data/classic/tsplib/gr96.tsp,hybrid,154,polyak,154,54550.853375393897,54561.044315970343,55209
/Users/a/Ayanami/code/TSP/data/classic/tsplib/gr96.tsp,hybrid,155,polyak,155,54557.190316117463,54561.044315970343,55209
/Users/a/Ayanami/code/TSP/data/classic/tsplib/gr96.tsp,hybrid,156,polyak,156,54549.37813126119,54561.044315970343,55209
/Users/a/Ayanami/code/TSP/data/classic/tsplib/gr96.tsp,hybrid,157,polyak,157,54556.946185340697,54561.044315970343,55209
/Users/a/Ayanami/code/TSP/data/classic/tsplib/gr96.tsp,hybrid,158,polyak,158,54549.614632951168,54561.044315970343,55209
/Users/a/Ayanami/code/TSP/data/classic/tsplib/gr96.tsp,hybrid,159,polyak,159,54556.717074328531,54561.044315970343,55209
/Users/a/Ayanami/code/TSP/data/classic/tsplib/gr96.tsp,hybrid,160,polyak,160,54549.836584244214,54561.044315970343,55209
/Users/a/Ayanami/code/TSP/data/classic/tsplib/gr96.tsp,hybrid,161,polyak,161,54556.502059013401,54561.044315970343,55209
/Users/a/Ayanami/code/TSP/data/classic/tsplib/gr96.tsp,hybrid,162,polyak,162,54550.044880330752,54561.044315970343,55209
/Users/a/Ayanami/code/TSP/data/classic/tsplib/gr96.tsp,hybrid,163,polyak,163,54556.300272179556,54561.044315970343,55209
/Users/a/Ayanami/code/TSP/data/classic/tsplib/gr96.tsp,hybrid,164,polyak,164,54550.240361326032,54561.044315970343,55209
/Users/a/Ayanami/code/TSP/data/classic/tsplib/gr96.tsp,hybrid,165,polyak,165,54556.110899965388,54561.044315970343,55209
/Users/a/Ayanami/code/TSP/data/classic/tsplib/gr96.tsp,hybrid,166,polyak,166,54550.423815658512,54561.044315970343,55209
/Users/a/Ayanami/code/TSP/data/classic/tsplib/gr96.tsp,hybrid,167,polyak,167,54563.831756906322,54563.831756906322,55209
/Users/a/Ayanami/code/TSP/data/classic/tsplib/gr96.tsp,hybrid,168,polyak,168,54558.085836561615,54563.831756906322,55209
/Users/a/Ayanami/code/TSP/data/classic/tsplib/gr96.tsp,hybrid,169,polyak,169,54564.698543626866,54564.698543626866,55209
/Users/a/Ayanami/code/TSP/data/classic/tsplib/gr96.tsp,hybrid,170,polyak,170,54558.202996117274,54564.698543626866,55209
/Users/a/Ayanami/code/TSP/data/classic/tsplib/gr96.tsp,hybrid,171,polyak,171,54564.597050697033,54564.698543626866,55209
/Users/a/Ayanami/code/TSP/data/classic/tsplib/gr96.tsp,hybrid,172,polyak,172,54558.302903220087,54564.698543626866,55209
/Users/a/Ayanami/code/TSP/data/classic/tsplib/gr96.tsp,hybrid,173,polyak,173,54564.498704642705,54564.698543626866,55209
/Users/a/Ayanami/code/TSP/data/classic/tsplib/gr96.tsp,hybrid,174,polyak,174,54558.399712617313,54564.698543626866,55209
/Users/a/Ayanami/code/TSP/data/classic/tsplib/gr96.tsp,hybrid,175,polyak,175,54564.403407892307,54564.698543626866,55209
/Users/a/Ayanami/code/TSP/data/classic/tsplib/gr96.tsp,hybrid,176,polyak,176,54558.49352035598,54564.698543626866,55209
/Users/a/Ayanami/code/TSP/data/classic/tsplib/gr96.tsp,hybrid,177,polyak,177,54564.31106589955,54564.698543626866,55209
/Users/a/Ayanami/code/TSP/data/classic/tsplib/gr96.tsp,hybrid,178,polyak,178,54558.58441950511,54564.698543626866,55209
/Users/a/Ayanami/code/TSP/data/classic/tsplib/gr96.tsp,hybrid,179,polyak,179,54564.221587049629,54564.698543626866,55209
/Users/a/Ayanami/code/TSP/data/classic/tsplib/gr96.tsp,hybrid,180,polyak,180,54558.67250024798,54564.698543626866,55209
/Users/a/Ayanami/code/TSP/data/classic/tsplib/gr96.tsp,hybrid,181,polyak,181,54564.134882568353,54564.698543626866,55209
/Users/a/Ayanami/code/TSP/data/classic/tsplib/gr96.tsp,hybrid,182,polyak,182,54558.757849971742,54564.698543626866,55209
/Users/a/Ayanami/code/TSP/data/classic/tsplib/gr96.tsp,hybrid,183,polyak,183,54564.905954769383,54564.905954769383,55209
/Users/a/Ayanami/code/TSP/data/classic/tsplib/gr96.tsp,hybrid,184,polyak,184,54564.098898502772,54564.905954769383,55209
/Users/a/Ayanami/code/TSP/data/classic/tsplib/gr96.tsp,hybrid,185,polyak,185,54565.966361854,54565.966361854,55209
/Users/a/Ayanami/code/TSP/data/classic/tsplib/gr96.tsp,hybrid,186,polyak,186,54564.99431284795,54565.966361854,55209
/Users/a/Ayanami/code/TSP/data/classic/tsplib/gr96.tsp,hybrid,187,polyak,187,54565.958767721146,54565.966361854,55209
/Users/a/Ayanami/code/TSP/data/classic/tsplib/gr96.tsp,hybrid,188,polyak,188,54565.001847651656,54565.966361854,55209
/Users/a/Ayanami/code/TSP/data/classic/tsplib/gr96.tsp,hybrid,189,polyak,189,54565.951291783102,54565.966361854,55209
/Users/a/Ayanami/code/TSP/data/classic/tsplib/gr96.tsp,hybrid,190,polyak,190,54565.009265183922,54565.966361854,55209
/Users/a/Ayanami/code/TSP/data/classic/tsplib/gr96.tsp,hybrid,191,polyak,191,54565.943932200302,54565.966361854,55209
/Users/a/Ayanami/code/TSP/data/classic/tsplib/gr96.tsp,hybrid,192,polyak,192,54565.016567269995,54565.966361854,55209
/Users/a/Ayanami/code/TSP/data/classic/tsplib/gr96.tsp,hybrid,193,polyak,193,54565.936687161782,54565.966361854,55209
/Users/a/Ayanami/code/TSP/data/classic/tsplib/gr96.tsp,hybrid,194,polyak,194,54565.023755706658,54565.966361854,55209
/Users/a/Ayanami/code/TSP/data/classic/tsplib/gr96.tsp,hybrid,195,polyak,195,54565.92955488478,54565.966361854,55209
/Users/a/Ayanami/code/TSP/data/classic/tsplib/gr96.tsp,hybrid,196,polyak,196,54565.030832262724,54565.966361854,55209
/Users/a/Ayanami/code/TSP/data/classic/tsplib/gr96.tsp,hybrid,197,polyak,197,54565.922533614292,54565.966361854,55209
/Users/a/Ayanami/code/TSP/data/classic/tsplib/gr96.tsp,hybrid,198,polyak,198,54565.037798679536,54565.966361854,55209
/Users/a/Ayanami/code/TSP/data/classic/tsplib/gr96.tsp,hybrid,199,polyak,199,54567.679739363564,54567.679739363564,55209
/Users/a/Ayanami/code/TSP/data/classic/tsplib/gr96.tsp,hybrid,200,polyak,200,54567.737895662925,54567.737895662925,55209
/Users/a/Ayanami/code/TSP/data/classic/tsplib/gr96.tsp,hybrid,201,polyak,201,54567.198876082701,54567.737895662925,55209
/Users/a/Ayanami/code/TSP/data/classic/tsplib/gr96.tsp,hybrid,202,polyak,202,54567.786275776962,54567.786275776962,55209
/Users/a/Ayanami/code/TSP/data/classic/tsplib/gr96.tsp,hybrid,203,polyak,203,54567.201170612752,54567.786275776962,55209
/Users/a/Ayanami/code/TSP/data/classic/tsplib/gr96.tsp,hybrid,204,polyak,204,54567.783990209908,54567.786275776962,55209
/Users/a/Ayanami/code/TSP/data/classic/tsplib/gr96.tsp,hybrid,205,polyak,205,54567.203447251821,54567.786275776962,55209
/Users/a/Ayanami/code/TSP/data/classic/tsplib/gr96.tsp,hybrid,206,polyak,206,54567.781722463995,54567.786275776962,55209
/Users/a/Ayanami/code/TSP/data/classic/tsplib/gr96.tsp,hybrid,207,polyak,207,54567.205706139357,54567.786275776962,55209
/Users/a/Ayanami/code/TSP/data/classic/tsplib/gr96.tsp,hybrid,208,polyak,208,54567.779472400223,54567.786275776962,55209
/Users/a/Ayanami/code/TSP/data/classic/tsplib/gr96.tsp,hybrid,209,polyak,209,54567.207947413815,54567.786275776962,55209
/Users/a/Ayanami/code/TSP/data/classic/tsplib/gr96.tsp,hybrid,210,polyak,210,54567.777239880728,54567.786275776962,55209
/Users/a/Ayanami/code/TSP/data/classic/tsplib/gr96.tsp,hybrid,211,polyak,211,54567.210171212522,54567.786275776962,55209
/Users/a/Ayanami/code/TSP/data/classic/tsplib/gr96.tsp,hybrid,212,polyak,212,54567.775024768758,54567.786275776962,55209
/Users/a/Ayanami/code/TSP/data/classic/tsplib/gr96.tsp,hybrid,213,polyak,213,54567.212377671727,54567.786275776962,55209
/Users/a/Ayanami/code/TSP/data/classic/tsplib/gr96.tsp,hybrid,214,polyak,214,54567.772826928536,54567.786275776962,55209
/Users/a/Ayanami/code/TSP/data/classic/tsplib/gr96.tsp,hybrid,215,polyak,215,54567.214566926639,54567.786275776962,55209
/Users/a/Ayanami/code/TSP/data/classic/tsplib/gr96.tsp,hybrid,216,polyak,216,54568.493235899972,54568.493235899972,55209
/Users/a/Ayanami/code/TSP/data/classic/tsplib/gr96.tsp,hybrid,217,polyak,217,54568.421211973269,54568.493235899972,55209
/Users/a/Ayanami/code/TSP/data/classic/tsplib/gr96.tsp,hybrid,218,polyak,218,54568.493502269412,54568.493502269412,55209
/Users/a/Ayanami/code/TSP/data/classic/tsplib/gr96.tsp,hybrid,219,polyak,219,54568.501602227196,54568.501602227196,55209
/Users/a/Ayanami/code/TSP/data/classic/tsplib/gr96.tsp,hybrid,220,polyak,220,54568.493518089643,54568.501602227196,55209
/Users/a/Ayanami/code/TSP/data/classic/tsplib/gr96.tsp,hybrid,221,polyak,221,54568.501586437866,54568.501602227196,55209
/Users/a/Ayanami/code/TSP/data/classic/tsplib/gr96.tsp,hybrid,222,polyak,222,54568.49353384813,54568.501602227196,55209
/Users/a/Ayanami/code/TSP/data/classic/tsplib/gr96.tsp,hybrid,223,polyak,223,54568.501570710148,54568.501602227196,55209
/Users/a/Ayanami/code/TSP/data/classic/tsplib/gr96.tsp,hybrid,224,polyak,224,54568.493549545128,54568.501602227196,55209
/Users/a/Ayanami/code/TSP/data/classic/tsplib/gr96.tsp,hybrid,225,polyak,225,54568.501555043811,54568.501602227196,55209
/Users/a/Ayanami/code/TSP/data/classic/tsplib/gr96.tsp,hybrid,226,polyak,226,54568.49356518087,54568.501602227196,55209
/Users/a/Ayanami/code/TSP/data/classic/tsplib/gr96.tsp,hybrid,227,polyak,227,54568.501539438606,54568.501602227196,55209
/Users/a/Ayanami/code/TSP/data/classic/tsplib/gr96.tsp,hybrid,228,polyak,228,54568.493580755581,54568.501602227196,55209
/Users/a/Ayanami/code/TSP/data/classic/tsplib/gr96.tsp,hybrid,229,polyak,229,54568.501523894309,54568.501602227196,55209
/Users/a/Ayanami/code/TSP/data/classic/tsplib/gr96.tsp,hybrid,230,polyak,230,54568.493596269524,54568.501602227196,55209
/Users/a/Ayanami/code/TSP/data/classic/tsplib/gr96.tsp,hybrid,231,polyak,231,54568.501508410678,54568.501602227196,55209
/Users/a/Ayanami/code/TSP/data/classic/tsplib/gr96.tsp,hybrid,232,polyak,232,54568.493611722923,54568.501602227196,55209
/Users/a/Ayanami/code/TSP/data/classic/tsplib/gr96.tsp,hybrid,233,polyak,233,54568.995204418738,54568.995204418738,55209
/Users/a/Ayanami/code/TSP/data/classic/tsplib/gr96.tsp,hybrid,234,polyak,234,54568.748901135557,54568.995204418738,55209
/Users/a/Ayanami/code/TSP/data/classic/tsplib/gr96.tsp,hybrid,235,polyak,235,54569.206931824447,54569.206931824447,55209
/Users/a/Ayanami/code/TSP/data/classic/tsplib/gr96.tsp,hybrid,236,polyak,236,54568.791317132403,54569.206931824447,55209
/Users/a/Ayanami/code/TSP/data/classic/tsplib/gr96.tsp,hybrid,237,polyak,237,54569.206525950729,54569.206931824447,55209
/Users/a/Ayanami/code/TSP/data/classic/tsplib/gr96.tsp,hybrid,238,polyak,238,54568.791722609763,54569.206931824447,55209
/Users/a/Ayanami/code/TSP/data/classic/tsplib/gr96.tsp,hybrid,239,polyak,239,54569.206120869341,54569.206931824447,55209
/Users/a/Ayanami/code/TSP/data/classic/tsplib/gr96.tsp,hybrid,240,polyak,240,54568.792127295557,54569.206931824447,55209
/Users/a/Ayanami/code/TSP/data/classic/tsplib/gr96.tsp,hybrid,241,polyak,241,54569.205716578741,54569.206931824447,55209
/Users/a/Ayanami/code/TSP/data/classic/tsplib/gr96.tsp,hybrid,242,polyak,242,54568.792531191342,54569.206931824447,55209
/Users/a/Ayanami/code/TSP/data/classic/tsplib/gr96.tsp,hybrid,243,polyak,243,54569.205313077371,54569.206931824447,55209
/Users/a/Ayanami/code/TSP/data/classic/tsplib/gr96.tsp,hybrid,244,polyak,244,54568.792934298646,54569.206931824447,55209
/Users/a/Ayanami/code/TSP/data/classic/tsplib/gr96.tsp,hybrid,245,polyak,245,54569.204910363726,54569.206931824447,55209
/Users/a/Ayanami/code/TSP/data/classic/tsplib/gr96.tsp,hybrid,246,polyak,246,54568.793336619026,54569.206931824447,55209
/Users/a/Ayanami/code/TSP/data/classic/tsplib/gr96.tsp,hybrid,247,polyak,247,54569.20450843624,54569.206931824447,55209
/Users/a/Ayanami/code/TSP/data/classic/tsplib/gr96.tsp,hybrid,248,polyak,248,54568.79373815401,54569.206931824447,55209
/Users/a/Ayanami/code/TSP/data/classic/tsplib/gr96.tsp,hybrid,249,polyak,249,54569.210656584597,54569.210656584597,55209
/Users/a/Ayanami/code/TSP/data/classic/tsplib/gr96.tsp,hybrid,250,polyak,250,54569.204310866837,54569.210656584597,55209
/Users/a/Ayanami/code/TSP/data/classic/tsplib/gr96.tsp,hybrid,251,polyak,251,54569.294812331806,54569.294812331806,55209
/Users/a/Ayanami/code/TSP/data/classic/tsplib/gr96.tsp,hybrid,252,polyak,252,54569.204355057009,54569.294812331806,55209
/Users/a/Ayanami/code/TSP/data/classic/tsplib/gr96.tsp,hybrid,253,polyak,253,54569.294768163207,54569.294812331806,55209
/Users/a/Ayanami/code/TSP/data/classic/tsplib/gr96.tsp,hybrid,254,polyak,254,54569.204399204042,54569.294812331806,55209
/Users/a/Ayanami/code/TSP/data/classic/tsplib/gr96.tsp,hybrid,255,polyak,255,54569.294724037733,54569.294812331806,55209
/Users/a/Ayanami/code/TSP/data/classic/tsplib/gr96.tsp,hybrid,256,polyak,256,54569.204443307957,54569.294812331806,55209
/Users/a/Ayanami/code/TSP/data/classic/tsplib/gr96.tsp,hybrid,257,polyak,257,54569.294679955361,54569.294812331806,55209
/Users/a/Ayanami/code/TSP/data/classic/tsplib/gr96.tsp,hybrid,258,polyak,258,54569.204487368828,54569.294812331806,55209
/Users/a/Ayanami/code/TSP/data/classic/tsplib/gr96.tsp,hybrid,259,polyak,259,54569.294635916012,54569.294812331806,55209
/Users/a/Ayanami/code/TSP/data/classic/tsplib/gr96.tsp,hybrid,260,polyak,260,54569.204531386677,54569.294812331806,55209
/Users/a/Ayanami/code/TSP/data/classic/tsplib/gr96.tsp,hybrid,261,polyak,261,54569.294591919643,54569.294812331806,55209
/Users/a/Ayanami/code/TSP/data/classic/tsplib/gr96.tsp,hybrid,262,polyak,262,54569.204575361546,54569.294812331806,55209
/Users/a/Ayanami/code/TSP/data/classic/tsplib/gr96.tsp,hybrid,263,polyak,263,54569.294547966245,54569.294812331806,55209
/Users/a/Ayanami/code/TSP/data/classic/tsplib/gr96.tsp,hybrid,264,polyak,264,54569.204619293479,54569.294812331806,55209
/Users/a/Ayanami/code/TSP/data/classic/tsplib/gr96.tsp,hybrid,265,polyak,265,54569.410739020888,54569.410739020888,55209
/Users/a/Ayanami/code/TSP/data/classic/tsplib/gr96.tsp,hybrid,266,polyak,266,54569.294554377972,54569.410739020888,55209
/Users/a/Ayanami/code/TSP/data/classic/tsplib/gr96.tsp,hybrid,267,polyak,267,54569.435570665104,54569.435570665104,55209
/Users/a/Ayanami/code/TSP/data/classic/tsplib/gr96.tsp,hybrid,268,polyak,268,54569.314047394117,54569.435570665104,55209
/Users/a/Ayanami/code/TSP/data/classic/tsplib/gr96.tsp,hybrid,269,polyak,269,54569.435540996339,54569.435570665104,55209
/Users/a/Ayanami/code/TSP/data/classic/tsplib/gr96.tsp,hybrid,270,polyak,270,54569.314077055635,54569.435570665104,55209
/Users/a/Ayanami/code/TSP/data/classic/tsplib/gr96.tsp,hybrid,271,polyak,271,54569.435511342053,54569.435570665104,55209
/Users/a/Ayanami/code/TSP/data/classic/tsplib/gr96.tsp,hybrid,272,polyak,272,54569.314106702681,54569.435570665104,55209
/Users/a/Ayanami/code/TSP/data/classic/tsplib/gr96.tsp,hybrid,273,polyak,273,54569.435481702247,54569.435570665104,55209
/Users/a/Ayanami/code/TSP/data/classic/tsplib/gr96.tsp,hybrid,274,polyak,274,54569.314136335241,54569.435570665104,55209
/Users/a/Ayanami/code/TSP/data/classic/tsplib/gr96.tsp,hybrid,275,polyak,275,54569.435452076919,54569.435570665104,55209
/Users/a/Ayanami/code/TSP/data/classic/tsplib/gr96.tsp,hybrid,276,polyak,276,54569.31416595335,54569.435570665104,55209
/Users/a/Ayanami/code/TSP/data/classic/tsplib/gr96.tsp,hybrid,277,polyak,277,54569.435422466056,54569.435570665104,55209
/Users/a/Ayanami/code/TSP/data/classic/tsplib/gr96.tsp,hybrid,278,polyak,278,54569.314195556995,54569.435570665104,55209
/Users/a/Ayanami/code/TSP/data/classic/tsplib/gr96.tsp,hybrid,279,polyak,279,54569.435392869636,54569.435570665104,55209
/Users/a/Ayanami/code/TSP/data/classic/tsplib/gr96.tsp,hybrid,280,polyak,280,54569.314225146176,54569.435570665104,55209
/Users/a/Ayanami/code/TSP/data/classic/tsplib/gr96.tsp,hybrid,281,polyak,281,54569.43943092924,54569.43943092924,55209
/Users/a/Ayanami/code/TSP/data/classic/tsplib/gr96.tsp,hybrid,282,polyak,282,54569.435378571572,54569.43943092924,55209
/Users/a/Ayanami/code/TSP/data/classic/tsplib/gr96.tsp,hybrid,283,polyak,283,54569.43943043457,54569.43943092924,55209
/Users/a/Ayanami/code/TSP/data/classic/tsplib/gr96.tsp,hybrid,284,polyak,284,54569.435379066192,54569.43943092924,55209
/Users/a/Ayanami/code/TSP/data/classic/tsplib/gr96.tsp,hybrid,285,polyak,285,54569.439429940016,54569.43943092924,55209
/Users/a/Ayanami/code/TSP/data/classic/tsplib/gr96.tsp,hybrid,286,polyak,286,54569.43537956068,54569.43943092924,55209
/Users/a/Ayanami/code/TSP/data/classic/tsplib/gr96.tsp,hybrid,287,polyak,287,54569.439429445592,54569.43943092924,55209
/Users/a/Ayanami/code/TSP/data/classic/tsplib/gr96.tsp,hybrid,288,polyak,288,54569.435380055045,54569.43943092924,55209
/Users/a/Ayanami/code/TSP/data/classic/tsplib/gr96.tsp,hybrid,289,polyak,289,54569.439428951278,54569.43943092924,55209
/Users/a/Ayanami/code/TSP/data/classic/tsplib/gr96.tsp,hybrid,290,polyak,290,54569.435380549294,54569.43943092924,55209
/Users/a/Ayanami/code/TSP/data/classic/tsplib/gr96.tsp,hybrid,291,polyak,291,54569.439428457095,54569.43943092924,55209
/Users/a/Ayanami/code/TSP/data/classic/tsplib/gr96.tsp,hybrid,292,polyak,292,54569.435381043433,54569.43943092924,55209
/Users/a/Ayanami/code/TSP/data/classic/tsplib/gr96.tsp,hybrid,293,polyak,293,54569.439427963014,54569.43943092924,55209
/Users/a/Ayanami/code/TSP/data/classic/tsplib/gr96.tsp,hybrid,294,polyak,294,54569.435381537442,54569.43943092924,55209
/Users/a/Ayanami/code/TSP/data/classic/tsplib/gr96.tsp,hybrid,295,polyak,295,54569.47667461502,54569.47667461502,55209
/Users/a/Ayanami/code/TSP/data/classic/tsplib/gr96.tsp,hybrid,296,polyak,296,54569.458029250774,54569.47667461502,55209
/Users/a/Ayanami/code/TSP/data/classic/tsplib/gr96.tsp,hybrid,297,polyak,297,54569.464377984732,54569.47667461502,55209
/Users/a/Ayanami/code/TSP/data/classic/tsplib/gr96.tsp,hybrid,298,polyak,298,54569.473028288317,54569.47667461502,55209
/Users/a/Ayanami/code/TSP/data/classic/tsplib/gr96.tsp,hybrid,299,polyak,299,54569.464378512705,54569.47667461502,55209
/Users/a/Ayanami/code/TSP/data/classic/tsplib/gr96.tsp,hybrid,300,polyak,300,54569.473027760374,54569.47667461502,55209
/Users/a/Ayanami/code/TSP/data/classic/tsplib/gr96.tsp,hybrid,301,polyak,301,54569.464379040619,54569.47667461502,55209
/Users/a/Ayanami/code/TSP/data/classic/tsplib/gr96.tsp,hybrid,302,polyak,302,54569.473027232503,54569.47667461502,55209
/Users/a/Ayanami/code/TSP/data/classic/tsplib/gr96.tsp,hybrid,303,polyak,303,54569.464379568468,54569.47667461502,55209
/Users/a/Ayanami/code/TSP/data/classic/tsplib/gr96.tsp,hybrid,304,polyak,304,54569.473026704683,54569.47667461502,55209
/Users/a/Ayanami/code/TSP/data/classic/tsplib/gr96.tsp,hybrid,305,polyak,305,54569.464380096237,54569.47667461502,55209
/Users/a/Ayanami/code/TSP/data/classic/tsplib/gr96.tsp,hybrid,306,polyak,306,54569.473026176936,54569.47667461502,55209
/Users/a/Ayanami/code/TSP/data/classic/tsplib/gr96.tsp,hybrid,307,polyak,307,54569.464380623947,54569.47667461502,55209
/Users/a/Ayanami/code/TSP/data/classic/tsplib/gr96.tsp,hybrid,308,polyak,308,54569.473025649255,54569.47667461502,55209
/Users/a/Ayanami/code/TSP/data/classic/tsplib/gr96.tsp,hybrid,309,polyak,309,54569.487678765123,54569.487678765123,55209
/Users/a/Ayanami/code/TSP/data/classic/tsplib/gr96.tsp,hybrid,310,polyak,310,54569.481025082474,54569.487678765123,55209
/Users/a/Ayanami/code/TSP/data/classic/tsplib/gr96.tsp,hybrid,311,polyak,311,54569.487678562065,54569.487678765123,55209
/Users/a/Ayanami/code/TSP/data/classic/tsplib/gr96.tsp,hybrid,312,polyak,312,54569.481025285517,54569.487678765123,55209
/Users/a/Ayanami/code/TSP/data/classic/tsplib/gr96.tsp,hybrid,313,polyak,313,54569.487678359023,54569.487678765123,55209
/Users/a/Ayanami/code/TSP/data/classic/tsplib/gr96.tsp,hybrid,314,polyak,314,54569.48102548856,54569.487678765123,55209
/Users/a/Ayanami/code/TSP/data/classic/tsplib/gr96.tsp,hybrid,315,polyak,315,54569.487678155994,54569.487678765123,55209
/Users/a/Ayanami/code/TSP/data/classic/tsplib/gr96.tsp,hybrid,316,polyak,316,54569.481025691581,54569.487678765123,55209
/Users/a/Ayanami/code/TSP/data/classic/tsplib/gr96.tsp,hybrid,317,polyak,317,54569.48767795298,54569.487678765123,55209
/Users/a/Ayanami/code/TSP/data/classic/tsplib/gr96.tsp,hybrid,318,polyak,318,54569.481025894587,54569.487678765123,55209
/Users/a/Ayanami/code/TSP/data/classic/tsplib/gr96.tsp,hybrid,319,polyak,319,54569.487677749981,54569.487678765123,55209
/Users/a/Ayanami/code/TSP/data/classic/tsplib/gr96.tsp,hybrid,320,polyak,320,54569.481026097586,54569.487678765123,55209
/Users/a/Ayanami/code/TSP/data/classic/tsplib/gr96.tsp,hybrid,321,polyak,321,54569.487677546982,54569.487678765123,55209
/Users/a/Ayanami/code/TSP/data/classic/tsplib/gr96.tsp,hybrid,322,polyak,322,54569.481026300578,54569.487678765123,55209
/Users/a/Ayanami/code/TSP/data/classic/tsplib/gr96.tsp,hybrid,323,polyak,323,54569.493891077756,54569.493891077756,55209
/Users/a/Ayanami/code/TSP/data/classic/tsplib/gr96.tsp,hybrid,324,polyak,324,54569.490460940819,54569.493891077756,55209
/Users/a/Ayanami/code/TSP/data/classic/tsplib/gr96.tsp,hybrid,325,polyak,325,54569.493891025413,54569.493891077756,55209
/Users/a/Ayanami/code/TSP/data/classic/tsplib/gr96.tsp,hybrid,326,polyak,326,54569.490460993162,54569.493891077756,55209
/Users/a/Ayanami/code/TSP/data/classic/tsplib/gr96.tsp,hybrid,327,polyak,327,54569.493890973077,54569.493891077756,55209
/Users/a/Ayanami/code/TSP/data/classic/tsplib/gr96.tsp,hybrid,328,polyak,328,54569.490461045498,54569.493891077756,55209
/Users/a/Ayanami/code/TSP/data/classic/tsplib/gr96.tsp,hybrid,329,polyak,329,54569.493890920749,54569.493891077756,55209
/Users/a/Ayanami/code/TSP/data/classic/tsplib/gr96.tsp,hybrid,330,polyak,330,54569.490461097819,54569.493891077756,55209
/Users/a/Ayanami/code/TSP/data/classic/tsplib/gr96.tsp,hybrid,331,polyak,331,54569.493890868405,54569.493891077756,55209
/Users/a/Ayanami/code/TSP/data/classic/tsplib/gr96.tsp,hybrid,332,polyak,332,54569.490461150162,54569.493891077756,55209
/Users/a/Ayanami/code/TSP/data/classic/tsplib/gr96.tsp,hybrid,333,polyak,333,54569.493890816084,54569.493891077756,55209
/Users/a/Ayanami/code/TSP/data/classic/tsplib/gr96.tsp,hybrid,334,polyak,334,54569.490461202491,54569.493891077756,55209
/Users/a/Ayanami/code/TSP/data/classic/tsplib/gr96.tsp,hybrid,335,polyak,335,54569.493890763741,54569.493891077756,55209
/Users/a/Ayanami/code/TSP/data/classic/tsplib/gr96.tsp,hybrid,336,helsgaun,1,54569.493891077756,54569.493891077756,55209
/Users/a/Ayanami/code/TSP/data/classic/tsplib/gr96.tsp,hybrid,337,helsgaun,2,54563.506108922207,54569.493891077756,55209
/Users/a/Ayanami/code/TSP/data/classic/tsplib/gr96.tsp,hybrid,338,helsgaun,3,54565.906108922216,54569.493891077756,55209
/Users/a/Ayanami/code/TSP/data/classic/tsplib/gr96.tsp,hybrid,339,helsgaun,4,54567.093891077755,54569.493891077756,55209
/Users/a/Ayanami/code/TSP/data/classic/tsplib/gr96.tsp,hybrid,340,helsgaun,5,54569.493891077756,54569.493891077756,55209
/Users/a/Ayanami/code/TSP/data/classic/tsplib/gr96.tsp,hybrid,341,helsgaun,6,54563.506108922207,54569.493891077756,55209
/Users/a/Ayanami/code/TSP/data/classic/tsplib/gr96.tsp,hybrid,342,helsgaun,7,54565.906108922216,54569.493891077756,55209
/Users/a/Ayanami/code/TSP/data/classic/tsplib/gr96.tsp,hybrid,343,helsgaun,8,54567.093891077755,54569.493891077756,55209
/Users/a/Ayanami/code/TSP/data/classic/tsplib/gr96.tsp,hybrid,344,helsgaun,9,54569.493891077756,54569.493891077756,55209
/Users/a/Ayanami/code/TSP/data/classic/tsplib/gr96.tsp,hybrid,345,helsgaun,10,54563.506108922207,54569.493891077756,55209
/Users/a/Ayanami/code/TSP/data/classic/tsplib/gr96.tsp,hybrid,346,helsgaun,11,54565.906108922216,54569.493891077756,55209
/Users/a/Ayanami/code/TSP/data/classic/tsplib/gr96.tsp,hybrid,347,helsgaun,12,54567.093891077755,54569.493891077756,55209
/Users/a/Ayanami/code/TSP/data/classic/tsplib/gr96.tsp,hybrid,348,helsgaun,13,54569.493891077756,54569.493891077756,55209
/Users/a/Ayanami/code/TSP/data/classic/tsplib/gr96.tsp,hybrid,349,helsgaun,14,54563.506108922207,54569.493891077756,55209
/Users/a/Ayanami/code/TSP/data/classic/tsplib/gr96.tsp,hybrid,350,helsgaun,15,54565.906108922216,54569.493891077756,55209
/Users/a/Ayanami/code/TSP/data/classic/tsplib/gr96.tsp,hybrid,351,helsgaun,16,54567.093891077755,54569.493891077756,55209
/Users/a/Ayanami/code/TSP/data/classic/tsplib/gr96.tsp,hybrid,352,helsgaun,17,54569.493891077756,54569.493891077756,55209
/Users/a/Ayanami/code/TSP/data/classic/tsplib/gr96.tsp,hybrid,353,helsgaun,18,54563.506108922207,54569.493891077756,55209
/Users/a/Ayanami/code/TSP/data/classic/tsplib/gr96.tsp,hybrid,354,helsgaun,19,54565.906108922216,54569.493891077756,55209
/Users/a/Ayanami/code/TSP/data/classic/tsplib/gr96.tsp,hybrid,355,helsgaun,20,54567.093891077755,54569.493891077756,55209
/Users/a/Ayanami/code/TSP/data/classic/tsplib/gr96.tsp,hybrid,356,helsgaun,21,54569.493891077756,54569.493891077756,55209
/Users/a/Ayanami/code/TSP/data/classic/tsplib/gr96.tsp,hybrid,357,helsgaun,22,54563.506108922207,54569.493891077756,55209
/Users/a/Ayanami/code/TSP/data/classic/tsplib/gr96.tsp,hybrid,358,helsgaun,23,54565.906108922216,54569.493891077756,55209
/Users/a/Ayanami/code/TSP/data/classic/tsplib/gr96.tsp,hybrid,359,helsgaun,24,54567.093891077755,54569.493891077756,55209
/Users/a/Ayanami/code/TSP/data/classic/tsplib/gr96.tsp,hybrid,360,helsgaun,25,54569.493891077756,54569.493891077756,55209
/Users/a/Ayanami/code/TSP/data/classic/tsplib/gr96.tsp,hybrid,361,helsgaun,26,54563.506108922207,54569.493891077756,55209
/Users/a/Ayanami/code/TSP/data/classic/tsplib/gr96.tsp,hybrid,362,helsgaun,27,54565.906108922216,54569.493891077756,55209
/Users/a/Ayanami/code/TSP/data/classic/tsplib/gr96.tsp,hybrid,363,helsgaun,28,54567.093891077755,54569.493891077756,55209
/Users/a/Ayanami/code/TSP/data/classic/tsplib/gr96.tsp,hybrid,364,helsgaun,29,54569.493891077756,54569.493891077756,55209
/Users/a/Ayanami/code/TSP/data/classic/tsplib/gr96.tsp,hybrid,365,helsgaun,30,54563.506108922207,54569.493891077756,55209
/Users/a/Ayanami/code/TSP/data/classic/tsplib/gr96.tsp,hybrid,366,helsgaun,31,54565.906108922216,54569.493891077756,55209
/Users/a/Ayanami/code/TSP/data/classic/tsplib/gr96.tsp,hybrid,367,helsgaun,32,54567.093891077755,54569.493891077756,55209
/Users/a/Ayanami/code/TSP/data/classic/tsplib/gr96.tsp,hybrid,368,helsgaun,33,54569.493891077756,54569.493891077756,55209
/Users/a/Ayanami/code/TSP/data/classic/tsplib/gr96.tsp,hybrid,369,helsgaun,34,54563.506108922207,54569.493891077756,55209
/Users/a/Ayanami/code/TSP/data/classic/tsplib/gr96.tsp,hybrid,370,helsgaun,35,54565.906108922216,54569.493891077756,55209
/Users/a/Ayanami/code/TSP/data/classic/tsplib/gr96.tsp,hybrid,371,helsgaun,36,54567.093891077755,54569.493891077756,55209
/Users/a/Ayanami/code/TSP/data/classic/tsplib/gr96.tsp,hybrid,372,helsgaun,37,54569.493891077756,54569.493891077756,55209
/Users/a/Ayanami/code/TSP/data/classic/tsplib/gr96.tsp,hybrid,373,helsgaun,38,54563.506108922207,54569.493891077756,55209
/Users/a/Ayanami/code/TSP/data/classic/tsplib/gr96.tsp,hybrid,374,helsgaun,39,54565.906108922216,54569.493891077756,55209
/Users/a/Ayanami/code/TSP/data/classic/tsplib/gr96.tsp,hybrid,375,helsgaun,40,54567.093891077755,54569.493891077756,55209
/Users/a/Ayanami/code/TSP/data/classic/tsplib/gr96.tsp,hybrid,376,helsgaun,41,54569.493891077756,54569.493891077756,55209
/Users/a/Ayanami/code/TSP/data/classic/tsplib/gr96.tsp,hybrid,377,helsgaun,42,54563.506108922207,54569.493891077756,55209
/Users/a/Ayanami/code/TSP/data/classic/tsplib/gr96.tsp,hybrid,378,helsgaun,43,54565.906108922216,54569.493891077756,55209
/Users/a/Ayanami/code/TSP/data/classic/tsplib/gr96.tsp,hybrid,379,helsgaun,44,54567.093891077755,54569.493891077756,55209
/Users/a/Ayanami/code/TSP/data/classic/tsplib/gr96.tsp,hybrid,380,helsgaun,45,54569.493891077756,54569.493891077756,55209
/Users/a/Ayanami/code/TSP/data/classic/tsplib/gr96.tsp,hybrid,381,helsgaun,46,54563.506108922207,54569.493891077756,55209
/Users/a/Ayanami/code/TSP/data/classic/tsplib/gr96.tsp,hybrid,382,helsgaun,47,54565.906108922216,54569.493891077756,55209
/Users/a/Ayanami/code/TSP/data/classic/tsplib/gr96.tsp,hybrid,383,helsgaun,48,54567.093891077755,54569.493891077756,55209
/Users/a/Ayanami/code/TSP/data/classic/tsplib/gr96.tsp,hybrid,384,helsgaun,49,54569.493891077756,54569.493891077756,55209
/Users/a/Ayanami/code/TSP/data/classic/tsplib/gr96.tsp,hybrid,385,helsgaun,50,54566.506108922207,54569.493891077756,55209
/Users/a/Ayanami/code/TSP/data/classic/tsplib/gr96.tsp,hybrid,386,helsgaun,51,54567.706108922219,54569.493891077756,55209
/Users/a/Ayanami/code/TSP/data/classic/tsplib/gr96.tsp,hybrid,387,helsgaun,52,54568.293891077767,54569.493891077756,55209
/Users/a/Ayanami/code/TSP/data/classic/tsplib/gr96.tsp,hybrid,388,helsgaun,53,54569.493891077756,54569.493891077756,55209
/Users/a/Ayanami/code/TSP/data/classic/tsplib/gr96.tsp,hybrid,389,helsgaun,54,54566.506108922207,54569.493891077756,55209
/Users/a/Ayanami/code/TSP/data/classic/tsplib/gr96.tsp,hybrid,390,helsgaun,55,54567.706108922219,54569.493891077756,55209
/Users/a/Ayanami/code/TSP/data/classic/tsplib/gr96.tsp,hybrid,391,helsgaun,56,54568.293891077767,54569.493891077756,55209
/Users/a/Ayanami/code/TSP/data/classic/tsplib/gr96.tsp,hybrid,392,helsgaun,57,54569.493891077756,54569.493891077756,55209
/Users/a/Ayanami/code/TSP/data/classic/tsplib/gr96.tsp,hybrid,393,helsgaun,58,54566.506108922207,54569.493891077756,55209
/Users/a/Ayanami/code/TSP/data/classic/tsplib/gr96.tsp,hybrid,394,helsgaun,59,54567.706108922219,54569.493891077756,55209
/Users/a/Ayanami/code/TSP/data/classic/tsplib/gr96.tsp,hybrid,395,helsgaun,60,54568.293891077767,54569.493891077756,55209
/Users/a/Ayanami/code/TSP/data/classic/tsplib/gr96.tsp,hybrid,396,helsgaun,61,54569.493891077756,54569.493891077756,55209
/Users/a/Ayanami/code/TSP/data/classic/tsplib/gr96.tsp,hybrid,397,helsgaun,62,54566.506108922207,54569.493891077756,55209
/Users/a/Ayanami/code/TSP/data/classic/tsplib/gr96.tsp,hybrid,398,helsgaun,63,54567.706108922219,54569.493891077756,55209
/Users/a/Ayanami/code/TSP/data/classic/tsplib/gr96.tsp,hybrid,399,helsgaun,64,54568.293891077767,54569.493891077756,55209
/Users/a/Ayanami/code/TSP/data/classic/tsplib/gr96.tsp,hybrid,400,helsgaun,65,54569.493891077756,54569.493891077756,55209
/Users/a/Ayanami/code/TSP/data/classic/tsplib/gr96.tsp,hybrid,401,helsgaun,66,54566.506108922207,54569.493891077756,55209
/Users/a/Ayanami/code/TSP/data/classic/tsplib/gr96.tsp,hybrid,402,helsgaun,67,54567.706108922219,54569.493891077756,55209
/Users/a/Ayanami/code/TSP/data/classic/tsplib/gr96.tsp,hybrid,403,helsgaun,68,54568.293891077767,54569.493891077756,55209
/Users/a/Ayanami/code/TSP/data/classic/tsplib/gr96.tsp,hybrid,404,helsgaun,69,54569.493891077756,54569.493891077756,55209
/Users/a/Ayanami/code/TSP/data/classic/tsplib/gr96.tsp,hybrid,405,helsgaun,70,54566.506108922207,54569.493891077756,55209
/Users/a/Ayanami/code/TSP/data/classic/tsplib/gr96.tsp,hybrid,406,helsgaun,71,54567.706108922219,54569.493891077756,55209
/Users/a/Ayanami/code/TSP/data/classic/tsplib/gr96.tsp,hybrid,407,helsgaun,72,54568.293891077767,54569.493891077756,55209
/Users/a/Ayanami/code/TSP/data/classic/tsplib/gr96.tsp,hybrid,408,helsgaun,73,54569.493891077756,54569.493891077756,55209
/Users/a/Ayanami/code/TSP/data/classic/tsplib/gr96.tsp,hybrid,409,helsgaun,74,54568.006108922207,54569.493891077756,55209
/Users/a/Ayanami/code/TSP/data/classic/tsplib/gr96.tsp,hybrid,410,helsgaun,75,54568.60610892222,54569.493891077756,55209
/Users/a/Ayanami/code/TSP/data/classic/tsplib/gr96.tsp,hybrid,411,helsgaun,76,54568.893891077765,54569.493891077756,55209
/Users/a/Ayanami/code/TSP/data/classic/tsplib/gr96.tsp,hybrid,412,helsgaun,77,54569.493891077756,54569.493891077756,55209
/Users/a/Ayanami/code/TSP/data/classic/tsplib/gr96.tsp,hybrid,413,helsgaun,78,54568.006108922207,54569.493891077756,55209
/Users/a/Ayanami/code/TSP/data/classic/tsplib/gr96.tsp,hybrid,414,helsgaun,79,54568.60610892222,54569.493891077756,55209
/Users/a/Ayanami/code/TSP/data/classic/tsplib/gr96.tsp,hybrid,415,helsgaun,80,54568.893891077765,54569.493891077756,55209
/Users/a/Ayanami/code/TSP/data/classic/tsplib/gr96.tsp,hybrid,416,helsgaun,81,54569.493891077756,54569.493891077756,55209
/Users/a/Ayanami/code/TSP/data/classic/tsplib/gr96.tsp,hybrid,417,helsgaun,82,54568.006108922207,54569.493891077756,55209
/Users/a/Ayanami/code/TSP/data/classic/tsplib/gr96.tsp,hybrid,418,helsgaun,83,54568.60610892222,54569.493891077756,55209
/Users/a/Ayanami/code/TSP/data/classic/tsplib/gr96.tsp,hybrid,419,helsgaun,84,54568.893891077765,54569.493891077756,55209
/Users/a/Ayanami/code/TSP/data/classic/tsplib/gr96.tsp,hybrid,420,helsgaun,85,54569.493891077756,54569.493891077756,55209
/Users/a/Ayanami/code/TSP/data/classic/tsplib/gr96.tsp,hybrid,421,helsgaun,86,54568.756108922207,54569.493891077756,55209
/Users/a/Ayanami/code/TSP/data/classic/tsplib/gr96.tsp,hybrid,422,helsgaun,87,54569.056108922217,54569.493891077756,55209
/Users/a/Ayanami/code/TSP/data/classic/tsplib/gr96.tsp,hybrid,423,helsgaun,88,54569.193891077761,54569.493891077756,55209
/Users/a/Ayanami/code/TSP/data/classic/tsplib/gr96.tsp,hybrid,424,helsgaun,89,54569.493891077756,54569.493891077756,55209
/Users/a/Ayanami/code/TSP/data/classic/tsplib/gr96.tsp,hybrid,425,helsgaun,90,54568.756108922207,54569.493891077756,55209
/Users/a/Ayanami/code/TSP/data/classic/tsplib/gr96.tsp,hybrid,426,helsgaun,91,54569.056108922217,54569.493891077756,55209
/Users/a/Ayanami/code/TSP/data/classic/tsplib/gr96.tsp,hybrid,427,helsgaun,92,54569.431108922217,54569.493891077756,55209
/Users/a/Ayanami/code/TSP/data/classic/tsplib/gr96.tsp,hybrid,428,helsgaun,93,54569.193891077761,54569.493891077756,55209
/Users/a/Ayanami/code/TSP/data/classic/tsplib/gr96.tsp,hybrid,429,helsgaun,94,54569.343891077755,54569.493891077756,55209
/Users/a/Ayanami/code/TSP/data/classic/tsplib/gr96.tsp,hybrid-reverse,1,helsgaun,1,47998,47998,55209
/Users/a/Ayanami/code/TSP/data/classic/tsplib/gr96.tsp,hybrid-reverse,2,helsgaun,2,48038,48038,55209
/Users/a/Ayanami/code/TSP/data/classic/tsplib/gr96.tsp,hybrid-reverse,3,helsgaun,3,48114,48114,55209
/Users/a/Ayanami/code/TSP/data/classic/tsplib/gr96.tsp,hybrid-reverse,4,helsgaun,4,48257,48257,55209
/Users/a/Ayanami/code/TSP/data/classic/tsplib/gr96.tsp,hybrid-reverse,5,helsgaun,5,48523.599999999999,48523.599999999999,55209
/Users/a/Ayanami/code/TSP/data/classic/tsplib/gr96.tsp,hybrid-reverse,6,helsgaun,6,48910,48910,55209
/Users/a/Ayanami/code/TSP/data/classic/tsplib/gr96.tsp,hybrid-reverse,7,helsgaun,7,49421.600000000006,49421.600000000006,55209
/Users/a/Ayanami/code/TSP/data/classic/tsplib/gr96.tsp,hybrid-reverse,8,helsgaun,8,49943.600000000006,49943.600000000006,55209
/Users/a/Ayanami/code/TSP/data/classic/tsplib/gr96.tsp,hybrid-reverse,9,helsgaun,9,49774.000000000007,49943.600000000006,55209
/Users/a/Ayanami/code/TSP/data/classic/tsplib/gr96.tsp,hybrid-reverse,10,helsgaun,10,50296.200000000019,50296.200000000019,55209
/Users/a/Ayanami/code/TSP/data/classic/tsplib/gr96.tsp,hybrid-reverse,11,helsgaun,11,50633.999999999993,50633.999999999993,55209
/Users/a/Ayanami/code/TSP/data/classic/tsplib/gr96.tsp,hybrid-reverse,12,helsgaun,12,50950.599999999991,50950.599999999991,55209
/Users/a/Ayanami/code/TSP/data/classic/tsplib/gr96.tsp,hybrid-reverse,13,helsgaun,13,51264.599999999999,51264.599999999999,55209
/Users/a/Ayanami/code/TSP/data/classic/tsplib/gr96.tsp,hybrid-reverse,14,helsgaun,14,51556.19999999999,51556.19999999999,55209
/Users/a/Ayanami/code/TSP/data/classic/tsplib/gr96.tsp,hybrid-reverse,15,helsgaun,15,51268.599999999991,51556.19999999999,55209
/Users/a/Ayanami/code/TSP/data/classic/tsplib/gr96.tsp,hybrid-reverse,16,helsgaun,16,51523,51556.19999999999,55209
/Users/a/Ayanami/code/TSP/data/classic/tsplib/gr96.tsp,hybrid-reverse,17,helsgaun,17,51824.399999999987,51824.399999999987,55209
/Users/a/Ayanami/code/TSP/data/classic/tsplib/gr96.tsp,hybrid-reverse,18,helsgaun,18,51729.599999999999,51824.399999999987,55209
/Users/a/Ayanami/code/TSP/data/classic/tsplib/gr96.tsp,hybrid-reverse,19,helsgaun,19,51806.600000000006,51824.399999999987,55209
/Users/a/Ayanami/code/TSP/data/classic/tsplib/gr96.tsp,hybrid-reverse,20,helsgaun,20,51674.399999999994,51824.399999999987,55209
/Users/a/Ayanami/code/TSP/data/classic/tsplib/gr96.tsp,hybrid-reverse,21,helsgaun,21,51798.200000000004,51824.399999999987,55209
/Users/a/Ayanami/code/TSP/data/classic/tsplib/gr96.tsp,hybrid-reverse,22,helsgaun,22,51995.999999999985,51995.999999999985,55209
/Users/a/Ayanami/code/TSP/data/classic/tsplib/gr96.tsp,hybrid-reverse,23,helsgaun,23,51762.599999999999,51995.999999999985,55209
/Users/a/Ayanami/code/TSP/data/classic/tsplib/gr96.tsp,hybrid-reverse,24,helsgaun,24,51879.599999999999,51995.999999999985,55209
/Users/a/Ayanami/code/TSP/data/classic/tsplib/gr96.tsp,hybrid-reverse,25,helsgaun,25,51827.799999999988,51995.999999999985,55209
/Users/a/Ayanami/code/TSP/data/classic/tsplib/gr96.tsp,hybrid-reverse,26,helsgaun,26,51779.599999999999,51995.999999999985,55209
/Users/a/Ayanami/code/TSP/data/classic/tsplib/gr96.tsp,hybrid-reverse,27,helsgaun,27,52481.400000000001,52481.400000000001,55209
/Users/a/Ayanami/code/TSP/data/classic/tsplib/gr96.tsp,hybrid-reverse,28,helsgaun,28,52398.800000000003,52481.400000000001,55209
/Users/a/Ayanami/code/TSP/data/classic/tsplib/gr96.tsp,hybrid-reverse,29,helsgaun,29,52812.000000000022,52812.000000000022,55209
/Users/a/Ayanami/code/TSP/data/classic/tsplib/gr96.tsp,hybrid-reverse,30,helsgaun,30,52817.599999999999,52817.599999999999,55209
/Users/a/Ayanami/code/TSP/data/classic/tsplib/gr96.tsp,hybrid-reverse,31,helsgaun,31,52839,52839,55209
/Users/a/Ayanami/code/TSP/data/classic/tsplib/gr96.tsp,hybrid-reverse,32,helsgaun,32,52872.19999999999,52872.19999999999,55209
/Users/a/Ayanami/code/TSP/data/classic/tsplib/gr96.tsp,hybrid-reverse,33,helsgaun,33,52684.799999999996,52872.19999999999,55209
/Users/a/Ayanami/code/TSP/data/classic/tsplib/gr96.tsp,hybrid-reverse,34,helsgaun,34,52715.199999999983,52872.19999999999,55209
/Users/a/Ayanami/code/TSP/data/classic/tsplib/gr96.tsp,hybrid-reverse,35,helsgaun,35,52853.599999999999,52872.19999999999,55209
/Users/a/Ayanami/code/TSP/data/classic/tsplib/gr96.tsp,hybrid-reverse,36,helsgaun,36,53198.399999999994,53198.399999999994,55209
/Users/a/Ayanami/code/TSP/data/classic/tsplib/gr96.tsp,hybrid-reverse,37,helsgaun,37,53378.399999999994,53378.399999999994,55209
/Users/a/Ayanami/code/TSP/data/classic/tsplib/gr96.tsp,hybrid-reverse,38,helsgaun,38,51808.399999999994,53378.399999999994,55209
/Users/a/Ayanami/code/TSP/data/classic/tsplib/gr96.tsp,hybrid-reverse,39,helsgaun,39,52347.199999999997,53378.399999999994,55209
/Users/a/Ayanami/code/TSP/data/classic/tsplib/gr96.tsp,hybrid-reverse,40,helsgaun,40,53026,53378.399999999994,55209
/Users/a/Ayanami/code/TSP/data/classic/tsplib/gr96.tsp,hybrid-reverse,41,helsgaun,41,52611.799999999996,53378.399999999994,55209
/Users/a/Ayanami/code/TSP/data/classic/tsplib/gr96.tsp,hybrid-reverse,42,helsgaun,42,52498.39999999998,53378.399999999994,55209
/Users/a/Ayanami/code/TSP/data/classic/tsplib/gr96.tsp,hybrid-reverse,43,helsgaun,43,52483.600000000013,53378.399999999994,55209
/Users/a/Ayanami/code/TSP/data/classic/tsplib/gr96.tsp,hybrid-reverse,44,helsgaun,44,52620.599999999984,53378.399999999994,55209
/Users/a/Ayanami/code/TSP/data/classic/tsplib/gr96.tsp,hybrid-reverse,45,helsgaun,45,52687.399999999994,53378.399999999994,55209
/Users/a/Ayanami/code/TSP/data/classic/tsplib/gr96.tsp,hybrid-reverse,46,helsgaun,46,52945.400000000009,53378.399999999994,55209
/Users/a/Ayanami/code/TSP/data/classic/tsplib/gr96.tsp,hybrid-reverse,47,helsgaun,47,52568.999999999993,53378.399999999994,55209
/Users/a/Ayanami/code/TSP/data/classic/tsplib/gr96.tsp,hybrid-reverse,48,helsgaun,48,53059.599999999999,53378.399999999994,55209
/Users/a/Ayanami/code/TSP/data/classic/tsplib/gr96.tsp,hybrid-reverse,49,helsgaun,49,53091.599999999991,53378.399999999994,55209
/Users/a/Ayanami/code/TSP/data/classic/tsplib/gr96.tsp,hybrid-reverse,50,helsgaun,50,53432.400000000009,53432.400000000009,55209
/Users/a/Ayanami/code/TSP/data/classic/tsplib/gr96.tsp,hybrid-reverse,51,helsgaun,51,53689.60000000002,53689.60000000002,55209
/Users/a/Ayanami/code/TSP/data/classic/tsplib/gr96.tsp,hybrid-reverse,52,helsgaun,52,53865.200000000012,53865.200000000012,55209
/Users/a/Ayanami/code/TSP/data/classic/tsplib/gr96.tsp,hybrid-reverse,53,helsgaun,53,53946.799999999996,53946.799999999996,55209
/Users/a/Ayanami/code/TSP/data/classic/tsplib/gr96.tsp,hybrid-reverse,54,helsgaun,54,54029.800000000003,54029.800000000003,55209
/Users/a/Ayanami/code/TSP/data/classic/tsplib/gr96.tsp,hybrid-reverse,55,helsgaun,55,53820,54029.800000000003,55209
/Users/a/Ayanami/code/TSP/data/classic/tsplib/gr96.tsp,hybrid-reverse,56,helsgaun,56,53749.80000000001,54029.800000000003,55209
/Users/a/Ayanami/code/TSP/data/classic/tsplib/gr96.tsp,hybrid-reverse,57,helsgaun,57,53823.999999999993,54029.800000000003,55209
/Users/a/Ayanami/code/TSP/data/classic/tsplib/gr96.tsp,hybrid-reverse,58,helsgaun,58,53801.999999999985,54029.800000000003,55209
/Users/a/Ayanami/code/TSP/data/classic/tsplib/gr96.tsp,hybrid-reverse,59,helsgaun,59,53858.200000000004,54029.800000000003,55209
/Users/a/Ayanami/code/TSP/data/classic/tsplib/gr96.tsp,hybrid-reverse,60,helsgaun,60,53634.000000000007,54029.800000000003,55209
/Users/a/Ayanami/code/TSP/data/classic/tsplib/gr96.tsp,hybrid-reverse,61,helsgaun,61,53916.600000000013,54029.800000000003,55209
/Users/a/Ayanami/code/TSP/data/classic/tsplib/gr96.tsp,hybrid-reverse,62,helsgaun,62,53943.600000000013,54029.800000000003,55209
/Users/a/Ayanami/code/TSP/data/classic/tsplib/gr96.tsp,hybrid-reverse,63,helsgaun,63,53970.200000000012,54029.800000000003,55209
/Users/a/Ayanami/code/TSP/data/classic/tsplib/gr96.tsp,hybrid-reverse,64,helsgaun,64,54019.000000000007,54029.800000000003,55209
/Users/a/Ayanami/code/TSP/data/classic/tsplib/gr96.tsp,hybrid-reverse,65,helsgaun,65,54049.800000000003,54049.800000000003,55209
/Users/a/Ayanami/code/TSP/data/classic/tsplib/gr96.tsp,hybrid-reverse,66,helsgaun,66,53801.199999999997,54049.800000000003,55209
/Users/a/Ayanami/code/TSP/data/classic/tsplib/gr96.tsp,hybrid-reverse,67,helsgaun,67,53984.400000000009,54049.800000000003,55209
/Users/a/Ayanami/code/TSP/data/classic/tsplib/gr96.tsp,hybrid-reverse,68,helsgaun,68,53961.800000000003,54049.800000000003,55209
/Users/a/Ayanami/code/TSP/data/classic/tsplib/gr96.tsp,hybrid-reverse,69,helsgaun,69,53856,54049.800000000003,55209
/Users/a/Ayanami/code/TSP/data/classic/tsplib/gr96.tsp,hybrid-reverse,70,helsgaun,70,53956,54049.800000000003,55209
/Users/a/Ayanami/code/TSP/data/classic/tsplib/gr96.tsp,hybrid-reverse,71,helsgaun,71,53946.799999999996,54049.800000000003,55209
/Users/a/Ayanami/code/TSP/data/classic/tsplib/gr96.tsp,hybrid-reverse,72,helsgaun,72,53773.000000000015,54049.800000000003,55209
/Users/a/Ayanami/code/TSP/data/classic/tsplib/gr96.tsp,hybrid-reverse,73,helsgaun,73,53899.800000000017,54049.800000000003,55209
/Users/a/Ayanami/code/TSP/data/classic/tsplib/gr96.tsp,hybrid-reverse,74,helsgaun,74,54148.400000000016,54148.400000000016,55209
/Users/a/Ayanami/code/TSP/data/classic/tsplib/gr96.tsp,hybrid-reverse,75,helsgaun,75,54248.600000000006,54248.600000000006,55209
/Users/a/Ayanami/code/TSP/data/classic/tsplib/gr96.tsp,hybrid-reverse,76,helsgaun,76,54349.400000000016,54349.400000000016,55209
/Users/a/Ayanami/code/TSP/data/classic/tsplib/gr96.tsp,hybrid-reverse,77,helsgaun,77,54236.000000000022,54349.400000000016,55209
/Users/a/Ayanami/code/TSP/data/classic/tsplib/gr96.tsp,hybrid-reverse,78,helsgaun,78,54325.200000000012,54349.400000000016,55209
/Users/a/Ayanami/code/TSP/data/classic/tsplib/gr96.tsp,hybrid-reverse,79,helsgaun,79,54255.200000000004,54349.400000000016,55209
/Users/a/Ayanami/code/TSP/data/classic/tsplib/gr96.tsp,hybrid-reverse,80,helsgaun,80,54277.400000000001,54349.400000000016,55209
/Users/a/Ayanami/code/TSP/data/classic/tsplib/gr96.tsp,hybrid-reverse,81,helsgaun,81,54266.200000000004,54349.400000000016,55209
/Users/a/Ayanami/code/TSP/data/classic/tsplib/gr96.tsp,hybrid-reverse,82,helsgaun,82,54265.000000000015,54349.400000000016,55209
/Users/a/Ayanami/code/TSP/data/classic/tsplib/gr96.tsp,hybrid-reverse,83,helsgaun,83,54224.000000000007,54349.400000000016,55209
/Users/a/Ayanami/code/TSP/data/classic/tsplib/gr96.tsp,hybrid-reverse,84,helsgaun,84,54380.000000000022,54380.000000000022,55209
/Users/a/Ayanami/code/TSP/data/classic/tsplib/gr96.tsp,hybrid-reverse,85,helsgaun,85,54184.800000000017,54380.000000000022,55209
/Users/a/Ayanami/code/TSP/data/classic/tsplib/gr96.tsp,hybrid-reverse,86,helsgaun,86,54344.400000000009,54380.000000000022,55209
/Users/a/Ayanami/code/TSP/data/classic/tsplib/gr96.tsp,hybrid-reverse,87,helsgaun,87,54455.200000000004,54455.200000000004,55209
/Users/a/Ayanami/code/TSP/data/classic/tsplib/gr96.tsp,hybrid-reverse,88,helsgaun,88,54458.000000000007,54458.000000000007,55209
/Users/a/Ayanami/code/TSP/data/classic/tsplib/gr96.tsp,hybrid-reverse,89,helsgaun,89,54497.60000000002,54497.60000000002,55209
/Users/a/Ayanami/code/TSP/data/classic/tsplib/gr96.tsp,hybrid-reverse,90,helsgaun,90,54482.400000000009,54497.60000000002,55209
/Users/a/Ayanami/code/TSP/data/classic/tsplib/gr96.tsp,hybrid-reverse,91,helsgaun,91,54493.80000000001,54497.60000000002,55209
/Users/a/Ayanami/code/TSP/data/classic/tsplib/gr96.tsp,hybrid-reverse,92,helsgaun,92,54491.80000000001,54497.60000000002,55209
/Users/a/Ayanami/code/TSP/data/classic/tsplib/gr96.tsp,hybrid-reverse,93,helsgaun,93,54468.60000000002,54497.60000000002,55209
/Users/a/Ayanami/code/TSP/data/classic/tsplib/gr96.tsp,hybrid-reverse,94,helsgaun,94,54475.200000000004,54497.60000000002,55209
/Users/a/Ayanami/code/TSP/data/classic/tsplib/gr96.tsp,hybrid-reverse,95,helsgaun,95,54462.60000000002,54497.60000000002,55209
/Users/a/Ayanami/code/TSP/data/classic/tsplib/gr96.tsp,hybrid-reverse,96,helsgaun,96,54508.80000000001,54508.80000000001,55209
/Users/a/Ayanami/code/TSP/data/classic/tsplib/gr96.tsp,hybrid-reverse,97,helsgaun,97,54508.000000000015,54508.80000000001,55209
/Users/a/Ayanami/code/TSP/data/classic/tsplib/gr96.tsp,hybrid-reverse,98,helsgaun,98,54543.200000000012,54543.200000000012,55209
/Users/a/Ayanami/code/TSP/data/classic/tsplib/gr96.tsp,hybrid-reverse,99,helsgaun,99,54545.800000000003,54545.800000000003,55209
/Users/a/Ayanami/code/TSP/data/classic/tsplib/gr96.tsp,hybrid-reverse,100,helsgaun,100,54553.799999999996,54553.799999999996,55209
/Users/a/Ayanami/code/TSP/data/classic/tsplib/gr96.tsp,hybrid-reverse,101,helsgaun,101,54543.800000000003,54553.799999999996,55209
/Users/a/Ayanami/code/TSP/data/classic/tsplib/gr96.tsp,hybrid-reverse,102,helsgaun,102,54547.200000000004,54553.799999999996,55209
/Users/a/Ayanami/code/TSP/data/classic/tsplib/gr96.tsp,hybrid-reverse,103,helsgaun,103,54544.800000000003,54553.799999999996,55209
/Users/a/Ayanami/code/TSP/data/classic/tsplib/gr96.tsp,hybrid-reverse,104,helsgaun,104,54556.400000000001,54556.400000000001,55209
/Users/a/Ayanami/code/TSP/data/classic/tsplib/gr96.tsp,hybrid-reverse,105,helsgaun,105,54543.199999999997,54556.400000000001,55209
/Users/a/Ayanami/code/TSP/data/classic/tsplib/gr96.tsp,hybrid-reverse,106,helsgaun,106,54550.800000000003,54556.400000000001,55209
/Users/a/Ayanami/code/TSP/data/classic/tsplib/gr96.tsp,hybrid-reverse,107,helsgaun,107,54548.200000000004,54556.400000000001,55209
/Users/a/Ayanami/code/TSP/data/classic/tsplib/gr96.tsp,hybrid-reverse,108,helsgaun,108,54553.599999999999,54556.400000000001,55209
/Users/a/Ayanami/code/TSP/data/classic/tsplib/gr96.tsp,hybrid-reverse,109,helsgaun,109,54542.599999999999,54556.400000000001,55209
/Users/a/Ayanami/code/TSP/data/classic/tsplib/gr96.tsp,hybrid-reverse,110,helsgaun,110,54555.200000000026,54556.400000000001,55209
/Users/a/Ayanami/code/TSP/data/classic/tsplib/gr96.tsp,hybrid-reverse,111,helsgaun,111,54550.80000000001,54556.400000000001,55209
/Users/a/Ayanami/code/TSP/data/classic/tsplib/gr96.tsp,hybrid-reverse,112,helsgaun,112,54556.400000000016,54556.400000000001,55209
/Users/a/Ayanami/code/TSP/data/classic/tsplib/gr96.tsp,hybrid-reverse,113,helsgaun,113,54556,54556.400000000001,55209
/Users/a/Ayanami/code/TSP/data/classic/tsplib/gr96.tsp,hybrid-reverse,114,helsgaun,114,54553.600000000028,54556.400000000001,55209
/Users/a/Ayanami/code/TSP/data/classic/tsplib/gr96.tsp,hybrid-reverse,115,helsgaun,115,54563.199999999997,54563.199999999997,55209
/Users/a/Ayanami/code/TSP/data/classic/tsplib/gr96.tsp,hybrid-reverse,116,helsgaun,116,54564.400000000001,54564.400000000001,55209
/Users/a/Ayanami/code/TSP/data/classic/tsplib/gr96.tsp,hybrid-reverse,117,helsgaun,117,54566.200000000004,54566.200000000004,55209
/Users/a/Ayanami/code/TSP/data/classic/tsplib/gr96.tsp,hybrid-reverse,118,helsgaun,118,54562.199999999997,54566.200000000004,55209
/Users/a/Ayanami/code/TSP/data/classic/tsplib/gr96.tsp,hybrid-reverse,119,helsgaun,119,54564.700000000004,54566.200000000004,55209
/Users/a/Ayanami/code/TSP/data/classic/tsplib/gr96.tsp,hybrid-reverse,120,helsgaun,120,54567.700000000012,54567.700000000012,55209
/Users/a/Ayanami/code/TSP/data/classic/tsplib/gr96.tsp,hybrid-reverse,121,polyak,1,54567.700000000012,54567.700000000012,55209
/Users/a/Ayanami/code/TSP/data/classic/tsplib/gr96.tsp,hybrid-reverse,122,polyak,2,51365.666666666708,54567.700000000012,55209
/Users/a/Ayanami/code/TSP/data/classic/tsplib/gr96.tsp,hybrid-reverse,123,polyak,3,51925.65555555559,54567.700000000012,55209
/Users/a/Ayanami/code/TSP/data/classic/tsplib/gr96.tsp,hybrid-reverse,124,polyak,4,51727.9555555556,54567.700000000012,55209
/Users/a/Ayanami/code/TSP/data/classic/tsplib/gr96.tsp,hybrid-reverse,125,polyak,5,51523.459800736477,54567.700000000012,55209
/Users/a/Ayanami/code/TSP/data/classic/tsplib/gr96.tsp,hybrid-reverse,126,polyak,6,50120.805561462679,54567.700000000012,55209
/Users/a/Ayanami/code/TSP/data/classic/tsplib/gr96.tsp,hybrid-reverse,127,polyak,7,51402.870131580625,54567.700000000012,55209
/Users/a/Ayanami/code/TSP/data/classic/tsplib/gr96.tsp,hybrid-reverse,128,polyak,8,50650.739356651407,54567.700000000012,55209
/Users/a/Ayanami/code/TSP/data/classic/tsplib/gr96.tsp,hybrid-reverse,129,polyak,9,51022.096864415355,54567.700000000012,55209
/Users/a/Ayanami/code/TSP/data/classic/tsplib/gr96.tsp,hybrid-reverse,130,polyak,10,51130.156915802836,54567.700000000012,55209
/Users/a/Ayanami/code/TSP/data/classic/tsplib/gr96.tsp,hybrid-reverse,131,polyak,11,51108.854202877592,54567.700000000012,55209
/Users/a/Ayanami/code/TSP/data/classic/tsplib/gr96.tsp,hybrid-reverse,132,polyak,12,50826.427748120652,54567.700000000012,55209
/Users/a/Ayanami/code/TSP/data/classic/tsplib/gr96.tsp,hybrid-reverse,133,polyak,13,51128.116004609379,54567.700000000012,55209
/Users/a/Ayanami/code/TSP/data/classic/tsplib/gr96.tsp,hybrid-reverse,134,polyak,14,50508.055309004623,54567.700000000012,55209
/Users/a/Ayanami/code/TSP/data/classic/tsplib/gr96.tsp,hybrid-reverse,135,polyak,15,52577.535670894875,54567.700000000012,55209
/Users/a/Ayanami/code/TSP/data/classic/tsplib/gr96.tsp,hybrid-reverse,136,polyak,16,53171.738880134944,54567.700000000012,55209
/Users/a/Ayanami/code/TSP/data/classic/tsplib/gr96.tsp,hybrid-reverse,137,polyak,17,53398.617286869012,54567.700000000012,55209
/Users/a/Ayanami/code/TSP/data/classic/tsplib/gr96.tsp,hybrid-reverse,138,polyak,18,53526.558638762173,54567.700000000012,55209
/Users/a/Ayanami/code/TSP/data/classic/tsplib/gr96.tsp,hybrid-reverse,139,polyak,19,53681.282570334602,54567.700000000012,55209
/Users/a/Ayanami/code/TSP/data/classic/tsplib/gr96.tsp,hybrid-reverse,140,polyak,20,53614.249107552627,54567.700000000012,55209
/Users/a/Ayanami/code/TSP/data/classic/tsplib/gr96.tsp,hybrid-reverse,141,polyak,21,53900.489523291661,54567.700000000012,55209
/Users/a/Ayanami/code/TSP/data/classic/tsplib/gr96.tsp,hybrid-reverse,142,polyak,22,53760.244261884633,54567.700000000012,55209
/Users/a/Ayanami/code/TSP/data/classic/tsplib/gr96.tsp,hybrid-reverse,143,polyak,23,53926.461028997925,54567.700000000012,55209
/Users/a/Ayanami/code/TSP/data/classic/tsplib/gr96.tsp,hybrid-reverse,144,polyak,24,53644.605702530258,54567.700000000012,55209
/Users/a/Ayanami/code/TSP/data/classic/tsplib/gr96.tsp,hybrid-reverse,145,polyak,25,53824.993713770338,54567.700000000012,55209
/Users/a/Ayanami/code/TSP/data/classic/tsplib/gr96.tsp,hybrid-reverse,146,polyak,26,53892.743690698466,54567.700000000012,55209
/Users/a/Ayanami/code/TSP/data/classic/tsplib/gr96.tsp,hybrid-reverse,147,polyak,27,54127.38960646934,54567.700000000012,55209
/Users/a/Ayanami/code/TSP/data/classic/tsplib/gr96.tsp,hybrid-reverse,148,polyak,28,54192.201318575178,54567.700000000012,55209
/Users/a/Ayanami/code/TSP/data/classic/tsplib/gr96.tsp,hybrid-reverse,149,polyak,29,54327.545797551975,54567.700000000012,55209
/Users/a/Ayanami/code/TSP/data/classic/tsplib/gr96.tsp,hybrid-reverse,150,polyak,30,54134.501426124501,54567.700000000012,55209
/Users/a/Ayanami/code/TSP/data/classic/tsplib/gr96.tsp,hybrid-reverse,151,polyak,31,54331.130520970051,54567.700000000012,55209
/Users/a/Ayanami/code/TSP/data/classic/tsplib/gr96.tsp,hybrid-reverse,152,polyak,32,54260.22952554973,54567.700000000012,55209
/Users/a/Ayanami/code/TSP/data/classic/tsplib/gr96.tsp,hybrid-reverse,153,polyak,33,54343.065670124204,54567.700000000012,55209
/Users/a/Ayanami/code/TSP/data/classic/tsplib/gr96.tsp,hybrid-reverse,154,polyak,34,54322.919402408857,54567.700000000012,55209
/Users/a/Ayanami/code/TSP/data/classic/tsplib/gr96.tsp,hybrid-reverse,155,polyak,35,54250.936180415723,54567.700000000012,55209
/Users/a/Ayanami/code/TSP/data/classic/tsplib/gr96.tsp,hybrid-reverse,156,polyak,36,54275.364838929199,54567.700000000012,55209
/Users/a/Ayanami/code/TSP/data/classic/tsplib/gr96.tsp,hybrid-reverse,157,polyak,37,54280.843021566528,54567.700000000012,55209
/Users/a/Ayanami/code/TSP/data/classic/tsplib/gr96.tsp,hybrid-reverse,158,polyak,38,54326.920044268663,54567.700000000012,55209
/Users/a/Ayanami/code/TSP/data/classic/tsplib/gr96.tsp,hybrid-reverse,159,polyak,39,54431.886548790571,54567.700000000012,55209
/Users/a/Ayanami/code/TSP/data/classic/tsplib/gr96.tsp,hybrid-reverse,160,polyak,40,54398.245983459965,54567.700000000012,55209
/Users/a/Ayanami/code/TSP/data/classic/tsplib/gr96.tsp,hybrid-reverse,161,polyak,41,54464.789421059504,54567.700000000012,55209
/Users/a/Ayanami/code/TSP/data/classic/tsplib/gr96.tsp,hybrid-reverse,162,polyak,42,54478.613580028345,54567.700000000012,55209
/Users/a/Ayanami/code/TSP/data/classic/tsplib/gr96.tsp,hybrid-reverse,163,polyak,43,54465.060835851567,54567.700000000012,55209
/Users/a/Ayanami/code/TSP/data/classic/tsplib/gr96.tsp,hybrid-reverse,164,polyak,44,54459.801836438317,54567.700000000012,55209
/Users/a/Ayanami/code/TSP/data/classic/tsplib/gr96.tsp,hybrid-reverse,165,polyak,45,54430.066708008439,54567.700000000012,55209
/Users/a/Ayanami/code/TSP/data/classic/tsplib/gr96.tsp,hybrid-reverse,166,polyak,46,54459.908327130644,54567.700000000012,55209
/Users/a/Ayanami/code/TSP/data/classic/tsplib/gr96.tsp,hybrid-reverse,167,polyak,47,54447.562512131066,54567.700000000012,55209
/Users/a/Ayanami/code/TSP/data/classic/tsplib/gr96.tsp,hybrid-reverse,168,polyak,48,54492.26715379423,54567.700000000012,55209
/Users/a/Ayanami/code/TSP/data/classic/tsplib/gr96.tsp,hybrid-reverse,169,polyak,49,54469.600656052105,54567.700000000012,55209
/Users/a/Ayanami/code/TSP/data/classic/tsplib/gr96.tsp,hybrid-reverse,170,polyak,50,54431.960760552611,54567.700000000012,55209
/Users/a/Ayanami/code/TSP/data/classic/tsplib/gr96.tsp,hybrid-reverse,171,polyak,51,54515.903131854386,54567.700000000012,55209
/Users/a/Ayanami/code/TSP/data/classic/tsplib/gr96.tsp,hybrid-reverse,172,polyak,52,54510.96826101312,54567.700000000012,55209
/Users/a/Ayanami/code/TSP/data/classic/tsplib/gr96.tsp,hybrid-reverse,173,polyak,53,54517.477820080669,54567.700000000012,55209
/Users/a/Ayanami/code/TSP/data/classic/tsplib/gr96.tsp,hybrid-reverse,174,polyak,54,54533.249315230525,54567.700000000012,55209
/Users/a/Ayanami/code/TSP/data/classic/tsplib/gr96.tsp,hybrid-reverse,175,polyak,55,54505.41083837911,54567.700000000012,55209
/Users/a/Ayanami/code/TSP/data/classic/tsplib/gr96.tsp,hybrid-reverse,176,polyak,56,54522.238386243625,54567.700000000012,55209
/Users/a/Ayanami/code/TSP/data/classic/tsplib/gr96.tsp,hybrid-reverse,177,polyak,57,54511.308353165725,54567.700000000012,55209
/Users/a/Ayanami/code/TSP/data/classic/tsplib/gr96.tsp,hybrid-reverse,178,polyak,58,54514.234932292558,54567.700000000012,55209
/Users/a/Ayanami/code/TSP/data/classic/tsplib/gr96.tsp,hybrid-reverse,179,polyak,59,54523.890151260726,54567.700000000012,55209
/Users/a/Ayanami/code/TSP/data/classic/tsplib/gr96.tsp,hybrid-reverse,180,polyak,60,54510.481127698098,54567.700000000012,55209
/Users/a/Ayanami/code/TSP/data/classic/tsplib/gr96.tsp,hybrid-reverse,181,polyak,61,54529.401006641558,54567.700000000012,55209
/Users/a/Ayanami/code/TSP/data/classic/tsplib/gr96.tsp,hybrid-reverse,182,polyak,62,54515.312039715995,54567.700000000012,55209
/Users/a/Ayanami/code/TSP/data/classic/tsplib/gr96.tsp,hybrid-reverse,183,polyak,63,54553.371756781715,54567.700000000012,55209
/Users/a/Ayanami/code/TSP/data/classic/tsplib/gr96.tsp,hybrid-reverse,184,polyak,64,54547.082033339546,54567.700000000012,55209
/Users/a/Ayanami/code/TSP/data/classic/tsplib/gr96.tsp,hybrid-reverse,185,polyak,65,54518.520311966953,54567.700000000012,55209
/Users/a/Ayanami/code/TSP/data/classic/tsplib/gr96.tsp,hybrid-reverse,186,polyak,66,54552.898009653582,54567.700000000012,55209
/Users/a/Ayanami/code/TSP/data/classic/tsplib/gr96.tsp,hybrid-reverse,187,polyak,67,54512.127769891267,54567.700000000012,55209
/Users/a/Ayanami/code/TSP/data/classic/tsplib/gr96.tsp,hybrid-reverse,188,polyak,68,54538.867583673091,54567.700000000012,55209
/Users/a/Ayanami/code/TSP/data/classic/tsplib/gr96.tsp,hybrid-reverse,189,polyak,69,54553.665119758793,54567.700000000012,55209
/Users/a/Ayanami/code/TSP/data/classic/tsplib/gr96.tsp,hybrid-reverse,190,polyak,70,54520.251450226111,54567.700000000012,55209
/Users/a/Ayanami/code/TSP/data/classic/tsplib/gr96.tsp,hybrid-reverse,191,polyak,71,54551.576765412981,54567.700000000012,55209
/Users/a/Ayanami/code/TSP/data/classic/tsplib/gr96.tsp,hybrid-reverse,192,polyak,72,54522.209282425283,54567.700000000012,55209
/Users/a/Ayanami/code/TSP/data/classic/tsplib/gr96.tsp,hybrid-reverse,193,polyak,73,54549.741297726265,54567.700000000012,55209
/Users/a/Ayanami/code/TSP/data/classic/tsplib/gr96.tsp,hybrid-reverse,194,polyak,74,54523.930033381606,54567.700000000012,55209
/Users/a/Ayanami/code/TSP/data/classic/tsplib/gr96.tsp,hybrid-reverse,195,polyak,75,54554.460126310201,54567.700000000012,55209
/Users/a/Ayanami/code/TSP/data/classic/tsplib/gr96.tsp,hybrid-reverse,196,polyak,76,54549.08215910873,54567.700000000012,55209
/Users/a/Ayanami/code/TSP/data/classic/tsplib/gr96.tsp,hybrid-reverse,197,polyak,77,54555.38439604501,54567.700000000012,55209
/Users/a/Ayanami/code/TSP/data/classic/tsplib/gr96.tsp,hybrid-reverse,198,polyak,78,54560.626553697366,54567.700000000012,55209
/Users/a/Ayanami/code/TSP/data/classic/tsplib/gr96.tsp,hybrid-reverse,199,polyak,79,54554.0732326219,54567.700000000012,55209
/Users/a/Ayanami/code/TSP/data/classic/tsplib/gr96.tsp,hybrid-reverse,200,polyak,80,54558.206444978758,54567.700000000012,55209
/Users/a/Ayanami/code/TSP/data/classic/tsplib/gr96.tsp,hybrid-reverse,201,polyak,81,54546.023238550777,54567.700000000012,55209
/Users/a/Ayanami/code/TSP/data/classic/tsplib/gr96.tsp,hybrid-reverse,202,polyak,82,54560.196237653909,54567.700000000012,55209
/Users/a/Ayanami/code/TSP/data/classic/tsplib/gr96.tsp,hybrid-reverse,203,polyak,83,54546.466144772749,54567.700000000012,55209
/Users/a/Ayanami/code/TSP/data/classic/tsplib/gr96.tsp,hybrid-reverse,204,polyak,84,54559.76717225137,54567.700000000012,55209
/Users/a/Ayanami/code/TSP/data/classic/tsplib/gr96.tsp,hybrid-reverse,205,polyak,85,54546.881801881456,54567.700000000012,55209
/Users/a/Ayanami/code/TSP/data/classic/tsplib/gr96.tsp,hybrid-reverse,206,polyak,86,54559.364504427314,54567.700000000012,55209
/Users/a/Ayanami/code/TSP/data/classic/tsplib/gr96.tsp,hybrid-reverse,207,polyak,87,54560.552119545449,54567.700000000012,55209
/Users/a/Ayanami/code/TSP/data/classic/tsplib/gr96.tsp,hybrid-reverse,208,polyak,88,54562.284632322415,54567.700000000012,55209
/Users/a/Ayanami/code/TSP/data/classic/tsplib/gr96.tsp,hybrid-reverse,209,polyak,89,54560.579190057579,54567.700000000012,55209
/Users/a/Ayanami/code/TSP/data/classic/tsplib/gr96.tsp,hybrid-reverse,210,polyak,90,54562.257984787037,54567.700000000012,55209
/Users/a/Ayanami/code/TSP/data/classic/tsplib/gr96.tsp,hybrid-reverse,211,polyak,91,54560.60542122522,54567.700000000012,55209
/Users/a/Ayanami/code/TSP/data/classic/tsplib/gr96.tsp,hybrid-reverse,212,polyak,92,54562.232163481385,54567.700000000012,55209
/Users/a/Ayanami/code/TSP/data/classic/tsplib/gr96.tsp,hybrid-reverse,213,polyak,93,54560.63083907299,54567.700000000012,55209
/Users/a/Ayanami/code/TSP/data/classic/tsplib/gr96.tsp,hybrid-reverse,214,polyak,94,54562.207142787505,54567.700000000012,55209
/Users/a/Ayanami/code/TSP/data/classic/tsplib/gr96.tsp,hybrid-reverse,215,polyak,95,54560.655468818521,54567.700000000012,55209
/Users/a/Ayanami/code/TSP/data/classic/tsplib/gr96.tsp,hybrid-reverse,216,polyak,96,54562.182897881736,54567.700000000012,55209
/Users/a/Ayanami/code/TSP/data/classic/tsplib/gr96.tsp,hybrid-reverse,217,polyak,97,54560.679334897628,54567.700000000012,55209
/Users/a/Ayanami/code/TSP/data/classic/tsplib/gr96.tsp,hybrid-reverse,218,polyak,98,54562.15940471011,54567.700000000012,55209
/Users/a/Ayanami/code/TSP/data/classic/tsplib/gr96.tsp,hybrid-reverse,219,polyak,99,54566.646720478391,54567.700000000012,55209
/Users/a/Ayanami/code/TSP/data/classic/tsplib/gr96.tsp,hybrid-reverse,220,polyak,100,54564.296853571061,54567.700000000012,55209
/Users/a/Ayanami/code/TSP/data/classic/tsplib/gr96.tsp,hybrid-reverse,221,polyak,101,54566.19310852747,54567.700000000012,55209
/Users/a/Ayanami/code/TSP/data/classic/tsplib/gr96.tsp,hybrid-reverse,222,polyak,102,54564.769337632868,54567.700000000012,55209
/Users/a/Ayanami/code/TSP/data/classic/tsplib/gr96.tsp,hybrid-reverse,223,polyak,103,54566.181985317358,54567.700000000012,55209
/Users/a/Ayanami/code/TSP/data/classic/tsplib/gr96.tsp,hybrid-reverse,224,polyak,104,54564.780373942915,54567.700000000012,55209
/Users/a/Ayanami/code/TSP/data/classic/tsplib/gr96.tsp,hybrid-reverse,225,polyak,105,54566.171035228494,54567.700000000012,55209
/Users/a/Ayanami/code/TSP/data/classic/tsplib/gr96.tsp,hybrid-reverse,226,polyak,106,54564.791238484206,54567.700000000012,55209
/Users/a/Ayanami/code/TSP/data/classic/tsplib/gr96.tsp,hybrid-reverse,227,polyak,107,54566.160255566414,54567.700000000012,55209
/Users/a/Ayanami/code/TSP/data/classic/tsplib/gr96.tsp,hybrid-reverse,228,polyak,108,54564.801933930154,54567.700000000012,55209
/Users/a/Ayanami/code/TSP/data/classic/tsplib/gr96.tsp,hybrid-reverse,229,polyak,109,54566.149643678633,54567.700000000012,55209
/Users/a/Ayanami/code/TSP/data/classic/tsplib/gr96.tsp,hybrid-reverse,230,polyak,110,54564.812462912567,54567.700000000012,55209
/Users/a/Ayanami/code/TSP/data/classic/tsplib/gr96.tsp,hybrid-reverse,231,polyak,111,54567.919606054667,54567.919606054667,55209
/Users/a/Ayanami/code/TSP/data/classic/tsplib/gr96.tsp,hybrid-reverse,232,polyak,112,54566.202611228669,54567.919606054667,55209
/Users/a/Ayanami/code/TSP/data/classic/tsplib/gr96.tsp,hybrid-reverse,233,polyak,113,54568.393777710698,54568.393777710698,55209
/Users/a/Ayanami/code/TSP/data/classic/tsplib/gr96.tsp,hybrid-reverse,234,polyak,114,54566.596041733435,54568.393777710698,55209
/Users/a/Ayanami/code/TSP/data/classic/tsplib/gr96.tsp,hybrid-reverse,235,polyak,115,54568.386755304535,54568.393777710698,55209
/Users/a/Ayanami/code/TSP/data/classic/tsplib/gr96.tsp,hybrid-reverse,236,polyak,116,54566.603036708329,54568.393777710698,55209
/Users/a/Ayanami/code/TSP/data/classic/tsplib/gr96.tsp,hybrid-reverse,237,polyak,117,54568.379787653765,54568.393777710698,55209
/Users/a/Ayanami/code/TSP/data/classic/tsplib/gr96.tsp,hybrid-reverse,238,polyak,118,54566.609977141707,54568.393777710698,55209
/Users/a/Ayanami/code/TSP/data/classic/tsplib/gr96.tsp,hybrid-reverse,239,polyak,119,54568.37287433145,54568.393777710698,55209
/Users/a/Ayanami/code/TSP/data/classic/tsplib/gr96.tsp,hybrid-reverse,240,polyak,120,54566.616863458861,54568.393777710698,55209
/Users/a/Ayanami/code/TSP/data/classic/tsplib/gr96.tsp,hybrid-reverse,241,polyak,121,54568.366014913983,54568.393777710698,55209
/Users/a/Ayanami/code/TSP/data/classic/tsplib/gr96.tsp,hybrid-reverse,242,polyak,122,54566.623696081733,54568.393777710698,55209
/Users/a/Ayanami/code/TSP/data/classic/tsplib/gr96.tsp,hybrid-reverse,243,polyak,123,54568.359208981041,54568.393777710698,55209
/Users/a/Ayanami/code/TSP/data/classic/tsplib/gr96.tsp,hybrid-reverse,244,polyak,124,54566.630475428989,54568.393777710698,55209
/Users/a/Ayanami/code/TSP/data/classic/tsplib/gr96.tsp,hybrid-reverse,245,polyak,125,54568.352456115601,54568.393777710698,55209
/Users/a/Ayanami/code/TSP/data/classic/tsplib/gr96.tsp,hybrid-reverse,246,polyak,126,54566.637201916055,54568.393777710698,55209
/Users/a/Ayanami/code/TSP/data/classic/tsplib/gr96.tsp,hybrid-reverse,247,polyak,127,54568.295394400157,54568.393777710698,55209
/Users/a/Ayanami/code/TSP/data/classic/tsplib/gr96.tsp,hybrid-reverse,248,polyak,128,54568.348994561078,54568.393777710698,55209
/Users/a/Ayanami/code/TSP/data/classic/tsplib/gr96.tsp,hybrid-reverse,249,polyak,129,54568.630477558858,54568.630477558858,55209
/Users/a/Ayanami/code/TSP/data/classic/tsplib/gr96.tsp,hybrid-reverse,250,polyak,130,54568.364894467581,54568.630477558858,55209
/Users/a/Ayanami/code/TSP/data/classic/tsplib/gr96.tsp,hybrid-reverse,251,polyak,131,54568.629958841884,54568.630477558858,55209
/Users/a/Ayanami/code/TSP/data/classic/tsplib/gr96.tsp,hybrid-reverse,252,polyak,132,54568.365412171443,54568.630477558858,55209
/Users/a/Ayanami/code/TSP/data/classic/tsplib/gr96.tsp,hybrid-reverse,253,polyak,133,54568.629442149162,54568.630477558858,55209
/Users/a/Ayanami/code/TSP/data/classic/tsplib/gr96.tsp,hybrid-reverse,254,polyak,134,54568.365927854989,54568.630477558858,55209
/Users/a/Ayanami/code/TSP/data/classic/tsplib/gr96.tsp,hybrid-reverse,255,polyak,135,54568.628927472811,54568.630477558858,55209
/Users/a/Ayanami/code/TSP/data/classic/tsplib/gr96.tsp,hybrid-reverse,256,polyak,136,54568.366441526123,54568.630477558858,55209
/Users/a/Ayanami/code/TSP/data/classic/tsplib/gr96.tsp,hybrid-reverse,257,polyak,137,54568.628414804945,54568.630477558858,55209
/Users/a/Ayanami/code/TSP/data/classic/tsplib/gr96.tsp,hybrid-reverse,258,polyak,138,54568.366953192679,54568.630477558858,55209
/Users/a/Ayanami/code/TSP/data/classic/tsplib/gr96.tsp,hybrid-reverse,259,polyak,139,54568.627904137735,54568.630477558858,55209
/Users/a/Ayanami/code/TSP/data/classic/tsplib/gr96.tsp,hybrid-reverse,260,polyak,140,54568.367462862487,54568.630477558858,55209
/Users/a/Ayanami/code/TSP/data/classic/tsplib/gr96.tsp,hybrid-reverse,261,polyak,141,54568.627395463373,54568.630477558858,55209
/Users/a/Ayanami/code/TSP/data/classic/tsplib/gr96.tsp,hybrid-reverse,262,polyak,142,54568.367970543346,54568.630477558858,55209
/Users/a/Ayanami/code/TSP/data/classic/tsplib/gr96.tsp,hybrid-reverse,263,polyak,143,54568.950986544951,54568.950986544951,55209
/Users/a/Ayanami/code/TSP/data/classic/tsplib/gr96.tsp,hybrid-reverse,264,polyak,144,54569.032082588907,54569.032082588907,55209
/Users/a/Ayanami/code/TSP/data/classic/tsplib/gr96.tsp,hybrid-reverse,265,polyak,145,54568.965995616702,54569.032082588907,55209
/Users/a/Ayanami/code/TSP/data/classic/tsplib/gr96.tsp,hybrid-reverse,266,polyak,146,54569.032018050842,54569.032082588907,55209
/Users/a/Ayanami/code/TSP/data/classic/tsplib/gr96.tsp,hybrid-reverse,267,polyak,147,54568.966060091734,54569.032082588907,55209
/Users/a/Ayanami/code/TSP/data/classic/tsplib/gr96.tsp,hybrid-reverse,268,polyak,148,54569.031953638769,54569.032082588907,55209
/Users/a/Ayanami/code/TSP/data/classic/tsplib/gr96.tsp,hybrid-reverse,269,polyak,149,54568.966124440907,54569.032082588907,55209
/Users/a/Ayanami/code/TSP/data/classic/tsplib/gr96.tsp,hybrid-reverse,270,polyak,150,54569.031889352453,54569.032082588907,55209
/Users/a/Ayanami/code/TSP/data/classic/tsplib/gr96.tsp,hybrid-reverse,271,polyak,151,54568.966188664446,54569.032082588907,55209
/Users/a/Ayanami/code/TSP/data/classic/tsplib/gr96.tsp,hybrid-reverse,272,polyak,152,54569.031825191618,54569.032082588907,55209
/Users/a/Ayanami/code/TSP/data/classic/tsplib/gr96.tsp,hybrid-reverse,273,polyak,153,54568.966252762613,54569.032082588907,55209
/Users/a/Ayanami/code/TSP/data/classic/tsplib/gr96.tsp,hybrid-reverse,274,polyak,154,54569.031761156046,54569.032082588907,55209
/Users/a/Ayanami/code/TSP/data/classic/tsplib/gr96.tsp,hybrid-reverse,275,polyak,155,54568.966316735656,54569.032082588907,55209
/Users/a/Ayanami/code/TSP/data/classic/tsplib/gr96.tsp,hybrid-reverse,276,polyak,156,54569.031697245475,54569.032082588907,55209
/Users/a/Ayanami/code/TSP/data/classic/tsplib/gr96.tsp,hybrid-reverse,277,polyak,157,54568.966380583814,54569.032082588907,55209
/Users/a/Ayanami/code/TSP/data/classic/tsplib/gr96.tsp,hybrid-reverse,278,polyak,158,54569.225630472152,54569.225630472152,55209
/Users/a/Ayanami/code/TSP/data/classic/tsplib/gr96.tsp,hybrid-reverse,279,polyak,159,54569.176897240068,54569.225630472152,55209
/Users/a/Ayanami/code/TSP/data/classic/tsplib/gr96.tsp,hybrid-reverse,280,polyak,160,54569.295511097545,54569.295511097545,55209
/Users/a/Ayanami/code/TSP/data/classic/tsplib/gr96.tsp,hybrid-reverse,281,polyak,161,54569.203656632424,54569.295511097545,55209
/Users/a/Ayanami/code/TSP/data/classic/tsplib/gr96.tsp,hybrid-reverse,282,polyak,162,54569.295466246738,54569.295511097545,55209
/Users/a/Ayanami/code/TSP/data/classic/tsplib/gr96.tsp,hybrid-reverse,283,polyak,163,54569.203701461331,54569.295511097545,55209
/Users/a/Ayanami/code/TSP/data/classic/tsplib/gr96.tsp,hybrid-reverse,284,polyak,164,54569.295421439718,54569.295511097545,55209
/Users/a/Ayanami/code/TSP/data/classic/tsplib/gr96.tsp,hybrid-reverse,285,polyak,165,54569.203746246487,54569.295511097545,55209
/Users/a/Ayanami/code/TSP/data/classic/tsplib/gr96.tsp,hybrid-reverse,286,polyak,166,54569.295376676433,54569.295511097545,55209
/Users/a/Ayanami/code/TSP/data/classic/tsplib/gr96.tsp,hybrid-reverse,287,polyak,167,54569.203790987907,54569.295511097545,55209
/Users/a/Ayanami/code/TSP/data/classic/tsplib/gr96.tsp,hybrid-reverse,288,polyak,168,54569.295331956862,54569.295511097545,55209
/Users/a/Ayanami/code/TSP/data/classic/tsplib/gr96.tsp,hybrid-reverse,289,polyak,169,54569.203835685636,54569.295511097545,55209
/Users/a/Ayanami/code/TSP/data/classic/tsplib/gr96.tsp,hybrid-reverse,290,polyak,170,54569.295287280947,54569.295511097545,55209
/Users/a/Ayanami/code/TSP/data/classic/tsplib/gr96.tsp,hybrid-reverse,291,polyak,171,54569.203880339745,54569.295511097545,55209
/Users/a/Ayanami/code/TSP/data/classic/tsplib/gr96.tsp,hybrid-reverse,292,polyak,172,54569.295242648659,54569.295511097545,55209
/Users/a/Ayanami/code/TSP/data/classic/tsplib/gr96.tsp,hybrid-reverse,293,polyak,173,54569.203924950241,54569.295511097545,55209
/Users/a/Ayanami/code/TSP/data/classic/tsplib/gr96.tsp,hybrid-reverse,294,polyak,174,54569.398682499836,54569.398682499836,55209
/Users/a/Ayanami/code/TSP/data/classic/tsplib/gr96.tsp,hybrid-reverse,295,polyak,175,54569.350926553467,54569.398682499836,55209
/Users/a/Ayanami/code/TSP/data/classic/tsplib/gr96.tsp,hybrid-reverse,296,polyak,176,54569.398670840674,54569.398682499836,55209
/Users/a/Ayanami/code/TSP/data/classic/tsplib/gr96.tsp,hybrid-reverse,297,polyak,177,54569.350938209784,54569.398682499836,55209
/Users/a/Ayanami/code/TSP/data/classic/tsplib/gr96.tsp,hybrid-reverse,298,polyak,178,54569.398659187187,54569.398682499836,55209
/Users/a/Ayanami/code/TSP/data/classic/tsplib/gr96.tsp,hybrid-reverse,299,polyak,179,54569.350949860403,54569.398682499836,55209
/Users/a/Ayanami/code/TSP/data/classic/tsplib/gr96.tsp,hybrid-reverse,300,polyak,180,54569.398647539405,54569.398682499836,55209
/Users/a/Ayanami/code/TSP/data/classic/tsplib/gr96.tsp,hybrid-reverse,301,polyak,181,54569.350961505348,54569.398682499836,55209
/Users/a/Ayanami/code/TSP/data/classic/tsplib/gr96.tsp,hybrid-reverse,302,polyak,182,54569.398635897312,54569.398682499836,55209
/Users/a/Ayanami/code/TSP/data/classic/tsplib/gr96.tsp,hybrid-reverse,303,polyak,183,54569.350973144596,54569.398682499836,55209
/Users/a/Ayanami/code/TSP/data/classic/tsplib/gr96.tsp,hybrid-reverse,304,polyak,184,54569.398624260895,54569.398682499836,55209
/Users/a/Ayanami/code/TSP/data/classic/tsplib/gr96.tsp,hybrid-reverse,305,polyak,185,54569.350984778182,54569.398682499836,55209
/Users/a/Ayanami/code/TSP/data/classic/tsplib/gr96.tsp,hybrid-reverse,306,polyak,186,54569.398612630168,54569.398682499836,55209
/Users/a/Ayanami/code/TSP/data/classic/tsplib/gr96.tsp,hybrid-reverse,307,polyak,187,54569.350996406065,54569.398682499836,55209
/Users/a/Ayanami/code/TSP/data/classic/tsplib/gr96.tsp,hybrid-reverse,308,polyak,188,54569.445612717725,54569.445612717725,55209
/Users/a/Ayanami/code/TSP/data/classic/tsplib/gr96.tsp,hybrid-reverse,309,polyak,189,54569.425974614394,54569.445612717725,55209
/Users/a/Ayanami/code/TSP/data/classic/tsplib/gr96.tsp,hybrid-reverse,310,polyak,190,54569.438688145208,54569.445612717725,55209
/Users/a/Ayanami/code/TSP/data/classic/tsplib/gr96.tsp,hybrid-reverse,311,polyak,191,54569.436121264909,54569.445612717725,55209
/Users/a/Ayanami/code/TSP/data/classic/tsplib/gr96.tsp,hybrid-reverse,312,polyak,192,54569.438687831876,54569.445612717725,55209
/Users/a/Ayanami/code/TSP/data/classic/tsplib/gr96.tsp,hybrid-reverse,313,polyak,193,54569.436121578226,54569.445612717725,55209
/Users/a/Ayanami/code/TSP/data/classic/tsplib/gr96.tsp,hybrid-reverse,314,polyak,194,54569.43868751861,54569.445612717725,55209
/Users/a/Ayanami/code/TSP/data/classic/tsplib/gr96.tsp,hybrid-reverse,315,polyak,195,54569.436121891449,54569.445612717725,55209
/Users/a/Ayanami/code/TSP/data/classic/tsplib/gr96.tsp,hybrid-reverse,316,polyak,196,54569.438687205424,54569.445612717725,55209
/Users/a/Ayanami/code/TSP/data/classic/tsplib/gr96.tsp,hybrid-reverse,317,polyak,197,54569.436122204599,54569.445612717725,55209
/Users/a/Ayanami/code/TSP/data/classic/tsplib/gr96.tsp,hybrid-reverse,318,polyak,198,54569.438686892317,54569.445612717725,55209
/Users/a/Ayanami/code/TSP/data/classic/tsplib/gr96.tsp,hybrid-reverse,319,polyak,199,54569.436122517662,54569.445612717725,55209
/Users/a/Ayanami/code/TSP/data/classic/tsplib/gr96.tsp,hybrid-reverse,320,polyak,200,54569.438686579277,54569.445612717725,55209
/Users/a/Ayanami/code/TSP/data/classic/tsplib/gr96.tsp,hybrid-reverse,321,polyak,201,54569.436122830666,54569.445612717725,55209
/Users/a/Ayanami/code/TSP/data/classic/tsplib/gr96.tsp,hybrid-reverse,322,polyak,202,54569.452451109682,54569.452451109682,55209
/Users/a/Ayanami/code/TSP/data/classic/tsplib/gr96.tsp,hybrid-reverse,323,polyak,203,54569.468565697047,54569.468565697047,55209
/Users/a/Ayanami/code/TSP/data/classic/tsplib/gr96.tsp,hybrid-reverse,324,polyak,204,54569.466846178882,54569.468565697047,55209
/Users/a/Ayanami/code/TSP/data/classic/tsplib/gr96.tsp,hybrid-reverse,325,polyak,205,54569.470560244787,54569.470560244787,55209
/Users/a/Ayanami/code/TSP/data/classic/tsplib/gr96.tsp,hybrid-reverse,326,polyak,206,54569.466846405572,54569.470560244787,55209
/Users/a/Ayanami/code/TSP/data/classic/tsplib/gr96.tsp,hybrid-reverse,327,polyak,207,54569.470560018126,54569.470560244787,55209
/Users/a/Ayanami/code/TSP/data/classic/tsplib/gr96.tsp,hybrid-reverse,328,polyak,208,54569.466846632233,54569.470560244787,55209
/Users/a/Ayanami/code/TSP/data/classic/tsplib/gr96.tsp,hybrid-reverse,329,polyak,209,54569.470559791465,54569.470560244787,55209
/Users/a/Ayanami/code/TSP/data/classic/tsplib/gr96.tsp,hybrid-reverse,330,polyak,210,54569.466846858864,54569.470560244787,55209
/Users/a/Ayanami/code/TSP/data/classic/tsplib/gr96.tsp,hybrid-reverse,331,polyak,211,54569.470559564848,54569.470560244787,55209
/Users/a/Ayanami/code/TSP/data/classic/tsplib/gr96.tsp,hybrid-reverse,332,polyak,212,54569.466847085467,54569.470560244787,55209
/Users/a/Ayanami/code/TSP/data/classic/tsplib/gr96.tsp,hybrid-reverse,333,polyak,213,54569.470559338275,54569.470560244787,55209
/Users/a/Ayanami/code/TSP/data/classic/tsplib/gr96.tsp,hybrid-reverse,334,polyak,214,54569.46684731204,54569.470560244787,55209
/Users/a/Ayanami/code/TSP/data/classic/tsplib/gr96.tsp,hybrid-reverse,335,polyak,215,54569.470559111702,54569.470560244787,55209
/Users/a/Ayanami/code/TSP/data/classic/tsplib/gr96.tsp,hybrid-reverse,336,polyak,216,54569.466847538599,54569.470560244787,55209
/Users/a/Ayanami/code/TSP/data/classic/tsplib/gr96.tsp,hybrid-reverse,337,polyak,217,54569.470558885172,54569.470560244787,55209
/Users/a/Ayanami/code/TSP/data/classic/tsplib/gr96.tsp,hybrid-reverse,338,polyak,218,54569.466847765121,54569.470560244787,55209
/Users/a/Ayanami/code/TSP/data/classic/tsplib/gr96.tsp,hybrid-reverse,339,polyak,219,54569.489681211446,54569.489681211446,55209
/Users/a/Ayanami/code/TSP/data/classic/tsplib/gr96.tsp,hybrid-reverse,340,polyak,220,54569.470584558505,54569.489681211446,55209
/Users/a/Ayanami/code/TSP/data/classic/tsplib/gr96.tsp,hybrid-reverse,341,polyak,221,54569.491251816115,54569.491251816115,55209
/Users/a/Ayanami/code/TSP/data/classic/tsplib/gr96.tsp,hybrid-reverse,342,polyak,222,54569.477452140505,54569.491251816115,55209
/Users/a/Ayanami/code/TSP/data/classic/tsplib/gr96.tsp,hybrid-reverse,343,polyak,223,54569.491251394975,54569.491251816115,55209
/Users/a/Ayanami/code/TSP/data/classic/tsplib/gr96.tsp,hybrid-reverse,344,polyak,224,54569.477452561638,54569.491251816115,55209
/Users/a/Ayanami/code/TSP/data/classic/tsplib/gr96.tsp,hybrid-reverse,345,polyak,225,54569.491250973872,54569.491251816115,55209
/Users/a/Ayanami/code/TSP/data/classic/tsplib/gr96.tsp,hybrid-reverse,346,polyak,226,54569.477452982726,54569.491251816115,55209
/Users/a/Ayanami/code/TSP/data/classic/tsplib/gr96.tsp,hybrid-reverse,347,polyak,227,54569.49125055279,54569.491251816115,55209
/Users/a/Ayanami/code/TSP/data/classic/tsplib/gr96.tsp,hybrid-reverse,348,polyak,228,54569.477453403801,54569.491251816115,55209
/Users/a/Ayanami/code/TSP/data/classic/tsplib/gr96.tsp,hybrid-reverse,349,polyak,229,54569.491250131723,54569.491251816115,55209
/Users/a/Ayanami/code/TSP/data/classic/tsplib/gr96.tsp,hybrid-reverse,350,polyak,230,54569.477453824831,54569.491251816115,55209
/Users/a/Ayanami/code/TSP/data/classic/tsplib/gr96.tsp,hybrid-reverse,351,polyak,231,54569.4912497107,54569.491251816115,55209
/Users/a/Ayanami/code/TSP/data/classic/tsplib/gr96.tsp,hybrid-reverse,352,polyak,232,54569.477454245847,54569.491251816115,55209
/Users/a/Ayanami/code/TSP/data/classic/tsplib/gr96.tsp,hybrid-reverse,353,polyak,233,54569.491249289691,54569.491251816115,55209
/Users/a/Ayanami/code/TSP/data/classic/tsplib/gr96.tsp,hybrid-reverse,354,polyak,234,54569.477454666849,54569.491251816115,55209
/Users/a/Ayanami/code/TSP/data/classic/tsplib/gr96.tsp,hybrid-reverse,355,polyak,235,54569.49118034877,54569.491251816115,55209
/Users/a/Ayanami/code/TSP/data/classic/tsplib/gr96.tsp,hybrid-reverse,356,polyak,236,54569.491249078164,54569.491251816115,55209
/Users/a/Ayanami/code/TSP/data/classic/tsplib/gr96.tsp,hybrid-reverse,357,polyak,237,54569.49083071838,54569.491251816115,55209
/Users/a/Ayanami/code/TSP/data/classic/tsplib/gr96.tsp,hybrid-reverse,358,polyak,238,54569.493521253469,54569.493521253469,55209
/Users/a/Ayanami/code/TSP/data/classic/tsplib/gr96.tsp,hybrid-reverse,359,polyak,239,54569.490830759452,54569.493521253469,55209
/Users/a/Ayanami/code/TSP/data/classic/tsplib/gr96.tsp,hybrid-reverse,360,polyak,240,54569.493521212426,54569.493521253469,55209
/Users/a/Ayanami/code/TSP/data/classic/tsplib/gr96.tsp,hybrid-reverse,361,polyak,241,54569.490830800489,54569.493521253469,55209
/Users/a/Ayanami/code/TSP/data/classic/tsplib/gr96.tsp,hybrid-reverse,362,polyak,242,54569.493521171375,54569.493521253469,55209
/Users/a/Ayanami/code/TSP/data/classic/tsplib/gr96.tsp,hybrid-reverse,363,polyak,243,54569.49083084154,54569.493521253469,55209
/Users/a/Ayanami/code/TSP/data/classic/tsplib/gr96.tsp,hybrid-reverse,364,polyak,244,54569.493521130316,54569.493521253469,55209
/Users/a/Ayanami/code/TSP/data/classic/tsplib/gr96.tsp,hybrid-reverse,365,polyak,245,54569.490830882605,54569.493521253469,55209
/Users/a/Ayanami/code/TSP/data/classic/tsplib/gr96.tsp,hybrid-reverse,366,polyak,246,54569.493521089265,54569.493521253469,55209
/Users/a/Ayanami/code/TSP/data/classic/tsplib/gr96.tsp,hybrid-reverse,367,polyak,247,54569.490830923642,54569.493521253469,55209
/Users/a/Ayanami/code/TSP/data/classic/tsplib/gr96.tsp,hybrid-reverse,368,polyak,248,54569.493521048222,54569.493521253469,55209
/Users/a/Ayanami/code/TSP/data/classic/tsplib/gr96.tsp,hybrid-reverse,369,polyak,249,54569.490830964693,54569.493521253469,55209
/Users/a/Ayanami/code/TSP/data/classic/tsplib/gr96.tsp,hybrid-reverse,370,polyak,250,54569.493521007164,54569.493521253469,55209
/Users/a/Ayanami/code/TSP/data/classic/tsplib/gr96.tsp,polyak-smoothed,1,polyak-smoothed,1,47998,47998,55209
/Users/a/Ayanami/code/TSP/data/classic/tsplib/gr96.tsp,polyak-smoothed,2,polyak-smoothed,2,38340.400000000016,47998,55209
/Users/a/Ayanami/code/TSP/data/classic/tsplib/gr96.tsp,polyak-smoothed,3,polyak-smoothed,3,46054.854999999981,47998,55209
/Users/a/Ayanami/code/TSP/data/classic/tsplib/gr96.tsp,polyak-smoothed,4,polyak-smoothed,4,47908.152085365829,47998,55209
/Users/a/Ayanami/code/TSP/data/classic/tsplib/gr96.tsp,polyak-smoothed,5,polyak-smoothed,5,47433.915139430857,47998,55209
/Users/a/Ayanami/code/TSP/data/classic/tsplib/gr96.tsp,polyak-smoothed,6,polyak-smoothed,6,48430.733226027995,48430.733226027995,55209
/Users/a/Ayanami/code/TSP/data/classic/tsplib/gr96.tsp,polyak-smoothed,7,polyak-smoothed,7,49120.116883134673,49120.116883134673,55209
/Users/a/Ayanami/code/TSP/data/classic/tsplib/gr96.tsp,polyak-smoothed,8,polyak-smoothed,8,50612.282867132533,50612.282867132533,55209
/Users/a/Ayanami/code/TSP/data/classic/tsplib/gr96.tsp,polyak-smoothed,9,polyak-smoothed,9,51826.703389468879,51826.703389468879,55209
/Users/a/Ayanami/code/TSP/data/classic/tsplib/gr96.tsp,polyak-smoothed,10,polyak-smoothed,10,51497.820028556132,51826.703389468879,55209
/Users/a/Ayanami/code/TSP/data/classic/tsplib/gr96.tsp,polyak-smoothed,11,polyak-smoothed,11,50755.430806010503,51826.703389468879,55209
/Users/a/Ayanami/code/TSP/data/classic/tsplib/gr96.tsp,polyak-smoothed,12,polyak-smoothed,12,52291.803384917563,52291.803384917563,55209
/Users/a/Ayanami/code/TSP/data/classic/tsplib/gr96.tsp,polyak-smoothed,13,polyak-smoothed,13,51539.475889444911,52291.803384917563,55209
/Users/a/Ayanami/code/TSP/data/classic/tsplib/gr96.tsp,polyak-smoothed,14,polyak-smoothed,14,52233.797647627216,52291.803384917563,55209
/Users/a/Ayanami/code/TSP/data/classic/tsplib/gr96.tsp,polyak-smoothed,15,polyak-smoothed,15,51702.266397080086,52291.803384917563,55209
/Users/a/Ayanami/code/TSP/data/classic/tsplib/gr96.tsp,polyak-smoothed,16,polyak-smoothed,16,52447.463915409069,52447.463915409069,55209
/Users/a/Ayanami/code/TSP/data/classic/tsplib/gr96.tsp,polyak-smoothed,17,polyak-smoothed,17,52159.993436655015,52447.463915409069,55209
/Users/a/Ayanami/code/TSP/data/classic/tsplib/gr96.tsp,polyak-smoothed,18,polyak-smoothed,18,52666.725036651347,52666.725036651347,55209
/Users/a/Ayanami/code/TSP/data/classic/tsplib/gr96.tsp,polyak-smoothed,19,polyak-smoothed,19,52857.749959903005,52857.749959903005,55209
/Users/a/Ayanami/code/TSP/data/classic/tsplib/gr96.tsp,polyak-smoothed,20,polyak-smoothed,20,52639.417986286571,52857.749959903005,55209
/Users/a/Ayanami/code/TSP/data/classic/tsplib/gr96.tsp,polyak-smoothed,21,polyak-smoothed,21,53164.967301854798,53164.967301854798,55209
/Users/a/Ayanami/code/TSP/data/classic/tsplib/gr96.tsp,polyak-smoothed,22,polyak-smoothed,22,53294.213347701108,53294.213347701108,55209
/Users/a/Ayanami/code/TSP/data/classic/tsplib/gr96.tsp,polyak-smoothed,23,polyak-smoothed,23,53118.106988422376,53294.213347701108,55209
/Users/a/Ayanami/code/TSP/data/classic/tsplib/gr96.tsp,polyak-smoothed,24,polyak-smoothed,24,53019.986318490475,53294.213347701108,55209
/Users/a/Ayanami/code/TSP/data/classic/tsplib/gr96.tsp,polyak-smoothed,25,polyak-smoothed,25,53382.344247139074,53382.344247139074,55209
/Users/a/Ayanami/code/TSP/data/classic/tsplib/gr96.tsp,polyak-smoothed,26,polyak-smoothed,26,52902.78319632091,53382.344247139074,55209
/Users/a/Ayanami/code/TSP/data/classic/tsplib/gr96.tsp,polyak-smoothed,27,polyak-smoothed,27,52418.21828013382,53382.344247139074,55209
/Users/a/Ayanami/code/TSP/data/classic/tsplib/gr96.tsp,polyak-smoothed,28,polyak-smoothed,28,53154.958627612497,53382.344247139074,55209
/Users/a/Ayanami/code/TSP/data/classic/tsplib/gr96.tsp,polyak-smoothed,29,polyak-smoothed,29,52519.601248914609,53382.344247139074,55209
/Users/a/Ayanami/code/TSP/data/classic/tsplib/gr96.tsp,polyak-smoothed,30,polyak-smoothed,30,53093.750190182509,53382.344247139074,55209
/Users/a/Ayanami/code/TSP/data/classic/tsplib/gr96.tsp,polyak-smoothed,31,polyak-smoothed,31,52699.657976726929,53382.344247139074,55209
/Users/a/Ayanami/code/TSP/data/classic/tsplib/gr96.tsp,polyak-smoothed,32,polyak-smoothed,32,53103.282843996254,53382.344247139074,55209
/Users/a/Ayanami/code/TSP/data/classic/tsplib/gr96.tsp,polyak-smoothed,33,polyak-smoothed,33,52660.28766169888,53382.344247139074,55209
/Users/a/Ayanami/code/TSP/data/classic/tsplib/gr96.tsp,polyak-smoothed,34,polyak-smoothed,34,53003.333701160387,53382.344247139074,55209
/Users/a/Ayanami/code/TSP/data/classic/tsplib/gr96.tsp,polyak-smoothed,35,polyak-smoothed,35,53138.722448977169,53382.344247139074,55209
/Users/a/Ayanami/code/TSP/data/classic/tsplib/gr96.tsp,polyak-smoothed,36,polyak-smoothed,36,52826.583042285332,53382.344247139074,55209
/Users/a/Ayanami/code/TSP/data/classic/tsplib/gr96.tsp,polyak-smoothed,37,polyak-smoothed,37,53037.02729427367,53382.344247139074,55209
/Users/a/Ayanami/code/TSP/data/classic/tsplib/gr96.tsp,polyak-smoothed,38,polyak-smoothed,38,53518.84612977707,53518.84612977707,55209
/Users/a/Ayanami/code/TSP/data/classic/tsplib/gr96.tsp,polyak-smoothed,39,polyak-smoothed,39,53643.071368370649,53643.071368370649,55209
/Users/a/Ayanami/code/TSP/data/classic/tsplib/gr96.tsp,polyak-smoothed,40,polyak-smoothed,40,53903.314892585375,53903.314892585375,55209
/Users/a/Ayanami/code/TSP/data/classic/tsplib/gr96.tsp,polyak-smoothed,41,polyak-smoothed,41,53863.099623454014,53903.314892585375,55209
/Users/a/Ayanami/code/TSP/data/classic/tsplib/gr96.tsp,polyak-smoothed,42,polyak-smoothed,42,53958.263914316165,53958.263914316165,55209
/Users/a/Ayanami/code/TSP/data/classic/tsplib/gr96.tsp,polyak-smoothed,43,polyak-smoothed,43,54033.483910746952,54033.483910746952,55209
/Users/a/Ayanami/code/TSP/data/classic/tsplib/gr96.tsp,polyak-smoothed,44,polyak-smoothed,44,54004.548546951846,54033.483910746952,55209
/Users/a/Ayanami/code/TSP/data/classic/tsplib/gr96.tsp,polyak-smoothed,45,polyak-smoothed,45,54107.18241555056,54107.18241555056,55209
/Users/a/Ayanami/code/TSP/data/classic/tsplib/gr96.tsp,polyak-smoothed,46,polyak-smoothed,46,53768.803446434104,54107.18241555056,55209
/Users/a/Ayanami/code/TSP/data/classic/tsplib/gr96.tsp,polyak-smoothed,47,polyak-smoothed,47,54044.640170585211,54107.18241555056,55209
/Users/a/Ayanami/code/TSP/data/classic/tsplib/gr96.tsp,polyak-smoothed,48,polyak-smoothed,48,53996.276212471203,54107.18241555056,55209
/Users/a/Ayanami/code/TSP/data/classic/tsplib/gr96.tsp,polyak-smoothed,49,polyak-smoothed,49,53787.857807047054,54107.18241555056,55209
/Users/a/Ayanami/code/TSP/data/classic/tsplib/gr96.tsp,polyak-smoothed,50,polyak-smoothed,50,54091.876489907889,54107.18241555056,55209
/Users/a/Ayanami/code/TSP/data/classic/tsplib/gr96.tsp,polyak-smoothed,51,polyak-smoothed,51,53997.827566947519,54107.18241555056,55209
/Users/a/Ayanami/code/TSP/data/classic/tsplib/gr96.tsp,polyak-smoothed,52,polyak-smoothed,52,54007.53999269443,54107.18241555056,55209
/Users/a/Ayanami/code/TSP/data/classic/tsplib/gr96.tsp,polyak-smoothed,53,polyak-smoothed,53,54005.546285996672,54107.18241555056,55209
/Users/a/Ayanami/code/TSP/data/classic/tsplib/gr96.tsp,polyak-smoothed,54,polyak-smoothed,54,54108.872097164254,54108.872097164254,55209
/Users/a/Ayanami/code/TSP/data/classic/tsplib/gr96.tsp,polyak-smoothed,55,polyak-smoothed,55,54038.881550666265,54108.872097164254,55209
/Users/a/Ayanami/code/TSP/data/classic/tsplib/gr96.tsp,polyak-smoothed,56,polyak-smoothed,56,53960.19472991646,54108.872097164254,55209
/Users/a/Ayanami/code/TSP/data/classic/tsplib/gr96.tsp,polyak-smoothed,57,polyak-smoothed,57,54193.97669164915,54193.97669164915,55209
/Users/a/Ayanami/code/TSP/data/classic/tsplib/gr96.tsp,polyak-smoothed,58,polyak-smoothed,58,53941.994466776989,54193.97669164915,55209
/Users/a/Ayanami/code/TSP/data/classic/tsplib/gr96.tsp,polyak-smoothed,59,polyak-smoothed,59,54231.573954698957,54231.573954698957,55209
/Users/a/Ayanami/code/TSP/data/classic/tsplib/gr96.tsp,polyak-smoothed,60,polyak-smoothed,60,54082.276946671489,54231.573954698957,55209
/Users/a/Ayanami/code/TSP/data/classic/tsplib/gr96.tsp,polyak-smoothed,61,polyak-smoothed,61,54040.038349500297,54231.573954698957,55209
/Users/a/Ayanami/code/TSP/data/classic/tsplib/gr96.tsp,polyak-smoothed,62,polyak-smoothed,62,54156.712746221434,54231.573954698957,55209
/Users/a/Ayanami/code/TSP/data/classic/tsplib/gr96.tsp,polyak-smoothed,63,polyak-smoothed,63,54015.770211546289,54231.573954698957,55209
/Users/a/Ayanami/code/TSP/data/classic/tsplib/gr96.tsp,polyak-smoothed,64,polyak-smoothed,64,53829.354929820169,54231.573954698957,55209
/Users/a/Ayanami/code/TSP/data/classic/tsplib/gr96.tsp,polyak-smoothed,65,polyak-smoothed,65,54140.02682558274,54231.573954698957,55209
/Users/a/Ayanami/code/TSP/data/classic/tsplib/gr96.tsp,polyak-smoothed,66,polyak-smoothed,66,54077.457552437772,54231.573954698957,55209
/Users/a/Ayanami/code/TSP/data/classic/tsplib/gr96.tsp,polyak-smoothed,67,polyak-smoothed,67,54032.021284699629,54231.573954698957,55209
/Users/a/Ayanami/code/TSP/data/classic/tsplib/gr96.tsp,polyak-smoothed,68,polyak-smoothed,68,54092.748781124443,54231.573954698957,55209
/Users/a/Ayanami/code/TSP/data/classic/tsplib/gr96.tsp,polyak-smoothed,69,polyak-smoothed,69,54191.84503403258,54231.573954698957,55209
/Users/a/Ayanami/code/TSP/data/classic/tsplib/gr96.tsp,polyak-smoothed,70,polyak-smoothed,70,53966.962729035207,54231.573954698957,55209
/Users/a/Ayanami/code/TSP/data/classic/tsplib/gr96.tsp,polyak-smoothed,71,polyak-smoothed,71,54147.108008642492,54231.573954698957,55209
/Users/a/Ayanami/code/TSP/data/classic/tsplib/gr96.tsp,polyak-smoothed,72,polyak-smoothed,72,54179.938736569522,54231.573954698957,55209
/Users/a/Ayanami/code/TSP/data/classic/tsplib/gr96.tsp,polyak-smoothed,73,polyak-smoothed,73,54279.274493979588,54279.274493979588,55209
/Users/a/Ayanami/code/TSP/data/classic/tsplib/gr96.tsp,polyak-smoothed,74,polyak-smoothed,74,54385.464870381235,54385.464870381235,55209
/Users/a/Ayanami/code/TSP/data/classic/tsplib/gr96.tsp,polyak-smoothed,75,polyak-smoothed,75,54366.50472791541,54385.464870381235,55209
/Users/a/Ayanami/code/TSP/data/classic/tsplib/gr96.tsp,polyak-smoothed,76,polyak-smoothed,76,54442.721692773448,54442.721692773448,55209
/Users/a/Ayanami/code/TSP/data/classic/tsplib/gr96.tsp,polyak-smoothed,77,polyak-smoothed,77,54471.144448311432,54471.144448311432,55209
/Users/a/Ayanami/code/TSP/data/classic/tsplib/gr96.tsp,polyak-smoothed,78,polyak-smoothed,78,54397.67988752915,54471.144448311432,55209
/Users/a/Ayanami/code/TSP/data/classic/tsplib/gr96.tsp,polyak-smoothed,79,polyak-smoothed,79,54362.049075502553,54471.144448311432,55209
/Users/a/Ayanami/code/TSP/data/classic/tsplib/gr96.tsp,polyak-smoothed,80,polyak-smoothed,80,54331.600504549824,54471.144448311432,55209
/Users/a/Ayanami/code/TSP/data/classic/tsplib/gr96.tsp,polyak-smoothed,81,polyak-smoothed,81,54368.012107393748,54471.144448311432,55209
/Users/a/Ayanami/code/TSP/data/classic/tsplib/gr96.tsp,polyak-smoothed,82,polyak-smoothed,82,54408.939783590758,54471.144448311432,55209
/Users/a/Ayanami/code/TSP/data/classic/tsplib/gr96.tsp,polyak-smoothed,83,polyak-smoothed,83,54440.359884898375,54471.144448311432,55209
/Users/a/Ayanami/code/TSP/data/classic/tsplib/gr96.tsp,polyak-smoothed,84,polyak-smoothed,84,54355.693492191254,54471.144448311432,55209
/Users/a/Ayanami/code/TSP/data/classic/tsplib/gr96.tsp,polyak-smoothed,85,polyak-smoothed,85,54401.005620209457,54471.144448311432,55209
/Users/a/Ayanami/code/TSP/data/classic/tsplib/gr96.tsp,polyak-smoothed,86,polyak-smoothed,86,54413.173754370066,54471.144448311432,55209
/Users/a/Ayanami/code/TSP/data/classic/tsplib/gr96.tsp,polyak-smoothed,87,polyak-smoothed,87,54400.30729742832,54471.144448311432,55209
/Users/a/Ayanami/code/TSP/data/classic/tsplib/gr96.tsp,polyak-smoothed,88,polyak-smoothed,88,54476.869001886291,54476.869001886291,55209
/Users/a/Ayanami/code/TSP/data/classic/tsplib/gr96.tsp,polyak-smoothed,89,polyak-smoothed,89,54395.007682743329,54476.869001886291,55209
/Users/a/Ayanami/code/TSP/data/classic/tsplib/gr96.tsp,polyak-smoothed,90,polyak-smoothed,90,54436.662565038016,54476.869001886291,55209
/Users/a/Ayanami/code/TSP/data/classic/tsplib/gr96.tsp,polyak-smoothed,91,polyak-smoothed,91,54301.990029294808,54476.869001886291,55209
/Users/a/Ayanami/code/TSP/data/classic/tsplib/gr96.tsp,polyak-smoothed,92,polyak-smoothed,92,54395.070290235555,54476.869001886291,55209
/Users/a/Ayanami/code/TSP/data/classic/tsplib/gr96.tsp,polyak-smoothed,93,polyak-smoothed,93,54365.539080313974,54476.869001886291,55209
/Users/a/Ayanami/code/TSP/data/classic/tsplib/gr96.tsp,polyak-smoothed,94,polyak-smoothed,94,54387.536131911162,54476.869001886291,55209
/Users/a/Ayanami/code/TSP/data/classic/tsplib/gr96.tsp,polyak-smoothed,95,polyak-smoothed,95,54458.97919776442,54476.869001886291,55209
/Users/a/Ayanami/code/TSP/data/classic/tsplib/gr96.tsp,polyak-smoothed,96,polyak-smoothed,96,54357.623986487648,54476.869001886291,55209
/Users/a/Ayanami/code/TSP/data/classic/tsplib/gr96.tsp,polyak-smoothed,97,polyak-smoothed,97,54412.592446519229,54476.869001886291,55209
/Users/a/Ayanami/code/TSP/data/classic/tsplib/gr96.tsp,polyak-smoothed,98,polyak-smoothed,98,54359.690040608999,54476.869001886291,55209
/Users/a/Ayanami/code/TSP/data/classic/tsplib/gr96.tsp,polyak-smoothed,99,polyak-smoothed,99,54451.500176056092,54476.869001886291,55209
/Users/a/Ayanami/code/TSP/data/classic/tsplib/gr96.tsp,polyak-smoothed,100,polyak-smoothed,100,54357.884709979764,54476.869001886291,55209
/Users/a/Ayanami/code/TSP/data/classic/tsplib/gr96.tsp,polyak-smoothed,101,polyak-smoothed,101,54416.044789776366,54476.869001886291,55209
/Users/a/Ayanami/code/TSP/data/classic/tsplib/gr96.tsp,polyak-smoothed,102,polyak-smoothed,102,54467.154076834202,54476.869001886291,55209
/Users/a/Ayanami/code/TSP/data/classic/tsplib/gr96.tsp,polyak-smoothed,103,polyak-smoothed,103,54492.85639755016,54492.85639755016,55209
/Users/a/Ayanami/code/TSP/data/classic/tsplib/gr96.tsp,polyak-smoothed,104,polyak-smoothed,104,54469.087558339816,54492.85639755016,55209
/Users/a/Ayanami/code/TSP/data/classic/tsplib/gr96.tsp,polyak-smoothed,105,polyak-smoothed,105,54507.830104328103,54507.830104328103,55209
/Users/a/Ayanami/code/TSP/data/classic/tsplib/gr96.tsp,polyak-smoothed,106,polyak-smoothed,106,54473.171895453997,54507.830104328103,55209
/Users/a/Ayanami/code/TSP/data/classic/tsplib/gr96.tsp,polyak-smoothed,107,polyak-smoothed,107,54479.105454873847,54507.830104328103,55209
/Users/a/Ayanami/code/TSP/data/classic/tsplib/gr96.tsp,polyak-smoothed,108,polyak-smoothed,108,54496.269539159628,54507.830104328103,55209
/Users/a/Ayanami/code/TSP/data/classic/tsplib/gr96.tsp,polyak-smoothed,109,polyak-smoothed,109,54457.716684077081,54507.830104328103,55209
/Users/a/Ayanami/code/TSP/data/classic/tsplib/gr96.tsp,polyak-smoothed,110,polyak-smoothed,110,54512.92038567795,54512.92038567795,55209
/Users/a/Ayanami/code/TSP/data/classic/tsplib/gr96.tsp,polyak-smoothed,111,polyak-smoothed,111,54462.851841400727,54512.92038567795,55209
/Users/a/Ayanami/code/TSP/data/classic/tsplib/gr96.tsp,polyak-smoothed,112,polyak-smoothed,112,54473.246528560405,54512.92038567795,55209
/Users/a/Ayanami/code/TSP/data/classic/tsplib/gr96.tsp,polyak-smoothed,113,polyak-smoothed,113,54515.080434867647,54515.080434867647,55209
/Users/a/Ayanami/code/TSP/data/classic/tsplib/gr96.tsp,polyak-smoothed,114,polyak-smoothed,114,54487.623277700091,54515.080434867647,55209
/Users/a/Ayanami/code/TSP/data/classic/tsplib/gr96.tsp,polyak-smoothed,115,polyak-smoothed,115,54484.563390078423,54515.080434867647,55209
/Users/a/Ayanami/code/TSP/data/classic/tsplib/gr96.tsp,polyak-smoothed,116,polyak-smoothed,116,54498.242404105731,54515.080434867647,55209
/Users/a/Ayanami/code/TSP/data/classic/tsplib/gr96.tsp,polyak-smoothed,117,polyak-smoothed,117,54525.864481905257,54525.864481905257,55209
/Users/a/Ayanami/code/TSP/data/classic/tsplib/gr96.tsp,polyak-smoothed,118,polyak-smoothed,118,54497.664580664692,54525.864481905257,55209
/Users/a/Ayanami/code/TSP/data/classic/tsplib/gr96.tsp,polyak-smoothed,119,polyak-smoothed,119,54488.335511854479,54525.864481905257,55209
/Users/a/Ayanami/code/TSP/data/classic/tsplib/gr96.tsp,polyak-smoothed,120,polyak-smoothed,120,54480.326717397802,54525.864481905257,55209
/Users/a/Ayanami/code/TSP/data/classic/tsplib/gr96.tsp,polyak-smoothed,121,polyak-smoothed,121,54495.480222448037,54525.864481905257,55209
/Users/a/Ayanami/code/TSP/data/classic/tsplib/gr96.tsp,polyak-smoothed,122,polyak-smoothed,122,54499.686920452747,54525.864481905257,55209
/Users/a/Ayanami/code/TSP/data/classic/tsplib/gr96.tsp,polyak-smoothed,123,polyak-smoothed,123,54503.61207411623,54525.864481905257,55209
/Users/a/Ayanami/code/TSP/data/classic/tsplib/gr96.tsp,polyak-smoothed,124,polyak-smoothed,124,54514.324329877134,54525.864481905257,55209
/Users/a/Ayanami/code/TSP/data/classic/tsplib/gr96.tsp,polyak-smoothed,125,polyak-smoothed,125,54504.346793768738,54525.864481905257,55209
/Users/a/Ayanami/code/TSP/data/classic/tsplib/gr96.tsp,polyak-smoothed,126,polyak-smoothed,126,54524.866844362907,54525.864481905257,55209
/Users/a/Ayanami/code/TSP/data/classic/tsplib/gr96.tsp,polyak-smoothed,127,polyak-smoothed,127,54456.0094096053,54525.864481905257,55209
/Users/a/Ayanami/code/TSP/data/classic/tsplib/gr96.tsp,polyak-smoothed,128,polyak-smoothed,128,54483.034671113594,54525.864481905257,55209
/Users/a/Ayanami/code/TSP/data/classic/tsplib/gr96.tsp,polyak-smoothed,129,polyak-smoothed,129,54481.308825068147,54525.864481905257,55209
/Users/a/Ayanami/code/TSP/data/classic/tsplib/gr96.tsp,polyak-smoothed,130,polyak-smoothed,130,54491.4607057252,54525.864481905257,55209
/Users/a/Ayanami/code/TSP/data/classic/tsplib/gr96.tsp,polyak-smoothed,131,polyak-smoothed,131,54519.198866489751,54525.864481905257,55209
/Users/a/Ayanami/code/TSP/data/classic/tsplib/gr96.tsp,polyak-smoothed,132,polyak-smoothed,132,54549.387069970122,54549.387069970122,55209
/Users/a/Ayanami/code/TSP/data/classic/tsplib/gr96.tsp,polyak-smoothed,133,polyak-smoothed,133,54520.508956778722,54549.387069970122,55209
/Users/a/Ayanami/code/TSP/data/classic/tsplib/gr96.tsp,polyak-smoothed,134,polyak-smoothed,134,54545.184487074861,54549.387069970122,55209
/Users/a/Ayanami/code/TSP/data/classic/tsplib/gr96.tsp,polyak-smoothed,135,polyak-smoothed,135,54518.576973727366,54549.387069970122,55209
/Users/a/Ayanami/code/TSP/data/classic/tsplib/gr96.tsp,polyak-smoothed,136,polyak-smoothed,136,54534.966281630208,54549.387069970122,55209
/Users/a/Ayanami/code/TSP/data/classic/tsplib/gr96.tsp,polyak-smoothed,137,polyak-smoothed,137,54538.192242415847,54549.387069970122,55209
/Users/a/Ayanami/code/TSP/data/classic/tsplib/gr96.tsp,polyak-smoothed,138,polyak-smoothed,138,54536.317124231609,54549.387069970122,55209
/Users/a/Ayanami/code/TSP/data/classic/tsplib/gr96.tsp,polyak-smoothed,139,polyak-smoothed,139,54539.070174056804,54549.387069970122,55209
/Users/a/Ayanami/code/TSP/data/classic/tsplib/gr96.tsp,polyak-smoothed,140,polyak-smoothed,140,54506.702412664141,54549.387069970122,55209
/Users/a/Ayanami/code/TSP/data/classic/tsplib/gr96.tsp,polyak-smoothed,141,polyak-smoothed,141,54537.053142650191,54549.387069970122,55209
/Users/a/Ayanami/code/TSP/data/classic/tsplib/gr96.tsp,polyak-smoothed,142,polyak-smoothed,142,54505.052157217156,54549.387069970122,55209
/Users/a/Ayanami/code/TSP/data/classic/tsplib/gr96.tsp,polyak-smoothed,143,polyak-smoothed,143,54514.692296611734,54549.387069970122,55209
/Users/a/Ayanami/code/TSP/data/classic/tsplib/gr96.tsp,polyak-smoothed,144,polyak-smoothed,144,54538.52080833479,54549.387069970122,55209
/Users/a/Ayanami/code/TSP/data/classic/tsplib/gr96.tsp,polyak-smoothed,145,polyak-smoothed,145,54524.395527447821,54549.387069970122,55209
/Users/a/Ayanami/code/TSP/data/classic/tsplib/gr96.tsp,polyak-smoothed,146,polyak-smoothed,146,54540.227309146954,54549.387069970122,55209
/Users/a/Ayanami/code/TSP/data/classic/tsplib/gr96.tsp,polyak-smoothed,147,polyak-smoothed,147,54555.530587910805,54555.530587910805,55209
/Users/a/Ayanami/code/TSP/data/classic/tsplib/gr96.tsp,polyak-smoothed,148,polyak-smoothed,148,54543.83998307091,54555.530587910805,55209
/Users/a/Ayanami/code/TSP/data/classic/tsplib/gr96.tsp,polyak-smoothed,149,polyak-smoothed,149,54546.314994412212,54555.530587910805,55209
/Users/a/Ayanami/code/TSP/data/classic/tsplib/gr96.tsp,polyak-smoothed,150,polyak-smoothed,150,54548.008525924553,54555.530587910805,55209
/Users/a/Ayanami/code/TSP/data/classic/tsplib/gr96.tsp,polyak-smoothed,151,polyak-smoothed,151,54544.509468704113,54555.530587910805,55209
/Users/a/Ayanami/code/TSP/data/classic/tsplib/gr96.tsp,polyak-smoothed,152,polyak-smoothed,152,54551.928295532096,54555.530587910805,55209
/Users/a/Ayanami/code/TSP/data/classic/tsplib/gr96.tsp,polyak-smoothed,153,polyak-smoothed,153,54545.491509959451,54555.530587910805,55209
/Users/a/Ayanami/code/TSP/data/classic/tsplib/gr96.tsp,polyak-smoothed,154,polyak-smoothed,154,54532.644802028961,54555.530587910805,55209
/Users/a/Ayanami/code/TSP/data/classic/tsplib/gr96.tsp,polyak-smoothed,155,polyak-smoothed,155,54544.410108216332,54555.530587910805,55209
/Users/a/Ayanami/code/TSP/data/classic/tsplib/gr96.tsp,polyak-smoothed,156,polyak-smoothed,156,54537.620139754923,54555.530587910805,55209
/Users/a/Ayanami/code/TSP/data/classic/tsplib/gr96.tsp,polyak-smoothed,157,polyak-smoothed,157,54543.810081489733,54555.530587910805,55209
/Users/a/Ayanami/code/TSP/data/classic/tsplib/gr96.tsp,polyak-smoothed,158,polyak-smoothed,158,54527.950757216415,54555.530587910805,55209
/Users/a/Ayanami/code/TSP/data/classic/tsplib/gr96.tsp,polyak-smoothed,159,polyak-smoothed,159,54541.03040514524,54555.530587910805,55209
/Users/a/Ayanami/code/TSP/data/classic/tsplib/gr96.tsp,polyak-smoothed,160,polyak-smoothed,160,54533.832300240683,54555.530587910805,55209
/Users/a/Ayanami/code/TSP/data/classic/tsplib/gr96.tsp,polyak-smoothed,161,polyak-smoothed,161,54542.588917925867,54555.530587910805,55209
/Users/a/Ayanami/code/TSP/data/classic/tsplib/gr96.tsp,polyak-smoothed,162,polyak-smoothed,162,54552.71353633429,54555.530587910805,55209
/Users/a/Ayanami/code/TSP/data/classic/tsplib/gr96.tsp,polyak-smoothed,163,polyak-smoothed,163,54560.878060229981,54560.878060229981,55209
/Users/a/Ayanami/code/TSP/data/classic/tsplib/gr96.tsp,polyak-smoothed,164,polyak-smoothed,164,54553.412254279821,54560.878060229981,55209
/Users/a/Ayanami/code/TSP/data/classic/tsplib/gr96.tsp,polyak-smoothed,165,polyak-smoothed,165,54561.32946864541,54561.32946864541,55209
/Users/a/Ayanami/code/TSP/data/classic/tsplib/gr96.tsp,polyak-smoothed,166,polyak-smoothed,166,54548.886948324842,54561.32946864541,55209
/Users/a/Ayanami/code/TSP/data/classic/tsplib/gr96.tsp,polyak-smoothed,167,polyak-smoothed,167,54560.408076453568,54561.32946864541,55209
/Users/a/Ayanami/code/TSP/data/classic/tsplib/gr96.tsp,polyak-smoothed,168,polyak-smoothed,168,54551.946574776914,54561.32946864541,55209
/Users/a/Ayanami/code/TSP/data/classic/tsplib/gr96.tsp,polyak-smoothed,169,polyak-smoothed,169,54563.460979243137,54563.460979243137,55209
/Users/a/Ayanami/code/TSP/data/classic/tsplib/gr96.tsp,polyak-smoothed,170,polyak-smoothed,170,54534.189674354457,54563.460979243137,55209
/Users/a/Ayanami/code/TSP/data/classic/tsplib/gr96.tsp,polyak-smoothed,171,polyak-smoothed,171,54550.597708021676,54563.460979243137,55209
/Users/a/Ayanami/code/TSP/data/classic/tsplib/gr96.tsp,polyak-smoothed,172,polyak-smoothed,172,54557.6670817708,54563.460979243137,55209
/Users/a/Ayanami/code/TSP/data/classic/tsplib/gr96.tsp,polyak-smoothed,173,polyak-smoothed,173,54558.969355099878,54563.460979243137,55209
/Users/a/Ayanami/code/TSP/data/classic/tsplib/gr96.tsp,polyak-smoothed,174,polyak-smoothed,174,54555.819310314691,54563.460979243137,55209
/Users/a/Ayanami/code/TSP/data/classic/tsplib/gr96.tsp,polyak-smoothed,175,polyak-smoothed,175,54560.056663960844,54563.460979243137,55209
/Users/a/Ayanami/code/TSP/data/classic/tsplib/gr96.tsp,polyak-smoothed,176,polyak-smoothed,176,54557.572729347856,54563.460979243137,55209
/Users/a/Ayanami/code/TSP/data/classic/tsplib/gr96.tsp,polyak-smoothed,177,polyak-smoothed,177,54556.324799511574,54563.460979243137,55209
/Users/a/Ayanami/code/TSP/data/classic/tsplib/gr96.tsp,polyak-smoothed,178,polyak-smoothed,178,54559.56381362817,54563.460979243137,55209
/Users/a/Ayanami/code/TSP/data/classic/tsplib/gr96.tsp,polyak-smoothed,179,polyak-smoothed,179,54556.79017829505,54563.460979243137,55209
/Users/a/Ayanami/code/TSP/data/classic/tsplib/gr96.tsp,polyak-smoothed,180,polyak-smoothed,180,54563.767567341936,54563.767567341936,55209
/Users/a/Ayanami/code/TSP/data/classic/tsplib/gr96.tsp,polyak-smoothed,181,polyak-smoothed,181,54556.031324510579,54563.767567341936,55209
/Users/a/Ayanami/code/TSP/data/classic/tsplib/gr96.tsp,polyak-smoothed,182,polyak-smoothed,182,54563.504046058966,54563.767567341936,55209
/Users/a/Ayanami/code/TSP/data/classic/tsplib/gr96.tsp,polyak-smoothed,183,polyak-smoothed,183,54559.975901553677,54563.767567341936,55209
/Users/a/Ayanami/code/TSP/data/classic/tsplib/gr96.tsp,polyak-smoothed,184,polyak-smoothed,184,54564.892567620554,54564.892567620554,55209
/Users/a/Ayanami/code/TSP/data/classic/tsplib/gr96.tsp,polyak-smoothed,185,polyak-smoothed,185,54558.6096180327,54564.892567620554,55209
/Users/a/Ayanami/code/TSP/data/classic/tsplib/gr96.tsp,polyak-smoothed,186,polyak-smoothed,186,54563.415740230099,54564.892567620554,55209
/Users/a/Ayanami/code/TSP/data/classic/tsplib/gr96.tsp,polyak-smoothed,187,polyak-smoothed,187,54560.062793109486,54564.892567620554,55209
/Users/a/Ayanami/code/TSP/data/classic/tsplib/gr96.tsp,polyak-smoothed,188,polyak-smoothed,188,54564.782643880033,54564.892567620554,55209
/Users/a/Ayanami/code/TSP/data/classic/tsplib/gr96.tsp,polyak-smoothed,189,polyak-smoothed,189,54558.717781275816,54564.892567620554,55209
/Users/a/Ayanami/code/TSP/data/classic/tsplib/gr96.tsp,polyak-smoothed,190,polyak-smoothed,190,54563.33125217264,54564.892567620554,55209
/Users/a/Ayanami/code/TSP/data/classic/tsplib/gr96.tsp,polyak-smoothed,191,polyak-smoothed,191,54560.145928037891,54564.892567620554,55209
/Users/a/Ayanami/code/TSP/data/classic/tsplib/gr96.tsp,polyak-smoothed,192,polyak-smoothed,192,54564.676845203714,54564.892567620554,55209
/Users/a/Ayanami/code/TSP/data/classic/tsplib/gr96.tsp,polyak-smoothed,193,polyak-smoothed,193,54558.821885520214,54564.892567620554,55209
/Users/a/Ayanami/code/TSP/data/classic/tsplib/gr96.tsp,polyak-smoothed,194,polyak-smoothed,194,54563.250424348938,54564.892567620554,55209
/Users/a/Ayanami/code/TSP/data/classic/tsplib/gr96.tsp,polyak-smoothed,195,polyak-smoothed,195,54560.22546135349,54564.892567620554,55209
/Users/a/Ayanami/code/TSP/data/classic/tsplib/gr96.tsp,polyak-smoothed,196,polyak-smoothed,196,54564.575010923458,54564.892567620554,55209
/Users/a/Ayanami/code/TSP/data/classic/tsplib/gr96.tsp,polyak-smoothed,197,polyak-smoothed,197,54558.922088860832,54564.892567620554,55209
/Users/a/Ayanami/code/TSP/data/classic/tsplib/gr96.tsp,polyak-smoothed,198,polyak-smoothed,198,54563.813384395755,54564.892567620554,55209
/Users/a/Ayanami/code/TSP/data/classic/tsplib/gr96.tsp,polyak-smoothed,199,polyak-smoothed,199,54560.748599088285,54564.892567620554,55209
/Users/a/Ayanami/code/TSP/data/classic/tsplib/gr96.tsp,polyak-smoothed,200,polyak-smoothed,200,54565.135256127323,54565.135256127323,55209
/Users/a/Ayanami/code/TSP/data/classic/tsplib/gr96.tsp,polyak-smoothed,201,polyak-smoothed,201,54562.913061175685,54565.135256127323,55209
/Users/a/Ayanami/code/TSP/data/classic/tsplib/gr96.tsp,polyak-smoothed,202,polyak-smoothed,202,54565.020748831143,54565.135256127323,55209
/Users/a/Ayanami/code/TSP/data/classic/tsplib/gr96.tsp,polyak-smoothed,203,polyak-smoothed,203,54560.772203304339,54565.135256127323,55209
/Users/a/Ayanami/code/TSP/data/classic/tsplib/gr96.tsp,polyak-smoothed,204,polyak-smoothed,204,54565.124867182138,54565.135256127323,55209
/Users/a/Ayanami/code/TSP/data/classic/tsplib/gr96.tsp,polyak-smoothed,205,polyak-smoothed,205,54562.914804993517,54565.135256127323,55209
/Users/a/Ayanami/code/TSP/data/classic/tsplib/gr96.tsp,polyak-smoothed,206,polyak-smoothed,206,54565.005782992965,54565.135256127323,55209
/Users/a/Ayanami/code/TSP/data/classic/tsplib/gr96.tsp,polyak-smoothed,207,polyak-smoothed,207,54560.795552291507,54565.135256127323,55209
/Users/a/Ayanami/code/TSP/data/classic/tsplib/gr96.tsp,polyak-smoothed,208,polyak-smoothed,208,54565.11449920704,54565.135256127323,55209
/Users/a/Ayanami/code/TSP/data/classic/tsplib/gr96.tsp,polyak-smoothed,209,polyak-smoothed,209,54562.916605293954,54565.135256127323,55209
/Users/a/Ayanami/code/TSP/data/classic/tsplib/gr96.tsp,polyak-smoothed,210,polyak-smoothed,210,54564.990993427404,54565.135256127323,55209
/Users/a/Ayanami/code/TSP/data/classic/tsplib/gr96.tsp,polyak-smoothed,211,polyak-smoothed,211,54560.818649771507,54565.135256127323,55209
/Users/a/Ayanami/code/TSP/data/classic/tsplib/gr96.tsp,polyak-smoothed,212,polyak-smoothed,212,54565.104153403372,54565.135256127323,55209
/Users/a/Ayanami/code/TSP/data/classic/tsplib/gr96.tsp,polyak-smoothed,213,polyak-smoothed,213,54562.918459927176,54565.135256127323,55209
/Users/a/Ayanami/code/TSP/data/classic/tsplib/gr96.tsp,polyak-smoothed,214,polyak-smoothed,214,54564.500288163574,54565.135256127323,55209
/Users/a/Ayanami/code/TSP/data/classic/tsplib/gr96.tsp,polyak-smoothed,215,polyak-smoothed,215,54566.624148000192,54566.624148000192,55209
/Users/a/Ayanami/code/TSP/data/classic/tsplib/gr96.tsp,polyak-smoothed,216,polyak-smoothed,216,54567.220591239246,54567.220591239246,55209
/Users/a/Ayanami/code/TSP/data/classic/tsplib/gr96.tsp,polyak-smoothed,217,polyak-smoothed,217,54566.947791385755,54567.220591239246,55209
/Users/a/Ayanami/code/TSP/data/classic/tsplib/gr96.tsp,polyak-smoothed,218,polyak-smoothed,218,54565.147558327335,54567.220591239246,55209
/Users/a/Ayanami/code/TSP/data/classic/tsplib/gr96.tsp,polyak-smoothed,219,polyak-smoothed,219,54566.934446938241,54567.220591239246,55209
/Users/a/Ayanami/code/TSP/data/classic/tsplib/gr96.tsp,polyak-smoothed,220,polyak-smoothed,220,54565.003332687142,54567.220591239246,55209
/Users/a/Ayanami/code/TSP/data/classic/tsplib/gr96.tsp,polyak-smoothed,221,polyak-smoothed,221,54566.644490792496,54567.220591239246,55209
/Users/a/Ayanami/code/TSP/data/classic/tsplib/gr96.tsp,polyak-smoothed,222,polyak-smoothed,222,54562.335060665828,54567.220591239246,55209
/Users/a/Ayanami/code/TSP/data/classic/tsplib/gr96.tsp,polyak-smoothed,223,polyak-smoothed,223,54565.728278275106,54567.220591239246,55209
/Users/a/Ayanami/code/TSP/data/classic/tsplib/gr96.tsp,polyak-smoothed,224,polyak-smoothed,224,54564.983504000367,54567.220591239246,55209
/Users/a/Ayanami/code/TSP/data/classic/tsplib/gr96.tsp,polyak-smoothed,225,polyak-smoothed,225,54566.637889294667,54567.220591239246,55209
/Users/a/Ayanami/code/TSP/data/classic/tsplib/gr96.tsp,polyak-smoothed,226,polyak-smoothed,226,54562.354743537326,54567.220591239246,55209
/Users/a/Ayanami/code/TSP/data/classic/tsplib/gr96.tsp,polyak-smoothed,227,polyak-smoothed,227,54565.734832090551,54567.220591239246,55209
/Users/a/Ayanami/code/TSP/data/classic/tsplib/gr96.tsp,polyak-smoothed,228,polyak-smoothed,228,54564.963965878233,54567.220591239246,55209
/Users/a/Ayanami/code/TSP/data/classic/tsplib/gr96.tsp,polyak-smoothed,229,polyak-smoothed,229,54566.631382816682,54567.220591239246,55209
/Users/a/Ayanami/code/TSP/data/classic/tsplib/gr96.tsp,polyak-smoothed,230,polyak-smoothed,230,54566.106722794364,54567.220591239246,55209
/Users/a/Ayanami/code/TSP/data/classic/tsplib/gr96.tsp,polyak-smoothed,231,polyak-smoothed,231,54568.116790961991,54568.116790961991,55209
/Users/a/Ayanami/code/TSP/data/classic/tsplib/gr96.tsp,polyak-smoothed,232,polyak-smoothed,232,54566.694919362817,54568.116790961991,55209
/Users/a/Ayanami/code/TSP/data/classic/tsplib/gr96.tsp,polyak-smoothed,233,polyak-smoothed,233,54567.494428128099,54568.116790961991,55209
/Users/a/Ayanami/code/TSP/data/classic/tsplib/gr96.tsp,polyak-smoothed,234,polyak-smoothed,234,54567.667742789316,54568.116790961991,55209
/Users/a/Ayanami/code/TSP/data/classic/tsplib/gr96.tsp,polyak-smoothed,235,polyak-smoothed,235,54568.515262561843,54568.515262561843,55209
/Users/a/Ayanami/code/TSP/data/classic/tsplib/gr96.tsp,polyak-smoothed,236,polyak-smoothed,236,54566.699632079275,54568.515262561843,55209
/Users/a/Ayanami/code/TSP/data/classic/tsplib/gr96.tsp,polyak-smoothed,237,polyak-smoothed,237,54567.497975077393,54568.515262561843,55209
/Users/a/Ayanami/code/TSP/data/classic/tsplib/gr96.tsp,polyak-smoothed,238,polyak-smoothed,238,54567.663476893409,54568.515262561843,55209
/Users/a/Ayanami/code/TSP/data/classic/tsplib/gr96.tsp,polyak-smoothed,239,polyak-smoothed,239,54568.511300445796,54568.515262561843,55209
/Users/a/Ayanami/code/TSP/data/classic/tsplib/gr96.tsp,polyak-smoothed,240,polyak-smoothed,240,54566.704308272499,54568.515262561843,55209
/Users/a/Ayanami/code/TSP/data/classic/tsplib/gr96.tsp,polyak-smoothed,241,polyak-smoothed,241,54567.501493522148,54568.515262561843,55209
/Users/a/Ayanami/code/TSP/data/classic/tsplib/gr96.tsp,polyak-smoothed,242,polyak-smoothed,242,54567.659247154625,54568.515262561843,55209
/Users/a/Ayanami/code/TSP/data/classic/tsplib/gr96.tsp,polyak-smoothed,243,polyak-smoothed,243,54568.507366947917,54568.515262561843,55209
/Users/a/Ayanami/code/TSP/data/classic/tsplib/gr96.tsp,polyak-smoothed,244,polyak-smoothed,244,54566.708948227533,54568.515262561843,55209
/Users/a/Ayanami/code/TSP/data/classic/tsplib/gr96.tsp,polyak-smoothed,245,polyak-smoothed,245,54567.504983682244,54568.515262561843,55209
/Users/a/Ayanami/code/TSP/data/classic/tsplib/gr96.tsp,polyak-smoothed,246,polyak-smoothed,246,54567.655053289171,54568.515262561843,55209
/Users/a/Ayanami/code/TSP/data/classic/tsplib/gr96.tsp,polyak-smoothed,247,polyak-smoothed,247,54568.503461849046,54568.515262561843,55209
/Users/a/Ayanami/code/TSP/data/classic/tsplib/gr96.tsp,polyak-smoothed,248,polyak-smoothed,248,54566.713552227178,54568.515262561843,55209
/Users/a/Ayanami/code/TSP/data/classic/tsplib/gr96.tsp,polyak-smoothed,249,polyak-smoothed,249,54567.307608579067,54568.515262561843,55209
/Users/a/Ayanami/code/TSP/data/classic/tsplib/gr96.tsp,polyak-smoothed,250,polyak-smoothed,250,54568.862716054799,54568.862716054799,55209
/Users/a/Ayanami/code/TSP/data/classic/tsplib/gr96.tsp,polyak-smoothed,251,polyak-smoothed,251,54568.333527000723,54568.862716054799,55209
/Users/a/Ayanami/code/TSP/data/classic/tsplib/gr96.tsp,polyak-smoothed,252,polyak-smoothed,252,54568.984449902142,54568.984449902142,55209
/Users/a/Ayanami/code/TSP/data/classic/tsplib/gr96.tsp,polyak-smoothed,253,polyak-smoothed,253,54568.21200713866,54568.984449902142,55209
/Users/a/Ayanami/code/TSP/data/classic/tsplib/gr96.tsp,polyak-smoothed,254,polyak-smoothed,254,54568.862823820491,54568.984449902142,55209
/Users/a/Ayanami/code/TSP/data/classic/tsplib/gr96.tsp,polyak-smoothed,255,polyak-smoothed,255,54568.333419424467,54568.984449902142,55209
/Users/a/Ayanami/code/TSP/data/classic/tsplib/gr96.tsp,polyak-smoothed,256,polyak-smoothed,256,54568.984003387217,54568.984449902142,55209
/Users/a/Ayanami/code/TSP/data/classic/tsplib/gr96.tsp,polyak-smoothed,257,polyak-smoothed,257,54568.212452868698,54568.984449902142,55209
/Users/a/Ayanami/code/TSP/data/classic/tsplib/gr96.tsp,polyak-smoothed,258,polyak-smoothed,258,54568.86293041196,54568.984449902142,55209
/Users/a/Ayanami/code/TSP/data/classic/tsplib/gr96.tsp,polyak-smoothed,259,polyak-smoothed,259,54568.333313020361,54568.984449902142,55209
/Users/a/Ayanami/code/TSP/data/classic/tsplib/gr96.tsp,polyak-smoothed,260,polyak-smoothed,260,54568.983558220425,54568.984449902142,55209
/Users/a/Ayanami/code/TSP/data/classic/tsplib/gr96.tsp,polyak-smoothed,261,polyak-smoothed,261,54568.212897252961,54568.984449902142,55209
/Users/a/Ayanami/code/TSP/data/classic/tsplib/gr96.tsp,polyak-smoothed,262,polyak-smoothed,262,54568.863035834882,54568.984449902142,55209
/Users/a/Ayanami/code/TSP/data/classic/tsplib/gr96.tsp,polyak-smoothed,263,polyak-smoothed,263,54568.333207782736,54568.984449902142,55209
/Users/a/Ayanami/code/TSP/data/classic/tsplib/gr96.tsp,polyak-smoothed,264,polyak-smoothed,264,54568.983114396018,54568.984449902142,55209
/Users/a/Ayanami/code/TSP/data/classic/tsplib/gr96.tsp,polyak-smoothed,265,polyak-smoothed,265,54568.21334029721,54568.984449902142,55209
/Users/a/Ayanami/code/TSP/data/classic/tsplib/gr96.tsp,polyak-smoothed,266,polyak-smoothed,266,54568.548022217481,54568.984449902142,55209
/Users/a/Ayanami/code/TSP/data/classic/tsplib/gr96.tsp,polyak-smoothed,267,polyak-smoothed,267,54569.262343890296,54569.262343890296,55209
/Users/a/Ayanami/code/TSP/data/classic/tsplib/gr96.tsp,polyak-smoothed,268,polyak-smoothed,268,54568.925985396228,54569.262343890296,55209
/Users/a/Ayanami/code/TSP/data/classic/tsplib/gr96.tsp,polyak-smoothed,269,polyak-smoothed,269,54569.086116999584,54569.262343890296,55209
/Users/a/Ayanami/code/TSP/data/classic/tsplib/gr96.tsp,polyak-smoothed,270,polyak-smoothed,270,54568.947278470354,54569.262343890296,55209
/Users/a/Ayanami/code/TSP/data/classic/tsplib/gr96.tsp,polyak-smoothed,271,polyak-smoothed,271,54569.115834639255,54569.262343890296,55209
/Users/a/Ayanami/code/TSP/data/classic/tsplib/gr96.tsp,polyak-smoothed,272,polyak-smoothed,272,54569.172583087755,54569.262343890296,55209
/Users/a/Ayanami/code/TSP/data/classic/tsplib/gr96.tsp,polyak-smoothed,273,polyak-smoothed,273,54569.233491848041,54569.262343890296,55209
/Users/a/Ayanami/code/TSP/data/classic/tsplib/gr96.tsp,polyak-smoothed,274,polyak-smoothed,274,54568.934199015879,54569.262343890296,55209
/Users/a/Ayanami/code/TSP/data/classic/tsplib/gr96.tsp,polyak-smoothed,275,polyak-smoothed,275,54569.232224905252,54569.262343890296,55209
/Users/a/Ayanami/code/TSP/data/classic/tsplib/gr96.tsp,polyak-smoothed,276,polyak-smoothed,276,54568.873996914022,54569.262343890296,55209
/Users/a/Ayanami/code/TSP/data/classic/tsplib/gr96.tsp,polyak-smoothed,277,polyak-smoothed,277,54569.330746046595,54569.330746046595,55209
/Users/a/Ayanami/code/TSP/data/classic/tsplib/gr96.tsp,polyak-smoothed,278,polyak-smoothed,278,54568.62637578907,54569.330746046595,55209
/Users/a/Ayanami/code/TSP/data/classic/tsplib/gr96.tsp,polyak-smoothed,279,polyak-smoothed,279,54569.085153140135,54569.330746046595,55209
/Users/a/Ayanami/code/TSP/data/classic/tsplib/gr96.tsp,polyak-smoothed,280,polyak-smoothed,280,54568.720314751903,54569.330746046595,55209
/Users/a/Ayanami/code/TSP/data/classic/tsplib/gr96.tsp,polyak-smoothed,281,polyak-smoothed,281,54569.180237226887,54569.330746046595,55209
/Users/a/Ayanami/code/TSP/data/classic/tsplib/gr96.tsp,polyak-smoothed,282,polyak-smoothed,282,54568.6265284416,54569.330746046595,55209
/Users/a/Ayanami/code/TSP/data/classic/tsplib/gr96.tsp,polyak-smoothed,283,polyak-smoothed,283,54569.085270419208,54569.330746046595,55209
/Users/a/Ayanami/code/TSP/data/classic/tsplib/gr96.tsp,polyak-smoothed,284,polyak-smoothed,284,54568.720162305632,54569.330746046595,55209
/Users/a/Ayanami/code/TSP/data/classic/tsplib/gr96.tsp,polyak-smoothed,285,polyak-smoothed,285,54569.180120102043,54569.330746046595,55209
/Users/a/Ayanami/code/TSP/data/classic/tsplib/gr96.tsp,polyak-smoothed,286,polyak-smoothed,286,54568.626680681897,54569.330746046595,55209
/Users/a/Ayanami/code/TSP/data/classic/tsplib/gr96.tsp,polyak-smoothed,287,polyak-smoothed,287,54569.085387390027,54569.330746046595,55209
/Users/a/Ayanami/code/TSP/data/classic/tsplib/gr96.tsp,polyak-smoothed,288,polyak-smoothed,288,54568.720010271027,54569.330746046595,55209
/Users/a/Ayanami/code/TSP/data/classic/tsplib/gr96.tsp,polyak-smoothed,289,polyak-smoothed,289,54569.180003285044,54569.330746046595,55209
/Users/a/Ayanami/code/TSP/data/classic/tsplib/gr96.tsp,polyak-smoothed,290,polyak-smoothed,290,54568.62683251108,54569.330746046595,55209
/Users/a/Ayanami/code/TSP/data/classic/tsplib/gr96.tsp,polyak-smoothed,291,polyak-smoothed,291,54568.877411897665,54569.330746046595,55209
/Users/a/Ayanami/code/TSP/data/classic/tsplib/gr96.tsp,polyak-smoothed,292,polyak-smoothed,292,54569.249162272776,54569.330746046595,55209
/Users/a/Ayanami/code/TSP/data/classic/tsplib/gr96.tsp,polyak-smoothed,293,polyak-smoothed,293,54569.15742050219,54569.330746046595,55209
/Users/a/Ayanami/code/TSP/data/classic/tsplib/gr96.tsp,polyak-smoothed,294,polyak-smoothed,294,54569.347305569529,54569.347305569529,55209
/Users/a/Ayanami/code/TSP/data/classic/tsplib/gr96.tsp,polyak-smoothed,295,polyak-smoothed,295,54569.252048846669,54569.347305569529,55209
/Users/a/Ayanami/code/TSP/data/classic/tsplib/gr96.tsp,polyak-smoothed,296,polyak-smoothed,296,54569.391813058995,54569.391813058995,55209
/Users/a/Ayanami/code/TSP/data/classic/tsplib/gr96.tsp,polyak-smoothed,297,polyak-smoothed,297,54569.207558742943,54569.391813058995,55209
/Users/a/Ayanami/code/TSP/data/classic/tsplib/gr96.tsp,polyak-smoothed,298,polyak-smoothed,298,54569.34730765329,54569.391813058995,55209
/Users/a/Ayanami/code/TSP/data/classic/tsplib/gr96.tsp,polyak-smoothed,299,polyak-smoothed,299,54569.252046763722,54569.391813058995,55209
/Users/a/Ayanami/code/TSP/data/classic/tsplib/gr96.tsp,polyak-smoothed,300,polyak-smoothed,300,54569.391774581236,54569.391813058995,55209
/Users/a/Ayanami/code/TSP/data/classic/tsplib/gr96.tsp,polyak-smoothed,301,polyak-smoothed,301,54569.207597205655,54569.391813058995,55209
/Users/a/Ayanami/code/TSP/data/classic/tsplib/gr96.tsp,polyak-smoothed,302,polyak-smoothed,302,54569.347309723315,54569.391813058995,55209
/Users/a/Ayanami/code/TSP/data/classic/tsplib/gr96.tsp,polyak-smoothed,303,polyak-smoothed,303,54569.25204469452,54569.391813058995,55209
/Users/a/Ayanami/code/TSP/data/classic/tsplib/gr96.tsp,polyak-smoothed,304,polyak-smoothed,304,54569.391736126709,54569.391813058995,55209
/Users/a/Ayanami/code/TSP/data/classic/tsplib/gr96.tsp,polyak-smoothed,305,polyak-smoothed,305,54569.207635645173,54569.391813058995,55209
/Users/a/Ayanami/code/TSP/data/classic/tsplib/gr96.tsp,polyak-smoothed,306,polyak-smoothed,306,54569.347311779595,54569.391813058995,55209
/Users/a/Ayanami/code/TSP/data/classic/tsplib/gr96.tsp,polyak-smoothed,307,polyak-smoothed,307,54569.252042639018,54569.391813058995,55209
/Users/a/Ayanami/code/TSP/data/classic/tsplib/gr96.tsp,polyak-smoothed,308,polyak-smoothed,308,54569.391697695377,54569.391813058995,55209
/Users/a/Ayanami/code/TSP/data/classic/tsplib/gr96.tsp,polyak-smoothed,309,polyak-smoothed,309,54569.207674061501,54569.391813058995,55209
/Users/a/Ayanami/code/TSP/data/classic/tsplib/gr96.tsp,polyak-smoothed,310,polyak-smoothed,310,54569.283942595655,54569.391813058995,55209
/Users/a/Ayanami/code/TSP/data/classic/tsplib/gr96.tsp,polyak-smoothed,311,polyak-smoothed,311,54569.446343524956,54569.446343524956,55209
/Users/a/Ayanami/code/TSP/data/classic/tsplib/gr96.tsp,polyak-smoothed,312,polyak-smoothed,312,54569.333243497364,54569.446343524956,55209
/Users/a/Ayanami/code/TSP/data/classic/tsplib/gr96.tsp,polyak-smoothed,313,polyak-smoothed,313,54569.385601135094,54569.446343524956,55209
/Users/a/Ayanami/code/TSP/data/classic/tsplib/gr96.tsp,polyak-smoothed,314,polyak-smoothed,314,54569.384109992745,54569.446343524956,55209
/Users/a/Ayanami/code/TSP/data/classic/tsplib/gr96.tsp,polyak-smoothed,315,polyak-smoothed,315,54569.446329542901,54569.446343524956,55209
/Users/a/Ayanami/code/TSP/data/classic/tsplib/gr96.tsp,polyak-smoothed,316,polyak-smoothed,316,54569.333259639367,54569.446343524956,55209
/Users/a/Ayanami/code/TSP/data/classic/tsplib/gr96.tsp,polyak-smoothed,317,polyak-smoothed,317,54569.385611384569,54569.446343524956,55209
/Users/a/Ayanami/code/TSP/data/classic/tsplib/gr96.tsp,polyak-smoothed,318,polyak-smoothed,318,54569.384097583577,54569.446343524956,55209
/Users/a/Ayanami/code/TSP/data/classic/tsplib/gr96.tsp,polyak-smoothed,319,polyak-smoothed,319,54569.446315566012,54569.446343524956,55209
/Users/a/Ayanami/code/TSP/data/classic/tsplib/gr96.tsp,polyak-smoothed,320,polyak-smoothed,320,54569.333275774698,54569.446343524956,55209
/Users/a/Ayanami/code/TSP/data/classic/tsplib/gr96.tsp,polyak-smoothed,321,polyak-smoothed,321,54569.38562162911,54569.446343524956,55209
/Users/a/Ayanami/code/TSP/data/classic/tsplib/gr96.tsp,polyak-smoothed,322,polyak-smoothed,322,54569.384085180842,54569.446343524956,55209
/Users/a/Ayanami/code/TSP/data/classic/tsplib/gr96.tsp,polyak-smoothed,323,polyak-smoothed,323,54569.446301594275,54569.446343524956,55209
/Users/a/Ayanami/code/TSP/data/classic/tsplib/gr96.tsp,polyak-smoothed,324,polyak-smoothed,324,54569.333291903327,54569.446343524956,55209
/Users/a/Ayanami/code/TSP/data/classic/tsplib/gr96.tsp,polyak-smoothed,325,polyak-smoothed,325,54569.374262191552,54569.446343524956,55209
/Users/a/Ayanami/code/TSP/data/classic/tsplib/gr96.tsp,polyak-smoothed,326,polyak-smoothed,326,54569.44060307122,54569.446343524956,55209
/Users/a/Ayanami/code/TSP/data/classic/tsplib/gr96.tsp,polyak-smoothed,327,polyak-smoothed,327,54569.431685468058,54569.446343524956,55209
/Users/a/Ayanami/code/TSP/data/classic/tsplib/gr96.tsp,polyak-smoothed,328,polyak-smoothed,328,54569.459244698322,54569.459244698322,55209
/Users/a/Ayanami/code/TSP/data/classic/tsplib/gr96.tsp,polyak-smoothed,329,polyak-smoothed,329,54569.418086985032,54569.459244698322,55209
/Users/a/Ayanami/code/TSP/data/classic/tsplib/gr96.tsp,polyak-smoothed,330,polyak-smoothed,330,54569.440605088457,54569.459244698322,55209
/Users/a/Ayanami/code/TSP/data/classic/tsplib/gr96.tsp,polyak-smoothed,331,polyak-smoothed,331,54569.431683076094,54569.459244698322,55209
/Users/a/Ayanami/code/TSP/data/classic/tsplib/gr96.tsp,polyak-smoothed,332,polyak-smoothed,332,54569.459242681303,54569.459244698322,55209
/Users/a/Ayanami/code/TSP/data/classic/tsplib/gr96.tsp,polyak-smoothed,333,polyak-smoothed,333,54569.418089376668,54569.459244698322,55209
/Users/a/Ayanami/code/TSP/data/classic/tsplib/gr96.tsp,polyak-smoothed,334,polyak-smoothed,334,54569.440607105258,54569.459244698322,55209
/Users/a/Ayanami/code/TSP/data/classic/tsplib/gr96.tsp,polyak-smoothed,335,polyak-smoothed,335,54569.431680684786,54569.459244698322,55209
/Users/a/Ayanami/code/TSP/data/classic/tsplib/gr96.tsp,polyak-smoothed,336,polyak-smoothed,336,54569.459240664721,54569.459244698322,55209
/Users/a/Ayanami/code/TSP/data/classic/tsplib/gr96.tsp,polyak-smoothed,337,polyak-smoothed,337,54569.418091767664,54569.459244698322,55209
/Users/a/Ayanami/code/TSP/data/classic/tsplib/gr96.tsp,polyak-smoothed,338,polyak-smoothed,338,54569.440609121615,54569.459244698322,55209
/Users/a/Ayanami/code/TSP/data/classic/tsplib/gr96.tsp,polyak-smoothed,339,polyak-smoothed,339,54569.43167829411,54569.459244698322,55209
/Users/a/Ayanami/code/TSP/data/classic/tsplib/gr96.tsp,polyak-smoothed,340,polyak-smoothed,340,54569.459238648597,54569.459244698322,55209
/Users/a/Ayanami/code/TSP/data/classic/tsplib/gr96.tsp,polyak-smoothed,341,polyak-smoothed,341,54569.418094158013,54569.459244698322,55209
/Users/a/Ayanami/code/TSP/data/classic/tsplib/gr96.tsp,polyak-smoothed,342,polyak-smoothed,342,54569.43748130992,54569.459244698322,55209
/Users/a/Ayanami/code/TSP/data/classic/tsplib/gr96.tsp,polyak-smoothed,343,polyak-smoothed,343,54569.480298707611,54569.480298707611,55209
/Users/a/Ayanami/code/TSP/data/classic/tsplib/gr96.tsp,polyak-smoothed,344,polyak-smoothed,344,54569.465864721424,54569.480298707611,55209
/Users/a/Ayanami/code/TSP/data/classic/tsplib/gr96.tsp,polyak-smoothed,345,polyak-smoothed,345,54569.478649110279,54569.480298707611,55209
/Users/a/Ayanami/code/TSP/data/classic/tsplib/gr96.tsp,polyak-smoothed,346,polyak-smoothed,346,54569.462520275534,54569.480298707611,55209
/Users/a/Ayanami/code/TSP/data/classic/tsplib/gr96.tsp,polyak-smoothed,347,polyak-smoothed,347,54569.480298548617,54569.480298707611,55209
/Users/a/Ayanami/code/TSP/data/classic/tsplib/gr96.tsp,polyak-smoothed,348,polyak-smoothed,348,54569.46586483968,54569.480298707611,55209
/Users/a/Ayanami/code/TSP/data/classic/tsplib/gr96.tsp,polyak-smoothed,349,polyak-smoothed,349,54569.478649020552,54569.480298707611,55209
/Users/a/Ayanami/code/TSP/data/classic/tsplib/gr96.tsp,polyak-smoothed,350,polyak-smoothed,350,54569.462520405985,54569.480298707611,55209
/Users/a/Ayanami/code/TSP/data/classic/tsplib/gr96.tsp,polyak-smoothed,351,polyak-smoothed,351,54569.480298389622,54569.480298707611,55209
/Users/a/Ayanami/code/TSP/data/classic/tsplib/gr96.tsp,polyak-smoothed,352,polyak-smoothed,352,54569.465864957936,54569.480298707611,55209
/Users/a/Ayanami/code/TSP/data/classic/tsplib/gr96.tsp,polyak-smoothed,353,polyak-smoothed,353,54569.478648930824,54569.480298707611,55209
/Users/a/Ayanami/code/TSP/data/classic/tsplib/gr96.tsp,polyak-smoothed,354,polyak-smoothed,354,54569.462520536435,54569.480298707611,55209
/Users/a/Ayanami/code/TSP/data/classic/tsplib/gr96.tsp,polyak-smoothed,355,polyak-smoothed,355,54569.480298230636,54569.480298707611,55209
/Users/a/Ayanami/code/TSP/data/classic/tsplib/gr96.tsp,polyak-smoothed,356,polyak-smoothed,356,54569.465865076192,54569.480298707611,55209
/Users/a/Ayanami/code/TSP/data/classic/tsplib/gr96.tsp,polyak-smoothed,357,polyak-smoothed,357,54569.473954318382,54569.480298707611,55209
/Users/a/Ayanami/code/TSP/data/classic/tsplib/gr96.tsp,polyak-smoothed,358,polyak-smoothed,358,54569.488574185023,54569.488574185023,55209
/Users/a/Ayanami/code/TSP/data/classic/tsplib/gr96.tsp,polyak-smoothed,359,polyak-smoothed,359,54569.481862950124,54569.488574185023,55209
/Users/a/Ayanami/code/TSP/data/classic/tsplib/gr96.tsp,polyak-smoothed,360,polyak-smoothed,360,54569.485576382503,54569.488574185023,55209
/Users/a/Ayanami/code/TSP/data/classic/tsplib/gr96.tsp,polyak-smoothed,361,polyak-smoothed,361,54569.495304920303,54569.495304920303,55209
/Users/a/Ayanami/code/TSP/data/classic/tsplib/gr96.tsp,polyak-smoothed,362,polyak-smoothed,362,54569.487482323842,54569.495304920303,55209
/Users/a/Ayanami/code/TSP/data/classic/tsplib/gr96.tsp,polyak-smoothed,363,polyak-smoothed,363,54569.487821874704,54569.495304920303,55209
/Users/a/Ayanami/code/TSP/data/classic/tsplib/gr96.tsp,polyak-smoothed,364,polyak-smoothed,364,54569.493400436448,54569.495304920303,55209
/Users/a/Ayanami/code/TSP/data/classic/tsplib/gr96.tsp,polyak-smoothed,365,polyak-smoothed,365,54569.493850179824,54569.495304920303,55209
/Users/a/Ayanami/code/TSP/data/classic/tsplib/gr96.tsp,polyak-smoothed,366,polyak-smoothed,366,54569.493569054743,54569.495304920303,55209
/Users/a/Ayanami/code/TSP/data/classic/tsplib/gr96.tsp,polyak-smoothed,367,polyak-smoothed,367,54569.491167504071,54569.495304920303,55209
/Users/a/Ayanami/code/TSP/data/classic/tsplib/gr96.tsp,polyak-smoothed,368,polyak-smoothed,368,54569.489595665676,54569.495304920303,55209
/Users/a/Ayanami/code/TSP/data/classic/tsplib/gr96.tsp,polyak-smoothed,369,polyak-smoothed,369,54569.48573553138,54569.495304920303,55209
/Users/a/Ayanami/code/TSP/data/classic/tsplib/gr96.tsp,polyak-smoothed,370,polyak-smoothed,370,54569.490645838814,54569.495304920303,55209
/Users/a/Ayanami/code/TSP/data/classic/tsplib/gr96.tsp,polyak-smoothed,371,polyak-smoothed,371,54569.487799850082,54569.495304920303,55209
/Users/a/Ayanami/code/TSP/data/classic/tsplib/gr96.tsp,polyak-smoothed,372,polyak-smoothed,372,54569.485882106092,54569.495304920303,55209
/Users/a/Ayanami/code/TSP/data/classic/tsplib/gr96.tsp,polyak-smoothed,373,polyak-smoothed,373,54569.481425578328,54569.495304920303,55209
/Users/a/Ayanami/code/TSP/data/classic/tsplib/gr96.tsp,polyak-smoothed,374,polyak-smoothed,374,54569.485951293776,54569.495304920303,55209
/Users/a/Ayanami/code/TSP/data/classic/tsplib/gr96.tsp,polyak-smoothed,375,polyak-smoothed,375,54569.488705806434,54569.495304920303,55209
/Users/a/Ayanami/code/TSP/data/classic/tsplib/gr96.tsp,polyak-smoothed,376,polyak-smoothed,376,54569.495010198923,54569.495304920303,55209
/Users/a/Ayanami/code/TSP/data/classic/tsplib/gr96.tsp,polyak-smoothed,377,polyak-smoothed,377,54569.494818624233,54569.495304920303,55209
/Users/a/Ayanami/code/TSP/data/classic/tsplib/gr96.tsp,polyak-smoothed,378,polyak-smoothed,378,54569.495646156858,54569.495646156858,55209
/Users/a/Ayanami/code/TSP/data/classic/tsplib/gr96.tsp,polyak-smoothed,379,polyak-smoothed,379,54569.494182672592,54569.495646156858,55209
/Users/a/Ayanami/code/TSP/data/classic/tsplib/gr96.tsp,polyak-smoothed,380,polyak-smoothed,380,54569.495010198691,54569.495646156858,55209
/Users/a/Ayanami/code/TSP/data/classic/tsplib/gr96.tsp,polyak-smoothed,381,polyak-smoothed,381,54569.494818624458,54569.495646156858,55209
/Users/a/Ayanami/code/TSP/data/classic/tsplib/gr96.tsp,polyak-smoothed,382,polyak-smoothed,382,54569.495646145311,54569.495646156858,55209
/Users/a/Ayanami/code/TSP/data/classic/tsplib/gr96.tsp,polyak-smoothed,383,polyak-smoothed,383,54569.494182684146,54569.495646156858,55209
/Users/a/Ayanami/code/TSP/data/classic/tsplib/gr96.tsp,polyak-smoothed,384,polyak-smoothed,384,54569.495010198465,54569.495646156858,55209
/Users/a/Ayanami/code/TSP/data/classic/tsplib/gr96.tsp,polyak-smoothed,385,polyak-smoothed,385,54569.494818624706,54569.495646156858,55209
/Users/a/Ayanami/code/TSP/data/classic/tsplib/gr96.tsp,polyak-smoothed,386,polyak-smoothed,386,54569.495646133757,54569.495646156858,55209
/Users/a/Ayanami/code/TSP/data/classic/tsplib/gr96.tsp,polyak-smoothed,387,polyak-smoothed,387,54569.494182695707,54569.495646156858,55209
/Users/a/Ayanami/code/TSP/data/classic/tsplib/gr96.tsp,polyak-smoothed,388,polyak-smoothed,388,54569.495010198225,54569.495646156858,55209
/Users/a/Ayanami/code/TSP/data/classic/tsplib/gr96.tsp,polyak-smoothed,389,polyak-smoothed,389,54569.494818624924,54569.495646156858,55209
/Users/a/Ayanami/code/TSP/data/classic/tsplib/gr96.tsp,polyak-smoothed,390,polyak-smoothed,390,54569.49564612221,54569.495646156858,55209
/Users/a/Ayanami/code/TSP/data/classic/tsplib/gr96.tsp,polyak-smoothed-dynamic,1,polyak-smoothed-dynamic,1,47998,47998,55209
/Users/a/Ayanami/code/TSP/data/classic/tsplib/gr96.tsp,polyak-smoothed-dynamic,2,polyak-smoothed-dynamic,2,38340.400000000016,47998,55209
/Users/a/Ayanami/code/TSP/data/classic/tsplib/gr96.tsp,polyak-smoothed-dynamic,3,polyak-smoothed-dynamic,3,45276.812832501972,47998,55209
/Users/a/Ayanami/code/TSP/data/classic/tsplib/gr96.tsp,polyak-smoothed-dynamic,4,polyak-smoothed-dynamic,4,46668.152953368583,47998,55209
/Users/a/Ayanami/code/TSP/data/classic/tsplib/gr96.tsp,polyak-smoothed-dynamic,5,polyak-smoothed-dynamic,5,47733.23509604745,47998,55209
/Users/a/Ayanami/code/TSP/data/classic/tsplib/gr96.tsp,polyak-smoothed-dynamic,6,polyak-smoothed-dynamic,6,47544.462588831426,47998,55209
/Users/a/Ayanami/code/TSP/data/classic/tsplib/gr96.tsp,polyak-smoothed-dynamic,7,polyak-smoothed-dynamic,7,49078.708430771927,49078.708430771927,55209
/Users/a/Ayanami/code/TSP/data/classic/tsplib/gr96.tsp,polyak-smoothed-dynamic,8,polyak-smoothed-dynamic,8,49969.141875263704,49969.141875263704,55209
/Users/a/Ayanami/code/TSP/data/classic/tsplib/gr96.tsp,polyak-smoothed-dynamic,9,polyak-smoothed-dynamic,9,50172.11925078796,50172.11925078796,55209
/Users/a/Ayanami/code/TSP/data/classic/tsplib/gr96.tsp,polyak-smoothed-dynamic,10,polyak-smoothed-dynamic,10,50749.999213379357,50749.999213379357,55209
/Users/a/Ayanami/code/TSP/data/classic/tsplib/gr96.tsp,polyak-smoothed-dynamic,11,polyak-smoothed-dynamic,11,50939.984486906113,50939.984486906113,55209
/Users/a/Ayanami/code/TSP/data/classic/tsplib/gr96.tsp,polyak-smoothed-dynamic,12,polyak-smoothed-dynamic,12,51872.804994834987,51872.804994834987,55209
/Users/a/Ayanami/code/TSP/data/classic/tsplib/gr96.tsp,polyak-smoothed-dynamic,13,polyak-smoothed-dynamic,13,51811.786482286538,51872.804994834987,55209
/Users/a/Ayanami/code/TSP/data/classic/tsplib/gr96.tsp,polyak-smoothed-dynamic,14,polyak-smoothed-dynamic,14,51475.833132868298,51872.804994834987,55209
/Users/a/Ayanami/code/TSP/data/classic/tsplib/gr96.tsp,polyak-smoothed-dynamic,15,polyak-smoothed-dynamic,15,52090.236691771206,52090.236691771206,55209
/Users/a/Ayanami/code/TSP/data/classic/tsplib/gr96.tsp,polyak-smoothed-dynamic,16,polyak-smoothed-dynamic,16,51132.569719660096,52090.236691771206,55209
/Users/a/Ayanami/code/TSP/data/classic/tsplib/gr96.tsp,polyak-smoothed-dynamic,17,polyak-smoothed-dynamic,17,52649.922314893367,52649.922314893367,55209
/Users/a/Ayanami/code/TSP/data/classic/tsplib/gr96.tsp,polyak-smoothed-dynamic,18,polyak-smoothed-dynamic,18,52982.516825414627,52982.516825414627,55209
/Users/a/Ayanami/code/TSP/data/classic/tsplib/gr96.tsp,polyak-smoothed-dynamic,19,polyak-smoothed-dynamic,19,52127.036615432313,52982.516825414627,55209
/Users/a/Ayanami/code/TSP/data/classic/tsplib/gr96.tsp,polyak-smoothed-dynamic,20,polyak-smoothed-dynamic,20,53334.177227919361,53334.177227919361,55209
/Users/a/Ayanami/code/TSP/data/classic/tsplib/gr96.tsp,polyak-smoothed-dynamic,21,polyak-smoothed-dynamic,21,52804.85211060752,53334.177227919361,55209
/Users/a/Ayanami/code/TSP/data/classic/tsplib/gr96.tsp,polyak-smoothed-dynamic,22,polyak-smoothed-dynamic,22,52709.401356718743,53334.177227919361,55209
/Users/a/Ayanami/code/TSP/data/classic/tsplib/gr96.tsp,polyak-smoothed-dynamic,23,polyak-smoothed-dynamic,23,52504.759797870131,53334.177227919361,55209
/Users/a/Ayanami/code/TSP/data/classic/tsplib/gr96.tsp,polyak-smoothed-dynamic,24,polyak-smoothed-dynamic,24,52995.667539172435,53334.177227919361,55209
/Users/a/Ayanami/code/TSP/data/classic/tsplib/gr96.tsp,polyak-smoothed-dynamic,25,polyak-smoothed-dynamic,25,52305.11268256147,53334.177227919361,55209
/Users/a/Ayanami/code/TSP/data/classic/tsplib/gr96.tsp,polyak-smoothed-dynamic,26,polyak-smoothed-dynamic,26,52792.668904580532,53334.177227919361,55209
/Users/a/Ayanami/code/TSP/data/classic/tsplib/gr96.tsp,polyak-smoothed-dynamic,27,polyak-smoothed-dynamic,27,52626.886205198178,53334.177227919361,55209
/Users/a/Ayanami/code/TSP/data/classic/tsplib/gr96.tsp,polyak-smoothed-dynamic,28,polyak-smoothed-dynamic,28,52662.078689178401,53334.177227919361,55209
/Users/a/Ayanami/code/TSP/data/classic/tsplib/gr96.tsp,polyak-smoothed-dynamic,29,polyak-smoothed-dynamic,29,52389.285433296645,53334.177227919361,55209
/Users/a/Ayanami/code/TSP/data/classic/tsplib/gr96.tsp,polyak-smoothed-dynamic,30,polyak-smoothed-dynamic,30,52787.957077783147,53334.177227919361,55209
/Users/a/Ayanami/code/TSP/data/classic/tsplib/gr96.tsp,polyak-smoothed-dynamic,31,polyak-smoothed-dynamic,31,53252.460147941478,53334.177227919361,55209
/Users/a/Ayanami/code/TSP/data/classic/tsplib/gr96.tsp,polyak-smoothed-dynamic,32,polyak-smoothed-dynamic,32,53017.002671841845,53334.177227919361,55209
/Users/a/Ayanami/code/TSP/data/classic/tsplib/gr96.tsp,polyak-smoothed-dynamic,33,polyak-smoothed-dynamic,33,53270.679595410395,53334.177227919361,55209
/Users/a/Ayanami/code/TSP/data/classic/tsplib/gr96.tsp,polyak-smoothed-dynamic,34,polyak-smoothed-dynamic,34,53469.885423486514,53469.885423486514,55209
/Users/a/Ayanami/code/TSP/data/classic/tsplib/gr96.tsp,polyak-smoothed-dynamic,35,polyak-smoothed-dynamic,35,53857.352480285197,53857.352480285197,55209
/Users/a/Ayanami/code/TSP/data/classic/tsplib/gr96.tsp,polyak-smoothed-dynamic,36,polyak-smoothed-dynamic,36,53846.73518642538,53857.352480285197,55209
/Users/a/Ayanami/code/TSP/data/classic/tsplib/gr96.tsp,polyak-smoothed-dynamic,37,polyak-smoothed-dynamic,37,53970.352483445044,53970.352483445044,55209
/Users/a/Ayanami/code/TSP/data/classic/tsplib/gr96.tsp,polyak-smoothed-dynamic,38,polyak-smoothed-dynamic,38,54068.750187269186,54068.750187269186,55209
/Users/a/Ayanami/code/TSP/data/classic/tsplib/gr96.tsp,polyak-smoothed-dynamic,39,polyak-smoothed-dynamic,39,53769.104145007041,54068.750187269186,55209
/Users/a/Ayanami/code/TSP/data/classic/tsplib/gr96.tsp,polyak-smoothed-dynamic,40,polyak-smoothed-dynamic,40,54000.967471008138,54068.750187269186,55209
/Users/a/Ayanami/code/TSP/data/classic/tsplib/gr96.tsp,polyak-smoothed-dynamic,41,polyak-smoothed-dynamic,41,54070.289439380584,54070.289439380584,55209
/Users/a/Ayanami/code/TSP/data/classic/tsplib/gr96.tsp,polyak-smoothed-dynamic,42,polyak-smoothed-dynamic,42,54001.023237214038,54070.289439380584,55209
/Users/a/Ayanami/code/TSP/data/classic/tsplib/gr96.tsp,polyak-smoothed-dynamic,43,polyak-smoothed-dynamic,43,53907.000611575932,54070.289439380584,55209
/Users/a/Ayanami/code/TSP/data/classic/tsplib/gr96.tsp,polyak-smoothed-dynamic,44,polyak-smoothed-dynamic,44,53982.553173171953,54070.289439380584,55209
/Users/a/Ayanami/code/TSP/data/classic/tsplib/gr96.tsp,polyak-smoothed-dynamic,45,polyak-smoothed-dynamic,45,54217.328473819776,54217.328473819776,55209
/Users/a/Ayanami/code/TSP/data/classic/tsplib/gr96.tsp,polyak-smoothed-dynamic,46,polyak-smoothed-dynamic,46,54038.224308580051,54217.328473819776,55209
/Users/a/Ayanami/code/TSP/data/classic/tsplib/gr96.tsp,polyak-smoothed-dynamic,47,polyak-smoothed-dynamic,47,54082.813852281462,54217.328473819776,55209
/Users/a/Ayanami/code/TSP/data/classic/tsplib/gr96.tsp,polyak-smoothed-dynamic,48,polyak-smoothed-dynamic,48,54144.786120803001,54217.328473819776,55209
/Users/a/Ayanami/code/TSP/data/classic/tsplib/gr96.tsp,polyak-smoothed-dynamic,49,polyak-smoothed-dynamic,49,54122.92608628772,54217.328473819776,55209
/Users/a/Ayanami/code/TSP/data/classic/tsplib/gr96.tsp,polyak-smoothed-dynamic,50,polyak-smoothed-dynamic,50,54060.188104168163,54217.328473819776,55209
/Users/a/Ayanami/code/TSP/data/classic/tsplib/gr96.tsp,polyak-smoothed-dynamic,51,polyak-smoothed-dynamic,51,54190.670899847064,54217.328473819776,55209
/Users/a/Ayanami/code/TSP/data/classic/tsplib/gr96.tsp,polyak-smoothed-dynamic,52,polyak-smoothed-dynamic,52,54060.147289222987,54217.328473819776,55209
/Users/a/Ayanami/code/TSP/data/classic/tsplib/gr96.tsp,polyak-smoothed-dynamic,53,polyak-smoothed-dynamic,53,54171.670273369389,54217.328473819776,55209
/Users/a/Ayanami/code/TSP/data/classic/tsplib/gr96.tsp,polyak-smoothed-dynamic,54,polyak-smoothed-dynamic,54,54024.112711992202,54217.328473819776,55209
/Users/a/Ayanami/code/TSP/data/classic/tsplib/gr96.tsp,polyak-smoothed-dynamic,55,polyak-smoothed-dynamic,55,53967.394578225074,54217.328473819776,55209
/Users/a/Ayanami/code/TSP/data/classic/tsplib/gr96.tsp,polyak-smoothed-dynamic,56,polyak-smoothed-dynamic,56,54002.501743744535,54217.328473819776,55209
/Users/a/Ayanami/code/TSP/data/classic/tsplib/gr96.tsp,polyak-smoothed-dynamic,57,polyak-smoothed-dynamic,57,54061.991885487834,54217.328473819776,55209
/Users/a/Ayanami/code/TSP/data/classic/tsplib/gr96.tsp,polyak-smoothed-dynamic,58,polyak-smoothed-dynamic,58,54073.21552351104,54217.328473819776,55209
/Users/a/Ayanami/code/TSP/data/classic/tsplib/gr96.tsp,polyak-smoothed-dynamic,59,polyak-smoothed-dynamic,59,54164.928800201087,54217.328473819776,55209
/Users/a/Ayanami/code/TSP/data/classic/tsplib/gr96.tsp,polyak-smoothed-dynamic,60,polyak-smoothed-dynamic,60,54249.553661583675,54249.553661583675,55209
/Users/a/Ayanami/code/TSP/data/classic/tsplib/gr96.tsp,polyak-smoothed-dynamic,61,polyak-smoothed-dynamic,61,54315.579553809497,54315.579553809497,55209
/Users/a/Ayanami/code/TSP/data/classic/tsplib/gr96.tsp,polyak-smoothed-dynamic,62,polyak-smoothed-dynamic,62,54392.339571286939,54392.339571286939,55209
/Users/a/Ayanami/code/TSP/data/classic/tsplib/gr96.tsp,polyak-smoothed-dynamic,63,polyak-smoothed-dynamic,63,54304.424882582927,54392.339571286939,55209
/Users/a/Ayanami/code/TSP/data/classic/tsplib/gr96.tsp,polyak-smoothed-dynamic,64,polyak-smoothed-dynamic,64,54418.574716209696,54418.574716209696,55209
/Users/a/Ayanami/code/TSP/data/classic/tsplib/gr96.tsp,polyak-smoothed-dynamic,65,polyak-smoothed-dynamic,65,54346.905277069374,54418.574716209696,55209
/Users/a/Ayanami/code/TSP/data/classic/tsplib/gr96.tsp,polyak-smoothed-dynamic,66,polyak-smoothed-dynamic,66,54380.902683208158,54418.574716209696,55209
/Users/a/Ayanami/code/TSP/data/classic/tsplib/gr96.tsp,polyak-smoothed-dynamic,67,polyak-smoothed-dynamic,67,54351.983209595106,54418.574716209696,55209
/Users/a/Ayanami/code/TSP/data/classic/tsplib/gr96.tsp,polyak-smoothed-dynamic,68,polyak-smoothed-dynamic,68,54428.090195940487,54428.090195940487,55209
/Users/a/Ayanami/code/TSP/data/classic/tsplib/gr96.tsp,polyak-smoothed-dynamic,69,polyak-smoothed-dynamic,69,54370.073501828134,54428.090195940487,55209
/Users/a/Ayanami/code/TSP/data/classic/tsplib/gr96.tsp,polyak-smoothed-dynamic,70,polyak-smoothed-dynamic,70,54381.507701428134,54428.090195940487,55209
/Users/a/Ayanami/code/TSP/data/classic/tsplib/gr96.tsp,polyak-smoothed-dynamic,71,polyak-smoothed-dynamic,71,54393.289389240141,54428.090195940487,55209
/Users/a/Ayanami/code/TSP/data/classic/tsplib/gr96.tsp,polyak-smoothed-dynamic,72,polyak-smoothed-dynamic,72,54433.776676538902,54433.776676538902,55209
/Users/a/Ayanami/code/TSP/data/classic/tsplib/gr96.tsp,polyak-smoothed-dynamic,73,polyak-smoothed-dynamic,73,54389.457473537695,54433.776676538902,55209
/Users/a/Ayanami/code/TSP/data/classic/tsplib/gr96.tsp,polyak-smoothed-dynamic,74,polyak-smoothed-dynamic,74,54428.714261831723,54433.776676538902,55209
/Users/a/Ayanami/code/TSP/data/classic/tsplib/gr96.tsp,polyak-smoothed-dynamic,75,polyak-smoothed-dynamic,75,54421.89032449948,54433.776676538902,55209
/Users/a/Ayanami/code/TSP/data/classic/tsplib/gr96.tsp,polyak-smoothed-dynamic,76,polyak-smoothed-dynamic,76,54358.00480841667,54433.776676538902,55209
/Users/a/Ayanami/code/TSP/data/classic/tsplib/gr96.tsp,polyak-smoothed-dynamic,77,polyak-smoothed-dynamic,77,54415.780031700364,54433.776676538902,55209
/Users/a/Ayanami/code/TSP/data/classic/tsplib/gr96.tsp,polyak-smoothed-dynamic,78,polyak-smoothed-dynamic,78,54443.40061397347,54443.40061397347,55209
/Users/a/Ayanami/code/TSP/data/classic/tsplib/gr96.tsp,polyak-smoothed-dynamic,79,polyak-smoothed-dynamic,79,54407.162884239275,54443.40061397347,55209
/Users/a/Ayanami/code/TSP/data/classic/tsplib/gr96.tsp,polyak-smoothed-dynamic,80,polyak-smoothed-dynamic,80,54384.799262169712,54443.40061397347,55209
/Users/a/Ayanami/code/TSP/data/classic/tsplib/gr96.tsp,polyak-smoothed-dynamic,81,polyak-smoothed-dynamic,81,54418.405262659733,54443.40061397347,55209
/Users/a/Ayanami/code/TSP/data/classic/tsplib/gr96.tsp,polyak-smoothed-dynamic,82,polyak-smoothed-dynamic,82,54459.389437916223,54459.389437916223,55209
/Users/a/Ayanami/code/TSP/data/classic/tsplib/gr96.tsp,polyak-smoothed-dynamic,83,polyak-smoothed-dynamic,83,54294.125544232709,54459.389437916223,55209
/Users/a/Ayanami/code/TSP/data/classic/tsplib/gr96.tsp,polyak-smoothed-dynamic,84,polyak-smoothed-dynamic,84,54415.845376105426,54459.389437916223,55209
/Users/a/Ayanami/code/TSP/data/classic/tsplib/gr96.tsp,polyak-smoothed-dynamic,85,polyak-smoothed-dynamic,85,54369.605599269082,54459.389437916223,55209
/Users/a/Ayanami/code/TSP/data/classic/tsplib/gr96.tsp,polyak-smoothed-dynamic,86,polyak-smoothed-dynamic,86,54361.096721381851,54459.389437916223,55209
/Users/a/Ayanami/code/TSP/data/classic/tsplib/gr96.tsp,polyak-smoothed-dynamic,87,polyak-smoothed-dynamic,87,54300.976777753487,54459.389437916223,55209
/Users/a/Ayanami/code/TSP/data/classic/tsplib/gr96.tsp,polyak-smoothed-dynamic,88,polyak-smoothed-dynamic,88,54308.609790251307,54459.389437916223,55209
/Users/a/Ayanami/code/TSP/data/classic/tsplib/gr96.tsp,polyak-smoothed-dynamic,89,polyak-smoothed-dynamic,89,54463.129854706582,54463.129854706582,55209
/Users/a/Ayanami/code/TSP/data/classic/tsplib/gr96.tsp,polyak-smoothed-dynamic,90,polyak-smoothed-dynamic,90,54333.537684841132,54463.129854706582,55209
/Users/a/Ayanami/code/TSP/data/classic/tsplib/gr96.tsp,polyak-smoothed-dynamic,91,polyak-smoothed-dynamic,91,54425.527566360775,54463.129854706582,55209
/Users/a/Ayanami/code/TSP/data/classic/tsplib/gr96.tsp,polyak-smoothed-dynamic,92,polyak-smoothed-dynamic,92,54310.08645896284,54463.129854706582,55209
/Users/a/Ayanami/code/TSP/data/classic/tsplib/gr96.tsp,polyak-smoothed-dynamic,93,polyak-smoothed-dynamic,93,54361.004679195306,54463.129854706582,55209
/Users/a/Ayanami/code/TSP/data/classic/tsplib/gr96.tsp,polyak-smoothed-dynamic,94,polyak-smoothed-dynamic,94,54320.857193276883,54463.129854706582,55209
/Users/a/Ayanami/code/TSP/data/classic/tsplib/gr96.tsp,polyak-smoothed-dynamic,95,polyak-smoothed-dynamic,95,54378.959876267822,54463.129854706582,55209
/Users/a/Ayanami/code/TSP/data/classic/tsplib/gr96.tsp,polyak-smoothed-dynamic,96,polyak-smoothed-dynamic,96,54361.012843814395,54463.129854706582,55209
/Users/a/Ayanami/code/TSP/data/classic/tsplib/gr96.tsp,polyak-smoothed-dynamic,97,polyak-smoothed-dynamic,97,54404.864746373532,54463.129854706582,55209
/Users/a/Ayanami/code/TSP/data/classic/tsplib/gr96.tsp,polyak-smoothed-dynamic,98,polyak-smoothed-dynamic,98,54265.833199986824,54463.129854706582,55209
/Users/a/Ayanami/code/TSP/data/classic/tsplib/gr96.tsp,polyak-smoothed-dynamic,99,polyak-smoothed-dynamic,99,54311.302476093217,54463.129854706582,55209
/Users/a/Ayanami/code/TSP/data/classic/tsplib/gr96.tsp,polyak-smoothed-dynamic,100,polyak-smoothed-dynamic,100,54365.502665991946,54463.129854706582,55209
/Users/a/Ayanami/code/TSP/data/classic/tsplib/gr96.tsp,polyak-smoothed-dynamic,101,polyak-smoothed-dynamic,101,54356.120482625294,54463.129854706582,55209
/Users/a/Ayanami/code/TSP/data/classic/tsplib/gr96.tsp,polyak-smoothed-dynamic,102,polyak-smoothed-dynamic,102,54375.763282932799,54463.129854706582,55209
/Users/a/Ayanami/code/TSP/data/classic/tsplib/gr96.tsp,polyak-smoothed-dynamic,103,polyak-smoothed-dynamic,103,54413.327056902686,54463.129854706582,55209
/Users/a/Ayanami/code/TSP/data/classic/tsplib/gr96.tsp,polyak-smoothed-dynamic,104,polyak-smoothed-dynamic,104,54467.983286796894,54467.983286796894,55209
/Users/a/Ayanami/code/TSP/data/classic/tsplib/gr96.tsp,polyak-smoothed-dynamic,105,polyak-smoothed-dynamic,105,54468.635668243893,54468.635668243893,55209
/Users/a/Ayanami/code/TSP/data/classic/tsplib/gr96.tsp,polyak-smoothed-dynamic,106,polyak-smoothed-dynamic,106,54457.467434801481,54468.635668243893,55209
/Users/a/Ayanami/code/TSP/data/classic/tsplib/gr96.tsp,polyak-smoothed-dynamic,107,polyak-smoothed-dynamic,107,54511.670143369927,54511.670143369927,55209
/Users/a/Ayanami/code/TSP/data/classic/tsplib/gr96.tsp,polyak-smoothed-dynamic,108,polyak-smoothed-dynamic,108,54467.314105383914,54511.670143369927,55209
/Users/a/Ayanami/code/TSP/data/classic/tsplib/gr96.tsp,polyak-smoothed-dynamic,109,polyak-smoothed-dynamic,109,54492.503321802542,54511.670143369927,55209
/Users/a/Ayanami/code/TSP/data/classic/tsplib/gr96.tsp,polyak-smoothed-dynamic,110,polyak-smoothed-dynamic,110,54435.823791333758,54511.670143369927,55209
/Users/a/Ayanami/code/TSP/data/classic/tsplib/gr96.tsp,polyak-smoothed-dynamic,111,polyak-smoothed-dynamic,111,54470.674196761676,54511.670143369927,55209
/Users/a/Ayanami/code/TSP/data/classic/tsplib/gr96.tsp,polyak-smoothed-dynamic,112,polyak-smoothed-dynamic,112,54452.812560467304,54511.670143369927,55209
/Users/a/Ayanami/code/TSP/data/classic/tsplib/gr96.tsp,polyak-smoothed-dynamic,113,polyak-smoothed-dynamic,113,54491.127513836844,54511.670143369927,55209
/Users/a/Ayanami/code/TSP/data/classic/tsplib/gr96.tsp,polyak-smoothed-dynamic,114,polyak-smoothed-dynamic,114,54437.55734024704,54511.670143369927,55209
/Users/a/Ayanami/code/TSP/data/classic/tsplib/gr96.tsp,polyak-smoothed-dynamic,115,polyak-smoothed-dynamic,115,54467.420800045562,54511.670143369927,55209
/Users/a/Ayanami/code/TSP/data/classic/tsplib/gr96.tsp,polyak-smoothed-dynamic,116,polyak-smoothed-dynamic,116,54465.220682463623,54511.670143369927,55209
/Users/a/Ayanami/code/TSP/data/classic/tsplib/gr96.tsp,polyak-smoothed-dynamic,117,polyak-smoothed-dynamic,117,54477.147228956484,54511.670143369927,55209
/Users/a/Ayanami/code/TSP/data/classic/tsplib/gr96.tsp,polyak-smoothed-dynamic,118,polyak-smoothed-dynamic,118,54526.054872668858,54526.054872668858,55209
/Users/a/Ayanami/code/TSP/data/classic/tsplib/gr96.tsp,polyak-smoothed-dynamic,119,polyak-smoothed-dynamic,119,54396.214897251397,54526.054872668858,55209
/Users/a/Ayanami/code/TSP/data/classic/tsplib/gr96.tsp,polyak-smoothed-dynamic,120,polyak-smoothed-dynamic,120,54450.12418451556,54526.054872668858,55209
/Users/a/Ayanami/code/TSP/data/classic/tsplib/gr96.tsp,polyak-smoothed-dynamic,121,polyak-smoothed-dynamic,121,54484.280808726078,54526.054872668858,55209
/Users/a/Ayanami/code/TSP/data/classic/tsplib/gr96.tsp,polyak-smoothed-dynamic,122,polyak-smoothed-dynamic,122,54511.3841442747,54526.054872668858,55209
/Users/a/Ayanami/code/TSP/data/classic/tsplib/gr96.tsp,polyak-smoothed-dynamic,123,polyak-smoothed-dynamic,123,54435.857902412819,54526.054872668858,55209
/Users/a/Ayanami/code/TSP/data/classic/tsplib/gr96.tsp,polyak-smoothed-dynamic,124,polyak-smoothed-dynamic,124,54472.151470001867,54526.054872668858,55209
/Users/a/Ayanami/code/TSP/data/classic/tsplib/gr96.tsp,polyak-smoothed-dynamic,125,polyak-smoothed-dynamic,125,54505.693759485388,54526.054872668858,55209
/Users/a/Ayanami/code/TSP/data/classic/tsplib/gr96.tsp,polyak-smoothed-dynamic,126,polyak-smoothed-dynamic,126,54490.13893614454,54526.054872668858,55209
/Users/a/Ayanami/code/TSP/data/classic/tsplib/gr96.tsp,polyak-smoothed-dynamic,127,polyak-smoothed-dynamic,127,54494.97857609472,54526.054872668858,55209
/Users/a/Ayanami/code/TSP/data/classic/tsplib/gr96.tsp,polyak-smoothed-dynamic,128,polyak-smoothed-dynamic,128,54504.937581475613,54526.054872668858,55209
/Users/a/Ayanami/code/TSP/data/classic/tsplib/gr96.tsp,polyak-smoothed-dynamic,129,polyak-smoothed-dynamic,129,54509.534868138748,54526.054872668858,55209
/Users/a/Ayanami/code/TSP/data/classic/tsplib/gr96.tsp,polyak-smoothed-dynamic,130,polyak-smoothed-dynamic,130,54498.220856428212,54526.054872668858,55209
/Users/a/Ayanami/code/TSP/data/classic/tsplib/gr96.tsp,polyak-smoothed-dynamic,131,polyak-smoothed-dynamic,131,54484.792201897377,54526.054872668858,55209
/Users/a/Ayanami/code/TSP/data/classic/tsplib/gr96.tsp,polyak-smoothed-dynamic,132,polyak-smoothed-dynamic,132,54534.397971091108,54534.397971091108,55209
/Users/a/Ayanami/code/TSP/data/classic/tsplib/gr96.tsp,polyak-smoothed-dynamic,133,polyak-smoothed-dynamic,133,54545.186899080472,54545.186899080472,55209
/Users/a/Ayanami/code/TSP/data/classic/tsplib/gr96.tsp,polyak-smoothed-dynamic,134,polyak-smoothed-dynamic,134,54501.22175843703,54545.186899080472,55209
/Users/a/Ayanami/code/TSP/data/classic/tsplib/gr96.tsp,polyak-smoothed-dynamic,135,polyak-smoothed-dynamic,135,54523.36942841563,54545.186899080472,55209
/Users/a/Ayanami/code/TSP/data/classic/tsplib/gr96.tsp,polyak-smoothed-dynamic,136,polyak-smoothed-dynamic,136,54519.763182512252,54545.186899080472,55209
/Users/a/Ayanami/code/TSP/data/classic/tsplib/gr96.tsp,polyak-smoothed-dynamic,137,polyak-smoothed-dynamic,137,54533.056776780119,54545.186899080472,55209
/Users/a/Ayanami/code/TSP/data/classic/tsplib/gr96.tsp,polyak-smoothed-dynamic,138,polyak-smoothed-dynamic,138,54479.086325988559,54545.186899080472,55209
/Users/a/Ayanami/code/TSP/data/classic/tsplib/gr96.tsp,polyak-smoothed-dynamic,139,polyak-smoothed-dynamic,139,54509.226456611177,54545.186899080472,55209
/Users/a/Ayanami/code/TSP/data/classic/tsplib/gr96.tsp,polyak-smoothed-dynamic,140,polyak-smoothed-dynamic,140,54508.429452352975,54545.186899080472,55209
/Users/a/Ayanami/code/TSP/data/classic/tsplib/gr96.tsp,polyak-smoothed-dynamic,141,polyak-smoothed-dynamic,141,54511.915146307096,54545.186899080472,55209
/Users/a/Ayanami/code/TSP/data/classic/tsplib/gr96.tsp,polyak-smoothed-dynamic,142,polyak-smoothed-dynamic,142,54520.013050592963,54545.186899080472,55209
/Users/a/Ayanami/code/TSP/data/classic/tsplib/gr96.tsp,polyak-smoothed-dynamic,143,polyak-smoothed-dynamic,143,54503.148721909143,54545.186899080472,55209
/Users/a/Ayanami/code/TSP/data/classic/tsplib/gr96.tsp,polyak-smoothed-dynamic,144,polyak-smoothed-dynamic,144,54523.254687956367,54545.186899080472,55209
/Users/a/Ayanami/code/TSP/data/classic/tsplib/gr96.tsp,polyak-smoothed-dynamic,145,polyak-smoothed-dynamic,145,54548.415615127298,54548.415615127298,55209
/Users/a/Ayanami/code/TSP/data/classic/tsplib/gr96.tsp,polyak-smoothed-dynamic,146,polyak-smoothed-dynamic,146,54469.322603265835,54548.415615127298,55209
/Users/a/Ayanami/code/TSP/data/classic/tsplib/gr96.tsp,polyak-smoothed-dynamic,147,polyak-smoothed-dynamic,147,54479.96089889836,54548.415615127298,55209
/Users/a/Ayanami/code/TSP/data/classic/tsplib/gr96.tsp,polyak-smoothed-dynamic,148,polyak-smoothed-dynamic,148,54547.720393594653,54548.415615127298,55209
/Users/a/Ayanami/code/TSP/data/classic/tsplib/gr96.tsp,polyak-smoothed-dynamic,149,polyak-smoothed-dynamic,149,54531.800131288765,54548.415615127298,55209
/Users/a/Ayanami/code/TSP/data/classic/tsplib/gr96.tsp,polyak-smoothed-dynamic,150,polyak-smoothed-dynamic,150,54492.370619762405,54548.415615127298,55209
/Users/a/Ayanami/code/TSP/data/classic/tsplib/gr96.tsp,polyak-smoothed-dynamic,151,polyak-smoothed-dynamic,151,54521.221830715695,54548.415615127298,55209
/Users/a/Ayanami/code/TSP/data/classic/tsplib/gr96.tsp,polyak-smoothed-dynamic,152,polyak-smoothed-dynamic,152,54524.976657875784,54548.415615127298,55209
/Users/a/Ayanami/code/TSP/data/classic/tsplib/gr96.tsp,polyak-smoothed-dynamic,153,polyak-smoothed-dynamic,153,54534.433172478355,54548.415615127298,55209
/Users/a/Ayanami/code/TSP/data/classic/tsplib/gr96.tsp,polyak-smoothed-dynamic,154,polyak-smoothed-dynamic,154,54516.439831830052,54548.415615127298,55209
/Users/a/Ayanami/code/TSP/data/classic/tsplib/gr96.tsp,polyak-smoothed-dynamic,155,polyak-smoothed-dynamic,155,54522.592720910849,54548.415615127298,55209
/Users/a/Ayanami/code/TSP/data/classic/tsplib/gr96.tsp,polyak-smoothed-dynamic,156,polyak-smoothed-dynamic,156,54528.628483334047,54548.415615127298,55209
/Users/a/Ayanami/code/TSP/data/classic/tsplib/gr96.tsp,polyak-smoothed-dynamic,157,polyak-smoothed-dynamic,157,54535.704435906831,54548.415615127298,55209
/Users/a/Ayanami/code/TSP/data/classic/tsplib/gr96.tsp,polyak-smoothed-dynamic,158,polyak-smoothed-dynamic,158,54494.276880912315,54548.415615127298,55209
/Users/a/Ayanami/code/TSP/data/classic/tsplib/gr96.tsp,polyak-smoothed-dynamic,159,polyak-smoothed-dynamic,159,54512.838966899813,54548.415615127298,55209
/Users/a/Ayanami/code/TSP/data/classic/tsplib/gr96.tsp,polyak-smoothed-dynamic,160,polyak-smoothed-dynamic,160,54551.010010840779,54551.010010840779,55209
/Users/a/Ayanami/code/TSP/data/classic/tsplib/gr96.tsp,polyak-smoothed-dynamic,161,polyak-smoothed-dynamic,161,54535.156286595622,54551.010010840779,55209
/Users/a/Ayanami/code/TSP/data/classic/tsplib/gr96.tsp,polyak-smoothed-dynamic,162,polyak-smoothed-dynamic,162,54554.920140833521,54554.920140833521,55209
/Users/a/Ayanami/code/TSP/data/classic/tsplib/gr96.tsp,polyak-smoothed-dynamic,163,polyak-smoothed-dynamic,163,54536.897803021857,54554.920140833521,55209
/Users/a/Ayanami/code/TSP/data/classic/tsplib/gr96.tsp,polyak-smoothed-dynamic,164,polyak-smoothed-dynamic,164,54539.26671630131,54554.920140833521,55209
/Users/a/Ayanami/code/TSP/data/classic/tsplib/gr96.tsp,polyak-smoothed-dynamic,165,polyak-smoothed-dynamic,165,54545.674429612161,54554.920140833521,55209
/Users/a/Ayanami/code/TSP/data/classic/tsplib/gr96.tsp,polyak-smoothed-dynamic,166,polyak-smoothed-dynamic,166,54541.275410799892,54554.920140833521,55209
/Users/a/Ayanami/code/TSP/data/classic/tsplib/gr96.tsp,polyak-smoothed-dynamic,167,polyak-smoothed-dynamic,167,54539.057951444149,54554.920140833521,55209
/Users/a/Ayanami/code/TSP/data/classic/tsplib/gr96.tsp,polyak-smoothed-dynamic,168,polyak-smoothed-dynamic,168,54539.467445369271,54554.920140833521,55209
/Users/a/Ayanami/code/TSP/data/classic/tsplib/gr96.tsp,polyak-smoothed-dynamic,169,polyak-smoothed-dynamic,169,54551.067406460556,54554.920140833521,55209
/Users/a/Ayanami/code/TSP/data/classic/tsplib/gr96.tsp,polyak-smoothed-dynamic,170,polyak-smoothed-dynamic,170,54557.437249670344,54557.437249670344,55209
/Users/a/Ayanami/code/TSP/data/classic/tsplib/gr96.tsp,polyak-smoothed-dynamic,171,polyak-smoothed-dynamic,171,54517.715078434063,54557.437249670344,55209
/Users/a/Ayanami/code/TSP/data/classic/tsplib/gr96.tsp,polyak-smoothed-dynamic,172,polyak-smoothed-dynamic,172,54517.715078434063,54557.437249670344,55209
/Users/a/Ayanami/code/TSP/data/classic/tsplib/gr96.tsp,polyak-smoothed-dynamic,173,polyak-smoothed-dynamic,173,54554.954613968061,54557.437249670344,55209
/Users/a/Ayanami/code/TSP/data/classic/tsplib/gr96.tsp,polyak-smoothed-dynamic,174,polyak-smoothed-dynamic,174,54554.954613968061,54557.437249670344,55209
/Users/a/Ayanami/code/TSP/data/classic/tsplib/gr96.tsp,polyak-smoothed-dynamic,175,polyak-smoothed-dynamic,175,54520.042549404927,54557.437249670344,55209
/Users/a/Ayanami/code/TSP/data/classic/tsplib/gr96.tsp,polyak-smoothed-dynamic,176,polyak-smoothed-dynamic,176,54520.042549404927,54557.437249670344,55209
/Users/a/Ayanami/code/TSP/data/classic/tsplib/gr96.tsp,polyak-smoothed-dynamic,177,polyak-smoothed-dynamic,177,54552.772609932887,54557.437249670344,55209
/Users/a/Ayanami/code/TSP/data/classic/tsplib/gr96.tsp,polyak-smoothed-dynamic,178,polyak-smoothed-dynamic,178,54552.772609932887,54557.437249670344,55209
/Users/a/Ayanami/code/TSP/data/classic/tsplib/gr96.tsp,polyak-smoothed-dynamic,179,polyak-smoothed-dynamic,179,54522.088178187929,54557.437249670344,55209
/Users/a/Ayanami/code/TSP/data/classic/tsplib/gr96.tsp,polyak-smoothed-dynamic,180,polyak-smoothed-dynamic,180,54522.088178187929,54557.437249670344,55209
/Users/a/Ayanami/code/TSP/data/classic/tsplib/gr96.tsp,polyak-smoothed-dynamic,181,polyak-smoothed-dynamic,181,54550.854832948826,54557.437249670344,55209
/Users/a/Ayanami/code/TSP/data/classic/tsplib/gr96.tsp,polyak-smoothed-dynamic,182,polyak-smoothed-dynamic,182,54550.854832948826,54557.437249670344,55209
/Users/a/Ayanami/code/TSP/data/classic/tsplib/gr96.tsp,polyak-smoothed-dynamic,183,polyak-smoothed-dynamic,183,54523.886094110494,54557.437249670344,55209
/Users/a/Ayanami/code/TSP/data/classic/tsplib/gr96.tsp,polyak-smoothed-dynamic,184,polyak-smoothed-dynamic,184,54523.886094110494,54557.437249670344,55209
/Users/a/Ayanami/code/TSP/data/classic/tsplib/gr96.tsp,polyak-smoothed-dynamic,185,polyak-smoothed-dynamic,185,54553.363876217118,54557.437249670344,55209
/Users/a/Ayanami/code/TSP/data/classic/tsplib/gr96.tsp,polyak-smoothed-dynamic,186,polyak-smoothed-dynamic,186,54554.431336546986,54557.437249670344,55209
/Users/a/Ayanami/code/TSP/data/classic/tsplib/gr96.tsp,polyak-smoothed-dynamic,187,polyak-smoothed-dynamic,187,54554.797572079522,54557.437249670344,55209
/Users/a/Ayanami/code/TSP/data/classic/tsplib/gr96.tsp,polyak-smoothed-dynamic,188,polyak-smoothed-dynamic,188,54553.061085798909,54557.437249670344,55209
/Users/a/Ayanami/code/TSP/data/classic/tsplib/gr96.tsp,polyak-smoothed-dynamic,189,polyak-smoothed-dynamic,189,54552.695254154271,54557.437249670344,55209
/Users/a/Ayanami/code/TSP/data/classic/tsplib/gr96.tsp,polyak-smoothed-dynamic,190,polyak-smoothed-dynamic,190,54554.368141294544,54557.437249670344,55209
/Users/a/Ayanami/code/TSP/data/classic/tsplib/gr96.tsp,polyak-smoothed-dynamic,191,polyak-smoothed-dynamic,191,54554.73353937747,54557.437249670344,55209
/Users/a/Ayanami/code/TSP/data/classic/tsplib/gr96.tsp,polyak-smoothed-dynamic,192,polyak-smoothed-dynamic,192,54553.122282891767,54557.437249670344,55209
/Users/a/Ayanami/code/TSP/data/classic/tsplib/gr96.tsp,polyak-smoothed-dynamic,193,polyak-smoothed-dynamic,193,54552.757346981758,54557.437249670344,55209
/Users/a/Ayanami/code/TSP/data/classic/tsplib/gr96.tsp,polyak-smoothed-dynamic,194,polyak-smoothed-dynamic,194,54554.308881540943,54557.437249670344,55209
/Users/a/Ayanami/code/TSP/data/classic/tsplib/gr96.tsp,polyak-smoothed-dynamic,195,polyak-smoothed-dynamic,195,54554.673327696684,54557.437249670344,55209
/Users/a/Ayanami/code/TSP/data/classic/tsplib/gr96.tsp,polyak-smoothed-dynamic,196,polyak-smoothed-dynamic,196,54563.748240789297,54563.748240789297,55209
/Users/a/Ayanami/code/TSP/data/classic/tsplib/gr96.tsp,polyak-smoothed-dynamic,197,polyak-smoothed-dynamic,197,54563.390986541868,54563.748240789297,55209
/Users/a/Ayanami/code/TSP/data/classic/tsplib/gr96.tsp,polyak-smoothed-dynamic,198,polyak-smoothed-dynamic,198,54561.694902407995,54563.748240789297,55209
/Users/a/Ayanami/code/TSP/data/classic/tsplib/gr96.tsp,polyak-smoothed-dynamic,199,polyak-smoothed-dynamic,199,54564.114015322673,54564.114015322673,55209
/Users/a/Ayanami/code/TSP/data/classic/tsplib/gr96.tsp,polyak-smoothed-dynamic,200,polyak-smoothed-dynamic,200,54563.258651593933,54564.114015322673,55209
/Users/a/Ayanami/code/TSP/data/classic/tsplib/gr96.tsp,polyak-smoothed-dynamic,201,polyak-smoothed-dynamic,201,54561.131403747189,54564.114015322673,55209
/Users/a/Ayanami/code/TSP/data/classic/tsplib/gr96.tsp,polyak-smoothed-dynamic,202,polyak-smoothed-dynamic,202,54561.131403747189,54564.114015322673,55209
/Users/a/Ayanami/code/TSP/data/classic/tsplib/gr96.tsp,polyak-smoothed-dynamic,203,polyak-smoothed-dynamic,203,54562.714399436358,54564.114015322673,55209
/Users/a/Ayanami/code/TSP/data/classic/tsplib/gr96.tsp,polyak-smoothed-dynamic,204,polyak-smoothed-dynamic,204,54562.714399436358,54564.114015322673,55209
/Users/a/Ayanami/code/TSP/data/classic/tsplib/gr96.tsp,polyak-smoothed-dynamic,205,polyak-smoothed-dynamic,205,54561.156138054837,54564.114015322673,55209
/Users/a/Ayanami/code/TSP/data/classic/tsplib/gr96.tsp,polyak-smoothed-dynamic,206,polyak-smoothed-dynamic,206,54561.156138054837,54564.114015322673,55209
/Users/a/Ayanami/code/TSP/data/classic/tsplib/gr96.tsp,polyak-smoothed-dynamic,207,polyak-smoothed-dynamic,207,54562.690051602287,54564.114015322673,55209
/Users/a/Ayanami/code/TSP/data/classic/tsplib/gr96.tsp,polyak-smoothed-dynamic,208,polyak-smoothed-dynamic,208,54562.690051602287,54564.114015322673,55209
/Users/a/Ayanami/code/TSP/data/classic/tsplib/gr96.tsp,polyak-smoothed-dynamic,209,polyak-smoothed-dynamic,209,54561.180105453997,54564.114015322673,55209
/Users/a/Ayanami/code/TSP/data/classic/tsplib/gr96.tsp,polyak-smoothed-dynamic,210,polyak-smoothed-dynamic,210,54561.180105453997,54564.114015322673,55209
/Users/a/Ayanami/code/TSP/data/classic/tsplib/gr96.tsp,polyak-smoothed-dynamic,211,polyak-smoothed-dynamic,211,54562.666458693711,54564.114015322673,55209
/Users/a/Ayanami/code/TSP/data/classic/tsplib/gr96.tsp,polyak-smoothed-dynamic,212,polyak-smoothed-dynamic,212,54562.666458693711,54564.114015322673,55209
/Users/a/Ayanami/code/TSP/data/classic/tsplib/gr96.tsp,polyak-smoothed-dynamic,213,polyak-smoothed-dynamic,213,54566.834450562586,54566.834450562586,55209
/Users/a/Ayanami/code/TSP/data/classic/tsplib/gr96.tsp,polyak-smoothed-dynamic,214,polyak-smoothed-dynamic,214,54565.28316168829,54566.834450562586,55209
/Users/a/Ayanami/code/TSP/data/classic/tsplib/gr96.tsp,polyak-smoothed-dynamic,215,polyak-smoothed-dynamic,215,54566.935363586177,54566.935363586177,55209
/Users/a/Ayanami/code/TSP/data/classic/tsplib/gr96.tsp,polyak-smoothed-dynamic,216,polyak-smoothed-dynamic,216,54565.969138999164,54566.935363586177,55209
/Users/a/Ayanami/code/TSP/data/classic/tsplib/gr96.tsp,polyak-smoothed-dynamic,217,polyak-smoothed-dynamic,217,54566.365827945148,54566.935363586177,55209
/Users/a/Ayanami/code/TSP/data/classic/tsplib/gr96.tsp,polyak-smoothed-dynamic,218,polyak-smoothed-dynamic,218,54564.817888042526,54566.935363586177,55209
/Users/a/Ayanami/code/TSP/data/classic/tsplib/gr96.tsp,polyak-smoothed-dynamic,219,polyak-smoothed-dynamic,219,54565.973103150944,54566.935363586177,55209
/Users/a/Ayanami/code/TSP/data/classic/tsplib/gr96.tsp,polyak-smoothed-dynamic,220,polyak-smoothed-dynamic,220,54565.962846250462,54566.935363586177,55209
/Users/a/Ayanami/code/TSP/data/classic/tsplib/gr96.tsp,polyak-smoothed-dynamic,221,polyak-smoothed-dynamic,221,54566.363623205572,54566.935363586177,55209
/Users/a/Ayanami/code/TSP/data/classic/tsplib/gr96.tsp,polyak-smoothed-dynamic,222,polyak-smoothed-dynamic,222,54564.824146087325,54566.935363586177,55209
/Users/a/Ayanami/code/TSP/data/classic/tsplib/gr96.tsp,polyak-smoothed-dynamic,223,polyak-smoothed-dynamic,223,54565.975295433745,54566.935363586177,55209
/Users/a/Ayanami/code/TSP/data/classic/tsplib/gr96.tsp,polyak-smoothed-dynamic,224,polyak-smoothed-dynamic,224,54565.956622716621,54566.935363586177,55209
/Users/a/Ayanami/code/TSP/data/classic/tsplib/gr96.tsp,polyak-smoothed-dynamic,225,polyak-smoothed-dynamic,225,54566.361443308764,54566.935363586177,55209
/Users/a/Ayanami/code/TSP/data/classic/tsplib/gr96.tsp,polyak-smoothed-dynamic,226,polyak-smoothed-dynamic,226,54564.830335302118,54566.935363586177,55209
/Users/a/Ayanami/code/TSP/data/classic/tsplib/gr96.tsp,polyak-smoothed-dynamic,227,polyak-smoothed-dynamic,227,54565.977463014977,54566.935363586177,55209
/Users/a/Ayanami/code/TSP/data/classic/tsplib/gr96.tsp,polyak-smoothed-dynamic,228,polyak-smoothed-dynamic,228,54565.950467630071,54566.935363586177,55209
/Users/a/Ayanami/code/TSP/data/classic/tsplib/gr96.tsp,polyak-smoothed-dynamic,229,polyak-smoothed-dynamic,229,54566.600181466056,54566.935363586177,55209
/Users/a/Ayanami/code/TSP/data/classic/tsplib/gr96.tsp,polyak-smoothed-dynamic,230,polyak-smoothed-dynamic,230,54568.784487397163,54568.784487397163,55209
/Users/a/Ayanami/code/TSP/data/classic/tsplib/gr96.tsp,polyak-smoothed-dynamic,231,polyak-smoothed-dynamic,231,54566.593624459099,54568.784487397163,55209
/Users/a/Ayanami/code/TSP/data/classic/tsplib/gr96.tsp,polyak-smoothed-dynamic,232,polyak-smoothed-dynamic,232,54567.18264526967,54568.784487397163,55209
/Users/a/Ayanami/code/TSP/data/classic/tsplib/gr96.tsp,polyak-smoothed-dynamic,233,polyak-smoothed-dynamic,233,54567.802443188426,54568.784487397163,55209
/Users/a/Ayanami/code/TSP/data/classic/tsplib/gr96.tsp,polyak-smoothed-dynamic,234,polyak-smoothed-dynamic,234,54567.802443188426,54568.784487397163,55209
/Users/a/Ayanami/code/TSP/data/classic/tsplib/gr96.tsp,polyak-smoothed-dynamic,235,polyak-smoothed-dynamic,235,54567.18506635529,54568.784487397163,55209
/Users/a/Ayanami/code/TSP/data/classic/tsplib/gr96.tsp,polyak-smoothed-dynamic,236,polyak-smoothed-dynamic,236,54567.18506635529,54568.784487397163,55209
/Users/a/Ayanami/code/TSP/data/classic/tsplib/gr96.tsp,polyak-smoothed-dynamic,237,polyak-smoothed-dynamic,237,54567.800031560168,54568.784487397163,55209
/Users/a/Ayanami/code/TSP/data/classic/tsplib/gr96.tsp,polyak-smoothed-dynamic,238,polyak-smoothed-dynamic,238,54567.800031560168,54568.784487397163,55209
/Users/a/Ayanami/code/TSP/data/classic/tsplib/gr96.tsp,polyak-smoothed-dynamic,239,polyak-smoothed-dynamic,239,54567.187468563134,54568.784487397163,55209
/Users/a/Ayanami/code/TSP/data/classic/tsplib/gr96.tsp,polyak-smoothed-dynamic,240,polyak-smoothed-dynamic,240,54567.187468563134,54568.784487397163,55209
/Users/a/Ayanami/code/TSP/data/classic/tsplib/gr96.tsp,polyak-smoothed-dynamic,241,polyak-smoothed-dynamic,241,54567.797638735952,54568.784487397163,55209
/Users/a/Ayanami/code/TSP/data/classic/tsplib/gr96.tsp,polyak-smoothed-dynamic,242,polyak-smoothed-dynamic,242,54567.797638735952,54568.784487397163,55209
/Users/a/Ayanami/code/TSP/data/classic/tsplib/gr96.tsp,polyak-smoothed-dynamic,243,polyak-smoothed-dynamic,243,54567.189852040363,54568.784487397163,55209
/Users/a/Ayanami/code/TSP/data/classic/tsplib/gr96.tsp,polyak-smoothed-dynamic,244,polyak-smoothed-dynamic,244,54567.189852040363,54568.784487397163,55209
/Users/a/Ayanami/code/TSP/data/classic/tsplib/gr96.tsp,polyak-smoothed-dynamic,245,polyak-smoothed-dynamic,245,54568.45566577476,54568.784487397163,55209
/Users/a/Ayanami/code/TSP/data/classic/tsplib/gr96.tsp,polyak-smoothed-dynamic,246,polyak-smoothed-dynamic,246,54568.814045980936,54568.814045980936,55209
/Users/a/Ayanami/code/TSP/data/classic/tsplib/gr96.tsp,polyak-smoothed-dynamic,247,polyak-smoothed-dynamic,247,54568.681294810478,54568.814045980936,55209
/Users/a/Ayanami/code/TSP/data/classic/tsplib/gr96.tsp,polyak-smoothed-dynamic,248,polyak-smoothed-dynamic,248,54568.290273667735,54568.814045980936,55209
/Users/a/Ayanami/code/TSP/data/classic/tsplib/gr96.tsp,polyak-smoothed-dynamic,249,polyak-smoothed-dynamic,249,54568.489496360227,54568.814045980936,55209
/Users/a/Ayanami/code/TSP/data/classic/tsplib/gr96.tsp,polyak-smoothed-dynamic,250,polyak-smoothed-dynamic,250,54568.704667362108,54568.814045980936,55209
/Users/a/Ayanami/code/TSP/data/classic/tsplib/gr96.tsp,polyak-smoothed-dynamic,251,polyak-smoothed-dynamic,251,54568.505642337943,54568.814045980936,55209
/Users/a/Ayanami/code/TSP/data/classic/tsplib/gr96.tsp,polyak-smoothed-dynamic,252,polyak-smoothed-dynamic,252,54568.290616333863,54568.814045980936,55209
/Users/a/Ayanami/code/TSP/data/classic/tsplib/gr96.tsp,polyak-smoothed-dynamic,253,polyak-smoothed-dynamic,253,54568.489443872488,54568.814045980936,55209
/Users/a/Ayanami/code/TSP/data/classic/tsplib/gr96.tsp,polyak-smoothed-dynamic,254,polyak-smoothed-dynamic,254,54568.704324902181,54568.814045980936,55209
/Users/a/Ayanami/code/TSP/data/classic/tsplib/gr96.tsp,polyak-smoothed-dynamic,255,polyak-smoothed-dynamic,255,54568.505694666528,54568.814045980936,55209
/Users/a/Ayanami/code/TSP/data/classic/tsplib/gr96.tsp,polyak-smoothed-dynamic,256,polyak-smoothed-dynamic,256,54568.290958587604,54568.814045980936,55209
/Users/a/Ayanami/code/TSP/data/classic/tsplib/gr96.tsp,polyak-smoothed-dynamic,257,polyak-smoothed-dynamic,257,54568.489391702722,54568.814045980936,55209
/Users/a/Ayanami/code/TSP/data/classic/tsplib/gr96.tsp,polyak-smoothed-dynamic,258,polyak-smoothed-dynamic,258,54568.703982854713,54568.814045980936,55209
/Users/a/Ayanami/code/TSP/data/classic/tsplib/gr96.tsp,polyak-smoothed-dynamic,259,polyak-smoothed-dynamic,259,54568.505746677765,54568.814045980936,55209
/Users/a/Ayanami/code/TSP/data/classic/tsplib/gr96.tsp,polyak-smoothed-dynamic,260,polyak-smoothed-dynamic,260,54568.813672892909,54568.814045980936,55209
/Users/a/Ayanami/code/TSP/data/classic/tsplib/gr96.tsp,polyak-smoothed-dynamic,261,polyak-smoothed-dynamic,261,54569.025814780311,54569.025814780311,55209
/Users/a/Ayanami/code/TSP/data/classic/tsplib/gr96.tsp,polyak-smoothed-dynamic,262,polyak-smoothed-dynamic,262,54568.939758887282,54569.025814780311,55209
/Users/a/Ayanami/code/TSP/data/classic/tsplib/gr96.tsp,polyak-smoothed-dynamic,263,polyak-smoothed-dynamic,263,54569.026776876039,54569.026776876039,55209
/Users/a/Ayanami/code/TSP/data/classic/tsplib/gr96.tsp,polyak-smoothed-dynamic,264,polyak-smoothed-dynamic,264,54569.079374084045,54569.079374084045,55209
/Users/a/Ayanami/code/TSP/data/classic/tsplib/gr96.tsp,polyak-smoothed-dynamic,265,polyak-smoothed-dynamic,265,54569.091431842389,54569.091431842389,55209
/Users/a/Ayanami/code/TSP/data/classic/tsplib/gr96.tsp,polyak-smoothed-dynamic,266,polyak-smoothed-dynamic,266,54569.293442712238,54569.293442712238,55209
/Users/a/Ayanami/code/TSP/data/classic/tsplib/gr96.tsp,polyak-smoothed-dynamic,267,polyak-smoothed-dynamic,267,54569.11996394812,54569.293442712238,55209
/Users/a/Ayanami/code/TSP/data/classic/tsplib/gr96.tsp,polyak-smoothed-dynamic,268,polyak-smoothed-dynamic,268,54569.125402937643,54569.293442712238,55209
/Users/a/Ayanami/code/TSP/data/classic/tsplib/gr96.tsp,polyak-smoothed-dynamic,269,polyak-smoothed-dynamic,269,54568.870274109795,54569.293442712238,55209
/Users/a/Ayanami/code/TSP/data/classic/tsplib/gr96.tsp,polyak-smoothed-dynamic,270,polyak-smoothed-dynamic,270,54569.306483997789,54569.306483997789,55209
/Users/a/Ayanami/code/TSP/data/classic/tsplib/gr96.tsp,polyak-smoothed-dynamic,271,polyak-smoothed-dynamic,271,54569.018228959554,54569.306483997789,55209
/Users/a/Ayanami/code/TSP/data/classic/tsplib/gr96.tsp,polyak-smoothed-dynamic,272,polyak-smoothed-dynamic,272,54569.097566012584,54569.306483997789,55209
/Users/a/Ayanami/code/TSP/data/classic/tsplib/gr96.tsp,polyak-smoothed-dynamic,273,polyak-smoothed-dynamic,273,54568.826624977693,54569.306483997789,55209
/Users/a/Ayanami/code/TSP/data/classic/tsplib/gr96.tsp,polyak-smoothed-dynamic,274,polyak-smoothed-dynamic,274,54569.102446845995,54569.306483997789,55209
/Users/a/Ayanami/code/TSP/data/classic/tsplib/gr96.tsp,polyak-smoothed-dynamic,275,polyak-smoothed-dynamic,275,54568.92152865867,54569.306483997789,55209
/Users/a/Ayanami/code/TSP/data/classic/tsplib/gr96.tsp,polyak-smoothed-dynamic,276,polyak-smoothed-dynamic,276,54568.947291231394,54569.306483997789,55209
/Users/a/Ayanami/code/TSP/data/classic/tsplib/gr96.tsp,polyak-smoothed-dynamic,277,polyak-smoothed-dynamic,277,54568.826525111828,54569.306483997789,55209
/Users/a/Ayanami/code/TSP/data/classic/tsplib/gr96.tsp,polyak-smoothed-dynamic,278,polyak-smoothed-dynamic,278,54569.102302711399,54569.306483997789,55209
/Users/a/Ayanami/code/TSP/data/classic/tsplib/gr96.tsp,polyak-smoothed-dynamic,279,polyak-smoothed-dynamic,279,54568.921628364522,54569.306483997789,55209
/Users/a/Ayanami/code/TSP/data/classic/tsplib/gr96.tsp,polyak-smoothed-dynamic,280,polyak-smoothed-dynamic,280,54568.947435230773,54569.306483997789,55209
/Users/a/Ayanami/code/TSP/data/classic/tsplib/gr96.tsp,polyak-smoothed-dynamic,281,polyak-smoothed-dynamic,281,54568.826425565829,54569.306483997789,55209
/Users/a/Ayanami/code/TSP/data/classic/tsplib/gr96.tsp,polyak-smoothed-dynamic,282,polyak-smoothed-dynamic,282,54569.102158847076,54569.306483997789,55209
/Users/a/Ayanami/code/TSP/data/classic/tsplib/gr96.tsp,polyak-smoothed-dynamic,283,polyak-smoothed-dynamic,283,54568.921727750843,54569.306483997789,55209
/Users/a/Ayanami/code/TSP/data/classic/tsplib/gr96.tsp,polyak-smoothed-dynamic,284,polyak-smoothed-dynamic,284,54568.944015192741,54569.306483997789,55209
/Users/a/Ayanami/code/TSP/data/classic/tsplib/gr96.tsp,polyak-smoothed-dynamic,285,polyak-smoothed-dynamic,285,54569.246515252089,54569.306483997789,55209
/Users/a/Ayanami/code/TSP/data/classic/tsplib/gr96.tsp,polyak-smoothed-dynamic,286,polyak-smoothed-dynamic,286,54569.32798756595,54569.32798756595,55209
/Users/a/Ayanami/code/TSP/data/classic/tsplib/gr96.tsp,polyak-smoothed-dynamic,287,polyak-smoothed-dynamic,287,54569.275121116341,54569.32798756595,55209
/Users/a/Ayanami/code/TSP/data/classic/tsplib/gr96.tsp,polyak-smoothed-dynamic,288,polyak-smoothed-dynamic,288,54569.214157400536,54569.32798756595,55209
/Users/a/Ayanami/code/TSP/data/classic/tsplib/gr96.tsp,polyak-smoothed-dynamic,289,polyak-smoothed-dynamic,289,54569.337236591542,54569.337236591542,55209
/Users/a/Ayanami/code/TSP/data/classic/tsplib/gr96.tsp,polyak-smoothed-dynamic,290,polyak-smoothed-dynamic,290,54569.201954205841,54569.337236591542,55209
/Users/a/Ayanami/code/TSP/data/classic/tsplib/gr96.tsp,polyak-smoothed-dynamic,291,polyak-smoothed-dynamic,291,54569.234751904834,54569.337236591542,55209
/Users/a/Ayanami/code/TSP/data/classic/tsplib/gr96.tsp,polyak-smoothed-dynamic,292,polyak-smoothed-dynamic,292,54569.239520492207,54569.337236591542,55209
/Users/a/Ayanami/code/TSP/data/classic/tsplib/gr96.tsp,polyak-smoothed-dynamic,293,polyak-smoothed-dynamic,293,54569.355866848171,54569.355866848171,55209
/Users/a/Ayanami/code/TSP/data/classic/tsplib/gr96.tsp,polyak-smoothed-dynamic,294,polyak-smoothed-dynamic,294,54569.162686542746,54569.355866848171,55209
/Users/a/Ayanami/code/TSP/data/classic/tsplib/gr96.tsp,polyak-smoothed-dynamic,295,polyak-smoothed-dynamic,295,54569.205359515159,54569.355866848171,55209
/Users/a/Ayanami/code/TSP/data/classic/tsplib/gr96.tsp,polyak-smoothed-dynamic,296,polyak-smoothed-dynamic,296,54569.254622853296,54569.355866848171,55209
/Users/a/Ayanami/code/TSP/data/classic/tsplib/gr96.tsp,polyak-smoothed-dynamic,297,polyak-smoothed-dynamic,297,54569.366925879738,54569.366925879738,55209
/Users/a/Ayanami/code/TSP/data/classic/tsplib/gr96.tsp,polyak-smoothed-dynamic,298,polyak-smoothed-dynamic,298,54569.136784107861,54569.366925879738,55209
/Users/a/Ayanami/code/TSP/data/classic/tsplib/gr96.tsp,polyak-smoothed-dynamic,299,polyak-smoothed-dynamic,299,54569.168167245982,54569.366925879738,55209
/Users/a/Ayanami/code/TSP/data/classic/tsplib/gr96.tsp,polyak-smoothed-dynamic,300,polyak-smoothed-dynamic,300,54569.349721846302,54569.366925879738,55209
/Users/a/Ayanami/code/TSP/data/classic/tsplib/gr96.tsp,polyak-smoothed-dynamic,301,polyak-smoothed-dynamic,301,54569.349721846302,54569.366925879738,55209
/Users/a/Ayanami/code/TSP/data/classic/tsplib/gr96.tsp,polyak-smoothed-dynamic,302,polyak-smoothed-dynamic,302,54569.149472353834,54569.366925879738,55209
/Users/a/Ayanami/code/TSP/data/classic/tsplib/gr96.tsp,polyak-smoothed-dynamic,303,polyak-smoothed-dynamic,303,54569.149472353834,54569.366925879738,55209
/Users/a/Ayanami/code/TSP/data/classic/tsplib/gr96.tsp,polyak-smoothed-dynamic,304,polyak-smoothed-dynamic,304,54569.349624068229,54569.366925879738,55209
/Users/a/Ayanami/code/TSP/data/classic/tsplib/gr96.tsp,polyak-smoothed-dynamic,305,polyak-smoothed-dynamic,305,54569.349624068229,54569.366925879738,55209
/Users/a/Ayanami/code/TSP/data/classic/tsplib/gr96.tsp,polyak-smoothed-dynamic,306,polyak-smoothed-dynamic,306,54569.149570084162,54569.366925879738,55209
/Users/a/Ayanami/code/TSP/data/classic/tsplib/gr96.tsp,polyak-smoothed-dynamic,307,polyak-smoothed-dynamic,307,54569.149570084162,54569.366925879738,55209
/Users/a/Ayanami/code/TSP/data/classic/tsplib/gr96.tsp,polyak-smoothed-dynamic,308,polyak-smoothed-dynamic,308,54569.349526385617,54569.366925879738,55209
/Users/a/Ayanami/code/TSP/data/classic/tsplib/gr96.tsp,polyak-smoothed-dynamic,309,polyak-smoothed-dynamic,309,54569.349526385617,54569.366925879738,55209
/Users/a/Ayanami/code/TSP/data/classic/tsplib/gr96.tsp,polyak-smoothed-dynamic,310,polyak-smoothed-dynamic,310,54569.149667719073,54569.366925879738,55209
/Users/a/Ayanami/code/TSP/data/classic/tsplib/gr96.tsp,polyak-smoothed-dynamic,311,polyak-smoothed-dynamic,311,54569.149667719073,54569.366925879738,55209
/Users/a/Ayanami/code/TSP/data/classic/tsplib/gr96.tsp,polyak-smoothed-dynamic,312,polyak-smoothed-dynamic,312,54569.359843829341,54569.366925879738,55209
/Users/a/Ayanami/code/TSP/data/classic/tsplib/gr96.tsp,polyak-smoothed-dynamic,313,polyak-smoothed-dynamic,313,54569.405347673281,54569.405347673281,55209
/Users/a/Ayanami/code/TSP/data/classic/tsplib/gr96.tsp,polyak-smoothed-dynamic,314,polyak-smoothed-dynamic,314,54569.398071456439,54569.405347673281,55209
/Users/a/Ayanami/code/TSP/data/classic/tsplib/gr96.tsp,polyak-smoothed-dynamic,315,polyak-smoothed-dynamic,315,54569.344261724313,54569.405347673281,55209
/Users/a/Ayanami/code/TSP/data/classic/tsplib/gr96.tsp,polyak-smoothed-dynamic,316,polyak-smoothed-dynamic,316,54569.351536717899,54569.405347673281,55209
/Users/a/Ayanami/code/TSP/data/classic/tsplib/gr96.tsp,polyak-smoothed-dynamic,317,polyak-smoothed-dynamic,317,54569.405335325464,54569.405347673281,55209
/Users/a/Ayanami/code/TSP/data/classic/tsplib/gr96.tsp,polyak-smoothed-dynamic,318,polyak-smoothed-dynamic,318,54569.398061554959,54569.405347673281,55209
/Users/a/Ayanami/code/TSP/data/classic/tsplib/gr96.tsp,polyak-smoothed-dynamic,319,polyak-smoothed-dynamic,319,54569.344274069583,54569.405347673281,55209
/Users/a/Ayanami/code/TSP/data/classic/tsplib/gr96.tsp,polyak-smoothed-dynamic,320,polyak-smoothed-dynamic,320,54569.351546617268,54569.405347673281,55209
/Users/a/Ayanami/code/TSP/data/classic/tsplib/gr96.tsp,polyak-smoothed-dynamic,321,polyak-smoothed-dynamic,321,54569.405322982777,54569.405347673281,55209
/Users/a/Ayanami/code/TSP/data/classic/tsplib/gr96.tsp,polyak-smoothed-dynamic,322,polyak-smoothed-dynamic,322,54569.398051657692,54569.405347673281,55209
/Users/a/Ayanami/code/TSP/data/classic/tsplib/gr96.tsp,polyak-smoothed-dynamic,323,polyak-smoothed-dynamic,323,54569.344286409658,54569.405347673281,55209
/Users/a/Ayanami/code/TSP/data/classic/tsplib/gr96.tsp,polyak-smoothed-dynamic,324,polyak-smoothed-dynamic,324,54569.351556512403,54569.405347673281,55209
/Users/a/Ayanami/code/TSP/data/classic/tsplib/gr96.tsp,polyak-smoothed-dynamic,325,polyak-smoothed-dynamic,325,54569.40531064527,54569.405347673281,55209
/Users/a/Ayanami/code/TSP/data/classic/tsplib/gr96.tsp,polyak-smoothed-dynamic,326,polyak-smoothed-dynamic,326,54569.398041764653,54569.405347673281,55209
/Users/a/Ayanami/code/TSP/data/classic/tsplib/gr96.tsp,polyak-smoothed-dynamic,327,polyak-smoothed-dynamic,327,54569.426818161861,54569.426818161861,55209
/Users/a/Ayanami/code/TSP/data/classic/tsplib/gr96.tsp,polyak-smoothed-dynamic,328,polyak-smoothed-dynamic,328,54569.448592497858,54569.448592497858,55209
/Users/a/Ayanami/code/TSP/data/classic/tsplib/gr96.tsp,polyak-smoothed-dynamic,329,polyak-smoothed-dynamic,329,54569.453256437322,54569.453256437322,55209
/Users/a/Ayanami/code/TSP/data/classic/tsplib/gr96.tsp,polyak-smoothed-dynamic,330,polyak-smoothed-dynamic,330,54569.453256437322,54569.453256437322,55209
/Users/a/Ayanami/code/TSP/data/classic/tsplib/gr96.tsp,polyak-smoothed-dynamic,331,polyak-smoothed-dynamic,331,54569.421554751214,54569.453256437322,55209
/Users/a/Ayanami/code/TSP/data/classic/tsplib/gr96.tsp,polyak-smoothed-dynamic,332,polyak-smoothed-dynamic,332,54569.421554751214,54569.453256437322,55209
/Users/a/Ayanami/code/TSP/data/classic/tsplib/gr96.tsp,polyak-smoothed-dynamic,333,polyak-smoothed-dynamic,333,54569.453252567488,54569.453256437322,55209
/Users/a/Ayanami/code/TSP/data/classic/tsplib/gr96.tsp,polyak-smoothed-dynamic,334,polyak-smoothed-dynamic,334,54569.453252567488,54569.453256437322,55209
/Users/a/Ayanami/code/TSP/data/classic/tsplib/gr96.tsp,polyak-smoothed-dynamic,335,polyak-smoothed-dynamic,335,54569.421558620568,54569.453256437322,55209
/Users/a/Ayanami/code/TSP/data/classic/tsplib/gr96.tsp,polyak-smoothed-dynamic,336,polyak-smoothed-dynamic,336,54569.421558620568,54569.453256437322,55209
/Users/a/Ayanami/code/TSP/data/classic/tsplib/gr96.tsp,polyak-smoothed-dynamic,337,polyak-smoothed-dynamic,337,54569.453248698599,54569.453256437322,55209
/Users/a/Ayanami/code/TSP/data/classic/tsplib/gr96.tsp,polyak-smoothed-dynamic,338,polyak-smoothed-dynamic,338,54569.453248698599,54569.453256437322,55209
/Users/a/Ayanami/code/TSP/data/classic/tsplib/gr96.tsp,polyak-smoothed-dynamic,339,polyak-smoothed-dynamic,339,54569.421562488977,54569.453256437322,55209
/Users/a/Ayanami/code/TSP/data/classic/tsplib/gr96.tsp,polyak-smoothed-dynamic,340,polyak-smoothed-dynamic,340,54569.421562488977,54569.453256437322,55209
/Users/a/Ayanami/code/TSP/data/classic/tsplib/gr96.tsp,polyak-smoothed-dynamic,341,polyak-smoothed-dynamic,341,54569.453244830656,54569.453256437322,55209
/Users/a/Ayanami/code/TSP/data/classic/tsplib/gr96.tsp,polyak-smoothed-dynamic,342,polyak-smoothed-dynamic,342,54569.453244830656,54569.453256437322,55209
/Users/a/Ayanami/code/TSP/data/classic/tsplib/gr96.tsp,polyak-smoothed-dynamic,343,polyak-smoothed-dynamic,343,54569.477194021398,54569.477194021398,55209
/Users/a/Ayanami/code/TSP/data/classic/tsplib/gr96.tsp,polyak-smoothed-dynamic,344,polyak-smoothed-dynamic,344,54569.460037638186,54569.477194021398,55209
/Users/a/Ayanami/code/TSP/data/classic/tsplib/gr96.tsp,polyak-smoothed-dynamic,345,polyak-smoothed-dynamic,345,54569.472626048795,54569.477194021398,55209
/Users/a/Ayanami/code/TSP/data/classic/tsplib/gr96.tsp,polyak-smoothed-dynamic,346,polyak-smoothed-dynamic,346,54569.471214635487,54569.477194021398,55209
/Users/a/Ayanami/code/TSP/data/classic/tsplib/gr96.tsp,polyak-smoothed-dynamic,347,polyak-smoothed-dynamic,347,54569.47800275404,54569.47800275404,55209
/Users/a/Ayanami/code/TSP/data/classic/tsplib/gr96.tsp,polyak-smoothed-dynamic,348,polyak-smoothed-dynamic,348,54569.459229499327,54569.47800275404,55209
/Users/a/Ayanami/code/TSP/data/classic/tsplib/gr96.tsp,polyak-smoothed-dynamic,349,polyak-smoothed-dynamic,349,54569.473434772182,54569.47800275404,55209
/Users/a/Ayanami/code/TSP/data/classic/tsplib/gr96.tsp,polyak-smoothed-dynamic,350,polyak-smoothed-dynamic,350,54569.470405323307,54569.47800275404,55209
/Users/a/Ayanami/code/TSP/data/classic/tsplib/gr96.tsp,polyak-smoothed-dynamic,351,polyak-smoothed-dynamic,351,54569.478120016705,54569.478120016705,55209
/Users/a/Ayanami/code/TSP/data/classic/tsplib/gr96.tsp,polyak-smoothed-dynamic,352,polyak-smoothed-dynamic,352,54569.457612525672,54569.478120016705,55209
/Users/a/Ayanami/code/TSP/data/classic/tsplib/gr96.tsp,polyak-smoothed-dynamic,353,polyak-smoothed-dynamic,353,54569.465546133593,54569.478120016705,55209
/Users/a/Ayanami/code/TSP/data/classic/tsplib/gr96.tsp,polyak-smoothed-dynamic,354,polyak-smoothed-dynamic,354,54569.470404431391,54569.478120016705,55209
/Users/a/Ayanami/code/TSP/data/classic/tsplib/gr96.tsp,polyak-smoothed-dynamic,355,polyak-smoothed-dynamic,355,54569.478119635649,54569.478120016705,55209
/Users/a/Ayanami/code/TSP/data/classic/tsplib/gr96.tsp,polyak-smoothed-dynamic,356,polyak-smoothed-dynamic,356,54569.45761341753,54569.478120016705,55209
/Users/a/Ayanami/code/TSP/data/classic/tsplib/gr96.tsp,polyak-smoothed-dynamic,357,polyak-smoothed-dynamic,357,54569.46554651465,54569.478120016705,55209
/Users/a/Ayanami/code/TSP/data/classic/tsplib/gr96.tsp,polyak-smoothed-dynamic,358,polyak-smoothed-dynamic,358,54569.470403539577,54569.478120016705,55209
/Users/a/Ayanami/code/TSP/data/classic/tsplib/gr96.tsp,polyak-smoothed-dynamic,359,polyak-smoothed-dynamic,359,54569.478119254592,54569.478120016705,55209
/Users/a/Ayanami/code/TSP/data/classic/tsplib/gr96.tsp,polyak-smoothed-dynamic,360,polyak-smoothed-dynamic,360,54569.457614309315,54569.478120016705,55209
/Users/a/Ayanami/code/TSP/data/classic/tsplib/gr96.tsp,polyak-smoothed-dynamic,361,polyak-smoothed-dynamic,361,54569.465546895692,54569.478120016705,55209
/Users/a/Ayanami/code/TSP/data/classic/tsplib/gr96.tsp,polyak-smoothed-dynamic,362,polyak-smoothed-dynamic,362,54569.470402647843,54569.478120016705,55209
/Users/a/Ayanami/code/TSP/data/classic/tsplib/gr96.tsp,polyak-smoothed-dynamic,363,polyak-smoothed-dynamic,363,54569.478118873551,54569.478120016705,55209
/Users/a/Ayanami/code/TSP/data/classic/tsplib/gr96.tsp,polyak-smoothed-dynamic,364,polyak-smoothed-dynamic,364,54569.457615201005,54569.478120016705,55209
/Users/a/Ayanami/code/TSP/data/classic/tsplib/gr96.tsp,polyak-smoothed-dynamic,365,polyak-smoothed-dynamic,365,54569.466432405316,54569.478120016705,55209
/Users/a/Ayanami/code/TSP/data/classic/tsplib/gr96.tsp,polyak-smoothed-dynamic,366,polyak-smoothed-dynamic,366,54569.483435806171,54569.483435806171,55209
/Users/a/Ayanami/code/TSP/data/classic/tsplib/gr96.tsp,polyak-smoothed-dynamic,367,polyak-smoothed-dynamic,367,54569.4966752662,54569.4966752662,55209
/Users/a/Ayanami/code/TSP/data/classic/tsplib/gr96.tsp,polyak-smoothed-dynamic,368,polyak-smoothed-dynamic,368,54569.4923466818,54569.4966752662,55209
/Users/a/Ayanami/code/TSP/data/classic/tsplib/gr96.tsp,polyak-smoothed-dynamic,369,polyak-smoothed-dynamic,369,54569.483116598887,54569.4966752662,55209
/Users/a/Ayanami/code/TSP/data/classic/tsplib/gr96.tsp,polyak-smoothed-dynamic,370,polyak-smoothed-dynamic,370,54569.483116598887,54569.4966752662,55209
/Users/a/Ayanami/code/TSP/data/classic/tsplib/gr96.tsp,polyak-smoothed-dynamic,371,polyak-smoothed-dynamic,371,54569.485587109506,54569.4966752662,55209
/Users/a/Ayanami/code/TSP/data/classic/tsplib/gr96.tsp,polyak-smoothed-dynamic,372,polyak-smoothed-dynamic,372,54569.485587109506,54569.4966752662,55209
/Users/a/Ayanami/code/TSP/data/classic/tsplib/gr96.tsp,polyak-smoothed-dynamic,373,polyak-smoothed-dynamic,373,54569.483116674281,54569.4966752662,55209
/Users/a/Ayanami/code/TSP/data/classic/tsplib/gr96.tsp,polyak-smoothed-dynamic,374,polyak-smoothed-dynamic,374,54569.483116674281,54569.4966752662,55209
/Users/a/Ayanami/code/TSP/data/classic/tsplib/gr96.tsp,polyak-smoothed-dynamic,375,polyak-smoothed-dynamic,375,54569.48558703412,54569.4966752662,55209
/Users/a/Ayanami/code/TSP/data/classic/tsplib/gr96.tsp,polyak-smoothed-dynamic,376,polyak-smoothed-dynamic,376,54569.48558703412,54569.4966752662,55209
/Users/a/Ayanami/code/TSP/data/classic/tsplib/gr96.tsp,polyak-smoothed-dynamic,377,polyak-smoothed-dynamic,377,54569.483116749674,54569.4966752662,55209
/Users/a/Ayanami/code/TSP/data/classic/tsplib/gr96.tsp,polyak-smoothed-dynamic,378,polyak-smoothed-dynamic,378,54569.483116749674,54569.4966752662,55209
/Users/a/Ayanami/code/TSP/data/classic/tsplib/gr96.tsp,polyak-smoothed-dynamic,379,polyak-smoothed-dynamic,379,54569.485586958734,54569.4966752662,55209
/Users/a/Ayanami/code/TSP/data/classic/tsplib/gr96.tsp,polyak-smoothed-dynamic,380,polyak-smoothed-dynamic,380,54569.485586958734,54569.4966752662,55209
/Users/a/Ayanami/code/TSP/data/classic/tsplib/gr96.tsp,polyak-smoothed-dynamic,381,polyak-smoothed-dynamic,381,54569.494237049978,54569.4966752662,55209
/Users/a/Ayanami/code/TSP/data/classic/tsplib/gr96.tsp,polyak-smoothed-dynamic,382,polyak-smoothed-dynamic,382,54569.489279157075,54569.4966752662,55209
/Users/a/Ayanami/code/TSP/data/classic/tsplib/gr96.tsp,polyak-smoothed-dynamic,383,polyak-smoothed-dynamic,383,54569.492278299869,54569.4966752662,55209
/Users/a/Ayanami/code/TSP/data/classic/tsplib/gr96.tsp,polyak-smoothed-dynamic,384,polyak-smoothed-dynamic,384,54569.497159945211,54569.497159945211,55209
/Users/a/Ayanami/code/TSP/data/classic/tsplib/gr96.tsp,polyak-smoothed-dynamic,385,polyak-smoothed-dynamic,385,54569.493816391245,54569.497159945211,55209
/Users/a/Ayanami/code/TSP/data/classic/tsplib/gr96.tsp,polyak-smoothed-dynamic,386,polyak-smoothed-dynamic,386,54569.494581795487,54569.497159945211,55209
/Users/a/Ayanami/code/TSP/data/classic/tsplib/gr96.tsp,polyak-smoothed-dynamic,387,polyak-smoothed-dynamic,387,54569.487192508052,54569.497159945211,55209
/Users/a/Ayanami/code/TSP/data/classic/tsplib/gr96.tsp,polyak-smoothed-dynamic,388,polyak-smoothed-dynamic,388,54569.490757680942,54569.497159945211,55209
/Users/a/Ayanami/code/TSP/data/classic/tsplib/gr96.tsp,polyak-smoothed-dynamic,389,polyak-smoothed-dynamic,389,54569.491289638805,54569.497159945211,55209
/Users/a/Ayanami/code/TSP/data/classic/tsplib/gr96.tsp,polyak-smoothed-dynamic,390,polyak-smoothed-dynamic,390,54569.49202948773,54569.497159945211,55209
/Users/a/Ayanami/code/TSP/data/classic/tsplib/gr96.tsp,polyak-smoothed-dynamic,391,polyak-smoothed-dynamic,391,54569.493062346868,54569.497159945211,55209
/Users/a/Ayanami/code/TSP/data/classic/tsplib/gr96.tsp,polyak-smoothed-dynamic,392,polyak-smoothed-dynamic,392,54569.492322504033,54569.497159945211,55209
/Users/a/Ayanami/code/TSP/data/classic/tsplib/gr96.tsp,polyak-smoothed-dynamic,393,polyak-smoothed-dynamic,393,54569.491289652302,54569.497159945211,55209
/Users/a/Ayanami/code/TSP/data/classic/tsplib/gr96.tsp,polyak-smoothed-dynamic,394,polyak-smoothed-dynamic,394,54569.492029489047,54569.497159945211,55209
/Users/a/Ayanami/code/TSP/data/classic/tsplib/gr96.tsp,polyak-smoothed-dynamic,395,polyak-smoothed-dynamic,395,54569.493062333378,54569.497159945211,55209
/Users/a/Ayanami/code/TSP/data/classic/tsplib/gr96.tsp,polyak-smoothed-dynamic,396,polyak-smoothed-dynamic,396,54569.492322502716,54569.497159945211,55209
