instance,strategy,iteration,phase,phase_iteration,lower_bound,best_lower_bound,concorde_optimum
/Users/a/Ayanami/code/TSP/data/classic/tsplib/kroD100.tsp,polyak,1,polyak,1,18991,18991,21294
/Users/a/Ayanami/code/TSP/data/classic/tsplib/kroD100.tsp,polyak,2,polyak,2,16619.142857142859,18991,21294
/Users/a/Ayanami/code/TSP/data/classic/tsplib/kroD100.tsp,polyak,3,polyak,3,18305.249128919862,18991,21294
/Users/a/Ayanami/code/TSP/data/classic/tsplib/kroD100.tsp,polyak,4,polyak,4,18142.446663093011,18991,21294
/Users/a/Ayanami/code/TSP/data/classic/tsplib/kroD100.tsp,polyak,5,polyak,5,18036.127255874213,18991,21294
/Users/a/Ayanami/code/TSP/data/classic/tsplib/kroD100.tsp,polyak,6,polyak,6,18033.621676341954,18991,21294
/Users/a/Ayanami/code/TSP/data/classic/tsplib/kroD100.tsp,polyak,7,polyak,7,18645.680775346133,18991,21294
/Users/a/Ayanami/code/TSP/data/classic/tsplib/kroD100.tsp,polyak,8,polyak,8,18732.006687955025,18991,21294
/Users/a/Ayanami/code/TSP/data/classic/tsplib/kroD100.tsp,polyak,9,polyak,9,18574.281613932391,18991,21294
/Users/a/Ayanami/code/TSP/data/classic/tsplib/kroD100.tsp,polyak,10,polyak,10,18508.056611019445,18991,21294
/Users/a/Ayanami/code/TSP/data/classic/tsplib/kroD100.tsp,polyak,11,polyak,11,18280.772206838785,18991,21294
/Users/a/Ayanami/code/TSP/data/classic/tsplib/kroD100.tsp,polyak,12,polyak,12,19209.90033199593,19209.90033199593,21294
/Users/a/Ayanami/code/TSP/data/classic/tsplib/kroD100.tsp,polyak,13,polyak,13,18399.720381872485,19209.90033199593,21294
/Users/a/Ayanami/code/TSP/data/classic/tsplib/kroD100.tsp,polyak,14,polyak,14,18701.209684071644,19209.90033199593,21294
/Users/a/Ayanami/code/TSP/data/classic/tsplib/kroD100.tsp,polyak,15,polyak,15,18918.861881007251,19209.90033199593,21294
/Users/a/Ayanami/code/TSP/data/classic/tsplib/kroD100.tsp,polyak,16,polyak,16,18926.227956910636,19209.90033199593,21294
/Users/a/Ayanami/code/TSP/data/classic/tsplib/kroD100.tsp,polyak,17,polyak,17,18697.907372144113,19209.90033199593,21294
/Users/a/Ayanami/code/TSP/data/classic/tsplib/kroD100.tsp,polyak,18,polyak,18,19073.404638522636,19209.90033199593,21294
/Users/a/Ayanami/code/TSP/data/classic/tsplib/kroD100.tsp,polyak,19,polyak,19,18897.673300926719,19209.90033199593,21294
/Users/a/Ayanami/code/TSP/data/classic/tsplib/kroD100.tsp,polyak,20,polyak,20,19016.037076447185,19209.90033199593,21294
/Users/a/Ayanami/code/TSP/data/classic/tsplib/kroD100.tsp,polyak,21,polyak,21,18291.589775133099,19209.90033199593,21294
/Users/a/Ayanami/code/TSP/data/classic/tsplib/kroD100.tsp,polyak,22,polyak,22,19181.141115208033,19209.90033199593,21294
/Users/a/Ayanami/code/TSP/data/classic/tsplib/kroD100.tsp,polyak,23,polyak,23,17944.33929274281,19209.90033199593,21294
/Users/a/Ayanami/code/TSP/data/classic/tsplib/kroD100.tsp,polyak,24,polyak,24,18726.800142178108,19209.90033199593,21294
/Users/a/Ayanami/code/TSP/data/classic/tsplib/kroD100.tsp,polyak,25,polyak,25,18883.710767153505,19209.90033199593,21294
/Users/a/Ayanami/code/TSP/data/classic/tsplib/kroD100.tsp,polyak,26,polyak,26,19954.87703170731,19954.87703170731,21294
/Users/a/Ayanami/code/TSP/data/classic/tsplib/kroD100.tsp,polyak,27,polyak,27,20162.086204850628,20162.086204850628,21294
/Users/a/Ayanami/code/TSP/data/classic/tsplib/kroD100.tsp,polyak,28,polyak,28,20333.597510324096,20333.597510324096,21294
/Users/a/Ayanami/code/TSP/data/classic/tsplib/kroD100.tsp,polyak,29,polyak,29,20521.25317845045,20521.25317845045,21294
/Users/a/Ayanami/code/TSP/data/classic/tsplib/kroD100.tsp,polyak,30,polyak,30,20713.498686874143,20713.498686874143,21294
/Users/a/Ayanami/code/TSP/data/classic/tsplib/kroD100.tsp,polyak,31,polyak,31,20611.731000945831,20713.498686874143,21294
/Users/a/Ayanami/code/TSP/data/classic/tsplib/kroD100.tsp,polyak,32,polyak,32,20678.961777993558,20713.498686874143,21294
/Users/a/Ayanami/code/TSP/data/classic/tsplib/kroD100.tsp,polyak,33,polyak,33,20632.026524021832,20713.498686874143,21294
/Users/a/Ayanami/code/TSP/data/classic/tsplib/kroD100.tsp,polyak,34,polyak,34,20706.508215637317,20713.498686874143,21294
/Users/a/Ayanami/code/TSP/data/classic/tsplib/kroD100.tsp,polyak,35,polyak,35,20736.73412330163,20736.73412330163,21294
/Users/a/Ayanami/code/TSP/data/classic/tsplib/kroD100.tsp,polyak,36,polyak,36,20733.484843234881,20736.73412330163,21294
/Users/a/Ayanami/code/TSP/data/classic/tsplib/kroD100.tsp,polyak,37,polyak,37,20617.867082279794,20736.73412330163,21294
/Users/a/Ayanami/code/TSP/data/classic/tsplib/kroD100.tsp,polyak,38,polyak,38,20831.169329366392,20831.169329366392,21294
/Users/a/Ayanami/code/TSP/data/classic/tsplib/kroD100.tsp,polyak,39,polyak,39,20739.95158526607,20831.169329366392,21294
/Users/a/Ayanami/code/TSP/data/classic/tsplib/kroD100.tsp,polyak,40,polyak,40,20729.020557756121,20831.169329366392,21294
/Users/a/Ayanami/code/TSP/data/classic/tsplib/kroD100.tsp,polyak,41,polyak,41,20638.793664307399,20831.169329366392,21294
/Users/a/Ayanami/code/TSP/data/classic/tsplib/kroD100.tsp,polyak,42,polyak,42,20782.056168542662,20831.169329366392,21294
/Users/a/Ayanami/code/TSP/data/classic/tsplib/kroD100.tsp,polyak,43,polyak,43,20583.789153999849,20831.169329366392,21294
/Users/a/Ayanami/code/TSP/data/classic/tsplib/kroD100.tsp,polyak,44,polyak,44,20808.899426277938,20831.169329366392,21294
/Users/a/Ayanami/code/TSP/data/classic/tsplib/kroD100.tsp,polyak,45,polyak,45,20656.852156703426,20831.169329366392,21294
/Users/a/Ayanami/code/TSP/data/classic/tsplib/kroD100.tsp,polyak,46,polyak,46,20782.260127525504,20831.169329366392,21294
/Users/a/Ayanami/code/TSP/data/classic/tsplib/kroD100.tsp,polyak,47,polyak,47,20669.158909918751,20831.169329366392,21294
/Users/a/Ayanami/code/TSP/data/classic/tsplib/kroD100.tsp,polyak,48,polyak,48,20678.063195719558,20831.169329366392,21294
/Users/a/Ayanami/code/TSP/data/classic/tsplib/kroD100.tsp,polyak,49,polyak,49,20829.35676814078,20831.169329366392,21294
/Users/a/Ayanami/code/TSP/data/classic/tsplib/kroD100.tsp,polyak,50,polyak,50,20635.906712949269,20831.169329366392,21294
/Users/a/Ayanami/code/TSP/data/classic/tsplib/kroD100.tsp,polyak,51,polyak,51,20727.271634064073,20831.169329366392,21294
/Users/a/Ayanami/code/TSP/data/classic/tsplib/kroD100.tsp,polyak,52,polyak,52,20968.520067908776,20968.520067908776,21294
/Users/a/Ayanami/code/TSP/data/classic/tsplib/kroD100.tsp,polyak,53,polyak,53,20931.306438023777,20968.520067908776,21294
/Users/a/Ayanami/code/TSP/data/classic/tsplib/kroD100.tsp,polyak,54,polyak,54,21031.486908079598,21031.486908079598,21294
/Users/a/Ayanami/code/TSP/data/classic/tsplib/kroD100.tsp,polyak,55,polyak,55,20960.656048963418,21031.486908079598,21294
/Users/a/Ayanami/code/TSP/data/classic/tsplib/kroD100.tsp,polyak,56,polyak,56,21027.645941919691,21031.486908079598,21294
/Users/a/Ayanami/code/TSP/data/classic/tsplib/kroD100.tsp,polyak,57,polyak,57,20922.969487966759,21031.486908079598,21294
/Users/a/Ayanami/code/TSP/data/classic/tsplib/kroD100.tsp,polyak,58,polyak,58,21012.519428644158,21031.486908079598,21294
/Users/a/Ayanami/code/TSP/data/classic/tsplib/kroD100.tsp,polyak,59,polyak,59,21008.670211707238,21031.486908079598,21294
/Users/a/Ayanami/code/TSP/data/classic/tsplib/kroD100.tsp,polyak,60,polyak,60,20963.440041304581,21031.486908079598,21294
/Users/a/Ayanami/code/TSP/data/classic/tsplib/kroD100.tsp,polyak,61,polyak,61,20923.723164474541,21031.486908079598,21294
/Users/a/Ayanami/code/TSP/data/classic/tsplib/kroD100.tsp,polyak,62,polyak,62,20959.412659178481,21031.486908079598,21294
/Users/a/Ayanami/code/TSP/data/classic/tsplib/kroD100.tsp,polyak,63,polyak,63,20986.235081686245,21031.486908079598,21294
/Users/a/Ayanami/code/TSP/data/classic/tsplib/kroD100.tsp,polyak,64,polyak,64,20956.97495522254,21031.486908079598,21294
/Users/a/Ayanami/code/TSP/data/classic/tsplib/kroD100.tsp,polyak,65,polyak,65,20997.041887416322,21031.486908079598,21294
/Users/a/Ayanami/code/TSP/data/classic/tsplib/kroD100.tsp,polyak,66,polyak,66,21008.126102163093,21031.486908079598,21294
/Users/a/Ayanami/code/TSP/data/classic/tsplib/kroD100.tsp,polyak,67,polyak,67,20929.636776413699,21031.486908079598,21294
/Users/a/Ayanami/code/TSP/data/classic/tsplib/kroD100.tsp,polyak,68,polyak,68,21057.141738110298,21057.141738110298,21294
/Users/a/Ayanami/code/TSP/data/classic/tsplib/kroD100.tsp,polyak,69,polyak,69,21048.268188116166,21057.141738110298,21294
/Users/a/Ayanami/code/TSP/data/classic/tsplib/kroD100.tsp,polyak,70,polyak,70,21086.667941712352,21086.667941712352,21294
/Users/a/Ayanami/code/TSP/data/classic/tsplib/kroD100.tsp,polyak,71,polyak,71,21074.730145730409,21086.667941712352,21294
/Users/a/Ayanami/code/TSP/data/classic/tsplib/kroD100.tsp,polyak,72,polyak,72,21050.74031291746,21086.667941712352,21294
/Users/a/Ayanami/code/TSP/data/classic/tsplib/kroD100.tsp,polyak,73,polyak,73,21073.724480857571,21086.667941712352,21294
/Users/a/Ayanami/code/TSP/data/classic/tsplib/kroD100.tsp,polyak,74,polyak,74,21000.412518211142,21086.667941712352,21294
/Users/a/Ayanami/code/TSP/data/classic/tsplib/kroD100.tsp,polyak,75,polyak,75,21082.658171599152,21086.667941712352,21294
/Users/a/Ayanami/code/TSP/data/classic/tsplib/kroD100.tsp,polyak,76,polyak,76,21023.362419832418,21086.667941712352,21294
/Users/a/Ayanami/code/TSP/data/classic/tsplib/kroD100.tsp,polyak,77,polyak,77,21098.493406674479,21098.493406674479,21294
/Users/a/Ayanami/code/TSP/data/classic/tsplib/kroD100.tsp,polyak,78,polyak,78,20955.981021533113,21098.493406674479,21294
/Users/a/Ayanami/code/TSP/data/classic/tsplib/kroD100.tsp,polyak,79,polyak,79,21061.852444397016,21098.493406674479,21294
/Users/a/Ayanami/code/TSP/data/classic/tsplib/kroD100.tsp,polyak,80,polyak,80,21085.865009721903,21098.493406674479,21294
/Users/a/Ayanami/code/TSP/data/classic/tsplib/kroD100.tsp,polyak,81,polyak,81,21032.45313927313,21098.493406674479,21294
/Users/a/Ayanami/code/TSP/data/classic/tsplib/kroD100.tsp,polyak,82,polyak,82,21074.732189790739,21098.493406674479,21294
/Users/a/Ayanami/code/TSP/data/classic/tsplib/kroD100.tsp,polyak,83,polyak,83,21051.234244258187,21098.493406674479,21294
/Users/a/Ayanami/code/TSP/data/classic/tsplib/kroD100.tsp,polyak,84,polyak,84,21068.305026795402,21098.493406674479,21294
/Users/a/Ayanami/code/TSP/data/classic/tsplib/kroD100.tsp,polyak,85,polyak,85,21058.040842649327,21098.493406674479,21294
/Users/a/Ayanami/code/TSP/data/classic/tsplib/kroD100.tsp,polyak,86,polyak,86,21065.571066049433,21098.493406674479,21294
/Users/a/Ayanami/code/TSP/data/classic/tsplib/kroD100.tsp,polyak,87,polyak,87,21050.209244364734,21098.493406674479,21294
/Users/a/Ayanami/code/TSP/data/classic/tsplib/kroD100.tsp,polyak,88,polyak,88,21068.00757472586,21098.493406674479,21294
/Users/a/Ayanami/code/TSP/data/classic/tsplib/kroD100.tsp,polyak,89,polyak,89,21031.274798024398,21098.493406674479,21294
/Users/a/Ayanami/code/TSP/data/classic/tsplib/kroD100.tsp,polyak,90,polyak,90,21066.674628477653,21098.493406674479,21294
/Users/a/Ayanami/code/TSP/data/classic/tsplib/kroD100.tsp,polyak,91,polyak,91,21089.966013614616,21098.493406674479,21294
/Users/a/Ayanami/code/TSP/data/classic/tsplib/kroD100.tsp,polyak,92,polyak,92,21103.494657430987,21103.494657430987,21294
/Users/a/Ayanami/code/TSP/data/classic/tsplib/kroD100.tsp,polyak,93,polyak,93,21071.027726847504,21103.494657430987,21294
/Users/a/Ayanami/code/TSP/data/classic/tsplib/kroD100.tsp,polyak,94,polyak,94,21112.007967486283,21112.007967486283,21294
/Users/a/Ayanami/code/TSP/data/classic/tsplib/kroD100.tsp,polyak,95,polyak,95,21098.477282691441,21112.007967486283,21294
/Users/a/Ayanami/code/TSP/data/classic/tsplib/kroD100.tsp,polyak,96,polyak,96,21096.880267424513,21112.007967486283,21294
/Users/a/Ayanami/code/TSP/data/classic/tsplib/kroD100.tsp,polyak,97,polyak,97,21111.509795787704,21112.007967486283,21294
/Users/a/Ayanami/code/TSP/data/classic/tsplib/kroD100.tsp,polyak,98,polyak,98,21094.178200773582,21112.007967486283,21294
/Users/a/Ayanami/code/TSP/data/classic/tsplib/kroD100.tsp,polyak,99,polyak,99,21105.845798250113,21112.007967486283,21294
/Users/a/Ayanami/code/TSP/data/classic/tsplib/kroD100.tsp,polyak,100,polyak,100,21105.517924888067,21112.007967486283,21294
/Users/a/Ayanami/code/TSP/data/classic/tsplib/kroD100.tsp,polyak,101,polyak,101,21088.29043239732,21112.007967486283,21294
/Users/a/Ayanami/code/TSP/data/classic/tsplib/kroD100.tsp,polyak,102,polyak,102,21111.0992254095,21112.007967486283,21294
/Users/a/Ayanami/code/TSP/data/classic/tsplib/kroD100.tsp,polyak,103,polyak,103,21072.486999598117,21112.007967486283,21294
/Users/a/Ayanami/code/TSP/data/classic/tsplib/kroD100.tsp,polyak,104,polyak,104,21113.751290432094,21113.751290432094,21294
/Users/a/Ayanami/code/TSP/data/classic/tsplib/kroD100.tsp,polyak,105,polyak,105,21092.479339286685,21113.751290432094,21294
/Users/a/Ayanami/code/TSP/data/classic/tsplib/kroD100.tsp,polyak,106,polyak,106,21085.826829988455,21113.751290432094,21294
/Users/a/Ayanami/code/TSP/data/classic/tsplib/kroD100.tsp,polyak,107,polyak,107,21125.536230324673,21125.536230324673,21294
/Users/a/Ayanami/code/TSP/data/classic/tsplib/kroD100.tsp,polyak,108,polyak,108,21072.052086325817,21125.536230324673,21294
/Users/a/Ayanami/code/TSP/data/classic/tsplib/kroD100.tsp,polyak,109,polyak,109,21113.013303417334,21125.536230324673,21294
/Users/a/Ayanami/code/TSP/data/classic/tsplib/kroD100.tsp,polyak,110,polyak,110,21100.104551176071,21125.536230324673,21294
/Users/a/Ayanami/code/TSP/data/classic/tsplib/kroD100.tsp,polyak,111,polyak,111,21093.94655207064,21125.536230324673,21294
/Users/a/Ayanami/code/TSP/data/classic/tsplib/kroD100.tsp,polyak,112,polyak,112,21090.616327691892,21125.536230324673,21294
/Users/a/Ayanami/code/TSP/data/classic/tsplib/kroD100.tsp,polyak,113,polyak,113,21111.59263604931,21125.536230324673,21294
/Users/a/Ayanami/code/TSP/data/classic/tsplib/kroD100.tsp,polyak,114,polyak,114,21077.91295618844,21125.536230324673,21294
/Users/a/Ayanami/code/TSP/data/classic/tsplib/kroD100.tsp,polyak,115,polyak,115,21121.533022982196,21125.536230324673,21294
/Users/a/Ayanami/code/TSP/data/classic/tsplib/kroD100.tsp,polyak,116,polyak,116,21056.609227274854,21125.536230324673,21294
/Users/a/Ayanami/code/TSP/data/classic/tsplib/kroD100.tsp,polyak,117,polyak,117,21105.235399736681,21125.536230324673,21294
/Users/a/Ayanami/code/TSP/data/classic/tsplib/kroD100.tsp,polyak,118,polyak,118,21088.603997616578,21125.536230324673,21294
/Users/a/Ayanami/code/TSP/data/classic/tsplib/kroD100.tsp,polyak,119,polyak,119,21103.597446208223,21125.536230324673,21294
/Users/a/Ayanami/code/TSP/data/classic/tsplib/kroD100.tsp,polyak,120,polyak,120,21099.233131523844,21125.536230324673,21294
/Users/a/Ayanami/code/TSP/data/classic/tsplib/kroD100.tsp,polyak,121,polyak,121,21126.571475342658,21126.571475342658,21294
/Users/a/Ayanami/code/TSP/data/classic/tsplib/kroD100.tsp,polyak,122,polyak,122,21106.066212665995,21126.571475342658,21294
/Users/a/Ayanami/code/TSP/data/classic/tsplib/kroD100.tsp,polyak,123,polyak,123,21127.00146631672,21127.00146631672,21294
/Users/a/Ayanami/code/TSP/data/classic/tsplib/kroD100.tsp,polyak,124,polyak,124,21102.255516242636,21127.00146631672,21294
/Users/a/Ayanami/code/TSP/data/classic/tsplib/kroD100.tsp,polyak,125,polyak,125,21134.762515147562,21134.762515147562,21294
/Users/a/Ayanami/code/TSP/data/classic/tsplib/kroD100.tsp,polyak,126,polyak,126,21102.732797282177,21134.762515147562,21294
/Users/a/Ayanami/code/TSP/data/classic/tsplib/kroD100.tsp,polyak,127,polyak,127,21122.433339098803,21134.762515147562,21294
/Users/a/Ayanami/code/TSP/data/classic/tsplib/kroD100.tsp,polyak,128,polyak,128,21115.656249717078,21134.762515147562,21294
/Users/a/Ayanami/code/TSP/data/classic/tsplib/kroD100.tsp,polyak,129,polyak,129,21127.481528451317,21134.762515147562,21294
/Users/a/Ayanami/code/TSP/data/classic/tsplib/kroD100.tsp,polyak,130,polyak,130,21119.047499153388,21134.762515147562,21294
/Users/a/Ayanami/code/TSP/data/classic/tsplib/kroD100.tsp,polyak,131,polyak,131,21117.146716307372,21134.762515147562,21294
/Users/a/Ayanami/code/TSP/data/classic/tsplib/kroD100.tsp,polyak,132,polyak,132,21122.462018054066,21134.762515147562,21294
/Users/a/Ayanami/code/TSP/data/classic/tsplib/kroD100.tsp,polyak,133,polyak,133,21123.596952677839,21134.762515147562,21294
/Users/a/Ayanami/code/TSP/data/classic/tsplib/kroD100.tsp,polyak,134,polyak,134,21113.898355924026,21134.762515147562,21294
/Users/a/Ayanami/code/TSP/data/classic/tsplib/kroD100.tsp,polyak,135,polyak,135,21123.070934447274,21134.762515147562,21294
/Users/a/Ayanami/code/TSP/data/classic/tsplib/kroD100.tsp,polyak,136,polyak,136,21115.844762166627,21134.762515147562,21294
/Users/a/Ayanami/code/TSP/data/classic/tsplib/kroD100.tsp,polyak,137,polyak,137,21128.22326138445,21134.762515147562,21294
/Users/a/Ayanami/code/TSP/data/classic/tsplib/kroD100.tsp,polyak,138,polyak,138,21110.541314893155,21134.762515147562,21294
/Users/a/Ayanami/code/TSP/data/classic/tsplib/kroD100.tsp,polyak,139,polyak,139,21126.81446109026,21134.762515147562,21294
/Users/a/Ayanami/code/TSP/data/classic/tsplib/kroD100.tsp,polyak,140,polyak,140,21134.018538796667,21134.762515147562,21294
/Users/a/Ayanami/code/TSP/data/classic/tsplib/kroD100.tsp,polyak,141,polyak,141,21131.513172838262,21134.762515147562,21294
/Users/a/Ayanami/code/TSP/data/classic/tsplib/kroD100.tsp,polyak,142,polyak,142,21128.634717617657,21134.762515147562,21294
/Users/a/Ayanami/code/TSP/data/classic/tsplib/kroD100.tsp,polyak,143,polyak,143,21133.041367307902,21134.762515147562,21294
/Users/a/Ayanami/code/TSP/data/classic/tsplib/kroD100.tsp,polyak,144,polyak,144,21128.772425420473,21134.762515147562,21294
/Users/a/Ayanami/code/TSP/data/classic/tsplib/kroD100.tsp,polyak,145,polyak,145,21132.90796287392,21134.762515147562,21294
/Users/a/Ayanami/code/TSP/data/classic/tsplib/kroD100.tsp,polyak,146,polyak,146,21128.884250524174,21134.762515147562,21294
/Users/a/Ayanami/code/TSP/data/classic/tsplib/kroD100.tsp,polyak,147,polyak,147,21132.782221862995,21134.762515147562,21294
/Users/a/Ayanami/code/TSP/data/classic/tsplib/kroD100.tsp,polyak,148,polyak,148,21129.023472570225,21134.762515147562,21294
/Users/a/Ayanami/code/TSP/data/classic/tsplib/kroD100.tsp,polyak,149,polyak,149,21132.664760947591,21134.762515147562,21294
/Users/a/Ayanami/code/TSP/data/classic/tsplib/kroD100.tsp,polyak,150,polyak,150,21129.137262832024,21134.762515147562,21294
/Users/a/Ayanami/code/TSP/data/classic/tsplib/kroD100.tsp,polyak,151,polyak,151,21138.231639767779,21138.231639767779,21294
/Users/a/Ayanami/code/TSP/data/classic/tsplib/kroD100.tsp,polyak,152,polyak,152,21134.18471816403,21138.231639767779,21294
/Users/a/Ayanami/code/TSP/data/classic/tsplib/kroD100.tsp,polyak,153,polyak,153,21137.747634575775,21138.231639767779,21294
/Users/a/Ayanami/code/TSP/data/classic/tsplib/kroD100.tsp,polyak,154,polyak,154,21134.465198205769,21138.231639767779,21294
/Users/a/Ayanami/code/TSP/data/classic/tsplib/kroD100.tsp,polyak,155,polyak,155,21137.745166032793,21138.231639767779,21294
/Users/a/Ayanami/code/TSP/data/classic/tsplib/kroD100.tsp,polyak,156,polyak,156,21133.994739209335,21138.231639767779,21294
/Users/a/Ayanami/code/TSP/data/classic/tsplib/kroD100.tsp,polyak,157,polyak,157,21138.29386524867,21138.29386524867,21294
/Users/a/Ayanami/code/TSP/data/classic/tsplib/kroD100.tsp,polyak,158,polyak,158,21133.085471660768,21138.29386524867,21294
/Users/a/Ayanami/code/TSP/data/classic/tsplib/kroD100.tsp,polyak,159,polyak,159,21138.270455236558,21138.29386524867,21294
/Users/a/Ayanami/code/TSP/data/classic/tsplib/kroD100.tsp,polyak,160,polyak,160,21135.501824598108,21138.29386524867,21294
/Users/a/Ayanami/code/TSP/data/classic/tsplib/kroD100.tsp,polyak,161,polyak,161,21135.791448375072,21138.29386524867,21294
/Users/a/Ayanami/code/TSP/data/classic/tsplib/kroD100.tsp,polyak,162,polyak,162,21136.325246601125,21138.29386524867,21294
/Users/a/Ayanami/code/TSP/data/classic/tsplib/kroD100.tsp,polyak,163,polyak,163,21134.878067999438,21138.29386524867,21294
/Users/a/Ayanami/code/TSP/data/classic/tsplib/kroD100.tsp,polyak,164,polyak,164,21137.984320908272,21138.29386524867,21294
/Users/a/Ayanami/code/TSP/data/classic/tsplib/kroD100.tsp,polyak,165,polyak,165,21134.141116675422,21138.29386524867,21294
/Users/a/Ayanami/code/TSP/data/classic/tsplib/kroD100.tsp,polyak,166,polyak,166,21139.345107230674,21139.345107230674,21294
/Users/a/Ayanami/code/TSP/data/classic/tsplib/kroD100.tsp,polyak,167,polyak,167,21131.444629280621,21139.345107230674,21294
/Users/a/Ayanami/code/TSP/data/classic/tsplib/kroD100.tsp,polyak,168,polyak,168,21137.970550670059,21139.345107230674,21294
/Users/a/Ayanami/code/TSP/data/classic/tsplib/kroD100.tsp,polyak,169,polyak,169,21135.627256733107,21139.345107230674,21294
/Users/a/Ayanami/code/TSP/data/classic/tsplib/kroD100.tsp,polyak,170,polyak,170,21135.94766674014,21139.345107230674,21294
/Users/a/Ayanami/code/TSP/data/classic/tsplib/kroD100.tsp,polyak,171,polyak,171,21135.967225678334,21139.345107230674,21294
/Users/a/Ayanami/code/TSP/data/classic/tsplib/kroD100.tsp,polyak,172,polyak,172,21136.478790243847,21139.345107230674,21294
/Users/a/Ayanami/code/TSP/data/classic/tsplib/kroD100.tsp,polyak,173,polyak,173,21136.957009531961,21139.345107230674,21294
/Users/a/Ayanami/code/TSP/data/classic/tsplib/kroD100.tsp,polyak,174,polyak,174,21134.876330221738,21139.345107230674,21294
/Users/a/Ayanami/code/TSP/data/classic/tsplib/kroD100.tsp,polyak,175,polyak,175,21136.979259695217,21139.345107230674,21294
/Users/a/Ayanami/code/TSP/data/classic/tsplib/kroD100.tsp,polyak,176,polyak,176,21134.758381969867,21139.345107230674,21294
/Users/a/Ayanami/code/TSP/data/classic/tsplib/kroD100.tsp,polyak,177,polyak,177,21137.74977226738,21139.345107230674,21294
/Users/a/Ayanami/code/TSP/data/classic/tsplib/kroD100.tsp,polyak,178,polyak,178,21134.269109435339,21139.345107230674,21294
/Users/a/Ayanami/code/TSP/data/classic/tsplib/kroD100.tsp,polyak,179,polyak,179,21137.538775366636,21139.345107230674,21294
/Users/a/Ayanami/code/TSP/data/classic/tsplib/kroD100.tsp,polyak,180,polyak,180,21139.044422432842,21139.345107230674,21294
/Users/a/Ayanami/code/TSP/data/classic/tsplib/kroD100.tsp,polyak,181,polyak,181,21138.226794495866,21139.345107230674,21294
/Users/a/Ayanami/code/TSP/data/classic/tsplib/kroD100.tsp,polyak,182,polyak,182,21138.735048464237,21139.345107230674,21294
/Users/a/Ayanami/code/TSP/data/classic/tsplib/kroD100.tsp,polyak,183,polyak,183,21139.379480882533,21139.379480882533,21294
/Users/a/Ayanami/code/TSP/data/classic/tsplib/kroD100.tsp,polyak,184,polyak,184,21138.225860709226,21139.379480882533,21294
/Users/a/Ayanami/code/TSP/data/classic/tsplib/kroD100.tsp,polyak,185,polyak,185,21139.227710433279,21139.379480882533,21294
/Users/a/Ayanami/code/TSP/data/classic/tsplib/kroD100.tsp,polyak,186,polyak,186,21139.21772909999,21139.379480882533,21294
/Users/a/Ayanami/code/TSP/data/classic/tsplib/kroD100.tsp,polyak,187,polyak,187,21138.277669612384,21139.379480882533,21294
/Users/a/Ayanami/code/TSP/data/classic/tsplib/kroD100.tsp,polyak,188,polyak,188,21139.421854044336,21139.421854044336,21294
/Users/a/Ayanami/code/TSP/data/classic/tsplib/kroD100.tsp,polyak,189,polyak,189,21138.745274222321,21139.421854044336,21294
/Users/a/Ayanami/code/TSP/data/classic/tsplib/kroD100.tsp,polyak,190,polyak,190,21138.79860677274,21139.421854044336,21294
/Users/a/Ayanami/code/TSP/data/classic/tsplib/kroD100.tsp,polyak,191,polyak,191,21138.949819842674,21139.421854044336,21294
/Users/a/Ayanami/code/TSP/data/classic/tsplib/kroD100.tsp,polyak,192,polyak,192,21138.799788124852,21139.421854044336,21294
/Users/a/Ayanami/code/TSP/data/classic/tsplib/kroD100.tsp,polyak,193,polyak,193,21138.948647719884,21139.421854044336,21294
/Users/a/Ayanami/code/TSP/data/classic/tsplib/kroD100.tsp,polyak,194,polyak,194,21138.800951090434,21139.421854044336,21294
/Users/a/Ayanami/code/TSP/data/classic/tsplib/kroD100.tsp,polyak,195,polyak,195,21138.947493839962,21139.421854044336,21294
/Users/a/Ayanami/code/TSP/data/classic/tsplib/kroD100.tsp,polyak,196,polyak,196,21138.802095955663,21139.421854044336,21294
/Users/a/Ayanami/code/TSP/data/classic/tsplib/kroD100.tsp,polyak,197,polyak,197,21138.946357918991,21139.421854044336,21294
/Users/a/Ayanami/code/TSP/data/classic/tsplib/kroD100.tsp,polyak,198,polyak,198,21138.803223002251,21139.421854044336,21294
/Users/a/Ayanami/code/TSP/data/classic/tsplib/kroD100.tsp,polyak,199,polyak,199,21138.945239677454,21139.421854044336,21294
/Users/a/Ayanami/code/TSP/data/classic/tsplib/kroD100.tsp,polyak,200,polyak,200,21138.804332507523,21139.421854044336,21294
/Users/a/Ayanami/code/TSP/data/classic/tsplib/kroD100.tsp,polyak,201,polyak,201,21138.944138840194,21139.421854044336,21294
/Users/a/Ayanami/code/TSP/data/classic/tsplib/kroD100.tsp,polyak,202,polyak,202,21140.527239232313,21140.527239232313,21294
/Users/a/Ayanami/code/TSP/data/classic/tsplib/kroD100.tsp,polyak,203,polyak,203,21139.679462638993,21140.527239232313,21294
/Users/a/Ayanami/code/TSP/data/classic/tsplib/kroD100.tsp,polyak,204,polyak,204,21140.687234716621,21140.687234716621,21294
/Users/a/Ayanami/code/TSP/data/classic/tsplib/kroD100.tsp,polyak,205,polyak,205,21139.602236789302,21140.687234716621,21294
/Users/a/Ayanami/code/TSP/data/classic/tsplib/kroD100.tsp,polyak,206,polyak,206,21140.750756871435,21140.750756871435,21294
/Users/a/Ayanami/code/TSP/data/classic/tsplib/kroD100.tsp,polyak,207,polyak,207,21139.504647317917,21140.750756871435,21294
/Users/a/Ayanami/code/TSP/data/classic/tsplib/kroD100.tsp,polyak,208,polyak,208,21140.877917673017,21140.877917673017,21294
/Users/a/Ayanami/code/TSP/data/classic/tsplib/kroD100.tsp,polyak,209,polyak,209,21139.367865438609,21140.877917673017,21294
/Users/a/Ayanami/code/TSP/data/classic/tsplib/kroD100.tsp,polyak,210,polyak,210,21140.721575107102,21140.877917673017,21294
/Users/a/Ayanami/code/TSP/data/classic/tsplib/kroD100.tsp,polyak,211,polyak,211,21139.622857327577,21140.877917673017,21294
/Users/a/Ayanami/code/TSP/data/classic/tsplib/kroD100.tsp,polyak,212,polyak,212,21140.713635311222,21140.877917673017,21294
/Users/a/Ayanami/code/TSP/data/classic/tsplib/kroD100.tsp,polyak,213,polyak,213,21139.21642908216,21140.877917673017,21294
/Users/a/Ayanami/code/TSP/data/classic/tsplib/kroD100.tsp,polyak,214,polyak,214,21140.673819540327,21140.877917673017,21294
/Users/a/Ayanami/code/TSP/data/classic/tsplib/kroD100.tsp,polyak,215,polyak,215,21140.0488776942,21140.877917673017,21294
/Users/a/Ayanami/code/TSP/data/classic/tsplib/kroD100.tsp,polyak,216,polyak,216,21140.13828910048,21140.877917673017,21294
/Users/a/Ayanami/code/TSP/data/classic/tsplib/kroD100.tsp,polyak,217,polyak,217,21140.053406392264,21140.877917673017,21294
/Users/a/Ayanami/code/TSP/data/classic/tsplib/kroD100.tsp,polyak,218,polyak,218,21140.416747370156,21140.877917673017,21294
/Users/a/Ayanami/code/TSP/data/classic/tsplib/kroD100.tsp,polyak,219,polyak,219,21139.834112536231,21140.877917673017,21294
/Users/a/Ayanami/code/TSP/data/classic/tsplib/kroD100.tsp,polyak,220,polyak,220,21140.510533622481,21140.877917673017,21294
/Users/a/Ayanami/code/TSP/data/classic/tsplib/kroD100.tsp,polyak,221,polyak,221,21140.215747310427,21140.877917673017,21294
/Users/a/Ayanami/code/TSP/data/classic/tsplib/kroD100.tsp,polyak,222,polyak,222,21140.86412728703,21140.877917673017,21294
/Users/a/Ayanami/code/TSP/data/classic/tsplib/kroD100.tsp,polyak,223,polyak,223,21140.664799687514,21140.877917673017,21294
/Users/a/Ayanami/code/TSP/data/classic/tsplib/kroD100.tsp,polyak,224,polyak,224,21140.994662819121,21140.994662819121,21294
/Users/a/Ayanami/code/TSP/data/classic/tsplib/kroD100.tsp,polyak,225,polyak,225,21140.597161644546,21140.994662819121,21294
/Users/a/Ayanami/code/TSP/data/classic/tsplib/kroD100.tsp,polyak,226,polyak,226,21141.151979007962,21141.151979007962,21294
/Users/a/Ayanami/code/TSP/data/classic/tsplib/kroD100.tsp,polyak,227,polyak,227,21140.489543584732,21141.151979007962,21294
/Users/a/Ayanami/code/TSP/data/classic/tsplib/kroD100.tsp,polyak,228,polyak,228,21141.18192672544,21141.18192672544,21294
/Users/a/Ayanami/code/TSP/data/classic/tsplib/kroD100.tsp,polyak,229,polyak,229,21140.647096005388,21141.18192672544,21294
/Users/a/Ayanami/code/TSP/data/classic/tsplib/kroD100.tsp,polyak,230,polyak,230,21140.975448497822,21141.18192672544,21294
/Users/a/Ayanami/code/TSP/data/classic/tsplib/kroD100.tsp,polyak,231,polyak,231,21140.709512815069,21141.18192672544,21294
/Users/a/Ayanami/code/TSP/data/classic/tsplib/kroD100.tsp,polyak,232,polyak,232,21140.918634388137,21141.18192672544,21294
/Users/a/Ayanami/code/TSP/data/classic/tsplib/kroD100.tsp,polyak,233,polyak,233,21140.866219263393,21141.18192672544,21294
/Users/a/Ayanami/code/TSP/data/classic/tsplib/kroD100.tsp,polyak,234,polyak,234,21140.800377444662,21141.18192672544,21294
/Users/a/Ayanami/code/TSP/data/classic/tsplib/kroD100.tsp,polyak,235,polyak,235,21140.853346872493,21141.18192672544,21294
/Users/a/Ayanami/code/TSP/data/classic/tsplib/kroD100.tsp,polyak,236,polyak,236,21141.080955225261,21141.18192672544,21294
/Users/a/Ayanami/code/TSP/data/classic/tsplib/kroD100.tsp,polyak,237,polyak,237,21140.49827042421,21141.18192672544,21294
/Users/a/Ayanami/code/TSP/data/classic/tsplib/kroD100.tsp,polyak,238,polyak,238,21141.141945092586,21141.18192672544,21294
/Users/a/Ayanami/code/TSP/data/classic/tsplib/kroD100.tsp,polyak,239,polyak,239,21140.717580353554,21141.18192672544,21294
/Users/a/Ayanami/code/TSP/data/classic/tsplib/kroD100.tsp,polyak,240,polyak,240,21140.904754731277,21141.18192672544,21294
/Users/a/Ayanami/code/TSP/data/classic/tsplib/kroD100.tsp,polyak,241,polyak,241,21140.687143097512,21141.18192672544,21294
/Users/a/Ayanami/code/TSP/data/classic/tsplib/kroD100.tsp,polyak,242,polyak,242,21141.241298798624,21141.241298798624,21294
/Users/a/Ayanami/code/TSP/data/classic/tsplib/kroD100.tsp,polyak,243,polyak,243,21141.030438859896,21141.241298798624,21294
/Users/a/Ayanami/code/TSP/data/classic/tsplib/kroD100.tsp,polyak,244,polyak,244,21141.305014823745,21141.305014823745,21294
/Users/a/Ayanami/code/TSP/data/classic/tsplib/kroD100.tsp,polyak,245,polyak,245,21141.01272218482,21141.305014823745,21294
/Users/a/Ayanami/code/TSP/data/classic/tsplib/kroD100.tsp,polyak,246,polyak,246,21141.246458213172,21141.305014823745,21294
/Users/a/Ayanami/code/TSP/data/classic/tsplib/kroD100.tsp,polyak,247,polyak,247,21141.165055738409,21141.305014823745,21294
/Users/a/Ayanami/code/TSP/data/classic/tsplib/kroD100.tsp,polyak,248,polyak,248,21141.131823652664,21141.305014823745,21294
/Users/a/Ayanami/code/TSP/data/classic/tsplib/kroD100.tsp,polyak,249,polyak,249,21141.193057304332,21141.305014823745,21294
/Users/a/Ayanami/code/TSP/data/classic/tsplib/kroD100.tsp,polyak,250,polyak,250,21141.239178954398,21141.305014823745,21294
/Users/a/Ayanami/code/TSP/data/classic/tsplib/kroD100.tsp,polyak,251,polyak,251,21141.092573634214,21141.305014823745,21294
/Users/a/Ayanami/code/TSP/data/classic/tsplib/kroD100.tsp,polyak,252,polyak,252,21141.253219894734,21141.305014823745,21294
/Users/a/Ayanami/code/TSP/data/classic/tsplib/kroD100.tsp,polyak,253,polyak,253,21141.092730515331,21141.305014823745,21294
/Users/a/Ayanami/code/TSP/data/classic/tsplib/kroD100.tsp,polyak,254,polyak,254,21141.253063166823,21141.305014823745,21294
/Users/a/Ayanami/code/TSP/data/classic/tsplib/kroD100.tsp,polyak,255,polyak,255,21141.092887090181,21141.305014823745,21294
/Users/a/Ayanami/code/TSP/data/classic/tsplib/kroD100.tsp,polyak,256,polyak,256,21141.252906744874,21141.305014823745,21294
/Users/a/Ayanami/code/TSP/data/classic/tsplib/kroD100.tsp,polyak,257,polyak,257,21141.093043359382,21141.305014823745,21294
/Users/a/Ayanami/code/TSP/data/classic/tsplib/kroD100.tsp,polyak,258,polyak,258,21141.303270063232,21141.305014823745,21294
/Users/a/Ayanami/code/TSP/data/classic/tsplib/kroD100.tsp,polyak,259,polyak,259,21141.33348648018,21141.33348648018,21294
/Users/a/Ayanami/code/TSP/data/classic/tsplib/kroD100.tsp,polyak,260,polyak,260,21141.313282568706,21141.33348648018,21294
/Users/a/Ayanami/code/TSP/data/classic/tsplib/kroD100.tsp,polyak,261,polyak,261,21141.356993706242,21141.356993706242,21294
/Users/a/Ayanami/code/TSP/data/classic/tsplib/kroD100.tsp,polyak,262,polyak,262,21141.309575837335,21141.356993706242,21294
/Users/a/Ayanami/code/TSP/data/classic/tsplib/kroD100.tsp,polyak,263,polyak,263,21141.380202734927,21141.380202734927,21294
/Users/a/Ayanami/code/TSP/data/classic/tsplib/kroD100.tsp,polyak,264,polyak,264,21141.280571616542,21141.380202734927,21294
/Users/a/Ayanami/code/TSP/data/classic/tsplib/kroD100.tsp,polyak,265,polyak,265,21141.379525072578,21141.380202734927,21294
/Users/a/Ayanami/code/TSP/data/classic/tsplib/kroD100.tsp,polyak,266,polyak,266,21141.267825877498,21141.380202734927,21294
/Users/a/Ayanami/code/TSP/data/classic/tsplib/kroD100.tsp,polyak,267,polyak,267,21141.375642937262,21141.380202734927,21294
/Users/a/Ayanami/code/TSP/data/classic/tsplib/kroD100.tsp,polyak,268,polyak,268,21141.317631284928,21141.380202734927,21294
/Users/a/Ayanami/code/TSP/data/classic/tsplib/kroD100.tsp,polyak,269,polyak,269,21141.327357256498,21141.380202734927,21294
/Users/a/Ayanami/code/TSP/data/classic/tsplib/kroD100.tsp,polyak,270,polyak,270,21141.344885083519,21141.380202734927,21294
/Users/a/Ayanami/code/TSP/data/classic/tsplib/kroD100.tsp,polyak,271,polyak,271,21141.301655608415,21141.380202734927,21294
/Users/a/Ayanami/code/TSP/data/classic/tsplib/kroD100.tsp,polyak,272,polyak,272,21141.387832311579,21141.387832311579,21294
/Users/a/Ayanami/code/TSP/data/classic/tsplib/kroD100.tsp,polyak,273,polyak,273,21141.27762176788,21141.387832311579,21294
/Users/a/Ayanami/code/TSP/data/classic/tsplib/kroD100.tsp,polyak,274,polyak,274,21141.38169882723,21141.387832311579,21294
/Users/a/Ayanami/code/TSP/data/classic/tsplib/kroD100.tsp,polyak,275,polyak,275,21141.332980279076,21141.387832311579,21294
/Users/a/Ayanami/code/TSP/data/classic/tsplib/kroD100.tsp,polyak,276,polyak,276,21141.325641524829,21141.387832311579,21294
/Users/a/Ayanami/code/TSP/data/classic/tsplib/kroD100.tsp,polyak,277,polyak,277,21141.347369042331,21141.387832311579,21294
/Users/a/Ayanami/code/TSP/data/classic/tsplib/kroD100.tsp,polyak,278,polyak,278,21141.325652133964,21141.387832311579,21294
/Users/a/Ayanami/code/TSP/data/classic/tsplib/kroD100.tsp,polyak,279,polyak,279,21141.347358438376,21141.387832311579,21294
/Users/a/Ayanami/code/TSP/data/classic/tsplib/kroD100.tsp,polyak,280,polyak,280,21141.325662732746,21141.387832311579,21294
/Users/a/Ayanami/code/TSP/data/classic/tsplib/kroD100.tsp,polyak,281,polyak,281,21141.347347844763,21141.387832311579,21294
/Users/a/Ayanami/code/TSP/data/classic/tsplib/kroD100.tsp,polyak,282,polyak,282,21141.325673321182,21141.387832311579,21294
/Users/a/Ayanami/code/TSP/data/classic/tsplib/kroD100.tsp,polyak,283,polyak,283,21141.347337261508,21141.387832311579,21294
/Users/a/Ayanami/code/TSP/data/classic/tsplib/kroD100.tsp,polyak,284,polyak,284,21141.325683899275,21141.387832311579,21294
/Users/a/Ayanami/code/TSP/data/classic/tsplib/kroD100.tsp,polyak,285,polyak,285,21141.347326688574,21141.387832311579,21294
/Users/a/Ayanami/code/TSP/data/classic/tsplib/kroD100.tsp,polyak,286,polyak,286,21141.451417911303,21141.451417911303,21294
/Users/a/Ayanami/code/TSP/data/classic/tsplib/kroD100.tsp,polyak,287,polyak,287,21141.364074099787,21141.451417911303,21294
/Users/a/Ayanami/code/TSP/data/classic/tsplib/kroD100.tsp,polyak,288,polyak,288,21141.457468717472,21141.457468717472,21294
/Users/a/Ayanami/code/TSP/data/classic/tsplib/kroD100.tsp,polyak,289,polyak,289,21141.372759145292,21141.457468717472,21294
/Users/a/Ayanami/code/TSP/data/classic/tsplib/kroD100.tsp,polyak,290,polyak,290,21141.433125532712,21141.457468717472,21294
/Users/a/Ayanami/code/TSP/data/classic/tsplib/kroD100.tsp,polyak,291,polyak,291,21141.388274036111,21141.457468717472,21294
/Users/a/Ayanami/code/TSP/data/classic/tsplib/kroD100.tsp,polyak,292,polyak,292,21141.429256303545,21141.457468717472,21294
/Users/a/Ayanami/code/TSP/data/classic/tsplib/kroD100.tsp,polyak,293,polyak,293,21141.425373287057,21141.457468717472,21294
/Users/a/Ayanami/code/TSP/data/classic/tsplib/kroD100.tsp,polyak,294,polyak,294,21141.407077293366,21141.457468717472,21294
/Users/a/Ayanami/code/TSP/data/classic/tsplib/kroD100.tsp,polyak,295,polyak,295,21141.415427913289,21141.457468717472,21294
/Users/a/Ayanami/code/TSP/data/classic/tsplib/kroD100.tsp,polyak,296,polyak,296,21141.434324798072,21141.457468717472,21294
/Users/a/Ayanami/code/TSP/data/classic/tsplib/kroD100.tsp,polyak,297,polyak,297,21141.40220701951,21141.457468717472,21294
/Users/a/Ayanami/code/TSP/data/classic/tsplib/kroD100.tsp,polyak,298,polyak,298,21141.434316956824,21141.457468717472,21294
/Users/a/Ayanami/code/TSP/data/classic/tsplib/kroD100.tsp,polyak,299,polyak,299,21141.402214858852,21141.457468717472,21294
/Users/a/Ayanami/code/TSP/data/classic/tsplib/kroD100.tsp,polyak,300,polyak,300,21141.434309119395,21141.457468717472,21294
/Users/a/Ayanami/code/TSP/data/classic/tsplib/kroD100.tsp,polyak,301,polyak,301,21141.40222269436,21141.457468717472,21294
/Users/a/Ayanami/code/TSP/data/classic/tsplib/kroD100.tsp,polyak,302,polyak,302,21141.457413710526,21141.457468717472,21294
/Users/a/Ayanami/code/TSP/data/classic/tsplib/kroD100.tsp,polyak,303,polyak,303,21141.451858394608,21141.457468717472,21294
/Users/a/Ayanami/code/TSP/data/classic/tsplib/kroD100.tsp,polyak,304,polyak,304,21141.469753440517,21141.469753440517,21294
/Users/a/Ayanami/code/TSP/data/classic/tsplib/kroD100.tsp,polyak,305,polyak,305,21141.444110952398,21141.469753440517,21294
/Users/a/Ayanami/code/TSP/data/classic/tsplib/kroD100.tsp,polyak,306,polyak,306,21141.466398057564,21141.469753440517,21294
/Users/a/Ayanami/code/TSP/data/classic/tsplib/kroD100.tsp,polyak,307,polyak,307,21141.462763860098,21141.469753440517,21294
/Users/a/Ayanami/code/TSP/data/classic/tsplib/kroD100.tsp,polyak,308,polyak,308,21141.451815580935,21141.469753440517,21294
/Users/a/Ayanami/code/TSP/data/classic/tsplib/kroD100.tsp,polyak,309,polyak,309,21141.463733564902,21141.469753440517,21294
/Users/a/Ayanami/code/TSP/data/classic/tsplib/kroD100.tsp,polyak,310,polyak,310,21141.450052677556,21141.469753440517,21294
/Users/a/Ayanami/code/TSP/data/classic/tsplib/kroD100.tsp,polyak,311,polyak,311,21141.470168122607,21141.470168122607,21294
/Users/a/Ayanami/code/TSP/data/classic/tsplib/kroD100.tsp,polyak,312,polyak,312,21141.444163708507,21141.470168122607,21294
/Users/a/Ayanami/code/TSP/data/classic/tsplib/kroD100.tsp,polyak,313,polyak,313,21141.47044592573,21141.47044592573,21294
/Users/a/Ayanami/code/TSP/data/classic/tsplib/kroD100.tsp,polyak,314,polyak,314,21141.443118450123,21141.47044592573,21294
/Users/a/Ayanami/code/TSP/data/classic/tsplib/kroD100.tsp,polyak,315,polyak,315,21141.466698263903,21141.47044592573,21294
/Users/a/Ayanami/code/TSP/data/classic/tsplib/kroD100.tsp,polyak,316,polyak,316,21141.44923850098,21141.47044592573,21294
/Users/a/Ayanami/code/TSP/data/classic/tsplib/kroD100.tsp,polyak,317,polyak,317,21141.471768285195,21141.471768285195,21294
/Users/a/Ayanami/code/TSP/data/classic/tsplib/kroD100.tsp,polyak,318,polyak,318,21141.436390664097,21141.471768285195,21294
/Users/a/Ayanami/code/TSP/data/classic/tsplib/kroD100.tsp,polyak,319,polyak,319,21141.469387736986,21141.471768285195,21294
/Users/a/Ayanami/code/TSP/data/classic/tsplib/kroD100.tsp,polyak,320,polyak,320,21141.454031987858,21141.471768285195,21294
/Users/a/Ayanami/code/TSP/data/classic/tsplib/kroD100.tsp,polyak,321,polyak,321,21141.464236326596,21141.471768285195,21294
/Users/a/Ayanami/code/TSP/data/classic/tsplib/kroD100.tsp,polyak,322,polyak,322,21141.454033233502,21141.471768285195,21294
/Users/a/Ayanami/code/TSP/data/classic/tsplib/kroD100.tsp,polyak,323,polyak,323,21141.464235081105,21141.471768285195,21294
/Users/a/Ayanami/code/TSP/data/classic/tsplib/kroD100.tsp,polyak,324,polyak,324,21141.454034478851,21141.471768285195,21294
/Users/a/Ayanami/code/TSP/data/classic/tsplib/kroD100.tsp,polyak,325,polyak,325,21141.464233835915,21141.471768285195,21294
/Users/a/Ayanami/code/TSP/data/classic/tsplib/kroD100.tsp,polyak,326,polyak,326,21141.454035723888,21141.471768285195,21294
/Users/a/Ayanami/code/TSP/data/classic/tsplib/kroD100.tsp,polyak,327,polyak,327,21141.464232591024,21141.471768285195,21294
/Users/a/Ayanami/code/TSP/data/classic/tsplib/kroD100.tsp,polyak,328,polyak,328,21141.454036968622,21141.471768285195,21294
/Users/a/Ayanami/code/TSP/data/classic/tsplib/kroD100.tsp,polyak,329,polyak,329,21141.464231346443,21141.471768285195,21294
/Users/a/Ayanami/code/TSP/data/classic/tsplib/kroD100.tsp,polyak,330,polyak,330,21141.454038213054,21141.471768285195,21294
/Users/a/Ayanami/code/TSP/data/classic/tsplib/kroD100.tsp,polyak,331,polyak,331,21141.488774391793,21141.488774391793,21294
/Users/a/Ayanami/code/TSP/data/classic/tsplib/kroD100.tsp,polyak,332,polyak,332,21141.468715009614,21141.488774391793,21294
/Users/a/Ayanami/code/TSP/data/classic/tsplib/kroD100.tsp,polyak,333,polyak,333,21141.485628481056,21141.488774391793,21294
/Users/a/Ayanami/code/TSP/data/classic/tsplib/kroD100.tsp,polyak,334,polyak,334,21141.475952592758,21141.488774391793,21294
/Users/a/Ayanami/code/TSP/data/classic/tsplib/kroD100.tsp,polyak,335,polyak,335,21141.480269516484,21141.488774391793,21294
/Users/a/Ayanami/code/TSP/data/classic/tsplib/kroD100.tsp,polyak,336,polyak,336,21141.478332817289,21141.488774391793,21294
/Users/a/Ayanami/code/TSP/data/classic/tsplib/kroD100.tsp,polyak,337,polyak,337,21141.484444071993,21141.488774391793,21294
/Users/a/Ayanami/code/TSP/data/classic/tsplib/kroD100.tsp,polyak,338,polyak,338,21141.467696653352,21141.488774391793,21294
/Users/a/Ayanami/code/TSP/data/classic/tsplib/kroD100.tsp,polyak,339,polyak,339,21141.484434376511,21141.488774391793,21294
/Users/a/Ayanami/code/TSP/data/classic/tsplib/kroD100.tsp,polyak,340,polyak,340,21141.476741106871,21141.488774391793,21294
/Users/a/Ayanami/code/TSP/data/classic/tsplib/kroD100.tsp,polyak,341,polyak,341,21141.481135161208,21141.488774391793,21294
/Users/a/Ayanami/code/TSP/data/classic/tsplib/kroD100.tsp,polyak,342,polyak,342,21141.475813220994,21141.488774391793,21294
/Users/a/Ayanami/code/TSP/data/classic/tsplib/kroD100.tsp,polyak,343,polyak,343,21141.486970721795,21141.488774391793,21294
/Users/a/Ayanami/code/TSP/data/classic/tsplib/kroD100.tsp,polyak,344,polyak,344,21141.471879051445,21141.488774391793,21294
/Users/a/Ayanami/code/TSP/data/classic/tsplib/kroD100.tsp,polyak,345,polyak,345,21141.486952296498,21141.488774391793,21294
/Users/a/Ayanami/code/TSP/data/classic/tsplib/kroD100.tsp,polyak,346,polyak,346,21141.493659311898,21141.493659311898,21294
/Users/a/Ayanami/code/TSP/data/classic/tsplib/kroD100.tsp,polyak,347,polyak,347,21141.484160780936,21141.493659311898,21294
/Users/a/Ayanami/code/TSP/data/classic/tsplib/kroD100.tsp,polyak,348,polyak,348,21141.493772179016,21141.493772179016,21294
/Users/a/Ayanami/code/TSP/data/classic/tsplib/kroD100.tsp,polyak,349,polyak,349,21141.485352767388,21141.493772179016,21294
/Users/a/Ayanami/code/TSP/data/classic/tsplib/kroD100.tsp,polyak,350,polyak,350,21141.495784852319,21141.495784852319,21294
/Users/a/Ayanami/code/TSP/data/classic/tsplib/kroD100.tsp,polyak,351,polyak,351,21141.482467310871,21141.495784852319,21294
/Users/a/Ayanami/code/TSP/data/classic/tsplib/kroD100.tsp,polyak,352,polyak,352,21141.491608358578,21141.495784852319,21294
/Users/a/Ayanami/code/TSP/data/classic/tsplib/kroD100.tsp,polyak,353,polyak,353,21141.490243904522,21141.495784852319,21294
/Users/a/Ayanami/code/TSP/data/classic/tsplib/kroD100.tsp,polyak,354,polyak,354,21141.488024442693,21141.495784852319,21294
/Users/a/Ayanami/code/TSP/data/classic/tsplib/kroD100.tsp,polyak,355,polyak,355,21141.490408150363,21141.495784852319,21294
/Users/a/Ayanami/code/TSP/data/classic/tsplib/kroD100.tsp,polyak,356,polyak,356,21141.489907672181,21141.495784852319,21294
/Users/a/Ayanami/code/TSP/data/classic/tsplib/kroD100.tsp,polyak,357,polyak,357,21141.488625250284,21141.495784852319,21294
/Users/a/Ayanami/code/TSP/data/classic/tsplib/kroD100.tsp,polyak,358,polyak,358,21141.493817848637,21141.495784852319,21294
/Users/a/Ayanami/code/TSP/data/classic/tsplib/kroD100.tsp,polyak,359,polyak,359,21141.484183302106,21141.495784852319,21294
/Users/a/Ayanami/code/TSP/data/classic/tsplib/kroD100.tsp,polyak,360,polyak,360,21141.49231537732,21141.495784852319,21294
/Users/a/Ayanami/code/TSP/data/classic/tsplib/kroD100.tsp,polyak,361,polyak,361,21141.489386089466,21141.495784852319,21294
/Users/a/Ayanami/code/TSP/data/classic/tsplib/kroD100.tsp,polyak,362,polyak,362,21141.489287616005,21141.495784852319,21294
/Users/a/Ayanami/code/TSP/data/classic/tsplib/kroD100.tsp,polyak,363,polyak,363,21141.489041770736,21141.495784852319,21294
/Users/a/Ayanami/code/TSP/data/classic/tsplib/kroD100.tsp,polyak,364,polyak,364,21141.496750011356,21141.496750011356,21294
/Users/a/Ayanami/code/TSP/data/classic/tsplib/kroD100.tsp,polyak,365,polyak,365,21141.491663615747,21141.496750011356,21294
/Users/a/Ayanami/code/TSP/data/classic/tsplib/kroD100.tsp,polyak,366,polyak,366,21141.497700646847,21141.497700646847,21294
/Users/a/Ayanami/code/TSP/data/classic/tsplib/kroD100.tsp,polyak,367,polyak,367,21141.492055165625,21141.497700646847,21294
/Users/a/Ayanami/code/TSP/data/classic/tsplib/kroD100.tsp,polyak,368,polyak,368,21141.496923970637,21141.497700646847,21294
/Users/a/Ayanami/code/TSP/data/classic/tsplib/kroD100.tsp,polyak,369,polyak,369,21141.491788232437,21141.497700646847,21294
/Users/a/Ayanami/code/TSP/data/classic/tsplib/kroD100.tsp,polyak,370,polyak,370,21141.495250696738,21141.497700646847,21294
/Users/a/Ayanami/code/TSP/data/classic/tsplib/kroD100.tsp,polyak,371,polyak,371,21141.494362614423,21141.497700646847,21294
/Users/a/Ayanami/code/TSP/data/classic/tsplib/kroD100.tsp,polyak,372,polyak,372,21141.494741076949,21141.497700646847,21294
/Users/a/Ayanami/code/TSP/data/classic/tsplib/kroD100.tsp,polyak,373,polyak,373,21141.496269020972,21141.497700646847,21294
/Users/a/Ayanami/code/TSP/data/classic/tsplib/kroD100.tsp,polyak,374,polyak,374,21141.493273367465,21141.497700646847,21294
/Users/a/Ayanami/code/TSP/data/classic/tsplib/kroD100.tsp,polyak,375,polyak,375,21141.496260288757,21141.497700646847,21294
/Users/a/Ayanami/code/TSP/data/classic/tsplib/kroD100.tsp,polyak,376,polyak,376,21141.494130529456,21141.497700646847,21294
/Users/a/Ayanami/code/TSP/data/classic/tsplib/kroD100.tsp,polyak,377,polyak,377,21141.495251415217,21141.497700646847,21294
/Users/a/Ayanami/code/TSP/data/classic/tsplib/kroD100.tsp,polyak,378,polyak,378,21141.494502939193,21141.497700646847,21294
/Users/a/Ayanami/code/TSP/data/classic/tsplib/kroD100.tsp,helsgaun,1,helsgaun,1,18991,18991,21294
/Users/a/Ayanami/code/TSP/data/classic/tsplib/kroD100.tsp,helsgaun,2,helsgaun,2,19033,19033,21294
/Users/a/Ayanami/code/TSP/data/classic/tsplib/kroD100.tsp,helsgaun,3,helsgaun,3,19109.599999999999,19109.599999999999,21294
/Users/a/Ayanami/code/TSP/data/classic/tsplib/kroD100.tsp,helsgaun,4,helsgaun,4,19260.200000000001,19260.200000000001,21294
/Users/a/Ayanami/code/TSP/data/classic/tsplib/kroD100.tsp,helsgaun,5,helsgaun,5,19487.399999999998,19487.399999999998,21294
/Users/a/Ayanami/code/TSP/data/classic/tsplib/kroD100.tsp,helsgaun,6,helsgaun,6,19824.800000000003,19824.800000000003,21294
/Users/a/Ayanami/code/TSP/data/classic/tsplib/kroD100.tsp,helsgaun,7,helsgaun,7,20112.600000000009,20112.600000000009,21294
/Users/a/Ayanami/code/TSP/data/classic/tsplib/kroD100.tsp,helsgaun,8,helsgaun,8,19618.80000000001,20112.600000000009,21294
/Users/a/Ayanami/code/TSP/data/classic/tsplib/kroD100.tsp,helsgaun,9,helsgaun,9,19774.999999999996,20112.600000000009,21294
/Users/a/Ayanami/code/TSP/data/classic/tsplib/kroD100.tsp,helsgaun,10,helsgaun,10,19839.999999999996,20112.600000000009,21294
/Users/a/Ayanami/code/TSP/data/classic/tsplib/kroD100.tsp,helsgaun,11,helsgaun,11,19812.000000000007,20112.600000000009,21294
/Users/a/Ayanami/code/TSP/data/classic/tsplib/kroD100.tsp,helsgaun,12,helsgaun,12,19839.999999999993,20112.600000000009,21294
/Users/a/Ayanami/code/TSP/data/classic/tsplib/kroD100.tsp,helsgaun,13,helsgaun,13,19502.800000000007,20112.600000000009,21294
/Users/a/Ayanami/code/TSP/data/classic/tsplib/kroD100.tsp,helsgaun,14,helsgaun,14,19629.800000000007,20112.600000000009,21294
/Users/a/Ayanami/code/TSP/data/classic/tsplib/kroD100.tsp,helsgaun,15,helsgaun,15,19646.399999999994,20112.600000000009,21294
/Users/a/Ayanami/code/TSP/data/classic/tsplib/kroD100.tsp,helsgaun,16,helsgaun,16,19720.199999999993,20112.600000000009,21294
/Users/a/Ayanami/code/TSP/data/classic/tsplib/kroD100.tsp,helsgaun,17,helsgaun,17,19694.399999999998,20112.600000000009,21294
/Users/a/Ayanami/code/TSP/data/classic/tsplib/kroD100.tsp,helsgaun,18,helsgaun,18,19933.800000000003,20112.600000000009,21294
/Users/a/Ayanami/code/TSP/data/classic/tsplib/kroD100.tsp,helsgaun,19,helsgaun,19,19864.800000000003,20112.600000000009,21294
/Users/a/Ayanami/code/TSP/data/classic/tsplib/kroD100.tsp,helsgaun,20,helsgaun,20,19854.200000000001,20112.600000000009,21294
/Users/a/Ayanami/code/TSP/data/classic/tsplib/kroD100.tsp,helsgaun,21,helsgaun,21,19897.400000000001,20112.600000000009,21294
/Users/a/Ayanami/code/TSP/data/classic/tsplib/kroD100.tsp,helsgaun,22,helsgaun,22,19888.000000000004,20112.600000000009,21294
/Users/a/Ayanami/code/TSP/data/classic/tsplib/kroD100.tsp,helsgaun,23,helsgaun,23,20169.800000000003,20169.800000000003,21294
/Users/a/Ayanami/code/TSP/data/classic/tsplib/kroD100.tsp,helsgaun,24,helsgaun,24,20103.399999999998,20169.800000000003,21294
/Users/a/Ayanami/code/TSP/data/classic/tsplib/kroD100.tsp,helsgaun,25,helsgaun,25,19862.200000000001,20169.800000000003,21294
/Users/a/Ayanami/code/TSP/data/classic/tsplib/kroD100.tsp,helsgaun,26,helsgaun,26,20000.200000000004,20169.800000000003,21294
/Users/a/Ayanami/code/TSP/data/classic/tsplib/kroD100.tsp,helsgaun,27,helsgaun,27,19776.999999999996,20169.800000000003,21294
/Users/a/Ayanami/code/TSP/data/classic/tsplib/kroD100.tsp,helsgaun,28,helsgaun,28,19945,20169.800000000003,21294
/Users/a/Ayanami/code/TSP/data/classic/tsplib/kroD100.tsp,helsgaun,29,helsgaun,29,19794.800000000003,20169.800000000003,21294
/Users/a/Ayanami/code/TSP/data/classic/tsplib/kroD100.tsp,helsgaun,30,helsgaun,30,19949.199999999997,20169.800000000003,21294
/Users/a/Ayanami/code/TSP/data/classic/tsplib/kroD100.tsp,helsgaun,31,helsgaun,31,19953.400000000005,20169.800000000003,21294
/Users/a/Ayanami/code/TSP/data/classic/tsplib/kroD100.tsp,helsgaun,32,helsgaun,32,19646.199999999997,20169.800000000003,21294
/Users/a/Ayanami/code/TSP/data/classic/tsplib/kroD100.tsp,helsgaun,33,helsgaun,33,19264.400000000001,20169.800000000003,21294
/Users/a/Ayanami/code/TSP/data/classic/tsplib/kroD100.tsp,helsgaun,34,helsgaun,34,19473,20169.800000000003,21294
/Users/a/Ayanami/code/TSP/data/classic/tsplib/kroD100.tsp,helsgaun,35,helsgaun,35,19940.599999999999,20169.800000000003,21294
/Users/a/Ayanami/code/TSP/data/classic/tsplib/kroD100.tsp,helsgaun,36,helsgaun,36,19772.599999999999,20169.800000000003,21294
/Users/a/Ayanami/code/TSP/data/classic/tsplib/kroD100.tsp,helsgaun,37,helsgaun,37,19829.000000000004,20169.800000000003,21294
/Users/a/Ayanami/code/TSP/data/classic/tsplib/kroD100.tsp,helsgaun,38,helsgaun,38,20022.800000000003,20169.800000000003,21294
/Users/a/Ayanami/code/TSP/data/classic/tsplib/kroD100.tsp,helsgaun,39,helsgaun,39,20056.600000000002,20169.800000000003,21294
/Users/a/Ayanami/code/TSP/data/classic/tsplib/kroD100.tsp,helsgaun,40,helsgaun,40,19826.600000000002,20169.800000000003,21294
/Users/a/Ayanami/code/TSP/data/classic/tsplib/kroD100.tsp,helsgaun,41,helsgaun,41,19982.000000000004,20169.800000000003,21294
/Users/a/Ayanami/code/TSP/data/classic/tsplib/kroD100.tsp,helsgaun,42,helsgaun,42,20045.799999999992,20169.800000000003,21294
/Users/a/Ayanami/code/TSP/data/classic/tsplib/kroD100.tsp,helsgaun,43,helsgaun,43,19964.799999999999,20169.800000000003,21294
/Users/a/Ayanami/code/TSP/data/classic/tsplib/kroD100.tsp,helsgaun,44,helsgaun,44,19827.799999999999,20169.800000000003,21294
/Users/a/Ayanami/code/TSP/data/classic/tsplib/kroD100.tsp,helsgaun,45,helsgaun,45,19897.199999999997,20169.800000000003,21294
/Users/a/Ayanami/code/TSP/data/classic/tsplib/kroD100.tsp,helsgaun,46,helsgaun,46,20045.600000000006,20169.800000000003,21294
/Users/a/Ayanami/code/TSP/data/classic/tsplib/kroD100.tsp,helsgaun,47,helsgaun,47,19921.799999999996,20169.800000000003,21294
/Users/a/Ayanami/code/TSP/data/classic/tsplib/kroD100.tsp,helsgaun,48,helsgaun,48,20151.799999999999,20169.800000000003,21294
/Users/a/Ayanami/code/TSP/data/classic/tsplib/kroD100.tsp,helsgaun,49,helsgaun,49,19854.600000000006,20169.800000000003,21294
/Users/a/Ayanami/code/TSP/data/classic/tsplib/kroD100.tsp,helsgaun,50,helsgaun,50,19828.200000000001,20169.800000000003,21294
/Users/a/Ayanami/code/TSP/data/classic/tsplib/kroD100.tsp,helsgaun,51,helsgaun,51,19790.399999999998,20169.800000000003,21294
/Users/a/Ayanami/code/TSP/data/classic/tsplib/kroD100.tsp,helsgaun,52,helsgaun,52,20349.599999999999,20349.599999999999,21294
/Users/a/Ayanami/code/TSP/data/classic/tsplib/kroD100.tsp,helsgaun,53,helsgaun,53,20707.399999999994,20707.399999999994,21294
/Users/a/Ayanami/code/TSP/data/classic/tsplib/kroD100.tsp,helsgaun,54,helsgaun,54,20676.199999999997,20707.399999999994,21294
/Users/a/Ayanami/code/TSP/data/classic/tsplib/kroD100.tsp,helsgaun,55,helsgaun,55,20767.200000000001,20767.200000000001,21294
/Users/a/Ayanami/code/TSP/data/classic/tsplib/kroD100.tsp,helsgaun,56,helsgaun,56,20709.200000000001,20767.200000000001,21294
/Users/a/Ayanami/code/TSP/data/classic/tsplib/kroD100.tsp,helsgaun,57,helsgaun,57,20724.000000000004,20767.200000000001,21294
/Users/a/Ayanami/code/TSP/data/classic/tsplib/kroD100.tsp,helsgaun,58,helsgaun,58,20717.399999999994,20767.200000000001,21294
/Users/a/Ayanami/code/TSP/data/classic/tsplib/kroD100.tsp,helsgaun,59,helsgaun,59,20747,20767.200000000001,21294
/Users/a/Ayanami/code/TSP/data/classic/tsplib/kroD100.tsp,helsgaun,60,helsgaun,60,20738,20767.200000000001,21294
/Users/a/Ayanami/code/TSP/data/classic/tsplib/kroD100.tsp,helsgaun,61,helsgaun,61,20782.400000000001,20782.400000000001,21294
/Users/a/Ayanami/code/TSP/data/classic/tsplib/kroD100.tsp,helsgaun,62,helsgaun,62,20861.000000000004,20861.000000000004,21294
/Users/a/Ayanami/code/TSP/data/classic/tsplib/kroD100.tsp,helsgaun,63,helsgaun,63,20706.399999999994,20861.000000000004,21294
/Users/a/Ayanami/code/TSP/data/classic/tsplib/kroD100.tsp,helsgaun,64,helsgaun,64,20753.200000000001,20861.000000000004,21294
/Users/a/Ayanami/code/TSP/data/classic/tsplib/kroD100.tsp,helsgaun,65,helsgaun,65,20688.200000000004,20861.000000000004,21294
/Users/a/Ayanami/code/TSP/data/classic/tsplib/kroD100.tsp,helsgaun,66,helsgaun,66,20678.800000000007,20861.000000000004,21294
/Users/a/Ayanami/code/TSP/data/classic/tsplib/kroD100.tsp,helsgaun,67,helsgaun,67,20851.200000000008,20861.000000000004,21294
/Users/a/Ayanami/code/TSP/data/classic/tsplib/kroD100.tsp,helsgaun,68,helsgaun,68,20729,20861.000000000004,21294
/Users/a/Ayanami/code/TSP/data/classic/tsplib/kroD100.tsp,helsgaun,69,helsgaun,69,20766.599999999999,20861.000000000004,21294
/Users/a/Ayanami/code/TSP/data/classic/tsplib/kroD100.tsp,helsgaun,70,helsgaun,70,20715.600000000006,20861.000000000004,21294
/Users/a/Ayanami/code/TSP/data/classic/tsplib/kroD100.tsp,helsgaun,71,helsgaun,71,20691.400000000009,20861.000000000004,21294
/Users/a/Ayanami/code/TSP/data/classic/tsplib/kroD100.tsp,helsgaun,72,helsgaun,72,20716.600000000009,20861.000000000004,21294
/Users/a/Ayanami/code/TSP/data/classic/tsplib/kroD100.tsp,helsgaun,73,helsgaun,73,20778.199999999997,20861.000000000004,21294
/Users/a/Ayanami/code/TSP/data/classic/tsplib/kroD100.tsp,helsgaun,74,helsgaun,74,20737.400000000005,20861.000000000004,21294
/Users/a/Ayanami/code/TSP/data/classic/tsplib/kroD100.tsp,helsgaun,75,helsgaun,75,20763.799999999999,20861.000000000004,21294
/Users/a/Ayanami/code/TSP/data/classic/tsplib/kroD100.tsp,helsgaun,76,helsgaun,76,20782.600000000006,20861.000000000004,21294
/Users/a/Ayanami/code/TSP/data/classic/tsplib/kroD100.tsp,helsgaun,77,helsgaun,77,20901.200000000004,20901.200000000004,21294
/Users/a/Ayanami/code/TSP/data/classic/tsplib/kroD100.tsp,helsgaun,78,helsgaun,78,21023.200000000001,21023.200000000001,21294
/Users/a/Ayanami/code/TSP/data/classic/tsplib/kroD100.tsp,helsgaun,79,helsgaun,79,21010.800000000003,21023.200000000001,21294
/Users/a/Ayanami/code/TSP/data/classic/tsplib/kroD100.tsp,helsgaun,80,helsgaun,80,21016.400000000005,21023.200000000001,21294
/Users/a/Ayanami/code/TSP/data/classic/tsplib/kroD100.tsp,helsgaun,81,helsgaun,81,21024.200000000004,21024.200000000004,21294
/Users/a/Ayanami/code/TSP/data/classic/tsplib/kroD100.tsp,helsgaun,82,helsgaun,82,20986.400000000005,21024.200000000004,21294
/Users/a/Ayanami/code/TSP/data/classic/tsplib/kroD100.tsp,helsgaun,83,helsgaun,83,20997.600000000009,21024.200000000004,21294
/Users/a/Ayanami/code/TSP/data/classic/tsplib/kroD100.tsp,helsgaun,84,helsgaun,84,21007.200000000008,21024.200000000004,21294
/Users/a/Ayanami/code/TSP/data/classic/tsplib/kroD100.tsp,helsgaun,85,helsgaun,85,20991.800000000003,21024.200000000004,21294
/Users/a/Ayanami/code/TSP/data/classic/tsplib/kroD100.tsp,helsgaun,86,helsgaun,86,21025.200000000001,21025.200000000001,21294
/Users/a/Ayanami/code/TSP/data/classic/tsplib/kroD100.tsp,helsgaun,87,helsgaun,87,20991.600000000002,21025.200000000001,21294
/Users/a/Ayanami/code/TSP/data/classic/tsplib/kroD100.tsp,helsgaun,88,helsgaun,88,21033.600000000002,21033.600000000002,21294
/Users/a/Ayanami/code/TSP/data/classic/tsplib/kroD100.tsp,helsgaun,89,helsgaun,89,21090.000000000007,21090.000000000007,21294
/Users/a/Ayanami/code/TSP/data/classic/tsplib/kroD100.tsp,helsgaun,90,helsgaun,90,21106.000000000004,21106.000000000004,21294
/Users/a/Ayanami/code/TSP/data/classic/tsplib/kroD100.tsp,helsgaun,91,helsgaun,91,21085.400000000009,21106.000000000004,21294
/Users/a/Ayanami/code/TSP/data/classic/tsplib/kroD100.tsp,helsgaun,92,helsgaun,92,21096.600000000006,21106.000000000004,21294
/Users/a/Ayanami/code/TSP/data/classic/tsplib/kroD100.tsp,helsgaun,93,helsgaun,93,21083.800000000003,21106.000000000004,21294
/Users/a/Ayanami/code/TSP/data/classic/tsplib/kroD100.tsp,helsgaun,94,helsgaun,94,21093.600000000006,21106.000000000004,21294
/Users/a/Ayanami/code/TSP/data/classic/tsplib/kroD100.tsp,helsgaun,95,helsgaun,95,21107.200000000004,21107.200000000004,21294
/Users/a/Ayanami/code/TSP/data/classic/tsplib/kroD100.tsp,helsgaun,96,helsgaun,96,21122.800000000007,21122.800000000007,21294
/Users/a/Ayanami/code/TSP/data/classic/tsplib/kroD100.tsp,helsgaun,97,helsgaun,97,21120.600000000006,21122.800000000007,21294
/Users/a/Ayanami/code/TSP/data/classic/tsplib/kroD100.tsp,helsgaun,98,helsgaun,98,21130.200000000008,21130.200000000008,21294
/Users/a/Ayanami/code/TSP/data/classic/tsplib/kroD100.tsp,helsgaun,99,helsgaun,99,21129.400000000005,21130.200000000008,21294
/Users/a/Ayanami/code/TSP/data/classic/tsplib/kroD100.tsp,helsgaun,100,helsgaun,100,21134.800000000003,21134.800000000003,21294
/Users/a/Ayanami/code/TSP/data/classic/tsplib/kroD100.tsp,helsgaun,101,helsgaun,101,21133.500000000007,21134.800000000003,21294
/Users/a/Ayanami/code/TSP/data/classic/tsplib/kroD100.tsp,helsgaun,102,helsgaun,102,21135.150000000005,21135.150000000005,21294
/Users/a/Ayanami/code/TSP/data/classic/tsplib/kroD100.tsp,helsgaun,103,helsgaun,103,21136.600000000006,21136.600000000006,21294
/Users/a/Ayanami/code/TSP/data/classic/tsplib/kroD100.tsp,helsgaun,104,helsgaun,104,21137.175000000003,21137.175000000003,21294
/Users/a/Ayanami/code/TSP/data/classic/tsplib/kroD100.tsp,helsgaun,105,helsgaun,105,21138.075000000008,21138.075000000008,21294
/Users/a/Ayanami/code/TSP/data/classic/tsplib/kroD100.tsp,helsgaun,106,helsgaun,106,21138.300000000003,21138.300000000003,21294
/Users/a/Ayanami/code/TSP/data/classic/tsplib/kroD100.tsp,helsgaun,107,helsgaun,107,21138.212500000005,21138.300000000003,21294
/Users/a/Ayanami/code/TSP/data/classic/tsplib/kroD100.tsp,helsgaun,108,helsgaun,108,21138.243750000001,21138.300000000003,21294
/Users/a/Ayanami/code/TSP/data/classic/tsplib/kroD100.tsp,helsgaun,109,helsgaun,109,21138.462500000005,21138.462500000005,21294
/Users/a/Ayanami/code/TSP/data/classic/tsplib/kroD100.tsp,hybrid,1,polyak,1,18991,18991,21294
/Users/a/Ayanami/code/TSP/data/classic/tsplib/kroD100.tsp,hybrid,2,polyak,2,16619.142857142859,18991,21294
/Users/a/Ayanami/code/TSP/data/classic/tsplib/kroD100.tsp,hybrid,3,polyak,3,18305.249128919862,18991,21294
/Users/a/Ayanami/code/TSP/data/classic/tsplib/kroD100.tsp,hybrid,4,polyak,4,18142.446663093011,18991,21294
/Users/a/Ayanami/code/TSP/data/classic/tsplib/kroD100.tsp,hybrid,5,polyak,5,18036.127255874213,18991,21294
/Users/a/Ayanami/code/TSP/data/classic/tsplib/kroD100.tsp,hybrid,6,polyak,6,18033.621676341954,18991,21294
/Users/a/Ayanami/code/TSP/data/classic/tsplib/kroD100.tsp,hybrid,7,polyak,7,18645.680775346133,18991,21294
/Users/a/Ayanami/code/TSP/data/classic/tsplib/kroD100.tsp,hybrid,8,polyak,8,18732.006687955025,18991,21294
/Users/a/Ayanami/code/TSP/data/classic/tsplib/kroD100.tsp,hybrid,9,polyak,9,18574.281613932391,18991,21294
/Users/a/Ayanami/code/TSP/data/classic/tsplib/kroD100.tsp,hybrid,10,polyak,10,18508.056611019445,18991,21294
/Users/a/Ayanami/code/TSP/data/classic/tsplib/kroD100.tsp,hybrid,11,polyak,11,18280.772206838785,18991,21294
/Users/a/Ayanami/code/TSP/data/classic/tsplib/kroD100.tsp,hybrid,12,polyak,12,19209.90033199593,19209.90033199593,21294
/Users/a/Ayanami/code/TSP/data/classic/tsplib/kroD100.tsp,hybrid,13,polyak,13,18399.720381872485,19209.90033199593,21294
/Users/a/Ayanami/code/TSP/data/classic/tsplib/kroD100.tsp,hybrid,14,polyak,14,18701.209684071644,19209.90033199593,21294
/Users/a/Ayanami/code/TSP/data/classic/tsplib/kroD100.tsp,hybrid,15,polyak,15,18918.861881007251,19209.90033199593,21294
/Users/a/Ayanami/code/TSP/data/classic/tsplib/kroD100.tsp,hybrid,16,polyak,16,18926.227956910636,19209.90033199593,21294
/Users/a/Ayanami/code/TSP/data/classic/tsplib/kroD100.tsp,hybrid,17,polyak,17,18697.907372144113,19209.90033199593,21294
/Users/a/Ayanami/code/TSP/data/classic/tsplib/kroD100.tsp,hybrid,18,polyak,18,19073.404638522636,19209.90033199593,21294
/Users/a/Ayanami/code/TSP/data/classic/tsplib/kroD100.tsp,hybrid,19,polyak,19,18897.673300926719,19209.90033199593,21294
/Users/a/Ayanami/code/TSP/data/classic/tsplib/kroD100.tsp,hybrid,20,polyak,20,19016.037076447185,19209.90033199593,21294
/Users/a/Ayanami/code/TSP/data/classic/tsplib/kroD100.tsp,hybrid,21,polyak,21,18291.589775133099,19209.90033199593,21294
/Users/a/Ayanami/code/TSP/data/classic/tsplib/kroD100.tsp,hybrid,22,polyak,22,19181.141115208033,19209.90033199593,21294
/Users/a/Ayanami/code/TSP/data/classic/tsplib/kroD100.tsp,hybrid,23,polyak,23,17944.33929274281,19209.90033199593,21294
/Users/a/Ayanami/code/TSP/data/classic/tsplib/kroD100.tsp,hybrid,24,polyak,24,18726.800142178108,19209.90033199593,21294
/Users/a/Ayanami/code/TSP/data/classic/tsplib/kroD100.tsp,hybrid,25,polyak,25,18883.710767153505,19209.90033199593,21294
/Users/a/Ayanami/code/TSP/data/classic/tsplib/kroD100.tsp,hybrid,26,polyak,26,19954.87703170731,19954.87703170731,21294
/Users/a/Ayanami/code/TSP/data/classic/tsplib/kroD100.tsp,hybrid,27,polyak,27,20162.086204850628,20162.086204850628,21294
/Users/a/Ayanami/code/TSP/data/classic/tsplib/kroD100.tsp,hybrid,28,polyak,28,20333.597510324096,20333.597510324096,21294
/Users/a/Ayanami/code/TSP/data/classic/tsplib/kroD100.tsp,hybrid,29,polyak,29,20521.25317845045,20521.25317845045,21294
/Users/a/Ayanami/code/TSP/data/classic/tsplib/kroD100.tsp,hybrid,30,polyak,30,20713.498686874143,20713.498686874143,21294
/Users/a/Ayanami/code/TSP/data/classic/tsplib/kroD100.tsp,hybrid,31,polyak,31,20611.731000945831,20713.498686874143,21294
/Users/a/Ayanami/code/TSP/data/classic/tsplib/kroD100.tsp,hybrid,32,polyak,32,20678.961777993558,20713.498686874143,21294
/Users/a/Ayanami/code/TSP/data/classic/tsplib/kroD100.tsp,hybrid,33,polyak,33,20632.026524021832,20713.498686874143,21294
/Users/a/Ayanami/code/TSP/data/classic/tsplib/kroD100.tsp,hybrid,34,polyak,34,20706.508215637317,20713.498686874143,21294
/Users/a/Ayanami/code/TSP/data/classic/tsplib/kroD100.tsp,hybrid,35,polyak,35,20736.73412330163,20736.73412330163,21294
/Users/a/Ayanami/code/TSP/data/classic/tsplib/kroD100.tsp,hybrid,36,polyak,36,20733.484843234881,20736.73412330163,21294
/Users/a/Ayanami/code/TSP/data/classic/tsplib/kroD100.tsp,hybrid,37,polyak,37,20617.867082279794,20736.73412330163,21294
/Users/a/Ayanami/code/TSP/data/classic/tsplib/kroD100.tsp,hybrid,38,polyak,38,20831.169329366392,20831.169329366392,21294
/Users/a/Ayanami/code/TSP/data/classic/tsplib/kroD100.tsp,hybrid,39,polyak,39,20739.95158526607,20831.169329366392,21294
/Users/a/Ayanami/code/TSP/data/classic/tsplib/kroD100.tsp,hybrid,40,polyak,40,20729.020557756121,20831.169329366392,21294
/Users/a/Ayanami/code/TSP/data/classic/tsplib/kroD100.tsp,hybrid,41,polyak,41,20638.793664307399,20831.169329366392,21294
/Users/a/Ayanami/code/TSP/data/classic/tsplib/kroD100.tsp,hybrid,42,polyak,42,20782.056168542662,20831.169329366392,21294
/Users/a/Ayanami/code/TSP/data/classic/tsplib/kroD100.tsp,hybrid,43,polyak,43,20583.789153999849,20831.169329366392,21294
/Users/a/Ayanami/code/TSP/data/classic/tsplib/kroD100.tsp,hybrid,44,polyak,44,20808.899426277938,20831.169329366392,21294
/Users/a/Ayanami/code/TSP/data/classic/tsplib/kroD100.tsp,hybrid,45,polyak,45,20656.852156703426,20831.169329366392,21294
/Users/a/Ayanami/code/TSP/data/classic/tsplib/kroD100.tsp,hybrid,46,polyak,46,20782.260127525504,20831.169329366392,21294
/Users/a/Ayanami/code/TSP/data/classic/tsplib/kroD100.tsp,hybrid,47,polyak,47,20669.158909918751,20831.169329366392,21294
/Users/a/Ayanami/code/TSP/data/classic/tsplib/kroD100.tsp,hybrid,48,polyak,48,20678.063195719558,20831.169329366392,21294
/Users/a/Ayanami/code/TSP/data/classic/tsplib/kroD100.tsp,hybrid,49,polyak,49,20829.35676814078,20831.169329366392,21294
/Users/a/Ayanami/code/TSP/data/classic/tsplib/kroD100.tsp,hybrid,50,polyak,50,20635.906712949269,20831.169329366392,21294
/Users/a/Ayanami/code/TSP/data/classic/tsplib/kroD100.tsp,hybrid,51,polyak,51,20727.271634064073,20831.169329366392,21294
/Users/a/Ayanami/code/TSP/data/classic/tsplib/kroD100.tsp,hybrid,52,polyak,52,20968.520067908776,20968.520067908776,21294
/Users/a/Ayanami/code/TSP/data/classic/tsplib/kroD100.tsp,hybrid,53,polyak,53,20931.306438023777,20968.520067908776,21294
/Users/a/Ayanami/code/TSP/data/classic/tsplib/kroD100.tsp,hybrid,54,polyak,54,21031.486908079598,21031.486908079598,21294
/Users/a/Ayanami/code/TSP/data/classic/tsplib/kroD100.tsp,hybrid,55,polyak,55,20960.656048963418,21031.486908079598,21294
/Users/a/Ayanami/code/TSP/data/classic/tsplib/kroD100.tsp,hybrid,56,polyak,56,21027.645941919691,21031.486908079598,21294
/Users/a/Ayanami/code/TSP/data/classic/tsplib/kroD100.tsp,hybrid,57,polyak,57,20922.969487966759,21031.486908079598,21294
/Users/a/Ayanami/code/TSP/data/classic/tsplib/kroD100.tsp,hybrid,58,polyak,58,21012.519428644158,21031.486908079598,21294
/Users/a/Ayanami/code/TSP/data/classic/tsplib/kroD100.tsp,hybrid,59,polyak,59,21008.670211707238,21031.486908079598,21294
/Users/a/Ayanami/code/TSP/data/classic/tsplib/kroD100.tsp,hybrid,60,polyak,60,20963.440041304581,21031.486908079598,21294
/Users/a/Ayanami/code/TSP/data/classic/tsplib/kroD100.tsp,hybrid,61,polyak,61,20923.723164474541,21031.486908079598,21294
/Users/a/Ayanami/code/TSP/data/classic/tsplib/kroD100.tsp,hybrid,62,polyak,62,20959.412659178481,21031.486908079598,21294
/Users/a/Ayanami/code/TSP/data/classic/tsplib/kroD100.tsp,hybrid,63,polyak,63,20986.235081686245,21031.486908079598,21294
/Users/a/Ayanami/code/TSP/data/classic/tsplib/kroD100.tsp,hybrid,64,polyak,64,20956.97495522254,21031.486908079598,21294
/Users/a/Ayanami/code/TSP/data/classic/tsplib/kroD100.tsp,hybrid,65,polyak,65,20997.041887416322,21031.486908079598,21294
/Users/a/Ayanami/code/TSP/data/classic/tsplib/kroD100.tsp,hybrid,66,polyak,66,21008.126102163093,21031.486908079598,21294
/Users/a/Ayanami/code/TSP/data/classic/tsplib/kroD100.tsp,hybrid,67,polyak,67,20929.636776413699,21031.486908079598,21294
/Users/a/Ayanami/code/TSP/data/classic/tsplib/kroD100.tsp,hybrid,68,polyak,68,21057.141738110298,21057.141738110298,21294
/Users/a/Ayanami/code/TSP/data/classic/tsplib/kroD100.tsp,hybrid,69,polyak,69,21048.268188116166,21057.141738110298,21294
/Users/a/Ayanami/code/TSP/data/classic/tsplib/kroD100.tsp,hybrid,70,polyak,70,21086.667941712352,21086.667941712352,21294
/Users/a/Ayanami/code/TSP/data/classic/tsplib/kroD100.tsp,hybrid,71,polyak,71,21074.730145730409,21086.667941712352,21294
/Users/a/Ayanami/code/TSP/data/classic/tsplib/kroD100.tsp,hybrid,72,polyak,72,21050.74031291746,21086.667941712352,21294
/Users/a/Ayanami/code/TSP/data/classic/tsplib/kroD100.tsp,hybrid,73,polyak,73,21073.724480857571,21086.667941712352,21294
/Users/a/Ayanami/code/TSP/data/classic/tsplib/kroD100.tsp,hybrid,74,polyak,74,21000.412518211142,21086.667941712352,21294
/Users/a/Ayanami/code/TSP/data/classic/tsplib/kroD100.tsp,hybrid,75,polyak,75,21082.658171599152,21086.667941712352,21294
/Users/a/Ayanami/code/TSP/data/classic/tsplib/kroD100.tsp,hybrid,76,polyak,76,21023.362419832418,21086.667941712352,21294
/Users/a/Ayanami/code/TSP/data/classic/tsplib/kroD100.tsp,hybrid,77,polyak,77,21098.493406674479,21098.493406674479,21294
/Users/a/Ayanami/code/TSP/data/classic/tsplib/kroD100.tsp,hybrid,78,polyak,78,20955.981021533113,21098.493406674479,21294
/Users/a/Ayanami/code/TSP/data/classic/tsplib/kroD100.tsp,hybrid,79,polyak,79,21061.852444397016,21098.493406674479,21294
/Users/a/Ayanami/code/TSP/data/classic/tsplib/kroD100.tsp,hybrid,80,polyak,80,21085.865009721903,21098.493406674479,21294
/Users/a/Ayanami/code/TSP/data/classic/tsplib/kroD100.tsp,hybrid,81,polyak,81,21032.45313927313,21098.493406674479,21294
/Users/a/Ayanami/code/TSP/data/classic/tsplib/kroD100.tsp,hybrid,82,polyak,82,21074.732189790739,21098.493406674479,21294
/Users/a/Ayanami/code/TSP/data/classic/tsplib/kroD100.tsp,hybrid,83,polyak,83,21051.234244258187,21098.493406674479,21294
/Users/a/Ayanami/code/TSP/data/classic/tsplib/kroD100.tsp,hybrid,84,polyak,84,21068.305026795402,21098.493406674479,21294
/Users/a/Ayanami/code/TSP/data/classic/tsplib/kroD100.tsp,hybrid,85,polyak,85,21058.040842649327,21098.493406674479,21294
/Users/a/Ayanami/code/TSP/data/classic/tsplib/kroD100.tsp,hybrid,86,polyak,86,21065.571066049433,21098.493406674479,21294
/Users/a/Ayanami/code/TSP/data/classic/tsplib/kroD100.tsp,hybrid,87,polyak,87,21050.209244364734,21098.493406674479,21294
/Users/a/Ayanami/code/TSP/data/classic/tsplib/kroD100.tsp,hybrid,88,polyak,88,21068.00757472586,21098.493406674479,21294
/Users/a/Ayanami/code/TSP/data/classic/tsplib/kroD100.tsp,hybrid,89,polyak,89,21031.274798024398,21098.493406674479,21294
/Users/a/Ayanami/code/TSP/data/classic/tsplib/kroD100.tsp,hybrid,90,polyak,90,21066.674628477653,21098.493406674479,21294
/Users/a/Ayanami/code/TSP/data/classic/tsplib/kroD100.tsp,hybrid,91,polyak,91,21089.966013614616,21098.493406674479,21294
/Users/a/Ayanami/code/TSP/data/classic/tsplib/kroD100.tsp,hybrid,92,polyak,92,21103.494657430987,21103.494657430987,21294
/Users/a/Ayanami/code/TSP/data/classic/tsplib/kroD100.tsp,hybrid,93,polyak,93,21071.027726847504,21103.494657430987,21294
/Users/a/Ayanami/code/TSP/data/classic/tsplib/kroD100.tsp,hybrid,94,polyak,94,21112.007967486283,21112.007967486283,21294
/Users/a/Ayanami/code/TSP/data/classic/tsplib/kroD100.tsp,hybrid,95,polyak,95,21098.477282691441,21112.007967486283,21294
/Users/a/Ayanami/code/TSP/data/classic/tsplib/kroD100.tsp,hybrid,96,polyak,96,21096.880267424513,21112.007967486283,21294
/Users/a/Ayanami/code/TSP/data/classic/tsplib/kroD100.tsp,hybrid,97,polyak,97,21111.509795787704,21112.007967486283,21294
/Users/a/Ayanami/code/TSP/data/classic/tsplib/kroD100.tsp,hybrid,98,polyak,98,21094.178200773582,21112.007967486283,21294
/Users/a/Ayanami/code/TSP/data/classic/tsplib/kroD100.tsp,hybrid,99,polyak,99,21105.845798250113,21112.007967486283,21294
/Users/a/Ayanami/code/TSP/data/classic/tsplib/kroD100.tsp,hybrid,100,polyak,100,21105.517924888067,21112.007967486283,21294
/Users/a/Ayanami/code/TSP/data/classic/tsplib/kroD100.tsp,hybrid,101,polyak,101,21088.29043239732,21112.007967486283,21294
/Users/a/Ayanami/code/TSP/data/classic/tsplib/kroD100.tsp,hybrid,102,polyak,102,21111.0992254095,21112.007967486283,21294
/Users/a/Ayanami/code/TSP/data/classic/tsplib/kroD100.tsp,hybrid,103,polyak,103,21072.486999598117,21112.007967486283,21294
/Users/a/Ayanami/code/TSP/data/classic/tsplib/kroD100.tsp,hybrid,104,polyak,104,21113.751290432094,21113.751290432094,21294
/Users/a/Ayanami/code/TSP/data/classic/tsplib/kroD100.tsp,hybrid,105,polyak,105,21092.479339286685,21113.751290432094,21294
/Users/a/Ayanami/code/TSP/data/classic/tsplib/kroD100.tsp,hybrid,106,polyak,106,21085.826829988455,21113.751290432094,21294
/Users/a/Ayanami/code/TSP/data/classic/tsplib/kroD100.tsp,hybrid,107,polyak,107,21125.536230324673,21125.536230324673,21294
/Users/a/Ayanami/code/TSP/data/classic/tsplib/kroD100.tsp,hybrid,108,polyak,108,21072.052086325817,21125.536230324673,21294
/Users/a/Ayanami/code/TSP/data/classic/tsplib/kroD100.tsp,hybrid,109,polyak,109,21113.013303417334,21125.536230324673,21294
/Users/a/Ayanami/code/TSP/data/classic/tsplib/kroD100.tsp,hybrid,110,polyak,110,21100.104551176071,21125.536230324673,21294
/Users/a/Ayanami/code/TSP/data/classic/tsplib/kroD100.tsp,hybrid,111,polyak,111,21093.94655207064,21125.536230324673,21294
/Users/a/Ayanami/code/TSP/data/classic/tsplib/kroD100.tsp,hybrid,112,polyak,112,21090.616327691892,21125.536230324673,21294
/Users/a/Ayanami/code/TSP/data/classic/tsplib/kroD100.tsp,hybrid,113,polyak,113,21111.59263604931,21125.536230324673,21294
/Users/a/Ayanami/code/TSP/data/classic/tsplib/kroD100.tsp,hybrid,114,polyak,114,21077.91295618844,21125.536230324673,21294
/Users/a/Ayanami/code/TSP/data/classic/tsplib/kroD100.tsp,hybrid,115,polyak,115,21121.533022982196,21125.536230324673,21294
/Users/a/Ayanami/code/TSP/data/classic/tsplib/kroD100.tsp,hybrid,116,polyak,116,21056.609227274854,21125.536230324673,21294
/Users/a/Ayanami/code/TSP/data/classic/tsplib/kroD100.tsp,hybrid,117,polyak,117,21105.235399736681,21125.536230324673,21294
/Users/a/Ayanami/code/TSP/data/classic/tsplib/kroD100.tsp,hybrid,118,polyak,118,21088.603997616578,21125.536230324673,21294
/Users/a/Ayanami/code/TSP/data/classic/tsplib/kroD100.tsp,hybrid,119,polyak,119,21103.597446208223,21125.536230324673,21294
/Users/a/Ayanami/code/TSP/data/classic/tsplib/kroD100.tsp,hybrid,120,polyak,120,21099.233131523844,21125.536230324673,21294
/Users/a/Ayanami/code/TSP/data/classic/tsplib/kroD100.tsp,hybrid,121,polyak,121,21126.571475342658,21126.571475342658,21294
/Users/a/Ayanami/code/TSP/data/classic/tsplib/kroD100.tsp,hybrid,122,polyak,122,21106.066212665995,21126.571475342658,21294
/Users/a/Ayanami/code/TSP/data/classic/tsplib/kroD100.tsp,hybrid,123,polyak,123,21127.00146631672,21127.00146631672,21294
/Users/a/Ayanami/code/TSP/data/classic/tsplib/kroD100.tsp,hybrid,124,polyak,124,21102.255516242636,21127.00146631672,21294
/Users/a/Ayanami/code/TSP/data/classic/tsplib/kroD100.tsp,hybrid,125,polyak,125,21134.762515147562,21134.762515147562,21294
/Users/a/Ayanami/code/TSP/data/classic/tsplib/kroD100.tsp,hybrid,126,polyak,126,21102.732797282177,21134.762515147562,21294
/Users/a/Ayanami/code/TSP/data/classic/tsplib/kroD100.tsp,hybrid,127,polyak,127,21122.433339098803,21134.762515147562,21294
/Users/a/Ayanami/code/TSP/data/classic/tsplib/kroD100.tsp,hybrid,128,polyak,128,21115.656249717078,21134.762515147562,21294
/Users/a/Ayanami/code/TSP/data/classic/tsplib/kroD100.tsp,hybrid,129,polyak,129,21127.481528451317,21134.762515147562,21294
/Users/a/Ayanami/code/TSP/data/classic/tsplib/kroD100.tsp,hybrid,130,polyak,130,21119.047499153388,21134.762515147562,21294
/Users/a/Ayanami/code/TSP/data/classic/tsplib/kroD100.tsp,hybrid,131,polyak,131,21117.146716307372,21134.762515147562,21294
/Users/a/Ayanami/code/TSP/data/classic/tsplib/kroD100.tsp,hybrid,132,polyak,132,21122.462018054066,21134.762515147562,21294
/Users/a/Ayanami/code/TSP/data/classic/tsplib/kroD100.tsp,hybrid,133,polyak,133,21123.596952677839,21134.762515147562,21294
/Users/a/Ayanami/code/TSP/data/classic/tsplib/kroD100.tsp,hybrid,134,polyak,134,21113.898355924026,21134.762515147562,21294
/Users/a/Ayanami/code/TSP/data/classic/tsplib/kroD100.tsp,hybrid,135,polyak,135,21123.070934447274,21134.762515147562,21294
/Users/a/Ayanami/code/TSP/data/classic/tsplib/kroD100.tsp,hybrid,136,polyak,136,21115.844762166627,21134.762515147562,21294
/Users/a/Ayanami/code/TSP/data/classic/tsplib/kroD100.tsp,hybrid,137,polyak,137,21128.22326138445,21134.762515147562,21294
/Users/a/Ayanami/code/TSP/data/classic/tsplib/kroD100.tsp,hybrid,138,polyak,138,21110.541314893155,21134.762515147562,21294
/Users/a/Ayanami/code/TSP/data/classic/tsplib/kroD100.tsp,hybrid,139,polyak,139,21126.81446109026,21134.762515147562,21294
/Users/a/Ayanami/code/TSP/data/classic/tsplib/kroD100.tsp,hybrid,140,polyak,140,21134.018538796667,21134.762515147562,21294
/Users/a/Ayanami/code/TSP/data/classic/tsplib/kroD100.tsp,hybrid,141,polyak,141,21131.513172838262,21134.762515147562,21294
/Users/a/Ayanami/code/TSP/data/classic/tsplib/kroD100.tsp,hybrid,142,polyak,142,21128.634717617657,21134.762515147562,21294
/Users/a/Ayanami/code/TSP/data/classic/tsplib/kroD100.tsp,hybrid,143,polyak,143,21133.041367307902,21134.762515147562,21294
/Users/a/Ayanami/code/TSP/data/classic/tsplib/kroD100.tsp,hybrid,144,polyak,144,21128.772425420473,21134.762515147562,21294
/Users/a/Ayanami/code/TSP/data/classic/tsplib/kroD100.tsp,hybrid,145,polyak,145,21132.90796287392,21134.762515147562,21294
/Users/a/Ayanami/code/TSP/data/classic/tsplib/kroD100.tsp,hybrid,146,polyak,146,21128.884250524174,21134.762515147562,21294
/Users/a/Ayanami/code/TSP/data/classic/tsplib/kroD100.tsp,hybrid,147,polyak,147,21132.782221862995,21134.762515147562,21294
/Users/a/Ayanami/code/TSP/data/classic/tsplib/kroD100.tsp,hybrid,148,polyak,148,21129.023472570225,21134.762515147562,21294
/Users/a/Ayanami/code/TSP/data/classic/tsplib/kroD100.tsp,hybrid,149,polyak,149,21132.664760947591,21134.762515147562,21294
/Users/a/Ayanami/code/TSP/data/classic/tsplib/kroD100.tsp,hybrid,150,polyak,150,21129.137262832024,21134.762515147562,21294
/Users/a/Ayanami/code/TSP/data/classic/tsplib/kroD100.tsp,hybrid,151,polyak,151,21138.231639767779,21138.231639767779,21294
/Users/a/Ayanami/code/TSP/data/classic/tsplib/kroD100.tsp,hybrid,152,polyak,152,21134.18471816403,21138.231639767779,21294
/Users/a/Ayanami/code/TSP/data/classic/tsplib/kroD100.tsp,hybrid,153,polyak,153,21137.747634575775,21138.231639767779,21294
/Users/a/Ayanami/code/TSP/data/classic/tsplib/kroD100.tsp,hybrid,154,polyak,154,21134.465198205769,21138.231639767779,21294
/Users/a/Ayanami/code/TSP/data/classic/tsplib/kroD100.tsp,hybrid,155,polyak,155,21137.745166032793,21138.231639767779,21294
/Users/a/Ayanami/code/TSP/data/classic/tsplib/kroD100.tsp,hybrid,156,polyak,156,21133.994739209335,21138.231639767779,21294
/Users/a/Ayanami/code/TSP/data/classic/tsplib/kroD100.tsp,hybrid,157,polyak,157,21138.29386524867,21138.29386524867,21294
/Users/a/Ayanami/code/TSP/data/classic/tsplib/kroD100.tsp,hybrid,158,polyak,158,21133.085471660768,21138.29386524867,21294
/Users/a/Ayanami/code/TSP/data/classic/tsplib/kroD100.tsp,hybrid,159,polyak,159,21138.270455236558,21138.29386524867,21294
/Users/a/Ayanami/code/TSP/data/classic/tsplib/kroD100.tsp,hybrid,160,polyak,160,21135.501824598108,21138.29386524867,21294
/Users/a/Ayanami/code/TSP/data/classic/tsplib/kroD100.tsp,hybrid,161,polyak,161,21135.791448375072,21138.29386524867,21294
/Users/a/Ayanami/code/TSP/data/classic/tsplib/kroD100.tsp,hybrid,162,polyak,162,21136.325246601125,21138.29386524867,21294
/Users/a/Ayanami/code/TSP/data/classic/tsplib/kroD100.tsp,hybrid,163,polyak,163,21134.878067999438,21138.29386524867,21294
/Users/a/Ayanami/code/TSP/data/classic/tsplib/kroD100.tsp,hybrid,164,polyak,164,21137.984320908272,21138.29386524867,21294
/Users/a/Ayanami/code/TSP/data/classic/tsplib/kroD100.tsp,hybrid,165,polyak,165,21134.141116675422,21138.29386524867,21294
/Users/a/Ayanami/code/TSP/data/classic/tsplib/kroD100.tsp,hybrid,166,polyak,166,21139.345107230674,21139.345107230674,21294
/Users/a/Ayanami/code/TSP/data/classic/tsplib/kroD100.tsp,hybrid,167,polyak,167,21131.444629280621,21139.345107230674,21294
/Users/a/Ayanami/code/TSP/data/classic/tsplib/kroD100.tsp,hybrid,168,polyak,168,21137.970550670059,21139.345107230674,21294
/Users/a/Ayanami/code/TSP/data/classic/tsplib/kroD100.tsp,hybrid,169,polyak,169,21135.627256733107,21139.345107230674,21294
/Users/a/Ayanami/code/TSP/data/classic/tsplib/kroD100.tsp,hybrid,170,polyak,170,21135.94766674014,21139.345107230674,21294
/Users/a/Ayanami/code/TSP/data/classic/tsplib/kroD100.tsp,hybrid,171,polyak,171,21135.967225678334,21139.345107230674,21294
/Users/a/Ayanami/code/TSP/data/classic/tsplib/kroD100.tsp,hybrid,172,polyak,172,21136.478790243847,21139.345107230674,21294
/Users/a/Ayanami/code/TSP/data/classic/tsplib/kroD100.tsp,hybrid,173,polyak,173,21136.957009531961,21139.345107230674,21294
/Users/a/Ayanami/code/TSP/data/classic/tsplib/kroD100.tsp,hybrid,174,polyak,174,21134.876330221738,21139.345107230674,21294
/Users/a/Ayanami/code/TSP/data/classic/tsplib/kroD100.tsp,hybrid,175,polyak,175,21136.979259695217,21139.345107230674,21294
/Users/a/Ayanami/code/TSP/data/classic/tsplib/kroD100.tsp,hybrid,176,polyak,176,21134.758381969867,21139.345107230674,21294
/Users/a/Ayanami/code/TSP/data/classic/tsplib/kroD100.tsp,hybrid,177,polyak,177,21137.74977226738,21139.345107230674,21294
/Users/a/Ayanami/code/TSP/data/classic/tsplib/kroD100.tsp,hybrid,178,polyak,178,21134.269109435339,21139.345107230674,21294
/Users/a/Ayanami/code/TSP/data/classic/tsplib/kroD100.tsp,hybrid,179,polyak,179,21137.538775366636,21139.345107230674,21294
/Users/a/Ayanami/code/TSP/data/classic/tsplib/kroD100.tsp,hybrid,180,polyak,180,21139.044422432842,21139.345107230674,21294
/Users/a/Ayanami/code/TSP/data/classic/tsplib/kroD100.tsp,hybrid,181,polyak,181,21138.226794495866,21139.345107230674,21294
/Users/a/Ayanami/code/TSP/data/classic/tsplib/kroD100.tsp,hybrid,182,polyak,182,21138.735048464237,21139.345107230674,21294
/Users/a/Ayanami/code/TSP/data/classic/tsplib/kroD100.tsp,hybrid,183,polyak,183,21139.379480882533,21139.379480882533,21294
/Users/a/Ayanami/code/TSP/data/classic/tsplib/kroD100.tsp,hybrid,184,polyak,184,21138.225860709226,21139.379480882533,21294
/Users/a/Ayanami/code/TSP/data/classic/tsplib/kroD100.tsp,hybrid,185,polyak,185,21139.227710433279,21139.379480882533,21294
/Users/a/Ayanami/code/TSP/data/classic/tsplib/kroD100.tsp,hybrid,186,polyak,186,21139.21772909999,21139.379480882533,21294
/Users/a/Ayanami/code/TSP/data/classic/tsplib/kroD100.tsp,hybrid,187,polyak,187,21138.277669612384,21139.379480882533,21294
/Users/a/Ayanami/code/TSP/data/classic/tsplib/kroD100.tsp,hybrid,188,polyak,188,21139.421854044336,21139.421854044336,21294
/Users/a/Ayanami/code/TSP/data/classic/tsplib/kroD100.tsp,hybrid,189,polyak,189,21138.745274222321,21139.421854044336,21294
/Users/a/Ayanami/code/TSP/data/classic/tsplib/kroD100.tsp,hybrid,190,polyak,190,21138.79860677274,21139.421854044336,21294
/Users/a/Ayanami/code/TSP/data/classic/tsplib/kroD100.tsp,hybrid,191,polyak,191,21138.949819842674,21139.421854044336,21294
/Users/a/Ayanami/code/TSP/data/classic/tsplib/kroD100.tsp,hybrid,192,polyak,192,21138.799788124852,21139.421854044336,21294
/Users/a/Ayanami/code/TSP/data/classic/tsplib/kroD100.tsp,hybrid,193,polyak,193,21138.948647719884,21139.421854044336,21294
/Users/a/Ayanami/code/TSP/data/classic/tsplib/kroD100.tsp,hybrid,194,polyak,194,21138.800951090434,21139.421854044336,21294
/Users/a/Ayanami/code/TSP/data/classic/tsplib/kroD100.tsp,hybrid,195,polyak,195,21138.947493839962,21139.421854044336,21294
/Users/a/Ayanami/code/TSP/data/classic/tsplib/kroD100.tsp,hybrid,196,polyak,196,21138.802095955663,21139.421854044336,21294
/Users/a/Ayanami/code/TSP/data/classic/tsplib/kroD100.tsp,hybrid,197,polyak,197,21138.946357918991,21139.421854044336,21294
/Users/a/Ayanami/code/TSP/data/classic/tsplib/kroD100.tsp,hybrid,198,polyak,198,21138.803223002251,21139.421854044336,21294
/Users/a/Ayanami/code/TSP/data/classic/tsplib/kroD100.tsp,hybrid,199,polyak,199,21138.945239677454,21139.421854044336,21294
/Users/a/Ayanami/code/TSP/data/classic/tsplib/kroD100.tsp,hybrid,200,polyak,200,21138.804332507523,21139.421854044336,21294
/Users/a/Ayanami/code/TSP/data/classic/tsplib/kroD100.tsp,hybrid,201,polyak,201,21138.944138840194,21139.421854044336,21294
/Users/a/Ayanami/code/TSP/data/classic/tsplib/kroD100.tsp,hybrid,202,polyak,202,21140.527239232313,21140.527239232313,21294
/Users/a/Ayanami/code/TSP/data/classic/tsplib/kroD100.tsp,hybrid,203,polyak,203,21139.679462638993,21140.527239232313,21294
/Users/a/Ayanami/code/TSP/data/classic/tsplib/kroD100.tsp,hybrid,204,polyak,204,21140.687234716621,21140.687234716621,21294
/Users/a/Ayanami/code/TSP/data/classic/tsplib/kroD100.tsp,hybrid,205,polyak,205,21139.602236789302,21140.687234716621,21294
/Users/a/Ayanami/code/TSP/data/classic/tsplib/kroD100.tsp,hybrid,206,polyak,206,21140.750756871435,21140.750756871435,21294
/Users/a/Ayanami/code/TSP/data/classic/tsplib/kroD100.tsp,hybrid,207,polyak,207,21139.504647317917,21140.750756871435,21294
/Users/a/Ayanami/code/TSP/data/classic/tsplib/kroD100.tsp,hybrid,208,polyak,208,21140.877917673017,21140.877917673017,21294
/Users/a/Ayanami/code/TSP/data/classic/tsplib/kroD100.tsp,hybrid,209,polyak,209,21139.367865438609,21140.877917673017,21294
/Users/a/Ayanami/code/TSP/data/classic/tsplib/kroD100.tsp,hybrid,210,polyak,210,21140.721575107102,21140.877917673017,21294
/Users/a/Ayanami/code/TSP/data/classic/tsplib/kroD100.tsp,hybrid,211,polyak,211,21139.622857327577,21140.877917673017,21294
/Users/a/Ayanami/code/TSP/data/classic/tsplib/kroD100.tsp,hybrid,212,polyak,212,21140.713635311222,21140.877917673017,21294
/Users/a/Ayanami/code/TSP/data/classic/tsplib/kroD100.tsp,hybrid,213,polyak,213,21139.21642908216,21140.877917673017,21294
/Users/a/Ayanami/code/TSP/data/classic/tsplib/kroD100.tsp,hybrid,214,polyak,214,21140.673819540327,21140.877917673017,21294
/Users/a/Ayanami/code/TSP/data/classic/tsplib/kroD100.tsp,hybrid,215,polyak,215,21140.0488776942,21140.877917673017,21294
/Users/a/Ayanami/code/TSP/data/classic/tsplib/kroD100.tsp,hybrid,216,polyak,216,21140.13828910048,21140.877917673017,21294
/Users/a/Ayanami/code/TSP/data/classic/tsplib/kroD100.tsp,hybrid,217,polyak,217,21140.053406392264,21140.877917673017,21294
/Users/a/Ayanami/code/TSP/data/classic/tsplib/kroD100.tsp,hybrid,218,polyak,218,21140.416747370156,21140.877917673017,21294
/Users/a/Ayanami/code/TSP/data/classic/tsplib/kroD100.tsp,hybrid,219,polyak,219,21139.834112536231,21140.877917673017,21294
/Users/a/Ayanami/code/TSP/data/classic/tsplib/kroD100.tsp,hybrid,220,polyak,220,21140.510533622481,21140.877917673017,21294
/Users/a/Ayanami/code/TSP/data/classic/tsplib/kroD100.tsp,hybrid,221,polyak,221,21140.215747310427,21140.877917673017,21294
/Users/a/Ayanami/code/TSP/data/classic/tsplib/kroD100.tsp,hybrid,222,polyak,222,21140.86412728703,21140.877917673017,21294
/Users/a/Ayanami/code/TSP/data/classic/tsplib/kroD100.tsp,hybrid,223,polyak,223,21140.664799687514,21140.877917673017,21294
/Users/a/Ayanami/code/TSP/data/classic/tsplib/kroD100.tsp,hybrid,224,polyak,224,21140.994662819121,21140.994662819121,21294
/Users/a/Ayanami/code/TSP/data/classic/tsplib/kroD100.tsp,hybrid,225,polyak,225,21140.597161644546,21140.994662819121,21294
/Users/a/Ayanami/code/TSP/data/classic/tsplib/kroD100.tsp,hybrid,226,polyak,226,21141.151979007962,21141.151979007962,21294
/Users/a/Ayanami/code/TSP/data/classic/tsplib/kroD100.tsp,hybrid,227,polyak,227,21140.489543584732,21141.151979007962,21294
/Users/a/Ayanami/code/TSP/data/classic/tsplib/kroD100.tsp,hybrid,228,polyak,228,21141.18192672544,21141.18192672544,21294
/Users/a/Ayanami/code/TSP/data/classic/tsplib/kroD100.tsp,hybrid,229,polyak,229,21140.647096005388,21141.18192672544,21294
/Users/a/Ayanami/code/TSP/data/classic/tsplib/kroD100.tsp,hybrid,230,polyak,230,21140.975448497822,21141.18192672544,21294
/Users/a/Ayanami/code/TSP/data/classic/tsplib/kroD100.tsp,hybrid,231,polyak,231,21140.709512815069,21141.18192672544,21294
/Users/a/Ayanami/code/TSP/data/classic/tsplib/kroD100.tsp,hybrid,232,polyak,232,21140.918634388137,21141.18192672544,21294
/Users/a/Ayanami/code/TSP/data/classic/tsplib/kroD100.tsp,hybrid,233,polyak,233,21140.866219263393,21141.18192672544,21294
/Users/a/Ayanami/code/TSP/data/classic/tsplib/kroD100.tsp,hybrid,234,polyak,234,21140.800377444662,21141.18192672544,21294
/Users/a/Ayanami/code/TSP/data/classic/tsplib/kroD100.tsp,hybrid,235,polyak,235,21140.853346872493,21141.18192672544,21294
/Users/a/Ayanami/code/TSP/data/classic/tsplib/kroD100.tsp,hybrid,236,polyak,236,21141.080955225261,21141.18192672544,21294
/Users/a/Ayanami/code/TSP/data/classic/tsplib/kroD100.tsp,hybrid,237,polyak,237,21140.49827042421,21141.18192672544,21294
/Users/a/Ayanami/code/TSP/data/classic/tsplib/kroD100.tsp,hybrid,238,polyak,238,21141.141945092586,21141.18192672544,21294
/Users/a/Ayanami/code/TSP/data/classic/tsplib/kroD100.tsp,hybrid,239,polyak,239,21140.717580353554,21141.18192672544,21294
/Users/a/Ayanami/code/TSP/data/classic/tsplib/kroD100.tsp,hybrid,240,polyak,240,21140.904754731277,21141.18192672544,21294
/Users/a/Ayanami/code/TSP/data/classic/tsplib/kroD100.tsp,hybrid,241,polyak,241,21140.687143097512,21141.18192672544,21294
/Users/a/Ayanami/code/TSP/data/classic/tsplib/kroD100.tsp,hybrid,242,polyak,242,21141.241298798624,21141.241298798624,21294
/Users/a/Ayanami/code/TSP/data/classic/tsplib/kroD100.tsp,hybrid,243,polyak,243,21141.030438859896,21141.241298798624,21294
/Users/a/Ayanami/code/TSP/data/classic/tsplib/kroD100.tsp,hybrid,244,polyak,244,21141.305014823745,21141.305014823745,21294
/Users/a/Ayanami/code/TSP/data/classic/tsplib/kroD100.tsp,hybrid,245,polyak,245,21141.01272218482,21141.305014823745,21294
/Users/a/Ayanami/code/TSP/data/classic/tsplib/kroD100.tsp,hybrid,246,polyak,246,21141.246458213172,21141.305014823745,21294
/Users/a/Ayanami/code/TSP/data/classic/tsplib/kroD100.tsp,hybrid,247,polyak,247,21141.165055738409,21141.305014823745,21294
/Users/a/Ayanami/code/TSP/data/classic/tsplib/kroD100.tsp,hybrid,248,polyak,248,21141.131823652664,21141.305014823745,21294
/Users/a/Ayanami/code/TSP/data/classic/tsplib/kroD100.tsp,hybrid,249,polyak,249,21141.193057304332,21141.305014823745,21294
/Users/a/Ayanami/code/TSP/data/classic/tsplib/kroD100.tsp,hybrid,250,polyak,250,21141.239178954398,21141.305014823745,21294
/Users/a/Ayanami/code/TSP/data/classic/tsplib/kroD100.tsp,hybrid,251,polyak,251,21141.092573634214,21141.305014823745,21294
/Users/a/Ayanami/code/TSP/data/classic/tsplib/kroD100.tsp,hybrid,252,polyak,252,21141.253219894734,21141.305014823745,21294
/Users/a/Ayanami/code/TSP/data/classic/tsplib/kroD100.tsp,hybrid,253,polyak,253,21141.092730515331,21141.305014823745,21294
/Users/a/Ayanami/code/TSP/data/classic/tsplib/kroD100.tsp,hybrid,254,polyak,254,21141.253063166823,21141.305014823745,21294
/Users/a/Ayanami/code/TSP/data/classic/tsplib/kroD100.tsp,hybrid,255,polyak,255,21141.092887090181,21141.305014823745,21294
/Users/a/Ayanami/code/TSP/data/classic/tsplib/kroD100.tsp,hybrid,256,polyak,256,21141.252906744874,21141.305014823745,21294
/Users/a/Ayanami/code/TSP/data/classic/tsplib/kroD100.tsp,hybrid,257,polyak,257,21141.093043359382,21141.305014823745,21294
/Users/a/Ayanami/code/TSP/data/classic/tsplib/kroD100.tsp,hybrid,258,polyak,258,21141.303270063232,21141.305014823745,21294
/Users/a/Ayanami/code/TSP/data/classic/tsplib/kroD100.tsp,hybrid,259,polyak,259,21141.33348648018,21141.33348648018,21294
/Users/a/Ayanami/code/TSP/data/classic/tsplib/kroD100.tsp,hybrid,260,polyak,260,21141.313282568706,21141.33348648018,21294
/Users/a/Ayanami/code/TSP/data/classic/tsplib/kroD100.tsp,hybrid,261,polyak,261,21141.356993706242,21141.356993706242,21294
/Users/a/Ayanami/code/TSP/data/classic/tsplib/kroD100.tsp,hybrid,262,polyak,262,21141.309575837335,21141.356993706242,21294
/Users/a/Ayanami/code/TSP/data/classic/tsplib/kroD100.tsp,hybrid,263,polyak,263,21141.380202734927,21141.380202734927,21294
/Users/a/Ayanami/code/TSP/data/classic/tsplib/kroD100.tsp,hybrid,264,polyak,264,21141.280571616542,21141.380202734927,21294
/Users/a/Ayanami/code/TSP/data/classic/tsplib/kroD100.tsp,hybrid,265,polyak,265,21141.379525072578,21141.380202734927,21294
/Users/a/Ayanami/code/TSP/data/classic/tsplib/kroD100.tsp,hybrid,266,polyak,266,21141.267825877498,21141.380202734927,21294
/Users/a/Ayanami/code/TSP/data/classic/tsplib/kroD100.tsp,hybrid,267,polyak,267,21141.375642937262,21141.380202734927,21294
/Users/a/Ayanami/code/TSP/data/classic/tsplib/kroD100.tsp,hybrid,268,polyak,268,21141.317631284928,21141.380202734927,21294
/Users/a/Ayanami/code/TSP/data/classic/tsplib/kroD100.tsp,hybrid,269,polyak,269,21141.327357256498,21141.380202734927,21294
/Users/a/Ayanami/code/TSP/data/classic/tsplib/kroD100.tsp,hybrid,270,polyak,270,21141.344885083519,21141.380202734927,21294
/Users/a/Ayanami/code/TSP/data/classic/tsplib/kroD100.tsp,hybrid,271,polyak,271,21141.301655608415,21141.380202734927,21294
/Users/a/Ayanami/code/TSP/data/classic/tsplib/kroD100.tsp,hybrid,272,polyak,272,21141.387832311579,21141.387832311579,21294
/Users/a/Ayanami/code/TSP/data/classic/tsplib/kroD100.tsp,hybrid,273,polyak,273,21141.27762176788,21141.387832311579,21294
/Users/a/Ayanami/code/TSP/data/classic/tsplib/kroD100.tsp,hybrid,274,polyak,274,21141.38169882723,21141.387832311579,21294
/Users/a/Ayanami/code/TSP/data/classic/tsplib/kroD100.tsp,hybrid,275,polyak,275,21141.332980279076,21141.387832311579,21294
/Users/a/Ayanami/code/TSP/data/classic/tsplib/kroD100.tsp,hybrid,276,polyak,276,21141.325641524829,21141.387832311579,21294
/Users/a/Ayanami/code/TSP/data/classic/tsplib/kroD100.tsp,hybrid,277,polyak,277,21141.347369042331,21141.387832311579,21294
/Users/a/Ayanami/code/TSP/data/classic/tsplib/kroD100.tsp,hybrid,278,polyak,278,21141.325652133964,21141.387832311579,21294
/Users/a/Ayanami/code/TSP/data/classic/tsplib/kroD100.tsp,hybrid,279,polyak,279,21141.347358438376,21141.387832311579,21294
/Users/a/Ayanami/code/TSP/data/classic/tsplib/kroD100.tsp,hybrid,280,polyak,280,21141.325662732746,21141.387832311579,21294
/Users/a/Ayanami/code/TSP/data/classic/tsplib/kroD100.tsp,hybrid,281,polyak,281,21141.347347844763,21141.387832311579,21294
/Users/a/Ayanami/code/TSP/data/classic/tsplib/kroD100.tsp,hybrid,282,polyak,282,21141.325673321182,21141.387832311579,21294
/Users/a/Ayanami/code/TSP/data/classic/tsplib/kroD100.tsp,hybrid,283,polyak,283,21141.347337261508,21141.387832311579,21294
/Users/a/Ayanami/code/TSP/data/classic/tsplib/kroD100.tsp,hybrid,284,polyak,284,21141.325683899275,21141.387832311579,21294
/Users/a/Ayanami/code/TSP/data/classic/tsplib/kroD100.tsp,hybrid,285,polyak,285,21141.347326688574,21141.387832311579,21294
/Users/a/Ayanami/code/TSP/data/classic/tsplib/kroD100.tsp,hybrid,286,polyak,286,21141.451417911303,21141.451417911303,21294
/Users/a/Ayanami/code/TSP/data/classic/tsplib/kroD100.tsp,hybrid,287,polyak,287,21141.364074099787,21141.451417911303,21294
/Users/a/Ayanami/code/TSP/data/classic/tsplib/kroD100.tsp,hybrid,288,polyak,288,21141.457468717472,21141.457468717472,21294
/Users/a/Ayanami/code/TSP/data/classic/tsplib/kroD100.tsp,hybrid,289,polyak,289,21141.372759145292,21141.457468717472,21294
/Users/a/Ayanami/code/TSP/data/classic/tsplib/kroD100.tsp,hybrid,290,polyak,290,21141.433125532712,21141.457468717472,21294
/Users/a/Ayanami/code/TSP/data/classic/tsplib/kroD100.tsp,hybrid,291,polyak,291,21141.388274036111,21141.457468717472,21294
/Users/a/Ayanami/code/TSP/data/classic/tsplib/kroD100.tsp,hybrid,292,polyak,292,21141.429256303545,21141.457468717472,21294
/Users/a/Ayanami/code/TSP/data/classic/tsplib/kroD100.tsp,hybrid,293,polyak,293,21141.425373287057,21141.457468717472,21294
/Users/a/Ayanami/code/TSP/data/classic/tsplib/kroD100.tsp,hybrid,294,polyak,294,21141.407077293366,21141.457468717472,21294
/Users/a/Ayanami/code/TSP/data/classic/tsplib/kroD100.tsp,hybrid,295,polyak,295,21141.415427913289,21141.457468717472,21294
/Users/a/Ayanami/code/TSP/data/classic/tsplib/kroD100.tsp,hybrid,296,polyak,296,21141.434324798072,21141.457468717472,21294
/Users/a/Ayanami/code/TSP/data/classic/tsplib/kroD100.tsp,hybrid,297,polyak,297,21141.40220701951,21141.457468717472,21294
/Users/a/Ayanami/code/TSP/data/classic/tsplib/kroD100.tsp,hybrid,298,polyak,298,21141.434316956824,21141.457468717472,21294
/Users/a/Ayanami/code/TSP/data/classic/tsplib/kroD100.tsp,hybrid,299,polyak,299,21141.402214858852,21141.457468717472,21294
/Users/a/Ayanami/code/TSP/data/classic/tsplib/kroD100.tsp,hybrid,300,polyak,300,21141.434309119395,21141.457468717472,21294
/Users/a/Ayanami/code/TSP/data/classic/tsplib/kroD100.tsp,hybrid,301,polyak,301,21141.40222269436,21141.457468717472,21294
/Users/a/Ayanami/code/TSP/data/classic/tsplib/kroD100.tsp,hybrid,302,polyak,302,21141.457413710526,21141.457468717472,21294
/Users/a/Ayanami/code/TSP/data/classic/tsplib/kroD100.tsp,hybrid,303,polyak,303,21141.451858394608,21141.457468717472,21294
/Users/a/Ayanami/code/TSP/data/classic/tsplib/kroD100.tsp,hybrid,304,polyak,304,21141.469753440517,21141.469753440517,21294
/Users/a/Ayanami/code/TSP/data/classic/tsplib/kroD100.tsp,hybrid,305,polyak,305,21141.444110952398,21141.469753440517,21294
/Users/a/Ayanami/code/TSP/data/classic/tsplib/kroD100.tsp,hybrid,306,polyak,306,21141.466398057564,21141.469753440517,21294
/Users/a/Ayanami/code/TSP/data/classic/tsplib/kroD100.tsp,hybrid,307,polyak,307,21141.462763860098,21141.469753440517,21294
/Users/a/Ayanami/code/TSP/data/classic/tsplib/kroD100.tsp,hybrid,308,polyak,308,21141.451815580935,21141.469753440517,21294
/Users/a/Ayanami/code/TSP/data/classic/tsplib/kroD100.tsp,hybrid,309,polyak,309,21141.463733564902,21141.469753440517,21294
/Users/a/Ayanami/code/TSP/data/classic/tsplib/kroD100.tsp,hybrid,310,polyak,310,21141.450052677556,21141.469753440517,21294
/Users/a/Ayanami/code/TSP/data/classic/tsplib/kroD100.tsp,hybrid,311,polyak,311,21141.470168122607,21141.470168122607,21294
/Users/a/Ayanami/code/TSP/data/classic/tsplib/kroD100.tsp,hybrid,312,polyak,312,21141.444163708507,21141.470168122607,21294
/Users/a/Ayanami/code/TSP/data/classic/tsplib/kroD100.tsp,hybrid,313,polyak,313,21141.47044592573,21141.47044592573,21294
/Users/a/Ayanami/code/TSP/data/classic/tsplib/kroD100.tsp,hybrid,314,polyak,314,21141.443118450123,21141.47044592573,21294
/Users/a/Ayanami/code/TSP/data/classic/tsplib/kroD100.tsp,hybrid,315,polyak,315,21141.466698263903,21141.47044592573,21294
/Users/a/Ayanami/code/TSP/data/classic/tsplib/kroD100.tsp,hybrid,316,polyak,316,21141.44923850098,21141.47044592573,21294
/Users/a/Ayanami/code/TSP/data/classic/tsplib/kroD100.tsp,hybrid,317,polyak,317,21141.471768285195,21141.471768285195,21294
/Users/a/Ayanami/code/TSP/data/classic/tsplib/kroD100.tsp,hybrid,318,polyak,318,21141.436390664097,21141.471768285195,21294
/Users/a/Ayanami/code/TSP/data/classic/tsplib/kroD100.tsp,hybrid,319,polyak,319,21141.469387736986,21141.471768285195,21294
/Users/a/Ayanami/code/TSP/data/classic/tsplib/kroD100.tsp,hybrid,320,polyak,320,21141.454031987858,21141.471768285195,21294
/Users/a/Ayanami/code/TSP/data/classic/tsplib/kroD100.tsp,hybrid,321,polyak,321,21141.464236326596,21141.471768285195,21294
/Users/a/Ayanami/code/TSP/data/classic/tsplib/kroD100.tsp,hybrid,322,polyak,322,21141.454033233502,21141.471768285195,21294
/Users/a/Ayanami/code/TSP/data/classic/tsplib/kroD100.tsp,hybrid,323,polyak,323,21141.464235081105,21141.471768285195,21294
/Users/a/Ayanami/code/TSP/data/classic/tsplib/kroD100.tsp,hybrid,324,polyak,324,21141.454034478851,21141.471768285195,21294
/Users/a/Ayanami/code/TSP/data/classic/tsplib/kroD100.tsp,hybrid,325,polyak,325,21141.464233835915,21141.471768285195,21294
/Users/a/Ayanami/code/TSP/data/classic/tsplib/kroD100.tsp,hybrid,326,polyak,326,21141.454035723888,21141.471768285195,21294
/Users/a/Ayanami/code/TSP/data/classic/tsplib/kroD100.tsp,hybrid,327,polyak,327,21141.464232591024,21141.471768285195,21294
/Users/a/Ayanami/code/TSP/data/classic/tsplib/kroD100.tsp,hybrid,328,polyak,328,21141.454036968622,21141.471768285195,21294
/Users/a/Ayanami/code/TSP/data/classic/tsplib/kroD100.tsp,hybrid,329,polyak,329,21141.464231346443,21141.471768285195,21294
/Users/a/Ayanami/code/TSP/data/classic/tsplib/kroD100.tsp,hybrid,330,polyak,330,21141.454038213054,21141.471768285195,21294
/Users/a/Ayanami/code/TSP/data/classic/tsplib/kroD100.tsp,hybrid,331,polyak,331,21141.488774391793,21141.488774391793,21294
/Users/a/Ayanami/code/TSP/data/classic/tsplib/kroD100.tsp,hybrid,332,polyak,332,21141.468715009614,21141.488774391793,21294
/Users/a/Ayanami/code/TSP/data/classic/tsplib/kroD100.tsp,hybrid,333,polyak,333,21141.485628481056,21141.488774391793,21294
/Users/a/Ayanami/code/TSP/data/classic/tsplib/kroD100.tsp,hybrid,334,polyak,334,21141.475952592758,21141.488774391793,21294
/Users/a/Ayanami/code/TSP/data/classic/tsplib/kroD100.tsp,hybrid,335,polyak,335,21141.480269516484,21141.488774391793,21294
/Users/a/Ayanami/code/TSP/data/classic/tsplib/kroD100.tsp,hybrid,336,polyak,336,21141.478332817289,21141.488774391793,21294
/Users/a/Ayanami/code/TSP/data/classic/tsplib/kroD100.tsp,hybrid,337,polyak,337,21141.484444071993,21141.488774391793,21294
/Users/a/Ayanami/code/TSP/data/classic/tsplib/kroD100.tsp,hybrid,338,polyak,338,21141.467696653352,21141.488774391793,21294
/Users/a/Ayanami/code/TSP/data/classic/tsplib/kroD100.tsp,hybrid,339,polyak,339,21141.484434376511,21141.488774391793,21294
/Users/a/Ayanami/code/TSP/data/classic/tsplib/kroD100.tsp,hybrid,340,polyak,340,21141.476741106871,21141.488774391793,21294
/Users/a/Ayanami/code/TSP/data/classic/tsplib/kroD100.tsp,hybrid,341,polyak,341,21141.481135161208,21141.488774391793,21294
/Users/a/Ayanami/code/TSP/data/classic/tsplib/kroD100.tsp,hybrid,342,polyak,342,21141.475813220994,21141.488774391793,21294
/Users/a/Ayanami/code/TSP/data/classic/tsplib/kroD100.tsp,hybrid,343,polyak,343,21141.486970721795,21141.488774391793,21294
/Users/a/Ayanami/code/TSP/data/classic/tsplib/kroD100.tsp,hybrid,344,polyak,344,21141.471879051445,21141.488774391793,21294
/Users/a/Ayanami/code/TSP/data/classic/tsplib/kroD100.tsp,hybrid,345,polyak,345,21141.486952296498,21141.488774391793,21294
/Users/a/Ayanami/code/TSP/data/classic/tsplib/kroD100.tsp,hybrid,346,polyak,346,21141.493659311898,21141.493659311898,21294
/Users/a/Ayanami/code/TSP/data/classic/tsplib/kroD100.tsp,hybrid,347,polyak,347,21141.484160780936,21141.493659311898,21294
/Users/a/Ayanami/code/TSP/data/classic/tsplib/kroD100.tsp,hybrid,348,polyak,348,21141.493772179016,21141.493772179016,21294
/Users/a/Ayanami/code/TSP/data/classic/tsplib/kroD100.tsp,hybrid,349,polyak,349,21141.485352767388,21141.493772179016,21294
/Users/a/Ayanami/code/TSP/data/classic/tsplib/kroD100.tsp,hybrid,350,polyak,350,21141.495784852319,21141.495784852319,21294
/Users/a/Ayanami/code/TSP/data/classic/tsplib/kroD100.tsp,hybrid,351,polyak,351,21141.482467310871,21141.495784852319,21294
/Users/a/Ayanami/code/TSP/data/classic/tsplib/kroD100.tsp,hybrid,352,polyak,352,21141.491608358578,21141.495784852319,21294
/Users/a/Ayanami/code/TSP/data/classic/tsplib/kroD100.tsp,hybrid,353,polyak,353,21141.490243904522,21141.495784852319,21294
/Users/a/Ayanami/code/TSP/data/classic/tsplib/kroD100.tsp,hybrid,354,polyak,354,21141.488024442693,21141.495784852319,21294
/Users/a/Ayanami/code/TSP/data/classic/tsplib/kroD100.tsp,hybrid,355,polyak,355,21141.490408150363,21141.495784852319,21294
/Users/a/Ayanami/code/TSP/data/classic/tsplib/kroD100.tsp,hybrid,356,polyak,356,21141.489907672181,21141.495784852319,21294
/Users/a/Ayanami/code/TSP/data/classic/tsplib/kroD100.tsp,hybrid,357,polyak,357,21141.488625250284,21141.495784852319,21294
/Users/a/Ayanami/code/TSP/data/classic/tsplib/kroD100.tsp,hybrid,358,polyak,358,21141.493817848637,21141.495784852319,21294
/Users/a/Ayanami/code/TSP/data/classic/tsplib/kroD100.tsp,hybrid,359,polyak,359,21141.484183302106,21141.495784852319,21294
/Users/a/Ayanami/code/TSP/data/classic/tsplib/kroD100.tsp,hybrid,360,polyak,360,21141.49231537732,21141.495784852319,21294
/Users/a/Ayanami/code/TSP/data/classic/tsplib/kroD100.tsp,hybrid,361,polyak,361,21141.489386089466,21141.495784852319,21294
/Users/a/Ayanami/code/TSP/data/classic/tsplib/kroD100.tsp,hybrid,362,polyak,362,21141.489287616005,21141.495784852319,21294
/Users/a/Ayanami/code/TSP/data/classic/tsplib/kroD100.tsp,hybrid,363,polyak,363,21141.489041770736,21141.495784852319,21294
/Users/a/Ayanami/code/TSP/data/classic/tsplib/kroD100.tsp,hybrid,364,polyak,364,21141.496750011356,21141.496750011356,21294
/Users/a/Ayanami/code/TSP/data/classic/tsplib/kroD100.tsp,hybrid,365,polyak,365,21141.491663615747,21141.496750011356,21294
/Users/a/Ayanami/code/TSP/data/classic/tsplib/kroD100.tsp,hybrid,366,polyak,366,21141.497700646847,21141.497700646847,21294
/Users/a/Ayanami/code/TSP/data/classic/tsplib/kroD100.tsp,hybrid,367,polyak,367,21141.492055165625,21141.497700646847,21294
/Users/a/Ayanami/code/TSP/data/classic/tsplib/kroD100.tsp,hybrid,368,polyak,368,21141.496923970637,21141.497700646847,21294
/Users/a/Ayanami/code/TSP/data/classic/tsplib/kroD100.tsp,hybrid,369,polyak,369,21141.491788232437,21141.497700646847,21294
/Users/a/Ayanami/code/TSP/data/classic/tsplib/kroD100.tsp,hybrid,370,polyak,370,21141.495250696738,21141.497700646847,21294
/Users/a/Ayanami/code/TSP/data/classic/tsplib/kroD100.tsp,hybrid,371,polyak,371,21141.494362614423,21141.497700646847,21294
/Users/a/Ayanami/code/TSP/data/classic/tsplib/kroD100.tsp,hybrid,372,polyak,372,21141.494741076949,21141.497700646847,21294
/Users/a/Ayanami/code/TSP/data/classic/tsplib/kroD100.tsp,hybrid,373,polyak,373,21141.496269020972,21141.497700646847,21294
/Users/a/Ayanami/code/TSP/data/classic/tsplib/kroD100.tsp,hybrid,374,polyak,374,21141.493273367465,21141.497700646847,21294
/Users/a/Ayanami/code/TSP/data/classic/tsplib/kroD100.tsp,hybrid,375,polyak,375,21141.496260288757,21141.497700646847,21294
/Users/a/Ayanami/code/TSP/data/classic/tsplib/kroD100.tsp,hybrid,376,polyak,376,21141.494130529456,21141.497700646847,21294
/Users/a/Ayanami/code/TSP/data/classic/tsplib/kroD100.tsp,hybrid,377,polyak,377,21141.495251415217,21141.497700646847,21294
/Users/a/Ayanami/code/TSP/data/classic/tsplib/kroD100.tsp,hybrid,378,polyak,378,21141.494502939193,21141.497700646847,21294
/Users/a/Ayanami/code/TSP/data/classic/tsplib/kroD100.tsp,hybrid,379,helsgaun,1,21141.497700646847,21141.497700646847,21294
/Users/a/Ayanami/code/TSP/data/classic/tsplib/kroD100.tsp,hybrid,380,helsgaun,2,21133.502270959987,21141.497700646847,21294
/Users/a/Ayanami/code/TSP/data/classic/tsplib/kroD100.tsp,hybrid,381,helsgaun,3,21136.501396450392,21141.497700646847,21294
/Users/a/Ayanami/code/TSP/data/classic/tsplib/kroD100.tsp,hybrid,382,helsgaun,4,21138.798087170642,21141.497700646847,21294
/Users/a/Ayanami/code/TSP/data/classic/tsplib/kroD100.tsp,hybrid,383,helsgaun,5,21138.399628628598,21141.497700646847,21294
/Users/a/Ayanami/code/TSP/data/classic/tsplib/kroD100.tsp,hybrid,384,helsgaun,6,21135.601219834094,21141.497700646847,21294
/Users/a/Ayanami/code/TSP/data/classic/tsplib/kroD100.tsp,hybrid,385,helsgaun,7,21136.300371371402,21141.497700646847,21294
/Users/a/Ayanami/code/TSP/data/classic/tsplib/kroD100.tsp,hybrid,386,helsgaun,8,21138.198422035286,21141.497700646847,21294
/Users/a/Ayanami/code/TSP/data/classic/tsplib/kroD100.tsp,hybrid,387,helsgaun,9,21137.499986759231,21141.497700646847,21294
/Users/a/Ayanami/code/TSP/data/classic/tsplib/kroD100.tsp,hybrid,388,helsgaun,10,21135.001577964726,21141.497700646847,21294
/Users/a/Ayanami/code/TSP/data/classic/tsplib/kroD100.tsp,hybrid,389,helsgaun,11,21135.900013240775,21141.497700646847,21294
/Users/a/Ayanami/code/TSP/data/classic/tsplib/kroD100.tsp,hybrid,390,helsgaun,12,21137.598422035284,21141.497700646847,21294
/Users/a/Ayanami/code/TSP/data/classic/tsplib/kroD100.tsp,hybrid,391,helsgaun,13,21137.499986759231,21141.497700646847,21294
/Users/a/Ayanami/code/TSP/data/classic/tsplib/kroD100.tsp,hybrid,392,helsgaun,14,21135.001577964726,21141.497700646847,21294
/Users/a/Ayanami/code/TSP/data/classic/tsplib/kroD100.tsp,hybrid,393,helsgaun,15,21135.900013240775,21141.497700646847,21294
/Users/a/Ayanami/code/TSP/data/classic/tsplib/kroD100.tsp,hybrid,394,helsgaun,16,21137.598422035284,21141.497700646847,21294
/Users/a/Ayanami/code/TSP/data/classic/tsplib/kroD100.tsp,hybrid,395,helsgaun,17,21137.499986759231,21141.497700646847,21294
/Users/a/Ayanami/code/TSP/data/classic/tsplib/kroD100.tsp,hybrid,396,helsgaun,18,21135.001577964726,21141.497700646847,21294
/Users/a/Ayanami/code/TSP/data/classic/tsplib/kroD100.tsp,hybrid,397,helsgaun,19,21135.900013240775,21141.497700646847,21294
/Users/a/Ayanami/code/TSP/data/classic/tsplib/kroD100.tsp,hybrid,398,helsgaun,20,21137.598422035284,21141.497700646847,21294
/Users/a/Ayanami/code/TSP/data/classic/tsplib/kroD100.tsp,hybrid,399,helsgaun,21,21137.499986759231,21141.497700646847,21294
/Users/a/Ayanami/code/TSP/data/classic/tsplib/kroD100.tsp,hybrid,400,helsgaun,22,21135.001577964726,21141.497700646847,21294
/Users/a/Ayanami/code/TSP/data/classic/tsplib/kroD100.tsp,hybrid,401,helsgaun,23,21135.900013240775,21141.497700646847,21294
/Users/a/Ayanami/code/TSP/data/classic/tsplib/kroD100.tsp,hybrid,402,helsgaun,24,21137.598422035284,21141.497700646847,21294
/Users/a/Ayanami/code/TSP/data/classic/tsplib/kroD100.tsp,hybrid,403,helsgaun,25,21137.499986759231,21141.497700646847,21294
/Users/a/Ayanami/code/TSP/data/classic/tsplib/kroD100.tsp,hybrid,404,helsgaun,26,21135.001577964726,21141.497700646847,21294
/Users/a/Ayanami/code/TSP/data/classic/tsplib/kroD100.tsp,hybrid,405,helsgaun,27,21135.900013240775,21141.497700646847,21294
/Users/a/Ayanami/code/TSP/data/classic/tsplib/kroD100.tsp,hybrid,406,helsgaun,28,21137.598422035284,21141.497700646847,21294
/Users/a/Ayanami/code/TSP/data/classic/tsplib/kroD100.tsp,hybrid,407,helsgaun,29,21137.499986759231,21141.497700646847,21294
/Users/a/Ayanami/code/TSP/data/classic/tsplib/kroD100.tsp,hybrid,408,helsgaun,30,21135.001577964726,21141.497700646847,21294
/Users/a/Ayanami/code/TSP/data/classic/tsplib/kroD100.tsp,hybrid,409,helsgaun,31,21135.900013240775,21141.497700646847,21294
/Users/a/Ayanami/code/TSP/data/classic/tsplib/kroD100.tsp,hybrid,410,helsgaun,32,21137.598422035284,21141.497700646847,21294
/Users/a/Ayanami/code/TSP/data/classic/tsplib/kroD100.tsp,hybrid,411,helsgaun,33,21137.499986759231,21141.497700646847,21294
/Users/a/Ayanami/code/TSP/data/classic/tsplib/kroD100.tsp,hybrid,412,helsgaun,34,21135.001577964726,21141.497700646847,21294
/Users/a/Ayanami/code/TSP/data/classic/tsplib/kroD100.tsp,hybrid,413,helsgaun,35,21135.900013240775,21141.497700646847,21294
/Users/a/Ayanami/code/TSP/data/classic/tsplib/kroD100.tsp,hybrid,414,helsgaun,36,21137.598422035284,21141.497700646847,21294
/Users/a/Ayanami/code/TSP/data/classic/tsplib/kroD100.tsp,hybrid,415,helsgaun,37,21137.499986759231,21141.497700646847,21294
/Users/a/Ayanami/code/TSP/data/classic/tsplib/kroD100.tsp,hybrid,416,helsgaun,38,21135.001577964726,21141.497700646847,21294
/Users/a/Ayanami/code/TSP/data/classic/tsplib/kroD100.tsp,hybrid,417,helsgaun,39,21135.900013240775,21141.497700646847,21294
/Users/a/Ayanami/code/TSP/data/classic/tsplib/kroD100.tsp,hybrid,418,helsgaun,40,21137.598422035284,21141.497700646847,21294
/Users/a/Ayanami/code/TSP/data/classic/tsplib/kroD100.tsp,hybrid,419,helsgaun,41,21137.499986759231,21141.497700646847,21294
/Users/a/Ayanami/code/TSP/data/classic/tsplib/kroD100.tsp,hybrid,420,helsgaun,42,21135.001577964726,21141.497700646847,21294
/Users/a/Ayanami/code/TSP/data/classic/tsplib/kroD100.tsp,hybrid,421,helsgaun,43,21135.900013240775,21141.497700646847,21294
/Users/a/Ayanami/code/TSP/data/classic/tsplib/kroD100.tsp,hybrid,422,helsgaun,44,21137.598422035284,21141.497700646847,21294
/Users/a/Ayanami/code/TSP/data/classic/tsplib/kroD100.tsp,hybrid,423,helsgaun,45,21137.499986759231,21141.497700646847,21294
/Users/a/Ayanami/code/TSP/data/classic/tsplib/kroD100.tsp,hybrid,424,helsgaun,46,21135.001577964726,21141.497700646847,21294
/Users/a/Ayanami/code/TSP/data/classic/tsplib/kroD100.tsp,hybrid,425,helsgaun,47,21135.900013240775,21141.497700646847,21294
/Users/a/Ayanami/code/TSP/data/classic/tsplib/kroD100.tsp,hybrid,426,helsgaun,48,21137.598422035284,21141.497700646847,21294
/Users/a/Ayanami/code/TSP/data/classic/tsplib/kroD100.tsp,hybrid,427,helsgaun,49,21137.499986759231,21141.497700646847,21294
/Users/a/Ayanami/code/TSP/data/classic/tsplib/kroD100.tsp,hybrid,428,helsgaun,50,21135.001577964726,21141.497700646847,21294
/Users/a/Ayanami/code/TSP/data/classic/tsplib/kroD100.tsp,hybrid,429,helsgaun,51,21135.900013240775,21141.497700646847,21294
/Users/a/Ayanami/code/TSP/data/classic/tsplib/kroD100.tsp,hybrid,430,helsgaun,52,21138.550706236041,21141.497700646847,21294
/Users/a/Ayanami/code/TSP/data/classic/tsplib/kroD100.tsp,hybrid,431,helsgaun,53,21138.949628628598,21141.497700646847,21294
/Users/a/Ayanami/code/TSP/data/classic/tsplib/kroD100.tsp,hybrid,432,helsgaun,54,21139.4989900734,21141.497700646847,21294
/Users/a/Ayanami/code/TSP/data/classic/tsplib/kroD100.tsp,hybrid,433,helsgaun,55,21139.150013240771,21141.497700646847,21294
/Users/a/Ayanami/code/TSP/data/classic/tsplib/kroD100.tsp,hybrid,434,helsgaun,56,21140.001912829361,21141.497700646847,21294
/Users/a/Ayanami/code/TSP/data/classic/tsplib/kroD100.tsp,hybrid,435,helsgaun,57,21139.050015152392,21141.497700646847,21294
/Users/a/Ayanami/code/TSP/data/classic/tsplib/kroD100.tsp,hybrid,436,helsgaun,58,21138.69808717064,21141.497700646847,21294
/Users/a/Ayanami/code/TSP/data/classic/tsplib/kroD100.tsp,hybrid,437,helsgaun,59,21139.54998484761,21141.497700646847,21294
/Users/a/Ayanami/code/TSP/data/classic/tsplib/kroD100.tsp,hybrid,438,helsgaun,60,21139.701912829361,21141.497700646847,21294
/Users/a/Ayanami/code/TSP/data/classic/tsplib/kroD100.tsp,hybrid,439,helsgaun,61,21139.050015152392,21141.497700646847,21294
/Users/a/Ayanami/code/TSP/data/classic/tsplib/kroD100.tsp,hybrid,440,helsgaun,62,21138.69808717064,21141.497700646847,21294
/Users/a/Ayanami/code/TSP/data/classic/tsplib/kroD100.tsp,hybrid,441,helsgaun,63,21139.54998484761,21141.497700646847,21294
/Users/a/Ayanami/code/TSP/data/classic/tsplib/kroD100.tsp,hybrid,442,helsgaun,64,21139.701912829361,21141.497700646847,21294
/Users/a/Ayanami/code/TSP/data/classic/tsplib/kroD100.tsp,hybrid,443,helsgaun,65,21139.050015152392,21141.497700646847,21294
/Users/a/Ayanami/code/TSP/data/classic/tsplib/kroD100.tsp,hybrid,444,helsgaun,66,21138.69808717064,21141.497700646847,21294
/Users/a/Ayanami/code/TSP/data/classic/tsplib/kroD100.tsp,hybrid,445,helsgaun,67,21139.54998484761,21141.497700646847,21294
/Users/a/Ayanami/code/TSP/data/classic/tsplib/kroD100.tsp,hybrid,446,helsgaun,68,21139.701912829361,21141.497700646847,21294
/Users/a/Ayanami/code/TSP/data/classic/tsplib/kroD100.tsp,hybrid,447,helsgaun,69,21139.050015152392,21141.497700646847,21294
/Users/a/Ayanami/code/TSP/data/classic/tsplib/kroD100.tsp,hybrid,448,helsgaun,70,21138.69808717064,21141.497700646847,21294
/Users/a/Ayanami/code/TSP/data/classic/tsplib/kroD100.tsp,hybrid,449,helsgaun,71,21139.54998484761,21141.497700646847,21294
/Users/a/Ayanami/code/TSP/data/classic/tsplib/kroD100.tsp,hybrid,450,helsgaun,72,21139.701912829361,21141.497700646847,21294
/Users/a/Ayanami/code/TSP/data/classic/tsplib/kroD100.tsp,hybrid,451,helsgaun,73,21139.050015152392,21141.497700646847,21294
/Users/a/Ayanami/code/TSP/data/classic/tsplib/kroD100.tsp,hybrid,452,helsgaun,74,21138.69808717064,21141.497700646847,21294
/Users/a/Ayanami/code/TSP/data/classic/tsplib/kroD100.tsp,hybrid,453,helsgaun,75,21139.54998484761,21141.497700646847,21294
/Users/a/Ayanami/code/TSP/data/classic/tsplib/kroD100.tsp,hybrid,454,helsgaun,76,21139.701912829361,21141.497700646847,21294
/Users/a/Ayanami/code/TSP/data/classic/tsplib/kroD100.tsp,hybrid,455,helsgaun,77,21140.000015152389,21141.497700646847,21294
/Users/a/Ayanami/code/TSP/data/classic/tsplib/kroD100.tsp,hybrid,456,helsgaun,78,21140.948780165912,21141.497700646847,21294
/Users/a/Ayanami/code/TSP/data/classic/tsplib/kroD100.tsp,hybrid,457,helsgaun,79,21140.101245881007,21141.497700646847,21294
/Users/a/Ayanami/code/TSP/data/classic/tsplib/kroD100.tsp,hybrid,458,helsgaun,80,21140.751941222527,21141.497700646847,21294
/Users/a/Ayanami/code/TSP/data/classic/tsplib/kroD100.tsp,hybrid,459,helsgaun,81,21140.19772904001,21141.497700646847,21294
/Users/a/Ayanami/code/TSP/data/classic/tsplib/kroD100.tsp,hybrid,460,helsgaun,82,21141.023603549609,21141.497700646847,21294
/Users/a/Ayanami/code/TSP/data/classic/tsplib/kroD100.tsp,hybrid,461,helsgaun,83,21140.077299353154,21141.497700646847,21294
/Users/a/Ayanami/code/TSP/data/classic/tsplib/kroD100.tsp,hybrid,462,helsgaun,84,21140.575706236043,21141.497700646847,21294
/Users/a/Ayanami/code/TSP/data/classic/tsplib/kroD100.tsp,hybrid,463,helsgaun,85,21140.449293763959,21141.497700646847,21294
/Users/a/Ayanami/code/TSP/data/classic/tsplib/kroD100.tsp,hybrid,464,helsgaun,86,21141.097729040011,21141.497700646847,21294
/Users/a/Ayanami/code/TSP/data/classic/tsplib/kroD100.tsp,hybrid,465,helsgaun,87,21140.026912829362,21141.497700646847,21294
/Users/a/Ayanami/code/TSP/data/classic/tsplib/kroD100.tsp,hybrid,466,helsgaun,88,21140.851967269435,21141.497700646847,21294
/Users/a/Ayanami/code/TSP/data/classic/tsplib/kroD100.tsp,hybrid,467,helsgaun,89,21141.085587170644,21141.497700646847,21294
/Users/a/Ayanami/code/TSP/data/classic/tsplib/kroD100.tsp,hybrid,468,helsgaun,90,21141.202270959991,21141.497700646847,21294
/Users/a/Ayanami/code/TSP/data/classic/tsplib/kroD100.tsp,hybrid,469,helsgaun,91,21141.173422035277,21141.497700646847,21294
/Users/a/Ayanami/code/TSP/data/classic/tsplib/kroD100.tsp,hybrid,470,helsgaun,92,21141.251577964715,21141.497700646847,21294
/Users/a/Ayanami/code/TSP/data/classic/tsplib/kroD100.tsp,hybrid,471,helsgaun,93,21141.185229040006,21141.497700646847,21294
/Users/a/Ayanami/code/TSP/data/classic/tsplib/kroD100.tsp,hybrid,472,helsgaun,94,21141.189412829357,21141.497700646847,21294
/Users/a/Ayanami/code/TSP/data/classic/tsplib/kroD100.tsp,hybrid,473,helsgaun,95,21141.399083856464,21141.497700646847,21294
/Users/a/Ayanami/code/TSP/data/classic/tsplib/kroD100.tsp,hybrid,474,helsgaun,96,21141.2628713714,21141.497700646847,21294
/Users/a/Ayanami/code/TSP/data/classic/tsplib/kroD100.tsp,hybrid,475,helsgaun,97,21141.412128628599,21141.497700646847,21294
/Users/a/Ayanami/code/TSP/data/classic/tsplib/kroD100.tsp,hybrid-reverse,1,helsgaun,1,18991,18991,21294
/Users/a/Ayanami/code/TSP/data/classic/tsplib/kroD100.tsp,hybrid-reverse,2,helsgaun,2,19033,19033,21294
/Users/a/Ayanami/code/TSP/data/classic/tsplib/kroD100.tsp,hybrid-reverse,3,helsgaun,3,19109.599999999999,19109.599999999999,21294
/Users/a/Ayanami/code/TSP/data/classic/tsplib/kroD100.tsp,hybrid-reverse,4,helsgaun,4,19260.200000000001,19260.200000000001,21294
/Users/a/Ayanami/code/TSP/data/classic/tsplib/kroD100.tsp,hybrid-reverse,5,helsgaun,5,19487.399999999998,19487.399999999998,21294
/Users/a/Ayanami/code/TSP/data/classic/tsplib/kroD100.tsp,hybrid-reverse,6,helsgaun,6,19824.800000000003,19824.800000000003,21294
/Users/a/Ayanami/code/TSP/data/classic/tsplib/kroD100.tsp,hybrid-reverse,7,helsgaun,7,20112.600000000009,20112.600000000009,21294
/Users/a/Ayanami/code/TSP/data/classic/tsplib/kroD100.tsp,hybrid-reverse,8,helsgaun,8,19618.80000000001,20112.600000000009,21294
/Users/a/Ayanami/code/TSP/data/classic/tsplib/kroD100.tsp,hybrid-reverse,9,helsgaun,9,19774.999999999996,20112.600000000009,21294
/Users/a/Ayanami/code/TSP/data/classic/tsplib/kroD100.tsp,hybrid-reverse,10,helsgaun,10,19839.999999999996,20112.600000000009,21294
/Users/a/Ayanami/code/TSP/data/classic/tsplib/kroD100.tsp,hybrid-reverse,11,helsgaun,11,19812.000000000007,20112.600000000009,21294
/Users/a/Ayanami/code/TSP/data/classic/tsplib/kroD100.tsp,hybrid-reverse,12,helsgaun,12,19839.999999999993,20112.600000000009,21294
/Users/a/Ayanami/code/TSP/data/classic/tsplib/kroD100.tsp,hybrid-reverse,13,helsgaun,13,19502.800000000007,20112.600000000009,21294
/Users/a/Ayanami/code/TSP/data/classic/tsplib/kroD100.tsp,hybrid-reverse,14,helsgaun,14,19629.800000000007,20112.600000000009,21294
/Users/a/Ayanami/code/TSP/data/classic/tsplib/kroD100.tsp,hybrid-reverse,15,helsgaun,15,19646.399999999994,20112.600000000009,21294
/Users/a/Ayanami/code/TSP/data/classic/tsplib/kroD100.tsp,hybrid-reverse,16,helsgaun,16,19720.199999999993,20112.600000000009,21294
/Users/a/Ayanami/code/TSP/data/classic/tsplib/kroD100.tsp,hybrid-reverse,17,helsgaun,17,19694.399999999998,20112.600000000009,21294
/Users/a/Ayanami/code/TSP/data/classic/tsplib/kroD100.tsp,hybrid-reverse,18,helsgaun,18,19933.800000000003,20112.600000000009,21294
/Users/a/Ayanami/code/TSP/data/classic/tsplib/kroD100.tsp,hybrid-reverse,19,helsgaun,19,19864.800000000003,20112.600000000009,21294
/Users/a/Ayanami/code/TSP/data/classic/tsplib/kroD100.tsp,hybrid-reverse,20,helsgaun,20,19854.200000000001,20112.600000000009,21294
/Users/a/Ayanami/code/TSP/data/classic/tsplib/kroD100.tsp,hybrid-reverse,21,helsgaun,21,19897.400000000001,20112.600000000009,21294
/Users/a/Ayanami/code/TSP/data/classic/tsplib/kroD100.tsp,hybrid-reverse,22,helsgaun,22,19888.000000000004,20112.600000000009,21294
/Users/a/Ayanami/code/TSP/data/classic/tsplib/kroD100.tsp,hybrid-reverse,23,helsgaun,23,20169.800000000003,20169.800000000003,21294
/Users/a/Ayanami/code/TSP/data/classic/tsplib/kroD100.tsp,hybrid-reverse,24,helsgaun,24,20103.399999999998,20169.800000000003,21294
/Users/a/Ayanami/code/TSP/data/classic/tsplib/kroD100.tsp,hybrid-reverse,25,helsgaun,25,19862.200000000001,20169.800000000003,21294
/Users/a/Ayanami/code/TSP/data/classic/tsplib/kroD100.tsp,hybrid-reverse,26,helsgaun,26,20000.200000000004,20169.800000000003,21294
/Users/a/Ayanami/code/TSP/data/classic/tsplib/kroD100.tsp,hybrid-reverse,27,helsgaun,27,19776.999999999996,20169.800000000003,21294
/Users/a/Ayanami/code/TSP/data/classic/tsplib/kroD100.tsp,hybrid-reverse,28,helsgaun,28,19945,20169.800000000003,21294
/Users/a/Ayanami/code/TSP/data/classic/tsplib/kroD100.tsp,hybrid-reverse,29,helsgaun,29,19794.800000000003,20169.800000000003,21294
/Users/a/Ayanami/code/TSP/data/classic/tsplib/kroD100.tsp,hybrid-reverse,30,helsgaun,30,19949.199999999997,20169.800000000003,21294
/Users/a/Ayanami/code/TSP/data/classic/tsplib/kroD100.tsp,hybrid-reverse,31,helsgaun,31,19953.400000000005,20169.800000000003,21294
/Users/a/Ayanami/code/TSP/data/classic/tsplib/kroD100.tsp,hybrid-reverse,32,helsgaun,32,19646.199999999997,20169.800000000003,21294
/Users/a/Ayanami/code/TSP/data/classic/tsplib/kroD100.tsp,hybrid-reverse,33,helsgaun,33,19264.400000000001,20169.800000000003,21294
/Users/a/Ayanami/code/TSP/data/classic/tsplib/kroD100.tsp,hybrid-reverse,34,helsgaun,34,19473,20169.800000000003,21294
/Users/a/Ayanami/code/TSP/data/classic/tsplib/kroD100.tsp,hybrid-reverse,35,helsgaun,35,19940.599999999999,20169.800000000003,21294
/Users/a/Ayanami/code/TSP/data/classic/tsplib/kroD100.tsp,hybrid-reverse,36,helsgaun,36,19772.599999999999,20169.800000000003,21294
/Users/a/Ayanami/code/TSP/data/classic/tsplib/kroD100.tsp,hybrid-reverse,37,helsgaun,37,19829.000000000004,20169.800000000003,21294
/Users/a/Ayanami/code/TSP/data/classic/tsplib/kroD100.tsp,hybrid-reverse,38,helsgaun,38,20022.800000000003,20169.800000000003,21294
/Users/a/Ayanami/code/TSP/data/classic/tsplib/kroD100.tsp,hybrid-reverse,39,helsgaun,39,20056.600000000002,20169.800000000003,21294
/Users/a/Ayanami/code/TSP/data/classic/tsplib/kroD100.tsp,hybrid-reverse,40,helsgaun,40,19826.600000000002,20169.800000000003,21294
/Users/a/Ayanami/code/TSP/data/classic/tsplib/kroD100.tsp,hybrid-reverse,41,helsgaun,41,19982.000000000004,20169.800000000003,21294
/Users/a/Ayanami/code/TSP/data/classic/tsplib/kroD100.tsp,hybrid-reverse,42,helsgaun,42,20045.799999999992,20169.800000000003,21294
/Users/a/Ayanami/code/TSP/data/classic/tsplib/kroD100.tsp,hybrid-reverse,43,helsgaun,43,19964.799999999999,20169.800000000003,21294
/Users/a/Ayanami/code/TSP/data/classic/tsplib/kroD100.tsp,hybrid-reverse,44,helsgaun,44,19827.799999999999,20169.800000000003,21294
/Users/a/Ayanami/code/TSP/data/classic/tsplib/kroD100.tsp,hybrid-reverse,45,helsgaun,45,19897.199999999997,20169.800000000003,21294
/Users/a/Ayanami/code/TSP/data/classic/tsplib/kroD100.tsp,hybrid-reverse,46,helsgaun,46,20045.600000000006,20169.800000000003,21294
/Users/a/Ayanami/code/TSP/data/classic/tsplib/kroD100.tsp,hybrid-reverse,47,helsgaun,47,19921.799999999996,20169.800000000003,21294
/Users/a/Ayanami/code/TSP/data/classic/tsplib/kroD100.tsp,hybrid-reverse,48,helsgaun,48,20151.799999999999,20169.800000000003,21294
/Users/a/Ayanami/code/TSP/data/classic/tsplib/kroD100.tsp,hybrid-reverse,49,helsgaun,49,19854.600000000006,20169.800000000003,21294
/Users/a/Ayanami/code/TSP/data/classic/tsplib/kroD100.tsp,hybrid-reverse,50,helsgaun,50,19828.200000000001,20169.800000000003,21294
/Users/a/Ayanami/code/TSP/data/classic/tsplib/kroD100.tsp,hybrid-reverse,51,helsgaun,51,19790.399999999998,20169.800000000003,21294
/Users/a/Ayanami/code/TSP/data/classic/tsplib/kroD100.tsp,hybrid-reverse,52,helsgaun,52,20349.599999999999,20349.599999999999,21294
/Users/a/Ayanami/code/TSP/data/classic/tsplib/kroD100.tsp,hybrid-reverse,53,helsgaun,53,20707.399999999994,20707.399999999994,21294
/Users/a/Ayanami/code/TSP/data/classic/tsplib/kroD100.tsp,hybrid-reverse,54,helsgaun,54,20676.199999999997,20707.399999999994,21294
/Users/a/Ayanami/code/TSP/data/classic/tsplib/kroD100.tsp,hybrid-reverse,55,helsgaun,55,20767.200000000001,20767.200000000001,21294
/Users/a/Ayanami/code/TSP/data/classic/tsplib/kroD100.tsp,hybrid-reverse,56,helsgaun,56,20709.200000000001,20767.200000000001,21294
/Users/a/Ayanami/code/TSP/data/classic/tsplib/kroD100.tsp,hybrid-reverse,57,helsgaun,57,20724.000000000004,20767.200000000001,21294
/Users/a/Ayanami/code/TSP/data/classic/tsplib/kroD100.tsp,hybrid-reverse,58,helsgaun,58,20717.399999999994,20767.200000000001,21294
/Users/a/Ayanami/code/TSP/data/classic/tsplib/kroD100.tsp,hybrid-reverse,59,helsgaun,59,20747,20767.200000000001,21294
/Users/a/Ayanami/code/TSP/data/classic/tsplib/kroD100.tsp,hybrid-reverse,60,helsgaun,60,20738,20767.200000000001,21294
/Users/a/Ayanami/code/TSP/data/classic/tsplib/kroD100.tsp,hybrid-reverse,61,helsgaun,61,20782.400000000001,20782.400000000001,21294
/Users/a/Ayanami/code/TSP/data/classic/tsplib/kroD100.tsp,hybrid-reverse,62,helsgaun,62,20861.000000000004,20861.000000000004,21294
/Users/a/Ayanami/code/TSP/data/classic/tsplib/kroD100.tsp,hybrid-reverse,63,helsgaun,63,20706.399999999994,20861.000000000004,21294
/Users/a/Ayanami/code/TSP/data/classic/tsplib/kroD100.tsp,hybrid-reverse,64,helsgaun,64,20753.200000000001,20861.000000000004,21294
/Users/a/Ayanami/code/TSP/data/classic/tsplib/kroD100.tsp,hybrid-reverse,65,helsgaun,65,20688.200000000004,20861.000000000004,21294
/Users/a/Ayanami/code/TSP/data/classic/tsplib/kroD100.tsp,hybrid-reverse,66,helsgaun,66,20678.800000000007,20861.000000000004,21294
/Users/a/Ayanami/code/TSP/data/classic/tsplib/kroD100.tsp,hybrid-reverse,67,helsgaun,67,20851.200000000008,20861.000000000004,21294
/Users/a/Ayanami/code/TSP/data/classic/tsplib/kroD100.tsp,hybrid-reverse,68,helsgaun,68,20729,20861.000000000004,21294
/Users/a/Ayanami/code/TSP/data/classic/tsplib/kroD100.tsp,hybrid-reverse,69,helsgaun,69,20766.599999999999,20861.000000000004,21294
/Users/a/Ayanami/code/TSP/data/classic/tsplib/kroD100.tsp,hybrid-reverse,70,helsgaun,70,20715.600000000006,20861.000000000004,21294
/Users/a/Ayanami/code/TSP/data/classic/tsplib/kroD100.tsp,hybrid-reverse,71,helsgaun,71,20691.400000000009,20861.000000000004,21294
/Users/a/Ayanami/code/TSP/data/classic/tsplib/kroD100.tsp,hybrid-reverse,72,helsgaun,72,20716.600000000009,20861.000000000004,21294
/Users/a/Ayanami/code/TSP/data/classic/tsplib/kroD100.tsp,hybrid-reverse,73,helsgaun,73,20778.199999999997,20861.000000000004,21294
/Users/a/Ayanami/code/TSP/data/classic/tsplib/kroD100.tsp,hybrid-reverse,74,helsgaun,74,20737.400000000005,20861.000000000004,21294
/Users/a/Ayanami/code/TSP/data/classic/tsplib/kroD100.tsp,hybrid-reverse,75,helsgaun,75,20763.799999999999,20861.000000000004,21294
/Users/a/Ayanami/code/TSP/data/classic/tsplib/kroD100.tsp,hybrid-reverse,76,helsgaun,76,20782.600000000006,20861.000000000004,21294
/Users/a/Ayanami/code/TSP/data/classic/tsplib/kroD100.tsp,hybrid-reverse,77,helsgaun,77,20901.200000000004,20901.200000000004,21294
/Users/a/Ayanami/code/TSP/data/classic/tsplib/kroD100.tsp,hybrid-reverse,78,helsgaun,78,21023.200000000001,21023.200000000001,21294
/Users/a/Ayanami/code/TSP/data/classic/tsplib/kroD100.tsp,hybrid-reverse,79,helsgaun,79,21010.800000000003,21023.200000000001,21294
/Users/a/Ayanami/code/TSP/data/classic/tsplib/kroD100.tsp,hybrid-reverse,80,helsgaun,80,21016.400000000005,21023.200000000001,21294
/Users/a/Ayanami/code/TSP/data/classic/tsplib/kroD100.tsp,hybrid-reverse,81,helsgaun,81,21024.200000000004,21024.200000000004,21294
/Users/a/Ayanami/code/TSP/data/classic/tsplib/kroD100.tsp,hybrid-reverse,82,helsgaun,82,20986.400000000005,21024.200000000004,21294
/Users/a/Ayanami/code/TSP/data/classic/tsplib/kroD100.tsp,hybrid-reverse,83,helsgaun,83,20997.600000000009,21024.200000000004,21294
/Users/a/Ayanami/code/TSP/data/classic/tsplib/kroD100.tsp,hybrid-reverse,84,helsgaun,84,21007.200000000008,21024.200000000004,21294
/Users/a/Ayanami/code/TSP/data/classic/tsplib/kroD100.tsp,hybrid-reverse,85,helsgaun,85,20991.800000000003,21024.200000000004,21294
/Users/a/Ayanami/code/TSP/data/classic/tsplib/kroD100.tsp,hybrid-reverse,86,helsgaun,86,21025.200000000001,21025.200000000001,21294
/Users/a/Ayanami/code/TSP/data/classic/tsplib/kroD100.tsp,hybrid-reverse,87,helsgaun,87,20991.600000000002,21025.200000000001,21294
/Users/a/Ayanami/code/TSP/data/classic/tsplib/kroD100.tsp,hybrid-reverse,88,helsgaun,88,21033.600000000002,21033.600000000002,21294
/Users/a/Ayanami/code/TSP/data/classic/tsplib/kroD100.tsp,hybrid-reverse,89,helsgaun,89,21090.000000000007,21090.000000000007,21294
/Users/a/Ayanami/code/TSP/data/classic/tsplib/kroD100.tsp,hybrid-reverse,90,helsgaun,90,21106.000000000004,21106.000000000004,21294
/Users/a/Ayanami/code/TSP/data/classic/tsplib/kroD100.tsp,hybrid-reverse,91,helsgaun,91,21085.400000000009,21106.000000000004,21294
/Users/a/Ayanami/code/TSP/data/classic/tsplib/kroD100.tsp,hybrid-reverse,92,helsgaun,92,21096.600000000006,21106.000000000004,21294
/Users/a/Ayanami/code/TSP/data/classic/tsplib/kroD100.tsp,hybrid-reverse,93,helsgaun,93,21083.800000000003,21106.000000000004,21294
/Users/a/Ayanami/code/TSP/data/classic/tsplib/kroD100.tsp,hybrid-reverse,94,helsgaun,94,21093.600000000006,21106.000000000004,21294
/Users/a/Ayanami/code/TSP/data/classic/tsplib/kroD100.tsp,hybrid-reverse,95,helsgaun,95,21107.200000000004,21107.200000000004,21294
/Users/a/Ayanami/code/TSP/data/classic/tsplib/kroD100.tsp,hybrid-reverse,96,helsgaun,96,21122.800000000007,21122.800000000007,21294
/Users/a/Ayanami/code/TSP/data/classic/tsplib/kroD100.tsp,hybrid-reverse,97,helsgaun,97,21120.600000000006,21122.800000000007,21294
/Users/a/Ayanami/code/TSP/data/classic/tsplib/kroD100.tsp,hybrid-reverse,98,helsgaun,98,21130.200000000008,21130.200000000008,21294
/Users/a/Ayanami/code/TSP/data/classic/tsplib/kroD100.tsp,hybrid-reverse,99,helsgaun,99,21129.400000000005,21130.200000000008,21294
/Users/a/Ayanami/code/TSP/data/classic/tsplib/kroD100.tsp,hybrid-reverse,100,helsgaun,100,21134.800000000003,21134.800000000003,21294
/Users/a/Ayanami/code/TSP/data/classic/tsplib/kroD100.tsp,hybrid-reverse,101,helsgaun,101,21133.500000000007,21134.800000000003,21294
/Users/a/Ayanami/code/TSP/data/classic/tsplib/kroD100.tsp,hybrid-reverse,102,helsgaun,102,21135.150000000005,21135.150000000005,21294
/Users/a/Ayanami/code/TSP/data/classic/tsplib/kroD100.tsp,hybrid-reverse,103,helsgaun,103,21136.600000000006,21136.600000000006,21294
/Users/a/Ayanami/code/TSP/data/classic/tsplib/kroD100.tsp,hybrid-reverse,104,helsgaun,104,21137.175000000003,21137.175000000003,21294
/Users/a/Ayanami/code/TSP/data/classic/tsplib/kroD100.tsp,hybrid-reverse,105,helsgaun,105,21138.075000000008,21138.075000000008,21294
/Users/a/Ayanami/code/TSP/data/classic/tsplib/kroD100.tsp,hybrid-reverse,106,helsgaun,106,21138.300000000003,21138.300000000003,21294
/Users/a/Ayanami/code/TSP/data/classic/tsplib/kroD100.tsp,hybrid-reverse,107,helsgaun,107,21138.212500000005,21138.300000000003,21294
/Users/a/Ayanami/code/TSP/data/classic/tsplib/kroD100.tsp,hybrid-reverse,108,helsgaun,108,21138.243750000001,21138.300000000003,21294
/Users/a/Ayanami/code/TSP/data/classic/tsplib/kroD100.tsp,hybrid-reverse,109,helsgaun,109,21138.462500000005,21138.462500000005,21294
/Users/a/Ayanami/code/TSP/data/classic/tsplib/kroD100.tsp,hybrid-reverse,110,polyak,1,21138.462500000005,21138.462500000005,21294
/Users/a/Ayanami/code/TSP/data/classic/tsplib/kroD100.tsp,hybrid-reverse,111,polyak,2,18769.81875000002,21138.462500000005,21294
/Users/a/Ayanami/code/TSP/data/classic/tsplib/kroD100.tsp,hybrid-reverse,112,polyak,3,19725.181656504083,21138.462500000005,21294
/Users/a/Ayanami/code/TSP/data/classic/tsplib/kroD100.tsp,hybrid-reverse,113,polyak,4,18975.210371831683,21138.462500000005,21294
/Users/a/Ayanami/code/TSP/data/classic/tsplib/kroD100.tsp,hybrid-reverse,114,polyak,5,18848.664472280492,21138.462500000005,21294
/Users/a/Ayanami/code/TSP/data/classic/tsplib/kroD100.tsp,hybrid-reverse,115,polyak,6,18684.390434399815,21138.462500000005,21294
/Users/a/Ayanami/code/TSP/data/classic/tsplib/kroD100.tsp,hybrid-reverse,116,polyak,7,18748.45286830722,21138.462500000005,21294
/Users/a/Ayanami/code/TSP/data/classic/tsplib/kroD100.tsp,hybrid-reverse,117,polyak,8,18345.57813959022,21138.462500000005,21294
/Users/a/Ayanami/code/TSP/data/classic/tsplib/kroD100.tsp,hybrid-reverse,118,polyak,9,19011.009449328267,21138.462500000005,21294
/Users/a/Ayanami/code/TSP/data/classic/tsplib/kroD100.tsp,hybrid-reverse,119,polyak,10,19053.906350170335,21138.462500000005,21294
/Users/a/Ayanami/code/TSP/data/classic/tsplib/kroD100.tsp,hybrid-reverse,120,polyak,11,19451.306553815928,21138.462500000005,21294
/Users/a/Ayanami/code/TSP/data/classic/tsplib/kroD100.tsp,hybrid-reverse,121,polyak,12,19016.223370254891,21138.462500000005,21294
/Users/a/Ayanami/code/TSP/data/classic/tsplib/kroD100.tsp,hybrid-reverse,122,polyak,13,19310.696548856205,21138.462500000005,21294
/Users/a/Ayanami/code/TSP/data/classic/tsplib/kroD100.tsp,hybrid-reverse,123,polyak,14,19241.771847904016,21138.462500000005,21294
/Users/a/Ayanami/code/TSP/data/classic/tsplib/kroD100.tsp,hybrid-reverse,124,polyak,15,20183.236157588697,21138.462500000005,21294
/Users/a/Ayanami/code/TSP/data/classic/tsplib/kroD100.tsp,hybrid-reverse,125,polyak,16,20276.979540640703,21138.462500000005,21294
/Users/a/Ayanami/code/TSP/data/classic/tsplib/kroD100.tsp,hybrid-reverse,126,polyak,17,20555.796803353445,21138.462500000005,21294
/Users/a/Ayanami/code/TSP/data/classic/tsplib/kroD100.tsp,hybrid-reverse,127,polyak,18,20563.956251077278,21138.462500000005,21294
/Users/a/Ayanami/code/TSP/data/classic/tsplib/kroD100.tsp,hybrid-reverse,128,polyak,19,20626.242133056898,21138.462500000005,21294
/Users/a/Ayanami/code/TSP/data/classic/tsplib/kroD100.tsp,hybrid-reverse,129,polyak,20,20706.190174809515,21138.462500000005,21294
/Users/a/Ayanami/code/TSP/data/classic/tsplib/kroD100.tsp,hybrid-reverse,130,polyak,21,20437.580404610882,21138.462500000005,21294
/Users/a/Ayanami/code/TSP/data/classic/tsplib/kroD100.tsp,hybrid-reverse,131,polyak,22,20749.019290379969,21138.462500000005,21294
/Users/a/Ayanami/code/TSP/data/classic/tsplib/kroD100.tsp,hybrid-reverse,132,polyak,23,20787.847998172794,21138.462500000005,21294
/Users/a/Ayanami/code/TSP/data/classic/tsplib/kroD100.tsp,hybrid-reverse,133,polyak,24,20480.684358774819,21138.462500000005,21294
/Users/a/Ayanami/code/TSP/data/classic/tsplib/kroD100.tsp,hybrid-reverse,134,polyak,25,20764.184077994749,21138.462500000005,21294
/Users/a/Ayanami/code/TSP/data/classic/tsplib/kroD100.tsp,hybrid-reverse,135,polyak,26,20435.196581328466,21138.462500000005,21294
/Users/a/Ayanami/code/TSP/data/classic/tsplib/kroD100.tsp,hybrid-reverse,136,polyak,27,20825.746082042013,21138.462500000005,21294
/Users/a/Ayanami/code/TSP/data/classic/tsplib/kroD100.tsp,hybrid-reverse,137,polyak,28,20936.143008027415,21138.462500000005,21294
/Users/a/Ayanami/code/TSP/data/classic/tsplib/kroD100.tsp,hybrid-reverse,138,polyak,29,20983.000855083879,21138.462500000005,21294
/Users/a/Ayanami/code/TSP/data/classic/tsplib/kroD100.tsp,hybrid-reverse,139,polyak,30,20918.694319648068,21138.462500000005,21294
/Users/a/Ayanami/code/TSP/data/classic/tsplib/kroD100.tsp,hybrid-reverse,140,polyak,31,20932.800790406855,21138.462500000005,21294
/Users/a/Ayanami/code/TSP/data/classic/tsplib/kroD100.tsp,hybrid-reverse,141,polyak,32,20960.15564542617,21138.462500000005,21294
/Users/a/Ayanami/code/TSP/data/classic/tsplib/kroD100.tsp,hybrid-reverse,142,polyak,33,20950.702140185407,21138.462500000005,21294
/Users/a/Ayanami/code/TSP/data/classic/tsplib/kroD100.tsp,hybrid-reverse,143,polyak,34,20901.058172691588,21138.462500000005,21294
/Users/a/Ayanami/code/TSP/data/classic/tsplib/kroD100.tsp,hybrid-reverse,144,polyak,35,20996.661542248232,21138.462500000005,21294
/Users/a/Ayanami/code/TSP/data/classic/tsplib/kroD100.tsp,hybrid-reverse,145,polyak,36,20965.284906983979,21138.462500000005,21294
/Users/a/Ayanami/code/TSP/data/classic/tsplib/kroD100.tsp,hybrid-reverse,146,polyak,37,20933.081794843274,21138.462500000005,21294
/Users/a/Ayanami/code/TSP/data/classic/tsplib/kroD100.tsp,hybrid-reverse,147,polyak,38,20994.528566567078,21138.462500000005,21294
/Users/a/Ayanami/code/TSP/data/classic/tsplib/kroD100.tsp,hybrid-reverse,148,polyak,39,21040.853289399212,21138.462500000005,21294
/Users/a/Ayanami/code/TSP/data/classic/tsplib/kroD100.tsp,hybrid-reverse,149,polyak,40,21066.927360411079,21138.462500000005,21294
/Users/a/Ayanami/code/TSP/data/classic/tsplib/kroD100.tsp,hybrid-reverse,150,polyak,41,21039.460274047462,21138.462500000005,21294
/Users/a/Ayanami/code/TSP/data/classic/tsplib/kroD100.tsp,hybrid-reverse,151,polyak,42,21066.218287905183,21138.462500000005,21294
/Users/a/Ayanami/code/TSP/data/classic/tsplib/kroD100.tsp,hybrid-reverse,152,polyak,43,21047.975627218097,21138.462500000005,21294
/Users/a/Ayanami/code/TSP/data/classic/tsplib/kroD100.tsp,hybrid-reverse,153,polyak,44,21068.040089889691,21138.462500000005,21294
/Users/a/Ayanami/code/TSP/data/classic/tsplib/kroD100.tsp,hybrid-reverse,154,polyak,45,20994.571077468543,21138.462500000005,21294
/Users/a/Ayanami/code/TSP/data/classic/tsplib/kroD100.tsp,hybrid-reverse,155,polyak,46,21078.265179120048,21138.462500000005,21294
/Users/a/Ayanami/code/TSP/data/classic/tsplib/kroD100.tsp,hybrid-reverse,156,polyak,47,21010.204520194769,21138.462500000005,21294
/Users/a/Ayanami/code/TSP/data/classic/tsplib/kroD100.tsp,hybrid-reverse,157,polyak,48,21061.490275676631,21138.462500000005,21294
/Users/a/Ayanami/code/TSP/data/classic/tsplib/kroD100.tsp,hybrid-reverse,158,polyak,49,21067.344438476997,21138.462500000005,21294
/Users/a/Ayanami/code/TSP/data/classic/tsplib/kroD100.tsp,hybrid-reverse,159,polyak,50,21051.107452738728,21138.462500000005,21294
/Users/a/Ayanami/code/TSP/data/classic/tsplib/kroD100.tsp,hybrid-reverse,160,polyak,51,21089.232149884134,21138.462500000005,21294
/Users/a/Ayanami/code/TSP/data/classic/tsplib/kroD100.tsp,hybrid-reverse,161,polyak,52,21106.73406748852,21138.462500000005,21294
/Users/a/Ayanami/code/TSP/data/classic/tsplib/kroD100.tsp,hybrid-reverse,162,polyak,53,21094.69323201702,21138.462500000005,21294
/Users/a/Ayanami/code/TSP/data/classic/tsplib/kroD100.tsp,hybrid-reverse,163,polyak,54,21109.77350205262,21138.462500000005,21294
/Users/a/Ayanami/code/TSP/data/classic/tsplib/kroD100.tsp,hybrid-reverse,164,polyak,55,21075.139829778247,21138.462500000005,21294
/Users/a/Ayanami/code/TSP/data/classic/tsplib/kroD100.tsp,hybrid-reverse,165,polyak,56,21103.426391573335,21138.462500000005,21294
/Users/a/Ayanami/code/TSP/data/classic/tsplib/kroD100.tsp,hybrid-reverse,166,polyak,57,21104.046579751332,21138.462500000005,21294
/Users/a/Ayanami/code/TSP/data/classic/tsplib/kroD100.tsp,hybrid-reverse,167,polyak,58,21090.483283610629,21138.462500000005,21294
/Users/a/Ayanami/code/TSP/data/classic/tsplib/kroD100.tsp,hybrid-reverse,168,polyak,59,21101.753183091703,21138.462500000005,21294
/Users/a/Ayanami/code/TSP/data/classic/tsplib/kroD100.tsp,hybrid-reverse,169,polyak,60,21096.809076364065,21138.462500000005,21294
/Users/a/Ayanami/code/TSP/data/classic/tsplib/kroD100.tsp,hybrid-reverse,170,polyak,61,21098.632587501572,21138.462500000005,21294
/Users/a/Ayanami/code/TSP/data/classic/tsplib/kroD100.tsp,hybrid-reverse,171,polyak,62,21098.152450620611,21138.462500000005,21294
/Users/a/Ayanami/code/TSP/data/classic/tsplib/kroD100.tsp,hybrid-reverse,172,polyak,63,21117.552168930077,21138.462500000005,21294
/Users/a/Ayanami/code/TSP/data/classic/tsplib/kroD100.tsp,hybrid-reverse,173,polyak,64,21124.382481579727,21138.462500000005,21294
/Users/a/Ayanami/code/TSP/data/classic/tsplib/kroD100.tsp,hybrid-reverse,174,polyak,65,21118.400193709829,21138.462500000005,21294
/Users/a/Ayanami/code/TSP/data/classic/tsplib/kroD100.tsp,hybrid-reverse,175,polyak,66,21116.43300084255,21138.462500000005,21294
/Users/a/Ayanami/code/TSP/data/classic/tsplib/kroD100.tsp,hybrid-reverse,176,polyak,67,21124.540709669898,21138.462500000005,21294
/Users/a/Ayanami/code/TSP/data/classic/tsplib/kroD100.tsp,hybrid-reverse,177,polyak,68,21113.285427768526,21138.462500000005,21294
/Users/a/Ayanami/code/TSP/data/classic/tsplib/kroD100.tsp,hybrid-reverse,178,polyak,69,21123.520483313554,21138.462500000005,21294
/Users/a/Ayanami/code/TSP/data/classic/tsplib/kroD100.tsp,hybrid-reverse,179,polyak,70,21122.596706463071,21138.462500000005,21294
/Users/a/Ayanami/code/TSP/data/classic/tsplib/kroD100.tsp,hybrid-reverse,180,polyak,71,21116.452345371523,21138.462500000005,21294
/Users/a/Ayanami/code/TSP/data/classic/tsplib/kroD100.tsp,hybrid-reverse,181,polyak,72,21122.583465694184,21138.462500000005,21294
/Users/a/Ayanami/code/TSP/data/classic/tsplib/kroD100.tsp,hybrid-reverse,182,polyak,73,21119.968836462871,21138.462500000005,21294
/Users/a/Ayanami/code/TSP/data/classic/tsplib/kroD100.tsp,hybrid-reverse,183,polyak,74,21118.184869338962,21138.462500000005,21294
/Users/a/Ayanami/code/TSP/data/classic/tsplib/kroD100.tsp,hybrid-reverse,184,polyak,75,21132.65383867958,21138.462500000005,21294
/Users/a/Ayanami/code/TSP/data/classic/tsplib/kroD100.tsp,hybrid-reverse,185,polyak,76,21123.143872035515,21138.462500000005,21294
/Users/a/Ayanami/code/TSP/data/classic/tsplib/kroD100.tsp,hybrid-reverse,186,polyak,77,21130.56518564593,21138.462500000005,21294
/Users/a/Ayanami/code/TSP/data/classic/tsplib/kroD100.tsp,hybrid-reverse,187,polyak,78,21125.237816927878,21138.462500000005,21294
/Users/a/Ayanami/code/TSP/data/classic/tsplib/kroD100.tsp,hybrid-reverse,188,polyak,79,21134.136773041693,21138.462500000005,21294
/Users/a/Ayanami/code/TSP/data/classic/tsplib/kroD100.tsp,hybrid-reverse,189,polyak,80,21123.47363920508,21138.462500000005,21294
/Users/a/Ayanami/code/TSP/data/classic/tsplib/kroD100.tsp,hybrid-reverse,190,polyak,81,21133.839451328284,21138.462500000005,21294
/Users/a/Ayanami/code/TSP/data/classic/tsplib/kroD100.tsp,hybrid-reverse,191,polyak,82,21129.791554138217,21138.462500000005,21294
/Users/a/Ayanami/code/TSP/data/classic/tsplib/kroD100.tsp,hybrid-reverse,192,polyak,83,21128.877148516043,21138.462500000005,21294
/Users/a/Ayanami/code/TSP/data/classic/tsplib/kroD100.tsp,hybrid-reverse,193,polyak,84,21132.947028057479,21138.462500000005,21294
/Users/a/Ayanami/code/TSP/data/classic/tsplib/kroD100.tsp,hybrid-reverse,194,polyak,85,21128.390856639067,21138.462500000005,21294
/Users/a/Ayanami/code/TSP/data/classic/tsplib/kroD100.tsp,hybrid-reverse,195,polyak,86,21132.499486637353,21138.462500000005,21294
/Users/a/Ayanami/code/TSP/data/classic/tsplib/kroD100.tsp,hybrid-reverse,196,polyak,87,21136.754627107057,21138.462500000005,21294
/Users/a/Ayanami/code/TSP/data/classic/tsplib/kroD100.tsp,hybrid-reverse,197,polyak,88,21135.183921711203,21138.462500000005,21294
/Users/a/Ayanami/code/TSP/data/classic/tsplib/kroD100.tsp,hybrid-reverse,198,polyak,89,21134.841853659327,21138.462500000005,21294
/Users/a/Ayanami/code/TSP/data/classic/tsplib/kroD100.tsp,hybrid-reverse,199,polyak,90,21136.510319285026,21138.462500000005,21294
/Users/a/Ayanami/code/TSP/data/classic/tsplib/kroD100.tsp,hybrid-reverse,200,polyak,91,21136.22942079452,21138.462500000005,21294
/Users/a/Ayanami/code/TSP/data/classic/tsplib/kroD100.tsp,hybrid-reverse,201,polyak,92,21136.2272889054,21138.462500000005,21294
/Users/a/Ayanami/code/TSP/data/classic/tsplib/kroD100.tsp,hybrid-reverse,202,polyak,93,21136.229387483756,21138.462500000005,21294
/Users/a/Ayanami/code/TSP/data/classic/tsplib/kroD100.tsp,hybrid-reverse,203,polyak,94,21136.227321695689,21138.462500000005,21294
/Users/a/Ayanami/code/TSP/data/classic/tsplib/kroD100.tsp,hybrid-reverse,204,polyak,95,21136.229355205811,21138.462500000005,21294
/Users/a/Ayanami/code/TSP/data/classic/tsplib/kroD100.tsp,hybrid-reverse,205,polyak,96,21136.227353469279,21138.462500000005,21294
/Users/a/Ayanami/code/TSP/data/classic/tsplib/kroD100.tsp,hybrid-reverse,206,polyak,97,21136.229323928677,21138.462500000005,21294
/Users/a/Ayanami/code/TSP/data/classic/tsplib/kroD100.tsp,hybrid-reverse,207,polyak,98,21136.227384257712,21138.462500000005,21294
/Users/a/Ayanami/code/TSP/data/classic/tsplib/kroD100.tsp,hybrid-reverse,208,polyak,99,21139.679911115691,21139.679911115691,21294
/Users/a/Ayanami/code/TSP/data/classic/tsplib/kroD100.tsp,hybrid-reverse,209,polyak,100,21137.005771103381,21139.679911115691,21294
/Users/a/Ayanami/code/TSP/data/classic/tsplib/kroD100.tsp,hybrid-reverse,210,polyak,101,21139.45127772199,21139.679911115691,21294
/Users/a/Ayanami/code/TSP/data/classic/tsplib/kroD100.tsp,hybrid-reverse,211,polyak,102,21137.753433011345,21139.679911115691,21294
/Users/a/Ayanami/code/TSP/data/classic/tsplib/kroD100.tsp,hybrid-reverse,212,polyak,103,21139.388017687907,21139.679911115691,21294
/Users/a/Ayanami/code/TSP/data/classic/tsplib/kroD100.tsp,hybrid-reverse,213,polyak,104,21139.020669897393,21139.679911115691,21294
/Users/a/Ayanami/code/TSP/data/classic/tsplib/kroD100.tsp,hybrid-reverse,214,polyak,105,21138.341118659209,21139.679911115691,21294
/Users/a/Ayanami/code/TSP/data/classic/tsplib/kroD100.tsp,hybrid-reverse,215,polyak,106,21139.029208768181,21139.679911115691,21294
/Users/a/Ayanami/code/TSP/data/classic/tsplib/kroD100.tsp,hybrid-reverse,216,polyak,107,21139.011624844719,21139.679911115691,21294
/Users/a/Ayanami/code/TSP/data/classic/tsplib/kroD100.tsp,hybrid-reverse,217,polyak,108,21138.475547037422,21139.679911115691,21294
/Users/a/Ayanami/code/TSP/data/classic/tsplib/kroD100.tsp,hybrid-reverse,218,polyak,109,21139.180968107412,21139.679911115691,21294
/Users/a/Ayanami/code/TSP/data/classic/tsplib/kroD100.tsp,hybrid-reverse,219,polyak,110,21139.300900960181,21139.679911115691,21294
/Users/a/Ayanami/code/TSP/data/classic/tsplib/kroD100.tsp,hybrid-reverse,220,polyak,111,21138.434138021141,21139.679911115691,21294
/Users/a/Ayanami/code/TSP/data/classic/tsplib/kroD100.tsp,hybrid-reverse,221,polyak,112,21139.311441182155,21139.679911115691,21294
/Users/a/Ayanami/code/TSP/data/classic/tsplib/kroD100.tsp,hybrid-reverse,222,polyak,113,21140.778043693914,21140.778043693914,21294
/Users/a/Ayanami/code/TSP/data/classic/tsplib/kroD100.tsp,hybrid-reverse,223,polyak,114,21139.133757015003,21140.778043693914,21294
/Users/a/Ayanami/code/TSP/data/classic/tsplib/kroD100.tsp,hybrid-reverse,224,polyak,115,21140.793768144456,21140.793768144456,21294
/Users/a/Ayanami/code/TSP/data/classic/tsplib/kroD100.tsp,hybrid-reverse,225,polyak,116,21139.54957837152,21140.793768144456,21294
/Users/a/Ayanami/code/TSP/data/classic/tsplib/kroD100.tsp,hybrid-reverse,226,polyak,117,21140.306898808223,21140.793768144456,21294
/Users/a/Ayanami/code/TSP/data/classic/tsplib/kroD100.tsp,hybrid-reverse,227,polyak,118,21140.441030807844,21140.793768144456,21294
/Users/a/Ayanami/code/TSP/data/classic/tsplib/kroD100.tsp,hybrid-reverse,228,polyak,119,21139.798123524975,21140.793768144456,21294
/Users/a/Ayanami/code/TSP/data/classic/tsplib/kroD100.tsp,hybrid-reverse,229,polyak,120,21140.408369224224,21140.793768144456,21294
/Users/a/Ayanami/code/TSP/data/classic/tsplib/kroD100.tsp,hybrid-reverse,230,polyak,121,21139.801720047137,21140.793768144456,21294
/Users/a/Ayanami/code/TSP/data/classic/tsplib/kroD100.tsp,hybrid-reverse,231,polyak,122,21140.53541483912,21140.793768144456,21294
/Users/a/Ayanami/code/TSP/data/classic/tsplib/kroD100.tsp,hybrid-reverse,232,polyak,123,21139.845582875103,21140.793768144456,21294
/Users/a/Ayanami/code/TSP/data/classic/tsplib/kroD100.tsp,hybrid-reverse,233,polyak,124,21140.532720183004,21140.793768144456,21294
/Users/a/Ayanami/code/TSP/data/classic/tsplib/kroD100.tsp,hybrid-reverse,234,polyak,125,21139.848267005214,21140.793768144456,21294
/Users/a/Ayanami/code/TSP/data/classic/tsplib/kroD100.tsp,hybrid-reverse,235,polyak,126,21140.53004653778,21140.793768144456,21294
/Users/a/Ayanami/code/TSP/data/classic/tsplib/kroD100.tsp,hybrid-reverse,236,polyak,127,21139.85093020651,21140.793768144456,21294
/Users/a/Ayanami/code/TSP/data/classic/tsplib/kroD100.tsp,hybrid-reverse,237,polyak,128,21140.527393739616,21140.793768144456,21294
/Users/a/Ayanami/code/TSP/data/classic/tsplib/kroD100.tsp,hybrid-reverse,238,polyak,129,21141.030645710998,21141.030645710998,21294
/Users/a/Ayanami/code/TSP/data/classic/tsplib/kroD100.tsp,hybrid-reverse,239,polyak,130,21140.564865235858,21141.030645710998,21294
/Users/a/Ayanami/code/TSP/data/classic/tsplib/kroD100.tsp,hybrid-reverse,240,polyak,131,21141.029097591818,21141.030645710998,21294
/Users/a/Ayanami/code/TSP/data/classic/tsplib/kroD100.tsp,hybrid-reverse,241,polyak,132,21140.594132205853,21141.030645710998,21294
/Users/a/Ayanami/code/TSP/data/classic/tsplib/kroD100.tsp,hybrid-reverse,242,polyak,133,21141.02367950523,21141.030645710998,21294
/Users/a/Ayanami/code/TSP/data/classic/tsplib/kroD100.tsp,hybrid-reverse,243,polyak,134,21140.574168926134,21141.030645710998,21294
/Users/a/Ayanami/code/TSP/data/classic/tsplib/kroD100.tsp,hybrid-reverse,244,polyak,135,21141.195889313902,21141.195889313902,21294
/Users/a/Ayanami/code/TSP/data/classic/tsplib/kroD100.tsp,hybrid-reverse,245,polyak,136,21140.587893583132,21141.195889313902,21294
/Users/a/Ayanami/code/TSP/data/classic/tsplib/kroD100.tsp,hybrid-reverse,246,polyak,137,21140.896228634308,21141.195889313902,21294
/Users/a/Ayanami/code/TSP/data/classic/tsplib/kroD100.tsp,hybrid-reverse,247,polyak,138,21140.61669192398,21141.195889313902,21294
/Users/a/Ayanami/code/TSP/data/classic/tsplib/kroD100.tsp,hybrid-reverse,248,polyak,139,21140.987667447891,21141.195889313902,21294
/Users/a/Ayanami/code/TSP/data/classic/tsplib/kroD100.tsp,hybrid-reverse,249,polyak,140,21140.91934692681,21141.195889313902,21294
/Users/a/Ayanami/code/TSP/data/classic/tsplib/kroD100.tsp,hybrid-reverse,250,polyak,141,21140.601184025123,21141.195889313902,21294
/Users/a/Ayanami/code/TSP/data/classic/tsplib/kroD100.tsp,hybrid-reverse,251,polyak,142,21141.049662783636,21141.195889313902,21294
/Users/a/Ayanami/code/TSP/data/classic/tsplib/kroD100.tsp,hybrid-reverse,252,polyak,143,21140.550771292539,21141.195889313902,21294
/Users/a/Ayanami/code/TSP/data/classic/tsplib/kroD100.tsp,hybrid-reverse,253,polyak,144,21141.171407513266,21141.195889313902,21294
/Users/a/Ayanami/code/TSP/data/classic/tsplib/kroD100.tsp,hybrid-reverse,254,polyak,145,21140.433601313118,21141.195889313902,21294
/Users/a/Ayanami/code/TSP/data/classic/tsplib/kroD100.tsp,hybrid-reverse,255,polyak,146,21141.12462673616,21141.195889313902,21294
/Users/a/Ayanami/code/TSP/data/classic/tsplib/kroD100.tsp,hybrid-reverse,256,polyak,147,21140.727090933713,21141.195889313902,21294
/Users/a/Ayanami/code/TSP/data/classic/tsplib/kroD100.tsp,hybrid-reverse,257,polyak,148,21140.813243048706,21141.195889313902,21294
/Users/a/Ayanami/code/TSP/data/classic/tsplib/kroD100.tsp,hybrid-reverse,258,polyak,149,21141.077530795399,21141.195889313902,21294
/Users/a/Ayanami/code/TSP/data/classic/tsplib/kroD100.tsp,hybrid-reverse,259,polyak,150,21141.065935763556,21141.195889313902,21294
/Users/a/Ayanami/code/TSP/data/classic/tsplib/kroD100.tsp,hybrid-reverse,260,polyak,151,21141.246517781554,21141.246517781554,21294
/Users/a/Ayanami/code/TSP/data/classic/tsplib/kroD100.tsp,hybrid-reverse,261,polyak,152,21141.09942608347,21141.246517781554,21294
/Users/a/Ayanami/code/TSP/data/classic/tsplib/kroD100.tsp,hybrid-reverse,262,polyak,153,21141.246374137318,21141.246517781554,21294
/Users/a/Ayanami/code/TSP/data/classic/tsplib/kroD100.tsp,hybrid-reverse,263,polyak,154,21141.09956958743,21141.246517781554,21294
/Users/a/Ayanami/code/TSP/data/classic/tsplib/kroD100.tsp,hybrid-reverse,264,polyak,155,21141.246230773504,21141.246517781554,21294
/Users/a/Ayanami/code/TSP/data/classic/tsplib/kroD100.tsp,hybrid-reverse,265,polyak,156,21141.099712811247,21141.246517781554,21294
/Users/a/Ayanami/code/TSP/data/classic/tsplib/kroD100.tsp,hybrid-reverse,266,polyak,157,21141.246087689549,21141.246517781554,21294
/Users/a/Ayanami/code/TSP/data/classic/tsplib/kroD100.tsp,hybrid-reverse,267,polyak,158,21141.099855755456,21141.246517781554,21294
/Users/a/Ayanami/code/TSP/data/classic/tsplib/kroD100.tsp,hybrid-reverse,268,polyak,159,21141.245944884929,21141.246517781554,21294
/Users/a/Ayanami/code/TSP/data/classic/tsplib/kroD100.tsp,hybrid-reverse,269,polyak,160,21141.099998420628,21141.246517781554,21294
/Users/a/Ayanami/code/TSP/data/classic/tsplib/kroD100.tsp,hybrid-reverse,270,polyak,161,21141.245802359088,21141.246517781554,21294
/Users/a/Ayanami/code/TSP/data/classic/tsplib/kroD100.tsp,hybrid-reverse,271,polyak,162,21141.100140807288,21141.246517781554,21294
/Users/a/Ayanami/code/TSP/data/classic/tsplib/kroD100.tsp,hybrid-reverse,272,polyak,163,21141.245660111468,21141.246517781554,21294
/Users/a/Ayanami/code/TSP/data/classic/tsplib/kroD100.tsp,hybrid-reverse,273,polyak,164,21141.100282915977,21141.246517781554,21294
/Users/a/Ayanami/code/TSP/data/classic/tsplib/kroD100.tsp,hybrid-reverse,274,polyak,165,21141.390758772242,21141.390758772242,21294
/Users/a/Ayanami/code/TSP/data/classic/tsplib/kroD100.tsp,hybrid-reverse,275,polyak,166,21141.282283590452,21141.390758772242,21294
/Users/a/Ayanami/code/TSP/data/classic/tsplib/kroD100.tsp,hybrid-reverse,276,polyak,167,21141.390705805843,21141.390758772242,21294
/Users/a/Ayanami/code/TSP/data/classic/tsplib/kroD100.tsp,hybrid-reverse,277,polyak,168,21141.282336530981,21141.390758772242,21294
/Users/a/Ayanami/code/TSP/data/classic/tsplib/kroD100.tsp,hybrid-reverse,278,polyak,169,21141.390652891154,21141.390758772242,21294
/Users/a/Ayanami/code/TSP/data/classic/tsplib/kroD100.tsp,hybrid-reverse,279,polyak,170,21141.28238941983,21141.390758772242,21294
/Users/a/Ayanami/code/TSP/data/classic/tsplib/kroD100.tsp,hybrid-reverse,280,polyak,171,21141.390600028139,21141.390758772242,21294
/Users/a/Ayanami/code/TSP/data/classic/tsplib/kroD100.tsp,hybrid-reverse,281,polyak,172,21141.282442257045,21141.390758772242,21294
/Users/a/Ayanami/code/TSP/data/classic/tsplib/kroD100.tsp,hybrid-reverse,282,polyak,173,21141.390547216721,21141.390758772242,21294
/Users/a/Ayanami/code/TSP/data/classic/tsplib/kroD100.tsp,hybrid-reverse,283,polyak,174,21141.282495042666,21141.390758772242,21294
/Users/a/Ayanami/code/TSP/data/classic/tsplib/kroD100.tsp,hybrid-reverse,284,polyak,175,21141.390494456871,21141.390758772242,21294
/Users/a/Ayanami/code/TSP/data/classic/tsplib/kroD100.tsp,hybrid-reverse,285,polyak,176,21141.282547776751,21141.390758772242,21294
/Users/a/Ayanami/code/TSP/data/classic/tsplib/kroD100.tsp,hybrid-reverse,286,polyak,177,21141.390441748532,21141.390758772242,21294
/Users/a/Ayanami/code/TSP/data/classic/tsplib/kroD100.tsp,hybrid-reverse,287,polyak,178,21141.282600459355,21141.390758772242,21294
/Users/a/Ayanami/code/TSP/data/classic/tsplib/kroD100.tsp,hybrid-reverse,288,polyak,179,21141.437439594185,21141.437439594185,21294
/Users/a/Ayanami/code/TSP/data/classic/tsplib/kroD100.tsp,hybrid-reverse,289,polyak,180,21141.385198243672,21141.437439594185,21294
/Users/a/Ayanami/code/TSP/data/classic/tsplib/kroD100.tsp,hybrid-reverse,290,polyak,181,21141.443664699618,21141.443664699618,21294
/Users/a/Ayanami/code/TSP/data/classic/tsplib/kroD100.tsp,hybrid-reverse,291,polyak,182,21141.385215505587,21141.443664699618,21294
/Users/a/Ayanami/code/TSP/data/classic/tsplib/kroD100.tsp,hybrid-reverse,292,polyak,183,21141.43443004003,21141.443664699618,21294
/Users/a/Ayanami/code/TSP/data/classic/tsplib/kroD100.tsp,hybrid-reverse,293,polyak,184,21141.411795443262,21141.443664699618,21294
/Users/a/Ayanami/code/TSP/data/classic/tsplib/kroD100.tsp,hybrid-reverse,294,polyak,185,21141.418077145721,21141.443664699618,21294
/Users/a/Ayanami/code/TSP/data/classic/tsplib/kroD100.tsp,hybrid-reverse,295,polyak,186,21141.447731888125,21141.447731888125,21294
/Users/a/Ayanami/code/TSP/data/classic/tsplib/kroD100.tsp,hybrid-reverse,296,polyak,187,21141.373144095454,21141.447731888125,21294
/Users/a/Ayanami/code/TSP/data/classic/tsplib/kroD100.tsp,hybrid-reverse,297,polyak,188,21141.461337271481,21141.461337271481,21294
/Users/a/Ayanami/code/TSP/data/classic/tsplib/kroD100.tsp,hybrid-reverse,298,polyak,189,21141.363614855938,21141.461337271481,21294
/Users/a/Ayanami/code/TSP/data/classic/tsplib/kroD100.tsp,hybrid-reverse,299,polyak,190,21141.471505863454,21141.471505863454,21294
/Users/a/Ayanami/code/TSP/data/classic/tsplib/kroD100.tsp,hybrid-reverse,300,polyak,191,21141.362313706002,21141.471505863454,21294
/Users/a/Ayanami/code/TSP/data/classic/tsplib/kroD100.tsp,hybrid-reverse,301,polyak,192,21141.463527700773,21141.471505863454,21294
/Users/a/Ayanami/code/TSP/data/classic/tsplib/kroD100.tsp,hybrid-reverse,302,polyak,193,21141.394411364097,21141.471505863454,21294
/Users/a/Ayanami/code/TSP/data/classic/tsplib/kroD100.tsp,hybrid-reverse,303,polyak,194,21141.437058384017,21141.471505863454,21294
/Users/a/Ayanami/code/TSP/data/classic/tsplib/kroD100.tsp,hybrid-reverse,304,polyak,195,21141.397637979058,21141.471505863454,21294
/Users/a/Ayanami/code/TSP/data/classic/tsplib/kroD100.tsp,hybrid-reverse,305,polyak,196,21141.451614127276,21141.471505863454,21294
/Users/a/Ayanami/code/TSP/data/classic/tsplib/kroD100.tsp,hybrid-reverse,306,polyak,197,21141.375463606695,21141.471505863454,21294
/Users/a/Ayanami/code/TSP/data/classic/tsplib/kroD100.tsp,hybrid-reverse,307,polyak,198,21141.469976798158,21141.471505863454,21294
/Users/a/Ayanami/code/TSP/data/classic/tsplib/kroD100.tsp,hybrid-reverse,308,polyak,199,21141.353870518175,21141.471505863454,21294
/Users/a/Ayanami/code/TSP/data/classic/tsplib/kroD100.tsp,hybrid-reverse,309,polyak,200,21141.448934002918,21141.471505863454,21294
/Users/a/Ayanami/code/TSP/data/classic/tsplib/kroD100.tsp,hybrid-reverse,310,polyak,201,21141.399026904524,21141.471505863454,21294
/Users/a/Ayanami/code/TSP/data/classic/tsplib/kroD100.tsp,hybrid-reverse,311,polyak,202,21141.428435573012,21141.471505863454,21294
/Users/a/Ayanami/code/TSP/data/classic/tsplib/kroD100.tsp,hybrid-reverse,312,polyak,203,21141.401677133344,21141.471505863454,21294
/Users/a/Ayanami/code/TSP/data/classic/tsplib/kroD100.tsp,hybrid-reverse,313,polyak,204,21141.446181641313,21141.471505863454,21294
/Users/a/Ayanami/code/TSP/data/classic/tsplib/kroD100.tsp,hybrid-reverse,314,polyak,205,21141.451833111809,21141.471505863454,21294
/Users/a/Ayanami/code/TSP/data/classic/tsplib/kroD100.tsp,hybrid-reverse,315,polyak,206,21141.444386195166,21141.471505863454,21294
/Users/a/Ayanami/code/TSP/data/classic/tsplib/kroD100.tsp,hybrid-reverse,316,polyak,207,21141.470541711285,21141.471505863454,21294
/Users/a/Ayanami/code/TSP/data/classic/tsplib/kroD100.tsp,hybrid-reverse,317,polyak,208,21141.447584275054,21141.471505863454,21294
/Users/a/Ayanami/code/TSP/data/classic/tsplib/kroD100.tsp,hybrid-reverse,318,polyak,209,21141.469534359087,21141.471505863454,21294
/Users/a/Ayanami/code/TSP/data/classic/tsplib/kroD100.tsp,hybrid-reverse,319,polyak,210,21141.446995627161,21141.471505863454,21294
/Users/a/Ayanami/code/TSP/data/classic/tsplib/kroD100.tsp,hybrid-reverse,320,polyak,211,21141.476001004692,21141.476001004692,21294
/Users/a/Ayanami/code/TSP/data/classic/tsplib/kroD100.tsp,hybrid-reverse,321,polyak,212,21141.439144884647,21141.476001004692,21294
/Users/a/Ayanami/code/TSP/data/classic/tsplib/kroD100.tsp,hybrid-reverse,322,polyak,213,21141.477268487844,21141.477268487844,21294
/Users/a/Ayanami/code/TSP/data/classic/tsplib/kroD100.tsp,hybrid-reverse,323,polyak,214,21141.451979141471,21141.477268487844,21294
/Users/a/Ayanami/code/TSP/data/classic/tsplib/kroD100.tsp,hybrid-reverse,324,polyak,215,21141.458483360922,21141.477268487844,21294
/Users/a/Ayanami/code/TSP/data/classic/tsplib/kroD100.tsp,hybrid-reverse,325,polyak,216,21141.459504590006,21141.477268487844,21294
/Users/a/Ayanami/code/TSP/data/classic/tsplib/kroD100.tsp,hybrid-reverse,326,polyak,217,21141.467698321921,21141.477268487844,21294
/Users/a/Ayanami/code/TSP/data/classic/tsplib/kroD100.tsp,hybrid-reverse,327,polyak,218,21141.445857524599,21141.477268487844,21294
/Users/a/Ayanami/code/TSP/data/classic/tsplib/kroD100.tsp,hybrid-reverse,328,polyak,219,21141.468190220916,21141.477268487844,21294
/Users/a/Ayanami/code/TSP/data/classic/tsplib/kroD100.tsp,hybrid-reverse,329,polyak,220,21141.455074491281,21141.477268487844,21294
/Users/a/Ayanami/code/TSP/data/classic/tsplib/kroD100.tsp,hybrid-reverse,330,polyak,221,21141.460426126214,21141.477268487844,21294
/Users/a/Ayanami/code/TSP/data/classic/tsplib/kroD100.tsp,hybrid-reverse,331,polyak,222,21141.455616123549,21141.477268487844,21294
/Users/a/Ayanami/code/TSP/data/classic/tsplib/kroD100.tsp,hybrid-reverse,332,polyak,223,21141.469640217358,21141.477268487844,21294
/Users/a/Ayanami/code/TSP/data/classic/tsplib/kroD100.tsp,hybrid-reverse,333,polyak,224,21141.445991735189,21141.477268487844,21294
/Users/a/Ayanami/code/TSP/data/classic/tsplib/kroD100.tsp,hybrid-reverse,334,polyak,225,21141.472099060855,21141.477268487844,21294
/Users/a/Ayanami/code/TSP/data/classic/tsplib/kroD100.tsp,hybrid-reverse,335,polyak,226,21141.441998670674,21141.477268487844,21294
/Users/a/Ayanami/code/TSP/data/classic/tsplib/kroD100.tsp,hybrid-reverse,336,polyak,227,21141.478259035706,21141.478259035706,21294
/Users/a/Ayanami/code/TSP/data/classic/tsplib/kroD100.tsp,hybrid-reverse,337,polyak,228,21141.478299676783,21141.478299676783,21294
/Users/a/Ayanami/code/TSP/data/classic/tsplib/kroD100.tsp,hybrid-reverse,338,polyak,229,21141.479307417114,21141.479307417114,21294
/Users/a/Ayanami/code/TSP/data/classic/tsplib/kroD100.tsp,hybrid-reverse,339,polyak,230,21141.47695331776,21141.479307417114,21294
/Users/a/Ayanami/code/TSP/data/classic/tsplib/kroD100.tsp,hybrid-reverse,340,polyak,231,21141.484986026873,21141.484986026873,21294
/Users/a/Ayanami/code/TSP/data/classic/tsplib/kroD100.tsp,hybrid-reverse,341,polyak,232,21141.472768230931,21141.484986026873,21294
/Users/a/Ayanami/code/TSP/data/classic/tsplib/kroD100.tsp,hybrid-reverse,342,polyak,233,21141.486329731626,21141.486329731626,21294
/Users/a/Ayanami/code/TSP/data/classic/tsplib/kroD100.tsp,hybrid-reverse,343,polyak,234,21141.476620489935,21141.486329731626,21294
/Users/a/Ayanami/code/TSP/data/classic/tsplib/kroD100.tsp,hybrid-reverse,344,polyak,235,21141.480120060311,21141.486329731626,21294
/Users/a/Ayanami/code/TSP/data/classic/tsplib/kroD100.tsp,hybrid-reverse,345,polyak,236,21141.478606950386,21141.486329731626,21294
/Users/a/Ayanami/code/TSP/data/classic/tsplib/kroD100.tsp,hybrid-reverse,346,polyak,237,21141.479518338248,21141.486329731626,21294
/Users/a/Ayanami/code/TSP/data/classic/tsplib/kroD100.tsp,hybrid-reverse,347,polyak,238,21141.48245850678,21141.486329731626,21294
/Users/a/Ayanami/code/TSP/data/classic/tsplib/kroD100.tsp,hybrid-reverse,348,polyak,239,21141.475255340996,21141.486329731626,21294
/Users/a/Ayanami/code/TSP/data/classic/tsplib/kroD100.tsp,hybrid-reverse,349,polyak,240,21141.483315864891,21141.486329731626,21294
/Users/a/Ayanami/code/TSP/data/classic/tsplib/kroD100.tsp,hybrid-reverse,350,polyak,241,21141.482917843357,21141.486329731626,21294
/Users/a/Ayanami/code/TSP/data/classic/tsplib/kroD100.tsp,hybrid-reverse,351,polyak,242,21141.472525653218,21141.486329731626,21294
/Users/a/Ayanami/code/TSP/data/classic/tsplib/kroD100.tsp,hybrid-reverse,352,polyak,243,21141.486041934379,21141.486329731626,21294
/Users/a/Ayanami/code/TSP/data/classic/tsplib/kroD100.tsp,hybrid-reverse,353,polyak,244,21141.473094176574,21141.486329731626,21294
/Users/a/Ayanami/code/TSP/data/classic/tsplib/kroD100.tsp,hybrid-reverse,354,polyak,245,21141.486041144115,21141.486329731626,21294
/Users/a/Ayanami/code/TSP/data/classic/tsplib/kroD100.tsp,hybrid-reverse,355,polyak,246,21141.47309496679,21141.486329731626,21294
/Users/a/Ayanami/code/TSP/data/classic/tsplib/kroD100.tsp,hybrid-reverse,356,polyak,247,21141.493518985597,21141.493518985597,21294
/Users/a/Ayanami/code/TSP/data/classic/tsplib/kroD100.tsp,hybrid-reverse,357,polyak,248,21141.48604929807,21141.493518985597,21294
/Users/a/Ayanami/code/TSP/data/classic/tsplib/kroD100.tsp,hybrid-reverse,358,polyak,249,21141.493518757638,21141.493518985597,21294
/Users/a/Ayanami/code/TSP/data/classic/tsplib/kroD100.tsp,hybrid-reverse,359,polyak,250,21141.486049526022,21141.493518985597,21294
/Users/a/Ayanami/code/TSP/data/classic/tsplib/kroD100.tsp,hybrid-reverse,360,polyak,251,21141.4935185297,21141.493518985597,21294
/Users/a/Ayanami/code/TSP/data/classic/tsplib/kroD100.tsp,hybrid-reverse,361,polyak,252,21141.486049753952,21141.493518985597,21294
/Users/a/Ayanami/code/TSP/data/classic/tsplib/kroD100.tsp,hybrid-reverse,362,polyak,253,21141.493518301766,21141.493518985597,21294
/Users/a/Ayanami/code/TSP/data/classic/tsplib/kroD100.tsp,hybrid-reverse,363,polyak,254,21141.486049981882,21141.493518985597,21294
/Users/a/Ayanami/code/TSP/data/classic/tsplib/kroD100.tsp,hybrid-reverse,364,polyak,255,21141.493518073847,21141.493518985597,21294
/Users/a/Ayanami/code/TSP/data/classic/tsplib/kroD100.tsp,hybrid-reverse,365,polyak,256,21141.486050209776,21141.493518985597,21294
/Users/a/Ayanami/code/TSP/data/classic/tsplib/kroD100.tsp,hybrid-reverse,366,polyak,257,21141.493517845953,21141.493518985597,21294
/Users/a/Ayanami/code/TSP/data/classic/tsplib/kroD100.tsp,hybrid-reverse,367,polyak,258,21141.486050437677,21141.493518985597,21294
/Users/a/Ayanami/code/TSP/data/classic/tsplib/kroD100.tsp,hybrid-reverse,368,polyak,259,21141.493517618059,21141.493518985597,21294
/Users/a/Ayanami/code/TSP/data/classic/tsplib/kroD100.tsp,hybrid-reverse,369,polyak,260,21141.48605066556,21141.493518985597,21294
/Users/a/Ayanami/code/TSP/data/classic/tsplib/kroD100.tsp,hybrid-reverse,370,polyak,261,21141.494211562112,21141.494211562112,21294
/Users/a/Ayanami/code/TSP/data/classic/tsplib/kroD100.tsp,hybrid-reverse,371,polyak,262,21141.493826052792,21141.494211562112,21294
/Users/a/Ayanami/code/TSP/data/classic/tsplib/kroD100.tsp,hybrid-reverse,372,polyak,263,21141.496618200916,21141.496618200916,21294
/Users/a/Ayanami/code/TSP/data/classic/tsplib/kroD100.tsp,hybrid-reverse,373,polyak,264,21141.491794085403,21141.496618200916,21294
/Users/a/Ayanami/code/TSP/data/classic/tsplib/kroD100.tsp,hybrid-reverse,374,polyak,265,21141.496486030559,21141.496618200916,21294
/Users/a/Ayanami/code/TSP/data/classic/tsplib/kroD100.tsp,hybrid-reverse,375,polyak,266,21141.491780855198,21141.496618200916,21294
/Users/a/Ayanami/code/TSP/data/classic/tsplib/kroD100.tsp,hybrid-reverse,376,polyak,267,21141.497531869201,21141.497531869201,21294
/Users/a/Ayanami/code/TSP/data/classic/tsplib/kroD100.tsp,hybrid-reverse,377,polyak,268,21141.494334892192,21141.497531869201,21294
/Users/a/Ayanami/code/TSP/data/classic/tsplib/kroD100.tsp,hybrid-reverse,378,polyak,269,21141.494183207902,21141.497531869201,21294
/Users/a/Ayanami/code/TSP/data/classic/tsplib/kroD100.tsp,hybrid-reverse,379,polyak,270,21141.495356474683,21141.497531869201,21294
/Users/a/Ayanami/code/TSP/data/classic/tsplib/kroD100.tsp,hybrid-reverse,380,polyak,271,21141.493650581571,21141.497531869201,21294
/Users/a/Ayanami/code/TSP/data/classic/tsplib/kroD100.tsp,hybrid-reverse,381,polyak,272,21141.49688816534,21141.497531869201,21294
/Users/a/Ayanami/code/TSP/data/classic/tsplib/kroD100.tsp,hybrid-reverse,382,polyak,273,21141.492247452694,21141.497531869201,21294
/Users/a/Ayanami/code/TSP/data/classic/tsplib/kroD100.tsp,hybrid-reverse,383,polyak,274,21141.496556232312,21141.497531869201,21294
/Users/a/Ayanami/code/TSP/data/classic/tsplib/kroD100.tsp,hybrid-reverse,384,polyak,275,21141.494328172968,21141.497531869201,21294
/Users/a/Ayanami/code/TSP/data/classic/tsplib/kroD100.tsp,hybrid-reverse,385,polyak,276,21141.495104807283,21141.497531869201,21294
/Users/a/Ayanami/code/TSP/data/classic/tsplib/kroD100.tsp,hybrid-reverse,386,polyak,277,21141.49447092765,21141.497531869201,21294
/Users/a/Ayanami/code/TSP/data/classic/tsplib/kroD100.tsp,hybrid-reverse,387,polyak,278,21141.49510479761,21141.497531869201,21294
/Users/a/Ayanami/code/TSP/data/classic/tsplib/kroD100.tsp,hybrid-reverse,388,polyak,279,21141.494679368418,21141.497531869201,21294
/Users/a/Ayanami/code/TSP/data/classic/tsplib/kroD100.tsp,polyak-smoothed,1,polyak-smoothed,1,18991,18991,21294
/Users/a/Ayanami/code/TSP/data/classic/tsplib/kroD100.tsp,polyak-smoothed,2,polyak-smoothed,2,16619.142857142859,18991,21294
/Users/a/Ayanami/code/TSP/data/classic/tsplib/kroD100.tsp,polyak-smoothed,3,polyak-smoothed,3,18291.065156794422,18991,21294
/Users/a/Ayanami/code/TSP/data/classic/tsplib/kroD100.tsp,polyak-smoothed,4,polyak-smoothed,4,19199.976457607434,19199.976457607434,21294
/Users/a/Ayanami/code/TSP/data/classic/tsplib/kroD100.tsp,polyak-smoothed,5,polyak-smoothed,5,18998.206022075792,19199.976457607434,21294
/Users/a/Ayanami/code/TSP/data/classic/tsplib/kroD100.tsp,polyak-smoothed,6,polyak-smoothed,6,19469.414060015686,19469.414060015686,21294
/Users/a/Ayanami/code/TSP/data/classic/tsplib/kroD100.tsp,polyak-smoothed,7,polyak-smoothed,7,19834.359771762443,19834.359771762443,21294
/Users/a/Ayanami/code/TSP/data/classic/tsplib/kroD100.tsp,polyak-smoothed,8,polyak-smoothed,8,18666.974265981367,19834.359771762443,21294
/Users/a/Ayanami/code/TSP/data/classic/tsplib/kroD100.tsp,polyak-smoothed,9,polyak-smoothed,9,19696.973816126378,19834.359771762443,21294
/Users/a/Ayanami/code/TSP/data/classic/tsplib/kroD100.tsp,polyak-smoothed,10,polyak-smoothed,10,19692.31495809268,19834.359771762443,21294
/Users/a/Ayanami/code/TSP/data/classic/tsplib/kroD100.tsp,polyak-smoothed,11,polyak-smoothed,11,19892.653275511511,19892.653275511511,21294
/Users/a/Ayanami/code/TSP/data/classic/tsplib/kroD100.tsp,polyak-smoothed,12,polyak-smoothed,12,19877.95810437894,19892.653275511511,21294
/Users/a/Ayanami/code/TSP/data/classic/tsplib/kroD100.tsp,polyak-smoothed,13,polyak-smoothed,13,19577.195052555631,19892.653275511511,21294
/Users/a/Ayanami/code/TSP/data/classic/tsplib/kroD100.tsp,polyak-smoothed,14,polyak-smoothed,14,20081.66781805706,20081.66781805706,21294
/Users/a/Ayanami/code/TSP/data/classic/tsplib/kroD100.tsp,polyak-smoothed,15,polyak-smoothed,15,19722.755081468404,20081.66781805706,21294
/Users/a/Ayanami/code/TSP/data/classic/tsplib/kroD100.tsp,polyak-smoothed,16,polyak-smoothed,16,19948.345411734706,20081.66781805706,21294
/Users/a/Ayanami/code/TSP/data/classic/tsplib/kroD100.tsp,polyak-smoothed,17,polyak-smoothed,17,19665.500196440848,20081.66781805706,21294
/Users/a/Ayanami/code/TSP/data/classic/tsplib/kroD100.tsp,polyak-smoothed,18,polyak-smoothed,18,20172.232158083021,20172.232158083021,21294
/Users/a/Ayanami/code/TSP/data/classic/tsplib/kroD100.tsp,polyak-smoothed,19,polyak-smoothed,19,20002.866847138932,20172.232158083021,21294
/Users/a/Ayanami/code/TSP/data/classic/tsplib/kroD100.tsp,polyak-smoothed,20,polyak-smoothed,20,19818.429227354649,20172.232158083021,21294
/Users/a/Ayanami/code/TSP/data/classic/tsplib/kroD100.tsp,polyak-smoothed,21,polyak-smoothed,21,20193.063206707629,20193.063206707629,21294
/Users/a/Ayanami/code/TSP/data/classic/tsplib/kroD100.tsp,polyak-smoothed,22,polyak-smoothed,22,20119.644615456826,20193.063206707629,21294
/Users/a/Ayanami/code/TSP/data/classic/tsplib/kroD100.tsp,polyak-smoothed,23,polyak-smoothed,23,20135.660374995503,20193.063206707629,21294
/Users/a/Ayanami/code/TSP/data/classic/tsplib/kroD100.tsp,polyak-smoothed,24,polyak-smoothed,24,20126.83070807685,20193.063206707629,21294
/Users/a/Ayanami/code/TSP/data/classic/tsplib/kroD100.tsp,polyak-smoothed,25,polyak-smoothed,25,20498.210690582982,20498.210690582982,21294
/Users/a/Ayanami/code/TSP/data/classic/tsplib/kroD100.tsp,polyak-smoothed,26,polyak-smoothed,26,19843.041019892215,20498.210690582982,21294
/Users/a/Ayanami/code/TSP/data/classic/tsplib/kroD100.tsp,polyak-smoothed,27,polyak-smoothed,27,20226.505634433463,20498.210690582982,21294
/Users/a/Ayanami/code/TSP/data/classic/tsplib/kroD100.tsp,polyak-smoothed,28,polyak-smoothed,28,20237.194142046115,20498.210690582982,21294
/Users/a/Ayanami/code/TSP/data/classic/tsplib/kroD100.tsp,polyak-smoothed,29,polyak-smoothed,29,20191.762515482475,20498.210690582982,21294
/Users/a/Ayanami/code/TSP/data/classic/tsplib/kroD100.tsp,polyak-smoothed,30,polyak-smoothed,30,19937.465960338355,20498.210690582982,21294
/Users/a/Ayanami/code/TSP/data/classic/tsplib/kroD100.tsp,polyak-smoothed,31,polyak-smoothed,31,20162.539327434275,20498.210690582982,21294
/Users/a/Ayanami/code/TSP/data/classic/tsplib/kroD100.tsp,polyak-smoothed,32,polyak-smoothed,32,19814.298246853446,20498.210690582982,21294
/Users/a/Ayanami/code/TSP/data/classic/tsplib/kroD100.tsp,polyak-smoothed,33,polyak-smoothed,33,20058.101158468737,20498.210690582982,21294
/Users/a/Ayanami/code/TSP/data/classic/tsplib/kroD100.tsp,polyak-smoothed,34,polyak-smoothed,34,20179.539694103361,20498.210690582982,21294
/Users/a/Ayanami/code/TSP/data/classic/tsplib/kroD100.tsp,polyak-smoothed,35,polyak-smoothed,35,20271.771055538899,20498.210690582982,21294
/Users/a/Ayanami/code/TSP/data/classic/tsplib/kroD100.tsp,polyak-smoothed,36,polyak-smoothed,36,20288.350006604371,20498.210690582982,21294
/Users/a/Ayanami/code/TSP/data/classic/tsplib/kroD100.tsp,polyak-smoothed,37,polyak-smoothed,37,20398.448344349166,20498.210690582982,21294
/Users/a/Ayanami/code/TSP/data/classic/tsplib/kroD100.tsp,polyak-smoothed,38,polyak-smoothed,38,20247.950759359028,20498.210690582982,21294
/Users/a/Ayanami/code/TSP/data/classic/tsplib/kroD100.tsp,polyak-smoothed,39,polyak-smoothed,39,20591.25740794004,20591.25740794004,21294
/Users/a/Ayanami/code/TSP/data/classic/tsplib/kroD100.tsp,polyak-smoothed,40,polyak-smoothed,40,20653.581007825582,20653.581007825582,21294
/Users/a/Ayanami/code/TSP/data/classic/tsplib/kroD100.tsp,polyak-smoothed,41,polyak-smoothed,41,20682.43250197019,20682.43250197019,21294
/Users/a/Ayanami/code/TSP/data/classic/tsplib/kroD100.tsp,polyak-smoothed,42,polyak-smoothed,42,20878.923589367259,20878.923589367259,21294
/Users/a/Ayanami/code/TSP/data/classic/tsplib/kroD100.tsp,polyak-smoothed,43,polyak-smoothed,43,20815.582138600079,20878.923589367259,21294
/Users/a/Ayanami/code/TSP/data/classic/tsplib/kroD100.tsp,polyak-smoothed,44,polyak-smoothed,44,20829.667669371564,20878.923589367259,21294
/Users/a/Ayanami/code/TSP/data/classic/tsplib/kroD100.tsp,polyak-smoothed,45,polyak-smoothed,45,20815.504377685786,20878.923589367259,21294
/Users/a/Ayanami/code/TSP/data/classic/tsplib/kroD100.tsp,polyak-smoothed,46,polyak-smoothed,46,20896.354240856752,20896.354240856752,21294
/Users/a/Ayanami/code/TSP/data/classic/tsplib/kroD100.tsp,polyak-smoothed,47,polyak-smoothed,47,20892.655551850341,20896.354240856752,21294
/Users/a/Ayanami/code/TSP/data/classic/tsplib/kroD100.tsp,polyak-smoothed,48,polyak-smoothed,48,20844.437040025285,20896.354240856752,21294
/Users/a/Ayanami/code/TSP/data/classic/tsplib/kroD100.tsp,polyak-smoothed,49,polyak-smoothed,49,20787.071390256755,20896.354240856752,21294
/Users/a/Ayanami/code/TSP/data/classic/tsplib/kroD100.tsp,polyak-smoothed,50,polyak-smoothed,50,20904.353840069201,20904.353840069201,21294
/Users/a/Ayanami/code/TSP/data/classic/tsplib/kroD100.tsp,polyak-smoothed,51,polyak-smoothed,51,20843.76127875617,20904.353840069201,21294
/Users/a/Ayanami/code/TSP/data/classic/tsplib/kroD100.tsp,polyak-smoothed,52,polyak-smoothed,52,20860.358674704912,20904.353840069201,21294
/Users/a/Ayanami/code/TSP/data/classic/tsplib/kroD100.tsp,polyak-smoothed,53,polyak-smoothed,53,20778.971157254822,20904.353840069201,21294
/Users/a/Ayanami/code/TSP/data/classic/tsplib/kroD100.tsp,polyak-smoothed,54,polyak-smoothed,54,20961.523698397988,20961.523698397988,21294
/Users/a/Ayanami/code/TSP/data/classic/tsplib/kroD100.tsp,polyak-smoothed,55,polyak-smoothed,55,20859.474621878209,20961.523698397988,21294
/Users/a/Ayanami/code/TSP/data/classic/tsplib/kroD100.tsp,polyak-smoothed,56,polyak-smoothed,56,20901.149975712051,20961.523698397988,21294
/Users/a/Ayanami/code/TSP/data/classic/tsplib/kroD100.tsp,polyak-smoothed,57,polyak-smoothed,57,20991.875260064662,20991.875260064662,21294
/Users/a/Ayanami/code/TSP/data/classic/tsplib/kroD100.tsp,polyak-smoothed,58,polyak-smoothed,58,20868.264316163266,20991.875260064662,21294
/Users/a/Ayanami/code/TSP/data/classic/tsplib/kroD100.tsp,polyak-smoothed,59,polyak-smoothed,59,20962.487922178087,20991.875260064662,21294
/Users/a/Ayanami/code/TSP/data/classic/tsplib/kroD100.tsp,polyak-smoothed,60,polyak-smoothed,60,20788.068724834557,20991.875260064662,21294
/Users/a/Ayanami/code/TSP/data/classic/tsplib/kroD100.tsp,polyak-smoothed,61,polyak-smoothed,61,20901.902326169871,20991.875260064662,21294
/Users/a/Ayanami/code/TSP/data/classic/tsplib/kroD100.tsp,polyak-smoothed,62,polyak-smoothed,62,20875.364315084993,20991.875260064662,21294
/Users/a/Ayanami/code/TSP/data/classic/tsplib/kroD100.tsp,polyak-smoothed,63,polyak-smoothed,63,20785.814153345658,20991.875260064662,21294
/Users/a/Ayanami/code/TSP/data/classic/tsplib/kroD100.tsp,polyak-smoothed,64,polyak-smoothed,64,20999.952878437263,20999.952878437263,21294
/Users/a/Ayanami/code/TSP/data/classic/tsplib/kroD100.tsp,polyak-smoothed,65,polyak-smoothed,65,20897.452187155675,20999.952878437263,21294
/Users/a/Ayanami/code/TSP/data/classic/tsplib/kroD100.tsp,polyak-smoothed,66,polyak-smoothed,66,20942.620183974352,20999.952878437263,21294
/Users/a/Ayanami/code/TSP/data/classic/tsplib/kroD100.tsp,polyak-smoothed,67,polyak-smoothed,67,20971.659330823313,20999.952878437263,21294
/Users/a/Ayanami/code/TSP/data/classic/tsplib/kroD100.tsp,polyak-smoothed,68,polyak-smoothed,68,20792.455377062048,20999.952878437263,21294
/Users/a/Ayanami/code/TSP/data/classic/tsplib/kroD100.tsp,polyak-smoothed,69,polyak-smoothed,69,20957.71828619036,20999.952878437263,21294
/Users/a/Ayanami/code/TSP/data/classic/tsplib/kroD100.tsp,polyak-smoothed,70,polyak-smoothed,70,20843.335965924962,20999.952878437263,21294
/Users/a/Ayanami/code/TSP/data/classic/tsplib/kroD100.tsp,polyak-smoothed,71,polyak-smoothed,71,20899.978281826188,20999.952878437263,21294
/Users/a/Ayanami/code/TSP/data/classic/tsplib/kroD100.tsp,polyak-smoothed,72,polyak-smoothed,72,20889.553714862122,20999.952878437263,21294
/Users/a/Ayanami/code/TSP/data/classic/tsplib/kroD100.tsp,polyak-smoothed,73,polyak-smoothed,73,20841.733513079063,20999.952878437263,21294
/Users/a/Ayanami/code/TSP/data/classic/tsplib/kroD100.tsp,polyak-smoothed,74,polyak-smoothed,74,20797.087505905442,20999.952878437263,21294
/Users/a/Ayanami/code/TSP/data/classic/tsplib/kroD100.tsp,polyak-smoothed,75,polyak-smoothed,75,20755.266053903229,20999.952878437263,21294
/Users/a/Ayanami/code/TSP/data/classic/tsplib/kroD100.tsp,polyak-smoothed,76,polyak-smoothed,76,20918.066817792103,20999.952878437263,21294
/Users/a/Ayanami/code/TSP/data/classic/tsplib/kroD100.tsp,polyak-smoothed,77,polyak-smoothed,77,20937.552629719961,20999.952878437263,21294
/Users/a/Ayanami/code/TSP/data/classic/tsplib/kroD100.tsp,polyak-smoothed,78,polyak-smoothed,78,21029.671637011914,21029.671637011914,21294
/Users/a/Ayanami/code/TSP/data/classic/tsplib/kroD100.tsp,polyak-smoothed,79,polyak-smoothed,79,20979.680556760963,21029.671637011914,21294
/Users/a/Ayanami/code/TSP/data/classic/tsplib/kroD100.tsp,polyak-smoothed,80,polyak-smoothed,80,21049.000894292807,21049.000894292807,21294
/Users/a/Ayanami/code/TSP/data/classic/tsplib/kroD100.tsp,polyak-smoothed,81,polyak-smoothed,81,21030.907467351048,21049.000894292807,21294
/Users/a/Ayanami/code/TSP/data/classic/tsplib/kroD100.tsp,polyak-smoothed,82,polyak-smoothed,82,21035.296886110362,21049.000894292807,21294
/Users/a/Ayanami/code/TSP/data/classic/tsplib/kroD100.tsp,polyak-smoothed,83,polyak-smoothed,83,21046.012556168211,21049.000894292807,21294
/Users/a/Ayanami/code/TSP/data/classic/tsplib/kroD100.tsp,polyak-smoothed,84,polyak-smoothed,84,21042.355631128379,21049.000894292807,21294
/Users/a/Ayanami/code/TSP/data/classic/tsplib/kroD100.tsp,polyak-smoothed,85,polyak-smoothed,85,21009.025796028025,21049.000894292807,21294
/Users/a/Ayanami/code/TSP/data/classic/tsplib/kroD100.tsp,polyak-smoothed,86,polyak-smoothed,86,21007.725001548955,21049.000894292807,21294
/Users/a/Ayanami/code/TSP/data/classic/tsplib/kroD100.tsp,polyak-smoothed,87,polyak-smoothed,87,21062.395488931059,21062.395488931059,21294
/Users/a/Ayanami/code/TSP/data/classic/tsplib/kroD100.tsp,polyak-smoothed,88,polyak-smoothed,88,21016.96935060836,21062.395488931059,21294
/Users/a/Ayanami/code/TSP/data/classic/tsplib/kroD100.tsp,polyak-smoothed,89,polyak-smoothed,89,21083.563464497081,21083.563464497081,21294
/Users/a/Ayanami/code/TSP/data/classic/tsplib/kroD100.tsp,polyak-smoothed,90,polyak-smoothed,90,21003.942530529286,21083.563464497081,21294
/Users/a/Ayanami/code/TSP/data/classic/tsplib/kroD100.tsp,polyak-smoothed,91,polyak-smoothed,91,21053.170185530977,21083.563464497081,21294
/Users/a/Ayanami/code/TSP/data/classic/tsplib/kroD100.tsp,polyak-smoothed,92,polyak-smoothed,92,21064.221126020322,21083.563464497081,21294
/Users/a/Ayanami/code/TSP/data/classic/tsplib/kroD100.tsp,polyak-smoothed,93,polyak-smoothed,93,21032.567765930176,21083.563464497081,21294
/Users/a/Ayanami/code/TSP/data/classic/tsplib/kroD100.tsp,polyak-smoothed,94,polyak-smoothed,94,21079.091230343038,21083.563464497081,21294
/Users/a/Ayanami/code/TSP/data/classic/tsplib/kroD100.tsp,polyak-smoothed,95,polyak-smoothed,95,21031.353901782662,21083.563464497081,21294
/Users/a/Ayanami/code/TSP/data/classic/tsplib/kroD100.tsp,polyak-smoothed,96,polyak-smoothed,96,21014.381904799691,21083.563464497081,21294
/Users/a/Ayanami/code/TSP/data/classic/tsplib/kroD100.tsp,polyak-smoothed,97,polyak-smoothed,97,20940.580141203009,21083.563464497081,21294
/Users/a/Ayanami/code/TSP/data/classic/tsplib/kroD100.tsp,polyak-smoothed,98,polyak-smoothed,98,21020.848435802269,21083.563464497081,21294
/Users/a/Ayanami/code/TSP/data/classic/tsplib/kroD100.tsp,polyak-smoothed,99,polyak-smoothed,99,21001.370748718997,21083.563464497081,21294
/Users/a/Ayanami/code/TSP/data/classic/tsplib/kroD100.tsp,polyak-smoothed,100,polyak-smoothed,100,21020.787697401876,21083.563464497081,21294
/Users/a/Ayanami/code/TSP/data/classic/tsplib/kroD100.tsp,polyak-smoothed,101,polyak-smoothed,101,21040.4708673198,21083.563464497081,21294
/Users/a/Ayanami/code/TSP/data/classic/tsplib/kroD100.tsp,polyak-smoothed,102,polyak-smoothed,102,21014.026885844058,21083.563464497081,21294
/Users/a/Ayanami/code/TSP/data/classic/tsplib/kroD100.tsp,polyak-smoothed,103,polyak-smoothed,103,21061.090000535147,21083.563464497081,21294
/Users/a/Ayanami/code/TSP/data/classic/tsplib/kroD100.tsp,polyak-smoothed,104,polyak-smoothed,104,21103.788685103133,21103.788685103133,21294
/Users/a/Ayanami/code/TSP/data/classic/tsplib/kroD100.tsp,polyak-smoothed,105,polyak-smoothed,105,21062.87652778114,21103.788685103133,21294
/Users/a/Ayanami/code/TSP/data/classic/tsplib/kroD100.tsp,polyak-smoothed,106,polyak-smoothed,106,21086.321122263242,21103.788685103133,21294
/Users/a/Ayanami/code/TSP/data/classic/tsplib/kroD100.tsp,polyak-smoothed,107,polyak-smoothed,107,21098.629303554935,21103.788685103133,21294
/Users/a/Ayanami/code/TSP/data/classic/tsplib/kroD100.tsp,polyak-smoothed,108,polyak-smoothed,108,21065.093749053092,21103.788685103133,21294
/Users/a/Ayanami/code/TSP/data/classic/tsplib/kroD100.tsp,polyak-smoothed,109,polyak-smoothed,109,21101.71498572555,21103.788685103133,21294
/Users/a/Ayanami/code/TSP/data/classic/tsplib/kroD100.tsp,polyak-smoothed,110,polyak-smoothed,110,21068.106002212658,21103.788685103133,21294
/Users/a/Ayanami/code/TSP/data/classic/tsplib/kroD100.tsp,polyak-smoothed,111,polyak-smoothed,111,21075.602849177711,21103.788685103133,21294
/Users/a/Ayanami/code/TSP/data/classic/tsplib/kroD100.tsp,polyak-smoothed,112,polyak-smoothed,112,21088.411516202632,21103.788685103133,21294
/Users/a/Ayanami/code/TSP/data/classic/tsplib/kroD100.tsp,polyak-smoothed,113,polyak-smoothed,113,21054.269532846036,21103.788685103133,21294
/Users/a/Ayanami/code/TSP/data/classic/tsplib/kroD100.tsp,polyak-smoothed,114,polyak-smoothed,114,21057.242788778338,21103.788685103133,21294
/Users/a/Ayanami/code/TSP/data/classic/tsplib/kroD100.tsp,polyak-smoothed,115,polyak-smoothed,115,21085.38963863868,21103.788685103133,21294
/Users/a/Ayanami/code/TSP/data/classic/tsplib/kroD100.tsp,polyak-smoothed,116,polyak-smoothed,116,21085.180552580769,21103.788685103133,21294
/Users/a/Ayanami/code/TSP/data/classic/tsplib/kroD100.tsp,polyak-smoothed,117,polyak-smoothed,117,21056.822281693228,21103.788685103133,21294
/Users/a/Ayanami/code/TSP/data/classic/tsplib/kroD100.tsp,polyak-smoothed,118,polyak-smoothed,118,21092.036690984005,21103.788685103133,21294
/Users/a/Ayanami/code/TSP/data/classic/tsplib/kroD100.tsp,polyak-smoothed,119,polyak-smoothed,119,21100.290133950151,21103.788685103133,21294
/Users/a/Ayanami/code/TSP/data/classic/tsplib/kroD100.tsp,polyak-smoothed,120,polyak-smoothed,120,21115.844516939251,21115.844516939251,21294
/Users/a/Ayanami/code/TSP/data/classic/tsplib/kroD100.tsp,polyak-smoothed,121,polyak-smoothed,121,21099.879942239895,21115.844516939251,21294
/Users/a/Ayanami/code/TSP/data/classic/tsplib/kroD100.tsp,polyak-smoothed,122,polyak-smoothed,122,21117.960951335626,21117.960951335626,21294
/Users/a/Ayanami/code/TSP/data/classic/tsplib/kroD100.tsp,polyak-smoothed,123,polyak-smoothed,123,21104.979352875449,21117.960951335626,21294
/Users/a/Ayanami/code/TSP/data/classic/tsplib/kroD100.tsp,polyak-smoothed,124,polyak-smoothed,124,21125.967777824691,21125.967777824691,21294
/Users/a/Ayanami/code/TSP/data/classic/tsplib/kroD100.tsp,polyak-smoothed,125,polyak-smoothed,125,21109.068583041542,21125.967777824691,21294
/Users/a/Ayanami/code/TSP/data/classic/tsplib/kroD100.tsp,polyak-smoothed,126,polyak-smoothed,126,21108.805732833105,21125.967777824691,21294
/Users/a/Ayanami/code/TSP/data/classic/tsplib/kroD100.tsp,polyak-smoothed,127,polyak-smoothed,127,21116.248473518652,21125.967777824691,21294
/Users/a/Ayanami/code/TSP/data/classic/tsplib/kroD100.tsp,polyak-smoothed,128,polyak-smoothed,128,21103.109775477438,21125.967777824691,21294
/Users/a/Ayanami/code/TSP/data/classic/tsplib/kroD100.tsp,polyak-smoothed,129,polyak-smoothed,129,21120.270347428966,21125.967777824691,21294
/Users/a/Ayanami/code/TSP/data/classic/tsplib/kroD100.tsp,polyak-smoothed,130,polyak-smoothed,130,21083.507267468052,21125.967777824691,21294
/Users/a/Ayanami/code/TSP/data/classic/tsplib/kroD100.tsp,polyak-smoothed,131,polyak-smoothed,131,21114.414853405753,21125.967777824691,21294
/Users/a/Ayanami/code/TSP/data/classic/tsplib/kroD100.tsp,polyak-smoothed,132,polyak-smoothed,132,21083.209164908989,21125.967777824691,21294
/Users/a/Ayanami/code/TSP/data/classic/tsplib/kroD100.tsp,polyak-smoothed,133,polyak-smoothed,133,21116.249940560316,21125.967777824691,21294
/Users/a/Ayanami/code/TSP/data/classic/tsplib/kroD100.tsp,polyak-smoothed,134,polyak-smoothed,134,21089.43272099784,21125.967777824691,21294
/Users/a/Ayanami/code/TSP/data/classic/tsplib/kroD100.tsp,polyak-smoothed,135,polyak-smoothed,135,21117.235242434945,21125.967777824691,21294
/Users/a/Ayanami/code/TSP/data/classic/tsplib/kroD100.tsp,polyak-smoothed,136,polyak-smoothed,136,21098.05321011749,21125.967777824691,21294
/Users/a/Ayanami/code/TSP/data/classic/tsplib/kroD100.tsp,polyak-smoothed,137,polyak-smoothed,137,21114.846484356072,21125.967777824691,21294
/Users/a/Ayanami/code/TSP/data/classic/tsplib/kroD100.tsp,polyak-smoothed,138,polyak-smoothed,138,21113.876775892149,21125.967777824691,21294
/Users/a/Ayanami/code/TSP/data/classic/tsplib/kroD100.tsp,polyak-smoothed,139,polyak-smoothed,139,21122.831287157798,21125.967777824691,21294
/Users/a/Ayanami/code/TSP/data/classic/tsplib/kroD100.tsp,polyak-smoothed,140,polyak-smoothed,140,21126.211518213575,21126.211518213575,21294
/Users/a/Ayanami/code/TSP/data/classic/tsplib/kroD100.tsp,polyak-smoothed,141,polyak-smoothed,141,21120.048596390247,21126.211518213575,21294
/Users/a/Ayanami/code/TSP/data/classic/tsplib/kroD100.tsp,polyak-smoothed,142,polyak-smoothed,142,21126.936366512713,21126.936366512713,21294
/Users/a/Ayanami/code/TSP/data/classic/tsplib/kroD100.tsp,polyak-smoothed,143,polyak-smoothed,143,21121.370717910708,21126.936366512713,21294
/Users/a/Ayanami/code/TSP/data/classic/tsplib/kroD100.tsp,polyak-smoothed,144,polyak-smoothed,144,21128.273206029837,21128.273206029837,21294
/Users/a/Ayanami/code/TSP/data/classic/tsplib/kroD100.tsp,polyak-smoothed,145,polyak-smoothed,145,21118.059500784926,21128.273206029837,21294
/Users/a/Ayanami/code/TSP/data/classic/tsplib/kroD100.tsp,polyak-smoothed,146,polyak-smoothed,146,21126.563475233444,21128.273206029837,21294
/Users/a/Ayanami/code/TSP/data/classic/tsplib/kroD100.tsp,polyak-smoothed,147,polyak-smoothed,147,21117.077423398619,21128.273206029837,21294
/Users/a/Ayanami/code/TSP/data/classic/tsplib/kroD100.tsp,polyak-smoothed,148,polyak-smoothed,148,21126.239874376814,21128.273206029837,21294
/Users/a/Ayanami/code/TSP/data/classic/tsplib/kroD100.tsp,polyak-smoothed,149,polyak-smoothed,149,21124.786518969919,21128.273206029837,21294
/Users/a/Ayanami/code/TSP/data/classic/tsplib/kroD100.tsp,polyak-smoothed,150,polyak-smoothed,150,21132.821502551269,21132.821502551269,21294
/Users/a/Ayanami/code/TSP/data/classic/tsplib/kroD100.tsp,polyak-smoothed,151,polyak-smoothed,151,21113.215232489303,21132.821502551269,21294
/Users/a/Ayanami/code/TSP/data/classic/tsplib/kroD100.tsp,polyak-smoothed,152,polyak-smoothed,152,21123.870458423255,21132.821502551269,21294
/Users/a/Ayanami/code/TSP/data/classic/tsplib/kroD100.tsp,polyak-smoothed,153,polyak-smoothed,153,21124.137431718114,21132.821502551269,21294
/Users/a/Ayanami/code/TSP/data/classic/tsplib/kroD100.tsp,polyak-smoothed,154,polyak-smoothed,154,21130.856302174321,21132.821502551269,21294
/Users/a/Ayanami/code/TSP/data/classic/tsplib/kroD100.tsp,polyak-smoothed,155,polyak-smoothed,155,21124.355325897377,21132.821502551269,21294
/Users/a/Ayanami/code/TSP/data/classic/tsplib/kroD100.tsp,polyak-smoothed,156,polyak-smoothed,156,21132.986720996421,21132.986720996421,21294
/Users/a/Ayanami/code/TSP/data/classic/tsplib/kroD100.tsp,polyak-smoothed,157,polyak-smoothed,157,21109.234508480124,21132.986720996421,21294
/Users/a/Ayanami/code/TSP/data/classic/tsplib/kroD100.tsp,polyak-smoothed,158,polyak-smoothed,158,21125.551784901178,21132.986720996421,21294
/Users/a/Ayanami/code/TSP/data/classic/tsplib/kroD100.tsp,polyak-smoothed,159,polyak-smoothed,159,21122.146264478182,21132.986720996421,21294
/Users/a/Ayanami/code/TSP/data/classic/tsplib/kroD100.tsp,polyak-smoothed,160,polyak-smoothed,160,21130.05060821362,21132.986720996421,21294
/Users/a/Ayanami/code/TSP/data/classic/tsplib/kroD100.tsp,polyak-smoothed,161,polyak-smoothed,161,21130.767944021984,21132.986720996421,21294
/Users/a/Ayanami/code/TSP/data/classic/tsplib/kroD100.tsp,polyak-smoothed,162,polyak-smoothed,162,21126.054265493636,21132.986720996421,21294
/Users/a/Ayanami/code/TSP/data/classic/tsplib/kroD100.tsp,polyak-smoothed,163,polyak-smoothed,163,21131.527882174221,21132.986720996421,21294
/Users/a/Ayanami/code/TSP/data/classic/tsplib/kroD100.tsp,polyak-smoothed,164,polyak-smoothed,164,21114.173047709803,21132.986720996421,21294
/Users/a/Ayanami/code/TSP/data/classic/tsplib/kroD100.tsp,polyak-smoothed,165,polyak-smoothed,165,21132.775318522632,21132.986720996421,21294
/Users/a/Ayanami/code/TSP/data/classic/tsplib/kroD100.tsp,polyak-smoothed,166,polyak-smoothed,166,21107.20933213416,21132.986720996421,21294
/Users/a/Ayanami/code/TSP/data/classic/tsplib/kroD100.tsp,polyak-smoothed,167,polyak-smoothed,167,21121.502346614059,21132.986720996421,21294
/Users/a/Ayanami/code/TSP/data/classic/tsplib/kroD100.tsp,polyak-smoothed,168,polyak-smoothed,168,21126.342926782378,21132.986720996421,21294
/Users/a/Ayanami/code/TSP/data/classic/tsplib/kroD100.tsp,polyak-smoothed,169,polyak-smoothed,169,21131.222001637703,21132.986720996421,21294
/Users/a/Ayanami/code/TSP/data/classic/tsplib/kroD100.tsp,polyak-smoothed,170,polyak-smoothed,170,21130.334615897944,21132.986720996421,21294
/Users/a/Ayanami/code/TSP/data/classic/tsplib/kroD100.tsp,polyak-smoothed,171,polyak-smoothed,171,21134.76831628244,21134.76831628244,21294
/Users/a/Ayanami/code/TSP/data/classic/tsplib/kroD100.tsp,polyak-smoothed,172,polyak-smoothed,172,21133.526391885604,21134.76831628244,21294
/Users/a/Ayanami/code/TSP/data/classic/tsplib/kroD100.tsp,polyak-smoothed,173,polyak-smoothed,173,21135.844089796599,21135.844089796599,21294
/Users/a/Ayanami/code/TSP/data/classic/tsplib/kroD100.tsp,polyak-smoothed,174,polyak-smoothed,174,21135.868046855918,21135.868046855918,21294
/Users/a/Ayanami/code/TSP/data/classic/tsplib/kroD100.tsp,polyak-smoothed,175,polyak-smoothed,175,21137.739679394748,21137.739679394748,21294
/Users/a/Ayanami/code/TSP/data/classic/tsplib/kroD100.tsp,polyak-smoothed,176,polyak-smoothed,176,21134.844462499637,21137.739679394748,21294
/Users/a/Ayanami/code/TSP/data/classic/tsplib/kroD100.tsp,polyak-smoothed,177,polyak-smoothed,177,21137.375585266735,21137.739679394748,21294
/Users/a/Ayanami/code/TSP/data/classic/tsplib/kroD100.tsp,polyak-smoothed,178,polyak-smoothed,178,21134.279470473826,21137.739679394748,21294
/Users/a/Ayanami/code/TSP/data/classic/tsplib/kroD100.tsp,polyak-smoothed,179,polyak-smoothed,179,21138.602983428376,21138.602983428376,21294
/Users/a/Ayanami/code/TSP/data/classic/tsplib/kroD100.tsp,polyak-smoothed,180,polyak-smoothed,180,21130.951964585198,21138.602983428376,21294
/Users/a/Ayanami/code/TSP/data/classic/tsplib/kroD100.tsp,polyak-smoothed,181,polyak-smoothed,181,21133.681578373224,21138.602983428376,21294
/Users/a/Ayanami/code/TSP/data/classic/tsplib/kroD100.tsp,polyak-smoothed,182,polyak-smoothed,182,21131.861584063015,21138.602983428376,21294
/Users/a/Ayanami/code/TSP/data/classic/tsplib/kroD100.tsp,polyak-smoothed,183,polyak-smoothed,183,21135.892503228439,21138.602983428376,21294
/Users/a/Ayanami/code/TSP/data/classic/tsplib/kroD100.tsp,polyak-smoothed,184,polyak-smoothed,184,21132.672139934788,21138.602983428376,21294
/Users/a/Ayanami/code/TSP/data/classic/tsplib/kroD100.tsp,polyak-smoothed,185,polyak-smoothed,185,21131.680697170585,21138.602983428376,21294
/Users/a/Ayanami/code/TSP/data/classic/tsplib/kroD100.tsp,polyak-smoothed,186,polyak-smoothed,186,21131.211762218867,21138.602983428376,21294
/Users/a/Ayanami/code/TSP/data/classic/tsplib/kroD100.tsp,polyak-smoothed,187,polyak-smoothed,187,21132.989030694433,21138.602983428376,21294
/Users/a/Ayanami/code/TSP/data/classic/tsplib/kroD100.tsp,polyak-smoothed,188,polyak-smoothed,188,21133.800722626838,21138.602983428376,21294
/Users/a/Ayanami/code/TSP/data/classic/tsplib/kroD100.tsp,polyak-smoothed,189,polyak-smoothed,189,21134.686008192719,21138.602983428376,21294
/Users/a/Ayanami/code/TSP/data/classic/tsplib/kroD100.tsp,polyak-smoothed,190,polyak-smoothed,190,21130.661258960987,21138.602983428376,21294
/Users/a/Ayanami/code/TSP/data/classic/tsplib/kroD100.tsp,polyak-smoothed,191,polyak-smoothed,191,21130.472119488997,21138.602983428376,21294
/Users/a/Ayanami/code/TSP/data/classic/tsplib/kroD100.tsp,polyak-smoothed,192,polyak-smoothed,192,21134.75948515832,21138.602983428376,21294
/Users/a/Ayanami/code/TSP/data/classic/tsplib/kroD100.tsp,polyak-smoothed,193,polyak-smoothed,193,21135.443536075174,21138.602983428376,21294
/Users/a/Ayanami/code/TSP/data/classic/tsplib/kroD100.tsp,polyak-smoothed,194,polyak-smoothed,194,21138.110992337315,21138.602983428376,21294
/Users/a/Ayanami/code/TSP/data/classic/tsplib/kroD100.tsp,polyak-smoothed,195,polyak-smoothed,195,21135.446178292314,21138.602983428376,21294
/Users/a/Ayanami/code/TSP/data/classic/tsplib/kroD100.tsp,polyak-smoothed,196,polyak-smoothed,196,21136.71598218301,21138.602983428376,21294
/Users/a/Ayanami/code/TSP/data/classic/tsplib/kroD100.tsp,polyak-smoothed,197,polyak-smoothed,197,21135.826725524923,21138.602983428376,21294
/Users/a/Ayanami/code/TSP/data/classic/tsplib/kroD100.tsp,polyak-smoothed,198,polyak-smoothed,198,21138.64750817823,21138.64750817823,21294
/Users/a/Ayanami/code/TSP/data/classic/tsplib/kroD100.tsp,polyak-smoothed,199,polyak-smoothed,199,21137.279515238995,21138.64750817823,21294
/Users/a/Ayanami/code/TSP/data/classic/tsplib/kroD100.tsp,polyak-smoothed,200,polyak-smoothed,200,21135.857076369779,21138.64750817823,21294
/Users/a/Ayanami/code/TSP/data/classic/tsplib/kroD100.tsp,polyak-smoothed,201,polyak-smoothed,201,21137.463993253707,21138.64750817823,21294
/Users/a/Ayanami/code/TSP/data/classic/tsplib/kroD100.tsp,polyak-smoothed,202,polyak-smoothed,202,21139.064039463075,21139.064039463075,21294
/Users/a/Ayanami/code/TSP/data/classic/tsplib/kroD100.tsp,polyak-smoothed,203,polyak-smoothed,203,21137.24864167393,21139.064039463075,21294
/Users/a/Ayanami/code/TSP/data/classic/tsplib/kroD100.tsp,polyak-smoothed,204,polyak-smoothed,204,21139.751092753409,21139.751092753409,21294
/Users/a/Ayanami/code/TSP/data/classic/tsplib/kroD100.tsp,polyak-smoothed,205,polyak-smoothed,205,21134.197265655013,21139.751092753409,21294
/Users/a/Ayanami/code/TSP/data/classic/tsplib/kroD100.tsp,polyak-smoothed,206,polyak-smoothed,206,21137.697464613375,21139.751092753409,21294
/Users/a/Ayanami/code/TSP/data/classic/tsplib/kroD100.tsp,polyak-smoothed,207,polyak-smoothed,207,21135.324556060485,21139.751092753409,21294
/Users/a/Ayanami/code/TSP/data/classic/tsplib/kroD100.tsp,polyak-smoothed,208,polyak-smoothed,208,21136.971967793175,21139.751092753409,21294
/Users/a/Ayanami/code/TSP/data/classic/tsplib/kroD100.tsp,polyak-smoothed,209,polyak-smoothed,209,21139.690589569283,21139.751092753409,21294
/Users/a/Ayanami/code/TSP/data/classic/tsplib/kroD100.tsp,polyak-smoothed,210,polyak-smoothed,210,21136.262306458073,21139.751092753409,21294
/Users/a/Ayanami/code/TSP/data/classic/tsplib/kroD100.tsp,polyak-smoothed,211,polyak-smoothed,211,21137.038347823913,21139.751092753409,21294
/Users/a/Ayanami/code/TSP/data/classic/tsplib/kroD100.tsp,polyak-smoothed,212,polyak-smoothed,212,21136.589912740863,21139.751092753409,21294
/Users/a/Ayanami/code/TSP/data/classic/tsplib/kroD100.tsp,polyak-smoothed,213,polyak-smoothed,213,21136.793791878456,21139.751092753409,21294
/Users/a/Ayanami/code/TSP/data/classic/tsplib/kroD100.tsp,polyak-smoothed,214,polyak-smoothed,214,21139.37387315699,21139.751092753409,21294
/Users/a/Ayanami/code/TSP/data/classic/tsplib/kroD100.tsp,polyak-smoothed,215,polyak-smoothed,215,21135.453834516942,21139.751092753409,21294
/Users/a/Ayanami/code/TSP/data/classic/tsplib/kroD100.tsp,polyak-smoothed,216,polyak-smoothed,216,21137.493203422593,21139.751092753409,21294
/Users/a/Ayanami/code/TSP/data/classic/tsplib/kroD100.tsp,polyak-smoothed,217,polyak-smoothed,217,21136.715400329816,21139.751092753409,21294
/Users/a/Ayanami/code/TSP/data/classic/tsplib/kroD100.tsp,polyak-smoothed,218,polyak-smoothed,218,21137.95797456324,21139.751092753409,21294
/Users/a/Ayanami/code/TSP/data/classic/tsplib/kroD100.tsp,polyak-smoothed,219,polyak-smoothed,219,21138.273855441235,21139.751092753409,21294
/Users/a/Ayanami/code/TSP/data/classic/tsplib/kroD100.tsp,polyak-smoothed,220,polyak-smoothed,220,21139.74603057823,21139.751092753409,21294
/Users/a/Ayanami/code/TSP/data/classic/tsplib/kroD100.tsp,polyak-smoothed,221,polyak-smoothed,221,21138.825361435618,21139.751092753409,21294
/Users/a/Ayanami/code/TSP/data/classic/tsplib/kroD100.tsp,polyak-smoothed,222,polyak-smoothed,222,21139.440421553161,21139.751092753409,21294
/Users/a/Ayanami/code/TSP/data/classic/tsplib/kroD100.tsp,polyak-smoothed,223,polyak-smoothed,223,21138.96387959514,21139.751092753409,21294
/Users/a/Ayanami/code/TSP/data/classic/tsplib/kroD100.tsp,polyak-smoothed,224,polyak-smoothed,224,21139.886922675818,21139.886922675818,21294
/Users/a/Ayanami/code/TSP/data/classic/tsplib/kroD100.tsp,polyak-smoothed,225,polyak-smoothed,225,21138.658431404696,21139.886922675818,21294
/Users/a/Ayanami/code/TSP/data/classic/tsplib/kroD100.tsp,polyak-smoothed,226,polyak-smoothed,226,21139.518354888911,21139.886922675818,21294
/Users/a/Ayanami/code/TSP/data/classic/tsplib/kroD100.tsp,polyak-smoothed,227,polyak-smoothed,227,21138.448427448326,21139.886922675818,21294
/Users/a/Ayanami/code/TSP/data/classic/tsplib/kroD100.tsp,polyak-smoothed,228,polyak-smoothed,228,21139.428255175622,21139.886922675818,21294
/Users/a/Ayanami/code/TSP/data/classic/tsplib/kroD100.tsp,polyak-smoothed,229,polyak-smoothed,229,21138.767286515107,21139.886922675818,21294
/Users/a/Ayanami/code/TSP/data/classic/tsplib/kroD100.tsp,polyak-smoothed,230,polyak-smoothed,230,21139.411667823115,21139.886922675818,21294
/Users/a/Ayanami/code/TSP/data/classic/tsplib/kroD100.tsp,polyak-smoothed,231,polyak-smoothed,231,21138.682278141478,21139.886922675818,21294
/Users/a/Ayanami/code/TSP/data/classic/tsplib/kroD100.tsp,polyak-smoothed,232,polyak-smoothed,232,21140.500404072263,21140.500404072263,21294
/Users/a/Ayanami/code/TSP/data/classic/tsplib/kroD100.tsp,polyak-smoothed,233,polyak-smoothed,233,21137.658376654734,21140.500404072263,21294
/Users/a/Ayanami/code/TSP/data/classic/tsplib/kroD100.tsp,polyak-smoothed,234,polyak-smoothed,234,21139.039944600885,21140.500404072263,21294
/Users/a/Ayanami/code/TSP/data/classic/tsplib/kroD100.tsp,polyak-smoothed,235,polyak-smoothed,235,21138.814486154464,21140.500404072263,21294
/Users/a/Ayanami/code/TSP/data/classic/tsplib/kroD100.tsp,polyak-smoothed,236,polyak-smoothed,236,21139.866512739984,21140.500404072263,21294
/Users/a/Ayanami/code/TSP/data/classic/tsplib/kroD100.tsp,polyak-smoothed,237,polyak-smoothed,237,21139.307110540085,21140.500404072263,21294
/Users/a/Ayanami/code/TSP/data/classic/tsplib/kroD100.tsp,polyak-smoothed,238,polyak-smoothed,238,21140.053971057405,21140.500404072263,21294
/Users/a/Ayanami/code/TSP/data/classic/tsplib/kroD100.tsp,polyak-smoothed,239,polyak-smoothed,239,21137.818540204062,21140.500404072263,21294
/Users/a/Ayanami/code/TSP/data/classic/tsplib/kroD100.tsp,polyak-smoothed,240,polyak-smoothed,240,21140.043042711823,21140.500404072263,21294
/Users/a/Ayanami/code/TSP/data/classic/tsplib/kroD100.tsp,polyak-smoothed,241,polyak-smoothed,241,21138.396731540433,21140.500404072263,21294
/Users/a/Ayanami/code/TSP/data/classic/tsplib/kroD100.tsp,polyak-smoothed,242,polyak-smoothed,242,21139.974511249118,21140.500404072263,21294
/Users/a/Ayanami/code/TSP/data/classic/tsplib/kroD100.tsp,polyak-smoothed,243,polyak-smoothed,243,21138.356703985246,21140.500404072263,21294
/Users/a/Ayanami/code/TSP/data/classic/tsplib/kroD100.tsp,polyak-smoothed,244,polyak-smoothed,244,21140.061891777576,21140.500404072263,21294
/Users/a/Ayanami/code/TSP/data/classic/tsplib/kroD100.tsp,polyak-smoothed,245,polyak-smoothed,245,21139.338792230883,21140.500404072263,21294
/Users/a/Ayanami/code/TSP/data/classic/tsplib/kroD100.tsp,polyak-smoothed,246,polyak-smoothed,246,21140.188226505605,21140.500404072263,21294
/Users/a/Ayanami/code/TSP/data/classic/tsplib/kroD100.tsp,polyak-smoothed,247,polyak-smoothed,247,21140.142617410736,21140.500404072263,21294
/Users/a/Ayanami/code/TSP/data/classic/tsplib/kroD100.tsp,polyak-smoothed,248,polyak-smoothed,248,21140.866596211265,21140.866596211265,21294
/Users/a/Ayanami/code/TSP/data/classic/tsplib/kroD100.tsp,polyak-smoothed,249,polyak-smoothed,249,21139.92305089486,21140.866596211265,21294
/Users/a/Ayanami/code/TSP/data/classic/tsplib/kroD100.tsp,polyak-smoothed,250,polyak-smoothed,250,21140.290125651132,21140.866596211265,21294
/Users/a/Ayanami/code/TSP/data/classic/tsplib/kroD100.tsp,polyak-smoothed,251,polyak-smoothed,251,21140.204388462615,21140.866596211265,21294
/Users/a/Ayanami/code/TSP/data/classic/tsplib/kroD100.tsp,polyak-smoothed,252,polyak-smoothed,252,21140.817192832335,21140.866596211265,21294
/Users/a/Ayanami/code/TSP/data/classic/tsplib/kroD100.tsp,polyak-smoothed,253,polyak-smoothed,253,21140.36257568753,21140.866596211265,21294
/Users/a/Ayanami/code/TSP/data/classic/tsplib/kroD100.tsp,polyak-smoothed,254,polyak-smoothed,254,21140.716010258602,21140.866596211265,21294
/Users/a/Ayanami/code/TSP/data/classic/tsplib/kroD100.tsp,polyak-smoothed,255,polyak-smoothed,255,21139.784789224959,21140.866596211265,21294
/Users/a/Ayanami/code/TSP/data/classic/tsplib/kroD100.tsp,polyak-smoothed,256,polyak-smoothed,256,21140.091833158687,21140.866596211265,21294
/Users/a/Ayanami/code/TSP/data/classic/tsplib/kroD100.tsp,polyak-smoothed,257,polyak-smoothed,257,21140.551440932359,21140.866596211265,21294
/Users/a/Ayanami/code/TSP/data/classic/tsplib/kroD100.tsp,polyak-smoothed,258,polyak-smoothed,258,21139.868515239257,21140.866596211265,21294
/Users/a/Ayanami/code/TSP/data/classic/tsplib/kroD100.tsp,polyak-smoothed,259,polyak-smoothed,259,21140.767321837007,21140.866596211265,21294
/Users/a/Ayanami/code/TSP/data/classic/tsplib/kroD100.tsp,polyak-smoothed,260,polyak-smoothed,260,21139.52126276305,21140.866596211265,21294
/Users/a/Ayanami/code/TSP/data/classic/tsplib/kroD100.tsp,polyak-smoothed,261,polyak-smoothed,261,21140.57210027441,21140.866596211265,21294
/Users/a/Ayanami/code/TSP/data/classic/tsplib/kroD100.tsp,polyak-smoothed,262,polyak-smoothed,262,21140.779001822011,21140.866596211265,21294
/Users/a/Ayanami/code/TSP/data/classic/tsplib/kroD100.tsp,polyak-smoothed,263,polyak-smoothed,263,21141.126172344972,21141.126172344972,21294
/Users/a/Ayanami/code/TSP/data/classic/tsplib/kroD100.tsp,polyak-smoothed,264,polyak-smoothed,264,21140.662967509448,21141.126172344972,21294
/Users/a/Ayanami/code/TSP/data/classic/tsplib/kroD100.tsp,polyak-smoothed,265,polyak-smoothed,265,21140.875822972361,21141.126172344972,21294
/Users/a/Ayanami/code/TSP/data/classic/tsplib/kroD100.tsp,polyak-smoothed,266,polyak-smoothed,266,21141.064480210156,21141.126172344972,21294
/Users/a/Ayanami/code/TSP/data/classic/tsplib/kroD100.tsp,polyak-smoothed,267,polyak-smoothed,267,21141.054196082598,21141.126172344972,21294
/Users/a/Ayanami/code/TSP/data/classic/tsplib/kroD100.tsp,polyak-smoothed,268,polyak-smoothed,268,21141.21577555894,21141.21577555894,21294
/Users/a/Ayanami/code/TSP/data/classic/tsplib/kroD100.tsp,polyak-smoothed,269,polyak-smoothed,269,21140.674030052698,21141.21577555894,21294
/Users/a/Ayanami/code/TSP/data/classic/tsplib/kroD100.tsp,polyak-smoothed,270,polyak-smoothed,270,21141.14149731227,21141.21577555894,21294
/Users/a/Ayanami/code/TSP/data/classic/tsplib/kroD100.tsp,polyak-smoothed,271,polyak-smoothed,271,21140.766192612176,21141.21577555894,21294
/Users/a/Ayanami/code/TSP/data/classic/tsplib/kroD100.tsp,polyak-smoothed,272,polyak-smoothed,272,21141.199187531958,21141.21577555894,21294
/Users/a/Ayanami/code/TSP/data/classic/tsplib/kroD100.tsp,polyak-smoothed,273,polyak-smoothed,273,21140.502198083781,21141.21577555894,21294
/Users/a/Ayanami/code/TSP/data/classic/tsplib/kroD100.tsp,polyak-smoothed,274,polyak-smoothed,274,21140.986893788322,21141.21577555894,21294
/Users/a/Ayanami/code/TSP/data/classic/tsplib/kroD100.tsp,polyak-smoothed,275,polyak-smoothed,275,21140.607456003949,21141.21577555894,21294
/Users/a/Ayanami/code/TSP/data/classic/tsplib/kroD100.tsp,polyak-smoothed,276,polyak-smoothed,276,21141.11700463737,21141.21577555894,21294
/Users/a/Ayanami/code/TSP/data/classic/tsplib/kroD100.tsp,polyak-smoothed,277,polyak-smoothed,277,21140.605230117242,21141.21577555894,21294
/Users/a/Ayanami/code/TSP/data/classic/tsplib/kroD100.tsp,polyak-smoothed,278,polyak-smoothed,278,21141.07703873995,21141.21577555894,21294
/Users/a/Ayanami/code/TSP/data/classic/tsplib/kroD100.tsp,polyak-smoothed,279,polyak-smoothed,279,21140.815928266049,21141.21577555894,21294
/Users/a/Ayanami/code/TSP/data/classic/tsplib/kroD100.tsp,polyak-smoothed,280,polyak-smoothed,280,21141.248638267443,21141.248638267443,21294
/Users/a/Ayanami/code/TSP/data/classic/tsplib/kroD100.tsp,polyak-smoothed,281,polyak-smoothed,281,21140.523703123341,21141.248638267443,21294
/Users/a/Ayanami/code/TSP/data/classic/tsplib/kroD100.tsp,polyak-smoothed,282,polyak-smoothed,282,21140.930610991472,21141.248638267443,21294
/Users/a/Ayanami/code/TSP/data/classic/tsplib/kroD100.tsp,polyak-smoothed,283,polyak-smoothed,283,21141.045435460113,21141.248638267443,21294
/Users/a/Ayanami/code/TSP/data/classic/tsplib/kroD100.tsp,polyak-smoothed,284,polyak-smoothed,284,21141.259707326615,21141.259707326615,21294
/Users/a/Ayanami/code/TSP/data/classic/tsplib/kroD100.tsp,polyak-smoothed,285,polyak-smoothed,285,21140.984587290815,21141.259707326615,21294
/Users/a/Ayanami/code/TSP/data/classic/tsplib/kroD100.tsp,polyak-smoothed,286,polyak-smoothed,286,21141.237845882933,21141.259707326615,21294
/Users/a/Ayanami/code/TSP/data/classic/tsplib/kroD100.tsp,polyak-smoothed,287,polyak-smoothed,287,21140.649338222476,21141.259707326615,21294
/Users/a/Ayanami/code/TSP/data/classic/tsplib/kroD100.tsp,polyak-smoothed,288,polyak-smoothed,288,21141.113193419045,21141.259707326615,21294
/Users/a/Ayanami/code/TSP/data/classic/tsplib/kroD100.tsp,polyak-smoothed,289,polyak-smoothed,289,21140.726156571527,21141.259707326615,21294
/Users/a/Ayanami/code/TSP/data/classic/tsplib/kroD100.tsp,polyak-smoothed,290,polyak-smoothed,290,21141.186332078367,21141.259707326615,21294
/Users/a/Ayanami/code/TSP/data/classic/tsplib/kroD100.tsp,polyak-smoothed,291,polyak-smoothed,291,21140.546783893671,21141.259707326615,21294
/Users/a/Ayanami/code/TSP/data/classic/tsplib/kroD100.tsp,polyak-smoothed,292,polyak-smoothed,292,21141.06103995772,21141.259707326615,21294
/Users/a/Ayanami/code/TSP/data/classic/tsplib/kroD100.tsp,polyak-smoothed,293,polyak-smoothed,293,21140.691983561643,21141.259707326615,21294
/Users/a/Ayanami/code/TSP/data/classic/tsplib/kroD100.tsp,polyak-smoothed,294,polyak-smoothed,294,21141.158918617824,21141.259707326615,21294
/Users/a/Ayanami/code/TSP/data/classic/tsplib/kroD100.tsp,polyak-smoothed,295,polyak-smoothed,295,21140.768785272216,21141.259707326615,21294
/Users/a/Ayanami/code/TSP/data/classic/tsplib/kroD100.tsp,polyak-smoothed,296,polyak-smoothed,296,21141.091763292177,21141.259707326615,21294
/Users/a/Ayanami/code/TSP/data/classic/tsplib/kroD100.tsp,polyak-smoothed,297,polyak-smoothed,297,21140.791149202876,21141.259707326615,21294
/Users/a/Ayanami/code/TSP/data/classic/tsplib/kroD100.tsp,polyak-smoothed,298,polyak-smoothed,298,21141.069312055992,21141.259707326615,21294
/Users/a/Ayanami/code/TSP/data/classic/tsplib/kroD100.tsp,polyak-smoothed,299,polyak-smoothed,299,21141.229963729547,21141.259707326615,21294
/Users/a/Ayanami/code/TSP/data/classic/tsplib/kroD100.tsp,polyak-smoothed,300,polyak-smoothed,300,21141.25915550203,21141.259707326615,21294
/Users/a/Ayanami/code/TSP/data/classic/tsplib/kroD100.tsp,polyak-smoothed,301,polyak-smoothed,301,21141.113739246655,21141.259707326615,21294
/Users/a/Ayanami/code/TSP/data/classic/tsplib/kroD100.tsp,polyak-smoothed,302,polyak-smoothed,302,21141.340114627557,21141.340114627557,21294
/Users/a/Ayanami/code/TSP/data/classic/tsplib/kroD100.tsp,polyak-smoothed,303,polyak-smoothed,303,21141.053455048517,21141.340114627557,21294
/Users/a/Ayanami/code/TSP/data/classic/tsplib/kroD100.tsp,polyak-smoothed,304,polyak-smoothed,304,21141.215628062673,21141.340114627557,21294
/Users/a/Ayanami/code/TSP/data/classic/tsplib/kroD100.tsp,polyak-smoothed,305,polyak-smoothed,305,21141.130301508285,21141.340114627557,21294
/Users/a/Ayanami/code/TSP/data/classic/tsplib/kroD100.tsp,polyak-smoothed,306,polyak-smoothed,306,21141.304841606929,21141.340114627557,21294
/Users/a/Ayanami/code/TSP/data/classic/tsplib/kroD100.tsp,polyak-smoothed,307,polyak-smoothed,307,21141.074850019413,21141.340114627557,21294
/Users/a/Ayanami/code/TSP/data/classic/tsplib/kroD100.tsp,polyak-smoothed,308,polyak-smoothed,308,21141.262172754421,21141.340114627557,21294
/Users/a/Ayanami/code/TSP/data/classic/tsplib/kroD100.tsp,polyak-smoothed,309,polyak-smoothed,309,21141.093662619973,21141.340114627557,21294
/Users/a/Ayanami/code/TSP/data/classic/tsplib/kroD100.tsp,polyak-smoothed,310,polyak-smoothed,310,21141.287649534203,21141.340114627557,21294
/Users/a/Ayanami/code/TSP/data/classic/tsplib/kroD100.tsp,polyak-smoothed,311,polyak-smoothed,311,21141.108838584849,21141.340114627557,21294
/Users/a/Ayanami/code/TSP/data/classic/tsplib/kroD100.tsp,polyak-smoothed,312,polyak-smoothed,312,21141.312335779447,21141.340114627557,21294
/Users/a/Ayanami/code/TSP/data/classic/tsplib/kroD100.tsp,polyak-smoothed,313,polyak-smoothed,313,21141.05945377774,21141.340114627557,21294
/Users/a/Ayanami/code/TSP/data/classic/tsplib/kroD100.tsp,polyak-smoothed,314,polyak-smoothed,314,21141.268182785447,21141.340114627557,21294
/Users/a/Ayanami/code/TSP/data/classic/tsplib/kroD100.tsp,polyak-smoothed,315,polyak-smoothed,315,21141.139180788199,21141.340114627557,21294
/Users/a/Ayanami/code/TSP/data/classic/tsplib/kroD100.tsp,polyak-smoothed,316,polyak-smoothed,316,21141.262412646887,21141.340114627557,21294
/Users/a/Ayanami/code/TSP/data/classic/tsplib/kroD100.tsp,polyak-smoothed,317,polyak-smoothed,317,21141.409045668333,21141.409045668333,21294
/Users/a/Ayanami/code/TSP/data/classic/tsplib/kroD100.tsp,polyak-smoothed,318,polyak-smoothed,318,21141.418983793912,21141.418983793912,21294
/Users/a/Ayanami/code/TSP/data/classic/tsplib/kroD100.tsp,polyak-smoothed,319,polyak-smoothed,319,21141.312682536558,21141.418983793912,21294
/Users/a/Ayanami/code/TSP/data/classic/tsplib/kroD100.tsp,polyak-smoothed,320,polyak-smoothed,320,21141.342759664498,21141.418983793912,21294
/Users/a/Ayanami/code/TSP/data/classic/tsplib/kroD100.tsp,polyak-smoothed,321,polyak-smoothed,321,21141.369079506789,21141.418983793912,21294
/Users/a/Ayanami/code/TSP/data/classic/tsplib/kroD100.tsp,polyak-smoothed,322,polyak-smoothed,322,21141.372584008826,21141.418983793912,21294
/Users/a/Ayanami/code/TSP/data/classic/tsplib/kroD100.tsp,polyak-smoothed,323,polyak-smoothed,323,21141.414644828536,21141.418983793912,21294
/Users/a/Ayanami/code/TSP/data/classic/tsplib/kroD100.tsp,polyak-smoothed,324,polyak-smoothed,324,21141.420472815971,21141.420472815971,21294
/Users/a/Ayanami/code/TSP/data/classic/tsplib/kroD100.tsp,polyak-smoothed,325,polyak-smoothed,325,21141.423356032588,21141.423356032588,21294
/Users/a/Ayanami/code/TSP/data/classic/tsplib/kroD100.tsp,polyak-smoothed,326,polyak-smoothed,326,21141.378153612346,21141.423356032588,21294
/Users/a/Ayanami/code/TSP/data/classic/tsplib/kroD100.tsp,polyak-smoothed,327,polyak-smoothed,327,21141.445468287919,21141.445468287919,21294
/Users/a/Ayanami/code/TSP/data/classic/tsplib/kroD100.tsp,polyak-smoothed,328,polyak-smoothed,328,21141.259672507433,21141.445468287919,21294
/Users/a/Ayanami/code/TSP/data/classic/tsplib/kroD100.tsp,polyak-smoothed,329,polyak-smoothed,329,21141.407639350593,21141.445468287919,21294
/Users/a/Ayanami/code/TSP/data/classic/tsplib/kroD100.tsp,polyak-smoothed,330,polyak-smoothed,330,21141.258193728136,21141.445468287919,21294
/Users/a/Ayanami/code/TSP/data/classic/tsplib/kroD100.tsp,polyak-smoothed,331,polyak-smoothed,331,21141.346323479873,21141.445468287919,21294
/Users/a/Ayanami/code/TSP/data/classic/tsplib/kroD100.tsp,polyak-smoothed,332,polyak-smoothed,332,21141.403136650682,21141.445468287919,21294
/Users/a/Ayanami/code/TSP/data/classic/tsplib/kroD100.tsp,polyak-smoothed,333,polyak-smoothed,333,21141.41296960516,21141.445468287919,21294
/Users/a/Ayanami/code/TSP/data/classic/tsplib/kroD100.tsp,polyak-smoothed,334,polyak-smoothed,334,21141.437812976885,21141.445468287919,21294
/Users/a/Ayanami/code/TSP/data/classic/tsplib/kroD100.tsp,polyak-smoothed,335,polyak-smoothed,335,21141.374098779841,21141.445468287919,21294
/Users/a/Ayanami/code/TSP/data/classic/tsplib/kroD100.tsp,polyak-smoothed,336,polyak-smoothed,336,21141.441367346255,21141.445468287919,21294
/Users/a/Ayanami/code/TSP/data/classic/tsplib/kroD100.tsp,polyak-smoothed,337,polyak-smoothed,337,21141.357193954216,21141.445468287919,21294
/Users/a/Ayanami/code/TSP/data/classic/tsplib/kroD100.tsp,polyak-smoothed,338,polyak-smoothed,338,21141.406025508608,21141.445468287919,21294
/Users/a/Ayanami/code/TSP/data/classic/tsplib/kroD100.tsp,polyak-smoothed,339,polyak-smoothed,339,21141.430063740016,21141.445468287919,21294
/Users/a/Ayanami/code/TSP/data/classic/tsplib/kroD100.tsp,polyak-smoothed,340,polyak-smoothed,340,21141.431869873461,21141.445468287919,21294
/Users/a/Ayanami/code/TSP/data/classic/tsplib/kroD100.tsp,polyak-smoothed,341,polyak-smoothed,341,21141.470121162467,21141.470121162467,21294
/Users/a/Ayanami/code/TSP/data/classic/tsplib/kroD100.tsp,polyak-smoothed,342,polyak-smoothed,342,21141.433534063977,21141.470121162467,21294
/Users/a/Ayanami/code/TSP/data/classic/tsplib/kroD100.tsp,polyak-smoothed,343,polyak-smoothed,343,21141.46318730784,21141.470121162467,21294
/Users/a/Ayanami/code/TSP/data/classic/tsplib/kroD100.tsp,polyak-smoothed,344,polyak-smoothed,344,21141.462558320607,21141.470121162467,21294
/Users/a/Ayanami/code/TSP/data/classic/tsplib/kroD100.tsp,polyak-smoothed,345,polyak-smoothed,345,21141.438109644809,21141.470121162467,21294
/Users/a/Ayanami/code/TSP/data/classic/tsplib/kroD100.tsp,polyak-smoothed,346,polyak-smoothed,346,21141.462406729544,21141.470121162467,21294
/Users/a/Ayanami/code/TSP/data/classic/tsplib/kroD100.tsp,polyak-smoothed,347,polyak-smoothed,347,21141.439679810832,21141.470121162467,21294
/Users/a/Ayanami/code/TSP/data/classic/tsplib/kroD100.tsp,polyak-smoothed,348,polyak-smoothed,348,21141.476929154192,21141.476929154192,21294
/Users/a/Ayanami/code/TSP/data/classic/tsplib/kroD100.tsp,polyak-smoothed,349,polyak-smoothed,349,21141.358645568187,21141.476929154192,21294
/Users/a/Ayanami/code/TSP/data/classic/tsplib/kroD100.tsp,polyak-smoothed,350,polyak-smoothed,350,21141.430483789805,21141.476929154192,21294
/Users/a/Ayanami/code/TSP/data/classic/tsplib/kroD100.tsp,polyak-smoothed,351,polyak-smoothed,351,21141.42611997444,21141.476929154192,21294
/Users/a/Ayanami/code/TSP/data/classic/tsplib/kroD100.tsp,polyak-smoothed,352,polyak-smoothed,352,21141.453661977263,21141.476929154192,21294
/Users/a/Ayanami/code/TSP/data/classic/tsplib/kroD100.tsp,polyak-smoothed,353,polyak-smoothed,353,21141.414021682838,21141.476929154192,21294
/Users/a/Ayanami/code/TSP/data/classic/tsplib/kroD100.tsp,polyak-smoothed,354,polyak-smoothed,354,21141.443898224308,21141.476929154192,21294
/Users/a/Ayanami/code/TSP/data/classic/tsplib/kroD100.tsp,polyak-smoothed,355,polyak-smoothed,355,21141.448852284117,21141.476929154192,21294
/Users/a/Ayanami/code/TSP/data/classic/tsplib/kroD100.tsp,polyak-smoothed,356,polyak-smoothed,356,21141.429521408114,21141.476929154192,21294
/Users/a/Ayanami/code/TSP/data/classic/tsplib/kroD100.tsp,polyak-smoothed,357,polyak-smoothed,357,21141.458285567918,21141.476929154192,21294
/Users/a/Ayanami/code/TSP/data/classic/tsplib/kroD100.tsp,polyak-smoothed,358,polyak-smoothed,358,21141.402154251933,21141.476929154192,21294
/Users/a/Ayanami/code/TSP/data/classic/tsplib/kroD100.tsp,polyak-smoothed,359,polyak-smoothed,359,21141.459749427635,21141.476929154192,21294
/Users/a/Ayanami/code/TSP/data/classic/tsplib/kroD100.tsp,polyak-smoothed,360,polyak-smoothed,360,21141.404222628938,21141.476929154192,21294
/Users/a/Ayanami/code/TSP/data/classic/tsplib/kroD100.tsp,polyak-smoothed,361,polyak-smoothed,361,21141.443790915804,21141.476929154192,21294
/Users/a/Ayanami/code/TSP/data/classic/tsplib/kroD100.tsp,polyak-smoothed,362,polyak-smoothed,362,21141.445537317333,21141.476929154192,21294
/Users/a/Ayanami/code/TSP/data/classic/tsplib/kroD100.tsp,polyak-smoothed,363,polyak-smoothed,363,21141.471401446124,21141.476929154192,21294
/Users/a/Ayanami/code/TSP/data/classic/tsplib/kroD100.tsp,polyak-smoothed,364,polyak-smoothed,364,21141.465163428107,21141.476929154192,21294
/Users/a/Ayanami/code/TSP/data/classic/tsplib/kroD100.tsp,polyak-smoothed,365,polyak-smoothed,365,21141.476497433545,21141.476929154192,21294
/Users/a/Ayanami/code/TSP/data/classic/tsplib/kroD100.tsp,polyak-smoothed,366,polyak-smoothed,366,21141.473513046596,21141.476929154192,21294
/Users/a/Ayanami/code/TSP/data/classic/tsplib/kroD100.tsp,polyak-smoothed,367,polyak-smoothed,367,21141.472368373812,21141.476929154192,21294
/Users/a/Ayanami/code/TSP/data/classic/tsplib/kroD100.tsp,polyak-smoothed,368,polyak-smoothed,368,21141.469707780772,21141.476929154192,21294
/Users/a/Ayanami/code/TSP/data/classic/tsplib/kroD100.tsp,polyak-smoothed,369,polyak-smoothed,369,21141.464283222627,21141.476929154192,21294
/Users/a/Ayanami/code/TSP/data/classic/tsplib/kroD100.tsp,polyak-smoothed,370,polyak-smoothed,370,21141.469748522897,21141.476929154192,21294
/Users/a/Ayanami/code/TSP/data/classic/tsplib/kroD100.tsp,polyak-smoothed,371,polyak-smoothed,371,21141.476084136531,21141.476929154192,21294
/Users/a/Ayanami/code/TSP/data/classic/tsplib/kroD100.tsp,polyak-smoothed,372,polyak-smoothed,372,21141.477852520828,21141.477852520828,21294
/Users/a/Ayanami/code/TSP/data/classic/tsplib/kroD100.tsp,polyak-smoothed,373,polyak-smoothed,373,21141.466004378042,21141.477852520828,21294
/Users/a/Ayanami/code/TSP/data/classic/tsplib/kroD100.tsp,polyak-smoothed,374,polyak-smoothed,374,21141.481841283119,21141.481841283119,21294
/Users/a/Ayanami/code/TSP/data/classic/tsplib/kroD100.tsp,polyak-smoothed,375,polyak-smoothed,375,21141.473186539482,21141.481841283119,21294
/Users/a/Ayanami/code/TSP/data/classic/tsplib/kroD100.tsp,polyak-smoothed,376,polyak-smoothed,376,21141.484351000487,21141.484351000487,21294
/Users/a/Ayanami/code/TSP/data/classic/tsplib/kroD100.tsp,polyak-smoothed,377,polyak-smoothed,377,21141.477409170562,21141.484351000487,21294
/Users/a/Ayanami/code/TSP/data/classic/tsplib/kroD100.tsp,polyak-smoothed,378,polyak-smoothed,378,21141.476997171892,21141.484351000487,21294
/Users/a/Ayanami/code/TSP/data/classic/tsplib/kroD100.tsp,polyak-smoothed,379,polyak-smoothed,379,21141.476206167212,21141.484351000487,21294
/Users/a/Ayanami/code/TSP/data/classic/tsplib/kroD100.tsp,polyak-smoothed,380,polyak-smoothed,380,21141.467335420937,21141.484351000487,21294
/Users/a/Ayanami/code/TSP/data/classic/tsplib/kroD100.tsp,polyak-smoothed,381,polyak-smoothed,381,21141.487809047001,21141.487809047001,21294
/Users/a/Ayanami/code/TSP/data/classic/tsplib/kroD100.tsp,polyak-smoothed,382,polyak-smoothed,382,21141.472925722483,21141.487809047001,21294
/Users/a/Ayanami/code/TSP/data/classic/tsplib/kroD100.tsp,polyak-smoothed,383,polyak-smoothed,383,21141.473382636694,21141.487809047001,21294
/Users/a/Ayanami/code/TSP/data/classic/tsplib/kroD100.tsp,polyak-smoothed,384,polyak-smoothed,384,21141.468116029449,21141.487809047001,21294
/Users/a/Ayanami/code/TSP/data/classic/tsplib/kroD100.tsp,polyak-smoothed,385,polyak-smoothed,385,21141.47430579787,21141.487809047001,21294
/Users/a/Ayanami/code/TSP/data/classic/tsplib/kroD100.tsp,polyak-smoothed,386,polyak-smoothed,386,21141.474711824336,21141.487809047001,21294
/Users/a/Ayanami/code/TSP/data/classic/tsplib/kroD100.tsp,polyak-smoothed,387,polyak-smoothed,387,21141.479168548023,21141.487809047001,21294
/Users/a/Ayanami/code/TSP/data/classic/tsplib/kroD100.tsp,polyak-smoothed,388,polyak-smoothed,388,21141.461515974384,21141.487809047001,21294
/Users/a/Ayanami/code/TSP/data/classic/tsplib/kroD100.tsp,polyak-smoothed,389,polyak-smoothed,389,21141.482129114906,21141.487809047001,21294
/Users/a/Ayanami/code/TSP/data/classic/tsplib/kroD100.tsp,polyak-smoothed,390,polyak-smoothed,390,21141.445576695551,21141.487809047001,21294
/Users/a/Ayanami/code/TSP/data/classic/tsplib/kroD100.tsp,polyak-smoothed,391,polyak-smoothed,391,21141.461731041887,21141.487809047001,21294
/Users/a/Ayanami/code/TSP/data/classic/tsplib/kroD100.tsp,polyak-smoothed,392,polyak-smoothed,392,21141.462491530576,21141.487809047001,21294
/Users/a/Ayanami/code/TSP/data/classic/tsplib/kroD100.tsp,polyak-smoothed,393,polyak-smoothed,393,21141.483926910882,21141.487809047001,21294
/Users/a/Ayanami/code/TSP/data/classic/tsplib/kroD100.tsp,polyak-smoothed,394,polyak-smoothed,394,21141.472401256906,21141.487809047001,21294
/Users/a/Ayanami/code/TSP/data/classic/tsplib/kroD100.tsp,polyak-smoothed,395,polyak-smoothed,395,21141.479382484245,21141.487809047001,21294
/Users/a/Ayanami/code/TSP/data/classic/tsplib/kroD100.tsp,polyak-smoothed,396,polyak-smoothed,396,21141.473570692007,21141.487809047001,21294
/Users/a/Ayanami/code/TSP/data/classic/tsplib/kroD100.tsp,polyak-smoothed,397,polyak-smoothed,397,21141.488316867479,21141.488316867479,21294
/Users/a/Ayanami/code/TSP/data/classic/tsplib/kroD100.tsp,polyak-smoothed,398,polyak-smoothed,398,21141.479126345548,21141.488316867479,21294
/Users/a/Ayanami/code/TSP/data/classic/tsplib/kroD100.tsp,polyak-smoothed,399,polyak-smoothed,399,21141.488929822193,21141.488929822193,21294
/Users/a/Ayanami/code/TSP/data/classic/tsplib/kroD100.tsp,polyak-smoothed,400,polyak-smoothed,400,21141.484800166989,21141.488929822193,21294
/Users/a/Ayanami/code/TSP/data/classic/tsplib/kroD100.tsp,polyak-smoothed,401,polyak-smoothed,401,21141.491730389036,21141.491730389036,21294
/Users/a/Ayanami/code/TSP/data/classic/tsplib/kroD100.tsp,polyak-smoothed,402,polyak-smoothed,402,21141.47928857799,21141.491730389036,21294
/Users/a/Ayanami/code/TSP/data/classic/tsplib/kroD100.tsp,polyak-smoothed,403,polyak-smoothed,403,21141.48220422797,21141.491730389036,21294
/Users/a/Ayanami/code/TSP/data/classic/tsplib/kroD100.tsp,polyak-smoothed,404,polyak-smoothed,404,21141.492191606161,21141.492191606161,21294
/Users/a/Ayanami/code/TSP/data/classic/tsplib/kroD100.tsp,polyak-smoothed,405,polyak-smoothed,405,21141.484818703557,21141.492191606161,21294
/Users/a/Ayanami/code/TSP/data/classic/tsplib/kroD100.tsp,polyak-smoothed,406,polyak-smoothed,406,21141.488632984612,21141.492191606161,21294
/Users/a/Ayanami/code/TSP/data/classic/tsplib/kroD100.tsp,polyak-smoothed,407,polyak-smoothed,407,21141.483803206756,21141.492191606161,21294
/Users/a/Ayanami/code/TSP/data/classic/tsplib/kroD100.tsp,polyak-smoothed,408,polyak-smoothed,408,21141.490675719717,21141.492191606161,21294
/Users/a/Ayanami/code/TSP/data/classic/tsplib/kroD100.tsp,polyak-smoothed,409,polyak-smoothed,409,21141.489317862852,21141.492191606161,21294
/Users/a/Ayanami/code/TSP/data/classic/tsplib/kroD100.tsp,polyak-smoothed,410,polyak-smoothed,410,21141.492955660295,21141.492955660295,21294
/Users/a/Ayanami/code/TSP/data/classic/tsplib/kroD100.tsp,polyak-smoothed,411,polyak-smoothed,411,21141.489495203885,21141.492955660295,21294
/Users/a/Ayanami/code/TSP/data/classic/tsplib/kroD100.tsp,polyak-smoothed,412,polyak-smoothed,412,21141.489216221256,21141.492955660295,21294
/Users/a/Ayanami/code/TSP/data/classic/tsplib/kroD100.tsp,polyak-smoothed,413,polyak-smoothed,413,21141.491312459308,21141.492955660295,21294
/Users/a/Ayanami/code/TSP/data/classic/tsplib/kroD100.tsp,polyak-smoothed,414,polyak-smoothed,414,21141.489793541932,21141.492955660295,21294
/Users/a/Ayanami/code/TSP/data/classic/tsplib/kroD100.tsp,polyak-smoothed,415,polyak-smoothed,415,21141.49212211986,21141.492955660295,21294
/Users/a/Ayanami/code/TSP/data/classic/tsplib/kroD100.tsp,polyak-smoothed,416,polyak-smoothed,416,21141.487756903283,21141.492955660295,21294
/Users/a/Ayanami/code/TSP/data/classic/tsplib/kroD100.tsp,polyak-smoothed,417,polyak-smoothed,417,21141.493306863191,21141.493306863191,21294
/Users/a/Ayanami/code/TSP/data/classic/tsplib/kroD100.tsp,polyak-smoothed,418,polyak-smoothed,418,21141.486631640066,21141.493306863191,21294
/Users/a/Ayanami/code/TSP/data/classic/tsplib/kroD100.tsp,polyak-smoothed,419,polyak-smoothed,419,21141.49467980499,21141.49467980499,21294
/Users/a/Ayanami/code/TSP/data/classic/tsplib/kroD100.tsp,polyak-smoothed,420,polyak-smoothed,420,21141.486230648199,21141.49467980499,21294
/Users/a/Ayanami/code/TSP/data/classic/tsplib/kroD100.tsp,polyak-smoothed,421,polyak-smoothed,421,21141.491066778926,21141.49467980499,21294
/Users/a/Ayanami/code/TSP/data/classic/tsplib/kroD100.tsp,polyak-smoothed,422,polyak-smoothed,422,21141.486212616826,21141.49467980499,21294
/Users/a/Ayanami/code/TSP/data/classic/tsplib/kroD100.tsp,polyak-smoothed,423,polyak-smoothed,423,21141.473858134355,21141.49467980499,21294
/Users/a/Ayanami/code/TSP/data/classic/tsplib/kroD100.tsp,polyak-smoothed,424,polyak-smoothed,424,21141.483956960634,21141.49467980499,21294
/Users/a/Ayanami/code/TSP/data/classic/tsplib/kroD100.tsp,polyak-smoothed,425,polyak-smoothed,425,21141.482677071213,21141.49467980499,21294
/Users/a/Ayanami/code/TSP/data/classic/tsplib/kroD100.tsp,polyak-smoothed,426,polyak-smoothed,426,21141.48967475451,21141.49467980499,21294
/Users/a/Ayanami/code/TSP/data/classic/tsplib/kroD100.tsp,polyak-smoothed,427,polyak-smoothed,427,21141.483202136016,21141.49467980499,21294
/Users/a/Ayanami/code/TSP/data/classic/tsplib/kroD100.tsp,polyak-smoothed,428,polyak-smoothed,428,21141.48845888715,21141.49467980499,21294
/Users/a/Ayanami/code/TSP/data/classic/tsplib/kroD100.tsp,polyak-smoothed,429,polyak-smoothed,429,21141.474724942258,21141.49467980499,21294
/Users/a/Ayanami/code/TSP/data/classic/tsplib/kroD100.tsp,polyak-smoothed,430,polyak-smoothed,430,21141.48475111731,21141.49467980499,21294
/Users/a/Ayanami/code/TSP/data/classic/tsplib/kroD100.tsp,polyak-smoothed,431,polyak-smoothed,431,21141.483465710873,21141.49467980499,21294
/Users/a/Ayanami/code/TSP/data/classic/tsplib/kroD100.tsp,polyak-smoothed,432,polyak-smoothed,432,21141.48165183852,21141.49467980499,21294
/Users/a/Ayanami/code/TSP/data/classic/tsplib/kroD100.tsp,polyak-smoothed,433,polyak-smoothed,433,21141.484157184859,21141.49467980499,21294
/Users/a/Ayanami/code/TSP/data/classic/tsplib/kroD100.tsp,polyak-smoothed,434,polyak-smoothed,434,21141.492318910623,21141.49467980499,21294
/Users/a/Ayanami/code/TSP/data/classic/tsplib/kroD100.tsp,polyak-smoothed,435,polyak-smoothed,435,21141.487699782137,21141.49467980499,21294
/Users/a/Ayanami/code/TSP/data/classic/tsplib/kroD100.tsp,polyak-smoothed,436,polyak-smoothed,436,21141.492442216906,21141.49467980499,21294
/Users/a/Ayanami/code/TSP/data/classic/tsplib/kroD100.tsp,polyak-smoothed,437,polyak-smoothed,437,21141.488237869675,21141.49467980499,21294
/Users/a/Ayanami/code/TSP/data/classic/tsplib/kroD100.tsp,polyak-smoothed,438,polyak-smoothed,438,21141.493327495642,21141.49467980499,21294
/Users/a/Ayanami/code/TSP/data/classic/tsplib/kroD100.tsp,polyak-smoothed,439,polyak-smoothed,439,21141.489808363462,21141.49467980499,21294
/Users/a/Ayanami/code/TSP/data/classic/tsplib/kroD100.tsp,polyak-smoothed,440,polyak-smoothed,440,21141.490327872583,21141.49467980499,21294
/Users/a/Ayanami/code/TSP/data/classic/tsplib/kroD100.tsp,polyak-smoothed,441,polyak-smoothed,441,21141.493932994483,21141.49467980499,21294
/Users/a/Ayanami/code/TSP/data/classic/tsplib/kroD100.tsp,polyak-smoothed,442,polyak-smoothed,442,21141.492678113507,21141.49467980499,21294
/Users/a/Ayanami/code/TSP/data/classic/tsplib/kroD100.tsp,polyak-smoothed,443,polyak-smoothed,443,21141.492958931434,21141.49467980499,21294
/Users/a/Ayanami/code/TSP/data/classic/tsplib/kroD100.tsp,polyak-smoothed,444,polyak-smoothed,444,21141.494407050355,21141.49467980499,21294
/Users/a/Ayanami/code/TSP/data/classic/tsplib/kroD100.tsp,polyak-smoothed,445,polyak-smoothed,445,21141.495127610197,21141.495127610197,21294
/Users/a/Ayanami/code/TSP/data/classic/tsplib/kroD100.tsp,polyak-smoothed,446,polyak-smoothed,446,21141.495421611973,21141.495421611973,21294
/Users/a/Ayanami/code/TSP/data/classic/tsplib/kroD100.tsp,polyak-smoothed,447,polyak-smoothed,447,21141.496160349379,21141.496160349379,21294
/Users/a/Ayanami/code/TSP/data/classic/tsplib/kroD100.tsp,polyak-smoothed,448,polyak-smoothed,448,21141.496225671577,21141.496225671577,21294
/Users/a/Ayanami/code/TSP/data/classic/tsplib/kroD100.tsp,polyak-smoothed,449,polyak-smoothed,449,21141.497473158273,21141.497473158273,21294
/Users/a/Ayanami/code/TSP/data/classic/tsplib/kroD100.tsp,polyak-smoothed,450,polyak-smoothed,450,21141.494571432188,21141.497473158273,21294
/Users/a/Ayanami/code/TSP/data/classic/tsplib/kroD100.tsp,polyak-smoothed,451,polyak-smoothed,451,21141.496601410487,21141.497473158273,21294
/Users/a/Ayanami/code/TSP/data/classic/tsplib/kroD100.tsp,polyak-smoothed,452,polyak-smoothed,452,21141.493399702049,21141.497473158273,21294
/Users/a/Ayanami/code/TSP/data/classic/tsplib/kroD100.tsp,polyak-smoothed,453,polyak-smoothed,453,21141.496491293459,21141.497473158273,21294
/Users/a/Ayanami/code/TSP/data/classic/tsplib/kroD100.tsp,polyak-smoothed,454,polyak-smoothed,454,21141.493879502155,21141.497473158273,21294
/Users/a/Ayanami/code/TSP/data/classic/tsplib/kroD100.tsp,polyak-smoothed,455,polyak-smoothed,455,21141.496491304624,21141.497473158273,21294
/Users/a/Ayanami/code/TSP/data/classic/tsplib/kroD100.tsp,polyak-smoothed,456,polyak-smoothed,456,21141.497196012537,21141.497473158273,21294
/Users/a/Ayanami/code/TSP/data/classic/tsplib/kroD100.tsp,polyak-smoothed,457,polyak-smoothed,457,21141.497675956478,21141.497675956478,21294
/Users/a/Ayanami/code/TSP/data/classic/tsplib/kroD100.tsp,polyak-smoothed,458,polyak-smoothed,458,21141.49637235987,21141.497675956478,21294
/Users/a/Ayanami/code/TSP/data/classic/tsplib/kroD100.tsp,polyak-smoothed,459,polyak-smoothed,459,21141.4986718482,21141.4986718482,21294
/Users/a/Ayanami/code/TSP/data/classic/tsplib/kroD100.tsp,polyak-smoothed,460,polyak-smoothed,460,21141.494036676744,21141.4986718482,21294
/Users/a/Ayanami/code/TSP/data/classic/tsplib/kroD100.tsp,polyak-smoothed,461,polyak-smoothed,461,21141.496025991179,21141.4986718482,21294
/Users/a/Ayanami/code/TSP/data/classic/tsplib/kroD100.tsp,polyak-smoothed,462,polyak-smoothed,462,21141.496855456386,21141.4986718482,21294
/Users/a/Ayanami/code/TSP/data/classic/tsplib/kroD100.tsp,polyak-smoothed,463,polyak-smoothed,463,21141.496733536944,21141.4986718482,21294
/Users/a/Ayanami/code/TSP/data/classic/tsplib/kroD100.tsp,polyak-smoothed,464,polyak-smoothed,464,21141.497511214711,21141.4986718482,21294
/Users/a/Ayanami/code/TSP/data/classic/tsplib/kroD100.tsp,polyak-smoothed,465,polyak-smoothed,465,21141.497790642003,21141.4986718482,21294
/Users/a/Ayanami/code/TSP/data/classic/tsplib/kroD100.tsp,polyak-smoothed,466,polyak-smoothed,466,21141.497152884102,21141.4986718482,21294
/Users/a/Ayanami/code/TSP/data/classic/tsplib/kroD100.tsp,polyak-smoothed,467,polyak-smoothed,467,21141.497597017256,21141.4986718482,21294
/Users/a/Ayanami/code/TSP/data/classic/tsplib/kroD100.tsp,polyak-smoothed,468,polyak-smoothed,468,21141.497195014195,21141.4986718482,21294
/Users/a/Ayanami/code/TSP/data/classic/tsplib/kroD100.tsp,polyak-smoothed,469,polyak-smoothed,469,21141.498207874862,21141.4986718482,21294
/Users/a/Ayanami/code/TSP/data/classic/tsplib/kroD100.tsp,polyak-smoothed,470,polyak-smoothed,470,21141.497301706393,21141.4986718482,21294
/Users/a/Ayanami/code/TSP/data/classic/tsplib/kroD100.tsp,polyak-smoothed,471,polyak-smoothed,471,21141.497835430499,21141.4986718482,21294
/Users/a/Ayanami/code/TSP/data/classic/tsplib/kroD100.tsp,polyak-smoothed-dynamic,1,polyak-smoothed-dynamic,1,18991,18991,21294
/Users/a/Ayanami/code/TSP/data/classic/tsplib/kroD100.tsp,polyak-smoothed-dynamic,2,polyak-smoothed-dynamic,2,16619.142857142859,18991,21294
/Users/a/Ayanami/code/TSP/data/classic/tsplib/kroD100.tsp,polyak-smoothed-dynamic,3,polyak-smoothed-dynamic,3,18017.321415744733,18991,21294
/Users/a/Ayanami/code/TSP/data/classic/tsplib/kroD100.tsp,polyak-smoothed-dynamic,4,polyak-smoothed-dynamic,4,19211.985567764248,19211.985567764248,21294
/Users/a/Ayanami/code/TSP/data/classic/tsplib/kroD100.tsp,polyak-smoothed-dynamic,5,polyak-smoothed-dynamic,5,19448.696379320634,19448.696379320634,21294
/Users/a/Ayanami/code/TSP/data/classic/tsplib/kroD100.tsp,polyak-smoothed-dynamic,6,polyak-smoothed-dynamic,6,19214.512689964253,19448.696379320634,21294
/Users/a/Ayanami/code/TSP/data/classic/tsplib/kroD100.tsp,polyak-smoothed-dynamic,7,polyak-smoothed-dynamic,7,19731.10329451926,19731.10329451926,21294
/Users/a/Ayanami/code/TSP/data/classic/tsplib/kroD100.tsp,polyak-smoothed-dynamic,8,polyak-smoothed-dynamic,8,19493.000335032226,19731.10329451926,21294
/Users/a/Ayanami/code/TSP/data/classic/tsplib/kroD100.tsp,polyak-smoothed-dynamic,9,polyak-smoothed-dynamic,9,19755.474985416084,19755.474985416084,21294
/Users/a/Ayanami/code/TSP/data/classic/tsplib/kroD100.tsp,polyak-smoothed-dynamic,10,polyak-smoothed-dynamic,10,19947.47375233646,19947.47375233646,21294
/Users/a/Ayanami/code/TSP/data/classic/tsplib/kroD100.tsp,polyak-smoothed-dynamic,11,polyak-smoothed-dynamic,11,20000.333237831972,20000.333237831972,21294
/Users/a/Ayanami/code/TSP/data/classic/tsplib/kroD100.tsp,polyak-smoothed-dynamic,12,polyak-smoothed-dynamic,12,19770.257205275433,20000.333237831972,21294
/Users/a/Ayanami/code/TSP/data/classic/tsplib/kroD100.tsp,polyak-smoothed-dynamic,13,polyak-smoothed-dynamic,13,19780.574158280448,20000.333237831972,21294
/Users/a/Ayanami/code/TSP/data/classic/tsplib/kroD100.tsp,polyak-smoothed-dynamic,14,polyak-smoothed-dynamic,14,19900.198754626508,20000.333237831972,21294
/Users/a/Ayanami/code/TSP/data/classic/tsplib/kroD100.tsp,polyak-smoothed-dynamic,15,polyak-smoothed-dynamic,15,19746.678317375125,20000.333237831972,21294
/Users/a/Ayanami/code/TSP/data/classic/tsplib/kroD100.tsp,polyak-smoothed-dynamic,16,polyak-smoothed-dynamic,16,19575.082366040617,20000.333237831972,21294
/Users/a/Ayanami/code/TSP/data/classic/tsplib/kroD100.tsp,polyak-smoothed-dynamic,17,polyak-smoothed-dynamic,17,19903.396599524192,20000.333237831972,21294
/Users/a/Ayanami/code/TSP/data/classic/tsplib/kroD100.tsp,polyak-smoothed-dynamic,18,polyak-smoothed-dynamic,18,20098.29856657255,20098.29856657255,21294
/Users/a/Ayanami/code/TSP/data/classic/tsplib/kroD100.tsp,polyak-smoothed-dynamic,19,polyak-smoothed-dynamic,19,19910.793578417302,20098.29856657255,21294
/Users/a/Ayanami/code/TSP/data/classic/tsplib/kroD100.tsp,polyak-smoothed-dynamic,20,polyak-smoothed-dynamic,20,20035.314346351399,20098.29856657255,21294
/Users/a/Ayanami/code/TSP/data/classic/tsplib/kroD100.tsp,polyak-smoothed-dynamic,21,polyak-smoothed-dynamic,21,20017.31037581915,20098.29856657255,21294
/Users/a/Ayanami/code/TSP/data/classic/tsplib/kroD100.tsp,polyak-smoothed-dynamic,22,polyak-smoothed-dynamic,22,20008.865131884937,20098.29856657255,21294
/Users/a/Ayanami/code/TSP/data/classic/tsplib/kroD100.tsp,polyak-smoothed-dynamic,23,polyak-smoothed-dynamic,23,20310.189905419458,20310.189905419458,21294
/Users/a/Ayanami/code/TSP/data/classic/tsplib/kroD100.tsp,polyak-smoothed-dynamic,24,polyak-smoothed-dynamic,24,20254.746978366253,20310.189905419458,21294
/Users/a/Ayanami/code/TSP/data/classic/tsplib/kroD100.tsp,polyak-smoothed-dynamic,25,polyak-smoothed-dynamic,25,20318.614670429321,20318.614670429321,21294
/Users/a/Ayanami/code/TSP/data/classic/tsplib/kroD100.tsp,polyak-smoothed-dynamic,26,polyak-smoothed-dynamic,26,20360.893846910098,20360.893846910098,21294
/Users/a/Ayanami/code/TSP/data/classic/tsplib/kroD100.tsp,polyak-smoothed-dynamic,27,polyak-smoothed-dynamic,27,20147.250674987055,20360.893846910098,21294
/Users/a/Ayanami/code/TSP/data/classic/tsplib/kroD100.tsp,polyak-smoothed-dynamic,28,polyak-smoothed-dynamic,28,20396.999592177679,20396.999592177679,21294
/Users/a/Ayanami/code/TSP/data/classic/tsplib/kroD100.tsp,polyak-smoothed-dynamic,29,polyak-smoothed-dynamic,29,19870.880334281417,20396.999592177679,21294
/Users/a/Ayanami/code/TSP/data/classic/tsplib/kroD100.tsp,polyak-smoothed-dynamic,30,polyak-smoothed-dynamic,30,20168.587425570786,20396.999592177679,21294
/Users/a/Ayanami/code/TSP/data/classic/tsplib/kroD100.tsp,polyak-smoothed-dynamic,31,polyak-smoothed-dynamic,31,20174.442122415578,20396.999592177679,21294
/Users/a/Ayanami/code/TSP/data/classic/tsplib/kroD100.tsp,polyak-smoothed-dynamic,32,polyak-smoothed-dynamic,32,19710.256166834264,20396.999592177679,21294
/Users/a/Ayanami/code/TSP/data/classic/tsplib/kroD100.tsp,polyak-smoothed-dynamic,33,polyak-smoothed-dynamic,33,20085.236904920908,20396.999592177679,21294
/Users/a/Ayanami/code/TSP/data/classic/tsplib/kroD100.tsp,polyak-smoothed-dynamic,34,polyak-smoothed-dynamic,34,20063.110781079849,20396.999592177679,21294
/Users/a/Ayanami/code/TSP/data/classic/tsplib/kroD100.tsp,polyak-smoothed-dynamic,35,polyak-smoothed-dynamic,35,20066.981796294542,20396.999592177679,21294
/Users/a/Ayanami/code/TSP/data/classic/tsplib/kroD100.tsp,polyak-smoothed-dynamic,36,polyak-smoothed-dynamic,36,19995.005285907679,20396.999592177679,21294
/Users/a/Ayanami/code/TSP/data/classic/tsplib/kroD100.tsp,polyak-smoothed-dynamic,37,polyak-smoothed-dynamic,37,20403.52779069572,20403.52779069572,21294
/Users/a/Ayanami/code/TSP/data/classic/tsplib/kroD100.tsp,polyak-smoothed-dynamic,38,polyak-smoothed-dynamic,38,20269.053793516821,20403.52779069572,21294
/Users/a/Ayanami/code/TSP/data/classic/tsplib/kroD100.tsp,polyak-smoothed-dynamic,39,polyak-smoothed-dynamic,39,20185.642801918708,20403.52779069572,21294
/Users/a/Ayanami/code/TSP/data/classic/tsplib/kroD100.tsp,polyak-smoothed-dynamic,40,polyak-smoothed-dynamic,40,20293.555068788646,20403.52779069572,21294
/Users/a/Ayanami/code/TSP/data/classic/tsplib/kroD100.tsp,polyak-smoothed-dynamic,41,polyak-smoothed-dynamic,41,20238.537165081561,20403.52779069572,21294
/Users/a/Ayanami/code/TSP/data/classic/tsplib/kroD100.tsp,polyak-smoothed-dynamic,42,polyak-smoothed-dynamic,42,20468.206541781663,20468.206541781663,21294
/Users/a/Ayanami/code/TSP/data/classic/tsplib/kroD100.tsp,polyak-smoothed-dynamic,43,polyak-smoothed-dynamic,43,20394.045346435105,20468.206541781663,21294
/Users/a/Ayanami/code/TSP/data/classic/tsplib/kroD100.tsp,polyak-smoothed-dynamic,44,polyak-smoothed-dynamic,44,20382.369326184653,20468.206541781663,21294
/Users/a/Ayanami/code/TSP/data/classic/tsplib/kroD100.tsp,polyak-smoothed-dynamic,45,polyak-smoothed-dynamic,45,20372.636686399997,20468.206541781663,21294
/Users/a/Ayanami/code/TSP/data/classic/tsplib/kroD100.tsp,polyak-smoothed-dynamic,46,polyak-smoothed-dynamic,46,20348.464714010021,20468.206541781663,21294
/Users/a/Ayanami/code/TSP/data/classic/tsplib/kroD100.tsp,polyak-smoothed-dynamic,47,polyak-smoothed-dynamic,47,20166.838864935096,20468.206541781663,21294
/Users/a/Ayanami/code/TSP/data/classic/tsplib/kroD100.tsp,polyak-smoothed-dynamic,48,polyak-smoothed-dynamic,48,20385.231108266358,20468.206541781663,21294
/Users/a/Ayanami/code/TSP/data/classic/tsplib/kroD100.tsp,polyak-smoothed-dynamic,49,polyak-smoothed-dynamic,49,20123.695047658315,20468.206541781663,21294
/Users/a/Ayanami/code/TSP/data/classic/tsplib/kroD100.tsp,polyak-smoothed-dynamic,50,polyak-smoothed-dynamic,50,20296.136463403291,20468.206541781663,21294
/Users/a/Ayanami/code/TSP/data/classic/tsplib/kroD100.tsp,polyak-smoothed-dynamic,51,polyak-smoothed-dynamic,51,20269.068136366994,20468.206541781663,21294
/Users/a/Ayanami/code/TSP/data/classic/tsplib/kroD100.tsp,polyak-smoothed-dynamic,52,polyak-smoothed-dynamic,52,19823.014201303744,20468.206541781663,21294
/Users/a/Ayanami/code/TSP/data/classic/tsplib/kroD100.tsp,polyak-smoothed-dynamic,53,polyak-smoothed-dynamic,53,20126.96054038102,20468.206541781663,21294
/Users/a/Ayanami/code/TSP/data/classic/tsplib/kroD100.tsp,polyak-smoothed-dynamic,54,polyak-smoothed-dynamic,54,20132.029540590611,20468.206541781663,21294
/Users/a/Ayanami/code/TSP/data/classic/tsplib/kroD100.tsp,polyak-smoothed-dynamic,55,polyak-smoothed-dynamic,55,19987.327240882048,20468.206541781663,21294
/Users/a/Ayanami/code/TSP/data/classic/tsplib/kroD100.tsp,polyak-smoothed-dynamic,56,polyak-smoothed-dynamic,56,20527.80697985696,20527.80697985696,21294
/Users/a/Ayanami/code/TSP/data/classic/tsplib/kroD100.tsp,polyak-smoothed-dynamic,57,polyak-smoothed-dynamic,57,20715.897802365787,20715.897802365787,21294
/Users/a/Ayanami/code/TSP/data/classic/tsplib/kroD100.tsp,polyak-smoothed-dynamic,58,polyak-smoothed-dynamic,58,20846.085092630423,20846.085092630423,21294
/Users/a/Ayanami/code/TSP/data/classic/tsplib/kroD100.tsp,polyak-smoothed-dynamic,59,polyak-smoothed-dynamic,59,20695.300547220679,20846.085092630423,21294
/Users/a/Ayanami/code/TSP/data/classic/tsplib/kroD100.tsp,polyak-smoothed-dynamic,60,polyak-smoothed-dynamic,60,20775.278040789577,20846.085092630423,21294
/Users/a/Ayanami/code/TSP/data/classic/tsplib/kroD100.tsp,polyak-smoothed-dynamic,61,polyak-smoothed-dynamic,61,20960.297236529485,20960.297236529485,21294
/Users/a/Ayanami/code/TSP/data/classic/tsplib/kroD100.tsp,polyak-smoothed-dynamic,62,polyak-smoothed-dynamic,62,20700.264226804433,20960.297236529485,21294
/Users/a/Ayanami/code/TSP/data/classic/tsplib/kroD100.tsp,polyak-smoothed-dynamic,63,polyak-smoothed-dynamic,63,20883.272156909701,20960.297236529485,21294
/Users/a/Ayanami/code/TSP/data/classic/tsplib/kroD100.tsp,polyak-smoothed-dynamic,64,polyak-smoothed-dynamic,64,20911.523858951703,20960.297236529485,21294
/Users/a/Ayanami/code/TSP/data/classic/tsplib/kroD100.tsp,polyak-smoothed-dynamic,65,polyak-smoothed-dynamic,65,20857.982709379601,20960.297236529485,21294
/Users/a/Ayanami/code/TSP/data/classic/tsplib/kroD100.tsp,polyak-smoothed-dynamic,66,polyak-smoothed-dynamic,66,20927.737641902888,20960.297236529485,21294
/Users/a/Ayanami/code/TSP/data/classic/tsplib/kroD100.tsp,polyak-smoothed-dynamic,67,polyak-smoothed-dynamic,67,20830.021403931616,20960.297236529485,21294
/Users/a/Ayanami/code/TSP/data/classic/tsplib/kroD100.tsp,polyak-smoothed-dynamic,68,polyak-smoothed-dynamic,68,20923.746579856368,20960.297236529485,21294
/Users/a/Ayanami/code/TSP/data/classic/tsplib/kroD100.tsp,polyak-smoothed-dynamic,69,polyak-smoothed-dynamic,69,20808.840053496027,20960.297236529485,21294
/Users/a/Ayanami/code/TSP/data/classic/tsplib/kroD100.tsp,polyak-smoothed-dynamic,70,polyak-smoothed-dynamic,70,20921.278221252214,20960.297236529485,21294
/Users/a/Ayanami/code/TSP/data/classic/tsplib/kroD100.tsp,polyak-smoothed-dynamic,71,polyak-smoothed-dynamic,71,20963.506167940272,20963.506167940272,21294
/Users/a/Ayanami/code/TSP/data/classic/tsplib/kroD100.tsp,polyak-smoothed-dynamic,72,polyak-smoothed-dynamic,72,20849.381025615152,20963.506167940272,21294
/Users/a/Ayanami/code/TSP/data/classic/tsplib/kroD100.tsp,polyak-smoothed-dynamic,73,polyak-smoothed-dynamic,73,20903.308854985022,20963.506167940272,21294
/Users/a/Ayanami/code/TSP/data/classic/tsplib/kroD100.tsp,polyak-smoothed-dynamic,74,polyak-smoothed-dynamic,74,20842.556476550042,20963.506167940272,21294
/Users/a/Ayanami/code/TSP/data/classic/tsplib/kroD100.tsp,polyak-smoothed-dynamic,75,polyak-smoothed-dynamic,75,20918.28446357909,20963.506167940272,21294
/Users/a/Ayanami/code/TSP/data/classic/tsplib/kroD100.tsp,polyak-smoothed-dynamic,76,polyak-smoothed-dynamic,76,20794.086676400359,20963.506167940272,21294
/Users/a/Ayanami/code/TSP/data/classic/tsplib/kroD100.tsp,polyak-smoothed-dynamic,77,polyak-smoothed-dynamic,77,20887.162781155141,20963.506167940272,21294
/Users/a/Ayanami/code/TSP/data/classic/tsplib/kroD100.tsp,polyak-smoothed-dynamic,78,polyak-smoothed-dynamic,78,20839.005120209167,20963.506167940272,21294
/Users/a/Ayanami/code/TSP/data/classic/tsplib/kroD100.tsp,polyak-smoothed-dynamic,79,polyak-smoothed-dynamic,79,20941.669285033462,20963.506167940272,21294
/Users/a/Ayanami/code/TSP/data/classic/tsplib/kroD100.tsp,polyak-smoothed-dynamic,80,polyak-smoothed-dynamic,80,20828.685053798348,20963.506167940272,21294
/Users/a/Ayanami/code/TSP/data/classic/tsplib/kroD100.tsp,polyak-smoothed-dynamic,81,polyak-smoothed-dynamic,81,20881.584984097164,20963.506167940272,21294
/Users/a/Ayanami/code/TSP/data/classic/tsplib/kroD100.tsp,polyak-smoothed-dynamic,82,polyak-smoothed-dynamic,82,20808.279009557838,20963.506167940272,21294
/Users/a/Ayanami/code/TSP/data/classic/tsplib/kroD100.tsp,polyak-smoothed-dynamic,83,polyak-smoothed-dynamic,83,20784.098141169015,20963.506167940272,21294
/Users/a/Ayanami/code/TSP/data/classic/tsplib/kroD100.tsp,polyak-smoothed-dynamic,84,polyak-smoothed-dynamic,84,20860.767072968254,20963.506167940272,21294
/Users/a/Ayanami/code/TSP/data/classic/tsplib/kroD100.tsp,polyak-smoothed-dynamic,85,polyak-smoothed-dynamic,85,20926.365116939152,20963.506167940272,21294
/Users/a/Ayanami/code/TSP/data/classic/tsplib/kroD100.tsp,polyak-smoothed-dynamic,86,polyak-smoothed-dynamic,86,21033.205434816296,21033.205434816296,21294
/Users/a/Ayanami/code/TSP/data/classic/tsplib/kroD100.tsp,polyak-smoothed-dynamic,87,polyak-smoothed-dynamic,87,20957.104445076558,21033.205434816296,21294
/Users/a/Ayanami/code/TSP/data/classic/tsplib/kroD100.tsp,polyak-smoothed-dynamic,88,polyak-smoothed-dynamic,88,21022.50558637904,21033.205434816296,21294
/Users/a/Ayanami/code/TSP/data/classic/tsplib/kroD100.tsp,polyak-smoothed-dynamic,89,polyak-smoothed-dynamic,89,21062.481664921892,21062.481664921892,21294
/Users/a/Ayanami/code/TSP/data/classic/tsplib/kroD100.tsp,polyak-smoothed-dynamic,90,polyak-smoothed-dynamic,90,20967.886555601988,21062.481664921892,21294
/Users/a/Ayanami/code/TSP/data/classic/tsplib/kroD100.tsp,polyak-smoothed-dynamic,91,polyak-smoothed-dynamic,91,21046.410839477259,21062.481664921892,21294
/Users/a/Ayanami/code/TSP/data/classic/tsplib/kroD100.tsp,polyak-smoothed-dynamic,92,polyak-smoothed-dynamic,92,20944.197320622014,21062.481664921892,21294
/Users/a/Ayanami/code/TSP/data/classic/tsplib/kroD100.tsp,polyak-smoothed-dynamic,93,polyak-smoothed-dynamic,93,21004.908916754976,21062.481664921892,21294
/Users/a/Ayanami/code/TSP/data/classic/tsplib/kroD100.tsp,polyak-smoothed-dynamic,94,polyak-smoothed-dynamic,94,20981.313376186838,21062.481664921892,21294
/Users/a/Ayanami/code/TSP/data/classic/tsplib/kroD100.tsp,polyak-smoothed-dynamic,95,polyak-smoothed-dynamic,95,21001.354233332822,21062.481664921892,21294
/Users/a/Ayanami/code/TSP/data/classic/tsplib/kroD100.tsp,polyak-smoothed-dynamic,96,polyak-smoothed-dynamic,96,20983.096297346437,21062.481664921892,21294
/Users/a/Ayanami/code/TSP/data/classic/tsplib/kroD100.tsp,polyak-smoothed-dynamic,97,polyak-smoothed-dynamic,97,21015.405723218537,21062.481664921892,21294
/Users/a/Ayanami/code/TSP/data/classic/tsplib/kroD100.tsp,polyak-smoothed-dynamic,98,polyak-smoothed-dynamic,98,20980.672662243571,21062.481664921892,21294
/Users/a/Ayanami/code/TSP/data/classic/tsplib/kroD100.tsp,polyak-smoothed-dynamic,99,polyak-smoothed-dynamic,99,21048.038049640341,21062.481664921892,21294
/Users/a/Ayanami/code/TSP/data/classic/tsplib/kroD100.tsp,polyak-smoothed-dynamic,100,polyak-smoothed-dynamic,100,20994.901903961469,21062.481664921892,21294
/Users/a/Ayanami/code/TSP/data/classic/tsplib/kroD100.tsp,polyak-smoothed-dynamic,101,polyak-smoothed-dynamic,101,20998.475927783453,21062.481664921892,21294
/Users/a/Ayanami/code/TSP/data/classic/tsplib/kroD100.tsp,polyak-smoothed-dynamic,102,polyak-smoothed-dynamic,102,20995.398017249623,21062.481664921892,21294
/Users/a/Ayanami/code/TSP/data/classic/tsplib/kroD100.tsp,polyak-smoothed-dynamic,103,polyak-smoothed-dynamic,103,21028.691010876137,21062.481664921892,21294
/Users/a/Ayanami/code/TSP/data/classic/tsplib/kroD100.tsp,polyak-smoothed-dynamic,104,polyak-smoothed-dynamic,104,21079.299182685889,21079.299182685889,21294
/Users/a/Ayanami/code/TSP/data/classic/tsplib/kroD100.tsp,polyak-smoothed-dynamic,105,polyak-smoothed-dynamic,105,21097.303258602744,21097.303258602744,21294
/Users/a/Ayanami/code/TSP/data/classic/tsplib/kroD100.tsp,polyak-smoothed-dynamic,106,polyak-smoothed-dynamic,106,21044.16597396315,21097.303258602744,21294
/Users/a/Ayanami/code/TSP/data/classic/tsplib/kroD100.tsp,polyak-smoothed-dynamic,107,polyak-smoothed-dynamic,107,21078.304284616788,21097.303258602744,21294
/Users/a/Ayanami/code/TSP/data/classic/tsplib/kroD100.tsp,polyak-smoothed-dynamic,108,polyak-smoothed-dynamic,108,21093.601360132288,21097.303258602744,21294
/Users/a/Ayanami/code/TSP/data/classic/tsplib/kroD100.tsp,polyak-smoothed-dynamic,109,polyak-smoothed-dynamic,109,21066.963450390987,21097.303258602744,21294
/Users/a/Ayanami/code/TSP/data/classic/tsplib/kroD100.tsp,polyak-smoothed-dynamic,110,polyak-smoothed-dynamic,110,21085.129191153581,21097.303258602744,21294
/Users/a/Ayanami/code/TSP/data/classic/tsplib/kroD100.tsp,polyak-smoothed-dynamic,111,polyak-smoothed-dynamic,111,21084.596685193872,21097.303258602744,21294
/Users/a/Ayanami/code/TSP/data/classic/tsplib/kroD100.tsp,polyak-smoothed-dynamic,112,polyak-smoothed-dynamic,112,21084.91077618811,21097.303258602744,21294
/Users/a/Ayanami/code/TSP/data/classic/tsplib/kroD100.tsp,polyak-smoothed-dynamic,113,polyak-smoothed-dynamic,113,21044.431454296588,21097.303258602744,21294
/Users/a/Ayanami/code/TSP/data/classic/tsplib/kroD100.tsp,polyak-smoothed-dynamic,114,polyak-smoothed-dynamic,114,21070.053574169648,21097.303258602744,21294
/Users/a/Ayanami/code/TSP/data/classic/tsplib/kroD100.tsp,polyak-smoothed-dynamic,115,polyak-smoothed-dynamic,115,21087.10256753803,21097.303258602744,21294
/Users/a/Ayanami/code/TSP/data/classic/tsplib/kroD100.tsp,polyak-smoothed-dynamic,116,polyak-smoothed-dynamic,116,21078.594871582245,21097.303258602744,21294
/Users/a/Ayanami/code/TSP/data/classic/tsplib/kroD100.tsp,polyak-smoothed-dynamic,117,polyak-smoothed-dynamic,117,21103.328853269028,21103.328853269028,21294
/Users/a/Ayanami/code/TSP/data/classic/tsplib/kroD100.tsp,polyak-smoothed-dynamic,118,polyak-smoothed-dynamic,118,21032.206990598381,21103.328853269028,21294
/Users/a/Ayanami/code/TSP/data/classic/tsplib/kroD100.tsp,polyak-smoothed-dynamic,119,polyak-smoothed-dynamic,119,21072.480608555743,21103.328853269028,21294
/Users/a/Ayanami/code/TSP/data/classic/tsplib/kroD100.tsp,polyak-smoothed-dynamic,120,polyak-smoothed-dynamic,120,21013.615707614539,21103.328853269028,21294
/Users/a/Ayanami/code/TSP/data/classic/tsplib/kroD100.tsp,polyak-smoothed-dynamic,121,polyak-smoothed-dynamic,121,21033.072538125922,21103.328853269028,21294
/Users/a/Ayanami/code/TSP/data/classic/tsplib/kroD100.tsp,polyak-smoothed-dynamic,122,polyak-smoothed-dynamic,122,21052.264104321413,21103.328853269028,21294
/Users/a/Ayanami/code/TSP/data/classic/tsplib/kroD100.tsp,polyak-smoothed-dynamic,123,polyak-smoothed-dynamic,123,21065.824234243046,21103.328853269028,21294
/Users/a/Ayanami/code/TSP/data/classic/tsplib/kroD100.tsp,polyak-smoothed-dynamic,124,polyak-smoothed-dynamic,124,21071.886465834912,21103.328853269028,21294
/Users/a/Ayanami/code/TSP/data/classic/tsplib/kroD100.tsp,polyak-smoothed-dynamic,125,polyak-smoothed-dynamic,125,21057.906859337472,21103.328853269028,21294
/Users/a/Ayanami/code/TSP/data/classic/tsplib/kroD100.tsp,polyak-smoothed-dynamic,126,polyak-smoothed-dynamic,126,21099.96661764021,21103.328853269028,21294
/Users/a/Ayanami/code/TSP/data/classic/tsplib/kroD100.tsp,polyak-smoothed-dynamic,127,polyak-smoothed-dynamic,127,21086.608825381671,21103.328853269028,21294
/Users/a/Ayanami/code/TSP/data/classic/tsplib/kroD100.tsp,polyak-smoothed-dynamic,128,polyak-smoothed-dynamic,128,21085.995882074334,21103.328853269028,21294
/Users/a/Ayanami/code/TSP/data/classic/tsplib/kroD100.tsp,polyak-smoothed-dynamic,129,polyak-smoothed-dynamic,129,21062.679585941212,21103.328853269028,21294
/Users/a/Ayanami/code/TSP/data/classic/tsplib/kroD100.tsp,polyak-smoothed-dynamic,130,polyak-smoothed-dynamic,130,21085.347491731052,21103.328853269028,21294
/Users/a/Ayanami/code/TSP/data/classic/tsplib/kroD100.tsp,polyak-smoothed-dynamic,131,polyak-smoothed-dynamic,131,21096.220090421873,21103.328853269028,21294
/Users/a/Ayanami/code/TSP/data/classic/tsplib/kroD100.tsp,polyak-smoothed-dynamic,132,polyak-smoothed-dynamic,132,21116.425108840238,21116.425108840238,21294
/Users/a/Ayanami/code/TSP/data/classic/tsplib/kroD100.tsp,polyak-smoothed-dynamic,133,polyak-smoothed-dynamic,133,21101.516493046034,21116.425108840238,21294
/Users/a/Ayanami/code/TSP/data/classic/tsplib/kroD100.tsp,polyak-smoothed-dynamic,134,polyak-smoothed-dynamic,134,21127.320925543278,21127.320925543278,21294
/Users/a/Ayanami/code/TSP/data/classic/tsplib/kroD100.tsp,polyak-smoothed-dynamic,135,polyak-smoothed-dynamic,135,21100.248182726231,21127.320925543278,21294
/Users/a/Ayanami/code/TSP/data/classic/tsplib/kroD100.tsp,polyak-smoothed-dynamic,136,polyak-smoothed-dynamic,136,21108.288813652045,21127.320925543278,21294
/Users/a/Ayanami/code/TSP/data/classic/tsplib/kroD100.tsp,polyak-smoothed-dynamic,137,polyak-smoothed-dynamic,137,21096.265809227167,21127.320925543278,21294
/Users/a/Ayanami/code/TSP/data/classic/tsplib/kroD100.tsp,polyak-smoothed-dynamic,138,polyak-smoothed-dynamic,138,21098.724697042508,21127.320925543278,21294
/Users/a/Ayanami/code/TSP/data/classic/tsplib/kroD100.tsp,polyak-smoothed-dynamic,139,polyak-smoothed-dynamic,139,21109.00500406737,21127.320925543278,21294
/Users/a/Ayanami/code/TSP/data/classic/tsplib/kroD100.tsp,polyak-smoothed-dynamic,140,polyak-smoothed-dynamic,140,21112.700501697665,21127.320925543278,21294
/Users/a/Ayanami/code/TSP/data/classic/tsplib/kroD100.tsp,polyak-smoothed-dynamic,141,polyak-smoothed-dynamic,141,21098.807768359915,21127.320925543278,21294
/Users/a/Ayanami/code/TSP/data/classic/tsplib/kroD100.tsp,polyak-smoothed-dynamic,142,polyak-smoothed-dynamic,142,21112.933306065162,21127.320925543278,21294
/Users/a/Ayanami/code/TSP/data/classic/tsplib/kroD100.tsp,polyak-smoothed-dynamic,143,polyak-smoothed-dynamic,143,21112.866598875367,21127.320925543278,21294
/Users/a/Ayanami/code/TSP/data/classic/tsplib/kroD100.tsp,polyak-smoothed-dynamic,144,polyak-smoothed-dynamic,144,21097.358714562728,21127.320925543278,21294
/Users/a/Ayanami/code/TSP/data/classic/tsplib/kroD100.tsp,polyak-smoothed-dynamic,145,polyak-smoothed-dynamic,145,21116.303702204328,21127.320925543278,21294
/Users/a/Ayanami/code/TSP/data/classic/tsplib/kroD100.tsp,polyak-smoothed-dynamic,146,polyak-smoothed-dynamic,146,21116.686774723283,21127.320925543278,21294
/Users/a/Ayanami/code/TSP/data/classic/tsplib/kroD100.tsp,polyak-smoothed-dynamic,147,polyak-smoothed-dynamic,147,21122.74894260327,21127.320925543278,21294
/Users/a/Ayanami/code/TSP/data/classic/tsplib/kroD100.tsp,polyak-smoothed-dynamic,148,polyak-smoothed-dynamic,148,21108.249306998841,21127.320925543278,21294
/Users/a/Ayanami/code/TSP/data/classic/tsplib/kroD100.tsp,polyak-smoothed-dynamic,149,polyak-smoothed-dynamic,149,21113.686084386543,21127.320925543278,21294
/Users/a/Ayanami/code/TSP/data/classic/tsplib/kroD100.tsp,polyak-smoothed-dynamic,150,polyak-smoothed-dynamic,150,21128.446585351696,21128.446585351696,21294
/Users/a/Ayanami/code/TSP/data/classic/tsplib/kroD100.tsp,polyak-smoothed-dynamic,151,polyak-smoothed-dynamic,151,21122.918692952418,21128.446585351696,21294
/Users/a/Ayanami/code/TSP/data/classic/tsplib/kroD100.tsp,polyak-smoothed-dynamic,152,polyak-smoothed-dynamic,152,21124.356103230682,21128.446585351696,21294
/Users/a/Ayanami/code/TSP/data/classic/tsplib/kroD100.tsp,polyak-smoothed-dynamic,153,polyak-smoothed-dynamic,153,21118.993114325804,21128.446585351696,21294
/Users/a/Ayanami/code/TSP/data/classic/tsplib/kroD100.tsp,polyak-smoothed-dynamic,154,polyak-smoothed-dynamic,154,21121.518605649951,21128.446585351696,21294
/Users/a/Ayanami/code/TSP/data/classic/tsplib/kroD100.tsp,polyak-smoothed-dynamic,155,polyak-smoothed-dynamic,155,21117.364588917513,21128.446585351696,21294
/Users/a/Ayanami/code/TSP/data/classic/tsplib/kroD100.tsp,polyak-smoothed-dynamic,156,polyak-smoothed-dynamic,156,21116.955407452944,21128.446585351696,21294
/Users/a/Ayanami/code/TSP/data/classic/tsplib/kroD100.tsp,polyak-smoothed-dynamic,157,polyak-smoothed-dynamic,157,21128.171054998544,21128.446585351696,21294
/Users/a/Ayanami/code/TSP/data/classic/tsplib/kroD100.tsp,polyak-smoothed-dynamic,158,polyak-smoothed-dynamic,158,21127.952603710564,21128.446585351696,21294
/Users/a/Ayanami/code/TSP/data/classic/tsplib/kroD100.tsp,polyak-smoothed-dynamic,159,polyak-smoothed-dynamic,159,21116.951515706998,21128.446585351696,21294
/Users/a/Ayanami/code/TSP/data/classic/tsplib/kroD100.tsp,polyak-smoothed-dynamic,160,polyak-smoothed-dynamic,160,21119.263117345174,21128.446585351696,21294
/Users/a/Ayanami/code/TSP/data/classic/tsplib/kroD100.tsp,polyak-smoothed-dynamic,161,polyak-smoothed-dynamic,161,21126.193622431903,21128.446585351696,21294
/Users/a/Ayanami/code/TSP/data/classic/tsplib/kroD100.tsp,polyak-smoothed-dynamic,162,polyak-smoothed-dynamic,162,21129.101219555487,21129.101219555487,21294
/Users/a/Ayanami/code/TSP/data/classic/tsplib/kroD100.tsp,polyak-smoothed-dynamic,163,polyak-smoothed-dynamic,163,21120.289832446535,21129.101219555487,21294
/Users/a/Ayanami/code/TSP/data/classic/tsplib/kroD100.tsp,polyak-smoothed-dynamic,164,polyak-smoothed-dynamic,164,21117.666662181935,21129.101219555487,21294
/Users/a/Ayanami/code/TSP/data/classic/tsplib/kroD100.tsp,polyak-smoothed-dynamic,165,polyak-smoothed-dynamic,165,21121.240455899348,21129.101219555487,21294
/Users/a/Ayanami/code/TSP/data/classic/tsplib/kroD100.tsp,polyak-smoothed-dynamic,166,polyak-smoothed-dynamic,166,21125.827594575181,21129.101219555487,21294
/Users/a/Ayanami/code/TSP/data/classic/tsplib/kroD100.tsp,polyak-smoothed-dynamic,167,polyak-smoothed-dynamic,167,21113.968200278647,21129.101219555487,21294
/Users/a/Ayanami/code/TSP/data/classic/tsplib/kroD100.tsp,polyak-smoothed-dynamic,168,polyak-smoothed-dynamic,168,21117.525453650218,21129.101219555487,21294
/Users/a/Ayanami/code/TSP/data/classic/tsplib/kroD100.tsp,polyak-smoothed-dynamic,169,polyak-smoothed-dynamic,169,21123.035843824098,21129.101219555487,21294
/Users/a/Ayanami/code/TSP/data/classic/tsplib/kroD100.tsp,polyak-smoothed-dynamic,170,polyak-smoothed-dynamic,170,21124.036774343276,21129.101219555487,21294
/Users/a/Ayanami/code/TSP/data/classic/tsplib/kroD100.tsp,polyak-smoothed-dynamic,171,polyak-smoothed-dynamic,171,21114.37818570212,21129.101219555487,21294
/Users/a/Ayanami/code/TSP/data/classic/tsplib/kroD100.tsp,polyak-smoothed-dynamic,172,polyak-smoothed-dynamic,172,21116.873351764742,21129.101219555487,21294
/Users/a/Ayanami/code/TSP/data/classic/tsplib/kroD100.tsp,polyak-smoothed-dynamic,173,polyak-smoothed-dynamic,173,21124.175643227369,21129.101219555487,21294
/Users/a/Ayanami/code/TSP/data/classic/tsplib/kroD100.tsp,polyak-smoothed-dynamic,174,polyak-smoothed-dynamic,174,21124.270329476672,21129.101219555487,21294
/Users/a/Ayanami/code/TSP/data/classic/tsplib/kroD100.tsp,polyak-smoothed-dynamic,175,polyak-smoothed-dynamic,175,21114.782051768976,21129.101219555487,21294
/Users/a/Ayanami/code/TSP/data/classic/tsplib/kroD100.tsp,polyak-smoothed-dynamic,176,polyak-smoothed-dynamic,176,21117.735406822841,21129.101219555487,21294
/Users/a/Ayanami/code/TSP/data/classic/tsplib/kroD100.tsp,polyak-smoothed-dynamic,177,polyak-smoothed-dynamic,177,21129.911078233315,21129.911078233315,21294
/Users/a/Ayanami/code/TSP/data/classic/tsplib/kroD100.tsp,polyak-smoothed-dynamic,178,polyak-smoothed-dynamic,178,21129.7948184571,21129.911078233315,21294
/Users/a/Ayanami/code/TSP/data/classic/tsplib/kroD100.tsp,polyak-smoothed-dynamic,179,polyak-smoothed-dynamic,179,21131.361826904227,21131.361826904227,21294
/Users/a/Ayanami/code/TSP/data/classic/tsplib/kroD100.tsp,polyak-smoothed-dynamic,180,polyak-smoothed-dynamic,180,21130.399480186534,21131.361826904227,21294
/Users/a/Ayanami/code/TSP/data/classic/tsplib/kroD100.tsp,polyak-smoothed-dynamic,181,polyak-smoothed-dynamic,181,21130.399480186534,21131.361826904227,21294
/Users/a/Ayanami/code/TSP/data/classic/tsplib/kroD100.tsp,polyak-smoothed-dynamic,182,polyak-smoothed-dynamic,182,21131.331753569295,21131.361826904227,21294
/Users/a/Ayanami/code/TSP/data/classic/tsplib/kroD100.tsp,polyak-smoothed-dynamic,183,polyak-smoothed-dynamic,183,21131.331753569295,21131.361826904227,21294
/Users/a/Ayanami/code/TSP/data/classic/tsplib/kroD100.tsp,polyak-smoothed-dynamic,184,polyak-smoothed-dynamic,184,21130.428613729742,21131.361826904227,21294
/Users/a/Ayanami/code/TSP/data/classic/tsplib/kroD100.tsp,polyak-smoothed-dynamic,185,polyak-smoothed-dynamic,185,21130.428613729742,21131.361826904227,21294
/Users/a/Ayanami/code/TSP/data/classic/tsplib/kroD100.tsp,polyak-smoothed-dynamic,186,polyak-smoothed-dynamic,186,21131.30353044931,21131.361826904227,21294
/Users/a/Ayanami/code/TSP/data/classic/tsplib/kroD100.tsp,polyak-smoothed-dynamic,187,polyak-smoothed-dynamic,187,21131.30353044931,21131.361826904227,21294
/Users/a/Ayanami/code/TSP/data/classic/tsplib/kroD100.tsp,polyak-smoothed-dynamic,188,polyak-smoothed-dynamic,188,21130.455954877227,21131.361826904227,21294
/Users/a/Ayanami/code/TSP/data/classic/tsplib/kroD100.tsp,polyak-smoothed-dynamic,189,polyak-smoothed-dynamic,189,21130.455954877227,21131.361826904227,21294
/Users/a/Ayanami/code/TSP/data/classic/tsplib/kroD100.tsp,polyak-smoothed-dynamic,190,polyak-smoothed-dynamic,190,21131.277043712689,21131.361826904227,21294
/Users/a/Ayanami/code/TSP/data/classic/tsplib/kroD100.tsp,polyak-smoothed-dynamic,191,polyak-smoothed-dynamic,191,21131.277043712689,21131.361826904227,21294
/Users/a/Ayanami/code/TSP/data/classic/tsplib/kroD100.tsp,polyak-smoothed-dynamic,192,polyak-smoothed-dynamic,192,21130.481613903336,21131.361826904227,21294
/Users/a/Ayanami/code/TSP/data/classic/tsplib/kroD100.tsp,polyak-smoothed-dynamic,193,polyak-smoothed-dynamic,193,21130.481613903336,21131.361826904227,21294
/Users/a/Ayanami/code/TSP/data/classic/tsplib/kroD100.tsp,polyak-smoothed-dynamic,194,polyak-smoothed-dynamic,194,21136.361880947516,21136.361880947516,21294
/Users/a/Ayanami/code/TSP/data/classic/tsplib/kroD100.tsp,polyak-smoothed-dynamic,195,polyak-smoothed-dynamic,195,21137.160423850004,21137.160423850004,21294
/Users/a/Ayanami/code/TSP/data/classic/tsplib/kroD100.tsp,polyak-smoothed-dynamic,196,polyak-smoothed-dynamic,196,21138.014753457017,21138.014753457017,21294
/Users/a/Ayanami/code/TSP/data/classic/tsplib/kroD100.tsp,polyak-smoothed-dynamic,197,polyak-smoothed-dynamic,197,21137.072638508474,21138.014753457017,21294
/Users/a/Ayanami/code/TSP/data/classic/tsplib/kroD100.tsp,polyak-smoothed-dynamic,198,polyak-smoothed-dynamic,198,21137.695110081266,21138.014753457017,21294
/Users/a/Ayanami/code/TSP/data/classic/tsplib/kroD100.tsp,polyak-smoothed-dynamic,199,polyak-smoothed-dynamic,199,21134.844868698634,21138.014753457017,21294
/Users/a/Ayanami/code/TSP/data/classic/tsplib/kroD100.tsp,polyak-smoothed-dynamic,200,polyak-smoothed-dynamic,200,21135.357676889922,21138.014753457017,21294
/Users/a/Ayanami/code/TSP/data/classic/tsplib/kroD100.tsp,polyak-smoothed-dynamic,201,polyak-smoothed-dynamic,201,21138.013243406687,21138.014753457017,21294
/Users/a/Ayanami/code/TSP/data/classic/tsplib/kroD100.tsp,polyak-smoothed-dynamic,202,polyak-smoothed-dynamic,202,21138.739290234877,21138.739290234877,21294
/Users/a/Ayanami/code/TSP/data/classic/tsplib/kroD100.tsp,polyak-smoothed-dynamic,203,polyak-smoothed-dynamic,203,21137.1113979242,21138.739290234877,21294
/Users/a/Ayanami/code/TSP/data/classic/tsplib/kroD100.tsp,polyak-smoothed-dynamic,204,polyak-smoothed-dynamic,204,21135.579782264937,21138.739290234877,21294
/Users/a/Ayanami/code/TSP/data/classic/tsplib/kroD100.tsp,polyak-smoothed-dynamic,205,polyak-smoothed-dynamic,205,21137.556734013611,21138.739290234877,21294
/Users/a/Ayanami/code/TSP/data/classic/tsplib/kroD100.tsp,polyak-smoothed-dynamic,206,polyak-smoothed-dynamic,206,21137.089026337329,21138.739290234877,21294
/Users/a/Ayanami/code/TSP/data/classic/tsplib/kroD100.tsp,polyak-smoothed-dynamic,207,polyak-smoothed-dynamic,207,21137.79507039041,21138.739290234877,21294
/Users/a/Ayanami/code/TSP/data/classic/tsplib/kroD100.tsp,polyak-smoothed-dynamic,208,polyak-smoothed-dynamic,208,21134.504878625234,21138.739290234877,21294
/Users/a/Ayanami/code/TSP/data/classic/tsplib/kroD100.tsp,polyak-smoothed-dynamic,209,polyak-smoothed-dynamic,209,21135.732660265832,21138.739290234877,21294
/Users/a/Ayanami/code/TSP/data/classic/tsplib/kroD100.tsp,polyak-smoothed-dynamic,210,polyak-smoothed-dynamic,210,21138.339578001644,21138.739290234877,21294
/Users/a/Ayanami/code/TSP/data/classic/tsplib/kroD100.tsp,polyak-smoothed-dynamic,211,polyak-smoothed-dynamic,211,21136.247955828789,21138.739290234877,21294
/Users/a/Ayanami/code/TSP/data/classic/tsplib/kroD100.tsp,polyak-smoothed-dynamic,212,polyak-smoothed-dynamic,212,21136.270648073805,21138.739290234877,21294
/Users/a/Ayanami/code/TSP/data/classic/tsplib/kroD100.tsp,polyak-smoothed-dynamic,213,polyak-smoothed-dynamic,213,21133.834873629061,21138.739290234877,21294
/Users/a/Ayanami/code/TSP/data/classic/tsplib/kroD100.tsp,polyak-smoothed-dynamic,214,polyak-smoothed-dynamic,214,21137.259554995446,21138.739290234877,21294
/Users/a/Ayanami/code/TSP/data/classic/tsplib/kroD100.tsp,polyak-smoothed-dynamic,215,polyak-smoothed-dynamic,215,21137.169316843148,21138.739290234877,21294
/Users/a/Ayanami/code/TSP/data/classic/tsplib/kroD100.tsp,polyak-smoothed-dynamic,216,polyak-smoothed-dynamic,216,21137.085539449236,21138.739290234877,21294
/Users/a/Ayanami/code/TSP/data/classic/tsplib/kroD100.tsp,polyak-smoothed-dynamic,217,polyak-smoothed-dynamic,217,21138.871265489764,21138.871265489764,21294
/Users/a/Ayanami/code/TSP/data/classic/tsplib/kroD100.tsp,polyak-smoothed-dynamic,218,polyak-smoothed-dynamic,218,21139.783178362861,21139.783178362861,21294
/Users/a/Ayanami/code/TSP/data/classic/tsplib/kroD100.tsp,polyak-smoothed-dynamic,219,polyak-smoothed-dynamic,219,21138.118879524267,21139.783178362861,21294
/Users/a/Ayanami/code/TSP/data/classic/tsplib/kroD100.tsp,polyak-smoothed-dynamic,220,polyak-smoothed-dynamic,220,21138.333399473326,21139.783178362861,21294
/Users/a/Ayanami/code/TSP/data/classic/tsplib/kroD100.tsp,polyak-smoothed-dynamic,221,polyak-smoothed-dynamic,221,21139.375743015848,21139.783178362861,21294
/Users/a/Ayanami/code/TSP/data/classic/tsplib/kroD100.tsp,polyak-smoothed-dynamic,222,polyak-smoothed-dynamic,222,21139.835264321344,21139.835264321344,21294
/Users/a/Ayanami/code/TSP/data/classic/tsplib/kroD100.tsp,polyak-smoothed-dynamic,223,polyak-smoothed-dynamic,223,21137.652753578437,21139.835264321344,21294
/Users/a/Ayanami/code/TSP/data/classic/tsplib/kroD100.tsp,polyak-smoothed-dynamic,224,polyak-smoothed-dynamic,224,21138.074042743468,21139.835264321344,21294
/Users/a/Ayanami/code/TSP/data/classic/tsplib/kroD100.tsp,polyak-smoothed-dynamic,225,polyak-smoothed-dynamic,225,21139.360108550907,21139.835264321344,21294
/Users/a/Ayanami/code/TSP/data/classic/tsplib/kroD100.tsp,polyak-smoothed-dynamic,226,polyak-smoothed-dynamic,226,21139.821117381271,21139.835264321344,21294
/Users/a/Ayanami/code/TSP/data/classic/tsplib/kroD100.tsp,polyak-smoothed-dynamic,227,polyak-smoothed-dynamic,227,21137.668260843879,21139.835264321344,21294
/Users/a/Ayanami/code/TSP/data/classic/tsplib/kroD100.tsp,polyak-smoothed-dynamic,228,polyak-smoothed-dynamic,228,21138.08807564199,21139.835264321344,21294
/Users/a/Ayanami/code/TSP/data/classic/tsplib/kroD100.tsp,polyak-smoothed-dynamic,229,polyak-smoothed-dynamic,229,21139.34472745852,21139.835264321344,21294
/Users/a/Ayanami/code/TSP/data/classic/tsplib/kroD100.tsp,polyak-smoothed-dynamic,230,polyak-smoothed-dynamic,230,21139.807197604721,21139.835264321344,21294
/Users/a/Ayanami/code/TSP/data/classic/tsplib/kroD100.tsp,polyak-smoothed-dynamic,231,polyak-smoothed-dynamic,231,21137.68351678137,21139.835264321344,21294
/Users/a/Ayanami/code/TSP/data/classic/tsplib/kroD100.tsp,polyak-smoothed-dynamic,232,polyak-smoothed-dynamic,232,21138.101883208739,21139.835264321344,21294
/Users/a/Ayanami/code/TSP/data/classic/tsplib/kroD100.tsp,polyak-smoothed-dynamic,233,polyak-smoothed-dynamic,233,21139.329595665986,21139.835264321344,21294
/Users/a/Ayanami/code/TSP/data/classic/tsplib/kroD100.tsp,polyak-smoothed-dynamic,234,polyak-smoothed-dynamic,234,21139.793501342963,21139.835264321344,21294
/Users/a/Ayanami/code/TSP/data/classic/tsplib/kroD100.tsp,polyak-smoothed-dynamic,235,polyak-smoothed-dynamic,235,21137.698525430751,21139.835264321344,21294
/Users/a/Ayanami/code/TSP/data/classic/tsplib/kroD100.tsp,polyak-smoothed-dynamic,236,polyak-smoothed-dynamic,236,21138.00172323504,21139.835264321344,21294
/Users/a/Ayanami/code/TSP/data/classic/tsplib/kroD100.tsp,polyak-smoothed-dynamic,237,polyak-smoothed-dynamic,237,21140.108877221654,21140.108877221654,21294
/Users/a/Ayanami/code/TSP/data/classic/tsplib/kroD100.tsp,polyak-smoothed-dynamic,238,polyak-smoothed-dynamic,238,21140.057783892596,21140.108877221654,21294
/Users/a/Ayanami/code/TSP/data/classic/tsplib/kroD100.tsp,polyak-smoothed-dynamic,239,polyak-smoothed-dynamic,239,21140.345285459833,21140.345285459833,21294
/Users/a/Ayanami/code/TSP/data/classic/tsplib/kroD100.tsp,polyak-smoothed-dynamic,240,polyak-smoothed-dynamic,240,21139.97210763441,21140.345285459833,21294
/Users/a/Ayanami/code/TSP/data/classic/tsplib/kroD100.tsp,polyak-smoothed-dynamic,241,polyak-smoothed-dynamic,241,21140.013409241314,21140.345285459833,21294
/Users/a/Ayanami/code/TSP/data/classic/tsplib/kroD100.tsp,polyak-smoothed-dynamic,242,polyak-smoothed-dynamic,242,21140.677985162936,21140.677985162936,21294
/Users/a/Ayanami/code/TSP/data/classic/tsplib/kroD100.tsp,polyak-smoothed-dynamic,243,polyak-smoothed-dynamic,243,21140.723075042311,21140.723075042311,21294
/Users/a/Ayanami/code/TSP/data/classic/tsplib/kroD100.tsp,polyak-smoothed-dynamic,244,polyak-smoothed-dynamic,244,21139.905494315371,21140.723075042311,21294
/Users/a/Ayanami/code/TSP/data/classic/tsplib/kroD100.tsp,polyak-smoothed-dynamic,245,polyak-smoothed-dynamic,245,21139.782932148803,21140.723075042311,21294
/Users/a/Ayanami/code/TSP/data/classic/tsplib/kroD100.tsp,polyak-smoothed-dynamic,246,polyak-smoothed-dynamic,246,21140.772011615329,21140.772011615329,21294
/Users/a/Ayanami/code/TSP/data/classic/tsplib/kroD100.tsp,polyak-smoothed-dynamic,247,polyak-smoothed-dynamic,247,21140.243616579544,21140.772011615329,21294
/Users/a/Ayanami/code/TSP/data/classic/tsplib/kroD100.tsp,polyak-smoothed-dynamic,248,polyak-smoothed-dynamic,248,21140.257075188732,21140.772011615329,21294
/Users/a/Ayanami/code/TSP/data/classic/tsplib/kroD100.tsp,polyak-smoothed-dynamic,249,polyak-smoothed-dynamic,249,21140.364076328067,21140.772011615329,21294
/Users/a/Ayanami/code/TSP/data/classic/tsplib/kroD100.tsp,polyak-smoothed-dynamic,250,polyak-smoothed-dynamic,250,21140.150676744703,21140.772011615329,21294
/Users/a/Ayanami/code/TSP/data/classic/tsplib/kroD100.tsp,polyak-smoothed-dynamic,251,polyak-smoothed-dynamic,251,21140.150676744703,21140.772011615329,21294
/Users/a/Ayanami/code/TSP/data/classic/tsplib/kroD100.tsp,polyak-smoothed-dynamic,252,polyak-smoothed-dynamic,252,21140.228818086336,21140.772011615329,21294
/Users/a/Ayanami/code/TSP/data/classic/tsplib/kroD100.tsp,polyak-smoothed-dynamic,253,polyak-smoothed-dynamic,253,21140.228818086336,21140.772011615329,21294
/Users/a/Ayanami/code/TSP/data/classic/tsplib/kroD100.tsp,polyak-smoothed-dynamic,254,polyak-smoothed-dynamic,254,21140.150981984312,21140.772011615329,21294
/Users/a/Ayanami/code/TSP/data/classic/tsplib/kroD100.tsp,polyak-smoothed-dynamic,255,polyak-smoothed-dynamic,255,21140.150981984312,21140.772011615329,21294
/Users/a/Ayanami/code/TSP/data/classic/tsplib/kroD100.tsp,polyak-smoothed-dynamic,256,polyak-smoothed-dynamic,256,21140.228514039063,21140.772011615329,21294
/Users/a/Ayanami/code/TSP/data/classic/tsplib/kroD100.tsp,polyak-smoothed-dynamic,257,polyak-smoothed-dynamic,257,21140.228514039063,21140.772011615329,21294
/Users/a/Ayanami/code/TSP/data/classic/tsplib/kroD100.tsp,polyak-smoothed-dynamic,258,polyak-smoothed-dynamic,258,21140.151284843905,21140.772011615329,21294
/Users/a/Ayanami/code/TSP/data/classic/tsplib/kroD100.tsp,polyak-smoothed-dynamic,259,polyak-smoothed-dynamic,259,21140.151284843905,21140.772011615329,21294
/Users/a/Ayanami/code/TSP/data/classic/tsplib/kroD100.tsp,polyak-smoothed-dynamic,260,polyak-smoothed-dynamic,260,21140.997084279898,21140.997084279898,21294
/Users/a/Ayanami/code/TSP/data/classic/tsplib/kroD100.tsp,polyak-smoothed-dynamic,261,polyak-smoothed-dynamic,261,21140.712341598606,21140.997084279898,21294
/Users/a/Ayanami/code/TSP/data/classic/tsplib/kroD100.tsp,polyak-smoothed-dynamic,262,polyak-smoothed-dynamic,262,21140.835409194158,21140.997084279898,21294
/Users/a/Ayanami/code/TSP/data/classic/tsplib/kroD100.tsp,polyak-smoothed-dynamic,263,polyak-smoothed-dynamic,263,21141.033937488195,21141.033937488195,21294
/Users/a/Ayanami/code/TSP/data/classic/tsplib/kroD100.tsp,polyak-smoothed-dynamic,264,polyak-smoothed-dynamic,264,21141.073702122172,21141.073702122172,21294
/Users/a/Ayanami/code/TSP/data/classic/tsplib/kroD100.tsp,polyak-smoothed-dynamic,265,polyak-smoothed-dynamic,265,21140.976503091955,21141.073702122172,21294
/Users/a/Ayanami/code/TSP/data/classic/tsplib/kroD100.tsp,polyak-smoothed-dynamic,266,polyak-smoothed-dynamic,266,21140.797509332333,21141.073702122172,21294
/Users/a/Ayanami/code/TSP/data/classic/tsplib/kroD100.tsp,polyak-smoothed-dynamic,267,polyak-smoothed-dynamic,267,21141.009187368218,21141.073702122172,21294
/Users/a/Ayanami/code/TSP/data/classic/tsplib/kroD100.tsp,polyak-smoothed-dynamic,268,polyak-smoothed-dynamic,268,21140.979584011693,21141.073702122172,21294
/Users/a/Ayanami/code/TSP/data/classic/tsplib/kroD100.tsp,polyak-smoothed-dynamic,269,polyak-smoothed-dynamic,269,21140.982684011044,21141.073702122172,21294
/Users/a/Ayanami/code/TSP/data/classic/tsplib/kroD100.tsp,polyak-smoothed-dynamic,270,polyak-smoothed-dynamic,270,21140.874168623624,21141.073702122172,21294
/Users/a/Ayanami/code/TSP/data/classic/tsplib/kroD100.tsp,polyak-smoothed-dynamic,271,polyak-smoothed-dynamic,271,21140.732271488974,21141.073702122172,21294
/Users/a/Ayanami/code/TSP/data/classic/tsplib/kroD100.tsp,polyak-smoothed-dynamic,272,polyak-smoothed-dynamic,272,21140.873378260017,21141.073702122172,21294
/Users/a/Ayanami/code/TSP/data/classic/tsplib/kroD100.tsp,polyak-smoothed-dynamic,273,polyak-smoothed-dynamic,273,21140.776710943701,21141.073702122172,21294
/Users/a/Ayanami/code/TSP/data/classic/tsplib/kroD100.tsp,polyak-smoothed-dynamic,274,polyak-smoothed-dynamic,274,21140.927989355099,21141.073702122172,21294
/Users/a/Ayanami/code/TSP/data/classic/tsplib/kroD100.tsp,polyak-smoothed-dynamic,275,polyak-smoothed-dynamic,275,21140.811970908606,21141.073702122172,21294
/Users/a/Ayanami/code/TSP/data/classic/tsplib/kroD100.tsp,polyak-smoothed-dynamic,276,polyak-smoothed-dynamic,276,21140.835837595147,21141.073702122172,21294
/Users/a/Ayanami/code/TSP/data/classic/tsplib/kroD100.tsp,polyak-smoothed-dynamic,277,polyak-smoothed-dynamic,277,21141.075488613595,21141.075488613595,21294
/Users/a/Ayanami/code/TSP/data/classic/tsplib/kroD100.tsp,polyak-smoothed-dynamic,278,polyak-smoothed-dynamic,278,21141.080721789058,21141.080721789058,21294
/Users/a/Ayanami/code/TSP/data/classic/tsplib/kroD100.tsp,polyak-smoothed-dynamic,279,polyak-smoothed-dynamic,279,21141.120493516228,21141.120493516228,21294
/Users/a/Ayanami/code/TSP/data/classic/tsplib/kroD100.tsp,polyak-smoothed-dynamic,280,polyak-smoothed-dynamic,280,21141.169574911455,21141.169574911455,21294
/Users/a/Ayanami/code/TSP/data/classic/tsplib/kroD100.tsp,polyak-smoothed-dynamic,281,polyak-smoothed-dynamic,281,21141.08754180172,21141.169574911455,21294
/Users/a/Ayanami/code/TSP/data/classic/tsplib/kroD100.tsp,polyak-smoothed-dynamic,282,polyak-smoothed-dynamic,282,21141.169751773388,21141.169751773388,21294
/Users/a/Ayanami/code/TSP/data/classic/tsplib/kroD100.tsp,polyak-smoothed-dynamic,283,polyak-smoothed-dynamic,283,21141.186008961478,21141.186008961478,21294
/Users/a/Ayanami/code/TSP/data/classic/tsplib/kroD100.tsp,polyak-smoothed-dynamic,284,polyak-smoothed-dynamic,284,21141.255855669471,21141.255855669471,21294
/Users/a/Ayanami/code/TSP/data/classic/tsplib/kroD100.tsp,polyak-smoothed-dynamic,285,polyak-smoothed-dynamic,285,21141.107065739514,21141.255855669471,21294
/Users/a/Ayanami/code/TSP/data/classic/tsplib/kroD100.tsp,polyak-smoothed-dynamic,286,polyak-smoothed-dynamic,286,21141.107065739514,21141.255855669471,21294
/Users/a/Ayanami/code/TSP/data/classic/tsplib/kroD100.tsp,polyak-smoothed-dynamic,287,polyak-smoothed-dynamic,287,21141.223955347185,21141.255855669471,21294
/Users/a/Ayanami/code/TSP/data/classic/tsplib/kroD100.tsp,polyak-smoothed-dynamic,288,polyak-smoothed-dynamic,288,21141.224429734051,21141.255855669471,21294
/Users/a/Ayanami/code/TSP/data/classic/tsplib/kroD100.tsp,polyak-smoothed-dynamic,289,polyak-smoothed-dynamic,289,21141.180780830913,21141.255855669471,21294
/Users/a/Ayanami/code/TSP/data/classic/tsplib/kroD100.tsp,polyak-smoothed-dynamic,290,polyak-smoothed-dynamic,290,21141.189807601146,21141.255855669471,21294
/Users/a/Ayanami/code/TSP/data/classic/tsplib/kroD100.tsp,polyak-smoothed-dynamic,291,polyak-smoothed-dynamic,291,21141.124456499718,21141.255855669471,21294
/Users/a/Ayanami/code/TSP/data/classic/tsplib/kroD100.tsp,polyak-smoothed-dynamic,292,polyak-smoothed-dynamic,292,21141.156079464625,21141.255855669471,21294
/Users/a/Ayanami/code/TSP/data/classic/tsplib/kroD100.tsp,polyak-smoothed-dynamic,293,polyak-smoothed-dynamic,293,21141.173227942731,21141.255855669471,21294
/Users/a/Ayanami/code/TSP/data/classic/tsplib/kroD100.tsp,polyak-smoothed-dynamic,294,polyak-smoothed-dynamic,294,21141.18977645387,21141.255855669471,21294
/Users/a/Ayanami/code/TSP/data/classic/tsplib/kroD100.tsp,polyak-smoothed-dynamic,295,polyak-smoothed-dynamic,295,21141.157351629932,21141.255855669471,21294
/Users/a/Ayanami/code/TSP/data/classic/tsplib/kroD100.tsp,polyak-smoothed-dynamic,296,polyak-smoothed-dynamic,296,21141.164288086165,21141.255855669471,21294
/Users/a/Ayanami/code/TSP/data/classic/tsplib/kroD100.tsp,polyak-smoothed-dynamic,297,polyak-smoothed-dynamic,297,21141.187935136215,21141.255855669471,21294
/Users/a/Ayanami/code/TSP/data/classic/tsplib/kroD100.tsp,polyak-smoothed-dynamic,298,polyak-smoothed-dynamic,298,21141.187935136215,21141.255855669471,21294
/Users/a/Ayanami/code/TSP/data/classic/tsplib/kroD100.tsp,polyak-smoothed-dynamic,299,polyak-smoothed-dynamic,299,21141.388961481145,21141.388961481145,21294
/Users/a/Ayanami/code/TSP/data/classic/tsplib/kroD100.tsp,polyak-smoothed-dynamic,300,polyak-smoothed-dynamic,300,21141.384147624296,21141.388961481145,21294
/Users/a/Ayanami/code/TSP/data/classic/tsplib/kroD100.tsp,polyak-smoothed-dynamic,301,polyak-smoothed-dynamic,301,21141.398009140747,21141.398009140747,21294
/Users/a/Ayanami/code/TSP/data/classic/tsplib/kroD100.tsp,polyak-smoothed-dynamic,302,polyak-smoothed-dynamic,302,21141.393843647122,21141.398009140747,21294
/Users/a/Ayanami/code/TSP/data/classic/tsplib/kroD100.tsp,polyak-smoothed-dynamic,303,polyak-smoothed-dynamic,303,21141.310062116132,21141.398009140747,21294
/Users/a/Ayanami/code/TSP/data/classic/tsplib/kroD100.tsp,polyak-smoothed-dynamic,304,polyak-smoothed-dynamic,304,21141.28942327993,21141.398009140747,21294
/Users/a/Ayanami/code/TSP/data/classic/tsplib/kroD100.tsp,polyak-smoothed-dynamic,305,polyak-smoothed-dynamic,305,21141.415376000172,21141.415376000172,21294
/Users/a/Ayanami/code/TSP/data/classic/tsplib/kroD100.tsp,polyak-smoothed-dynamic,306,polyak-smoothed-dynamic,306,21141.251960424517,21141.415376000172,21294
/Users/a/Ayanami/code/TSP/data/classic/tsplib/kroD100.tsp,polyak-smoothed-dynamic,307,polyak-smoothed-dynamic,307,21141.285133961286,21141.415376000172,21294
/Users/a/Ayanami/code/TSP/data/classic/tsplib/kroD100.tsp,polyak-smoothed-dynamic,308,polyak-smoothed-dynamic,308,21141.33607415227,21141.415376000172,21294
/Users/a/Ayanami/code/TSP/data/classic/tsplib/kroD100.tsp,polyak-smoothed-dynamic,309,polyak-smoothed-dynamic,309,21141.409024206663,21141.415376000172,21294
/Users/a/Ayanami/code/TSP/data/classic/tsplib/kroD100.tsp,polyak-smoothed-dynamic,310,polyak-smoothed-dynamic,310,21141.33341007245,21141.415376000172,21294
/Users/a/Ayanami/code/TSP/data/classic/tsplib/kroD100.tsp,polyak-smoothed-dynamic,311,polyak-smoothed-dynamic,311,21141.30952137605,21141.415376000172,21294
/Users/a/Ayanami/code/TSP/data/classic/tsplib/kroD100.tsp,polyak-smoothed-dynamic,312,polyak-smoothed-dynamic,312,21141.324929762912,21141.415376000172,21294
/Users/a/Ayanami/code/TSP/data/classic/tsplib/kroD100.tsp,polyak-smoothed-dynamic,313,polyak-smoothed-dynamic,313,21141.344060240797,21141.415376000172,21294
/Users/a/Ayanami/code/TSP/data/classic/tsplib/kroD100.tsp,polyak-smoothed-dynamic,314,polyak-smoothed-dynamic,314,21141.340978201031,21141.415376000172,21294
/Users/a/Ayanami/code/TSP/data/classic/tsplib/kroD100.tsp,polyak-smoothed-dynamic,315,polyak-smoothed-dynamic,315,21141.330313948773,21141.415376000172,21294
/Users/a/Ayanami/code/TSP/data/classic/tsplib/kroD100.tsp,polyak-smoothed-dynamic,316,polyak-smoothed-dynamic,316,21141.374449137042,21141.415376000172,21294
/Users/a/Ayanami/code/TSP/data/classic/tsplib/kroD100.tsp,polyak-smoothed-dynamic,317,polyak-smoothed-dynamic,317,21141.381245162942,21141.415376000172,21294
/Users/a/Ayanami/code/TSP/data/classic/tsplib/kroD100.tsp,polyak-smoothed-dynamic,318,polyak-smoothed-dynamic,318,21141.279667107196,21141.415376000172,21294
/Users/a/Ayanami/code/TSP/data/classic/tsplib/kroD100.tsp,polyak-smoothed-dynamic,319,polyak-smoothed-dynamic,319,21141.29170296116,21141.415376000172,21294
/Users/a/Ayanami/code/TSP/data/classic/tsplib/kroD100.tsp,polyak-smoothed-dynamic,320,polyak-smoothed-dynamic,320,21141.415326435512,21141.415376000172,21294
/Users/a/Ayanami/code/TSP/data/classic/tsplib/kroD100.tsp,polyak-smoothed-dynamic,321,polyak-smoothed-dynamic,321,21141.433339643067,21141.433339643067,21294
/Users/a/Ayanami/code/TSP/data/classic/tsplib/kroD100.tsp,polyak-smoothed-dynamic,322,polyak-smoothed-dynamic,322,21141.434156603122,21141.434156603122,21294
/Users/a/Ayanami/code/TSP/data/classic/tsplib/kroD100.tsp,polyak-smoothed-dynamic,323,polyak-smoothed-dynamic,323,21141.40318342402,21141.434156603122,21294
/Users/a/Ayanami/code/TSP/data/classic/tsplib/kroD100.tsp,polyak-smoothed-dynamic,324,polyak-smoothed-dynamic,324,21141.410200488332,21141.434156603122,21294
/Users/a/Ayanami/code/TSP/data/classic/tsplib/kroD100.tsp,polyak-smoothed-dynamic,325,polyak-smoothed-dynamic,325,21141.426712193021,21141.434156603122,21294
/Users/a/Ayanami/code/TSP/data/classic/tsplib/kroD100.tsp,polyak-smoothed-dynamic,326,polyak-smoothed-dynamic,326,21141.428977276079,21141.434156603122,21294
/Users/a/Ayanami/code/TSP/data/classic/tsplib/kroD100.tsp,polyak-smoothed-dynamic,327,polyak-smoothed-dynamic,327,21141.409142522636,21141.434156603122,21294
/Users/a/Ayanami/code/TSP/data/classic/tsplib/kroD100.tsp,polyak-smoothed-dynamic,328,polyak-smoothed-dynamic,328,21141.409142522636,21141.434156603122,21294
/Users/a/Ayanami/code/TSP/data/classic/tsplib/kroD100.tsp,polyak-smoothed-dynamic,329,polyak-smoothed-dynamic,329,21141.427383146922,21141.434156603122,21294
/Users/a/Ayanami/code/TSP/data/classic/tsplib/kroD100.tsp,polyak-smoothed-dynamic,330,polyak-smoothed-dynamic,330,21141.427383146922,21141.434156603122,21294
/Users/a/Ayanami/code/TSP/data/classic/tsplib/kroD100.tsp,polyak-smoothed-dynamic,331,polyak-smoothed-dynamic,331,21141.409146975915,21141.434156603122,21294
/Users/a/Ayanami/code/TSP/data/classic/tsplib/kroD100.tsp,polyak-smoothed-dynamic,332,polyak-smoothed-dynamic,332,21141.409146975915,21141.434156603122,21294
/Users/a/Ayanami/code/TSP/data/classic/tsplib/kroD100.tsp,polyak-smoothed-dynamic,333,polyak-smoothed-dynamic,333,21141.427378694731,21141.434156603122,21294
/Users/a/Ayanami/code/TSP/data/classic/tsplib/kroD100.tsp,polyak-smoothed-dynamic,334,polyak-smoothed-dynamic,334,21141.427378694731,21141.434156603122,21294
/Users/a/Ayanami/code/TSP/data/classic/tsplib/kroD100.tsp,polyak-smoothed-dynamic,335,polyak-smoothed-dynamic,335,21141.409151427019,21141.434156603122,21294
/Users/a/Ayanami/code/TSP/data/classic/tsplib/kroD100.tsp,polyak-smoothed-dynamic,336,polyak-smoothed-dynamic,336,21141.409151427019,21141.434156603122,21294
/Users/a/Ayanami/code/TSP/data/classic/tsplib/kroD100.tsp,polyak-smoothed-dynamic,337,polyak-smoothed-dynamic,337,21141.470558988833,21141.470558988833,21294
/Users/a/Ayanami/code/TSP/data/classic/tsplib/kroD100.tsp,polyak-smoothed-dynamic,338,polyak-smoothed-dynamic,338,21141.463016383372,21141.470558988833,21294
/Users/a/Ayanami/code/TSP/data/classic/tsplib/kroD100.tsp,polyak-smoothed-dynamic,339,polyak-smoothed-dynamic,339,21141.46591118391,21141.470558988833,21294
/Users/a/Ayanami/code/TSP/data/classic/tsplib/kroD100.tsp,polyak-smoothed-dynamic,340,polyak-smoothed-dynamic,340,21141.460304583823,21141.470558988833,21294
/Users/a/Ayanami/code/TSP/data/classic/tsplib/kroD100.tsp,polyak-smoothed-dynamic,341,polyak-smoothed-dynamic,341,21141.464002051758,21141.470558988833,21294
/Users/a/Ayanami/code/TSP/data/classic/tsplib/kroD100.tsp,polyak-smoothed-dynamic,342,polyak-smoothed-dynamic,342,21141.465971182854,21141.470558988833,21294
/Users/a/Ayanami/code/TSP/data/classic/tsplib/kroD100.tsp,polyak-smoothed-dynamic,343,polyak-smoothed-dynamic,343,21141.446302886859,21141.470558988833,21294
/Users/a/Ayanami/code/TSP/data/classic/tsplib/kroD100.tsp,polyak-smoothed-dynamic,344,polyak-smoothed-dynamic,344,21141.461880412073,21141.470558988833,21294
/Users/a/Ayanami/code/TSP/data/classic/tsplib/kroD100.tsp,polyak-smoothed-dynamic,345,polyak-smoothed-dynamic,345,21141.47261586065,21141.47261586065,21294
/Users/a/Ayanami/code/TSP/data/classic/tsplib/kroD100.tsp,polyak-smoothed-dynamic,346,polyak-smoothed-dynamic,346,21141.471293027498,21141.47261586065,21294
/Users/a/Ayanami/code/TSP/data/classic/tsplib/kroD100.tsp,polyak-smoothed-dynamic,347,polyak-smoothed-dynamic,347,21141.456109651288,21141.47261586065,21294
/Users/a/Ayanami/code/TSP/data/classic/tsplib/kroD100.tsp,polyak-smoothed-dynamic,348,polyak-smoothed-dynamic,348,21141.458028975754,21141.47261586065,21294
/Users/a/Ayanami/code/TSP/data/classic/tsplib/kroD100.tsp,polyak-smoothed-dynamic,349,polyak-smoothed-dynamic,349,21141.469582456488,21141.47261586065,21294
/Users/a/Ayanami/code/TSP/data/classic/tsplib/kroD100.tsp,polyak-smoothed-dynamic,350,polyak-smoothed-dynamic,350,21141.469028276762,21141.47261586065,21294
/Users/a/Ayanami/code/TSP/data/classic/tsplib/kroD100.tsp,polyak-smoothed-dynamic,351,polyak-smoothed-dynamic,351,21141.452553930685,21141.47261586065,21294
/Users/a/Ayanami/code/TSP/data/classic/tsplib/kroD100.tsp,polyak-smoothed-dynamic,352,polyak-smoothed-dynamic,352,21141.453442583439,21141.47261586065,21294
/Users/a/Ayanami/code/TSP/data/classic/tsplib/kroD100.tsp,polyak-smoothed-dynamic,353,polyak-smoothed-dynamic,353,21141.473793492158,21141.473793492158,21294
/Users/a/Ayanami/code/TSP/data/classic/tsplib/kroD100.tsp,polyak-smoothed-dynamic,354,polyak-smoothed-dynamic,354,21141.449471579654,21141.473793492158,21294
/Users/a/Ayanami/code/TSP/data/classic/tsplib/kroD100.tsp,polyak-smoothed-dynamic,355,polyak-smoothed-dynamic,355,21141.457521799548,21141.473793492158,21294
/Users/a/Ayanami/code/TSP/data/classic/tsplib/kroD100.tsp,polyak-smoothed-dynamic,356,polyak-smoothed-dynamic,356,21141.467253821083,21141.473793492158,21294
/Users/a/Ayanami/code/TSP/data/classic/tsplib/kroD100.tsp,polyak-smoothed-dynamic,357,polyak-smoothed-dynamic,357,21141.46927260283,21141.473793492158,21294
/Users/a/Ayanami/code/TSP/data/classic/tsplib/kroD100.tsp,polyak-smoothed-dynamic,358,polyak-smoothed-dynamic,358,21141.46334312324,21141.473793492158,21294
/Users/a/Ayanami/code/TSP/data/classic/tsplib/kroD100.tsp,polyak-smoothed-dynamic,359,polyak-smoothed-dynamic,359,21141.457216423649,21141.473793492158,21294
/Users/a/Ayanami/code/TSP/data/classic/tsplib/kroD100.tsp,polyak-smoothed-dynamic,360,polyak-smoothed-dynamic,360,21141.459327266315,21141.473793492158,21294
/Users/a/Ayanami/code/TSP/data/classic/tsplib/kroD100.tsp,polyak-smoothed-dynamic,361,polyak-smoothed-dynamic,361,21141.471197797589,21141.473793492158,21294
/Users/a/Ayanami/code/TSP/data/classic/tsplib/kroD100.tsp,polyak-smoothed-dynamic,362,polyak-smoothed-dynamic,362,21141.472914583766,21141.473793492158,21294
/Users/a/Ayanami/code/TSP/data/classic/tsplib/kroD100.tsp,polyak-smoothed-dynamic,363,polyak-smoothed-dynamic,363,21141.47313462352,21141.473793492158,21294
/Users/a/Ayanami/code/TSP/data/classic/tsplib/kroD100.tsp,polyak-smoothed-dynamic,364,polyak-smoothed-dynamic,364,21141.453668960039,21141.473793492158,21294
/Users/a/Ayanami/code/TSP/data/classic/tsplib/kroD100.tsp,polyak-smoothed-dynamic,365,polyak-smoothed-dynamic,365,21141.459430661518,21141.473793492158,21294
/Users/a/Ayanami/code/TSP/data/classic/tsplib/kroD100.tsp,polyak-smoothed-dynamic,366,polyak-smoothed-dynamic,366,21141.458542886052,21141.473793492158,21294
/Users/a/Ayanami/code/TSP/data/classic/tsplib/kroD100.tsp,polyak-smoothed-dynamic,367,polyak-smoothed-dynamic,367,21141.466202959215,21141.473793492158,21294
/Users/a/Ayanami/code/TSP/data/classic/tsplib/kroD100.tsp,polyak-smoothed-dynamic,368,polyak-smoothed-dynamic,368,21141.479436615369,21141.479436615369,21294
/Users/a/Ayanami/code/TSP/data/classic/tsplib/kroD100.tsp,polyak-smoothed-dynamic,369,polyak-smoothed-dynamic,369,21141.480793661005,21141.480793661005,21294
/Users/a/Ayanami/code/TSP/data/classic/tsplib/kroD100.tsp,polyak-smoothed-dynamic,370,polyak-smoothed-dynamic,370,21141.482560231685,21141.482560231685,21294
/Users/a/Ayanami/code/TSP/data/classic/tsplib/kroD100.tsp,polyak-smoothed-dynamic,371,polyak-smoothed-dynamic,371,21141.479290579853,21141.482560231685,21294
/Users/a/Ayanami/code/TSP/data/classic/tsplib/kroD100.tsp,polyak-smoothed-dynamic,372,polyak-smoothed-dynamic,372,21141.480526642776,21141.482560231685,21294
/Users/a/Ayanami/code/TSP/data/classic/tsplib/kroD100.tsp,polyak-smoothed-dynamic,373,polyak-smoothed-dynamic,373,21141.484396037162,21141.484396037162,21294
/Users/a/Ayanami/code/TSP/data/classic/tsplib/kroD100.tsp,polyak-smoothed-dynamic,374,polyak-smoothed-dynamic,374,21141.480591193449,21141.484396037162,21294
/Users/a/Ayanami/code/TSP/data/classic/tsplib/kroD100.tsp,polyak-smoothed-dynamic,375,polyak-smoothed-dynamic,375,21141.477496452364,21141.484396037162,21294
/Users/a/Ayanami/code/TSP/data/classic/tsplib/kroD100.tsp,polyak-smoothed-dynamic,376,polyak-smoothed-dynamic,376,21141.481293258315,21141.484396037162,21294
/Users/a/Ayanami/code/TSP/data/classic/tsplib/kroD100.tsp,polyak-smoothed-dynamic,377,polyak-smoothed-dynamic,377,21141.486179710239,21141.486179710239,21294
/Users/a/Ayanami/code/TSP/data/classic/tsplib/kroD100.tsp,polyak-smoothed-dynamic,378,polyak-smoothed-dynamic,378,21141.481387697044,21141.486179710239,21294
/Users/a/Ayanami/code/TSP/data/classic/tsplib/kroD100.tsp,polyak-smoothed-dynamic,379,polyak-smoothed-dynamic,379,21141.477497109172,21141.486179710239,21294
/Users/a/Ayanami/code/TSP/data/classic/tsplib/kroD100.tsp,polyak-smoothed-dynamic,380,polyak-smoothed-dynamic,380,21141.482944609226,21141.486179710239,21294
/Users/a/Ayanami/code/TSP/data/classic/tsplib/kroD100.tsp,polyak-smoothed-dynamic,381,polyak-smoothed-dynamic,381,21141.480140625856,21141.486179710239,21294
/Users/a/Ayanami/code/TSP/data/classic/tsplib/kroD100.tsp,polyak-smoothed-dynamic,382,polyak-smoothed-dynamic,382,21141.482825086663,21141.486179710239,21294
/Users/a/Ayanami/code/TSP/data/classic/tsplib/kroD100.tsp,polyak-smoothed-dynamic,383,polyak-smoothed-dynamic,383,21141.47858700146,21141.486179710239,21294
/Users/a/Ayanami/code/TSP/data/classic/tsplib/kroD100.tsp,polyak-smoothed-dynamic,384,polyak-smoothed-dynamic,384,21141.478654648337,21141.486179710239,21294
/Users/a/Ayanami/code/TSP/data/classic/tsplib/kroD100.tsp,polyak-smoothed-dynamic,385,polyak-smoothed-dynamic,385,21141.482151050062,21141.486179710239,21294
/Users/a/Ayanami/code/TSP/data/classic/tsplib/kroD100.tsp,polyak-smoothed-dynamic,386,polyak-smoothed-dynamic,386,21141.482533542858,21141.486179710239,21294
/Users/a/Ayanami/code/TSP/data/classic/tsplib/kroD100.tsp,polyak-smoothed-dynamic,387,polyak-smoothed-dynamic,387,21141.480283125129,21141.486179710239,21294
/Users/a/Ayanami/code/TSP/data/classic/tsplib/kroD100.tsp,polyak-smoothed-dynamic,388,polyak-smoothed-dynamic,388,21141.476862063657,21141.486179710239,21294
/Users/a/Ayanami/code/TSP/data/classic/tsplib/kroD100.tsp,polyak-smoothed-dynamic,389,polyak-smoothed-dynamic,389,21141.478209846802,21141.486179710239,21294
/Users/a/Ayanami/code/TSP/data/classic/tsplib/kroD100.tsp,polyak-smoothed-dynamic,390,polyak-smoothed-dynamic,390,21141.483619794337,21141.486179710239,21294
/Users/a/Ayanami/code/TSP/data/classic/tsplib/kroD100.tsp,polyak-smoothed-dynamic,391,polyak-smoothed-dynamic,391,21141.487606908064,21141.487606908064,21294
/Users/a/Ayanami/code/TSP/data/classic/tsplib/kroD100.tsp,polyak-smoothed-dynamic,392,polyak-smoothed-dynamic,392,21141.493062313264,21141.493062313264,21294
/Users/a/Ayanami/code/TSP/data/classic/tsplib/kroD100.tsp,polyak-smoothed-dynamic,393,polyak-smoothed-dynamic,393,21141.492834307486,21141.493062313264,21294
/Users/a/Ayanami/code/TSP/data/classic/tsplib/kroD100.tsp,polyak-smoothed-dynamic,394,polyak-smoothed-dynamic,394,21141.486585269195,21141.493062313264,21294
/Users/a/Ayanami/code/TSP/data/classic/tsplib/kroD100.tsp,polyak-smoothed-dynamic,395,polyak-smoothed-dynamic,395,21141.487745873146,21141.493062313264,21294
/Users/a/Ayanami/code/TSP/data/classic/tsplib/kroD100.tsp,polyak-smoothed-dynamic,396,polyak-smoothed-dynamic,396,21141.492276276382,21141.493062313264,21294
/Users/a/Ayanami/code/TSP/data/classic/tsplib/kroD100.tsp,polyak-smoothed-dynamic,397,polyak-smoothed-dynamic,397,21141.492276276382,21141.493062313264,21294
/Users/a/Ayanami/code/TSP/data/classic/tsplib/kroD100.tsp,polyak-smoothed-dynamic,398,polyak-smoothed-dynamic,398,21141.487291969348,21141.493062313264,21294
/Users/a/Ayanami/code/TSP/data/classic/tsplib/kroD100.tsp,polyak-smoothed-dynamic,399,polyak-smoothed-dynamic,399,21141.487291969348,21141.493062313264,21294
/Users/a/Ayanami/code/TSP/data/classic/tsplib/kroD100.tsp,polyak-smoothed-dynamic,400,polyak-smoothed-dynamic,400,21141.492276124274,21141.493062313264,21294
/Users/a/Ayanami/code/TSP/data/classic/tsplib/kroD100.tsp,polyak-smoothed-dynamic,401,polyak-smoothed-dynamic,401,21141.492276124274,21141.493062313264,21294
/Users/a/Ayanami/code/TSP/data/classic/tsplib/kroD100.tsp,polyak-smoothed-dynamic,402,polyak-smoothed-dynamic,402,21141.487292121448,21141.493062313264,21294
/Users/a/Ayanami/code/TSP/data/classic/tsplib/kroD100.tsp,polyak-smoothed-dynamic,403,polyak-smoothed-dynamic,403,21141.487292121448,21141.493062313264,21294
/Users/a/Ayanami/code/TSP/data/classic/tsplib/kroD100.tsp,polyak-smoothed-dynamic,404,polyak-smoothed-dynamic,404,21141.492275972174,21141.493062313264,21294
/Users/a/Ayanami/code/TSP/data/classic/tsplib/kroD100.tsp,polyak-smoothed-dynamic,405,polyak-smoothed-dynamic,405,21141.492275972174,21141.493062313264,21294
/Users/a/Ayanami/code/TSP/data/classic/tsplib/kroD100.tsp,polyak-smoothed-dynamic,406,polyak-smoothed-dynamic,406,21141.495444268909,21141.495444268909,21294
/Users/a/Ayanami/code/TSP/data/classic/tsplib/kroD100.tsp,polyak-smoothed-dynamic,407,polyak-smoothed-dynamic,407,21141.495136460388,21141.495444268909,21294
/Users/a/Ayanami/code/TSP/data/classic/tsplib/kroD100.tsp,polyak-smoothed-dynamic,408,polyak-smoothed-dynamic,408,21141.494546277223,21141.495444268909,21294
/Users/a/Ayanami/code/TSP/data/classic/tsplib/kroD100.tsp,polyak-smoothed-dynamic,409,polyak-smoothed-dynamic,409,21141.494777627908,21141.495444268909,21294
/Users/a/Ayanami/code/TSP/data/classic/tsplib/kroD100.tsp,polyak-smoothed-dynamic,410,polyak-smoothed-dynamic,410,21141.495515265808,21141.495515265808,21294
/Users/a/Ayanami/code/TSP/data/classic/tsplib/kroD100.tsp,polyak-smoothed-dynamic,411,polyak-smoothed-dynamic,411,21141.495493287181,21141.495515265808,21294
/Users/a/Ayanami/code/TSP/data/classic/tsplib/kroD100.tsp,polyak-smoothed-dynamic,412,polyak-smoothed-dynamic,412,21141.494339556848,21141.495515265808,21294
/Users/a/Ayanami/code/TSP/data/classic/tsplib/kroD100.tsp,polyak-smoothed-dynamic,413,polyak-smoothed-dynamic,413,21141.494144955639,21141.495515265808,21294
/Users/a/Ayanami/code/TSP/data/classic/tsplib/kroD100.tsp,polyak-smoothed-dynamic,414,polyak-smoothed-dynamic,414,21141.495825625956,21141.495825625956,21294
/Users/a/Ayanami/code/TSP/data/classic/tsplib/kroD100.tsp,polyak-smoothed-dynamic,415,polyak-smoothed-dynamic,415,21141.49647688492,21141.49647688492,21294
/Users/a/Ayanami/code/TSP/data/classic/tsplib/kroD100.tsp,polyak-smoothed-dynamic,416,polyak-smoothed-dynamic,416,21141.494839218332,21141.49647688492,21294
/Users/a/Ayanami/code/TSP/data/classic/tsplib/kroD100.tsp,polyak-smoothed-dynamic,417,polyak-smoothed-dynamic,417,21141.495506897747,21141.49647688492,21294
/Users/a/Ayanami/code/TSP/data/classic/tsplib/kroD100.tsp,polyak-smoothed-dynamic,418,polyak-smoothed-dynamic,418,21141.494485336156,21141.49647688492,21294
/Users/a/Ayanami/code/TSP/data/classic/tsplib/kroD100.tsp,polyak-smoothed-dynamic,419,polyak-smoothed-dynamic,419,21141.495751270661,21141.49647688492,21294
/Users/a/Ayanami/code/TSP/data/classic/tsplib/kroD100.tsp,polyak-smoothed-dynamic,420,polyak-smoothed-dynamic,420,21141.494042225579,21141.49647688492,21294
/Users/a/Ayanami/code/TSP/data/classic/tsplib/kroD100.tsp,polyak-smoothed-dynamic,421,polyak-smoothed-dynamic,421,21141.496038503286,21141.49647688492,21294
/Users/a/Ayanami/code/TSP/data/classic/tsplib/kroD100.tsp,polyak-smoothed-dynamic,422,polyak-smoothed-dynamic,422,21141.492956852846,21141.49647688492,21294
/Users/a/Ayanami/code/TSP/data/classic/tsplib/kroD100.tsp,polyak-smoothed-dynamic,423,polyak-smoothed-dynamic,423,21141.494965641647,21141.49647688492,21294
/Users/a/Ayanami/code/TSP/data/classic/tsplib/kroD100.tsp,polyak-smoothed-dynamic,424,polyak-smoothed-dynamic,424,21141.494628523302,21141.49647688492,21294
/Users/a/Ayanami/code/TSP/data/classic/tsplib/kroD100.tsp,polyak-smoothed-dynamic,425,polyak-smoothed-dynamic,425,21141.495103002086,21141.49647688492,21294
/Users/a/Ayanami/code/TSP/data/classic/tsplib/kroD100.tsp,polyak-smoothed-dynamic,426,polyak-smoothed-dynamic,426,21141.496232927228,21141.49647688492,21294
/Users/a/Ayanami/code/TSP/data/classic/tsplib/kroD100.tsp,polyak-smoothed-dynamic,427,polyak-smoothed-dynamic,427,21141.497106526182,21141.497106526182,21294
/Users/a/Ayanami/code/TSP/data/classic/tsplib/kroD100.tsp,polyak-smoothed-dynamic,428,polyak-smoothed-dynamic,428,21141.493530587864,21141.497106526182,21294
/Users/a/Ayanami/code/TSP/data/classic/tsplib/kroD100.tsp,polyak-smoothed-dynamic,429,polyak-smoothed-dynamic,429,21141.494052360515,21141.497106526182,21294
/Users/a/Ayanami/code/TSP/data/classic/tsplib/kroD100.tsp,polyak-smoothed-dynamic,430,polyak-smoothed-dynamic,430,21141.497054003194,21141.497106526182,21294
/Users/a/Ayanami/code/TSP/data/classic/tsplib/kroD100.tsp,polyak-smoothed-dynamic,431,polyak-smoothed-dynamic,431,21141.493936001738,21141.497106526182,21294
/Users/a/Ayanami/code/TSP/data/classic/tsplib/kroD100.tsp,polyak-smoothed-dynamic,432,polyak-smoothed-dynamic,432,21141.493989033359,21141.497106526182,21294
/Users/a/Ayanami/code/TSP/data/classic/tsplib/kroD100.tsp,polyak-smoothed-dynamic,433,polyak-smoothed-dynamic,433,21141.495836736562,21141.497106526182,21294
/Users/a/Ayanami/code/TSP/data/classic/tsplib/kroD100.tsp,polyak-smoothed-dynamic,434,polyak-smoothed-dynamic,434,21141.495418983137,21141.497106526182,21294
/Users/a/Ayanami/code/TSP/data/classic/tsplib/kroD100.tsp,polyak-smoothed-dynamic,435,polyak-smoothed-dynamic,435,21141.495200042609,21141.497106526182,21294
/Users/a/Ayanami/code/TSP/data/classic/tsplib/kroD100.tsp,polyak-smoothed-dynamic,436,polyak-smoothed-dynamic,436,21141.495799359411,21141.497106526182,21294
/Users/a/Ayanami/code/TSP/data/classic/tsplib/kroD100.tsp,polyak-smoothed-dynamic,437,polyak-smoothed-dynamic,437,21141.493774689734,21141.497106526182,21294
/Users/a/Ayanami/code/TSP/data/classic/tsplib/kroD100.tsp,polyak-smoothed-dynamic,438,polyak-smoothed-dynamic,438,21141.495200628193,21141.497106526182,21294
/Users/a/Ayanami/code/TSP/data/classic/tsplib/kroD100.tsp,polyak-smoothed-dynamic,439,polyak-smoothed-dynamic,439,21141.496050767262,21141.497106526182,21294
