instance,strategy,iteration,phase,phase_iteration,lower_bound,best_lower_bound,concorde_optimum
/Users/a/Ayanami/code/TSP/data/classic/tsplib/gr137.tsp,polyak,1,polyak,1,60096,60096,69853
/Users/a/Ayanami/code/TSP/data/classic/tsplib/gr137.tsp,polyak,2,polyak,2,46637.680000000008,60096,69853
/Users/a/Ayanami/code/TSP/data/classic/tsplib/gr137.tsp,polyak,3,polyak,3,54175.319310344836,60096,69853
/Users/a/Ayanami/code/TSP/data/classic/tsplib/gr137.tsp,polyak,4,polyak,4,55417.507218390812,60096,69853
/Users/a/Ayanami/code/TSP/data/classic/tsplib/gr137.tsp,polyak,5,polyak,5,56340.409899425307,60096,69853
/Users/a/Ayanami/code/TSP/data/classic/tsplib/gr137.tsp,polyak,6,polyak,6,58146.834453707314,60096,69853
/Users/a/Ayanami/code/TSP/data/classic/tsplib/gr137.tsp,polyak,7,polyak,7,57983.721856948854,60096,69853
/Users/a/Ayanami/code/TSP/data/classic/tsplib/gr137.tsp,polyak,8,polyak,8,59664.553960659454,60096,69853
/Users/a/Ayanami/code/TSP/data/classic/tsplib/gr137.tsp,polyak,9,polyak,9,58390.37529708918,60096,69853
/Users/a/Ayanami/code/TSP/data/classic/tsplib/gr137.tsp,polyak,10,polyak,10,63265.811030032579,63265.811030032579,69853
/Users/a/Ayanami/code/TSP/data/classic/tsplib/gr137.tsp,polyak,11,polyak,11,61933.385112235999,63265.811030032579,69853
/Users/a/Ayanami/code/TSP/data/classic/tsplib/gr137.tsp,polyak,12,polyak,12,62453.181131364414,63265.811030032579,69853
/Users/a/Ayanami/code/TSP/data/classic/tsplib/gr137.tsp,polyak,13,polyak,13,63954.519712708265,63954.519712708265,69853
/Users/a/Ayanami/code/TSP/data/classic/tsplib/gr137.tsp,polyak,14,polyak,14,63864.640758289606,63954.519712708265,69853
/Users/a/Ayanami/code/TSP/data/classic/tsplib/gr137.tsp,polyak,15,polyak,15,63274.293977495508,63954.519712708265,69853
/Users/a/Ayanami/code/TSP/data/classic/tsplib/gr137.tsp,polyak,16,polyak,16,64439.142269293392,64439.142269293392,69853
/Users/a/Ayanami/code/TSP/data/classic/tsplib/gr137.tsp,polyak,17,polyak,17,63974.268662710187,64439.142269293392,69853
/Users/a/Ayanami/code/TSP/data/classic/tsplib/gr137.tsp,polyak,18,polyak,18,64338.215740278392,64439.142269293392,69853
/Users/a/Ayanami/code/TSP/data/classic/tsplib/gr137.tsp,polyak,19,polyak,19,64208.54534530118,64439.142269293392,69853
/Users/a/Ayanami/code/TSP/data/classic/tsplib/gr137.tsp,polyak,20,polyak,20,63628.829342627752,64439.142269293392,69853
/Users/a/Ayanami/code/TSP/data/classic/tsplib/gr137.tsp,polyak,21,polyak,21,63950.566831849734,64439.142269293392,69853
/Users/a/Ayanami/code/TSP/data/classic/tsplib/gr137.tsp,polyak,22,polyak,22,63055.866471366084,64439.142269293392,69853
/Users/a/Ayanami/code/TSP/data/classic/tsplib/gr137.tsp,polyak,23,polyak,23,64540.118104199602,64540.118104199602,69853
/Users/a/Ayanami/code/TSP/data/classic/tsplib/gr137.tsp,polyak,24,polyak,24,63522.109712273217,64540.118104199602,69853
/Users/a/Ayanami/code/TSP/data/classic/tsplib/gr137.tsp,polyak,25,polyak,25,65354.354581108979,65354.354581108979,69853
/Users/a/Ayanami/code/TSP/data/classic/tsplib/gr137.tsp,polyak,26,polyak,26,64137.080669309682,65354.354581108979,69853
/Users/a/Ayanami/code/TSP/data/classic/tsplib/gr137.tsp,polyak,27,polyak,27,64114.433819931633,65354.354581108979,69853
/Users/a/Ayanami/code/TSP/data/classic/tsplib/gr137.tsp,polyak,28,polyak,28,64339.77351759046,65354.354581108979,69853
/Users/a/Ayanami/code/TSP/data/classic/tsplib/gr137.tsp,polyak,29,polyak,29,64958.115220108666,65354.354581108979,69853
/Users/a/Ayanami/code/TSP/data/classic/tsplib/gr137.tsp,polyak,30,polyak,30,63285.587773586449,65354.354581108979,69853
/Users/a/Ayanami/code/TSP/data/classic/tsplib/gr137.tsp,polyak,31,polyak,31,63984.687840090846,65354.354581108979,69853
/Users/a/Ayanami/code/TSP/data/classic/tsplib/gr137.tsp,polyak,32,polyak,32,64208.296370425698,65354.354581108979,69853
/Users/a/Ayanami/code/TSP/data/classic/tsplib/gr137.tsp,polyak,33,polyak,33,64637.487502240278,65354.354581108979,69853
/Users/a/Ayanami/code/TSP/data/classic/tsplib/gr137.tsp,polyak,34,polyak,34,63433.858562535061,65354.354581108979,69853
/Users/a/Ayanami/code/TSP/data/classic/tsplib/gr137.tsp,polyak,35,polyak,35,65730.171865094817,65730.171865094817,69853
/Users/a/Ayanami/code/TSP/data/classic/tsplib/gr137.tsp,polyak,36,polyak,36,64837.775288627738,65730.171865094817,69853
/Users/a/Ayanami/code/TSP/data/classic/tsplib/gr137.tsp,polyak,37,polyak,37,65231.021706798099,65730.171865094817,69853
/Users/a/Ayanami/code/TSP/data/classic/tsplib/gr137.tsp,polyak,38,polyak,38,65610.429366393306,65730.171865094817,69853
/Users/a/Ayanami/code/TSP/data/classic/tsplib/gr137.tsp,polyak,39,polyak,39,65251.781309405589,65730.171865094817,69853
/Users/a/Ayanami/code/TSP/data/classic/tsplib/gr137.tsp,polyak,40,polyak,40,65061.192148552938,65730.171865094817,69853
/Users/a/Ayanami/code/TSP/data/classic/tsplib/gr137.tsp,polyak,41,polyak,41,66018.729753176012,66018.729753176012,69853
/Users/a/Ayanami/code/TSP/data/classic/tsplib/gr137.tsp,polyak,42,polyak,42,64350.343812380066,66018.729753176012,69853
/Users/a/Ayanami/code/TSP/data/classic/tsplib/gr137.tsp,polyak,43,polyak,43,65451.386952366243,66018.729753176012,69853
/Users/a/Ayanami/code/TSP/data/classic/tsplib/gr137.tsp,polyak,44,polyak,44,65144.132868023706,66018.729753176012,69853
/Users/a/Ayanami/code/TSP/data/classic/tsplib/gr137.tsp,polyak,45,polyak,45,65496.655667303537,66018.729753176012,69853
/Users/a/Ayanami/code/TSP/data/classic/tsplib/gr137.tsp,polyak,46,polyak,46,65498.428316759891,66018.729753176012,69853
/Users/a/Ayanami/code/TSP/data/classic/tsplib/gr137.tsp,polyak,47,polyak,47,65343.457054459242,66018.729753176012,69853
/Users/a/Ayanami/code/TSP/data/classic/tsplib/gr137.tsp,polyak,48,polyak,48,64012.512337743254,66018.729753176012,69853
/Users/a/Ayanami/code/TSP/data/classic/tsplib/gr137.tsp,polyak,49,polyak,49,65131.39649032733,66018.729753176012,69853
/Users/a/Ayanami/code/TSP/data/classic/tsplib/gr137.tsp,polyak,50,polyak,50,64639.985009849624,66018.729753176012,69853
/Users/a/Ayanami/code/TSP/data/classic/tsplib/gr137.tsp,polyak,51,polyak,51,65247.71035476042,66018.729753176012,69853
/Users/a/Ayanami/code/TSP/data/classic/tsplib/gr137.tsp,polyak,52,polyak,52,65228.407997740564,66018.729753176012,69853
/Users/a/Ayanami/code/TSP/data/classic/tsplib/gr137.tsp,polyak,53,polyak,53,63639.84482387318,66018.729753176012,69853
/Users/a/Ayanami/code/TSP/data/classic/tsplib/gr137.tsp,polyak,54,polyak,54,64849.274496293961,66018.729753176012,69853
/Users/a/Ayanami/code/TSP/data/classic/tsplib/gr137.tsp,polyak,55,polyak,55,67115.707721737796,67115.707721737796,69853
/Users/a/Ayanami/code/TSP/data/classic/tsplib/gr137.tsp,polyak,56,polyak,56,67581.670098870978,67581.670098870978,69853
/Users/a/Ayanami/code/TSP/data/classic/tsplib/gr137.tsp,polyak,57,polyak,57,67563.890483331837,67581.670098870978,69853
/Users/a/Ayanami/code/TSP/data/classic/tsplib/gr137.tsp,polyak,58,polyak,58,68153.103967762261,68153.103967762261,69853
/Users/a/Ayanami/code/TSP/data/classic/tsplib/gr137.tsp,polyak,59,polyak,59,67850.253197354687,68153.103967762261,69853
/Users/a/Ayanami/code/TSP/data/classic/tsplib/gr137.tsp,polyak,60,polyak,60,68037.668587740278,68153.103967762261,69853
/Users/a/Ayanami/code/TSP/data/classic/tsplib/gr137.tsp,polyak,61,polyak,61,68243.805428837732,68243.805428837732,69853
/Users/a/Ayanami/code/TSP/data/classic/tsplib/gr137.tsp,polyak,62,polyak,62,67914.152395596364,68243.805428837732,69853
/Users/a/Ayanami/code/TSP/data/classic/tsplib/gr137.tsp,polyak,63,polyak,63,67838.231634169249,68243.805428837732,69853
/Users/a/Ayanami/code/TSP/data/classic/tsplib/gr137.tsp,polyak,64,polyak,64,68195.387717909456,68243.805428837732,69853
/Users/a/Ayanami/code/TSP/data/classic/tsplib/gr137.tsp,polyak,65,polyak,65,67896.523925813177,68243.805428837732,69853
/Users/a/Ayanami/code/TSP/data/classic/tsplib/gr137.tsp,polyak,66,polyak,66,67923.456250391639,68243.805428837732,69853
/Users/a/Ayanami/code/TSP/data/classic/tsplib/gr137.tsp,polyak,67,polyak,67,68312.775048809664,68312.775048809664,69853
/Users/a/Ayanami/code/TSP/data/classic/tsplib/gr137.tsp,polyak,68,polyak,68,67816.862928925038,68312.775048809664,69853
/Users/a/Ayanami/code/TSP/data/classic/tsplib/gr137.tsp,polyak,69,polyak,69,68285.955719006408,68312.775048809664,69853
/Users/a/Ayanami/code/TSP/data/classic/tsplib/gr137.tsp,polyak,70,polyak,70,67759.465799646452,68312.775048809664,69853
/Users/a/Ayanami/code/TSP/data/classic/tsplib/gr137.tsp,polyak,71,polyak,71,67997.83028978105,68312.775048809664,69853
/Users/a/Ayanami/code/TSP/data/classic/tsplib/gr137.tsp,polyak,72,polyak,72,68137.39985494467,68312.775048809664,69853
/Users/a/Ayanami/code/TSP/data/classic/tsplib/gr137.tsp,polyak,73,polyak,73,68131.603098599051,68312.775048809664,69853
/Users/a/Ayanami/code/TSP/data/classic/tsplib/gr137.tsp,polyak,74,polyak,74,67795.914872547452,68312.775048809664,69853
/Users/a/Ayanami/code/TSP/data/classic/tsplib/gr137.tsp,polyak,75,polyak,75,68165.467116875996,68312.775048809664,69853
/Users/a/Ayanami/code/TSP/data/classic/tsplib/gr137.tsp,polyak,76,polyak,76,68167.508489011612,68312.775048809664,69853
/Users/a/Ayanami/code/TSP/data/classic/tsplib/gr137.tsp,polyak,77,polyak,77,68269.857717329767,68312.775048809664,69853
/Users/a/Ayanami/code/TSP/data/classic/tsplib/gr137.tsp,polyak,78,polyak,78,67623.590319423034,68312.775048809664,69853
/Users/a/Ayanami/code/TSP/data/classic/tsplib/gr137.tsp,polyak,79,polyak,79,68257.199325667752,68312.775048809664,69853
/Users/a/Ayanami/code/TSP/data/classic/tsplib/gr137.tsp,polyak,80,polyak,80,67934.300061182774,68312.775048809664,69853
/Users/a/Ayanami/code/TSP/data/classic/tsplib/gr137.tsp,polyak,81,polyak,81,68437.063623632886,68437.063623632886,69853
/Users/a/Ayanami/code/TSP/data/classic/tsplib/gr137.tsp,polyak,82,polyak,82,68539.243865793833,68539.243865793833,69853
/Users/a/Ayanami/code/TSP/data/classic/tsplib/gr137.tsp,polyak,83,polyak,83,68592.884267607995,68592.884267607995,69853
/Users/a/Ayanami/code/TSP/data/classic/tsplib/gr137.tsp,polyak,84,polyak,84,68605.412056527479,68605.412056527479,69853
/Users/a/Ayanami/code/TSP/data/classic/tsplib/gr137.tsp,polyak,85,polyak,85,68618.864620667009,68618.864620667009,69853
/Users/a/Ayanami/code/TSP/data/classic/tsplib/gr137.tsp,polyak,86,polyak,86,68687.970296909218,68687.970296909218,69853
/Users/a/Ayanami/code/TSP/data/classic/tsplib/gr137.tsp,polyak,87,polyak,87,68738.178947870561,68738.178947870561,69853
/Users/a/Ayanami/code/TSP/data/classic/tsplib/gr137.tsp,polyak,88,polyak,88,68622.84630815791,68738.178947870561,69853
/Users/a/Ayanami/code/TSP/data/classic/tsplib/gr137.tsp,polyak,89,polyak,89,68484.270342967327,68738.178947870561,69853
/Users/a/Ayanami/code/TSP/data/classic/tsplib/gr137.tsp,polyak,90,polyak,90,68768.669252699896,68768.669252699896,69853
/Users/a/Ayanami/code/TSP/data/classic/tsplib/gr137.tsp,polyak,91,polyak,91,68609.296873549567,68768.669252699896,69853
/Users/a/Ayanami/code/TSP/data/classic/tsplib/gr137.tsp,polyak,92,polyak,92,68679.858377062395,68768.669252699896,69853
/Users/a/Ayanami/code/TSP/data/classic/tsplib/gr137.tsp,polyak,93,polyak,93,68761.172231709774,68768.669252699896,69853
/Users/a/Ayanami/code/TSP/data/classic/tsplib/gr137.tsp,polyak,94,polyak,94,68522.804459718318,68768.669252699896,69853
/Users/a/Ayanami/code/TSP/data/classic/tsplib/gr137.tsp,polyak,95,polyak,95,68654.409191121435,68768.669252699896,69853
/Users/a/Ayanami/code/TSP/data/classic/tsplib/gr137.tsp,polyak,96,polyak,96,68518.980127252871,68768.669252699896,69853
/Users/a/Ayanami/code/TSP/data/classic/tsplib/gr137.tsp,polyak,97,polyak,97,68540.768386259006,68768.669252699896,69853
/Users/a/Ayanami/code/TSP/data/classic/tsplib/gr137.tsp,polyak,98,polyak,98,68703.923524961967,68768.669252699896,69853
/Users/a/Ayanami/code/TSP/data/classic/tsplib/gr137.tsp,polyak,99,polyak,99,68590.198552728441,68768.669252699896,69853
/Users/a/Ayanami/code/TSP/data/classic/tsplib/gr137.tsp,polyak,100,polyak,100,68621.913743274505,68768.669252699896,69853
/Users/a/Ayanami/code/TSP/data/classic/tsplib/gr137.tsp,polyak,101,polyak,101,68766.153725801065,68768.669252699896,69853
/Users/a/Ayanami/code/TSP/data/classic/tsplib/gr137.tsp,polyak,102,polyak,102,68591.140218647037,68768.669252699896,69853
/Users/a/Ayanami/code/TSP/data/classic/tsplib/gr137.tsp,polyak,103,polyak,103,68752.563388054405,68768.669252699896,69853
/Users/a/Ayanami/code/TSP/data/classic/tsplib/gr137.tsp,polyak,104,polyak,104,68847.152483639904,68847.152483639904,69853
/Users/a/Ayanami/code/TSP/data/classic/tsplib/gr137.tsp,polyak,105,polyak,105,68833.10398007906,68847.152483639904,69853
/Users/a/Ayanami/code/TSP/data/classic/tsplib/gr137.tsp,polyak,106,polyak,106,68907.772843841478,68907.772843841478,69853
/Users/a/Ayanami/code/TSP/data/classic/tsplib/gr137.tsp,polyak,107,polyak,107,68873.906465058899,68907.772843841478,69853
/Users/a/Ayanami/code/TSP/data/classic/tsplib/gr137.tsp,polyak,108,polyak,108,68874.585245733033,68907.772843841478,69853
/Users/a/Ayanami/code/TSP/data/classic/tsplib/gr137.tsp,polyak,109,polyak,109,68864.206738980953,68907.772843841478,69853
/Users/a/Ayanami/code/TSP/data/classic/tsplib/gr137.tsp,polyak,110,polyak,110,68934.757056847622,68934.757056847622,69853
/Users/a/Ayanami/code/TSP/data/classic/tsplib/gr137.tsp,polyak,111,polyak,111,68784.22438396349,68934.757056847622,69853
/Users/a/Ayanami/code/TSP/data/classic/tsplib/gr137.tsp,polyak,112,polyak,112,68953.789378857473,68953.789378857473,69853
/Users/a/Ayanami/code/TSP/data/classic/tsplib/gr137.tsp,polyak,113,polyak,113,68882.437282956525,68953.789378857473,69853
/Users/a/Ayanami/code/TSP/data/classic/tsplib/gr137.tsp,polyak,114,polyak,114,68926.740045875122,68953.789378857473,69853
/Users/a/Ayanami/code/TSP/data/classic/tsplib/gr137.tsp,polyak,115,polyak,115,68907.840315600362,68953.789378857473,69853
/Users/a/Ayanami/code/TSP/data/classic/tsplib/gr137.tsp,polyak,116,polyak,116,68892.784662675505,68953.789378857473,69853
/Users/a/Ayanami/code/TSP/data/classic/tsplib/gr137.tsp,polyak,117,polyak,117,68913.126212962597,68953.789378857473,69853
/Users/a/Ayanami/code/TSP/data/classic/tsplib/gr137.tsp,polyak,118,polyak,118,68942.375463295597,68953.789378857473,69853
/Users/a/Ayanami/code/TSP/data/classic/tsplib/gr137.tsp,polyak,119,polyak,119,68871.110673874107,68953.789378857473,69853
/Users/a/Ayanami/code/TSP/data/classic/tsplib/gr137.tsp,polyak,120,polyak,120,68890.296322211376,68953.789378857473,69853
/Users/a/Ayanami/code/TSP/data/classic/tsplib/gr137.tsp,polyak,121,polyak,121,68865.871336488068,68953.789378857473,69853
/Users/a/Ayanami/code/TSP/data/classic/tsplib/gr137.tsp,polyak,122,polyak,122,68900.337468298443,68953.789378857473,69853
/Users/a/Ayanami/code/TSP/data/classic/tsplib/gr137.tsp,polyak,123,polyak,123,68914.774701963106,68953.789378857473,69853
/Users/a/Ayanami/code/TSP/data/classic/tsplib/gr137.tsp,polyak,124,polyak,124,68874.942988305338,68953.789378857473,69853
/Users/a/Ayanami/code/TSP/data/classic/tsplib/gr137.tsp,polyak,125,polyak,125,68936.975883636958,68953.789378857473,69853
/Users/a/Ayanami/code/TSP/data/classic/tsplib/gr137.tsp,polyak,126,polyak,126,68989.301457625043,68989.301457625043,69853
/Users/a/Ayanami/code/TSP/data/classic/tsplib/gr137.tsp,polyak,127,polyak,127,68987.35960242842,68989.301457625043,69853
/Users/a/Ayanami/code/TSP/data/classic/tsplib/gr137.tsp,polyak,128,polyak,128,69000.693538466687,69000.693538466687,69853
/Users/a/Ayanami/code/TSP/data/classic/tsplib/gr137.tsp,polyak,129,polyak,129,68981.759177578395,69000.693538466687,69853
/Users/a/Ayanami/code/TSP/data/classic/tsplib/gr137.tsp,polyak,130,polyak,130,68984.460024775646,69000.693538466687,69853
/Users/a/Ayanami/code/TSP/data/classic/tsplib/gr137.tsp,polyak,131,polyak,131,68995.050261131124,69000.693538466687,69853
/Users/a/Ayanami/code/TSP/data/classic/tsplib/gr137.tsp,polyak,132,polyak,132,68978.932250147845,69000.693538466687,69853
/Users/a/Ayanami/code/TSP/data/classic/tsplib/gr137.tsp,polyak,133,polyak,133,69027.464086950014,69027.464086950014,69853
/Users/a/Ayanami/code/TSP/data/classic/tsplib/gr137.tsp,polyak,134,polyak,134,68935.400249392565,69027.464086950014,69853
/Users/a/Ayanami/code/TSP/data/classic/tsplib/gr137.tsp,polyak,135,polyak,135,69018.158746300454,69027.464086950014,69853
/Users/a/Ayanami/code/TSP/data/classic/tsplib/gr137.tsp,polyak,136,polyak,136,68960.003597212082,69027.464086950014,69853
/Users/a/Ayanami/code/TSP/data/classic/tsplib/gr137.tsp,polyak,137,polyak,137,69043.577972853323,69043.577972853323,69853
/Users/a/Ayanami/code/TSP/data/classic/tsplib/gr137.tsp,polyak,138,polyak,138,68934.165474506677,69043.577972853323,69853
/Users/a/Ayanami/code/TSP/data/classic/tsplib/gr137.tsp,polyak,139,polyak,139,68990.827499880063,69043.577972853323,69853
/Users/a/Ayanami/code/TSP/data/classic/tsplib/gr137.tsp,polyak,140,polyak,140,69019.873779531044,69043.577972853323,69853
/Users/a/Ayanami/code/TSP/data/classic/tsplib/gr137.tsp,polyak,141,polyak,141,68965.031187997738,69043.577972853323,69853
/Users/a/Ayanami/code/TSP/data/classic/tsplib/gr137.tsp,polyak,142,polyak,142,69040.692779456396,69043.577972853323,69853
/Users/a/Ayanami/code/TSP/data/classic/tsplib/gr137.tsp,polyak,143,polyak,143,68949.036542996415,69043.577972853323,69853
/Users/a/Ayanami/code/TSP/data/classic/tsplib/gr137.tsp,polyak,144,polyak,144,69026.515451907777,69043.577972853323,69853
/Users/a/Ayanami/code/TSP/data/classic/tsplib/gr137.tsp,polyak,145,polyak,145,68979.733278156709,69043.577972853323,69853
/Users/a/Ayanami/code/TSP/data/classic/tsplib/gr137.tsp,polyak,146,polyak,146,68990.090296589478,69043.577972853323,69853
/Users/a/Ayanami/code/TSP/data/classic/tsplib/gr137.tsp,polyak,147,polyak,147,69003.267271879726,69043.577972853323,69853
/Users/a/Ayanami/code/TSP/data/classic/tsplib/gr137.tsp,polyak,148,polyak,148,69014.745953081423,69043.577972853323,69853
/Users/a/Ayanami/code/TSP/data/classic/tsplib/gr137.tsp,polyak,149,polyak,149,69004.557171759894,69043.577972853323,69853
/Users/a/Ayanami/code/TSP/data/classic/tsplib/gr137.tsp,polyak,150,polyak,150,68992.965807148299,69043.577972853323,69853
/Users/a/Ayanami/code/TSP/data/classic/tsplib/gr137.tsp,polyak,151,polyak,151,69059.40472890329,69059.40472890329,69853
/Users/a/Ayanami/code/TSP/data/classic/tsplib/gr137.tsp,polyak,152,polyak,152,69053.352943648366,69059.40472890329,69853
/Users/a/Ayanami/code/TSP/data/classic/tsplib/gr137.tsp,polyak,153,polyak,153,69061.556289906701,69061.556289906701,69853
/Users/a/Ayanami/code/TSP/data/classic/tsplib/gr137.tsp,polyak,154,polyak,154,69050.661137938296,69061.556289906701,69853
/Users/a/Ayanami/code/TSP/data/classic/tsplib/gr137.tsp,polyak,155,polyak,155,69059.192896007211,69061.556289906701,69853
/Users/a/Ayanami/code/TSP/data/classic/tsplib/gr137.tsp,polyak,156,polyak,156,69054.237736713985,69061.556289906701,69853
/Users/a/Ayanami/code/TSP/data/classic/tsplib/gr137.tsp,polyak,157,polyak,157,69045.042552976854,69061.556289906701,69853
/Users/a/Ayanami/code/TSP/data/classic/tsplib/gr137.tsp,polyak,158,polyak,158,69051.186981670719,69061.556289906701,69853
/Users/a/Ayanami/code/TSP/data/classic/tsplib/gr137.tsp,polyak,159,polyak,159,69052.275585030715,69061.556289906701,69853
/Users/a/Ayanami/code/TSP/data/classic/tsplib/gr137.tsp,polyak,160,polyak,160,69051.814206123629,69061.556289906701,69853
/Users/a/Ayanami/code/TSP/data/classic/tsplib/gr137.tsp,polyak,161,polyak,161,69066.289911453801,69066.289911453801,69853
/Users/a/Ayanami/code/TSP/data/classic/tsplib/gr137.tsp,polyak,162,polyak,162,69061.877317842111,69066.289911453801,69853
/Users/a/Ayanami/code/TSP/data/classic/tsplib/gr137.tsp,polyak,163,polyak,163,69050.449716455129,69066.289911453801,69853
/Users/a/Ayanami/code/TSP/data/classic/tsplib/gr137.tsp,polyak,164,polyak,164,69058.153075417242,69066.289911453801,69853
/Users/a/Ayanami/code/TSP/data/classic/tsplib/gr137.tsp,polyak,165,polyak,165,69055.207052832237,69066.289911453801,69853
/Users/a/Ayanami/code/TSP/data/classic/tsplib/gr137.tsp,polyak,166,polyak,166,69057.688466841239,69066.289911453801,69853
/Users/a/Ayanami/code/TSP/data/classic/tsplib/gr137.tsp,polyak,167,polyak,167,69061.369627320033,69066.289911453801,69853
/Users/a/Ayanami/code/TSP/data/classic/tsplib/gr137.tsp,polyak,168,polyak,168,69045.942726709691,69066.289911453801,69853
/Users/a/Ayanami/code/TSP/data/classic/tsplib/gr137.tsp,polyak,169,polyak,169,69073.049469194695,69073.049469194695,69853
/Users/a/Ayanami/code/TSP/data/classic/tsplib/gr137.tsp,polyak,170,polyak,170,69053.8318423889,69073.049469194695,69853
/Users/a/Ayanami/code/TSP/data/classic/tsplib/gr137.tsp,polyak,171,polyak,171,69053.381671551164,69073.049469194695,69853
/Users/a/Ayanami/code/TSP/data/classic/tsplib/gr137.tsp,polyak,172,polyak,172,69067.15394628988,69073.049469194695,69853
/Users/a/Ayanami/code/TSP/data/classic/tsplib/gr137.tsp,polyak,173,polyak,173,69040.326788686405,69073.049469194695,69853
/Users/a/Ayanami/code/TSP/data/classic/tsplib/gr137.tsp,polyak,174,polyak,174,69083.090002078621,69083.090002078621,69853
/Users/a/Ayanami/code/TSP/data/classic/tsplib/gr137.tsp,polyak,175,polyak,175,69042.549791626021,69083.090002078621,69853
/Users/a/Ayanami/code/TSP/data/classic/tsplib/gr137.tsp,polyak,176,polyak,176,69072.433748018317,69083.090002078621,69853
/Users/a/Ayanami/code/TSP/data/classic/tsplib/gr137.tsp,polyak,177,polyak,177,69045.575665485303,69083.090002078621,69853
/Users/a/Ayanami/code/TSP/data/classic/tsplib/gr137.tsp,polyak,178,polyak,178,69080.96074156207,69083.090002078621,69853
/Users/a/Ayanami/code/TSP/data/classic/tsplib/gr137.tsp,polyak,179,polyak,179,69039.12811566134,69083.090002078621,69853
/Users/a/Ayanami/code/TSP/data/classic/tsplib/gr137.tsp,polyak,180,polyak,180,69061.496802244917,69083.090002078621,69853
/Users/a/Ayanami/code/TSP/data/classic/tsplib/gr137.tsp,polyak,181,polyak,181,69054.209593968044,69083.090002078621,69853
/Users/a/Ayanami/code/TSP/data/classic/tsplib/gr137.tsp,polyak,182,polyak,182,69065.926860037827,69083.090002078621,69853
/Users/a/Ayanami/code/TSP/data/classic/tsplib/gr137.tsp,polyak,183,polyak,183,69051.564861308667,69083.090002078621,69853
/Users/a/Ayanami/code/TSP/data/classic/tsplib/gr137.tsp,polyak,184,polyak,184,69049.811226781414,69083.090002078621,69853
/Users/a/Ayanami/code/TSP/data/classic/tsplib/gr137.tsp,polyak,185,polyak,185,69072.033555340633,69083.090002078621,69853
/Users/a/Ayanami/code/TSP/data/classic/tsplib/gr137.tsp,polyak,186,polyak,186,69054.278696377383,69083.090002078621,69853
/Users/a/Ayanami/code/TSP/data/classic/tsplib/gr137.tsp,polyak,187,polyak,187,69079.3565723996,69083.090002078621,69853
/Users/a/Ayanami/code/TSP/data/classic/tsplib/gr137.tsp,polyak,188,polyak,188,69065.82071950812,69083.090002078621,69853
/Users/a/Ayanami/code/TSP/data/classic/tsplib/gr137.tsp,polyak,189,polyak,189,69092.862178171476,69092.862178171476,69853
/Users/a/Ayanami/code/TSP/data/classic/tsplib/gr137.tsp,polyak,190,polyak,190,69077.536734834808,69092.862178171476,69853
/Users/a/Ayanami/code/TSP/data/classic/tsplib/gr137.tsp,polyak,191,polyak,191,69084.496368199121,69092.862178171476,69853
/Users/a/Ayanami/code/TSP/data/classic/tsplib/gr137.tsp,polyak,192,polyak,192,69074.989075805279,69092.862178171476,69853
/Users/a/Ayanami/code/TSP/data/classic/tsplib/gr137.tsp,polyak,193,polyak,193,69092.064089359279,69092.862178171476,69853
/Users/a/Ayanami/code/TSP/data/classic/tsplib/gr137.tsp,polyak,194,polyak,194,69073.769604501795,69092.862178171476,69853
/Users/a/Ayanami/code/TSP/data/classic/tsplib/gr137.tsp,polyak,195,polyak,195,69091.729767620505,69092.862178171476,69853
/Users/a/Ayanami/code/TSP/data/classic/tsplib/gr137.tsp,polyak,196,polyak,196,69072.861674730229,69092.862178171476,69853
/Users/a/Ayanami/code/TSP/data/classic/tsplib/gr137.tsp,polyak,197,polyak,197,69096.013520003035,69096.013520003035,69853
/Users/a/Ayanami/code/TSP/data/classic/tsplib/gr137.tsp,polyak,198,polyak,198,69074.936002247152,69096.013520003035,69853
/Users/a/Ayanami/code/TSP/data/classic/tsplib/gr137.tsp,polyak,199,polyak,199,69087.42628947433,69096.013520003035,69853
/Users/a/Ayanami/code/TSP/data/classic/tsplib/gr137.tsp,polyak,200,polyak,200,69085.413294444894,69096.013520003035,69853
/Users/a/Ayanami/code/TSP/data/classic/tsplib/gr137.tsp,polyak,201,polyak,201,69078.966406299252,69096.013520003035,69853
/Users/a/Ayanami/code/TSP/data/classic/tsplib/gr137.tsp,polyak,202,polyak,202,69089.369793547579,69096.013520003035,69853
/Users/a/Ayanami/code/TSP/data/classic/tsplib/gr137.tsp,polyak,203,polyak,203,69079.677444117769,69096.013520003035,69853
/Users/a/Ayanami/code/TSP/data/classic/tsplib/gr137.tsp,polyak,204,polyak,204,69095.796878168083,69096.013520003035,69853
/Users/a/Ayanami/code/TSP/data/classic/tsplib/gr137.tsp,polyak,205,polyak,205,69074.592966695636,69096.013520003035,69853
/Users/a/Ayanami/code/TSP/data/classic/tsplib/gr137.tsp,polyak,206,polyak,206,69090.017263052447,69096.013520003035,69853
/Users/a/Ayanami/code/TSP/data/classic/tsplib/gr137.tsp,polyak,207,polyak,207,69080.643038124719,69096.013520003035,69853
/Users/a/Ayanami/code/TSP/data/classic/tsplib/gr137.tsp,polyak,208,polyak,208,69094.016671023812,69096.013520003035,69853
/Users/a/Ayanami/code/TSP/data/classic/tsplib/gr137.tsp,polyak,209,polyak,209,69076.000950177622,69096.013520003035,69853
/Users/a/Ayanami/code/TSP/data/classic/tsplib/gr137.tsp,polyak,210,polyak,210,69093.802658291315,69096.013520003035,69853
/Users/a/Ayanami/code/TSP/data/classic/tsplib/gr137.tsp,polyak,211,polyak,211,69094.532019037768,69096.013520003035,69853
/Users/a/Ayanami/code/TSP/data/classic/tsplib/gr137.tsp,polyak,212,polyak,212,69097.604447506281,69097.604447506281,69853
/Users/a/Ayanami/code/TSP/data/classic/tsplib/gr137.tsp,polyak,213,polyak,213,69091.25026606585,69097.604447506281,69853
/Users/a/Ayanami/code/TSP/data/classic/tsplib/gr137.tsp,polyak,214,polyak,214,69097.428000367581,69097.604447506281,69853
/Users/a/Ayanami/code/TSP/data/classic/tsplib/gr137.tsp,polyak,215,polyak,215,69095.356920790029,69097.604447506281,69853
/Users/a/Ayanami/code/TSP/data/classic/tsplib/gr137.tsp,polyak,216,polyak,216,69098.347557777495,69098.347557777495,69853
/Users/a/Ayanami/code/TSP/data/classic/tsplib/gr137.tsp,polyak,217,polyak,217,69091.445167772443,69098.347557777495,69853
/Users/a/Ayanami/code/TSP/data/classic/tsplib/gr137.tsp,polyak,218,polyak,218,69097.898119859383,69098.347557777495,69853
/Users/a/Ayanami/code/TSP/data/classic/tsplib/gr137.tsp,polyak,219,polyak,219,69094.046949194817,69098.347557777495,69853
/Users/a/Ayanami/code/TSP/data/classic/tsplib/gr137.tsp,polyak,220,polyak,220,69099.518640888724,69099.518640888724,69853
/Users/a/Ayanami/code/TSP/data/classic/tsplib/gr137.tsp,polyak,221,polyak,221,69098.057805138073,69099.518640888724,69853
/Users/a/Ayanami/code/TSP/data/classic/tsplib/gr137.tsp,polyak,222,polyak,222,69096.524022133221,69099.518640888724,69853
/Users/a/Ayanami/code/TSP/data/classic/tsplib/gr137.tsp,polyak,223,polyak,223,69099.725152649728,69099.725152649728,69853
/Users/a/Ayanami/code/TSP/data/classic/tsplib/gr137.tsp,polyak,224,polyak,224,69089.654661099208,69099.725152649728,69853
/Users/a/Ayanami/code/TSP/data/classic/tsplib/gr137.tsp,polyak,225,polyak,225,69100.361056454029,69100.361056454029,69853
/Users/a/Ayanami/code/TSP/data/classic/tsplib/gr137.tsp,polyak,226,polyak,226,69096.346376493588,69100.361056454029,69853
/Users/a/Ayanami/code/TSP/data/classic/tsplib/gr137.tsp,polyak,227,polyak,227,69100.301174574168,69100.361056454029,69853
/Users/a/Ayanami/code/TSP/data/classic/tsplib/gr137.tsp,polyak,228,polyak,228,69093.217060469251,69100.361056454029,69853
/Users/a/Ayanami/code/TSP/data/classic/tsplib/gr137.tsp,polyak,229,polyak,229,69102.093385955814,69102.093385955814,69853
/Users/a/Ayanami/code/TSP/data/classic/tsplib/gr137.tsp,polyak,230,polyak,230,69090.100044040533,69102.093385955814,69853
/Users/a/Ayanami/code/TSP/data/classic/tsplib/gr137.tsp,polyak,231,polyak,231,69101.117277319529,69102.093385955814,69853
/Users/a/Ayanami/code/TSP/data/classic/tsplib/gr137.tsp,polyak,232,polyak,232,69091.676314885321,69102.093385955814,69853
/Users/a/Ayanami/code/TSP/data/classic/tsplib/gr137.tsp,polyak,233,polyak,233,69100.911333086144,69102.093385955814,69853
/Users/a/Ayanami/code/TSP/data/classic/tsplib/gr137.tsp,polyak,234,polyak,234,69094.370126647991,69102.093385955814,69853
/Users/a/Ayanami/code/TSP/data/classic/tsplib/gr137.tsp,polyak,235,polyak,235,69100.570497335459,69102.093385955814,69853
/Users/a/Ayanami/code/TSP/data/classic/tsplib/gr137.tsp,polyak,236,polyak,236,69098.126616273163,69102.093385955814,69853
/Users/a/Ayanami/code/TSP/data/classic/tsplib/gr137.tsp,polyak,237,polyak,237,69101.424114002351,69102.093385955814,69853
/Users/a/Ayanami/code/TSP/data/classic/tsplib/gr137.tsp,polyak,238,polyak,238,69098.866945233109,69102.093385955814,69853
/Users/a/Ayanami/code/TSP/data/classic/tsplib/gr137.tsp,polyak,239,polyak,239,69102.046686216097,69102.093385955814,69853
/Users/a/Ayanami/code/TSP/data/classic/tsplib/gr137.tsp,polyak,240,polyak,240,69096.686872289574,69102.093385955814,69853
/Users/a/Ayanami/code/TSP/data/classic/tsplib/gr137.tsp,polyak,241,polyak,241,69101.479197196939,69102.093385955814,69853
/Users/a/Ayanami/code/TSP/data/classic/tsplib/gr137.tsp,polyak,242,polyak,242,69099.720154513925,69102.093385955814,69853
/Users/a/Ayanami/code/TSP/data/classic/tsplib/gr137.tsp,polyak,243,polyak,243,69104.903785642236,69104.903785642236,69853
/Users/a/Ayanami/code/TSP/data/classic/tsplib/gr137.tsp,polyak,244,polyak,244,69102.918832814088,69104.903785642236,69853
/Users/a/Ayanami/code/TSP/data/classic/tsplib/gr137.tsp,polyak,245,polyak,245,69104.027675279533,69104.903785642236,69853
/Users/a/Ayanami/code/TSP/data/classic/tsplib/gr137.tsp,polyak,246,polyak,246,69102.591814583662,69104.903785642236,69853
/Users/a/Ayanami/code/TSP/data/classic/tsplib/gr137.tsp,polyak,247,polyak,247,69105.891668546785,69105.891668546785,69853
/Users/a/Ayanami/code/TSP/data/classic/tsplib/gr137.tsp,polyak,248,polyak,248,69104.050422772954,69105.891668546785,69853
/Users/a/Ayanami/code/TSP/data/classic/tsplib/gr137.tsp,polyak,249,polyak,249,69104.279137307094,69105.891668546785,69853
/Users/a/Ayanami/code/TSP/data/classic/tsplib/gr137.tsp,polyak,250,polyak,250,69103.402025818985,69105.891668546785,69853
/Users/a/Ayanami/code/TSP/data/classic/tsplib/gr137.tsp,polyak,251,polyak,251,69106.581633045018,69106.581633045018,69853
/Users/a/Ayanami/code/TSP/data/classic/tsplib/gr137.tsp,polyak,252,polyak,252,69101.500888278708,69106.581633045018,69853
/Users/a/Ayanami/code/TSP/data/classic/tsplib/gr137.tsp,polyak,253,polyak,253,69105.88307013204,69106.581633045018,69853
/Users/a/Ayanami/code/TSP/data/classic/tsplib/gr137.tsp,polyak,254,polyak,254,69104.365672295127,69106.581633045018,69853
/Users/a/Ayanami/code/TSP/data/classic/tsplib/gr137.tsp,polyak,255,polyak,255,69103.706123828,69106.581633045018,69853
/Users/a/Ayanami/code/TSP/data/classic/tsplib/gr137.tsp,polyak,256,polyak,256,69106.450400182192,69106.581633045018,69853
/Users/a/Ayanami/code/TSP/data/classic/tsplib/gr137.tsp,polyak,257,polyak,257,69101.913006046932,69106.581633045018,69853
/Users/a/Ayanami/code/TSP/data/classic/tsplib/gr137.tsp,polyak,258,polyak,258,69107.019911348587,69107.019911348587,69853
/Users/a/Ayanami/code/TSP/data/classic/tsplib/gr137.tsp,polyak,259,polyak,259,69101.175440363178,69107.019911348587,69853
/Users/a/Ayanami/code/TSP/data/classic/tsplib/gr137.tsp,polyak,260,polyak,260,69105.641417911902,69107.019911348587,69853
/Users/a/Ayanami/code/TSP/data/classic/tsplib/gr137.tsp,polyak,261,polyak,261,69103.857075993947,69107.019911348587,69853
/Users/a/Ayanami/code/TSP/data/classic/tsplib/gr137.tsp,polyak,262,polyak,262,69106.887246048456,69107.019911348587,69853
/Users/a/Ayanami/code/TSP/data/classic/tsplib/gr137.tsp,polyak,263,polyak,263,69103.104742695446,69107.019911348587,69853
/Users/a/Ayanami/code/TSP/data/classic/tsplib/gr137.tsp,polyak,264,polyak,264,69106.351210320659,69107.019911348587,69853
/Users/a/Ayanami/code/TSP/data/classic/tsplib/gr137.tsp,polyak,265,polyak,265,69103.761387490624,69107.019911348587,69853
/Users/a/Ayanami/code/TSP/data/classic/tsplib/gr137.tsp,polyak,266,polyak,266,69107.575027886342,69107.575027886342,69853
/Users/a/Ayanami/code/TSP/data/classic/tsplib/gr137.tsp,polyak,267,polyak,267,69101.388800221554,69107.575027886342,69853
/Users/a/Ayanami/code/TSP/data/classic/tsplib/gr137.tsp,polyak,268,polyak,268,69105.802421095985,69107.575027886342,69853
/Users/a/Ayanami/code/TSP/data/classic/tsplib/gr137.tsp,polyak,269,polyak,269,69104.955582966359,69107.575027886342,69853
/Users/a/Ayanami/code/TSP/data/classic/tsplib/gr137.tsp,polyak,270,polyak,270,69106.516228025648,69107.575027886342,69853
/Users/a/Ayanami/code/TSP/data/classic/tsplib/gr137.tsp,polyak,271,polyak,271,69104.845627047078,69107.575027886342,69853
/Users/a/Ayanami/code/TSP/data/classic/tsplib/gr137.tsp,polyak,272,polyak,272,69106.117636974595,69107.575027886342,69853
/Users/a/Ayanami/code/TSP/data/classic/tsplib/gr137.tsp,polyak,273,polyak,273,69104.952838457786,69107.575027886342,69853
/Users/a/Ayanami/code/TSP/data/classic/tsplib/gr137.tsp,polyak,274,polyak,274,69106.084449156784,69107.575027886342,69853
/Users/a/Ayanami/code/TSP/data/classic/tsplib/gr137.tsp,polyak,275,polyak,275,69103.433087158133,69107.575027886342,69853
/Users/a/Ayanami/code/TSP/data/classic/tsplib/gr137.tsp,polyak,276,polyak,276,69106.999752741642,69107.575027886342,69853
/Users/a/Ayanami/code/TSP/data/classic/tsplib/gr137.tsp,polyak,277,polyak,277,69105.432484372737,69107.575027886342,69853
/Users/a/Ayanami/code/TSP/data/classic/tsplib/gr137.tsp,polyak,278,polyak,278,69106.059139383608,69107.575027886342,69853
/Users/a/Ayanami/code/TSP/data/classic/tsplib/gr137.tsp,polyak,279,polyak,279,69105.120398481435,69107.575027886342,69853
/Users/a/Ayanami/code/TSP/data/classic/tsplib/gr137.tsp,polyak,280,polyak,280,69108.961994386715,69108.961994386715,69853
/Users/a/Ayanami/code/TSP/data/classic/tsplib/gr137.tsp,polyak,281,polyak,281,69105.767828183423,69108.961994386715,69853
/Users/a/Ayanami/code/TSP/data/classic/tsplib/gr137.tsp,polyak,282,polyak,282,69108.536426367413,69108.961994386715,69853
/Users/a/Ayanami/code/TSP/data/classic/tsplib/gr137.tsp,polyak,283,polyak,283,69106.993469622321,69108.961994386715,69853
/Users/a/Ayanami/code/TSP/data/classic/tsplib/gr137.tsp,polyak,284,polyak,284,69108.772114252744,69108.961994386715,69853
/Users/a/Ayanami/code/TSP/data/classic/tsplib/gr137.tsp,polyak,285,polyak,285,69107.64660881873,69108.961994386715,69853
/Users/a/Ayanami/code/TSP/data/classic/tsplib/gr137.tsp,polyak,286,polyak,286,69108.602192984355,69108.961994386715,69853
/Users/a/Ayanami/code/TSP/data/classic/tsplib/gr137.tsp,polyak,287,polyak,287,69108.047783827147,69108.961994386715,69853
/Users/a/Ayanami/code/TSP/data/classic/tsplib/gr137.tsp,polyak,288,polyak,288,69107.208963919082,69108.961994386715,69853
/Users/a/Ayanami/code/TSP/data/classic/tsplib/gr137.tsp,polyak,289,polyak,289,69109.740896992604,69109.740896992604,69853
/Users/a/Ayanami/code/TSP/data/classic/tsplib/gr137.tsp,polyak,290,polyak,290,69107.901287853296,69109.740896992604,69853
/Users/a/Ayanami/code/TSP/data/classic/tsplib/gr137.tsp,polyak,291,polyak,291,69108.335585914043,69109.740896992604,69853
/Users/a/Ayanami/code/TSP/data/classic/tsplib/gr137.tsp,polyak,292,polyak,292,69106.853581010306,69109.740896992604,69853
/Users/a/Ayanami/code/TSP/data/classic/tsplib/gr137.tsp,polyak,293,polyak,293,69110.068593239499,69110.068593239499,69853
/Users/a/Ayanami/code/TSP/data/classic/tsplib/gr137.tsp,polyak,294,polyak,294,69105.888063491308,69110.068593239499,69853
/Users/a/Ayanami/code/TSP/data/classic/tsplib/gr137.tsp,polyak,295,polyak,295,69108.720626655238,69110.068593239499,69853
/Users/a/Ayanami/code/TSP/data/classic/tsplib/gr137.tsp,polyak,296,polyak,296,69108.878364116434,69110.068593239499,69853
/Users/a/Ayanami/code/TSP/data/classic/tsplib/gr137.tsp,polyak,297,polyak,297,69108.263989099098,69110.068593239499,69853
/Users/a/Ayanami/code/TSP/data/classic/tsplib/gr137.tsp,polyak,298,polyak,298,69108.255892391782,69110.068593239499,69853
/Users/a/Ayanami/code/TSP/data/classic/tsplib/gr137.tsp,polyak,299,polyak,299,69108.990773561367,69110.068593239499,69853
/Users/a/Ayanami/code/TSP/data/classic/tsplib/gr137.tsp,polyak,300,polyak,300,69107.764436799858,69110.068593239499,69853
/Users/a/Ayanami/code/TSP/data/classic/tsplib/gr137.tsp,polyak,301,polyak,301,69109.589944493535,69110.068593239499,69853
/Users/a/Ayanami/code/TSP/data/classic/tsplib/gr137.tsp,polyak,302,polyak,302,69108.056719482076,69110.068593239499,69853
/Users/a/Ayanami/code/TSP/data/classic/tsplib/gr137.tsp,polyak,303,polyak,303,69108.233308976094,69110.068593239499,69853
/Users/a/Ayanami/code/TSP/data/classic/tsplib/gr137.tsp,polyak,304,polyak,304,69109.54513648228,69110.068593239499,69853
/Users/a/Ayanami/code/TSP/data/classic/tsplib/gr137.tsp,polyak,305,polyak,305,69107.235897752937,69110.068593239499,69853
/Users/a/Ayanami/code/TSP/data/classic/tsplib/gr137.tsp,polyak,306,polyak,306,69109.444726119138,69110.068593239499,69853
/Users/a/Ayanami/code/TSP/data/classic/tsplib/gr137.tsp,polyak,307,polyak,307,69109.653247809125,69110.068593239499,69853
/Users/a/Ayanami/code/TSP/data/classic/tsplib/gr137.tsp,polyak,308,polyak,308,69110.1839585298,69110.1839585298,69853
/Users/a/Ayanami/code/TSP/data/classic/tsplib/gr137.tsp,polyak,309,polyak,309,69109.466253744424,69110.1839585298,69853
/Users/a/Ayanami/code/TSP/data/classic/tsplib/gr137.tsp,polyak,310,polyak,310,69110.436739663681,69110.436739663681,69853
/Users/a/Ayanami/code/TSP/data/classic/tsplib/gr137.tsp,polyak,311,polyak,311,69109.32957780658,69110.436739663681,69853
/Users/a/Ayanami/code/TSP/data/classic/tsplib/gr137.tsp,polyak,312,polyak,312,69110.500238314155,69110.500238314155,69853
/Users/a/Ayanami/code/TSP/data/classic/tsplib/gr137.tsp,polyak,313,polyak,313,69109.566939329481,69110.500238314155,69853
/Users/a/Ayanami/code/TSP/data/classic/tsplib/gr137.tsp,polyak,314,polyak,314,69110.458367878295,69110.500238314155,69853
/Users/a/Ayanami/code/TSP/data/classic/tsplib/gr137.tsp,polyak,315,polyak,315,69110.056655879554,69110.500238314155,69853
/Users/a/Ayanami/code/TSP/data/classic/tsplib/gr137.tsp,polyak,316,polyak,316,69110.537117204192,69110.537117204192,69853
/Users/a/Ayanami/code/TSP/data/classic/tsplib/gr137.tsp,polyak,317,polyak,317,69109.844774904675,69110.537117204192,69853
/Users/a/Ayanami/code/TSP/data/classic/tsplib/gr137.tsp,polyak,318,polyak,318,69110.240669694685,69110.537117204192,69853
/Users/a/Ayanami/code/TSP/data/classic/tsplib/gr137.tsp,polyak,319,polyak,319,69109.997472990392,69110.537117204192,69853
/Users/a/Ayanami/code/TSP/data/classic/tsplib/gr137.tsp,polyak,320,polyak,320,69110.276894938259,69110.537117204192,69853
/Users/a/Ayanami/code/TSP/data/classic/tsplib/gr137.tsp,polyak,321,polyak,321,69110.385556418187,69110.537117204192,69853
/Users/a/Ayanami/code/TSP/data/classic/tsplib/gr137.tsp,polyak,322,polyak,322,69109.774465987124,69110.537117204192,69853
/Users/a/Ayanami/code/TSP/data/classic/tsplib/gr137.tsp,polyak,323,polyak,323,69110.221800864645,69110.537117204192,69853
/Users/a/Ayanami/code/TSP/data/classic/tsplib/gr137.tsp,polyak,324,polyak,324,69110.475947386498,69110.537117204192,69853
/Users/a/Ayanami/code/TSP/data/classic/tsplib/gr137.tsp,polyak,325,polyak,325,69109.545608370157,69110.537117204192,69853
/Users/a/Ayanami/code/TSP/data/classic/tsplib/gr137.tsp,polyak,326,polyak,326,69110.781575964415,69110.781575964415,69853
/Users/a/Ayanami/code/TSP/data/classic/tsplib/gr137.tsp,polyak,327,polyak,327,69109.887778387245,69110.781575964415,69853
/Users/a/Ayanami/code/TSP/data/classic/tsplib/gr137.tsp,polyak,328,polyak,328,69110.290400617509,69110.781575964415,69853
/Users/a/Ayanami/code/TSP/data/classic/tsplib/gr137.tsp,polyak,329,polyak,329,69110.400546220204,69110.781575964415,69853
/Users/a/Ayanami/code/TSP/data/classic/tsplib/gr137.tsp,polyak,330,polyak,330,69110.183842440281,69110.781575964415,69853
/Users/a/Ayanami/code/TSP/data/classic/tsplib/gr137.tsp,polyak,331,polyak,331,69110.477849584262,69110.781575964415,69853
/Users/a/Ayanami/code/TSP/data/classic/tsplib/gr137.tsp,polyak,332,polyak,332,69109.908086495809,69110.781575964415,69853
/Users/a/Ayanami/code/TSP/data/classic/tsplib/gr137.tsp,polyak,333,polyak,333,69110.660935343054,69110.781575964415,69853
/Users/a/Ayanami/code/TSP/data/classic/tsplib/gr137.tsp,polyak,334,polyak,334,69109.916459674831,69110.781575964415,69853
/Users/a/Ayanami/code/TSP/data/classic/tsplib/gr137.tsp,polyak,335,polyak,335,69110.905957469775,69110.905957469775,69853
/Users/a/Ayanami/code/TSP/data/classic/tsplib/gr137.tsp,polyak,336,polyak,336,69110.129703648359,69110.905957469775,69853
/Users/a/Ayanami/code/TSP/data/classic/tsplib/gr137.tsp,polyak,337,polyak,337,69110.868907658485,69110.905957469775,69853
/Users/a/Ayanami/code/TSP/data/classic/tsplib/gr137.tsp,polyak,338,polyak,338,69109.181607646329,69110.905957469775,69853
/Users/a/Ayanami/code/TSP/data/classic/tsplib/gr137.tsp,polyak,339,polyak,339,69110.54021173183,69110.905957469775,69853
/Users/a/Ayanami/code/TSP/data/classic/tsplib/gr137.tsp,polyak,340,polyak,340,69110.378913102788,69110.905957469775,69853
/Users/a/Ayanami/code/TSP/data/classic/tsplib/gr137.tsp,polyak,341,polyak,341,69110.1131821296,69110.905957469775,69853
/Users/a/Ayanami/code/TSP/data/classic/tsplib/gr137.tsp,polyak,342,polyak,342,69111.040011915815,69111.040011915815,69853
/Users/a/Ayanami/code/TSP/data/classic/tsplib/gr137.tsp,polyak,343,polyak,343,69109.61835475832,69111.040011915815,69853
/Users/a/Ayanami/code/TSP/data/classic/tsplib/gr137.tsp,polyak,344,polyak,344,69110.965021723416,69111.040011915815,69853
/Users/a/Ayanami/code/TSP/data/classic/tsplib/gr137.tsp,polyak,345,polyak,345,69109.747009085622,69111.040011915815,69853
/Users/a/Ayanami/code/TSP/data/classic/tsplib/gr137.tsp,polyak,346,polyak,346,69110.617460945708,69111.040011915815,69853
/Users/a/Ayanami/code/TSP/data/classic/tsplib/gr137.tsp,polyak,347,polyak,347,69110.011725975681,69111.040011915815,69853
/Users/a/Ayanami/code/TSP/data/classic/tsplib/gr137.tsp,polyak,348,polyak,348,69110.491925254377,69111.040011915815,69853
/Users/a/Ayanami/code/TSP/data/classic/tsplib/gr137.tsp,polyak,349,polyak,349,69110.044323780457,69111.040011915815,69853
/Users/a/Ayanami/code/TSP/data/classic/tsplib/gr137.tsp,polyak,350,polyak,350,69110.819565678947,69111.040011915815,69853
/Users/a/Ayanami/code/TSP/data/classic/tsplib/gr137.tsp,polyak,351,polyak,351,69110.112156214527,69111.040011915815,69853
/Users/a/Ayanami/code/TSP/data/classic/tsplib/gr137.tsp,polyak,352,polyak,352,69110.985077700738,69111.040011915815,69853
/Users/a/Ayanami/code/TSP/data/classic/tsplib/gr137.tsp,polyak,353,polyak,353,69109.436349866184,69111.040011915815,69853
/Users/a/Ayanami/code/TSP/data/classic/tsplib/gr137.tsp,polyak,354,polyak,354,69110.811557452704,69111.040011915815,69853
/Users/a/Ayanami/code/TSP/data/classic/tsplib/gr137.tsp,polyak,355,polyak,355,69110.163645165492,69111.040011915815,69853
/Users/a/Ayanami/code/TSP/data/classic/tsplib/gr137.tsp,polyak,356,polyak,356,69110.989372719894,69111.040011915815,69853
/Users/a/Ayanami/code/TSP/data/classic/tsplib/gr137.tsp,polyak,357,polyak,357,69111.076775914815,69111.076775914815,69853
/Users/a/Ayanami/code/TSP/data/classic/tsplib/gr137.tsp,polyak,358,polyak,358,69111.030673693342,69111.076775914815,69853
/Users/a/Ayanami/code/TSP/data/classic/tsplib/gr137.tsp,polyak,359,polyak,359,69111.020341875206,69111.076775914815,69853
/Users/a/Ayanami/code/TSP/data/classic/tsplib/gr137.tsp,polyak,360,polyak,360,69111.0598378258,69111.076775914815,69853
/Users/a/Ayanami/code/TSP/data/classic/tsplib/gr137.tsp,polyak,361,polyak,361,69111.265053953233,69111.265053953233,69853
/Users/a/Ayanami/code/TSP/data/classic/tsplib/gr137.tsp,polyak,362,polyak,362,69111.109075912114,69111.265053953233,69853
/Users/a/Ayanami/code/TSP/data/classic/tsplib/gr137.tsp,polyak,363,polyak,363,69111.064996851914,69111.265053953233,69853
/Users/a/Ayanami/code/TSP/data/classic/tsplib/gr137.tsp,polyak,364,polyak,364,69111.168296770644,69111.265053953233,69853
/Users/a/Ayanami/code/TSP/data/classic/tsplib/gr137.tsp,polyak,365,polyak,365,69111.211228426822,69111.265053953233,69853
/Users/a/Ayanami/code/TSP/data/classic/tsplib/gr137.tsp,polyak,366,polyak,366,69111.086549470827,69111.265053953233,69853
/Users/a/Ayanami/code/TSP/data/classic/tsplib/gr137.tsp,polyak,367,polyak,367,69111.338956036983,69111.338956036983,69853
/Users/a/Ayanami/code/TSP/data/classic/tsplib/gr137.tsp,polyak,368,polyak,368,69110.930205542405,69111.338956036983,69853
/Users/a/Ayanami/code/TSP/data/classic/tsplib/gr137.tsp,polyak,369,polyak,369,69111.433887449195,69111.433887449195,69853
/Users/a/Ayanami/code/TSP/data/classic/tsplib/gr137.tsp,polyak,370,polyak,370,69110.835755563792,69111.433887449195,69853
/Users/a/Ayanami/code/TSP/data/classic/tsplib/gr137.tsp,polyak,371,polyak,371,69111.330094195728,69111.433887449195,69853
/Users/a/Ayanami/code/TSP/data/classic/tsplib/gr137.tsp,polyak,372,polyak,372,69111.030200016845,69111.433887449195,69853
/Users/a/Ayanami/code/TSP/data/classic/tsplib/gr137.tsp,polyak,373,polyak,373,69111.457888960926,69111.457888960926,69853
/Users/a/Ayanami/code/TSP/data/classic/tsplib/gr137.tsp,polyak,374,polyak,374,69110.786590820207,69111.457888960926,69853
/Users/a/Ayanami/code/TSP/data/classic/tsplib/gr137.tsp,polyak,375,polyak,375,69111.32373012173,69111.457888960926,69853
/Users/a/Ayanami/code/TSP/data/classic/tsplib/gr137.tsp,polyak,376,polyak,376,69111.126799395279,69111.457888960926,69853
/Users/a/Ayanami/code/TSP/data/classic/tsplib/gr137.tsp,polyak,377,polyak,377,69111.211579100927,69111.457888960926,69853
/Users/a/Ayanami/code/TSP/data/classic/tsplib/gr137.tsp,polyak,378,polyak,378,69111.312547542722,69111.457888960926,69853
/Users/a/Ayanami/code/TSP/data/classic/tsplib/gr137.tsp,polyak,379,polyak,379,69111.180409290173,69111.457888960926,69853
/Users/a/Ayanami/code/TSP/data/classic/tsplib/gr137.tsp,polyak,380,polyak,380,69111.25948643047,69111.457888960926,69853
/Users/a/Ayanami/code/TSP/data/classic/tsplib/gr137.tsp,polyak,381,polyak,381,69111.046168561035,69111.457888960926,69853
/Users/a/Ayanami/code/TSP/data/classic/tsplib/gr137.tsp,polyak,382,polyak,382,69111.351254462323,69111.457888960926,69853
/Users/a/Ayanami/code/TSP/data/classic/tsplib/gr137.tsp,polyak,383,polyak,383,69110.933826596593,69111.457888960926,69853
/Users/a/Ayanami/code/TSP/data/classic/tsplib/gr137.tsp,polyak,384,polyak,384,69111.489487184212,69111.489487184212,69853
/Users/a/Ayanami/code/TSP/data/classic/tsplib/gr137.tsp,polyak,385,polyak,385,69110.908392619385,69111.489487184212,69853
/Users/a/Ayanami/code/TSP/data/classic/tsplib/gr137.tsp,polyak,386,polyak,386,69111.476572274696,69111.489487184212,69853
/Users/a/Ayanami/code/TSP/data/classic/tsplib/gr137.tsp,polyak,387,polyak,387,69111.021290647172,69111.489487184212,69853
/Users/a/Ayanami/code/TSP/data/classic/tsplib/gr137.tsp,polyak,388,polyak,388,69111.515795593907,69111.515795593907,69853
/Users/a/Ayanami/code/TSP/data/classic/tsplib/gr137.tsp,polyak,389,polyak,389,69111.072588132462,69111.515795593907,69853
/Users/a/Ayanami/code/TSP/data/classic/tsplib/gr137.tsp,polyak,390,polyak,390,69111.211357108215,69111.515795593907,69853
/Users/a/Ayanami/code/TSP/data/classic/tsplib/gr137.tsp,polyak,391,polyak,391,69111.320357868011,69111.515795593907,69853
/Users/a/Ayanami/code/TSP/data/classic/tsplib/gr137.tsp,polyak,392,polyak,392,69111.301423786703,69111.515795593907,69853
/Users/a/Ayanami/code/TSP/data/classic/tsplib/gr137.tsp,polyak,393,polyak,393,69111.366514308073,69111.515795593907,69853
/Users/a/Ayanami/code/TSP/data/classic/tsplib/gr137.tsp,polyak,394,polyak,394,69111.072580845517,69111.515795593907,69853
/Users/a/Ayanami/code/TSP/data/classic/tsplib/gr137.tsp,polyak,395,polyak,395,69111.439183485607,69111.515795593907,69853
/Users/a/Ayanami/code/TSP/data/classic/tsplib/gr137.tsp,polyak,396,polyak,396,69111.230487849331,69111.515795593907,69853
/Users/a/Ayanami/code/TSP/data/classic/tsplib/gr137.tsp,polyak,397,polyak,397,69111.255044531499,69111.515795593907,69853
/Users/a/Ayanami/code/TSP/data/classic/tsplib/gr137.tsp,polyak,398,polyak,398,69111.358114783274,69111.515795593907,69853
/Users/a/Ayanami/code/TSP/data/classic/tsplib/gr137.tsp,polyak,399,polyak,399,69111.19511448103,69111.515795593907,69853
/Users/a/Ayanami/code/TSP/data/classic/tsplib/gr137.tsp,polyak,400,polyak,400,69111.436002237489,69111.515795593907,69853
/Users/a/Ayanami/code/TSP/data/classic/tsplib/gr137.tsp,polyak,401,polyak,401,69111.034465268807,69111.515795593907,69853
/Users/a/Ayanami/code/TSP/data/classic/tsplib/gr137.tsp,polyak,402,polyak,402,69111.594718893597,69111.594718893597,69853
/Users/a/Ayanami/code/TSP/data/classic/tsplib/gr137.tsp,polyak,403,polyak,403,69111.563822390832,69111.594718893597,69853
/Users/a/Ayanami/code/TSP/data/classic/tsplib/gr137.tsp,polyak,404,polyak,404,69111.485691385635,69111.594718893597,69853
/Users/a/Ayanami/code/TSP/data/classic/tsplib/gr137.tsp,polyak,405,polyak,405,69111.707319112116,69111.707319112116,69853
/Users/a/Ayanami/code/TSP/data/classic/tsplib/gr137.tsp,polyak,406,polyak,406,69111.326678939746,69111.707319112116,69853
/Users/a/Ayanami/code/TSP/data/classic/tsplib/gr137.tsp,polyak,407,polyak,407,69111.749677856496,69111.749677856496,69853
/Users/a/Ayanami/code/TSP/data/classic/tsplib/gr137.tsp,polyak,408,polyak,408,69111.356062687526,69111.749677856496,69853
/Users/a/Ayanami/code/TSP/data/classic/tsplib/gr137.tsp,polyak,409,polyak,409,69111.730987498449,69111.749677856496,69853
/Users/a/Ayanami/code/TSP/data/classic/tsplib/gr137.tsp,polyak,410,polyak,410,69111.433371356965,69111.749677856496,69853
/Users/a/Ayanami/code/TSP/data/classic/tsplib/gr137.tsp,polyak,411,polyak,411,69111.742448222067,69111.749677856496,69853
/Users/a/Ayanami/code/TSP/data/classic/tsplib/gr137.tsp,polyak,412,polyak,412,69111.443919416372,69111.749677856496,69853
/Users/a/Ayanami/code/TSP/data/classic/tsplib/gr137.tsp,polyak,413,polyak,413,69111.779612978411,69111.779612978411,69853
/Users/a/Ayanami/code/TSP/data/classic/tsplib/gr137.tsp,polyak,414,polyak,414,69111.418822368243,69111.779612978411,69853
/Users/a/Ayanami/code/TSP/data/classic/tsplib/gr137.tsp,polyak,415,polyak,415,69111.798876544693,69111.798876544693,69853
/Users/a/Ayanami/code/TSP/data/classic/tsplib/gr137.tsp,polyak,416,polyak,416,69111.401917372408,69111.798876544693,69853
/Users/a/Ayanami/code/TSP/data/classic/tsplib/gr137.tsp,polyak,417,polyak,417,69111.768610007042,69111.798876544693,69853
/Users/a/Ayanami/code/TSP/data/classic/tsplib/gr137.tsp,polyak,418,polyak,418,69111.546319789762,69111.798876544693,69853
/Users/a/Ayanami/code/TSP/data/classic/tsplib/gr137.tsp,polyak,419,polyak,419,69111.786819410583,69111.798876544693,69853
/Users/a/Ayanami/code/TSP/data/classic/tsplib/gr137.tsp,polyak,420,polyak,420,69111.426875009041,69111.798876544693,69853
/Users/a/Ayanami/code/TSP/data/classic/tsplib/gr137.tsp,polyak,421,polyak,421,69111.770834619063,69111.798876544693,69853
/Users/a/Ayanami/code/TSP/data/classic/tsplib/gr137.tsp,polyak,422,polyak,422,69111.581419316921,69111.798876544693,69853
/Users/a/Ayanami/code/TSP/data/classic/tsplib/gr137.tsp,polyak,423,polyak,423,69111.74380511693,69111.798876544693,69853
/Users/a/Ayanami/code/TSP/data/classic/tsplib/gr137.tsp,polyak,424,polyak,424,69111.566175972592,69111.798876544693,69853
/Users/a/Ayanami/code/TSP/data/classic/tsplib/gr137.tsp,polyak,425,polyak,425,69111.739347700641,69111.798876544693,69853
/Users/a/Ayanami/code/TSP/data/classic/tsplib/gr137.tsp,polyak,426,polyak,426,69111.583871324838,69111.798876544693,69853
/Users/a/Ayanami/code/TSP/data/classic/tsplib/gr137.tsp,polyak,427,polyak,427,69111.773512253509,69111.798876544693,69853
/Users/a/Ayanami/code/TSP/data/classic/tsplib/gr137.tsp,polyak,428,polyak,428,69111.581761044392,69111.798876544693,69853
/Users/a/Ayanami/code/TSP/data/classic/tsplib/gr137.tsp,polyak,429,polyak,429,69111.772137984342,69111.798876544693,69853
/Users/a/Ayanami/code/TSP/data/classic/tsplib/gr137.tsp,polyak,430,polyak,430,69111.847703905834,69111.847703905834,69853
/Users/a/Ayanami/code/TSP/data/classic/tsplib/gr137.tsp,polyak,431,polyak,431,69111.813672339878,69111.847703905834,69853
/Users/a/Ayanami/code/TSP/data/classic/tsplib/gr137.tsp,polyak,432,polyak,432,69111.820281401859,69111.847703905834,69853
/Users/a/Ayanami/code/TSP/data/classic/tsplib/gr137.tsp,polyak,433,polyak,433,69111.835894218777,69111.847703905834,69853
/Users/a/Ayanami/code/TSP/data/classic/tsplib/gr137.tsp,polyak,434,polyak,434,69111.765276726554,69111.847703905834,69853
/Users/a/Ayanami/code/TSP/data/classic/tsplib/gr137.tsp,polyak,435,polyak,435,69111.817436182901,69111.847703905834,69853
/Users/a/Ayanami/code/TSP/data/classic/tsplib/gr137.tsp,polyak,436,polyak,436,69111.833222827336,69111.847703905834,69853
/Users/a/Ayanami/code/TSP/data/classic/tsplib/gr137.tsp,polyak,437,polyak,437,69111.879897532213,69111.879897532213,69853
/Users/a/Ayanami/code/TSP/data/classic/tsplib/gr137.tsp,polyak,438,polyak,438,69111.765711623942,69111.879897532213,69853
/Users/a/Ayanami/code/TSP/data/classic/tsplib/gr137.tsp,polyak,439,polyak,439,69111.908579339943,69111.908579339943,69853
/Users/a/Ayanami/code/TSP/data/classic/tsplib/gr137.tsp,polyak,440,polyak,440,69111.858391061469,69111.908579339943,69853
/Users/a/Ayanami/code/TSP/data/classic/tsplib/gr137.tsp,polyak,441,polyak,441,69111.756516217007,69111.908579339943,69853
/Users/a/Ayanami/code/TSP/data/classic/tsplib/gr137.tsp,polyak,442,polyak,442,69111.911974757459,69111.911974757459,69853
/Users/a/Ayanami/code/TSP/data/classic/tsplib/gr137.tsp,polyak,443,polyak,443,69111.739213419001,69111.911974757459,69853
/Users/a/Ayanami/code/TSP/data/classic/tsplib/gr137.tsp,polyak,444,polyak,444,69111.894276599123,69111.911974757459,69853
/Users/a/Ayanami/code/TSP/data/classic/tsplib/gr137.tsp,polyak,445,polyak,445,69111.837709226689,69111.911974757459,69853
/Users/a/Ayanami/code/TSP/data/classic/tsplib/gr137.tsp,polyak,446,polyak,446,69111.893023903292,69111.911974757459,69853
/Users/a/Ayanami/code/TSP/data/classic/tsplib/gr137.tsp,polyak,447,polyak,447,69111.801928532019,69111.911974757459,69853
/Users/a/Ayanami/code/TSP/data/classic/tsplib/gr137.tsp,polyak,448,polyak,448,69111.87929511792,69111.911974757459,69853
/Users/a/Ayanami/code/TSP/data/classic/tsplib/gr137.tsp,polyak,449,polyak,449,69111.865517615661,69111.911974757459,69853
/Users/a/Ayanami/code/TSP/data/classic/tsplib/gr137.tsp,polyak,450,polyak,450,69111.826507077873,69111.911974757459,69853
/Users/a/Ayanami/code/TSP/data/classic/tsplib/gr137.tsp,polyak,451,polyak,451,69111.86501774934,69111.911974757459,69853
/Users/a/Ayanami/code/TSP/data/classic/tsplib/gr137.tsp,polyak,452,polyak,452,69111.827477870873,69111.911974757459,69853
/Users/a/Ayanami/code/TSP/data/classic/tsplib/gr137.tsp,polyak,453,polyak,453,69111.824805002601,69111.911974757459,69853
/Users/a/Ayanami/code/TSP/data/classic/tsplib/gr137.tsp,polyak,454,polyak,454,69111.891437571932,69111.911974757459,69853
/Users/a/Ayanami/code/TSP/data/classic/tsplib/gr137.tsp,polyak,455,polyak,455,69111.844528830101,69111.911974757459,69853
/Users/a/Ayanami/code/TSP/data/classic/tsplib/gr137.tsp,polyak,456,polyak,456,69111.932100677383,69111.932100677383,69853
/Users/a/Ayanami/code/TSP/data/classic/tsplib/gr137.tsp,polyak,457,polyak,457,69111.955388200018,69111.955388200018,69853
/Users/a/Ayanami/code/TSP/data/classic/tsplib/gr137.tsp,polyak,458,polyak,458,69111.939972163484,69111.955388200018,69853
/Users/a/Ayanami/code/TSP/data/classic/tsplib/gr137.tsp,polyak,459,polyak,459,69111.941216968989,69111.955388200018,69853
/Users/a/Ayanami/code/TSP/data/classic/tsplib/gr137.tsp,polyak,460,polyak,460,69111.943154135792,69111.955388200018,69853
/Users/a/Ayanami/code/TSP/data/classic/tsplib/gr137.tsp,polyak,461,polyak,461,69111.968633545373,69111.968633545373,69853
/Users/a/Ayanami/code/TSP/data/classic/tsplib/gr137.tsp,polyak,462,polyak,462,69111.915710790956,69111.968633545373,69853
/Users/a/Ayanami/code/TSP/data/classic/tsplib/gr137.tsp,polyak,463,polyak,463,69111.983946483786,69111.983946483786,69853
/Users/a/Ayanami/code/TSP/data/classic/tsplib/gr137.tsp,polyak,464,polyak,464,69111.928625188957,69111.983946483786,69853
/Users/a/Ayanami/code/TSP/data/classic/tsplib/gr137.tsp,polyak,465,polyak,465,69111.968469154046,69111.983946483786,69853
/Users/a/Ayanami/code/TSP/data/classic/tsplib/gr137.tsp,polyak,466,polyak,466,69111.951649285373,69111.983946483786,69853
/Users/a/Ayanami/code/TSP/data/classic/tsplib/gr137.tsp,polyak,467,polyak,467,69111.928457413174,69111.983946483786,69853
/Users/a/Ayanami/code/TSP/data/classic/tsplib/gr137.tsp,polyak,468,polyak,468,69111.987294225924,69111.987294225924,69853
/Users/a/Ayanami/code/TSP/data/classic/tsplib/gr137.tsp,polyak,469,polyak,469,69111.946870877597,69111.987294225924,69853
/Users/a/Ayanami/code/TSP/data/classic/tsplib/gr137.tsp,polyak,470,polyak,470,69111.985708913286,69111.987294225924,69853
/Users/a/Ayanami/code/TSP/data/classic/tsplib/gr137.tsp,polyak,471,polyak,471,69111.93165448225,69111.987294225924,69853
/Users/a/Ayanami/code/TSP/data/classic/tsplib/gr137.tsp,polyak,472,polyak,472,69111.997783214843,69111.997783214843,69853
/Users/a/Ayanami/code/TSP/data/classic/tsplib/gr137.tsp,polyak,473,polyak,473,69111.913054113917,69111.997783214843,69853
/Users/a/Ayanami/code/TSP/data/classic/tsplib/gr137.tsp,polyak,474,polyak,474,69111.968812190462,69111.997783214843,69853
/Users/a/Ayanami/code/TSP/data/classic/tsplib/gr137.tsp,polyak,475,polyak,475,69111.953227311446,69111.997783214843,69853
/Users/a/Ayanami/code/TSP/data/classic/tsplib/gr137.tsp,polyak,476,polyak,476,69111.990969254985,69111.997783214843,69853
/Users/a/Ayanami/code/TSP/data/classic/tsplib/gr137.tsp,polyak,477,polyak,477,69111.952279257152,69111.997783214843,69853
/Users/a/Ayanami/code/TSP/data/classic/tsplib/gr137.tsp,polyak,478,polyak,478,69111.963453017364,69111.997783214843,69853
/Users/a/Ayanami/code/TSP/data/classic/tsplib/gr137.tsp,polyak,479,polyak,479,69111.944405553761,69111.997783214843,69853
/Users/a/Ayanami/code/TSP/data/classic/tsplib/gr137.tsp,polyak,480,polyak,480,69111.994626487998,69111.997783214843,69853
/Users/a/Ayanami/code/TSP/data/classic/tsplib/gr137.tsp,polyak,481,polyak,481,69111.925568051302,69111.997783214843,69853
/Users/a/Ayanami/code/TSP/data/classic/tsplib/gr137.tsp,polyak,482,polyak,482,69111.97341860077,69111.997783214843,69853
/Users/a/Ayanami/code/TSP/data/classic/tsplib/gr137.tsp,polyak,483,polyak,483,69111.983374243267,69111.997783214843,69853
/Users/a/Ayanami/code/TSP/data/classic/tsplib/gr137.tsp,polyak,484,polyak,484,69111.936235442408,69111.997783214843,69853
/Users/a/Ayanami/code/TSP/data/classic/tsplib/gr137.tsp,polyak,485,polyak,485,69111.989668189519,69111.997783214843,69853
/Users/a/Ayanami/code/TSP/data/classic/tsplib/gr137.tsp,polyak,486,polyak,486,69112.00263041562,69112.00263041562,69853
/Users/a/Ayanami/code/TSP/data/classic/tsplib/gr137.tsp,polyak,487,polyak,487,69111.99693585455,69112.00263041562,69853
/Users/a/Ayanami/code/TSP/data/classic/tsplib/gr137.tsp,polyak,488,polyak,488,69112.015048062429,69112.015048062429,69853
/Users/a/Ayanami/code/TSP/data/classic/tsplib/gr137.tsp,polyak,489,polyak,489,69111.996353785318,69112.015048062429,69853
/Users/a/Ayanami/code/TSP/data/classic/tsplib/gr137.tsp,polyak,490,polyak,490,69112.016765464068,69112.016765464068,69853
/Users/a/Ayanami/code/TSP/data/classic/tsplib/gr137.tsp,polyak,491,polyak,491,69111.999525127991,69112.016765464068,69853
/Users/a/Ayanami/code/TSP/data/classic/tsplib/gr137.tsp,polyak,492,polyak,492,69112.018108641307,69112.018108641307,69853
/Users/a/Ayanami/code/TSP/data/classic/tsplib/gr137.tsp,polyak,493,polyak,493,69111.999549671746,69112.018108641307,69853
/Users/a/Ayanami/code/TSP/data/classic/tsplib/gr137.tsp,polyak,494,polyak,494,69112.025983909392,69112.025983909392,69853
/Users/a/Ayanami/code/TSP/data/classic/tsplib/gr137.tsp,polyak,495,polyak,495,69111.979179504066,69112.025983909392,69853
/Users/a/Ayanami/code/TSP/data/classic/tsplib/gr137.tsp,polyak,496,polyak,496,69112.02429581515,69112.025983909392,69853
/Users/a/Ayanami/code/TSP/data/classic/tsplib/gr137.tsp,polyak,497,polyak,497,69111.999051590261,69112.025983909392,69853
/Users/a/Ayanami/code/TSP/data/classic/tsplib/gr137.tsp,polyak,498,polyak,498,69112.020427891199,69112.025983909392,69853
/Users/a/Ayanami/code/TSP/data/classic/tsplib/gr137.tsp,polyak,499,polyak,499,69112.010287697107,69112.025983909392,69853
/Users/a/Ayanami/code/TSP/data/classic/tsplib/gr137.tsp,polyak,500,polyak,500,69112.019663709638,69112.025983909392,69853
/Users/a/Ayanami/code/TSP/data/classic/tsplib/gr137.tsp,polyak,501,polyak,501,69112.010552170206,69112.025983909392,69853
/Users/a/Ayanami/code/TSP/data/classic/tsplib/gr137.tsp,polyak,502,polyak,502,69112.008700011997,69112.025983909392,69853
/Users/a/Ayanami/code/TSP/data/classic/tsplib/gr137.tsp,polyak,503,polyak,503,69112.020545002742,69112.025983909392,69853
/Users/a/Ayanami/code/TSP/data/classic/tsplib/gr137.tsp,polyak,504,polyak,504,69111.998799551671,69112.025983909392,69853
/Users/a/Ayanami/code/TSP/data/classic/tsplib/gr137.tsp,polyak,505,polyak,505,69112.024287347042,69112.025983909392,69853
/Users/a/Ayanami/code/TSP/data/classic/tsplib/gr137.tsp,polyak,506,polyak,506,69112.017682840829,69112.025983909392,69853
/Users/a/Ayanami/code/TSP/data/classic/tsplib/gr137.tsp,polyak,507,polyak,507,69112.010659434789,69112.025983909392,69853
/Users/a/Ayanami/code/TSP/data/classic/tsplib/gr137.tsp,polyak,508,polyak,508,69112.030000730476,69112.030000730476,69853
/Users/a/Ayanami/code/TSP/data/classic/tsplib/gr137.tsp,polyak,509,polyak,509,69112.033420713313,69112.033420713313,69853
/Users/a/Ayanami/code/TSP/data/classic/tsplib/gr137.tsp,polyak,510,polyak,510,69112.035932380386,69112.035932380386,69853
/Users/a/Ayanami/code/TSP/data/classic/tsplib/gr137.tsp,polyak,511,polyak,511,69112.038062605367,69112.038062605367,69853
/Users/a/Ayanami/code/TSP/data/classic/tsplib/gr137.tsp,polyak,512,polyak,512,69112.031669883436,69112.038062605367,69853
/Users/a/Ayanami/code/TSP/data/classic/tsplib/gr137.tsp,polyak,513,polyak,513,69112.035961252273,69112.038062605367,69853
/Users/a/Ayanami/code/TSP/data/classic/tsplib/gr137.tsp,polyak,514,polyak,514,69112.042155041534,69112.042155041534,69853
/Users/a/Ayanami/code/TSP/data/classic/tsplib/gr137.tsp,polyak,515,polyak,515,69112.033187966823,69112.042155041534,69853
/Users/a/Ayanami/code/TSP/data/classic/tsplib/gr137.tsp,polyak,516,polyak,516,69112.033513543342,69112.042155041534,69853
/Users/a/Ayanami/code/TSP/data/classic/tsplib/gr137.tsp,polyak,517,polyak,517,69112.038942870902,69112.042155041534,69853
/Users/a/Ayanami/code/TSP/data/classic/tsplib/gr137.tsp,polyak,518,polyak,518,69112.027034665211,69112.042155041534,69853
/Users/a/Ayanami/code/TSP/data/classic/tsplib/gr137.tsp,polyak,519,polyak,519,69112.046634464976,69112.046634464976,69853
/Users/a/Ayanami/code/TSP/data/classic/tsplib/gr137.tsp,polyak,520,polyak,520,69112.031698083345,69112.046634464976,69853
/Users/a/Ayanami/code/TSP/data/classic/tsplib/gr137.tsp,polyak,521,polyak,521,69112.042420674799,69112.046634464976,69853
/Users/a/Ayanami/code/TSP/data/classic/tsplib/gr137.tsp,polyak,522,polyak,522,69112.037198553095,69112.046634464976,69853
/Users/a/Ayanami/code/TSP/data/classic/tsplib/gr137.tsp,polyak,523,polyak,523,69112.040537331253,69112.046634464976,69853
/Users/a/Ayanami/code/TSP/data/classic/tsplib/gr137.tsp,polyak,524,polyak,524,69112.03871923589,69112.046634464976,69853
/Users/a/Ayanami/code/TSP/data/classic/tsplib/gr137.tsp,polyak,525,polyak,525,69112.039346227102,69112.046634464976,69853
/Users/a/Ayanami/code/TSP/data/classic/tsplib/gr137.tsp,polyak,526,polyak,526,69112.039117166132,69112.046634464976,69853
/Users/a/Ayanami/code/TSP/data/classic/tsplib/gr137.tsp,polyak,527,polyak,527,69112.042645442387,69112.046634464976,69853
/Users/a/Ayanami/code/TSP/data/classic/tsplib/gr137.tsp,polyak,528,polyak,528,69112.036114777613,69112.046634464976,69853
/Users/a/Ayanami/code/TSP/data/classic/tsplib/gr137.tsp,polyak,529,polyak,529,69112.040244991644,69112.046634464976,69853
/Users/a/Ayanami/code/TSP/data/classic/tsplib/gr137.tsp,polyak,530,polyak,530,69112.036213816536,69112.046634464976,69853
/Users/a/Ayanami/code/TSP/data/classic/tsplib/gr137.tsp,polyak,531,polyak,531,69112.045081083779,69112.046634464976,69853
/Users/a/Ayanami/code/TSP/data/classic/tsplib/gr137.tsp,polyak,532,polyak,532,69112.03548136224,69112.046634464976,69853
/Users/a/Ayanami/code/TSP/data/classic/tsplib/gr137.tsp,polyak,533,polyak,533,69112.045865437642,69112.046634464976,69853
/Users/a/Ayanami/code/TSP/data/classic/tsplib/gr137.tsp,polyak,534,polyak,534,69112.053150300329,69112.053150300329,69853
/Users/a/Ayanami/code/TSP/data/classic/tsplib/gr137.tsp,polyak,535,polyak,535,69112.046318472945,69112.053150300329,69853
/Users/a/Ayanami/code/TSP/data/classic/tsplib/gr137.tsp,polyak,536,polyak,536,69112.050240656477,69112.053150300329,69853
/Users/a/Ayanami/code/TSP/data/classic/tsplib/gr137.tsp,polyak,537,polyak,537,69112.048364626273,69112.053150300329,69853
/Users/a/Ayanami/code/TSP/data/classic/tsplib/gr137.tsp,polyak,538,polyak,538,69112.051950106907,69112.053150300329,69853
/Users/a/Ayanami/code/TSP/data/classic/tsplib/gr137.tsp,polyak,539,polyak,539,69112.04633257995,69112.053150300329,69853
/Users/a/Ayanami/code/TSP/data/classic/tsplib/gr137.tsp,polyak,540,polyak,540,69112.055662525236,69112.055662525236,69853
/Users/a/Ayanami/code/TSP/data/classic/tsplib/gr137.tsp,polyak,541,polyak,541,69112.047677929091,69112.055662525236,69853
/Users/a/Ayanami/code/TSP/data/classic/tsplib/gr137.tsp,polyak,542,polyak,542,69112.055821604517,69112.055821604517,69853
/Users/a/Ayanami/code/TSP/data/classic/tsplib/gr137.tsp,polyak,543,polyak,543,69112.046545603225,69112.055821604517,69853
/Users/a/Ayanami/code/TSP/data/classic/tsplib/gr137.tsp,polyak,544,polyak,544,69112.05223298262,69112.055821604517,69853
/Users/a/Ayanami/code/TSP/data/classic/tsplib/gr137.tsp,polyak,545,polyak,545,69112.05187940193,69112.055821604517,69853
/Users/a/Ayanami/code/TSP/data/classic/tsplib/gr137.tsp,polyak,546,polyak,546,69112.055500486604,69112.055821604517,69853
/Users/a/Ayanami/code/TSP/data/classic/tsplib/gr137.tsp,polyak,547,polyak,547,69112.047600643535,69112.055821604517,69853
/Users/a/Ayanami/code/TSP/data/classic/tsplib/gr137.tsp,polyak,548,polyak,548,69112.053502153649,69112.055821604517,69853
/Users/a/Ayanami/code/TSP/data/classic/tsplib/gr137.tsp,polyak,549,polyak,549,69112.054039247785,69112.055821604517,69853
/Users/a/Ayanami/code/TSP/data/classic/tsplib/gr137.tsp,polyak,550,polyak,550,69112.049894574156,69112.055821604517,69853
/Users/a/Ayanami/code/TSP/data/classic/tsplib/gr137.tsp,polyak,551,polyak,551,69112.053630609546,69112.055821604517,69853
/Users/a/Ayanami/code/TSP/data/classic/tsplib/gr137.tsp,polyak,552,polyak,552,69112.046879186979,69112.055821604517,69853
/Users/a/Ayanami/code/TSP/data/classic/tsplib/gr137.tsp,polyak,553,polyak,553,69112.053917072117,69112.055821604517,69853
/Users/a/Ayanami/code/TSP/data/classic/tsplib/gr137.tsp,polyak,554,polyak,554,69112.050985664566,69112.055821604517,69853
/Users/a/Ayanami/code/TSP/data/classic/tsplib/gr137.tsp,helsgaun,1,helsgaun,1,60096,60096,69853
/Users/a/Ayanami/code/TSP/data/classic/tsplib/gr137.tsp,helsgaun,2,helsgaun,2,60146,60146,69853
/Users/a/Ayanami/code/TSP/data/classic/tsplib/gr137.tsp,helsgaun,3,helsgaun,3,60245,60245,69853
/Users/a/Ayanami/code/TSP/data/classic/tsplib/gr137.tsp,helsgaun,4,helsgaun,4,60436.199999999997,60436.199999999997,69853
/Users/a/Ayanami/code/TSP/data/classic/tsplib/gr137.tsp,helsgaun,5,helsgaun,5,60769.599999999999,60769.599999999999,69853
/Users/a/Ayanami/code/TSP/data/classic/tsplib/gr137.tsp,helsgaun,6,helsgaun,6,61213.800000000003,61213.800000000003,69853
/Users/a/Ayanami/code/TSP/data/classic/tsplib/gr137.tsp,helsgaun,7,helsgaun,7,61926.800000000003,61926.800000000003,69853
/Users/a/Ayanami/code/TSP/data/classic/tsplib/gr137.tsp,helsgaun,8,helsgaun,8,62487.599999999999,62487.599999999999,69853
/Users/a/Ayanami/code/TSP/data/classic/tsplib/gr137.tsp,helsgaun,9,helsgaun,9,62674.199999999997,62674.199999999997,69853
/Users/a/Ayanami/code/TSP/data/classic/tsplib/gr137.tsp,helsgaun,10,helsgaun,10,61893.60000000002,62674.199999999997,69853
/Users/a/Ayanami/code/TSP/data/classic/tsplib/gr137.tsp,helsgaun,11,helsgaun,11,60078.199999999997,62674.199999999997,69853
/Users/a/Ayanami/code/TSP/data/classic/tsplib/gr137.tsp,helsgaun,12,helsgaun,12,59914.60000000002,62674.199999999997,69853
/Users/a/Ayanami/code/TSP/data/classic/tsplib/gr137.tsp,helsgaun,13,helsgaun,13,60271.599999999984,62674.199999999997,69853
/Users/a/Ayanami/code/TSP/data/classic/tsplib/gr137.tsp,helsgaun,14,helsgaun,14,59125.200000000004,62674.199999999997,69853
/Users/a/Ayanami/code/TSP/data/classic/tsplib/gr137.tsp,helsgaun,15,helsgaun,15,61537.399999999994,62674.199999999997,69853
/Users/a/Ayanami/code/TSP/data/classic/tsplib/gr137.tsp,helsgaun,16,helsgaun,16,61231.400000000009,62674.199999999997,69853
/Users/a/Ayanami/code/TSP/data/classic/tsplib/gr137.tsp,helsgaun,17,helsgaun,17,59491.200000000012,62674.199999999997,69853
/Users/a/Ayanami/code/TSP/data/classic/tsplib/gr137.tsp,helsgaun,18,helsgaun,18,59515.999999999993,62674.199999999997,69853
/Users/a/Ayanami/code/TSP/data/classic/tsplib/gr137.tsp,helsgaun,19,helsgaun,19,60098.19999999999,62674.199999999997,69853
/Users/a/Ayanami/code/TSP/data/classic/tsplib/gr137.tsp,helsgaun,20,helsgaun,20,59134.199999999997,62674.199999999997,69853
/Users/a/Ayanami/code/TSP/data/classic/tsplib/gr137.tsp,helsgaun,21,helsgaun,21,58662.60000000002,62674.199999999997,69853
/Users/a/Ayanami/code/TSP/data/classic/tsplib/gr137.tsp,helsgaun,22,helsgaun,22,60618.199999999997,62674.199999999997,69853
/Users/a/Ayanami/code/TSP/data/classic/tsplib/gr137.tsp,helsgaun,23,helsgaun,23,61638.400000000009,62674.199999999997,69853
/Users/a/Ayanami/code/TSP/data/classic/tsplib/gr137.tsp,helsgaun,24,helsgaun,24,60112.400000000016,62674.199999999997,69853
/Users/a/Ayanami/code/TSP/data/classic/tsplib/gr137.tsp,helsgaun,25,helsgaun,25,60805.599999999991,62674.199999999997,69853
/Users/a/Ayanami/code/TSP/data/classic/tsplib/gr137.tsp,helsgaun,26,helsgaun,26,60434.600000000013,62674.199999999997,69853
/Users/a/Ayanami/code/TSP/data/classic/tsplib/gr137.tsp,helsgaun,27,helsgaun,27,59775.200000000026,62674.199999999997,69853
/Users/a/Ayanami/code/TSP/data/classic/tsplib/gr137.tsp,helsgaun,28,helsgaun,28,58952.400000000009,62674.199999999997,69853
/Users/a/Ayanami/code/TSP/data/classic/tsplib/gr137.tsp,helsgaun,29,helsgaun,29,59246.800000000025,62674.199999999997,69853
/Users/a/Ayanami/code/TSP/data/classic/tsplib/gr137.tsp,helsgaun,30,helsgaun,30,60978.80000000001,62674.199999999997,69853
/Users/a/Ayanami/code/TSP/data/classic/tsplib/gr137.tsp,helsgaun,31,helsgaun,31,60914.400000000009,62674.199999999997,69853
/Users/a/Ayanami/code/TSP/data/classic/tsplib/gr137.tsp,helsgaun,32,helsgaun,32,59806.400000000023,62674.199999999997,69853
/Users/a/Ayanami/code/TSP/data/classic/tsplib/gr137.tsp,helsgaun,33,helsgaun,33,60069.400000000009,62674.199999999997,69853
/Users/a/Ayanami/code/TSP/data/classic/tsplib/gr137.tsp,helsgaun,34,helsgaun,34,58833.600000000013,62674.199999999997,69853
/Users/a/Ayanami/code/TSP/data/classic/tsplib/gr137.tsp,helsgaun,35,helsgaun,35,60948.600000000006,62674.199999999997,69853
/Users/a/Ayanami/code/TSP/data/classic/tsplib/gr137.tsp,helsgaun,36,helsgaun,36,59646.600000000013,62674.199999999997,69853
/Users/a/Ayanami/code/TSP/data/classic/tsplib/gr137.tsp,helsgaun,37,helsgaun,37,60357.80000000001,62674.199999999997,69853
/Users/a/Ayanami/code/TSP/data/classic/tsplib/gr137.tsp,helsgaun,38,helsgaun,38,60272.599999999991,62674.199999999997,69853
/Users/a/Ayanami/code/TSP/data/classic/tsplib/gr137.tsp,helsgaun,39,helsgaun,39,60012.600000000028,62674.199999999997,69853
/Users/a/Ayanami/code/TSP/data/classic/tsplib/gr137.tsp,helsgaun,40,helsgaun,40,60814.800000000003,62674.199999999997,69853
/Users/a/Ayanami/code/TSP/data/classic/tsplib/gr137.tsp,helsgaun,41,helsgaun,41,59355.800000000017,62674.199999999997,69853
/Users/a/Ayanami/code/TSP/data/classic/tsplib/gr137.tsp,helsgaun,42,helsgaun,42,61350.200000000004,62674.199999999997,69853
/Users/a/Ayanami/code/TSP/data/classic/tsplib/gr137.tsp,helsgaun,43,helsgaun,43,60748.400000000001,62674.199999999997,69853
/Users/a/Ayanami/code/TSP/data/classic/tsplib/gr137.tsp,helsgaun,44,helsgaun,44,61796.200000000019,62674.199999999997,69853
/Users/a/Ayanami/code/TSP/data/classic/tsplib/gr137.tsp,helsgaun,45,helsgaun,45,59851.600000000013,62674.199999999997,69853
/Users/a/Ayanami/code/TSP/data/classic/tsplib/gr137.tsp,helsgaun,46,helsgaun,46,58161.800000000032,62674.199999999997,69853
/Users/a/Ayanami/code/TSP/data/classic/tsplib/gr137.tsp,helsgaun,47,helsgaun,47,61251.400000000023,62674.199999999997,69853
/Users/a/Ayanami/code/TSP/data/classic/tsplib/gr137.tsp,helsgaun,48,helsgaun,48,60148.600000000013,62674.199999999997,69853
/Users/a/Ayanami/code/TSP/data/classic/tsplib/gr137.tsp,helsgaun,49,helsgaun,49,60962.999999999985,62674.199999999997,69853
/Users/a/Ayanami/code/TSP/data/classic/tsplib/gr137.tsp,helsgaun,50,helsgaun,50,60352.400000000001,62674.199999999997,69853
/Users/a/Ayanami/code/TSP/data/classic/tsplib/gr137.tsp,helsgaun,51,helsgaun,51,60368.600000000013,62674.199999999997,69853
/Users/a/Ayanami/code/TSP/data/classic/tsplib/gr137.tsp,helsgaun,52,helsgaun,52,62284.199999999997,62674.199999999997,69853
/Users/a/Ayanami/code/TSP/data/classic/tsplib/gr137.tsp,helsgaun,53,helsgaun,53,58758.200000000004,62674.199999999997,69853
/Users/a/Ayanami/code/TSP/data/classic/tsplib/gr137.tsp,helsgaun,54,helsgaun,54,59594.200000000012,62674.199999999997,69853
/Users/a/Ayanami/code/TSP/data/classic/tsplib/gr137.tsp,helsgaun,55,helsgaun,55,59780.400000000001,62674.199999999997,69853
/Users/a/Ayanami/code/TSP/data/classic/tsplib/gr137.tsp,helsgaun,56,helsgaun,56,59881.400000000023,62674.199999999997,69853
/Users/a/Ayanami/code/TSP/data/classic/tsplib/gr137.tsp,helsgaun,57,helsgaun,57,59747.400000000001,62674.199999999997,69853
/Users/a/Ayanami/code/TSP/data/classic/tsplib/gr137.tsp,helsgaun,58,helsgaun,58,59991.800000000003,62674.199999999997,69853
/Users/a/Ayanami/code/TSP/data/classic/tsplib/gr137.tsp,helsgaun,59,helsgaun,59,59557.800000000017,62674.199999999997,69853
/Users/a/Ayanami/code/TSP/data/classic/tsplib/gr137.tsp,helsgaun,60,helsgaun,60,62212.800000000032,62674.199999999997,69853
/Users/a/Ayanami/code/TSP/data/classic/tsplib/gr137.tsp,helsgaun,61,helsgaun,61,62943.000000000007,62943.000000000007,69853
/Users/a/Ayanami/code/TSP/data/classic/tsplib/gr137.tsp,helsgaun,62,helsgaun,62,60473.600000000006,62943.000000000007,69853
/Users/a/Ayanami/code/TSP/data/classic/tsplib/gr137.tsp,helsgaun,63,helsgaun,63,59934.200000000019,62943.000000000007,69853
/Users/a/Ayanami/code/TSP/data/classic/tsplib/gr137.tsp,helsgaun,64,helsgaun,64,61105.000000000007,62943.000000000007,69853
/Users/a/Ayanami/code/TSP/data/classic/tsplib/gr137.tsp,helsgaun,65,helsgaun,65,60076.800000000025,62943.000000000007,69853
/Users/a/Ayanami/code/TSP/data/classic/tsplib/gr137.tsp,helsgaun,66,helsgaun,66,62325.80000000001,62943.000000000007,69853
/Users/a/Ayanami/code/TSP/data/classic/tsplib/gr137.tsp,helsgaun,67,helsgaun,67,59204.599999999991,62943.000000000007,69853
/Users/a/Ayanami/code/TSP/data/classic/tsplib/gr137.tsp,helsgaun,68,helsgaun,68,60611.800000000025,62943.000000000007,69853
/Users/a/Ayanami/code/TSP/data/classic/tsplib/gr137.tsp,helsgaun,69,helsgaun,69,62008.599999999999,62943.000000000007,69853
/Users/a/Ayanami/code/TSP/data/classic/tsplib/gr137.tsp,helsgaun,70,helsgaun,70,64126.200000000026,64126.200000000026,69853
/Users/a/Ayanami/code/TSP/data/classic/tsplib/gr137.tsp,helsgaun,71,helsgaun,71,65702.600000000006,65702.600000000006,69853
/Users/a/Ayanami/code/TSP/data/classic/tsplib/gr137.tsp,helsgaun,72,helsgaun,72,66475.60000000002,66475.60000000002,69853
/Users/a/Ayanami/code/TSP/data/classic/tsplib/gr137.tsp,helsgaun,73,helsgaun,73,66851.600000000035,66851.600000000035,69853
/Users/a/Ayanami/code/TSP/data/classic/tsplib/gr137.tsp,helsgaun,74,helsgaun,74,66764.800000000017,66851.600000000035,69853
/Users/a/Ayanami/code/TSP/data/classic/tsplib/gr137.tsp,helsgaun,75,helsgaun,75,66725.600000000035,66851.600000000035,69853
/Users/a/Ayanami/code/TSP/data/classic/tsplib/gr137.tsp,helsgaun,76,helsgaun,76,66807.200000000041,66851.600000000035,69853
/Users/a/Ayanami/code/TSP/data/classic/tsplib/gr137.tsp,helsgaun,77,helsgaun,77,67010.60000000002,67010.60000000002,69853
/Users/a/Ayanami/code/TSP/data/classic/tsplib/gr137.tsp,helsgaun,78,helsgaun,78,66450.400000000023,67010.60000000002,69853
/Users/a/Ayanami/code/TSP/data/classic/tsplib/gr137.tsp,helsgaun,79,helsgaun,79,67093.400000000023,67093.400000000023,69853
/Users/a/Ayanami/code/TSP/data/classic/tsplib/gr137.tsp,helsgaun,80,helsgaun,80,66690.60000000002,67093.400000000023,69853
/Users/a/Ayanami/code/TSP/data/classic/tsplib/gr137.tsp,helsgaun,81,helsgaun,81,67101.600000000006,67101.600000000006,69853
/Users/a/Ayanami/code/TSP/data/classic/tsplib/gr137.tsp,helsgaun,82,helsgaun,82,67515.799999999988,67515.799999999988,69853
/Users/a/Ayanami/code/TSP/data/classic/tsplib/gr137.tsp,helsgaun,83,helsgaun,83,66925.000000000015,67515.799999999988,69853
/Users/a/Ayanami/code/TSP/data/classic/tsplib/gr137.tsp,helsgaun,84,helsgaun,84,66560.400000000023,67515.799999999988,69853
/Users/a/Ayanami/code/TSP/data/classic/tsplib/gr137.tsp,helsgaun,85,helsgaun,85,67049.800000000003,67515.799999999988,69853
/Users/a/Ayanami/code/TSP/data/classic/tsplib/gr137.tsp,helsgaun,86,helsgaun,86,66764.000000000015,67515.799999999988,69853
/Users/a/Ayanami/code/TSP/data/classic/tsplib/gr137.tsp,helsgaun,87,helsgaun,87,67361.600000000035,67515.799999999988,69853
/Users/a/Ayanami/code/TSP/data/classic/tsplib/gr137.tsp,helsgaun,88,helsgaun,88,66630.399999999994,67515.799999999988,69853
/Users/a/Ayanami/code/TSP/data/classic/tsplib/gr137.tsp,helsgaun,89,helsgaun,89,67042.599999999991,67515.799999999988,69853
/Users/a/Ayanami/code/TSP/data/classic/tsplib/gr137.tsp,helsgaun,90,helsgaun,90,67065.000000000015,67515.799999999988,69853
/Users/a/Ayanami/code/TSP/data/classic/tsplib/gr137.tsp,helsgaun,91,helsgaun,91,67379.200000000026,67515.799999999988,69853
/Users/a/Ayanami/code/TSP/data/classic/tsplib/gr137.tsp,helsgaun,92,helsgaun,92,66884.600000000035,67515.799999999988,69853
/Users/a/Ayanami/code/TSP/data/classic/tsplib/gr137.tsp,helsgaun,93,helsgaun,93,66898.400000000023,67515.799999999988,69853
/Users/a/Ayanami/code/TSP/data/classic/tsplib/gr137.tsp,helsgaun,94,helsgaun,94,66436.600000000006,67515.799999999988,69853
/Users/a/Ayanami/code/TSP/data/classic/tsplib/gr137.tsp,helsgaun,95,helsgaun,95,66756.60000000002,67515.799999999988,69853
/Users/a/Ayanami/code/TSP/data/classic/tsplib/gr137.tsp,helsgaun,96,helsgaun,96,67351.000000000015,67515.799999999988,69853
/Users/a/Ayanami/code/TSP/data/classic/tsplib/gr137.tsp,helsgaun,97,helsgaun,97,66919.60000000002,67515.799999999988,69853
/Users/a/Ayanami/code/TSP/data/classic/tsplib/gr137.tsp,helsgaun,98,helsgaun,98,67105.800000000003,67515.799999999988,69853
/Users/a/Ayanami/code/TSP/data/classic/tsplib/gr137.tsp,helsgaun,99,helsgaun,99,67301.400000000038,67515.799999999988,69853
/Users/a/Ayanami/code/TSP/data/classic/tsplib/gr137.tsp,helsgaun,100,helsgaun,100,66421.399999999994,67515.799999999988,69853
/Users/a/Ayanami/code/TSP/data/classic/tsplib/gr137.tsp,helsgaun,101,helsgaun,101,66589.399999999994,67515.799999999988,69853
/Users/a/Ayanami/code/TSP/data/classic/tsplib/gr137.tsp,helsgaun,102,helsgaun,102,67000,67515.799999999988,69853
/Users/a/Ayanami/code/TSP/data/classic/tsplib/gr137.tsp,helsgaun,103,helsgaun,103,66510.200000000026,67515.799999999988,69853
/Users/a/Ayanami/code/TSP/data/classic/tsplib/gr137.tsp,helsgaun,104,helsgaun,104,67405.600000000006,67515.799999999988,69853
/Users/a/Ayanami/code/TSP/data/classic/tsplib/gr137.tsp,helsgaun,105,helsgaun,105,68229.000000000044,68229.000000000044,69853
/Users/a/Ayanami/code/TSP/data/classic/tsplib/gr137.tsp,helsgaun,106,helsgaun,106,68307.800000000047,68307.800000000047,69853
/Users/a/Ayanami/code/TSP/data/classic/tsplib/gr137.tsp,helsgaun,107,helsgaun,107,68299.400000000038,68307.800000000047,69853
/Users/a/Ayanami/code/TSP/data/classic/tsplib/gr137.tsp,helsgaun,108,helsgaun,108,68541.400000000038,68541.400000000038,69853
/Users/a/Ayanami/code/TSP/data/classic/tsplib/gr137.tsp,helsgaun,109,helsgaun,109,68395.000000000029,68541.400000000038,69853
/Users/a/Ayanami/code/TSP/data/classic/tsplib/gr137.tsp,helsgaun,110,helsgaun,110,68375.000000000029,68541.400000000038,69853
/Users/a/Ayanami/code/TSP/data/classic/tsplib/gr137.tsp,helsgaun,111,helsgaun,111,68212.600000000035,68541.400000000038,69853
/Users/a/Ayanami/code/TSP/data/classic/tsplib/gr137.tsp,helsgaun,112,helsgaun,112,68419.600000000006,68541.400000000038,69853
/Users/a/Ayanami/code/TSP/data/classic/tsplib/gr137.tsp,helsgaun,113,helsgaun,113,68369.000000000044,68541.400000000038,69853
/Users/a/Ayanami/code/TSP/data/classic/tsplib/gr137.tsp,helsgaun,114,helsgaun,114,68449.000000000044,68541.400000000038,69853
/Users/a/Ayanami/code/TSP/data/classic/tsplib/gr137.tsp,helsgaun,115,helsgaun,115,68575.000000000015,68575.000000000015,69853
/Users/a/Ayanami/code/TSP/data/classic/tsplib/gr137.tsp,helsgaun,116,helsgaun,116,68346.600000000035,68575.000000000015,69853
/Users/a/Ayanami/code/TSP/data/classic/tsplib/gr137.tsp,helsgaun,117,helsgaun,117,68542.400000000023,68575.000000000015,69853
/Users/a/Ayanami/code/TSP/data/classic/tsplib/gr137.tsp,helsgaun,118,helsgaun,118,68520.400000000052,68575.000000000015,69853
/Users/a/Ayanami/code/TSP/data/classic/tsplib/gr137.tsp,helsgaun,119,helsgaun,119,68571.200000000026,68575.000000000015,69853
/Users/a/Ayanami/code/TSP/data/classic/tsplib/gr137.tsp,helsgaun,120,helsgaun,120,68337.400000000038,68575.000000000015,69853
/Users/a/Ayanami/code/TSP/data/classic/tsplib/gr137.tsp,helsgaun,121,helsgaun,121,68746.200000000026,68746.200000000026,69853
/Users/a/Ayanami/code/TSP/data/classic/tsplib/gr137.tsp,helsgaun,122,helsgaun,122,68714.600000000006,68746.200000000026,69853
/Users/a/Ayanami/code/TSP/data/classic/tsplib/gr137.tsp,helsgaun,123,helsgaun,123,68845.199999999997,68845.199999999997,69853
/Users/a/Ayanami/code/TSP/data/classic/tsplib/gr137.tsp,helsgaun,124,helsgaun,124,68810.200000000012,68845.199999999997,69853
/Users/a/Ayanami/code/TSP/data/classic/tsplib/gr137.tsp,helsgaun,125,helsgaun,125,68918.800000000017,68918.800000000017,69853
/Users/a/Ayanami/code/TSP/data/classic/tsplib/gr137.tsp,helsgaun,126,helsgaun,126,68847.799999999988,68918.800000000017,69853
/Users/a/Ayanami/code/TSP/data/classic/tsplib/gr137.tsp,helsgaun,127,helsgaun,127,68822.400000000009,68918.800000000017,69853
/Users/a/Ayanami/code/TSP/data/classic/tsplib/gr137.tsp,helsgaun,128,helsgaun,128,68833.200000000012,68918.800000000017,69853
/Users/a/Ayanami/code/TSP/data/classic/tsplib/gr137.tsp,helsgaun,129,helsgaun,129,68926.599999999991,68926.599999999991,69853
/Users/a/Ayanami/code/TSP/data/classic/tsplib/gr137.tsp,helsgaun,130,helsgaun,130,68951.399999999994,68951.399999999994,69853
/Users/a/Ayanami/code/TSP/data/classic/tsplib/gr137.tsp,helsgaun,131,helsgaun,131,68966.800000000003,68966.800000000003,69853
/Users/a/Ayanami/code/TSP/data/classic/tsplib/gr137.tsp,helsgaun,132,helsgaun,132,68973.600000000006,68973.600000000006,69853
/Users/a/Ayanami/code/TSP/data/classic/tsplib/gr137.tsp,helsgaun,133,helsgaun,133,69012.400000000009,69012.400000000009,69853
/Users/a/Ayanami/code/TSP/data/classic/tsplib/gr137.tsp,helsgaun,134,helsgaun,134,69028.200000000012,69028.200000000012,69853
/Users/a/Ayanami/code/TSP/data/classic/tsplib/gr137.tsp,helsgaun,135,helsgaun,135,69024.800000000003,69028.200000000012,69853
/Users/a/Ayanami/code/TSP/data/classic/tsplib/gr137.tsp,helsgaun,136,helsgaun,136,69035.600000000006,69035.600000000006,69853
/Users/a/Ayanami/code/TSP/data/classic/tsplib/gr137.tsp,helsgaun,137,helsgaun,137,69044,69044,69853
/Users/a/Ayanami/code/TSP/data/classic/tsplib/gr137.tsp,helsgaun,138,helsgaun,138,69053.400000000009,69053.400000000009,69853
/Users/a/Ayanami/code/TSP/data/classic/tsplib/gr137.tsp,helsgaun,139,helsgaun,139,69060.199999999997,69060.199999999997,69853
/Users/a/Ayanami/code/TSP/data/classic/tsplib/gr137.tsp,helsgaun,140,helsgaun,140,69064.600000000006,69064.600000000006,69853
/Users/a/Ayanami/code/TSP/data/classic/tsplib/gr137.tsp,helsgaun,141,helsgaun,141,69068.500000000015,69068.500000000015,69853
/Users/a/Ayanami/code/TSP/data/classic/tsplib/gr137.tsp,helsgaun,142,helsgaun,142,69069.600000000006,69069.600000000006,69853
/Users/a/Ayanami/code/TSP/data/classic/tsplib/gr137.tsp,helsgaun,143,helsgaun,143,69070.399999999994,69070.399999999994,69853
/Users/a/Ayanami/code/TSP/data/classic/tsplib/gr137.tsp,helsgaun,144,helsgaun,144,69071.650000000009,69071.650000000009,69853
/Users/a/Ayanami/code/TSP/data/classic/tsplib/gr137.tsp,helsgaun,145,helsgaun,145,69072.225000000006,69072.225000000006,69853
/Users/a/Ayanami/code/TSP/data/classic/tsplib/gr137.tsp,helsgaun,146,helsgaun,146,69072.375,69072.375,69853
/Users/a/Ayanami/code/TSP/data/classic/tsplib/gr137.tsp,helsgaun,147,helsgaun,147,69072.662499999991,69072.662499999991,69853
/Users/a/Ayanami/code/TSP/data/classic/tsplib/gr137.tsp,helsgaun,148,helsgaun,148,69072.875,69072.875,69853
/Users/a/Ayanami/code/TSP/data/classic/tsplib/gr137.tsp,helsgaun,149,helsgaun,149,69072.993749999994,69072.993749999994,69853
/Users/a/Ayanami/code/TSP/data/classic/tsplib/gr137.tsp,helsgaun,150,helsgaun,150,69073.15625,69073.15625,69853
/Users/a/Ayanami/code/TSP/data/classic/tsplib/gr137.tsp,helsgaun,151,helsgaun,151,69073.221875000003,69073.221875000003,69853
/Users/a/Ayanami/code/TSP/data/classic/tsplib/gr137.tsp,helsgaun,152,helsgaun,152,69073.328125000015,69073.328125000015,69853
/Users/a/Ayanami/code/TSP/data/classic/tsplib/gr137.tsp,helsgaun,153,helsgaun,153,69073.365625000006,69073.365625000006,69853
/Users/a/Ayanami/code/TSP/data/classic/tsplib/gr137.tsp,helsgaun,154,helsgaun,154,69073.381250000006,69073.381250000006,69853
/Users/a/Ayanami/code/TSP/data/classic/tsplib/gr137.tsp,helsgaun,155,helsgaun,155,69073.408593750006,69073.408593750006,69853
/Users/a/Ayanami/code/TSP/data/classic/tsplib/gr137.tsp,helsgaun,156,helsgaun,156,69073.421093750017,69073.421093750017,69853
/Users/a/Ayanami/code/TSP/data/classic/tsplib/gr137.tsp,helsgaun,157,helsgaun,157,69073.433984374991,69073.433984374991,69853
/Users/a/Ayanami/code/TSP/data/classic/tsplib/gr137.tsp,helsgaun,158,helsgaun,158,69073.433984375006,69073.433984374991,69853
/Users/a/Ayanami/code/TSP/data/classic/tsplib/gr137.tsp,helsgaun,159,helsgaun,159,69073.438671875003,69073.438671875003,69853
/Users/a/Ayanami/code/TSP/data/classic/tsplib/gr137.tsp,helsgaun,160,helsgaun,160,69073.444921875009,69073.444921875009,69853
/Users/a/Ayanami/code/TSP/data/classic/tsplib/gr137.tsp,helsgaun,161,helsgaun,161,69073.446191406256,69073.446191406256,69853
/Users/a/Ayanami/code/TSP/data/classic/tsplib/gr137.tsp,helsgaun,162,helsgaun,162,69073.451074218756,69073.451074218756,69853
/Users/a/Ayanami/code/TSP/data/classic/tsplib/gr137.tsp,helsgaun,163,helsgaun,163,69073.452294921881,69073.452294921881,69853
/Users/a/Ayanami/code/TSP/data/classic/tsplib/gr137.tsp,helsgaun,164,helsgaun,164,69073.453662109401,69073.453662109401,69853
/Users/a/Ayanami/code/TSP/data/classic/tsplib/gr137.tsp,helsgaun,165,helsgaun,165,69073.45402832031,69073.45402832031,69853
/Users/a/Ayanami/code/TSP/data/classic/tsplib/gr137.tsp,helsgaun,166,helsgaun,166,69073.454614257818,69073.454614257818,69853
/Users/a/Ayanami/code/TSP/data/classic/tsplib/gr137.tsp,helsgaun,167,helsgaun,167,69073.454772949219,69073.454772949219,69853
/Users/a/Ayanami/code/TSP/data/classic/tsplib/gr137.tsp,helsgaun,168,helsgaun,168,69073.455163574225,69073.455163574225,69853
/Users/a/Ayanami/code/TSP/data/classic/tsplib/gr137.tsp,helsgaun,169,helsgaun,169,69073.455279541013,69073.455279541013,69853
/Users/a/Ayanami/code/TSP/data/classic/tsplib/gr137.tsp,helsgaun,170,helsgaun,170,69073.455438232428,69073.455438232428,69853
/Users/a/Ayanami/code/TSP/data/classic/tsplib/gr137.tsp,helsgaun,171,helsgaun,171,69073.455480957025,69073.455480957025,69853
/Users/a/Ayanami/code/TSP/data/classic/tsplib/gr137.tsp,helsgaun,172,helsgaun,172,69073.455548095721,69073.455548095721,69853
/Users/a/Ayanami/code/TSP/data/classic/tsplib/gr137.tsp,helsgaun,173,helsgaun,173,69073.455574035659,69073.455574035659,69853
/Users/a/Ayanami/code/TSP/data/classic/tsplib/gr137.tsp,helsgaun,174,helsgaun,174,69073.455625915536,69073.455625915536,69853
/Users/a/Ayanami/code/TSP/data/classic/tsplib/gr137.tsp,helsgaun,175,helsgaun,175,69073.455641174325,69073.455641174325,69853
/Users/a/Ayanami/code/TSP/data/classic/tsplib/gr137.tsp,helsgaun,176,helsgaun,176,69073.455658721912,69073.455658721912,69853
/Users/a/Ayanami/code/TSP/data/classic/tsplib/gr137.tsp,helsgaun,177,helsgaun,177,69073.455659103391,69073.455659103391,69853
/Users/a/Ayanami/code/TSP/data/classic/tsplib/gr137.tsp,helsgaun,178,helsgaun,178,69073.455670166019,69073.455670166019,69853
/Users/a/Ayanami/code/TSP/data/classic/tsplib/gr137.tsp,helsgaun,179,helsgaun,179,69073.455673599237,69073.455673599237,69853
/Users/a/Ayanami/code/TSP/data/classic/tsplib/gr137.tsp,helsgaun,180,helsgaun,180,69073.455680656436,69073.455680656436,69853
/Users/a/Ayanami/code/TSP/data/classic/tsplib/gr137.tsp,helsgaun,181,helsgaun,181,69073.455681228646,69073.455681228646,69853
/Users/a/Ayanami/code/TSP/data/classic/tsplib/gr137.tsp,helsgaun,182,helsgaun,182,69073.455683803564,69073.455683803564,69853
/Users/a/Ayanami/code/TSP/data/classic/tsplib/gr137.tsp,helsgaun,183,helsgaun,183,69073.455684137341,69073.455684137341,69853
/Users/a/Ayanami/code/TSP/data/classic/tsplib/gr137.tsp,helsgaun,184,helsgaun,184,69073.455685186374,69073.455685186374,69853
/Users/a/Ayanami/code/TSP/data/classic/tsplib/gr137.tsp,helsgaun,185,helsgaun,185,69073.455685591704,69073.455685591704,69853
/Users/a/Ayanami/code/TSP/data/classic/tsplib/gr137.tsp,helsgaun,186,helsgaun,186,69073.455686402318,69073.455686402318,69853
/Users/a/Ayanami/code/TSP/data/classic/tsplib/gr137.tsp,helsgaun,187,helsgaun,187,69073.455686533445,69073.455686533445,69853
/Users/a/Ayanami/code/TSP/data/classic/tsplib/gr137.tsp,helsgaun,188,helsgaun,188,69073.455686807647,69073.455686807647,69853
/Users/a/Ayanami/code/TSP/data/classic/tsplib/gr137.tsp,helsgaun,189,helsgaun,189,69073.455686891073,69073.455686891073,69853
/Users/a/Ayanami/code/TSP/data/classic/tsplib/gr137.tsp,helsgaun,190,helsgaun,190,69073.455687040085,69073.455687040085,69853
/Users/a/Ayanami/code/TSP/data/classic/tsplib/gr137.tsp,helsgaun,191,helsgaun,191,69073.455687102687,69073.455687040085,69853
/Users/a/Ayanami/code/TSP/data/classic/tsplib/gr137.tsp,helsgaun,192,helsgaun,192,69073.455687212947,69073.455687212947,69853
/Users/a/Ayanami/code/TSP/data/classic/tsplib/gr137.tsp,hybrid,1,polyak,1,60096,60096,69853
/Users/a/Ayanami/code/TSP/data/classic/tsplib/gr137.tsp,hybrid,2,polyak,2,46637.680000000008,60096,69853
/Users/a/Ayanami/code/TSP/data/classic/tsplib/gr137.tsp,hybrid,3,polyak,3,54175.319310344836,60096,69853
/Users/a/Ayanami/code/TSP/data/classic/tsplib/gr137.tsp,hybrid,4,polyak,4,55417.507218390812,60096,69853
/Users/a/Ayanami/code/TSP/data/classic/tsplib/gr137.tsp,hybrid,5,polyak,5,56340.409899425307,60096,69853
/Users/a/Ayanami/code/TSP/data/classic/tsplib/gr137.tsp,hybrid,6,polyak,6,58146.834453707314,60096,69853
/Users/a/Ayanami/code/TSP/data/classic/tsplib/gr137.tsp,hybrid,7,polyak,7,57983.721856948854,60096,69853
/Users/a/Ayanami/code/TSP/data/classic/tsplib/gr137.tsp,hybrid,8,polyak,8,59664.553960659454,60096,69853
/Users/a/Ayanami/code/TSP/data/classic/tsplib/gr137.tsp,hybrid,9,polyak,9,58390.37529708918,60096,69853
/Users/a/Ayanami/code/TSP/data/classic/tsplib/gr137.tsp,hybrid,10,polyak,10,63265.811030032579,63265.811030032579,69853
/Users/a/Ayanami/code/TSP/data/classic/tsplib/gr137.tsp,hybrid,11,polyak,11,61933.385112235999,63265.811030032579,69853
/Users/a/Ayanami/code/TSP/data/classic/tsplib/gr137.tsp,hybrid,12,polyak,12,62453.181131364414,63265.811030032579,69853
/Users/a/Ayanami/code/TSP/data/classic/tsplib/gr137.tsp,hybrid,13,polyak,13,63954.519712708265,63954.519712708265,69853
/Users/a/Ayanami/code/TSP/data/classic/tsplib/gr137.tsp,hybrid,14,polyak,14,63864.640758289606,63954.519712708265,69853
/Users/a/Ayanami/code/TSP/data/classic/tsplib/gr137.tsp,hybrid,15,polyak,15,63274.293977495508,63954.519712708265,69853
/Users/a/Ayanami/code/TSP/data/classic/tsplib/gr137.tsp,hybrid,16,polyak,16,64439.142269293392,64439.142269293392,69853
/Users/a/Ayanami/code/TSP/data/classic/tsplib/gr137.tsp,hybrid,17,polyak,17,63974.268662710187,64439.142269293392,69853
/Users/a/Ayanami/code/TSP/data/classic/tsplib/gr137.tsp,hybrid,18,polyak,18,64338.215740278392,64439.142269293392,69853
/Users/a/Ayanami/code/TSP/data/classic/tsplib/gr137.tsp,hybrid,19,polyak,19,64208.54534530118,64439.142269293392,69853
/Users/a/Ayanami/code/TSP/data/classic/tsplib/gr137.tsp,hybrid,20,polyak,20,63628.829342627752,64439.142269293392,69853
/Users/a/Ayanami/code/TSP/data/classic/tsplib/gr137.tsp,hybrid,21,polyak,21,63950.566831849734,64439.142269293392,69853
/Users/a/Ayanami/code/TSP/data/classic/tsplib/gr137.tsp,hybrid,22,polyak,22,63055.866471366084,64439.142269293392,69853
/Users/a/Ayanami/code/TSP/data/classic/tsplib/gr137.tsp,hybrid,23,polyak,23,64540.118104199602,64540.118104199602,69853
/Users/a/Ayanami/code/TSP/data/classic/tsplib/gr137.tsp,hybrid,24,polyak,24,63522.109712273217,64540.118104199602,69853
/Users/a/Ayanami/code/TSP/data/classic/tsplib/gr137.tsp,hybrid,25,polyak,25,65354.354581108979,65354.354581108979,69853
/Users/a/Ayanami/code/TSP/data/classic/tsplib/gr137.tsp,hybrid,26,polyak,26,64137.080669309682,65354.354581108979,69853
/Users/a/Ayanami/code/TSP/data/classic/tsplib/gr137.tsp,hybrid,27,polyak,27,64114.433819931633,65354.354581108979,69853
/Users/a/Ayanami/code/TSP/data/classic/tsplib/gr137.tsp,hybrid,28,polyak,28,64339.77351759046,65354.354581108979,69853
/Users/a/Ayanami/code/TSP/data/classic/tsplib/gr137.tsp,hybrid,29,polyak,29,64958.115220108666,65354.354581108979,69853
/Users/a/Ayanami/code/TSP/data/classic/tsplib/gr137.tsp,hybrid,30,polyak,30,63285.587773586449,65354.354581108979,69853
/Users/a/Ayanami/code/TSP/data/classic/tsplib/gr137.tsp,hybrid,31,polyak,31,63984.687840090846,65354.354581108979,69853
/Users/a/Ayanami/code/TSP/data/classic/tsplib/gr137.tsp,hybrid,32,polyak,32,64208.296370425698,65354.354581108979,69853
/Users/a/Ayanami/code/TSP/data/classic/tsplib/gr137.tsp,hybrid,33,polyak,33,64637.487502240278,65354.354581108979,69853
/Users/a/Ayanami/code/TSP/data/classic/tsplib/gr137.tsp,hybrid,34,polyak,34,63433.858562535061,65354.354581108979,69853
/Users/a/Ayanami/code/TSP/data/classic/tsplib/gr137.tsp,hybrid,35,polyak,35,65730.171865094817,65730.171865094817,69853
/Users/a/Ayanami/code/TSP/data/classic/tsplib/gr137.tsp,hybrid,36,polyak,36,64837.775288627738,65730.171865094817,69853
/Users/a/Ayanami/code/TSP/data/classic/tsplib/gr137.tsp,hybrid,37,polyak,37,65231.021706798099,65730.171865094817,69853
/Users/a/Ayanami/code/TSP/data/classic/tsplib/gr137.tsp,hybrid,38,polyak,38,65610.429366393306,65730.171865094817,69853
/Users/a/Ayanami/code/TSP/data/classic/tsplib/gr137.tsp,hybrid,39,polyak,39,65251.781309405589,65730.171865094817,69853
/Users/a/Ayanami/code/TSP/data/classic/tsplib/gr137.tsp,hybrid,40,polyak,40,65061.192148552938,65730.171865094817,69853
/Users/a/Ayanami/code/TSP/data/classic/tsplib/gr137.tsp,hybrid,41,polyak,41,66018.729753176012,66018.729753176012,69853
/Users/a/Ayanami/code/TSP/data/classic/tsplib/gr137.tsp,hybrid,42,polyak,42,64350.343812380066,66018.729753176012,69853
/Users/a/Ayanami/code/TSP/data/classic/tsplib/gr137.tsp,hybrid,43,polyak,43,65451.386952366243,66018.729753176012,69853
/Users/a/Ayanami/code/TSP/data/classic/tsplib/gr137.tsp,hybrid,44,polyak,44,65144.132868023706,66018.729753176012,69853
/Users/a/Ayanami/code/TSP/data/classic/tsplib/gr137.tsp,hybrid,45,polyak,45,65496.655667303537,66018.729753176012,69853
/Users/a/Ayanami/code/TSP/data/classic/tsplib/gr137.tsp,hybrid,46,polyak,46,65498.428316759891,66018.729753176012,69853
/Users/a/Ayanami/code/TSP/data/classic/tsplib/gr137.tsp,hybrid,47,polyak,47,65343.457054459242,66018.729753176012,69853
/Users/a/Ayanami/code/TSP/data/classic/tsplib/gr137.tsp,hybrid,48,polyak,48,64012.512337743254,66018.729753176012,69853
/Users/a/Ayanami/code/TSP/data/classic/tsplib/gr137.tsp,hybrid,49,polyak,49,65131.39649032733,66018.729753176012,69853
/Users/a/Ayanami/code/TSP/data/classic/tsplib/gr137.tsp,hybrid,50,polyak,50,64639.985009849624,66018.729753176012,69853
/Users/a/Ayanami/code/TSP/data/classic/tsplib/gr137.tsp,hybrid,51,polyak,51,65247.71035476042,66018.729753176012,69853
/Users/a/Ayanami/code/TSP/data/classic/tsplib/gr137.tsp,hybrid,52,polyak,52,65228.407997740564,66018.729753176012,69853
/Users/a/Ayanami/code/TSP/data/classic/tsplib/gr137.tsp,hybrid,53,polyak,53,63639.84482387318,66018.729753176012,69853
/Users/a/Ayanami/code/TSP/data/classic/tsplib/gr137.tsp,hybrid,54,polyak,54,64849.274496293961,66018.729753176012,69853
/Users/a/Ayanami/code/TSP/data/classic/tsplib/gr137.tsp,hybrid,55,polyak,55,67115.707721737796,67115.707721737796,69853
/Users/a/Ayanami/code/TSP/data/classic/tsplib/gr137.tsp,hybrid,56,polyak,56,67581.670098870978,67581.670098870978,69853
/Users/a/Ayanami/code/TSP/data/classic/tsplib/gr137.tsp,hybrid,57,polyak,57,67563.890483331837,67581.670098870978,69853
/Users/a/Ayanami/code/TSP/data/classic/tsplib/gr137.tsp,hybrid,58,polyak,58,68153.103967762261,68153.103967762261,69853
/Users/a/Ayanami/code/TSP/data/classic/tsplib/gr137.tsp,hybrid,59,polyak,59,67850.253197354687,68153.103967762261,69853
/Users/a/Ayanami/code/TSP/data/classic/tsplib/gr137.tsp,hybrid,60,polyak,60,68037.668587740278,68153.103967762261,69853
/Users/a/Ayanami/code/TSP/data/classic/tsplib/gr137.tsp,hybrid,61,polyak,61,68243.805428837732,68243.805428837732,69853
/Users/a/Ayanami/code/TSP/data/classic/tsplib/gr137.tsp,hybrid,62,polyak,62,67914.152395596364,68243.805428837732,69853
/Users/a/Ayanami/code/TSP/data/classic/tsplib/gr137.tsp,hybrid,63,polyak,63,67838.231634169249,68243.805428837732,69853
/Users/a/Ayanami/code/TSP/data/classic/tsplib/gr137.tsp,hybrid,64,polyak,64,68195.387717909456,68243.805428837732,69853
/Users/a/Ayanami/code/TSP/data/classic/tsplib/gr137.tsp,hybrid,65,polyak,65,67896.523925813177,68243.805428837732,69853
/Users/a/Ayanami/code/TSP/data/classic/tsplib/gr137.tsp,hybrid,66,polyak,66,67923.456250391639,68243.805428837732,69853
/Users/a/Ayanami/code/TSP/data/classic/tsplib/gr137.tsp,hybrid,67,polyak,67,68312.775048809664,68312.775048809664,69853
/Users/a/Ayanami/code/TSP/data/classic/tsplib/gr137.tsp,hybrid,68,polyak,68,67816.862928925038,68312.775048809664,69853
/Users/a/Ayanami/code/TSP/data/classic/tsplib/gr137.tsp,hybrid,69,polyak,69,68285.955719006408,68312.775048809664,69853
/Users/a/Ayanami/code/TSP/data/classic/tsplib/gr137.tsp,hybrid,70,polyak,70,67759.465799646452,68312.775048809664,69853
/Users/a/Ayanami/code/TSP/data/classic/tsplib/gr137.tsp,hybrid,71,polyak,71,67997.83028978105,68312.775048809664,69853
/Users/a/Ayanami/code/TSP/data/classic/tsplib/gr137.tsp,hybrid,72,polyak,72,68137.39985494467,68312.775048809664,69853
/Users/a/Ayanami/code/TSP/data/classic/tsplib/gr137.tsp,hybrid,73,polyak,73,68131.603098599051,68312.775048809664,69853
/Users/a/Ayanami/code/TSP/data/classic/tsplib/gr137.tsp,hybrid,74,polyak,74,67795.914872547452,68312.775048809664,69853
/Users/a/Ayanami/code/TSP/data/classic/tsplib/gr137.tsp,hybrid,75,polyak,75,68165.467116875996,68312.775048809664,69853
/Users/a/Ayanami/code/TSP/data/classic/tsplib/gr137.tsp,hybrid,76,polyak,76,68167.508489011612,68312.775048809664,69853
/Users/a/Ayanami/code/TSP/data/classic/tsplib/gr137.tsp,hybrid,77,polyak,77,68269.857717329767,68312.775048809664,69853
/Users/a/Ayanami/code/TSP/data/classic/tsplib/gr137.tsp,hybrid,78,polyak,78,67623.590319423034,68312.775048809664,69853
/Users/a/Ayanami/code/TSP/data/classic/tsplib/gr137.tsp,hybrid,79,polyak,79,68257.199325667752,68312.775048809664,69853
/Users/a/Ayanami/code/TSP/data/classic/tsplib/gr137.tsp,hybrid,80,polyak,80,67934.300061182774,68312.775048809664,69853
/Users/a/Ayanami/code/TSP/data/classic/tsplib/gr137.tsp,hybrid,81,polyak,81,68437.063623632886,68437.063623632886,69853
/Users/a/Ayanami/code/TSP/data/classic/tsplib/gr137.tsp,hybrid,82,polyak,82,68539.243865793833,68539.243865793833,69853
/Users/a/Ayanami/code/TSP/data/classic/tsplib/gr137.tsp,hybrid,83,polyak,83,68592.884267607995,68592.884267607995,69853
/Users/a/Ayanami/code/TSP/data/classic/tsplib/gr137.tsp,hybrid,84,polyak,84,68605.412056527479,68605.412056527479,69853
/Users/a/Ayanami/code/TSP/data/classic/tsplib/gr137.tsp,hybrid,85,polyak,85,68618.864620667009,68618.864620667009,69853
/Users/a/Ayanami/code/TSP/data/classic/tsplib/gr137.tsp,hybrid,86,polyak,86,68687.970296909218,68687.970296909218,69853
/Users/a/Ayanami/code/TSP/data/classic/tsplib/gr137.tsp,hybrid,87,polyak,87,68738.178947870561,68738.178947870561,69853
/Users/a/Ayanami/code/TSP/data/classic/tsplib/gr137.tsp,hybrid,88,polyak,88,68622.84630815791,68738.178947870561,69853
/Users/a/Ayanami/code/TSP/data/classic/tsplib/gr137.tsp,hybrid,89,polyak,89,68484.270342967327,68738.178947870561,69853
/Users/a/Ayanami/code/TSP/data/classic/tsplib/gr137.tsp,hybrid,90,polyak,90,68768.669252699896,68768.669252699896,69853
/Users/a/Ayanami/code/TSP/data/classic/tsplib/gr137.tsp,hybrid,91,polyak,91,68609.296873549567,68768.669252699896,69853
/Users/a/Ayanami/code/TSP/data/classic/tsplib/gr137.tsp,hybrid,92,polyak,92,68679.858377062395,68768.669252699896,69853
/Users/a/Ayanami/code/TSP/data/classic/tsplib/gr137.tsp,hybrid,93,polyak,93,68761.172231709774,68768.669252699896,69853
/Users/a/Ayanami/code/TSP/data/classic/tsplib/gr137.tsp,hybrid,94,polyak,94,68522.804459718318,68768.669252699896,69853
/Users/a/Ayanami/code/TSP/data/classic/tsplib/gr137.tsp,hybrid,95,polyak,95,68654.409191121435,68768.669252699896,69853
/Users/a/Ayanami/code/TSP/data/classic/tsplib/gr137.tsp,hybrid,96,polyak,96,68518.980127252871,68768.669252699896,69853
/Users/a/Ayanami/code/TSP/data/classic/tsplib/gr137.tsp,hybrid,97,polyak,97,68540.768386259006,68768.669252699896,69853
/Users/a/Ayanami/code/TSP/data/classic/tsplib/gr137.tsp,hybrid,98,polyak,98,68703.923524961967,68768.669252699896,69853
/Users/a/Ayanami/code/TSP/data/classic/tsplib/gr137.tsp,hybrid,99,polyak,99,68590.198552728441,68768.669252699896,69853
/Users/a/Ayanami/code/TSP/data/classic/tsplib/gr137.tsp,hybrid,100,polyak,100,68621.913743274505,68768.669252699896,69853
/Users/a/Ayanami/code/TSP/data/classic/tsplib/gr137.tsp,hybrid,101,polyak,101,68766.153725801065,68768.669252699896,69853
/Users/a/Ayanami/code/TSP/data/classic/tsplib/gr137.tsp,hybrid,102,polyak,102,68591.140218647037,68768.669252699896,69853
/Users/a/Ayanami/code/TSP/data/classic/tsplib/gr137.tsp,hybrid,103,polyak,103,68752.563388054405,68768.669252699896,69853
/Users/a/Ayanami/code/TSP/data/classic/tsplib/gr137.tsp,hybrid,104,polyak,104,68847.152483639904,68847.152483639904,69853
/Users/a/Ayanami/code/TSP/data/classic/tsplib/gr137.tsp,hybrid,105,polyak,105,68833.10398007906,68847.152483639904,69853
/Users/a/Ayanami/code/TSP/data/classic/tsplib/gr137.tsp,hybrid,106,polyak,106,68907.772843841478,68907.772843841478,69853
/Users/a/Ayanami/code/TSP/data/classic/tsplib/gr137.tsp,hybrid,107,polyak,107,68873.906465058899,68907.772843841478,69853
/Users/a/Ayanami/code/TSP/data/classic/tsplib/gr137.tsp,hybrid,108,polyak,108,68874.585245733033,68907.772843841478,69853
/Users/a/Ayanami/code/TSP/data/classic/tsplib/gr137.tsp,hybrid,109,polyak,109,68864.206738980953,68907.772843841478,69853
/Users/a/Ayanami/code/TSP/data/classic/tsplib/gr137.tsp,hybrid,110,polyak,110,68934.757056847622,68934.757056847622,69853
/Users/a/Ayanami/code/TSP/data/classic/tsplib/gr137.tsp,hybrid,111,polyak,111,68784.22438396349,68934.757056847622,69853
/Users/a/Ayanami/code/TSP/data/classic/tsplib/gr137.tsp,hybrid,112,polyak,112,68953.789378857473,68953.789378857473,69853
/Users/a/Ayanami/code/TSP/data/classic/tsplib/gr137.tsp,hybrid,113,polyak,113,68882.437282956525,68953.789378857473,69853
/Users/a/Ayanami/code/TSP/data/classic/tsplib/gr137.tsp,hybrid,114,polyak,114,68926.740045875122,68953.789378857473,69853
/Users/a/Ayanami/code/TSP/data/classic/tsplib/gr137.tsp,hybrid,115,polyak,115,68907.840315600362,68953.789378857473,69853
/Users/a/Ayanami/code/TSP/data/classic/tsplib/gr137.tsp,hybrid,116,polyak,116,68892.784662675505,68953.789378857473,69853
/Users/a/Ayanami/code/TSP/data/classic/tsplib/gr137.tsp,hybrid,117,polyak,117,68913.126212962597,68953.789378857473,69853
/Users/a/Ayanami/code/TSP/data/classic/tsplib/gr137.tsp,hybrid,118,polyak,118,68942.375463295597,68953.789378857473,69853
/Users/a/Ayanami/code/TSP/data/classic/tsplib/gr137.tsp,hybrid,119,polyak,119,68871.110673874107,68953.789378857473,69853
/Users/a/Ayanami/code/TSP/data/classic/tsplib/gr137.tsp,hybrid,120,polyak,120,68890.296322211376,68953.789378857473,69853
/Users/a/Ayanami/code/TSP/data/classic/tsplib/gr137.tsp,hybrid,121,polyak,121,68865.871336488068,68953.789378857473,69853
/Users/a/Ayanami/code/TSP/data/classic/tsplib/gr137.tsp,hybrid,122,polyak,122,68900.337468298443,68953.789378857473,69853
/Users/a/Ayanami/code/TSP/data/classic/tsplib/gr137.tsp,hybrid,123,polyak,123,68914.774701963106,68953.789378857473,69853
/Users/a/Ayanami/code/TSP/data/classic/tsplib/gr137.tsp,hybrid,124,polyak,124,68874.942988305338,68953.789378857473,69853
/Users/a/Ayanami/code/TSP/data/classic/tsplib/gr137.tsp,hybrid,125,polyak,125,68936.975883636958,68953.789378857473,69853
/Users/a/Ayanami/code/TSP/data/classic/tsplib/gr137.tsp,hybrid,126,polyak,126,68989.301457625043,68989.301457625043,69853
/Users/a/Ayanami/code/TSP/data/classic/tsplib/gr137.tsp,hybrid,127,polyak,127,68987.35960242842,68989.301457625043,69853
/Users/a/Ayanami/code/TSP/data/classic/tsplib/gr137.tsp,hybrid,128,polyak,128,69000.693538466687,69000.693538466687,69853
/Users/a/Ayanami/code/TSP/data/classic/tsplib/gr137.tsp,hybrid,129,polyak,129,68981.759177578395,69000.693538466687,69853
/Users/a/Ayanami/code/TSP/data/classic/tsplib/gr137.tsp,hybrid,130,polyak,130,68984.460024775646,69000.693538466687,69853
/Users/a/Ayanami/code/TSP/data/classic/tsplib/gr137.tsp,hybrid,131,polyak,131,68995.050261131124,69000.693538466687,69853
/Users/a/Ayanami/code/TSP/data/classic/tsplib/gr137.tsp,hybrid,132,polyak,132,68978.932250147845,69000.693538466687,69853
/Users/a/Ayanami/code/TSP/data/classic/tsplib/gr137.tsp,hybrid,133,polyak,133,69027.464086950014,69027.464086950014,69853
/Users/a/Ayanami/code/TSP/data/classic/tsplib/gr137.tsp,hybrid,134,polyak,134,68935.400249392565,69027.464086950014,69853
/Users/a/Ayanami/code/TSP/data/classic/tsplib/gr137.tsp,hybrid,135,polyak,135,69018.158746300454,69027.464086950014,69853
/Users/a/Ayanami/code/TSP/data/classic/tsplib/gr137.tsp,hybrid,136,polyak,136,68960.003597212082,69027.464086950014,69853
/Users/a/Ayanami/code/TSP/data/classic/tsplib/gr137.tsp,hybrid,137,polyak,137,69043.577972853323,69043.577972853323,69853
/Users/a/Ayanami/code/TSP/data/classic/tsplib/gr137.tsp,hybrid,138,polyak,138,68934.165474506677,69043.577972853323,69853
/Users/a/Ayanami/code/TSP/data/classic/tsplib/gr137.tsp,hybrid,139,polyak,139,68990.827499880063,69043.577972853323,69853
/Users/a/Ayanami/code/TSP/data/classic/tsplib/gr137.tsp,hybrid,140,polyak,140,69019.873779531044,69043.577972853323,69853
/Users/a/Ayanami/code/TSP/data/classic/tsplib/gr137.tsp,hybrid,141,polyak,141,68965.031187997738,69043.577972853323,69853
/Users/a/Ayanami/code/TSP/data/classic/tsplib/gr137.tsp,hybrid,142,polyak,142,69040.692779456396,69043.577972853323,69853
/Users/a/Ayanami/code/TSP/data/classic/tsplib/gr137.tsp,hybrid,143,polyak,143,68949.036542996415,69043.577972853323,69853
/Users/a/Ayanami/code/TSP/data/classic/tsplib/gr137.tsp,hybrid,144,polyak,144,69026.515451907777,69043.577972853323,69853
/Users/a/Ayanami/code/TSP/data/classic/tsplib/gr137.tsp,hybrid,145,polyak,145,68979.733278156709,69043.577972853323,69853
/Users/a/Ayanami/code/TSP/data/classic/tsplib/gr137.tsp,hybrid,146,polyak,146,68990.090296589478,69043.577972853323,69853
/Users/a/Ayanami/code/TSP/data/classic/tsplib/gr137.tsp,hybrid,147,polyak,147,69003.267271879726,69043.577972853323,69853
/Users/a/Ayanami/code/TSP/data/classic/tsplib/gr137.tsp,hybrid,148,polyak,148,69014.745953081423,69043.577972853323,69853
/Users/a/Ayanami/code/TSP/data/classic/tsplib/gr137.tsp,hybrid,149,polyak,149,69004.557171759894,69043.577972853323,69853
/Users/a/Ayanami/code/TSP/data/classic/tsplib/gr137.tsp,hybrid,150,polyak,150,68992.965807148299,69043.577972853323,69853
/Users/a/Ayanami/code/TSP/data/classic/tsplib/gr137.tsp,hybrid,151,polyak,151,69059.40472890329,69059.40472890329,69853
/Users/a/Ayanami/code/TSP/data/classic/tsplib/gr137.tsp,hybrid,152,polyak,152,69053.352943648366,69059.40472890329,69853
/Users/a/Ayanami/code/TSP/data/classic/tsplib/gr137.tsp,hybrid,153,polyak,153,69061.556289906701,69061.556289906701,69853
/Users/a/Ayanami/code/TSP/data/classic/tsplib/gr137.tsp,hybrid,154,polyak,154,69050.661137938296,69061.556289906701,69853
/Users/a/Ayanami/code/TSP/data/classic/tsplib/gr137.tsp,hybrid,155,polyak,155,69059.192896007211,69061.556289906701,69853
/Users/a/Ayanami/code/TSP/data/classic/tsplib/gr137.tsp,hybrid,156,polyak,156,69054.237736713985,69061.556289906701,69853
/Users/a/Ayanami/code/TSP/data/classic/tsplib/gr137.tsp,hybrid,157,polyak,157,69045.042552976854,69061.556289906701,69853
/Users/a/Ayanami/code/TSP/data/classic/tsplib/gr137.tsp,hybrid,158,polyak,158,69051.186981670719,69061.556289906701,69853
/Users/a/Ayanami/code/TSP/data/classic/tsplib/gr137.tsp,hybrid,159,polyak,159,69052.275585030715,69061.556289906701,69853
/Users/a/Ayanami/code/TSP/data/classic/tsplib/gr137.tsp,hybrid,160,polyak,160,69051.814206123629,69061.556289906701,69853
/Users/a/Ayanami/code/TSP/data/classic/tsplib/gr137.tsp,hybrid,161,polyak,161,69066.289911453801,69066.289911453801,69853
/Users/a/Ayanami/code/TSP/data/classic/tsplib/gr137.tsp,hybrid,162,polyak,162,69061.877317842111,69066.289911453801,69853
/Users/a/Ayanami/code/TSP/data/classic/tsplib/gr137.tsp,hybrid,163,polyak,163,69050.449716455129,69066.289911453801,69853
/Users/a/Ayanami/code/TSP/data/classic/tsplib/gr137.tsp,hybrid,164,polyak,164,69058.153075417242,69066.289911453801,69853
/Users/a/Ayanami/code/TSP/data/classic/tsplib/gr137.tsp,hybrid,165,polyak,165,69055.207052832237,69066.289911453801,69853
/Users/a/Ayanami/code/TSP/data/classic/tsplib/gr137.tsp,hybrid,166,polyak,166,69057.688466841239,69066.289911453801,69853
/Users/a/Ayanami/code/TSP/data/classic/tsplib/gr137.tsp,hybrid,167,polyak,167,69061.369627320033,69066.289911453801,69853
/Users/a/Ayanami/code/TSP/data/classic/tsplib/gr137.tsp,hybrid,168,polyak,168,69045.942726709691,69066.289911453801,69853
/Users/a/Ayanami/code/TSP/data/classic/tsplib/gr137.tsp,hybrid,169,polyak,169,69073.049469194695,69073.049469194695,69853
/Users/a/Ayanami/code/TSP/data/classic/tsplib/gr137.tsp,hybrid,170,polyak,170,69053.8318423889,69073.049469194695,69853
/Users/a/Ayanami/code/TSP/data/classic/tsplib/gr137.tsp,hybrid,171,polyak,171,69053.381671551164,69073.049469194695,69853
/Users/a/Ayanami/code/TSP/data/classic/tsplib/gr137.tsp,hybrid,172,polyak,172,69067.15394628988,69073.049469194695,69853
/Users/a/Ayanami/code/TSP/data/classic/tsplib/gr137.tsp,hybrid,173,polyak,173,69040.326788686405,69073.049469194695,69853
/Users/a/Ayanami/code/TSP/data/classic/tsplib/gr137.tsp,hybrid,174,polyak,174,69083.090002078621,69083.090002078621,69853
/Users/a/Ayanami/code/TSP/data/classic/tsplib/gr137.tsp,hybrid,175,polyak,175,69042.549791626021,69083.090002078621,69853
/Users/a/Ayanami/code/TSP/data/classic/tsplib/gr137.tsp,hybrid,176,polyak,176,69072.433748018317,69083.090002078621,69853
/Users/a/Ayanami/code/TSP/data/classic/tsplib/gr137.tsp,hybrid,177,polyak,177,69045.575665485303,69083.090002078621,69853
/Users/a/Ayanami/code/TSP/data/classic/tsplib/gr137.tsp,hybrid,178,polyak,178,69080.96074156207,69083.090002078621,69853
/Users/a/Ayanami/code/TSP/data/classic/tsplib/gr137.tsp,hybrid,179,polyak,179,69039.12811566134,69083.090002078621,69853
/Users/a/Ayanami/code/TSP/data/classic/tsplib/gr137.tsp,hybrid,180,polyak,180,69061.496802244917,69083.090002078621,69853
/Users/a/Ayanami/code/TSP/data/classic/tsplib/gr137.tsp,hybrid,181,polyak,181,69054.209593968044,69083.090002078621,69853
/Users/a/Ayanami/code/TSP/data/classic/tsplib/gr137.tsp,hybrid,182,polyak,182,69065.926860037827,69083.090002078621,69853
/Users/a/Ayanami/code/TSP/data/classic/tsplib/gr137.tsp,hybrid,183,polyak,183,69051.564861308667,69083.090002078621,69853
/Users/a/Ayanami/code/TSP/data/classic/tsplib/gr137.tsp,hybrid,184,polyak,184,69049.811226781414,69083.090002078621,69853
/Users/a/Ayanami/code/TSP/data/classic/tsplib/gr137.tsp,hybrid,185,polyak,185,69072.033555340633,69083.090002078621,69853
/Users/a/Ayanami/code/TSP/data/classic/tsplib/gr137.tsp,hybrid,186,polyak,186,69054.278696377383,69083.090002078621,69853
/Users/a/Ayanami/code/TSP/data/classic/tsplib/gr137.tsp,hybrid,187,polyak,187,69079.3565723996,69083.090002078621,69853
/Users/a/Ayanami/code/TSP/data/classic/tsplib/gr137.tsp,hybrid,188,polyak,188,69065.82071950812,69083.090002078621,69853
/Users/a/Ayanami/code/TSP/data/classic/tsplib/gr137.tsp,hybrid,189,polyak,189,69092.862178171476,69092.862178171476,69853
/Users/a/Ayanami/code/TSP/data/classic/tsplib/gr137.tsp,hybrid,190,polyak,190,69077.536734834808,69092.862178171476,69853
/Users/a/Ayanami/code/TSP/data/classic/tsplib/gr137.tsp,hybrid,191,polyak,191,69084.496368199121,69092.862178171476,69853
/Users/a/Ayanami/code/TSP/data/classic/tsplib/gr137.tsp,hybrid,192,polyak,192,69074.989075805279,69092.862178171476,69853
/Users/a/Ayanami/code/TSP/data/classic/tsplib/gr137.tsp,hybrid,193,polyak,193,69092.064089359279,69092.862178171476,69853
/Users/a/Ayanami/code/TSP/data/classic/tsplib/gr137.tsp,hybrid,194,polyak,194,69073.769604501795,69092.862178171476,69853
/Users/a/Ayanami/code/TSP/data/classic/tsplib/gr137.tsp,hybrid,195,polyak,195,69091.729767620505,69092.862178171476,69853
/Users/a/Ayanami/code/TSP/data/classic/tsplib/gr137.tsp,hybrid,196,polyak,196,69072.861674730229,69092.862178171476,69853
/Users/a/Ayanami/code/TSP/data/classic/tsplib/gr137.tsp,hybrid,197,polyak,197,69096.013520003035,69096.013520003035,69853
/Users/a/Ayanami/code/TSP/data/classic/tsplib/gr137.tsp,hybrid,198,polyak,198,69074.936002247152,69096.013520003035,69853
/Users/a/Ayanami/code/TSP/data/classic/tsplib/gr137.tsp,hybrid,199,polyak,199,69087.42628947433,69096.013520003035,69853
/Users/a/Ayanami/code/TSP/data/classic/tsplib/gr137.tsp,hybrid,200,polyak,200,69085.413294444894,69096.013520003035,69853
/Users/a/Ayanami/code/TSP/data/classic/tsplib/gr137.tsp,hybrid,201,polyak,201,69078.966406299252,69096.013520003035,69853
/Users/a/Ayanami/code/TSP/data/classic/tsplib/gr137.tsp,hybrid,202,polyak,202,69089.369793547579,69096.013520003035,69853
/Users/a/Ayanami/code/TSP/data/classic/tsplib/gr137.tsp,hybrid,203,polyak,203,69079.677444117769,69096.013520003035,69853
/Users/a/Ayanami/code/TSP/data/classic/tsplib/gr137.tsp,hybrid,204,polyak,204,69095.796878168083,69096.013520003035,69853
/Users/a/Ayanami/code/TSP/data/classic/tsplib/gr137.tsp,hybrid,205,polyak,205,69074.592966695636,69096.013520003035,69853
/Users/a/Ayanami/code/TSP/data/classic/tsplib/gr137.tsp,hybrid,206,polyak,206,69090.017263052447,69096.013520003035,69853
/Users/a/Ayanami/code/TSP/data/classic/tsplib/gr137.tsp,hybrid,207,polyak,207,69080.643038124719,69096.013520003035,69853
/Users/a/Ayanami/code/TSP/data/classic/tsplib/gr137.tsp,hybrid,208,polyak,208,69094.016671023812,69096.013520003035,69853
/Users/a/Ayanami/code/TSP/data/classic/tsplib/gr137.tsp,hybrid,209,polyak,209,69076.000950177622,69096.013520003035,69853
/Users/a/Ayanami/code/TSP/data/classic/tsplib/gr137.tsp,hybrid,210,polyak,210,69093.802658291315,69096.013520003035,69853
/Users/a/Ayanami/code/TSP/data/classic/tsplib/gr137.tsp,hybrid,211,polyak,211,69094.532019037768,69096.013520003035,69853
/Users/a/Ayanami/code/TSP/data/classic/tsplib/gr137.tsp,hybrid,212,polyak,212,69097.604447506281,69097.604447506281,69853
/Users/a/Ayanami/code/TSP/data/classic/tsplib/gr137.tsp,hybrid,213,polyak,213,69091.25026606585,69097.604447506281,69853
/Users/a/Ayanami/code/TSP/data/classic/tsplib/gr137.tsp,hybrid,214,polyak,214,69097.428000367581,69097.604447506281,69853
/Users/a/Ayanami/code/TSP/data/classic/tsplib/gr137.tsp,hybrid,215,polyak,215,69095.356920790029,69097.604447506281,69853
/Users/a/Ayanami/code/TSP/data/classic/tsplib/gr137.tsp,hybrid,216,polyak,216,69098.347557777495,69098.347557777495,69853
/Users/a/Ayanami/code/TSP/data/classic/tsplib/gr137.tsp,hybrid,217,polyak,217,69091.445167772443,69098.347557777495,69853
/Users/a/Ayanami/code/TSP/data/classic/tsplib/gr137.tsp,hybrid,218,polyak,218,69097.898119859383,69098.347557777495,69853
/Users/a/Ayanami/code/TSP/data/classic/tsplib/gr137.tsp,hybrid,219,polyak,219,69094.046949194817,69098.347557777495,69853
/Users/a/Ayanami/code/TSP/data/classic/tsplib/gr137.tsp,hybrid,220,polyak,220,69099.518640888724,69099.518640888724,69853
/Users/a/Ayanami/code/TSP/data/classic/tsplib/gr137.tsp,hybrid,221,polyak,221,69098.057805138073,69099.518640888724,69853
/Users/a/Ayanami/code/TSP/data/classic/tsplib/gr137.tsp,hybrid,222,polyak,222,69096.524022133221,69099.518640888724,69853
/Users/a/Ayanami/code/TSP/data/classic/tsplib/gr137.tsp,hybrid,223,polyak,223,69099.725152649728,69099.725152649728,69853
/Users/a/Ayanami/code/TSP/data/classic/tsplib/gr137.tsp,hybrid,224,polyak,224,69089.654661099208,69099.725152649728,69853
/Users/a/Ayanami/code/TSP/data/classic/tsplib/gr137.tsp,hybrid,225,polyak,225,69100.361056454029,69100.361056454029,69853
/Users/a/Ayanami/code/TSP/data/classic/tsplib/gr137.tsp,hybrid,226,polyak,226,69096.346376493588,69100.361056454029,69853
/Users/a/Ayanami/code/TSP/data/classic/tsplib/gr137.tsp,hybrid,227,polyak,227,69100.301174574168,69100.361056454029,69853
/Users/a/Ayanami/code/TSP/data/classic/tsplib/gr137.tsp,hybrid,228,polyak,228,69093.217060469251,69100.361056454029,69853
/Users/a/Ayanami/code/TSP/data/classic/tsplib/gr137.tsp,hybrid,229,polyak,229,69102.093385955814,69102.093385955814,69853
/Users/a/Ayanami/code/TSP/data/classic/tsplib/gr137.tsp,hybrid,230,polyak,230,69090.100044040533,69102.093385955814,69853
/Users/a/Ayanami/code/TSP/data/classic/tsplib/gr137.tsp,hybrid,231,polyak,231,69101.117277319529,69102.093385955814,69853
/Users/a/Ayanami/code/TSP/data/classic/tsplib/gr137.tsp,hybrid,232,polyak,232,69091.676314885321,69102.093385955814,69853
/Users/a/Ayanami/code/TSP/data/classic/tsplib/gr137.tsp,hybrid,233,polyak,233,69100.911333086144,69102.093385955814,69853
/Users/a/Ayanami/code/TSP/data/classic/tsplib/gr137.tsp,hybrid,234,polyak,234,69094.370126647991,69102.093385955814,69853
/Users/a/Ayanami/code/TSP/data/classic/tsplib/gr137.tsp,hybrid,235,polyak,235,69100.570497335459,69102.093385955814,69853
/Users/a/Ayanami/code/TSP/data/classic/tsplib/gr137.tsp,hybrid,236,polyak,236,69098.126616273163,69102.093385955814,69853
/Users/a/Ayanami/code/TSP/data/classic/tsplib/gr137.tsp,hybrid,237,polyak,237,69101.424114002351,69102.093385955814,69853
/Users/a/Ayanami/code/TSP/data/classic/tsplib/gr137.tsp,hybrid,238,polyak,238,69098.866945233109,69102.093385955814,69853
/Users/a/Ayanami/code/TSP/data/classic/tsplib/gr137.tsp,hybrid,239,polyak,239,69102.046686216097,69102.093385955814,69853
/Users/a/Ayanami/code/TSP/data/classic/tsplib/gr137.tsp,hybrid,240,polyak,240,69096.686872289574,69102.093385955814,69853
/Users/a/Ayanami/code/TSP/data/classic/tsplib/gr137.tsp,hybrid,241,polyak,241,69101.479197196939,69102.093385955814,69853
/Users/a/Ayanami/code/TSP/data/classic/tsplib/gr137.tsp,hybrid,242,polyak,242,69099.720154513925,69102.093385955814,69853
/Users/a/Ayanami/code/TSP/data/classic/tsplib/gr137.tsp,hybrid,243,polyak,243,69104.903785642236,69104.903785642236,69853
/Users/a/Ayanami/code/TSP/data/classic/tsplib/gr137.tsp,hybrid,244,polyak,244,69102.918832814088,69104.903785642236,69853
/Users/a/Ayanami/code/TSP/data/classic/tsplib/gr137.tsp,hybrid,245,polyak,245,69104.027675279533,69104.903785642236,69853
/Users/a/Ayanami/code/TSP/data/classic/tsplib/gr137.tsp,hybrid,246,polyak,246,69102.591814583662,69104.903785642236,69853
/Users/a/Ayanami/code/TSP/data/classic/tsplib/gr137.tsp,hybrid,247,polyak,247,69105.891668546785,69105.891668546785,69853
/Users/a/Ayanami/code/TSP/data/classic/tsplib/gr137.tsp,hybrid,248,polyak,248,69104.050422772954,69105.891668546785,69853
/Users/a/Ayanami/code/TSP/data/classic/tsplib/gr137.tsp,hybrid,249,polyak,249,69104.279137307094,69105.891668546785,69853
/Users/a/Ayanami/code/TSP/data/classic/tsplib/gr137.tsp,hybrid,250,polyak,250,69103.402025818985,69105.891668546785,69853
/Users/a/Ayanami/code/TSP/data/classic/tsplib/gr137.tsp,hybrid,251,polyak,251,69106.581633045018,69106.581633045018,69853
/Users/a/Ayanami/code/TSP/data/classic/tsplib/gr137.tsp,hybrid,252,polyak,252,69101.500888278708,69106.581633045018,69853
/Users/a/Ayanami/code/TSP/data/classic/tsplib/gr137.tsp,hybrid,253,polyak,253,69105.88307013204,69106.581633045018,69853
/Users/a/Ayanami/code/TSP/data/classic/tsplib/gr137.tsp,hybrid,254,polyak,254,69104.365672295127,69106.581633045018,69853
/Users/a/Ayanami/code/TSP/data/classic/tsplib/gr137.tsp,hybrid,255,polyak,255,69103.706123828,69106.581633045018,69853
/Users/a/Ayanami/code/TSP/data/classic/tsplib/gr137.tsp,hybrid,256,polyak,256,69106.450400182192,69106.581633045018,69853
/Users/a/Ayanami/code/TSP/data/classic/tsplib/gr137.tsp,hybrid,257,polyak,257,69101.913006046932,69106.581633045018,69853
/Users/a/Ayanami/code/TSP/data/classic/tsplib/gr137.tsp,hybrid,258,polyak,258,69107.019911348587,69107.019911348587,69853
/Users/a/Ayanami/code/TSP/data/classic/tsplib/gr137.tsp,hybrid,259,polyak,259,69101.175440363178,69107.019911348587,69853
/Users/a/Ayanami/code/TSP/data/classic/tsplib/gr137.tsp,hybrid,260,polyak,260,69105.641417911902,69107.019911348587,69853
/Users/a/Ayanami/code/TSP/data/classic/tsplib/gr137.tsp,hybrid,261,polyak,261,69103.857075993947,69107.019911348587,69853
/Users/a/Ayanami/code/TSP/data/classic/tsplib/gr137.tsp,hybrid,262,polyak,262,69106.887246048456,69107.019911348587,69853
/Users/a/Ayanami/code/TSP/data/classic/tsplib/gr137.tsp,hybrid,263,polyak,263,69103.104742695446,69107.019911348587,69853
/Users/a/Ayanami/code/TSP/data/classic/tsplib/gr137.tsp,hybrid,264,polyak,264,69106.351210320659,69107.019911348587,69853
/Users/a/Ayanami/code/TSP/data/classic/tsplib/gr137.tsp,hybrid,265,polyak,265,69103.761387490624,69107.019911348587,69853
/Users/a/Ayanami/code/TSP/data/classic/tsplib/gr137.tsp,hybrid,266,polyak,266,69107.575027886342,69107.575027886342,69853
/Users/a/Ayanami/code/TSP/data/classic/tsplib/gr137.tsp,hybrid,267,polyak,267,69101.388800221554,69107.575027886342,69853
/Users/a/Ayanami/code/TSP/data/classic/tsplib/gr137.tsp,hybrid,268,polyak,268,69105.802421095985,69107.575027886342,69853
/Users/a/Ayanami/code/TSP/data/classic/tsplib/gr137.tsp,hybrid,269,polyak,269,69104.955582966359,69107.575027886342,69853
/Users/a/Ayanami/code/TSP/data/classic/tsplib/gr137.tsp,hybrid,270,polyak,270,69106.516228025648,69107.575027886342,69853
/Users/a/Ayanami/code/TSP/data/classic/tsplib/gr137.tsp,hybrid,271,polyak,271,69104.845627047078,69107.575027886342,69853
/Users/a/Ayanami/code/TSP/data/classic/tsplib/gr137.tsp,hybrid,272,polyak,272,69106.117636974595,69107.575027886342,69853
/Users/a/Ayanami/code/TSP/data/classic/tsplib/gr137.tsp,hybrid,273,polyak,273,69104.952838457786,69107.575027886342,69853
/Users/a/Ayanami/code/TSP/data/classic/tsplib/gr137.tsp,hybrid,274,polyak,274,69106.084449156784,69107.575027886342,69853
/Users/a/Ayanami/code/TSP/data/classic/tsplib/gr137.tsp,hybrid,275,polyak,275,69103.433087158133,69107.575027886342,69853
/Users/a/Ayanami/code/TSP/data/classic/tsplib/gr137.tsp,hybrid,276,polyak,276,69106.999752741642,69107.575027886342,69853
/Users/a/Ayanami/code/TSP/data/classic/tsplib/gr137.tsp,hybrid,277,polyak,277,69105.432484372737,69107.575027886342,69853
/Users/a/Ayanami/code/TSP/data/classic/tsplib/gr137.tsp,hybrid,278,polyak,278,69106.059139383608,69107.575027886342,69853
/Users/a/Ayanami/code/TSP/data/classic/tsplib/gr137.tsp,hybrid,279,polyak,279,69105.120398481435,69107.575027886342,69853
/Users/a/Ayanami/code/TSP/data/classic/tsplib/gr137.tsp,hybrid,280,polyak,280,69108.961994386715,69108.961994386715,69853
/Users/a/Ayanami/code/TSP/data/classic/tsplib/gr137.tsp,hybrid,281,polyak,281,69105.767828183423,69108.961994386715,69853
/Users/a/Ayanami/code/TSP/data/classic/tsplib/gr137.tsp,hybrid,282,polyak,282,69108.536426367413,69108.961994386715,69853
/Users/a/Ayanami/code/TSP/data/classic/tsplib/gr137.tsp,hybrid,283,polyak,283,69106.993469622321,69108.961994386715,69853
/Users/a/Ayanami/code/TSP/data/classic/tsplib/gr137.tsp,hybrid,284,polyak,284,69108.772114252744,69108.961994386715,69853
/Users/a/Ayanami/code/TSP/data/classic/tsplib/gr137.tsp,hybrid,285,polyak,285,69107.64660881873,69108.961994386715,69853
/Users/a/Ayanami/code/TSP/data/classic/tsplib/gr137.tsp,hybrid,286,polyak,286,69108.602192984355,69108.961994386715,69853
/Users/a/Ayanami/code/TSP/data/classic/tsplib/gr137.tsp,hybrid,287,polyak,287,69108.047783827147,69108.961994386715,69853
/Users/a/Ayanami/code/TSP/data/classic/tsplib/gr137.tsp,hybrid,288,polyak,288,69107.208963919082,69108.961994386715,69853
/Users/a/Ayanami/code/TSP/data/classic/tsplib/gr137.tsp,hybrid,289,polyak,289,69109.740896992604,69109.740896992604,69853
/Users/a/Ayanami/code/TSP/data/classic/tsplib/gr137.tsp,hybrid,290,polyak,290,69107.901287853296,69109.740896992604,69853
/Users/a/Ayanami/code/TSP/data/classic/tsplib/gr137.tsp,hybrid,291,polyak,291,69108.335585914043,69109.740896992604,69853
/Users/a/Ayanami/code/TSP/data/classic/tsplib/gr137.tsp,hybrid,292,polyak,292,69106.853581010306,69109.740896992604,69853
/Users/a/Ayanami/code/TSP/data/classic/tsplib/gr137.tsp,hybrid,293,polyak,293,69110.068593239499,69110.068593239499,69853
/Users/a/Ayanami/code/TSP/data/classic/tsplib/gr137.tsp,hybrid,294,polyak,294,69105.888063491308,69110.068593239499,69853
/Users/a/Ayanami/code/TSP/data/classic/tsplib/gr137.tsp,hybrid,295,polyak,295,69108.720626655238,69110.068593239499,69853
/Users/a/Ayanami/code/TSP/data/classic/tsplib/gr137.tsp,hybrid,296,polyak,296,69108.878364116434,69110.068593239499,69853
/Users/a/Ayanami/code/TSP/data/classic/tsplib/gr137.tsp,hybrid,297,polyak,297,69108.263989099098,69110.068593239499,69853
/Users/a/Ayanami/code/TSP/data/classic/tsplib/gr137.tsp,hybrid,298,polyak,298,69108.255892391782,69110.068593239499,69853
/Users/a/Ayanami/code/TSP/data/classic/tsplib/gr137.tsp,hybrid,299,polyak,299,69108.990773561367,69110.068593239499,69853
/Users/a/Ayanami/code/TSP/data/classic/tsplib/gr137.tsp,hybrid,300,polyak,300,69107.764436799858,69110.068593239499,69853
/Users/a/Ayanami/code/TSP/data/classic/tsplib/gr137.tsp,hybrid,301,polyak,301,69109.589944493535,69110.068593239499,69853
/Users/a/Ayanami/code/TSP/data/classic/tsplib/gr137.tsp,hybrid,302,polyak,302,69108.056719482076,69110.068593239499,69853
/Users/a/Ayanami/code/TSP/data/classic/tsplib/gr137.tsp,hybrid,303,polyak,303,69108.233308976094,69110.068593239499,69853
/Users/a/Ayanami/code/TSP/data/classic/tsplib/gr137.tsp,hybrid,304,polyak,304,69109.54513648228,69110.068593239499,69853
/Users/a/Ayanami/code/TSP/data/classic/tsplib/gr137.tsp,hybrid,305,polyak,305,69107.235897752937,69110.068593239499,69853
/Users/a/Ayanami/code/TSP/data/classic/tsplib/gr137.tsp,hybrid,306,polyak,306,69109.444726119138,69110.068593239499,69853
/Users/a/Ayanami/code/TSP/data/classic/tsplib/gr137.tsp,hybrid,307,polyak,307,69109.653247809125,69110.068593239499,69853
/Users/a/Ayanami/code/TSP/data/classic/tsplib/gr137.tsp,hybrid,308,polyak,308,69110.1839585298,69110.1839585298,69853
/Users/a/Ayanami/code/TSP/data/classic/tsplib/gr137.tsp,hybrid,309,polyak,309,69109.466253744424,69110.1839585298,69853
/Users/a/Ayanami/code/TSP/data/classic/tsplib/gr137.tsp,hybrid,310,polyak,310,69110.436739663681,69110.436739663681,69853
/Users/a/Ayanami/code/TSP/data/classic/tsplib/gr137.tsp,hybrid,311,polyak,311,69109.32957780658,69110.436739663681,69853
/Users/a/Ayanami/code/TSP/data/classic/tsplib/gr137.tsp,hybrid,312,polyak,312,69110.500238314155,69110.500238314155,69853
/Users/a/Ayanami/code/TSP/data/classic/tsplib/gr137.tsp,hybrid,313,polyak,313,69109.566939329481,69110.500238314155,69853
/Users/a/Ayanami/code/TSP/data/classic/tsplib/gr137.tsp,hybrid,314,polyak,314,69110.458367878295,69110.500238314155,69853
/Users/a/Ayanami/code/TSP/data/classic/tsplib/gr137.tsp,hybrid,315,polyak,315,69110.056655879554,69110.500238314155,69853
/Users/a/Ayanami/code/TSP/data/classic/tsplib/gr137.tsp,hybrid,316,polyak,316,69110.537117204192,69110.537117204192,69853
/Users/a/Ayanami/code/TSP/data/classic/tsplib/gr137.tsp,hybrid,317,polyak,317,69109.844774904675,69110.537117204192,69853
/Users/a/Ayanami/code/TSP/data/classic/tsplib/gr137.tsp,hybrid,318,polyak,318,69110.240669694685,69110.537117204192,69853
/Users/a/Ayanami/code/TSP/data/classic/tsplib/gr137.tsp,hybrid,319,polyak,319,69109.997472990392,69110.537117204192,69853
/Users/a/Ayanami/code/TSP/data/classic/tsplib/gr137.tsp,hybrid,320,polyak,320,69110.276894938259,69110.537117204192,69853
/Users/a/Ayanami/code/TSP/data/classic/tsplib/gr137.tsp,hybrid,321,polyak,321,69110.385556418187,69110.537117204192,69853
/Users/a/Ayanami/code/TSP/data/classic/tsplib/gr137.tsp,hybrid,322,polyak,322,69109.774465987124,69110.537117204192,69853
/Users/a/Ayanami/code/TSP/data/classic/tsplib/gr137.tsp,hybrid,323,polyak,323,69110.221800864645,69110.537117204192,69853
/Users/a/Ayanami/code/TSP/data/classic/tsplib/gr137.tsp,hybrid,324,polyak,324,69110.475947386498,69110.537117204192,69853
/Users/a/Ayanami/code/TSP/data/classic/tsplib/gr137.tsp,hybrid,325,polyak,325,69109.545608370157,69110.537117204192,69853
/Users/a/Ayanami/code/TSP/data/classic/tsplib/gr137.tsp,hybrid,326,polyak,326,69110.781575964415,69110.781575964415,69853
/Users/a/Ayanami/code/TSP/data/classic/tsplib/gr137.tsp,hybrid,327,polyak,327,69109.887778387245,69110.781575964415,69853
/Users/a/Ayanami/code/TSP/data/classic/tsplib/gr137.tsp,hybrid,328,polyak,328,69110.290400617509,69110.781575964415,69853
/Users/a/Ayanami/code/TSP/data/classic/tsplib/gr137.tsp,hybrid,329,polyak,329,69110.400546220204,69110.781575964415,69853
/Users/a/Ayanami/code/TSP/data/classic/tsplib/gr137.tsp,hybrid,330,polyak,330,69110.183842440281,69110.781575964415,69853
/Users/a/Ayanami/code/TSP/data/classic/tsplib/gr137.tsp,hybrid,331,polyak,331,69110.477849584262,69110.781575964415,69853
/Users/a/Ayanami/code/TSP/data/classic/tsplib/gr137.tsp,hybrid,332,polyak,332,69109.908086495809,69110.781575964415,69853
/Users/a/Ayanami/code/TSP/data/classic/tsplib/gr137.tsp,hybrid,333,polyak,333,69110.660935343054,69110.781575964415,69853
/Users/a/Ayanami/code/TSP/data/classic/tsplib/gr137.tsp,hybrid,334,polyak,334,69109.916459674831,69110.781575964415,69853
/Users/a/Ayanami/code/TSP/data/classic/tsplib/gr137.tsp,hybrid,335,polyak,335,69110.905957469775,69110.905957469775,69853
/Users/a/Ayanami/code/TSP/data/classic/tsplib/gr137.tsp,hybrid,336,polyak,336,69110.129703648359,69110.905957469775,69853
/Users/a/Ayanami/code/TSP/data/classic/tsplib/gr137.tsp,hybrid,337,polyak,337,69110.868907658485,69110.905957469775,69853
/Users/a/Ayanami/code/TSP/data/classic/tsplib/gr137.tsp,hybrid,338,polyak,338,69109.181607646329,69110.905957469775,69853
/Users/a/Ayanami/code/TSP/data/classic/tsplib/gr137.tsp,hybrid,339,polyak,339,69110.54021173183,69110.905957469775,69853
/Users/a/Ayanami/code/TSP/data/classic/tsplib/gr137.tsp,hybrid,340,polyak,340,69110.378913102788,69110.905957469775,69853
/Users/a/Ayanami/code/TSP/data/classic/tsplib/gr137.tsp,hybrid,341,polyak,341,69110.1131821296,69110.905957469775,69853
/Users/a/Ayanami/code/TSP/data/classic/tsplib/gr137.tsp,hybrid,342,polyak,342,69111.040011915815,69111.040011915815,69853
/Users/a/Ayanami/code/TSP/data/classic/tsplib/gr137.tsp,hybrid,343,polyak,343,69109.61835475832,69111.040011915815,69853
/Users/a/Ayanami/code/TSP/data/classic/tsplib/gr137.tsp,hybrid,344,polyak,344,69110.965021723416,69111.040011915815,69853
/Users/a/Ayanami/code/TSP/data/classic/tsplib/gr137.tsp,hybrid,345,polyak,345,69109.747009085622,69111.040011915815,69853
/Users/a/Ayanami/code/TSP/data/classic/tsplib/gr137.tsp,hybrid,346,polyak,346,69110.617460945708,69111.040011915815,69853
/Users/a/Ayanami/code/TSP/data/classic/tsplib/gr137.tsp,hybrid,347,polyak,347,69110.011725975681,69111.040011915815,69853
/Users/a/Ayanami/code/TSP/data/classic/tsplib/gr137.tsp,hybrid,348,polyak,348,69110.491925254377,69111.040011915815,69853
/Users/a/Ayanami/code/TSP/data/classic/tsplib/gr137.tsp,hybrid,349,polyak,349,69110.044323780457,69111.040011915815,69853
/Users/a/Ayanami/code/TSP/data/classic/tsplib/gr137.tsp,hybrid,350,polyak,350,69110.819565678947,69111.040011915815,69853
/Users/a/Ayanami/code/TSP/data/classic/tsplib/gr137.tsp,hybrid,351,polyak,351,69110.112156214527,69111.040011915815,69853
/Users/a/Ayanami/code/TSP/data/classic/tsplib/gr137.tsp,hybrid,352,polyak,352,69110.985077700738,69111.040011915815,69853
/Users/a/Ayanami/code/TSP/data/classic/tsplib/gr137.tsp,hybrid,353,polyak,353,69109.436349866184,69111.040011915815,69853
/Users/a/Ayanami/code/TSP/data/classic/tsplib/gr137.tsp,hybrid,354,polyak,354,69110.811557452704,69111.040011915815,69853
/Users/a/Ayanami/code/TSP/data/classic/tsplib/gr137.tsp,hybrid,355,polyak,355,69110.163645165492,69111.040011915815,69853
/Users/a/Ayanami/code/TSP/data/classic/tsplib/gr137.tsp,hybrid,356,polyak,356,69110.989372719894,69111.040011915815,69853
/Users/a/Ayanami/code/TSP/data/classic/tsplib/gr137.tsp,hybrid,357,polyak,357,69111.076775914815,69111.076775914815,69853
/Users/a/Ayanami/code/TSP/data/classic/tsplib/gr137.tsp,hybrid,358,polyak,358,69111.030673693342,69111.076775914815,69853
/Users/a/Ayanami/code/TSP/data/classic/tsplib/gr137.tsp,hybrid,359,polyak,359,69111.020341875206,69111.076775914815,69853
/Users/a/Ayanami/code/TSP/data/classic/tsplib/gr137.tsp,hybrid,360,polyak,360,69111.0598378258,69111.076775914815,69853
/Users/a/Ayanami/code/TSP/data/classic/tsplib/gr137.tsp,hybrid,361,polyak,361,69111.265053953233,69111.265053953233,69853
/Users/a/Ayanami/code/TSP/data/classic/tsplib/gr137.tsp,hybrid,362,polyak,362,69111.109075912114,69111.265053953233,69853
/Users/a/Ayanami/code/TSP/data/classic/tsplib/gr137.tsp,hybrid,363,polyak,363,69111.064996851914,69111.265053953233,69853
/Users/a/Ayanami/code/TSP/data/classic/tsplib/gr137.tsp,hybrid,364,polyak,364,69111.168296770644,69111.265053953233,69853
/Users/a/Ayanami/code/TSP/data/classic/tsplib/gr137.tsp,hybrid,365,polyak,365,69111.211228426822,69111.265053953233,69853
/Users/a/Ayanami/code/TSP/data/classic/tsplib/gr137.tsp,hybrid,366,polyak,366,69111.086549470827,69111.265053953233,69853
/Users/a/Ayanami/code/TSP/data/classic/tsplib/gr137.tsp,hybrid,367,polyak,367,69111.338956036983,69111.338956036983,69853
/Users/a/Ayanami/code/TSP/data/classic/tsplib/gr137.tsp,hybrid,368,polyak,368,69110.930205542405,69111.338956036983,69853
/Users/a/Ayanami/code/TSP/data/classic/tsplib/gr137.tsp,hybrid,369,polyak,369,69111.433887449195,69111.433887449195,69853
/Users/a/Ayanami/code/TSP/data/classic/tsplib/gr137.tsp,hybrid,370,polyak,370,69110.835755563792,69111.433887449195,69853
/Users/a/Ayanami/code/TSP/data/classic/tsplib/gr137.tsp,hybrid,371,polyak,371,69111.330094195728,69111.433887449195,69853
/Users/a/Ayanami/code/TSP/data/classic/tsplib/gr137.tsp,hybrid,372,polyak,372,69111.030200016845,69111.433887449195,69853
/Users/a/Ayanami/code/TSP/data/classic/tsplib/gr137.tsp,hybrid,373,polyak,373,69111.457888960926,69111.457888960926,69853
/Users/a/Ayanami/code/TSP/data/classic/tsplib/gr137.tsp,hybrid,374,polyak,374,69110.786590820207,69111.457888960926,69853
/Users/a/Ayanami/code/TSP/data/classic/tsplib/gr137.tsp,hybrid,375,polyak,375,69111.32373012173,69111.457888960926,69853
/Users/a/Ayanami/code/TSP/data/classic/tsplib/gr137.tsp,hybrid,376,polyak,376,69111.126799395279,69111.457888960926,69853
/Users/a/Ayanami/code/TSP/data/classic/tsplib/gr137.tsp,hybrid,377,polyak,377,69111.211579100927,69111.457888960926,69853
/Users/a/Ayanami/code/TSP/data/classic/tsplib/gr137.tsp,hybrid,378,polyak,378,69111.312547542722,69111.457888960926,69853
/Users/a/Ayanami/code/TSP/data/classic/tsplib/gr137.tsp,hybrid,379,polyak,379,69111.180409290173,69111.457888960926,69853
/Users/a/Ayanami/code/TSP/data/classic/tsplib/gr137.tsp,hybrid,380,polyak,380,69111.25948643047,69111.457888960926,69853
/Users/a/Ayanami/code/TSP/data/classic/tsplib/gr137.tsp,hybrid,381,polyak,381,69111.046168561035,69111.457888960926,69853
/Users/a/Ayanami/code/TSP/data/classic/tsplib/gr137.tsp,hybrid,382,polyak,382,69111.351254462323,69111.457888960926,69853
/Users/a/Ayanami/code/TSP/data/classic/tsplib/gr137.tsp,hybrid,383,polyak,383,69110.933826596593,69111.457888960926,69853
/Users/a/Ayanami/code/TSP/data/classic/tsplib/gr137.tsp,hybrid,384,polyak,384,69111.489487184212,69111.489487184212,69853
/Users/a/Ayanami/code/TSP/data/classic/tsplib/gr137.tsp,hybrid,385,polyak,385,69110.908392619385,69111.489487184212,69853
/Users/a/Ayanami/code/TSP/data/classic/tsplib/gr137.tsp,hybrid,386,polyak,386,69111.476572274696,69111.489487184212,69853
/Users/a/Ayanami/code/TSP/data/classic/tsplib/gr137.tsp,hybrid,387,polyak,387,69111.021290647172,69111.489487184212,69853
/Users/a/Ayanami/code/TSP/data/classic/tsplib/gr137.tsp,hybrid,388,polyak,388,69111.515795593907,69111.515795593907,69853
/Users/a/Ayanami/code/TSP/data/classic/tsplib/gr137.tsp,hybrid,389,polyak,389,69111.072588132462,69111.515795593907,69853
/Users/a/Ayanami/code/TSP/data/classic/tsplib/gr137.tsp,hybrid,390,polyak,390,69111.211357108215,69111.515795593907,69853
/Users/a/Ayanami/code/TSP/data/classic/tsplib/gr137.tsp,hybrid,391,polyak,391,69111.320357868011,69111.515795593907,69853
/Users/a/Ayanami/code/TSP/data/classic/tsplib/gr137.tsp,hybrid,392,polyak,392,69111.301423786703,69111.515795593907,69853
/Users/a/Ayanami/code/TSP/data/classic/tsplib/gr137.tsp,hybrid,393,polyak,393,69111.366514308073,69111.515795593907,69853
/Users/a/Ayanami/code/TSP/data/classic/tsplib/gr137.tsp,hybrid,394,polyak,394,69111.072580845517,69111.515795593907,69853
/Users/a/Ayanami/code/TSP/data/classic/tsplib/gr137.tsp,hybrid,395,polyak,395,69111.439183485607,69111.515795593907,69853
/Users/a/Ayanami/code/TSP/data/classic/tsplib/gr137.tsp,hybrid,396,polyak,396,69111.230487849331,69111.515795593907,69853
/Users/a/Ayanami/code/TSP/data/classic/tsplib/gr137.tsp,hybrid,397,polyak,397,69111.255044531499,69111.515795593907,69853
/Users/a/Ayanami/code/TSP/data/classic/tsplib/gr137.tsp,hybrid,398,polyak,398,69111.358114783274,69111.515795593907,69853
/Users/a/Ayanami/code/TSP/data/classic/tsplib/gr137.tsp,hybrid,399,polyak,399,69111.19511448103,69111.515795593907,69853
/Users/a/Ayanami/code/TSP/data/classic/tsplib/gr137.tsp,hybrid,400,polyak,400,69111.436002237489,69111.515795593907,69853
/Users/a/Ayanami/code/TSP/data/classic/tsplib/gr137.tsp,hybrid,401,polyak,401,69111.034465268807,69111.515795593907,69853
/Users/a/Ayanami/code/TSP/data/classic/tsplib/gr137.tsp,hybrid,402,polyak,402,69111.594718893597,69111.594718893597,69853
/Users/a/Ayanami/code/TSP/data/classic/tsplib/gr137.tsp,hybrid,403,polyak,403,69111.563822390832,69111.594718893597,69853
/Users/a/Ayanami/code/TSP/data/classic/tsplib/gr137.tsp,hybrid,404,polyak,404,69111.485691385635,69111.594718893597,69853
/Users/a/Ayanami/code/TSP/data/classic/tsplib/gr137.tsp,hybrid,405,polyak,405,69111.707319112116,69111.707319112116,69853
/Users/a/Ayanami/code/TSP/data/classic/tsplib/gr137.tsp,hybrid,406,polyak,406,69111.326678939746,69111.707319112116,69853
/Users/a/Ayanami/code/TSP/data/classic/tsplib/gr137.tsp,hybrid,407,polyak,407,69111.749677856496,69111.749677856496,69853
/Users/a/Ayanami/code/TSP/data/classic/tsplib/gr137.tsp,hybrid,408,polyak,408,69111.356062687526,69111.749677856496,69853
/Users/a/Ayanami/code/TSP/data/classic/tsplib/gr137.tsp,hybrid,409,polyak,409,69111.730987498449,69111.749677856496,69853
/Users/a/Ayanami/code/TSP/data/classic/tsplib/gr137.tsp,hybrid,410,polyak,410,69111.433371356965,69111.749677856496,69853
/Users/a/Ayanami/code/TSP/data/classic/tsplib/gr137.tsp,hybrid,411,polyak,411,69111.742448222067,69111.749677856496,69853
/Users/a/Ayanami/code/TSP/data/classic/tsplib/gr137.tsp,hybrid,412,polyak,412,69111.443919416372,69111.749677856496,69853
/Users/a/Ayanami/code/TSP/data/classic/tsplib/gr137.tsp,hybrid,413,polyak,413,69111.779612978411,69111.779612978411,69853
/Users/a/Ayanami/code/TSP/data/classic/tsplib/gr137.tsp,hybrid,414,polyak,414,69111.418822368243,69111.779612978411,69853
/Users/a/Ayanami/code/TSP/data/classic/tsplib/gr137.tsp,hybrid,415,polyak,415,69111.798876544693,69111.798876544693,69853
/Users/a/Ayanami/code/TSP/data/classic/tsplib/gr137.tsp,hybrid,416,polyak,416,69111.401917372408,69111.798876544693,69853
/Users/a/Ayanami/code/TSP/data/classic/tsplib/gr137.tsp,hybrid,417,polyak,417,69111.768610007042,69111.798876544693,69853
/Users/a/Ayanami/code/TSP/data/classic/tsplib/gr137.tsp,hybrid,418,polyak,418,69111.546319789762,69111.798876544693,69853
/Users/a/Ayanami/code/TSP/data/classic/tsplib/gr137.tsp,hybrid,419,polyak,419,69111.786819410583,69111.798876544693,69853
/Users/a/Ayanami/code/TSP/data/classic/tsplib/gr137.tsp,hybrid,420,polyak,420,69111.426875009041,69111.798876544693,69853
/Users/a/Ayanami/code/TSP/data/classic/tsplib/gr137.tsp,hybrid,421,polyak,421,69111.770834619063,69111.798876544693,69853
/Users/a/Ayanami/code/TSP/data/classic/tsplib/gr137.tsp,hybrid,422,polyak,422,69111.581419316921,69111.798876544693,69853
/Users/a/Ayanami/code/TSP/data/classic/tsplib/gr137.tsp,hybrid,423,polyak,423,69111.74380511693,69111.798876544693,69853
/Users/a/Ayanami/code/TSP/data/classic/tsplib/gr137.tsp,hybrid,424,polyak,424,69111.566175972592,69111.798876544693,69853
/Users/a/Ayanami/code/TSP/data/classic/tsplib/gr137.tsp,hybrid,425,polyak,425,69111.739347700641,69111.798876544693,69853
/Users/a/Ayanami/code/TSP/data/classic/tsplib/gr137.tsp,hybrid,426,polyak,426,69111.583871324838,69111.798876544693,69853
/Users/a/Ayanami/code/TSP/data/classic/tsplib/gr137.tsp,hybrid,427,polyak,427,69111.773512253509,69111.798876544693,69853
/Users/a/Ayanami/code/TSP/data/classic/tsplib/gr137.tsp,hybrid,428,polyak,428,69111.581761044392,69111.798876544693,69853
/Users/a/Ayanami/code/TSP/data/classic/tsplib/gr137.tsp,hybrid,429,polyak,429,69111.772137984342,69111.798876544693,69853
/Users/a/Ayanami/code/TSP/data/classic/tsplib/gr137.tsp,hybrid,430,polyak,430,69111.847703905834,69111.847703905834,69853
/Users/a/Ayanami/code/TSP/data/classic/tsplib/gr137.tsp,hybrid,431,polyak,431,69111.813672339878,69111.847703905834,69853
/Users/a/Ayanami/code/TSP/data/classic/tsplib/gr137.tsp,hybrid,432,polyak,432,69111.820281401859,69111.847703905834,69853
/Users/a/Ayanami/code/TSP/data/classic/tsplib/gr137.tsp,hybrid,433,polyak,433,69111.835894218777,69111.847703905834,69853
/Users/a/Ayanami/code/TSP/data/classic/tsplib/gr137.tsp,hybrid,434,polyak,434,69111.765276726554,69111.847703905834,69853
/Users/a/Ayanami/code/TSP/data/classic/tsplib/gr137.tsp,hybrid,435,polyak,435,69111.817436182901,69111.847703905834,69853
/Users/a/Ayanami/code/TSP/data/classic/tsplib/gr137.tsp,hybrid,436,polyak,436,69111.833222827336,69111.847703905834,69853
/Users/a/Ayanami/code/TSP/data/classic/tsplib/gr137.tsp,hybrid,437,polyak,437,69111.879897532213,69111.879897532213,69853
/Users/a/Ayanami/code/TSP/data/classic/tsplib/gr137.tsp,hybrid,438,polyak,438,69111.765711623942,69111.879897532213,69853
/Users/a/Ayanami/code/TSP/data/classic/tsplib/gr137.tsp,hybrid,439,polyak,439,69111.908579339943,69111.908579339943,69853
/Users/a/Ayanami/code/TSP/data/classic/tsplib/gr137.tsp,hybrid,440,polyak,440,69111.858391061469,69111.908579339943,69853
/Users/a/Ayanami/code/TSP/data/classic/tsplib/gr137.tsp,hybrid,441,polyak,441,69111.756516217007,69111.908579339943,69853
/Users/a/Ayanami/code/TSP/data/classic/tsplib/gr137.tsp,hybrid,442,polyak,442,69111.911974757459,69111.911974757459,69853
/Users/a/Ayanami/code/TSP/data/classic/tsplib/gr137.tsp,hybrid,443,polyak,443,69111.739213419001,69111.911974757459,69853
/Users/a/Ayanami/code/TSP/data/classic/tsplib/gr137.tsp,hybrid,444,polyak,444,69111.894276599123,69111.911974757459,69853
/Users/a/Ayanami/code/TSP/data/classic/tsplib/gr137.tsp,hybrid,445,polyak,445,69111.837709226689,69111.911974757459,69853
/Users/a/Ayanami/code/TSP/data/classic/tsplib/gr137.tsp,hybrid,446,polyak,446,69111.893023903292,69111.911974757459,69853
/Users/a/Ayanami/code/TSP/data/classic/tsplib/gr137.tsp,hybrid,447,polyak,447,69111.801928532019,69111.911974757459,69853
/Users/a/Ayanami/code/TSP/data/classic/tsplib/gr137.tsp,hybrid,448,polyak,448,69111.87929511792,69111.911974757459,69853
/Users/a/Ayanami/code/TSP/data/classic/tsplib/gr137.tsp,hybrid,449,polyak,449,69111.865517615661,69111.911974757459,69853
/Users/a/Ayanami/code/TSP/data/classic/tsplib/gr137.tsp,hybrid,450,polyak,450,69111.826507077873,69111.911974757459,69853
/Users/a/Ayanami/code/TSP/data/classic/tsplib/gr137.tsp,hybrid,451,polyak,451,69111.86501774934,69111.911974757459,69853
/Users/a/Ayanami/code/TSP/data/classic/tsplib/gr137.tsp,hybrid,452,polyak,452,69111.827477870873,69111.911974757459,69853
/Users/a/Ayanami/code/TSP/data/classic/tsplib/gr137.tsp,hybrid,453,polyak,453,69111.824805002601,69111.911974757459,69853
/Users/a/Ayanami/code/TSP/data/classic/tsplib/gr137.tsp,hybrid,454,polyak,454,69111.891437571932,69111.911974757459,69853
/Users/a/Ayanami/code/TSP/data/classic/tsplib/gr137.tsp,hybrid,455,polyak,455,69111.844528830101,69111.911974757459,69853
/Users/a/Ayanami/code/TSP/data/classic/tsplib/gr137.tsp,hybrid,456,polyak,456,69111.932100677383,69111.932100677383,69853
/Users/a/Ayanami/code/TSP/data/classic/tsplib/gr137.tsp,hybrid,457,polyak,457,69111.955388200018,69111.955388200018,69853
/Users/a/Ayanami/code/TSP/data/classic/tsplib/gr137.tsp,hybrid,458,polyak,458,69111.939972163484,69111.955388200018,69853
/Users/a/Ayanami/code/TSP/data/classic/tsplib/gr137.tsp,hybrid,459,polyak,459,69111.941216968989,69111.955388200018,69853
/Users/a/Ayanami/code/TSP/data/classic/tsplib/gr137.tsp,hybrid,460,polyak,460,69111.943154135792,69111.955388200018,69853
/Users/a/Ayanami/code/TSP/data/classic/tsplib/gr137.tsp,hybrid,461,polyak,461,69111.968633545373,69111.968633545373,69853
/Users/a/Ayanami/code/TSP/data/classic/tsplib/gr137.tsp,hybrid,462,polyak,462,69111.915710790956,69111.968633545373,69853
/Users/a/Ayanami/code/TSP/data/classic/tsplib/gr137.tsp,hybrid,463,polyak,463,69111.983946483786,69111.983946483786,69853
/Users/a/Ayanami/code/TSP/data/classic/tsplib/gr137.tsp,hybrid,464,polyak,464,69111.928625188957,69111.983946483786,69853
/Users/a/Ayanami/code/TSP/data/classic/tsplib/gr137.tsp,hybrid,465,polyak,465,69111.968469154046,69111.983946483786,69853
/Users/a/Ayanami/code/TSP/data/classic/tsplib/gr137.tsp,hybrid,466,polyak,466,69111.951649285373,69111.983946483786,69853
/Users/a/Ayanami/code/TSP/data/classic/tsplib/gr137.tsp,hybrid,467,polyak,467,69111.928457413174,69111.983946483786,69853
/Users/a/Ayanami/code/TSP/data/classic/tsplib/gr137.tsp,hybrid,468,polyak,468,69111.987294225924,69111.987294225924,69853
/Users/a/Ayanami/code/TSP/data/classic/tsplib/gr137.tsp,hybrid,469,polyak,469,69111.946870877597,69111.987294225924,69853
/Users/a/Ayanami/code/TSP/data/classic/tsplib/gr137.tsp,hybrid,470,polyak,470,69111.985708913286,69111.987294225924,69853
/Users/a/Ayanami/code/TSP/data/classic/tsplib/gr137.tsp,hybrid,471,polyak,471,69111.93165448225,69111.987294225924,69853
/Users/a/Ayanami/code/TSP/data/classic/tsplib/gr137.tsp,hybrid,472,polyak,472,69111.997783214843,69111.997783214843,69853
/Users/a/Ayanami/code/TSP/data/classic/tsplib/gr137.tsp,hybrid,473,polyak,473,69111.913054113917,69111.997783214843,69853
/Users/a/Ayanami/code/TSP/data/classic/tsplib/gr137.tsp,hybrid,474,polyak,474,69111.968812190462,69111.997783214843,69853
/Users/a/Ayanami/code/TSP/data/classic/tsplib/gr137.tsp,hybrid,475,polyak,475,69111.953227311446,69111.997783214843,69853
/Users/a/Ayanami/code/TSP/data/classic/tsplib/gr137.tsp,hybrid,476,polyak,476,69111.990969254985,69111.997783214843,69853
/Users/a/Ayanami/code/TSP/data/classic/tsplib/gr137.tsp,hybrid,477,polyak,477,69111.952279257152,69111.997783214843,69853
/Users/a/Ayanami/code/TSP/data/classic/tsplib/gr137.tsp,hybrid,478,polyak,478,69111.963453017364,69111.997783214843,69853
/Users/a/Ayanami/code/TSP/data/classic/tsplib/gr137.tsp,hybrid,479,polyak,479,69111.944405553761,69111.997783214843,69853
/Users/a/Ayanami/code/TSP/data/classic/tsplib/gr137.tsp,hybrid,480,polyak,480,69111.994626487998,69111.997783214843,69853
/Users/a/Ayanami/code/TSP/data/classic/tsplib/gr137.tsp,hybrid,481,polyak,481,69111.925568051302,69111.997783214843,69853
/Users/a/Ayanami/code/TSP/data/classic/tsplib/gr137.tsp,hybrid,482,polyak,482,69111.97341860077,69111.997783214843,69853
/Users/a/Ayanami/code/TSP/data/classic/tsplib/gr137.tsp,hybrid,483,polyak,483,69111.983374243267,69111.997783214843,69853
/Users/a/Ayanami/code/TSP/data/classic/tsplib/gr137.tsp,hybrid,484,polyak,484,69111.936235442408,69111.997783214843,69853
/Users/a/Ayanami/code/TSP/data/classic/tsplib/gr137.tsp,hybrid,485,polyak,485,69111.989668189519,69111.997783214843,69853
/Users/a/Ayanami/code/TSP/data/classic/tsplib/gr137.tsp,hybrid,486,polyak,486,69112.00263041562,69112.00263041562,69853
/Users/a/Ayanami/code/TSP/data/classic/tsplib/gr137.tsp,hybrid,487,polyak,487,69111.99693585455,69112.00263041562,69853
/Users/a/Ayanami/code/TSP/data/classic/tsplib/gr137.tsp,hybrid,488,polyak,488,69112.015048062429,69112.015048062429,69853
/Users/a/Ayanami/code/TSP/data/classic/tsplib/gr137.tsp,hybrid,489,polyak,489,69111.996353785318,69112.015048062429,69853
/Users/a/Ayanami/code/TSP/data/classic/tsplib/gr137.tsp,hybrid,490,polyak,490,69112.016765464068,69112.016765464068,69853
/Users/a/Ayanami/code/TSP/data/classic/tsplib/gr137.tsp,hybrid,491,polyak,491,69111.999525127991,69112.016765464068,69853
/Users/a/Ayanami/code/TSP/data/classic/tsplib/gr137.tsp,hybrid,492,polyak,492,69112.018108641307,69112.018108641307,69853
/Users/a/Ayanami/code/TSP/data/classic/tsplib/gr137.tsp,hybrid,493,polyak,493,69111.999549671746,69112.018108641307,69853
/Users/a/Ayanami/code/TSP/data/classic/tsplib/gr137.tsp,hybrid,494,polyak,494,69112.025983909392,69112.025983909392,69853
/Users/a/Ayanami/code/TSP/data/classic/tsplib/gr137.tsp,hybrid,495,polyak,495,69111.979179504066,69112.025983909392,69853
/Users/a/Ayanami/code/TSP/data/classic/tsplib/gr137.tsp,hybrid,496,polyak,496,69112.02429581515,69112.025983909392,69853
/Users/a/Ayanami/code/TSP/data/classic/tsplib/gr137.tsp,hybrid,497,polyak,497,69111.999051590261,69112.025983909392,69853
/Users/a/Ayanami/code/TSP/data/classic/tsplib/gr137.tsp,hybrid,498,polyak,498,69112.020427891199,69112.025983909392,69853
/Users/a/Ayanami/code/TSP/data/classic/tsplib/gr137.tsp,hybrid,499,polyak,499,69112.010287697107,69112.025983909392,69853
/Users/a/Ayanami/code/TSP/data/classic/tsplib/gr137.tsp,hybrid,500,polyak,500,69112.019663709638,69112.025983909392,69853
/Users/a/Ayanami/code/TSP/data/classic/tsplib/gr137.tsp,hybrid,501,polyak,501,69112.010552170206,69112.025983909392,69853
/Users/a/Ayanami/code/TSP/data/classic/tsplib/gr137.tsp,hybrid,502,polyak,502,69112.008700011997,69112.025983909392,69853
/Users/a/Ayanami/code/TSP/data/classic/tsplib/gr137.tsp,hybrid,503,polyak,503,69112.020545002742,69112.025983909392,69853
/Users/a/Ayanami/code/TSP/data/classic/tsplib/gr137.tsp,hybrid,504,polyak,504,69111.998799551671,69112.025983909392,69853
/Users/a/Ayanami/code/TSP/data/classic/tsplib/gr137.tsp,hybrid,505,polyak,505,69112.024287347042,69112.025983909392,69853
/Users/a/Ayanami/code/TSP/data/classic/tsplib/gr137.tsp,hybrid,506,polyak,506,69112.017682840829,69112.025983909392,69853
/Users/a/Ayanami/code/TSP/data/classic/tsplib/gr137.tsp,hybrid,507,polyak,507,69112.010659434789,69112.025983909392,69853
/Users/a/Ayanami/code/TSP/data/classic/tsplib/gr137.tsp,hybrid,508,polyak,508,69112.030000730476,69112.030000730476,69853
/Users/a/Ayanami/code/TSP/data/classic/tsplib/gr137.tsp,hybrid,509,polyak,509,69112.033420713313,69112.033420713313,69853
/Users/a/Ayanami/code/TSP/data/classic/tsplib/gr137.tsp,hybrid,510,polyak,510,69112.035932380386,69112.035932380386,69853
/Users/a/Ayanami/code/TSP/data/classic/tsplib/gr137.tsp,hybrid,511,polyak,511,69112.038062605367,69112.038062605367,69853
/Users/a/Ayanami/code/TSP/data/classic/tsplib/gr137.tsp,hybrid,512,polyak,512,69112.031669883436,69112.038062605367,69853
/Users/a/Ayanami/code/TSP/data/classic/tsplib/gr137.tsp,hybrid,513,polyak,513,69112.035961252273,69112.038062605367,69853
/Users/a/Ayanami/code/TSP/data/classic/tsplib/gr137.tsp,hybrid,514,polyak,514,69112.042155041534,69112.042155041534,69853
/Users/a/Ayanami/code/TSP/data/classic/tsplib/gr137.tsp,hybrid,515,polyak,515,69112.033187966823,69112.042155041534,69853
/Users/a/Ayanami/code/TSP/data/classic/tsplib/gr137.tsp,hybrid,516,polyak,516,69112.033513543342,69112.042155041534,69853
/Users/a/Ayanami/code/TSP/data/classic/tsplib/gr137.tsp,hybrid,517,polyak,517,69112.038942870902,69112.042155041534,69853
/Users/a/Ayanami/code/TSP/data/classic/tsplib/gr137.tsp,hybrid,518,polyak,518,69112.027034665211,69112.042155041534,69853
/Users/a/Ayanami/code/TSP/data/classic/tsplib/gr137.tsp,hybrid,519,polyak,519,69112.046634464976,69112.046634464976,69853
/Users/a/Ayanami/code/TSP/data/classic/tsplib/gr137.tsp,hybrid,520,polyak,520,69112.031698083345,69112.046634464976,69853
/Users/a/Ayanami/code/TSP/data/classic/tsplib/gr137.tsp,hybrid,521,polyak,521,69112.042420674799,69112.046634464976,69853
/Users/a/Ayanami/code/TSP/data/classic/tsplib/gr137.tsp,hybrid,522,polyak,522,69112.037198553095,69112.046634464976,69853
/Users/a/Ayanami/code/TSP/data/classic/tsplib/gr137.tsp,hybrid,523,polyak,523,69112.040537331253,69112.046634464976,69853
/Users/a/Ayanami/code/TSP/data/classic/tsplib/gr137.tsp,hybrid,524,polyak,524,69112.03871923589,69112.046634464976,69853
/Users/a/Ayanami/code/TSP/data/classic/tsplib/gr137.tsp,hybrid,525,polyak,525,69112.039346227102,69112.046634464976,69853
/Users/a/Ayanami/code/TSP/data/classic/tsplib/gr137.tsp,hybrid,526,polyak,526,69112.039117166132,69112.046634464976,69853
/Users/a/Ayanami/code/TSP/data/classic/tsplib/gr137.tsp,hybrid,527,polyak,527,69112.042645442387,69112.046634464976,69853
/Users/a/Ayanami/code/TSP/data/classic/tsplib/gr137.tsp,hybrid,528,polyak,528,69112.036114777613,69112.046634464976,69853
/Users/a/Ayanami/code/TSP/data/classic/tsplib/gr137.tsp,hybrid,529,polyak,529,69112.040244991644,69112.046634464976,69853
/Users/a/Ayanami/code/TSP/data/classic/tsplib/gr137.tsp,hybrid,530,polyak,530,69112.036213816536,69112.046634464976,69853
/Users/a/Ayanami/code/TSP/data/classic/tsplib/gr137.tsp,hybrid,531,polyak,531,69112.045081083779,69112.046634464976,69853
/Users/a/Ayanami/code/TSP/data/classic/tsplib/gr137.tsp,hybrid,532,polyak,532,69112.03548136224,69112.046634464976,69853
/Users/a/Ayanami/code/TSP/data/classic/tsplib/gr137.tsp,hybrid,533,polyak,533,69112.045865437642,69112.046634464976,69853
/Users/a/Ayanami/code/TSP/data/classic/tsplib/gr137.tsp,hybrid,534,polyak,534,69112.053150300329,69112.053150300329,69853
/Users/a/Ayanami/code/TSP/data/classic/tsplib/gr137.tsp,hybrid,535,polyak,535,69112.046318472945,69112.053150300329,69853
/Users/a/Ayanami/code/TSP/data/classic/tsplib/gr137.tsp,hybrid,536,polyak,536,69112.050240656477,69112.053150300329,69853
/Users/a/Ayanami/code/TSP/data/classic/tsplib/gr137.tsp,hybrid,537,polyak,537,69112.048364626273,69112.053150300329,69853
/Users/a/Ayanami/code/TSP/data/classic/tsplib/gr137.tsp,hybrid,538,polyak,538,69112.051950106907,69112.053150300329,69853
/Users/a/Ayanami/code/TSP/data/classic/tsplib/gr137.tsp,hybrid,539,polyak,539,69112.04633257995,69112.053150300329,69853
/Users/a/Ayanami/code/TSP/data/classic/tsplib/gr137.tsp,hybrid,540,polyak,540,69112.055662525236,69112.055662525236,69853
/Users/a/Ayanami/code/TSP/data/classic/tsplib/gr137.tsp,hybrid,541,polyak,541,69112.047677929091,69112.055662525236,69853
/Users/a/Ayanami/code/TSP/data/classic/tsplib/gr137.tsp,hybrid,542,polyak,542,69112.055821604517,69112.055821604517,69853
/Users/a/Ayanami/code/TSP/data/classic/tsplib/gr137.tsp,hybrid,543,polyak,543,69112.046545603225,69112.055821604517,69853
/Users/a/Ayanami/code/TSP/data/classic/tsplib/gr137.tsp,hybrid,544,polyak,544,69112.05223298262,69112.055821604517,69853
/Users/a/Ayanami/code/TSP/data/classic/tsplib/gr137.tsp,hybrid,545,polyak,545,69112.05187940193,69112.055821604517,69853
/Users/a/Ayanami/code/TSP/data/classic/tsplib/gr137.tsp,hybrid,546,polyak,546,69112.055500486604,69112.055821604517,69853
/Users/a/Ayanami/code/TSP/data/classic/tsplib/gr137.tsp,hybrid,547,polyak,547,69112.047600643535,69112.055821604517,69853
/Users/a/Ayanami/code/TSP/data/classic/tsplib/gr137.tsp,hybrid,548,polyak,548,69112.053502153649,69112.055821604517,69853
/Users/a/Ayanami/code/TSP/data/classic/tsplib/gr137.tsp,hybrid,549,polyak,549,69112.054039247785,69112.055821604517,69853
/Users/a/Ayanami/code/TSP/data/classic/tsplib/gr137.tsp,hybrid,550,polyak,550,69112.049894574156,69112.055821604517,69853
/Users/a/Ayanami/code/TSP/data/classic/tsplib/gr137.tsp,hybrid,551,polyak,551,69112.053630609546,69112.055821604517,69853
/Users/a/Ayanami/code/TSP/data/classic/tsplib/gr137.tsp,hybrid,552,polyak,552,69112.046879186979,69112.055821604517,69853
/Users/a/Ayanami/code/TSP/data/classic/tsplib/gr137.tsp,hybrid,553,polyak,553,69112.053917072117,69112.055821604517,69853
/Users/a/Ayanami/code/TSP/data/classic/tsplib/gr137.tsp,hybrid,554,polyak,554,69112.050985664566,69112.055821604517,69853
/Users/a/Ayanami/code/TSP/data/classic/tsplib/gr137.tsp,hybrid,555,helsgaun,1,69112.055821604517,69112.055821604517,69853
/Users/a/Ayanami/code/TSP/data/classic/tsplib/gr137.tsp,hybrid,556,helsgaun,2,69099.069248059503,69112.055821604517,69853
/Users/a/Ayanami/code/TSP/data/classic/tsplib/gr137.tsp,hybrid,557,helsgaun,3,69103.870125427391,69112.055821604517,69853
/Users/a/Ayanami/code/TSP/data/classic/tsplib/gr137.tsp,hybrid,558,helsgaun,4,69105.768292917739,69112.055821604517,69853
/Users/a/Ayanami/code/TSP/data/classic/tsplib/gr137.tsp,hybrid,559,helsgaun,5,69107.378350487081,69112.055821604517,69853
/Users/a/Ayanami/code/TSP/data/classic/tsplib/gr137.tsp,hybrid,560,helsgaun,6,69102.995518081836,69112.055821604517,69853
/Users/a/Ayanami/code/TSP/data/classic/tsplib/gr137.tsp,hybrid,561,helsgaun,7,69104.261114855108,69112.055821604517,69853
/Users/a/Ayanami/code/TSP/data/classic/tsplib/gr137.tsp,hybrid,562,helsgaun,8,69105.864576598688,69112.055821604517,69853
/Users/a/Ayanami/code/TSP/data/classic/tsplib/gr137.tsp,hybrid,563,helsgaun,9,69107.862478281328,69112.055821604517,69853
/Users/a/Ayanami/code/TSP/data/classic/tsplib/gr137.tsp,hybrid,564,helsgaun,10,69102.861624474346,69112.055821604517,69853
/Users/a/Ayanami/code/TSP/data/classic/tsplib/gr137.tsp,hybrid,565,helsgaun,11,69104.063733498624,69112.055821604517,69853
/Users/a/Ayanami/code/TSP/data/classic/tsplib/gr137.tsp,hybrid,566,helsgaun,12,69106.276991927094,69112.055821604517,69853
/Users/a/Ayanami/code/TSP/data/classic/tsplib/gr137.tsp,hybrid,567,helsgaun,13,69107.361009158849,69112.055821604517,69853
/Users/a/Ayanami/code/TSP/data/classic/tsplib/gr137.tsp,hybrid,568,helsgaun,14,69102.665182332232,69112.055821604517,69853
/Users/a/Ayanami/code/TSP/data/classic/tsplib/gr137.tsp,hybrid,569,helsgaun,15,69105.365630473098,69112.055821604517,69853
/Users/a/Ayanami/code/TSP/data/classic/tsplib/gr137.tsp,hybrid,570,helsgaun,16,69106.061417742545,69112.055821604517,69853
/Users/a/Ayanami/code/TSP/data/classic/tsplib/gr137.tsp,hybrid,571,helsgaun,17,69107.761330477253,69112.055821604517,69853
/Users/a/Ayanami/code/TSP/data/classic/tsplib/gr137.tsp,hybrid,572,helsgaun,18,69103.368075572449,69112.055821604517,69853
/Users/a/Ayanami/code/TSP/data/classic/tsplib/gr137.tsp,hybrid,573,helsgaun,19,69103.984121591377,69112.055821604517,69853
/Users/a/Ayanami/code/TSP/data/classic/tsplib/gr137.tsp,hybrid,574,helsgaun,20,69106.459914987237,69112.055821604517,69853
/Users/a/Ayanami/code/TSP/data/classic/tsplib/gr137.tsp,hybrid,575,helsgaun,21,69107.873384103776,69112.055821604517,69853
/Users/a/Ayanami/code/TSP/data/classic/tsplib/gr137.tsp,hybrid,576,helsgaun,22,69102.695009539078,69112.055821604517,69853
/Users/a/Ayanami/code/TSP/data/classic/tsplib/gr137.tsp,hybrid,577,helsgaun,23,69106.762889976992,69112.055821604517,69853
/Users/a/Ayanami/code/TSP/data/classic/tsplib/gr137.tsp,hybrid,578,helsgaun,24,69107.261312156828,69112.055821604517,69853
/Users/a/Ayanami/code/TSP/data/classic/tsplib/gr137.tsp,hybrid,579,helsgaun,25,69108.860398596487,69112.055821604517,69853
/Users/a/Ayanami/code/TSP/data/classic/tsplib/gr137.tsp,hybrid,580,helsgaun,26,69103.664635413137,69112.055821604517,69853
/Users/a/Ayanami/code/TSP/data/classic/tsplib/gr137.tsp,hybrid,581,helsgaun,27,69106.005649260216,69112.055821604517,69853
/Users/a/Ayanami/code/TSP/data/classic/tsplib/gr137.tsp,hybrid,582,helsgaun,28,69104.660372308907,69112.055821604517,69853
/Users/a/Ayanami/code/TSP/data/classic/tsplib/gr137.tsp,hybrid,583,helsgaun,29,69108.159748185368,69112.055821604517,69853
/Users/a/Ayanami/code/TSP/data/classic/tsplib/gr137.tsp,hybrid,584,helsgaun,30,69103.177667409094,69112.055821604517,69853
/Users/a/Ayanami/code/TSP/data/classic/tsplib/gr137.tsp,hybrid,585,helsgaun,31,69104.064075145085,69112.055821604517,69853
/Users/a/Ayanami/code/TSP/data/classic/tsplib/gr137.tsp,hybrid,586,helsgaun,32,69106.45683746961,69112.055821604517,69853
/Users/a/Ayanami/code/TSP/data/classic/tsplib/gr137.tsp,hybrid,587,helsgaun,33,69109.65942549544,69112.055821604517,69853
/Users/a/Ayanami/code/TSP/data/classic/tsplib/gr137.tsp,hybrid,588,helsgaun,34,69103.267743276738,69112.055821604517,69853
/Users/a/Ayanami/code/TSP/data/classic/tsplib/gr137.tsp,hybrid,589,helsgaun,35,69104.561019704153,69112.055821604517,69853
/Users/a/Ayanami/code/TSP/data/classic/tsplib/gr137.tsp,hybrid,590,helsgaun,36,69105.761125051387,69112.055821604517,69853
/Users/a/Ayanami/code/TSP/data/classic/tsplib/gr137.tsp,hybrid,591,helsgaun,37,69107.466073720381,69112.055821604517,69853
/Users/a/Ayanami/code/TSP/data/classic/tsplib/gr137.tsp,hybrid,592,helsgaun,38,69102.968930388175,69112.055821604517,69853
/Users/a/Ayanami/code/TSP/data/classic/tsplib/gr137.tsp,hybrid,593,helsgaun,39,69106.060214242083,69112.055821604517,69853
/Users/a/Ayanami/code/TSP/data/classic/tsplib/gr137.tsp,hybrid,594,helsgaun,40,69106.358065476641,69112.055821604517,69853
/Users/a/Ayanami/code/TSP/data/classic/tsplib/gr137.tsp,hybrid,595,helsgaun,41,69108.960853383673,69112.055821604517,69853
/Users/a/Ayanami/code/TSP/data/classic/tsplib/gr137.tsp,hybrid,596,helsgaun,42,69105.121939281613,69112.055821604517,69853
/Users/a/Ayanami/code/TSP/data/classic/tsplib/gr137.tsp,hybrid,597,helsgaun,43,69106.066720948031,69112.055821604517,69853
/Users/a/Ayanami/code/TSP/data/classic/tsplib/gr137.tsp,hybrid,598,helsgaun,44,69107.360323646688,69112.055821604517,69853
/Users/a/Ayanami/code/TSP/data/classic/tsplib/gr137.tsp,hybrid,599,helsgaun,45,69107.565663309026,69112.055821604517,69853
/Users/a/Ayanami/code/TSP/data/classic/tsplib/gr137.tsp,hybrid,600,helsgaun,46,69105.561381547144,69112.055821604517,69853
/Users/a/Ayanami/code/TSP/data/classic/tsplib/gr137.tsp,hybrid,601,helsgaun,47,69107.763585381937,69112.055821604517,69853
/Users/a/Ayanami/code/TSP/data/classic/tsplib/gr137.tsp,hybrid,602,helsgaun,48,69107.563337441796,69112.055821604517,69853
/Users/a/Ayanami/code/TSP/data/classic/tsplib/gr137.tsp,hybrid,603,helsgaun,49,69108.258388166563,69112.055821604517,69853
/Users/a/Ayanami/code/TSP/data/classic/tsplib/gr137.tsp,hybrid,604,helsgaun,50,69105.672201979731,69112.055821604517,69853
/Users/a/Ayanami/code/TSP/data/classic/tsplib/gr137.tsp,hybrid,605,helsgaun,51,69105.699089890739,69112.055821604517,69853
/Users/a/Ayanami/code/TSP/data/classic/tsplib/gr137.tsp,hybrid,606,helsgaun,52,69107.360333403223,69112.055821604517,69853
/Users/a/Ayanami/code/TSP/data/classic/tsplib/gr137.tsp,hybrid,607,helsgaun,53,69109.460998024209,69112.055821604517,69853
/Users/a/Ayanami/code/TSP/data/classic/tsplib/gr137.tsp,hybrid,608,helsgaun,54,69102.869138228343,69112.055821604517,69853
/Users/a/Ayanami/code/TSP/data/classic/tsplib/gr137.tsp,hybrid,609,helsgaun,55,69106.861768626579,69112.055821604517,69853
/Users/a/Ayanami/code/TSP/data/classic/tsplib/gr137.tsp,hybrid,610,helsgaun,56,69107.16146394168,69112.055821604517,69853
/Users/a/Ayanami/code/TSP/data/classic/tsplib/gr137.tsp,hybrid,611,helsgaun,57,69107.778124412158,69112.055821604517,69853
/Users/a/Ayanami/code/TSP/data/classic/tsplib/gr137.tsp,hybrid,612,helsgaun,58,69103.26417228565,69112.055821604517,69853
/Users/a/Ayanami/code/TSP/data/classic/tsplib/gr137.tsp,hybrid,613,helsgaun,59,69107.061774546368,69112.055821604517,69853
/Users/a/Ayanami/code/TSP/data/classic/tsplib/gr137.tsp,hybrid,614,helsgaun,60,69106.874229994311,69112.055821604517,69853
/Users/a/Ayanami/code/TSP/data/classic/tsplib/gr137.tsp,hybrid,615,helsgaun,61,69108.361632883578,69112.055821604517,69853
/Users/a/Ayanami/code/TSP/data/classic/tsplib/gr137.tsp,hybrid,616,helsgaun,62,69104.458661275639,69112.055821604517,69853
/Users/a/Ayanami/code/TSP/data/classic/tsplib/gr137.tsp,hybrid,617,helsgaun,63,69106.963801706093,69112.055821604517,69853
/Users/a/Ayanami/code/TSP/data/classic/tsplib/gr137.tsp,hybrid,618,helsgaun,64,69108.165521802337,69112.055821604517,69853
/Users/a/Ayanami/code/TSP/data/classic/tsplib/gr137.tsp,hybrid,619,helsgaun,65,69108.068040529266,69112.055821604517,69853
/Users/a/Ayanami/code/TSP/data/classic/tsplib/gr137.tsp,hybrid,620,helsgaun,66,69105.06206925727,69112.055821604517,69853
/Users/a/Ayanami/code/TSP/data/classic/tsplib/gr137.tsp,hybrid,621,helsgaun,67,69106.262253988942,69112.055821604517,69853
/Users/a/Ayanami/code/TSP/data/classic/tsplib/gr137.tsp,hybrid,622,helsgaun,68,69106.567963880123,69112.055821604517,69853
/Users/a/Ayanami/code/TSP/data/classic/tsplib/gr137.tsp,hybrid,623,helsgaun,69,69109.560709997138,69112.055821604517,69853
/Users/a/Ayanami/code/TSP/data/classic/tsplib/gr137.tsp,hybrid,624,helsgaun,70,69108.060152574748,69112.055821604517,69853
/Users/a/Ayanami/code/TSP/data/classic/tsplib/gr137.tsp,hybrid,625,helsgaun,71,69109.404387580827,69112.055821604517,69853
/Users/a/Ayanami/code/TSP/data/classic/tsplib/gr137.tsp,hybrid,626,helsgaun,72,69110.414758145824,69112.055821604517,69853
/Users/a/Ayanami/code/TSP/data/classic/tsplib/gr137.tsp,hybrid,627,helsgaun,73,69111.107823859216,69112.055821604517,69853
/Users/a/Ayanami/code/TSP/data/classic/tsplib/gr137.tsp,hybrid,628,helsgaun,74,69110.108305772039,69112.055821604517,69853
/Users/a/Ayanami/code/TSP/data/classic/tsplib/gr137.tsp,hybrid,629,helsgaun,75,69108.568441261901,69112.055821604517,69853
/Users/a/Ayanami/code/TSP/data/classic/tsplib/gr137.tsp,hybrid,630,helsgaun,76,69111.208137157431,69112.055821604517,69853
/Users/a/Ayanami/code/TSP/data/classic/tsplib/gr137.tsp,hybrid,631,helsgaun,77,69111.960390015083,69112.055821604517,69853
/Users/a/Ayanami/code/TSP/data/classic/tsplib/gr137.tsp,hybrid,632,helsgaun,78,69108.866133452408,69112.055821604517,69853
/Users/a/Ayanami/code/TSP/data/classic/tsplib/gr137.tsp,hybrid,633,helsgaun,79,69111.114314094724,69112.055821604517,69853
/Users/a/Ayanami/code/TSP/data/classic/tsplib/gr137.tsp,hybrid,634,helsgaun,80,69110.763326220971,69112.055821604517,69853
/Users/a/Ayanami/code/TSP/data/classic/tsplib/gr137.tsp,hybrid,635,helsgaun,81,69111.51620263212,69112.055821604517,69853
/Users/a/Ayanami/code/TSP/data/classic/tsplib/gr137.tsp,hybrid,636,helsgaun,82,69109.560518106882,69112.055821604517,69853
/Users/a/Ayanami/code/TSP/data/classic/tsplib/gr137.tsp,hybrid,637,helsgaun,83,69110.115041091121,69112.055821604517,69853
/Users/a/Ayanami/code/TSP/data/classic/tsplib/gr137.tsp,hybrid,638,helsgaun,84,69110.312880734025,69112.055821604517,69853
/Users/a/Ayanami/code/TSP/data/classic/tsplib/gr137.tsp,hybrid,639,helsgaun,85,69111.774986305594,69112.055821604517,69853
/Users/a/Ayanami/code/TSP/data/classic/tsplib/gr137.tsp,hybrid,640,helsgaun,86,69109.213380898407,69112.055821604517,69853
/Users/a/Ayanami/code/TSP/data/classic/tsplib/gr137.tsp,hybrid,641,helsgaun,87,69109.487472078778,69112.055821604517,69853
/Users/a/Ayanami/code/TSP/data/classic/tsplib/gr137.tsp,hybrid,642,helsgaun,88,69111.1114881494,69112.055821604517,69853
/Users/a/Ayanami/code/TSP/data/classic/tsplib/gr137.tsp,hybrid,643,helsgaun,89,69111.462556923594,69112.055821604517,69853
/Users/a/Ayanami/code/TSP/data/classic/tsplib/gr137.tsp,hybrid,644,helsgaun,90,69108.963113179547,69112.055821604517,69853
/Users/a/Ayanami/code/TSP/data/classic/tsplib/gr137.tsp,hybrid,645,helsgaun,91,69110.415110847171,69112.055821604517,69853
/Users/a/Ayanami/code/TSP/data/classic/tsplib/gr137.tsp,hybrid,646,helsgaun,92,69110.911847393523,69112.055821604517,69853
/Users/a/Ayanami/code/TSP/data/classic/tsplib/gr137.tsp,hybrid,647,helsgaun,93,69111.598546528694,69112.055821604517,69853
/Users/a/Ayanami/code/TSP/data/classic/tsplib/gr137.tsp,hybrid,648,helsgaun,94,69109.560518106882,69112.055821604517,69853
/Users/a/Ayanami/code/TSP/data/classic/tsplib/gr137.tsp,hybrid,649,helsgaun,95,69110.465307783161,69112.055821604517,69853
/Users/a/Ayanami/code/TSP/data/classic/tsplib/gr137.tsp,hybrid,650,helsgaun,96,69110.162791810071,69112.055821604517,69853
/Users/a/Ayanami/code/TSP/data/classic/tsplib/gr137.tsp,hybrid,651,helsgaun,97,69112.360851557751,69112.360851557751,69853
/Users/a/Ayanami/code/TSP/data/classic/tsplib/gr137.tsp,hybrid,652,helsgaun,98,69108.713647590455,69112.360851557751,69853
/Users/a/Ayanami/code/TSP/data/classic/tsplib/gr137.tsp,hybrid,653,helsgaun,99,69110.412432439232,69112.360851557751,69853
/Users/a/Ayanami/code/TSP/data/classic/tsplib/gr137.tsp,hybrid,654,helsgaun,100,69110.86217598668,69112.360851557751,69853
/Users/a/Ayanami/code/TSP/data/classic/tsplib/gr137.tsp,hybrid,655,helsgaun,101,69110.565739242884,69112.360851557751,69853
/Users/a/Ayanami/code/TSP/data/classic/tsplib/gr137.tsp,hybrid,656,helsgaun,102,69109.074499704424,69112.360851557751,69853
/Users/a/Ayanami/code/TSP/data/classic/tsplib/gr137.tsp,hybrid,657,helsgaun,103,69110.495619937836,69112.360851557751,69853
/Users/a/Ayanami/code/TSP/data/classic/tsplib/gr137.tsp,hybrid,658,helsgaun,104,69112.263510032994,69112.360851557751,69853
/Users/a/Ayanami/code/TSP/data/classic/tsplib/gr137.tsp,hybrid,659,helsgaun,105,69111.985058122387,69112.360851557751,69853
/Users/a/Ayanami/code/TSP/data/classic/tsplib/gr137.tsp,hybrid,660,helsgaun,106,69112.462715302565,69112.462715302565,69853
/Users/a/Ayanami/code/TSP/data/classic/tsplib/gr137.tsp,hybrid,661,helsgaun,107,69111.815770664834,69112.462715302565,69853
/Users/a/Ayanami/code/TSP/data/classic/tsplib/gr137.tsp,hybrid,662,helsgaun,108,69112.536454970497,69112.536454970497,69853
/Users/a/Ayanami/code/TSP/data/classic/tsplib/gr137.tsp,hybrid,663,helsgaun,109,69111.6728022795,69112.536454970497,69853
/Users/a/Ayanami/code/TSP/data/classic/tsplib/gr137.tsp,hybrid,664,helsgaun,110,69112.092536754411,69112.536454970497,69853
/Users/a/Ayanami/code/TSP/data/classic/tsplib/gr137.tsp,hybrid,665,helsgaun,111,69112.239635413178,69112.536454970497,69853
/Users/a/Ayanami/code/TSP/data/classic/tsplib/gr137.tsp,hybrid,666,helsgaun,112,69112.662353769309,69112.662353769309,69853
/Users/a/Ayanami/code/TSP/data/classic/tsplib/gr137.tsp,hybrid,667,helsgaun,113,69111.840015013106,69112.662353769309,69853
/Users/a/Ayanami/code/TSP/data/classic/tsplib/gr137.tsp,hybrid,668,helsgaun,114,69112.110162882294,69112.662353769309,69853
/Users/a/Ayanami/code/TSP/data/classic/tsplib/gr137.tsp,hybrid,669,helsgaun,115,69112.104744338823,69112.662353769309,69853
/Users/a/Ayanami/code/TSP/data/classic/tsplib/gr137.tsp,hybrid,670,helsgaun,116,69111.767257345608,69112.662353769309,69853
/Users/a/Ayanami/code/TSP/data/classic/tsplib/gr137.tsp,hybrid,671,helsgaun,117,69111.986069705046,69112.662353769309,69853
/Users/a/Ayanami/code/TSP/data/classic/tsplib/gr137.tsp,hybrid,672,helsgaun,118,69112.286028675328,69112.662353769309,69853
/Users/a/Ayanami/code/TSP/data/classic/tsplib/gr137.tsp,hybrid,673,helsgaun,119,69111.820603872824,69112.662353769309,69853
/Users/a/Ayanami/code/TSP/data/classic/tsplib/gr137.tsp,hybrid,674,helsgaun,120,69112.308661275631,69112.662353769309,69853
/Users/a/Ayanami/code/TSP/data/classic/tsplib/gr137.tsp,hybrid,675,helsgaun,121,69112.520303523808,69112.662353769309,69853
/Users/a/Ayanami/code/TSP/data/classic/tsplib/gr137.tsp,hybrid,676,helsgaun,122,69112.802716334991,69112.802716334991,69853
/Users/a/Ayanami/code/TSP/data/classic/tsplib/gr137.tsp,hybrid,677,helsgaun,123,69112.611879930424,69112.802716334991,69853
/Users/a/Ayanami/code/TSP/data/classic/tsplib/gr137.tsp,hybrid,678,helsgaun,124,69112.740379463969,69112.802716334991,69853
/Users/a/Ayanami/code/TSP/data/classic/tsplib/gr137.tsp,hybrid,679,helsgaun,125,69112.851262909695,69112.851262909695,69853
/Users/a/Ayanami/code/TSP/data/classic/tsplib/gr137.tsp,hybrid,680,helsgaun,126,69113.220973731921,69113.220973731921,69853
/Users/a/Ayanami/code/TSP/data/classic/tsplib/gr137.tsp,hybrid,681,helsgaun,127,69112.887472990667,69113.220973731921,69853
/Users/a/Ayanami/code/TSP/data/classic/tsplib/gr137.tsp,hybrid,682,helsgaun,128,69112.8292071412,69113.220973731921,69853
/Users/a/Ayanami/code/TSP/data/classic/tsplib/gr137.tsp,hybrid,683,helsgaun,129,69113.242256327256,69113.242256327256,69853
/Users/a/Ayanami/code/TSP/data/classic/tsplib/gr137.tsp,hybrid,684,helsgaun,130,69113.384239927764,69113.384239927764,69853
/Users/a/Ayanami/code/TSP/data/classic/tsplib/gr137.tsp,hybrid,685,helsgaun,131,69113.411853313315,69113.411853313315,69853
/Users/a/Ayanami/code/TSP/data/classic/tsplib/gr137.tsp,hybrid,686,helsgaun,132,69113.289729687691,69113.411853313315,69853
/Users/a/Ayanami/code/TSP/data/classic/tsplib/gr137.tsp,hybrid,687,helsgaun,133,69113.464930102957,69113.464930102957,69853
/Users/a/Ayanami/code/TSP/data/classic/tsplib/gr137.tsp,hybrid,688,helsgaun,134,69113.490490033335,69113.490490033335,69853
/Users/a/Ayanami/code/TSP/data/classic/tsplib/gr137.tsp,hybrid,689,helsgaun,135,69113.529997349571,69113.529997349571,69853
/Users/a/Ayanami/code/TSP/data/classic/tsplib/gr137.tsp,hybrid,690,helsgaun,136,69113.482547068299,69113.529997349571,69853
/Users/a/Ayanami/code/TSP/data/classic/tsplib/gr137.tsp,hybrid,691,helsgaun,137,69113.546090074757,69113.546090074757,69853
/Users/a/Ayanami/code/TSP/data/classic/tsplib/gr137.tsp,hybrid,692,helsgaun,138,69113.556932506428,69113.556932506428,69853
/Users/a/Ayanami/code/TSP/data/classic/tsplib/gr137.tsp,hybrid,693,helsgaun,139,69113.583313180512,69113.583313180512,69853
/Users/a/Ayanami/code/TSP/data/classic/tsplib/gr137.tsp,hybrid,694,helsgaun,140,69113.542966411114,69113.583313180512,69853
/Users/a/Ayanami/code/TSP/data/classic/tsplib/gr137.tsp,hybrid,695,helsgaun,141,69113.568428299608,69113.583313180512,69853
/Users/a/Ayanami/code/TSP/data/classic/tsplib/gr137.tsp,hybrid,696,helsgaun,142,69113.612198304108,69113.612198304108,69853
/Users/a/Ayanami/code/TSP/data/classic/tsplib/gr137.tsp,hybrid,697,helsgaun,143,69113.599089767784,69113.612198304108,69853
/Users/a/Ayanami/code/TSP/data/classic/tsplib/gr137.tsp,hybrid,698,helsgaun,144,69113.605083896502,69113.612198304108,69853
/Users/a/Ayanami/code/TSP/data/classic/tsplib/gr137.tsp,hybrid,699,helsgaun,145,69113.624983254776,69113.624983254776,69853
/Users/a/Ayanami/code/TSP/data/classic/tsplib/gr137.tsp,hybrid,700,helsgaun,146,69113.628740855711,69113.628740855711,69853
/Users/a/Ayanami/code/TSP/data/classic/tsplib/gr137.tsp,hybrid,701,helsgaun,147,69113.636054034185,69113.636054034185,69853
/Users/a/Ayanami/code/TSP/data/classic/tsplib/gr137.tsp,hybrid,702,helsgaun,148,69113.62963991343,69113.636054034185,69853
/Users/a/Ayanami/code/TSP/data/classic/tsplib/gr137.tsp,hybrid,703,helsgaun,149,69113.634044615275,69113.636054034185,69853
/Users/a/Ayanami/code/TSP/data/classic/tsplib/gr137.tsp,hybrid,704,helsgaun,150,69113.640009470066,69113.640009470066,69853
