
=== Configuration 1/19: Concorde ===
Cached 0/50; running 50 call(s) with workers=5
[1/50] repeat 1 bayg29.tsp: ok time=0.035702s result=1610.0 branches=1
[2/50] repeat 1 bays29.tsp: ok time=0.041449s result=2020.0 branches=1
[3/50] repeat 1 berlin52.tsp: ok time=0.063010s result=7542.0 branches=1
[4/50] repeat 1 burma14.tsp: ok time=0.012333s result=3323.0 branches=1
[5/50] repeat 1 att48.tsp: ok time=0.093950s result=10628.0 branches=1
[6/50] repeat 1 brazil58.tsp: ok time=0.099719s result=25395.0 branches=1
[7/50] repeat 1 bier127.tsp: ok time=0.205011s result=118282.0 branches=1
[8/50] repeat 1 dantzig42.tsp: ok time=0.031247s result=699.0 branches=1
[9/50] repeat 1 brg180.tsp: ok time=0.208127s result=1950.0 branches=1
[10/50] repeat 1 dj38.tsp: ok time=0.024401s result=6656.0 branches=1
[11/50] repeat 1 ch130.tsp: ok time=0.191082s result=6110.0 branches=1
[12/50] repeat 1 eil51.tsp: ok time=0.044563s result=426.0 branches=1
[13/50] repeat 1 eil76.tsp: ok time=0.059538s result=538.0 branches=1
[14/50] repeat 1 eil101.tsp: ok time=0.083408s result=629.0 branches=1
[15/50] repeat 1 fri26.tsp: ok time=0.033249s result=937.0 branches=1
[16/50] repeat 1 gr17.tsp: ok time=0.028628s result=2085.0 branches=1
[17/50] repeat 1 gr21.tsp: ok time=0.011053s result=2707.0 branches=1
[18/50] repeat 1 gr24.tsp: ok time=0.028690s result=1272.0 branches=1
[19/50] repeat 1 ch150.tsp: ok time=0.349656s result=6528.0 branches=1
[20/50] repeat 1 gr48.tsp: ok time=0.095733s result=5046.0 branches=1
[21/50] repeat 1 gr120.tsp: ok time=0.188356s result=6942.0 branches=1
[22/50] repeat 1 hk48.tsp: ok time=0.045912s result=11461.0 branches=1
[23/50] repeat 1 kroA100.tsp: ok time=0.111817s result=21282.0 branches=1
[24/50] repeat 1 gr96.tsp: ok time=0.238317s result=55209.0 branches=1
[25/50] repeat 1 gr137.tsp: ok time=0.352091s result=69853.0 branches=1
[26/50] repeat 1 kroC100.tsp: ok time=0.120557s result=20749.0 branches=1
[27/50] repeat 1 kroB100.tsp: ok time=0.215670s result=22141.0 branches=1
[28/50] repeat 1 kroD100.tsp: ok time=0.139225s result=21294.0 branches=1
[29/50] repeat 1 lin105.tsp: ok time=0.095050s result=14379.0 branches=1
[30/50] repeat 1 kroA150.tsp: ok time=0.537403s result=26524.0 branches=1
[31/50] repeat 1 kroE100.tsp: ok time=0.266565s result=22068.0 branches=1
[32/50] repeat 1 kroB150.tsp: ok time=0.472286s result=26130.0 branches=1
[33/50] repeat 1 d198.tsp: ok time=1.071404s result=15780.0 branches=3
[34/50] repeat 1 pr107.tsp: ok time=0.172048s result=44303.0 branches=1
[35/50] repeat 1 pr76.tsp: ok time=0.203349s result=108159.0 branches=1
[36/50] repeat 1 pr144.tsp: ok time=0.294504s result=58537.0 branches=1
[37/50] repeat 1 pr124.tsp: ok time=0.509224s result=59030.0 branches=1
[38/50] repeat 1 pr136.tsp: ok time=0.612361s result=96772.0 branches=1
[39/50] repeat 1 rd100.tsp: ok time=0.096067s result=7910.0 branches=1
[40/50] repeat 1 qa194.tsp: ok time=0.456481s result=9352.0 branches=1
[41/50] repeat 1 st70.tsp: ok time=0.073361s result=675.0 branches=1
[42/50] repeat 1 swiss42.tsp: ok time=0.022150s result=1273.0 branches=1
[43/50] repeat 1 pr152.tsp: ok time=0.890001s result=73682.0 branches=1
[44/50] repeat 1 u159.tsp: ok time=0.135046s result=42080.0 branches=1
[45/50] repeat 1 ulysses16.tsp: ok time=0.036464s result=6859.0 branches=1
[46/50] repeat 1 wi29.tsp: ok time=0.039161s result=27603.0 branches=1
[47/50] repeat 1 xqf131.tsp: ok time=0.360981s result=564.0 branches=1
[48/50] repeat 1 rat99.tsp: ok time=1.271033s result=1211.0 branches=1
[49/50] repeat 1 si175.tsp: ok time=2.043676s result=21407.0 branches=3
[50/50] repeat 1 rat195.tsp: ok time=2.894400s result=2323.0 branches=3
Strategy table: /home/wj/code/TSP/outputs/phkmst-ablation/Concorde-07deea4ce57e
  rows=50 ok=50 timeout=0 error=0
  median wall=0.127801s branches=1

=== Configuration 2/19: D0 ===
Cached 0/50; running 50 call(s) with workers=5
[1/50] repeat 1 bayg29.tsp: ok time=0.016643s result=1610.0 branches=3
[2/50] repeat 1 bays29.tsp: ok time=0.023543s result=2020.0 branches=9
[3/50] repeat 1 berlin52.tsp: ok time=0.025742s result=7542.0 branches=1
[4/50] repeat 1 att48.tsp: ok time=0.036357s result=10628.0 branches=36
[5/50] repeat 1 burma14.tsp: ok time=0.009975s result=3323.0 branches=1
[6/50] repeat 1 brazil58.tsp: ok time=0.072017s result=25395.0 branches=125
[7/50] repeat 1 bier127.tsp: timeout time=1800.000000s result=None branches=None: timeout after 1800s
[8/50] repeat 1 ch130.tsp: timeout time=1800.000000s result=None branches=None: timeout after 1800s
[9/50] repeat 1 dantzig42.tsp: ok time=0.030985s result=699.0 branches=3
[10/50] repeat 1 ch150.tsp: timeout time=1800.000000s result=None branches=None: timeout after 1800s
[11/50] repeat 1 brg180.tsp: timeout time=1800.000000s result=None branches=None: timeout after 1800s
[12/50] repeat 1 dj38.tsp: ok time=0.012405s result=6656.0 branches=1
[13/50] repeat 1 fri26.tsp: ok time=0.014031s result=937.0 branches=1
[14/50] repeat 1 eil51.tsp: ok time=0.090784s result=426.0 branches=434
[15/50] repeat 1 d198.tsp: timeout time=1800.000000s result=None branches=None: timeout after 1800s
[16/50] repeat 1 gr17.tsp: ok time=0.011439s result=2085.0 branches=1
[17/50] repeat 1 gr21.tsp: ok time=0.014154s result=2707.0 branches=1
[18/50] repeat 1 gr24.tsp: ok time=0.017369s result=1272.0 branches=1
[19/50] repeat 1 eil76.tsp: ok time=0.232056s result=538.0 branches=461
[20/50] repeat 1 eil101.tsp: ok time=0.410858s result=629.0 branches=669
[21/50] repeat 1 hk48.tsp: ok time=0.034815s result=11461.0 branches=21
[22/50] repeat 1 gr48.tsp: ok time=0.327095s result=5046.0 branches=76141
[23/50] repeat 1 gr96.tsp: ok time=9.516146s result=55209.0 branches=1624631
[24/50] repeat 1 gr120.tsp: ok time=298.807090s result=6942.0 branches=66797543
[25/50] repeat 1 gr137.tsp: ok time=366.791647s result=69853.0 branches=23750078
[26/50] repeat 1 kroC100.tsp: ok time=31.201347s result=20749.0 branches=6988273
[27/50] repeat 1 kroD100.tsp: ok time=40.517368s result=21294.0 branches=9422607
[28/50] repeat 1 kroA100.tsp: ok time=733.565710s result=21282.0 branches=157366475
[29/50] repeat 1 lin105.tsp: ok time=0.201667s result=14379.0 branches=65
[30/50] repeat 1 kroA150.tsp: timeout time=1800.000000s result=None branches=None: timeout after 1800s
[31/50] repeat 1 pr124.tsp: ok time=4.347488s result=59030.0 branches=137396
[32/50] repeat 1 kroB100.tsp: timeout time=1800.000000s result=None branches=None: timeout after 1800s
[33/50] repeat 1 kroB150.tsp: timeout time=1800.000000s result=None branches=None: timeout after 1800s
[34/50] repeat 1 kroE100.tsp: timeout time=1800.000000s result=None branches=None: timeout after 1800s
[35/50] repeat 1 pr107.tsp: timeout time=1800.000000s result=None branches=None: timeout after 1800s
[36/50] repeat 1 pr136.tsp: timeout time=1800.000000s result=None branches=None: timeout after 1800s
[37/50] repeat 1 pr144.tsp: timeout time=1800.000000s result=None branches=None: timeout after 1800s
[38/50] repeat 1 rat99.tsp: ok time=0.479364s result=1211.0 branches=844
[39/50] repeat 1 rd100.tsp: ok time=0.590669s result=7910.0 branches=667
[40/50] repeat 1 pr152.tsp: timeout time=1800.000000s result=None branches=None: timeout after 1800s
[41/50] repeat 1 st70.tsp: ok time=1.480154s result=675.0 branches=135075
[42/50] repeat 1 swiss42.tsp: ok time=0.027069s result=1273.0 branches=8
[43/50] repeat 1 pr76.tsp: timeout time=1800.000000s result=None branches=None: timeout after 1800s
[44/50] repeat 1 ulysses16.tsp: ok time=0.011995s result=6859.0 branches=1
[45/50] repeat 1 wi29.tsp: ok time=0.012531s result=27603.0 branches=1
[46/50] repeat 1 qa194.tsp: timeout time=1800.000000s result=None branches=None: timeout after 1800s
[47/50] repeat 1 u159.tsp: ok time=539.977294s result=42080.0 branches=23481692
[48/50] repeat 1 rat195.tsp: timeout time=1800.000000s result=None branches=None: timeout after 1800s
[49/50] repeat 1 si175.tsp: timeout time=1800.000000s result=None branches=None: timeout after 1800s
[50/50] repeat 1 xqf131.tsp: timeout time=1800.000000s result=None branches=None: timeout after 1800s
Strategy table: /home/wj/code/TSP/outputs/phkmst-ablation/D0-cbb6f298ae83
  rows=50 ok=32 timeout=18 error=0
  median wall=0.081400s branches=95

=== Configuration 3/19: P16 ===
Cached 0/50; running 50 call(s) with workers=5
[1/50] repeat 1 berlin52.tsp: ok time=0.011758s result=7542.0 branches=1
[2/50] repeat 1 bayg29.tsp: ok time=0.018648s result=1610.0 branches=3
[3/50] repeat 1 bays29.tsp: ok time=0.020073s result=2020.0 branches=9
[4/50] repeat 1 att48.tsp: ok time=0.028454s result=10628.0 branches=36
[5/50] repeat 1 burma14.tsp: ok time=0.008059s result=3323.0 branches=1
[6/50] repeat 1 brazil58.tsp: ok time=0.060008s result=25395.0 branches=125
[7/50] repeat 1 ch150.tsp: ok time=142.979445s result=6528.0 branches=100246
[8/50] repeat 1 dantzig42.tsp: ok time=0.022997s result=699.0 branches=3
[9/50] repeat 1 dj38.tsp: ok time=0.016486s result=6656.0 branches=1
[10/50] repeat 1 eil101.tsp: ok time=0.398463s result=629.0 branches=669
[11/50] repeat 1 eil51.tsp: ok time=0.116823s result=426.0 branches=434
[12/50] repeat 1 eil76.tsp: ok time=0.232022s result=538.0 branches=461
[13/50] repeat 1 fri26.tsp: ok time=0.022813s result=937.0 branches=1
[14/50] repeat 1 gr120.tsp: ok time=15.280203s result=6942.0 branches=17218
[15/50] repeat 1 gr137.tsp: ok time=214.007965s result=69853.0 branches=227526
[16/50] repeat 1 gr17.tsp: ok time=0.013924s result=2085.0 branches=1
[17/50] repeat 1 gr21.tsp: ok time=0.013815s result=2707.0 branches=1
[18/50] repeat 1 gr24.tsp: ok time=0.020374s result=1272.0 branches=1
[19/50] repeat 1 gr48.tsp: ok time=0.350834s result=5046.0 branches=2354
[20/50] repeat 1 gr96.tsp: ok time=6.532709s result=55209.0 branches=14143
[21/50] repeat 1 hk48.tsp: ok time=0.028284s result=11461.0 branches=21
[22/50] repeat 1 kroA100.tsp: ok time=111.165565s result=21282.0 branches=439737
[23/50] repeat 1 kroA150.tsp: ok time=305.539567s result=26524.0 branches=195936
[24/50] repeat 1 kroB100.tsp: ok time=64.975096s result=22141.0 branches=102594
[25/50] repeat 1 ch130.tsp: ok time=864.456130s result=6110.0 branches=904164
[26/50] repeat 1 kroC100.tsp: ok time=20.010998s result=20749.0 branches=37038
[27/50] repeat 1 kroD100.tsp: ok time=19.097543s result=21294.0 branches=29829
[28/50] repeat 1 kroE100.tsp: ok time=131.002808s result=22068.0 branches=663187
[29/50] repeat 1 lin105.tsp: ok time=0.204506s result=14379.0 branches=65
[30/50] repeat 1 bier127.tsp: timeout time=1800.000000s result=None branches=None: timeout after 1800s
[31/50] repeat 1 brg180.tsp: timeout time=1800.000000s result=None branches=None: timeout after 1800s
[32/50] repeat 1 d198.tsp: timeout time=1800.000000s result=None branches=None: timeout after 1800s
[33/50] repeat 1 pr124.tsp: ok time=6.299068s result=59030.0 branches=8174
[34/50] repeat 1 kroB150.tsp: timeout time=1800.000000s result=None branches=None: timeout after 1800s
[35/50] repeat 1 pr107.tsp: timeout time=1800.000000s result=None branches=None: timeout after 1800s
[36/50] repeat 1 pr76.tsp: ok time=759.442140s result=108159.0 branches=3137470
[37/50] repeat 1 pr136.tsp: timeout time=1800.000000s result=None branches=None: timeout after 1800s
[38/50] repeat 1 pr144.tsp: timeout time=1800.000000s result=None branches=None: timeout after 1800s
[39/50] repeat 1 rat99.tsp: ok time=0.509410s result=1211.0 branches=844
[40/50] repeat 1 rd100.tsp: ok time=0.578739s result=7910.0 branches=667
[41/50] repeat 1 st70.tsp: ok time=1.192308s result=675.0 branches=3585
[42/50] repeat 1 swiss42.tsp: ok time=0.022208s result=1273.0 branches=8
[43/50] repeat 1 pr152.tsp: timeout time=1800.000000s result=None branches=None: timeout after 1800s
[44/50] repeat 1 ulysses16.tsp: ok time=0.013287s result=6859.0 branches=1
[45/50] repeat 1 wi29.tsp: ok time=0.012376s result=27603.0 branches=1
[46/50] repeat 1 u159.tsp: ok time=396.397310s result=42080.0 branches=318695
[47/50] repeat 1 qa194.tsp: timeout time=1800.000000s result=None branches=None: timeout after 1800s
[48/50] repeat 1 rat195.tsp: timeout time=1800.000000s result=None branches=None: timeout after 1800s
[49/50] repeat 1 si175.tsp: timeout time=1800.000000s result=None branches=None: timeout after 1800s
[50/50] repeat 1 xqf131.tsp: timeout time=1800.000000s result=None branches=None: timeout after 1800s
Strategy table: /home/wj/code/TSP/outputs/phkmst-ablation/P16-0e2acabaea99
  rows=50 ok=38 timeout=12 error=0
  median wall=0.291428s branches=564

=== Configuration 4/19: P8 ===
Cached 0/50; running 50 call(s) with workers=5
[1/50] repeat 1 bayg29.tsp: ok time=0.018851s result=1610.0 branches=3
[2/50] repeat 1 bays29.tsp: ok time=0.032601s result=2020.0 branches=9
[3/50] repeat 1 berlin52.tsp: ok time=0.033865s result=7542.0 branches=1
[4/50] repeat 1 att48.tsp: ok time=0.036566s result=10628.0 branches=56
[5/50] repeat 1 burma14.tsp: ok time=0.008827s result=3323.0 branches=1
[6/50] repeat 1 brazil58.tsp: ok time=0.075144s result=25395.0 branches=253
[7/50] repeat 1 ch150.tsp: ok time=476.974335s result=6528.0 branches=516845
[8/50] repeat 1 dantzig42.tsp: ok time=0.028355s result=699.0 branches=5
[9/50] repeat 1 dj38.tsp: ok time=0.018927s result=6656.0 branches=1
[10/50] repeat 1 eil101.tsp: ok time=0.704730s result=629.0 branches=1360
[11/50] repeat 1 eil51.tsp: ok time=0.134737s result=426.0 branches=829
[12/50] repeat 1 eil76.tsp: ok time=0.291874s result=538.0 branches=921
[13/50] repeat 1 fri26.tsp: ok time=0.022070s result=937.0 branches=1
[14/50] repeat 1 gr120.tsp: ok time=31.727864s result=6942.0 branches=48436
[15/50] repeat 1 gr137.tsp: ok time=324.484977s result=69853.0 branches=503045
[16/50] repeat 1 gr17.tsp: ok time=0.014042s result=2085.0 branches=1
[17/50] repeat 1 gr21.tsp: ok time=0.010418s result=2707.0 branches=1
[18/50] repeat 1 gr24.tsp: ok time=0.014340s result=1272.0 branches=1
[19/50] repeat 1 gr48.tsp: ok time=0.400764s result=5046.0 branches=3870
[20/50] repeat 1 gr96.tsp: ok time=14.686978s result=55209.0 branches=48068
[21/50] repeat 1 hk48.tsp: ok time=0.040378s result=11461.0 branches=20
[22/50] repeat 1 kroA100.tsp: ok time=132.751145s result=21282.0 branches=543973
[23/50] repeat 1 kroA150.tsp: ok time=514.256192s result=26524.0 branches=476111
[24/50] repeat 1 kroB100.tsp: ok time=165.737068s result=22141.0 branches=417684
[25/50] repeat 1 ch130.tsp: timeout time=1800.000000s result=None branches=None: timeout after 1800s
[26/50] repeat 1 bier127.tsp: timeout time=1800.000000s result=None branches=None: timeout after 1800s
[27/50] repeat 1 brg180.tsp: timeout time=1800.000000s result=None branches=None: timeout after 1800s
[28/50] repeat 1 d198.tsp: timeout time=1800.000000s result=None branches=None: timeout after 1800s
[29/50] repeat 1 lin105.tsp: ok time=0.249754s result=14379.0 branches=64
[30/50] repeat 1 kroC100.tsp: ok time=21.606927s result=20749.0 branches=49759
[31/50] repeat 1 pr124.tsp: ok time=9.582607s result=59030.0 branches=16873
[32/50] repeat 1 kroD100.tsp: ok time=38.850013s result=21294.0 branches=83275
[33/50] repeat 1 kroE100.tsp: ok time=139.811537s result=22068.0 branches=627272
[34/50] repeat 1 kroB150.tsp: timeout time=1800.000000s result=None branches=None: timeout after 1800s
[35/50] repeat 1 pr107.tsp: timeout time=1800.000000s result=None branches=None: timeout after 1800s
[36/50] repeat 1 pr136.tsp: timeout time=1800.000000s result=None branches=None: timeout after 1800s
[37/50] repeat 1 pr144.tsp: timeout time=1800.000000s result=None branches=None: timeout after 1800s
[38/50] repeat 1 rat99.tsp: ok time=0.567261s result=1211.0 branches=1216
[39/50] repeat 1 rd100.tsp: ok time=0.787738s result=7910.0 branches=1366
[40/50] repeat 1 pr152.tsp: timeout time=1800.000000s result=None branches=None: timeout after 1800s
[41/50] repeat 1 st70.tsp: ok time=3.255557s result=675.0 branches=16537
[42/50] repeat 1 swiss42.tsp: ok time=0.034415s result=1273.0 branches=6
[43/50] repeat 1 u159.tsp: ok time=327.977259s result=42080.0 branches=356995
[44/50] repeat 1 ulysses16.tsp: ok time=0.016061s result=6859.0 branches=1
[45/50] repeat 1 wi29.tsp: ok time=0.011999s result=27603.0 branches=1
[46/50] repeat 1 pr76.tsp: ok time=848.583119s result=108159.0 branches=4569674
[47/50] repeat 1 qa194.tsp: timeout time=1800.000000s result=None branches=None: timeout after 1800s
[48/50] repeat 1 rat195.tsp: timeout time=1800.000000s result=None branches=None: timeout after 1800s
[49/50] repeat 1 si175.tsp: timeout time=1800.000000s result=None branches=None: timeout after 1800s
[50/50] repeat 1 xqf131.tsp: timeout time=1800.000000s result=None branches=None: timeout after 1800s
Strategy table: /home/wj/code/TSP/outputs/phkmst-ablation/P8-a2ad8fbaab75
  rows=50 ok=37 timeout=13 error=0
  median wall=0.291874s branches=921

=== Configuration 5/19: P32 ===
Cached 0/50; running 50 call(s) with workers=5
[1/50] repeat 1 bayg29.tsp: ok time=0.016863s result=1610.0 branches=3
[2/50] repeat 1 bays29.tsp: ok time=0.027472s result=2020.0 branches=10
[3/50] repeat 1 berlin52.tsp: ok time=0.027783s result=7542.0 branches=1
[4/50] repeat 1 burma14.tsp: ok time=0.003894s result=3323.0 branches=1
[5/50] repeat 1 att48.tsp: ok time=0.041200s result=10628.0 branches=29
[6/50] repeat 1 brazil58.tsp: ok time=0.065778s result=25395.0 branches=88
[7/50] repeat 1 ch150.tsp: ok time=116.345264s result=6528.0 branches=60352
[8/50] repeat 1 dantzig42.tsp: ok time=0.035556s result=699.0 branches=3
[9/50] repeat 1 dj38.tsp: ok time=0.020484s result=6656.0 branches=1
[10/50] repeat 1 eil101.tsp: ok time=0.569664s result=629.0 branches=695
[11/50] repeat 1 eil51.tsp: ok time=0.107035s result=426.0 branches=429
[12/50] repeat 1 eil76.tsp: ok time=0.260961s result=538.0 branches=454
[13/50] repeat 1 fri26.tsp: ok time=0.015997s result=937.0 branches=1
[14/50] repeat 1 gr120.tsp: ok time=17.418048s result=6942.0 branches=12407
[15/50] repeat 1 gr137.tsp: ok time=67.940088s result=69853.0 branches=51113
[16/50] repeat 1 gr17.tsp: ok time=0.026598s result=2085.0 branches=1
[17/50] repeat 1 gr21.tsp: ok time=0.015000s result=2707.0 branches=1
[18/50] repeat 1 gr24.tsp: ok time=0.019800s result=1272.0 branches=1
[19/50] repeat 1 gr48.tsp: ok time=0.281931s result=5046.0 branches=1203
[20/50] repeat 1 gr96.tsp: ok time=3.605433s result=55209.0 branches=5119
[21/50] repeat 1 hk48.tsp: ok time=0.027893s result=11461.0 branches=18
[22/50] repeat 1 kroA100.tsp: ok time=105.710595s result=21282.0 branches=406666
[23/50] repeat 1 ch130.tsp: ok time=315.591918s result=6110.0 branches=205952
[24/50] repeat 1 kroB100.tsp: ok time=27.747133s result=22141.0 branches=29185
[25/50] repeat 1 kroA150.tsp: ok time=206.272342s result=26524.0 branches=89949
[26/50] repeat 1 kroC100.tsp: ok time=18.782941s result=20749.0 branches=22282
[27/50] repeat 1 kroD100.tsp: ok time=16.877136s result=21294.0 branches=16514
[28/50] repeat 1 kroE100.tsp: ok time=104.644706s result=22068.0 branches=603657
[29/50] repeat 1 lin105.tsp: ok time=0.244641s result=14379.0 branches=81
[30/50] repeat 1 bier127.tsp: timeout time=1800.000000s result=None branches=None: timeout after 1800s
[31/50] repeat 1 brg180.tsp: timeout time=1800.000000s result=None branches=None: timeout after 1800s
[32/50] repeat 1 d198.tsp: timeout time=1800.000000s result=None branches=None: timeout after 1800s
[33/50] repeat 1 pr124.tsp: ok time=4.967453s result=59030.0 branches=3749
[34/50] repeat 1 pr144.tsp: ok time=336.751405s result=58537.0 branches=175447
[35/50] repeat 1 kroB150.tsp: timeout time=1800.000000s result=None branches=None: timeout after 1800s
[36/50] repeat 1 pr107.tsp: timeout time=1800.000000s result=None branches=None: timeout after 1800s
[37/50] repeat 1 pr76.tsp: ok time=821.091600s result=108159.0 branches=2709624
[38/50] repeat 1 rat99.tsp: ok time=0.425774s result=1211.0 branches=412
[39/50] repeat 1 rd100.tsp: ok time=0.579191s result=7910.0 branches=507
[40/50] repeat 1 pr136.tsp: timeout time=1800.000000s result=None branches=None: timeout after 1800s
[41/50] repeat 1 st70.tsp: ok time=0.467235s result=675.0 branches=977
[42/50] repeat 1 swiss42.tsp: ok time=0.028933s result=1273.0 branches=5
[43/50] repeat 1 pr152.tsp: timeout time=1800.000000s result=None branches=None: timeout after 1800s
[44/50] repeat 1 ulysses16.tsp: ok time=0.026444s result=6859.0 branches=1
[45/50] repeat 1 wi29.tsp: ok time=0.027404s result=27603.0 branches=1
[46/50] repeat 1 rat195.tsp: ok time=1275.600940s result=2323.0 branches=315708
[47/50] repeat 1 qa194.tsp: timeout time=1800.000000s result=None branches=None: timeout after 1800s
[48/50] repeat 1 u159.tsp: ok time=342.945840s result=42080.0 branches=190887
[49/50] repeat 1 si175.tsp: timeout time=1800.000000s result=None branches=None: timeout after 1800s
[50/50] repeat 1 xqf131.tsp: timeout time=1800.000000s result=None branches=None: timeout after 1800s
Strategy table: /home/wj/code/TSP/outputs/phkmst-ablation/P32-84ca94548940
  rows=50 ok=40 timeout=10 error=0
  median wall=0.353853s branches=480

=== Configuration 6/19: P64 ===
Cached 0/50; running 50 call(s) with workers=5
[1/50] repeat 1 bayg29.tsp: ok time=0.023024s result=1610.0 branches=3
[2/50] repeat 1 berlin52.tsp: ok time=0.031659s result=7542.0 branches=1
[3/50] repeat 1 bays29.tsp: ok time=0.032785s result=2020.0 branches=8
[4/50] repeat 1 burma14.tsp: ok time=0.004422s result=3323.0 branches=1
[5/50] repeat 1 att48.tsp: ok time=0.039601s result=10628.0 branches=25
[6/50] repeat 1 brazil58.tsp: ok time=0.066215s result=25395.0 branches=40
[7/50] repeat 1 ch150.tsp: ok time=145.886630s result=6528.0 branches=45333
[8/50] repeat 1 dantzig42.tsp: ok time=0.033430s result=699.0 branches=3
[9/50] repeat 1 dj38.tsp: ok time=0.017017s result=6656.0 branches=1
[10/50] repeat 1 eil101.tsp: ok time=0.680850s result=629.0 branches=698
[11/50] repeat 1 eil51.tsp: ok time=0.142467s result=426.0 branches=327
[12/50] repeat 1 eil76.tsp: ok time=0.328004s result=538.0 branches=364
[13/50] repeat 1 fri26.tsp: ok time=0.019183s result=937.0 branches=1
[14/50] repeat 1 gr120.tsp: ok time=16.956723s result=6942.0 branches=8048
[15/50] repeat 1 gr137.tsp: ok time=72.865599s result=69853.0 branches=32773
[16/50] repeat 1 gr17.tsp: ok time=0.019439s result=2085.0 branches=1
[17/50] repeat 1 gr21.tsp: ok time=0.018899s result=2707.0 branches=1
[18/50] repeat 1 gr24.tsp: ok time=0.023028s result=1272.0 branches=1
[19/50] repeat 1 gr48.tsp: ok time=0.374161s result=5046.0 branches=1218
[20/50] repeat 1 gr96.tsp: ok time=3.415072s result=55209.0 branches=3144
[21/50] repeat 1 hk48.tsp: ok time=0.029569s result=11461.0 branches=12
[22/50] repeat 1 ch130.tsp: ok time=264.578136s result=6110.0 branches=110631
[23/50] repeat 1 kroA100.tsp: ok time=104.228763s result=21282.0 branches=388670
[24/50] repeat 1 kroB100.tsp: ok time=39.280618s result=22141.0 branches=26794
[25/50] repeat 1 kroA150.tsp: ok time=206.640890s result=26524.0 branches=55833
[26/50] repeat 1 kroC100.tsp: ok time=20.267976s result=20749.0 branches=17056
[27/50] repeat 1 kroD100.tsp: ok time=20.535842s result=21294.0 branches=12600
[28/50] repeat 1 kroE100.tsp: ok time=127.932683s result=22068.0 branches=616389
[29/50] repeat 1 lin105.tsp: ok time=0.242264s result=14379.0 branches=68
[30/50] repeat 1 bier127.tsp: timeout time=1800.000000s result=None branches=None: timeout after 1800s
[31/50] repeat 1 brg180.tsp: timeout time=1800.000000s result=None branches=None: timeout after 1800s
[32/50] repeat 1 d198.tsp: timeout time=1800.000000s result=None branches=None: timeout after 1800s
[33/50] repeat 1 pr124.tsp: ok time=5.269069s result=59030.0 branches=2726
[34/50] repeat 1 pr144.tsp: ok time=264.859513s result=58537.0 branches=94476
[35/50] repeat 1 kroB150.tsp: timeout time=1800.000000s result=None branches=None: timeout after 1800s
[36/50] repeat 1 pr107.tsp: timeout time=1800.000000s result=None branches=None: timeout after 1800s
[37/50] repeat 1 pr76.tsp: ok time=973.120002s result=108159.0 branches=2509196
[38/50] repeat 1 rat99.tsp: ok time=0.400552s result=1211.0 branches=251
[39/50] repeat 1 rd100.tsp: ok time=0.664056s result=7910.0 branches=395
[40/50] repeat 1 pr136.tsp: timeout time=1800.000000s result=None branches=None: timeout after 1800s
[41/50] repeat 1 st70.tsp: ok time=0.507109s result=675.0 branches=730
[42/50] repeat 1 swiss42.tsp: ok time=0.020702s result=1273.0 branches=8
[43/50] repeat 1 pr152.tsp: timeout time=1800.000000s result=None branches=None: timeout after 1800s
[44/50] repeat 1 ulysses16.tsp: ok time=0.028694s result=6859.0 branches=1
[45/50] repeat 1 wi29.tsp: ok time=0.023876s result=27603.0 branches=1
[46/50] repeat 1 qa194.tsp: timeout time=1800.000000s result=None branches=None: timeout after 1800s
[47/50] repeat 1 u159.tsp: ok time=408.403415s result=42080.0 branches=158573
[48/50] repeat 1 rat195.tsp: ok time=1761.989724s result=2323.0 branches=284305
[49/50] repeat 1 si175.tsp: timeout time=1800.000000s result=None branches=None: timeout after 1800s
[50/50] repeat 1 xqf131.tsp: timeout time=1800.000000s result=None branches=None: timeout after 1800s
Strategy table: /home/wj/code/TSP/outputs/phkmst-ablation/P64-bcf6040ab277
  rows=50 ok=40 timeout=10 error=0
  median wall=0.387356s branches=380

=== Configuration 7/19: P128 ===
Cached 0/50; running 50 call(s) with workers=5
[1/50] repeat 1 bayg29.tsp: ok time=0.017170s result=1610.0 branches=3
[2/50] repeat 1 berlin52.tsp: ok time=0.030941s result=7542.0 branches=1
[3/50] repeat 1 bays29.tsp: ok time=0.031865s result=2020.0 branches=8
[4/50] repeat 1 att48.tsp: ok time=0.036078s result=10628.0 branches=25
[5/50] repeat 1 burma14.tsp: ok time=0.021227s result=3323.0 branches=1
[6/50] repeat 1 brazil58.tsp: ok time=0.074290s result=25395.0 branches=40
[7/50] repeat 1 ch150.tsp: ok time=145.615000s result=6528.0 branches=45333
[8/50] repeat 1 dantzig42.tsp: ok time=0.021982s result=699.0 branches=3
[9/50] repeat 1 dj38.tsp: ok time=0.015257s result=6656.0 branches=1
[10/50] repeat 1 eil101.tsp: ok time=0.670084s result=629.0 branches=698
[11/50] repeat 1 eil51.tsp: ok time=0.132384s result=426.0 branches=327
[12/50] repeat 1 eil76.tsp: ok time=0.308477s result=538.0 branches=364
[13/50] repeat 1 fri26.tsp: ok time=0.023189s result=937.0 branches=1
[14/50] repeat 1 gr120.tsp: ok time=17.073783s result=6942.0 branches=8048
[15/50] repeat 1 gr137.tsp: ok time=69.982691s result=69853.0 branches=32773
[16/50] repeat 1 gr17.tsp: ok time=0.022834s result=2085.0 branches=1
[17/50] repeat 1 gr21.tsp: ok time=0.015066s result=2707.0 branches=1
[18/50] repeat 1 gr24.tsp: ok time=0.014494s result=1272.0 branches=1
[19/50] repeat 1 gr48.tsp: ok time=0.344105s result=5046.0 branches=1218
[20/50] repeat 1 gr96.tsp: ok time=3.368546s result=55209.0 branches=3144
[21/50] repeat 1 hk48.tsp: ok time=0.029010s result=11461.0 branches=12
[22/50] repeat 1 ch130.tsp: ok time=241.594663s result=6110.0 branches=110631
[23/50] repeat 1 kroA100.tsp: ok time=102.595088s result=21282.0 branches=388670
[24/50] repeat 1 kroB100.tsp: ok time=38.482242s result=22141.0 branches=26794
[25/50] repeat 1 kroA150.tsp: ok time=183.644973s result=26524.0 branches=55833
[26/50] repeat 1 kroC100.tsp: ok time=20.370973s result=20749.0 branches=17056
[27/50] repeat 1 kroD100.tsp: ok time=20.885544s result=21294.0 branches=12600
[28/50] repeat 1 kroE100.tsp: ok time=121.472971s result=22068.0 branches=616389
[29/50] repeat 1 lin105.tsp: ok time=0.225271s result=14379.0 branches=68
[30/50] repeat 1 bier127.tsp: timeout time=1800.000000s result=None branches=None: timeout after 1800s
[31/50] repeat 1 brg180.tsp: timeout time=1800.000000s result=None branches=None: timeout after 1800s
[32/50] repeat 1 d198.tsp: timeout time=1800.000000s result=None branches=None: timeout after 1800s
[33/50] repeat 1 pr124.tsp: ok time=5.305806s result=59030.0 branches=2726
[34/50] repeat 1 pr144.tsp: ok time=274.816055s result=58537.0 branches=94476
[35/50] repeat 1 kroB150.tsp: timeout time=1800.000000s result=None branches=None: timeout after 1800s
[36/50] repeat 1 pr107.tsp: timeout time=1800.000000s result=None branches=None: timeout after 1800s
[37/50] repeat 1 pr76.tsp: ok time=1079.031237s result=108159.0 branches=2509196
[38/50] repeat 1 rat99.tsp: ok time=0.391382s result=1211.0 branches=251
[39/50] repeat 1 rd100.tsp: ok time=0.624786s result=7910.0 branches=395
[40/50] repeat 1 pr136.tsp: timeout time=1800.000000s result=None branches=None: timeout after 1800s
[41/50] repeat 1 st70.tsp: ok time=0.491283s result=675.0 branches=730
[42/50] repeat 1 swiss42.tsp: ok time=0.022374s result=1273.0 branches=8
[43/50] repeat 1 pr152.tsp: timeout time=1800.000000s result=None branches=None: timeout after 1800s
[44/50] repeat 1 ulysses16.tsp: ok time=0.023427s result=6859.0 branches=1
[45/50] repeat 1 wi29.tsp: ok time=0.017431s result=27603.0 branches=1
[46/50] repeat 1 qa194.tsp: timeout time=1800.000000s result=None branches=None: timeout after 1800s
[47/50] repeat 1 u159.tsp: ok time=388.431410s result=42080.0 branches=158573
[48/50] repeat 1 rat195.tsp: ok time=1715.272263s result=2323.0 branches=284305
[49/50] repeat 1 si175.tsp: timeout time=1800.000000s result=None branches=None: timeout after 1800s
[50/50] repeat 1 xqf131.tsp: timeout time=1800.000000s result=None branches=None: timeout after 1800s
Strategy table: /home/wj/code/TSP/outputs/phkmst-ablation/P128-ba5f558d610b
  rows=50 ok=40 timeout=10 error=0
  median wall=0.367743s branches=380

=== Configuration 8/19: H2 ===
Cached 0/50; running 50 call(s) with workers=5
[1/50] repeat 1 bays29.tsp: ok time=0.007084s result=2020.0 branches=12
[2/50] repeat 1 bayg29.tsp: ok time=0.033329s result=1610.0 branches=3
[3/50] repeat 1 berlin52.tsp: ok time=0.033664s result=7542.0 branches=1
[4/50] repeat 1 att48.tsp: ok time=0.036171s result=10628.0 branches=58
[5/50] repeat 1 burma14.tsp: ok time=0.003452s result=3323.0 branches=1
[6/50] repeat 1 brazil58.tsp: ok time=0.057578s result=25395.0 branches=336
[7/50] repeat 1 ch150.tsp: ok time=202.181344s result=6528.0 branches=304447
[8/50] repeat 1 dantzig42.tsp: ok time=0.033489s result=699.0 branches=7
[9/50] repeat 1 dj38.tsp: ok time=0.021723s result=6656.0 branches=1
[10/50] repeat 1 eil101.tsp: ok time=0.512070s result=629.0 branches=1254
[11/50] repeat 1 eil51.tsp: ok time=0.103118s result=426.0 branches=615
[12/50] repeat 1 eil76.tsp: ok time=0.215737s result=538.0 branches=707
[13/50] repeat 1 fri26.tsp: ok time=0.025737s result=937.0 branches=1
[14/50] repeat 1 gr120.tsp: ok time=19.751995s result=6942.0 branches=42752
[15/50] repeat 1 gr137.tsp: ok time=209.836585s result=69853.0 branches=427277
[16/50] repeat 1 gr17.tsp: ok time=0.029183s result=2085.0 branches=1
[17/50] repeat 1 gr21.tsp: ok time=0.023005s result=2707.0 branches=1
[18/50] repeat 1 gr24.tsp: ok time=0.030558s result=1272.0 branches=1
[19/50] repeat 1 gr48.tsp: ok time=0.330612s result=5046.0 branches=4760
[20/50] repeat 1 gr96.tsp: ok time=6.632546s result=55209.0 branches=30622
[21/50] repeat 1 hk48.tsp: ok time=0.028051s result=11461.0 branches=16
[22/50] repeat 1 kroA100.tsp: ok time=117.079757s result=21282.0 branches=543897
[23/50] repeat 1 ch130.tsp: ok time=953.392294s result=6110.0 branches=2104193
[24/50] repeat 1 kroB100.tsp: ok time=117.936144s result=22141.0 branches=435306
[25/50] repeat 1 kroA150.tsp: ok time=564.194171s result=26524.0 branches=832345
[26/50] repeat 1 kroC100.tsp: ok time=18.354523s result=20749.0 branches=67288
[27/50] repeat 1 kroD100.tsp: ok time=24.331800s result=21294.0 branches=74668
[28/50] repeat 1 kroE100.tsp: ok time=105.345286s result=22068.0 branches=624197
[29/50] repeat 1 lin105.tsp: ok time=0.210818s result=14379.0 branches=74
[30/50] repeat 1 bier127.tsp: timeout time=1800.000000s result=None branches=None: timeout after 1800s
[31/50] repeat 1 brg180.tsp: timeout time=1800.000000s result=None branches=None: timeout after 1800s
[32/50] repeat 1 d198.tsp: timeout time=1800.000000s result=None branches=None: timeout after 1800s
[33/50] repeat 1 pr124.tsp: ok time=6.967784s result=59030.0 branches=17769
[34/50] repeat 1 kroB150.tsp: timeout time=1800.000000s result=None branches=None: timeout after 1800s
[35/50] repeat 1 pr107.tsp: timeout time=1800.000000s result=None branches=None: timeout after 1800s
[36/50] repeat 1 pr76.tsp: ok time=699.005972s result=108159.0 branches=5040019
[37/50] repeat 1 pr136.tsp: timeout time=1800.000000s result=None branches=None: timeout after 1800s
[38/50] repeat 1 pr144.tsp: timeout time=1800.000000s result=None branches=None: timeout after 1800s
[39/50] repeat 1 rat99.tsp: ok time=0.422398s result=1211.0 branches=1257
[40/50] repeat 1 rd100.tsp: ok time=0.844787s result=7910.0 branches=2108
[41/50] repeat 1 st70.tsp: ok time=1.196870s result=675.0 branches=8017
[42/50] repeat 1 swiss42.tsp: ok time=0.026434s result=1273.0 branches=5
[43/50] repeat 1 pr152.tsp: timeout time=1800.000000s result=None branches=None: timeout after 1800s
[44/50] repeat 1 ulysses16.tsp: ok time=0.026592s result=6859.0 branches=1
[45/50] repeat 1 wi29.tsp: ok time=0.018160s result=27603.0 branches=1
[46/50] repeat 1 u159.tsp: ok time=164.998096s result=42080.0 branches=282228
[47/50] repeat 1 qa194.tsp: timeout time=1800.000000s result=None branches=None: timeout after 1800s
[48/50] repeat 1 rat195.tsp: timeout time=1800.000000s result=None branches=None: timeout after 1800s
[49/50] repeat 1 si175.tsp: timeout time=1800.000000s result=None branches=None: timeout after 1800s
[50/50] repeat 1 xqf131.tsp: timeout time=1800.000000s result=None branches=None: timeout after 1800s
Strategy table: /home/wj/code/TSP/outputs/phkmst-ablation/H2-b8cf7c246482
  rows=50 ok=38 timeout=12 error=0
  median wall=0.273175s branches=980

=== Configuration 9/19: H3 ===
Cached 0/50; running 50 call(s) with workers=5
[1/50] repeat 1 bayg29.tsp: ok time=0.016428s result=1610.0 branches=3
[2/50] repeat 1 bays29.tsp: ok time=0.038873s result=2020.0 branches=13
[3/50] repeat 1 berlin52.tsp: ok time=0.039415s result=7542.0 branches=1
[4/50] repeat 1 att48.tsp: ok time=0.041529s result=10628.0 branches=57
[5/50] repeat 1 burma14.tsp: ok time=0.022031s result=3323.0 branches=1
[6/50] repeat 1 brazil58.tsp: ok time=0.080512s result=25395.0 branches=965
[7/50] repeat 1 ch150.tsp: ok time=440.588140s result=6528.0 branches=1206559
[8/50] repeat 1 dantzig42.tsp: ok time=0.023812s result=699.0 branches=10
[9/50] repeat 1 dj38.tsp: ok time=0.015998s result=6656.0 branches=1
[10/50] repeat 1 eil101.tsp: ok time=0.558259s result=629.0 branches=1909
[11/50] repeat 1 eil51.tsp: ok time=0.104516s result=426.0 branches=1040
[12/50] repeat 1 eil76.tsp: ok time=0.312650s result=538.0 branches=1972
[13/50] repeat 1 fri26.tsp: ok time=0.027373s result=937.0 branches=1
[14/50] repeat 1 gr120.tsp: ok time=26.738849s result=6942.0 branches=104675
[15/50] repeat 1 gr137.tsp: ok time=158.164261s result=69853.0 branches=598690
[16/50] repeat 1 gr17.tsp: ok time=0.028164s result=2085.0 branches=1
[17/50] repeat 1 gr21.tsp: ok time=0.018919s result=2707.0 branches=1
[18/50] repeat 1 gr24.tsp: ok time=0.017393s result=1272.0 branches=1
[19/50] repeat 1 gr48.tsp: ok time=0.283173s result=5046.0 branches=6604
[20/50] repeat 1 gr96.tsp: ok time=5.596369s result=55209.0 branches=44243
[21/50] repeat 1 hk48.tsp: ok time=0.041259s result=11461.0 branches=26
[22/50] repeat 1 kroA100.tsp: ok time=117.672740s result=21282.0 branches=718609
[23/50] repeat 1 kroA150.tsp: ok time=706.033879s result=26524.0 branches=1674893
[24/50] repeat 1 kroB100.tsp: ok time=95.676362s result=22141.0 branches=637165
[25/50] repeat 1 bier127.tsp: timeout time=1800.000000s result=None branches=None: timeout after 1800s
[26/50] repeat 1 brg180.tsp: timeout time=1800.000000s result=None branches=None: timeout after 1800s
[27/50] repeat 1 ch130.tsp: timeout time=1800.000000s result=None branches=None: timeout after 1800s
[28/50] repeat 1 d198.tsp: timeout time=1800.000000s result=None branches=None: timeout after 1800s
[29/50] repeat 1 lin105.tsp: ok time=0.208833s result=14379.0 branches=91
[30/50] repeat 1 kroC100.tsp: ok time=19.591305s result=20749.0 branches=122457
[31/50] repeat 1 pr124.tsp: ok time=6.520706s result=59030.0 branches=26011
[32/50] repeat 1 kroD100.tsp: ok time=32.584882s result=21294.0 branches=169322
[33/50] repeat 1 kroE100.tsp: ok time=280.986662s result=22068.0 branches=2165362
[34/50] repeat 1 kroB150.tsp: timeout time=1800.000000s result=None branches=None: timeout after 1800s
[35/50] repeat 1 pr107.tsp: timeout time=1800.000000s result=None branches=None: timeout after 1800s
[36/50] repeat 1 pr136.tsp: timeout time=1800.000000s result=None branches=None: timeout after 1800s
[37/50] repeat 1 pr144.tsp: timeout time=1800.000000s result=None branches=None: timeout after 1800s
[38/50] repeat 1 rat99.tsp: ok time=0.406177s result=1211.0 branches=1828
[39/50] repeat 1 rd100.tsp: ok time=0.834611s result=7910.0 branches=3261
[40/50] repeat 1 pr152.tsp: timeout time=1800.000000s result=None branches=None: timeout after 1800s
[41/50] repeat 1 st70.tsp: ok time=1.243817s result=675.0 branches=14607
[42/50] repeat 1 swiss42.tsp: ok time=0.027342s result=1273.0 branches=8
[43/50] repeat 1 u159.tsp: ok time=98.248914s result=42080.0 branches=285370
[44/50] repeat 1 ulysses16.tsp: ok time=0.026155s result=6859.0 branches=1
[45/50] repeat 1 wi29.tsp: ok time=0.018559s result=27603.0 branches=1
[46/50] repeat 1 pr76.tsp: ok time=717.669745s result=108159.0 branches=7821864
[47/50] repeat 1 qa194.tsp: timeout time=1800.000000s result=None branches=None: timeout after 1800s
[48/50] repeat 1 rat195.tsp: timeout time=1800.000000s result=None branches=None: timeout after 1800s
[49/50] repeat 1 si175.tsp: timeout time=1800.000000s result=None branches=None: timeout after 1800s
[50/50] repeat 1 xqf131.tsp: timeout time=1800.000000s result=None branches=None: timeout after 1800s
Strategy table: /home/wj/code/TSP/outputs/phkmst-ablation/H3-b19c00683bfd
  rows=50 ok=37 timeout=13 error=0
  median wall=0.283173s branches=1828

=== Configuration 10/19: H4 ===
Cached 0/50; running 50 call(s) with workers=5
[1/50] repeat 1 bays29.tsp: ok time=0.016599s result=2020.0 branches=15
[2/50] repeat 1 berlin52.tsp: ok time=0.036573s result=7542.0 branches=1
[3/50] repeat 1 bayg29.tsp: ok time=0.038104s result=1610.0 branches=3
[4/50] repeat 1 att48.tsp: ok time=0.038911s result=10628.0 branches=99
[5/50] repeat 1 burma14.tsp: ok time=0.018103s result=3323.0 branches=1
[6/50] repeat 1 brazil58.tsp: ok time=0.099116s result=25395.0 branches=1730
[7/50] repeat 1 ch150.tsp: ok time=786.022920s result=6528.0 branches=2873624
[8/50] repeat 1 dantzig42.tsp: ok time=0.039646s result=699.0 branches=12
[9/50] repeat 1 dj38.tsp: ok time=0.023987s result=6656.0 branches=1
[10/50] repeat 1 eil101.tsp: ok time=0.538773s result=629.0 branches=2517
[11/50] repeat 1 eil51.tsp: ok time=0.094215s result=426.0 branches=1603
[12/50] repeat 1 eil76.tsp: ok time=0.300803s result=538.0 branches=2403
[13/50] repeat 1 fri26.tsp: ok time=0.033566s result=937.0 branches=1
[14/50] repeat 1 gr120.tsp: ok time=43.752598s result=6942.0 branches=229865

=== Configuration 1/19: Concorde ===
Cached 50/50; running 0 call(s) with workers=5
Strategy table: /home/wj/code/TSP/outputs/phkmst-ablation/Concorde-07deea4ce57e
  rows=50 ok=50 timeout=0 error=0
  median wall=0.127801s branches=1

=== Configuration 2/19: D0 ===
Cached 50/50; running 0 call(s) with workers=5
Strategy table: /home/wj/code/TSP/outputs/phkmst-ablation/D0-cbb6f298ae83
  rows=50 ok=32 timeout=18 error=0
  median wall=0.081400s branches=95

=== Configuration 3/19: P16 ===
Cached 50/50; running 0 call(s) with workers=5
Strategy table: /home/wj/code/TSP/outputs/phkmst-ablation/P16-0e2acabaea99
  rows=50 ok=38 timeout=12 error=0
  median wall=0.291428s branches=564

=== Configuration 4/19: P8 ===
Cached 50/50; running 0 call(s) with workers=5
Strategy table: /home/wj/code/TSP/outputs/phkmst-ablation/P8-a2ad8fbaab75
  rows=50 ok=37 timeout=13 error=0
  median wall=0.291874s branches=921

=== Configuration 5/19: P32 ===
Cached 50/50; running 0 call(s) with workers=5
Strategy table: /home/wj/code/TSP/outputs/phkmst-ablation/P32-84ca94548940
  rows=50 ok=40 timeout=10 error=0
  median wall=0.353853s branches=480

=== Configuration 6/19: P64 ===
Cached 50/50; running 0 call(s) with workers=5
Strategy table: /home/wj/code/TSP/outputs/phkmst-ablation/P64-bcf6040ab277
  rows=50 ok=40 timeout=10 error=0
  median wall=0.387356s branches=380

=== Configuration 7/19: P128 ===
Cached 50/50; running 0 call(s) with workers=5
Strategy table: /home/wj/code/TSP/outputs/phkmst-ablation/P128-ba5f558d610b
  rows=50 ok=40 timeout=10 error=0
  median wall=0.367743s branches=380

=== Configuration 8/19: H2 ===
Cached 50/50; running 0 call(s) with workers=5
Strategy table: /home/wj/code/TSP/outputs/phkmst-ablation/H2-b8cf7c246482
  rows=50 ok=38 timeout=12 error=0
  median wall=0.273175s branches=980

=== Configuration 9/19: H3 ===
Cached 50/50; running 0 call(s) with workers=5
Strategy table: /home/wj/code/TSP/outputs/phkmst-ablation/H3-b19c00683bfd
  rows=50 ok=37 timeout=13 error=0
  median wall=0.283173s branches=1828

=== Configuration 10/19: H4 ===
Cached 14/50; running 36 call(s) with workers=5
[15/50] repeat 1 gr137.tsp: ok time=614.134690s result=69853.0 branches=3429763
[16/50] repeat 1 gr17.tsp: ok time=0.035987s result=2085.0 branches=1
[17/50] repeat 1 gr21.tsp: ok time=0.026950s result=2707.0 branches=1
[18/50] repeat 1 gr24.tsp: ok time=0.033965s result=1272.0 branches=1
[19/50] repeat 1 gr48.tsp: ok time=0.283478s result=5046.0 branches=8591
[20/50] repeat 1 gr96.tsp: ok time=6.189181s result=55209.0 branches=70299
[21/50] repeat 1 hk48.tsp: ok time=0.060428s result=11461.0 branches=29
[22/50] repeat 1 kroA100.tsp: ok time=88.893621s result=21282.0 branches=616650
[23/50] repeat 1 bier127.tsp: timeout time=1800.000000s result=None branches=None: timeout after 1800s
[24/50] repeat 1 ch130.tsp: timeout time=1800.000000s result=None branches=None: timeout after 1800s
[25/50] repeat 1 d198.tsp: timeout time=1800.000000s result=None branches=None: timeout after 1800s
[26/50] repeat 1 brg180.tsp: timeout time=1800.000000s result=None branches=None: timeout after 1800s
[27/50] repeat 1 kroC100.tsp: ok time=34.570944s result=20749.0 branches=297683
[28/50] repeat 1 kroD100.tsp: ok time=42.053446s result=21294.0 branches=347863
[29/50] repeat 1 lin105.tsp: ok time=0.201462s result=14379.0 branches=82
[30/50] repeat 1 kroB100.tsp: ok time=106.438409s result=22141.0 branches=987874
[31/50] repeat 1 pr124.tsp: ok time=4.391946s result=59030.0 branches=29643
[32/50] repeat 1 kroA150.tsp: ok time=1235.484944s result=26524.0 branches=3979173
[33/50] repeat 1 kroE100.tsp: ok time=325.653761s result=22068.0 branches=3479792
[34/50] repeat 1 kroB150.tsp: timeout time=1800.000000s result=None branches=None: timeout after 1800s
[35/50] repeat 1 pr107.tsp: timeout time=1800.000000s result=None branches=None: timeout after 1800s
[36/50] repeat 1 pr136.tsp: timeout time=1800.000000s result=None branches=None: timeout after 1800s
[37/50] repeat 1 pr144.tsp: timeout time=1800.000000s result=None branches=None: timeout after 1800s
[38/50] repeat 1 rat99.tsp: ok time=0.445578s result=1211.0 branches=2887
[39/50] repeat 1 rd100.tsp: ok time=0.766188s result=7910.0 branches=4345
[40/50] repeat 1 pr152.tsp: timeout time=1800.000000s result=None branches=None: timeout after 1800s
[41/50] repeat 1 st70.tsp: ok time=2.469357s result=675.0 branches=43736
[42/50] repeat 1 swiss42.tsp: ok time=0.058748s result=1273.0 branches=8
[43/50] repeat 1 u159.tsp: ok time=72.986358s result=42080.0 branches=293912
[44/50] repeat 1 ulysses16.tsp: ok time=0.039737s result=6859.0 branches=1
[45/50] repeat 1 wi29.tsp: ok time=0.034989s result=27603.0 branches=1
[46/50] repeat 1 pr76.tsp: ok time=728.729708s result=108159.0 branches=11390222
[47/50] repeat 1 qa194.tsp: timeout time=1800.000000s result=None branches=None: timeout after 1800s
[48/50] repeat 1 rat195.tsp: timeout time=1800.000000s result=None branches=None: timeout after 1800s
[49/50] repeat 1 si175.tsp: timeout time=1800.000000s result=None branches=None: timeout after 1800s
[50/50] repeat 1 xqf131.tsp: timeout time=1800.000000s result=None branches=None: timeout after 1800s
Strategy table: /home/wj/code/TSP/outputs/phkmst-ablation/H4-48c8a8573883
  rows=50 ok=37 timeout=13 error=0
  median wall=0.283478s branches=2403

=== Configuration 11/19: H232 ===
Cached 0/50; running 50 call(s) with workers=5
[1/50] repeat 1 bayg29.tsp: ok time=0.015603s result=1610.0 branches=3
[2/50] repeat 1 berlin52.tsp: ok time=0.036393s result=7542.0 branches=1
[3/50] repeat 1 bays29.tsp: ok time=0.038544s result=2020.0 branches=11
[4/50] repeat 1 att48.tsp: ok time=0.040880s result=10628.0 branches=36
[5/50] repeat 1 burma14.tsp: ok time=0.020146s result=3323.0 branches=1
[6/50] repeat 1 brazil58.tsp: ok time=0.089061s result=25395.0 branches=236
[7/50] repeat 1 ch150.tsp: ok time=129.555401s result=6528.0 branches=148466
[8/50] repeat 1 dantzig42.tsp: ok time=0.029658s result=699.0 branches=7
[9/50] repeat 1 dj38.tsp: ok time=0.038806s result=6656.0 branches=1
[10/50] repeat 1 eil101.tsp: ok time=0.478692s result=629.0 branches=841
[11/50] repeat 1 eil51.tsp: ok time=0.101936s result=426.0 branches=546
[12/50] repeat 1 eil76.tsp: ok time=0.273023s result=538.0 branches=860
[13/50] repeat 1 fri26.tsp: ok time=0.030337s result=937.0 branches=1
[14/50] repeat 1 gr120.tsp: ok time=16.168747s result=6942.0 branches=27028
[15/50] repeat 1 gr137.tsp: ok time=75.573093s result=69853.0 branches=130296
[16/50] repeat 1 gr17.tsp: ok time=0.031881s result=2085.0 branches=1
[17/50] repeat 1 gr21.tsp: ok time=0.021224s result=2707.0 branches=1
[18/50] repeat 1 gr24.tsp: ok time=0.020662s result=1272.0 branches=1
[19/50] repeat 1 gr48.tsp: ok time=0.301465s result=5046.0 branches=2892
[20/50] repeat 1 gr96.tsp: ok time=2.400058s result=55209.0 branches=6585
[21/50] repeat 1 hk48.tsp: ok time=0.038845s result=11461.0 branches=18
[22/50] repeat 1 kroA100.tsp: ok time=95.276321s result=21282.0 branches=455323
[23/50] repeat 1 ch130.tsp: ok time=377.079718s result=6110.0 branches=551925
[24/50] repeat 1 kroB100.tsp: ok time=49.889252s result=22141.0 branches=130789
[25/50] repeat 1 kroA150.tsp: ok time=212.958798s result=26524.0 branches=235971
[26/50] repeat 1 kroC100.tsp: ok time=12.512817s result=20749.0 branches=31185
[27/50] repeat 1 kroD100.tsp: ok time=16.734106s result=21294.0 branches=36270
[28/50] repeat 1 kroE100.tsp: ok time=83.650840s result=22068.0 branches=589833
[29/50] repeat 1 lin105.tsp: ok time=0.204472s result=14379.0 branches=60
[30/50] repeat 1 brg180.tsp: timeout time=1800.000000s result=None branches=None: timeout after 1800s
[31/50] repeat 1 bier127.tsp: timeout time=1800.000000s result=None branches=None: timeout after 1800s
[32/50] repeat 1 d198.tsp: timeout time=1800.000000s result=None branches=None: timeout after 1800s
[33/50] repeat 1 pr124.tsp: ok time=3.282970s result=59030.0 branches=6613
[34/50] repeat 1 kroB150.tsp: timeout time=1800.000000s result=None branches=None: timeout after 1800s
[35/50] repeat 1 pr107.tsp: timeout time=1800.000000s result=None branches=None: timeout after 1800s
[36/50] repeat 1 pr76.tsp: ok time=660.804786s result=108159.0 branches=4079681
[37/50] repeat 1 pr144.tsp: ok time=1506.491226s result=58537.0 branches=1949658
[38/50] repeat 1 rat99.tsp: ok time=0.282679s result=1211.0 branches=455
[39/50] repeat 1 rd100.tsp: ok time=0.464655s result=7910.0 branches=797
[40/50] repeat 1 pr136.tsp: timeout time=1800.000000s result=None branches=None: timeout after 1800s
[41/50] repeat 1 st70.tsp: ok time=0.547575s result=675.0 branches=2721
[42/50] repeat 1 swiss42.tsp: ok time=0.030620s result=1273.0 branches=5
[43/50] repeat 1 pr152.tsp: timeout time=1800.000000s result=None branches=None: timeout after 1800s
[44/50] repeat 1 ulysses16.tsp: ok time=0.023300s result=6859.0 branches=1
[45/50] repeat 1 wi29.tsp: ok time=0.018058s result=27603.0 branches=1
[46/50] repeat 1 u159.tsp: ok time=200.742017s result=42080.0 branches=276508
[47/50] repeat 1 qa194.tsp: timeout time=1800.000000s result=None branches=None: timeout after 1800s
[48/50] repeat 1 rat195.tsp: ok time=1524.162382s result=2323.0 branches=956628
[49/50] repeat 1 si175.tsp: timeout time=1800.000000s result=None branches=None: timeout after 1800s
[50/50] repeat 1 xqf131.tsp: timeout time=1800.000000s result=None branches=None: timeout after 1800s
Strategy table: /home/wj/code/TSP/outputs/phkmst-ablation/H232-217a82ac051b
  rows=50 ok=40 timeout=10 error=0
  median wall=0.292072s branches=819

=== Configuration 12/19: helsgaun32 ===
Cached 0/50; running 50 call(s) with workers=5
[1/50] repeat 1 bayg29.tsp: ok time=0.015564s result=1610.0 branches=3
[2/50] repeat 1 att48.tsp: ok time=0.053223s result=10628.0 branches=36
[3/50] repeat 1 bays29.tsp: ok time=0.053546s result=2020.0 branches=8
[4/50] repeat 1 berlin52.tsp: ok time=0.055738s result=7542.0 branches=1
[5/50] repeat 1 burma14.tsp: ok time=0.011996s result=3323.0 branches=1
[6/50] repeat 1 brazil58.tsp: ok time=0.078592s result=25395.0 branches=101
[7/50] repeat 1 ch150.tsp: ok time=224.993480s result=6528.0 branches=117608
[8/50] repeat 1 dantzig42.tsp: ok time=0.050709s result=699.0 branches=3
[9/50] repeat 1 dj38.tsp: ok time=0.031613s result=6656.0 branches=1
[10/50] repeat 1 eil101.tsp: ok time=18.990333s result=629.0 branches=18009
[11/50] repeat 1 eil51.tsp: ok time=0.223625s result=426.0 branches=746
[12/50] repeat 1 eil76.tsp: ok time=4.220568s result=538.0 branches=7497
[13/50] repeat 1 fri26.tsp: ok time=0.033916s result=937.0 branches=1
[14/50] repeat 1 gr120.tsp: ok time=28.340555s result=6942.0 branches=21877
[15/50] repeat 1 gr137.tsp: ok time=284.385588s result=69853.0 branches=205360
[16/50] repeat 1 gr17.tsp: ok time=0.031048s result=2085.0 branches=1
[17/50] repeat 1 gr21.tsp: ok time=0.004364s result=2707.0 branches=1
[18/50] repeat 1 gr24.tsp: ok time=0.017862s result=1272.0 branches=1
[19/50] repeat 1 gr48.tsp: ok time=0.488972s result=5046.0 branches=2645
[20/50] repeat 1 gr96.tsp: ok time=7.701962s result=55209.0 branches=11678
[21/50] repeat 1 hk48.tsp: ok time=0.034958s result=11461.0 branches=24
[22/50] repeat 1 kroA100.tsp: ok time=219.436960s result=21282.0 branches=491695
[23/50] repeat 1 ch130.tsp: ok time=1005.500733s result=6110.0 branches=705599
[24/50] repeat 1 kroB100.tsp: ok time=227.216295s result=22141.0 branches=272048
[25/50] repeat 1 bier127.tsp: timeout time=1800.000000s result=None branches=None: timeout after 1800s
[26/50] repeat 1 brg180.tsp: timeout time=1800.000000s result=None branches=None: timeout after 1800s
[27/50] repeat 1 d198.tsp: timeout time=1800.000000s result=None branches=None: timeout after 1800s
[28/50] repeat 1 kroC100.tsp: ok time=24.677063s result=20749.0 branches=29379
[29/50] repeat 1 lin105.tsp: ok time=0.197541s result=14379.0 branches=33
[30/50] repeat 1 kroD100.tsp: ok time=49.269749s result=21294.0 branches=49656
[31/50] repeat 1 pr124.tsp: ok time=14.209650s result=59030.0 branches=12549
[32/50] repeat 1 kroA150.tsp: ok time=1150.414526s result=26524.0 branches=515862
[33/50] repeat 1 kroE100.tsp: ok time=198.494124s result=22068.0 branches=517532
[34/50] repeat 1 kroB150.tsp: timeout time=1800.000000s result=None branches=None: timeout after 1800s
[35/50] repeat 1 pr107.tsp: timeout time=1800.000000s result=None branches=None: timeout after 1800s
[36/50] repeat 1 pr136.tsp: timeout time=1800.000000s result=None branches=None: timeout after 1800s
[37/50] repeat 1 pr144.tsp: timeout time=1800.000000s result=None branches=None: timeout after 1800s
[38/50] repeat 1 rat99.tsp: ok time=1.381132s result=1211.0 branches=2168
[39/50] repeat 1 rd100.tsp: ok time=0.795611s result=7910.0 branches=822
[40/50] repeat 1 pr152.tsp: timeout time=1800.000000s result=None branches=None: timeout after 1800s
[41/50] repeat 1 st70.tsp: ok time=4.704322s result=675.0 branches=11109
[42/50] repeat 1 swiss42.tsp: ok time=0.039407s result=1273.0 branches=5
[43/50] repeat 1 u159.tsp: ok time=607.922791s result=42080.0 branches=318129
[44/50] repeat 1 ulysses16.tsp: ok time=0.040637s result=6859.0 branches=1
[45/50] repeat 1 wi29.tsp: ok time=0.013692s result=27603.0 branches=1
[46/50] repeat 1 pr76.tsp: ok time=1793.426243s result=108159.0 branches=4735014
[47/50] repeat 1 qa194.tsp: timeout time=1800.000000s result=None branches=None: timeout after 1800s
[48/50] repeat 1 rat195.tsp: timeout time=1800.000000s result=None branches=None: timeout after 1800s
[49/50] repeat 1 si175.tsp: timeout time=1800.000000s result=None branches=None: timeout after 1800s
[50/50] repeat 1 xqf131.tsp: timeout time=1800.000000s result=None branches=None: timeout after 1800s
Strategy table: /home/wj/code/TSP/outputs/phkmst-ablation/helsgaun32-ae2adfddd544
  rows=50 ok=38 timeout=12 error=0
  median wall=0.642291s branches=1495

=== Configuration 13/19: helsgaun64 ===
Cached 0/50; running 50 call(s) with workers=5
[1/50] repeat 1 bays29.tsp: ok time=0.013771s result=2020.0 branches=8
[2/50] repeat 1 berlin52.tsp: ok time=0.042071s result=7542.0 branches=1
[3/50] repeat 1 bayg29.tsp: ok time=0.048043s result=1610.0 branches=3
[4/50] repeat 1 att48.tsp: ok time=0.049556s result=10628.0 branches=34
[5/50] repeat 1 burma14.tsp: ok time=0.007308s result=3323.0 branches=1
[6/50] repeat 1 brazil58.tsp: ok time=0.109226s result=25395.0 branches=90
[7/50] repeat 1 ch150.tsp: ok time=283.703321s result=6528.0 branches=92094
[8/50] repeat 1 dantzig42.tsp: ok time=0.037438s result=699.0 branches=3
[9/50] repeat 1 dj38.tsp: ok time=0.038240s result=6656.0 branches=1
[10/50] repeat 1 eil101.tsp: ok time=7.811222s result=629.0 branches=2793
[11/50] repeat 1 eil51.tsp: ok time=0.180548s result=426.0 branches=436
[12/50] repeat 1 eil76.tsp: ok time=0.669697s result=538.0 branches=579
[13/50] repeat 1 fri26.tsp: ok time=0.031343s result=937.0 branches=1
[14/50] repeat 1 gr120.tsp: ok time=24.024959s result=6942.0 branches=10651
[15/50] repeat 1 gr137.tsp: ok time=320.133091s result=69853.0 branches=147432
[16/50] repeat 1 gr17.tsp: ok time=0.036199s result=2085.0 branches=1
[17/50] repeat 1 gr21.tsp: ok time=0.034482s result=2707.0 branches=1
[18/50] repeat 1 gr24.tsp: ok time=0.035290s result=1272.0 branches=1
[19/50] repeat 1 gr48.tsp: ok time=0.518960s result=5046.0 branches=1872
[20/50] repeat 1 gr96.tsp: ok time=12.697335s result=55209.0 branches=10550
[21/50] repeat 1 hk48.tsp: ok time=0.051381s result=11461.0 branches=22
[22/50] repeat 1 ch130.tsp: ok time=884.024334s result=6110.0 branches=384500
[23/50] repeat 1 kroA100.tsp: ok time=440.325161s result=21282.0 branches=499017
[24/50] repeat 1 kroB100.tsp: ok time=163.676490s result=22141.0 branches=107595
[25/50] repeat 1 bier127.tsp: timeout time=1800.000000s result=None branches=None: timeout after 1800s
[26/50] repeat 1 brg180.tsp: timeout time=1800.000000s result=None branches=None: timeout after 1800s
[27/50] repeat 1 d198.tsp: timeout time=1800.000000s result=None branches=None: timeout after 1800s
[28/50] repeat 1 kroC100.tsp: ok time=48.540814s result=20749.0 branches=30787
[29/50] repeat 1 lin105.tsp: ok time=0.292833s result=14379.0 branches=96
[30/50] repeat 1 kroD100.tsp: ok time=60.077468s result=21294.0 branches=33093
[31/50] repeat 1 pr124.tsp: ok time=43.859989s result=59030.0 branches=20910
[32/50] repeat 1 kroA150.tsp: ok time=1080.628640s result=26524.0 branches=339812
[33/50] repeat 1 kroE100.tsp: ok time=243.316096s result=22068.0 branches=563544
[34/50] repeat 1 kroB150.tsp: timeout time=1800.000000s result=None branches=None: timeout after 1800s
[35/50] repeat 1 pr107.tsp: timeout time=1800.000000s result=None branches=None: timeout after 1800s
[36/50] repeat 1 pr136.tsp: timeout time=1800.000000s result=None branches=None: timeout after 1800s
[37/50] repeat 1 pr144.tsp: timeout time=1800.000000s result=None branches=None: timeout after 1800s
[38/50] repeat 1 rat99.tsp: ok time=1.353062s result=1211.0 branches=1167
[39/50] repeat 1 rd100.tsp: ok time=0.872907s result=7910.0 branches=580
[40/50] repeat 1 pr152.tsp: timeout time=1800.000000s result=None branches=None: timeout after 1800s
[41/50] repeat 1 st70.tsp: ok time=0.620528s result=675.0 branches=744
[42/50] repeat 1 swiss42.tsp: ok time=0.038968s result=1273.0 branches=5
[43/50] repeat 1 u159.tsp: ok time=945.933782s result=42080.0 branches=350330
[44/50] repeat 1 ulysses16.tsp: ok time=0.030880s result=6859.0 branches=1
[45/50] repeat 1 wi29.tsp: ok time=0.025746s result=27603.0 branches=1
[46/50] repeat 1 pr76.tsp: timeout time=1800.000000s result=None branches=None: timeout after 1800s
[47/50] repeat 1 qa194.tsp: timeout time=1800.000000s result=None branches=None: timeout after 1800s
[48/50] repeat 1 rat195.tsp: timeout time=1800.000000s result=None branches=None: timeout after 1800s
[49/50] repeat 1 si175.tsp: timeout time=1800.000000s result=None branches=None: timeout after 1800s
[50/50] repeat 1 xqf131.tsp: timeout time=1800.000000s result=None branches=None: timeout after 1800s
Strategy table: /home/wj/code/TSP/outputs/phkmst-ablation/helsgaun64-77da5a45f38b
  rows=50 ok=37 timeout=13 error=0
  median wall=0.518960s branches=579

=== Configuration 14/19: helsgaun128 ===
Cached 0/50; running 50 call(s) with workers=5
[1/50] repeat 1 bayg29.tsp: ok time=0.013604s result=1610.0 branches=3
[2/50] repeat 1 bays29.tsp: ok time=0.029886s result=2020.0 branches=8
[3/50] repeat 1 berlin52.tsp: ok time=0.037657s result=7542.0 branches=1
[4/50] repeat 1 att48.tsp: ok time=0.039563s result=10628.0 branches=33
[5/50] repeat 1 burma14.tsp: ok time=0.003777s result=3323.0 branches=1
[6/50] repeat 1 brazil58.tsp: ok time=0.104525s result=25395.0 branches=109
[7/50] repeat 1 ch150.tsp: ok time=137.101151s result=6528.0 branches=25521
[8/50] repeat 1 dantzig42.tsp: ok time=0.035830s result=699.0 branches=3
[9/50] repeat 1 dj38.tsp: ok time=0.024427s result=6656.0 branches=1
[10/50] repeat 1 eil101.tsp: ok time=1.568756s result=629.0 branches=706
[11/50] repeat 1 eil51.tsp: ok time=0.165473s result=426.0 branches=398
[12/50] repeat 1 eil76.tsp: ok time=0.506355s result=538.0 branches=401
[13/50] repeat 1 fri26.tsp: ok time=0.035162s result=937.0 branches=1
[14/50] repeat 1 gr120.tsp: ok time=17.685973s result=6942.0 branches=4908
[15/50] repeat 1 ch130.tsp: ok time=359.661807s result=6110.0 branches=84059
[16/50] repeat 1 gr17.tsp: ok time=0.035239s result=2085.0 branches=1
[17/50] repeat 1 gr21.tsp: ok time=0.009891s result=2707.0 branches=1
[18/50] repeat 1 gr24.tsp: ok time=0.025223s result=1272.0 branches=1
[19/50] repeat 1 gr48.tsp: ok time=0.602031s result=5046.0 branches=1900
[20/50] repeat 1 gr96.tsp: ok time=19.976138s result=55209.0 branches=11061
[21/50] repeat 1 hk48.tsp: ok time=0.053801s result=11461.0 branches=9
[22/50] repeat 1 gr137.tsp: ok time=441.875391s result=69853.0 branches=104098
[23/50] repeat 1 kroA100.tsp: ok time=359.665171s result=21282.0 branches=423126
[24/50] repeat 1 kroB100.tsp: ok time=109.014483s result=22141.0 branches=42919
[25/50] repeat 1 kroA150.tsp: ok time=469.114990s result=26524.0 branches=71295
[26/50] repeat 1 kroC100.tsp: ok time=65.047937s result=20749.0 branches=29649
[27/50] repeat 1 kroD100.tsp: ok time=45.618990s result=21294.0 branches=17803
[28/50] repeat 1 kroE100.tsp: ok time=217.648218s result=22068.0 branches=591227
[29/50] repeat 1 lin105.tsp: ok time=0.238063s result=14379.0 branches=42
[30/50] repeat 1 bier127.tsp: timeout time=1800.000000s result=None branches=None: timeout after 1800s
[31/50] repeat 1 brg180.tsp: timeout time=1800.000000s result=None branches=None: timeout after 1800s
[32/50] repeat 1 d198.tsp: timeout time=1800.000000s result=None branches=None: timeout after 1800s
[33/50] repeat 1 pr124.tsp: ok time=53.793778s result=59030.0 branches=17099
[34/50] repeat 1 kroB150.tsp: timeout time=1800.000000s result=None branches=None: timeout after 1800s
[35/50] repeat 1 pr107.tsp: timeout time=1800.000000s result=None branches=None: timeout after 1800s
[36/50] repeat 1 pr136.tsp: timeout time=1800.000000s result=None branches=None: timeout after 1800s
[37/50] repeat 1 pr144.tsp: timeout time=1800.000000s result=None branches=None: timeout after 1800s
[38/50] repeat 1 rat99.tsp: ok time=0.987743s result=1211.0 branches=539
[39/50] repeat 1 rd100.tsp: ok time=0.621180s result=7910.0 branches=274
[40/50] repeat 1 pr152.tsp: timeout time=1800.000000s result=None branches=None: timeout after 1800s
[41/50] repeat 1 st70.tsp: ok time=0.948829s result=675.0 branches=919
[42/50] repeat 1 swiss42.tsp: ok time=0.036026s result=1273.0 branches=5
[43/50] repeat 1 pr76.tsp: timeout time=1800.000000s result=None branches=None: timeout after 1800s
[44/50] repeat 1 ulysses16.tsp: ok time=0.029576s result=6859.0 branches=1
[45/50] repeat 1 wi29.tsp: ok time=0.019534s result=27603.0 branches=1
[46/50] repeat 1 qa194.tsp: timeout time=1800.000000s result=None branches=None: timeout after 1800s
[47/50] repeat 1 rat195.tsp: timeout time=1800.000000s result=None branches=None: timeout after 1800s
[48/50] repeat 1 si175.tsp: timeout time=1800.000000s result=None branches=None: timeout after 1800s
[49/50] repeat 1 u159.tsp: timeout time=1800.000000s result=None branches=None: timeout after 1800s
[50/50] repeat 1 xqf131.tsp: timeout time=1800.000000s result=None branches=None: timeout after 1800s
Strategy table: /home/wj/code/TSP/outputs/phkmst-ablation/helsgaun128-6b4937024ee2
  rows=50 ok=36 timeout=14 error=0
  median wall=0.372209s branches=336

=== Configuration 15/19: hybrid ===
Cached 0/50; running 50 call(s) with workers=5
[1/50] repeat 1 bayg29.tsp: ok time=0.015871s result=1610.0 branches=3
[2/50] repeat 1 berlin52.tsp: ok time=0.032171s result=7542.0 branches=1
[3/50] repeat 1 bays29.tsp: ok time=0.044056s result=2020.0 branches=9
[4/50] repeat 1 att48.tsp: ok time=0.055430s result=10628.0 branches=36
[5/50] repeat 1 burma14.tsp: ok time=0.033727s result=3323.0 branches=1
[6/50] repeat 1 brazil58.tsp: ok time=0.087343s result=25395.0 branches=30
[7/50] repeat 1 brg180.tsp: ok time=0.451165s result=1950.0 branches=101
[8/50] repeat 1 dantzig42.tsp: ok time=0.026400s result=699.0 branches=4
[9/50] repeat 1 dj38.tsp: ok time=0.039409s result=6656.0 branches=1
[10/50] repeat 1 eil101.tsp: ok time=0.411870s result=629.0 branches=669
[11/50] repeat 1 eil51.tsp: ok time=0.097115s result=426.0 branches=434
[12/50] repeat 1 eil76.tsp: ok time=0.226269s result=538.0 branches=461
[13/50] repeat 1 fri26.tsp: ok time=0.026450s result=937.0 branches=1
[14/50] repeat 1 gr120.tsp: ok time=14.418206s result=6942.0 branches=17218
[15/50] repeat 1 gr137.tsp: ok time=180.081283s result=69853.0 branches=210917
[16/50] repeat 1 gr17.tsp: ok time=0.031689s result=2085.0 branches=1
[17/50] repeat 1 gr21.tsp: ok time=0.032528s result=2707.0 branches=1
[18/50] repeat 1 gr24.tsp: ok time=0.025116s result=1272.0 branches=1
[19/50] repeat 1 gr48.tsp: ok time=0.325408s result=5046.0 branches=2354
[20/50] repeat 1 gr96.tsp: ok time=6.182663s result=55209.0 branches=14143
[21/50] repeat 1 hk48.tsp: ok time=0.037942s result=11461.0 branches=5
[22/50] repeat 1 kroA100.tsp: ok time=106.261974s result=21282.0 branches=439737
[23/50] repeat 1 kroA150.tsp: ok time=131.400326s result=26524.0 branches=92048
[24/50] repeat 1 kroB100.tsp: ok time=62.467094s result=22141.0 branches=102594
[25/50] repeat 1 ch150.tsp: ok time=631.799887s result=6528.0 branches=504420
[26/50] repeat 1 kroC100.tsp: ok time=20.249161s result=20749.0 branches=37038
[27/50] repeat 1 kroD100.tsp: ok time=19.226627s result=21294.0 branches=29829
[28/50] repeat 1 kroE100.tsp: ok time=135.836743s result=22068.0 branches=663187
[29/50] repeat 1 lin105.tsp: ok time=0.265785s result=14379.0 branches=65
[30/50] repeat 1 ch130.tsp: ok time=843.787678s result=6110.0 branches=904164
[31/50] repeat 1 pr124.tsp: ok time=6.209113s result=59030.0 branches=8174
[32/50] repeat 1 bier127.tsp: timeout time=1800.000000s result=None branches=None: timeout after 1800s
[33/50] repeat 1 d198.tsp: timeout time=1800.000000s result=None branches=None: timeout after 1800s
[34/50] repeat 1 kroB150.tsp: timeout time=1800.000000s result=None branches=None: timeout after 1800s
[35/50] repeat 1 pr107.tsp: timeout time=1800.000000s result=None branches=None: timeout after 1800s
[36/50] repeat 1 pr136.tsp: timeout time=1800.000000s result=None branches=None: timeout after 1800s
[37/50] repeat 1 pr76.tsp: ok time=700.338160s result=108159.0 branches=3137470
[38/50] repeat 1 rat99.tsp: ok time=0.500598s result=1211.0 branches=844
[39/50] repeat 1 rd100.tsp: ok time=0.548890s result=7910.0 branches=667
[40/50] repeat 1 rat195.tsp: ok time=854.300770s result=2323.0 branches=345450
[41/50] repeat 1 st70.tsp: ok time=1.115286s result=675.0 branches=3585
[42/50] repeat 1 swiss42.tsp: ok time=0.038776s result=1273.0 branches=8
[43/50] repeat 1 pr144.tsp: timeout time=1800.000000s result=None branches=None: timeout after 1800s
[44/50] repeat 1 ulysses16.tsp: ok time=0.037015s result=6859.0 branches=1
[45/50] repeat 1 wi29.tsp: ok time=0.030742s result=27603.0 branches=1
[46/50] repeat 1 pr152.tsp: timeout time=1800.000000s result=None branches=None: timeout after 1800s
[47/50] repeat 1 u159.tsp: ok time=370.623536s result=42080.0 branches=318695
[48/50] repeat 1 qa194.tsp: timeout time=1800.000000s result=None branches=None: timeout after 1800s
[49/50] repeat 1 si175.tsp: timeout time=1800.000000s result=None branches=None: timeout after 1800s
[50/50] repeat 1 xqf131.tsp: timeout time=1800.000000s result=None branches=None: timeout after 1800s
Strategy table: /home/wj/code/TSP/outputs/phkmst-ablation/hybrid-67f085804e40
  rows=50 ok=40 timeout=10 error=0
  median wall=0.368639s branches=564

=== Configuration 16/19: HP1 ===
Cached 0/50; running 50 call(s) with workers=5
[1/50] repeat 1 bayg29.tsp: ok time=0.016928s result=1610.0 branches=3
[2/50] repeat 1 bays29.tsp: ok time=0.033958s result=2020.0 branches=9
[3/50] repeat 1 att48.tsp: ok time=0.047816s result=10628.0 branches=36
[4/50] repeat 1 berlin52.tsp: ok time=0.048192s result=7542.0 branches=1
[5/50] repeat 1 burma14.tsp: ok time=0.008469s result=3323.0 branches=1
[6/50] repeat 1 brazil58.tsp: ok time=0.077571s result=25395.0 branches=30
[7/50] repeat 1 brg180.tsp: ok time=0.442491s result=1950.0 branches=101
[8/50] repeat 1 dantzig42.tsp: ok time=0.037476s result=699.0 branches=4
[9/50] repeat 1 dj38.tsp: ok time=0.026919s result=6656.0 branches=1
[10/50] repeat 1 eil101.tsp: ok time=6.300004s result=629.0 branches=48673
[11/50] repeat 1 eil51.tsp: ok time=0.103557s result=426.0 branches=640
[12/50] repeat 1 eil76.tsp: ok time=17.332225s result=538.0 branches=377071
[13/50] repeat 1 fri26.tsp: ok time=0.036085s result=937.0 branches=1
[14/50] repeat 1 gr120.tsp: ok time=257.729545s result=6942.0 branches=1682685
[15/50] repeat 1 gr137.tsp: ok time=218.922549s result=69853.0 branches=251063
[16/50] repeat 1 gr17.tsp: ok time=0.031372s result=2085.0 branches=1
[17/50] repeat 1 gr21.tsp: ok time=0.025073s result=2707.0 branches=1
[18/50] repeat 1 gr24.tsp: ok time=0.028947s result=1272.0 branches=1
[19/50] repeat 1 gr48.tsp: ok time=0.514177s result=5046.0 branches=15730
[20/50] repeat 1 gr96.tsp: ok time=11.560686s result=55209.0 branches=28956
[21/50] repeat 1 hk48.tsp: ok time=0.038585s result=11461.0 branches=5
[22/50] repeat 1 kroA100.tsp: ok time=354.041394s result=21282.0 branches=3225042
[23/50] repeat 1 kroA150.tsp: ok time=227.623290s result=26524.0 branches=246564
[24/50] repeat 1 kroB100.tsp: ok time=172.621479s result=22141.0 branches=1015807
[25/50] repeat 1 bier127.tsp: timeout time=1800.000000s result=None branches=None: timeout after 1800s
[26/50] repeat 1 ch130.tsp: timeout time=1800.000000s result=None branches=None: timeout after 1800s
[27/50] repeat 1 ch150.tsp: timeout time=1800.000000s result=None branches=None: timeout after 1800s
[28/50] repeat 1 d198.tsp: timeout time=1800.000000s result=None branches=None: timeout after 1800s
[29/50] repeat 1 lin105.tsp: ok time=0.236147s result=14379.0 branches=55
[30/50] repeat 1 kroC100.tsp: ok time=26.847054s result=20749.0 branches=146282
[31/50] repeat 1 pr124.tsp: ok time=8.347156s result=59030.0 branches=15807
[32/50] repeat 1 kroE100.tsp: ok time=77.827949s result=22068.0 branches=594843
[33/50] repeat 1 kroD100.tsp: ok time=115.047974s result=21294.0 branches=685576
[34/50] repeat 1 kroB150.tsp: timeout time=1800.000000s result=None branches=None: timeout after 1800s
[35/50] repeat 1 pr107.tsp: timeout time=1800.000000s result=None branches=None: timeout after 1800s
[36/50] repeat 1 pr136.tsp: timeout time=1800.000000s result=None branches=None: timeout after 1800s
[37/50] repeat 1 pr144.tsp: timeout time=1800.000000s result=None branches=None: timeout after 1800s
[38/50] repeat 1 rat99.tsp: ok time=0.482487s result=1211.0 branches=1372
[39/50] repeat 1 rd100.tsp: ok time=0.723963s result=7910.0 branches=1116
[40/50] repeat 1 pr152.tsp: timeout time=1800.000000s result=None branches=None: timeout after 1800s
[41/50] repeat 1 st70.tsp: ok time=17.902611s result=675.0 branches=460211
[42/50] repeat 1 swiss42.tsp: ok time=0.041100s result=1273.0 branches=8
[43/50] repeat 1 u159.tsp: ok time=296.376859s result=42080.0 branches=469238
[44/50] repeat 1 ulysses16.tsp: ok time=0.042371s result=6859.0 branches=1
[45/50] repeat 1 wi29.tsp: ok time=0.041647s result=27603.0 branches=1
[46/50] repeat 1 rat195.tsp: ok time=1018.267791s result=2323.0 branches=464604
[47/50] repeat 1 pr76.tsp: timeout time=1800.000000s result=None branches=None: timeout after 1800s
[48/50] repeat 1 qa194.tsp: timeout time=1800.000000s result=None branches=None: timeout after 1800s
[49/50] repeat 1 si175.tsp: timeout time=1800.000000s result=None branches=None: timeout after 1800s
[50/50] repeat 1 xqf131.tsp: timeout time=1800.000000s result=None branches=None: timeout after 1800s
Strategy table: /home/wj/code/TSP/outputs/phkmst-ablation/HP1-070da8e15291
  rows=50 ok=37 timeout=13 error=0
  median wall=0.442491s branches=640

=== Configuration 17/19: HP132 ===
Cached 0/50; running 50 call(s) with workers=5
[1/50] repeat 1 bays29.tsp: ok time=0.009731s result=2020.0 branches=10
[2/50] repeat 1 bayg29.tsp: ok time=0.034823s result=1610.0 branches=3
[3/50] repeat 1 berlin52.tsp: ok time=0.035767s result=7542.0 branches=1
[4/50] repeat 1 burma14.tsp: ok time=0.024632s result=3323.0 branches=1
[5/50] repeat 1 att48.tsp: ok time=0.064531s result=10628.0 branches=36
[6/50] repeat 1 brazil58.tsp: ok time=0.088068s result=25395.0 branches=22
[7/50] repeat 1 brg180.tsp: ok time=0.456609s result=1950.0 branches=97
[8/50] repeat 1 dantzig42.tsp: ok time=0.041172s result=699.0 branches=4
[9/50] repeat 1 dj38.tsp: ok time=0.027460s result=6656.0 branches=1
[10/50] repeat 1 eil101.tsp: ok time=6.324759s result=629.0 branches=48640
[11/50] repeat 1 eil51.tsp: ok time=0.114181s result=426.0 branches=596
[12/50] repeat 1 eil76.tsp: ok time=17.712318s result=538.0 branches=377838
[13/50] repeat 1 fri26.tsp: ok time=0.038859s result=937.0 branches=1
[14/50] repeat 1 gr120.tsp: ok time=257.141341s result=6942.0 branches=1680445
[15/50] repeat 1 gr137.tsp: ok time=121.538591s result=69853.0 branches=98480
[16/50] repeat 1 gr17.tsp: ok time=0.041427s result=2085.0 branches=1
[17/50] repeat 1 gr21.tsp: ok time=0.030024s result=2707.0 branches=1
[18/50] repeat 1 gr24.tsp: ok time=0.029263s result=1272.0 branches=1
[19/50] repeat 1 gr48.tsp: ok time=0.500430s result=5046.0 branches=15533
[20/50] repeat 1 gr96.tsp: ok time=8.679709s result=55209.0 branches=15963
[21/50] repeat 1 hk48.tsp: ok time=0.036560s result=11461.0 branches=5
[22/50] repeat 1 kroA100.tsp: ok time=352.701002s result=21282.0 branches=3220409
[23/50] repeat 1 kroA150.tsp: ok time=174.780739s result=26524.0 branches=174695
[24/50] repeat 1 kroB100.tsp: ok time=164.476463s result=22141.0 branches=982608
[25/50] repeat 1 bier127.tsp: timeout time=1800.000000s result=None branches=None: timeout after 1800s
[26/50] repeat 1 ch150.tsp: timeout time=1800.000000s result=None branches=None: timeout after 1800s
[27/50] repeat 1 ch130.tsp: timeout time=1800.000000s result=None branches=None: timeout after 1800s
[28/50] repeat 1 d198.tsp: timeout time=1800.000000s result=None branches=None: timeout after 1800s
[29/50] repeat 1 lin105.tsp: ok time=0.297594s result=14379.0 branches=92
[30/50] repeat 1 kroC100.tsp: ok time=29.698590s result=20749.0 branches=141284
[31/50] repeat 1 pr124.tsp: ok time=7.910936s result=59030.0 branches=12566
[32/50] repeat 1 kroE100.tsp: ok time=76.625084s result=22068.0 branches=560214
[33/50] repeat 1 kroD100.tsp: ok time=117.720140s result=21294.0 branches=677342
[34/50] repeat 1 kroB150.tsp: timeout time=1800.000000s result=None branches=None: timeout after 1800s
[35/50] repeat 1 pr107.tsp: timeout time=1800.000000s result=None branches=None: timeout after 1800s
[36/50] repeat 1 pr136.tsp: timeout time=1800.000000s result=None branches=None: timeout after 1800s
[37/50] repeat 1 pr144.tsp: timeout time=1800.000000s result=None branches=None: timeout after 1800s
[38/50] repeat 1 rat99.tsp: ok time=0.505513s result=1211.0 branches=1236
[39/50] repeat 1 rd100.tsp: ok time=0.685025s result=7910.0 branches=849
[40/50] repeat 1 pr152.tsp: timeout time=1800.000000s result=None branches=None: timeout after 1800s
[41/50] repeat 1 st70.tsp: ok time=18.063270s result=675.0 branches=459973
[42/50] repeat 1 swiss42.tsp: ok time=0.049171s result=1273.0 branches=5
[43/50] repeat 1 u159.tsp: ok time=392.162679s result=42080.0 branches=475763
[44/50] repeat 1 ulysses16.tsp: ok time=0.051657s result=6859.0 branches=1
[45/50] repeat 1 wi29.tsp: ok time=0.031935s result=27603.0 branches=1
[46/50] repeat 1 rat195.tsp: ok time=1018.055879s result=2323.0 branches=311050
[47/50] repeat 1 pr76.tsp: timeout time=1800.000000s result=None branches=None: timeout after 1800s
[48/50] repeat 1 qa194.tsp: timeout time=1800.000000s result=None branches=None: timeout after 1800s
[49/50] repeat 1 si175.tsp: timeout time=1800.000000s result=None branches=None: timeout after 1800s
[50/50] repeat 1 xqf131.tsp: timeout time=1800.000000s result=None branches=None: timeout after 1800s
Strategy table: /home/wj/code/TSP/outputs/phkmst-ablation/HP132-159b3aadca78
  rows=50 ok=37 timeout=13 error=0
  median wall=0.456609s branches=596

=== Configuration 18/19: HP25 ===
Cached 0/50; running 50 call(s) with workers=5
[1/50] repeat 1 bays29.tsp: ok time=0.007656s result=2020.0 branches=15
[2/50] repeat 1 bayg29.tsp: ok time=0.030549s result=1610.0 branches=3
[3/50] repeat 1 berlin52.tsp: ok time=0.046656s result=7542.0 branches=1
[4/50] repeat 1 att48.tsp: ok time=0.059666s result=10628.0 branches=182
[5/50] repeat 1 brazil58.tsp: ok time=0.051802s result=25395.0 branches=2516
[6/50] repeat 1 burma14.tsp: ok time=0.015198s result=3323.0 branches=1
[7/50] repeat 1 brg180.tsp: ok time=0.409557s result=1950.0 branches=87
[8/50] repeat 1 dantzig42.tsp: ok time=0.041347s result=699.0 branches=13
[9/50] repeat 1 dj38.tsp: ok time=0.028480s result=6656.0 branches=1
[10/50] repeat 1 eil101.tsp: ok time=0.287557s result=629.0 branches=15767
[11/50] repeat 1 eil51.tsp: ok time=0.092860s result=426.0 branches=18700
[12/50] repeat 1 eil76.tsp: ok time=2.373451s result=538.0 branches=770384
[13/50] repeat 1 fri26.tsp: ok time=0.044547s result=937.0 branches=1
[14/50] repeat 1 bier127.tsp: timeout time=1800.000000s result=None branches=None: timeout after 1800s
[15/50] repeat 1 d198.tsp: timeout time=1800.000000s result=None branches=None: timeout after 1800s
[16/50] repeat 1 gr17.tsp: ok time=0.037703s result=2085.0 branches=1
[17/50] repeat 1 ch150.tsp: timeout time=1800.000000s result=None branches=None: timeout after 1800s
[18/50] repeat 1 ch130.tsp: timeout time=1800.000000s result=None branches=None: timeout after 1800s
[19/50] repeat 1 gr21.tsp: ok time=0.032141s result=2707.0 branches=1
[20/50] repeat 1 gr24.tsp: ok time=0.032492s result=1272.0 branches=1
[21/50] repeat 1 hk48.tsp: ok time=0.031775s result=11461.0 branches=37
[22/50] repeat 1 gr48.tsp: ok time=0.477580s result=5046.0 branches=229150
[23/50] repeat 1 gr120.tsp: timeout time=1800.000000s result=None branches=None: timeout after 1800s
[24/50] repeat 1 gr96.tsp: ok time=8.181661s result=55209.0 branches=2490722
[25/50] repeat 1 gr137.tsp: ok time=413.717135s result=69853.0 branches=33030959
[26/50] repeat 1 kroC100.tsp: ok time=41.582266s result=20749.0 branches=11779135
[27/50] repeat 1 kroD100.tsp: ok time=4.382095s result=21294.0 branches=1094707
[28/50] repeat 1 kroA100.tsp: ok time=511.391029s result=21282.0 branches=123784805
[29/50] repeat 1 lin105.tsp: ok time=0.205286s result=14379.0 branches=348
[30/50] repeat 1 kroA150.tsp: timeout time=1800.000000s result=None branches=None: timeout after 1800s
[31/50] repeat 1 kroB100.tsp: timeout time=1800.000000s result=None branches=None: timeout after 1800s
[32/50] repeat 1 pr124.tsp: ok time=3.665938s result=59030.0 branches=660814
[33/50] repeat 1 kroB150.tsp: timeout time=1800.000000s result=None branches=None: timeout after 1800s
[34/50] repeat 1 kroE100.tsp: timeout time=1800.000000s result=None branches=None: timeout after 1800s
[35/50] repeat 1 pr107.tsp: timeout time=1800.000000s result=None branches=None: timeout after 1800s
[36/50] repeat 1 pr136.tsp: timeout time=1800.000000s result=None branches=None: timeout after 1800s
[37/50] repeat 1 pr144.tsp: timeout time=1800.000000s result=None branches=None: timeout after 1800s
[38/50] repeat 1 rat99.tsp: ok time=0.520727s result=1211.0 branches=91741
[39/50] repeat 1 pr152.tsp: timeout time=1800.000000s result=None branches=None: timeout after 1800s
[40/50] repeat 1 rd100.tsp: ok time=4.113333s result=7910.0 branches=1130105
[41/50] repeat 1 st70.tsp: ok time=19.226220s result=675.0 branches=8620168
[42/50] repeat 1 swiss42.tsp: ok time=0.043112s result=1273.0 branches=8
[43/50] repeat 1 pr76.tsp: ok time=1776.188457s result=108159.0 branches=478474421
[44/50] repeat 1 ulysses16.tsp: ok time=0.041372s result=6859.0 branches=1
[45/50] repeat 1 wi29.tsp: ok time=0.033239s result=27603.0 branches=1
[46/50] repeat 1 qa194.tsp: timeout time=1800.000000s result=None branches=None: timeout after 1800s
[47/50] repeat 1 rat195.tsp: timeout time=1800.000000s result=None branches=None: timeout after 1800s
[48/50] repeat 1 si175.tsp: timeout time=1800.000000s result=None branches=None: timeout after 1800s
[49/50] repeat 1 u159.tsp: timeout time=1800.000000s result=None branches=None: timeout after 1800s
[50/50] repeat 1 xqf131.tsp: timeout time=1800.000000s result=None branches=None: timeout after 1800s
Strategy table: /home/wj/code/TSP/outputs/phkmst-ablation/HP25-4b3772051dde
  rows=50 ok=32 timeout=18 error=0
  median wall=0.076263s branches=265

=== Configuration 19/19: HP2532 ===
Cached 0/50; running 50 call(s) with workers=5
[1/50] repeat 1 bayg29.tsp: ok time=0.016930s result=1610.0 branches=3
[2/50] repeat 1 bays29.tsp: ok time=0.043507s result=2020.0 branches=15
[3/50] repeat 1 berlin52.tsp: ok time=0.054341s result=7542.0 branches=1
[4/50] repeat 1 att48.tsp: ok time=0.063896s result=10628.0 branches=182
[5/50] repeat 1 brazil58.tsp: ok time=0.048356s result=25395.0 branches=2516
[6/50] repeat 1 burma14.tsp: ok time=0.035818s result=3323.0 branches=1
[7/50] repeat 1 brg180.tsp: ok time=0.421497s result=1950.0 branches=87
[8/50] repeat 1 dantzig42.tsp: ok time=0.040512s result=699.0 branches=13
[9/50] repeat 1 dj38.tsp: ok time=0.029018s result=6656.0 branches=1
[10/50] repeat 1 eil101.tsp: ok time=4.633489s result=629.0 branches=1305125
[11/50] repeat 1 eil51.tsp: ok time=0.093254s result=426.0 branches=18700
[12/50] repeat 1 eil76.tsp: ok time=2.390077s result=538.0 branches=766786
[13/50] repeat 1 fri26.tsp: ok time=0.031510s result=937.0 branches=1
[14/50] repeat 1 bier127.tsp: timeout time=1800.000000s result=None branches=None: timeout after 1800s
[15/50] repeat 1 ch130.tsp: timeout time=1800.000000s result=None branches=None: timeout after 1800s
[16/50] repeat 1 gr17.tsp: ok time=0.044637s result=2085.0 branches=1
[17/50] repeat 1 gr21.tsp: ok time=0.031994s result=2707.0 branches=1
[18/50] repeat 1 d198.tsp: timeout time=1800.000000s result=None branches=None: timeout after 1800s
[19/50] repeat 1 ch150.tsp: timeout time=1800.000000s result=None branches=None: timeout after 1800s
[20/50] repeat 1 gr24.tsp: ok time=0.034547s result=1272.0 branches=1
[21/50] repeat 1 hk48.tsp: ok time=0.056603s result=11461.0 branches=37
[22/50] repeat 1 gr48.tsp: ok time=1.044843s result=5046.0 branches=484831
[23/50] repeat 1 gr120.tsp: timeout time=1800.000000s result=None branches=None: timeout after 1800s
[24/50] repeat 1 gr96.tsp: ok time=8.178530s result=55209.0 branches=2490722
[25/50] repeat 1 gr137.tsp: ok time=394.729405s result=69853.0 branches=33029476
[26/50] repeat 1 kroC100.tsp: ok time=41.782358s result=20749.0 branches=11764483
[27/50] repeat 1 kroD100.tsp: ok time=10.229030s result=21294.0 branches=2644580
[28/50] repeat 1 kroA100.tsp: timeout time=1800.000000s result=None branches=None: timeout after 1800s
[29/50] repeat 1 lin105.tsp: ok time=0.218633s result=14379.0 branches=348
[30/50] repeat 1 kroA150.tsp: timeout time=1800.000000s result=None branches=None: timeout after 1800s
[31/50] repeat 1 pr124.tsp: ok time=3.635698s result=59030.0 branches=660814
[32/50] repeat 1 kroB100.tsp: timeout time=1800.000000s result=None branches=None: timeout after 1800s
[33/50] repeat 1 kroB150.tsp: timeout time=1800.000000s result=None branches=None: timeout after 1800s
[34/50] repeat 1 kroE100.tsp: timeout time=1800.000000s result=None branches=None: timeout after 1800s
[35/50] repeat 1 pr107.tsp: timeout time=1800.000000s result=None branches=None: timeout after 1800s
[36/50] repeat 1 pr136.tsp: timeout time=1800.000000s result=None branches=None: timeout after 1800s
[37/50] repeat 1 pr144.tsp: timeout time=1800.000000s result=None branches=None: timeout after 1800s
[38/50] repeat 1 rat99.tsp: ok time=0.516270s result=1211.0 branches=91741
[39/50] repeat 1 pr152.tsp: timeout time=1800.000000s result=None branches=None: timeout after 1800s
[40/50] repeat 1 rd100.tsp: ok time=33.189664s result=7910.0 branches=9139590
[41/50] repeat 1 st70.tsp: ok time=19.603886s result=675.0 branches=8618315
[42/50] repeat 1 swiss42.tsp: ok time=0.045050s result=1273.0 branches=8
[43/50] repeat 1 pr76.tsp: ok time=1794.133242s result=108159.0 branches=511252109
[44/50] repeat 1 ulysses16.tsp: ok time=0.056380s result=6859.0 branches=1
[45/50] repeat 1 wi29.tsp: ok time=0.034260s result=27603.0 branches=1
[46/50] repeat 1 u159.tsp: ok time=812.429376s result=42080.0 branches=38741116
[47/50] repeat 1 qa194.tsp: timeout time=1800.000000s result=None branches=None: timeout after 1800s
[48/50] repeat 1 rat195.tsp: timeout time=1800.000000s result=None branches=None: timeout after 1800s
[49/50] repeat 1 si175.tsp: timeout time=1800.000000s result=None branches=None: timeout after 1800s
[50/50] repeat 1 xqf131.tsp: timeout time=1800.000000s result=None branches=None: timeout after 1800s
Strategy table: /home/wj/code/TSP/outputs/phkmst-ablation/HP2532-4afd405ec4e7
  rows=50 ok=32 timeout=18 error=0
  median wall=0.078575s branches=265

=== Configuration 1/13: Concorde ===
Cached 0/50; running 50 call(s) with workers=5
[1/50] repeat 1 bayg29.tsp: ok time=0.023851s result=1610.0 branches=1
[2/50] repeat 1 bays29.tsp: ok time=0.040785s result=2020.0 branches=1
[3/50] repeat 1 berlin52.tsp: ok time=0.056953s result=7542.0 branches=1
[4/50] repeat 1 burma14.tsp: ok time=0.023742s result=3323.0 branches=1
[5/50] repeat 1 att48.tsp: ok time=0.089585s result=10628.0 branches=1
[6/50] repeat 1 brazil58.tsp: ok time=0.090784s result=25395.0 branches=1
[7/50] repeat 1 bier127.tsp: ok time=0.198900s result=118282.0 branches=1
[8/50] repeat 1 brg180.tsp: ok time=0.182088s result=1950.0 branches=1
[9/50] repeat 1 dantzig42.tsp: ok time=0.043298s result=699.0 branches=1
[10/50] repeat 1 dj38.tsp: ok time=0.037630s result=6656.0 branches=1
[11/50] repeat 1 ch130.tsp: ok time=0.184992s result=6110.0 branches=1
[12/50] repeat 1 eil76.tsp: ok time=0.038889s result=538.0 branches=1
[13/50] repeat 1 eil51.tsp: ok time=0.057582s result=426.0 branches=1
[14/50] repeat 1 eil101.tsp: ok time=0.078815s result=629.0 branches=1
[15/50] repeat 1 fri26.tsp: ok time=0.029481s result=937.0 branches=1
[16/50] repeat 1 gr17.tsp: ok time=0.018152s result=2085.0 branches=1
[17/50] repeat 1 gr21.tsp: ok time=0.008518s result=2707.0 branches=1
[18/50] repeat 1 gr24.tsp: ok time=0.013564s result=1272.0 branches=1
[19/50] repeat 1 ch150.tsp: ok time=0.332886s result=6528.0 branches=1
[20/50] repeat 1 gr48.tsp: ok time=0.076944s result=5046.0 branches=1
[21/50] repeat 1 gr120.tsp: ok time=0.159894s result=6942.0 branches=1
[22/50] repeat 1 hk48.tsp: ok time=0.031255s result=11461.0 branches=1
[23/50] repeat 1 kroA100.tsp: ok time=0.093043s result=21282.0 branches=1
[24/50] repeat 1 gr96.tsp: ok time=0.201455s result=55209.0 branches=1
[25/50] repeat 1 gr137.tsp: ok time=0.336050s result=69853.0 branches=1
[26/50] repeat 1 kroB100.tsp: ok time=0.183362s result=22141.0 branches=1
[27/50] repeat 1 kroC100.tsp: ok time=0.119236s result=20749.0 branches=1
[28/50] repeat 1 kroD100.tsp: ok time=0.140888s result=21294.0 branches=1
[29/50] repeat 1 kroA150.tsp: ok time=0.470733s result=26524.0 branches=1
[30/50] repeat 1 lin105.tsp: ok time=0.080771s result=14379.0 branches=1
[31/50] repeat 1 kroE100.tsp: ok time=0.235373s result=22068.0 branches=1
[32/50] repeat 1 kroB150.tsp: ok time=0.465017s result=26130.0 branches=1
[33/50] repeat 1 d198.tsp: ok time=0.990217s result=15780.0 branches=3
[34/50] repeat 1 pr107.tsp: ok time=0.158319s result=44303.0 branches=1
[35/50] repeat 1 pr76.tsp: ok time=0.215141s result=108159.0 branches=1
[36/50] repeat 1 pr144.tsp: ok time=0.249836s result=58537.0 branches=1
[37/50] repeat 1 pr124.tsp: ok time=0.438268s result=59030.0 branches=1
[38/50] repeat 1 pr136.tsp: ok time=0.503756s result=96772.0 branches=1
[39/50] repeat 1 rd100.tsp: ok time=0.078492s result=7910.0 branches=1
[40/50] repeat 1 qa194.tsp: ok time=0.488685s result=9352.0 branches=1
[41/50] repeat 1 st70.tsp: ok time=0.071408s result=675.0 branches=1
[42/50] repeat 1 swiss42.tsp: ok time=0.033865s result=1273.0 branches=1
[43/50] repeat 1 pr152.tsp: ok time=0.890910s result=73682.0 branches=1
[44/50] repeat 1 ulysses16.tsp: ok time=0.031935s result=6859.0 branches=1
[45/50] repeat 1 u159.tsp: ok time=0.120937s result=42080.0 branches=1
[46/50] repeat 1 wi29.tsp: ok time=0.045518s result=27603.0 branches=1
[47/50] repeat 1 xqf131.tsp: ok time=0.363075s result=564.0 branches=1
[48/50] repeat 1 rat99.tsp: ok time=1.160699s result=1211.0 branches=1
[49/50] repeat 1 si175.tsp: ok time=1.865149s result=21407.0 branches=3
[50/50] repeat 1 rat195.tsp: ok time=2.861496s result=2323.0 branches=3
Strategy table: /home/wj/code/TSP/outputs/phkmst-ablation/Concorde-07deea4ce57e
  rows=50 ok=50 timeout=0 error=0
  median wall=0.120087s branches=1

=== Configuration 2/13: P32 ===
Cached 0/50; running 50 call(s) with workers=5
[1/50] repeat 1 bayg29.tsp: ok time=0.015848s result=1610.0 branches=3
[2/50] repeat 1 bays29.tsp: ok time=0.021672s result=2020.0 branches=10
[3/50] repeat 1 berlin52.tsp: ok time=0.025185s result=7542.0 branches=1
[4/50] repeat 1 att48.tsp: ok time=0.032779s result=10628.0 branches=29
[5/50] repeat 1 burma14.tsp: ok time=0.008114s result=3323.0 branches=1
[6/50] repeat 1 brazil58.tsp: ok time=0.053270s result=25395.0 branches=88
[7/50] repeat 1 ch150.tsp: ok time=120.096386s result=6528.0 branches=60352
[8/50] repeat 1 dantzig42.tsp: ok time=0.027105s result=699.0 branches=3
[9/50] repeat 1 dj38.tsp: ok time=0.019878s result=6656.0 branches=1
[10/50] repeat 1 eil101.tsp: ok time=0.550624s result=629.0 branches=695
[11/50] repeat 1 eil51.tsp: ok time=0.116410s result=426.0 branches=429
[12/50] repeat 1 eil76.tsp: ok time=0.260610s result=538.0 branches=454
[13/50] repeat 1 fri26.tsp: ok time=0.017688s result=937.0 branches=1
[14/50] repeat 1 gr120.tsp: ok time=18.070504s result=6942.0 branches=12407
[15/50] repeat 1 gr137.tsp: ok time=70.115446s result=69853.0 branches=51113
[16/50] repeat 1 gr17.tsp: ok time=0.015114s result=2085.0 branches=1
[17/50] repeat 1 gr21.tsp: ok time=0.007610s result=2707.0 branches=1
[18/50] repeat 1 gr24.tsp: ok time=0.014282s result=1272.0 branches=1
[19/50] repeat 1 gr48.tsp: ok time=0.263235s result=5046.0 branches=1203
[20/50] repeat 1 gr96.tsp: ok time=3.256113s result=55209.0 branches=5119
[21/50] repeat 1 hk48.tsp: ok time=0.036866s result=11461.0 branches=18
[22/50] repeat 1 ch130.tsp: ok time=286.814969s result=6110.0 branches=205952
[23/50] repeat 1 kroA100.tsp: ok time=105.617771s result=21282.0 branches=406666
[24/50] repeat 1 kroB100.tsp: ok time=26.391950s result=22141.0 branches=29185
[25/50] repeat 1 kroA150.tsp: ok time=183.428237s result=26524.0 branches=89949
[26/50] repeat 1 kroC100.tsp: ok time=17.192988s result=20749.0 branches=22282
[27/50] repeat 1 kroD100.tsp: ok time=15.256533s result=21294.0 branches=16514
[28/50] repeat 1 kroE100.tsp: ok time=97.514514s result=22068.0 branches=603657
[29/50] repeat 1 lin105.tsp: ok time=0.245576s result=14379.0 branches=81
[30/50] repeat 1 bier127.tsp: timeout time=1800.000000s result=None branches=None: timeout after 1800s
[31/50] repeat 1 brg180.tsp: timeout time=1800.000000s result=None branches=None: timeout after 1800s
[32/50] repeat 1 d198.tsp: timeout time=1800.000000s result=None branches=None: timeout after 1800s
[33/50] repeat 1 pr124.tsp: ok time=4.710256s result=59030.0 branches=3749
[34/50] repeat 1 pr144.tsp: ok time=297.614467s result=58537.0 branches=175447
[35/50] repeat 1 kroB150.tsp: timeout time=1800.000000s result=None branches=None: timeout after 1800s
[36/50] repeat 1 pr107.tsp: timeout time=1800.000000s result=None branches=None: timeout after 1800s
[37/50] repeat 1 pr76.tsp: ok time=813.166165s result=108159.0 branches=2709624
[38/50] repeat 1 rat99.tsp: ok time=0.380693s result=1211.0 branches=412
[39/50] repeat 1 rd100.tsp: ok time=0.586964s result=7910.0 branches=507
[40/50] repeat 1 pr136.tsp: timeout time=1800.000000s result=None branches=None: timeout after 1800s
[41/50] repeat 1 st70.tsp: ok time=0.438030s result=675.0 branches=977
[42/50] repeat 1 swiss42.tsp: ok time=0.022975s result=1273.0 branches=5
[43/50] repeat 1 pr152.tsp: timeout time=1800.000000s result=None branches=None: timeout after 1800s
[44/50] repeat 1 ulysses16.tsp: ok time=0.019856s result=6859.0 branches=1
[45/50] repeat 1 wi29.tsp: ok time=0.011136s result=27603.0 branches=1
[46/50] repeat 1 rat195.tsp: ok time=1260.431845s result=2323.0 branches=315708
[47/50] repeat 1 u159.tsp: ok time=331.960629s result=42080.0 branches=190887
[48/50] repeat 1 qa194.tsp: timeout time=1800.000000s result=None branches=None: timeout after 1800s
[49/50] repeat 1 si175.tsp: timeout time=1800.000000s result=None branches=None: timeout after 1800s
[50/50] repeat 1 xqf131.tsp: timeout time=1800.000000s result=None branches=None: timeout after 1800s
Strategy table: /home/wj/code/TSP/outputs/phkmst-ablation/P32-49f44a8c66c2
  rows=50 ok=40 timeout=10 error=0
  median wall=0.321964s branches=480

=== Configuration 3/13: PS32 ===
Cached 0/50; running 50 call(s) with workers=5
[1/50] repeat 1 bays29.tsp: ok time=0.014206s result=2020.0 branches=10
[2/50] repeat 1 bayg29.tsp: ok time=0.022076s result=1610.0 branches=2
[3/50] repeat 1 berlin52.tsp: ok time=0.026025s result=7542.0 branches=1
[4/50] repeat 1 burma14.tsp: ok time=0.007942s result=3323.0 branches=1
[5/50] repeat 1 att48.tsp: ok time=0.038775s result=10628.0 branches=30
[6/50] repeat 1 brazil58.tsp: ok time=0.056164s result=25395.0 branches=34
[7/50] repeat 1 ch130.tsp: ok time=111.553015s result=6110.0 branches=78223
[8/50] repeat 1 dantzig42.tsp: ok time=0.028466s result=699.0 branches=5
[9/50] repeat 1 dj38.tsp: ok time=0.019554s result=6656.0 branches=1
[10/50] repeat 1 eil101.tsp: ok time=5.001311s result=629.0 branches=5866
[11/50] repeat 1 eil51.tsp: ok time=0.140665s result=426.0 branches=589
[12/50] repeat 1 eil76.tsp: ok time=0.843130s result=538.0 branches=1776
[13/50] repeat 1 fri26.tsp: ok time=0.018589s result=937.0 branches=1
[14/50] repeat 1 gr120.tsp: ok time=371.519964s result=6942.0 branches=325497
[15/50] repeat 1 gr137.tsp: ok time=65.094203s result=69853.0 branches=51825
[16/50] repeat 1 gr17.tsp: ok time=0.009885s result=2085.0 branches=1
[17/50] repeat 1 gr21.tsp: ok time=0.004201s result=2707.0 branches=1
[18/50] repeat 1 gr24.tsp: ok time=0.005803s result=1272.0 branches=1
[19/50] repeat 1 gr48.tsp: ok time=0.369465s result=5046.0 branches=3192
[20/50] repeat 1 gr96.tsp: ok time=4.426350s result=55209.0 branches=7696
[21/50] repeat 1 hk48.tsp: ok time=0.039896s result=11461.0 branches=12
[22/50] repeat 1 ch150.tsp: ok time=576.776338s result=6528.0 branches=298084
[23/50] repeat 1 kroA100.tsp: ok time=152.219011s result=21282.0 branches=794543
[24/50] repeat 1 kroB100.tsp: ok time=71.457832s result=22141.0 branches=89761
[25/50] repeat 1 kroA150.tsp: ok time=548.267420s result=26524.0 branches=315468
[26/50] repeat 1 kroC100.tsp: ok time=15.198003s result=20749.0 branches=21576
[27/50] repeat 1 kroD100.tsp: ok time=2.304549s result=21294.0 branches=2322
[28/50] repeat 1 kroE100.tsp: ok time=84.118007s result=22068.0 branches=624452
[29/50] repeat 1 lin105.tsp: ok time=0.222004s result=14379.0 branches=50
[30/50] repeat 1 bier127.tsp: timeout time=1800.000000s result=None branches=None: timeout after 1800s
[31/50] repeat 1 brg180.tsp: timeout time=1800.000000s result=None branches=None: timeout after 1800s
[32/50] repeat 1 d198.tsp: timeout time=1800.000000s result=None branches=None: timeout after 1800s
[33/50] repeat 1 pr124.tsp: ok time=4.781655s result=59030.0 branches=4305
[34/50] repeat 1 pr144.tsp: ok time=6.007932s result=58537.0 branches=3635
[35/50] repeat 1 pr76.tsp: ok time=359.648381s result=108159.0 branches=1016970
[36/50] repeat 1 kroB150.tsp: timeout time=1800.000000s result=None branches=None: timeout after 1800s
[37/50] repeat 1 pr107.tsp: timeout time=1800.000000s result=None branches=None: timeout after 1800s
[38/50] repeat 1 rat99.tsp: ok time=0.236883s result=1211.0 branches=154
[39/50] repeat 1 rd100.tsp: ok time=1.002541s result=7910.0 branches=1026
[40/50] repeat 1 pr136.tsp: timeout time=1800.000000s result=None branches=None: timeout after 1800s
[41/50] repeat 1 st70.tsp: ok time=1.054734s result=675.0 branches=2810
[42/50] repeat 1 swiss42.tsp: ok time=0.029723s result=1273.0 branches=8
[43/50] repeat 1 pr152.tsp: timeout time=1800.000000s result=None branches=None: timeout after 1800s
[44/50] repeat 1 ulysses16.tsp: ok time=0.020918s result=6859.0 branches=1
[45/50] repeat 1 wi29.tsp: ok time=0.022579s result=27603.0 branches=1
[46/50] repeat 1 rat195.tsp: ok time=1053.989292s result=2323.0 branches=295401
[47/50] repeat 1 u159.tsp: ok time=79.229314s result=42080.0 branches=42600
[48/50] repeat 1 qa194.tsp: timeout time=1800.000000s result=None branches=None: timeout after 1800s
[49/50] repeat 1 si175.tsp: timeout time=1800.000000s result=None branches=None: timeout after 1800s
[50/50] repeat 1 xqf131.tsp: timeout time=1800.000000s result=None branches=None: timeout after 1800s
Strategy table: /home/wj/code/TSP/outputs/phkmst-ablation/PS32-70aff5f2d91d
  rows=50 ok=40 timeout=10 error=0
  median wall=0.606298s branches=1401

=== Configuration 4/13: PSD32 ===
Cached 0/50; running 50 call(s) with workers=5
[1/50] repeat 1 bayg29.tsp: ok time=0.015604s result=1610.0 branches=3
[2/50] repeat 1 bays29.tsp: ok time=0.023411s result=2020.0 branches=15
[3/50] repeat 1 berlin52.tsp: ok time=0.024854s result=7542.0 branches=1
[4/50] repeat 1 burma14.tsp: ok time=0.006759s result=3323.0 branches=1
[5/50] repeat 1 att48.tsp: ok time=0.036053s result=10628.0 branches=27
[6/50] repeat 1 brazil58.tsp: ok time=0.053413s result=25395.0 branches=16
[7/50] repeat 1 ch150.tsp: ok time=122.054319s result=6528.0 branches=63161
[8/50] repeat 1 dantzig42.tsp: ok time=0.030718s result=699.0 branches=4
[9/50] repeat 1 dj38.tsp: ok time=0.026699s result=6656.0 branches=1
[10/50] repeat 1 eil101.tsp: ok time=163.807333s result=629.0 branches=217627
[11/50] repeat 1 eil51.tsp: ok time=0.099639s result=426.0 branches=338
[12/50] repeat 1 eil76.tsp: ok time=0.316502s result=538.0 branches=569
[13/50] repeat 1 fri26.tsp: ok time=0.018023s result=937.0 branches=1
[14/50] repeat 1 gr120.tsp: ok time=12.558965s result=6942.0 branches=10469
[15/50] repeat 1 gr137.tsp: ok time=49.186725s result=69853.0 branches=38620
[16/50] repeat 1 gr17.tsp: ok time=0.014127s result=2085.0 branches=1
[17/50] repeat 1 gr21.tsp: ok time=0.009110s result=2707.0 branches=1
[18/50] repeat 1 gr24.tsp: ok time=0.011377s result=1272.0 branches=1
[19/50] repeat 1 gr48.tsp: ok time=0.258803s result=5046.0 branches=1387
[20/50] repeat 1 gr96.tsp: ok time=2.976231s result=55209.0 branches=4889
[21/50] repeat 1 hk48.tsp: ok time=0.040910s result=11461.0 branches=8
[22/50] repeat 1 kroA100.tsp: ok time=108.943205s result=21282.0 branches=392606
[23/50] repeat 1 ch130.tsp: ok time=1212.889447s result=6110.0 branches=753303
[24/50] repeat 1 kroB100.tsp: ok time=62.515120s result=22141.0 branches=75304
[25/50] repeat 1 kroA150.tsp: ok time=954.644347s result=26524.0 branches=511863
[26/50] repeat 1 kroC100.tsp: ok time=11.387537s result=20749.0 branches=14960
[27/50] repeat 1 kroD100.tsp: ok time=20.314323s result=21294.0 branches=23169
[28/50] repeat 1 kroE100.tsp: ok time=42.908777s result=22068.0 branches=46593
[29/50] repeat 1 lin105.tsp: ok time=0.207937s result=14379.0 branches=51
[30/50] repeat 1 brg180.tsp: timeout time=1800.000000s result=None branches=None: timeout after 1800s
[31/50] repeat 1 bier127.tsp: timeout time=1800.000000s result=None branches=None: timeout after 1800s
[32/50] repeat 1 d198.tsp: timeout time=1800.000000s result=None branches=None: timeout after 1800s
[33/50] repeat 1 pr124.tsp: ok time=6.204617s result=59030.0 branches=5845
[34/50] repeat 1 pr144.tsp: ok time=14.898131s result=58537.0 branches=9064
[35/50] repeat 1 pr76.tsp: ok time=474.777160s result=108159.0 branches=1391537
[36/50] repeat 1 kroB150.tsp: timeout time=1800.000000s result=None branches=None: timeout after 1800s
[37/50] repeat 1 pr107.tsp: timeout time=1800.000000s result=None branches=None: timeout after 1800s
[38/50] repeat 1 rat99.tsp: ok time=0.347241s result=1211.0 branches=335
[39/50] repeat 1 rd100.tsp: ok time=0.264409s result=7910.0 branches=214
[40/50] repeat 1 pr136.tsp: timeout time=1800.000000s result=None branches=None: timeout after 1800s
[41/50] repeat 1 st70.tsp: ok time=0.405522s result=675.0 branches=850
[42/50] repeat 1 swiss42.tsp: ok time=0.026457s result=1273.0 branches=3
[43/50] repeat 1 pr152.tsp: timeout time=1800.000000s result=None branches=None: timeout after 1800s
[44/50] repeat 1 ulysses16.tsp: ok time=0.014396s result=6859.0 branches=1
[45/50] repeat 1 wi29.tsp: ok time=0.015467s result=27603.0 branches=1
[46/50] repeat 1 u159.tsp: ok time=34.873992s result=42080.0 branches=18956
[47/50] repeat 1 rat195.tsp: ok time=740.226720s result=2323.0 branches=210812
[48/50] repeat 1 qa194.tsp: timeout time=1800.000000s result=None branches=None: timeout after 1800s
[49/50] repeat 1 si175.tsp: timeout time=1800.000000s result=None branches=None: timeout after 1800s
[50/50] repeat 1 xqf131.tsp: timeout time=1800.000000s result=None branches=None: timeout after 1800s
Strategy table: /home/wj/code/TSP/outputs/phkmst-ablation/PSD32-ba6ddbda6df9
  rows=50 ok=40 timeout=10 error=0
  median wall=0.290455s branches=454

=== Configuration 5/13: hybrid-reverse ===
Cached 0/50; running 50 call(s) with workers=5
[1/50] repeat 1 bayg29.tsp: ok time=0.017206s result=1610.0 branches=3
[2/50] repeat 1 bays29.tsp: ok time=0.028622s result=2020.0 branches=11
[3/50] repeat 1 berlin52.tsp: ok time=0.029775s result=7542.0 branches=1
[4/50] repeat 1 burma14.tsp: ok time=0.008221s result=3323.0 branches=1
[5/50] repeat 1 att48.tsp: ok time=0.040606s result=10628.0 branches=32
[6/50] repeat 1 brazil58.tsp: ok time=0.067620s result=25395.0 branches=36
[7/50] repeat 1 ch150.tsp: ok time=385.218897s result=6528.0 branches=185347
[8/50] repeat 1 dantzig42.tsp: ok time=0.039787s result=699.0 branches=6
[9/50] repeat 1 dj38.tsp: ok time=0.025485s result=6656.0 branches=1
[10/50] repeat 1 eil101.tsp: ok time=0.754937s result=629.0 branches=1014
[11/50] repeat 1 eil51.tsp: ok time=0.121355s result=426.0 branches=440
[12/50] repeat 1 eil76.tsp: ok time=1.489048s result=538.0 branches=3192
[13/50] repeat 1 fri26.tsp: ok time=0.017626s result=937.0 branches=1
[14/50] repeat 1 gr120.tsp: ok time=447.082418s result=6942.0 branches=393662
[15/50] repeat 1 gr137.tsp: ok time=66.233246s result=69853.0 branches=52994
[16/50] repeat 1 gr17.tsp: ok time=0.024278s result=2085.0 branches=1
[17/50] repeat 1 gr21.tsp: ok time=0.017478s result=2707.0 branches=1
[18/50] repeat 1 gr24.tsp: ok time=0.012879s result=1272.0 branches=1
[19/50] repeat 1 gr48.tsp: ok time=0.197713s result=5046.0 branches=1070
[20/50] repeat 1 gr96.tsp: ok time=3.780081s result=55209.0 branches=6120
[21/50] repeat 1 hk48.tsp: ok time=0.042219s result=11461.0 branches=10
[22/50] repeat 1 kroA100.tsp: ok time=31.325364s result=21282.0 branches=45495
[23/50] repeat 1 kroA150.tsp: ok time=124.448980s result=26524.0 branches=66191
[24/50] repeat 1 kroB100.tsp: ok time=80.501404s result=22141.0 branches=106369
[25/50] repeat 1 brg180.tsp: ok time=1531.091245s result=1950.0 branches=1887032
[26/50] repeat 1 kroC100.tsp: ok time=13.749110s result=20749.0 branches=17141
[27/50] repeat 1 kroD100.tsp: ok time=55.492090s result=21294.0 branches=81423
[28/50] repeat 1 ch130.tsp: ok time=1735.211951s result=6110.0 branches=1149734
[29/50] repeat 1 lin105.tsp: ok time=0.197280s result=14379.0 branches=54
[30/50] repeat 1 kroE100.tsp: ok time=147.920310s result=22068.0 branches=160029
[31/50] repeat 1 pr124.tsp: ok time=3.826029s result=59030.0 branches=3262
[32/50] repeat 1 bier127.tsp: timeout time=1800.000000s result=None branches=None: timeout after 1800s
[33/50] repeat 1 d198.tsp: timeout time=1800.000000s result=None branches=None: timeout after 1800s
[34/50] repeat 1 pr144.tsp: ok time=3.215436s result=58537.0 branches=1951
[35/50] repeat 1 pr76.tsp: ok time=366.460812s result=108159.0 branches=1061614
[36/50] repeat 1 kroB150.tsp: timeout time=1800.000000s result=None branches=None: timeout after 1800s
[37/50] repeat 1 pr107.tsp: timeout time=1800.000000s result=None branches=None: timeout after 1800s
[38/50] repeat 1 rat99.tsp: ok time=0.352771s result=1211.0 branches=375
[39/50] repeat 1 rd100.tsp: ok time=0.256175s result=7910.0 branches=152
[40/50] repeat 1 pr136.tsp: timeout time=1800.000000s result=None branches=None: timeout after 1800s
[41/50] repeat 1 st70.tsp: ok time=0.117576s result=675.0 branches=146
[42/50] repeat 1 swiss42.tsp: ok time=0.040438s result=1273.0 branches=8
[43/50] repeat 1 u159.tsp: ok time=26.169616s result=42080.0 branches=14593
[44/50] repeat 1 ulysses16.tsp: ok time=0.019053s result=6859.0 branches=1
[45/50] repeat 1 wi29.tsp: ok time=0.014767s result=27603.0 branches=1
[46/50] repeat 1 pr152.tsp: timeout time=1800.000000s result=None branches=None: timeout after 1800s
[47/50] repeat 1 rat195.tsp: ok time=750.204145s result=2323.0 branches=217376
[48/50] repeat 1 qa194.tsp: timeout time=1800.000000s result=None branches=None: timeout after 1800s
[49/50] repeat 1 si175.tsp: timeout time=1800.000000s result=None branches=None: timeout after 1800s
[50/50] repeat 1 xqf131.tsp: timeout time=1800.000000s result=None branches=None: timeout after 1800s
Strategy table: /home/wj/code/TSP/outputs/phkmst-ablation/hybrid-reverse-c3fd6ce70c16
  rows=50 ok=41 timeout=9 error=0
  median wall=0.256175s branches=440

=== Configuration 6/13: PPS32 ===
Cached 0/50; running 50 call(s) with workers=5
[1/50] repeat 1 bayg29.tsp: ok time=0.016459s result=1610.0 branches=3
[2/50] repeat 1 bays29.tsp: ok time=0.034258s result=2020.0 branches=8
[3/50] repeat 1 berlin52.tsp: ok time=0.034791s result=7542.0 branches=1
[4/50] repeat 1 att48.tsp: ok time=0.048294s result=10628.0 branches=31
[5/50] repeat 1 burma14.tsp: ok time=0.012707s result=3323.0 branches=1
[6/50] repeat 1 brazil58.tsp: ok time=0.070794s result=25395.0 branches=88
[7/50] repeat 1 ch150.tsp: ok time=90.733713s result=6528.0 branches=50100
[8/50] repeat 1 dantzig42.tsp: ok time=0.018154s result=699.0 branches=3
[9/50] repeat 1 dj38.tsp: ok time=0.015745s result=6656.0 branches=1
[10/50] repeat 1 eil101.tsp: ok time=0.427910s result=629.0 branches=588
[11/50] repeat 1 eil51.tsp: ok time=0.110903s result=426.0 branches=411
[12/50] repeat 1 eil76.tsp: ok time=0.161178s result=538.0 branches=281
[13/50] repeat 1 fri26.tsp: ok time=0.023005s result=937.0 branches=1
[14/50] repeat 1 gr120.tsp: ok time=13.586691s result=6942.0 branches=11187
[15/50] repeat 1 gr137.tsp: ok time=82.015404s result=69853.0 branches=66321
[16/50] repeat 1 gr17.tsp: ok time=0.021139s result=2085.0 branches=1
[17/50] repeat 1 gr21.tsp: ok time=0.009990s result=2707.0 branches=1
[18/50] repeat 1 gr24.tsp: ok time=0.011392s result=1272.0 branches=1
[19/50] repeat 1 gr48.tsp: ok time=0.257109s result=5046.0 branches=1459
[20/50] repeat 1 gr96.tsp: ok time=3.466182s result=55209.0 branches=5725
[21/50] repeat 1 hk48.tsp: ok time=0.031082s result=11461.0 branches=17
[22/50] repeat 1 ch130.tsp: ok time=248.833462s result=6110.0 branches=184428
[23/50] repeat 1 kroA100.tsp: ok time=93.643146s result=21282.0 branches=406316
[24/50] repeat 1 kroB100.tsp: ok time=26.337587s result=22141.0 branches=31476
[25/50] repeat 1 kroA150.tsp: ok time=198.821586s result=26524.0 branches=99892
[26/50] repeat 1 kroC100.tsp: ok time=14.760842s result=20749.0 branches=20167
[27/50] repeat 1 kroD100.tsp: ok time=16.388885s result=21294.0 branches=18395
[28/50] repeat 1 kroE100.tsp: ok time=92.298268s result=22068.0 branches=615321
[29/50] repeat 1 lin105.tsp: ok time=0.198053s result=14379.0 branches=73
[30/50] repeat 1 bier127.tsp: ok time=1069.327279s result=118282.0 branches=902147
[31/50] repeat 1 pr124.tsp: ok time=3.942317s result=59030.0 branches=3662
[32/50] repeat 1 brg180.tsp: timeout time=1800.000000s result=None branches=None: timeout after 1800s
[33/50] repeat 1 d198.tsp: timeout time=1800.000000s result=None branches=None: timeout after 1800s
[34/50] repeat 1 kroB150.tsp: timeout time=1800.000000s result=None branches=None: timeout after 1800s
[35/50] repeat 1 pr144.tsp: ok time=361.745398s result=58537.0 branches=212872
[36/50] repeat 1 pr107.tsp: timeout time=1800.000000s result=None branches=None: timeout after 1800s
[37/50] repeat 1 pr76.tsp: ok time=746.895149s result=108159.0 branches=2722053
[38/50] repeat 1 rat99.tsp: ok time=0.305964s result=1211.0 branches=285
[39/50] repeat 1 rd100.tsp: ok time=0.443017s result=7910.0 branches=372
[40/50] repeat 1 pr136.tsp: timeout time=1800.000000s result=None branches=None: timeout after 1800s
[41/50] repeat 1 st70.tsp: ok time=0.433555s result=675.0 branches=995
[42/50] repeat 1 swiss42.tsp: ok time=0.032723s result=1273.0 branches=6
[43/50] repeat 1 u159.tsp: ok time=256.611177s result=42080.0 branches=159827
[44/50] repeat 1 ulysses16.tsp: ok time=0.027899s result=6859.0 branches=1
[45/50] repeat 1 wi29.tsp: ok time=0.028585s result=27603.0 branches=1
[46/50] repeat 1 pr152.tsp: timeout time=1800.000000s result=None branches=None: timeout after 1800s
[47/50] repeat 1 rat195.tsp: ok time=1473.375073s result=2323.0 branches=403330
[48/50] repeat 1 qa194.tsp: timeout time=1800.000000s result=None branches=None: timeout after 1800s
[49/50] repeat 1 si175.tsp: timeout time=1800.000000s result=None branches=None: timeout after 1800s
[50/50] repeat 1 xqf131.tsp: timeout time=1800.000000s result=None branches=None: timeout after 1800s
Strategy table: /home/wj/code/TSP/outputs/phkmst-ablation/PPS32-1a1b0d4351c0
  rows=50 ok=41 timeout=9 error=0
  median wall=0.305964s branches=411

=== Configuration 7/13: PPSD32 ===
Cached 0/50; running 50 call(s) with workers=5
[1/50] repeat 1 berlin52.tsp: ok time=0.011607s result=7542.0 branches=1
[2/50] repeat 1 bayg29.tsp: ok time=0.022497s result=1610.0 branches=3
[3/50] repeat 1 bays29.tsp: ok time=0.023445s result=2020.0 branches=11
[4/50] repeat 1 burma14.tsp: ok time=0.012173s result=3323.0 branches=1
[5/50] repeat 1 att48.tsp: ok time=0.039111s result=10628.0 branches=22
[6/50] repeat 1 brazil58.tsp: ok time=0.062684s result=25395.0 branches=47
[7/50] repeat 1 ch150.tsp: ok time=110.266305s result=6528.0 branches=59460
[8/50] repeat 1 dantzig42.tsp: ok time=0.037195s result=699.0 branches=3
[9/50] repeat 1 dj38.tsp: ok time=0.020655s result=6656.0 branches=1
[10/50] repeat 1 eil101.tsp: ok time=0.532920s result=629.0 branches=789
[11/50] repeat 1 eil51.tsp: ok time=0.116813s result=426.0 branches=369
[12/50] repeat 1 eil76.tsp: ok time=0.189696s result=538.0 branches=309
[13/50] repeat 1 fri26.tsp: ok time=0.027688s result=937.0 branches=1
[14/50] repeat 1 gr120.tsp: ok time=12.414592s result=6942.0 branches=9979
[15/50] repeat 1 gr137.tsp: ok time=75.669807s result=69853.0 branches=60544
[16/50] repeat 1 gr17.tsp: ok time=0.021755s result=2085.0 branches=1
[17/50] repeat 1 gr21.tsp: ok time=0.013985s result=2707.0 branches=1
[18/50] repeat 1 gr24.tsp: ok time=0.013676s result=1272.0 branches=1
[19/50] repeat 1 gr48.tsp: ok time=0.198292s result=5046.0 branches=940
[20/50] repeat 1 gr96.tsp: ok time=2.888926s result=55209.0 branches=4498
[21/50] repeat 1 hk48.tsp: ok time=0.041154s result=11461.0 branches=16
[22/50] repeat 1 ch130.tsp: ok time=249.922885s result=6110.0 branches=181331
[23/50] repeat 1 kroA100.tsp: ok time=99.535790s result=21282.0 branches=411334
[24/50] repeat 1 kroB100.tsp: ok time=27.104611s result=22141.0 branches=32195
[25/50] repeat 1 kroA150.tsp: ok time=186.172557s result=26524.0 branches=93072
[26/50] repeat 1 kroC100.tsp: ok time=21.660205s result=20749.0 branches=28723
[27/50] repeat 1 kroD100.tsp: ok time=16.612810s result=21294.0 branches=18227
[28/50] repeat 1 kroE100.tsp: ok time=190.212137s result=22068.0 branches=759297
[29/50] repeat 1 lin105.tsp: ok time=0.241823s result=14379.0 branches=103
[30/50] repeat 1 bier127.tsp: ok time=1086.845745s result=118282.0 branches=879992
[31/50] repeat 1 pr124.tsp: ok time=3.817673s result=59030.0 branches=3452
[32/50] repeat 1 brg180.tsp: timeout time=1800.000000s result=None branches=None: timeout after 1800s
[33/50] repeat 1 d198.tsp: timeout time=1800.000000s result=None branches=None: timeout after 1800s
[34/50] repeat 1 kroB150.tsp: timeout time=1800.000000s result=None branches=None: timeout after 1800s
[35/50] repeat 1 pr144.tsp: ok time=383.051406s result=58537.0 branches=220224
[36/50] repeat 1 pr107.tsp: timeout time=1800.000000s result=None branches=None: timeout after 1800s
[37/50] repeat 1 pr76.tsp: ok time=761.428671s result=108159.0 branches=2715260
[38/50] repeat 1 pr136.tsp: timeout time=1800.000000s result=None branches=None: timeout after 1800s
[39/50] repeat 1 rat99.tsp: ok time=0.328796s result=1211.0 branches=290
[40/50] repeat 1 rd100.tsp: ok time=0.520787s result=7910.0 branches=451
[41/50] repeat 1 st70.tsp: ok time=0.578330s result=675.0 branches=1353
[42/50] repeat 1 swiss42.tsp: ok time=0.028014s result=1273.0 branches=5
[43/50] repeat 1 u159.tsp: ok time=211.269633s result=42080.0 branches=130944
[44/50] repeat 1 ulysses16.tsp: ok time=0.022883s result=6859.0 branches=1
[45/50] repeat 1 wi29.tsp: ok time=0.016083s result=27603.0 branches=1
[46/50] repeat 1 pr152.tsp: timeout time=1800.000000s result=None branches=None: timeout after 1800s
[47/50] repeat 1 qa194.tsp: timeout time=1800.000000s result=None branches=None: timeout after 1800s
[48/50] repeat 1 rat195.tsp: ok time=1585.013386s result=2323.0 branches=450182
[49/50] repeat 1 si175.tsp: timeout time=1800.000000s result=None branches=None: timeout after 1800s
[50/50] repeat 1 xqf131.tsp: timeout time=1800.000000s result=None branches=None: timeout after 1800s
Strategy table: /home/wj/code/TSP/outputs/phkmst-ablation/PPSD32-2cb628a57650
  rows=50 ok=41 timeout=9 error=0
  median wall=0.328796s branches=451

=== Configuration 8/13: PS-PS32 ===
Cached 0/50; running 50 call(s) with workers=5
[1/50] repeat 1 bayg29.tsp: ok time=0.014932s result=1610.0 branches=2
[2/50] repeat 1 berlin52.tsp: ok time=0.031118s result=7542.0 branches=1
[3/50] repeat 1 bays29.tsp: ok time=0.037810s result=2020.0 branches=10
[4/50] repeat 1 att48.tsp: ok time=0.042906s result=10628.0 branches=36
[5/50] repeat 1 burma14.tsp: ok time=0.020794s result=3323.0 branches=1
[6/50] repeat 1 brazil58.tsp: ok time=0.044970s result=25395.0 branches=39
[7/50] repeat 1 ch130.tsp: ok time=162.481054s result=6110.0 branches=113490
[8/50] repeat 1 dantzig42.tsp: ok time=0.036180s result=699.0 branches=5
[9/50] repeat 1 dj38.tsp: ok time=0.032556s result=6656.0 branches=1
[10/50] repeat 1 eil101.tsp: ok time=4.857666s result=629.0 branches=5915
[11/50] repeat 1 eil51.tsp: ok time=0.146371s result=426.0 branches=576
[12/50] repeat 1 eil76.tsp: ok time=0.863220s result=538.0 branches=1815
[13/50] repeat 1 fri26.tsp: ok time=0.022813s result=937.0 branches=1
[14/50] repeat 1 ch150.tsp: ok time=406.508374s result=6528.0 branches=205249
[15/50] repeat 1 gr137.tsp: ok time=62.209197s result=69853.0 branches=50032
[16/50] repeat 1 gr17.tsp: ok time=0.023513s result=2085.0 branches=1
[17/50] repeat 1 gr21.tsp: ok time=0.015379s result=2707.0 branches=1
[18/50] repeat 1 gr24.tsp: ok time=0.015135s result=1272.0 branches=1
[19/50] repeat 1 gr48.tsp: ok time=0.368831s result=5046.0 branches=3285
[20/50] repeat 1 gr96.tsp: ok time=4.507937s result=55209.0 branches=7508
[21/50] repeat 1 hk48.tsp: ok time=0.045453s result=11461.0 branches=8
[22/50] repeat 1 gr120.tsp: ok time=359.390899s result=6942.0 branches=328046
[23/50] repeat 1 kroA100.tsp: ok time=157.832652s result=21282.0 branches=802021
[24/50] repeat 1 kroB100.tsp: ok time=54.689774s result=22141.0 branches=68354
[25/50] repeat 1 kroA150.tsp: ok time=203.146185s result=26524.0 branches=108659
[26/50] repeat 1 kroC100.tsp: ok time=15.268206s result=20749.0 branches=22086
[27/50] repeat 1 kroD100.tsp: ok time=3.038012s result=21294.0 branches=3202
[28/50] repeat 1 kroE100.tsp: ok time=97.961043s result=22068.0 branches=643602
[29/50] repeat 1 lin105.tsp: ok time=0.216616s result=14379.0 branches=60
[30/50] repeat 1 bier127.tsp: ok time=1157.196612s result=118282.0 branches=666844
[31/50] repeat 1 pr124.tsp: ok time=4.724351s result=59030.0 branches=4366
[32/50] repeat 1 d198.tsp: timeout time=1800.000000s result=None branches=None: timeout after 1800s
[33/50] repeat 1 brg180.tsp: timeout time=1800.000000s result=None branches=None: timeout after 1800s
[34/50] repeat 1 pr144.tsp: ok time=8.026977s result=58537.0 branches=4967
[35/50] repeat 1 pr76.tsp: ok time=367.287551s result=108159.0 branches=1023600
[36/50] repeat 1 kroB150.tsp: timeout time=1800.000000s result=None branches=None: timeout after 1800s
[37/50] repeat 1 pr107.tsp: timeout time=1800.000000s result=None branches=None: timeout after 1800s
[38/50] repeat 1 rat99.tsp: ok time=0.201625s result=1211.0 branches=69
[39/50] repeat 1 rd100.tsp: ok time=1.230249s result=7910.0 branches=1546
[40/50] repeat 1 pr136.tsp: timeout time=1800.000000s result=None branches=None: timeout after 1800s
[41/50] repeat 1 st70.tsp: ok time=0.539304s result=675.0 branches=1294
[42/50] repeat 1 swiss42.tsp: ok time=0.033138s result=1273.0 branches=7
[43/50] repeat 1 u159.tsp: ok time=72.749535s result=42080.0 branches=39831
[44/50] repeat 1 ulysses16.tsp: ok time=0.025155s result=6859.0 branches=1
[45/50] repeat 1 wi29.tsp: ok time=0.017062s result=27603.0 branches=1
[46/50] repeat 1 rat195.tsp: ok time=1091.558340s result=2323.0 branches=308237
[47/50] repeat 1 pr152.tsp: timeout time=1800.000000s result=None branches=None: timeout after 1800s
[48/50] repeat 1 qa194.tsp: timeout time=1800.000000s result=None branches=None: timeout after 1800s
[49/50] repeat 1 si175.tsp: timeout time=1800.000000s result=None branches=None: timeout after 1800s
[50/50] repeat 1 xqf131.tsp: timeout time=1800.000000s result=None branches=None: timeout after 1800s
Strategy table: /home/wj/code/TSP/outputs/phkmst-ablation/PS-PS32-263d5769afbc
  rows=50 ok=41 timeout=9 error=0
  median wall=0.539304s branches=1546

=== Configuration 9/13: PS-PS16 ===
Cached 0/50; running 50 call(s) with workers=5
[1/50] repeat 1 bayg29.tsp: ok time=0.017041s result=1610.0 branches=2
[2/50] repeat 1 berlin52.tsp: ok time=0.043612s result=7542.0 branches=1
[3/50] repeat 1 bays29.tsp: ok time=0.046058s result=2020.0 branches=10
[4/50] repeat 1 att48.tsp: ok time=0.048420s result=10628.0 branches=48
[5/50] repeat 1 burma14.tsp: ok time=0.018829s result=3323.0 branches=1
[6/50] repeat 1 brazil58.tsp: ok time=0.049957s result=25395.0 branches=86
[7/50] repeat 1 ch150.tsp: ok time=552.209452s result=6528.0 branches=421296
[8/50] repeat 1 dantzig42.tsp: ok time=0.025955s result=699.0 branches=5
[9/50] repeat 1 dj38.tsp: ok time=0.017073s result=6656.0 branches=1
[10/50] repeat 1 eil101.tsp: ok time=7.041586s result=629.0 branches=11690
[11/50] repeat 1 eil51.tsp: ok time=0.129130s result=426.0 branches=791
[12/50] repeat 1 eil76.tsp: ok time=0.864516s result=538.0 branches=2612
[13/50] repeat 1 fri26.tsp: ok time=0.024740s result=937.0 branches=1
[14/50] repeat 1 ch130.tsp: ok time=735.716821s result=6110.0 branches=842923
[15/50] repeat 1 gr120.tsp: ok time=236.106157s result=6942.0 branches=314985
[16/50] repeat 1 gr17.tsp: ok time=0.026552s result=2085.0 branches=1
[17/50] repeat 1 gr21.tsp: ok time=0.016893s result=2707.0 branches=1
[18/50] repeat 1 gr24.tsp: ok time=0.005094s result=1272.0 branches=1
[19/50] repeat 1 gr48.tsp: ok time=0.438760s result=5046.0 branches=4375
[20/50] repeat 1 gr96.tsp: ok time=6.049397s result=55209.0 branches=14704
[21/50] repeat 1 hk48.tsp: ok time=0.028479s result=11461.0 branches=16
[22/50] repeat 1 gr137.tsp: ok time=106.827679s result=69853.0 branches=126184
[23/50] repeat 1 kroA100.tsp: ok time=154.067295s result=21282.0 branches=801204
[24/50] repeat 1 kroB100.tsp: ok time=147.187840s result=22141.0 branches=275891
[25/50] repeat 1 kroA150.tsp: ok time=371.464336s result=26524.0 branches=291874
[26/50] repeat 1 kroC100.tsp: ok time=21.153478s result=20749.0 branches=42335
[27/50] repeat 1 kroD100.tsp: ok time=2.157653s result=21294.0 branches=3289
[28/50] repeat 1 kroE100.tsp: ok time=118.439049s result=22068.0 branches=681597
[29/50] repeat 1 lin105.tsp: ok time=0.210527s result=14379.0 branches=55
[30/50] repeat 1 d198.tsp: timeout time=1800.000000s result=None branches=None: timeout after 1800s
[31/50] repeat 1 brg180.tsp: timeout time=1800.000000s result=None branches=None: timeout after 1800s
[32/50] repeat 1 bier127.tsp: timeout time=1800.000000s result=None branches=None: timeout after 1800s
[33/50] repeat 1 pr124.tsp: ok time=4.113115s result=59030.0 branches=5484
[34/50] repeat 1 pr144.tsp: ok time=376.490680s result=58537.0 branches=369988
[35/50] repeat 1 pr76.tsp: ok time=313.246071s result=108159.0 branches=1219976
[36/50] repeat 1 kroB150.tsp: timeout time=1800.000000s result=None branches=None: timeout after 1800s
[37/50] repeat 1 pr107.tsp: timeout time=1800.000000s result=None branches=None: timeout after 1800s
[38/50] repeat 1 rat99.tsp: ok time=0.275731s result=1211.0 branches=265
[39/50] repeat 1 rd100.tsp: ok time=1.561913s result=7910.0 branches=2672
[40/50] repeat 1 pr136.tsp: timeout time=1800.000000s result=None branches=None: timeout after 1800s
[41/50] repeat 1 st70.tsp: ok time=0.458524s result=675.0 branches=1507
[42/50] repeat 1 swiss42.tsp: ok time=0.028914s result=1273.0 branches=11
[43/50] repeat 1 pr152.tsp: timeout time=1800.000000s result=None branches=None: timeout after 1800s
[44/50] repeat 1 ulysses16.tsp: ok time=0.026505s result=6859.0 branches=1
[45/50] repeat 1 wi29.tsp: ok time=0.019695s result=27603.0 branches=1
[46/50] repeat 1 u159.tsp: ok time=109.561797s result=42080.0 branches=87109
[47/50] repeat 1 rat195.tsp: ok time=1317.534450s result=2323.0 branches=548457
[48/50] repeat 1 qa194.tsp: timeout time=1800.000000s result=None branches=None: timeout after 1800s
[49/50] repeat 1 si175.tsp: timeout time=1800.000000s result=None branches=None: timeout after 1800s
[50/50] repeat 1 xqf131.tsp: timeout time=1800.000000s result=None branches=None: timeout after 1800s
Strategy table: /home/wj/code/TSP/outputs/phkmst-ablation/PS-PS16-198619c94b42
  rows=50 ok=40 timeout=10 error=0
  median wall=0.448642s branches=2060

=== Configuration 10/13: PS-PS64 ===
Cached 0/50; running 50 call(s) with workers=5
[1/50] repeat 1 bayg29.tsp: ok time=0.017230s result=1610.0 branches=2
[2/50] repeat 1 bays29.tsp: ok time=0.028911s result=2020.0 branches=10
[3/50] repeat 1 berlin52.tsp: ok time=0.049137s result=7542.0 branches=1
[4/50] repeat 1 att48.tsp: ok time=0.052162s result=10628.0 branches=48
[5/50] repeat 1 burma14.tsp: ok time=0.019372s result=3323.0 branches=1
[6/50] repeat 1 brazil58.tsp: ok time=0.056828s result=25395.0 branches=86
[7/50] repeat 1 ch150.tsp: ok time=559.464015s result=6528.0 branches=421296
[8/50] repeat 1 dantzig42.tsp: ok time=0.038576s result=699.0 branches=5
[9/50] repeat 1 dj38.tsp: ok time=0.028582s result=6656.0 branches=1
[10/50] repeat 1 eil101.tsp: ok time=7.141569s result=629.0 branches=11690
[11/50] repeat 1 eil51.tsp: ok time=0.141173s result=426.0 branches=791
[12/50] repeat 1 eil76.tsp: ok time=0.885162s result=538.0 branches=2612
[13/50] repeat 1 fri26.tsp: ok time=0.029728s result=937.0 branches=1
[14/50] repeat 1 ch130.tsp: ok time=739.345835s result=6110.0 branches=842923
[15/50] repeat 1 gr120.tsp: ok time=237.245361s result=6942.0 branches=314985
[16/50] repeat 1 gr17.tsp: ok time=0.026579s result=2085.0 branches=1
[17/50] repeat 1 gr21.tsp: ok time=0.031798s result=2707.0 branches=1
[18/50] repeat 1 gr24.tsp: ok time=0.032043s result=1272.0 branches=1
[19/50] repeat 1 gr48.tsp: ok time=0.426473s result=5046.0 branches=4375
[20/50] repeat 1 gr96.tsp: ok time=6.131964s result=55209.0 branches=14704
[21/50] repeat 1 hk48.tsp: ok time=0.030635s result=11461.0 branches=16
[22/50] repeat 1 gr137.tsp: ok time=107.368984s result=69853.0 branches=126184
[23/50] repeat 1 kroA100.tsp: ok time=151.750076s result=21282.0 branches=801204
[24/50] repeat 1 kroB100.tsp: ok time=149.472111s result=22141.0 branches=275891
[25/50] repeat 1 kroA150.tsp: ok time=383.240163s result=26524.0 branches=291874
[26/50] repeat 1 kroC100.tsp: ok time=22.889673s result=20749.0 branches=42335
[27/50] repeat 1 kroD100.tsp: ok time=2.304057s result=21294.0 branches=3289
[28/50] repeat 1 kroE100.tsp: ok time=124.062033s result=22068.0 branches=681597
[29/50] repeat 1 lin105.tsp: ok time=0.227112s result=14379.0 branches=55
[30/50] repeat 1 brg180.tsp: timeout time=1800.000000s result=None branches=None: timeout after 1800s
[31/50] repeat 1 bier127.tsp: timeout time=1800.000000s result=None branches=None: timeout after 1800s
[32/50] repeat 1 d198.tsp: timeout time=1800.000000s result=None branches=None: timeout after 1800s
[33/50] repeat 1 pr124.tsp: ok time=4.137483s result=59030.0 branches=5484
[34/50] repeat 1 pr144.tsp: ok time=380.338165s result=58537.0 branches=369988
[35/50] repeat 1 pr76.tsp: ok time=348.357452s result=108159.0 branches=1219976
[36/50] repeat 1 kroB150.tsp: timeout time=1800.000000s result=None branches=None: timeout after 1800s
[37/50] repeat 1 pr107.tsp: timeout time=1800.000000s result=None branches=None: timeout after 1800s
[38/50] repeat 1 rat99.tsp: ok time=0.287282s result=1211.0 branches=265
[39/50] repeat 1 rd100.tsp: ok time=1.679203s result=7910.0 branches=2672
[40/50] repeat 1 pr136.tsp: timeout time=1800.000000s result=None branches=None: timeout after 1800s
[41/50] repeat 1 st70.tsp: ok time=0.463297s result=675.0 branches=1507
[42/50] repeat 1 swiss42.tsp: ok time=0.031297s result=1273.0 branches=11
[43/50] repeat 1 pr152.tsp: timeout time=1800.000000s result=None branches=None: timeout after 1800s
[44/50] repeat 1 ulysses16.tsp: ok time=0.028616s result=6859.0 branches=1
[45/50] repeat 1 wi29.tsp: ok time=0.021104s result=27603.0 branches=1
[46/50] repeat 1 u159.tsp: ok time=108.046410s result=42080.0 branches=87109
[47/50] repeat 1 rat195.tsp: ok time=1275.310486s result=2323.0 branches=548457
[48/50] repeat 1 qa194.tsp: timeout time=1800.000000s result=None branches=None: timeout after 1800s
[49/50] repeat 1 si175.tsp: timeout time=1800.000000s result=None branches=None: timeout after 1800s
[50/50] repeat 1 xqf131.tsp: timeout time=1800.000000s result=None branches=None: timeout after 1800s
Strategy table: /home/wj/code/TSP/outputs/phkmst-ablation/PS-PS64-13781675bf8e
  rows=50 ok=40 timeout=10 error=0
  median wall=0.444885s branches=2060

=== Configuration 11/13: PSD-PSD32 ===
Cached 0/50; running 50 call(s) with workers=5
[1/50] repeat 1 bays29.tsp: ok time=0.018820s result=2020.0 branches=12
[2/50] repeat 1 bayg29.tsp: ok time=0.025607s result=1610.0 branches=3
[3/50] repeat 1 berlin52.tsp: ok time=0.041817s result=7542.0 branches=1
[4/50] repeat 1 att48.tsp: ok time=0.045395s result=10628.0 branches=36
[5/50] repeat 1 burma14.tsp: ok time=0.005385s result=3323.0 branches=1
[6/50] repeat 1 brazil58.tsp: ok time=0.048105s result=25395.0 branches=17
[7/50] repeat 1 ch150.tsp: ok time=85.171572s result=6528.0 branches=43137
[8/50] repeat 1 dantzig42.tsp: ok time=0.030689s result=699.0 branches=4
[9/50] repeat 1 dj38.tsp: ok time=0.019495s result=6656.0 branches=1
[10/50] repeat 1 eil101.tsp: ok time=147.687112s result=629.0 branches=207045
[11/50] repeat 1 eil51.tsp: ok time=0.091517s result=426.0 branches=287
[12/50] repeat 1 eil76.tsp: ok time=0.300918s result=538.0 branches=512
[13/50] repeat 1 fri26.tsp: ok time=0.030609s result=937.0 branches=1
[14/50] repeat 1 gr120.tsp: ok time=18.219928s result=6942.0 branches=15246
[15/50] repeat 1 gr137.tsp: ok time=50.611903s result=69853.0 branches=39401
[16/50] repeat 1 gr17.tsp: ok time=0.032022s result=2085.0 branches=1
[17/50] repeat 1 gr21.tsp: ok time=0.033710s result=2707.0 branches=1
[18/50] repeat 1 gr24.tsp: ok time=0.035609s result=1272.0 branches=1
[19/50] repeat 1 gr48.tsp: ok time=0.307542s result=5046.0 branches=1677
[20/50] repeat 1 gr96.tsp: ok time=2.189291s result=55209.0 branches=3379
[21/50] repeat 1 hk48.tsp: ok time=0.032935s result=11461.0 branches=12
[22/50] repeat 1 kroA100.tsp: ok time=102.043026s result=21282.0 branches=381632
[23/50] repeat 1 ch130.tsp: ok time=906.647322s result=6110.0 branches=578298
[24/50] repeat 1 kroB100.tsp: ok time=57.911727s result=22141.0 branches=72957
[25/50] repeat 1 kroA150.tsp: ok time=1046.283562s result=26524.0 branches=575263
[26/50] repeat 1 kroC100.tsp: ok time=13.656478s result=20749.0 branches=17971
[27/50] repeat 1 kroD100.tsp: ok time=20.442418s result=21294.0 branches=23990
[28/50] repeat 1 kroE100.tsp: ok time=41.373449s result=22068.0 branches=47086
[29/50] repeat 1 lin105.tsp: ok time=0.232564s result=14379.0 branches=106
[30/50] repeat 1 bier127.tsp: timeout time=1800.000000s result=None branches=None: timeout after 1800s
[31/50] repeat 1 brg180.tsp: timeout time=1800.000000s result=None branches=None: timeout after 1800s
[32/50] repeat 1 d198.tsp: timeout time=1800.000000s result=None branches=None: timeout after 1800s
[33/50] repeat 1 pr124.tsp: ok time=7.121799s result=59030.0 branches=6326
[34/50] repeat 1 pr144.tsp: ok time=13.019007s result=58537.0 branches=7984
[35/50] repeat 1 pr76.tsp: ok time=460.173462s result=108159.0 branches=1398711
[36/50] repeat 1 kroB150.tsp: timeout time=1800.000000s result=None branches=None: timeout after 1800s
[37/50] repeat 1 pr107.tsp: timeout time=1800.000000s result=None branches=None: timeout after 1800s
[38/50] repeat 1 rat99.tsp: ok time=0.246167s result=1211.0 branches=173
[39/50] repeat 1 rd100.tsp: ok time=0.260403s result=7910.0 branches=208
[40/50] repeat 1 rat195.tsp: ok time=766.189961s result=2323.0 branches=218756
[41/50] repeat 1 st70.tsp: ok time=0.518219s result=675.0 branches=1187
[42/50] repeat 1 swiss42.tsp: ok time=0.030484s result=1273.0 branches=3
[43/50] repeat 1 pr136.tsp: timeout time=1800.000000s result=None branches=None: timeout after 1800s
[44/50] repeat 1 ulysses16.tsp: ok time=0.031773s result=6859.0 branches=1
[45/50] repeat 1 wi29.tsp: ok time=0.024263s result=27603.0 branches=1
[46/50] repeat 1 u159.tsp: ok time=72.409818s result=42080.0 branches=43928
[47/50] repeat 1 pr152.tsp: timeout time=1800.000000s result=None branches=None: timeout after 1800s
[48/50] repeat 1 qa194.tsp: timeout time=1800.000000s result=None branches=None: timeout after 1800s
[49/50] repeat 1 si175.tsp: timeout time=1800.000000s result=None branches=None: timeout after 1800s
[50/50] repeat 1 xqf131.tsp: timeout time=1800.000000s result=None branches=None: timeout after 1800s
Strategy table: /home/wj/code/TSP/outputs/phkmst-ablation/PSD-PSD32-33df91bbcecc
  rows=50 ok=40 timeout=10 error=0
  median wall=0.280660s branches=400

=== Configuration 12/13: PSD-PSD16 ===
Cached 0/50; running 50 call(s) with workers=5
[1/50] repeat 1 bayg29.tsp: ok time=0.016276s result=1610.0 branches=3
[2/50] repeat 1 bays29.tsp: ok time=0.027619s result=2020.0 branches=12
[3/50] repeat 1 berlin52.tsp: ok time=0.039939s result=7542.0 branches=1
[4/50] repeat 1 att48.tsp: ok time=0.055829s result=10628.0 branches=35
[5/50] repeat 1 brazil58.tsp: ok time=0.043681s result=25395.0 branches=71
[6/50] repeat 1 burma14.tsp: ok time=0.021120s result=3323.0 branches=1
[7/50] repeat 1 ch150.tsp: ok time=106.123501s result=6528.0 branches=78972
[8/50] repeat 1 dantzig42.tsp: ok time=0.040993s result=699.0 branches=4
[9/50] repeat 1 dj38.tsp: ok time=0.030892s result=6656.0 branches=1
[10/50] repeat 1 eil101.tsp: ok time=184.959701s result=629.0 branches=344662
[11/50] repeat 1 eil51.tsp: ok time=0.099561s result=426.0 branches=438
[12/50] repeat 1 eil76.tsp: ok time=0.332901s result=538.0 branches=791
[13/50] repeat 1 fri26.tsp: ok time=0.032022s result=937.0 branches=1
[14/50] repeat 1 gr120.tsp: ok time=27.089445s result=6942.0 branches=35455
[15/50] repeat 1 gr137.tsp: ok time=163.879814s result=69853.0 branches=189390
[16/50] repeat 1 gr17.tsp: ok time=0.017340s result=2085.0 branches=1
[17/50] repeat 1 gr21.tsp: ok time=0.023439s result=2707.0 branches=1
[18/50] repeat 1 gr24.tsp: ok time=0.021716s result=1272.0 branches=1
[19/50] repeat 1 gr48.tsp: ok time=0.278425s result=5046.0 branches=2062
[20/50] repeat 1 gr96.tsp: ok time=5.991923s result=55209.0 branches=14079
[21/50] repeat 1 hk48.tsp: ok time=0.040158s result=11461.0 branches=12
[22/50] repeat 1 kroA100.tsp: ok time=110.059953s result=21282.0 branches=419072
[23/50] repeat 1 bier127.tsp: timeout time=1800.000000s result=None branches=None: timeout after 1800s
[24/50] repeat 1 brg180.tsp: timeout time=1800.000000s result=None branches=None: timeout after 1800s
[25/50] repeat 1 ch130.tsp: timeout time=1800.000000s result=None branches=None: timeout after 1800s
[26/50] repeat 1 d198.tsp: timeout time=1800.000000s result=None branches=None: timeout after 1800s
[27/50] repeat 1 kroC100.tsp: ok time=25.222623s result=20749.0 branches=48189
[28/50] repeat 1 kroD100.tsp: ok time=25.412820s result=21294.0 branches=41390
[29/50] repeat 1 lin105.tsp: ok time=0.202623s result=14379.0 branches=62
[30/50] repeat 1 kroE100.tsp: ok time=64.873790s result=22068.0 branches=112861
[31/50] repeat 1 pr124.tsp: ok time=5.907680s result=59030.0 branches=7902
[32/50] repeat 1 kroB100.tsp: ok time=155.725576s result=22141.0 branches=288210
[33/50] repeat 1 pr144.tsp: ok time=294.634209s result=58537.0 branches=289684
[34/50] repeat 1 kroA150.tsp: timeout time=1800.000000s result=None branches=None: timeout after 1800s
[35/50] repeat 1 pr76.tsp: ok time=430.161336s result=108159.0 branches=1680006
[36/50] repeat 1 kroB150.tsp: timeout time=1800.000000s result=None branches=None: timeout after 1800s
[37/50] repeat 1 pr107.tsp: timeout time=1800.000000s result=None branches=None: timeout after 1800s
[38/50] repeat 1 rat99.tsp: ok time=0.275211s result=1211.0 branches=304
[39/50] repeat 1 rd100.tsp: ok time=0.262305s result=7910.0 branches=280
[40/50] repeat 1 pr136.tsp: timeout time=1800.000000s result=None branches=None: timeout after 1800s
[41/50] repeat 1 st70.tsp: ok time=0.697254s result=675.0 branches=2322
[42/50] repeat 1 swiss42.tsp: ok time=0.033827s result=1273.0 branches=3
[43/50] repeat 1 u159.tsp: ok time=62.239629s result=42080.0 branches=49715
[44/50] repeat 1 ulysses16.tsp: ok time=0.032015s result=6859.0 branches=1
[45/50] repeat 1 wi29.tsp: ok time=0.023977s result=27603.0 branches=1
[46/50] repeat 1 pr152.tsp: timeout time=1800.000000s result=None branches=None: timeout after 1800s
[47/50] repeat 1 rat195.tsp: ok time=899.715316s result=2323.0 branches=385045
[48/50] repeat 1 qa194.tsp: timeout time=1800.000000s result=None branches=None: timeout after 1800s
[49/50] repeat 1 si175.tsp: timeout time=1800.000000s result=None branches=None: timeout after 1800s
[50/50] repeat 1 xqf131.tsp: timeout time=1800.000000s result=None branches=None: timeout after 1800s
Strategy table: /home/wj/code/TSP/outputs/phkmst-ablation/PSD-PSD16-2fba953508f9
  rows=50 ok=38 timeout=12 error=0
  median wall=0.268758s branches=371

=== Configuration 13/13: PSD-PSD64 ===
Cached 0/50; running 50 call(s) with workers=5
[1/50] repeat 1 bayg29.tsp: ok time=0.016162s result=1610.0 branches=3
[2/50] repeat 1 bays29.tsp: ok time=0.016889s result=2020.0 branches=12
[3/50] repeat 1 berlin52.tsp: ok time=0.049683s result=7542.0 branches=1
[4/50] repeat 1 att48.tsp: ok time=0.052023s result=10628.0 branches=35
[5/50] repeat 1 burma14.tsp: ok time=0.025708s result=3323.0 branches=1
[6/50] repeat 1 brazil58.tsp: ok time=0.061921s result=25395.0 branches=71
[7/50] repeat 1 ch150.tsp: ok time=106.536052s result=6528.0 branches=78972
[8/50] repeat 1 dantzig42.tsp: ok time=0.044916s result=699.0 branches=4
[9/50] repeat 1 dj38.tsp: ok time=0.025416s result=6656.0 branches=1
[10/50] repeat 1 eil101.tsp: ok time=187.724484s result=629.0 branches=344662
[11/50] repeat 1 eil51.tsp: ok time=0.081247s result=426.0 branches=438
[12/50] repeat 1 eil76.tsp: ok time=0.340646s result=538.0 branches=791
[13/50] repeat 1 fri26.tsp: ok time=0.033847s result=937.0 branches=1
[14/50] repeat 1 gr120.tsp: ok time=27.574804s result=6942.0 branches=35455
[15/50] repeat 1 gr137.tsp: ok time=167.630991s result=69853.0 branches=189390
[16/50] repeat 1 gr17.tsp: ok time=0.035925s result=2085.0 branches=1
[17/50] repeat 1 gr21.tsp: ok time=0.033290s result=2707.0 branches=1
[18/50] repeat 1 gr24.tsp: ok time=0.047641s result=1272.0 branches=1
[19/50] repeat 1 gr48.tsp: ok time=0.277743s result=5046.0 branches=2062
[20/50] repeat 1 gr96.tsp: ok time=6.072857s result=55209.0 branches=14079
[21/50] repeat 1 hk48.tsp: ok time=0.039672s result=11461.0 branches=12
[22/50] repeat 1 kroA100.tsp: ok time=111.342263s result=21282.0 branches=419072
[23/50] repeat 1 bier127.tsp: timeout time=1800.000000s result=None branches=None: timeout after 1800s
[24/50] repeat 1 brg180.tsp: timeout time=1800.000000s result=None branches=None: timeout after 1800s
[25/50] repeat 1 ch130.tsp: timeout time=1800.000000s result=None branches=None: timeout after 1800s
[26/50] repeat 1 d198.tsp: timeout time=1800.000000s result=None branches=None: timeout after 1800s
[27/50] repeat 1 kroD100.tsp: ok time=24.246839s result=21294.0 branches=41390
[28/50] repeat 1 kroC100.tsp: ok time=25.334940s result=20749.0 branches=48189
[29/50] repeat 1 lin105.tsp: ok time=0.204018s result=14379.0 branches=62
[30/50] repeat 1 kroE100.tsp: ok time=65.884188s result=22068.0 branches=112861
[31/50] repeat 1 pr124.tsp: ok time=5.851197s result=59030.0 branches=7902
[32/50] repeat 1 kroB100.tsp: ok time=165.512480s result=22141.0 branches=288210
[33/50] repeat 1 pr144.tsp: ok time=298.965042s result=58537.0 branches=289684
[34/50] repeat 1 kroA150.tsp: timeout time=1800.000000s result=None branches=None: timeout after 1800s
[35/50] repeat 1 pr76.tsp: ok time=412.963348s result=108159.0 branches=1680006
[36/50] repeat 1 kroB150.tsp: timeout time=1800.000000s result=None branches=None: timeout after 1800s
[37/50] repeat 1 pr107.tsp: timeout time=1800.000000s result=None branches=None: timeout after 1800s
[38/50] repeat 1 rat99.tsp: ok time=0.252208s result=1211.0 branches=304
[39/50] repeat 1 rd100.tsp: ok time=0.260497s result=7910.0 branches=280
[40/50] repeat 1 pr136.tsp: timeout time=1800.000000s result=None branches=None: timeout after 1800s
[41/50] repeat 1 st70.tsp: ok time=0.710687s result=675.0 branches=2322
[42/50] repeat 1 swiss42.tsp: ok time=0.043727s result=1273.0 branches=3
[43/50] repeat 1 u159.tsp: ok time=62.111852s result=42080.0 branches=49715
[44/50] repeat 1 ulysses16.tsp: ok time=0.035465s result=6859.0 branches=1
[45/50] repeat 1 wi29.tsp: ok time=0.026263s result=27603.0 branches=1
[46/50] repeat 1 pr152.tsp: timeout time=1800.000000s result=None branches=None: timeout after 1800s
[47/50] repeat 1 rat195.tsp: ok time=895.973759s result=2323.0 branches=385045
[48/50] repeat 1 qa194.tsp: timeout time=1800.000000s result=None branches=None: timeout after 1800s
[49/50] repeat 1 si175.tsp: timeout time=1800.000000s result=None branches=None: timeout after 1800s
[50/50] repeat 1 xqf131.tsp: timeout time=1800.000000s result=None branches=None: timeout after 1800s
Strategy table: /home/wj/code/TSP/outputs/phkmst-ablation/PSD-PSD64-90fbced549b1
  rows=50 ok=38 timeout=12 error=0
  median wall=0.256353s branches=371
