instance,strategy,iteration,phase,phase_iteration,lower_bound,best_lower_bound,concorde_optimum
/Users/a/Ayanami/code/TSP/data/classic/tsplib/rd100.tsp,polyak,1,polyak,1,7038,7038,7910
/Users/a/Ayanami/code/TSP/data/classic/tsplib/rd100.tsp,polyak,2,polyak,2,6632.0357142857138,7038,7910
/Users/a/Ayanami/code/TSP/data/classic/tsplib/rd100.tsp,polyak,3,polyak,3,7013.5006613756577,7038,7910
/Users/a/Ayanami/code/TSP/data/classic/tsplib/rd100.tsp,polyak,4,polyak,4,6963.0561990561937,7038,7910
/Users/a/Ayanami/code/TSP/data/classic/tsplib/rd100.tsp,polyak,5,polyak,5,6941.2056084323458,7038,7910
/Users/a/Ayanami/code/TSP/data/classic/tsplib/rd100.tsp,polyak,6,polyak,6,7026.7240224616207,7038,7910
/Users/a/Ayanami/code/TSP/data/classic/tsplib/rd100.tsp,polyak,7,polyak,7,6987.9559604529295,7038,7910
/Users/a/Ayanami/code/TSP/data/classic/tsplib/rd100.tsp,polyak,8,polyak,8,7383.0680210920646,7383.0680210920646,7910
/Users/a/Ayanami/code/TSP/data/classic/tsplib/rd100.tsp,polyak,9,polyak,9,7235.1400449308076,7383.0680210920646,7910
/Users/a/Ayanami/code/TSP/data/classic/tsplib/rd100.tsp,polyak,10,polyak,10,7236.7062221611523,7383.0680210920646,7910
/Users/a/Ayanami/code/TSP/data/classic/tsplib/rd100.tsp,polyak,11,polyak,11,7303.3587613426189,7383.0680210920646,7910
/Users/a/Ayanami/code/TSP/data/classic/tsplib/rd100.tsp,polyak,12,polyak,12,7322.3946179695531,7383.0680210920646,7910
/Users/a/Ayanami/code/TSP/data/classic/tsplib/rd100.tsp,polyak,13,polyak,13,7162.0746273290424,7383.0680210920646,7910
/Users/a/Ayanami/code/TSP/data/classic/tsplib/rd100.tsp,polyak,14,polyak,14,7239.0100093495985,7383.0680210920646,7910
/Users/a/Ayanami/code/TSP/data/classic/tsplib/rd100.tsp,polyak,15,polyak,15,7259.17701924226,7383.0680210920646,7910
/Users/a/Ayanami/code/TSP/data/classic/tsplib/rd100.tsp,polyak,16,polyak,16,7165.4971760788867,7383.0680210920646,7910
/Users/a/Ayanami/code/TSP/data/classic/tsplib/rd100.tsp,polyak,17,polyak,17,7027.9216667262699,7383.0680210920646,7910
/Users/a/Ayanami/code/TSP/data/classic/tsplib/rd100.tsp,polyak,18,polyak,18,7189.7930242201519,7383.0680210920646,7910
/Users/a/Ayanami/code/TSP/data/classic/tsplib/rd100.tsp,polyak,19,polyak,19,7249.4958105256173,7383.0680210920646,7910
/Users/a/Ayanami/code/TSP/data/classic/tsplib/rd100.tsp,polyak,20,polyak,20,7288.3401156205491,7383.0680210920646,7910
/Users/a/Ayanami/code/TSP/data/classic/tsplib/rd100.tsp,polyak,21,polyak,21,7260.7505256217855,7383.0680210920646,7910
/Users/a/Ayanami/code/TSP/data/classic/tsplib/rd100.tsp,polyak,22,polyak,22,7554.9165909001085,7554.9165909001085,7910
/Users/a/Ayanami/code/TSP/data/classic/tsplib/rd100.tsp,polyak,23,polyak,23,7666.8585787461516,7666.8585787461516,7910
/Users/a/Ayanami/code/TSP/data/classic/tsplib/rd100.tsp,polyak,24,polyak,24,7679.0128817822615,7679.0128817822615,7910
/Users/a/Ayanami/code/TSP/data/classic/tsplib/rd100.tsp,polyak,25,polyak,25,7732.254648100462,7732.254648100462,7910
/Users/a/Ayanami/code/TSP/data/classic/tsplib/rd100.tsp,polyak,26,polyak,26,7721.135889500817,7732.254648100462,7910
/Users/a/Ayanami/code/TSP/data/classic/tsplib/rd100.tsp,polyak,27,polyak,27,7726.1867071610377,7732.254648100462,7910
/Users/a/Ayanami/code/TSP/data/classic/tsplib/rd100.tsp,polyak,28,polyak,28,7740.8931490429777,7740.8931490429777,7910
/Users/a/Ayanami/code/TSP/data/classic/tsplib/rd100.tsp,polyak,29,polyak,29,7762.2090482257627,7762.2090482257627,7910
/Users/a/Ayanami/code/TSP/data/classic/tsplib/rd100.tsp,polyak,30,polyak,30,7761.2864585303587,7762.2090482257627,7910
/Users/a/Ayanami/code/TSP/data/classic/tsplib/rd100.tsp,polyak,31,polyak,31,7759.908990291844,7762.2090482257627,7910
/Users/a/Ayanami/code/TSP/data/classic/tsplib/rd100.tsp,polyak,32,polyak,32,7773.4912522482982,7773.4912522482982,7910
/Users/a/Ayanami/code/TSP/data/classic/tsplib/rd100.tsp,polyak,33,polyak,33,7758.7860290756225,7773.4912522482982,7910
/Users/a/Ayanami/code/TSP/data/classic/tsplib/rd100.tsp,polyak,34,polyak,34,7756.9006272349179,7773.4912522482982,7910
/Users/a/Ayanami/code/TSP/data/classic/tsplib/rd100.tsp,polyak,35,polyak,35,7746.6369889136267,7773.4912522482982,7910
/Users/a/Ayanami/code/TSP/data/classic/tsplib/rd100.tsp,polyak,36,polyak,36,7760.9221648585144,7773.4912522482982,7910
/Users/a/Ayanami/code/TSP/data/classic/tsplib/rd100.tsp,polyak,37,polyak,37,7756.8302282699415,7773.4912522482982,7910
/Users/a/Ayanami/code/TSP/data/classic/tsplib/rd100.tsp,polyak,38,polyak,38,7762.8370121975722,7773.4912522482982,7910
/Users/a/Ayanami/code/TSP/data/classic/tsplib/rd100.tsp,polyak,39,polyak,39,7722.873427732382,7773.4912522482982,7910
/Users/a/Ayanami/code/TSP/data/classic/tsplib/rd100.tsp,polyak,40,polyak,40,7754.2917208548606,7773.4912522482982,7910
/Users/a/Ayanami/code/TSP/data/classic/tsplib/rd100.tsp,polyak,41,polyak,41,7735.1984825787677,7773.4912522482982,7910
/Users/a/Ayanami/code/TSP/data/classic/tsplib/rd100.tsp,polyak,42,polyak,42,7768.7159356001066,7773.4912522482982,7910
/Users/a/Ayanami/code/TSP/data/classic/tsplib/rd100.tsp,polyak,43,polyak,43,7760.9434898414383,7773.4912522482982,7910
/Users/a/Ayanami/code/TSP/data/classic/tsplib/rd100.tsp,polyak,44,polyak,44,7760.2122464936001,7773.4912522482982,7910
/Users/a/Ayanami/code/TSP/data/classic/tsplib/rd100.tsp,polyak,45,polyak,45,7744.6897242612249,7773.4912522482982,7910
/Users/a/Ayanami/code/TSP/data/classic/tsplib/rd100.tsp,polyak,46,polyak,46,7844.2605154950325,7844.2605154950325,7910
/Users/a/Ayanami/code/TSP/data/classic/tsplib/rd100.tsp,polyak,47,polyak,47,7818.0564229087422,7844.2605154950325,7910
/Users/a/Ayanami/code/TSP/data/classic/tsplib/rd100.tsp,polyak,48,polyak,48,7849.3887548530383,7849.3887548530383,7910
/Users/a/Ayanami/code/TSP/data/classic/tsplib/rd100.tsp,polyak,49,polyak,49,7829.4778820400497,7849.3887548530383,7910
/Users/a/Ayanami/code/TSP/data/classic/tsplib/rd100.tsp,polyak,50,polyak,50,7850.2685522482661,7850.2685522482661,7910
/Users/a/Ayanami/code/TSP/data/classic/tsplib/rd100.tsp,polyak,51,polyak,51,7813.3846708271476,7850.2685522482661,7910
/Users/a/Ayanami/code/TSP/data/classic/tsplib/rd100.tsp,polyak,52,polyak,52,7856.7015284393265,7856.7015284393265,7910
/Users/a/Ayanami/code/TSP/data/classic/tsplib/rd100.tsp,polyak,53,polyak,53,7819.4679150161728,7856.7015284393265,7910
/Users/a/Ayanami/code/TSP/data/classic/tsplib/rd100.tsp,polyak,54,polyak,54,7853.6114017290356,7856.7015284393265,7910
/Users/a/Ayanami/code/TSP/data/classic/tsplib/rd100.tsp,polyak,55,polyak,55,7826.66622208423,7856.7015284393265,7910
/Users/a/Ayanami/code/TSP/data/classic/tsplib/rd100.tsp,polyak,56,polyak,56,7838.7013278371423,7856.7015284393265,7910
/Users/a/Ayanami/code/TSP/data/classic/tsplib/rd100.tsp,polyak,57,polyak,57,7850.9118268605926,7856.7015284393265,7910
/Users/a/Ayanami/code/TSP/data/classic/tsplib/rd100.tsp,polyak,58,polyak,58,7839.4174601663972,7856.7015284393265,7910
/Users/a/Ayanami/code/TSP/data/classic/tsplib/rd100.tsp,polyak,59,polyak,59,7844.6549219082954,7856.7015284393265,7910
/Users/a/Ayanami/code/TSP/data/classic/tsplib/rd100.tsp,polyak,60,polyak,60,7836.2049309588356,7856.7015284393265,7910
/Users/a/Ayanami/code/TSP/data/classic/tsplib/rd100.tsp,polyak,61,polyak,61,7848.4992624402412,7856.7015284393265,7910
/Users/a/Ayanami/code/TSP/data/classic/tsplib/rd100.tsp,polyak,62,polyak,62,7837.091785023028,7856.7015284393265,7910
/Users/a/Ayanami/code/TSP/data/classic/tsplib/rd100.tsp,polyak,63,polyak,63,7852.569842398515,7856.7015284393265,7910
/Users/a/Ayanami/code/TSP/data/classic/tsplib/rd100.tsp,polyak,64,polyak,64,7850.7899834756345,7856.7015284393265,7910
/Users/a/Ayanami/code/TSP/data/classic/tsplib/rd100.tsp,polyak,65,polyak,65,7854.9723449985768,7856.7015284393265,7910
/Users/a/Ayanami/code/TSP/data/classic/tsplib/rd100.tsp,polyak,66,polyak,66,7871.5714312582268,7871.5714312582268,7910
/Users/a/Ayanami/code/TSP/data/classic/tsplib/rd100.tsp,polyak,67,polyak,67,7860.2648566125781,7871.5714312582268,7910
/Users/a/Ayanami/code/TSP/data/classic/tsplib/rd100.tsp,polyak,68,polyak,68,7870.0757866713811,7871.5714312582268,7910
/Users/a/Ayanami/code/TSP/data/classic/tsplib/rd100.tsp,polyak,69,polyak,69,7864.5538625245799,7871.5714312582268,7910
/Users/a/Ayanami/code/TSP/data/classic/tsplib/rd100.tsp,polyak,70,polyak,70,7865.6982368429744,7871.5714312582268,7910
/Users/a/Ayanami/code/TSP/data/classic/tsplib/rd100.tsp,polyak,71,polyak,71,7864.2515132748795,7871.5714312582268,7910
/Users/a/Ayanami/code/TSP/data/classic/tsplib/rd100.tsp,polyak,72,polyak,72,7873.9891256744995,7873.9891256744995,7910
/Users/a/Ayanami/code/TSP/data/classic/tsplib/rd100.tsp,polyak,73,polyak,73,7868.3110770782114,7873.9891256744995,7910
/Users/a/Ayanami/code/TSP/data/classic/tsplib/rd100.tsp,polyak,74,polyak,74,7871.0218152752877,7873.9891256744995,7910
/Users/a/Ayanami/code/TSP/data/classic/tsplib/rd100.tsp,polyak,75,polyak,75,7869.5882479536749,7873.9891256744995,7910
/Users/a/Ayanami/code/TSP/data/classic/tsplib/rd100.tsp,polyak,76,polyak,76,7876.082649807855,7876.082649807855,7910
/Users/a/Ayanami/code/TSP/data/classic/tsplib/rd100.tsp,polyak,77,polyak,77,7863.7382262129477,7876.082649807855,7910
/Users/a/Ayanami/code/TSP/data/classic/tsplib/rd100.tsp,polyak,78,polyak,78,7877.8847765482224,7877.8847765482224,7910
/Users/a/Ayanami/code/TSP/data/classic/tsplib/rd100.tsp,polyak,79,polyak,79,7873.7869607475996,7877.8847765482224,7910
/Users/a/Ayanami/code/TSP/data/classic/tsplib/rd100.tsp,polyak,80,polyak,80,7870.8364227782376,7877.8847765482224,7910
/Users/a/Ayanami/code/TSP/data/classic/tsplib/rd100.tsp,polyak,81,polyak,81,7871.9069878359187,7877.8847765482224,7910
/Users/a/Ayanami/code/TSP/data/classic/tsplib/rd100.tsp,polyak,82,polyak,82,7876.5813769723754,7877.8847765482224,7910
/Users/a/Ayanami/code/TSP/data/classic/tsplib/rd100.tsp,polyak,83,polyak,83,7867.3135423979184,7877.8847765482224,7910
/Users/a/Ayanami/code/TSP/data/classic/tsplib/rd100.tsp,polyak,84,polyak,84,7875.0025829378474,7877.8847765482224,7910
/Users/a/Ayanami/code/TSP/data/classic/tsplib/rd100.tsp,polyak,85,polyak,85,7871.5517191991712,7877.8847765482224,7910
/Users/a/Ayanami/code/TSP/data/classic/tsplib/rd100.tsp,polyak,86,polyak,86,7870.3145811636969,7877.8847765482224,7910
/Users/a/Ayanami/code/TSP/data/classic/tsplib/rd100.tsp,polyak,87,polyak,87,7869.8563803995712,7877.8847765482224,7910
/Users/a/Ayanami/code/TSP/data/classic/tsplib/rd100.tsp,polyak,88,polyak,88,7877.3734745716429,7877.8847765482224,7910
/Users/a/Ayanami/code/TSP/data/classic/tsplib/rd100.tsp,polyak,89,polyak,89,7867.3067265577638,7877.8847765482224,7910
/Users/a/Ayanami/code/TSP/data/classic/tsplib/rd100.tsp,polyak,90,polyak,90,7875.9045213071922,7877.8847765482224,7910
/Users/a/Ayanami/code/TSP/data/classic/tsplib/rd100.tsp,polyak,91,polyak,91,7875.2461034670951,7877.8847765482224,7910
/Users/a/Ayanami/code/TSP/data/classic/tsplib/rd100.tsp,polyak,92,polyak,92,7879.2278663131428,7879.2278663131428,7910
/Users/a/Ayanami/code/TSP/data/classic/tsplib/rd100.tsp,polyak,93,polyak,93,7881.3758806805281,7881.3758806805281,7910
/Users/a/Ayanami/code/TSP/data/classic/tsplib/rd100.tsp,polyak,94,polyak,94,7882.4812709753051,7882.4812709753051,7910
/Users/a/Ayanami/code/TSP/data/classic/tsplib/rd100.tsp,polyak,95,polyak,95,7883.5703165493514,7883.5703165493514,7910
/Users/a/Ayanami/code/TSP/data/classic/tsplib/rd100.tsp,polyak,96,polyak,96,7883.4349531889375,7883.5703165493514,7910
/Users/a/Ayanami/code/TSP/data/classic/tsplib/rd100.tsp,polyak,97,polyak,97,7884.7142711075003,7884.7142711075003,7910
/Users/a/Ayanami/code/TSP/data/classic/tsplib/rd100.tsp,polyak,98,polyak,98,7878.4817752949039,7884.7142711075003,7910
/Users/a/Ayanami/code/TSP/data/classic/tsplib/rd100.tsp,polyak,99,polyak,99,7886.209191408755,7886.209191408755,7910
/Users/a/Ayanami/code/TSP/data/classic/tsplib/rd100.tsp,polyak,100,polyak,100,7874.3619012860481,7886.209191408755,7910
/Users/a/Ayanami/code/TSP/data/classic/tsplib/rd100.tsp,polyak,101,polyak,101,7885.5216793652162,7886.209191408755,7910
/Users/a/Ayanami/code/TSP/data/classic/tsplib/rd100.tsp,polyak,102,polyak,102,7883.7508971377592,7886.209191408755,7910
/Users/a/Ayanami/code/TSP/data/classic/tsplib/rd100.tsp,polyak,103,polyak,103,7888.2952057560406,7888.2952057560406,7910
/Users/a/Ayanami/code/TSP/data/classic/tsplib/rd100.tsp,polyak,104,polyak,104,7869.5316378952921,7888.2952057560406,7910
/Users/a/Ayanami/code/TSP/data/classic/tsplib/rd100.tsp,polyak,105,polyak,105,7877.2355357938513,7888.2952057560406,7910
/Users/a/Ayanami/code/TSP/data/classic/tsplib/rd100.tsp,polyak,106,polyak,106,7883.6553479629674,7888.2952057560406,7910
/Users/a/Ayanami/code/TSP/data/classic/tsplib/rd100.tsp,polyak,107,polyak,107,7885.3714224101286,7888.2952057560406,7910
/Users/a/Ayanami/code/TSP/data/classic/tsplib/rd100.tsp,polyak,108,polyak,108,7883.2084314993517,7888.2952057560406,7910
/Users/a/Ayanami/code/TSP/data/classic/tsplib/rd100.tsp,polyak,109,polyak,109,7887.0733445807164,7888.2952057560406,7910
/Users/a/Ayanami/code/TSP/data/classic/tsplib/rd100.tsp,polyak,110,polyak,110,7885.306218441181,7888.2952057560406,7910
/Users/a/Ayanami/code/TSP/data/classic/tsplib/rd100.tsp,polyak,111,polyak,111,7887.6668506591041,7888.2952057560406,7910
/Users/a/Ayanami/code/TSP/data/classic/tsplib/rd100.tsp,polyak,112,polyak,112,7882.980090713676,7888.2952057560406,7910
/Users/a/Ayanami/code/TSP/data/classic/tsplib/rd100.tsp,polyak,113,polyak,113,7887.9783245425506,7888.2952057560406,7910
/Users/a/Ayanami/code/TSP/data/classic/tsplib/rd100.tsp,polyak,114,polyak,114,7881.7994585810584,7888.2952057560406,7910
/Users/a/Ayanami/code/TSP/data/classic/tsplib/rd100.tsp,polyak,115,polyak,115,7888.5436078861439,7888.5436078861439,7910
/Users/a/Ayanami/code/TSP/data/classic/tsplib/rd100.tsp,polyak,116,polyak,116,7880.5641780112064,7888.5436078861439,7910
/Users/a/Ayanami/code/TSP/data/classic/tsplib/rd100.tsp,polyak,117,polyak,117,7885.5120793439846,7888.5436078861439,7910
/Users/a/Ayanami/code/TSP/data/classic/tsplib/rd100.tsp,polyak,118,polyak,118,7884.1276116702265,7888.5436078861439,7910
/Users/a/Ayanami/code/TSP/data/classic/tsplib/rd100.tsp,polyak,119,polyak,119,7891.4100682796397,7891.4100682796397,7910
/Users/a/Ayanami/code/TSP/data/classic/tsplib/rd100.tsp,polyak,120,polyak,120,7874.933091407529,7891.4100682796397,7910
/Users/a/Ayanami/code/TSP/data/classic/tsplib/rd100.tsp,polyak,121,polyak,121,7882.7089638531752,7891.4100682796397,7910
/Users/a/Ayanami/code/TSP/data/classic/tsplib/rd100.tsp,polyak,122,polyak,122,7888.4422373810694,7891.4100682796397,7910
/Users/a/Ayanami/code/TSP/data/classic/tsplib/rd100.tsp,polyak,123,polyak,123,7885.470614539392,7891.4100682796397,7910
/Users/a/Ayanami/code/TSP/data/classic/tsplib/rd100.tsp,polyak,124,polyak,124,7888.7137184248222,7891.4100682796397,7910
/Users/a/Ayanami/code/TSP/data/classic/tsplib/rd100.tsp,polyak,125,polyak,125,7879.800747473666,7891.4100682796397,7910
/Users/a/Ayanami/code/TSP/data/classic/tsplib/rd100.tsp,polyak,126,polyak,126,7887.6252822665001,7891.4100682796397,7910
/Users/a/Ayanami/code/TSP/data/classic/tsplib/rd100.tsp,polyak,127,polyak,127,7886.4200065533587,7891.4100682796397,7910
/Users/a/Ayanami/code/TSP/data/classic/tsplib/rd100.tsp,polyak,128,polyak,128,7889.5002661029839,7891.4100682796397,7910
/Users/a/Ayanami/code/TSP/data/classic/tsplib/rd100.tsp,polyak,129,polyak,129,7882.6224431724067,7891.4100682796397,7910
/Users/a/Ayanami/code/TSP/data/classic/tsplib/rd100.tsp,polyak,130,polyak,130,7891.3704457875692,7891.4100682796397,7910
/Users/a/Ayanami/code/TSP/data/classic/tsplib/rd100.tsp,polyak,131,polyak,131,7882.8550849784024,7891.4100682796397,7910
/Users/a/Ayanami/code/TSP/data/classic/tsplib/rd100.tsp,polyak,132,polyak,132,7889.1035711179056,7891.4100682796397,7910
/Users/a/Ayanami/code/TSP/data/classic/tsplib/rd100.tsp,polyak,133,polyak,133,7892.6001957637864,7892.6001957637864,7910
/Users/a/Ayanami/code/TSP/data/classic/tsplib/rd100.tsp,polyak,134,polyak,134,7889.3569136958822,7892.6001957637864,7910
/Users/a/Ayanami/code/TSP/data/classic/tsplib/rd100.tsp,polyak,135,polyak,135,7892.2041786757809,7892.6001957637864,7910
/Users/a/Ayanami/code/TSP/data/classic/tsplib/rd100.tsp,polyak,136,polyak,136,7890.7632473022904,7892.6001957637864,7910
/Users/a/Ayanami/code/TSP/data/classic/tsplib/rd100.tsp,polyak,137,polyak,137,7891.0568432776754,7892.6001957637864,7910
/Users/a/Ayanami/code/TSP/data/classic/tsplib/rd100.tsp,polyak,138,polyak,138,7894.1064296856794,7894.1064296856794,7910
/Users/a/Ayanami/code/TSP/data/classic/tsplib/rd100.tsp,polyak,139,polyak,139,7892.5061579978483,7894.1064296856794,7910
/Users/a/Ayanami/code/TSP/data/classic/tsplib/rd100.tsp,polyak,140,polyak,140,7892.7674599296797,7894.1064296856794,7910
/Users/a/Ayanami/code/TSP/data/classic/tsplib/rd100.tsp,polyak,141,polyak,141,7891.9680324742822,7894.1064296856794,7910
/Users/a/Ayanami/code/TSP/data/classic/tsplib/rd100.tsp,polyak,142,polyak,142,7892.6963710298551,7894.1064296856794,7910
/Users/a/Ayanami/code/TSP/data/classic/tsplib/rd100.tsp,polyak,143,polyak,143,7892.7815084506883,7894.1064296856794,7910
/Users/a/Ayanami/code/TSP/data/classic/tsplib/rd100.tsp,polyak,144,polyak,144,7892.5441608727906,7894.1064296856794,7910
/Users/a/Ayanami/code/TSP/data/classic/tsplib/rd100.tsp,polyak,145,polyak,145,7891.1780210148927,7894.1064296856794,7910
/Users/a/Ayanami/code/TSP/data/classic/tsplib/rd100.tsp,polyak,146,polyak,146,7892.9947508231135,7894.1064296856794,7910
/Users/a/Ayanami/code/TSP/data/classic/tsplib/rd100.tsp,polyak,147,polyak,147,7892.7098154556543,7894.1064296856794,7910
/Users/a/Ayanami/code/TSP/data/classic/tsplib/rd100.tsp,polyak,148,polyak,148,7893.6089660180423,7894.1064296856794,7910
/Users/a/Ayanami/code/TSP/data/classic/tsplib/rd100.tsp,polyak,149,polyak,149,7891.4689071682487,7894.1064296856794,7910
/Users/a/Ayanami/code/TSP/data/classic/tsplib/rd100.tsp,polyak,150,polyak,150,7894.4429837031767,7894.4429837031767,7910
/Users/a/Ayanami/code/TSP/data/classic/tsplib/rd100.tsp,polyak,151,polyak,151,7890.0180137631987,7894.4429837031767,7910
/Users/a/Ayanami/code/TSP/data/classic/tsplib/rd100.tsp,polyak,152,polyak,152,7895.0994546024194,7895.0994546024194,7910
/Users/a/Ayanami/code/TSP/data/classic/tsplib/rd100.tsp,polyak,153,polyak,153,7889.6031911687451,7895.0994546024194,7910
/Users/a/Ayanami/code/TSP/data/classic/tsplib/rd100.tsp,polyak,154,polyak,154,7894.7198554275983,7895.0994546024194,7910
/Users/a/Ayanami/code/TSP/data/classic/tsplib/rd100.tsp,polyak,155,polyak,155,7893.3219719060107,7895.0994546024194,7910
/Users/a/Ayanami/code/TSP/data/classic/tsplib/rd100.tsp,polyak,156,polyak,156,7894.3455724232035,7895.0994546024194,7910
/Users/a/Ayanami/code/TSP/data/classic/tsplib/rd100.tsp,polyak,157,polyak,157,7893.7991527869644,7895.0994546024194,7910
/Users/a/Ayanami/code/TSP/data/classic/tsplib/rd100.tsp,polyak,158,polyak,158,7895.1140116516735,7895.1140116516735,7910
/Users/a/Ayanami/code/TSP/data/classic/tsplib/rd100.tsp,polyak,159,polyak,159,7891.7484943630297,7895.1140116516735,7910
/Users/a/Ayanami/code/TSP/data/classic/tsplib/rd100.tsp,polyak,160,polyak,160,7893.9922883474392,7895.1140116516735,7910
/Users/a/Ayanami/code/TSP/data/classic/tsplib/rd100.tsp,polyak,161,polyak,161,7893.8868267548132,7895.1140116516735,7910
/Users/a/Ayanami/code/TSP/data/classic/tsplib/rd100.tsp,polyak,162,polyak,162,7894.2508287665805,7895.1140116516735,7910
/Users/a/Ayanami/code/TSP/data/classic/tsplib/rd100.tsp,polyak,163,polyak,163,7893.6956551956382,7895.1140116516735,7910
/Users/a/Ayanami/code/TSP/data/classic/tsplib/rd100.tsp,polyak,164,polyak,164,7890.7083634605597,7895.1140116516735,7910
/Users/a/Ayanami/code/TSP/data/classic/tsplib/rd100.tsp,polyak,165,polyak,165,7895.1175240747962,7895.1175240747962,7910
/Users/a/Ayanami/code/TSP/data/classic/tsplib/rd100.tsp,polyak,166,polyak,166,7892.3097910919878,7895.1175240747962,7910
/Users/a/Ayanami/code/TSP/data/classic/tsplib/rd100.tsp,polyak,167,polyak,167,7895.1304845457944,7895.1304845457944,7910
/Users/a/Ayanami/code/TSP/data/classic/tsplib/rd100.tsp,polyak,168,polyak,168,7891.7111857882055,7895.1304845457944,7910
/Users/a/Ayanami/code/TSP/data/classic/tsplib/rd100.tsp,polyak,169,polyak,169,7894.5151491580918,7895.1304845457944,7910
/Users/a/Ayanami/code/TSP/data/classic/tsplib/rd100.tsp,polyak,170,polyak,170,7890.1234603913063,7895.1304845457944,7910
/Users/a/Ayanami/code/TSP/data/classic/tsplib/rd100.tsp,polyak,171,polyak,171,7894.4821917699928,7895.1304845457944,7910
/Users/a/Ayanami/code/TSP/data/classic/tsplib/rd100.tsp,polyak,172,polyak,172,7891.0694364664696,7895.1304845457944,7910
/Users/a/Ayanami/code/TSP/data/classic/tsplib/rd100.tsp,polyak,173,polyak,173,7894.4832093319355,7895.1304845457944,7910
/Users/a/Ayanami/code/TSP/data/classic/tsplib/rd100.tsp,polyak,174,polyak,174,7893.8305668666881,7895.1304845457944,7910
/Users/a/Ayanami/code/TSP/data/classic/tsplib/rd100.tsp,polyak,175,polyak,175,7893.2487027936259,7895.1304845457944,7910
/Users/a/Ayanami/code/TSP/data/classic/tsplib/rd100.tsp,polyak,176,polyak,176,7894.180466908032,7895.1304845457944,7910
/Users/a/Ayanami/code/TSP/data/classic/tsplib/rd100.tsp,polyak,177,polyak,177,7894.4702952933822,7895.1304845457944,7910
/Users/a/Ayanami/code/TSP/data/classic/tsplib/rd100.tsp,polyak,178,polyak,178,7895.0168101505469,7895.1304845457944,7910
/Users/a/Ayanami/code/TSP/data/classic/tsplib/rd100.tsp,polyak,179,polyak,179,7891.3741905972174,7895.1304845457944,7910
/Users/a/Ayanami/code/TSP/data/classic/tsplib/rd100.tsp,polyak,180,polyak,180,7894.7615375457635,7895.1304845457944,7910
/Users/a/Ayanami/code/TSP/data/classic/tsplib/rd100.tsp,polyak,181,polyak,181,7895.684531832927,7895.684531832927,7910
/Users/a/Ayanami/code/TSP/data/classic/tsplib/rd100.tsp,polyak,182,polyak,182,7894.2592220185779,7895.684531832927,7910
/Users/a/Ayanami/code/TSP/data/classic/tsplib/rd100.tsp,polyak,183,polyak,183,7896.9505901674193,7896.9505901674193,7910
/Users/a/Ayanami/code/TSP/data/classic/tsplib/rd100.tsp,polyak,184,polyak,184,7892.3053189960256,7896.9505901674193,7910
/Users/a/Ayanami/code/TSP/data/classic/tsplib/rd100.tsp,polyak,185,polyak,185,7895.0267184202667,7896.9505901674193,7910
/Users/a/Ayanami/code/TSP/data/classic/tsplib/rd100.tsp,polyak,186,polyak,186,7896.9743387030594,7896.9743387030594,7910
/Users/a/Ayanami/code/TSP/data/classic/tsplib/rd100.tsp,polyak,187,polyak,187,7895.6240107790354,7896.9743387030594,7910
/Users/a/Ayanami/code/TSP/data/classic/tsplib/rd100.tsp,polyak,188,polyak,188,7896.7621034304366,7896.9743387030594,7910
/Users/a/Ayanami/code/TSP/data/classic/tsplib/rd100.tsp,polyak,189,polyak,189,7896.2687487218627,7896.9743387030594,7910
/Users/a/Ayanami/code/TSP/data/classic/tsplib/rd100.tsp,polyak,190,polyak,190,7896.9058181609607,7896.9743387030594,7910
/Users/a/Ayanami/code/TSP/data/classic/tsplib/rd100.tsp,polyak,191,polyak,191,7896.2761494817496,7896.9743387030594,7910
/Users/a/Ayanami/code/TSP/data/classic/tsplib/rd100.tsp,polyak,192,polyak,192,7897.2441662276178,7897.2441662276178,7910
/Users/a/Ayanami/code/TSP/data/classic/tsplib/rd100.tsp,polyak,193,polyak,193,7895.2200730711411,7897.2441662276178,7910
/Users/a/Ayanami/code/TSP/data/classic/tsplib/rd100.tsp,polyak,194,polyak,194,7897.4348825323004,7897.4348825323004,7910
/Users/a/Ayanami/code/TSP/data/classic/tsplib/rd100.tsp,polyak,195,polyak,195,7894.5078543963564,7897.4348825323004,7910
/Users/a/Ayanami/code/TSP/data/classic/tsplib/rd100.tsp,polyak,196,polyak,196,7896.7623483123143,7897.4348825323004,7910
/Users/a/Ayanami/code/TSP/data/classic/tsplib/rd100.tsp,polyak,197,polyak,197,7895.4896946714671,7897.4348825323004,7910
/Users/a/Ayanami/code/TSP/data/classic/tsplib/rd100.tsp,polyak,198,polyak,198,7896.9894824997918,7897.4348825323004,7910
/Users/a/Ayanami/code/TSP/data/classic/tsplib/rd100.tsp,polyak,199,polyak,199,7896.7096708763893,7897.4348825323004,7910
/Users/a/Ayanami/code/TSP/data/classic/tsplib/rd100.tsp,polyak,200,polyak,200,7897.2339769501968,7897.4348825323004,7910
/Users/a/Ayanami/code/TSP/data/classic/tsplib/rd100.tsp,polyak,201,polyak,201,7895.2834823947915,7897.4348825323004,7910
/Users/a/Ayanami/code/TSP/data/classic/tsplib/rd100.tsp,polyak,202,polyak,202,7896.8482380191181,7897.4348825323004,7910
/Users/a/Ayanami/code/TSP/data/classic/tsplib/rd100.tsp,polyak,203,polyak,203,7896.4668730110443,7897.4348825323004,7910
/Users/a/Ayanami/code/TSP/data/classic/tsplib/rd100.tsp,polyak,204,polyak,204,7895.9260312962469,7897.4348825323004,7910
/Users/a/Ayanami/code/TSP/data/classic/tsplib/rd100.tsp,polyak,205,polyak,205,7896.5240443618677,7897.4348825323004,7910
/Users/a/Ayanami/code/TSP/data/classic/tsplib/rd100.tsp,polyak,206,polyak,206,7896.8068085432024,7897.4348825323004,7910
/Users/a/Ayanami/code/TSP/data/classic/tsplib/rd100.tsp,polyak,207,polyak,207,7897.0784676612184,7897.4348825323004,7910
/Users/a/Ayanami/code/TSP/data/classic/tsplib/rd100.tsp,polyak,208,polyak,208,7897.5317261903201,7897.5317261903201,7910
/Users/a/Ayanami/code/TSP/data/classic/tsplib/rd100.tsp,polyak,209,polyak,209,7897.1346639628155,7897.5317261903201,7910
/Users/a/Ayanami/code/TSP/data/classic/tsplib/rd100.tsp,polyak,210,polyak,210,7897.4565415762281,7897.5317261903201,7910
/Users/a/Ayanami/code/TSP/data/classic/tsplib/rd100.tsp,polyak,211,polyak,211,7897.6221852268363,7897.6221852268363,7910
/Users/a/Ayanami/code/TSP/data/classic/tsplib/rd100.tsp,polyak,212,polyak,212,7897.4148107209758,7897.6221852268363,7910
/Users/a/Ayanami/code/TSP/data/classic/tsplib/rd100.tsp,polyak,213,polyak,213,7897.626709974531,7897.626709974531,7910
/Users/a/Ayanami/code/TSP/data/classic/tsplib/rd100.tsp,polyak,214,polyak,214,7897.7129846276848,7897.7129846276848,7910
/Users/a/Ayanami/code/TSP/data/classic/tsplib/rd100.tsp,polyak,215,polyak,215,7897.2509088333227,7897.7129846276848,7910
/Users/a/Ayanami/code/TSP/data/classic/tsplib/rd100.tsp,polyak,216,polyak,216,7897.8848441628024,7897.8848441628024,7910
/Users/a/Ayanami/code/TSP/data/classic/tsplib/rd100.tsp,polyak,217,polyak,217,7897.2419681378897,7897.8848441628024,7910
/Users/a/Ayanami/code/TSP/data/classic/tsplib/rd100.tsp,polyak,218,polyak,218,7897.4029996035015,7897.8848441628024,7910
/Users/a/Ayanami/code/TSP/data/classic/tsplib/rd100.tsp,polyak,219,polyak,219,7898.2044780835022,7898.2044780835022,7910
/Users/a/Ayanami/code/TSP/data/classic/tsplib/rd100.tsp,polyak,220,polyak,220,7897.806516976425,7898.2044780835022,7910
/Users/a/Ayanami/code/TSP/data/classic/tsplib/rd100.tsp,polyak,221,polyak,221,7897.2479482407598,7898.2044780835022,7910
/Users/a/Ayanami/code/TSP/data/classic/tsplib/rd100.tsp,polyak,222,polyak,222,7898.2038220060113,7898.2044780835022,7910
/Users/a/Ayanami/code/TSP/data/classic/tsplib/rd100.tsp,polyak,223,polyak,223,7897.7599608621213,7898.2044780835022,7910
/Users/a/Ayanami/code/TSP/data/classic/tsplib/rd100.tsp,polyak,224,polyak,224,7898.047727336957,7898.2044780835022,7910
/Users/a/Ayanami/code/TSP/data/classic/tsplib/rd100.tsp,polyak,225,polyak,225,7897.4630170065457,7898.2044780835022,7910
/Users/a/Ayanami/code/TSP/data/classic/tsplib/rd100.tsp,polyak,226,polyak,226,7898.2967293607899,7898.2967293607899,7910
/Users/a/Ayanami/code/TSP/data/classic/tsplib/rd100.tsp,polyak,227,polyak,227,7897.7176516731834,7898.2967293607899,7910
/Users/a/Ayanami/code/TSP/data/classic/tsplib/rd100.tsp,polyak,228,polyak,228,7898.3332444087746,7898.3332444087746,7910
/Users/a/Ayanami/code/TSP/data/classic/tsplib/rd100.tsp,polyak,229,polyak,229,7897.8977978973835,7898.3332444087746,7910
/Users/a/Ayanami/code/TSP/data/classic/tsplib/rd100.tsp,polyak,230,polyak,230,7897.6077308076365,7898.3332444087746,7910
/Users/a/Ayanami/code/TSP/data/classic/tsplib/rd100.tsp,polyak,231,polyak,231,7897.8979470058348,7898.3332444087746,7910
/Users/a/Ayanami/code/TSP/data/classic/tsplib/rd100.tsp,polyak,232,polyak,232,7897.3057746703198,7898.3332444087746,7910
/Users/a/Ayanami/code/TSP/data/classic/tsplib/rd100.tsp,polyak,233,polyak,233,7898.0713511326776,7898.3332444087746,7910
/Users/a/Ayanami/code/TSP/data/classic/tsplib/rd100.tsp,polyak,234,polyak,234,7898.0582710387671,7898.3332444087746,7910
/Users/a/Ayanami/code/TSP/data/classic/tsplib/rd100.tsp,polyak,235,polyak,235,7897.8066017205983,7898.3332444087746,7910
/Users/a/Ayanami/code/TSP/data/classic/tsplib/rd100.tsp,polyak,236,polyak,236,7898.0765401331237,7898.3332444087746,7910
/Users/a/Ayanami/code/TSP/data/classic/tsplib/rd100.tsp,polyak,237,polyak,237,7897.8261952954535,7898.3332444087746,7910
/Users/a/Ayanami/code/TSP/data/classic/tsplib/rd100.tsp,polyak,238,polyak,238,7898.4138802799462,7898.4138802799462,7910
/Users/a/Ayanami/code/TSP/data/classic/tsplib/rd100.tsp,polyak,239,polyak,239,7897.1159347618141,7898.4138802799462,7910
/Users/a/Ayanami/code/TSP/data/classic/tsplib/rd100.tsp,polyak,240,polyak,240,7898.1024229260747,7898.4138802799462,7910
/Users/a/Ayanami/code/TSP/data/classic/tsplib/rd100.tsp,polyak,241,polyak,241,7897.232142232815,7898.4138802799462,7910
/Users/a/Ayanami/code/TSP/data/classic/tsplib/rd100.tsp,polyak,242,polyak,242,7897.4331967451672,7898.4138802799462,7910
/Users/a/Ayanami/code/TSP/data/classic/tsplib/rd100.tsp,polyak,243,polyak,243,7898.3543407286188,7898.4138802799462,7910
/Users/a/Ayanami/code/TSP/data/classic/tsplib/rd100.tsp,polyak,244,polyak,244,7897.6356334023267,7898.4138802799462,7910
/Users/a/Ayanami/code/TSP/data/classic/tsplib/rd100.tsp,polyak,245,polyak,245,7897.8813087047374,7898.4138802799462,7910
/Users/a/Ayanami/code/TSP/data/classic/tsplib/rd100.tsp,polyak,246,polyak,246,7898.3279353073831,7898.4138802799462,7910
/Users/a/Ayanami/code/TSP/data/classic/tsplib/rd100.tsp,polyak,247,polyak,247,7896.8865247909107,7898.4138802799462,7910
/Users/a/Ayanami/code/TSP/data/classic/tsplib/rd100.tsp,polyak,248,polyak,248,7897.8442031277218,7898.4138802799462,7910
/Users/a/Ayanami/code/TSP/data/classic/tsplib/rd100.tsp,polyak,249,polyak,249,7897.5645368253536,7898.4138802799462,7910
/Users/a/Ayanami/code/TSP/data/classic/tsplib/rd100.tsp,polyak,250,polyak,250,7898.5003680899681,7898.5003680899681,7910
/Users/a/Ayanami/code/TSP/data/classic/tsplib/rd100.tsp,polyak,251,polyak,251,7897.0010149094805,7898.5003680899681,7910
/Users/a/Ayanami/code/TSP/data/classic/tsplib/rd100.tsp,polyak,252,polyak,252,7898.4604625176398,7898.5003680899681,7910
/Users/a/Ayanami/code/TSP/data/classic/tsplib/rd100.tsp,polyak,253,polyak,253,7897.6897730011833,7898.5003680899681,7910
/Users/a/Ayanami/code/TSP/data/classic/tsplib/rd100.tsp,polyak,254,polyak,254,7897.6431542004084,7898.5003680899681,7910
/Users/a/Ayanami/code/TSP/data/classic/tsplib/rd100.tsp,polyak,255,polyak,255,7897.9975749015111,7898.5003680899681,7910
/Users/a/Ayanami/code/TSP/data/classic/tsplib/rd100.tsp,polyak,256,polyak,256,7897.7963183680304,7898.5003680899681,7910
/Users/a/Ayanami/code/TSP/data/classic/tsplib/rd100.tsp,polyak,257,polyak,257,7898.0747048366156,7898.5003680899681,7910
/Users/a/Ayanami/code/TSP/data/classic/tsplib/rd100.tsp,polyak,258,polyak,258,7897.625622945473,7898.5003680899681,7910
/Users/a/Ayanami/code/TSP/data/classic/tsplib/rd100.tsp,polyak,259,polyak,259,7898.4063786310016,7898.5003680899681,7910
/Users/a/Ayanami/code/TSP/data/classic/tsplib/rd100.tsp,polyak,260,polyak,260,7897.7897293293372,7898.5003680899681,7910
/Users/a/Ayanami/code/TSP/data/classic/tsplib/rd100.tsp,polyak,261,polyak,261,7898.3576178706126,7898.5003680899681,7910
/Users/a/Ayanami/code/TSP/data/classic/tsplib/rd100.tsp,polyak,262,polyak,262,7897.6611072334226,7898.5003680899681,7910
/Users/a/Ayanami/code/TSP/data/classic/tsplib/rd100.tsp,polyak,263,polyak,263,7898.2263178857665,7898.5003680899681,7910
/Users/a/Ayanami/code/TSP/data/classic/tsplib/rd100.tsp,polyak,264,polyak,264,7898.3242081121043,7898.5003680899681,7910
/Users/a/Ayanami/code/TSP/data/classic/tsplib/rd100.tsp,polyak,265,polyak,265,7898.4775703458199,7898.5003680899681,7910
/Users/a/Ayanami/code/TSP/data/classic/tsplib/rd100.tsp,polyak,266,polyak,266,7898.5810739813123,7898.5810739813123,7910
/Users/a/Ayanami/code/TSP/data/classic/tsplib/rd100.tsp,polyak,267,polyak,267,7898.5811919170383,7898.5811919170383,7910
/Users/a/Ayanami/code/TSP/data/classic/tsplib/rd100.tsp,polyak,268,polyak,268,7898.7119098731064,7898.7119098731064,7910
/Users/a/Ayanami/code/TSP/data/classic/tsplib/rd100.tsp,polyak,269,polyak,269,7898.2511516624199,7898.7119098731064,7910
/Users/a/Ayanami/code/TSP/data/classic/tsplib/rd100.tsp,polyak,270,polyak,270,7898.7520690119945,7898.7520690119945,7910
/Users/a/Ayanami/code/TSP/data/classic/tsplib/rd100.tsp,polyak,271,polyak,271,7898.1739405266662,7898.7520690119945,7910
/Users/a/Ayanami/code/TSP/data/classic/tsplib/rd100.tsp,polyak,272,polyak,272,7898.7288993217817,7898.7520690119945,7910
/Users/a/Ayanami/code/TSP/data/classic/tsplib/rd100.tsp,polyak,273,polyak,273,7898.6134024469593,7898.7520690119945,7910
/Users/a/Ayanami/code/TSP/data/classic/tsplib/rd100.tsp,polyak,274,polyak,274,7898.7175670428151,7898.7520690119945,7910
/Users/a/Ayanami/code/TSP/data/classic/tsplib/rd100.tsp,polyak,275,polyak,275,7898.5737467413974,7898.7520690119945,7910
/Users/a/Ayanami/code/TSP/data/classic/tsplib/rd100.tsp,polyak,276,polyak,276,7898.6908852593942,7898.7520690119945,7910
/Users/a/Ayanami/code/TSP/data/classic/tsplib/rd100.tsp,polyak,277,polyak,277,7898.5269660807453,7898.7520690119945,7910
/Users/a/Ayanami/code/TSP/data/classic/tsplib/rd100.tsp,polyak,278,polyak,278,7898.5888615205722,7898.7520690119945,7910
/Users/a/Ayanami/code/TSP/data/classic/tsplib/rd100.tsp,polyak,279,polyak,279,7898.4864099815286,7898.7520690119945,7910
/Users/a/Ayanami/code/TSP/data/classic/tsplib/rd100.tsp,polyak,280,polyak,280,7898.5880611179227,7898.7520690119945,7910
/Users/a/Ayanami/code/TSP/data/classic/tsplib/rd100.tsp,polyak,281,polyak,281,7898.4966858615298,7898.7520690119945,7910
/Users/a/Ayanami/code/TSP/data/classic/tsplib/rd100.tsp,polyak,282,polyak,282,7898.6789661368903,7898.7520690119945,7910
/Users/a/Ayanami/code/TSP/data/classic/tsplib/rd100.tsp,polyak,283,polyak,283,7898.5945123500323,7898.7520690119945,7910
/Users/a/Ayanami/code/TSP/data/classic/tsplib/rd100.tsp,polyak,284,polyak,284,7899.0037923311284,7899.0037923311284,7910
/Users/a/Ayanami/code/TSP/data/classic/tsplib/rd100.tsp,polyak,285,polyak,285,7898.8522737347475,7899.0037923311284,7910
/Users/a/Ayanami/code/TSP/data/classic/tsplib/rd100.tsp,polyak,286,polyak,286,7898.9743840601604,7899.0037923311284,7910
/Users/a/Ayanami/code/TSP/data/classic/tsplib/rd100.tsp,polyak,287,polyak,287,7898.9852278128765,7899.0037923311284,7910
/Users/a/Ayanami/code/TSP/data/classic/tsplib/rd100.tsp,polyak,288,polyak,288,7898.8266290546308,7899.0037923311284,7910
/Users/a/Ayanami/code/TSP/data/classic/tsplib/rd100.tsp,polyak,289,polyak,289,7898.9747126259945,7899.0037923311284,7910
/Users/a/Ayanami/code/TSP/data/classic/tsplib/rd100.tsp,polyak,290,polyak,290,7898.9928413659609,7899.0037923311284,7910
/Users/a/Ayanami/code/TSP/data/classic/tsplib/rd100.tsp,polyak,291,polyak,291,7898.8957843237131,7899.0037923311284,7910
/Users/a/Ayanami/code/TSP/data/classic/tsplib/rd100.tsp,polyak,292,polyak,292,7899.0297147194005,7899.0297147194005,7910
/Users/a/Ayanami/code/TSP/data/classic/tsplib/rd100.tsp,polyak,293,polyak,293,7898.8761806121756,7899.0297147194005,7910
/Users/a/Ayanami/code/TSP/data/classic/tsplib/rd100.tsp,polyak,294,polyak,294,7899.0332792017234,7899.0332792017234,7910
/Users/a/Ayanami/code/TSP/data/classic/tsplib/rd100.tsp,polyak,295,polyak,295,7898.9087750142844,7899.0332792017234,7910
/Users/a/Ayanami/code/TSP/data/classic/tsplib/rd100.tsp,polyak,296,polyak,296,7898.969678907607,7899.0332792017234,7910
/Users/a/Ayanami/code/TSP/data/classic/tsplib/rd100.tsp,polyak,297,polyak,297,7898.9839638307594,7899.0332792017234,7910
/Users/a/Ayanami/code/TSP/data/classic/tsplib/rd100.tsp,polyak,298,polyak,298,7899.0275055296588,7899.0332792017234,7910
/Users/a/Ayanami/code/TSP/data/classic/tsplib/rd100.tsp,polyak,299,polyak,299,7898.874000837649,7899.0332792017234,7910
/Users/a/Ayanami/code/TSP/data/classic/tsplib/rd100.tsp,polyak,300,polyak,300,7899.0502861164268,7899.0502861164268,7910
/Users/a/Ayanami/code/TSP/data/classic/tsplib/rd100.tsp,polyak,301,polyak,301,7898.8354437655062,7899.0502861164268,7910
/Users/a/Ayanami/code/TSP/data/classic/tsplib/rd100.tsp,polyak,302,polyak,302,7899.0605833828522,7899.0605833828522,7910
/Users/a/Ayanami/code/TSP/data/classic/tsplib/rd100.tsp,polyak,303,polyak,303,7898.8642593607192,7899.0605833828522,7910
/Users/a/Ayanami/code/TSP/data/classic/tsplib/rd100.tsp,polyak,304,polyak,304,7899.0663377550172,7899.0663377550172,7910
/Users/a/Ayanami/code/TSP/data/classic/tsplib/rd100.tsp,polyak,305,polyak,305,7898.8860479038613,7899.0663377550172,7910
/Users/a/Ayanami/code/TSP/data/classic/tsplib/rd100.tsp,polyak,306,polyak,306,7899.0827556335462,7899.0827556335462,7910
/Users/a/Ayanami/code/TSP/data/classic/tsplib/rd100.tsp,polyak,307,polyak,307,7898.8163229630154,7899.0827556335462,7910
/Users/a/Ayanami/code/TSP/data/classic/tsplib/rd100.tsp,polyak,308,polyak,308,7899.0762802354966,7899.0827556335462,7910
/Users/a/Ayanami/code/TSP/data/classic/tsplib/rd100.tsp,polyak,309,polyak,309,7898.8185691344343,7899.0827556335462,7910
/Users/a/Ayanami/code/TSP/data/classic/tsplib/rd100.tsp,polyak,310,polyak,310,7899.1492005547634,7899.1492005547634,7910
/Users/a/Ayanami/code/TSP/data/classic/tsplib/rd100.tsp,polyak,311,polyak,311,7898.7783310538134,7899.1492005547634,7910
/Users/a/Ayanami/code/TSP/data/classic/tsplib/rd100.tsp,polyak,312,polyak,312,7899.0938317464215,7899.1492005547634,7910
/Users/a/Ayanami/code/TSP/data/classic/tsplib/rd100.tsp,polyak,313,polyak,313,7898.8190337615306,7899.1492005547634,7910
/Users/a/Ayanami/code/TSP/data/classic/tsplib/rd100.tsp,polyak,314,polyak,314,7899.0576839393252,7899.1492005547634,7910
/Users/a/Ayanami/code/TSP/data/classic/tsplib/rd100.tsp,polyak,315,polyak,315,7898.9595844668102,7899.1492005547634,7910
/Users/a/Ayanami/code/TSP/data/classic/tsplib/rd100.tsp,polyak,316,polyak,316,7899.0699745543634,7899.1492005547634,7910
/Users/a/Ayanami/code/TSP/data/classic/tsplib/rd100.tsp,polyak,317,polyak,317,7898.8785117563848,7899.1492005547634,7910
/Users/a/Ayanami/code/TSP/data/classic/tsplib/rd100.tsp,polyak,318,polyak,318,7899.0380490655243,7899.1492005547634,7910
/Users/a/Ayanami/code/TSP/data/classic/tsplib/rd100.tsp,polyak,319,polyak,319,7898.942129965877,7899.1492005547634,7910
/Users/a/Ayanami/code/TSP/data/classic/tsplib/rd100.tsp,polyak,320,polyak,320,7899.0232486577497,7899.1492005547634,7910
/Users/a/Ayanami/code/TSP/data/classic/tsplib/rd100.tsp,polyak,321,polyak,321,7898.9435068479561,7899.1492005547634,7910
/Users/a/Ayanami/code/TSP/data/classic/tsplib/rd100.tsp,polyak,322,polyak,322,7899.0377079509835,7899.1492005547634,7910
/Users/a/Ayanami/code/TSP/data/classic/tsplib/rd100.tsp,polyak,323,polyak,323,7898.9427581586997,7899.1492005547634,7910
/Users/a/Ayanami/code/TSP/data/classic/tsplib/rd100.tsp,polyak,324,polyak,324,7899.1051578717552,7899.1492005547634,7910
/Users/a/Ayanami/code/TSP/data/classic/tsplib/rd100.tsp,polyak,325,polyak,325,7899.1753773117371,7899.1753773117371,7910
/Users/a/Ayanami/code/TSP/data/classic/tsplib/rd100.tsp,polyak,326,polyak,326,7899.1318301251431,7899.1753773117371,7910
/Users/a/Ayanami/code/TSP/data/classic/tsplib/rd100.tsp,polyak,327,polyak,327,7899.1099622768097,7899.1753773117371,7910
/Users/a/Ayanami/code/TSP/data/classic/tsplib/rd100.tsp,polyak,328,polyak,328,7899.183642750836,7899.183642750836,7910
/Users/a/Ayanami/code/TSP/data/classic/tsplib/rd100.tsp,polyak,329,polyak,329,7899.1493290502685,7899.183642750836,7910
/Users/a/Ayanami/code/TSP/data/classic/tsplib/rd100.tsp,polyak,330,polyak,330,7899.1243443258572,7899.183642750836,7910
/Users/a/Ayanami/code/TSP/data/classic/tsplib/rd100.tsp,polyak,331,polyak,331,7899.1814013249914,7899.183642750836,7910
/Users/a/Ayanami/code/TSP/data/classic/tsplib/rd100.tsp,polyak,332,polyak,332,7899.1434050483676,7899.183642750836,7910
/Users/a/Ayanami/code/TSP/data/classic/tsplib/rd100.tsp,polyak,333,polyak,333,7899.2092637529349,7899.2092637529349,7910
/Users/a/Ayanami/code/TSP/data/classic/tsplib/rd100.tsp,polyak,334,polyak,334,7899.1469217130561,7899.2092637529349,7910
/Users/a/Ayanami/code/TSP/data/classic/tsplib/rd100.tsp,polyak,335,polyak,335,7899.1032016432455,7899.2092637529349,7910
/Users/a/Ayanami/code/TSP/data/classic/tsplib/rd100.tsp,polyak,336,polyak,336,7899.2165891809591,7899.2165891809591,7910
/Users/a/Ayanami/code/TSP/data/classic/tsplib/rd100.tsp,polyak,337,polyak,337,7899.0524393556643,7899.2165891809591,7910
/Users/a/Ayanami/code/TSP/data/classic/tsplib/rd100.tsp,polyak,338,polyak,338,7899.2196871607284,7899.2196871607284,7910
/Users/a/Ayanami/code/TSP/data/classic/tsplib/rd100.tsp,polyak,339,polyak,339,7899.0760866459368,7899.2196871607284,7910
/Users/a/Ayanami/code/TSP/data/classic/tsplib/rd100.tsp,polyak,340,polyak,340,7899.1643225860016,7899.2196871607284,7910
/Users/a/Ayanami/code/TSP/data/classic/tsplib/rd100.tsp,polyak,341,polyak,341,7899.0860761417944,7899.2196871607284,7910
/Users/a/Ayanami/code/TSP/data/classic/tsplib/rd100.tsp,polyak,342,polyak,342,7899.226470377831,7899.226470377831,7910
/Users/a/Ayanami/code/TSP/data/classic/tsplib/rd100.tsp,polyak,343,polyak,343,7899.0086430197862,7899.226470377831,7910
/Users/a/Ayanami/code/TSP/data/classic/tsplib/rd100.tsp,polyak,344,polyak,344,7899.1981968386299,7899.226470377831,7910
/Users/a/Ayanami/code/TSP/data/classic/tsplib/rd100.tsp,polyak,345,polyak,345,7899.0858791521978,7899.226470377831,7910
/Users/a/Ayanami/code/TSP/data/classic/tsplib/rd100.tsp,polyak,346,polyak,346,7899.1515158791881,7899.226470377831,7910
/Users/a/Ayanami/code/TSP/data/classic/tsplib/rd100.tsp,polyak,347,polyak,347,7899.1788026605327,7899.226470377831,7910
/Users/a/Ayanami/code/TSP/data/classic/tsplib/rd100.tsp,polyak,348,polyak,348,7899.1879024958444,7899.226470377831,7910
/Users/a/Ayanami/code/TSP/data/classic/tsplib/rd100.tsp,polyak,349,polyak,349,7899.1635361709741,7899.226470377831,7910
/Users/a/Ayanami/code/TSP/data/classic/tsplib/rd100.tsp,polyak,350,polyak,350,7899.216857907546,7899.226470377831,7910
/Users/a/Ayanami/code/TSP/data/classic/tsplib/rd100.tsp,polyak,351,polyak,351,7899.0969084630542,7899.226470377831,7910
/Users/a/Ayanami/code/TSP/data/classic/tsplib/rd100.tsp,polyak,352,polyak,352,7899.1320536913881,7899.226470377831,7910
/Users/a/Ayanami/code/TSP/data/classic/tsplib/rd100.tsp,polyak,353,polyak,353,7899.1883091672426,7899.226470377831,7910
/Users/a/Ayanami/code/TSP/data/classic/tsplib/rd100.tsp,polyak,354,polyak,354,7899.0950426444842,7899.226470377831,7910
/Users/a/Ayanami/code/TSP/data/classic/tsplib/rd100.tsp,polyak,355,polyak,355,7899.206971346247,7899.226470377831,7910
/Users/a/Ayanami/code/TSP/data/classic/tsplib/rd100.tsp,polyak,356,polyak,356,7899.2346960548666,7899.2346960548666,7910
/Users/a/Ayanami/code/TSP/data/classic/tsplib/rd100.tsp,polyak,357,polyak,357,7899.2152872108572,7899.2346960548666,7910
/Users/a/Ayanami/code/TSP/data/classic/tsplib/rd100.tsp,polyak,358,polyak,358,7899.2301046976136,7899.2346960548666,7910
/Users/a/Ayanami/code/TSP/data/classic/tsplib/rd100.tsp,polyak,359,polyak,359,7899.2533786430067,7899.2533786430067,7910
/Users/a/Ayanami/code/TSP/data/classic/tsplib/rd100.tsp,polyak,360,polyak,360,7899.1993446871702,7899.2533786430067,7910
/Users/a/Ayanami/code/TSP/data/classic/tsplib/rd100.tsp,polyak,361,polyak,361,7899.2611819226713,7899.2611819226713,7910
/Users/a/Ayanami/code/TSP/data/classic/tsplib/rd100.tsp,polyak,362,polyak,362,7899.2409611566673,7899.2611819226713,7910
/Users/a/Ayanami/code/TSP/data/classic/tsplib/rd100.tsp,polyak,363,polyak,363,7899.2687125997472,7899.2687125997472,7910
/Users/a/Ayanami/code/TSP/data/classic/tsplib/rd100.tsp,polyak,364,polyak,364,7899.1916038795162,7899.2687125997472,7910
/Users/a/Ayanami/code/TSP/data/classic/tsplib/rd100.tsp,polyak,365,polyak,365,7899.2580041379397,7899.2687125997472,7910
/Users/a/Ayanami/code/TSP/data/classic/tsplib/rd100.tsp,polyak,366,polyak,366,7899.2764624192932,7899.2764624192932,7910
/Users/a/Ayanami/code/TSP/data/classic/tsplib/rd100.tsp,polyak,367,polyak,367,7899.1767184538985,7899.2764624192932,7910
/Users/a/Ayanami/code/TSP/data/classic/tsplib/rd100.tsp,polyak,368,polyak,368,7899.2567807504283,7899.2764624192932,7910
/Users/a/Ayanami/code/TSP/data/classic/tsplib/rd100.tsp,polyak,369,polyak,369,7899.2273918556211,7899.2764624192932,7910
/Users/a/Ayanami/code/TSP/data/classic/tsplib/rd100.tsp,polyak,370,polyak,370,7899.2657149621664,7899.2764624192932,7910
/Users/a/Ayanami/code/TSP/data/classic/tsplib/rd100.tsp,polyak,371,polyak,371,7899.2328505281021,7899.2764624192932,7910
/Users/a/Ayanami/code/TSP/data/classic/tsplib/rd100.tsp,polyak,372,polyak,372,7899.247113705741,7899.2764624192932,7910
/Users/a/Ayanami/code/TSP/data/classic/tsplib/rd100.tsp,polyak,373,polyak,373,7899.2416654385188,7899.2764624192932,7910
/Users/a/Ayanami/code/TSP/data/classic/tsplib/rd100.tsp,polyak,374,polyak,374,7899.2574535743715,7899.2764624192932,7910
/Users/a/Ayanami/code/TSP/data/classic/tsplib/rd100.tsp,polyak,375,polyak,375,7899.2274384282355,7899.2764624192932,7910
/Users/a/Ayanami/code/TSP/data/classic/tsplib/rd100.tsp,polyak,376,polyak,376,7899.2671437769395,7899.2764624192932,7910
/Users/a/Ayanami/code/TSP/data/classic/tsplib/rd100.tsp,polyak,377,polyak,377,7899.2277466861187,7899.2764624192932,7910
/Users/a/Ayanami/code/TSP/data/classic/tsplib/rd100.tsp,polyak,378,polyak,378,7899.2644179100134,7899.2764624192932,7910
/Users/a/Ayanami/code/TSP/data/classic/tsplib/rd100.tsp,polyak,379,polyak,379,7899.2064321233793,7899.2764624192932,7910
/Users/a/Ayanami/code/TSP/data/classic/tsplib/rd100.tsp,polyak,380,polyak,380,7899.2734334106535,7899.2764624192932,7910
/Users/a/Ayanami/code/TSP/data/classic/tsplib/rd100.tsp,polyak,381,polyak,381,7899.2679029399469,7899.2764624192932,7910
/Users/a/Ayanami/code/TSP/data/classic/tsplib/rd100.tsp,polyak,382,polyak,382,7899.2886152128767,7899.2886152128767,7910
/Users/a/Ayanami/code/TSP/data/classic/tsplib/rd100.tsp,polyak,383,polyak,383,7899.2822658870373,7899.2886152128767,7910
/Users/a/Ayanami/code/TSP/data/classic/tsplib/rd100.tsp,polyak,384,polyak,384,7899.2948999482969,7899.2948999482969,7910
/Users/a/Ayanami/code/TSP/data/classic/tsplib/rd100.tsp,polyak,385,polyak,385,7899.2850352793639,7899.2948999482969,7910
/Users/a/Ayanami/code/TSP/data/classic/tsplib/rd100.tsp,polyak,386,polyak,386,7899.2941705597859,7899.2948999482969,7910
/Users/a/Ayanami/code/TSP/data/classic/tsplib/rd100.tsp,polyak,387,polyak,387,7899.2880653220409,7899.2948999482969,7910
/Users/a/Ayanami/code/TSP/data/classic/tsplib/rd100.tsp,polyak,388,polyak,388,7899.2941675787124,7899.2948999482969,7910
/Users/a/Ayanami/code/TSP/data/classic/tsplib/rd100.tsp,polyak,389,polyak,389,7899.2887032555918,7899.2948999482969,7910
/Users/a/Ayanami/code/TSP/data/classic/tsplib/rd100.tsp,polyak,390,polyak,390,7899.2825345302936,7899.2948999482969,7910
/Users/a/Ayanami/code/TSP/data/classic/tsplib/rd100.tsp,polyak,391,polyak,391,7899.2943202271726,7899.2948999482969,7910
/Users/a/Ayanami/code/TSP/data/classic/tsplib/rd100.tsp,polyak,392,polyak,392,7899.2724964555455,7899.2948999482969,7910
/Users/a/Ayanami/code/TSP/data/classic/tsplib/rd100.tsp,polyak,393,polyak,393,7899.2988103181724,7899.2988103181724,7910
/Users/a/Ayanami/code/TSP/data/classic/tsplib/rd100.tsp,polyak,394,polyak,394,7899.2820043158108,7899.2988103181724,7910
/Users/a/Ayanami/code/TSP/data/classic/tsplib/rd100.tsp,polyak,395,polyak,395,7899.304281695664,7899.304281695664,7910
/Users/a/Ayanami/code/TSP/data/classic/tsplib/rd100.tsp,polyak,396,polyak,396,7899.2881667362863,7899.304281695664,7910
/Users/a/Ayanami/code/TSP/data/classic/tsplib/rd100.tsp,polyak,397,polyak,397,7899.2991094643785,7899.304281695664,7910
/Users/a/Ayanami/code/TSP/data/classic/tsplib/rd100.tsp,polyak,398,polyak,398,7899.2682364580123,7899.304281695664,7910
/Users/a/Ayanami/code/TSP/data/classic/tsplib/rd100.tsp,polyak,399,polyak,399,7899.3023821886463,7899.304281695664,7910
/Users/a/Ayanami/code/TSP/data/classic/tsplib/rd100.tsp,polyak,400,polyak,400,7899.2718950686585,7899.304281695664,7910
/Users/a/Ayanami/code/TSP/data/classic/tsplib/rd100.tsp,polyak,401,polyak,401,7899.3062216607623,7899.3062216607623,7910
/Users/a/Ayanami/code/TSP/data/classic/tsplib/rd100.tsp,polyak,402,polyak,402,7899.2561541875475,7899.3062216607623,7910
/Users/a/Ayanami/code/TSP/data/classic/tsplib/rd100.tsp,polyak,403,polyak,403,7899.2838220441363,7899.3062216607623,7910
/Users/a/Ayanami/code/TSP/data/classic/tsplib/rd100.tsp,polyak,404,polyak,404,7899.2954974274862,7899.3062216607623,7910
/Users/a/Ayanami/code/TSP/data/classic/tsplib/rd100.tsp,polyak,405,polyak,405,7899.2902077989984,7899.3062216607623,7910
/Users/a/Ayanami/code/TSP/data/classic/tsplib/rd100.tsp,polyak,406,polyak,406,7899.2980973735212,7899.3062216607623,7910
/Users/a/Ayanami/code/TSP/data/classic/tsplib/rd100.tsp,polyak,407,polyak,407,7899.2835546601673,7899.3062216607623,7910
/Users/a/Ayanami/code/TSP/data/classic/tsplib/rd100.tsp,polyak,408,polyak,408,7899.2949390175581,7899.3062216607623,7910
/Users/a/Ayanami/code/TSP/data/classic/tsplib/rd100.tsp,polyak,409,polyak,409,7899.2923883845588,7899.3062216607623,7910
/Users/a/Ayanami/code/TSP/data/classic/tsplib/rd100.tsp,polyak,410,polyak,410,7899.2954059271096,7899.3062216607623,7910
/Users/a/Ayanami/code/TSP/data/classic/tsplib/rd100.tsp,polyak,411,polyak,411,7899.2845562768598,7899.3062216607623,7910
/Users/a/Ayanami/code/TSP/data/classic/tsplib/rd100.tsp,polyak,412,polyak,412,7899.2931928309936,7899.3062216607623,7910
/Users/a/Ayanami/code/TSP/data/classic/tsplib/rd100.tsp,polyak,413,polyak,413,7899.2861778476899,7899.3062216607623,7910
/Users/a/Ayanami/code/TSP/data/classic/tsplib/rd100.tsp,polyak,414,polyak,414,7899.2833028967425,7899.3062216607623,7910
/Users/a/Ayanami/code/TSP/data/classic/tsplib/rd100.tsp,polyak,415,polyak,415,7899.3163423682618,7899.3163423682618,7910
/Users/a/Ayanami/code/TSP/data/classic/tsplib/rd100.tsp,polyak,416,polyak,416,7899.2921570442886,7899.3163423682618,7910
/Users/a/Ayanami/code/TSP/data/classic/tsplib/rd100.tsp,polyak,417,polyak,417,7899.3068500833451,7899.3163423682618,7910
/Users/a/Ayanami/code/TSP/data/classic/tsplib/rd100.tsp,polyak,418,polyak,418,7899.3156516323315,7899.3163423682618,7910
/Users/a/Ayanami/code/TSP/data/classic/tsplib/rd100.tsp,polyak,419,polyak,419,7899.302228340006,7899.3163423682618,7910
/Users/a/Ayanami/code/TSP/data/classic/tsplib/rd100.tsp,polyak,420,polyak,420,7899.3130308439177,7899.3163423682618,7910
/Users/a/Ayanami/code/TSP/data/classic/tsplib/rd100.tsp,polyak,421,polyak,421,7899.3042687128263,7899.3163423682618,7910
/Users/a/Ayanami/code/TSP/data/classic/tsplib/rd100.tsp,polyak,422,polyak,422,7899.3194095789822,7899.3194095789822,7910
/Users/a/Ayanami/code/TSP/data/classic/tsplib/rd100.tsp,polyak,423,polyak,423,7899.3000830052861,7899.3194095789822,7910
/Users/a/Ayanami/code/TSP/data/classic/tsplib/rd100.tsp,polyak,424,polyak,424,7899.3174030630307,7899.3194095789822,7910
/Users/a/Ayanami/code/TSP/data/classic/tsplib/rd100.tsp,polyak,425,polyak,425,7899.3079123913276,7899.3194095789822,7910
/Users/a/Ayanami/code/TSP/data/classic/tsplib/rd100.tsp,polyak,426,polyak,426,7899.318660983582,7899.3194095789822,7910
/Users/a/Ayanami/code/TSP/data/classic/tsplib/rd100.tsp,polyak,427,polyak,427,7899.3049827820487,7899.3194095789822,7910
/Users/a/Ayanami/code/TSP/data/classic/tsplib/rd100.tsp,polyak,428,polyak,428,7899.313940600945,7899.3194095789822,7910
/Users/a/Ayanami/code/TSP/data/classic/tsplib/rd100.tsp,polyak,429,polyak,429,7899.315716844384,7899.3194095789822,7910
/Users/a/Ayanami/code/TSP/data/classic/tsplib/rd100.tsp,polyak,430,polyak,430,7899.2977488092665,7899.3194095789822,7910
/Users/a/Ayanami/code/TSP/data/classic/tsplib/rd100.tsp,polyak,431,polyak,431,7899.3106142635288,7899.3194095789822,7910
/Users/a/Ayanami/code/TSP/data/classic/tsplib/rd100.tsp,polyak,432,polyak,432,7899.3096581281079,7899.3194095789822,7910
/Users/a/Ayanami/code/TSP/data/classic/tsplib/rd100.tsp,polyak,433,polyak,433,7899.3157887490779,7899.3194095789822,7910
/Users/a/Ayanami/code/TSP/data/classic/tsplib/rd100.tsp,polyak,434,polyak,434,7899.3146182742021,7899.3194095789822,7910
/Users/a/Ayanami/code/TSP/data/classic/tsplib/rd100.tsp,polyak,435,polyak,435,7899.3131474228139,7899.3194095789822,7910
/Users/a/Ayanami/code/TSP/data/classic/tsplib/rd100.tsp,polyak,436,polyak,436,7899.3203156132186,7899.3203156132186,7910
/Users/a/Ayanami/code/TSP/data/classic/tsplib/rd100.tsp,polyak,437,polyak,437,7899.3231334578722,7899.3231334578722,7910
/Users/a/Ayanami/code/TSP/data/classic/tsplib/rd100.tsp,polyak,438,polyak,438,7899.3156338214885,7899.3231334578722,7910
/Users/a/Ayanami/code/TSP/data/classic/tsplib/rd100.tsp,polyak,439,polyak,439,7899.3237796850726,7899.3237796850726,7910
/Users/a/Ayanami/code/TSP/data/classic/tsplib/rd100.tsp,polyak,440,polyak,440,7899.3185723695642,7899.3237796850726,7910
/Users/a/Ayanami/code/TSP/data/classic/tsplib/rd100.tsp,polyak,441,polyak,441,7899.3216929362234,7899.3237796850726,7910
/Users/a/Ayanami/code/TSP/data/classic/tsplib/rd100.tsp,polyak,442,polyak,442,7899.3232653752566,7899.3237796850726,7910
/Users/a/Ayanami/code/TSP/data/classic/tsplib/rd100.tsp,polyak,443,polyak,443,7899.3223689842662,7899.3237796850726,7910
/Users/a/Ayanami/code/TSP/data/classic/tsplib/rd100.tsp,polyak,444,polyak,444,7899.3225389322579,7899.3237796850726,7910
/Users/a/Ayanami/code/TSP/data/classic/tsplib/rd100.tsp,polyak,445,polyak,445,7899.3193577762095,7899.3237796850726,7910
/Users/a/Ayanami/code/TSP/data/classic/tsplib/rd100.tsp,polyak,446,polyak,446,7899.3238171971516,7899.3238171971516,7910
/Users/a/Ayanami/code/TSP/data/classic/tsplib/rd100.tsp,polyak,447,polyak,447,7899.3217150671035,7899.3238171971516,7910
/Users/a/Ayanami/code/TSP/data/classic/tsplib/rd100.tsp,polyak,448,polyak,448,7899.322860193618,7899.3238171971516,7910
/Users/a/Ayanami/code/TSP/data/classic/tsplib/rd100.tsp,polyak,449,polyak,449,7899.3213623274278,7899.3238171971516,7910
/Users/a/Ayanami/code/TSP/data/classic/tsplib/rd100.tsp,polyak,450,polyak,450,7899.3249144823794,7899.3249144823794,7910
/Users/a/Ayanami/code/TSP/data/classic/tsplib/rd100.tsp,polyak,451,polyak,451,7899.3181570711313,7899.3249144823794,7910
/Users/a/Ayanami/code/TSP/data/classic/tsplib/rd100.tsp,polyak,452,polyak,452,7899.3259520420588,7899.3259520420588,7910
/Users/a/Ayanami/code/TSP/data/classic/tsplib/rd100.tsp,polyak,453,polyak,453,7899.3177166342348,7899.3259520420588,7910
/Users/a/Ayanami/code/TSP/data/classic/tsplib/rd100.tsp,polyak,454,polyak,454,7899.324410785096,7899.3259520420588,7910
/Users/a/Ayanami/code/TSP/data/classic/tsplib/rd100.tsp,polyak,455,polyak,455,7899.3158797098904,7899.3259520420588,7910
/Users/a/Ayanami/code/TSP/data/classic/tsplib/rd100.tsp,polyak,456,polyak,456,7899.3224730857764,7899.3259520420588,7910
/Users/a/Ayanami/code/TSP/data/classic/tsplib/rd100.tsp,polyak,457,polyak,457,7899.3232340795848,7899.3259520420588,7910
/Users/a/Ayanami/code/TSP/data/classic/tsplib/rd100.tsp,polyak,458,polyak,458,7899.3251155522594,7899.3259520420588,7910
/Users/a/Ayanami/code/TSP/data/classic/tsplib/rd100.tsp,polyak,459,polyak,459,7899.3182672039566,7899.3259520420588,7910
/Users/a/Ayanami/code/TSP/data/classic/tsplib/rd100.tsp,polyak,460,polyak,460,7899.3230745264327,7899.3259520420588,7910
/Users/a/Ayanami/code/TSP/data/classic/tsplib/rd100.tsp,polyak,461,polyak,461,7899.3197758114202,7899.3259520420588,7910
/Users/a/Ayanami/code/TSP/data/classic/tsplib/rd100.tsp,polyak,462,polyak,462,7899.3261285036879,7899.3261285036879,7910
/Users/a/Ayanami/code/TSP/data/classic/tsplib/rd100.tsp,polyak,463,polyak,463,7899.3197765868954,7899.3261285036879,7910
/Users/a/Ayanami/code/TSP/data/classic/tsplib/rd100.tsp,polyak,464,polyak,464,7899.3237830034523,7899.3261285036879,7910
/Users/a/Ayanami/code/TSP/data/classic/tsplib/rd100.tsp,polyak,465,polyak,465,7899.31928389733,7899.3261285036879,7910
/Users/a/Ayanami/code/TSP/data/classic/tsplib/rd100.tsp,polyak,466,polyak,466,7899.3232124406895,7899.3261285036879,7910
/Users/a/Ayanami/code/TSP/data/classic/tsplib/rd100.tsp,polyak,467,polyak,467,7899.3194156460177,7899.3261285036879,7910
/Users/a/Ayanami/code/TSP/data/classic/tsplib/rd100.tsp,polyak,468,polyak,468,7899.3261407911068,7899.3261407911068,7910
/Users/a/Ayanami/code/TSP/data/classic/tsplib/rd100.tsp,polyak,469,polyak,469,7899.3197863626028,7899.3261407911068,7910
/Users/a/Ayanami/code/TSP/data/classic/tsplib/rd100.tsp,polyak,470,polyak,470,7899.3267463454586,7899.3267463454586,7910
/Users/a/Ayanami/code/TSP/data/classic/tsplib/rd100.tsp,polyak,471,polyak,471,7899.3192567936694,7899.3267463454586,7910
/Users/a/Ayanami/code/TSP/data/classic/tsplib/rd100.tsp,polyak,472,polyak,472,7899.3245275088866,7899.3267463454586,7910
/Users/a/Ayanami/code/TSP/data/classic/tsplib/rd100.tsp,polyak,473,polyak,473,7899.3178211090999,7899.3267463454586,7910
/Users/a/Ayanami/code/TSP/data/classic/tsplib/rd100.tsp,polyak,474,polyak,474,7899.3232224849544,7899.3267463454586,7910
/Users/a/Ayanami/code/TSP/data/classic/tsplib/rd100.tsp,polyak,475,polyak,475,7899.3195314170125,7899.3267463454586,7910
/Users/a/Ayanami/code/TSP/data/classic/tsplib/rd100.tsp,polyak,476,polyak,476,7899.3248811676167,7899.3267463454586,7910
/Users/a/Ayanami/code/TSP/data/classic/tsplib/rd100.tsp,polyak,477,polyak,477,7899.3227245500048,7899.3267463454586,7910
/Users/a/Ayanami/code/TSP/data/classic/tsplib/rd100.tsp,polyak,478,polyak,478,7899.3246072987758,7899.3267463454586,7910
/Users/a/Ayanami/code/TSP/data/classic/tsplib/rd100.tsp,polyak,479,polyak,479,7899.3210335058566,7899.3267463454586,7910
/Users/a/Ayanami/code/TSP/data/classic/tsplib/rd100.tsp,polyak,480,polyak,480,7899.3260193427805,7899.3267463454586,7910
/Users/a/Ayanami/code/TSP/data/classic/tsplib/rd100.tsp,polyak,481,polyak,481,7899.3206475498273,7899.3267463454586,7910
/Users/a/Ayanami/code/TSP/data/classic/tsplib/rd100.tsp,polyak,482,polyak,482,7899.3258142728364,7899.3267463454586,7910
/Users/a/Ayanami/code/TSP/data/classic/tsplib/rd100.tsp,polyak,483,polyak,483,7899.3202722513579,7899.3267463454586,7910
/Users/a/Ayanami/code/TSP/data/classic/tsplib/rd100.tsp,polyak,484,polyak,484,7899.3264805461495,7899.3267463454586,7910
/Users/a/Ayanami/code/TSP/data/classic/tsplib/rd100.tsp,polyak,485,polyak,485,7899.3264333241059,7899.3267463454586,7910
/Users/a/Ayanami/code/TSP/data/classic/tsplib/rd100.tsp,polyak,486,polyak,486,7899.3272261013844,7899.3272261013844,7910
/Users/a/Ayanami/code/TSP/data/classic/tsplib/rd100.tsp,polyak,487,polyak,487,7899.32736871824,7899.32736871824,7910
/Users/a/Ayanami/code/TSP/data/classic/tsplib/rd100.tsp,polyak,488,polyak,488,7899.3294201121635,7899.3294201121635,7910
/Users/a/Ayanami/code/TSP/data/classic/tsplib/rd100.tsp,polyak,489,polyak,489,7899.3265193997368,7899.3294201121635,7910
/Users/a/Ayanami/code/TSP/data/classic/tsplib/rd100.tsp,polyak,490,polyak,490,7899.3284315994306,7899.3294201121635,7910
/Users/a/Ayanami/code/TSP/data/classic/tsplib/rd100.tsp,polyak,491,polyak,491,7899.3270101171165,7899.3294201121635,7910
/Users/a/Ayanami/code/TSP/data/classic/tsplib/rd100.tsp,polyak,492,polyak,492,7899.3284713843213,7899.3294201121635,7910
/Users/a/Ayanami/code/TSP/data/classic/tsplib/rd100.tsp,polyak,493,polyak,493,7899.3273088055257,7899.3294201121635,7910
/Users/a/Ayanami/code/TSP/data/classic/tsplib/rd100.tsp,polyak,494,polyak,494,7899.3284057875435,7899.3294201121635,7910
/Users/a/Ayanami/code/TSP/data/classic/tsplib/rd100.tsp,polyak,495,polyak,495,7899.3284260287992,7899.3294201121635,7910
/Users/a/Ayanami/code/TSP/data/classic/tsplib/rd100.tsp,polyak,496,polyak,496,7899.32784762957,7899.3294201121635,7910
/Users/a/Ayanami/code/TSP/data/classic/tsplib/rd100.tsp,polyak,497,polyak,497,7899.3290443232709,7899.3294201121635,7910
/Users/a/Ayanami/code/TSP/data/classic/tsplib/rd100.tsp,polyak,498,polyak,498,7899.3242100810121,7899.3294201121635,7910
/Users/a/Ayanami/code/TSP/data/classic/tsplib/rd100.tsp,polyak,499,polyak,499,7899.3270552205522,7899.3294201121635,7910
/Users/a/Ayanami/code/TSP/data/classic/tsplib/rd100.tsp,polyak,500,polyak,500,7899.3290249133152,7899.3294201121635,7910
/Users/a/Ayanami/code/TSP/data/classic/tsplib/rd100.tsp,polyak,501,polyak,501,7899.328591606145,7899.3294201121635,7910
/Users/a/Ayanami/code/TSP/data/classic/tsplib/rd100.tsp,polyak,502,polyak,502,7899.3312153160377,7899.3312153160377,7910
/Users/a/Ayanami/code/TSP/data/classic/tsplib/rd100.tsp,polyak,503,polyak,503,7899.3297211889721,7899.3312153160377,7910
/Users/a/Ayanami/code/TSP/data/classic/tsplib/rd100.tsp,polyak,504,polyak,504,7899.3312660516458,7899.3312660516458,7910
/Users/a/Ayanami/code/TSP/data/classic/tsplib/rd100.tsp,polyak,505,polyak,505,7899.3290869358025,7899.3312660516458,7910
/Users/a/Ayanami/code/TSP/data/classic/tsplib/rd100.tsp,polyak,506,polyak,506,7899.3304544511884,7899.3312660516458,7910
/Users/a/Ayanami/code/TSP/data/classic/tsplib/rd100.tsp,polyak,507,polyak,507,7899.3303061949155,7899.3312660516458,7910
/Users/a/Ayanami/code/TSP/data/classic/tsplib/rd100.tsp,polyak,508,polyak,508,7899.329803130343,7899.3312660516458,7910
/Users/a/Ayanami/code/TSP/data/classic/tsplib/rd100.tsp,polyak,509,polyak,509,7899.3311426820792,7899.3312660516458,7910
/Users/a/Ayanami/code/TSP/data/classic/tsplib/rd100.tsp,polyak,510,polyak,510,7899.3284977219819,7899.3312660516458,7910
/Users/a/Ayanami/code/TSP/data/classic/tsplib/rd100.tsp,polyak,511,polyak,511,7899.3313483376569,7899.3313483376569,7910
/Users/a/Ayanami/code/TSP/data/classic/tsplib/rd100.tsp,polyak,512,polyak,512,7899.3293678098371,7899.3313483376569,7910
/Users/a/Ayanami/code/TSP/data/classic/tsplib/rd100.tsp,polyak,513,polyak,513,7899.3308407270251,7899.3313483376569,7910
/Users/a/Ayanami/code/TSP/data/classic/tsplib/rd100.tsp,polyak,514,polyak,514,7899.3292906521237,7899.3313483376569,7910
/Users/a/Ayanami/code/TSP/data/classic/tsplib/rd100.tsp,polyak,515,polyak,515,7899.331116464773,7899.3313483376569,7910
/Users/a/Ayanami/code/TSP/data/classic/tsplib/rd100.tsp,polyak,516,polyak,516,7899.3294203751066,7899.3313483376569,7910
/Users/a/Ayanami/code/TSP/data/classic/tsplib/rd100.tsp,polyak,517,polyak,517,7899.3313656048595,7899.3313656048595,7910
/Users/a/Ayanami/code/TSP/data/classic/tsplib/rd100.tsp,polyak,518,polyak,518,7899.329092357063,7899.3313656048595,7910
/Users/a/Ayanami/code/TSP/data/classic/tsplib/rd100.tsp,polyak,519,polyak,519,7899.3317758504954,7899.3317758504954,7910
/Users/a/Ayanami/code/TSP/data/classic/tsplib/rd100.tsp,polyak,520,polyak,520,7899.3285401596941,7899.3317758504954,7910
/Users/a/Ayanami/code/TSP/data/classic/tsplib/rd100.tsp,polyak,521,polyak,521,7899.3300281598204,7899.3317758504954,7910
/Users/a/Ayanami/code/TSP/data/classic/tsplib/rd100.tsp,polyak,522,polyak,522,7899.3302779661271,7899.3317758504954,7910
/Users/a/Ayanami/code/TSP/data/classic/tsplib/rd100.tsp,polyak,523,polyak,523,7899.3312500777929,7899.3317758504954,7910
/Users/a/Ayanami/code/TSP/data/classic/tsplib/rd100.tsp,polyak,524,polyak,524,7899.3299718449935,7899.3317758504954,7910
/Users/a/Ayanami/code/TSP/data/classic/tsplib/rd100.tsp,polyak,525,polyak,525,7899.3312211405528,7899.3317758504954,7910
/Users/a/Ayanami/code/TSP/data/classic/tsplib/rd100.tsp,polyak,526,polyak,526,7899.3302432010551,7899.3317758504954,7910
/Users/a/Ayanami/code/TSP/data/classic/tsplib/rd100.tsp,polyak,527,polyak,527,7899.3307677203093,7899.3317758504954,7910
/Users/a/Ayanami/code/TSP/data/classic/tsplib/rd100.tsp,polyak,528,polyak,528,7899.3303176176232,7899.3317758504954,7910
/Users/a/Ayanami/code/TSP/data/classic/tsplib/rd100.tsp,polyak,529,polyak,529,7899.3310254503858,7899.3317758504954,7910
/Users/a/Ayanami/code/TSP/data/classic/tsplib/rd100.tsp,polyak,530,polyak,530,7899.3291291890346,7899.3317758504954,7910
/Users/a/Ayanami/code/TSP/data/classic/tsplib/rd100.tsp,polyak,531,polyak,531,7899.3308306774952,7899.3317758504954,7910
/Users/a/Ayanami/code/TSP/data/classic/tsplib/rd100.tsp,polyak,532,polyak,532,7899.3305195507628,7899.3317758504954,7910
/Users/a/Ayanami/code/TSP/data/classic/tsplib/rd100.tsp,polyak,533,polyak,533,7899.3320204442307,7899.3320204442307,7910
/Users/a/Ayanami/code/TSP/data/classic/tsplib/rd100.tsp,polyak,534,polyak,534,7899.3311693109217,7899.3320204442307,7910
/Users/a/Ayanami/code/TSP/data/classic/tsplib/rd100.tsp,polyak,535,polyak,535,7899.3321132101746,7899.3321132101746,7910
/Users/a/Ayanami/code/TSP/data/classic/tsplib/rd100.tsp,polyak,536,polyak,536,7899.3315375426582,7899.3321132101746,7910
/Users/a/Ayanami/code/TSP/data/classic/tsplib/rd100.tsp,polyak,537,polyak,537,7899.3321873586883,7899.3321873586883,7910
/Users/a/Ayanami/code/TSP/data/classic/tsplib/rd100.tsp,polyak,538,polyak,538,7899.3313830948036,7899.3321873586883,7910
/Users/a/Ayanami/code/TSP/data/classic/tsplib/rd100.tsp,polyak,539,polyak,539,7899.3319557707036,7899.3321873586883,7910
/Users/a/Ayanami/code/TSP/data/classic/tsplib/rd100.tsp,polyak,540,polyak,540,7899.3316256850458,7899.3321873586883,7910
/Users/a/Ayanami/code/TSP/data/classic/tsplib/rd100.tsp,polyak,541,polyak,541,7899.3319602812044,7899.3321873586883,7910
/Users/a/Ayanami/code/TSP/data/classic/tsplib/rd100.tsp,polyak,542,polyak,542,7899.3317157182319,7899.3321873586883,7910
/Users/a/Ayanami/code/TSP/data/classic/tsplib/rd100.tsp,polyak,543,polyak,543,7899.3322956843667,7899.3322956843667,7910
/Users/a/Ayanami/code/TSP/data/classic/tsplib/rd100.tsp,polyak,544,polyak,544,7899.3313786792933,7899.3322956843667,7910
/Users/a/Ayanami/code/TSP/data/classic/tsplib/rd100.tsp,polyak,545,polyak,545,7899.3323988732609,7899.3323988732609,7910
/Users/a/Ayanami/code/TSP/data/classic/tsplib/rd100.tsp,polyak,546,polyak,546,7899.3315345955652,7899.3323988732609,7910
/Users/a/Ayanami/code/TSP/data/classic/tsplib/rd100.tsp,polyak,547,polyak,547,7899.3321734514066,7899.3323988732609,7910
/Users/a/Ayanami/code/TSP/data/classic/tsplib/rd100.tsp,polyak,548,polyak,548,7899.3313247048154,7899.3323988732609,7910
/Users/a/Ayanami/code/TSP/data/classic/tsplib/rd100.tsp,polyak,549,polyak,549,7899.3321267058327,7899.3323988732609,7910
/Users/a/Ayanami/code/TSP/data/classic/tsplib/rd100.tsp,polyak,550,polyak,550,7899.3318975617049,7899.3323988732609,7910
/Users/a/Ayanami/code/TSP/data/classic/tsplib/rd100.tsp,polyak,551,polyak,551,7899.332236035576,7899.3323988732609,7910
/Users/a/Ayanami/code/TSP/data/classic/tsplib/rd100.tsp,polyak,552,polyak,552,7899.3315878896483,7899.3323988732609,7910
/Users/a/Ayanami/code/TSP/data/classic/tsplib/rd100.tsp,polyak,553,polyak,553,7899.332074046195,7899.3323988732609,7910
/Users/a/Ayanami/code/TSP/data/classic/tsplib/rd100.tsp,polyak,554,polyak,554,7899.331511240508,7899.3323988732609,7910
/Users/a/Ayanami/code/TSP/data/classic/tsplib/rd100.tsp,polyak,555,polyak,555,7899.3323806310209,7899.3323988732609,7910
/Users/a/Ayanami/code/TSP/data/classic/tsplib/rd100.tsp,polyak,556,polyak,556,7899.3313230631247,7899.3323988732609,7910
/Users/a/Ayanami/code/TSP/data/classic/tsplib/rd100.tsp,polyak,557,polyak,557,7899.3319283752098,7899.3323988732609,7910
/Users/a/Ayanami/code/TSP/data/classic/tsplib/rd100.tsp,helsgaun,1,helsgaun,1,7038,7038,7910
/Users/a/Ayanami/code/TSP/data/classic/tsplib/rd100.tsp,helsgaun,2,helsgaun,2,7092,7092,7910
/Users/a/Ayanami/code/TSP/data/classic/tsplib/rd100.tsp,helsgaun,3,helsgaun,3,7179.4000000000005,7179.4000000000005,7910
/Users/a/Ayanami/code/TSP/data/classic/tsplib/rd100.tsp,helsgaun,4,helsgaun,4,7298.0000000000018,7298.0000000000018,7910
/Users/a/Ayanami/code/TSP/data/classic/tsplib/rd100.tsp,helsgaun,5,helsgaun,5,7386.5999999999995,7386.5999999999995,7910
/Users/a/Ayanami/code/TSP/data/classic/tsplib/rd100.tsp,helsgaun,6,helsgaun,6,7424.6000000000013,7424.6000000000013,7910
/Users/a/Ayanami/code/TSP/data/classic/tsplib/rd100.tsp,helsgaun,7,helsgaun,7,7213.1999999999998,7424.6000000000013,7910
/Users/a/Ayanami/code/TSP/data/classic/tsplib/rd100.tsp,helsgaun,8,helsgaun,8,7119.6000000000004,7424.6000000000013,7910
/Users/a/Ayanami/code/TSP/data/classic/tsplib/rd100.tsp,helsgaun,9,helsgaun,9,7049.9999999999982,7424.6000000000013,7910
/Users/a/Ayanami/code/TSP/data/classic/tsplib/rd100.tsp,helsgaun,10,helsgaun,10,6949.1999999999998,7424.6000000000013,7910
/Users/a/Ayanami/code/TSP/data/classic/tsplib/rd100.tsp,helsgaun,11,helsgaun,11,7054.7999999999993,7424.6000000000013,7910
/Users/a/Ayanami/code/TSP/data/classic/tsplib/rd100.tsp,helsgaun,12,helsgaun,12,6944.3999999999996,7424.6000000000013,7910
/Users/a/Ayanami/code/TSP/data/classic/tsplib/rd100.tsp,helsgaun,13,helsgaun,13,6983.7999999999984,7424.6000000000013,7910
/Users/a/Ayanami/code/TSP/data/classic/tsplib/rd100.tsp,helsgaun,14,helsgaun,14,7169.6000000000004,7424.6000000000013,7910
/Users/a/Ayanami/code/TSP/data/classic/tsplib/rd100.tsp,helsgaun,15,helsgaun,15,6969.6000000000004,7424.6000000000013,7910
/Users/a/Ayanami/code/TSP/data/classic/tsplib/rd100.tsp,helsgaun,16,helsgaun,16,6979.0000000000009,7424.6000000000013,7910
/Users/a/Ayanami/code/TSP/data/classic/tsplib/rd100.tsp,helsgaun,17,helsgaun,17,6896.3999999999987,7424.6000000000013,7910
/Users/a/Ayanami/code/TSP/data/classic/tsplib/rd100.tsp,helsgaun,18,helsgaun,18,7127.2000000000016,7424.6000000000013,7910
/Users/a/Ayanami/code/TSP/data/classic/tsplib/rd100.tsp,helsgaun,19,helsgaun,19,6831.8000000000011,7424.6000000000013,7910
/Users/a/Ayanami/code/TSP/data/classic/tsplib/rd100.tsp,helsgaun,20,helsgaun,20,7162.1999999999989,7424.6000000000013,7910
/Users/a/Ayanami/code/TSP/data/classic/tsplib/rd100.tsp,helsgaun,21,helsgaun,21,7032.8000000000011,7424.6000000000013,7910
/Users/a/Ayanami/code/TSP/data/classic/tsplib/rd100.tsp,helsgaun,22,helsgaun,22,6973.1999999999989,7424.6000000000013,7910
/Users/a/Ayanami/code/TSP/data/classic/tsplib/rd100.tsp,helsgaun,23,helsgaun,23,6939.5999999999976,7424.6000000000013,7910
/Users/a/Ayanami/code/TSP/data/classic/tsplib/rd100.tsp,helsgaun,24,helsgaun,24,7084.7999999999993,7424.6000000000013,7910
/Users/a/Ayanami/code/TSP/data/classic/tsplib/rd100.tsp,helsgaun,25,helsgaun,25,6924.8000000000011,7424.6000000000013,7910
/Users/a/Ayanami/code/TSP/data/classic/tsplib/rd100.tsp,helsgaun,26,helsgaun,26,7084.800000000002,7424.6000000000013,7910
/Users/a/Ayanami/code/TSP/data/classic/tsplib/rd100.tsp,helsgaun,27,helsgaun,27,7047,7424.6000000000013,7910
/Users/a/Ayanami/code/TSP/data/classic/tsplib/rd100.tsp,helsgaun,28,helsgaun,28,6943.9999999999982,7424.6000000000013,7910
/Users/a/Ayanami/code/TSP/data/classic/tsplib/rd100.tsp,helsgaun,29,helsgaun,29,6896.8000000000011,7424.6000000000013,7910
/Users/a/Ayanami/code/TSP/data/classic/tsplib/rd100.tsp,helsgaun,30,helsgaun,30,6938,7424.6000000000013,7910
/Users/a/Ayanami/code/TSP/data/classic/tsplib/rd100.tsp,helsgaun,31,helsgaun,31,7205.3999999999996,7424.6000000000013,7910
/Users/a/Ayanami/code/TSP/data/classic/tsplib/rd100.tsp,helsgaun,32,helsgaun,32,7097.5999999999995,7424.6000000000013,7910
/Users/a/Ayanami/code/TSP/data/classic/tsplib/rd100.tsp,helsgaun,33,helsgaun,33,7006.4000000000005,7424.6000000000013,7910
/Users/a/Ayanami/code/TSP/data/classic/tsplib/rd100.tsp,helsgaun,34,helsgaun,34,6975.8000000000002,7424.6000000000013,7910
/Users/a/Ayanami/code/TSP/data/classic/tsplib/rd100.tsp,helsgaun,35,helsgaun,35,7067.5999999999976,7424.6000000000013,7910
/Users/a/Ayanami/code/TSP/data/classic/tsplib/rd100.tsp,helsgaun,36,helsgaun,36,7099.0000000000018,7424.6000000000013,7910
/Users/a/Ayanami/code/TSP/data/classic/tsplib/rd100.tsp,helsgaun,37,helsgaun,37,6984.1999999999998,7424.6000000000013,7910
/Users/a/Ayanami/code/TSP/data/classic/tsplib/rd100.tsp,helsgaun,38,helsgaun,38,6867.6000000000013,7424.6000000000013,7910
/Users/a/Ayanami/code/TSP/data/classic/tsplib/rd100.tsp,helsgaun,39,helsgaun,39,7114,7424.6000000000013,7910
/Users/a/Ayanami/code/TSP/data/classic/tsplib/rd100.tsp,helsgaun,40,helsgaun,40,7102.2000000000025,7424.6000000000013,7910
/Users/a/Ayanami/code/TSP/data/classic/tsplib/rd100.tsp,helsgaun,41,helsgaun,41,6962.2000000000016,7424.6000000000013,7910
/Users/a/Ayanami/code/TSP/data/classic/tsplib/rd100.tsp,helsgaun,42,helsgaun,42,7087.8000000000002,7424.6000000000013,7910
/Users/a/Ayanami/code/TSP/data/classic/tsplib/rd100.tsp,helsgaun,43,helsgaun,43,7084.1999999999998,7424.6000000000013,7910
/Users/a/Ayanami/code/TSP/data/classic/tsplib/rd100.tsp,helsgaun,44,helsgaun,44,6978.9999999999991,7424.6000000000013,7910
/Users/a/Ayanami/code/TSP/data/classic/tsplib/rd100.tsp,helsgaun,45,helsgaun,45,7167.2000000000007,7424.6000000000013,7910
/Users/a/Ayanami/code/TSP/data/classic/tsplib/rd100.tsp,helsgaun,46,helsgaun,46,7230.8000000000011,7424.6000000000013,7910
/Users/a/Ayanami/code/TSP/data/classic/tsplib/rd100.tsp,helsgaun,47,helsgaun,47,7102.6000000000013,7424.6000000000013,7910
/Users/a/Ayanami/code/TSP/data/classic/tsplib/rd100.tsp,helsgaun,48,helsgaun,48,7111.4000000000033,7424.6000000000013,7910
/Users/a/Ayanami/code/TSP/data/classic/tsplib/rd100.tsp,helsgaun,49,helsgaun,49,6781,7424.6000000000013,7910
/Users/a/Ayanami/code/TSP/data/classic/tsplib/rd100.tsp,helsgaun,50,helsgaun,50,6679.5999999999985,7424.6000000000013,7910
/Users/a/Ayanami/code/TSP/data/classic/tsplib/rd100.tsp,helsgaun,51,helsgaun,51,7076,7424.6000000000013,7910
/Users/a/Ayanami/code/TSP/data/classic/tsplib/rd100.tsp,helsgaun,52,helsgaun,52,7275.8000000000029,7424.6000000000013,7910
/Users/a/Ayanami/code/TSP/data/classic/tsplib/rd100.tsp,helsgaun,53,helsgaun,53,7512.4000000000005,7512.4000000000005,7910
/Users/a/Ayanami/code/TSP/data/classic/tsplib/rd100.tsp,helsgaun,54,helsgaun,54,7602.0000000000009,7602.0000000000009,7910
/Users/a/Ayanami/code/TSP/data/classic/tsplib/rd100.tsp,helsgaun,55,helsgaun,55,7637.2000000000016,7637.2000000000016,7910
/Users/a/Ayanami/code/TSP/data/classic/tsplib/rd100.tsp,helsgaun,56,helsgaun,56,7693.8000000000002,7693.8000000000002,7910
/Users/a/Ayanami/code/TSP/data/classic/tsplib/rd100.tsp,helsgaun,57,helsgaun,57,7646.4000000000005,7693.8000000000002,7910
/Users/a/Ayanami/code/TSP/data/classic/tsplib/rd100.tsp,helsgaun,58,helsgaun,58,7629.6000000000031,7693.8000000000002,7910
/Users/a/Ayanami/code/TSP/data/classic/tsplib/rd100.tsp,helsgaun,59,helsgaun,59,7647.8000000000011,7693.8000000000002,7910
/Users/a/Ayanami/code/TSP/data/classic/tsplib/rd100.tsp,helsgaun,60,helsgaun,60,7661.2000000000025,7693.8000000000002,7910
/Users/a/Ayanami/code/TSP/data/classic/tsplib/rd100.tsp,helsgaun,61,helsgaun,61,7617.4000000000024,7693.8000000000002,7910
/Users/a/Ayanami/code/TSP/data/classic/tsplib/rd100.tsp,helsgaun,62,helsgaun,62,7610.3999999999996,7693.8000000000002,7910
/Users/a/Ayanami/code/TSP/data/classic/tsplib/rd100.tsp,helsgaun,63,helsgaun,63,7673.4000000000015,7693.8000000000002,7910
/Users/a/Ayanami/code/TSP/data/classic/tsplib/rd100.tsp,helsgaun,64,helsgaun,64,7675.0000000000009,7693.8000000000002,7910
/Users/a/Ayanami/code/TSP/data/classic/tsplib/rd100.tsp,helsgaun,65,helsgaun,65,7697.0000000000018,7697.0000000000018,7910
/Users/a/Ayanami/code/TSP/data/classic/tsplib/rd100.tsp,helsgaun,66,helsgaun,66,7657.2000000000025,7697.0000000000018,7910
/Users/a/Ayanami/code/TSP/data/classic/tsplib/rd100.tsp,helsgaun,67,helsgaun,67,7678.6000000000013,7697.0000000000018,7910
/Users/a/Ayanami/code/TSP/data/classic/tsplib/rd100.tsp,helsgaun,68,helsgaun,68,7558.6000000000004,7697.0000000000018,7910
/Users/a/Ayanami/code/TSP/data/classic/tsplib/rd100.tsp,helsgaun,69,helsgaun,69,7641.8000000000002,7697.0000000000018,7910
/Users/a/Ayanami/code/TSP/data/classic/tsplib/rd100.tsp,helsgaun,70,helsgaun,70,7653.6000000000004,7697.0000000000018,7910
/Users/a/Ayanami/code/TSP/data/classic/tsplib/rd100.tsp,helsgaun,71,helsgaun,71,7616.4000000000015,7697.0000000000018,7910
/Users/a/Ayanami/code/TSP/data/classic/tsplib/rd100.tsp,helsgaun,72,helsgaun,72,7586.0000000000018,7697.0000000000018,7910
/Users/a/Ayanami/code/TSP/data/classic/tsplib/rd100.tsp,helsgaun,73,helsgaun,73,7640,7697.0000000000018,7910
/Users/a/Ayanami/code/TSP/data/classic/tsplib/rd100.tsp,helsgaun,74,helsgaun,74,7579.4000000000015,7697.0000000000018,7910
/Users/a/Ayanami/code/TSP/data/classic/tsplib/rd100.tsp,helsgaun,75,helsgaun,75,7611.6000000000004,7697.0000000000018,7910
/Users/a/Ayanami/code/TSP/data/classic/tsplib/rd100.tsp,helsgaun,76,helsgaun,76,7653.0000000000009,7697.0000000000018,7910
/Users/a/Ayanami/code/TSP/data/classic/tsplib/rd100.tsp,helsgaun,77,helsgaun,77,7734.8000000000002,7734.8000000000002,7910
/Users/a/Ayanami/code/TSP/data/classic/tsplib/rd100.tsp,helsgaun,78,helsgaun,78,7768,7768,7910
/Users/a/Ayanami/code/TSP/data/classic/tsplib/rd100.tsp,helsgaun,79,helsgaun,79,7777.1999999999989,7777.1999999999989,7910
/Users/a/Ayanami/code/TSP/data/classic/tsplib/rd100.tsp,helsgaun,80,helsgaun,80,7793.9999999999982,7793.9999999999982,7910
/Users/a/Ayanami/code/TSP/data/classic/tsplib/rd100.tsp,helsgaun,81,helsgaun,81,7793.5999999999995,7793.9999999999982,7910
/Users/a/Ayanami/code/TSP/data/classic/tsplib/rd100.tsp,helsgaun,82,helsgaun,82,7808.8000000000011,7808.8000000000011,7910
/Users/a/Ayanami/code/TSP/data/classic/tsplib/rd100.tsp,helsgaun,83,helsgaun,83,7812.8000000000011,7812.8000000000011,7910
/Users/a/Ayanami/code/TSP/data/classic/tsplib/rd100.tsp,helsgaun,84,helsgaun,84,7822.6000000000022,7822.6000000000022,7910
/Users/a/Ayanami/code/TSP/data/classic/tsplib/rd100.tsp,helsgaun,85,helsgaun,85,7818.3999999999996,7822.6000000000022,7910
/Users/a/Ayanami/code/TSP/data/classic/tsplib/rd100.tsp,helsgaun,86,helsgaun,86,7813.7999999999993,7822.6000000000022,7910
/Users/a/Ayanami/code/TSP/data/classic/tsplib/rd100.tsp,helsgaun,87,helsgaun,87,7811.6000000000004,7822.6000000000022,7910
/Users/a/Ayanami/code/TSP/data/classic/tsplib/rd100.tsp,helsgaun,88,helsgaun,88,7826.5999999999995,7826.5999999999995,7910
/Users/a/Ayanami/code/TSP/data/classic/tsplib/rd100.tsp,helsgaun,89,helsgaun,89,7835.3999999999996,7835.3999999999996,7910
/Users/a/Ayanami/code/TSP/data/classic/tsplib/rd100.tsp,helsgaun,90,helsgaun,90,7853.1999999999989,7853.1999999999989,7910
/Users/a/Ayanami/code/TSP/data/classic/tsplib/rd100.tsp,helsgaun,91,helsgaun,91,7854.3999999999987,7854.3999999999987,7910
/Users/a/Ayanami/code/TSP/data/classic/tsplib/rd100.tsp,helsgaun,92,helsgaun,92,7854.5999999999995,7854.5999999999995,7910
/Users/a/Ayanami/code/TSP/data/classic/tsplib/rd100.tsp,helsgaun,93,helsgaun,93,7857.9999999999973,7857.9999999999973,7910
/Users/a/Ayanami/code/TSP/data/classic/tsplib/rd100.tsp,helsgaun,94,helsgaun,94,7855.5999999999995,7857.9999999999973,7910
/Users/a/Ayanami/code/TSP/data/classic/tsplib/rd100.tsp,helsgaun,95,helsgaun,95,7865.5999999999995,7865.5999999999995,7910
/Users/a/Ayanami/code/TSP/data/classic/tsplib/rd100.tsp,helsgaun,96,helsgaun,96,7873.5999999999967,7873.5999999999967,7910
/Users/a/Ayanami/code/TSP/data/classic/tsplib/rd100.tsp,helsgaun,97,helsgaun,97,7871.8000000000011,7873.5999999999967,7910
/Users/a/Ayanami/code/TSP/data/classic/tsplib/rd100.tsp,helsgaun,98,helsgaun,98,7873.8000000000002,7873.8000000000002,7910
/Users/a/Ayanami/code/TSP/data/classic/tsplib/rd100.tsp,helsgaun,99,helsgaun,99,7876.7999999999993,7876.7999999999993,7910
/Users/a/Ayanami/code/TSP/data/classic/tsplib/rd100.tsp,helsgaun,100,helsgaun,100,7874.9999999999982,7876.7999999999993,7910
/Users/a/Ayanami/code/TSP/data/classic/tsplib/rd100.tsp,helsgaun,101,helsgaun,101,7877.9000000000005,7877.9000000000005,7910
/Users/a/Ayanami/code/TSP/data/classic/tsplib/rd100.tsp,helsgaun,102,helsgaun,102,7879.0999999999995,7879.0999999999995,7910
/Users/a/Ayanami/code/TSP/data/classic/tsplib/rd100.tsp,helsgaun,103,helsgaun,103,7877.9999999999982,7879.0999999999995,7910
/Users/a/Ayanami/code/TSP/data/classic/tsplib/rd100.tsp,helsgaun,104,helsgaun,104,7879.8000000000029,7879.8000000000029,7910
/Users/a/Ayanami/code/TSP/data/classic/tsplib/rd100.tsp,helsgaun,105,helsgaun,105,7881.6000000000004,7881.6000000000004,7910
/Users/a/Ayanami/code/TSP/data/classic/tsplib/rd100.tsp,helsgaun,106,helsgaun,106,7882.3000000000002,7882.3000000000002,7910
/Users/a/Ayanami/code/TSP/data/classic/tsplib/rd100.tsp,helsgaun,107,helsgaun,107,7883.5,7883.5,7910
/Users/a/Ayanami/code/TSP/data/classic/tsplib/rd100.tsp,helsgaun,108,helsgaun,108,7883.7999999999984,7883.7999999999984,7910
/Users/a/Ayanami/code/TSP/data/classic/tsplib/rd100.tsp,helsgaun,109,helsgaun,109,7884.1999999999998,7884.1999999999998,7910
/Users/a/Ayanami/code/TSP/data/classic/tsplib/rd100.tsp,helsgaun,110,helsgaun,110,7884.1499999999996,7884.1999999999998,7910
/Users/a/Ayanami/code/TSP/data/classic/tsplib/rd100.tsp,helsgaun,111,helsgaun,111,7884.0999999999985,7884.1999999999998,7910
/Users/a/Ayanami/code/TSP/data/classic/tsplib/rd100.tsp,helsgaun,112,helsgaun,112,7883.1999999999989,7884.1999999999998,7910
/Users/a/Ayanami/code/TSP/data/classic/tsplib/rd100.tsp,helsgaun,113,helsgaun,113,7884.2250000000004,7884.2250000000004,7910
/Users/a/Ayanami/code/TSP/data/classic/tsplib/rd100.tsp,helsgaun,114,helsgaun,114,7885.1749999999975,7885.1749999999975,7910
/Users/a/Ayanami/code/TSP/data/classic/tsplib/rd100.tsp,helsgaun,115,helsgaun,115,7885.3999999999978,7885.3999999999978,7910
/Users/a/Ayanami/code/TSP/data/classic/tsplib/rd100.tsp,helsgaun,116,helsgaun,116,7885.6124999999993,7885.6124999999993,7910
/Users/a/Ayanami/code/TSP/data/classic/tsplib/rd100.tsp,helsgaun,117,helsgaun,117,7885.7374999999993,7885.7374999999993,7910
/Users/a/Ayanami/code/TSP/data/classic/tsplib/rd100.tsp,helsgaun,118,helsgaun,118,7885.8062499999996,7885.8062499999996,7910
/Users/a/Ayanami/code/TSP/data/classic/tsplib/rd100.tsp,helsgaun,119,helsgaun,119,7885.8437499999982,7885.8437499999982,7910
/Users/a/Ayanami/code/TSP/data/classic/tsplib/rd100.tsp,helsgaun,120,helsgaun,120,7885.8749999999991,7885.8749999999991,7910
/Users/a/Ayanami/code/TSP/data/classic/tsplib/rd100.tsp,helsgaun,121,helsgaun,121,7885.8968749999976,7885.8968749999976,7910
/Users/a/Ayanami/code/TSP/data/classic/tsplib/rd100.tsp,helsgaun,122,helsgaun,122,7885.8890624999995,7885.8968749999976,7910
/Users/a/Ayanami/code/TSP/data/classic/tsplib/rd100.tsp,helsgaun,123,helsgaun,123,7885.9328124999993,7885.9328124999993,7910
/Users/a/Ayanami/code/TSP/data/classic/tsplib/rd100.tsp,hybrid,1,polyak,1,7038,7038,7910
/Users/a/Ayanami/code/TSP/data/classic/tsplib/rd100.tsp,hybrid,2,polyak,2,6632.0357142857138,7038,7910
/Users/a/Ayanami/code/TSP/data/classic/tsplib/rd100.tsp,hybrid,3,polyak,3,7013.5006613756577,7038,7910
/Users/a/Ayanami/code/TSP/data/classic/tsplib/rd100.tsp,hybrid,4,polyak,4,6963.0561990561937,7038,7910
/Users/a/Ayanami/code/TSP/data/classic/tsplib/rd100.tsp,hybrid,5,polyak,5,6941.2056084323458,7038,7910
/Users/a/Ayanami/code/TSP/data/classic/tsplib/rd100.tsp,hybrid,6,polyak,6,7026.7240224616207,7038,7910
/Users/a/Ayanami/code/TSP/data/classic/tsplib/rd100.tsp,hybrid,7,polyak,7,6987.9559604529295,7038,7910
/Users/a/Ayanami/code/TSP/data/classic/tsplib/rd100.tsp,hybrid,8,polyak,8,7383.0680210920646,7383.0680210920646,7910
/Users/a/Ayanami/code/TSP/data/classic/tsplib/rd100.tsp,hybrid,9,polyak,9,7235.1400449308076,7383.0680210920646,7910
/Users/a/Ayanami/code/TSP/data/classic/tsplib/rd100.tsp,hybrid,10,polyak,10,7236.7062221611523,7383.0680210920646,7910
/Users/a/Ayanami/code/TSP/data/classic/tsplib/rd100.tsp,hybrid,11,polyak,11,7303.3587613426189,7383.0680210920646,7910
/Users/a/Ayanami/code/TSP/data/classic/tsplib/rd100.tsp,hybrid,12,polyak,12,7322.3946179695531,7383.0680210920646,7910
/Users/a/Ayanami/code/TSP/data/classic/tsplib/rd100.tsp,hybrid,13,polyak,13,7162.0746273290424,7383.0680210920646,7910
/Users/a/Ayanami/code/TSP/data/classic/tsplib/rd100.tsp,hybrid,14,polyak,14,7239.0100093495985,7383.0680210920646,7910
/Users/a/Ayanami/code/TSP/data/classic/tsplib/rd100.tsp,hybrid,15,polyak,15,7259.17701924226,7383.0680210920646,7910
/Users/a/Ayanami/code/TSP/data/classic/tsplib/rd100.tsp,hybrid,16,polyak,16,7165.4971760788867,7383.0680210920646,7910
/Users/a/Ayanami/code/TSP/data/classic/tsplib/rd100.tsp,hybrid,17,polyak,17,7027.9216667262699,7383.0680210920646,7910
/Users/a/Ayanami/code/TSP/data/classic/tsplib/rd100.tsp,hybrid,18,polyak,18,7189.7930242201519,7383.0680210920646,7910
/Users/a/Ayanami/code/TSP/data/classic/tsplib/rd100.tsp,hybrid,19,polyak,19,7249.4958105256173,7383.0680210920646,7910
/Users/a/Ayanami/code/TSP/data/classic/tsplib/rd100.tsp,hybrid,20,polyak,20,7288.3401156205491,7383.0680210920646,7910
/Users/a/Ayanami/code/TSP/data/classic/tsplib/rd100.tsp,hybrid,21,polyak,21,7260.7505256217855,7383.0680210920646,7910
/Users/a/Ayanami/code/TSP/data/classic/tsplib/rd100.tsp,hybrid,22,polyak,22,7554.9165909001085,7554.9165909001085,7910
/Users/a/Ayanami/code/TSP/data/classic/tsplib/rd100.tsp,hybrid,23,polyak,23,7666.8585787461516,7666.8585787461516,7910
/Users/a/Ayanami/code/TSP/data/classic/tsplib/rd100.tsp,hybrid,24,polyak,24,7679.0128817822615,7679.0128817822615,7910
/Users/a/Ayanami/code/TSP/data/classic/tsplib/rd100.tsp,hybrid,25,polyak,25,7732.254648100462,7732.254648100462,7910
/Users/a/Ayanami/code/TSP/data/classic/tsplib/rd100.tsp,hybrid,26,polyak,26,7721.135889500817,7732.254648100462,7910
/Users/a/Ayanami/code/TSP/data/classic/tsplib/rd100.tsp,hybrid,27,polyak,27,7726.1867071610377,7732.254648100462,7910
/Users/a/Ayanami/code/TSP/data/classic/tsplib/rd100.tsp,hybrid,28,polyak,28,7740.8931490429777,7740.8931490429777,7910
/Users/a/Ayanami/code/TSP/data/classic/tsplib/rd100.tsp,hybrid,29,polyak,29,7762.2090482257627,7762.2090482257627,7910
/Users/a/Ayanami/code/TSP/data/classic/tsplib/rd100.tsp,hybrid,30,polyak,30,7761.2864585303587,7762.2090482257627,7910
/Users/a/Ayanami/code/TSP/data/classic/tsplib/rd100.tsp,hybrid,31,polyak,31,7759.908990291844,7762.2090482257627,7910
/Users/a/Ayanami/code/TSP/data/classic/tsplib/rd100.tsp,hybrid,32,polyak,32,7773.4912522482982,7773.4912522482982,7910
/Users/a/Ayanami/code/TSP/data/classic/tsplib/rd100.tsp,hybrid,33,polyak,33,7758.7860290756225,7773.4912522482982,7910
/Users/a/Ayanami/code/TSP/data/classic/tsplib/rd100.tsp,hybrid,34,polyak,34,7756.9006272349179,7773.4912522482982,7910
/Users/a/Ayanami/code/TSP/data/classic/tsplib/rd100.tsp,hybrid,35,polyak,35,7746.6369889136267,7773.4912522482982,7910
/Users/a/Ayanami/code/TSP/data/classic/tsplib/rd100.tsp,hybrid,36,polyak,36,7760.9221648585144,7773.4912522482982,7910
/Users/a/Ayanami/code/TSP/data/classic/tsplib/rd100.tsp,hybrid,37,polyak,37,7756.8302282699415,7773.4912522482982,7910
/Users/a/Ayanami/code/TSP/data/classic/tsplib/rd100.tsp,hybrid,38,polyak,38,7762.8370121975722,7773.4912522482982,7910
/Users/a/Ayanami/code/TSP/data/classic/tsplib/rd100.tsp,hybrid,39,polyak,39,7722.873427732382,7773.4912522482982,7910
/Users/a/Ayanami/code/TSP/data/classic/tsplib/rd100.tsp,hybrid,40,polyak,40,7754.2917208548606,7773.4912522482982,7910
/Users/a/Ayanami/code/TSP/data/classic/tsplib/rd100.tsp,hybrid,41,polyak,41,7735.1984825787677,7773.4912522482982,7910
/Users/a/Ayanami/code/TSP/data/classic/tsplib/rd100.tsp,hybrid,42,polyak,42,7768.7159356001066,7773.4912522482982,7910
/Users/a/Ayanami/code/TSP/data/classic/tsplib/rd100.tsp,hybrid,43,polyak,43,7760.9434898414383,7773.4912522482982,7910
/Users/a/Ayanami/code/TSP/data/classic/tsplib/rd100.tsp,hybrid,44,polyak,44,7760.2122464936001,7773.4912522482982,7910
/Users/a/Ayanami/code/TSP/data/classic/tsplib/rd100.tsp,hybrid,45,polyak,45,7744.6897242612249,7773.4912522482982,7910
/Users/a/Ayanami/code/TSP/data/classic/tsplib/rd100.tsp,hybrid,46,polyak,46,7844.2605154950325,7844.2605154950325,7910
/Users/a/Ayanami/code/TSP/data/classic/tsplib/rd100.tsp,hybrid,47,polyak,47,7818.0564229087422,7844.2605154950325,7910
/Users/a/Ayanami/code/TSP/data/classic/tsplib/rd100.tsp,hybrid,48,polyak,48,7849.3887548530383,7849.3887548530383,7910
/Users/a/Ayanami/code/TSP/data/classic/tsplib/rd100.tsp,hybrid,49,polyak,49,7829.4778820400497,7849.3887548530383,7910
/Users/a/Ayanami/code/TSP/data/classic/tsplib/rd100.tsp,hybrid,50,polyak,50,7850.2685522482661,7850.2685522482661,7910
/Users/a/Ayanami/code/TSP/data/classic/tsplib/rd100.tsp,hybrid,51,polyak,51,7813.3846708271476,7850.2685522482661,7910
/Users/a/Ayanami/code/TSP/data/classic/tsplib/rd100.tsp,hybrid,52,polyak,52,7856.7015284393265,7856.7015284393265,7910
/Users/a/Ayanami/code/TSP/data/classic/tsplib/rd100.tsp,hybrid,53,polyak,53,7819.4679150161728,7856.7015284393265,7910
/Users/a/Ayanami/code/TSP/data/classic/tsplib/rd100.tsp,hybrid,54,polyak,54,7853.6114017290356,7856.7015284393265,7910
/Users/a/Ayanami/code/TSP/data/classic/tsplib/rd100.tsp,hybrid,55,polyak,55,7826.66622208423,7856.7015284393265,7910
/Users/a/Ayanami/code/TSP/data/classic/tsplib/rd100.tsp,hybrid,56,polyak,56,7838.7013278371423,7856.7015284393265,7910
/Users/a/Ayanami/code/TSP/data/classic/tsplib/rd100.tsp,hybrid,57,polyak,57,7850.9118268605926,7856.7015284393265,7910
/Users/a/Ayanami/code/TSP/data/classic/tsplib/rd100.tsp,hybrid,58,polyak,58,7839.4174601663972,7856.7015284393265,7910
/Users/a/Ayanami/code/TSP/data/classic/tsplib/rd100.tsp,hybrid,59,polyak,59,7844.6549219082954,7856.7015284393265,7910
/Users/a/Ayanami/code/TSP/data/classic/tsplib/rd100.tsp,hybrid,60,polyak,60,7836.2049309588356,7856.7015284393265,7910
/Users/a/Ayanami/code/TSP/data/classic/tsplib/rd100.tsp,hybrid,61,polyak,61,7848.4992624402412,7856.7015284393265,7910
/Users/a/Ayanami/code/TSP/data/classic/tsplib/rd100.tsp,hybrid,62,polyak,62,7837.091785023028,7856.7015284393265,7910
/Users/a/Ayanami/code/TSP/data/classic/tsplib/rd100.tsp,hybrid,63,polyak,63,7852.569842398515,7856.7015284393265,7910
/Users/a/Ayanami/code/TSP/data/classic/tsplib/rd100.tsp,hybrid,64,polyak,64,7850.7899834756345,7856.7015284393265,7910
/Users/a/Ayanami/code/TSP/data/classic/tsplib/rd100.tsp,hybrid,65,polyak,65,7854.9723449985768,7856.7015284393265,7910
/Users/a/Ayanami/code/TSP/data/classic/tsplib/rd100.tsp,hybrid,66,polyak,66,7871.5714312582268,7871.5714312582268,7910
/Users/a/Ayanami/code/TSP/data/classic/tsplib/rd100.tsp,hybrid,67,polyak,67,7860.2648566125781,7871.5714312582268,7910
/Users/a/Ayanami/code/TSP/data/classic/tsplib/rd100.tsp,hybrid,68,polyak,68,7870.0757866713811,7871.5714312582268,7910
/Users/a/Ayanami/code/TSP/data/classic/tsplib/rd100.tsp,hybrid,69,polyak,69,7864.5538625245799,7871.5714312582268,7910
/Users/a/Ayanami/code/TSP/data/classic/tsplib/rd100.tsp,hybrid,70,polyak,70,7865.6982368429744,7871.5714312582268,7910
/Users/a/Ayanami/code/TSP/data/classic/tsplib/rd100.tsp,hybrid,71,polyak,71,7864.2515132748795,7871.5714312582268,7910
/Users/a/Ayanami/code/TSP/data/classic/tsplib/rd100.tsp,hybrid,72,polyak,72,7873.9891256744995,7873.9891256744995,7910
/Users/a/Ayanami/code/TSP/data/classic/tsplib/rd100.tsp,hybrid,73,polyak,73,7868.3110770782114,7873.9891256744995,7910
/Users/a/Ayanami/code/TSP/data/classic/tsplib/rd100.tsp,hybrid,74,polyak,74,7871.0218152752877,7873.9891256744995,7910
/Users/a/Ayanami/code/TSP/data/classic/tsplib/rd100.tsp,hybrid,75,polyak,75,7869.5882479536749,7873.9891256744995,7910
/Users/a/Ayanami/code/TSP/data/classic/tsplib/rd100.tsp,hybrid,76,polyak,76,7876.082649807855,7876.082649807855,7910
/Users/a/Ayanami/code/TSP/data/classic/tsplib/rd100.tsp,hybrid,77,polyak,77,7863.7382262129477,7876.082649807855,7910
/Users/a/Ayanami/code/TSP/data/classic/tsplib/rd100.tsp,hybrid,78,polyak,78,7877.8847765482224,7877.8847765482224,7910
/Users/a/Ayanami/code/TSP/data/classic/tsplib/rd100.tsp,hybrid,79,polyak,79,7873.7869607475996,7877.8847765482224,7910
/Users/a/Ayanami/code/TSP/data/classic/tsplib/rd100.tsp,hybrid,80,polyak,80,7870.8364227782376,7877.8847765482224,7910
/Users/a/Ayanami/code/TSP/data/classic/tsplib/rd100.tsp,hybrid,81,polyak,81,7871.9069878359187,7877.8847765482224,7910
/Users/a/Ayanami/code/TSP/data/classic/tsplib/rd100.tsp,hybrid,82,polyak,82,7876.5813769723754,7877.8847765482224,7910
/Users/a/Ayanami/code/TSP/data/classic/tsplib/rd100.tsp,hybrid,83,polyak,83,7867.3135423979184,7877.8847765482224,7910
/Users/a/Ayanami/code/TSP/data/classic/tsplib/rd100.tsp,hybrid,84,polyak,84,7875.0025829378474,7877.8847765482224,7910
/Users/a/Ayanami/code/TSP/data/classic/tsplib/rd100.tsp,hybrid,85,polyak,85,7871.5517191991712,7877.8847765482224,7910
/Users/a/Ayanami/code/TSP/data/classic/tsplib/rd100.tsp,hybrid,86,polyak,86,7870.3145811636969,7877.8847765482224,7910
/Users/a/Ayanami/code/TSP/data/classic/tsplib/rd100.tsp,hybrid,87,polyak,87,7869.8563803995712,7877.8847765482224,7910
/Users/a/Ayanami/code/TSP/data/classic/tsplib/rd100.tsp,hybrid,88,polyak,88,7877.3734745716429,7877.8847765482224,7910
/Users/a/Ayanami/code/TSP/data/classic/tsplib/rd100.tsp,hybrid,89,polyak,89,7867.3067265577638,7877.8847765482224,7910
/Users/a/Ayanami/code/TSP/data/classic/tsplib/rd100.tsp,hybrid,90,polyak,90,7875.9045213071922,7877.8847765482224,7910
/Users/a/Ayanami/code/TSP/data/classic/tsplib/rd100.tsp,hybrid,91,polyak,91,7875.2461034670951,7877.8847765482224,7910
/Users/a/Ayanami/code/TSP/data/classic/tsplib/rd100.tsp,hybrid,92,polyak,92,7879.2278663131428,7879.2278663131428,7910
/Users/a/Ayanami/code/TSP/data/classic/tsplib/rd100.tsp,hybrid,93,polyak,93,7881.3758806805281,7881.3758806805281,7910
/Users/a/Ayanami/code/TSP/data/classic/tsplib/rd100.tsp,hybrid,94,polyak,94,7882.4812709753051,7882.4812709753051,7910
/Users/a/Ayanami/code/TSP/data/classic/tsplib/rd100.tsp,hybrid,95,polyak,95,7883.5703165493514,7883.5703165493514,7910
/Users/a/Ayanami/code/TSP/data/classic/tsplib/rd100.tsp,hybrid,96,polyak,96,7883.4349531889375,7883.5703165493514,7910
/Users/a/Ayanami/code/TSP/data/classic/tsplib/rd100.tsp,hybrid,97,polyak,97,7884.7142711075003,7884.7142711075003,7910
/Users/a/Ayanami/code/TSP/data/classic/tsplib/rd100.tsp,hybrid,98,polyak,98,7878.4817752949039,7884.7142711075003,7910
/Users/a/Ayanami/code/TSP/data/classic/tsplib/rd100.tsp,hybrid,99,polyak,99,7886.209191408755,7886.209191408755,7910
/Users/a/Ayanami/code/TSP/data/classic/tsplib/rd100.tsp,hybrid,100,polyak,100,7874.3619012860481,7886.209191408755,7910
/Users/a/Ayanami/code/TSP/data/classic/tsplib/rd100.tsp,hybrid,101,polyak,101,7885.5216793652162,7886.209191408755,7910
/Users/a/Ayanami/code/TSP/data/classic/tsplib/rd100.tsp,hybrid,102,polyak,102,7883.7508971377592,7886.209191408755,7910
/Users/a/Ayanami/code/TSP/data/classic/tsplib/rd100.tsp,hybrid,103,polyak,103,7888.2952057560406,7888.2952057560406,7910
/Users/a/Ayanami/code/TSP/data/classic/tsplib/rd100.tsp,hybrid,104,polyak,104,7869.5316378952921,7888.2952057560406,7910
/Users/a/Ayanami/code/TSP/data/classic/tsplib/rd100.tsp,hybrid,105,polyak,105,7877.2355357938513,7888.2952057560406,7910
/Users/a/Ayanami/code/TSP/data/classic/tsplib/rd100.tsp,hybrid,106,polyak,106,7883.6553479629674,7888.2952057560406,7910
/Users/a/Ayanami/code/TSP/data/classic/tsplib/rd100.tsp,hybrid,107,polyak,107,7885.3714224101286,7888.2952057560406,7910
/Users/a/Ayanami/code/TSP/data/classic/tsplib/rd100.tsp,hybrid,108,polyak,108,7883.2084314993517,7888.2952057560406,7910
/Users/a/Ayanami/code/TSP/data/classic/tsplib/rd100.tsp,hybrid,109,polyak,109,7887.0733445807164,7888.2952057560406,7910
/Users/a/Ayanami/code/TSP/data/classic/tsplib/rd100.tsp,hybrid,110,polyak,110,7885.306218441181,7888.2952057560406,7910
/Users/a/Ayanami/code/TSP/data/classic/tsplib/rd100.tsp,hybrid,111,polyak,111,7887.6668506591041,7888.2952057560406,7910
/Users/a/Ayanami/code/TSP/data/classic/tsplib/rd100.tsp,hybrid,112,polyak,112,7882.980090713676,7888.2952057560406,7910
/Users/a/Ayanami/code/TSP/data/classic/tsplib/rd100.tsp,hybrid,113,polyak,113,7887.9783245425506,7888.2952057560406,7910
/Users/a/Ayanami/code/TSP/data/classic/tsplib/rd100.tsp,hybrid,114,polyak,114,7881.7994585810584,7888.2952057560406,7910
/Users/a/Ayanami/code/TSP/data/classic/tsplib/rd100.tsp,hybrid,115,polyak,115,7888.5436078861439,7888.5436078861439,7910
/Users/a/Ayanami/code/TSP/data/classic/tsplib/rd100.tsp,hybrid,116,polyak,116,7880.5641780112064,7888.5436078861439,7910
/Users/a/Ayanami/code/TSP/data/classic/tsplib/rd100.tsp,hybrid,117,polyak,117,7885.5120793439846,7888.5436078861439,7910
/Users/a/Ayanami/code/TSP/data/classic/tsplib/rd100.tsp,hybrid,118,polyak,118,7884.1276116702265,7888.5436078861439,7910
/Users/a/Ayanami/code/TSP/data/classic/tsplib/rd100.tsp,hybrid,119,polyak,119,7891.4100682796397,7891.4100682796397,7910
/Users/a/Ayanami/code/TSP/data/classic/tsplib/rd100.tsp,hybrid,120,polyak,120,7874.933091407529,7891.4100682796397,7910
/Users/a/Ayanami/code/TSP/data/classic/tsplib/rd100.tsp,hybrid,121,polyak,121,7882.7089638531752,7891.4100682796397,7910
/Users/a/Ayanami/code/TSP/data/classic/tsplib/rd100.tsp,hybrid,122,polyak,122,7888.4422373810694,7891.4100682796397,7910
/Users/a/Ayanami/code/TSP/data/classic/tsplib/rd100.tsp,hybrid,123,polyak,123,7885.470614539392,7891.4100682796397,7910
/Users/a/Ayanami/code/TSP/data/classic/tsplib/rd100.tsp,hybrid,124,polyak,124,7888.7137184248222,7891.4100682796397,7910
/Users/a/Ayanami/code/TSP/data/classic/tsplib/rd100.tsp,hybrid,125,polyak,125,7879.800747473666,7891.4100682796397,7910
/Users/a/Ayanami/code/TSP/data/classic/tsplib/rd100.tsp,hybrid,126,polyak,126,7887.6252822665001,7891.4100682796397,7910
/Users/a/Ayanami/code/TSP/data/classic/tsplib/rd100.tsp,hybrid,127,polyak,127,7886.4200065533587,7891.4100682796397,7910
/Users/a/Ayanami/code/TSP/data/classic/tsplib/rd100.tsp,hybrid,128,polyak,128,7889.5002661029839,7891.4100682796397,7910
/Users/a/Ayanami/code/TSP/data/classic/tsplib/rd100.tsp,hybrid,129,polyak,129,7882.6224431724067,7891.4100682796397,7910
/Users/a/Ayanami/code/TSP/data/classic/tsplib/rd100.tsp,hybrid,130,polyak,130,7891.3704457875692,7891.4100682796397,7910
/Users/a/Ayanami/code/TSP/data/classic/tsplib/rd100.tsp,hybrid,131,polyak,131,7882.8550849784024,7891.4100682796397,7910
/Users/a/Ayanami/code/TSP/data/classic/tsplib/rd100.tsp,hybrid,132,polyak,132,7889.1035711179056,7891.4100682796397,7910
/Users/a/Ayanami/code/TSP/data/classic/tsplib/rd100.tsp,hybrid,133,polyak,133,7892.6001957637864,7892.6001957637864,7910
/Users/a/Ayanami/code/TSP/data/classic/tsplib/rd100.tsp,hybrid,134,polyak,134,7889.3569136958822,7892.6001957637864,7910
/Users/a/Ayanami/code/TSP/data/classic/tsplib/rd100.tsp,hybrid,135,polyak,135,7892.2041786757809,7892.6001957637864,7910
/Users/a/Ayanami/code/TSP/data/classic/tsplib/rd100.tsp,hybrid,136,polyak,136,7890.7632473022904,7892.6001957637864,7910
/Users/a/Ayanami/code/TSP/data/classic/tsplib/rd100.tsp,hybrid,137,polyak,137,7891.0568432776754,7892.6001957637864,7910
/Users/a/Ayanami/code/TSP/data/classic/tsplib/rd100.tsp,hybrid,138,polyak,138,7894.1064296856794,7894.1064296856794,7910
/Users/a/Ayanami/code/TSP/data/classic/tsplib/rd100.tsp,hybrid,139,polyak,139,7892.5061579978483,7894.1064296856794,7910
/Users/a/Ayanami/code/TSP/data/classic/tsplib/rd100.tsp,hybrid,140,polyak,140,7892.7674599296797,7894.1064296856794,7910
/Users/a/Ayanami/code/TSP/data/classic/tsplib/rd100.tsp,hybrid,141,polyak,141,7891.9680324742822,7894.1064296856794,7910
/Users/a/Ayanami/code/TSP/data/classic/tsplib/rd100.tsp,hybrid,142,polyak,142,7892.6963710298551,7894.1064296856794,7910
/Users/a/Ayanami/code/TSP/data/classic/tsplib/rd100.tsp,hybrid,143,polyak,143,7892.7815084506883,7894.1064296856794,7910
/Users/a/Ayanami/code/TSP/data/classic/tsplib/rd100.tsp,hybrid,144,polyak,144,7892.5441608727906,7894.1064296856794,7910
/Users/a/Ayanami/code/TSP/data/classic/tsplib/rd100.tsp,hybrid,145,polyak,145,7891.1780210148927,7894.1064296856794,7910
/Users/a/Ayanami/code/TSP/data/classic/tsplib/rd100.tsp,hybrid,146,polyak,146,7892.9947508231135,7894.1064296856794,7910
/Users/a/Ayanami/code/TSP/data/classic/tsplib/rd100.tsp,hybrid,147,polyak,147,7892.7098154556543,7894.1064296856794,7910
/Users/a/Ayanami/code/TSP/data/classic/tsplib/rd100.tsp,hybrid,148,polyak,148,7893.6089660180423,7894.1064296856794,7910
/Users/a/Ayanami/code/TSP/data/classic/tsplib/rd100.tsp,hybrid,149,polyak,149,7891.4689071682487,7894.1064296856794,7910
/Users/a/Ayanami/code/TSP/data/classic/tsplib/rd100.tsp,hybrid,150,polyak,150,7894.4429837031767,7894.4429837031767,7910
/Users/a/Ayanami/code/TSP/data/classic/tsplib/rd100.tsp,hybrid,151,polyak,151,7890.0180137631987,7894.4429837031767,7910
/Users/a/Ayanami/code/TSP/data/classic/tsplib/rd100.tsp,hybrid,152,polyak,152,7895.0994546024194,7895.0994546024194,7910
/Users/a/Ayanami/code/TSP/data/classic/tsplib/rd100.tsp,hybrid,153,polyak,153,7889.6031911687451,7895.0994546024194,7910
/Users/a/Ayanami/code/TSP/data/classic/tsplib/rd100.tsp,hybrid,154,polyak,154,7894.7198554275983,7895.0994546024194,7910
/Users/a/Ayanami/code/TSP/data/classic/tsplib/rd100.tsp,hybrid,155,polyak,155,7893.3219719060107,7895.0994546024194,7910
/Users/a/Ayanami/code/TSP/data/classic/tsplib/rd100.tsp,hybrid,156,polyak,156,7894.3455724232035,7895.0994546024194,7910
/Users/a/Ayanami/code/TSP/data/classic/tsplib/rd100.tsp,hybrid,157,polyak,157,7893.7991527869644,7895.0994546024194,7910
/Users/a/Ayanami/code/TSP/data/classic/tsplib/rd100.tsp,hybrid,158,polyak,158,7895.1140116516735,7895.1140116516735,7910
/Users/a/Ayanami/code/TSP/data/classic/tsplib/rd100.tsp,hybrid,159,polyak,159,7891.7484943630297,7895.1140116516735,7910
/Users/a/Ayanami/code/TSP/data/classic/tsplib/rd100.tsp,hybrid,160,polyak,160,7893.9922883474392,7895.1140116516735,7910
/Users/a/Ayanami/code/TSP/data/classic/tsplib/rd100.tsp,hybrid,161,polyak,161,7893.8868267548132,7895.1140116516735,7910
/Users/a/Ayanami/code/TSP/data/classic/tsplib/rd100.tsp,hybrid,162,polyak,162,7894.2508287665805,7895.1140116516735,7910
/Users/a/Ayanami/code/TSP/data/classic/tsplib/rd100.tsp,hybrid,163,polyak,163,7893.6956551956382,7895.1140116516735,7910
/Users/a/Ayanami/code/TSP/data/classic/tsplib/rd100.tsp,hybrid,164,polyak,164,7890.7083634605597,7895.1140116516735,7910
/Users/a/Ayanami/code/TSP/data/classic/tsplib/rd100.tsp,hybrid,165,polyak,165,7895.1175240747962,7895.1175240747962,7910
/Users/a/Ayanami/code/TSP/data/classic/tsplib/rd100.tsp,hybrid,166,polyak,166,7892.3097910919878,7895.1175240747962,7910
/Users/a/Ayanami/code/TSP/data/classic/tsplib/rd100.tsp,hybrid,167,polyak,167,7895.1304845457944,7895.1304845457944,7910
/Users/a/Ayanami/code/TSP/data/classic/tsplib/rd100.tsp,hybrid,168,polyak,168,7891.7111857882055,7895.1304845457944,7910
/Users/a/Ayanami/code/TSP/data/classic/tsplib/rd100.tsp,hybrid,169,polyak,169,7894.5151491580918,7895.1304845457944,7910
/Users/a/Ayanami/code/TSP/data/classic/tsplib/rd100.tsp,hybrid,170,polyak,170,7890.1234603913063,7895.1304845457944,7910
/Users/a/Ayanami/code/TSP/data/classic/tsplib/rd100.tsp,hybrid,171,polyak,171,7894.4821917699928,7895.1304845457944,7910
/Users/a/Ayanami/code/TSP/data/classic/tsplib/rd100.tsp,hybrid,172,polyak,172,7891.0694364664696,7895.1304845457944,7910
/Users/a/Ayanami/code/TSP/data/classic/tsplib/rd100.tsp,hybrid,173,polyak,173,7894.4832093319355,7895.1304845457944,7910
/Users/a/Ayanami/code/TSP/data/classic/tsplib/rd100.tsp,hybrid,174,polyak,174,7893.8305668666881,7895.1304845457944,7910
/Users/a/Ayanami/code/TSP/data/classic/tsplib/rd100.tsp,hybrid,175,polyak,175,7893.2487027936259,7895.1304845457944,7910
/Users/a/Ayanami/code/TSP/data/classic/tsplib/rd100.tsp,hybrid,176,polyak,176,7894.180466908032,7895.1304845457944,7910
/Users/a/Ayanami/code/TSP/data/classic/tsplib/rd100.tsp,hybrid,177,polyak,177,7894.4702952933822,7895.1304845457944,7910
/Users/a/Ayanami/code/TSP/data/classic/tsplib/rd100.tsp,hybrid,178,polyak,178,7895.0168101505469,7895.1304845457944,7910
/Users/a/Ayanami/code/TSP/data/classic/tsplib/rd100.tsp,hybrid,179,polyak,179,7891.3741905972174,7895.1304845457944,7910
/Users/a/Ayanami/code/TSP/data/classic/tsplib/rd100.tsp,hybrid,180,polyak,180,7894.7615375457635,7895.1304845457944,7910
/Users/a/Ayanami/code/TSP/data/classic/tsplib/rd100.tsp,hybrid,181,polyak,181,7895.684531832927,7895.684531832927,7910
/Users/a/Ayanami/code/TSP/data/classic/tsplib/rd100.tsp,hybrid,182,polyak,182,7894.2592220185779,7895.684531832927,7910
/Users/a/Ayanami/code/TSP/data/classic/tsplib/rd100.tsp,hybrid,183,polyak,183,7896.9505901674193,7896.9505901674193,7910
/Users/a/Ayanami/code/TSP/data/classic/tsplib/rd100.tsp,hybrid,184,polyak,184,7892.3053189960256,7896.9505901674193,7910
/Users/a/Ayanami/code/TSP/data/classic/tsplib/rd100.tsp,hybrid,185,polyak,185,7895.0267184202667,7896.9505901674193,7910
/Users/a/Ayanami/code/TSP/data/classic/tsplib/rd100.tsp,hybrid,186,polyak,186,7896.9743387030594,7896.9743387030594,7910
/Users/a/Ayanami/code/TSP/data/classic/tsplib/rd100.tsp,hybrid,187,polyak,187,7895.6240107790354,7896.9743387030594,7910
/Users/a/Ayanami/code/TSP/data/classic/tsplib/rd100.tsp,hybrid,188,polyak,188,7896.7621034304366,7896.9743387030594,7910
/Users/a/Ayanami/code/TSP/data/classic/tsplib/rd100.tsp,hybrid,189,polyak,189,7896.2687487218627,7896.9743387030594,7910
/Users/a/Ayanami/code/TSP/data/classic/tsplib/rd100.tsp,hybrid,190,polyak,190,7896.9058181609607,7896.9743387030594,7910
/Users/a/Ayanami/code/TSP/data/classic/tsplib/rd100.tsp,hybrid,191,polyak,191,7896.2761494817496,7896.9743387030594,7910
/Users/a/Ayanami/code/TSP/data/classic/tsplib/rd100.tsp,hybrid,192,polyak,192,7897.2441662276178,7897.2441662276178,7910
/Users/a/Ayanami/code/TSP/data/classic/tsplib/rd100.tsp,hybrid,193,polyak,193,7895.2200730711411,7897.2441662276178,7910
/Users/a/Ayanami/code/TSP/data/classic/tsplib/rd100.tsp,hybrid,194,polyak,194,7897.4348825323004,7897.4348825323004,7910
/Users/a/Ayanami/code/TSP/data/classic/tsplib/rd100.tsp,hybrid,195,polyak,195,7894.5078543963564,7897.4348825323004,7910
/Users/a/Ayanami/code/TSP/data/classic/tsplib/rd100.tsp,hybrid,196,polyak,196,7896.7623483123143,7897.4348825323004,7910
/Users/a/Ayanami/code/TSP/data/classic/tsplib/rd100.tsp,hybrid,197,polyak,197,7895.4896946714671,7897.4348825323004,7910
/Users/a/Ayanami/code/TSP/data/classic/tsplib/rd100.tsp,hybrid,198,polyak,198,7896.9894824997918,7897.4348825323004,7910
/Users/a/Ayanami/code/TSP/data/classic/tsplib/rd100.tsp,hybrid,199,polyak,199,7896.7096708763893,7897.4348825323004,7910
/Users/a/Ayanami/code/TSP/data/classic/tsplib/rd100.tsp,hybrid,200,polyak,200,7897.2339769501968,7897.4348825323004,7910
/Users/a/Ayanami/code/TSP/data/classic/tsplib/rd100.tsp,hybrid,201,polyak,201,7895.2834823947915,7897.4348825323004,7910
/Users/a/Ayanami/code/TSP/data/classic/tsplib/rd100.tsp,hybrid,202,polyak,202,7896.8482380191181,7897.4348825323004,7910
/Users/a/Ayanami/code/TSP/data/classic/tsplib/rd100.tsp,hybrid,203,polyak,203,7896.4668730110443,7897.4348825323004,7910
/Users/a/Ayanami/code/TSP/data/classic/tsplib/rd100.tsp,hybrid,204,polyak,204,7895.9260312962469,7897.4348825323004,7910
/Users/a/Ayanami/code/TSP/data/classic/tsplib/rd100.tsp,hybrid,205,polyak,205,7896.5240443618677,7897.4348825323004,7910
/Users/a/Ayanami/code/TSP/data/classic/tsplib/rd100.tsp,hybrid,206,polyak,206,7896.8068085432024,7897.4348825323004,7910
/Users/a/Ayanami/code/TSP/data/classic/tsplib/rd100.tsp,hybrid,207,polyak,207,7897.0784676612184,7897.4348825323004,7910
/Users/a/Ayanami/code/TSP/data/classic/tsplib/rd100.tsp,hybrid,208,polyak,208,7897.5317261903201,7897.5317261903201,7910
/Users/a/Ayanami/code/TSP/data/classic/tsplib/rd100.tsp,hybrid,209,polyak,209,7897.1346639628155,7897.5317261903201,7910
/Users/a/Ayanami/code/TSP/data/classic/tsplib/rd100.tsp,hybrid,210,polyak,210,7897.4565415762281,7897.5317261903201,7910
/Users/a/Ayanami/code/TSP/data/classic/tsplib/rd100.tsp,hybrid,211,polyak,211,7897.6221852268363,7897.6221852268363,7910
/Users/a/Ayanami/code/TSP/data/classic/tsplib/rd100.tsp,hybrid,212,polyak,212,7897.4148107209758,7897.6221852268363,7910
/Users/a/Ayanami/code/TSP/data/classic/tsplib/rd100.tsp,hybrid,213,polyak,213,7897.626709974531,7897.626709974531,7910
/Users/a/Ayanami/code/TSP/data/classic/tsplib/rd100.tsp,hybrid,214,polyak,214,7897.7129846276848,7897.7129846276848,7910
/Users/a/Ayanami/code/TSP/data/classic/tsplib/rd100.tsp,hybrid,215,polyak,215,7897.2509088333227,7897.7129846276848,7910
/Users/a/Ayanami/code/TSP/data/classic/tsplib/rd100.tsp,hybrid,216,polyak,216,7897.8848441628024,7897.8848441628024,7910
/Users/a/Ayanami/code/TSP/data/classic/tsplib/rd100.tsp,hybrid,217,polyak,217,7897.2419681378897,7897.8848441628024,7910
/Users/a/Ayanami/code/TSP/data/classic/tsplib/rd100.tsp,hybrid,218,polyak,218,7897.4029996035015,7897.8848441628024,7910
/Users/a/Ayanami/code/TSP/data/classic/tsplib/rd100.tsp,hybrid,219,polyak,219,7898.2044780835022,7898.2044780835022,7910
/Users/a/Ayanami/code/TSP/data/classic/tsplib/rd100.tsp,hybrid,220,polyak,220,7897.806516976425,7898.2044780835022,7910
/Users/a/Ayanami/code/TSP/data/classic/tsplib/rd100.tsp,hybrid,221,polyak,221,7897.2479482407598,7898.2044780835022,7910
/Users/a/Ayanami/code/TSP/data/classic/tsplib/rd100.tsp,hybrid,222,polyak,222,7898.2038220060113,7898.2044780835022,7910
/Users/a/Ayanami/code/TSP/data/classic/tsplib/rd100.tsp,hybrid,223,polyak,223,7897.7599608621213,7898.2044780835022,7910
/Users/a/Ayanami/code/TSP/data/classic/tsplib/rd100.tsp,hybrid,224,polyak,224,7898.047727336957,7898.2044780835022,7910
/Users/a/Ayanami/code/TSP/data/classic/tsplib/rd100.tsp,hybrid,225,polyak,225,7897.4630170065457,7898.2044780835022,7910
/Users/a/Ayanami/code/TSP/data/classic/tsplib/rd100.tsp,hybrid,226,polyak,226,7898.2967293607899,7898.2967293607899,7910
/Users/a/Ayanami/code/TSP/data/classic/tsplib/rd100.tsp,hybrid,227,polyak,227,7897.7176516731834,7898.2967293607899,7910
/Users/a/Ayanami/code/TSP/data/classic/tsplib/rd100.tsp,hybrid,228,polyak,228,7898.3332444087746,7898.3332444087746,7910
/Users/a/Ayanami/code/TSP/data/classic/tsplib/rd100.tsp,hybrid,229,polyak,229,7897.8977978973835,7898.3332444087746,7910
/Users/a/Ayanami/code/TSP/data/classic/tsplib/rd100.tsp,hybrid,230,polyak,230,7897.6077308076365,7898.3332444087746,7910
/Users/a/Ayanami/code/TSP/data/classic/tsplib/rd100.tsp,hybrid,231,polyak,231,7897.8979470058348,7898.3332444087746,7910
/Users/a/Ayanami/code/TSP/data/classic/tsplib/rd100.tsp,hybrid,232,polyak,232,7897.3057746703198,7898.3332444087746,7910
/Users/a/Ayanami/code/TSP/data/classic/tsplib/rd100.tsp,hybrid,233,polyak,233,7898.0713511326776,7898.3332444087746,7910
/Users/a/Ayanami/code/TSP/data/classic/tsplib/rd100.tsp,hybrid,234,polyak,234,7898.0582710387671,7898.3332444087746,7910
/Users/a/Ayanami/code/TSP/data/classic/tsplib/rd100.tsp,hybrid,235,polyak,235,7897.8066017205983,7898.3332444087746,7910
/Users/a/Ayanami/code/TSP/data/classic/tsplib/rd100.tsp,hybrid,236,polyak,236,7898.0765401331237,7898.3332444087746,7910
/Users/a/Ayanami/code/TSP/data/classic/tsplib/rd100.tsp,hybrid,237,polyak,237,7897.8261952954535,7898.3332444087746,7910
/Users/a/Ayanami/code/TSP/data/classic/tsplib/rd100.tsp,hybrid,238,polyak,238,7898.4138802799462,7898.4138802799462,7910
/Users/a/Ayanami/code/TSP/data/classic/tsplib/rd100.tsp,hybrid,239,polyak,239,7897.1159347618141,7898.4138802799462,7910
/Users/a/Ayanami/code/TSP/data/classic/tsplib/rd100.tsp,hybrid,240,polyak,240,7898.1024229260747,7898.4138802799462,7910
/Users/a/Ayanami/code/TSP/data/classic/tsplib/rd100.tsp,hybrid,241,polyak,241,7897.232142232815,7898.4138802799462,7910
/Users/a/Ayanami/code/TSP/data/classic/tsplib/rd100.tsp,hybrid,242,polyak,242,7897.4331967451672,7898.4138802799462,7910
/Users/a/Ayanami/code/TSP/data/classic/tsplib/rd100.tsp,hybrid,243,polyak,243,7898.3543407286188,7898.4138802799462,7910
/Users/a/Ayanami/code/TSP/data/classic/tsplib/rd100.tsp,hybrid,244,polyak,244,7897.6356334023267,7898.4138802799462,7910
/Users/a/Ayanami/code/TSP/data/classic/tsplib/rd100.tsp,hybrid,245,polyak,245,7897.8813087047374,7898.4138802799462,7910
/Users/a/Ayanami/code/TSP/data/classic/tsplib/rd100.tsp,hybrid,246,polyak,246,7898.3279353073831,7898.4138802799462,7910
/Users/a/Ayanami/code/TSP/data/classic/tsplib/rd100.tsp,hybrid,247,polyak,247,7896.8865247909107,7898.4138802799462,7910
/Users/a/Ayanami/code/TSP/data/classic/tsplib/rd100.tsp,hybrid,248,polyak,248,7897.8442031277218,7898.4138802799462,7910
/Users/a/Ayanami/code/TSP/data/classic/tsplib/rd100.tsp,hybrid,249,polyak,249,7897.5645368253536,7898.4138802799462,7910
/Users/a/Ayanami/code/TSP/data/classic/tsplib/rd100.tsp,hybrid,250,polyak,250,7898.5003680899681,7898.5003680899681,7910
/Users/a/Ayanami/code/TSP/data/classic/tsplib/rd100.tsp,hybrid,251,polyak,251,7897.0010149094805,7898.5003680899681,7910
/Users/a/Ayanami/code/TSP/data/classic/tsplib/rd100.tsp,hybrid,252,polyak,252,7898.4604625176398,7898.5003680899681,7910
/Users/a/Ayanami/code/TSP/data/classic/tsplib/rd100.tsp,hybrid,253,polyak,253,7897.6897730011833,7898.5003680899681,7910
/Users/a/Ayanami/code/TSP/data/classic/tsplib/rd100.tsp,hybrid,254,polyak,254,7897.6431542004084,7898.5003680899681,7910
/Users/a/Ayanami/code/TSP/data/classic/tsplib/rd100.tsp,hybrid,255,polyak,255,7897.9975749015111,7898.5003680899681,7910
/Users/a/Ayanami/code/TSP/data/classic/tsplib/rd100.tsp,hybrid,256,polyak,256,7897.7963183680304,7898.5003680899681,7910
/Users/a/Ayanami/code/TSP/data/classic/tsplib/rd100.tsp,hybrid,257,polyak,257,7898.0747048366156,7898.5003680899681,7910
/Users/a/Ayanami/code/TSP/data/classic/tsplib/rd100.tsp,hybrid,258,polyak,258,7897.625622945473,7898.5003680899681,7910
/Users/a/Ayanami/code/TSP/data/classic/tsplib/rd100.tsp,hybrid,259,polyak,259,7898.4063786310016,7898.5003680899681,7910
/Users/a/Ayanami/code/TSP/data/classic/tsplib/rd100.tsp,hybrid,260,polyak,260,7897.7897293293372,7898.5003680899681,7910
/Users/a/Ayanami/code/TSP/data/classic/tsplib/rd100.tsp,hybrid,261,polyak,261,7898.3576178706126,7898.5003680899681,7910
/Users/a/Ayanami/code/TSP/data/classic/tsplib/rd100.tsp,hybrid,262,polyak,262,7897.6611072334226,7898.5003680899681,7910
/Users/a/Ayanami/code/TSP/data/classic/tsplib/rd100.tsp,hybrid,263,polyak,263,7898.2263178857665,7898.5003680899681,7910
/Users/a/Ayanami/code/TSP/data/classic/tsplib/rd100.tsp,hybrid,264,polyak,264,7898.3242081121043,7898.5003680899681,7910
/Users/a/Ayanami/code/TSP/data/classic/tsplib/rd100.tsp,hybrid,265,polyak,265,7898.4775703458199,7898.5003680899681,7910
/Users/a/Ayanami/code/TSP/data/classic/tsplib/rd100.tsp,hybrid,266,polyak,266,7898.5810739813123,7898.5810739813123,7910
/Users/a/Ayanami/code/TSP/data/classic/tsplib/rd100.tsp,hybrid,267,polyak,267,7898.5811919170383,7898.5811919170383,7910
/Users/a/Ayanami/code/TSP/data/classic/tsplib/rd100.tsp,hybrid,268,polyak,268,7898.7119098731064,7898.7119098731064,7910
/Users/a/Ayanami/code/TSP/data/classic/tsplib/rd100.tsp,hybrid,269,polyak,269,7898.2511516624199,7898.7119098731064,7910
/Users/a/Ayanami/code/TSP/data/classic/tsplib/rd100.tsp,hybrid,270,polyak,270,7898.7520690119945,7898.7520690119945,7910
/Users/a/Ayanami/code/TSP/data/classic/tsplib/rd100.tsp,hybrid,271,polyak,271,7898.1739405266662,7898.7520690119945,7910
/Users/a/Ayanami/code/TSP/data/classic/tsplib/rd100.tsp,hybrid,272,polyak,272,7898.7288993217817,7898.7520690119945,7910
/Users/a/Ayanami/code/TSP/data/classic/tsplib/rd100.tsp,hybrid,273,polyak,273,7898.6134024469593,7898.7520690119945,7910
/Users/a/Ayanami/code/TSP/data/classic/tsplib/rd100.tsp,hybrid,274,polyak,274,7898.7175670428151,7898.7520690119945,7910
/Users/a/Ayanami/code/TSP/data/classic/tsplib/rd100.tsp,hybrid,275,polyak,275,7898.5737467413974,7898.7520690119945,7910
/Users/a/Ayanami/code/TSP/data/classic/tsplib/rd100.tsp,hybrid,276,polyak,276,7898.6908852593942,7898.7520690119945,7910
/Users/a/Ayanami/code/TSP/data/classic/tsplib/rd100.tsp,hybrid,277,polyak,277,7898.5269660807453,7898.7520690119945,7910
/Users/a/Ayanami/code/TSP/data/classic/tsplib/rd100.tsp,hybrid,278,polyak,278,7898.5888615205722,7898.7520690119945,7910
/Users/a/Ayanami/code/TSP/data/classic/tsplib/rd100.tsp,hybrid,279,polyak,279,7898.4864099815286,7898.7520690119945,7910
/Users/a/Ayanami/code/TSP/data/classic/tsplib/rd100.tsp,hybrid,280,polyak,280,7898.5880611179227,7898.7520690119945,7910
/Users/a/Ayanami/code/TSP/data/classic/tsplib/rd100.tsp,hybrid,281,polyak,281,7898.4966858615298,7898.7520690119945,7910
/Users/a/Ayanami/code/TSP/data/classic/tsplib/rd100.tsp,hybrid,282,polyak,282,7898.6789661368903,7898.7520690119945,7910
/Users/a/Ayanami/code/TSP/data/classic/tsplib/rd100.tsp,hybrid,283,polyak,283,7898.5945123500323,7898.7520690119945,7910
/Users/a/Ayanami/code/TSP/data/classic/tsplib/rd100.tsp,hybrid,284,polyak,284,7899.0037923311284,7899.0037923311284,7910
/Users/a/Ayanami/code/TSP/data/classic/tsplib/rd100.tsp,hybrid,285,polyak,285,7898.8522737347475,7899.0037923311284,7910
/Users/a/Ayanami/code/TSP/data/classic/tsplib/rd100.tsp,hybrid,286,polyak,286,7898.9743840601604,7899.0037923311284,7910
/Users/a/Ayanami/code/TSP/data/classic/tsplib/rd100.tsp,hybrid,287,polyak,287,7898.9852278128765,7899.0037923311284,7910
/Users/a/Ayanami/code/TSP/data/classic/tsplib/rd100.tsp,hybrid,288,polyak,288,7898.8266290546308,7899.0037923311284,7910
/Users/a/Ayanami/code/TSP/data/classic/tsplib/rd100.tsp,hybrid,289,polyak,289,7898.9747126259945,7899.0037923311284,7910
/Users/a/Ayanami/code/TSP/data/classic/tsplib/rd100.tsp,hybrid,290,polyak,290,7898.9928413659609,7899.0037923311284,7910
/Users/a/Ayanami/code/TSP/data/classic/tsplib/rd100.tsp,hybrid,291,polyak,291,7898.8957843237131,7899.0037923311284,7910
/Users/a/Ayanami/code/TSP/data/classic/tsplib/rd100.tsp,hybrid,292,polyak,292,7899.0297147194005,7899.0297147194005,7910
/Users/a/Ayanami/code/TSP/data/classic/tsplib/rd100.tsp,hybrid,293,polyak,293,7898.8761806121756,7899.0297147194005,7910
/Users/a/Ayanami/code/TSP/data/classic/tsplib/rd100.tsp,hybrid,294,polyak,294,7899.0332792017234,7899.0332792017234,7910
/Users/a/Ayanami/code/TSP/data/classic/tsplib/rd100.tsp,hybrid,295,polyak,295,7898.9087750142844,7899.0332792017234,7910
/Users/a/Ayanami/code/TSP/data/classic/tsplib/rd100.tsp,hybrid,296,polyak,296,7898.969678907607,7899.0332792017234,7910
/Users/a/Ayanami/code/TSP/data/classic/tsplib/rd100.tsp,hybrid,297,polyak,297,7898.9839638307594,7899.0332792017234,7910
/Users/a/Ayanami/code/TSP/data/classic/tsplib/rd100.tsp,hybrid,298,polyak,298,7899.0275055296588,7899.0332792017234,7910
/Users/a/Ayanami/code/TSP/data/classic/tsplib/rd100.tsp,hybrid,299,polyak,299,7898.874000837649,7899.0332792017234,7910
/Users/a/Ayanami/code/TSP/data/classic/tsplib/rd100.tsp,hybrid,300,polyak,300,7899.0502861164268,7899.0502861164268,7910
/Users/a/Ayanami/code/TSP/data/classic/tsplib/rd100.tsp,hybrid,301,polyak,301,7898.8354437655062,7899.0502861164268,7910
/Users/a/Ayanami/code/TSP/data/classic/tsplib/rd100.tsp,hybrid,302,polyak,302,7899.0605833828522,7899.0605833828522,7910
/Users/a/Ayanami/code/TSP/data/classic/tsplib/rd100.tsp,hybrid,303,polyak,303,7898.8642593607192,7899.0605833828522,7910
/Users/a/Ayanami/code/TSP/data/classic/tsplib/rd100.tsp,hybrid,304,polyak,304,7899.0663377550172,7899.0663377550172,7910
/Users/a/Ayanami/code/TSP/data/classic/tsplib/rd100.tsp,hybrid,305,polyak,305,7898.8860479038613,7899.0663377550172,7910
/Users/a/Ayanami/code/TSP/data/classic/tsplib/rd100.tsp,hybrid,306,polyak,306,7899.0827556335462,7899.0827556335462,7910
/Users/a/Ayanami/code/TSP/data/classic/tsplib/rd100.tsp,hybrid,307,polyak,307,7898.8163229630154,7899.0827556335462,7910
/Users/a/Ayanami/code/TSP/data/classic/tsplib/rd100.tsp,hybrid,308,polyak,308,7899.0762802354966,7899.0827556335462,7910
/Users/a/Ayanami/code/TSP/data/classic/tsplib/rd100.tsp,hybrid,309,polyak,309,7898.8185691344343,7899.0827556335462,7910
/Users/a/Ayanami/code/TSP/data/classic/tsplib/rd100.tsp,hybrid,310,polyak,310,7899.1492005547634,7899.1492005547634,7910
/Users/a/Ayanami/code/TSP/data/classic/tsplib/rd100.tsp,hybrid,311,polyak,311,7898.7783310538134,7899.1492005547634,7910
/Users/a/Ayanami/code/TSP/data/classic/tsplib/rd100.tsp,hybrid,312,polyak,312,7899.0938317464215,7899.1492005547634,7910
/Users/a/Ayanami/code/TSP/data/classic/tsplib/rd100.tsp,hybrid,313,polyak,313,7898.8190337615306,7899.1492005547634,7910
/Users/a/Ayanami/code/TSP/data/classic/tsplib/rd100.tsp,hybrid,314,polyak,314,7899.0576839393252,7899.1492005547634,7910
/Users/a/Ayanami/code/TSP/data/classic/tsplib/rd100.tsp,hybrid,315,polyak,315,7898.9595844668102,7899.1492005547634,7910
/Users/a/Ayanami/code/TSP/data/classic/tsplib/rd100.tsp,hybrid,316,polyak,316,7899.0699745543634,7899.1492005547634,7910
/Users/a/Ayanami/code/TSP/data/classic/tsplib/rd100.tsp,hybrid,317,polyak,317,7898.8785117563848,7899.1492005547634,7910
/Users/a/Ayanami/code/TSP/data/classic/tsplib/rd100.tsp,hybrid,318,polyak,318,7899.0380490655243,7899.1492005547634,7910
/Users/a/Ayanami/code/TSP/data/classic/tsplib/rd100.tsp,hybrid,319,polyak,319,7898.942129965877,7899.1492005547634,7910
/Users/a/Ayanami/code/TSP/data/classic/tsplib/rd100.tsp,hybrid,320,polyak,320,7899.0232486577497,7899.1492005547634,7910
/Users/a/Ayanami/code/TSP/data/classic/tsplib/rd100.tsp,hybrid,321,polyak,321,7898.9435068479561,7899.1492005547634,7910
/Users/a/Ayanami/code/TSP/data/classic/tsplib/rd100.tsp,hybrid,322,polyak,322,7899.0377079509835,7899.1492005547634,7910
/Users/a/Ayanami/code/TSP/data/classic/tsplib/rd100.tsp,hybrid,323,polyak,323,7898.9427581586997,7899.1492005547634,7910
/Users/a/Ayanami/code/TSP/data/classic/tsplib/rd100.tsp,hybrid,324,polyak,324,7899.1051578717552,7899.1492005547634,7910
/Users/a/Ayanami/code/TSP/data/classic/tsplib/rd100.tsp,hybrid,325,polyak,325,7899.1753773117371,7899.1753773117371,7910
/Users/a/Ayanami/code/TSP/data/classic/tsplib/rd100.tsp,hybrid,326,polyak,326,7899.1318301251431,7899.1753773117371,7910
/Users/a/Ayanami/code/TSP/data/classic/tsplib/rd100.tsp,hybrid,327,polyak,327,7899.1099622768097,7899.1753773117371,7910
/Users/a/Ayanami/code/TSP/data/classic/tsplib/rd100.tsp,hybrid,328,polyak,328,7899.183642750836,7899.183642750836,7910
/Users/a/Ayanami/code/TSP/data/classic/tsplib/rd100.tsp,hybrid,329,polyak,329,7899.1493290502685,7899.183642750836,7910
/Users/a/Ayanami/code/TSP/data/classic/tsplib/rd100.tsp,hybrid,330,polyak,330,7899.1243443258572,7899.183642750836,7910
/Users/a/Ayanami/code/TSP/data/classic/tsplib/rd100.tsp,hybrid,331,polyak,331,7899.1814013249914,7899.183642750836,7910
/Users/a/Ayanami/code/TSP/data/classic/tsplib/rd100.tsp,hybrid,332,polyak,332,7899.1434050483676,7899.183642750836,7910
/Users/a/Ayanami/code/TSP/data/classic/tsplib/rd100.tsp,hybrid,333,polyak,333,7899.2092637529349,7899.2092637529349,7910
/Users/a/Ayanami/code/TSP/data/classic/tsplib/rd100.tsp,hybrid,334,polyak,334,7899.1469217130561,7899.2092637529349,7910
/Users/a/Ayanami/code/TSP/data/classic/tsplib/rd100.tsp,hybrid,335,polyak,335,7899.1032016432455,7899.2092637529349,7910
/Users/a/Ayanami/code/TSP/data/classic/tsplib/rd100.tsp,hybrid,336,polyak,336,7899.2165891809591,7899.2165891809591,7910
/Users/a/Ayanami/code/TSP/data/classic/tsplib/rd100.tsp,hybrid,337,polyak,337,7899.0524393556643,7899.2165891809591,7910
/Users/a/Ayanami/code/TSP/data/classic/tsplib/rd100.tsp,hybrid,338,polyak,338,7899.2196871607284,7899.2196871607284,7910
/Users/a/Ayanami/code/TSP/data/classic/tsplib/rd100.tsp,hybrid,339,polyak,339,7899.0760866459368,7899.2196871607284,7910
/Users/a/Ayanami/code/TSP/data/classic/tsplib/rd100.tsp,hybrid,340,polyak,340,7899.1643225860016,7899.2196871607284,7910
/Users/a/Ayanami/code/TSP/data/classic/tsplib/rd100.tsp,hybrid,341,polyak,341,7899.0860761417944,7899.2196871607284,7910
/Users/a/Ayanami/code/TSP/data/classic/tsplib/rd100.tsp,hybrid,342,polyak,342,7899.226470377831,7899.226470377831,7910
/Users/a/Ayanami/code/TSP/data/classic/tsplib/rd100.tsp,hybrid,343,polyak,343,7899.0086430197862,7899.226470377831,7910
/Users/a/Ayanami/code/TSP/data/classic/tsplib/rd100.tsp,hybrid,344,polyak,344,7899.1981968386299,7899.226470377831,7910
/Users/a/Ayanami/code/TSP/data/classic/tsplib/rd100.tsp,hybrid,345,polyak,345,7899.0858791521978,7899.226470377831,7910
/Users/a/Ayanami/code/TSP/data/classic/tsplib/rd100.tsp,hybrid,346,polyak,346,7899.1515158791881,7899.226470377831,7910
/Users/a/Ayanami/code/TSP/data/classic/tsplib/rd100.tsp,hybrid,347,polyak,347,7899.1788026605327,7899.226470377831,7910
/Users/a/Ayanami/code/TSP/data/classic/tsplib/rd100.tsp,hybrid,348,polyak,348,7899.1879024958444,7899.226470377831,7910
/Users/a/Ayanami/code/TSP/data/classic/tsplib/rd100.tsp,hybrid,349,polyak,349,7899.1635361709741,7899.226470377831,7910
/Users/a/Ayanami/code/TSP/data/classic/tsplib/rd100.tsp,hybrid,350,polyak,350,7899.216857907546,7899.226470377831,7910
/Users/a/Ayanami/code/TSP/data/classic/tsplib/rd100.tsp,hybrid,351,polyak,351,7899.0969084630542,7899.226470377831,7910
/Users/a/Ayanami/code/TSP/data/classic/tsplib/rd100.tsp,hybrid,352,polyak,352,7899.1320536913881,7899.226470377831,7910
/Users/a/Ayanami/code/TSP/data/classic/tsplib/rd100.tsp,hybrid,353,polyak,353,7899.1883091672426,7899.226470377831,7910
/Users/a/Ayanami/code/TSP/data/classic/tsplib/rd100.tsp,hybrid,354,polyak,354,7899.0950426444842,7899.226470377831,7910
/Users/a/Ayanami/code/TSP/data/classic/tsplib/rd100.tsp,hybrid,355,polyak,355,7899.206971346247,7899.226470377831,7910
/Users/a/Ayanami/code/TSP/data/classic/tsplib/rd100.tsp,hybrid,356,polyak,356,7899.2346960548666,7899.2346960548666,7910
/Users/a/Ayanami/code/TSP/data/classic/tsplib/rd100.tsp,hybrid,357,polyak,357,7899.2152872108572,7899.2346960548666,7910
/Users/a/Ayanami/code/TSP/data/classic/tsplib/rd100.tsp,hybrid,358,polyak,358,7899.2301046976136,7899.2346960548666,7910
/Users/a/Ayanami/code/TSP/data/classic/tsplib/rd100.tsp,hybrid,359,polyak,359,7899.2533786430067,7899.2533786430067,7910
/Users/a/Ayanami/code/TSP/data/classic/tsplib/rd100.tsp,hybrid,360,polyak,360,7899.1993446871702,7899.2533786430067,7910
/Users/a/Ayanami/code/TSP/data/classic/tsplib/rd100.tsp,hybrid,361,polyak,361,7899.2611819226713,7899.2611819226713,7910
/Users/a/Ayanami/code/TSP/data/classic/tsplib/rd100.tsp,hybrid,362,polyak,362,7899.2409611566673,7899.2611819226713,7910
/Users/a/Ayanami/code/TSP/data/classic/tsplib/rd100.tsp,hybrid,363,polyak,363,7899.2687125997472,7899.2687125997472,7910
/Users/a/Ayanami/code/TSP/data/classic/tsplib/rd100.tsp,hybrid,364,polyak,364,7899.1916038795162,7899.2687125997472,7910
/Users/a/Ayanami/code/TSP/data/classic/tsplib/rd100.tsp,hybrid,365,polyak,365,7899.2580041379397,7899.2687125997472,7910
/Users/a/Ayanami/code/TSP/data/classic/tsplib/rd100.tsp,hybrid,366,polyak,366,7899.2764624192932,7899.2764624192932,7910
/Users/a/Ayanami/code/TSP/data/classic/tsplib/rd100.tsp,hybrid,367,polyak,367,7899.1767184538985,7899.2764624192932,7910
/Users/a/Ayanami/code/TSP/data/classic/tsplib/rd100.tsp,hybrid,368,polyak,368,7899.2567807504283,7899.2764624192932,7910
/Users/a/Ayanami/code/TSP/data/classic/tsplib/rd100.tsp,hybrid,369,polyak,369,7899.2273918556211,7899.2764624192932,7910
/Users/a/Ayanami/code/TSP/data/classic/tsplib/rd100.tsp,hybrid,370,polyak,370,7899.2657149621664,7899.2764624192932,7910
/Users/a/Ayanami/code/TSP/data/classic/tsplib/rd100.tsp,hybrid,371,polyak,371,7899.2328505281021,7899.2764624192932,7910
/Users/a/Ayanami/code/TSP/data/classic/tsplib/rd100.tsp,hybrid,372,polyak,372,7899.247113705741,7899.2764624192932,7910
/Users/a/Ayanami/code/TSP/data/classic/tsplib/rd100.tsp,hybrid,373,polyak,373,7899.2416654385188,7899.2764624192932,7910
/Users/a/Ayanami/code/TSP/data/classic/tsplib/rd100.tsp,hybrid,374,polyak,374,7899.2574535743715,7899.2764624192932,7910
/Users/a/Ayanami/code/TSP/data/classic/tsplib/rd100.tsp,hybrid,375,polyak,375,7899.2274384282355,7899.2764624192932,7910
/Users/a/Ayanami/code/TSP/data/classic/tsplib/rd100.tsp,hybrid,376,polyak,376,7899.2671437769395,7899.2764624192932,7910
/Users/a/Ayanami/code/TSP/data/classic/tsplib/rd100.tsp,hybrid,377,polyak,377,7899.2277466861187,7899.2764624192932,7910
/Users/a/Ayanami/code/TSP/data/classic/tsplib/rd100.tsp,hybrid,378,polyak,378,7899.2644179100134,7899.2764624192932,7910
/Users/a/Ayanami/code/TSP/data/classic/tsplib/rd100.tsp,hybrid,379,polyak,379,7899.2064321233793,7899.2764624192932,7910
/Users/a/Ayanami/code/TSP/data/classic/tsplib/rd100.tsp,hybrid,380,polyak,380,7899.2734334106535,7899.2764624192932,7910
/Users/a/Ayanami/code/TSP/data/classic/tsplib/rd100.tsp,hybrid,381,polyak,381,7899.2679029399469,7899.2764624192932,7910
/Users/a/Ayanami/code/TSP/data/classic/tsplib/rd100.tsp,hybrid,382,polyak,382,7899.2886152128767,7899.2886152128767,7910
/Users/a/Ayanami/code/TSP/data/classic/tsplib/rd100.tsp,hybrid,383,polyak,383,7899.2822658870373,7899.2886152128767,7910
/Users/a/Ayanami/code/TSP/data/classic/tsplib/rd100.tsp,hybrid,384,polyak,384,7899.2948999482969,7899.2948999482969,7910
/Users/a/Ayanami/code/TSP/data/classic/tsplib/rd100.tsp,hybrid,385,polyak,385,7899.2850352793639,7899.2948999482969,7910
/Users/a/Ayanami/code/TSP/data/classic/tsplib/rd100.tsp,hybrid,386,polyak,386,7899.2941705597859,7899.2948999482969,7910
/Users/a/Ayanami/code/TSP/data/classic/tsplib/rd100.tsp,hybrid,387,polyak,387,7899.2880653220409,7899.2948999482969,7910
/Users/a/Ayanami/code/TSP/data/classic/tsplib/rd100.tsp,hybrid,388,polyak,388,7899.2941675787124,7899.2948999482969,7910
/Users/a/Ayanami/code/TSP/data/classic/tsplib/rd100.tsp,hybrid,389,polyak,389,7899.2887032555918,7899.2948999482969,7910
/Users/a/Ayanami/code/TSP/data/classic/tsplib/rd100.tsp,hybrid,390,polyak,390,7899.2825345302936,7899.2948999482969,7910
/Users/a/Ayanami/code/TSP/data/classic/tsplib/rd100.tsp,hybrid,391,polyak,391,7899.2943202271726,7899.2948999482969,7910
/Users/a/Ayanami/code/TSP/data/classic/tsplib/rd100.tsp,hybrid,392,polyak,392,7899.2724964555455,7899.2948999482969,7910
/Users/a/Ayanami/code/TSP/data/classic/tsplib/rd100.tsp,hybrid,393,polyak,393,7899.2988103181724,7899.2988103181724,7910
/Users/a/Ayanami/code/TSP/data/classic/tsplib/rd100.tsp,hybrid,394,polyak,394,7899.2820043158108,7899.2988103181724,7910
/Users/a/Ayanami/code/TSP/data/classic/tsplib/rd100.tsp,hybrid,395,polyak,395,7899.304281695664,7899.304281695664,7910
/Users/a/Ayanami/code/TSP/data/classic/tsplib/rd100.tsp,hybrid,396,polyak,396,7899.2881667362863,7899.304281695664,7910
/Users/a/Ayanami/code/TSP/data/classic/tsplib/rd100.tsp,hybrid,397,polyak,397,7899.2991094643785,7899.304281695664,7910
/Users/a/Ayanami/code/TSP/data/classic/tsplib/rd100.tsp,hybrid,398,polyak,398,7899.2682364580123,7899.304281695664,7910
/Users/a/Ayanami/code/TSP/data/classic/tsplib/rd100.tsp,hybrid,399,polyak,399,7899.3023821886463,7899.304281695664,7910
/Users/a/Ayanami/code/TSP/data/classic/tsplib/rd100.tsp,hybrid,400,polyak,400,7899.2718950686585,7899.304281695664,7910
/Users/a/Ayanami/code/TSP/data/classic/tsplib/rd100.tsp,hybrid,401,polyak,401,7899.3062216607623,7899.3062216607623,7910
/Users/a/Ayanami/code/TSP/data/classic/tsplib/rd100.tsp,hybrid,402,polyak,402,7899.2561541875475,7899.3062216607623,7910
/Users/a/Ayanami/code/TSP/data/classic/tsplib/rd100.tsp,hybrid,403,polyak,403,7899.2838220441363,7899.3062216607623,7910
/Users/a/Ayanami/code/TSP/data/classic/tsplib/rd100.tsp,hybrid,404,polyak,404,7899.2954974274862,7899.3062216607623,7910
/Users/a/Ayanami/code/TSP/data/classic/tsplib/rd100.tsp,hybrid,405,polyak,405,7899.2902077989984,7899.3062216607623,7910
/Users/a/Ayanami/code/TSP/data/classic/tsplib/rd100.tsp,hybrid,406,polyak,406,7899.2980973735212,7899.3062216607623,7910
/Users/a/Ayanami/code/TSP/data/classic/tsplib/rd100.tsp,hybrid,407,polyak,407,7899.2835546601673,7899.3062216607623,7910
/Users/a/Ayanami/code/TSP/data/classic/tsplib/rd100.tsp,hybrid,408,polyak,408,7899.2949390175581,7899.3062216607623,7910
/Users/a/Ayanami/code/TSP/data/classic/tsplib/rd100.tsp,hybrid,409,polyak,409,7899.2923883845588,7899.3062216607623,7910
/Users/a/Ayanami/code/TSP/data/classic/tsplib/rd100.tsp,hybrid,410,polyak,410,7899.2954059271096,7899.3062216607623,7910
/Users/a/Ayanami/code/TSP/data/classic/tsplib/rd100.tsp,hybrid,411,polyak,411,7899.2845562768598,7899.3062216607623,7910
/Users/a/Ayanami/code/TSP/data/classic/tsplib/rd100.tsp,hybrid,412,polyak,412,7899.2931928309936,7899.3062216607623,7910
/Users/a/Ayanami/code/TSP/data/classic/tsplib/rd100.tsp,hybrid,413,polyak,413,7899.2861778476899,7899.3062216607623,7910
/Users/a/Ayanami/code/TSP/data/classic/tsplib/rd100.tsp,hybrid,414,polyak,414,7899.2833028967425,7899.3062216607623,7910
/Users/a/Ayanami/code/TSP/data/classic/tsplib/rd100.tsp,hybrid,415,polyak,415,7899.3163423682618,7899.3163423682618,7910
/Users/a/Ayanami/code/TSP/data/classic/tsplib/rd100.tsp,hybrid,416,polyak,416,7899.2921570442886,7899.3163423682618,7910
/Users/a/Ayanami/code/TSP/data/classic/tsplib/rd100.tsp,hybrid,417,polyak,417,7899.3068500833451,7899.3163423682618,7910
/Users/a/Ayanami/code/TSP/data/classic/tsplib/rd100.tsp,hybrid,418,polyak,418,7899.3156516323315,7899.3163423682618,7910
/Users/a/Ayanami/code/TSP/data/classic/tsplib/rd100.tsp,hybrid,419,polyak,419,7899.302228340006,7899.3163423682618,7910
/Users/a/Ayanami/code/TSP/data/classic/tsplib/rd100.tsp,hybrid,420,polyak,420,7899.3130308439177,7899.3163423682618,7910
/Users/a/Ayanami/code/TSP/data/classic/tsplib/rd100.tsp,hybrid,421,polyak,421,7899.3042687128263,7899.3163423682618,7910
/Users/a/Ayanami/code/TSP/data/classic/tsplib/rd100.tsp,hybrid,422,polyak,422,7899.3194095789822,7899.3194095789822,7910
/Users/a/Ayanami/code/TSP/data/classic/tsplib/rd100.tsp,hybrid,423,polyak,423,7899.3000830052861,7899.3194095789822,7910
/Users/a/Ayanami/code/TSP/data/classic/tsplib/rd100.tsp,hybrid,424,polyak,424,7899.3174030630307,7899.3194095789822,7910
/Users/a/Ayanami/code/TSP/data/classic/tsplib/rd100.tsp,hybrid,425,polyak,425,7899.3079123913276,7899.3194095789822,7910
/Users/a/Ayanami/code/TSP/data/classic/tsplib/rd100.tsp,hybrid,426,polyak,426,7899.318660983582,7899.3194095789822,7910
/Users/a/Ayanami/code/TSP/data/classic/tsplib/rd100.tsp,hybrid,427,polyak,427,7899.3049827820487,7899.3194095789822,7910
/Users/a/Ayanami/code/TSP/data/classic/tsplib/rd100.tsp,hybrid,428,polyak,428,7899.313940600945,7899.3194095789822,7910
/Users/a/Ayanami/code/TSP/data/classic/tsplib/rd100.tsp,hybrid,429,polyak,429,7899.315716844384,7899.3194095789822,7910
/Users/a/Ayanami/code/TSP/data/classic/tsplib/rd100.tsp,hybrid,430,polyak,430,7899.2977488092665,7899.3194095789822,7910
/Users/a/Ayanami/code/TSP/data/classic/tsplib/rd100.tsp,hybrid,431,polyak,431,7899.3106142635288,7899.3194095789822,7910
/Users/a/Ayanami/code/TSP/data/classic/tsplib/rd100.tsp,hybrid,432,polyak,432,7899.3096581281079,7899.3194095789822,7910
/Users/a/Ayanami/code/TSP/data/classic/tsplib/rd100.tsp,hybrid,433,polyak,433,7899.3157887490779,7899.3194095789822,7910
/Users/a/Ayanami/code/TSP/data/classic/tsplib/rd100.tsp,hybrid,434,polyak,434,7899.3146182742021,7899.3194095789822,7910
/Users/a/Ayanami/code/TSP/data/classic/tsplib/rd100.tsp,hybrid,435,polyak,435,7899.3131474228139,7899.3194095789822,7910
/Users/a/Ayanami/code/TSP/data/classic/tsplib/rd100.tsp,hybrid,436,polyak,436,7899.3203156132186,7899.3203156132186,7910
/Users/a/Ayanami/code/TSP/data/classic/tsplib/rd100.tsp,hybrid,437,polyak,437,7899.3231334578722,7899.3231334578722,7910
/Users/a/Ayanami/code/TSP/data/classic/tsplib/rd100.tsp,hybrid,438,polyak,438,7899.3156338214885,7899.3231334578722,7910
/Users/a/Ayanami/code/TSP/data/classic/tsplib/rd100.tsp,hybrid,439,polyak,439,7899.3237796850726,7899.3237796850726,7910
/Users/a/Ayanami/code/TSP/data/classic/tsplib/rd100.tsp,hybrid,440,polyak,440,7899.3185723695642,7899.3237796850726,7910
/Users/a/Ayanami/code/TSP/data/classic/tsplib/rd100.tsp,hybrid,441,polyak,441,7899.3216929362234,7899.3237796850726,7910
/Users/a/Ayanami/code/TSP/data/classic/tsplib/rd100.tsp,hybrid,442,polyak,442,7899.3232653752566,7899.3237796850726,7910
/Users/a/Ayanami/code/TSP/data/classic/tsplib/rd100.tsp,hybrid,443,polyak,443,7899.3223689842662,7899.3237796850726,7910
/Users/a/Ayanami/code/TSP/data/classic/tsplib/rd100.tsp,hybrid,444,polyak,444,7899.3225389322579,7899.3237796850726,7910
/Users/a/Ayanami/code/TSP/data/classic/tsplib/rd100.tsp,hybrid,445,polyak,445,7899.3193577762095,7899.3237796850726,7910
/Users/a/Ayanami/code/TSP/data/classic/tsplib/rd100.tsp,hybrid,446,polyak,446,7899.3238171971516,7899.3238171971516,7910
/Users/a/Ayanami/code/TSP/data/classic/tsplib/rd100.tsp,hybrid,447,polyak,447,7899.3217150671035,7899.3238171971516,7910
/Users/a/Ayanami/code/TSP/data/classic/tsplib/rd100.tsp,hybrid,448,polyak,448,7899.322860193618,7899.3238171971516,7910
/Users/a/Ayanami/code/TSP/data/classic/tsplib/rd100.tsp,hybrid,449,polyak,449,7899.3213623274278,7899.3238171971516,7910
/Users/a/Ayanami/code/TSP/data/classic/tsplib/rd100.tsp,hybrid,450,polyak,450,7899.3249144823794,7899.3249144823794,7910
/Users/a/Ayanami/code/TSP/data/classic/tsplib/rd100.tsp,hybrid,451,polyak,451,7899.3181570711313,7899.3249144823794,7910
/Users/a/Ayanami/code/TSP/data/classic/tsplib/rd100.tsp,hybrid,452,polyak,452,7899.3259520420588,7899.3259520420588,7910
/Users/a/Ayanami/code/TSP/data/classic/tsplib/rd100.tsp,hybrid,453,polyak,453,7899.3177166342348,7899.3259520420588,7910
/Users/a/Ayanami/code/TSP/data/classic/tsplib/rd100.tsp,hybrid,454,polyak,454,7899.324410785096,7899.3259520420588,7910
/Users/a/Ayanami/code/TSP/data/classic/tsplib/rd100.tsp,hybrid,455,polyak,455,7899.3158797098904,7899.3259520420588,7910
/Users/a/Ayanami/code/TSP/data/classic/tsplib/rd100.tsp,hybrid,456,polyak,456,7899.3224730857764,7899.3259520420588,7910
/Users/a/Ayanami/code/TSP/data/classic/tsplib/rd100.tsp,hybrid,457,polyak,457,7899.3232340795848,7899.3259520420588,7910
/Users/a/Ayanami/code/TSP/data/classic/tsplib/rd100.tsp,hybrid,458,polyak,458,7899.3251155522594,7899.3259520420588,7910
/Users/a/Ayanami/code/TSP/data/classic/tsplib/rd100.tsp,hybrid,459,polyak,459,7899.3182672039566,7899.3259520420588,7910
/Users/a/Ayanami/code/TSP/data/classic/tsplib/rd100.tsp,hybrid,460,polyak,460,7899.3230745264327,7899.3259520420588,7910
/Users/a/Ayanami/code/TSP/data/classic/tsplib/rd100.tsp,hybrid,461,polyak,461,7899.3197758114202,7899.3259520420588,7910
/Users/a/Ayanami/code/TSP/data/classic/tsplib/rd100.tsp,hybrid,462,polyak,462,7899.3261285036879,7899.3261285036879,7910
/Users/a/Ayanami/code/TSP/data/classic/tsplib/rd100.tsp,hybrid,463,polyak,463,7899.3197765868954,7899.3261285036879,7910
/Users/a/Ayanami/code/TSP/data/classic/tsplib/rd100.tsp,hybrid,464,polyak,464,7899.3237830034523,7899.3261285036879,7910
/Users/a/Ayanami/code/TSP/data/classic/tsplib/rd100.tsp,hybrid,465,polyak,465,7899.31928389733,7899.3261285036879,7910
/Users/a/Ayanami/code/TSP/data/classic/tsplib/rd100.tsp,hybrid,466,polyak,466,7899.3232124406895,7899.3261285036879,7910
/Users/a/Ayanami/code/TSP/data/classic/tsplib/rd100.tsp,hybrid,467,polyak,467,7899.3194156460177,7899.3261285036879,7910
/Users/a/Ayanami/code/TSP/data/classic/tsplib/rd100.tsp,hybrid,468,polyak,468,7899.3261407911068,7899.3261407911068,7910
/Users/a/Ayanami/code/TSP/data/classic/tsplib/rd100.tsp,hybrid,469,polyak,469,7899.3197863626028,7899.3261407911068,7910
/Users/a/Ayanami/code/TSP/data/classic/tsplib/rd100.tsp,hybrid,470,polyak,470,7899.3267463454586,7899.3267463454586,7910
/Users/a/Ayanami/code/TSP/data/classic/tsplib/rd100.tsp,hybrid,471,polyak,471,7899.3192567936694,7899.3267463454586,7910
/Users/a/Ayanami/code/TSP/data/classic/tsplib/rd100.tsp,hybrid,472,polyak,472,7899.3245275088866,7899.3267463454586,7910
/Users/a/Ayanami/code/TSP/data/classic/tsplib/rd100.tsp,hybrid,473,polyak,473,7899.3178211090999,7899.3267463454586,7910
/Users/a/Ayanami/code/TSP/data/classic/tsplib/rd100.tsp,hybrid,474,polyak,474,7899.3232224849544,7899.3267463454586,7910
/Users/a/Ayanami/code/TSP/data/classic/tsplib/rd100.tsp,hybrid,475,polyak,475,7899.3195314170125,7899.3267463454586,7910
/Users/a/Ayanami/code/TSP/data/classic/tsplib/rd100.tsp,hybrid,476,polyak,476,7899.3248811676167,7899.3267463454586,7910
/Users/a/Ayanami/code/TSP/data/classic/tsplib/rd100.tsp,hybrid,477,polyak,477,7899.3227245500048,7899.3267463454586,7910
/Users/a/Ayanami/code/TSP/data/classic/tsplib/rd100.tsp,hybrid,478,polyak,478,7899.3246072987758,7899.3267463454586,7910
/Users/a/Ayanami/code/TSP/data/classic/tsplib/rd100.tsp,hybrid,479,polyak,479,7899.3210335058566,7899.3267463454586,7910
/Users/a/Ayanami/code/TSP/data/classic/tsplib/rd100.tsp,hybrid,480,polyak,480,7899.3260193427805,7899.3267463454586,7910
/Users/a/Ayanami/code/TSP/data/classic/tsplib/rd100.tsp,hybrid,481,polyak,481,7899.3206475498273,7899.3267463454586,7910
/Users/a/Ayanami/code/TSP/data/classic/tsplib/rd100.tsp,hybrid,482,polyak,482,7899.3258142728364,7899.3267463454586,7910
/Users/a/Ayanami/code/TSP/data/classic/tsplib/rd100.tsp,hybrid,483,polyak,483,7899.3202722513579,7899.3267463454586,7910
/Users/a/Ayanami/code/TSP/data/classic/tsplib/rd100.tsp,hybrid,484,polyak,484,7899.3264805461495,7899.3267463454586,7910
/Users/a/Ayanami/code/TSP/data/classic/tsplib/rd100.tsp,hybrid,485,polyak,485,7899.3264333241059,7899.3267463454586,7910
/Users/a/Ayanami/code/TSP/data/classic/tsplib/rd100.tsp,hybrid,486,polyak,486,7899.3272261013844,7899.3272261013844,7910
/Users/a/Ayanami/code/TSP/data/classic/tsplib/rd100.tsp,hybrid,487,polyak,487,7899.32736871824,7899.32736871824,7910
/Users/a/Ayanami/code/TSP/data/classic/tsplib/rd100.tsp,hybrid,488,polyak,488,7899.3294201121635,7899.3294201121635,7910
/Users/a/Ayanami/code/TSP/data/classic/tsplib/rd100.tsp,hybrid,489,polyak,489,7899.3265193997368,7899.3294201121635,7910
/Users/a/Ayanami/code/TSP/data/classic/tsplib/rd100.tsp,hybrid,490,polyak,490,7899.3284315994306,7899.3294201121635,7910
/Users/a/Ayanami/code/TSP/data/classic/tsplib/rd100.tsp,hybrid,491,polyak,491,7899.3270101171165,7899.3294201121635,7910
/Users/a/Ayanami/code/TSP/data/classic/tsplib/rd100.tsp,hybrid,492,polyak,492,7899.3284713843213,7899.3294201121635,7910
/Users/a/Ayanami/code/TSP/data/classic/tsplib/rd100.tsp,hybrid,493,polyak,493,7899.3273088055257,7899.3294201121635,7910
/Users/a/Ayanami/code/TSP/data/classic/tsplib/rd100.tsp,hybrid,494,polyak,494,7899.3284057875435,7899.3294201121635,7910
/Users/a/Ayanami/code/TSP/data/classic/tsplib/rd100.tsp,hybrid,495,polyak,495,7899.3284260287992,7899.3294201121635,7910
/Users/a/Ayanami/code/TSP/data/classic/tsplib/rd100.tsp,hybrid,496,polyak,496,7899.32784762957,7899.3294201121635,7910
/Users/a/Ayanami/code/TSP/data/classic/tsplib/rd100.tsp,hybrid,497,polyak,497,7899.3290443232709,7899.3294201121635,7910
/Users/a/Ayanami/code/TSP/data/classic/tsplib/rd100.tsp,hybrid,498,polyak,498,7899.3242100810121,7899.3294201121635,7910
/Users/a/Ayanami/code/TSP/data/classic/tsplib/rd100.tsp,hybrid,499,polyak,499,7899.3270552205522,7899.3294201121635,7910
/Users/a/Ayanami/code/TSP/data/classic/tsplib/rd100.tsp,hybrid,500,polyak,500,7899.3290249133152,7899.3294201121635,7910
/Users/a/Ayanami/code/TSP/data/classic/tsplib/rd100.tsp,hybrid,501,polyak,501,7899.328591606145,7899.3294201121635,7910
/Users/a/Ayanami/code/TSP/data/classic/tsplib/rd100.tsp,hybrid,502,polyak,502,7899.3312153160377,7899.3312153160377,7910
/Users/a/Ayanami/code/TSP/data/classic/tsplib/rd100.tsp,hybrid,503,polyak,503,7899.3297211889721,7899.3312153160377,7910
/Users/a/Ayanami/code/TSP/data/classic/tsplib/rd100.tsp,hybrid,504,polyak,504,7899.3312660516458,7899.3312660516458,7910
/Users/a/Ayanami/code/TSP/data/classic/tsplib/rd100.tsp,hybrid,505,polyak,505,7899.3290869358025,7899.3312660516458,7910
/Users/a/Ayanami/code/TSP/data/classic/tsplib/rd100.tsp,hybrid,506,polyak,506,7899.3304544511884,7899.3312660516458,7910
/Users/a/Ayanami/code/TSP/data/classic/tsplib/rd100.tsp,hybrid,507,polyak,507,7899.3303061949155,7899.3312660516458,7910
/Users/a/Ayanami/code/TSP/data/classic/tsplib/rd100.tsp,hybrid,508,polyak,508,7899.329803130343,7899.3312660516458,7910
/Users/a/Ayanami/code/TSP/data/classic/tsplib/rd100.tsp,hybrid,509,polyak,509,7899.3311426820792,7899.3312660516458,7910
/Users/a/Ayanami/code/TSP/data/classic/tsplib/rd100.tsp,hybrid,510,polyak,510,7899.3284977219819,7899.3312660516458,7910
/Users/a/Ayanami/code/TSP/data/classic/tsplib/rd100.tsp,hybrid,511,polyak,511,7899.3313483376569,7899.3313483376569,7910
/Users/a/Ayanami/code/TSP/data/classic/tsplib/rd100.tsp,hybrid,512,polyak,512,7899.3293678098371,7899.3313483376569,7910
/Users/a/Ayanami/code/TSP/data/classic/tsplib/rd100.tsp,hybrid,513,polyak,513,7899.3308407270251,7899.3313483376569,7910
/Users/a/Ayanami/code/TSP/data/classic/tsplib/rd100.tsp,hybrid,514,polyak,514,7899.3292906521237,7899.3313483376569,7910
/Users/a/Ayanami/code/TSP/data/classic/tsplib/rd100.tsp,hybrid,515,polyak,515,7899.331116464773,7899.3313483376569,7910
/Users/a/Ayanami/code/TSP/data/classic/tsplib/rd100.tsp,hybrid,516,polyak,516,7899.3294203751066,7899.3313483376569,7910
/Users/a/Ayanami/code/TSP/data/classic/tsplib/rd100.tsp,hybrid,517,polyak,517,7899.3313656048595,7899.3313656048595,7910
/Users/a/Ayanami/code/TSP/data/classic/tsplib/rd100.tsp,hybrid,518,polyak,518,7899.329092357063,7899.3313656048595,7910
/Users/a/Ayanami/code/TSP/data/classic/tsplib/rd100.tsp,hybrid,519,polyak,519,7899.3317758504954,7899.3317758504954,7910
/Users/a/Ayanami/code/TSP/data/classic/tsplib/rd100.tsp,hybrid,520,polyak,520,7899.3285401596941,7899.3317758504954,7910
/Users/a/Ayanami/code/TSP/data/classic/tsplib/rd100.tsp,hybrid,521,polyak,521,7899.3300281598204,7899.3317758504954,7910
/Users/a/Ayanami/code/TSP/data/classic/tsplib/rd100.tsp,hybrid,522,polyak,522,7899.3302779661271,7899.3317758504954,7910
/Users/a/Ayanami/code/TSP/data/classic/tsplib/rd100.tsp,hybrid,523,polyak,523,7899.3312500777929,7899.3317758504954,7910
/Users/a/Ayanami/code/TSP/data/classic/tsplib/rd100.tsp,hybrid,524,polyak,524,7899.3299718449935,7899.3317758504954,7910
/Users/a/Ayanami/code/TSP/data/classic/tsplib/rd100.tsp,hybrid,525,polyak,525,7899.3312211405528,7899.3317758504954,7910
/Users/a/Ayanami/code/TSP/data/classic/tsplib/rd100.tsp,hybrid,526,polyak,526,7899.3302432010551,7899.3317758504954,7910
/Users/a/Ayanami/code/TSP/data/classic/tsplib/rd100.tsp,hybrid,527,polyak,527,7899.3307677203093,7899.3317758504954,7910
/Users/a/Ayanami/code/TSP/data/classic/tsplib/rd100.tsp,hybrid,528,polyak,528,7899.3303176176232,7899.3317758504954,7910
/Users/a/Ayanami/code/TSP/data/classic/tsplib/rd100.tsp,hybrid,529,polyak,529,7899.3310254503858,7899.3317758504954,7910
/Users/a/Ayanami/code/TSP/data/classic/tsplib/rd100.tsp,hybrid,530,polyak,530,7899.3291291890346,7899.3317758504954,7910
/Users/a/Ayanami/code/TSP/data/classic/tsplib/rd100.tsp,hybrid,531,polyak,531,7899.3308306774952,7899.3317758504954,7910
/Users/a/Ayanami/code/TSP/data/classic/tsplib/rd100.tsp,hybrid,532,polyak,532,7899.3305195507628,7899.3317758504954,7910
/Users/a/Ayanami/code/TSP/data/classic/tsplib/rd100.tsp,hybrid,533,polyak,533,7899.3320204442307,7899.3320204442307,7910
/Users/a/Ayanami/code/TSP/data/classic/tsplib/rd100.tsp,hybrid,534,polyak,534,7899.3311693109217,7899.3320204442307,7910
/Users/a/Ayanami/code/TSP/data/classic/tsplib/rd100.tsp,hybrid,535,polyak,535,7899.3321132101746,7899.3321132101746,7910
/Users/a/Ayanami/code/TSP/data/classic/tsplib/rd100.tsp,hybrid,536,polyak,536,7899.3315375426582,7899.3321132101746,7910
/Users/a/Ayanami/code/TSP/data/classic/tsplib/rd100.tsp,hybrid,537,polyak,537,7899.3321873586883,7899.3321873586883,7910
/Users/a/Ayanami/code/TSP/data/classic/tsplib/rd100.tsp,hybrid,538,polyak,538,7899.3313830948036,7899.3321873586883,7910
/Users/a/Ayanami/code/TSP/data/classic/tsplib/rd100.tsp,hybrid,539,polyak,539,7899.3319557707036,7899.3321873586883,7910
/Users/a/Ayanami/code/TSP/data/classic/tsplib/rd100.tsp,hybrid,540,polyak,540,7899.3316256850458,7899.3321873586883,7910
/Users/a/Ayanami/code/TSP/data/classic/tsplib/rd100.tsp,hybrid,541,polyak,541,7899.3319602812044,7899.3321873586883,7910
/Users/a/Ayanami/code/TSP/data/classic/tsplib/rd100.tsp,hybrid,542,polyak,542,7899.3317157182319,7899.3321873586883,7910
/Users/a/Ayanami/code/TSP/data/classic/tsplib/rd100.tsp,hybrid,543,polyak,543,7899.3322956843667,7899.3322956843667,7910
/Users/a/Ayanami/code/TSP/data/classic/tsplib/rd100.tsp,hybrid,544,polyak,544,7899.3313786792933,7899.3322956843667,7910
/Users/a/Ayanami/code/TSP/data/classic/tsplib/rd100.tsp,hybrid,545,polyak,545,7899.3323988732609,7899.3323988732609,7910
/Users/a/Ayanami/code/TSP/data/classic/tsplib/rd100.tsp,hybrid,546,polyak,546,7899.3315345955652,7899.3323988732609,7910
/Users/a/Ayanami/code/TSP/data/classic/tsplib/rd100.tsp,hybrid,547,polyak,547,7899.3321734514066,7899.3323988732609,7910
/Users/a/Ayanami/code/TSP/data/classic/tsplib/rd100.tsp,hybrid,548,polyak,548,7899.3313247048154,7899.3323988732609,7910
/Users/a/Ayanami/code/TSP/data/classic/tsplib/rd100.tsp,hybrid,549,polyak,549,7899.3321267058327,7899.3323988732609,7910
/Users/a/Ayanami/code/TSP/data/classic/tsplib/rd100.tsp,hybrid,550,polyak,550,7899.3318975617049,7899.3323988732609,7910
/Users/a/Ayanami/code/TSP/data/classic/tsplib/rd100.tsp,hybrid,551,polyak,551,7899.332236035576,7899.3323988732609,7910
/Users/a/Ayanami/code/TSP/data/classic/tsplib/rd100.tsp,hybrid,552,polyak,552,7899.3315878896483,7899.3323988732609,7910
/Users/a/Ayanami/code/TSP/data/classic/tsplib/rd100.tsp,hybrid,553,polyak,553,7899.332074046195,7899.3323988732609,7910
/Users/a/Ayanami/code/TSP/data/classic/tsplib/rd100.tsp,hybrid,554,polyak,554,7899.331511240508,7899.3323988732609,7910
/Users/a/Ayanami/code/TSP/data/classic/tsplib/rd100.tsp,hybrid,555,polyak,555,7899.3323806310209,7899.3323988732609,7910
/Users/a/Ayanami/code/TSP/data/classic/tsplib/rd100.tsp,hybrid,556,polyak,556,7899.3313230631247,7899.3323988732609,7910
/Users/a/Ayanami/code/TSP/data/classic/tsplib/rd100.tsp,hybrid,557,polyak,557,7899.3319283752098,7899.3323988732609,7910
/Users/a/Ayanami/code/TSP/data/classic/tsplib/rd100.tsp,hybrid,558,helsgaun,1,7899.3323988732609,7899.3323988732609,7910
/Users/a/Ayanami/code/TSP/data/classic/tsplib/rd100.tsp,hybrid,559,helsgaun,2,7888.3343945058759,7899.3323988732609,7910
/Users/a/Ayanami/code/TSP/data/classic/tsplib/rd100.tsp,hybrid,560,helsgaun,3,7890.6438513700414,7899.3323988732609,7910
/Users/a/Ayanami/code/TSP/data/classic/tsplib/rd100.tsp,hybrid,561,helsgaun,4,7893.7249627650563,7899.3323988732609,7910
/Users/a/Ayanami/code/TSP/data/classic/tsplib/rd100.tsp,hybrid,562,helsgaun,5,7894.1332359934804,7899.3323988732609,7910
/Users/a/Ayanami/code/TSP/data/classic/tsplib/rd100.tsp,hybrid,563,helsgaun,6,7893.4337465617064,7899.3323988732609,7910
/Users/a/Ayanami/code/TSP/data/classic/tsplib/rd100.tsp,hybrid,564,helsgaun,7,7893.2654218735988,7899.3323988732609,7910
/Users/a/Ayanami/code/TSP/data/classic/tsplib/rd100.tsp,hybrid,565,helsgaun,8,7894.0451378897369,7899.3323988732609,7910
/Users/a/Ayanami/code/TSP/data/classic/tsplib/rd100.tsp,hybrid,566,helsgaun,9,7896.2647125735612,7899.3323988732609,7910
/Users/a/Ayanami/code/TSP/data/classic/tsplib/rd100.tsp,hybrid,567,helsgaun,10,7893.4281879998516,7899.3323988732609,7910
/Users/a/Ayanami/code/TSP/data/classic/tsplib/rd100.tsp,hybrid,568,helsgaun,11,7890.9622473905174,7899.3323988732609,7910
/Users/a/Ayanami/code/TSP/data/classic/tsplib/rd100.tsp,hybrid,569,helsgaun,12,7893.8255029994689,7899.3323988732609,7910
/Users/a/Ayanami/code/TSP/data/classic/tsplib/rd100.tsp,hybrid,570,helsgaun,13,7891.0533734134297,7899.3323988732609,7910
/Users/a/Ayanami/code/TSP/data/classic/tsplib/rd100.tsp,hybrid,571,helsgaun,14,7892.4577947883463,7899.3323988732609,7910
/Users/a/Ayanami/code/TSP/data/classic/tsplib/rd100.tsp,hybrid,572,helsgaun,15,7890.1655312982202,7899.3323988732609,7910
/Users/a/Ayanami/code/TSP/data/classic/tsplib/rd100.tsp,hybrid,573,helsgaun,16,7893.5416748879406,7899.3323988732609,7910
/Users/a/Ayanami/code/TSP/data/classic/tsplib/rd100.tsp,hybrid,574,helsgaun,17,7890.6089625304767,7899.3323988732609,7910
/Users/a/Ayanami/code/TSP/data/classic/tsplib/rd100.tsp,hybrid,575,helsgaun,18,7894.1810979441498,7899.3323988732609,7910
/Users/a/Ayanami/code/TSP/data/classic/tsplib/rd100.tsp,hybrid,576,helsgaun,19,7894.1944343536625,7899.3323988732609,7910
/Users/a/Ayanami/code/TSP/data/classic/tsplib/rd100.tsp,hybrid,577,helsgaun,20,7891.8633967400483,7899.3323988732609,7910
/Users/a/Ayanami/code/TSP/data/classic/tsplib/rd100.tsp,hybrid,578,helsgaun,21,7891.8105866540118,7899.3323988732609,7910
/Users/a/Ayanami/code/TSP/data/classic/tsplib/rd100.tsp,hybrid,579,helsgaun,22,7892.9384640008138,7899.3323988732609,7910
/Users/a/Ayanami/code/TSP/data/classic/tsplib/rd100.tsp,hybrid,580,helsgaun,23,7892.8266406422326,7899.3323988732609,7910
/Users/a/Ayanami/code/TSP/data/classic/tsplib/rd100.tsp,hybrid,581,helsgaun,24,7893.4655195793139,7899.3323988732609,7910
/Users/a/Ayanami/code/TSP/data/classic/tsplib/rd100.tsp,hybrid,582,helsgaun,25,7893.0851205290155,7899.3323988732609,7910
/Users/a/Ayanami/code/TSP/data/classic/tsplib/rd100.tsp,hybrid,583,helsgaun,26,7894.5265316518571,7899.3323988732609,7910
/Users/a/Ayanami/code/TSP/data/classic/tsplib/rd100.tsp,hybrid,584,helsgaun,27,7893.4021500126919,7899.3323988732609,7910
/Users/a/Ayanami/code/TSP/data/classic/tsplib/rd100.tsp,hybrid,585,helsgaun,28,7893.2350382238101,7899.3323988732609,7910
/Users/a/Ayanami/code/TSP/data/classic/tsplib/rd100.tsp,hybrid,586,helsgaun,29,7893.1101124496054,7899.3323988732609,7910
/Users/a/Ayanami/code/TSP/data/classic/tsplib/rd100.tsp,hybrid,587,helsgaun,30,7895.1829007948072,7899.3323988732609,7910
/Users/a/Ayanami/code/TSP/data/classic/tsplib/rd100.tsp,hybrid,588,helsgaun,31,7895.4337345750091,7899.3323988732609,7910
/Users/a/Ayanami/code/TSP/data/classic/tsplib/rd100.tsp,hybrid,589,helsgaun,32,7891.2130175086113,7899.3323988732609,7910
/Users/a/Ayanami/code/TSP/data/classic/tsplib/rd100.tsp,hybrid,590,helsgaun,33,7892.6667203125517,7899.3323988732609,7910
/Users/a/Ayanami/code/TSP/data/classic/tsplib/rd100.tsp,hybrid,591,helsgaun,34,7890.8937633607547,7899.3323988732609,7910
/Users/a/Ayanami/code/TSP/data/classic/tsplib/rd100.tsp,hybrid,592,helsgaun,35,7893.3439327929409,7899.3323988732609,7910
/Users/a/Ayanami/code/TSP/data/classic/tsplib/rd100.tsp,hybrid,593,helsgaun,36,7889.6513221367177,7899.3323988732609,7910
/Users/a/Ayanami/code/TSP/data/classic/tsplib/rd100.tsp,hybrid,594,helsgaun,37,7894.3652029283958,7899.3323988732609,7910
/Users/a/Ayanami/code/TSP/data/classic/tsplib/rd100.tsp,hybrid,595,helsgaun,38,7892.2640111872488,7899.3323988732609,7910
/Users/a/Ayanami/code/TSP/data/classic/tsplib/rd100.tsp,hybrid,596,helsgaun,39,7893.1847019774168,7899.3323988732609,7910
/Users/a/Ayanami/code/TSP/data/classic/tsplib/rd100.tsp,hybrid,597,helsgaun,40,7892.5979211494914,7899.3323988732609,7910
/Users/a/Ayanami/code/TSP/data/classic/tsplib/rd100.tsp,hybrid,598,helsgaun,41,7893.1340899947272,7899.3323988732609,7910
/Users/a/Ayanami/code/TSP/data/classic/tsplib/rd100.tsp,hybrid,599,helsgaun,42,7892.4648222786418,7899.3323988732609,7910
/Users/a/Ayanami/code/TSP/data/classic/tsplib/rd100.tsp,hybrid,600,helsgaun,43,7893.3250287587252,7899.3323988732609,7910
/Users/a/Ayanami/code/TSP/data/classic/tsplib/rd100.tsp,hybrid,601,helsgaun,44,7892.910191135431,7899.3323988732609,7910
/Users/a/Ayanami/code/TSP/data/classic/tsplib/rd100.tsp,hybrid,602,helsgaun,45,7893.8327926923703,7899.3323988732609,7910
/Users/a/Ayanami/code/TSP/data/classic/tsplib/rd100.tsp,hybrid,603,helsgaun,46,7893.8026065198192,7899.3323988732609,7910
/Users/a/Ayanami/code/TSP/data/classic/tsplib/rd100.tsp,hybrid,604,helsgaun,47,7896.3258399391771,7899.3323988732609,7910
/Users/a/Ayanami/code/TSP/data/classic/tsplib/rd100.tsp,hybrid,605,helsgaun,48,7890.5061181420488,7899.3323988732609,7910
/Users/a/Ayanami/code/TSP/data/classic/tsplib/rd100.tsp,hybrid,606,helsgaun,49,7893.8999732908014,7899.3323988732609,7910
/Users/a/Ayanami/code/TSP/data/classic/tsplib/rd100.tsp,hybrid,607,helsgaun,50,7892.7957924766715,7899.3323988732609,7910
/Users/a/Ayanami/code/TSP/data/classic/tsplib/rd100.tsp,hybrid,608,helsgaun,51,7893.6499302950506,7899.3323988732609,7910
/Users/a/Ayanami/code/TSP/data/classic/tsplib/rd100.tsp,hybrid,609,helsgaun,52,7894.8210314791149,7899.3323988732609,7910
/Users/a/Ayanami/code/TSP/data/classic/tsplib/rd100.tsp,hybrid,610,helsgaun,53,7896.8305941352855,7899.3323988732609,7910
/Users/a/Ayanami/code/TSP/data/classic/tsplib/rd100.tsp,hybrid,611,helsgaun,54,7895.9364540753459,7899.3323988732609,7910
/Users/a/Ayanami/code/TSP/data/classic/tsplib/rd100.tsp,hybrid,612,helsgaun,55,7895.7526346089844,7899.3323988732609,7910
/Users/a/Ayanami/code/TSP/data/classic/tsplib/rd100.tsp,hybrid,613,helsgaun,56,7896.9515854901847,7899.3323988732609,7910
/Users/a/Ayanami/code/TSP/data/classic/tsplib/rd100.tsp,hybrid,614,helsgaun,57,7896.9337004652307,7899.3323988732609,7910
/Users/a/Ayanami/code/TSP/data/classic/tsplib/rd100.tsp,hybrid,615,helsgaun,58,7896.1148177846362,7899.3323988732609,7910
/Users/a/Ayanami/code/TSP/data/classic/tsplib/rd100.tsp,hybrid,616,helsgaun,59,7897.0328081829748,7899.3323988732609,7910
/Users/a/Ayanami/code/TSP/data/classic/tsplib/rd100.tsp,hybrid,617,helsgaun,60,7896.9520046393036,7899.3323988732609,7910
/Users/a/Ayanami/code/TSP/data/classic/tsplib/rd100.tsp,hybrid,618,helsgaun,61,7897.2345847523011,7899.3323988732609,7910
/Users/a/Ayanami/code/TSP/data/classic/tsplib/rd100.tsp,hybrid,619,helsgaun,62,7897.1557701085821,7899.3323988732609,7910
/Users/a/Ayanami/code/TSP/data/classic/tsplib/rd100.tsp,hybrid,620,helsgaun,63,7895.884044411484,7899.3323988732609,7910
/Users/a/Ayanami/code/TSP/data/classic/tsplib/rd100.tsp,hybrid,621,helsgaun,64,7896.5158126178985,7899.3323988732609,7910
/Users/a/Ayanami/code/TSP/data/classic/tsplib/rd100.tsp,hybrid,622,helsgaun,65,7896.6459154173335,7899.3323988732609,7910
/Users/a/Ayanami/code/TSP/data/classic/tsplib/rd100.tsp,hybrid,623,helsgaun,66,7896.4834370078179,7899.3323988732609,7910
/Users/a/Ayanami/code/TSP/data/classic/tsplib/rd100.tsp,hybrid,624,helsgaun,67,7896.6836929522742,7899.3323988732609,7910
/Users/a/Ayanami/code/TSP/data/classic/tsplib/rd100.tsp,hybrid,625,helsgaun,68,7897.1384243675566,7899.3323988732609,7910
/Users/a/Ayanami/code/TSP/data/classic/tsplib/rd100.tsp,hybrid,626,helsgaun,69,7897.133124851196,7899.3323988732609,7910
/Users/a/Ayanami/code/TSP/data/classic/tsplib/rd100.tsp,hybrid,627,helsgaun,70,7897.0822302768565,7899.3323988732609,7910
/Users/a/Ayanami/code/TSP/data/classic/tsplib/rd100.tsp,hybrid,628,helsgaun,71,7897.0153050643803,7899.3323988732609,7910
/Users/a/Ayanami/code/TSP/data/classic/tsplib/rd100.tsp,hybrid,629,helsgaun,72,7897.146853745644,7899.3323988732609,7910
/Users/a/Ayanami/code/TSP/data/classic/tsplib/rd100.tsp,hybrid,630,helsgaun,73,7896.9773758764695,7899.3323988732609,7910
/Users/a/Ayanami/code/TSP/data/classic/tsplib/rd100.tsp,hybrid,631,helsgaun,74,7896.4649558495703,7899.3323988732609,7910
/Users/a/Ayanami/code/TSP/data/classic/tsplib/rd100.tsp,hybrid,632,helsgaun,75,7896.3321937352121,7899.3323988732609,7910
/Users/a/Ayanami/code/TSP/data/classic/tsplib/rd100.tsp,hybrid,633,helsgaun,76,7896.1331113363258,7899.3323988732609,7910
/Users/a/Ayanami/code/TSP/data/classic/tsplib/rd100.tsp,hybrid,634,helsgaun,77,7897.7584172666338,7899.3323988732609,7910
/Users/a/Ayanami/code/TSP/data/classic/tsplib/rd100.tsp,hybrid,635,helsgaun,78,7897.5528599290556,7899.3323988732609,7910
/Users/a/Ayanami/code/TSP/data/classic/tsplib/rd100.tsp,hybrid,636,helsgaun,79,7898.0883554692446,7899.3323988732609,7910
/Users/a/Ayanami/code/TSP/data/classic/tsplib/rd100.tsp,hybrid,637,helsgaun,80,7898.1338227558053,7899.3323988732609,7910
/Users/a/Ayanami/code/TSP/data/classic/tsplib/rd100.tsp,hybrid,638,helsgaun,81,7897.8583459432357,7899.3323988732609,7910
/Users/a/Ayanami/code/TSP/data/classic/tsplib/rd100.tsp,hybrid,639,helsgaun,82,7897.9325270933477,7899.3323988732609,7910
/Users/a/Ayanami/code/TSP/data/classic/tsplib/rd100.tsp,hybrid,640,helsgaun,83,7898.4827525770161,7899.3323988732609,7910
/Users/a/Ayanami/code/TSP/data/classic/tsplib/rd100.tsp,hybrid,641,helsgaun,84,7898.2334720365461,7899.3323988732609,7910
/Users/a/Ayanami/code/TSP/data/classic/tsplib/rd100.tsp,hybrid,642,helsgaun,85,7898.6331071463937,7899.3323988732609,7910
/Users/a/Ayanami/code/TSP/data/classic/tsplib/rd100.tsp,hybrid,643,helsgaun,86,7898.0074893799319,7899.3323988732609,7910
/Users/a/Ayanami/code/TSP/data/classic/tsplib/rd100.tsp,hybrid,644,helsgaun,87,7898.1156032435911,7899.3323988732609,7910
/Users/a/Ayanami/code/TSP/data/classic/tsplib/rd100.tsp,hybrid,645,helsgaun,88,7897.9343115605852,7899.3323988732609,7910
/Users/a/Ayanami/code/TSP/data/classic/tsplib/rd100.tsp,hybrid,646,helsgaun,89,7898.2590685939158,7899.3323988732609,7910
/Users/a/Ayanami/code/TSP/data/classic/tsplib/rd100.tsp,hybrid,647,helsgaun,90,7898.6950865200615,7899.3323988732609,7910
/Users/a/Ayanami/code/TSP/data/classic/tsplib/rd100.tsp,hybrid,648,helsgaun,91,7898.6456741101374,7899.3323988732609,7910
/Users/a/Ayanami/code/TSP/data/classic/tsplib/rd100.tsp,hybrid,649,helsgaun,92,7898.645268632441,7899.3323988732609,7910
/Users/a/Ayanami/code/TSP/data/classic/tsplib/rd100.tsp,hybrid,650,helsgaun,93,7898.7953943645307,7899.3323988732609,7910
/Users/a/Ayanami/code/TSP/data/classic/tsplib/rd100.tsp,hybrid,651,helsgaun,94,7898.7208507510786,7899.3323988732609,7910
/Users/a/Ayanami/code/TSP/data/classic/tsplib/rd100.tsp,hybrid,652,helsgaun,95,7898.9451796878129,7899.3323988732609,7910
/Users/a/Ayanami/code/TSP/data/classic/tsplib/rd100.tsp,hybrid,653,helsgaun,96,7898.9272026533999,7899.3323988732609,7910
/Users/a/Ayanami/code/TSP/data/classic/tsplib/rd100.tsp,hybrid,654,helsgaun,97,7898.9142065992246,7899.3323988732609,7910
