strategy,iteration,phase,phase_iteration,lower_bound,best_lower_bound
polyak-smoothed,1,polyak-smoothed,1,59775,59775
polyak-smoothed,2,polyak-smoothed,2,-5545.2000000000953,59775
polyak-smoothed,3,polyak-smoothed,3,46376.16591133007,59775
polyak-smoothed,4,polyak-smoothed,4,29279.344485136739,59775
polyak-smoothed,5,polyak-smoothed,5,33639.640962932011,59775
polyak-smoothed,6,polyak-smoothed,6,36614.156590053695,59775
polyak-smoothed,7,polyak-smoothed,7,37155.820982856152,59775
polyak-smoothed,8,polyak-smoothed,8,39975.147882202706,59775
polyak-smoothed,9,polyak-smoothed,9,42022.340261486308,59775
polyak-smoothed,10,polyak-smoothed,10,44554.046496233233,59775
polyak-smoothed,11,polyak-smoothed,11,40919.158014125031,59775
polyak-smoothed,12,polyak-smoothed,12,45629.808241749502,59775
polyak-smoothed,13,polyak-smoothed,13,43806.961707846938,59775
polyak-smoothed,14,polyak-smoothed,14,45857.67006108541,59775
polyak-smoothed,15,polyak-smoothed,15,51068.941029242174,59775
polyak-smoothed,16,polyak-smoothed,16,55998.691256004582,59775
polyak-smoothed,17,polyak-smoothed,17,58540.239007227836,59775
polyak-smoothed,18,polyak-smoothed,18,60512.336446814297,60512.336446814297
polyak-smoothed,19,polyak-smoothed,19,60804.937936786875,60804.937936786875
polyak-smoothed,20,polyak-smoothed,20,60488.219710261466,60804.937936786875
polyak-smoothed,21,polyak-smoothed,21,61290.882045373488,61290.882045373488
polyak-smoothed,22,polyak-smoothed,22,61396.629366365189,61396.629366365189
polyak-smoothed,23,polyak-smoothed,23,61797.478714950368,61797.478714950368
polyak-smoothed,24,polyak-smoothed,24,60529.895703890506,61797.478714950368
polyak-smoothed,25,polyak-smoothed,25,61933.385678835803,61933.385678835803
polyak-smoothed,26,polyak-smoothed,26,61010.03332272933,61933.385678835803
polyak-smoothed,27,polyak-smoothed,27,62000.0342977092,62000.0342977092
polyak-smoothed,28,polyak-smoothed,28,62016.434846433389,62016.434846433389
polyak-smoothed,29,polyak-smoothed,29,62049.30723484746,62049.30723484746
polyak-smoothed,30,polyak-smoothed,30,62166.837286610549,62166.837286610549
polyak-smoothed,31,polyak-smoothed,31,62325.443932236733,62325.443932236733
polyak-smoothed,32,polyak-smoothed,32,60486.280798681619,62325.443932236733
polyak-smoothed,33,polyak-smoothed,33,61372.586319433562,62325.443932236733
polyak-smoothed,34,polyak-smoothed,34,61973.446458992345,62325.443932236733
polyak-smoothed,35,polyak-smoothed,35,62051.904053806524,62325.443932236733
polyak-smoothed,36,polyak-smoothed,36,61730.023565992655,62325.443932236733
polyak-smoothed,37,polyak-smoothed,37,61449.372644110968,62325.443932236733
polyak-smoothed,38,polyak-smoothed,38,61779.71499882677,62325.443932236733
polyak-smoothed,39,polyak-smoothed,39,61943.491153690898,62325.443932236733
polyak-smoothed,40,polyak-smoothed,40,61948.372323793272,62325.443932236733
polyak-smoothed,41,polyak-smoothed,41,62010.537767424707,62325.443932236733
polyak-smoothed,42,polyak-smoothed,42,61240.136260856983,62325.443932236733
polyak-smoothed,43,polyak-smoothed,43,62038.088845957893,62325.443932236733
polyak-smoothed,44,polyak-smoothed,44,61968.852145829173,62325.443932236733
polyak-smoothed,45,polyak-smoothed,45,63151.644680764133,63151.644680764133
polyak-smoothed,46,polyak-smoothed,46,64112.586939739936,64112.586939739936
polyak-smoothed,47,polyak-smoothed,47,63511.571602109056,64112.586939739936
polyak-smoothed,48,polyak-smoothed,48,64059.138400306809,64112.586939739936
polyak-smoothed,49,polyak-smoothed,49,64339.885841653544,64339.885841653544
polyak-smoothed,50,polyak-smoothed,50,64169.317251177417,64339.885841653544
polyak-smoothed,51,polyak-smoothed,51,64286.364865049327,64339.885841653544
polyak-smoothed,52,polyak-smoothed,52,64059.036164669495,64339.885841653544
polyak-smoothed,53,polyak-smoothed,53,64534.452630385902,64534.452630385902
polyak-smoothed,54,polyak-smoothed,54,64379.726265203491,64534.452630385902
polyak-smoothed,55,polyak-smoothed,55,64468.394800951792,64534.452630385902
polyak-smoothed,56,polyak-smoothed,56,63901.006123673331,64534.452630385902
polyak-smoothed,57,polyak-smoothed,57,64513.043490061464,64534.452630385902
polyak-smoothed,58,polyak-smoothed,58,63367.931670598089,64534.452630385902
polyak-smoothed,59,polyak-smoothed,59,64505.535785217835,64534.452630385902
polyak-smoothed,60,polyak-smoothed,60,63637.618869581485,64534.452630385902
polyak-smoothed,61,polyak-smoothed,61,64467.904444702152,64534.452630385902
polyak-smoothed,62,polyak-smoothed,62,64226.831846984423,64534.452630385902
polyak-smoothed,63,polyak-smoothed,63,64386.749386599018,64534.452630385902
polyak-smoothed,64,polyak-smoothed,64,64497.785780915088,64534.452630385902
polyak-smoothed,65,polyak-smoothed,65,64719.534572495038,64719.534572495038
polyak-smoothed,66,polyak-smoothed,66,64306.310624810634,64719.534572495038
polyak-smoothed,67,polyak-smoothed,67,64856.130037423216,64856.130037423216
polyak-smoothed,68,polyak-smoothed,68,64031.972494449335,64856.130037423216
polyak-smoothed,69,polyak-smoothed,69,64817.854313472228,64856.130037423216
polyak-smoothed,70,polyak-smoothed,70,64542.977215942832,64856.130037423216
polyak-smoothed,71,polyak-smoothed,71,64622.664913151821,64856.130037423216
polyak-smoothed,72,polyak-smoothed,72,64577.172291109498,64856.130037423216
polyak-smoothed,73,polyak-smoothed,73,64204.602588843394,64856.130037423216
polyak-smoothed,74,polyak-smoothed,74,64938.657346123422,64938.657346123422
polyak-smoothed,75,polyak-smoothed,75,64581.067599906441,64938.657346123422
polyak-smoothed,76,polyak-smoothed,76,64785.789518036603,64938.657346123422
polyak-smoothed,77,polyak-smoothed,77,64670.750231307458,64938.657346123422
polyak-smoothed,78,polyak-smoothed,78,65176.776275467244,65176.776275467244
polyak-smoothed,79,polyak-smoothed,79,63581.061552186984,65176.776275467244
polyak-smoothed,80,polyak-smoothed,80,64770.240089471612,65176.776275467244
polyak-smoothed,81,polyak-smoothed,81,63961.942099647502,65176.776275467244
polyak-smoothed,82,polyak-smoothed,82,64904.525421933715,65176.776275467244
polyak-smoothed,83,polyak-smoothed,83,64395.304516960532,65176.776275467244
polyak-smoothed,84,polyak-smoothed,84,64549.046959741972,65176.776275467244
polyak-smoothed,85,polyak-smoothed,85,64669.438135298311,65176.776275467244
polyak-smoothed,86,polyak-smoothed,86,64920.383176691765,65176.776275467244
polyak-smoothed,87,polyak-smoothed,87,64760.97466656813,65176.776275467244
polyak-smoothed,88,polyak-smoothed,88,64715.795430564671,65176.776275467244
polyak-smoothed,89,polyak-smoothed,89,65192.980269679094,65192.980269679094
polyak-smoothed,90,polyak-smoothed,90,64376.366711189286,65192.980269679094
polyak-smoothed,91,polyak-smoothed,91,64818.019426878505,65192.980269679094
polyak-smoothed,92,polyak-smoothed,92,64643.45584620547,65192.980269679094
polyak-smoothed,93,polyak-smoothed,93,64767.629971139744,65192.980269679094
polyak-smoothed,94,polyak-smoothed,94,65001.458756746833,65192.980269679094
polyak-smoothed,95,polyak-smoothed,95,63785.582924531467,65192.980269679094
polyak-smoothed,96,polyak-smoothed,96,64950.354083878447,65192.980269679094
polyak-smoothed,97,polyak-smoothed,97,64308.985380943021,65192.980269679094
polyak-smoothed,98,polyak-smoothed,98,65258.525550819213,65258.525550819213
polyak-smoothed,99,polyak-smoothed,99,63549.560376431036,65258.525550819213
polyak-smoothed,100,polyak-smoothed,100,64548.057534328829,65258.525550819213
polyak-smoothed,101,polyak-smoothed,101,63916.256640174928,65258.525550819213
polyak-smoothed,102,polyak-smoothed,102,64683.904423538173,65258.525550819213
polyak-smoothed,103,polyak-smoothed,103,64668.128022981415,65258.525550819213
polyak-smoothed,104,polyak-smoothed,104,65275.452603410551,65275.452603410551
polyak-smoothed,105,polyak-smoothed,105,64690.190712120217,65275.452603410551
polyak-smoothed,106,polyak-smoothed,106,65386.620895684151,65386.620895684151
polyak-smoothed,107,polyak-smoothed,107,65085.770102803202,65386.620895684151
polyak-smoothed,108,polyak-smoothed,108,64041.271530099024,65386.620895684151
polyak-smoothed,109,polyak-smoothed,109,65443.431811169212,65443.431811169212
polyak-smoothed,110,polyak-smoothed,110,62883.199898537452,65443.431811169212
polyak-smoothed,111,polyak-smoothed,111,64784.554250176909,65443.431811169212
polyak-smoothed,112,polyak-smoothed,112,64293.154902683134,65443.431811169212
polyak-smoothed,113,polyak-smoothed,113,65327.595853292019,65443.431811169212
polyak-smoothed,114,polyak-smoothed,114,64196.003068043909,65443.431811169212
polyak-smoothed,115,polyak-smoothed,115,64999.999896132205,65443.431811169212
polyak-smoothed,116,polyak-smoothed,116,65249.183323692712,65443.431811169212
polyak-smoothed,117,polyak-smoothed,117,65381.512515328162,65443.431811169212
polyak-smoothed,118,polyak-smoothed,118,64026.116713756128,65443.431811169212
polyak-smoothed,119,polyak-smoothed,119,65351.100972127992,65443.431811169212
polyak-smoothed,120,polyak-smoothed,120,64693.564868176763,65443.431811169212
polyak-smoothed,121,polyak-smoothed,121,65215.670395922905,65443.431811169212
polyak-smoothed,122,polyak-smoothed,122,65497.168397275353,65497.168397275353
polyak-smoothed,123,polyak-smoothed,123,65968.305106263491,65968.305106263491
polyak-smoothed,124,polyak-smoothed,124,65471.21302195279,65968.305106263491
polyak-smoothed,125,polyak-smoothed,125,65832.848335735966,65968.305106263491
polyak-smoothed,126,polyak-smoothed,126,66090.05199007412,66090.05199007412
polyak-smoothed,127,polyak-smoothed,127,65914.047635844239,66090.05199007412
polyak-smoothed,128,polyak-smoothed,128,66035.966201952775,66090.05199007412
polyak-smoothed,129,polyak-smoothed,129,65693.106638040321,66090.05199007412
polyak-smoothed,130,polyak-smoothed,130,66043.924040721962,66090.05199007412
polyak-smoothed,131,polyak-smoothed,131,65598.658952649377,66090.05199007412
polyak-smoothed,132,polyak-smoothed,132,65856.51476288485,66090.05199007412
polyak-smoothed,133,polyak-smoothed,133,66008.174986979197,66090.05199007412
polyak-smoothed,134,polyak-smoothed,134,66210.604280055763,66210.604280055763
polyak-smoothed,135,polyak-smoothed,135,65993.466774474422,66210.604280055763
polyak-smoothed,136,polyak-smoothed,136,65972.166097834328,66210.604280055763
polyak-smoothed,137,polyak-smoothed,137,65947.528686332342,66210.604280055763
polyak-smoothed,138,polyak-smoothed,138,66122.359065312994,66210.604280055763
polyak-smoothed,139,polyak-smoothed,139,65781.427717072205,66210.604280055763
polyak-smoothed,140,polyak-smoothed,140,66259.321700004788,66259.321700004788
polyak-smoothed,141,polyak-smoothed,141,65866.743692945907,66259.321700004788
polyak-smoothed,142,polyak-smoothed,142,65975.907766638309,66259.321700004788
polyak-smoothed,143,polyak-smoothed,143,66204.607889470513,66259.321700004788
polyak-smoothed,144,polyak-smoothed,144,66114.347121474348,66259.321700004788
polyak-smoothed,145,polyak-smoothed,145,66182.258049135547,66259.321700004788
polyak-smoothed,146,polyak-smoothed,146,66279.968030299497,66279.968030299497
polyak-smoothed,147,polyak-smoothed,147,65804.017017049511,66279.968030299497
polyak-smoothed,148,polyak-smoothed,148,66234.873939748155,66279.968030299497
polyak-smoothed,149,polyak-smoothed,149,65996.269436716655,66279.968030299497
polyak-smoothed,150,polyak-smoothed,150,66421.786287373281,66421.786287373281
polyak-smoothed,151,polyak-smoothed,151,65809.541770209267,66421.786287373281
polyak-smoothed,152,polyak-smoothed,152,66314.090748111557,66421.786287373281
polyak-smoothed,153,polyak-smoothed,153,66201.837399378972,66421.786287373281
polyak-smoothed,154,polyak-smoothed,154,66215.745311226769,66421.786287373281
polyak-smoothed,155,polyak-smoothed,155,66278.780312890667,66421.786287373281
polyak-smoothed,156,polyak-smoothed,156,65568.1052051398,66421.786287373281
polyak-smoothed,157,polyak-smoothed,157,66172.056097607012,66421.786287373281
polyak-smoothed,158,polyak-smoothed,158,65676.498396088748,66421.786287373281
polyak-smoothed,159,polyak-smoothed,159,66091.760653413468,66421.786287373281
polyak-smoothed,160,polyak-smoothed,160,65947.523485240832,66421.786287373281
polyak-smoothed,161,polyak-smoothed,161,66296.765607745983,66421.786287373281
polyak-smoothed,162,polyak-smoothed,162,65614.045666725782,66421.786287373281
polyak-smoothed,163,polyak-smoothed,163,66248.374739907114,66421.786287373281
polyak-smoothed,164,polyak-smoothed,164,66392.039941571231,66421.786287373281
polyak-smoothed,165,polyak-smoothed,165,66587.762997902813,66587.762997902813
polyak-smoothed,166,polyak-smoothed,166,66489.754667776288,66587.762997902813
polyak-smoothed,167,polyak-smoothed,167,66579.734902735945,66587.762997902813
polyak-smoothed,168,polyak-smoothed,168,66453.554658234949,66587.762997902813
polyak-smoothed,169,polyak-smoothed,169,66607.448393455605,66607.448393455605
polyak-smoothed,170,polyak-smoothed,170,66313.414938534639,66607.448393455605
polyak-smoothed,171,polyak-smoothed,171,66658.249570272543,66658.249570272543
polyak-smoothed,172,polyak-smoothed,172,66164.933629532781,66658.249570272543
polyak-smoothed,173,polyak-smoothed,173,66419.499062912699,66658.249570272543
polyak-smoothed,174,polyak-smoothed,174,66444.529479339486,66658.249570272543
polyak-smoothed,175,polyak-smoothed,175,66639.346520091887,66658.249570272543
polyak-smoothed,176,polyak-smoothed,176,66411.075329406129,66658.249570272543
polyak-smoothed,177,polyak-smoothed,177,66648.876223723099,66658.249570272543
polyak-smoothed,178,polyak-smoothed,178,66678.688971788331,66678.688971788331
polyak-smoothed,179,polyak-smoothed,179,66517.848799551066,66678.688971788331
polyak-smoothed,180,polyak-smoothed,180,66708.509267406902,66708.509267406902
polyak-smoothed,181,polyak-smoothed,181,66614.41035949692,66708.509267406902
polyak-smoothed,182,polyak-smoothed,182,66636.247048914913,66708.509267406902
polyak-smoothed,183,polyak-smoothed,183,66636.050328890982,66708.509267406902
polyak-smoothed,184,polyak-smoothed,184,66736.84067129968,66736.84067129968
polyak-smoothed,185,polyak-smoothed,185,66492.338957288855,66736.84067129968
polyak-smoothed,186,polyak-smoothed,186,66660.029214559239,66736.84067129968
polyak-smoothed,187,polyak-smoothed,187,66445.340286330989,66736.84067129968
polyak-smoothed,188,polyak-smoothed,188,66634.811535580273,66736.84067129968
polyak-smoothed,189,polyak-smoothed,189,66648.564712722698,66736.84067129968
polyak-smoothed,190,polyak-smoothed,190,66605.276433327366,66736.84067129968
polyak-smoothed,191,polyak-smoothed,191,66784.614668844966,66784.614668844966
polyak-smoothed,192,polyak-smoothed,192,66574.517327126814,66784.614668844966
polyak-smoothed,193,polyak-smoothed,193,66732.67564679349,66784.614668844966
polyak-smoothed,194,polyak-smoothed,194,66536.826444210441,66784.614668844966
polyak-smoothed,195,polyak-smoothed,195,66706.285753887787,66784.614668844966
polyak-smoothed,196,polyak-smoothed,196,66485.184757617943,66784.614668844966
polyak-smoothed,197,polyak-smoothed,197,66698.025039842876,66784.614668844966
polyak-smoothed,198,polyak-smoothed,198,66457.687022901722,66784.614668844966
polyak-smoothed,199,polyak-smoothed,199,66647.032000562685,66784.614668844966
polyak-smoothed,200,polyak-smoothed,200,66664.984522149534,66784.614668844966
polyak-smoothed,201,polyak-smoothed,201,66733.728485091095,66784.614668844966
polyak-smoothed,202,polyak-smoothed,202,66624.03016714775,66784.614668844966
polyak-smoothed,203,polyak-smoothed,203,66711.177048064215,66784.614668844966
polyak-smoothed,204,polyak-smoothed,204,66733.814637929318,66784.614668844966
polyak-smoothed,205,polyak-smoothed,205,66874.156715206191,66874.156715206191
polyak-smoothed,206,polyak-smoothed,206,66866.730599831906,66874.156715206191
polyak-smoothed,207,polyak-smoothed,207,66910.693554678437,66910.693554678437
polyak-smoothed,208,polyak-smoothed,208,66755.085991345462,66910.693554678437
polyak-smoothed,209,polyak-smoothed,209,66882.518160065767,66910.693554678437
polyak-smoothed,210,polyak-smoothed,210,66795.397006629923,66910.693554678437
polyak-smoothed,211,polyak-smoothed,211,66915.428255871797,66915.428255871797
polyak-smoothed,212,polyak-smoothed,212,66785.110987625521,66915.428255871797
polyak-smoothed,213,polyak-smoothed,213,66895.965640284863,66915.428255871797
polyak-smoothed,214,polyak-smoothed,214,66822.582049730467,66915.428255871797
polyak-smoothed,215,polyak-smoothed,215,66905.527407289555,66915.428255871797
polyak-smoothed,216,polyak-smoothed,216,66890.059382233434,66915.428255871797
polyak-smoothed,217,polyak-smoothed,217,66983.010934719219,66983.010934719219
polyak-smoothed,218,polyak-smoothed,218,66851.042576265725,66983.010934719219
polyak-smoothed,219,polyak-smoothed,219,66909.782321075181,66983.010934719219
polyak-smoothed,220,polyak-smoothed,220,66915.076211388077,66983.010934719219
polyak-smoothed,221,polyak-smoothed,221,66993.481754232635,66993.481754232635
polyak-smoothed,222,polyak-smoothed,222,66921.113380916795,66993.481754232635
polyak-smoothed,223,polyak-smoothed,223,66863.801541342458,66993.481754232635
polyak-smoothed,224,polyak-smoothed,224,66960.616641299639,66993.481754232635
polyak-smoothed,225,polyak-smoothed,225,66823.726741655701,66993.481754232635
polyak-smoothed,226,polyak-smoothed,226,66945.679366559998,66993.481754232635
polyak-smoothed,227,polyak-smoothed,227,66877.344923693861,66993.481754232635
polyak-smoothed,228,polyak-smoothed,228,66999.709392933408,66999.709392933408
polyak-smoothed,229,polyak-smoothed,229,66686.104441425414,66999.709392933408
polyak-smoothed,230,polyak-smoothed,230,66884.685065912388,66999.709392933408
polyak-smoothed,231,polyak-smoothed,231,66928.29398297632,66999.709392933408
polyak-smoothed,232,polyak-smoothed,232,66953.221333248526,66999.709392933408
polyak-smoothed,233,polyak-smoothed,233,66925.282647120141,66999.709392933408
polyak-smoothed,234,polyak-smoothed,234,66989.13245649595,66999.709392933408
polyak-smoothed,235,polyak-smoothed,235,67003.428355175784,67003.428355175784
polyak-smoothed,236,polyak-smoothed,236,67022.9516029566,67022.9516029566
polyak-smoothed,237,polyak-smoothed,237,66875.090790827235,67022.9516029566
polyak-smoothed,238,polyak-smoothed,238,67006.397251404647,67022.9516029566
polyak-smoothed,239,polyak-smoothed,239,66859.388219267697,67022.9516029566
polyak-smoothed,240,polyak-smoothed,240,66999.224819535186,67022.9516029566
polyak-smoothed,241,polyak-smoothed,241,66804.409285117144,67022.9516029566
polyak-smoothed,242,polyak-smoothed,242,66951.660172422809,67022.9516029566
polyak-smoothed,243,polyak-smoothed,243,67007.043696439156,67022.9516029566
polyak-smoothed,244,polyak-smoothed,244,66847.707383382498,67022.9516029566
polyak-smoothed,245,polyak-smoothed,245,66979.61911564511,67022.9516029566
polyak-smoothed,246,polyak-smoothed,246,66962.958850982366,67022.9516029566
polyak-smoothed,247,polyak-smoothed,247,66989.587933935632,67022.9516029566
polyak-smoothed,248,polyak-smoothed,248,67013.420332515991,67022.9516029566
polyak-smoothed,249,polyak-smoothed,249,66999.937102124211,67022.9516029566
polyak-smoothed,250,polyak-smoothed,250,67049.136430924278,67049.136430924278
polyak-smoothed,251,polyak-smoothed,251,67080.758324391296,67080.758324391296
polyak-smoothed,252,polyak-smoothed,252,67101.822865805021,67101.822865805021
polyak-smoothed,253,polyak-smoothed,253,67072.643825784966,67101.822865805021
polyak-smoothed,254,polyak-smoothed,254,67096.905607304521,67101.822865805021
polyak-smoothed,255,polyak-smoothed,255,67078.885002898489,67101.822865805021
polyak-smoothed,256,polyak-smoothed,256,67098.286140885437,67101.822865805021
polyak-smoothed,257,polyak-smoothed,257,67077.395777908983,67101.822865805021
polyak-smoothed,258,polyak-smoothed,258,67098.517005660367,67101.822865805021
polyak-smoothed,259,polyak-smoothed,259,67085.751201269217,67101.822865805021
polyak-smoothed,260,polyak-smoothed,260,67122.505090613384,67122.505090613384
polyak-smoothed,261,polyak-smoothed,261,67087.807480404052,67122.505090613384
polyak-smoothed,262,polyak-smoothed,262,67109.514336178792,67122.505090613384
polyak-smoothed,263,polyak-smoothed,263,67046.482621085263,67122.505090613384
polyak-smoothed,264,polyak-smoothed,264,67082.285326098092,67122.505090613384
polyak-smoothed,265,polyak-smoothed,265,67071.756073860961,67122.505090613384
polyak-smoothed,266,polyak-smoothed,266,67112.394621509055,67122.505090613384
polyak-smoothed,267,polyak-smoothed,267,67064.580720670507,67122.505090613384
polyak-smoothed,268,polyak-smoothed,268,67117.313271462044,67122.505090613384
polyak-smoothed,269,polyak-smoothed,269,67003.876712469806,67122.505090613384
polyak-smoothed,270,polyak-smoothed,270,67093.535968249969,67122.505090613384
polyak-smoothed,271,polyak-smoothed,271,67094.469231895331,67122.505090613384
polyak-smoothed,272,polyak-smoothed,272,67139.989518368064,67139.989518368064
polyak-smoothed,273,polyak-smoothed,273,67093.074721014913,67139.989518368064
polyak-smoothed,274,polyak-smoothed,274,67129.948817295706,67139.989518368064
polyak-smoothed,275,polyak-smoothed,275,67098.88719026641,67139.989518368064
polyak-smoothed,276,polyak-smoothed,276,67119.801827641044,67139.989518368064
polyak-smoothed,277,polyak-smoothed,277,67137.949476481197,67139.989518368064
polyak-smoothed,278,polyak-smoothed,278,67134.578590337682,67139.989518368064
polyak-smoothed,279,polyak-smoothed,279,67138.450906560072,67139.989518368064
polyak-smoothed,280,polyak-smoothed,280,67144.223057390103,67144.223057390103
polyak-smoothed,281,polyak-smoothed,281,67138.415666081448,67144.223057390103
polyak-smoothed,282,polyak-smoothed,282,67126.107379931098,67144.223057390103
polyak-smoothed,283,polyak-smoothed,283,67146.458703485565,67146.458703485565
polyak-smoothed,284,polyak-smoothed,284,67158.491442267579,67158.491442267579
polyak-smoothed,285,polyak-smoothed,285,67111.406445451357,67158.491442267579
polyak-smoothed,286,polyak-smoothed,286,67138.959889008896,67158.491442267579
polyak-smoothed,287,polyak-smoothed,287,67139.236376951507,67158.491442267579
polyak-smoothed,288,polyak-smoothed,288,67151.164910157866,67158.491442267579
polyak-smoothed,289,polyak-smoothed,289,67165.666784942092,67165.666784942092
polyak-smoothed,290,polyak-smoothed,290,67134.731170762083,67165.666784942092
polyak-smoothed,291,polyak-smoothed,291,67161.190115929945,67165.666784942092
polyak-smoothed,292,polyak-smoothed,292,67145.698829120971,67165.666784942092
polyak-smoothed,293,polyak-smoothed,293,67134.748013853314,67165.666784942092
polyak-smoothed,294,polyak-smoothed,294,67167.79348004215,67167.79348004215
polyak-smoothed,295,polyak-smoothed,295,67108.987524367287,67167.79348004215
polyak-smoothed,296,polyak-smoothed,296,67135.740056775787,67167.79348004215
polyak-smoothed,297,polyak-smoothed,297,67129.733882300046,67167.79348004215
polyak-smoothed,298,polyak-smoothed,298,67153.454179089822,67167.79348004215
polyak-smoothed,299,polyak-smoothed,299,67150.619664932106,67167.79348004215
polyak-smoothed,300,polyak-smoothed,300,67176.617623958591,67176.617623958591
polyak-smoothed,301,polyak-smoothed,301,67111.577945713114,67176.617623958591
polyak-smoothed,302,polyak-smoothed,302,67154.192657078864,67176.617623958591
polyak-smoothed,303,polyak-smoothed,303,67084.903555085082,67176.617623958591
polyak-smoothed,304,polyak-smoothed,304,67163.656201027101,67176.617623958591
polyak-smoothed,305,polyak-smoothed,305,67115.675552568355,67176.617623958591
polyak-smoothed,306,polyak-smoothed,306,67162.904989033079,67176.617623958591
polyak-smoothed,307,polyak-smoothed,307,67133.728875131943,67176.617623958591
polyak-smoothed,308,polyak-smoothed,308,67150.485694097835,67176.617623958591
polyak-smoothed,309,polyak-smoothed,309,67200.377854111808,67200.377854111808
polyak-smoothed,310,polyak-smoothed,310,67078.628637613685,67200.377854111808
polyak-smoothed,311,polyak-smoothed,311,67147.312635389389,67200.377854111808
polyak-smoothed,312,polyak-smoothed,312,67155.340829013207,67200.377854111808
polyak-smoothed,313,polyak-smoothed,313,67174.463919586648,67200.377854111808
polyak-smoothed,314,polyak-smoothed,314,67190.607679686567,67200.377854111808
polyak-smoothed,315,polyak-smoothed,315,67144.320378137578,67200.377854111808
polyak-smoothed,316,polyak-smoothed,316,67173.878884623045,67200.377854111808
polyak-smoothed,317,polyak-smoothed,317,67167.734604922181,67200.377854111808
polyak-smoothed,318,polyak-smoothed,318,67194.446164259498,67200.377854111808
polyak-smoothed,319,polyak-smoothed,319,67152.207842878255,67200.377854111808
polyak-smoothed,320,polyak-smoothed,320,67180.690044297109,67200.377854111808
polyak-smoothed,321,polyak-smoothed,321,67124.679961662579,67200.377854111808
polyak-smoothed,322,polyak-smoothed,322,67163.369592092029,67200.377854111808
polyak-smoothed,323,polyak-smoothed,323,67198.340676285108,67200.377854111808
polyak-smoothed,324,polyak-smoothed,324,67208.507400528179,67208.507400528179
polyak-smoothed,325,polyak-smoothed,325,67206.833481650567,67208.507400528179
polyak-smoothed,326,polyak-smoothed,326,67216.943933340139,67216.943933340139
polyak-smoothed,327,polyak-smoothed,327,67220.77074751597,67220.77074751597
polyak-smoothed,328,polyak-smoothed,328,67225.927805547166,67225.927805547166
polyak-smoothed,329,polyak-smoothed,329,67203.99876027256,67225.927805547166
polyak-smoothed,330,polyak-smoothed,330,67223.575550201655,67225.927805547166
polyak-smoothed,331,polyak-smoothed,331,67192.45717431877,67225.927805547166
polyak-smoothed,332,polyak-smoothed,332,67212.126767941169,67225.927805547166
polyak-smoothed,333,polyak-smoothed,333,67215.134558462494,67225.927805547166
polyak-smoothed,334,polyak-smoothed,334,67234.214338308942,67234.214338308942
polyak-smoothed,335,polyak-smoothed,335,67208.083740633796,67234.214338308942
polyak-smoothed,336,polyak-smoothed,336,67229.237570131154,67234.214338308942
polyak-smoothed,337,polyak-smoothed,337,67197.530920737161,67234.214338308942
polyak-smoothed,338,polyak-smoothed,338,67231.573704963987,67234.214338308942
polyak-smoothed,339,polyak-smoothed,339,67202.767189470047,67234.214338308942
polyak-smoothed,340,polyak-smoothed,340,67222.580103853034,67234.214338308942
polyak-smoothed,341,polyak-smoothed,341,67237.564419642498,67237.564419642498
polyak-smoothed,342,polyak-smoothed,342,67203.106492683335,67237.564419642498
polyak-smoothed,343,polyak-smoothed,343,67237.871112882523,67237.871112882523
polyak-smoothed,344,polyak-smoothed,344,67213.4180308988,67237.871112882523
polyak-smoothed,345,polyak-smoothed,345,67237.522464750829,67237.871112882523
polyak-smoothed,346,polyak-smoothed,346,67239.594449522629,67239.594449522629
polyak-smoothed,347,polyak-smoothed,347,67238.80199606283,67239.594449522629
polyak-smoothed,348,polyak-smoothed,348,67218.590834800008,67239.594449522629
polyak-smoothed,349,polyak-smoothed,349,67232.52959024407,67239.594449522629
polyak-smoothed,350,polyak-smoothed,350,67209.623607632107,67239.594449522629
polyak-smoothed,351,polyak-smoothed,351,67237.302438663959,67239.594449522629
polyak-smoothed,352,polyak-smoothed,352,67238.480740559069,67239.594449522629
polyak-smoothed,353,polyak-smoothed,353,67250.694169046357,67250.694169046357
polyak-smoothed,354,polyak-smoothed,354,67225.390159231421,67250.694169046357
polyak-smoothed,355,polyak-smoothed,355,67234.792386782399,67250.694169046357
polyak-smoothed,356,polyak-smoothed,356,67256.684611187782,67256.684611187782
polyak-smoothed,357,polyak-smoothed,357,67210.778731680432,67256.684611187782
polyak-smoothed,358,polyak-smoothed,358,67237.972058172963,67256.684611187782
polyak-smoothed,359,polyak-smoothed,359,67237.062636725357,67256.684611187782
polyak-smoothed,360,polyak-smoothed,360,67258.066475845073,67258.066475845073
polyak-smoothed,361,polyak-smoothed,361,67247.444584342476,67258.066475845073
polyak-smoothed,362,polyak-smoothed,362,67246.883383188208,67258.066475845073
polyak-smoothed,363,polyak-smoothed,363,67252.210809712968,67258.066475845073
polyak-smoothed,364,polyak-smoothed,364,67239.711233969865,67258.066475845073
polyak-smoothed,365,polyak-smoothed,365,67252.670129790262,67258.066475845073
polyak-smoothed,366,polyak-smoothed,366,67207.250157371353,67258.066475845073
polyak-smoothed,367,polyak-smoothed,367,67231.672929325548,67258.066475845073
polyak-smoothed,368,polyak-smoothed,368,67234.618797284842,67258.066475845073
polyak-smoothed,369,polyak-smoothed,369,67250.533285848593,67258.066475845073
polyak-smoothed,370,polyak-smoothed,370,67234.688628438787,67258.066475845073
polyak-smoothed,371,polyak-smoothed,371,67254.801267566669,67258.066475845073
polyak-smoothed,372,polyak-smoothed,372,67225.571028950362,67258.066475845073
polyak-smoothed,373,polyak-smoothed,373,67249.864148130931,67258.066475845073
polyak-smoothed,374,polyak-smoothed,374,67260.289366590558,67260.289366590558
polyak-smoothed,375,polyak-smoothed,375,67265.389968198811,67265.389968198811
polyak-smoothed,376,polyak-smoothed,376,67275.813716416611,67275.813716416611
polyak-smoothed,377,polyak-smoothed,377,67269.675212635339,67275.813716416611
polyak-smoothed,378,polyak-smoothed,378,67268.06975582469,67275.813716416611
polyak-smoothed,379,polyak-smoothed,379,67273.086013532069,67275.813716416611
polyak-smoothed,380,polyak-smoothed,380,67267.653134870328,67275.813716416611
polyak-smoothed,381,polyak-smoothed,381,67269.232572446956,67275.813716416611
polyak-smoothed,382,polyak-smoothed,382,67277.152466907864,67277.152466907864
polyak-smoothed,383,polyak-smoothed,383,67266.499816672425,67277.152466907864
polyak-smoothed,384,polyak-smoothed,384,67270.727077009928,67277.152466907864
polyak-smoothed,385,polyak-smoothed,385,67281.101847812242,67281.101847812242
polyak-smoothed,386,polyak-smoothed,386,67267.732257064999,67281.101847812242
polyak-smoothed,387,polyak-smoothed,387,67279.221005800049,67281.101847812242
polyak-smoothed,388,polyak-smoothed,388,67272.856197877438,67281.101847812242
polyak-smoothed,389,polyak-smoothed,389,67281.195743561984,67281.195743561984
polyak-smoothed,390,polyak-smoothed,390,67244.405337075994,67281.195743561984
polyak-smoothed,391,polyak-smoothed,391,67262.072544170893,67281.195743561984
polyak-smoothed,392,polyak-smoothed,392,67272.945594586054,67281.195743561984
polyak-smoothed,393,polyak-smoothed,393,67273.036069839101,67281.195743561984
polyak-smoothed,394,polyak-smoothed,394,67278.488839861748,67281.195743561984
polyak-smoothed,395,polyak-smoothed,395,67278.640099126977,67281.195743561984
polyak-smoothed,396,polyak-smoothed,396,67282.304577697229,67282.304577697229
polyak-smoothed,397,polyak-smoothed,397,67269.755944122808,67282.304577697229
polyak-smoothed,398,polyak-smoothed,398,67279.011926640305,67282.304577697229
polyak-smoothed,399,polyak-smoothed,399,67274.173530314365,67282.304577697229
polyak-smoothed,400,polyak-smoothed,400,67282.122439035535,67282.304577697229
polyak-smoothed,401,polyak-smoothed,401,67276.076469026128,67282.304577697229
polyak-smoothed,402,polyak-smoothed,402,67284.382343999314,67284.382343999314
polyak-smoothed,403,polyak-smoothed,403,67288.26193301742,67288.26193301742
polyak-smoothed,404,polyak-smoothed,404,67273.460328415793,67288.26193301742
polyak-smoothed,405,polyak-smoothed,405,67285.423986574911,67288.26193301742
polyak-smoothed,406,polyak-smoothed,406,67284.91063837093,67288.26193301742
polyak-smoothed,407,polyak-smoothed,407,67286.404040893525,67288.26193301742
polyak-smoothed,408,polyak-smoothed,408,67282.87045932503,67288.26193301742
polyak-smoothed,409,polyak-smoothed,409,67290.920808515366,67290.920808515366
polyak-smoothed,410,polyak-smoothed,410,67283.579200160035,67290.920808515366
polyak-smoothed,411,polyak-smoothed,411,67282.678785704935,67290.920808515366
polyak-smoothed,412,polyak-smoothed,412,67281.438167396322,67290.920808515366
polyak-smoothed,413,polyak-smoothed,413,67287.325304608516,67290.920808515366
polyak-smoothed,414,polyak-smoothed,414,67282.653528666357,67290.920808515366
polyak-smoothed,415,polyak-smoothed,415,67291.589477197966,67291.589477197966
polyak-smoothed,416,polyak-smoothed,416,67269.48894234866,67291.589477197966
polyak-smoothed,417,polyak-smoothed,417,67287.411403929946,67291.589477197966
polyak-smoothed,418,polyak-smoothed,418,67284.250803024435,67291.589477197966
polyak-smoothed,419,polyak-smoothed,419,67280.69741548301,67291.589477197966
polyak-smoothed,420,polyak-smoothed,420,67290.262990996765,67291.589477197966
polyak-smoothed,421,polyak-smoothed,421,67279.13339037924,67291.589477197966
polyak-smoothed,422,polyak-smoothed,422,67285.955895996303,67291.589477197966
polyak-smoothed,423,polyak-smoothed,423,67276.599514226866,67291.589477197966
polyak-smoothed,424,polyak-smoothed,424,67293.792107674381,67293.792107674381
polyak-smoothed,425,polyak-smoothed,425,67275.567570278756,67293.792107674381
polyak-smoothed,426,polyak-smoothed,426,67287.67112664679,67293.792107674381
polyak-smoothed,427,polyak-smoothed,427,67287.381791247026,67293.792107674381
polyak-smoothed,428,polyak-smoothed,428,67287.103424544242,67293.792107674381
polyak-smoothed,429,polyak-smoothed,429,67285.353377626583,67293.792107674381
polyak-smoothed,430,polyak-smoothed,430,67286.574167330837,67293.792107674381
polyak-smoothed,431,polyak-smoothed,431,67292.467120012327,67293.792107674381
polyak-smoothed,432,polyak-smoothed,432,67288.307781069496,67293.792107674381
polyak-smoothed,433,polyak-smoothed,433,67300.527436604272,67300.527436604272
polyak-smoothed,434,polyak-smoothed,434,67273.244708352038,67300.527436604272
polyak-smoothed,435,polyak-smoothed,435,67288.329560744096,67300.527436604272
polyak-smoothed,436,polyak-smoothed,436,67294.581540847837,67300.527436604272
polyak-smoothed,437,polyak-smoothed,437,67294.48791594409,67300.527436604272
polyak-smoothed,438,polyak-smoothed,438,67304.282658528144,67304.282658528144
polyak-smoothed,439,polyak-smoothed,439,67281.199153929265,67304.282658528144
polyak-smoothed,440,polyak-smoothed,440,67291.594480927524,67304.282658528144
polyak-smoothed,441,polyak-smoothed,441,67293.981841759625,67304.282658528144
polyak-smoothed,442,polyak-smoothed,442,67294.62550861905,67304.282658528144
polyak-smoothed,443,polyak-smoothed,443,67293.579459533532,67304.282658528144
polyak-smoothed,444,polyak-smoothed,444,67303.039057378031,67304.282658528144
polyak-smoothed,445,polyak-smoothed,445,67285.452799252962,67304.282658528144
polyak-smoothed,446,polyak-smoothed,446,67299.002829197503,67304.282658528144
polyak-smoothed,447,polyak-smoothed,447,67283.704891602014,67304.282658528144
polyak-smoothed,448,polyak-smoothed,448,67292.158253402173,67304.282658528144
polyak-smoothed,449,polyak-smoothed,449,67298.768751537747,67304.282658528144
polyak-smoothed,450,polyak-smoothed,450,67297.444609592276,67304.282658528144
polyak-smoothed,451,polyak-smoothed,451,67287.308970324128,67304.282658528144
polyak-smoothed,452,polyak-smoothed,452,67302.984596752445,67304.282658528144
polyak-smoothed,453,polyak-smoothed,453,67308.770748288618,67308.770748288618
polyak-smoothed,454,polyak-smoothed,454,67300.925543825229,67308.770748288618
polyak-smoothed,455,polyak-smoothed,455,67309.228637369131,67309.228637369131
polyak-smoothed,456,polyak-smoothed,456,67305.705367889561,67309.228637369131
polyak-smoothed,457,polyak-smoothed,457,67311.922012679352,67311.922012679352
polyak-smoothed,458,polyak-smoothed,458,67309.337713886765,67311.922012679352
polyak-smoothed,459,polyak-smoothed,459,67314.561519135503,67314.561519135503
polyak-smoothed,460,polyak-smoothed,460,67313.755203804481,67314.561519135503
polyak-smoothed,461,polyak-smoothed,461,67313.674647572421,67314.561519135503
polyak-smoothed,462,polyak-smoothed,462,67310.506651819349,67314.561519135503
polyak-smoothed,463,polyak-smoothed,463,67311.847027344527,67314.561519135503
polyak-smoothed,464,polyak-smoothed,464,67309.188791028646,67314.561519135503
polyak-smoothed,465,polyak-smoothed,465,67314.440729171009,67314.561519135503
polyak-smoothed,466,polyak-smoothed,466,67309.688086844035,67314.561519135503
polyak-smoothed,467,polyak-smoothed,467,67313.454192495497,67314.561519135503
polyak-smoothed,468,polyak-smoothed,468,67309.235042088316,67314.561519135503
polyak-smoothed,469,polyak-smoothed,469,67315.604392471796,67315.604392471796
polyak-smoothed,470,polyak-smoothed,470,67310.281837147035,67315.604392471796
polyak-smoothed,471,polyak-smoothed,471,67316.903160882546,67316.903160882546
polyak-smoothed,472,polyak-smoothed,472,67306.423693751552,67316.903160882546
polyak-smoothed,473,polyak-smoothed,473,67313.480526243424,67316.903160882546
polyak-smoothed,474,polyak-smoothed,474,67312.091518175235,67316.903160882546
polyak-smoothed,475,polyak-smoothed,475,67314.4709636263,67316.903160882546
polyak-smoothed,476,polyak-smoothed,476,67317.711952472586,67317.711952472586
polyak-smoothed,477,polyak-smoothed,477,67312.980917341672,67317.711952472586
polyak-smoothed,478,polyak-smoothed,478,67314.489133095281,67317.711952472586
polyak-smoothed,479,polyak-smoothed,479,67317.632630029417,67317.711952472586
polyak-smoothed,480,polyak-smoothed,480,67315.013115661,67317.711952472586
polyak-smoothed,481,polyak-smoothed,481,67318.421043104521,67318.421043104521
polyak-smoothed,482,polyak-smoothed,482,67312.924944554252,67318.421043104521
polyak-smoothed,483,polyak-smoothed,483,67318.924937015894,67318.924937015894
polyak-smoothed,484,polyak-smoothed,484,67311.548334808918,67318.924937015894
polyak-smoothed,485,polyak-smoothed,485,67316.473415878951,67318.924937015894
polyak-smoothed,486,polyak-smoothed,486,67312.994681389537,67318.924937015894
polyak-smoothed,487,polyak-smoothed,487,67316.433226942507,67318.924937015894
polyak-smoothed,488,polyak-smoothed,488,67313.301078406497,67318.924937015894
polyak-smoothed,489,polyak-smoothed,489,67318.950057887807,67318.950057887807
polyak-smoothed,490,polyak-smoothed,490,67317.251404656534,67318.950057887807
polyak-smoothed,491,polyak-smoothed,491,67318.534853229372,67318.950057887807
polyak-smoothed,492,polyak-smoothed,492,67315.641269549451,67318.950057887807
polyak-smoothed,493,polyak-smoothed,493,67320.194069025209,67320.194069025209
polyak-smoothed,494,polyak-smoothed,494,67310.580007615572,67320.194069025209
polyak-smoothed,495,polyak-smoothed,495,67317.636618547869,67320.194069025209
polyak-smoothed,496,polyak-smoothed,496,67314.116315080188,67320.194069025209
polyak-smoothed,497,polyak-smoothed,497,67320.849852389103,67320.849852389103
polyak-smoothed,498,polyak-smoothed,498,67312.729930088972,67320.849852389103
polyak-smoothed,499,polyak-smoothed,499,67321.580412539013,67321.580412539013
polyak-smoothed,500,polyak-smoothed,500,67319.192267659033,67321.580412539013
polyak-smoothed,501,polyak-smoothed,501,67320.523632735058,67321.580412539013
polyak-smoothed,502,polyak-smoothed,502,67319.019548920667,67321.580412539013
polyak-smoothed,503,polyak-smoothed,503,67323.774777708924,67323.774777708924
polyak-smoothed,504,polyak-smoothed,504,67313.274458481566,67323.774777708924
polyak-smoothed,505,polyak-smoothed,505,67319.450437926804,67323.774777708924
polyak-smoothed,506,polyak-smoothed,506,67321.874065042008,67323.774777708924
polyak-smoothed,507,polyak-smoothed,507,67316.198826431064,67323.774777708924
polyak-smoothed,508,polyak-smoothed,508,67322.487303613379,67323.774777708924
polyak-smoothed,509,polyak-smoothed,509,67320.666725581235,67323.774777708924
polyak-smoothed,510,polyak-smoothed,510,67322.303415612114,67323.774777708924
polyak-smoothed,511,polyak-smoothed,511,67321.52251697304,67323.774777708924
polyak-smoothed,512,polyak-smoothed,512,67323.924740238843,67323.924740238843
polyak-smoothed,513,polyak-smoothed,513,67319.922942691657,67323.924740238843
polyak-smoothed,514,polyak-smoothed,514,67322.895871523317,67323.924740238843
polyak-smoothed,515,polyak-smoothed,515,67316.294977570389,67323.924740238843
polyak-smoothed,516,polyak-smoothed,516,67321.420004413842,67323.924740238843
polyak-smoothed,517,polyak-smoothed,517,67322.22029160941,67323.924740238843
polyak-smoothed,518,polyak-smoothed,518,67321.459192258408,67323.924740238843
polyak-smoothed,519,polyak-smoothed,519,67325.236532712122,67325.236532712122
polyak-smoothed,520,polyak-smoothed,520,67317.905174428233,67325.236532712122
polyak-smoothed,521,polyak-smoothed,521,67324.783544903708,67325.236532712122
polyak-smoothed,522,polyak-smoothed,522,67321.484697587119,67325.236532712122
polyak-smoothed,523,polyak-smoothed,523,67325.083245259215,67325.236532712122
polyak-smoothed,524,polyak-smoothed,524,67327.309535823893,67327.309535823893
polyak-smoothed,525,polyak-smoothed,525,67321.837486881064,67327.309535823893
polyak-smoothed,526,polyak-smoothed,526,67322.976260078314,67327.309535823893
polyak-smoothed,527,polyak-smoothed,527,67326.299374786278,67327.309535823893
polyak-smoothed,528,polyak-smoothed,528,67322.873247677257,67327.309535823893
polyak-smoothed,529,polyak-smoothed,529,67329.16461840515,67329.16461840515
polyak-smoothed,530,polyak-smoothed,530,67323.569700697146,67329.16461840515
polyak-smoothed,531,polyak-smoothed,531,67328.267642214312,67329.16461840515
polyak-smoothed,532,polyak-smoothed,532,67319.235478888062,67329.16461840515
polyak-smoothed,533,polyak-smoothed,533,67325.875657195153,67329.16461840515
polyak-smoothed,534,polyak-smoothed,534,67325.838969555858,67329.16461840515
polyak-smoothed,535,polyak-smoothed,535,67328.940435091747,67329.16461840515
polyak-smoothed,536,polyak-smoothed,536,67326.949291791272,67329.16461840515
polyak-smoothed,537,polyak-smoothed,537,67326.509029075663,67329.16461840515
polyak-smoothed,538,polyak-smoothed,538,67321.923591389772,67329.16461840515
polyak-smoothed,539,polyak-smoothed,539,67329.448679834924,67329.448679834924
polyak-smoothed,540,polyak-smoothed,540,67328.313577800363,67329.448679834924
polyak-smoothed,541,polyak-smoothed,541,67328.292886564959,67329.448679834924
polyak-smoothed,542,polyak-smoothed,542,67329.780657402938,67329.780657402938
polyak-smoothed,543,polyak-smoothed,543,67325.254653557902,67329.780657402938
polyak-smoothed,544,polyak-smoothed,544,67327.40476546064,67329.780657402938
polyak-smoothed,545,polyak-smoothed,545,67317.54881756338,67329.780657402938
polyak-smoothed,546,polyak-smoothed,546,67325.11480604166,67329.780657402938
polyak-smoothed,547,polyak-smoothed,547,67329.69946720099,67329.780657402938
polyak-smoothed,548,polyak-smoothed,548,67332.607280357886,67332.607280357886
polyak-smoothed,549,polyak-smoothed,549,67324.217290491855,67332.607280357886
polyak-smoothed,550,polyak-smoothed,550,67329.541124814132,67332.607280357886
polyak-smoothed,551,polyak-smoothed,551,67330.0103825119,67332.607280357886
polyak-smoothed,552,polyak-smoothed,552,67330.853491956252,67332.607280357886
polyak-smoothed,553,polyak-smoothed,553,67333.067247516999,67333.067247516999
polyak-smoothed,554,polyak-smoothed,554,67330.558281729245,67333.067247516999
polyak-smoothed,555,polyak-smoothed,555,67329.442134740893,67333.067247516999
polyak-smoothed,556,polyak-smoothed,556,67330.08455508457,67333.067247516999
polyak-smoothed,557,polyak-smoothed,557,67332.793750012614,67333.067247516999
polyak-smoothed,558,polyak-smoothed,558,67325.801177297297,67333.067247516999
polyak-smoothed,559,polyak-smoothed,559,67332.414942742602,67333.067247516999
polyak-smoothed,560,polyak-smoothed,560,67332.455129766531,67333.067247516999
polyak-smoothed,561,polyak-smoothed,561,67333.491917824285,67333.491917824285
polyak-smoothed,562,polyak-smoothed,562,67330.459038073255,67333.491917824285
polyak-smoothed,563,polyak-smoothed,563,67334.407933319904,67334.407933319904
polyak-smoothed,564,polyak-smoothed,564,67328.865127076366,67334.407933319904
polyak-smoothed,565,polyak-smoothed,565,67332.24905848247,67334.407933319904
polyak-smoothed,566,polyak-smoothed,566,67332.950972726132,67334.407933319904
polyak-smoothed,567,polyak-smoothed,567,67336.475573820862,67336.475573820862
polyak-smoothed,568,polyak-smoothed,568,67321.832655864768,67336.475573820862
polyak-smoothed,569,polyak-smoothed,569,67330.746453565953,67336.475573820862
polyak-smoothed,570,polyak-smoothed,570,67327.216259720415,67336.475573820862
polyak-smoothed,571,polyak-smoothed,571,67331.767647220753,67336.475573820862
polyak-smoothed,572,polyak-smoothed,572,67331.932933167685,67336.475573820862
polyak-smoothed,573,polyak-smoothed,573,67335.656928271448,67336.475573820862
polyak-smoothed,574,polyak-smoothed,574,67335.186851530598,67336.475573820862
polyak-smoothed,575,polyak-smoothed,575,67331.6085438671,67336.475573820862
polyak-smoothed,576,polyak-smoothed,576,67336.540653373318,67336.540653373318
polyak-smoothed,577,polyak-smoothed,577,67336.607500467071,67336.607500467071
polyak-smoothed,578,polyak-smoothed,578,67335.61782381151,67336.607500467071
polyak-smoothed,579,polyak-smoothed,579,67334.485767526683,67336.607500467071
polyak-smoothed,580,polyak-smoothed,580,67339.236513166979,67339.236513166979
polyak-smoothed,581,polyak-smoothed,581,67326.895680035464,67339.236513166979
polyak-smoothed,582,polyak-smoothed,582,67332.487180147626,67339.236513166979
polyak-smoothed,583,polyak-smoothed,583,67337.833476472093,67339.236513166979
polyak-smoothed,584,polyak-smoothed,584,67329.879043004126,67339.236513166979
polyak-smoothed,585,polyak-smoothed,585,67335.455388229675,67339.236513166979
polyak-smoothed,586,polyak-smoothed,586,67336.628273326438,67339.236513166979
polyak-smoothed,587,polyak-smoothed,587,67339.615077843962,67339.615077843962
polyak-smoothed,588,polyak-smoothed,588,67334.512790863373,67339.615077843962
polyak-smoothed,589,polyak-smoothed,589,67337.4853711873,67339.615077843962
polyak-smoothed,590,polyak-smoothed,590,67329.189266863032,67339.615077843962
polyak-smoothed,591,polyak-smoothed,591,67338.068675427305,67339.615077843962
polyak-smoothed,592,polyak-smoothed,592,67328.002440545955,67339.615077843962
polyak-smoothed,593,polyak-smoothed,593,67337.520333560475,67339.615077843962
polyak-smoothed,594,polyak-smoothed,594,67335.343402442668,67339.615077843962
polyak-smoothed,595,polyak-smoothed,595,67340.2910593946,67340.2910593946
polyak-smoothed,596,polyak-smoothed,596,67330.356984558413,67340.2910593946
polyak-smoothed,597,polyak-smoothed,597,67338.088798063371,67340.2910593946
polyak-smoothed,598,polyak-smoothed,598,67338.848012375354,67340.2910593946
polyak-smoothed,599,polyak-smoothed,599,67339.029109655981,67340.2910593946
polyak-smoothed,600,polyak-smoothed,600,67333.659919388534,67340.2910593946
polyak-smoothed,601,polyak-smoothed,601,67340.853644101386,67340.853644101386
polyak-smoothed,602,polyak-smoothed,602,67336.05874300428,67340.853644101386
polyak-smoothed,603,polyak-smoothed,603,67339.156258118936,67340.853644101386
polyak-smoothed,604,polyak-smoothed,604,67335.032312399344,67340.853644101386
polyak-smoothed,605,polyak-smoothed,605,67340.815921489411,67340.853644101386
polyak-smoothed,606,polyak-smoothed,606,67332.076438916047,67340.853644101386
polyak-smoothed,607,polyak-smoothed,607,67339.238849098198,67340.853644101386
polyak-smoothed,608,polyak-smoothed,608,67343.788781716343,67343.788781716343
polyak-smoothed,609,polyak-smoothed,609,67336.096069477644,67343.788781716343
polyak-smoothed,610,polyak-smoothed,610,67342.347413584212,67343.788781716343
polyak-smoothed,611,polyak-smoothed,611,67333.67282678718,67343.788781716343
polyak-smoothed,612,polyak-smoothed,612,67340.884866062624,67343.788781716343
polyak-smoothed,613,polyak-smoothed,613,67336.862436044321,67343.788781716343
polyak-smoothed,614,polyak-smoothed,614,67341.127661700593,67343.788781716343
polyak-smoothed,615,polyak-smoothed,615,67342.182485535857,67343.788781716343
polyak-smoothed,616,polyak-smoothed,616,67339.446374647378,67343.788781716343
polyak-smoothed,617,polyak-smoothed,617,67345.77644921749,67345.77644921749
polyak-smoothed,618,polyak-smoothed,618,67337.966084006752,67345.77644921749
polyak-smoothed,619,polyak-smoothed,619,67342.347257303118,67345.77644921749
polyak-smoothed,620,polyak-smoothed,620,67339.174608560032,67345.77644921749
polyak-smoothed,621,polyak-smoothed,621,67341.507032666923,67345.77644921749
polyak-smoothed,622,polyak-smoothed,622,67342.848875578653,67345.77644921749
polyak-smoothed,623,polyak-smoothed,623,67343.393863615391,67345.77644921749
polyak-smoothed,624,polyak-smoothed,624,67337.579859808175,67345.77644921749
polyak-smoothed,625,polyak-smoothed,625,67345.105788474786,67345.77644921749
polyak-smoothed,626,polyak-smoothed,626,67337.608163064186,67345.77644921749
polyak-smoothed,627,polyak-smoothed,627,67343.213825189407,67345.77644921749
polyak-smoothed,628,polyak-smoothed,628,67332.714995673305,67345.77644921749
polyak-smoothed,629,polyak-smoothed,629,67338.636359982396,67345.77644921749
polyak-smoothed,630,polyak-smoothed,630,67344.772294415627,67345.77644921749
polyak-smoothed,631,polyak-smoothed,631,67345.982453925346,67345.982453925346
polyak-smoothed,632,polyak-smoothed,632,67346.648083584718,67346.648083584718
polyak-smoothed,633,polyak-smoothed,633,67348.228607450801,67348.228607450801
polyak-smoothed,634,polyak-smoothed,634,67347.662054046348,67348.228607450801
polyak-smoothed,635,polyak-smoothed,635,67350.432202941767,67350.432202941767
polyak-smoothed,636,polyak-smoothed,636,67346.706836666403,67350.432202941767
polyak-smoothed,637,polyak-smoothed,637,67350.050447780755,67350.432202941767
polyak-smoothed,638,polyak-smoothed,638,67347.733090297246,67350.432202941767
polyak-smoothed,639,polyak-smoothed,639,67349.81387002056,67350.432202941767
polyak-smoothed,640,polyak-smoothed,640,67349.988579835859,67350.432202941767
polyak-smoothed,641,polyak-smoothed,641,67349.967566423511,67350.432202941767
polyak-smoothed,642,polyak-smoothed,642,67349.28224518786,67350.432202941767
polyak-smoothed,643,polyak-smoothed,643,67351.230275307273,67351.230275307273
polyak-smoothed,644,polyak-smoothed,644,67345.38950160348,67351.230275307273
polyak-smoothed,645,polyak-smoothed,645,67349.241041846166,67351.230275307273
polyak-smoothed,646,polyak-smoothed,646,67348.517809310069,67351.230275307273
polyak-smoothed,647,polyak-smoothed,647,67351.921762393613,67351.921762393613
polyak-smoothed,648,polyak-smoothed,648,67347.358014661339,67351.921762393613
polyak-smoothed,649,polyak-smoothed,649,67350.933965746823,67351.921762393613
polyak-smoothed,650,polyak-smoothed,650,67349.553959868936,67351.921762393613
polyak-smoothed,651,polyak-smoothed,651,67351.551952830734,67351.921762393613
polyak-smoothed,652,polyak-smoothed,652,67353.017826236624,67353.017826236624
polyak-smoothed,653,polyak-smoothed,653,67348.321666440053,67353.017826236624
polyak-smoothed,654,polyak-smoothed,654,67350.173288198523,67353.017826236624
polyak-smoothed,655,polyak-smoothed,655,67350.947316300852,67353.017826236624
polyak-smoothed,656,polyak-smoothed,656,67352.264759777725,67353.017826236624
polyak-smoothed,657,polyak-smoothed,657,67348.52603396331,67353.017826236624
polyak-smoothed,658,polyak-smoothed,658,67351.957269665552,67353.017826236624
polyak-smoothed,659,polyak-smoothed,659,67349.706837231119,67353.017826236624
polyak-smoothed,660,polyak-smoothed,660,67353.123714356232,67353.123714356232
polyak-smoothed,661,polyak-smoothed,661,67350.933655496308,67353.123714356232
polyak-smoothed,662,polyak-smoothed,662,67353.120924201983,67353.123714356232
polyak-smoothed,663,polyak-smoothed,663,67351.214071985421,67353.123714356232
polyak-smoothed,664,polyak-smoothed,664,67352.153871063347,67353.123714356232
polyak-smoothed,665,polyak-smoothed,665,67355.135103716166,67355.135103716166
polyak-smoothed,666,polyak-smoothed,666,67351.669887652199,67355.135103716166
polyak-smoothed,667,polyak-smoothed,667,67353.117960797113,67355.135103716166
polyak-smoothed,668,polyak-smoothed,668,67353.725813139536,67355.135103716166
polyak-smoothed,669,polyak-smoothed,669,67352.968532980303,67355.135103716166
polyak-smoothed,670,polyak-smoothed,670,67354.419306818745,67355.135103716166
polyak-smoothed,671,polyak-smoothed,671,67351.834643060487,67355.135103716166
polyak-smoothed,672,polyak-smoothed,672,67354.448235252465,67355.135103716166
polyak-smoothed,673,polyak-smoothed,673,67353.811300284622,67355.135103716166
polyak-smoothed,674,polyak-smoothed,674,67354.270026097278,67355.135103716166
polyak-smoothed,675,polyak-smoothed,675,67355.975619861129,67355.975619861129
polyak-smoothed,676,polyak-smoothed,676,67349.647877823256,67355.975619861129
polyak-smoothed,677,polyak-smoothed,677,67352.009132939333,67355.975619861129
polyak-smoothed,678,polyak-smoothed,678,67353.860602868197,67355.975619861129
polyak-smoothed,679,polyak-smoothed,679,67354.060142752031,67355.975619861129
polyak-smoothed,680,polyak-smoothed,680,67354.949082433624,67355.975619861129
polyak-smoothed,681,polyak-smoothed,681,67354.290862443173,67355.975619861129
polyak-smoothed,682,polyak-smoothed,682,67354.781421378008,67355.975619861129
polyak-smoothed,683,polyak-smoothed,683,67353.451220964766,67355.975619861129
polyak-smoothed,684,polyak-smoothed,684,67355.702160341403,67355.975619861129
polyak-smoothed,685,polyak-smoothed,685,67353.050873149536,67355.975619861129
polyak-smoothed,686,polyak-smoothed,686,67355.136900155776,67355.975619861129
polyak-smoothed,687,polyak-smoothed,687,67352.369216551422,67355.975619861129
polyak-smoothed,688,polyak-smoothed,688,67356.378374077249,67356.378374077249
polyak-smoothed,689,polyak-smoothed,689,67357.878584864433,67357.878584864433
polyak-smoothed,690,polyak-smoothed,690,67356.990929846084,67357.878584864433
polyak-smoothed,691,polyak-smoothed,691,67357.814166786746,67357.878584864433
polyak-smoothed,692,polyak-smoothed,692,67357.194036215151,67357.878584864433
polyak-smoothed,693,polyak-smoothed,693,67357.85886485652,67357.878584864433
polyak-smoothed,694,polyak-smoothed,694,67358.14655099668,67358.14655099668
polyak-smoothed,695,polyak-smoothed,695,67357.52109353921,67358.14655099668
polyak-smoothed,696,polyak-smoothed,696,67358.301081711368,67358.301081711368
polyak-smoothed,697,polyak-smoothed,697,67358.504098830148,67358.504098830148
polyak-smoothed,698,polyak-smoothed,698,67359.195637314973,67359.195637314973
polyak-smoothed,699,polyak-smoothed,699,67357.897876259347,67359.195637314973
polyak-smoothed,700,polyak-smoothed,700,67359.447866529983,67359.447866529983
polyak-smoothed,701,polyak-smoothed,701,67357.368486461783,67359.447866529983
polyak-smoothed,702,polyak-smoothed,702,67358.373602810825,67359.447866529983
polyak-smoothed,703,polyak-smoothed,703,67359.257012452814,67359.447866529983
polyak-smoothed,704,polyak-smoothed,704,67356.941177710105,67359.447866529983
polyak-smoothed,705,polyak-smoothed,705,67358.554053108717,67359.447866529983
polyak-smoothed,706,polyak-smoothed,706,67357.972707333829,67359.447866529983
polyak-smoothed,707,polyak-smoothed,707,67359.175610339298,67359.447866529983
polyak-smoothed,708,polyak-smoothed,708,67359.261608921704,67359.447866529983
polyak-smoothed,709,polyak-smoothed,709,67359.77645969321,67359.77645969321
polyak-smoothed,710,polyak-smoothed,710,67358.731398629534,67359.77645969321
polyak-smoothed,711,polyak-smoothed,711,67359.649362777447,67359.77645969321
polyak-smoothed,712,polyak-smoothed,712,67357.976378543201,67359.77645969321
polyak-smoothed,713,polyak-smoothed,713,67358.606916412929,67359.77645969321
polyak-smoothed,714,polyak-smoothed,714,67359.679936168628,67359.77645969321
polyak-smoothed,715,polyak-smoothed,715,67357.566144150609,67359.77645969321
polyak-smoothed,716,polyak-smoothed,716,67360.442944037044,67360.442944037044
polyak-smoothed,717,polyak-smoothed,717,67357.305844089031,67360.442944037044
polyak-smoothed,718,polyak-smoothed,718,67358.985169790394,67360.442944037044
polyak-smoothed,719,polyak-smoothed,719,67358.830431381284,67360.442944037044
polyak-smoothed,720,polyak-smoothed,720,67360.35282341433,67360.442944037044
polyak-smoothed,721,polyak-smoothed,721,67358.504930227486,67360.442944037044
polyak-smoothed,722,polyak-smoothed,722,67359.652797283794,67360.442944037044
polyak-smoothed,723,polyak-smoothed,723,67359.067987303162,67360.442944037044
polyak-smoothed,724,polyak-smoothed,724,67360.386127606675,67360.442944037044
polyak-smoothed,725,polyak-smoothed,725,67359.363887232248,67360.442944037044
polyak-smoothed,726,polyak-smoothed,726,67360.410254461793,67360.442944037044
polyak-smoothed,727,polyak-smoothed,727,67360.879806609577,67360.879806609577
polyak-smoothed,728,polyak-smoothed,728,67359.982182912179,67360.879806609577
polyak-smoothed,729,polyak-smoothed,729,67359.472346652168,67360.879806609577
polyak-smoothed,730,polyak-smoothed,730,67360.688613822858,67360.879806609577
polyak-smoothed,731,polyak-smoothed,731,67359.12296162649,67360.879806609577
polyak-smoothed,732,polyak-smoothed,732,67360.237118092729,67360.879806609577
polyak-smoothed,733,polyak-smoothed,733,67358.926295100842,67360.879806609577
polyak-smoothed,734,polyak-smoothed,734,67360.009760272093,67360.879806609577
polyak-smoothed,735,polyak-smoothed,735,67360.296060776964,67360.879806609577
polyak-smoothed,736,polyak-smoothed,736,67359.956779147091,67360.879806609577
polyak-smoothed,737,polyak-smoothed,737,67361.214361233418,67361.214361233418
polyak-smoothed,738,polyak-smoothed,738,67358.128344852055,67361.214361233418
polyak-smoothed,739,polyak-smoothed,739,67360.500400602352,67361.214361233418
polyak-smoothed,740,polyak-smoothed,740,67359.088829040498,67361.214361233418
polyak-smoothed,741,polyak-smoothed,741,67360.067298044349,67361.214361233418
polyak-smoothed,742,polyak-smoothed,742,67360.417812490821,67361.214361233418
polyak-smoothed,743,polyak-smoothed,743,67360.846958014052,67361.214361233418
polyak-smoothed,744,polyak-smoothed,744,67360.597137371733,67361.214361233418
polyak-smoothed,745,polyak-smoothed,745,67360.848849421905,67361.214361233418
polyak-smoothed,746,polyak-smoothed,746,67361.050864651465,67361.214361233418
polyak-smoothed,747,polyak-smoothed,747,67360.583414509543,67361.214361233418
polyak-smoothed,748,polyak-smoothed,748,67361.449816326261,67361.449816326261
polyak-smoothed,749,polyak-smoothed,749,67360.220769351203,67361.449816326261
polyak-smoothed,750,polyak-smoothed,750,67361.987393524018,67361.987393524018
polyak-smoothed,751,polyak-smoothed,751,67359.995018181071,67361.987393524018
polyak-smoothed,752,polyak-smoothed,752,67361.451179054638,67361.987393524018
polyak-smoothed,753,polyak-smoothed,753,67360.682402774095,67361.987393524018
polyak-smoothed,754,polyak-smoothed,754,67361.4868160724,67361.987393524018
polyak-smoothed,755,polyak-smoothed,755,67360.065630542973,67361.987393524018
polyak-smoothed,756,polyak-smoothed,756,67362.104261948887,67362.104261948887
polyak-smoothed,757,polyak-smoothed,757,67359.273019602246,67362.104261948887
polyak-smoothed,758,polyak-smoothed,758,67361.258554123342,67362.104261948887
polyak-smoothed,759,polyak-smoothed,759,67360.475736282009,67362.104261948887
polyak-smoothed,760,polyak-smoothed,760,67361.552661238718,67362.104261948887
polyak-smoothed,761,polyak-smoothed,761,67361.757949438965,67362.104261948887
polyak-smoothed,762,polyak-smoothed,762,67361.553685856823,67362.104261948887
polyak-smoothed,763,polyak-smoothed,763,67362.162471746837,67362.162471746837
polyak-smoothed,764,polyak-smoothed,764,67360.764211079484,67362.162471746837
polyak-smoothed,765,polyak-smoothed,765,67361.86011624278,67362.162471746837
polyak-smoothed,766,polyak-smoothed,766,67362.473310798858,67362.473310798858
polyak-smoothed,767,polyak-smoothed,767,67360.914065173492,67362.473310798858
polyak-smoothed,768,polyak-smoothed,768,67361.999120290246,67362.473310798858
polyak-smoothed,769,polyak-smoothed,769,67361.390038086232,67362.473310798858
polyak-smoothed,770,polyak-smoothed,770,67362.747208788118,67362.747208788118
polyak-smoothed,771,polyak-smoothed,771,67360.695032568576,67362.747208788118
polyak-smoothed,772,polyak-smoothed,772,67362.103728622416,67362.747208788118
polyak-smoothed,773,polyak-smoothed,773,67360.605620428818,67362.747208788118
polyak-smoothed,774,polyak-smoothed,774,67362.354358949946,67362.747208788118
polyak-smoothed,775,polyak-smoothed,775,67360.640916759527,67362.747208788118
polyak-smoothed,776,polyak-smoothed,776,67362.783733540025,67362.783733540025
polyak-smoothed,777,polyak-smoothed,777,67360.948831484915,67362.783733540025
polyak-smoothed,778,polyak-smoothed,778,67362.421427466819,67362.783733540025
polyak-smoothed,779,polyak-smoothed,779,67361.386306578323,67362.783733540025
polyak-smoothed,780,polyak-smoothed,780,67362.558818513789,67362.783733540025
polyak-smoothed,781,polyak-smoothed,781,67362.639863588804,67362.783733540025
polyak-smoothed,782,polyak-smoothed,782,67363.35327540127,67363.35327540127
polyak-smoothed,783,polyak-smoothed,783,67360.374733670134,67363.35327540127
polyak-smoothed,784,polyak-smoothed,784,67361.309964338012,67363.35327540127
polyak-smoothed,785,polyak-smoothed,785,67362.901927881714,67363.35327540127
polyak-smoothed,786,polyak-smoothed,786,67362.147964555159,67363.35327540127
polyak-smoothed,787,polyak-smoothed,787,67362.900377968384,67363.35327540127
polyak-smoothed,788,polyak-smoothed,788,67362.23748807337,67363.35327540127
polyak-smoothed,789,polyak-smoothed,789,67363.465342561874,67363.465342561874
polyak-smoothed,790,polyak-smoothed,790,67362.985681287319,67363.465342561874
polyak-smoothed,791,polyak-smoothed,791,67363.10984924392,67363.465342561874
polyak-smoothed,792,polyak-smoothed,792,67362.923125092435,67363.465342561874
polyak-smoothed,793,polyak-smoothed,793,67363.986749160351,67363.986749160351
polyak-smoothed,794,polyak-smoothed,794,67362.353726175657,67363.986749160351
polyak-smoothed,795,polyak-smoothed,795,67363.755333598659,67363.986749160351
polyak-smoothed,796,polyak-smoothed,796,67362.670867634035,67363.986749160351
polyak-smoothed,797,polyak-smoothed,797,67363.976762671096,67363.986749160351
polyak-smoothed,798,polyak-smoothed,798,67364.116302220689,67364.116302220689
polyak-smoothed,799,polyak-smoothed,799,67362.641457556543,67364.116302220689
polyak-smoothed,800,polyak-smoothed,800,67363.792939934239,67364.116302220689
polyak-smoothed,801,polyak-smoothed,801,67362.922439408663,67364.116302220689
polyak-smoothed,802,polyak-smoothed,802,67364.147568854125,67364.147568854125
polyak-smoothed,803,polyak-smoothed,803,67364.110409227913,67364.147568854125
polyak-smoothed,804,polyak-smoothed,804,67364.18344452382,67364.18344452382
polyak-smoothed,805,polyak-smoothed,805,67363.607597489667,67364.18344452382
polyak-smoothed,806,polyak-smoothed,806,67363.942360522255,67364.18344452382
polyak-smoothed,807,polyak-smoothed,807,67364.887551702384,67364.887551702384
polyak-smoothed,808,polyak-smoothed,808,67363.031577892922,67364.887551702384
polyak-smoothed,809,polyak-smoothed,809,67364.249397368592,67364.887551702384
polyak-smoothed,810,polyak-smoothed,810,67364.241475778821,67364.887551702384
polyak-smoothed,811,polyak-smoothed,811,67363.938120397841,67364.887551702384
polyak-smoothed,812,polyak-smoothed,812,67364.921114341763,67364.921114341763
polyak-smoothed,813,polyak-smoothed,813,67363.348686586498,67364.921114341763
polyak-smoothed,814,polyak-smoothed,814,67364.477118601106,67364.921114341763
polyak-smoothed,815,polyak-smoothed,815,67362.674477065506,67364.921114341763
polyak-smoothed,816,polyak-smoothed,816,67364.649046614213,67364.921114341763
polyak-smoothed,817,polyak-smoothed,817,67363.769733123467,67364.921114341763
polyak-smoothed,818,polyak-smoothed,818,67364.220608542222,67364.921114341763
polyak-smoothed,819,polyak-smoothed,819,67365.598428687736,67365.598428687736
polyak-smoothed,820,polyak-smoothed,820,67364.388621071004,67365.598428687736
polyak-smoothed,821,polyak-smoothed,821,67365.487462158795,67365.598428687736
polyak-smoothed,822,polyak-smoothed,822,67364.322815283507,67365.598428687736
polyak-smoothed,823,polyak-smoothed,823,67365.278246736532,67365.598428687736
polyak-smoothed,824,polyak-smoothed,824,67364.010967523835,67365.598428687736
polyak-smoothed,825,polyak-smoothed,825,67365.332486274885,67365.598428687736
polyak-smoothed,826,polyak-smoothed,826,67363.3654217609,67365.598428687736
polyak-smoothed,827,polyak-smoothed,827,67365.229461113267,67365.598428687736
polyak-smoothed,828,polyak-smoothed,828,67363.442465777494,67365.598428687736
polyak-smoothed,829,polyak-smoothed,829,67365.581798089392,67365.598428687736
polyak-smoothed,830,polyak-smoothed,830,67364.057823227035,67365.598428687736
polyak-smoothed,831,polyak-smoothed,831,67365.306377502537,67365.598428687736
polyak-smoothed,832,polyak-smoothed,832,67365.138291414594,67365.598428687736
polyak-smoothed,833,polyak-smoothed,833,67366.245582699717,67366.245582699717
polyak-smoothed,834,polyak-smoothed,834,67365.54637639159,67366.245582699717
polyak-smoothed,835,polyak-smoothed,835,67366.270451331773,67366.270451331773
polyak-smoothed,836,polyak-smoothed,836,67366.371092377725,67366.371092377725
polyak-smoothed,837,polyak-smoothed,837,67366.931952793981,67366.931952793981
polyak-smoothed,838,polyak-smoothed,838,67366.494041387879,67366.931952793981
polyak-smoothed,839,polyak-smoothed,839,67366.619278319049,67366.931952793981
polyak-smoothed,840,polyak-smoothed,840,67366.498990866399,67366.931952793981
polyak-smoothed,841,polyak-smoothed,841,67366.828647912102,67366.931952793981
polyak-smoothed,842,polyak-smoothed,842,67366.814835733327,67366.931952793981
polyak-smoothed,843,polyak-smoothed,843,67366.523681742241,67366.931952793981
polyak-smoothed,844,polyak-smoothed,844,67366.847967060196,67366.931952793981
polyak-smoothed,845,polyak-smoothed,845,67367.600349321641,67367.600349321641
polyak-smoothed,846,polyak-smoothed,846,67364.66535007472,67367.600349321641
polyak-smoothed,847,polyak-smoothed,847,67365.830462869519,67367.600349321641
polyak-smoothed,848,polyak-smoothed,848,67366.919279833557,67367.600349321641
polyak-smoothed,849,polyak-smoothed,849,67366.494315413642,67367.600349321641
polyak-smoothed,850,polyak-smoothed,850,67366.95308853664,67367.600349321641
polyak-smoothed,851,polyak-smoothed,851,67366.808545872904,67367.600349321641
polyak-smoothed,852,polyak-smoothed,852,67366.502754898072,67367.600349321641
polyak-smoothed,853,polyak-smoothed,853,67367.47821827195,67367.600349321641
polyak-smoothed,854,polyak-smoothed,854,67366.239584227078,67367.600349321641
polyak-smoothed,855,polyak-smoothed,855,67367.03396272898,67367.600349321641
polyak-smoothed,856,polyak-smoothed,856,67366.969547710352,67367.600349321641
polyak-smoothed,857,polyak-smoothed,857,67367.645929514605,67367.645929514605
polyak-smoothed,858,polyak-smoothed,858,67365.410028450875,67367.645929514605
polyak-smoothed,859,polyak-smoothed,859,67366.885163006751,67367.645929514605
polyak-smoothed,860,polyak-smoothed,860,67367.186113096788,67367.645929514605
polyak-smoothed,861,polyak-smoothed,861,67367.48435855328,67367.645929514605
polyak-smoothed,862,polyak-smoothed,862,67366.164500089362,67367.645929514605
polyak-smoothed,863,polyak-smoothed,863,67367.192731378047,67367.645929514605
polyak-smoothed,864,polyak-smoothed,864,67366.797641781828,67367.645929514605
polyak-smoothed,865,polyak-smoothed,865,67367.579771189092,67367.645929514605
polyak-smoothed,866,polyak-smoothed,866,67367.240530554031,67367.645929514605
polyak-smoothed,867,polyak-smoothed,867,67367.6164040656,67367.645929514605
polyak-smoothed,868,polyak-smoothed,868,67367.90826849213,67367.90826849213
polyak-smoothed,869,polyak-smoothed,869,67366.998746585727,67367.90826849213
polyak-smoothed,870,polyak-smoothed,870,67367.557130296511,67367.90826849213
polyak-smoothed,871,polyak-smoothed,871,67367.427316759204,67367.90826849213
polyak-smoothed,872,polyak-smoothed,872,67367.664950061982,67367.90826849213
polyak-smoothed,873,polyak-smoothed,873,67367.748187552468,67367.90826849213
polyak-smoothed,874,polyak-smoothed,874,67367.972925631708,67367.972925631708
polyak-smoothed,875,polyak-smoothed,875,67367.322350256101,67367.972925631708
polyak-smoothed,876,polyak-smoothed,876,67367.939614414281,67367.972925631708
polyak-smoothed,877,polyak-smoothed,877,67367.422430594321,67367.972925631708
polyak-smoothed,878,polyak-smoothed,878,67368.076903724897,67368.076903724897
polyak-smoothed,879,polyak-smoothed,879,67367.555734578258,67368.076903724897
polyak-smoothed,880,polyak-smoothed,880,67368.164602954683,67368.164602954683
polyak-smoothed,881,polyak-smoothed,881,67368.00983404131,67368.164602954683
polyak-smoothed,882,polyak-smoothed,882,67367.848659966054,67368.164602954683
polyak-smoothed,883,polyak-smoothed,883,67367.909990287546,67368.164602954683
polyak-smoothed,884,polyak-smoothed,884,67367.794687530986,67368.164602954683
polyak-smoothed,885,polyak-smoothed,885,67367.647104408024,67368.164602954683
polyak-smoothed,886,polyak-smoothed,886,67367.698275539267,67368.164602954683
polyak-smoothed,887,polyak-smoothed,887,67368.144549238496,67368.164602954683
polyak-smoothed,888,polyak-smoothed,888,67367.963846663304,67368.164602954683
polyak-smoothed,889,polyak-smoothed,889,67368.239052261662,67368.239052261662
polyak-smoothed,890,polyak-smoothed,890,67368.067885467492,67368.239052261662
polyak-smoothed,891,polyak-smoothed,891,67368.445346791865,67368.445346791865
polyak-smoothed,892,polyak-smoothed,892,67367.317098178886,67368.445346791865
polyak-smoothed,893,polyak-smoothed,893,67367.909457978152,67368.445346791865
polyak-smoothed,894,polyak-smoothed,894,67367.79040702527,67368.445346791865
polyak-smoothed,895,polyak-smoothed,895,67368.030961583601,67368.445346791865
polyak-smoothed,896,polyak-smoothed,896,67368.170906169631,67368.445346791865
polyak-smoothed,897,polyak-smoothed,897,67368.349142915788,67368.445346791865
polyak-smoothed,898,polyak-smoothed,898,67368.319136411825,67368.445346791865
polyak-smoothed,899,polyak-smoothed,899,67368.000494810913,67368.445346791865
polyak-smoothed,900,polyak-smoothed,900,67368.408312072352,67368.445346791865
polyak-smoothed,901,polyak-smoothed,901,67368.494917904623,67368.494917904623
polyak-smoothed,902,polyak-smoothed,902,67367.086331535247,67368.494917904623
polyak-smoothed,903,polyak-smoothed,903,67368.493739822428,67368.494917904623
polyak-smoothed,904,polyak-smoothed,904,67367.893311266263,67368.494917904623
polyak-smoothed,905,polyak-smoothed,905,67368.561342362751,67368.561342362751
polyak-smoothed,906,polyak-smoothed,906,67368.112498714298,67368.561342362751
polyak-smoothed,907,polyak-smoothed,907,67368.558821574625,67368.561342362751
polyak-smoothed,908,polyak-smoothed,908,67368.256494866742,67368.561342362751
polyak-smoothed,909,polyak-smoothed,909,67368.145696840365,67368.561342362751
polyak-smoothed,910,polyak-smoothed,910,67368.934446638741,67368.934446638741
polyak-smoothed,911,polyak-smoothed,911,67367.468751360313,67368.934446638741
polyak-smoothed,912,polyak-smoothed,912,67368.335460385118,67368.934446638741
polyak-smoothed,913,polyak-smoothed,913,67368.065867904676,67368.934446638741
polyak-smoothed,914,polyak-smoothed,914,67368.761958238552,67368.934446638741
polyak-smoothed,915,polyak-smoothed,915,67367.870820015247,67368.934446638741
polyak-smoothed,916,polyak-smoothed,916,67368.775405978246,67368.934446638741
polyak-smoothed,917,polyak-smoothed,917,67368.631679994258,67368.934446638741
polyak-smoothed,918,polyak-smoothed,918,67368.917000346715,67368.934446638741
polyak-smoothed,919,polyak-smoothed,919,67369.07962385776,67369.07962385776
polyak-smoothed,920,polyak-smoothed,920,67369.264255310554,67369.264255310554
polyak-smoothed,921,polyak-smoothed,921,67368.755390259874,67369.264255310554
polyak-smoothed,922,polyak-smoothed,922,67368.699298411826,67369.264255310554
polyak-smoothed,923,polyak-smoothed,923,67368.679424775255,67369.264255310554
polyak-smoothed,924,polyak-smoothed,924,67369.347084882334,67369.347084882334
polyak-smoothed,925,polyak-smoothed,925,67366.751302387696,67369.347084882334
polyak-smoothed,926,polyak-smoothed,926,67368.127686242151,67369.347084882334
polyak-smoothed,927,polyak-smoothed,927,67368.425968596101,67369.347084882334
polyak-smoothed,928,polyak-smoothed,928,67369.080991723502,67369.347084882334
polyak-smoothed,929,polyak-smoothed,929,67368.978038022047,67369.347084882334
polyak-smoothed,930,polyak-smoothed,930,67369.391084335861,67369.391084335861
polyak-smoothed,931,polyak-smoothed,931,67368.274549647234,67369.391084335861
polyak-smoothed,932,polyak-smoothed,932,67368.882474042024,67369.391084335861
polyak-smoothed,933,polyak-smoothed,933,67369.188938411258,67369.391084335861
polyak-smoothed,934,polyak-smoothed,934,67368.847251868836,67369.391084335861
polyak-smoothed,935,polyak-smoothed,935,67369.607758717611,67369.607758717611
polyak-smoothed,936,polyak-smoothed,936,67367.027704769775,67369.607758717611
polyak-smoothed,937,polyak-smoothed,937,67368.390749781858,67369.607758717611
polyak-smoothed,938,polyak-smoothed,938,67368.82619336588,67369.607758717611
polyak-smoothed,939,polyak-smoothed,939,67369.032558353982,67369.607758717611
polyak-smoothed,940,polyak-smoothed,940,67369.425496472104,67369.607758717611
polyak-smoothed,941,polyak-smoothed,941,67368.701788723891,67369.607758717611
polyak-smoothed,942,polyak-smoothed,942,67369.344003795268,67369.607758717611
polyak-smoothed,943,polyak-smoothed,943,67368.303302123459,67369.607758717611
polyak-smoothed,944,polyak-smoothed,944,67369.324392503142,67369.607758717611
polyak-smoothed,945,polyak-smoothed,945,67368.956698517082,67369.607758717611
polyak-smoothed,946,polyak-smoothed,946,67369.392960687153,67369.607758717611
polyak-smoothed,947,polyak-smoothed,947,67369.616180068493,67369.616180068493
polyak-smoothed,948,polyak-smoothed,948,67369.439586606692,67369.616180068493
polyak-smoothed,949,polyak-smoothed,949,67369.988106938094,67369.988106938094
polyak-smoothed,950,polyak-smoothed,950,67368.738100010232,67369.988106938094
polyak-smoothed,951,polyak-smoothed,951,67369.44553386081,67369.988106938094
polyak-smoothed,952,polyak-smoothed,952,67369.259668274113,67369.988106938094
polyak-smoothed,953,polyak-smoothed,953,67369.316528517738,67369.988106938094
polyak-smoothed,954,polyak-smoothed,954,67369.977862784814,67369.988106938094
polyak-smoothed,955,polyak-smoothed,955,67369.535097110289,67369.988106938094
polyak-smoothed,956,polyak-smoothed,956,67369.891808757151,67369.988106938094
polyak-smoothed,957,polyak-smoothed,957,67368.887819473879,67369.988106938094
polyak-smoothed,958,polyak-smoothed,958,67369.980244646154,67369.988106938094
polyak-smoothed,959,polyak-smoothed,959,67369.200472306387,67369.988106938094
polyak-smoothed,960,polyak-smoothed,960,67370.057901541848,67370.057901541848
polyak-smoothed,961,polyak-smoothed,961,67369.069519368655,67370.057901541848
polyak-smoothed,962,polyak-smoothed,962,67369.546523671437,67370.057901541848
polyak-smoothed,963,polyak-smoothed,963,67369.762882611103,67370.057901541848
polyak-smoothed,964,polyak-smoothed,964,67370.102902421058,67370.102902421058
polyak-smoothed,965,polyak-smoothed,965,67369.925519478551,67370.102902421058
polyak-smoothed,966,polyak-smoothed,966,67370.016074693878,67370.102902421058
polyak-smoothed,967,polyak-smoothed,967,67370.323208873495,67370.323208873495
polyak-smoothed,968,polyak-smoothed,968,67369.466082642655,67370.323208873495
polyak-smoothed,969,polyak-smoothed,969,67370.036701247736,67370.323208873495
polyak-smoothed,970,polyak-smoothed,970,67370.41617540663,67370.41617540663
polyak-smoothed,971,polyak-smoothed,971,67370.660111211182,67370.660111211182
polyak-smoothed,972,polyak-smoothed,972,67367.649032002606,67370.660111211182
polyak-smoothed,973,polyak-smoothed,973,67369.199683646992,67370.660111211182
polyak-smoothed,974,polyak-smoothed,974,67370.364535167624,67370.660111211182
polyak-smoothed,975,polyak-smoothed,975,67369.333968537394,67370.660111211182
polyak-smoothed,976,polyak-smoothed,976,67370.063981870146,67370.660111211182
polyak-smoothed,977,polyak-smoothed,977,67369.935481389926,67370.660111211182
polyak-smoothed,978,polyak-smoothed,978,67370.587955063631,67370.660111211182
polyak-smoothed,979,polyak-smoothed,979,67370.047870052018,67370.660111211182
polyak-smoothed,980,polyak-smoothed,980,67370.187886148706,67370.660111211182
polyak-smoothed,981,polyak-smoothed,981,67370.336016128713,67370.660111211182
polyak-smoothed,982,polyak-smoothed,982,67369.996286968075,67370.660111211182
polyak-smoothed,983,polyak-smoothed,983,67370.969444134986,67370.969444134986
polyak-smoothed,984,polyak-smoothed,984,67369.997670522105,67370.969444134986
polyak-smoothed,985,polyak-smoothed,985,67370.90934337207,67370.969444134986
polyak-smoothed,986,polyak-smoothed,986,67368.489437389406,67370.969444134986
polyak-smoothed,987,polyak-smoothed,987,67369.632765766117,67370.969444134986
polyak-smoothed,988,polyak-smoothed,988,67370.373303408429,67370.969444134986
polyak-smoothed,989,polyak-smoothed,989,67370.685585684885,67370.969444134986
polyak-smoothed,990,polyak-smoothed,990,67370.542749176937,67370.969444134986
polyak-smoothed,991,polyak-smoothed,991,67370.54686852351,67370.969444134986
polyak-smoothed,992,polyak-smoothed,992,67370.881464535123,67370.969444134986
polyak-smoothed,993,polyak-smoothed,993,67369.830705469358,67370.969444134986
polyak-smoothed,994,polyak-smoothed,994,67370.540112318849,67370.969444134986
polyak-smoothed,995,polyak-smoothed,995,67370.053188101199,67370.969444134986
polyak-smoothed,996,polyak-smoothed,996,67370.80839192323,67370.969444134986
polyak-smoothed,997,polyak-smoothed,997,67371.338777020224,67371.338777020224
polyak-smoothed,998,polyak-smoothed,998,67371.106140862103,67371.338777020224
polyak-smoothed,999,polyak-smoothed,999,67371.326301622961,67371.338777020224
polyak-smoothed,1000,polyak-smoothed,1000,67371.356237171101,67371.356237171101
polyak-smoothed,1001,polyak-smoothed,1001,67371.127955482647,67371.356237171101
polyak-smoothed,1002,polyak-smoothed,1002,67371.536863578629,67371.536863578629
polyak-smoothed,1003,polyak-smoothed,1003,67371.182922244421,67371.536863578629
polyak-smoothed,1004,polyak-smoothed,1004,67371.397495410551,67371.536863578629
polyak-smoothed,1005,polyak-smoothed,1005,67371.723935575952,67371.723935575952
polyak-smoothed,1006,polyak-smoothed,1006,67370.976593079889,67371.723935575952
polyak-smoothed,1007,polyak-smoothed,1007,67371.441251352313,67371.723935575952
polyak-smoothed,1008,polyak-smoothed,1008,67371.448276096518,67371.723935575952
polyak-smoothed,1009,polyak-smoothed,1009,67371.546815027119,67371.723935575952
polyak-smoothed,1010,polyak-smoothed,1010,67371.348030969239,67371.723935575952
polyak-smoothed,1011,polyak-smoothed,1011,67371.620485770851,67371.723935575952
polyak-smoothed,1012,polyak-smoothed,1012,67371.526473210921,67371.723935575952
polyak-smoothed,1013,polyak-smoothed,1013,67371.704999665992,67371.723935575952
polyak-smoothed,1014,polyak-smoothed,1014,67371.471933811481,67371.723935575952
polyak-smoothed,1015,polyak-smoothed,1015,67371.752951421979,67371.752951421979
polyak-smoothed,1016,polyak-smoothed,1016,67371.026009085355,67371.752951421979
polyak-smoothed,1017,polyak-smoothed,1017,67371.545653776906,67371.752951421979
polyak-smoothed,1018,polyak-smoothed,1018,67371.819545335326,67371.819545335326
polyak-smoothed,1019,polyak-smoothed,1019,67371.493927453019,67371.819545335326
polyak-smoothed,1020,polyak-smoothed,1020,67371.845917995088,67371.845917995088
polyak-smoothed,1021,polyak-smoothed,1021,67371.268236884935,67371.845917995088
polyak-smoothed,1022,polyak-smoothed,1022,67371.676208226039,67371.845917995088
polyak-smoothed,1023,polyak-smoothed,1023,67371.618545646765,67371.845917995088
polyak-smoothed,1024,polyak-smoothed,1024,67371.814472488724,67371.845917995088
polyak-smoothed,1025,polyak-smoothed,1025,67371.755476429404,67371.845917995088
polyak-smoothed,1026,polyak-smoothed,1026,67371.932757512084,67371.932757512084
polyak-smoothed,1027,polyak-smoothed,1027,67371.69237599062,67371.932757512084
polyak-smoothed,1028,polyak-smoothed,1028,67371.888258159946,67371.932757512084
polyak-smoothed,1029,polyak-smoothed,1029,67371.484109807046,67371.932757512084
polyak-smoothed,1030,polyak-smoothed,1030,67371.749016443442,67371.932757512084
polyak-smoothed,1031,polyak-smoothed,1031,67371.398166370811,67371.932757512084
polyak-smoothed,1032,polyak-smoothed,1032,67371.870539208263,67371.932757512084
polyak-smoothed,1033,polyak-smoothed,1033,67371.859153941812,67371.932757512084
polyak-smoothed,1034,polyak-smoothed,1034,67371.820243678463,67371.932757512084
polyak-smoothed,1035,polyak-smoothed,1035,67371.861430499965,67371.932757512084
polyak-smoothed,1036,polyak-smoothed,1036,67372.03068603357,67372.03068603357
polyak-smoothed,1037,polyak-smoothed,1037,67371.500348629517,67372.03068603357
polyak-smoothed,1038,polyak-smoothed,1038,67371.86045697864,67372.03068603357
polyak-smoothed,1039,polyak-smoothed,1039,67371.851068943812,67372.03068603357
polyak-smoothed,1040,polyak-smoothed,1040,67372.167774059126,67372.167774059126
polyak-smoothed,1041,polyak-smoothed,1041,67371.569258201023,67372.167774059126
polyak-smoothed,1042,polyak-smoothed,1042,67371.848691587686,67372.167774059126
polyak-smoothed,1043,polyak-smoothed,1043,67371.92856117514,67372.167774059126
polyak-smoothed,1044,polyak-smoothed,1044,67372.249244603459,67372.249244603459
polyak-smoothed,1045,polyak-smoothed,1045,67371.683202790067,67372.249244603459
polyak-smoothed,1046,polyak-smoothed,1046,67371.99627965047,67372.249244603459
polyak-smoothed,1047,polyak-smoothed,1047,67371.939582530787,67372.249244603459
polyak-smoothed,1048,polyak-smoothed,1048,67372.130705191448,67372.249244603459
polyak-smoothed,1049,polyak-smoothed,1049,67371.857846636762,67372.249244603459
polyak-smoothed,1050,polyak-smoothed,1050,67372.177691092584,67372.249244603459
polyak-smoothed,1051,polyak-smoothed,1051,67372.133567827521,67372.249244603459
polyak-smoothed,1052,polyak-smoothed,1052,67372.274056426759,67372.274056426759
polyak-smoothed,1053,polyak-smoothed,1053,67371.718772895867,67372.274056426759
polyak-smoothed,1054,polyak-smoothed,1054,67372.305874043202,67372.305874043202
polyak-smoothed,1055,polyak-smoothed,1055,67371.857300464777,67372.305874043202
polyak-smoothed,1056,polyak-smoothed,1056,67371.913070875293,67372.305874043202
polyak-smoothed,1057,polyak-smoothed,1057,67372.482818673423,67372.482818673423
polyak-smoothed,1058,polyak-smoothed,1058,67371.855293443921,67372.482818673423
polyak-smoothed,1059,polyak-smoothed,1059,67372.1484598713,67372.482818673423
polyak-smoothed,1060,polyak-smoothed,1060,67372.2156935518,67372.482818673423
polyak-smoothed,1061,polyak-smoothed,1061,67372.335228040509,67372.482818673423
polyak-smoothed,1062,polyak-smoothed,1062,67371.965144065762,67372.482818673423
polyak-smoothed,1063,polyak-smoothed,1063,67372.516217834112,67372.516217834112
polyak-smoothed,1064,polyak-smoothed,1064,67371.7724733254,67372.516217834112
polyak-smoothed,1065,polyak-smoothed,1065,67372.212506728174,67372.516217834112
polyak-smoothed,1066,polyak-smoothed,1066,67371.986019370088,67372.516217834112
polyak-smoothed,1067,polyak-smoothed,1067,67372.184890528602,67372.516217834112
polyak-smoothed,1068,polyak-smoothed,1068,67372.208155282773,67372.516217834112
polyak-smoothed,1069,polyak-smoothed,1069,67372.471476004386,67372.516217834112
polyak-smoothed,1070,polyak-smoothed,1070,67371.715701767011,67372.516217834112
polyak-smoothed,1071,polyak-smoothed,1071,67372.105163466476,67372.516217834112
polyak-smoothed,1072,polyak-smoothed,1072,67372.232336301953,67372.516217834112
polyak-smoothed,1073,polyak-smoothed,1073,67372.622841846794,67372.622841846794
polyak-smoothed,1074,polyak-smoothed,1074,67371.850784940674,67372.622841846794
polyak-smoothed,1075,polyak-smoothed,1075,67372.227582749765,67372.622841846794
polyak-smoothed,1076,polyak-smoothed,1076,67372.258561889597,67372.622841846794
polyak-smoothed,1077,polyak-smoothed,1077,67372.24173538835,67372.622841846794
polyak-smoothed,1078,polyak-smoothed,1078,67372.383911361365,67372.622841846794
polyak-smoothed,1079,polyak-smoothed,1079,67372.46697173029,67372.622841846794
polyak-smoothed,1080,polyak-smoothed,1080,67372.101186814922,67372.622841846794
polyak-smoothed,1081,polyak-smoothed,1081,67372.747433652097,67372.747433652097
polyak-smoothed,1082,polyak-smoothed,1082,67372.054359275149,67372.747433652097
polyak-smoothed,1083,polyak-smoothed,1083,67372.334666000141,67372.747433652097
polyak-smoothed,1084,polyak-smoothed,1084,67372.705803369056,67372.747433652097
polyak-smoothed,1085,polyak-smoothed,1085,67372.521675817756,67372.747433652097
polyak-smoothed,1086,polyak-smoothed,1086,67372.507392108848,67372.747433652097
polyak-smoothed,1087,polyak-smoothed,1087,67372.712513665901,67372.747433652097
polyak-smoothed,1088,polyak-smoothed,1088,67372.448529557267,67372.747433652097
polyak-smoothed,1089,polyak-smoothed,1089,67372.703623914378,67372.747433652097
polyak-smoothed,1090,polyak-smoothed,1090,67372.240939562762,67372.747433652097
polyak-smoothed,1091,polyak-smoothed,1091,67372.547080042757,67372.747433652097
polyak-smoothed,1092,polyak-smoothed,1092,67372.609883266268,67372.747433652097
polyak-smoothed,1093,polyak-smoothed,1093,67372.495488449233,67372.747433652097
polyak-smoothed,1094,polyak-smoothed,1094,67372.838729528681,67372.838729528681
polyak-smoothed,1095,polyak-smoothed,1095,67372.876520415113,67372.876520415113
polyak-smoothed,1096,polyak-smoothed,1096,67372.925016071546,67372.925016071546
polyak-smoothed,1097,polyak-smoothed,1097,67373.039270517489,67373.039270517489
polyak-smoothed,1098,polyak-smoothed,1098,67372.886433481865,67373.039270517489
polyak-smoothed,1099,polyak-smoothed,1099,67372.980478443962,67373.039270517489
polyak-smoothed,1100,polyak-smoothed,1100,67372.73165659736,67373.039270517489
polyak-smoothed,1101,polyak-smoothed,1101,67372.907205724769,67373.039270517489
polyak-smoothed,1102,polyak-smoothed,1102,67373.06173996102,67373.06173996102
polyak-smoothed,1103,polyak-smoothed,1103,67372.941247050287,67373.06173996102
polyak-smoothed,1104,polyak-smoothed,1104,67373.026018591147,67373.06173996102
polyak-smoothed,1105,polyak-smoothed,1105,67372.971398485708,67373.06173996102
polyak-smoothed,1106,polyak-smoothed,1106,67372.959701363085,67373.06173996102
polyak-smoothed,1107,polyak-smoothed,1107,67372.978803644248,67373.06173996102
polyak-smoothed,1108,polyak-smoothed,1108,67373.041017603871,67373.06173996102
polyak-smoothed,1109,polyak-smoothed,1109,67373.040563254195,67373.06173996102
polyak-smoothed,1110,polyak-smoothed,1110,67373.09625394248,67373.09625394248
polyak-smoothed,1111,polyak-smoothed,1111,67373.208769043165,67373.208769043165
polyak-smoothed,1112,polyak-smoothed,1112,67372.774729108292,67373.208769043165
polyak-smoothed,1113,polyak-smoothed,1113,67372.889016481902,67373.208769043165
polyak-smoothed,1114,polyak-smoothed,1114,67373.144495047949,67373.208769043165
polyak-smoothed,1115,polyak-smoothed,1115,67372.973330244378,67373.208769043165
polyak-smoothed,1116,polyak-smoothed,1116,67373.162806362248,67373.208769043165
polyak-smoothed,1117,polyak-smoothed,1117,67373.072021686239,67373.208769043165
polyak-smoothed,1118,polyak-smoothed,1118,67373.166423025934,67373.208769043165
polyak-smoothed,1119,polyak-smoothed,1119,67373.068476387867,67373.208769043165
polyak-smoothed,1120,polyak-smoothed,1120,67373.089333573764,67373.208769043165
polyak-smoothed,1121,polyak-smoothed,1121,67373.060531282856,67373.208769043165
polyak-smoothed,1122,polyak-smoothed,1122,67373.173962493252,67373.208769043165
polyak-smoothed,1123,polyak-smoothed,1123,67372.918964744589,67373.208769043165
polyak-smoothed,1124,polyak-smoothed,1124,67373.097318718574,67373.208769043165
polyak-smoothed,1125,polyak-smoothed,1125,67373.24809992424,67373.24809992424
polyak-smoothed,1126,polyak-smoothed,1126,67373.255108554789,67373.255108554789
polyak-smoothed,1127,polyak-smoothed,1127,67373.286547054857,67373.286547054857
polyak-smoothed,1128,polyak-smoothed,1128,67373.246478103232,67373.286547054857
polyak-smoothed,1129,polyak-smoothed,1129,67373.321666119984,67373.321666119984
polyak-smoothed,1130,polyak-smoothed,1130,67373.274561659317,67373.321666119984
polyak-smoothed,1131,polyak-smoothed,1131,67373.357306822363,67373.357306822363
polyak-smoothed,1132,polyak-smoothed,1132,67373.310284017396,67373.357306822363
polyak-smoothed,1133,polyak-smoothed,1133,67373.38370449061,67373.38370449061
polyak-smoothed,1134,polyak-smoothed,1134,67373.173260091877,67373.38370449061
polyak-smoothed,1135,polyak-smoothed,1135,67373.281374706727,67373.38370449061
polyak-smoothed,1136,polyak-smoothed,1136,67373.352960512595,67373.38370449061
polyak-smoothed,1137,polyak-smoothed,1137,67373.347877604305,67373.38370449061
polyak-smoothed,1138,polyak-smoothed,1138,67373.371130676576,67373.38370449061
polyak-smoothed,1139,polyak-smoothed,1139,67373.366432596536,67373.38370449061
polyak-smoothed,1140,polyak-smoothed,1140,67373.381835564433,67373.38370449061
polyak-smoothed,1141,polyak-smoothed,1141,67373.403524213223,67373.403524213223
polyak-smoothed,1142,polyak-smoothed,1142,67373.392750447645,67373.403524213223
polyak-smoothed,1143,polyak-smoothed,1143,67373.412669774203,67373.412669774203
polyak-smoothed,1144,polyak-smoothed,1144,67373.437078060335,67373.437078060335
polyak-smoothed,1145,polyak-smoothed,1145,67373.274277909106,67373.437078060335
polyak-smoothed,1146,polyak-smoothed,1146,67373.394104242776,67373.437078060335
polyak-smoothed,1147,polyak-smoothed,1147,67373.416655798428,67373.437078060335
polyak-smoothed,1148,polyak-smoothed,1148,67373.387259827519,67373.437078060335
polyak-smoothed,1149,polyak-smoothed,1149,67373.435972086532,67373.437078060335
polyak-smoothed,1150,polyak-smoothed,1150,67373.431994169106,67373.437078060335
polyak-smoothed,1151,polyak-smoothed,1151,67373.386158062218,67373.437078060335
polyak-smoothed,1152,polyak-smoothed,1152,67373.42775823269,67373.437078060335
polyak-smoothed,1153,polyak-smoothed,1153,67373.388818815598,67373.437078060335
polyak-smoothed,1154,polyak-smoothed,1154,67373.399174071921,67373.437078060335
polyak-smoothed,1155,polyak-smoothed,1155,67373.457335624931,67373.457335624931
polyak-smoothed,1156,polyak-smoothed,1156,67373.397127781034,67373.457335624931
polyak-smoothed,1157,polyak-smoothed,1157,67373.428826327217,67373.457335624931
polyak-smoothed,1158,polyak-smoothed,1158,67373.46212762002,67373.46212762002
polyak-smoothed,1159,polyak-smoothed,1159,67373.454372879729,67373.46212762002
polyak-smoothed,1160,polyak-smoothed,1160,67373.416447756172,67373.46212762002
polyak-smoothed,1161,polyak-smoothed,1161,67373.468344425986,67373.468344425986
polyak-smoothed,1162,polyak-smoothed,1162,67373.482201349543,67373.482201349543
polyak-smoothed,1163,polyak-smoothed,1163,67373.392746227648,67373.482201349543
polyak-smoothed,1164,polyak-smoothed,1164,67373.467572140726,67373.482201349543
polyak-smoothed,1165,polyak-smoothed,1165,67373.288193455432,67373.482201349543
polyak-smoothed,1166,polyak-smoothed,1166,67373.424305079665,67373.482201349543
polyak-smoothed,1167,polyak-smoothed,1167,67373.404012522777,67373.482201349543
polyak-smoothed,1168,polyak-smoothed,1168,67373.486275570089,67373.486275570089
polyak-smoothed,1169,polyak-smoothed,1169,67373.423964282978,67373.486275570089
polyak-smoothed,1170,polyak-smoothed,1170,67373.47379490333,67373.486275570089
polyak-smoothed,1171,polyak-smoothed,1171,67373.520210535571,67373.520210535571
polyak-smoothed,1172,polyak-smoothed,1172,67373.463490377166,67373.520210535571
polyak-smoothed,1173,polyak-smoothed,1173,67373.431853386166,67373.520210535571
polyak-smoothed,1174,polyak-smoothed,1174,67373.500560430868,67373.520210535571
polyak-smoothed,1175,polyak-smoothed,1175,67373.448496669953,67373.520210535571
polyak-smoothed,1176,polyak-smoothed,1176,67373.441053373477,67373.520210535571
polyak-smoothed,1177,polyak-smoothed,1177,67373.465369962942,67373.520210535571
polyak-smoothed,1178,polyak-smoothed,1178,67373.530047329565,67373.530047329565
polyak-smoothed,1179,polyak-smoothed,1179,67373.395085349388,67373.530047329565
polyak-smoothed,1180,polyak-smoothed,1180,67373.554024964513,67373.554024964513
polyak-smoothed,1181,polyak-smoothed,1181,67373.318541208035,67373.554024964513
polyak-smoothed,1182,polyak-smoothed,1182,67373.474024139636,67373.554024964513
polyak-smoothed,1183,polyak-smoothed,1183,67373.520883147256,67373.554024964513
polyak-smoothed,1184,polyak-smoothed,1184,67373.535221394559,67373.554024964513
polyak-smoothed,1185,polyak-smoothed,1185,67373.532679908138,67373.554024964513
polyak-smoothed,1186,polyak-smoothed,1186,67373.533005292746,67373.554024964513
polyak-smoothed,1187,polyak-smoothed,1187,67373.524900011093,67373.554024964513
polyak-smoothed,1188,polyak-smoothed,1188,67373.587267749899,67373.587267749899
polyak-smoothed,1189,polyak-smoothed,1189,67373.411959380886,67373.587267749899
polyak-smoothed,1190,polyak-smoothed,1190,67373.47890999644,67373.587267749899
polyak-smoothed,1191,polyak-smoothed,1191,67373.528722329807,67373.587267749899
polyak-smoothed,1192,polyak-smoothed,1192,67373.531381786219,67373.587267749899
polyak-smoothed,1193,polyak-smoothed,1193,67373.532040025486,67373.587267749899
polyak-smoothed,1194,polyak-smoothed,1194,67373.586013219319,67373.587267749899
polyak-smoothed,1195,polyak-smoothed,1195,67373.433823334766,67373.587267749899
polyak-smoothed,1196,polyak-smoothed,1196,67373.565267056343,67373.587267749899
polyak-smoothed,1197,polyak-smoothed,1197,67373.347546120596,67373.587267749899
polyak-smoothed,1198,polyak-smoothed,1198,67373.497042835399,67373.587267749899
polyak-smoothed,1199,polyak-smoothed,1199,67373.522758483959,67373.587267749899
polyak-smoothed,1200,polyak-smoothed,1200,67373.617191351324,67373.617191351324
polyak-smoothed,1201,polyak-smoothed,1201,67373.453819936578,67373.617191351324
polyak-smoothed,1202,polyak-smoothed,1202,67373.562890458023,67373.617191351324
polyak-smoothed,1203,polyak-smoothed,1203,67373.466196065012,67373.617191351324
polyak-smoothed,1204,polyak-smoothed,1204,67373.537479236853,67373.617191351324
polyak-smoothed,1205,polyak-smoothed,1205,67373.600151280276,67373.617191351324
polyak-smoothed,1206,polyak-smoothed,1206,67373.626790508628,67373.626790508628
polyak-smoothed,1207,polyak-smoothed,1207,67373.582487694453,67373.626790508628
polyak-smoothed,1208,polyak-smoothed,1208,67373.601216345516,67373.626790508628
polyak-smoothed,1209,polyak-smoothed,1209,67373.659984330006,67373.659984330006
polyak-smoothed,1210,polyak-smoothed,1210,67373.579962737174,67373.659984330006
polyak-smoothed,1211,polyak-smoothed,1211,67373.602016904915,67373.659984330006
polyak-smoothed,1212,polyak-smoothed,1212,67373.642256091931,67373.659984330006
polyak-smoothed,1213,polyak-smoothed,1213,67373.61191917902,67373.659984330006
polyak-smoothed,1214,polyak-smoothed,1214,67373.681984028459,67373.681984028459
polyak-smoothed,1215,polyak-smoothed,1215,67373.52155872641,67373.681984028459
polyak-smoothed,1216,polyak-smoothed,1216,67373.620451242852,67373.681984028459
polyak-smoothed,1217,polyak-smoothed,1217,67373.577120700706,67373.681984028459
polyak-smoothed,1218,polyak-smoothed,1218,67373.660076914006,67373.681984028459
polyak-smoothed,1219,polyak-smoothed,1219,67373.523401563041,67373.681984028459
polyak-smoothed,1220,polyak-smoothed,1220,67373.599373351943,67373.681984028459
polyak-smoothed,1221,polyak-smoothed,1221,67373.652383345645,67373.681984028459
polyak-smoothed,1222,polyak-smoothed,1222,67373.701370204231,67373.701370204231
polyak-smoothed,1223,polyak-smoothed,1223,67373.541500926352,67373.701370204231
polyak-smoothed,1224,polyak-smoothed,1224,67373.662108668257,67373.701370204231
polyak-smoothed,1225,polyak-smoothed,1225,67373.562661873919,67373.701370204231
polyak-smoothed,1226,polyak-smoothed,1226,67373.628106873235,67373.701370204231
polyak-smoothed,1227,polyak-smoothed,1227,67373.625264372007,67373.701370204231
polyak-smoothed,1228,polyak-smoothed,1228,67373.676505085401,67373.701370204231
polyak-smoothed,1229,polyak-smoothed,1229,67373.692654578233,67373.701370204231
polyak-smoothed,1230,polyak-smoothed,1230,67373.612594126127,67373.701370204231
polyak-smoothed,1231,polyak-smoothed,1231,67373.673460767415,67373.701370204231
polyak-smoothed,1232,polyak-smoothed,1232,67373.602885568107,67373.701370204231
polyak-smoothed,1233,polyak-smoothed,1233,67373.663005979921,67373.701370204231
polyak-smoothed,1234,polyak-smoothed,1234,67373.690127192385,67373.701370204231
polyak-smoothed,1235,polyak-smoothed,1235,67373.69467648842,67373.701370204231
polyak-smoothed,1236,polyak-smoothed,1236,67373.739982714527,67373.739982714527
polyak-smoothed,1237,polyak-smoothed,1237,67373.72118378013,67373.739982714527
polyak-smoothed,1238,polyak-smoothed,1238,67373.743856552552,67373.743856552552
polyak-smoothed,1239,polyak-smoothed,1239,67373.752082635168,67373.752082635168
polyak-smoothed,1240,polyak-smoothed,1240,67373.760484420476,67373.760484420476
polyak-smoothed,1241,polyak-smoothed,1241,67373.785232476686,67373.785232476686
polyak-smoothed,1242,polyak-smoothed,1242,67373.621586509573,67373.785232476686
polyak-smoothed,1243,polyak-smoothed,1243,67373.68245021101,67373.785232476686
polyak-smoothed,1244,polyak-smoothed,1244,67373.765154292516,67373.785232476686
polyak-smoothed,1245,polyak-smoothed,1245,67373.749455583747,67373.785232476686
polyak-smoothed,1246,polyak-smoothed,1246,67373.778790408061,67373.785232476686
polyak-smoothed,1247,polyak-smoothed,1247,67373.675018426933,67373.785232476686
polyak-smoothed,1248,polyak-smoothed,1248,67373.746622774474,67373.785232476686
polyak-smoothed,1249,polyak-smoothed,1249,67373.746151659725,67373.785232476686
polyak-smoothed,1250,polyak-smoothed,1250,67373.768246890264,67373.785232476686
polyak-smoothed,1251,polyak-smoothed,1251,67373.782055376447,67373.785232476686
polyak-smoothed,1252,polyak-smoothed,1252,67373.771814721709,67373.785232476686
polyak-smoothed,1253,polyak-smoothed,1253,67373.757396724177,67373.785232476686
polyak-smoothed,1254,polyak-smoothed,1254,67373.798582258183,67373.798582258183
polyak-smoothed,1255,polyak-smoothed,1255,67373.82320701117,67373.82320701117
polyak-smoothed,1256,polyak-smoothed,1256,67373.805662741957,67373.82320701117
polyak-smoothed,1257,polyak-smoothed,1257,67373.828154603092,67373.828154603092
polyak-smoothed,1258,polyak-smoothed,1258,67373.803740927542,67373.828154603092
polyak-smoothed,1259,polyak-smoothed,1259,67373.829276753546,67373.829276753546
polyak-smoothed,1260,polyak-smoothed,1260,67373.821565627397,67373.829276753546
polyak-smoothed,1261,polyak-smoothed,1261,67373.825658262271,67373.829276753546
polyak-smoothed,1262,polyak-smoothed,1262,67373.830637184656,67373.830637184656
polyak-smoothed,1263,polyak-smoothed,1263,67373.833020559498,67373.833020559498
polyak-smoothed,1264,polyak-smoothed,1264,67373.839973256574,67373.839973256574
polyak-smoothed,1265,polyak-smoothed,1265,67373.83243207635,67373.839973256574
polyak-smoothed,1266,polyak-smoothed,1266,67373.839855539496,67373.839973256574
polyak-smoothed,1267,polyak-smoothed,1267,67373.834753930932,67373.839973256574
polyak-smoothed,1268,polyak-smoothed,1268,67373.845483206998,67373.845483206998
polyak-smoothed,1269,polyak-smoothed,1269,67373.845627431496,67373.845627431496
polyak-smoothed,1270,polyak-smoothed,1270,67373.842098494235,67373.845627431496
polyak-smoothed,1271,polyak-smoothed,1271,67373.850904095234,67373.850904095234
polyak-smoothed,1272,polyak-smoothed,1272,67373.846504653469,67373.850904095234
polyak-smoothed,1273,polyak-smoothed,1273,67373.856051754672,67373.856051754672
polyak-smoothed,1274,polyak-smoothed,1274,67373.835543781621,67373.856051754672
polyak-smoothed,1275,polyak-smoothed,1275,67373.848858839177,67373.856051754672
polyak-smoothed,1276,polyak-smoothed,1276,67373.860674819487,67373.860674819487
polyak-smoothed,1277,polyak-smoothed,1277,67373.838702161695,67373.860674819487
polyak-smoothed,1278,polyak-smoothed,1278,67373.867695457651,67373.867695457651
polyak-smoothed,1279,polyak-smoothed,1279,67373.807457599571,67373.867695457651
polyak-smoothed,1280,polyak-smoothed,1280,67373.838254346527,67373.867695457651
polyak-smoothed,1281,polyak-smoothed,1281,67373.859820715865,67373.867695457651
polyak-smoothed,1282,polyak-smoothed,1282,67373.848105298384,67373.867695457651
polyak-smoothed,1283,polyak-smoothed,1283,67373.850954673777,67373.867695457651
polyak-smoothed,1284,polyak-smoothed,1284,67373.871353133974,67373.871353133974
polyak-smoothed,1285,polyak-smoothed,1285,67373.87322056602,67373.87322056602
polyak-smoothed,1286,polyak-smoothed,1286,67373.825005326973,67373.87322056602
polyak-smoothed,1287,polyak-smoothed,1287,67373.867569600654,67373.87322056602
polyak-smoothed,1288,polyak-smoothed,1288,67373.84472084773,67373.87322056602
polyak-smoothed,1289,polyak-smoothed,1289,67373.863920423115,67373.87322056602
polyak-smoothed,1290,polyak-smoothed,1290,67373.869713004751,67373.87322056602
polyak-smoothed,1291,polyak-smoothed,1291,67373.869398043549,67373.87322056602
polyak-smoothed,1292,polyak-smoothed,1292,67373.873652380003,67373.873652380003
polyak-smoothed,1293,polyak-smoothed,1293,67373.85208645706,67373.873652380003
polyak-smoothed,1294,polyak-smoothed,1294,67373.869173869971,67373.873652380003
polyak-smoothed,1295,polyak-smoothed,1295,67373.878008317304,67373.878008317304
polyak-smoothed,1296,polyak-smoothed,1296,67373.859531867827,67373.878008317304
polyak-smoothed,1297,polyak-smoothed,1297,67373.864136423654,67373.878008317304
polyak-smoothed,1298,polyak-smoothed,1298,67373.886328900509,67373.886328900509
polyak-smoothed,1299,polyak-smoothed,1299,67373.857409811171,67373.886328900509
polyak-smoothed,1300,polyak-smoothed,1300,67373.879247386998,67373.886328900509
polyak-smoothed,1301,polyak-smoothed,1301,67373.833564983681,67373.886328900509
polyak-smoothed,1302,polyak-smoothed,1302,67373.860774057874,67373.886328900509
polyak-smoothed,1303,polyak-smoothed,1303,67373.871237246596,67373.886328900509
polyak-smoothed,1304,polyak-smoothed,1304,67373.888682482808,67373.888682482808
polyak-smoothed,1305,polyak-smoothed,1305,67373.849161624239,67373.888682482808
polyak-smoothed,1306,polyak-smoothed,1306,67373.875974693146,67373.888682482808
polyak-smoothed,1307,polyak-smoothed,1307,67373.857236298019,67373.888682482808
polyak-smoothed,1308,polyak-smoothed,1308,67373.88530246343,67373.888682482808
polyak-smoothed,1309,polyak-smoothed,1309,67373.860392961724,67373.888682482808
polyak-smoothed,1310,polyak-smoothed,1310,67373.85968632513,67373.888682482808
polyak-smoothed,1311,polyak-smoothed,1311,67373.887135928569,67373.888682482808
polyak-smoothed,1312,polyak-smoothed,1312,67373.858623090433,67373.888682482808
polyak-smoothed,1313,polyak-smoothed,1313,67373.885235258567,67373.888682482808
polyak-smoothed,1314,polyak-smoothed,1314,67373.881987733286,67373.888682482808
polyak-smoothed,1315,polyak-smoothed,1315,67373.897617254683,67373.897617254683
polyak-smoothed,1316,polyak-smoothed,1316,67373.88445731769,67373.897617254683
polyak-smoothed,1317,polyak-smoothed,1317,67373.888135550151,67373.897617254683
polyak-smoothed,1318,polyak-smoothed,1318,67373.894297959254,67373.897617254683
polyak-smoothed,1319,polyak-smoothed,1319,67373.881456840783,67373.897617254683
polyak-smoothed,1320,polyak-smoothed,1320,67373.898784930003,67373.898784930003
polyak-smoothed,1321,polyak-smoothed,1321,67373.876575184113,67373.898784930003
polyak-smoothed,1322,polyak-smoothed,1322,67373.87484136899,67373.898784930003
polyak-smoothed,1323,polyak-smoothed,1323,67373.898926437556,67373.898926437556
polyak-smoothed,1324,polyak-smoothed,1324,67373.886984245692,67373.898926437556
polyak-smoothed,1325,polyak-smoothed,1325,67373.903226642171,67373.903226642171
polyak-smoothed,1326,polyak-smoothed,1326,67373.837891056915,67373.903226642171
polyak-smoothed,1327,polyak-smoothed,1327,67373.890998509916,67373.903226642171
polyak-smoothed,1328,polyak-smoothed,1328,67373.892108585133,67373.903226642171
polyak-smoothed,1329,polyak-smoothed,1329,67373.879887936491,67373.903226642171
polyak-smoothed,1330,polyak-smoothed,1330,67373.901275381853,67373.903226642171
polyak-smoothed,1331,polyak-smoothed,1331,67373.900651202552,67373.903226642171
polyak-smoothed,1332,polyak-smoothed,1332,67373.901208078678,67373.903226642171
polyak-smoothed,1333,polyak-smoothed,1333,67373.897027642728,67373.903226642171
polyak-smoothed,1334,polyak-smoothed,1334,67373.91244998129,67373.91244998129
polyak-smoothed,1335,polyak-smoothed,1335,67373.899305534898,67373.91244998129
polyak-smoothed,1336,polyak-smoothed,1336,67373.889431751566,67373.91244998129
polyak-smoothed,1337,polyak-smoothed,1337,67373.893745049543,67373.91244998129
polyak-smoothed,1338,polyak-smoothed,1338,67373.905362734105,67373.91244998129
polyak-smoothed,1339,polyak-smoothed,1339,67373.897690844577,67373.91244998129
polyak-smoothed,1340,polyak-smoothed,1340,67373.910786244916,67373.91244998129
polyak-smoothed,1341,polyak-smoothed,1341,67373.914201644584,67373.914201644584
polyak-smoothed,1342,polyak-smoothed,1342,67373.893133284408,67373.914201644584
polyak-smoothed,1343,polyak-smoothed,1343,67373.908245068858,67373.914201644584
polyak-smoothed,1344,polyak-smoothed,1344,67373.901590127833,67373.914201644584
polyak-smoothed,1345,polyak-smoothed,1345,67373.90518553491,67373.914201644584
polyak-smoothed,1346,polyak-smoothed,1346,67373.918462555172,67373.918462555172
polyak-smoothed,1347,polyak-smoothed,1347,67373.900954562181,67373.918462555172
polyak-smoothed,1348,polyak-smoothed,1348,67373.915880393863,67373.918462555172
polyak-smoothed,1349,polyak-smoothed,1349,67373.909439626528,67373.918462555172
polyak-smoothed,1350,polyak-smoothed,1350,67373.926013744145,67373.926013744145
polyak-smoothed,1351,polyak-smoothed,1351,67373.909677747812,67373.926013744145
polyak-smoothed,1352,polyak-smoothed,1352,67373.913748245453,67373.926013744145
polyak-smoothed,1353,polyak-smoothed,1353,67373.897057012451,67373.926013744145
polyak-smoothed,1354,polyak-smoothed,1354,67373.92462041181,67373.926013744145
polyak-smoothed,1355,polyak-smoothed,1355,67373.887633226739,67373.926013744145
polyak-smoothed,1356,polyak-smoothed,1356,67373.916514758836,67373.926013744145
polyak-smoothed,1357,polyak-smoothed,1357,67373.909945671898,67373.926013744145
polyak-smoothed,1358,polyak-smoothed,1358,67373.91428279251,67373.926013744145
polyak-smoothed,1359,polyak-smoothed,1359,67373.933994236941,67373.933994236941
polyak-smoothed,1360,polyak-smoothed,1360,67373.855092052327,67373.933994236941
polyak-smoothed,1361,polyak-smoothed,1361,67373.902121392981,67373.933994236941
polyak-smoothed,1362,polyak-smoothed,1362,67373.898774821282,67373.933994236941
polyak-smoothed,1363,polyak-smoothed,1363,67373.918069628009,67373.933994236941
polyak-smoothed,1364,polyak-smoothed,1364,67373.907890010843,67373.933994236941
polyak-smoothed,1365,polyak-smoothed,1365,67373.925061005182,67373.933994236941
polyak-smoothed,1366,polyak-smoothed,1366,67373.909998152274,67373.933994236941
polyak-smoothed,1367,polyak-smoothed,1367,67373.930398645694,67373.933994236941
polyak-smoothed,1368,polyak-smoothed,1368,67373.911365582317,67373.933994236941
polyak-smoothed,1369,polyak-smoothed,1369,67373.910768737813,67373.933994236941
polyak-smoothed,1370,polyak-smoothed,1370,67373.935710726189,67373.935710726189
polyak-smoothed,1371,polyak-smoothed,1371,67373.925069405654,67373.935710726189
polyak-smoothed,1372,polyak-smoothed,1372,67373.928514850806,67373.935710726189
polyak-smoothed,1373,polyak-smoothed,1373,67373.930279846405,67373.935710726189
polyak-smoothed,1374,polyak-smoothed,1374,67373.923261854259,67373.935710726189
polyak-smoothed,1375,polyak-smoothed,1375,67373.949668095884,67373.949668095884
polyak-smoothed,1376,polyak-smoothed,1376,67373.884503935755,67373.949668095884
polyak-smoothed,1377,polyak-smoothed,1377,67373.92226150872,67373.949668095884
polyak-smoothed,1378,polyak-smoothed,1378,67373.925936834145,67373.949668095884
polyak-smoothed,1379,polyak-smoothed,1379,67373.931880751741,67373.949668095884
polyak-smoothed,1380,polyak-smoothed,1380,67373.945498166911,67373.949668095884
polyak-smoothed,1381,polyak-smoothed,1381,67373.89621966175,67373.949668095884
polyak-smoothed,1382,polyak-smoothed,1382,67373.939077555318,67373.949668095884
polyak-smoothed,1383,polyak-smoothed,1383,67373.922245791211,67373.949668095884
polyak-smoothed,1384,polyak-smoothed,1384,67373.949253031984,67373.949668095884
polyak-smoothed,1385,polyak-smoothed,1385,67373.940760790807,67373.949668095884
polyak-smoothed,1386,polyak-smoothed,1386,67373.94721108934,67373.949668095884
polyak-smoothed,1387,polyak-smoothed,1387,67373.939172011873,67373.949668095884
