strategy,iteration,phase,phase_iteration,lower_bound,best_lower_bound
polyak-smoothed-dynamic,1,polyak-smoothed-dynamic,1,59775,59775
polyak-smoothed-dynamic,2,polyak-smoothed-dynamic,2,-5545.2000000000953,59775
polyak-smoothed-dynamic,3,polyak-smoothed-dynamic,3,44118.075064923396,59775
polyak-smoothed-dynamic,4,polyak-smoothed-dynamic,4,36752.585297495214,59775
polyak-smoothed-dynamic,5,polyak-smoothed-dynamic,5,35339.141793534698,59775
polyak-smoothed-dynamic,6,polyak-smoothed-dynamic,6,32898.279072195044,59775
polyak-smoothed-dynamic,7,polyak-smoothed-dynamic,7,37610.433074073779,59775
polyak-smoothed-dynamic,8,polyak-smoothed-dynamic,8,39642.672492670317,59775
polyak-smoothed-dynamic,9,polyak-smoothed-dynamic,9,41798.485085986795,59775
polyak-smoothed-dynamic,10,polyak-smoothed-dynamic,10,39390.88561145596,59775
polyak-smoothed-dynamic,11,polyak-smoothed-dynamic,11,46680.947318898252,59775
polyak-smoothed-dynamic,12,polyak-smoothed-dynamic,12,46629.334668231997,59775
polyak-smoothed-dynamic,13,polyak-smoothed-dynamic,13,48332.789315085582,59775
polyak-smoothed-dynamic,14,polyak-smoothed-dynamic,14,48310.898146500629,59775
polyak-smoothed-dynamic,15,polyak-smoothed-dynamic,15,53626.339928217232,59775
polyak-smoothed-dynamic,16,polyak-smoothed-dynamic,16,55518.869577783051,59775
polyak-smoothed-dynamic,17,polyak-smoothed-dynamic,17,59006.385337763088,59775
polyak-smoothed-dynamic,18,polyak-smoothed-dynamic,18,60080.080315540887,60080.080315540887
polyak-smoothed-dynamic,19,polyak-smoothed-dynamic,19,60204.152938826264,60204.152938826264
polyak-smoothed-dynamic,20,polyak-smoothed-dynamic,20,61719.899697152861,61719.899697152861
polyak-smoothed-dynamic,21,polyak-smoothed-dynamic,21,60799.134989316728,61719.899697152861
polyak-smoothed-dynamic,22,polyak-smoothed-dynamic,22,61101.729938432167,61719.899697152861
polyak-smoothed-dynamic,23,polyak-smoothed-dynamic,23,61527.511011950541,61719.899697152861
polyak-smoothed-dynamic,24,polyak-smoothed-dynamic,24,61535.470252271291,61719.899697152861
polyak-smoothed-dynamic,25,polyak-smoothed-dynamic,25,60466.755196004313,61719.899697152861
polyak-smoothed-dynamic,26,polyak-smoothed-dynamic,26,60625.2069417475,61719.899697152861
polyak-smoothed-dynamic,27,polyak-smoothed-dynamic,27,60999.138820649583,61719.899697152861
polyak-smoothed-dynamic,28,polyak-smoothed-dynamic,28,61588.604516336381,61719.899697152861
polyak-smoothed-dynamic,29,polyak-smoothed-dynamic,29,62197.246049060122,62197.246049060122
polyak-smoothed-dynamic,30,polyak-smoothed-dynamic,30,60103.329689422026,62197.246049060122
polyak-smoothed-dynamic,31,polyak-smoothed-dynamic,31,61601.032395551549,62197.246049060122
polyak-smoothed-dynamic,32,polyak-smoothed-dynamic,32,61350.460255954386,62197.246049060122
polyak-smoothed-dynamic,33,polyak-smoothed-dynamic,33,60308.870493307033,62197.246049060122
polyak-smoothed-dynamic,34,polyak-smoothed-dynamic,34,62295.923715634191,62295.923715634191
polyak-smoothed-dynamic,35,polyak-smoothed-dynamic,35,59807.398894138059,62295.923715634191
polyak-smoothed-dynamic,36,polyak-smoothed-dynamic,36,61091.555018694948,62295.923715634191
polyak-smoothed-dynamic,37,polyak-smoothed-dynamic,37,61350.138356506257,62295.923715634191
polyak-smoothed-dynamic,38,polyak-smoothed-dynamic,38,60994.725043641753,62295.923715634191
polyak-smoothed-dynamic,39,polyak-smoothed-dynamic,39,62404.521666141365,62404.521666141365
polyak-smoothed-dynamic,40,polyak-smoothed-dynamic,40,60967.052574696958,62404.521666141365
polyak-smoothed-dynamic,41,polyak-smoothed-dynamic,41,62492.900575542233,62492.900575542233
polyak-smoothed-dynamic,42,polyak-smoothed-dynamic,42,61798.509483828879,62492.900575542233
polyak-smoothed-dynamic,43,polyak-smoothed-dynamic,43,62156.809344591231,62492.900575542233
polyak-smoothed-dynamic,44,polyak-smoothed-dynamic,44,61826.571202434316,62492.900575542233
polyak-smoothed-dynamic,45,polyak-smoothed-dynamic,45,61749.670030077592,62492.900575542233
polyak-smoothed-dynamic,46,polyak-smoothed-dynamic,46,63522.663964669344,63522.663964669344
polyak-smoothed-dynamic,47,polyak-smoothed-dynamic,47,61012.700379074442,63522.663964669344
polyak-smoothed-dynamic,48,polyak-smoothed-dynamic,48,62519.007986130804,63522.663964669344
polyak-smoothed-dynamic,49,polyak-smoothed-dynamic,49,62376.870218011973,63522.663964669344
polyak-smoothed-dynamic,50,polyak-smoothed-dynamic,50,62637.951316921506,63522.663964669344
polyak-smoothed-dynamic,51,polyak-smoothed-dynamic,51,61442.018504662381,63522.663964669344
polyak-smoothed-dynamic,52,polyak-smoothed-dynamic,52,63070.306539918944,63522.663964669344
polyak-smoothed-dynamic,53,polyak-smoothed-dynamic,53,60399.493564725577,63522.663964669344
polyak-smoothed-dynamic,54,polyak-smoothed-dynamic,54,62132.427289870124,63522.663964669344
polyak-smoothed-dynamic,55,polyak-smoothed-dynamic,55,62837.593730227665,63522.663964669344
polyak-smoothed-dynamic,56,polyak-smoothed-dynamic,56,62569.361438420579,63522.663964669344
polyak-smoothed-dynamic,57,polyak-smoothed-dynamic,57,62765.812205918752,63522.663964669344
polyak-smoothed-dynamic,58,polyak-smoothed-dynamic,58,62264.923286024918,63522.663964669344
polyak-smoothed-dynamic,59,polyak-smoothed-dynamic,59,63127.933137139225,63522.663964669344
polyak-smoothed-dynamic,60,polyak-smoothed-dynamic,60,64076.603809979468,64076.603809979468
polyak-smoothed-dynamic,61,polyak-smoothed-dynamic,61,64170.52564060087,64170.52564060087
polyak-smoothed-dynamic,62,polyak-smoothed-dynamic,62,64289.899827990375,64289.899827990375
polyak-smoothed-dynamic,63,polyak-smoothed-dynamic,63,64802.237789279032,64802.237789279032
polyak-smoothed-dynamic,64,polyak-smoothed-dynamic,64,63616.284221104506,64802.237789279032
polyak-smoothed-dynamic,65,polyak-smoothed-dynamic,65,64780.900350095784,64802.237789279032
polyak-smoothed-dynamic,66,polyak-smoothed-dynamic,66,63202.749710910088,64802.237789279032
polyak-smoothed-dynamic,67,polyak-smoothed-dynamic,67,63795.310219679421,64802.237789279032
polyak-smoothed-dynamic,68,polyak-smoothed-dynamic,68,64599.126035249028,64802.237789279032
polyak-smoothed-dynamic,69,polyak-smoothed-dynamic,69,64111.301708675797,64802.237789279032
polyak-smoothed-dynamic,70,polyak-smoothed-dynamic,70,64209.290062534128,64802.237789279032
polyak-smoothed-dynamic,71,polyak-smoothed-dynamic,71,64813.890129296058,64813.890129296058
polyak-smoothed-dynamic,72,polyak-smoothed-dynamic,72,63457.729131213302,64813.890129296058
polyak-smoothed-dynamic,73,polyak-smoothed-dynamic,73,64060.070923553008,64813.890129296058
polyak-smoothed-dynamic,74,polyak-smoothed-dynamic,74,64480.976868520214,64813.890129296058
polyak-smoothed-dynamic,75,polyak-smoothed-dynamic,75,64410.032889146045,64813.890129296058
polyak-smoothed-dynamic,76,polyak-smoothed-dynamic,76,64654.418993286716,64813.890129296058
polyak-smoothed-dynamic,77,polyak-smoothed-dynamic,77,64845.5054606677,64845.5054606677
polyak-smoothed-dynamic,78,polyak-smoothed-dynamic,78,63866.084195353578,64845.5054606677
polyak-smoothed-dynamic,79,polyak-smoothed-dynamic,79,64813.651484570328,64845.5054606677
polyak-smoothed-dynamic,80,polyak-smoothed-dynamic,80,64558.939202920948,64845.5054606677
polyak-smoothed-dynamic,81,polyak-smoothed-dynamic,81,64498.145875506641,64845.5054606677
polyak-smoothed-dynamic,82,polyak-smoothed-dynamic,82,65159.930117478907,65159.930117478907
polyak-smoothed-dynamic,83,polyak-smoothed-dynamic,83,64116.67967775256,65159.930117478907
polyak-smoothed-dynamic,84,polyak-smoothed-dynamic,84,64537.421774151211,65159.930117478907
polyak-smoothed-dynamic,85,polyak-smoothed-dynamic,85,64284.394499709539,65159.930117478907
polyak-smoothed-dynamic,86,polyak-smoothed-dynamic,86,65006.326362118532,65159.930117478907
polyak-smoothed-dynamic,87,polyak-smoothed-dynamic,87,64954.567429763862,65159.930117478907
polyak-smoothed-dynamic,88,polyak-smoothed-dynamic,88,64204.928122759375,65159.930117478907
polyak-smoothed-dynamic,89,polyak-smoothed-dynamic,89,65242.514194589188,65242.514194589188
polyak-smoothed-dynamic,90,polyak-smoothed-dynamic,90,63044.316178967041,65242.514194589188
polyak-smoothed-dynamic,91,polyak-smoothed-dynamic,91,64126.892236516695,65242.514194589188
polyak-smoothed-dynamic,92,polyak-smoothed-dynamic,92,64189.560028789609,65242.514194589188
polyak-smoothed-dynamic,93,polyak-smoothed-dynamic,93,64871.463268775398,65242.514194589188
polyak-smoothed-dynamic,94,polyak-smoothed-dynamic,94,64793.50486403059,65242.514194589188
polyak-smoothed-dynamic,95,polyak-smoothed-dynamic,95,64823.075727037605,65242.514194589188
polyak-smoothed-dynamic,96,polyak-smoothed-dynamic,96,64801.235144745238,65242.514194589188
polyak-smoothed-dynamic,97,polyak-smoothed-dynamic,97,64832.769771896659,65242.514194589188
polyak-smoothed-dynamic,98,polyak-smoothed-dynamic,98,64655.954342732803,65242.514194589188
polyak-smoothed-dynamic,99,polyak-smoothed-dynamic,99,65111.846908660547,65242.514194589188
polyak-smoothed-dynamic,100,polyak-smoothed-dynamic,100,64237.576732844464,65242.514194589188
polyak-smoothed-dynamic,101,polyak-smoothed-dynamic,101,64858.937298015859,65242.514194589188
polyak-smoothed-dynamic,102,polyak-smoothed-dynamic,102,64331.643726102433,65242.514194589188
polyak-smoothed-dynamic,103,polyak-smoothed-dynamic,103,64925.231046351793,65242.514194589188
polyak-smoothed-dynamic,104,polyak-smoothed-dynamic,104,65395.929794183699,65395.929794183699
polyak-smoothed-dynamic,105,polyak-smoothed-dynamic,105,65617.806150067758,65617.806150067758
polyak-smoothed-dynamic,106,polyak-smoothed-dynamic,106,65839.320075108641,65839.320075108641
polyak-smoothed-dynamic,107,polyak-smoothed-dynamic,107,65733.759829756964,65839.320075108641
polyak-smoothed-dynamic,108,polyak-smoothed-dynamic,108,65855.186646360409,65855.186646360409
polyak-smoothed-dynamic,109,polyak-smoothed-dynamic,109,65591.55069906039,65855.186646360409
polyak-smoothed-dynamic,110,polyak-smoothed-dynamic,110,66036.038000424174,66036.038000424174
polyak-smoothed-dynamic,111,polyak-smoothed-dynamic,111,65093.211742847488,66036.038000424174
polyak-smoothed-dynamic,112,polyak-smoothed-dynamic,112,65623.181009273074,66036.038000424174
polyak-smoothed-dynamic,113,polyak-smoothed-dynamic,113,65760.691619926845,66036.038000424174
polyak-smoothed-dynamic,114,polyak-smoothed-dynamic,114,65475.063917599335,66036.038000424174
polyak-smoothed-dynamic,115,polyak-smoothed-dynamic,115,66128.00490248359,66128.00490248359
polyak-smoothed-dynamic,116,polyak-smoothed-dynamic,116,65171.998714802612,66128.00490248359
polyak-smoothed-dynamic,117,polyak-smoothed-dynamic,117,65581.677103575508,66128.00490248359
polyak-smoothed-dynamic,118,polyak-smoothed-dynamic,118,65937.126484186854,66128.00490248359
polyak-smoothed-dynamic,119,polyak-smoothed-dynamic,119,65585.091810542246,66128.00490248359
polyak-smoothed-dynamic,120,polyak-smoothed-dynamic,120,65843.497256092145,66128.00490248359
polyak-smoothed-dynamic,121,polyak-smoothed-dynamic,121,66129.117394737754,66129.117394737754
polyak-smoothed-dynamic,122,polyak-smoothed-dynamic,122,65461.112893045422,66129.117394737754
polyak-smoothed-dynamic,123,polyak-smoothed-dynamic,123,65973.511383167584,66129.117394737754
polyak-smoothed-dynamic,124,polyak-smoothed-dynamic,124,65593.411379713871,66129.117394737754
polyak-smoothed-dynamic,125,polyak-smoothed-dynamic,125,65861.187939837808,66129.117394737754
polyak-smoothed-dynamic,126,polyak-smoothed-dynamic,126,65787.704228680057,66129.117394737754
polyak-smoothed-dynamic,127,polyak-smoothed-dynamic,127,65938.060981878371,66129.117394737754
polyak-smoothed-dynamic,128,polyak-smoothed-dynamic,128,65944.238358365285,66129.117394737754
polyak-smoothed-dynamic,129,polyak-smoothed-dynamic,129,65873.86803823708,66129.117394737754
polyak-smoothed-dynamic,130,polyak-smoothed-dynamic,130,66329.513627065549,66329.513627065549
polyak-smoothed-dynamic,131,polyak-smoothed-dynamic,131,65944.38238161277,66329.513627065549
polyak-smoothed-dynamic,132,polyak-smoothed-dynamic,132,65845.473663278128,66329.513627065549
polyak-smoothed-dynamic,133,polyak-smoothed-dynamic,133,66087.143405922485,66329.513627065549
polyak-smoothed-dynamic,134,polyak-smoothed-dynamic,134,66035.933979392285,66329.513627065549
polyak-smoothed-dynamic,135,polyak-smoothed-dynamic,135,66179.656299628201,66329.513627065549
polyak-smoothed-dynamic,136,polyak-smoothed-dynamic,136,65667.672023421634,66329.513627065549
polyak-smoothed-dynamic,137,polyak-smoothed-dynamic,137,66003.944042254981,66329.513627065549
polyak-smoothed-dynamic,138,polyak-smoothed-dynamic,138,65818.815360890207,66329.513627065549
polyak-smoothed-dynamic,139,polyak-smoothed-dynamic,139,65942.067413852841,66329.513627065549
polyak-smoothed-dynamic,140,polyak-smoothed-dynamic,140,66020.066552393328,66329.513627065549
polyak-smoothed-dynamic,141,polyak-smoothed-dynamic,141,66145.068107103943,66329.513627065549
polyak-smoothed-dynamic,142,polyak-smoothed-dynamic,142,66231.63021787029,66329.513627065549
polyak-smoothed-dynamic,143,polyak-smoothed-dynamic,143,65676.508268904494,66329.513627065549
polyak-smoothed-dynamic,144,polyak-smoothed-dynamic,144,66057.330583483505,66329.513627065549
polyak-smoothed-dynamic,145,polyak-smoothed-dynamic,145,66379.633866941265,66379.633866941265
polyak-smoothed-dynamic,146,polyak-smoothed-dynamic,146,66476.137970614887,66476.137970614887
polyak-smoothed-dynamic,147,polyak-smoothed-dynamic,147,66421.497400736363,66476.137970614887
polyak-smoothed-dynamic,148,polyak-smoothed-dynamic,148,66434.138988977837,66476.137970614887
polyak-smoothed-dynamic,149,polyak-smoothed-dynamic,149,66481.402352293211,66481.402352293211
polyak-smoothed-dynamic,150,polyak-smoothed-dynamic,150,66383.190043105496,66481.402352293211
polyak-smoothed-dynamic,151,polyak-smoothed-dynamic,151,66482.963986090108,66482.963986090108
polyak-smoothed-dynamic,152,polyak-smoothed-dynamic,152,66368.274446737487,66482.963986090108
polyak-smoothed-dynamic,153,polyak-smoothed-dynamic,153,66507.08193989133,66507.08193989133
polyak-smoothed-dynamic,154,polyak-smoothed-dynamic,154,66357.698736599559,66507.08193989133
polyak-smoothed-dynamic,155,polyak-smoothed-dynamic,155,66417.879738778924,66507.08193989133
polyak-smoothed-dynamic,156,polyak-smoothed-dynamic,156,66447.388839121268,66507.08193989133
polyak-smoothed-dynamic,157,polyak-smoothed-dynamic,157,66480.650111603492,66507.08193989133
polyak-smoothed-dynamic,158,polyak-smoothed-dynamic,158,66611.076404759282,66611.076404759282
polyak-smoothed-dynamic,159,polyak-smoothed-dynamic,159,66562.922478734559,66611.076404759282
polyak-smoothed-dynamic,160,polyak-smoothed-dynamic,160,66586.517275916209,66611.076404759282
polyak-smoothed-dynamic,161,polyak-smoothed-dynamic,161,66306.656821746496,66611.076404759282
polyak-smoothed-dynamic,162,polyak-smoothed-dynamic,162,66429.199192407381,66611.076404759282
polyak-smoothed-dynamic,163,polyak-smoothed-dynamic,163,66539.139402218731,66611.076404759282
polyak-smoothed-dynamic,164,polyak-smoothed-dynamic,164,66452.068704245452,66611.076404759282
polyak-smoothed-dynamic,165,polyak-smoothed-dynamic,165,66528.46938096825,66611.076404759282
polyak-smoothed-dynamic,166,polyak-smoothed-dynamic,166,66607.415704731597,66611.076404759282
polyak-smoothed-dynamic,167,polyak-smoothed-dynamic,167,66386.586152481512,66611.076404759282
polyak-smoothed-dynamic,168,polyak-smoothed-dynamic,168,66522.614563661351,66611.076404759282
polyak-smoothed-dynamic,169,polyak-smoothed-dynamic,169,66368.940946213363,66611.076404759282
polyak-smoothed-dynamic,170,polyak-smoothed-dynamic,170,66451.398902682937,66611.076404759282
polyak-smoothed-dynamic,171,polyak-smoothed-dynamic,171,66521.064556062396,66611.076404759282
polyak-smoothed-dynamic,172,polyak-smoothed-dynamic,172,66575.463380496207,66611.076404759282
polyak-smoothed-dynamic,173,polyak-smoothed-dynamic,173,66639.888565583533,66639.888565583533
polyak-smoothed-dynamic,174,polyak-smoothed-dynamic,174,66659.20065715388,66659.20065715388
polyak-smoothed-dynamic,175,polyak-smoothed-dynamic,175,66710.126294154237,66710.126294154237
polyak-smoothed-dynamic,176,polyak-smoothed-dynamic,176,66750.532701429198,66750.532701429198
polyak-smoothed-dynamic,177,polyak-smoothed-dynamic,177,66695.461347867371,66750.532701429198
polyak-smoothed-dynamic,178,polyak-smoothed-dynamic,178,66692.503345968391,66750.532701429198
polyak-smoothed-dynamic,179,polyak-smoothed-dynamic,179,66737.124605979785,66750.532701429198
polyak-smoothed-dynamic,180,polyak-smoothed-dynamic,180,66721.048227872598,66750.532701429198
polyak-smoothed-dynamic,181,polyak-smoothed-dynamic,181,66801.368288750848,66801.368288750848
polyak-smoothed-dynamic,182,polyak-smoothed-dynamic,182,66543.907289104129,66801.368288750848
polyak-smoothed-dynamic,183,polyak-smoothed-dynamic,183,66646.694105756775,66801.368288750848
polyak-smoothed-dynamic,184,polyak-smoothed-dynamic,184,66688.128032244655,66801.368288750848
polyak-smoothed-dynamic,185,polyak-smoothed-dynamic,185,66746.253144309987,66801.368288750848
polyak-smoothed-dynamic,186,polyak-smoothed-dynamic,186,66683.680040448089,66801.368288750848
polyak-smoothed-dynamic,187,polyak-smoothed-dynamic,187,66709.059535411507,66801.368288750848
polyak-smoothed-dynamic,188,polyak-smoothed-dynamic,188,66678.160395834391,66801.368288750848
polyak-smoothed-dynamic,189,polyak-smoothed-dynamic,189,66743.94554274471,66801.368288750848
polyak-smoothed-dynamic,190,polyak-smoothed-dynamic,190,66679.729575042205,66801.368288750848
polyak-smoothed-dynamic,191,polyak-smoothed-dynamic,191,66742.876842442231,66801.368288750848
polyak-smoothed-dynamic,192,polyak-smoothed-dynamic,192,66618.998216496562,66801.368288750848
polyak-smoothed-dynamic,193,polyak-smoothed-dynamic,193,66693.302237465075,66801.368288750848
polyak-smoothed-dynamic,194,polyak-smoothed-dynamic,194,66707.581134116626,66801.368288750848
polyak-smoothed-dynamic,195,polyak-smoothed-dynamic,195,66751.340199619313,66801.368288750848
polyak-smoothed-dynamic,196,polyak-smoothed-dynamic,196,66855.142369213354,66855.142369213354
polyak-smoothed-dynamic,197,polyak-smoothed-dynamic,197,66850.738009072142,66855.142369213354
polyak-smoothed-dynamic,198,polyak-smoothed-dynamic,198,66857.545752206352,66857.545752206352
polyak-smoothed-dynamic,199,polyak-smoothed-dynamic,199,66855.546765463791,66857.545752206352
polyak-smoothed-dynamic,200,polyak-smoothed-dynamic,200,66841.319891495645,66857.545752206352
polyak-smoothed-dynamic,201,polyak-smoothed-dynamic,201,66874.303590624593,66874.303590624593
polyak-smoothed-dynamic,202,polyak-smoothed-dynamic,202,66866.398556962769,66874.303590624593
polyak-smoothed-dynamic,203,polyak-smoothed-dynamic,203,66825.130592599351,66874.303590624593
polyak-smoothed-dynamic,204,polyak-smoothed-dynamic,204,66855.584106801209,66874.303590624593
polyak-smoothed-dynamic,205,polyak-smoothed-dynamic,205,66888.270273073998,66888.270273073998
polyak-smoothed-dynamic,206,polyak-smoothed-dynamic,206,66880.360470529893,66888.270273073998
polyak-smoothed-dynamic,207,polyak-smoothed-dynamic,207,66854.018778426631,66888.270273073998
polyak-smoothed-dynamic,208,polyak-smoothed-dynamic,208,66899.873642751074,66899.873642751074
polyak-smoothed-dynamic,209,polyak-smoothed-dynamic,209,66814.302708939547,66899.873642751074
polyak-smoothed-dynamic,210,polyak-smoothed-dynamic,210,66865.952830443144,66899.873642751074
polyak-smoothed-dynamic,211,polyak-smoothed-dynamic,211,66843.787346436729,66899.873642751074
polyak-smoothed-dynamic,212,polyak-smoothed-dynamic,212,66864.158263706195,66899.873642751074
polyak-smoothed-dynamic,213,polyak-smoothed-dynamic,213,66888.179602394157,66899.873642751074
polyak-smoothed-dynamic,214,polyak-smoothed-dynamic,214,66879.309040433465,66899.873642751074
polyak-smoothed-dynamic,215,polyak-smoothed-dynamic,215,66923.593410365283,66923.593410365283
polyak-smoothed-dynamic,216,polyak-smoothed-dynamic,216,66885.484354822838,66923.593410365283
polyak-smoothed-dynamic,217,polyak-smoothed-dynamic,217,66903.091565751267,66923.593410365283
polyak-smoothed-dynamic,218,polyak-smoothed-dynamic,218,66884.621615423835,66923.593410365283
polyak-smoothed-dynamic,219,polyak-smoothed-dynamic,219,66902.719247216301,66923.593410365283
polyak-smoothed-dynamic,220,polyak-smoothed-dynamic,220,66835.392092268215,66923.593410365283
polyak-smoothed-dynamic,221,polyak-smoothed-dynamic,221,66862.868224276535,66923.593410365283
polyak-smoothed-dynamic,222,polyak-smoothed-dynamic,222,66903.503298336218,66923.593410365283
polyak-smoothed-dynamic,223,polyak-smoothed-dynamic,223,66917.000191514671,66923.593410365283
polyak-smoothed-dynamic,224,polyak-smoothed-dynamic,224,66871.302192058356,66923.593410365283
polyak-smoothed-dynamic,225,polyak-smoothed-dynamic,225,66877.012762290149,66923.593410365283
polyak-smoothed-dynamic,226,polyak-smoothed-dynamic,226,66920.232118515778,66923.593410365283
polyak-smoothed-dynamic,227,polyak-smoothed-dynamic,227,66903.842002577338,66923.593410365283
polyak-smoothed-dynamic,228,polyak-smoothed-dynamic,228,66912.338982757734,66923.593410365283
polyak-smoothed-dynamic,229,polyak-smoothed-dynamic,229,66936.550307060912,66936.550307060912
polyak-smoothed-dynamic,230,polyak-smoothed-dynamic,230,66927.13337579988,66936.550307060912
polyak-smoothed-dynamic,231,polyak-smoothed-dynamic,231,66944.687002601364,66944.687002601364
polyak-smoothed-dynamic,232,polyak-smoothed-dynamic,232,66931.897169293283,66944.687002601364
polyak-smoothed-dynamic,233,polyak-smoothed-dynamic,233,66940.552791326918,66944.687002601364
polyak-smoothed-dynamic,234,polyak-smoothed-dynamic,234,66964.413327859933,66964.413327859933
polyak-smoothed-dynamic,235,polyak-smoothed-dynamic,235,66917.295183474693,66964.413327859933
polyak-smoothed-dynamic,236,polyak-smoothed-dynamic,236,66943.055858612031,66964.413327859933
polyak-smoothed-dynamic,237,polyak-smoothed-dynamic,237,66946.907889223075,66964.413327859933
polyak-smoothed-dynamic,238,polyak-smoothed-dynamic,238,66955.443015604425,66964.413327859933
polyak-smoothed-dynamic,239,polyak-smoothed-dynamic,239,66958.469628031919,66964.413327859933
polyak-smoothed-dynamic,240,polyak-smoothed-dynamic,240,66954.108676162126,66964.413327859933
polyak-smoothed-dynamic,241,polyak-smoothed-dynamic,241,66945.978516292278,66964.413327859933
polyak-smoothed-dynamic,242,polyak-smoothed-dynamic,242,66966.7153913238,66966.7153913238
polyak-smoothed-dynamic,243,polyak-smoothed-dynamic,243,66941.419097962818,66966.7153913238
polyak-smoothed-dynamic,244,polyak-smoothed-dynamic,244,66951.529527365652,66966.7153913238
polyak-smoothed-dynamic,245,polyak-smoothed-dynamic,245,66954.101123067769,66966.7153913238
polyak-smoothed-dynamic,246,polyak-smoothed-dynamic,246,66965.577551422844,66966.7153913238
polyak-smoothed-dynamic,247,polyak-smoothed-dynamic,247,66939.31775454928,66966.7153913238
polyak-smoothed-dynamic,248,polyak-smoothed-dynamic,248,66955.389513692935,66966.7153913238
polyak-smoothed-dynamic,249,polyak-smoothed-dynamic,249,66935.563275419714,66966.7153913238
polyak-smoothed-dynamic,250,polyak-smoothed-dynamic,250,66956.409370295383,66966.7153913238
polyak-smoothed-dynamic,251,polyak-smoothed-dynamic,251,66951.054709697069,66966.7153913238
polyak-smoothed-dynamic,252,polyak-smoothed-dynamic,252,66961.513569654911,66966.7153913238
polyak-smoothed-dynamic,253,polyak-smoothed-dynamic,253,66957.119571328876,66966.7153913238
polyak-smoothed-dynamic,254,polyak-smoothed-dynamic,254,66965.456756385582,66966.7153913238
polyak-smoothed-dynamic,255,polyak-smoothed-dynamic,255,66949.88444851595,66966.7153913238
polyak-smoothed-dynamic,256,polyak-smoothed-dynamic,256,66957.746941975434,66966.7153913238
polyak-smoothed-dynamic,257,polyak-smoothed-dynamic,257,66994.472800720192,66994.472800720192
polyak-smoothed-dynamic,258,polyak-smoothed-dynamic,258,66991.942447313559,66994.472800720192
polyak-smoothed-dynamic,259,polyak-smoothed-dynamic,259,66993.718243693031,66994.472800720192
polyak-smoothed-dynamic,260,polyak-smoothed-dynamic,260,66990.404037909524,66994.472800720192
polyak-smoothed-dynamic,261,polyak-smoothed-dynamic,261,66991.925601990399,66994.472800720192
polyak-smoothed-dynamic,262,polyak-smoothed-dynamic,262,66998.151555522592,66998.151555522592
polyak-smoothed-dynamic,263,polyak-smoothed-dynamic,263,66981.900884920615,66998.151555522592
polyak-smoothed-dynamic,264,polyak-smoothed-dynamic,264,66994.383249114209,66998.151555522592
polyak-smoothed-dynamic,265,polyak-smoothed-dynamic,265,66982.457541775642,66998.151555522592
polyak-smoothed-dynamic,266,polyak-smoothed-dynamic,266,66990.370169174217,66998.151555522592
polyak-smoothed-dynamic,267,polyak-smoothed-dynamic,267,66993.62008691988,66998.151555522592
polyak-smoothed-dynamic,268,polyak-smoothed-dynamic,268,66994.364711421047,66998.151555522592
polyak-smoothed-dynamic,269,polyak-smoothed-dynamic,269,66997.791733989347,66998.151555522592
polyak-smoothed-dynamic,270,polyak-smoothed-dynamic,270,67003.006924668894,67003.006924668894
polyak-smoothed-dynamic,271,polyak-smoothed-dynamic,271,66975.711582808581,67003.006924668894
polyak-smoothed-dynamic,272,polyak-smoothed-dynamic,272,66991.887141215222,67003.006924668894
polyak-smoothed-dynamic,273,polyak-smoothed-dynamic,273,66993.489934250683,67003.006924668894
polyak-smoothed-dynamic,274,polyak-smoothed-dynamic,274,66998.270696403575,67003.006924668894
polyak-smoothed-dynamic,275,polyak-smoothed-dynamic,275,67004.524662829339,67004.524662829339
polyak-smoothed-dynamic,276,polyak-smoothed-dynamic,276,66989.528403538585,67004.524662829339
polyak-smoothed-dynamic,277,polyak-smoothed-dynamic,277,66993.730679852291,67004.524662829339
polyak-smoothed-dynamic,278,polyak-smoothed-dynamic,278,66995.73600792326,67004.524662829339
polyak-smoothed-dynamic,279,polyak-smoothed-dynamic,279,66999.381168409192,67004.524662829339
polyak-smoothed-dynamic,280,polyak-smoothed-dynamic,280,67007.427032702966,67007.427032702966
polyak-smoothed-dynamic,281,polyak-smoothed-dynamic,281,66992.430006011724,67007.427032702966
polyak-smoothed-dynamic,282,polyak-smoothed-dynamic,282,67003.71798965185,67007.427032702966
polyak-smoothed-dynamic,283,polyak-smoothed-dynamic,283,66995.113444225979,67007.427032702966
polyak-smoothed-dynamic,284,polyak-smoothed-dynamic,284,67001.274854836025,67007.427032702966
polyak-smoothed-dynamic,285,polyak-smoothed-dynamic,285,66989.166788239963,67007.427032702966
polyak-smoothed-dynamic,286,polyak-smoothed-dynamic,286,66999.47768601749,67007.427032702966
polyak-smoothed-dynamic,287,polyak-smoothed-dynamic,287,67006.610037096194,67007.427032702966
polyak-smoothed-dynamic,288,polyak-smoothed-dynamic,288,67006.540610923897,67007.427032702966
polyak-smoothed-dynamic,289,polyak-smoothed-dynamic,289,67005.923146007161,67007.427032702966
polyak-smoothed-dynamic,290,polyak-smoothed-dynamic,290,67005.420756125008,67007.427032702966
polyak-smoothed-dynamic,291,polyak-smoothed-dynamic,291,67002.421347429714,67007.427032702966
polyak-smoothed-dynamic,292,polyak-smoothed-dynamic,292,67010.952823347659,67010.952823347659
polyak-smoothed-dynamic,293,polyak-smoothed-dynamic,293,66996.593249194906,67010.952823347659
polyak-smoothed-dynamic,294,polyak-smoothed-dynamic,294,67003.050441572952,67010.952823347659
polyak-smoothed-dynamic,295,polyak-smoothed-dynamic,295,67000.25731390671,67010.952823347659
polyak-smoothed-dynamic,296,polyak-smoothed-dynamic,296,67002.99068103118,67010.952823347659
polyak-smoothed-dynamic,297,polyak-smoothed-dynamic,297,67004.610274504725,67010.952823347659
polyak-smoothed-dynamic,298,polyak-smoothed-dynamic,298,67008.429191376461,67010.952823347659
polyak-smoothed-dynamic,299,polyak-smoothed-dynamic,299,67013.15765950791,67013.15765950791
polyak-smoothed-dynamic,300,polyak-smoothed-dynamic,300,66999.89993539243,67013.15765950791
polyak-smoothed-dynamic,301,polyak-smoothed-dynamic,301,67007.060817152247,67013.15765950791
polyak-smoothed-dynamic,302,polyak-smoothed-dynamic,302,67010.401543367319,67013.15765950791
polyak-smoothed-dynamic,303,polyak-smoothed-dynamic,303,67001.371535722428,67013.15765950791
polyak-smoothed-dynamic,304,polyak-smoothed-dynamic,304,67008.613992785657,67013.15765950791
polyak-smoothed-dynamic,305,polyak-smoothed-dynamic,305,67005.483590846328,67013.15765950791
polyak-smoothed-dynamic,306,polyak-smoothed-dynamic,306,67012.114304131566,67013.15765950791
polyak-smoothed-dynamic,307,polyak-smoothed-dynamic,307,67007.542920344946,67013.15765950791
polyak-smoothed-dynamic,308,polyak-smoothed-dynamic,308,67013.256869770688,67013.256869770688
polyak-smoothed-dynamic,309,polyak-smoothed-dynamic,309,67010.151571896917,67013.256869770688
polyak-smoothed-dynamic,310,polyak-smoothed-dynamic,310,67016.238030009365,67016.238030009365
polyak-smoothed-dynamic,311,polyak-smoothed-dynamic,311,67007.710120239179,67016.238030009365
polyak-smoothed-dynamic,312,polyak-smoothed-dynamic,312,67011.966538954905,67016.238030009365
polyak-smoothed-dynamic,313,polyak-smoothed-dynamic,313,67018.272323986559,67018.272323986559
polyak-smoothed-dynamic,314,polyak-smoothed-dynamic,314,67018.137985111636,67018.272323986559
polyak-smoothed-dynamic,315,polyak-smoothed-dynamic,315,67006.501740418287,67018.272323986559
polyak-smoothed-dynamic,316,polyak-smoothed-dynamic,316,67013.929490069917,67018.272323986559
polyak-smoothed-dynamic,317,polyak-smoothed-dynamic,317,67005.571391319041,67018.272323986559
polyak-smoothed-dynamic,318,polyak-smoothed-dynamic,318,67020.961420235559,67020.961420235559
polyak-smoothed-dynamic,319,polyak-smoothed-dynamic,319,67011.669026869873,67020.961420235559
polyak-smoothed-dynamic,320,polyak-smoothed-dynamic,320,67002.532582600761,67020.961420235559
polyak-smoothed-dynamic,321,polyak-smoothed-dynamic,321,67022.509024731771,67022.509024731771
polyak-smoothed-dynamic,322,polyak-smoothed-dynamic,322,67008.686822421907,67022.509024731771
polyak-smoothed-dynamic,323,polyak-smoothed-dynamic,323,67013.377740895245,67022.509024731771
polyak-smoothed-dynamic,324,polyak-smoothed-dynamic,324,67015.501813321782,67022.509024731771
polyak-smoothed-dynamic,325,polyak-smoothed-dynamic,325,67014.45088288578,67022.509024731771
polyak-smoothed-dynamic,326,polyak-smoothed-dynamic,326,67028.932072729513,67028.932072729513
polyak-smoothed-dynamic,327,polyak-smoothed-dynamic,327,67005.631246217556,67028.932072729513
polyak-smoothed-dynamic,328,polyak-smoothed-dynamic,328,67020.936013267987,67028.932072729513
polyak-smoothed-dynamic,329,polyak-smoothed-dynamic,329,67006.537849964821,67028.932072729513
polyak-smoothed-dynamic,330,polyak-smoothed-dynamic,330,67014.156729997456,67028.932072729513
polyak-smoothed-dynamic,331,polyak-smoothed-dynamic,331,67022.432893923222,67028.932072729513
polyak-smoothed-dynamic,332,polyak-smoothed-dynamic,332,67028.371529182084,67028.932072729513
polyak-smoothed-dynamic,333,polyak-smoothed-dynamic,333,67015.090376099091,67028.932072729513
polyak-smoothed-dynamic,334,polyak-smoothed-dynamic,334,67022.139367019758,67028.932072729513
polyak-smoothed-dynamic,335,polyak-smoothed-dynamic,335,67022.320620384402,67028.932072729513
polyak-smoothed-dynamic,336,polyak-smoothed-dynamic,336,67023.254465251259,67028.932072729513
polyak-smoothed-dynamic,337,polyak-smoothed-dynamic,337,67019.613869930516,67028.932072729513
polyak-smoothed-dynamic,338,polyak-smoothed-dynamic,338,67026.780031369664,67028.932072729513
polyak-smoothed-dynamic,339,polyak-smoothed-dynamic,339,67011.006798293252,67028.932072729513
polyak-smoothed-dynamic,340,polyak-smoothed-dynamic,340,67018.783799550089,67028.932072729513
polyak-smoothed-dynamic,341,polyak-smoothed-dynamic,341,67031.460143851669,67031.460143851669
polyak-smoothed-dynamic,342,polyak-smoothed-dynamic,342,67025.150235369263,67031.460143851669
polyak-smoothed-dynamic,343,polyak-smoothed-dynamic,343,67033.566532855024,67033.566532855024
polyak-smoothed-dynamic,344,polyak-smoothed-dynamic,344,67035.718498396323,67035.718498396323
polyak-smoothed-dynamic,345,polyak-smoothed-dynamic,345,67031.721691436382,67035.718498396323
polyak-smoothed-dynamic,346,polyak-smoothed-dynamic,346,67033.558085921482,67035.718498396323
polyak-smoothed-dynamic,347,polyak-smoothed-dynamic,347,67036.724108944254,67036.724108944254
polyak-smoothed-dynamic,348,polyak-smoothed-dynamic,348,67039.028540597181,67039.028540597181
polyak-smoothed-dynamic,349,polyak-smoothed-dynamic,349,67038.313492297646,67039.028540597181
polyak-smoothed-dynamic,350,polyak-smoothed-dynamic,350,67033.837900231345,67039.028540597181
polyak-smoothed-dynamic,351,polyak-smoothed-dynamic,351,67037.191380777454,67039.028540597181
polyak-smoothed-dynamic,352,polyak-smoothed-dynamic,352,67034.723531518699,67039.028540597181
polyak-smoothed-dynamic,353,polyak-smoothed-dynamic,353,67037.343276040992,67039.028540597181
polyak-smoothed-dynamic,354,polyak-smoothed-dynamic,354,67038.675224597187,67039.028540597181
polyak-smoothed-dynamic,355,polyak-smoothed-dynamic,355,67038.336218112992,67039.028540597181
polyak-smoothed-dynamic,356,polyak-smoothed-dynamic,356,67032.911868425756,67039.028540597181
polyak-smoothed-dynamic,357,polyak-smoothed-dynamic,357,67034.92159248126,67039.028540597181
polyak-smoothed-dynamic,358,polyak-smoothed-dynamic,358,67037.709789775021,67039.028540597181
polyak-smoothed-dynamic,359,polyak-smoothed-dynamic,359,67040.821349368838,67040.821349368838
polyak-smoothed-dynamic,360,polyak-smoothed-dynamic,360,67040.039571698711,67040.821349368838
polyak-smoothed-dynamic,361,polyak-smoothed-dynamic,361,67033.7404526139,67040.821349368838
polyak-smoothed-dynamic,362,polyak-smoothed-dynamic,362,67041.36272299019,67041.36272299019
polyak-smoothed-dynamic,363,polyak-smoothed-dynamic,363,67032.714210188322,67041.36272299019
polyak-smoothed-dynamic,364,polyak-smoothed-dynamic,364,67038.42408452963,67041.36272299019
polyak-smoothed-dynamic,365,polyak-smoothed-dynamic,365,67035.831265603745,67041.36272299019
polyak-smoothed-dynamic,366,polyak-smoothed-dynamic,366,67039.266758430502,67041.36272299019
polyak-smoothed-dynamic,367,polyak-smoothed-dynamic,367,67034.078596749256,67041.36272299019
polyak-smoothed-dynamic,368,polyak-smoothed-dynamic,368,67039.696115287414,67041.36272299019
polyak-smoothed-dynamic,369,polyak-smoothed-dynamic,369,67036.618041253168,67041.36272299019
polyak-smoothed-dynamic,370,polyak-smoothed-dynamic,370,67042.631267246383,67042.631267246383
polyak-smoothed-dynamic,371,polyak-smoothed-dynamic,371,67037.648150105466,67042.631267246383
polyak-smoothed-dynamic,372,polyak-smoothed-dynamic,372,67039.144744404111,67042.631267246383
polyak-smoothed-dynamic,373,polyak-smoothed-dynamic,373,67042.135232250468,67042.631267246383
polyak-smoothed-dynamic,374,polyak-smoothed-dynamic,374,67045.219590077933,67045.219590077933
polyak-smoothed-dynamic,375,polyak-smoothed-dynamic,375,67042.460859055966,67045.219590077933
polyak-smoothed-dynamic,376,polyak-smoothed-dynamic,376,67039.400388241338,67045.219590077933
polyak-smoothed-dynamic,377,polyak-smoothed-dynamic,377,67044.920650156884,67045.219590077933
polyak-smoothed-dynamic,378,polyak-smoothed-dynamic,378,67032.77951565999,67045.219590077933
polyak-smoothed-dynamic,379,polyak-smoothed-dynamic,379,67036.832629428129,67045.219590077933
polyak-smoothed-dynamic,380,polyak-smoothed-dynamic,380,67044.830281633462,67045.219590077933
polyak-smoothed-dynamic,381,polyak-smoothed-dynamic,381,67039.625498203095,67045.219590077933
polyak-smoothed-dynamic,382,polyak-smoothed-dynamic,382,67042.649968438171,67045.219590077933
polyak-smoothed-dynamic,383,polyak-smoothed-dynamic,383,67044.299570769683,67045.219590077933
polyak-smoothed-dynamic,384,polyak-smoothed-dynamic,384,67040.332866776123,67045.219590077933
polyak-smoothed-dynamic,385,polyak-smoothed-dynamic,385,67045.208237372062,67045.219590077933
polyak-smoothed-dynamic,386,polyak-smoothed-dynamic,386,67047.589777897461,67047.589777897461
polyak-smoothed-dynamic,387,polyak-smoothed-dynamic,387,67045.32137029017,67047.589777897461
polyak-smoothed-dynamic,388,polyak-smoothed-dynamic,388,67046.001380083791,67047.589777897461
polyak-smoothed-dynamic,389,polyak-smoothed-dynamic,389,67044.674326508772,67047.589777897461
polyak-smoothed-dynamic,390,polyak-smoothed-dynamic,390,67047.386718097696,67047.589777897461
polyak-smoothed-dynamic,391,polyak-smoothed-dynamic,391,67043.731253675563,67047.589777897461
polyak-smoothed-dynamic,392,polyak-smoothed-dynamic,392,67048.247407561605,67048.247407561605
polyak-smoothed-dynamic,393,polyak-smoothed-dynamic,393,67043.638454112966,67048.247407561605
polyak-smoothed-dynamic,394,polyak-smoothed-dynamic,394,67046.840548177381,67048.247407561605
polyak-smoothed-dynamic,395,polyak-smoothed-dynamic,395,67041.974537535527,67048.247407561605
polyak-smoothed-dynamic,396,polyak-smoothed-dynamic,396,67045.029144364147,67048.247407561605
polyak-smoothed-dynamic,397,polyak-smoothed-dynamic,397,67047.429103642353,67048.247407561605
polyak-smoothed-dynamic,398,polyak-smoothed-dynamic,398,67048.45131191166,67048.45131191166
polyak-smoothed-dynamic,399,polyak-smoothed-dynamic,399,67040.299369793851,67048.45131191166
polyak-smoothed-dynamic,400,polyak-smoothed-dynamic,400,67045.359631937885,67048.45131191166
polyak-smoothed-dynamic,401,polyak-smoothed-dynamic,401,67044.732130286735,67048.45131191166
polyak-smoothed-dynamic,402,polyak-smoothed-dynamic,402,67046.986735716186,67048.45131191166
polyak-smoothed-dynamic,403,polyak-smoothed-dynamic,403,67047.644599552834,67048.45131191166
polyak-smoothed-dynamic,404,polyak-smoothed-dynamic,404,67044.718269827732,67048.45131191166
polyak-smoothed-dynamic,405,polyak-smoothed-dynamic,405,67049.620350305049,67049.620350305049
polyak-smoothed-dynamic,406,polyak-smoothed-dynamic,406,67050.16599724986,67050.16599724986
polyak-smoothed-dynamic,407,polyak-smoothed-dynamic,407,67047.998387722371,67050.16599724986
polyak-smoothed-dynamic,408,polyak-smoothed-dynamic,408,67046.174964247941,67050.16599724986
polyak-smoothed-dynamic,409,polyak-smoothed-dynamic,409,67046.171015920001,67050.16599724986
polyak-smoothed-dynamic,410,polyak-smoothed-dynamic,410,67045.492764158276,67050.16599724986
polyak-smoothed-dynamic,411,polyak-smoothed-dynamic,411,67052.730834001835,67052.730834001835
polyak-smoothed-dynamic,412,polyak-smoothed-dynamic,412,67037.488858063167,67052.730834001835
polyak-smoothed-dynamic,413,polyak-smoothed-dynamic,413,67042.794665651396,67052.730834001835
polyak-smoothed-dynamic,414,polyak-smoothed-dynamic,414,67053.121045127235,67053.121045127235
polyak-smoothed-dynamic,415,polyak-smoothed-dynamic,415,67051.607415078703,67053.121045127235
polyak-smoothed-dynamic,416,polyak-smoothed-dynamic,416,67051.924491598111,67053.121045127235
polyak-smoothed-dynamic,417,polyak-smoothed-dynamic,417,67054.122824622464,67054.122824622464
polyak-smoothed-dynamic,418,polyak-smoothed-dynamic,418,67050.217098473091,67054.122824622464
polyak-smoothed-dynamic,419,polyak-smoothed-dynamic,419,67048.668557154451,67054.122824622464
polyak-smoothed-dynamic,420,polyak-smoothed-dynamic,420,67049.907355009069,67054.122824622464
polyak-smoothed-dynamic,421,polyak-smoothed-dynamic,421,67053.250458356735,67054.122824622464
polyak-smoothed-dynamic,422,polyak-smoothed-dynamic,422,67044.41089400342,67054.122824622464
polyak-smoothed-dynamic,423,polyak-smoothed-dynamic,423,67045.107483064668,67054.122824622464
polyak-smoothed-dynamic,424,polyak-smoothed-dynamic,424,67052.507148558638,67054.122824622464
polyak-smoothed-dynamic,425,polyak-smoothed-dynamic,425,67053.021536005952,67054.122824622464
polyak-smoothed-dynamic,426,polyak-smoothed-dynamic,426,67054.288471137319,67054.288471137319
polyak-smoothed-dynamic,427,polyak-smoothed-dynamic,427,67047.666575713694,67054.288471137319
polyak-smoothed-dynamic,428,polyak-smoothed-dynamic,428,67050.105226511383,67054.288471137319
polyak-smoothed-dynamic,429,polyak-smoothed-dynamic,429,67056.988415557935,67056.988415557935
polyak-smoothed-dynamic,430,polyak-smoothed-dynamic,430,67056.674830436474,67056.988415557935
polyak-smoothed-dynamic,431,polyak-smoothed-dynamic,431,67051.110280049892,67056.988415557935
polyak-smoothed-dynamic,432,polyak-smoothed-dynamic,432,67051.304348985897,67056.988415557935
polyak-smoothed-dynamic,433,polyak-smoothed-dynamic,433,67057.918727793876,67057.918727793876
polyak-smoothed-dynamic,434,polyak-smoothed-dynamic,434,67043.207851831321,67057.918727793876
polyak-smoothed-dynamic,435,polyak-smoothed-dynamic,435,67052.476242864548,67057.918727793876
polyak-smoothed-dynamic,436,polyak-smoothed-dynamic,436,67050.671109062358,67057.918727793876
polyak-smoothed-dynamic,437,polyak-smoothed-dynamic,437,67052.806144162168,67057.918727793876
polyak-smoothed-dynamic,438,polyak-smoothed-dynamic,438,67057.344962852076,67057.918727793876
polyak-smoothed-dynamic,439,polyak-smoothed-dynamic,439,67050.470063855144,67057.918727793876
polyak-smoothed-dynamic,440,polyak-smoothed-dynamic,440,67057.913257377702,67057.918727793876
polyak-smoothed-dynamic,441,polyak-smoothed-dynamic,441,67049.036298276013,67057.918727793876
polyak-smoothed-dynamic,442,polyak-smoothed-dynamic,442,67052.712099790282,67057.918727793876
polyak-smoothed-dynamic,443,polyak-smoothed-dynamic,443,67054.675717478924,67057.918727793876
polyak-smoothed-dynamic,444,polyak-smoothed-dynamic,444,67057.539760988977,67057.918727793876
polyak-smoothed-dynamic,445,polyak-smoothed-dynamic,445,67054.497702066627,67057.918727793876
polyak-smoothed-dynamic,446,polyak-smoothed-dynamic,446,67056.414373049483,67057.918727793876
polyak-smoothed-dynamic,447,polyak-smoothed-dynamic,447,67059.5179726879,67059.5179726879
polyak-smoothed-dynamic,448,polyak-smoothed-dynamic,448,67060.311543805088,67060.311543805088
polyak-smoothed-dynamic,449,polyak-smoothed-dynamic,449,67062.812220814129,67062.812220814129
polyak-smoothed-dynamic,450,polyak-smoothed-dynamic,450,67062.455148904191,67062.812220814129
polyak-smoothed-dynamic,451,polyak-smoothed-dynamic,451,67062.147767219009,67062.812220814129
polyak-smoothed-dynamic,452,polyak-smoothed-dynamic,452,67061.693150851337,67062.812220814129
polyak-smoothed-dynamic,453,polyak-smoothed-dynamic,453,67063.232290881526,67063.232290881526
polyak-smoothed-dynamic,454,polyak-smoothed-dynamic,454,67062.56428082932,67063.232290881526
polyak-smoothed-dynamic,455,polyak-smoothed-dynamic,455,67060.947346193236,67063.232290881526
polyak-smoothed-dynamic,456,polyak-smoothed-dynamic,456,67063.667679413527,67063.667679413527
polyak-smoothed-dynamic,457,polyak-smoothed-dynamic,457,67061.82148919387,67063.667679413527
polyak-smoothed-dynamic,458,polyak-smoothed-dynamic,458,67063.537523103529,67063.667679413527
polyak-smoothed-dynamic,459,polyak-smoothed-dynamic,459,67062.900775345348,67063.667679413527
polyak-smoothed-dynamic,460,polyak-smoothed-dynamic,460,67063.914700426423,67063.914700426423
polyak-smoothed-dynamic,461,polyak-smoothed-dynamic,461,67061.216420607423,67063.914700426423
polyak-smoothed-dynamic,462,polyak-smoothed-dynamic,462,67062.068356979071,67063.914700426423
polyak-smoothed-dynamic,463,polyak-smoothed-dynamic,463,67063.488309974709,67063.914700426423
polyak-smoothed-dynamic,464,polyak-smoothed-dynamic,464,67064.00962145075,67064.00962145075
polyak-smoothed-dynamic,465,polyak-smoothed-dynamic,465,67066.118157587,67066.118157587
polyak-smoothed-dynamic,466,polyak-smoothed-dynamic,466,67057.862535379929,67066.118157587
polyak-smoothed-dynamic,467,polyak-smoothed-dynamic,467,67062.263394203517,67066.118157587
polyak-smoothed-dynamic,468,polyak-smoothed-dynamic,468,67062.294063281035,67066.118157587
polyak-smoothed-dynamic,469,polyak-smoothed-dynamic,469,67063.412606151003,67066.118157587
polyak-smoothed-dynamic,470,polyak-smoothed-dynamic,470,67064.651112380976,67066.118157587
polyak-smoothed-dynamic,471,polyak-smoothed-dynamic,471,67065.79827445226,67066.118157587
polyak-smoothed-dynamic,472,polyak-smoothed-dynamic,472,67063.553447603874,67066.118157587
polyak-smoothed-dynamic,473,polyak-smoothed-dynamic,473,67063.965256620213,67066.118157587
polyak-smoothed-dynamic,474,polyak-smoothed-dynamic,474,67066.179752816301,67066.179752816301
polyak-smoothed-dynamic,475,polyak-smoothed-dynamic,475,67063.804516415257,67066.179752816301
polyak-smoothed-dynamic,476,polyak-smoothed-dynamic,476,67064.446295456248,67066.179752816301
polyak-smoothed-dynamic,477,polyak-smoothed-dynamic,477,67066.776317200245,67066.776317200245
polyak-smoothed-dynamic,478,polyak-smoothed-dynamic,478,67060.35724801039,67066.776317200245
polyak-smoothed-dynamic,479,polyak-smoothed-dynamic,479,67062.952855235999,67066.776317200245
polyak-smoothed-dynamic,480,polyak-smoothed-dynamic,480,67065.702356277878,67066.776317200245
polyak-smoothed-dynamic,481,polyak-smoothed-dynamic,481,67065.750941433711,67066.776317200245
polyak-smoothed-dynamic,482,polyak-smoothed-dynamic,482,67067.980790825415,67067.980790825415
polyak-smoothed-dynamic,483,polyak-smoothed-dynamic,483,67064.921763145219,67067.980790825415
polyak-smoothed-dynamic,484,polyak-smoothed-dynamic,484,67067.118156959332,67067.980790825415
polyak-smoothed-dynamic,485,polyak-smoothed-dynamic,485,67065.240631019566,67067.980790825415
polyak-smoothed-dynamic,486,polyak-smoothed-dynamic,486,67065.51444736094,67067.980790825415
polyak-smoothed-dynamic,487,polyak-smoothed-dynamic,487,67068.375686690808,67068.375686690808
polyak-smoothed-dynamic,488,polyak-smoothed-dynamic,488,67063.688484822385,67068.375686690808
polyak-smoothed-dynamic,489,polyak-smoothed-dynamic,489,67065.469216961952,67068.375686690808
polyak-smoothed-dynamic,490,polyak-smoothed-dynamic,490,67067.781207404958,67068.375686690808
polyak-smoothed-dynamic,491,polyak-smoothed-dynamic,491,67066.730501329206,67068.375686690808
polyak-smoothed-dynamic,492,polyak-smoothed-dynamic,492,67068.366826110505,67068.375686690808
polyak-smoothed-dynamic,493,polyak-smoothed-dynamic,493,67068.243277016576,67068.375686690808
polyak-smoothed-dynamic,494,polyak-smoothed-dynamic,494,67068.219272649396,67068.375686690808
polyak-smoothed-dynamic,495,polyak-smoothed-dynamic,495,67068.380264176347,67068.380264176347
polyak-smoothed-dynamic,496,polyak-smoothed-dynamic,496,67067.907230445853,67068.380264176347
polyak-smoothed-dynamic,497,polyak-smoothed-dynamic,497,67067.753230892966,67068.380264176347
polyak-smoothed-dynamic,498,polyak-smoothed-dynamic,498,67068.629349267343,67068.629349267343
polyak-smoothed-dynamic,499,polyak-smoothed-dynamic,499,67065.036712685818,67068.629349267343
polyak-smoothed-dynamic,500,polyak-smoothed-dynamic,500,67068.701687545516,67068.701687545516
polyak-smoothed-dynamic,501,polyak-smoothed-dynamic,501,67066.132330632565,67068.701687545516
polyak-smoothed-dynamic,502,polyak-smoothed-dynamic,502,67067.224761307007,67068.701687545516
polyak-smoothed-dynamic,503,polyak-smoothed-dynamic,503,67069.282423861674,67069.282423861674
polyak-smoothed-dynamic,504,polyak-smoothed-dynamic,504,67066.437162420305,67069.282423861674
polyak-smoothed-dynamic,505,polyak-smoothed-dynamic,505,67069.370289334154,67069.370289334154
polyak-smoothed-dynamic,506,polyak-smoothed-dynamic,506,67065.337818121814,67069.370289334154
polyak-smoothed-dynamic,507,polyak-smoothed-dynamic,507,67067.056576924675,67069.370289334154
polyak-smoothed-dynamic,508,polyak-smoothed-dynamic,508,67068.412287847037,67069.370289334154
polyak-smoothed-dynamic,509,polyak-smoothed-dynamic,509,67068.946963503477,67069.370289334154
polyak-smoothed-dynamic,510,polyak-smoothed-dynamic,510,67069.39200817066,67069.39200817066
polyak-smoothed-dynamic,511,polyak-smoothed-dynamic,511,67071.006873048769,67071.006873048769
polyak-smoothed-dynamic,512,polyak-smoothed-dynamic,512,67066.043526392765,67071.006873048769
polyak-smoothed-dynamic,513,polyak-smoothed-dynamic,513,67066.123499911075,67071.006873048769
polyak-smoothed-dynamic,514,polyak-smoothed-dynamic,514,67071.004689185924,67071.006873048769
polyak-smoothed-dynamic,515,polyak-smoothed-dynamic,515,67065.723149632278,67071.006873048769
polyak-smoothed-dynamic,516,polyak-smoothed-dynamic,516,67068.421797035393,67071.006873048769
polyak-smoothed-dynamic,517,polyak-smoothed-dynamic,517,67071.56525011138,67071.56525011138
polyak-smoothed-dynamic,518,polyak-smoothed-dynamic,518,67065.788325134956,67071.56525011138
polyak-smoothed-dynamic,519,polyak-smoothed-dynamic,519,67067.273446259045,67071.56525011138
polyak-smoothed-dynamic,520,polyak-smoothed-dynamic,520,67070.637112402779,67071.56525011138
polyak-smoothed-dynamic,521,polyak-smoothed-dynamic,521,67068.330121226725,67071.56525011138
polyak-smoothed-dynamic,522,polyak-smoothed-dynamic,522,67070.420702821517,67071.56525011138
polyak-smoothed-dynamic,523,polyak-smoothed-dynamic,523,67070.027035440697,67071.56525011138
polyak-smoothed-dynamic,524,polyak-smoothed-dynamic,524,67069.460805373237,67071.56525011138
polyak-smoothed-dynamic,525,polyak-smoothed-dynamic,525,67071.877635863042,67071.877635863042
polyak-smoothed-dynamic,526,polyak-smoothed-dynamic,526,67071.215139631691,67071.877635863042
polyak-smoothed-dynamic,527,polyak-smoothed-dynamic,527,67073.160590896849,67073.160590896849
polyak-smoothed-dynamic,528,polyak-smoothed-dynamic,528,67067.751289193009,67073.160590896849
polyak-smoothed-dynamic,529,polyak-smoothed-dynamic,529,67070.285099573171,67073.160590896849
polyak-smoothed-dynamic,530,polyak-smoothed-dynamic,530,67072.579545222834,67073.160590896849
polyak-smoothed-dynamic,531,polyak-smoothed-dynamic,531,67070.304203166364,67073.160590896849
polyak-smoothed-dynamic,532,polyak-smoothed-dynamic,532,67070.64628186007,67073.160590896849
polyak-smoothed-dynamic,533,polyak-smoothed-dynamic,533,67070.141147081114,67073.160590896849
polyak-smoothed-dynamic,534,polyak-smoothed-dynamic,534,67073.549023186439,67073.549023186439
polyak-smoothed-dynamic,535,polyak-smoothed-dynamic,535,67069.220821535186,67073.549023186439
polyak-smoothed-dynamic,536,polyak-smoothed-dynamic,536,67071.357779975457,67073.549023186439
polyak-smoothed-dynamic,537,polyak-smoothed-dynamic,537,67073.750798814566,67073.750798814566
polyak-smoothed-dynamic,538,polyak-smoothed-dynamic,538,67070.344599123098,67073.750798814566
polyak-smoothed-dynamic,539,polyak-smoothed-dynamic,539,67071.930179390722,67073.750798814566
polyak-smoothed-dynamic,540,polyak-smoothed-dynamic,540,67072.982136002727,67073.750798814566
polyak-smoothed-dynamic,541,polyak-smoothed-dynamic,541,67070.362244925884,67073.750798814566
polyak-smoothed-dynamic,542,polyak-smoothed-dynamic,542,67071.968984877225,67073.750798814566
polyak-smoothed-dynamic,543,polyak-smoothed-dynamic,543,67072.837287786169,67073.750798814566
polyak-smoothed-dynamic,544,polyak-smoothed-dynamic,544,67071.507172663114,67073.750798814566
polyak-smoothed-dynamic,545,polyak-smoothed-dynamic,545,67073.787210636438,67073.787210636438
polyak-smoothed-dynamic,546,polyak-smoothed-dynamic,546,67072.297260664913,67073.787210636438
polyak-smoothed-dynamic,547,polyak-smoothed-dynamic,547,67072.457571061765,67073.787210636438
polyak-smoothed-dynamic,548,polyak-smoothed-dynamic,548,67071.113494830541,67073.787210636438
polyak-smoothed-dynamic,549,polyak-smoothed-dynamic,549,67074.065854631248,67074.065854631248
polyak-smoothed-dynamic,550,polyak-smoothed-dynamic,550,67073.049339475692,67074.065854631248
polyak-smoothed-dynamic,551,polyak-smoothed-dynamic,551,67073.69221088817,67074.065854631248
polyak-smoothed-dynamic,552,polyak-smoothed-dynamic,552,67071.204541839514,67074.065854631248
polyak-smoothed-dynamic,553,polyak-smoothed-dynamic,553,67073.019987976106,67074.065854631248
polyak-smoothed-dynamic,554,polyak-smoothed-dynamic,554,67072.950593100439,67074.065854631248
polyak-smoothed-dynamic,555,polyak-smoothed-dynamic,555,67074.796964838068,67074.796964838068
polyak-smoothed-dynamic,556,polyak-smoothed-dynamic,556,67070.325722356967,67074.796964838068
polyak-smoothed-dynamic,557,polyak-smoothed-dynamic,557,67071.28691262244,67074.796964838068
polyak-smoothed-dynamic,558,polyak-smoothed-dynamic,558,67075.954762586771,67075.954762586771
polyak-smoothed-dynamic,559,polyak-smoothed-dynamic,559,67070.132205346701,67075.954762586771
polyak-smoothed-dynamic,560,polyak-smoothed-dynamic,560,67074.266001627868,67075.954762586771
polyak-smoothed-dynamic,561,polyak-smoothed-dynamic,561,67072.566840392072,67075.954762586771
polyak-smoothed-dynamic,562,polyak-smoothed-dynamic,562,67073.73041815951,67075.954762586771
polyak-smoothed-dynamic,563,polyak-smoothed-dynamic,563,67074.649557776866,67075.954762586771
polyak-smoothed-dynamic,564,polyak-smoothed-dynamic,564,67075.597935385056,67075.954762586771
polyak-smoothed-dynamic,565,polyak-smoothed-dynamic,565,67072.922909566158,67075.954762586771
polyak-smoothed-dynamic,566,polyak-smoothed-dynamic,566,67074.44697964743,67075.954762586771
polyak-smoothed-dynamic,567,polyak-smoothed-dynamic,567,67077.633351533092,67077.633351533092
polyak-smoothed-dynamic,568,polyak-smoothed-dynamic,568,67072.369561926258,67077.633351533092
polyak-smoothed-dynamic,569,polyak-smoothed-dynamic,569,67074.606836728504,67077.633351533092
polyak-smoothed-dynamic,570,polyak-smoothed-dynamic,570,67072.371567843162,67077.633351533092
polyak-smoothed-dynamic,571,polyak-smoothed-dynamic,571,67074.633486472929,67077.633351533092
polyak-smoothed-dynamic,572,polyak-smoothed-dynamic,572,67075.177119156535,67077.633351533092
polyak-smoothed-dynamic,573,polyak-smoothed-dynamic,573,67076.780987775332,67077.633351533092
polyak-smoothed-dynamic,574,polyak-smoothed-dynamic,574,67074.388161448325,67077.633351533092
polyak-smoothed-dynamic,575,polyak-smoothed-dynamic,575,67074.596721884824,67077.633351533092
polyak-smoothed-dynamic,576,polyak-smoothed-dynamic,576,67079.172913778544,67079.172913778544
polyak-smoothed-dynamic,577,polyak-smoothed-dynamic,577,67071.495559472125,67079.172913778544
polyak-smoothed-dynamic,578,polyak-smoothed-dynamic,578,67074.188176950338,67079.172913778544
polyak-smoothed-dynamic,579,polyak-smoothed-dynamic,579,67075.610804672382,67079.172913778544
polyak-smoothed-dynamic,580,polyak-smoothed-dynamic,580,67078.415041921951,67079.172913778544
polyak-smoothed-dynamic,581,polyak-smoothed-dynamic,581,67070.016080022106,67079.172913778544
polyak-smoothed-dynamic,582,polyak-smoothed-dynamic,582,67073.785051880957,67079.172913778544
polyak-smoothed-dynamic,583,polyak-smoothed-dynamic,583,67075.714189308725,67079.172913778544
polyak-smoothed-dynamic,584,polyak-smoothed-dynamic,584,67076.988465924645,67079.172913778544
polyak-smoothed-dynamic,585,polyak-smoothed-dynamic,585,67079.376661083385,67079.376661083385
polyak-smoothed-dynamic,586,polyak-smoothed-dynamic,586,67075.498946982218,67079.376661083385
polyak-smoothed-dynamic,587,polyak-smoothed-dynamic,587,67077.027266327073,67079.376661083385
polyak-smoothed-dynamic,588,polyak-smoothed-dynamic,588,67078.802990362266,67079.376661083385
polyak-smoothed-dynamic,589,polyak-smoothed-dynamic,589,67077.851158266538,67079.376661083385
polyak-smoothed-dynamic,590,polyak-smoothed-dynamic,590,67079.858702768121,67079.858702768121
polyak-smoothed-dynamic,591,polyak-smoothed-dynamic,591,67077.479977578099,67079.858702768121
polyak-smoothed-dynamic,592,polyak-smoothed-dynamic,592,67077.622936862259,67079.858702768121
polyak-smoothed-dynamic,593,polyak-smoothed-dynamic,593,67076.883670168521,67079.858702768121
polyak-smoothed-dynamic,594,polyak-smoothed-dynamic,594,67077.95882470347,67079.858702768121
polyak-smoothed-dynamic,595,polyak-smoothed-dynamic,595,67076.544111187992,67079.858702768121
polyak-smoothed-dynamic,596,polyak-smoothed-dynamic,596,67078.185236993653,67079.858702768121
polyak-smoothed-dynamic,597,polyak-smoothed-dynamic,597,67076.03128678177,67079.858702768121
polyak-smoothed-dynamic,598,polyak-smoothed-dynamic,598,67079.243248625455,67079.858702768121
polyak-smoothed-dynamic,599,polyak-smoothed-dynamic,599,67074.20417993392,67079.858702768121
polyak-smoothed-dynamic,600,polyak-smoothed-dynamic,600,67076.865284795509,67079.858702768121
polyak-smoothed-dynamic,601,polyak-smoothed-dynamic,601,67077.835115805603,67079.858702768121
polyak-smoothed-dynamic,602,polyak-smoothed-dynamic,602,67079.073403473769,67079.858702768121
polyak-smoothed-dynamic,603,polyak-smoothed-dynamic,603,67078.123961535472,67079.858702768121
polyak-smoothed-dynamic,604,polyak-smoothed-dynamic,604,67080.195661509177,67080.195661509177
polyak-smoothed-dynamic,605,polyak-smoothed-dynamic,605,67080.683327940715,67080.683327940715
polyak-smoothed-dynamic,606,polyak-smoothed-dynamic,606,67081.030222140718,67081.030222140718
polyak-smoothed-dynamic,607,polyak-smoothed-dynamic,607,67081.701067357586,67081.701067357586
polyak-smoothed-dynamic,608,polyak-smoothed-dynamic,608,67081.795334426613,67081.795334426613
polyak-smoothed-dynamic,609,polyak-smoothed-dynamic,609,67082.250937398014,67082.250937398014
polyak-smoothed-dynamic,610,polyak-smoothed-dynamic,610,67081.201083977445,67082.250937398014
polyak-smoothed-dynamic,611,polyak-smoothed-dynamic,611,67081.376146111172,67082.250937398014
polyak-smoothed-dynamic,612,polyak-smoothed-dynamic,612,67081.710992568507,67082.250937398014
polyak-smoothed-dynamic,613,polyak-smoothed-dynamic,613,67082.463184657507,67082.463184657507
polyak-smoothed-dynamic,614,polyak-smoothed-dynamic,614,67080.012949670025,67082.463184657507
polyak-smoothed-dynamic,615,polyak-smoothed-dynamic,615,67081.722439165969,67082.463184657507
polyak-smoothed-dynamic,616,polyak-smoothed-dynamic,616,67081.093455814815,67082.463184657507
polyak-smoothed-dynamic,617,polyak-smoothed-dynamic,617,67082.434883799709,67082.463184657507
polyak-smoothed-dynamic,618,polyak-smoothed-dynamic,618,67080.159762598676,67082.463184657507
polyak-smoothed-dynamic,619,polyak-smoothed-dynamic,619,67081.43156531702,67082.463184657507
polyak-smoothed-dynamic,620,polyak-smoothed-dynamic,620,67081.64818967825,67082.463184657507
polyak-smoothed-dynamic,621,polyak-smoothed-dynamic,621,67081.994065799197,67082.463184657507
polyak-smoothed-dynamic,622,polyak-smoothed-dynamic,622,67082.736753696139,67082.736753696139
polyak-smoothed-dynamic,623,polyak-smoothed-dynamic,623,67082.541172637444,67082.736753696139
polyak-smoothed-dynamic,624,polyak-smoothed-dynamic,624,67081.567507175423,67082.736753696139
polyak-smoothed-dynamic,625,polyak-smoothed-dynamic,625,67081.569111692967,67082.736753696139
polyak-smoothed-dynamic,626,polyak-smoothed-dynamic,626,67083.915101461331,67083.915101461331
polyak-smoothed-dynamic,627,polyak-smoothed-dynamic,627,67082.940047567259,67083.915101461331
polyak-smoothed-dynamic,628,polyak-smoothed-dynamic,628,67082.95291504114,67083.915101461331
polyak-smoothed-dynamic,629,polyak-smoothed-dynamic,629,67082.900433982402,67083.915101461331
polyak-smoothed-dynamic,630,polyak-smoothed-dynamic,630,67083.240487110597,67083.915101461331
polyak-smoothed-dynamic,631,polyak-smoothed-dynamic,631,67084.219232682575,67084.219232682575
polyak-smoothed-dynamic,632,polyak-smoothed-dynamic,632,67079.211337896573,67084.219232682575
polyak-smoothed-dynamic,633,polyak-smoothed-dynamic,633,67080.721835580553,67084.219232682575
polyak-smoothed-dynamic,634,polyak-smoothed-dynamic,634,67081.205556451154,67084.219232682575
polyak-smoothed-dynamic,635,polyak-smoothed-dynamic,635,67082.601293577507,67084.219232682575
polyak-smoothed-dynamic,636,polyak-smoothed-dynamic,636,67083.81978209634,67084.219232682575
polyak-smoothed-dynamic,637,polyak-smoothed-dynamic,637,67083.118568889986,67084.219232682575
polyak-smoothed-dynamic,638,polyak-smoothed-dynamic,638,67084.282712926477,67084.282712926477
polyak-smoothed-dynamic,639,polyak-smoothed-dynamic,639,67083.465429451855,67084.282712926477
polyak-smoothed-dynamic,640,polyak-smoothed-dynamic,640,67084.329896813957,67084.329896813957
polyak-smoothed-dynamic,641,polyak-smoothed-dynamic,641,67082.565313445433,67084.329896813957
polyak-smoothed-dynamic,642,polyak-smoothed-dynamic,642,67084.037892709108,67084.329896813957
polyak-smoothed-dynamic,643,polyak-smoothed-dynamic,643,67083.035984664544,67084.329896813957
polyak-smoothed-dynamic,644,polyak-smoothed-dynamic,644,67082.644279686312,67084.329896813957
polyak-smoothed-dynamic,645,polyak-smoothed-dynamic,645,67084.72202655187,67084.72202655187
polyak-smoothed-dynamic,646,polyak-smoothed-dynamic,646,67083.591387759079,67084.72202655187
polyak-smoothed-dynamic,647,polyak-smoothed-dynamic,647,67084.545734647909,67084.72202655187
polyak-smoothed-dynamic,648,polyak-smoothed-dynamic,648,67083.60671560363,67084.72202655187
polyak-smoothed-dynamic,649,polyak-smoothed-dynamic,649,67084.510448725574,67084.72202655187
polyak-smoothed-dynamic,650,polyak-smoothed-dynamic,650,67081.771364526998,67084.72202655187
polyak-smoothed-dynamic,651,polyak-smoothed-dynamic,651,67084.20829244834,67084.72202655187
polyak-smoothed-dynamic,652,polyak-smoothed-dynamic,652,67082.82892422135,67084.72202655187
polyak-smoothed-dynamic,653,polyak-smoothed-dynamic,653,67083.573994872233,67084.72202655187
polyak-smoothed-dynamic,654,polyak-smoothed-dynamic,654,67083.686824303717,67084.72202655187
polyak-smoothed-dynamic,655,polyak-smoothed-dynamic,655,67084.054422407426,67084.72202655187
polyak-smoothed-dynamic,656,polyak-smoothed-dynamic,656,67085.479750872517,67085.479750872517
polyak-smoothed-dynamic,657,polyak-smoothed-dynamic,657,67083.51943502303,67085.479750872517
polyak-smoothed-dynamic,658,polyak-smoothed-dynamic,658,67084.287422476322,67085.479750872517
polyak-smoothed-dynamic,659,polyak-smoothed-dynamic,659,67085.50026511724,67085.50026511724
polyak-smoothed-dynamic,660,polyak-smoothed-dynamic,660,67083.828713057897,67085.50026511724
polyak-smoothed-dynamic,661,polyak-smoothed-dynamic,661,67085.383599075198,67085.50026511724
polyak-smoothed-dynamic,662,polyak-smoothed-dynamic,662,67083.541714491992,67085.50026511724
polyak-smoothed-dynamic,663,polyak-smoothed-dynamic,663,67084.965192599338,67085.50026511724
polyak-smoothed-dynamic,664,polyak-smoothed-dynamic,664,67084.220407379747,67085.50026511724
polyak-smoothed-dynamic,665,polyak-smoothed-dynamic,665,67085.740586096072,67085.740586096072
polyak-smoothed-dynamic,666,polyak-smoothed-dynamic,666,67084.315904297167,67085.740586096072
polyak-smoothed-dynamic,667,polyak-smoothed-dynamic,667,67084.000072348994,67085.740586096072
polyak-smoothed-dynamic,668,polyak-smoothed-dynamic,668,67085.503697435881,67085.740586096072
polyak-smoothed-dynamic,669,polyak-smoothed-dynamic,669,67085.882514556259,67085.882514556259
polyak-smoothed-dynamic,670,polyak-smoothed-dynamic,670,67084.091661833634,67085.882514556259
polyak-smoothed-dynamic,671,polyak-smoothed-dynamic,671,67084.728610302685,67085.882514556259
polyak-smoothed-dynamic,672,polyak-smoothed-dynamic,672,67085.399708787707,67085.882514556259
polyak-smoothed-dynamic,673,polyak-smoothed-dynamic,673,67086.422127321246,67086.422127321246
polyak-smoothed-dynamic,674,polyak-smoothed-dynamic,674,67086.231362858831,67086.422127321246
polyak-smoothed-dynamic,675,polyak-smoothed-dynamic,675,67083.827378621689,67086.422127321246
polyak-smoothed-dynamic,676,polyak-smoothed-dynamic,676,67085.171512667177,67086.422127321246
polyak-smoothed-dynamic,677,polyak-smoothed-dynamic,677,67084.431908518571,67086.422127321246
polyak-smoothed-dynamic,678,polyak-smoothed-dynamic,678,67085.081562864492,67086.422127321246
polyak-smoothed-dynamic,679,polyak-smoothed-dynamic,679,67085.539790465918,67086.422127321246
polyak-smoothed-dynamic,680,polyak-smoothed-dynamic,680,67086.263355613715,67086.422127321246
polyak-smoothed-dynamic,681,polyak-smoothed-dynamic,681,67085.24435918362,67086.422127321246
polyak-smoothed-dynamic,682,polyak-smoothed-dynamic,682,67085.879734963804,67086.422127321246
polyak-smoothed-dynamic,683,polyak-smoothed-dynamic,683,67084.416384719589,67086.422127321246
polyak-smoothed-dynamic,684,polyak-smoothed-dynamic,684,67085.615859328274,67086.422127321246
polyak-smoothed-dynamic,685,polyak-smoothed-dynamic,685,67084.550707329094,67086.422127321246
polyak-smoothed-dynamic,686,polyak-smoothed-dynamic,686,67085.844211319578,67086.422127321246
polyak-smoothed-dynamic,687,polyak-smoothed-dynamic,687,67087.346767037714,67087.346767037714
polyak-smoothed-dynamic,688,polyak-smoothed-dynamic,688,67086.930686321706,67087.346767037714
polyak-smoothed-dynamic,689,polyak-smoothed-dynamic,689,67086.936613038444,67087.346767037714
polyak-smoothed-dynamic,690,polyak-smoothed-dynamic,690,67087.684411668291,67087.684411668291
polyak-smoothed-dynamic,691,polyak-smoothed-dynamic,691,67086.511816858139,67087.684411668291
polyak-smoothed-dynamic,692,polyak-smoothed-dynamic,692,67087.051225038231,67087.684411668291
polyak-smoothed-dynamic,693,polyak-smoothed-dynamic,693,67087.560707804281,67087.684411668291
polyak-smoothed-dynamic,694,polyak-smoothed-dynamic,694,67088.1063616795,67088.1063616795
polyak-smoothed-dynamic,695,polyak-smoothed-dynamic,695,67087.395953327548,67088.1063616795
polyak-smoothed-dynamic,696,polyak-smoothed-dynamic,696,67087.523512503787,67088.1063616795
polyak-smoothed-dynamic,697,polyak-smoothed-dynamic,697,67088.256038142426,67088.256038142426
polyak-smoothed-dynamic,698,polyak-smoothed-dynamic,698,67087.954168022305,67088.256038142426
polyak-smoothed-dynamic,699,polyak-smoothed-dynamic,699,67088.38928419743,67088.38928419743
polyak-smoothed-dynamic,700,polyak-smoothed-dynamic,700,67087.471909200496,67088.38928419743
polyak-smoothed-dynamic,701,polyak-smoothed-dynamic,701,67088.629653039272,67088.629653039272
polyak-smoothed-dynamic,702,polyak-smoothed-dynamic,702,67086.262327141041,67088.629653039272
polyak-smoothed-dynamic,703,polyak-smoothed-dynamic,703,67087.419078367209,67088.629653039272
polyak-smoothed-dynamic,704,polyak-smoothed-dynamic,704,67087.864619527507,67088.629653039272
polyak-smoothed-dynamic,705,polyak-smoothed-dynamic,705,67087.938773979215,67088.629653039272
polyak-smoothed-dynamic,706,polyak-smoothed-dynamic,706,67088.079575646989,67088.629653039272
polyak-smoothed-dynamic,707,polyak-smoothed-dynamic,707,67088.564143629745,67088.629653039272
polyak-smoothed-dynamic,708,polyak-smoothed-dynamic,708,67087.810352897315,67088.629653039272
polyak-smoothed-dynamic,709,polyak-smoothed-dynamic,709,67087.950207272588,67088.629653039272
polyak-smoothed-dynamic,710,polyak-smoothed-dynamic,710,67088.357445398695,67088.629653039272
polyak-smoothed-dynamic,711,polyak-smoothed-dynamic,711,67088.42486011138,67088.629653039272
polyak-smoothed-dynamic,712,polyak-smoothed-dynamic,712,67088.695007374947,67088.695007374947
polyak-smoothed-dynamic,713,polyak-smoothed-dynamic,713,67088.340078995607,67088.695007374947
polyak-smoothed-dynamic,714,polyak-smoothed-dynamic,714,67088.427058784,67088.695007374947
polyak-smoothed-dynamic,715,polyak-smoothed-dynamic,715,67088.328219356801,67088.695007374947
polyak-smoothed-dynamic,716,polyak-smoothed-dynamic,716,67088.501973482809,67088.695007374947
polyak-smoothed-dynamic,717,polyak-smoothed-dynamic,717,67088.644525878437,67088.695007374947
polyak-smoothed-dynamic,718,polyak-smoothed-dynamic,718,67088.159935912976,67088.695007374947
polyak-smoothed-dynamic,719,polyak-smoothed-dynamic,719,67088.308667503545,67088.695007374947
polyak-smoothed-dynamic,720,polyak-smoothed-dynamic,720,67088.901100563075,67088.901100563075
polyak-smoothed-dynamic,721,polyak-smoothed-dynamic,721,67088.832428494192,67088.901100563075
polyak-smoothed-dynamic,722,polyak-smoothed-dynamic,722,67088.901606671148,67088.901606671148
polyak-smoothed-dynamic,723,polyak-smoothed-dynamic,723,67089.314714487235,67089.314714487235
polyak-smoothed-dynamic,724,polyak-smoothed-dynamic,724,67088.547133607295,67089.314714487235
polyak-smoothed-dynamic,725,polyak-smoothed-dynamic,725,67088.779897733533,67089.314714487235
polyak-smoothed-dynamic,726,polyak-smoothed-dynamic,726,67088.688725852349,67089.314714487235
polyak-smoothed-dynamic,727,polyak-smoothed-dynamic,727,67088.844105619326,67089.314714487235
polyak-smoothed-dynamic,728,polyak-smoothed-dynamic,728,67089.216921872765,67089.314714487235
polyak-smoothed-dynamic,729,polyak-smoothed-dynamic,729,67088.380230052484,67089.314714487235
polyak-smoothed-dynamic,730,polyak-smoothed-dynamic,730,67088.999204077059,67089.314714487235
polyak-smoothed-dynamic,731,polyak-smoothed-dynamic,731,67088.496986860991,67089.314714487235
polyak-smoothed-dynamic,732,polyak-smoothed-dynamic,732,67089.006768901672,67089.314714487235
polyak-smoothed-dynamic,733,polyak-smoothed-dynamic,733,67089.1092933701,67089.314714487235
polyak-smoothed-dynamic,734,polyak-smoothed-dynamic,734,67088.639740707833,67089.314714487235
polyak-smoothed-dynamic,735,polyak-smoothed-dynamic,735,67089.559710717789,67089.559710717789
polyak-smoothed-dynamic,736,polyak-smoothed-dynamic,736,67088.089960970523,67089.559710717789
polyak-smoothed-dynamic,737,polyak-smoothed-dynamic,737,67088.666843026862,67089.559710717789
polyak-smoothed-dynamic,738,polyak-smoothed-dynamic,738,67088.664756042461,67089.559710717789
polyak-smoothed-dynamic,739,polyak-smoothed-dynamic,739,67088.94695296706,67089.559710717789
polyak-smoothed-dynamic,740,polyak-smoothed-dynamic,740,67088.9286727578,67089.559710717789
polyak-smoothed-dynamic,741,polyak-smoothed-dynamic,741,67089.247686315881,67089.559710717789
polyak-smoothed-dynamic,742,polyak-smoothed-dynamic,742,67088.906578889844,67089.559710717789
polyak-smoothed-dynamic,743,polyak-smoothed-dynamic,743,67089.06204872478,67089.559710717789
polyak-smoothed-dynamic,744,polyak-smoothed-dynamic,744,67089.396303161018,67089.559710717789
polyak-smoothed-dynamic,745,polyak-smoothed-dynamic,745,67089.398844758762,67089.559710717789
polyak-smoothed-dynamic,746,polyak-smoothed-dynamic,746,67089.100250922216,67089.559710717789
polyak-smoothed-dynamic,747,polyak-smoothed-dynamic,747,67089.303911509851,67089.559710717789
polyak-smoothed-dynamic,748,polyak-smoothed-dynamic,748,67089.912313566543,67089.912313566543
polyak-smoothed-dynamic,749,polyak-smoothed-dynamic,749,67089.366378354724,67089.912313566543
polyak-smoothed-dynamic,750,polyak-smoothed-dynamic,750,67089.842513905562,67089.912313566543
polyak-smoothed-dynamic,751,polyak-smoothed-dynamic,751,67089.839741746837,67089.912313566543
polyak-smoothed-dynamic,752,polyak-smoothed-dynamic,752,67090.190265255296,67090.190265255296
polyak-smoothed-dynamic,753,polyak-smoothed-dynamic,753,67089.889955392486,67090.190265255296
polyak-smoothed-dynamic,754,polyak-smoothed-dynamic,754,67090.088115713108,67090.190265255296
polyak-smoothed-dynamic,755,polyak-smoothed-dynamic,755,67090.509955046247,67090.509955046247
polyak-smoothed-dynamic,756,polyak-smoothed-dynamic,756,67089.979771926068,67090.509955046247
polyak-smoothed-dynamic,757,polyak-smoothed-dynamic,757,67090.22509755459,67090.509955046247
polyak-smoothed-dynamic,758,polyak-smoothed-dynamic,758,67090.296133434167,67090.509955046247
polyak-smoothed-dynamic,759,polyak-smoothed-dynamic,759,67090.214053056174,67090.509955046247
polyak-smoothed-dynamic,760,polyak-smoothed-dynamic,760,67090.525900929832,67090.525900929832
polyak-smoothed-dynamic,761,polyak-smoothed-dynamic,761,67090.029308049052,67090.525900929832
polyak-smoothed-dynamic,762,polyak-smoothed-dynamic,762,67090.250669014116,67090.525900929832
polyak-smoothed-dynamic,763,polyak-smoothed-dynamic,763,67090.259865831555,67090.525900929832
polyak-smoothed-dynamic,764,polyak-smoothed-dynamic,764,67090.461618919478,67090.525900929832
polyak-smoothed-dynamic,765,polyak-smoothed-dynamic,765,67090.483277824009,67090.525900929832
polyak-smoothed-dynamic,766,polyak-smoothed-dynamic,766,67090.321200971535,67090.525900929832
polyak-smoothed-dynamic,767,polyak-smoothed-dynamic,767,67090.504573528582,67090.525900929832
polyak-smoothed-dynamic,768,polyak-smoothed-dynamic,768,67090.649208108996,67090.649208108996
polyak-smoothed-dynamic,769,polyak-smoothed-dynamic,769,67090.335531439734,67090.649208108996
polyak-smoothed-dynamic,770,polyak-smoothed-dynamic,770,67090.536774461259,67090.649208108996
polyak-smoothed-dynamic,771,polyak-smoothed-dynamic,771,67090.427311242733,67090.649208108996
polyak-smoothed-dynamic,772,polyak-smoothed-dynamic,772,67090.515544774913,67090.649208108996
polyak-smoothed-dynamic,773,polyak-smoothed-dynamic,773,67090.623566996946,67090.649208108996
polyak-smoothed-dynamic,774,polyak-smoothed-dynamic,774,67090.724118701502,67090.724118701502
polyak-smoothed-dynamic,775,polyak-smoothed-dynamic,775,67090.716221295661,67090.724118701502
polyak-smoothed-dynamic,776,polyak-smoothed-dynamic,776,67090.449308734038,67090.724118701502
polyak-smoothed-dynamic,777,polyak-smoothed-dynamic,777,67090.261915266732,67090.724118701502
polyak-smoothed-dynamic,778,polyak-smoothed-dynamic,778,67090.503403806943,67090.724118701502
polyak-smoothed-dynamic,779,polyak-smoothed-dynamic,779,67090.913593937104,67090.913593937104
polyak-smoothed-dynamic,780,polyak-smoothed-dynamic,780,67090.653165226176,67090.913593937104
polyak-smoothed-dynamic,781,polyak-smoothed-dynamic,781,67090.603505937383,67090.913593937104
polyak-smoothed-dynamic,782,polyak-smoothed-dynamic,782,67090.71104646397,67090.913593937104
polyak-smoothed-dynamic,783,polyak-smoothed-dynamic,783,67090.55686517022,67090.913593937104
polyak-smoothed-dynamic,784,polyak-smoothed-dynamic,784,67090.778610031397,67090.913593937104
polyak-smoothed-dynamic,785,polyak-smoothed-dynamic,785,67090.653544426066,67090.913593937104
polyak-smoothed-dynamic,786,polyak-smoothed-dynamic,786,67090.757825345281,67090.913593937104
polyak-smoothed-dynamic,787,polyak-smoothed-dynamic,787,67091.023573213184,67091.023573213184
polyak-smoothed-dynamic,788,polyak-smoothed-dynamic,788,67090.51483009661,67091.023573213184
polyak-smoothed-dynamic,789,polyak-smoothed-dynamic,789,67090.907787116113,67091.023573213184
polyak-smoothed-dynamic,790,polyak-smoothed-dynamic,790,67090.268746024958,67091.023573213184
polyak-smoothed-dynamic,791,polyak-smoothed-dynamic,791,67090.556981903952,67091.023573213184
polyak-smoothed-dynamic,792,polyak-smoothed-dynamic,792,67090.84612654052,67091.023573213184
polyak-smoothed-dynamic,793,polyak-smoothed-dynamic,793,67091.080013050785,67091.080013050785
polyak-smoothed-dynamic,794,polyak-smoothed-dynamic,794,67090.363524476707,67091.080013050785
polyak-smoothed-dynamic,795,polyak-smoothed-dynamic,795,67090.624110808698,67091.080013050785
polyak-smoothed-dynamic,796,polyak-smoothed-dynamic,796,67090.766653279134,67091.080013050785
polyak-smoothed-dynamic,797,polyak-smoothed-dynamic,797,67090.694116934726,67091.080013050785
polyak-smoothed-dynamic,798,polyak-smoothed-dynamic,798,67090.894955308831,67091.080013050785
polyak-smoothed-dynamic,799,polyak-smoothed-dynamic,799,67090.795702687188,67091.080013050785
polyak-smoothed-dynamic,800,polyak-smoothed-dynamic,800,67091.133458447628,67091.133458447628
polyak-smoothed-dynamic,801,polyak-smoothed-dynamic,801,67091.170008507179,67091.170008507179
polyak-smoothed-dynamic,802,polyak-smoothed-dynamic,802,67090.882123340416,67091.170008507179
polyak-smoothed-dynamic,803,polyak-smoothed-dynamic,803,67090.963759583916,67091.170008507179
polyak-smoothed-dynamic,804,polyak-smoothed-dynamic,804,67091.097531892403,67091.170008507179
polyak-smoothed-dynamic,805,polyak-smoothed-dynamic,805,67091.021454807487,67091.170008507179
polyak-smoothed-dynamic,806,polyak-smoothed-dynamic,806,67091.065734127551,67091.170008507179
polyak-smoothed-dynamic,807,polyak-smoothed-dynamic,807,67091.124733677425,67091.170008507179
polyak-smoothed-dynamic,808,polyak-smoothed-dynamic,808,67091.161716853778,67091.170008507179
polyak-smoothed-dynamic,809,polyak-smoothed-dynamic,809,67091.041880786943,67091.170008507179
polyak-smoothed-dynamic,810,polyak-smoothed-dynamic,810,67090.84986935147,67091.170008507179
polyak-smoothed-dynamic,811,polyak-smoothed-dynamic,811,67091.159514598592,67091.170008507179
polyak-smoothed-dynamic,812,polyak-smoothed-dynamic,812,67091.134506910224,67091.170008507179
polyak-smoothed-dynamic,813,polyak-smoothed-dynamic,813,67091.085141336313,67091.170008507179
polyak-smoothed-dynamic,814,polyak-smoothed-dynamic,814,67091.040900896842,67091.170008507179
polyak-smoothed-dynamic,815,polyak-smoothed-dynamic,815,67091.167096234902,67091.170008507179
polyak-smoothed-dynamic,816,polyak-smoothed-dynamic,816,67091.481119818636,67091.481119818636
polyak-smoothed-dynamic,817,polyak-smoothed-dynamic,817,67091.553460095398,67091.553460095398
polyak-smoothed-dynamic,818,polyak-smoothed-dynamic,818,67091.300910280494,67091.553460095398
polyak-smoothed-dynamic,819,polyak-smoothed-dynamic,819,67091.502265707953,67091.553460095398
polyak-smoothed-dynamic,820,polyak-smoothed-dynamic,820,67091.284485484939,67091.553460095398
polyak-smoothed-dynamic,821,polyak-smoothed-dynamic,821,67091.406231651374,67091.553460095398
polyak-smoothed-dynamic,822,polyak-smoothed-dynamic,822,67091.613643703866,67091.613643703866
polyak-smoothed-dynamic,823,polyak-smoothed-dynamic,823,67091.50550005585,67091.613643703866
polyak-smoothed-dynamic,824,polyak-smoothed-dynamic,824,67091.472930261094,67091.613643703866
polyak-smoothed-dynamic,825,polyak-smoothed-dynamic,825,67091.646915182748,67091.646915182748
polyak-smoothed-dynamic,826,polyak-smoothed-dynamic,826,67091.185105172088,67091.646915182748
polyak-smoothed-dynamic,827,polyak-smoothed-dynamic,827,67091.415083504689,67091.646915182748
polyak-smoothed-dynamic,828,polyak-smoothed-dynamic,828,67091.438927805983,67091.646915182748
polyak-smoothed-dynamic,829,polyak-smoothed-dynamic,829,67091.616407502632,67091.646915182748
polyak-smoothed-dynamic,830,polyak-smoothed-dynamic,830,67091.526780199376,67091.646915182748
polyak-smoothed-dynamic,831,polyak-smoothed-dynamic,831,67091.525788279469,67091.646915182748
polyak-smoothed-dynamic,832,polyak-smoothed-dynamic,832,67091.666902124474,67091.666902124474
polyak-smoothed-dynamic,833,polyak-smoothed-dynamic,833,67091.684399975362,67091.684399975362
polyak-smoothed-dynamic,834,polyak-smoothed-dynamic,834,67091.500598249826,67091.684399975362
polyak-smoothed-dynamic,835,polyak-smoothed-dynamic,835,67091.524735783212,67091.684399975362
polyak-smoothed-dynamic,836,polyak-smoothed-dynamic,836,67091.748197673354,67091.748197673354
polyak-smoothed-dynamic,837,polyak-smoothed-dynamic,837,67091.609216373399,67091.748197673354
polyak-smoothed-dynamic,838,polyak-smoothed-dynamic,838,67091.764359407869,67091.764359407869
polyak-smoothed-dynamic,839,polyak-smoothed-dynamic,839,67091.169715801312,67091.764359407869
polyak-smoothed-dynamic,840,polyak-smoothed-dynamic,840,67091.454935705478,67091.764359407869
polyak-smoothed-dynamic,841,polyak-smoothed-dynamic,841,67091.455743053186,67091.764359407869
polyak-smoothed-dynamic,842,polyak-smoothed-dynamic,842,67091.675009904095,67091.764359407869
polyak-smoothed-dynamic,843,polyak-smoothed-dynamic,843,67091.746775522814,67091.764359407869
polyak-smoothed-dynamic,844,polyak-smoothed-dynamic,844,67091.583813137593,67091.764359407869
polyak-smoothed-dynamic,845,polyak-smoothed-dynamic,845,67091.849573998086,67091.849573998086
polyak-smoothed-dynamic,846,polyak-smoothed-dynamic,846,67091.617336607931,67091.849573998086
polyak-smoothed-dynamic,847,polyak-smoothed-dynamic,847,67091.71769172218,67091.849573998086
polyak-smoothed-dynamic,848,polyak-smoothed-dynamic,848,67091.663934248441,67091.849573998086
polyak-smoothed-dynamic,849,polyak-smoothed-dynamic,849,67091.670894389434,67091.849573998086
polyak-smoothed-dynamic,850,polyak-smoothed-dynamic,850,67091.75082945668,67091.849573998086
polyak-smoothed-dynamic,851,polyak-smoothed-dynamic,851,67091.760702351894,67091.849573998086
polyak-smoothed-dynamic,852,polyak-smoothed-dynamic,852,67091.58733095105,67091.849573998086
polyak-smoothed-dynamic,853,polyak-smoothed-dynamic,853,67091.776975273533,67091.849573998086
polyak-smoothed-dynamic,854,polyak-smoothed-dynamic,854,67091.562615401708,67091.849573998086
polyak-smoothed-dynamic,855,polyak-smoothed-dynamic,855,67091.657104608268,67091.849573998086
polyak-smoothed-dynamic,856,polyak-smoothed-dynamic,856,67091.714017899067,67091.849573998086
polyak-smoothed-dynamic,857,polyak-smoothed-dynamic,857,67091.824998584372,67091.849573998086
polyak-smoothed-dynamic,858,polyak-smoothed-dynamic,858,67091.765771442486,67091.849573998086
polyak-smoothed-dynamic,859,polyak-smoothed-dynamic,859,67091.868494161841,67091.868494161841
polyak-smoothed-dynamic,860,polyak-smoothed-dynamic,860,67091.895641004608,67091.895641004608
polyak-smoothed-dynamic,861,polyak-smoothed-dynamic,861,67091.936620049979,67091.936620049979
polyak-smoothed-dynamic,862,polyak-smoothed-dynamic,862,67091.952640567251,67091.952640567251
polyak-smoothed-dynamic,863,polyak-smoothed-dynamic,863,67091.985048242423,67091.985048242423
polyak-smoothed-dynamic,864,polyak-smoothed-dynamic,864,67092.014388960262,67092.014388960262
polyak-smoothed-dynamic,865,polyak-smoothed-dynamic,865,67091.854796606669,67092.014388960262
polyak-smoothed-dynamic,866,polyak-smoothed-dynamic,866,67092.026611665307,67092.026611665307
polyak-smoothed-dynamic,867,polyak-smoothed-dynamic,867,67091.935131776932,67092.026611665307
polyak-smoothed-dynamic,868,polyak-smoothed-dynamic,868,67091.966711368776,67092.026611665307
polyak-smoothed-dynamic,869,polyak-smoothed-dynamic,869,67091.991882794537,67092.026611665307
polyak-smoothed-dynamic,870,polyak-smoothed-dynamic,870,67092.033704074624,67092.033704074624
polyak-smoothed-dynamic,871,polyak-smoothed-dynamic,871,67092.015121181525,67092.033704074624
polyak-smoothed-dynamic,872,polyak-smoothed-dynamic,872,67092.021811005223,67092.033704074624
polyak-smoothed-dynamic,873,polyak-smoothed-dynamic,873,67091.938523699981,67092.033704074624
polyak-smoothed-dynamic,874,polyak-smoothed-dynamic,874,67091.961134523124,67092.033704074624
polyak-smoothed-dynamic,875,polyak-smoothed-dynamic,875,67092.081794039987,67092.081794039987
polyak-smoothed-dynamic,876,polyak-smoothed-dynamic,876,67091.962039291,67092.081794039987
polyak-smoothed-dynamic,877,polyak-smoothed-dynamic,877,67092.099898033834,67092.099898033834
polyak-smoothed-dynamic,878,polyak-smoothed-dynamic,878,67091.942924522911,67092.099898033834
polyak-smoothed-dynamic,879,polyak-smoothed-dynamic,879,67092.030973330562,67092.099898033834
polyak-smoothed-dynamic,880,polyak-smoothed-dynamic,880,67092.029207114436,67092.099898033834
polyak-smoothed-dynamic,881,polyak-smoothed-dynamic,881,67092.0804395632,67092.099898033834
polyak-smoothed-dynamic,882,polyak-smoothed-dynamic,882,67092.031259582436,67092.099898033834
polyak-smoothed-dynamic,883,polyak-smoothed-dynamic,883,67092.06437831941,67092.099898033834
polyak-smoothed-dynamic,884,polyak-smoothed-dynamic,884,67092.040463113575,67092.099898033834
polyak-smoothed-dynamic,885,polyak-smoothed-dynamic,885,67092.038980765472,67092.099898033834
polyak-smoothed-dynamic,886,polyak-smoothed-dynamic,886,67092.131275907625,67092.131275907625
polyak-smoothed-dynamic,887,polyak-smoothed-dynamic,887,67092.039779824074,67092.131275907625
polyak-smoothed-dynamic,888,polyak-smoothed-dynamic,888,67092.153240843269,67092.153240843269
polyak-smoothed-dynamic,889,polyak-smoothed-dynamic,889,67092.0180591182,67092.153240843269
polyak-smoothed-dynamic,890,polyak-smoothed-dynamic,890,67092.097289282785,67092.153240843269
polyak-smoothed-dynamic,891,polyak-smoothed-dynamic,891,67091.990883896506,67092.153240843269
polyak-smoothed-dynamic,892,polyak-smoothed-dynamic,892,67092.069078344663,67092.153240843269
polyak-smoothed-dynamic,893,polyak-smoothed-dynamic,893,67092.088492810901,67092.153240843269
polyak-smoothed-dynamic,894,polyak-smoothed-dynamic,894,67092.092447160743,67092.153240843269
polyak-smoothed-dynamic,895,polyak-smoothed-dynamic,895,67092.126520825259,67092.153240843269
polyak-smoothed-dynamic,896,polyak-smoothed-dynamic,896,67092.126788692694,67092.153240843269
polyak-smoothed-dynamic,897,polyak-smoothed-dynamic,897,67092.142919249382,67092.153240843269
polyak-smoothed-dynamic,898,polyak-smoothed-dynamic,898,67092.081233135657,67092.153240843269
polyak-smoothed-dynamic,899,polyak-smoothed-dynamic,899,67092.180253465136,67092.180253465136
polyak-smoothed-dynamic,900,polyak-smoothed-dynamic,900,67092.064444581876,67092.180253465136
polyak-smoothed-dynamic,901,polyak-smoothed-dynamic,901,67092.126569121829,67092.180253465136
polyak-smoothed-dynamic,902,polyak-smoothed-dynamic,902,67092.135422345498,67092.180253465136
polyak-smoothed-dynamic,903,polyak-smoothed-dynamic,903,67092.16536747606,67092.180253465136
polyak-smoothed-dynamic,904,polyak-smoothed-dynamic,904,67092.08018583979,67092.180253465136
polyak-smoothed-dynamic,905,polyak-smoothed-dynamic,905,67092.133066884431,67092.180253465136
polyak-smoothed-dynamic,906,polyak-smoothed-dynamic,906,67092.133271118422,67092.180253465136
polyak-smoothed-dynamic,907,polyak-smoothed-dynamic,907,67092.1920339676,67092.1920339676
polyak-smoothed-dynamic,908,polyak-smoothed-dynamic,908,67092.129859122462,67092.1920339676
polyak-smoothed-dynamic,909,polyak-smoothed-dynamic,909,67092.155073507514,67092.1920339676
polyak-smoothed-dynamic,910,polyak-smoothed-dynamic,910,67092.134243317356,67092.1920339676
polyak-smoothed-dynamic,911,polyak-smoothed-dynamic,911,67092.174145550875,67092.1920339676
polyak-smoothed-dynamic,912,polyak-smoothed-dynamic,912,67092.148699835903,67092.1920339676
polyak-smoothed-dynamic,913,polyak-smoothed-dynamic,913,67092.17624600172,67092.1920339676
polyak-smoothed-dynamic,914,polyak-smoothed-dynamic,914,67092.073395150233,67092.1920339676
polyak-smoothed-dynamic,915,polyak-smoothed-dynamic,915,67092.157865810368,67092.1920339676
polyak-smoothed-dynamic,916,polyak-smoothed-dynamic,916,67092.162018450996,67092.1920339676
polyak-smoothed-dynamic,917,polyak-smoothed-dynamic,917,67092.191529795775,67092.1920339676
polyak-smoothed-dynamic,918,polyak-smoothed-dynamic,918,67092.121857323626,67092.1920339676
polyak-smoothed-dynamic,919,polyak-smoothed-dynamic,919,67092.214682726029,67092.214682726029
polyak-smoothed-dynamic,920,polyak-smoothed-dynamic,920,67092.141204643995,67092.214682726029
polyak-smoothed-dynamic,921,polyak-smoothed-dynamic,921,67092.217759958177,67092.217759958177
polyak-smoothed-dynamic,922,polyak-smoothed-dynamic,922,67092.190736160963,67092.217759958177
polyak-smoothed-dynamic,923,polyak-smoothed-dynamic,923,67092.24281802219,67092.24281802219
polyak-smoothed-dynamic,924,polyak-smoothed-dynamic,924,67092.16152198716,67092.24281802219
polyak-smoothed-dynamic,925,polyak-smoothed-dynamic,925,67092.177306616679,67092.24281802219
polyak-smoothed-dynamic,926,polyak-smoothed-dynamic,926,67092.287660832604,67092.287660832604
polyak-smoothed-dynamic,927,polyak-smoothed-dynamic,927,67092.207948096606,67092.287660832604
polyak-smoothed-dynamic,928,polyak-smoothed-dynamic,928,67092.27815613999,67092.287660832604
polyak-smoothed-dynamic,929,polyak-smoothed-dynamic,929,67092.187240774598,67092.287660832604
polyak-smoothed-dynamic,930,polyak-smoothed-dynamic,930,67092.216197638598,67092.287660832604
polyak-smoothed-dynamic,931,polyak-smoothed-dynamic,931,67092.216658780977,67092.287660832604
polyak-smoothed-dynamic,932,polyak-smoothed-dynamic,932,67092.246043871608,67092.287660832604
polyak-smoothed-dynamic,933,polyak-smoothed-dynamic,933,67092.292479285708,67092.292479285708
polyak-smoothed-dynamic,934,polyak-smoothed-dynamic,934,67092.252831828082,67092.292479285708
polyak-smoothed-dynamic,935,polyak-smoothed-dynamic,935,67092.253202084641,67092.292479285708
polyak-smoothed-dynamic,936,polyak-smoothed-dynamic,936,67092.260126927998,67092.292479285708
polyak-smoothed-dynamic,937,polyak-smoothed-dynamic,937,67092.255345120691,67092.292479285708
polyak-smoothed-dynamic,938,polyak-smoothed-dynamic,938,67092.248025646972,67092.292479285708
polyak-smoothed-dynamic,939,polyak-smoothed-dynamic,939,67092.29576187901,67092.29576187901
polyak-smoothed-dynamic,940,polyak-smoothed-dynamic,940,67092.194903642725,67092.29576187901
polyak-smoothed-dynamic,941,polyak-smoothed-dynamic,941,67092.28153929481,67092.29576187901
polyak-smoothed-dynamic,942,polyak-smoothed-dynamic,942,67092.202173584417,67092.29576187901
polyak-smoothed-dynamic,943,polyak-smoothed-dynamic,943,67092.333080432756,67092.333080432756
polyak-smoothed-dynamic,944,polyak-smoothed-dynamic,944,67092.165258169465,67092.333080432756
polyak-smoothed-dynamic,945,polyak-smoothed-dynamic,945,67092.221985113792,67092.333080432756
polyak-smoothed-dynamic,946,polyak-smoothed-dynamic,946,67092.304839489851,67092.333080432756
polyak-smoothed-dynamic,947,polyak-smoothed-dynamic,947,67092.344531768176,67092.344531768176
polyak-smoothed-dynamic,948,polyak-smoothed-dynamic,948,67092.264120338834,67092.344531768176
polyak-smoothed-dynamic,949,polyak-smoothed-dynamic,949,67092.337599330669,67092.344531768176
polyak-smoothed-dynamic,950,polyak-smoothed-dynamic,950,67092.20538027877,67092.344531768176
polyak-smoothed-dynamic,951,polyak-smoothed-dynamic,951,67092.258184008548,67092.344531768176
polyak-smoothed-dynamic,952,polyak-smoothed-dynamic,952,67092.319043153562,67092.344531768176
polyak-smoothed-dynamic,953,polyak-smoothed-dynamic,953,67092.34389853329,67092.344531768176
polyak-smoothed-dynamic,954,polyak-smoothed-dynamic,954,67092.205516313799,67092.344531768176
polyak-smoothed-dynamic,955,polyak-smoothed-dynamic,955,67092.301060780519,67092.344531768176
polyak-smoothed-dynamic,956,polyak-smoothed-dynamic,956,67092.231471570049,67092.344531768176
polyak-smoothed-dynamic,957,polyak-smoothed-dynamic,957,67092.308521979081,67092.344531768176
polyak-smoothed-dynamic,958,polyak-smoothed-dynamic,958,67092.318851965261,67092.344531768176
polyak-smoothed-dynamic,959,polyak-smoothed-dynamic,959,67092.275213392641,67092.344531768176
polyak-smoothed-dynamic,960,polyak-smoothed-dynamic,960,67092.398548605284,67092.398548605284
polyak-smoothed-dynamic,961,polyak-smoothed-dynamic,961,67092.33916140467,67092.398548605284
polyak-smoothed-dynamic,962,polyak-smoothed-dynamic,962,67092.362120802267,67092.398548605284
polyak-smoothed-dynamic,963,polyak-smoothed-dynamic,963,67092.402403403656,67092.402403403656
polyak-smoothed-dynamic,964,polyak-smoothed-dynamic,964,67092.409185440876,67092.409185440876
polyak-smoothed-dynamic,965,polyak-smoothed-dynamic,965,67092.443331023926,67092.443331023926
polyak-smoothed-dynamic,966,polyak-smoothed-dynamic,966,67092.356566240414,67092.443331023926
polyak-smoothed-dynamic,967,polyak-smoothed-dynamic,967,67092.39383480059,67092.443331023926
polyak-smoothed-dynamic,968,polyak-smoothed-dynamic,968,67092.420744820818,67092.443331023926
polyak-smoothed-dynamic,969,polyak-smoothed-dynamic,969,67092.460705716279,67092.460705716279
polyak-smoothed-dynamic,970,polyak-smoothed-dynamic,970,67092.28517861884,67092.460705716279
polyak-smoothed-dynamic,971,polyak-smoothed-dynamic,971,67092.35896438999,67092.460705716279
polyak-smoothed-dynamic,972,polyak-smoothed-dynamic,972,67092.411613359873,67092.460705716279
polyak-smoothed-dynamic,973,polyak-smoothed-dynamic,973,67092.459585131423,67092.460705716279
polyak-smoothed-dynamic,974,polyak-smoothed-dynamic,974,67092.432864418777,67092.460705716279
polyak-smoothed-dynamic,975,polyak-smoothed-dynamic,975,67092.446920711722,67092.460705716279
polyak-smoothed-dynamic,976,polyak-smoothed-dynamic,976,67092.488179652355,67092.488179652355
polyak-smoothed-dynamic,977,polyak-smoothed-dynamic,977,67092.395582533441,67092.488179652355
polyak-smoothed-dynamic,978,polyak-smoothed-dynamic,978,67092.477749918224,67092.488179652355
polyak-smoothed-dynamic,979,polyak-smoothed-dynamic,979,67092.401414260545,67092.488179652355
polyak-smoothed-dynamic,980,polyak-smoothed-dynamic,980,67092.44735383337,67092.488179652355
polyak-smoothed-dynamic,981,polyak-smoothed-dynamic,981,67092.446891995743,67092.488179652355
polyak-smoothed-dynamic,982,polyak-smoothed-dynamic,982,67092.47968764184,67092.488179652355
polyak-smoothed-dynamic,983,polyak-smoothed-dynamic,983,67092.429627669815,67092.488179652355
polyak-smoothed-dynamic,984,polyak-smoothed-dynamic,984,67092.449338632767,67092.488179652355
polyak-smoothed-dynamic,985,polyak-smoothed-dynamic,985,67092.472801798169,67092.488179652355
polyak-smoothed-dynamic,986,polyak-smoothed-dynamic,986,67092.488808021226,67092.488808021226
polyak-smoothed-dynamic,987,polyak-smoothed-dynamic,987,67092.414460469285,67092.488808021226
polyak-smoothed-dynamic,988,polyak-smoothed-dynamic,988,67092.464693488539,67092.488808021226
polyak-smoothed-dynamic,989,polyak-smoothed-dynamic,989,67092.487486036975,67092.488808021226
polyak-smoothed-dynamic,990,polyak-smoothed-dynamic,990,67092.463166859699,67092.488808021226
polyak-smoothed-dynamic,991,polyak-smoothed-dynamic,991,67092.471251743948,67092.488808021226
polyak-smoothed-dynamic,992,polyak-smoothed-dynamic,992,67092.451392679606,67092.488808021226
polyak-smoothed-dynamic,993,polyak-smoothed-dynamic,993,67092.527275884218,67092.527275884218
polyak-smoothed-dynamic,994,polyak-smoothed-dynamic,994,67092.389494435134,67092.527275884218
polyak-smoothed-dynamic,995,polyak-smoothed-dynamic,995,67092.469179904394,67092.527275884218
polyak-smoothed-dynamic,996,polyak-smoothed-dynamic,996,67092.457223795267,67092.527275884218
polyak-smoothed-dynamic,997,polyak-smoothed-dynamic,997,67092.470504903235,67092.527275884218
polyak-smoothed-dynamic,998,polyak-smoothed-dynamic,998,67092.515062493665,67092.527275884218
polyak-smoothed-dynamic,999,polyak-smoothed-dynamic,999,67092.531220746954,67092.531220746954
polyak-smoothed-dynamic,1000,polyak-smoothed-dynamic,1000,67092.479203601935,67092.531220746954
polyak-smoothed-dynamic,1001,polyak-smoothed-dynamic,1001,67092.510878265748,67092.531220746954
polyak-smoothed-dynamic,1002,polyak-smoothed-dynamic,1002,67092.5028647125,67092.531220746954
polyak-smoothed-dynamic,1003,polyak-smoothed-dynamic,1003,67092.540804379969,67092.540804379969
polyak-smoothed-dynamic,1004,polyak-smoothed-dynamic,1004,67092.495488218978,67092.540804379969
polyak-smoothed-dynamic,1005,polyak-smoothed-dynamic,1005,67092.510801807584,67092.540804379969
polyak-smoothed-dynamic,1006,polyak-smoothed-dynamic,1006,67092.487268051424,67092.540804379969
polyak-smoothed-dynamic,1007,polyak-smoothed-dynamic,1007,67092.517752059968,67092.540804379969
polyak-smoothed-dynamic,1008,polyak-smoothed-dynamic,1008,67092.445423665238,67092.540804379969
polyak-smoothed-dynamic,1009,polyak-smoothed-dynamic,1009,67092.519388717235,67092.540804379969
polyak-smoothed-dynamic,1010,polyak-smoothed-dynamic,1010,67092.514373633196,67092.540804379969
polyak-smoothed-dynamic,1011,polyak-smoothed-dynamic,1011,67092.517983177488,67092.540804379969
polyak-smoothed-dynamic,1012,polyak-smoothed-dynamic,1012,67092.52069069272,67092.540804379969
polyak-smoothed-dynamic,1013,polyak-smoothed-dynamic,1013,67092.537290092601,67092.540804379969
polyak-smoothed-dynamic,1014,polyak-smoothed-dynamic,1014,67092.567539131676,67092.567539131676
polyak-smoothed-dynamic,1015,polyak-smoothed-dynamic,1015,67092.508803272605,67092.567539131676
polyak-smoothed-dynamic,1016,polyak-smoothed-dynamic,1016,67092.524548303365,67092.567539131676
polyak-smoothed-dynamic,1017,polyak-smoothed-dynamic,1017,67092.541613108508,67092.567539131676
polyak-smoothed-dynamic,1018,polyak-smoothed-dynamic,1018,67092.510046147931,67092.567539131676
polyak-smoothed-dynamic,1019,polyak-smoothed-dynamic,1019,67092.551888759932,67092.567539131676
polyak-smoothed-dynamic,1020,polyak-smoothed-dynamic,1020,67092.505998892928,67092.567539131676
polyak-smoothed-dynamic,1021,polyak-smoothed-dynamic,1021,67092.533996817278,67092.567539131676
polyak-smoothed-dynamic,1022,polyak-smoothed-dynamic,1022,67092.534495276297,67092.567539131676
polyak-smoothed-dynamic,1023,polyak-smoothed-dynamic,1023,67092.550137601997,67092.567539131676
polyak-smoothed-dynamic,1024,polyak-smoothed-dynamic,1024,67092.52222896801,67092.567539131676
polyak-smoothed-dynamic,1025,polyak-smoothed-dynamic,1025,67092.546689973344,67092.567539131676
polyak-smoothed-dynamic,1026,polyak-smoothed-dynamic,1026,67092.518508215318,67092.567539131676
polyak-smoothed-dynamic,1027,polyak-smoothed-dynamic,1027,67092.537381448608,67092.567539131676
polyak-smoothed-dynamic,1028,polyak-smoothed-dynamic,1028,67092.580162862141,67092.580162862141
polyak-smoothed-dynamic,1029,polyak-smoothed-dynamic,1029,67092.556192115662,67092.580162862141
polyak-smoothed-dynamic,1030,polyak-smoothed-dynamic,1030,67092.573039102863,67092.580162862141
polyak-smoothed-dynamic,1031,polyak-smoothed-dynamic,1031,67092.592960110152,67092.592960110152
polyak-smoothed-dynamic,1032,polyak-smoothed-dynamic,1032,67092.56544786111,67092.592960110152
polyak-smoothed-dynamic,1033,polyak-smoothed-dynamic,1033,67092.587095530966,67092.592960110152
polyak-smoothed-dynamic,1034,polyak-smoothed-dynamic,1034,67092.582022756891,67092.592960110152
polyak-smoothed-dynamic,1035,polyak-smoothed-dynamic,1035,67092.591206626443,67092.592960110152
polyak-smoothed-dynamic,1036,polyak-smoothed-dynamic,1036,67092.594262564307,67092.594262564307
polyak-smoothed-dynamic,1037,polyak-smoothed-dynamic,1037,67092.598106192978,67092.598106192978
polyak-smoothed-dynamic,1038,polyak-smoothed-dynamic,1038,67092.599449736561,67092.599449736561
polyak-smoothed-dynamic,1039,polyak-smoothed-dynamic,1039,67092.603401027911,67092.603401027911
polyak-smoothed-dynamic,1040,polyak-smoothed-dynamic,1040,67092.572304038156,67092.603401027911
polyak-smoothed-dynamic,1041,polyak-smoothed-dynamic,1041,67092.586987494331,67092.603401027911
polyak-smoothed-dynamic,1042,polyak-smoothed-dynamic,1042,67092.599982300148,67092.603401027911
polyak-smoothed-dynamic,1043,polyak-smoothed-dynamic,1043,67092.60315386382,67092.603401027911
polyak-smoothed-dynamic,1044,polyak-smoothed-dynamic,1044,67092.622856412243,67092.622856412243
polyak-smoothed-dynamic,1045,polyak-smoothed-dynamic,1045,67092.566797053689,67092.622856412243
polyak-smoothed-dynamic,1046,polyak-smoothed-dynamic,1046,67092.591829116951,67092.622856412243
polyak-smoothed-dynamic,1047,polyak-smoothed-dynamic,1047,67092.595429499459,67092.622856412243
polyak-smoothed-dynamic,1048,polyak-smoothed-dynamic,1048,67092.598554569064,67092.622856412243
polyak-smoothed-dynamic,1049,polyak-smoothed-dynamic,1049,67092.605366714619,67092.622856412243
polyak-smoothed-dynamic,1050,polyak-smoothed-dynamic,1050,67092.619058615819,67092.622856412243
polyak-smoothed-dynamic,1051,polyak-smoothed-dynamic,1051,67092.621232360252,67092.622856412243
polyak-smoothed-dynamic,1052,polyak-smoothed-dynamic,1052,67092.613792608725,67092.622856412243
polyak-smoothed-dynamic,1053,polyak-smoothed-dynamic,1053,67092.628240849619,67092.628240849619
polyak-smoothed-dynamic,1054,polyak-smoothed-dynamic,1054,67092.611945016659,67092.628240849619
polyak-smoothed-dynamic,1055,polyak-smoothed-dynamic,1055,67092.613559907622,67092.628240849619
polyak-smoothed-dynamic,1056,polyak-smoothed-dynamic,1056,67092.632242487423,67092.632242487423
polyak-smoothed-dynamic,1057,polyak-smoothed-dynamic,1057,67092.585765772907,67092.632242487423
polyak-smoothed-dynamic,1058,polyak-smoothed-dynamic,1058,67092.603789329136,67092.632242487423
polyak-smoothed-dynamic,1059,polyak-smoothed-dynamic,1059,67092.618232570763,67092.632242487423
polyak-smoothed-dynamic,1060,polyak-smoothed-dynamic,1060,67092.613399647831,67092.632242487423
polyak-smoothed-dynamic,1061,polyak-smoothed-dynamic,1061,67092.627377127326,67092.632242487423
polyak-smoothed-dynamic,1062,polyak-smoothed-dynamic,1062,67092.62066771934,67092.632242487423
polyak-smoothed-dynamic,1063,polyak-smoothed-dynamic,1063,67092.639947934353,67092.639947934353
polyak-smoothed-dynamic,1064,polyak-smoothed-dynamic,1064,67092.593843412542,67092.639947934353
polyak-smoothed-dynamic,1065,polyak-smoothed-dynamic,1065,67092.600573322983,67092.639947934353
polyak-smoothed-dynamic,1066,polyak-smoothed-dynamic,1066,67092.635874693209,67092.639947934353
polyak-smoothed-dynamic,1067,polyak-smoothed-dynamic,1067,67092.620423097163,67092.639947934353
polyak-smoothed-dynamic,1068,polyak-smoothed-dynamic,1068,67092.643747946931,67092.643747946931
polyak-smoothed-dynamic,1069,polyak-smoothed-dynamic,1069,67092.600290172471,67092.643747946931
polyak-smoothed-dynamic,1070,polyak-smoothed-dynamic,1070,67092.618818297502,67092.643747946931
polyak-smoothed-dynamic,1071,polyak-smoothed-dynamic,1071,67092.627700511774,67092.643747946931
polyak-smoothed-dynamic,1072,polyak-smoothed-dynamic,1072,67092.627364757849,67092.643747946931
polyak-smoothed-dynamic,1073,polyak-smoothed-dynamic,1073,67092.631240083341,67092.643747946931
polyak-smoothed-dynamic,1074,polyak-smoothed-dynamic,1074,67092.642942454739,67092.643747946931
polyak-smoothed-dynamic,1075,polyak-smoothed-dynamic,1075,67092.623005885514,67092.643747946931
polyak-smoothed-dynamic,1076,polyak-smoothed-dynamic,1076,67092.617140774237,67092.643747946931
polyak-smoothed-dynamic,1077,polyak-smoothed-dynamic,1077,67092.651525854308,67092.651525854308
polyak-smoothed-dynamic,1078,polyak-smoothed-dynamic,1078,67092.601320368689,67092.651525854308
polyak-smoothed-dynamic,1079,polyak-smoothed-dynamic,1079,67092.627432328998,67092.651525854308
polyak-smoothed-dynamic,1080,polyak-smoothed-dynamic,1080,67092.632052989502,67092.651525854308
polyak-smoothed-dynamic,1081,polyak-smoothed-dynamic,1081,67092.639955926861,67092.651525854308
polyak-smoothed-dynamic,1082,polyak-smoothed-dynamic,1082,67092.649563340659,67092.651525854308
polyak-smoothed-dynamic,1083,polyak-smoothed-dynamic,1083,67092.649030731322,67092.651525854308
polyak-smoothed-dynamic,1084,polyak-smoothed-dynamic,1084,67092.630568523804,67092.651525854308
polyak-smoothed-dynamic,1085,polyak-smoothed-dynamic,1085,67092.644975086761,67092.651525854308
polyak-smoothed-dynamic,1086,polyak-smoothed-dynamic,1086,67092.652457528107,67092.652457528107
polyak-smoothed-dynamic,1087,polyak-smoothed-dynamic,1087,67092.628457525221,67092.652457528107
polyak-smoothed-dynamic,1088,polyak-smoothed-dynamic,1088,67092.640335213408,67092.652457528107
polyak-smoothed-dynamic,1089,polyak-smoothed-dynamic,1089,67092.624502955005,67092.652457528107
polyak-smoothed-dynamic,1090,polyak-smoothed-dynamic,1090,67092.660298244227,67092.660298244227
polyak-smoothed-dynamic,1091,polyak-smoothed-dynamic,1091,67092.613682230076,67092.660298244227
polyak-smoothed-dynamic,1092,polyak-smoothed-dynamic,1092,67092.634306733933,67092.660298244227
polyak-smoothed-dynamic,1093,polyak-smoothed-dynamic,1093,67092.631058556828,67092.660298244227
polyak-smoothed-dynamic,1094,polyak-smoothed-dynamic,1094,67092.643259550372,67092.660298244227
polyak-smoothed-dynamic,1095,polyak-smoothed-dynamic,1095,67092.650342780136,67092.660298244227
polyak-smoothed-dynamic,1096,polyak-smoothed-dynamic,1096,67092.663123885708,67092.663123885708
polyak-smoothed-dynamic,1097,polyak-smoothed-dynamic,1097,67092.589862018387,67092.663123885708
polyak-smoothed-dynamic,1098,polyak-smoothed-dynamic,1098,67092.625770574887,67092.663123885708
polyak-smoothed-dynamic,1099,polyak-smoothed-dynamic,1099,67092.655540459993,67092.663123885708
polyak-smoothed-dynamic,1100,polyak-smoothed-dynamic,1100,67092.638158562244,67092.663123885708
polyak-smoothed-dynamic,1101,polyak-smoothed-dynamic,1101,67092.660391146535,67092.663123885708
polyak-smoothed-dynamic,1102,polyak-smoothed-dynamic,1102,67092.671580619164,67092.671580619164
polyak-smoothed-dynamic,1103,polyak-smoothed-dynamic,1103,67092.666156745923,67092.671580619164
polyak-smoothed-dynamic,1104,polyak-smoothed-dynamic,1104,67092.639143928958,67092.671580619164
polyak-smoothed-dynamic,1105,polyak-smoothed-dynamic,1105,67092.656549291525,67092.671580619164
polyak-smoothed-dynamic,1106,polyak-smoothed-dynamic,1106,67092.654136039026,67092.671580619164
polyak-smoothed-dynamic,1107,polyak-smoothed-dynamic,1107,67092.66698814783,67092.671580619164
polyak-smoothed-dynamic,1108,polyak-smoothed-dynamic,1108,67092.665537710302,67092.671580619164
polyak-smoothed-dynamic,1109,polyak-smoothed-dynamic,1109,67092.664453331599,67092.671580619164
polyak-smoothed-dynamic,1110,polyak-smoothed-dynamic,1110,67092.64656718426,67092.671580619164
polyak-smoothed-dynamic,1111,polyak-smoothed-dynamic,1111,67092.665021580076,67092.671580619164
polyak-smoothed-dynamic,1112,polyak-smoothed-dynamic,1112,67092.647351287844,67092.671580619164
polyak-smoothed-dynamic,1113,polyak-smoothed-dynamic,1113,67092.668498250438,67092.671580619164
polyak-smoothed-dynamic,1114,polyak-smoothed-dynamic,1114,67092.657480528389,67092.671580619164
