instance,strategy,iteration,phase,phase_iteration,lower_bound,best_lower_bound,concorde_optimum
/Users/a/Ayanami/code/TSP/data/classic/tsplib/pr152.tsp,polyak,1,polyak,1,59775,59775,73682
/Users/a/Ayanami/code/TSP/data/classic/tsplib/pr152.tsp,polyak,2,polyak,2,-5545.2000000000953,59775,73682
/Users/a/Ayanami/code/TSP/data/classic/tsplib/pr152.tsp,polyak,3,polyak,3,41574.203940886699,59775,73682
/Users/a/Ayanami/code/TSP/data/classic/tsplib/pr152.tsp,polyak,4,polyak,4,29840.652990851522,59775,73682
/Users/a/Ayanami/code/TSP/data/classic/tsplib/pr152.tsp,polyak,5,polyak,5,28984.105968169733,59775,73682
/Users/a/Ayanami/code/TSP/data/classic/tsplib/pr152.tsp,polyak,6,polyak,6,28643.309697347613,59775,73682
/Users/a/Ayanami/code/TSP/data/classic/tsplib/pr152.tsp,polyak,7,polyak,7,15839.729781394028,59775,73682
/Users/a/Ayanami/code/TSP/data/classic/tsplib/pr152.tsp,polyak,8,polyak,8,26119.824238643221,59775,73682
/Users/a/Ayanami/code/TSP/data/classic/tsplib/pr152.tsp,polyak,9,polyak,9,24275.159869967265,59775,73682
/Users/a/Ayanami/code/TSP/data/classic/tsplib/pr152.tsp,polyak,10,polyak,10,24181.920850432332,59775,73682
/Users/a/Ayanami/code/TSP/data/classic/tsplib/pr152.tsp,polyak,11,polyak,11,22919.216397100387,59775,73682
/Users/a/Ayanami/code/TSP/data/classic/tsplib/pr152.tsp,polyak,12,polyak,12,24367.957062674617,59775,73682
/Users/a/Ayanami/code/TSP/data/classic/tsplib/pr152.tsp,polyak,13,polyak,13,29495.672517829466,59775,73682
/Users/a/Ayanami/code/TSP/data/classic/tsplib/pr152.tsp,polyak,14,polyak,14,23198.207924718183,59775,73682
/Users/a/Ayanami/code/TSP/data/classic/tsplib/pr152.tsp,polyak,15,polyak,15,41820.130326573351,59775,73682
/Users/a/Ayanami/code/TSP/data/classic/tsplib/pr152.tsp,polyak,16,polyak,16,47003.040497421571,59775,73682
/Users/a/Ayanami/code/TSP/data/classic/tsplib/pr152.tsp,polyak,17,polyak,17,51172.360388525682,59775,73682
/Users/a/Ayanami/code/TSP/data/classic/tsplib/pr152.tsp,polyak,18,polyak,18,54898.566971100758,59775,73682
/Users/a/Ayanami/code/TSP/data/classic/tsplib/pr152.tsp,polyak,19,polyak,19,56240.705046795862,59775,73682
/Users/a/Ayanami/code/TSP/data/classic/tsplib/pr152.tsp,polyak,20,polyak,20,57564.612734969938,59775,73682
/Users/a/Ayanami/code/TSP/data/classic/tsplib/pr152.tsp,polyak,21,polyak,21,57092.313735885691,59775,73682
/Users/a/Ayanami/code/TSP/data/classic/tsplib/pr152.tsp,polyak,22,polyak,22,59181.943931985901,59775,73682
/Users/a/Ayanami/code/TSP/data/classic/tsplib/pr152.tsp,polyak,23,polyak,23,57498.958996938411,59775,73682
/Users/a/Ayanami/code/TSP/data/classic/tsplib/pr152.tsp,polyak,24,polyak,24,60062.015043999425,60062.015043999425,73682
/Users/a/Ayanami/code/TSP/data/classic/tsplib/pr152.tsp,polyak,25,polyak,25,58659.186237614871,60062.015043999425,73682
/Users/a/Ayanami/code/TSP/data/classic/tsplib/pr152.tsp,polyak,26,polyak,26,60308.583993562504,60308.583993562504,73682
/Users/a/Ayanami/code/TSP/data/classic/tsplib/pr152.tsp,polyak,27,polyak,27,59307.33245200025,60308.583993562504,73682
/Users/a/Ayanami/code/TSP/data/classic/tsplib/pr152.tsp,polyak,28,polyak,28,59225.489595260871,60308.583993562504,73682
/Users/a/Ayanami/code/TSP/data/classic/tsplib/pr152.tsp,polyak,29,polyak,29,59057.076704248408,60308.583993562504,73682
/Users/a/Ayanami/code/TSP/data/classic/tsplib/pr152.tsp,polyak,30,polyak,30,60503.285441938038,60503.285441938038,73682
/Users/a/Ayanami/code/TSP/data/classic/tsplib/pr152.tsp,polyak,31,polyak,31,59261.302726125701,60503.285441938038,73682
/Users/a/Ayanami/code/TSP/data/classic/tsplib/pr152.tsp,polyak,32,polyak,32,61345.580826921258,61345.580826921258,73682
/Users/a/Ayanami/code/TSP/data/classic/tsplib/pr152.tsp,polyak,33,polyak,33,59049.662844280574,61345.580826921258,73682
/Users/a/Ayanami/code/TSP/data/classic/tsplib/pr152.tsp,polyak,34,polyak,34,60878.01410921113,61345.580826921258,73682
/Users/a/Ayanami/code/TSP/data/classic/tsplib/pr152.tsp,polyak,35,polyak,35,59428.031830808417,61345.580826921258,73682
/Users/a/Ayanami/code/TSP/data/classic/tsplib/pr152.tsp,polyak,36,polyak,36,60298.732626618214,61345.580826921258,73682
/Users/a/Ayanami/code/TSP/data/classic/tsplib/pr152.tsp,polyak,37,polyak,37,59446.195399075987,61345.580826921258,73682
/Users/a/Ayanami/code/TSP/data/classic/tsplib/pr152.tsp,polyak,38,polyak,38,60378.732448741968,61345.580826921258,73682
/Users/a/Ayanami/code/TSP/data/classic/tsplib/pr152.tsp,polyak,39,polyak,39,60548.273740223405,61345.580826921258,73682
/Users/a/Ayanami/code/TSP/data/classic/tsplib/pr152.tsp,polyak,40,polyak,40,60295.178788574252,61345.580826921258,73682
/Users/a/Ayanami/code/TSP/data/classic/tsplib/pr152.tsp,polyak,41,polyak,41,61348.98607946116,61348.98607946116,73682
/Users/a/Ayanami/code/TSP/data/classic/tsplib/pr152.tsp,polyak,42,polyak,42,60219.42819058345,61348.98607946116,73682
/Users/a/Ayanami/code/TSP/data/classic/tsplib/pr152.tsp,polyak,43,polyak,43,61506.507739564724,61506.507739564724,73682
/Users/a/Ayanami/code/TSP/data/classic/tsplib/pr152.tsp,polyak,44,polyak,44,58688.410766386587,61506.507739564724,73682
/Users/a/Ayanami/code/TSP/data/classic/tsplib/pr152.tsp,polyak,45,polyak,45,61037.547460933471,61506.507739564724,73682
/Users/a/Ayanami/code/TSP/data/classic/tsplib/pr152.tsp,polyak,46,polyak,46,60752.833655710856,61506.507739564724,73682
/Users/a/Ayanami/code/TSP/data/classic/tsplib/pr152.tsp,polyak,47,polyak,47,60759.780727686419,61506.507739564724,73682
/Users/a/Ayanami/code/TSP/data/classic/tsplib/pr152.tsp,polyak,48,polyak,48,61373.478103007554,61506.507739564724,73682
/Users/a/Ayanami/code/TSP/data/classic/tsplib/pr152.tsp,polyak,49,polyak,49,59706.507482775378,61506.507739564724,73682
/Users/a/Ayanami/code/TSP/data/classic/tsplib/pr152.tsp,polyak,50,polyak,50,61028.5069099764,61506.507739564724,73682
/Users/a/Ayanami/code/TSP/data/classic/tsplib/pr152.tsp,polyak,51,polyak,51,60107.659063350497,61506.507739564724,73682
/Users/a/Ayanami/code/TSP/data/classic/tsplib/pr152.tsp,polyak,52,polyak,52,60586.836011567058,61506.507739564724,73682
/Users/a/Ayanami/code/TSP/data/classic/tsplib/pr152.tsp,polyak,53,polyak,53,62305.897963654206,62305.897963654206,73682
/Users/a/Ayanami/code/TSP/data/classic/tsplib/pr152.tsp,polyak,54,polyak,54,59841.596002194325,62305.897963654206,73682
/Users/a/Ayanami/code/TSP/data/classic/tsplib/pr152.tsp,polyak,55,polyak,55,61404.229258917709,62305.897963654206,73682
/Users/a/Ayanami/code/TSP/data/classic/tsplib/pr152.tsp,polyak,56,polyak,56,61539.338159766186,62305.897963654206,73682
/Users/a/Ayanami/code/TSP/data/classic/tsplib/pr152.tsp,polyak,57,polyak,57,61262.95665149956,62305.897963654206,73682
/Users/a/Ayanami/code/TSP/data/classic/tsplib/pr152.tsp,polyak,58,polyak,58,60084.546906526113,62305.897963654206,73682
/Users/a/Ayanami/code/TSP/data/classic/tsplib/pr152.tsp,polyak,59,polyak,59,62007.044550488514,62305.897963654206,73682
/Users/a/Ayanami/code/TSP/data/classic/tsplib/pr152.tsp,polyak,60,polyak,60,60595.002420574827,62305.897963654206,73682
/Users/a/Ayanami/code/TSP/data/classic/tsplib/pr152.tsp,polyak,61,polyak,61,62211.391343841031,62305.897963654206,73682
/Users/a/Ayanami/code/TSP/data/classic/tsplib/pr152.tsp,polyak,62,polyak,62,59261.212531423553,62305.897963654206,73682
/Users/a/Ayanami/code/TSP/data/classic/tsplib/pr152.tsp,polyak,63,polyak,63,61806.105450245304,62305.897963654206,73682
/Users/a/Ayanami/code/TSP/data/classic/tsplib/pr152.tsp,polyak,64,polyak,64,61436.828900018496,62305.897963654206,73682
/Users/a/Ayanami/code/TSP/data/classic/tsplib/pr152.tsp,polyak,65,polyak,65,61891.915548943733,62305.897963654206,73682
/Users/a/Ayanami/code/TSP/data/classic/tsplib/pr152.tsp,polyak,66,polyak,66,60453.990763861642,62305.897963654206,73682
/Users/a/Ayanami/code/TSP/data/classic/tsplib/pr152.tsp,polyak,67,polyak,67,63031.962072644172,63031.962072644172,73682
/Users/a/Ayanami/code/TSP/data/classic/tsplib/pr152.tsp,polyak,68,polyak,68,63165.117014027863,63165.117014027863,73682
/Users/a/Ayanami/code/TSP/data/classic/tsplib/pr152.tsp,polyak,69,polyak,69,64626.223952159911,64626.223952159911,73682
/Users/a/Ayanami/code/TSP/data/classic/tsplib/pr152.tsp,polyak,70,polyak,70,63176.527861644798,64626.223952159911,73682
/Users/a/Ayanami/code/TSP/data/classic/tsplib/pr152.tsp,polyak,71,polyak,71,64329.107343131749,64626.223952159911,73682
/Users/a/Ayanami/code/TSP/data/classic/tsplib/pr152.tsp,polyak,72,polyak,72,63687.588813735369,64626.223952159911,73682
/Users/a/Ayanami/code/TSP/data/classic/tsplib/pr152.tsp,polyak,73,polyak,73,64550.110598379368,64626.223952159911,73682
/Users/a/Ayanami/code/TSP/data/classic/tsplib/pr152.tsp,polyak,74,polyak,74,64007.579624271471,64626.223952159911,73682
/Users/a/Ayanami/code/TSP/data/classic/tsplib/pr152.tsp,polyak,75,polyak,75,64283.123723229452,64626.223952159911,73682
/Users/a/Ayanami/code/TSP/data/classic/tsplib/pr152.tsp,polyak,76,polyak,76,64254.417197212191,64626.223952159911,73682
/Users/a/Ayanami/code/TSP/data/classic/tsplib/pr152.tsp,polyak,77,polyak,77,63982.522818036647,64626.223952159911,73682
/Users/a/Ayanami/code/TSP/data/classic/tsplib/pr152.tsp,polyak,78,polyak,78,64641.717080080591,64641.717080080591,73682
/Users/a/Ayanami/code/TSP/data/classic/tsplib/pr152.tsp,polyak,79,polyak,79,63507.500039524559,64641.717080080591,73682
/Users/a/Ayanami/code/TSP/data/classic/tsplib/pr152.tsp,polyak,80,polyak,80,64451.717721091496,64641.717080080591,73682
/Users/a/Ayanami/code/TSP/data/classic/tsplib/pr152.tsp,polyak,81,polyak,81,64148.443405980426,64641.717080080591,73682
/Users/a/Ayanami/code/TSP/data/classic/tsplib/pr152.tsp,polyak,82,polyak,82,64368.291949401915,64641.717080080591,73682
/Users/a/Ayanami/code/TSP/data/classic/tsplib/pr152.tsp,polyak,83,polyak,83,64924.913866378571,64924.913866378571,73682
/Users/a/Ayanami/code/TSP/data/classic/tsplib/pr152.tsp,polyak,84,polyak,84,63923.337735288442,64924.913866378571,73682
/Users/a/Ayanami/code/TSP/data/classic/tsplib/pr152.tsp,polyak,85,polyak,85,64303.074765465346,64924.913866378571,73682
/Users/a/Ayanami/code/TSP/data/classic/tsplib/pr152.tsp,polyak,86,polyak,86,64395.859430749377,64924.913866378571,73682
/Users/a/Ayanami/code/TSP/data/classic/tsplib/pr152.tsp,polyak,87,polyak,87,64281.243478953416,64924.913866378571,73682
/Users/a/Ayanami/code/TSP/data/classic/tsplib/pr152.tsp,polyak,88,polyak,88,64071.162751751785,64924.913866378571,73682
/Users/a/Ayanami/code/TSP/data/classic/tsplib/pr152.tsp,polyak,89,polyak,89,64862.606868600415,64924.913866378571,73682
/Users/a/Ayanami/code/TSP/data/classic/tsplib/pr152.tsp,polyak,90,polyak,90,64659.055628584276,64924.913866378571,73682
/Users/a/Ayanami/code/TSP/data/classic/tsplib/pr152.tsp,polyak,91,polyak,91,64220.619524355512,64924.913866378571,73682
/Users/a/Ayanami/code/TSP/data/classic/tsplib/pr152.tsp,polyak,92,polyak,92,64823.990409925762,64924.913866378571,73682
/Users/a/Ayanami/code/TSP/data/classic/tsplib/pr152.tsp,polyak,93,polyak,93,64076.196289481391,64924.913866378571,73682
/Users/a/Ayanami/code/TSP/data/classic/tsplib/pr152.tsp,polyak,94,polyak,94,64664.983360491882,64924.913866378571,73682
/Users/a/Ayanami/code/TSP/data/classic/tsplib/pr152.tsp,polyak,95,polyak,95,63681.930277338732,64924.913866378571,73682
/Users/a/Ayanami/code/TSP/data/classic/tsplib/pr152.tsp,polyak,96,polyak,96,65043.433331400716,65043.433331400716,73682
/Users/a/Ayanami/code/TSP/data/classic/tsplib/pr152.tsp,polyak,97,polyak,97,65813.848535219935,65813.848535219935,73682
/Users/a/Ayanami/code/TSP/data/classic/tsplib/pr152.tsp,polyak,98,polyak,98,65607.118574823937,65813.848535219935,73682
/Users/a/Ayanami/code/TSP/data/classic/tsplib/pr152.tsp,polyak,99,polyak,99,65503.126334664899,65813.848535219935,73682
/Users/a/Ayanami/code/TSP/data/classic/tsplib/pr152.tsp,polyak,100,polyak,100,65512.576435485913,65813.848535219935,73682
/Users/a/Ayanami/code/TSP/data/classic/tsplib/pr152.tsp,polyak,101,polyak,101,65593.920583517844,65813.848535219935,73682
/Users/a/Ayanami/code/TSP/data/classic/tsplib/pr152.tsp,polyak,102,polyak,102,65443.375616909048,65813.848535219935,73682
/Users/a/Ayanami/code/TSP/data/classic/tsplib/pr152.tsp,polyak,103,polyak,103,65718.851094267389,65813.848535219935,73682
/Users/a/Ayanami/code/TSP/data/classic/tsplib/pr152.tsp,polyak,104,polyak,104,65956.622389068041,65956.622389068041,73682
/Users/a/Ayanami/code/TSP/data/classic/tsplib/pr152.tsp,polyak,105,polyak,105,64950.338930709884,65956.622389068041,73682
/Users/a/Ayanami/code/TSP/data/classic/tsplib/pr152.tsp,polyak,106,polyak,106,65835.769324376466,65956.622389068041,73682
/Users/a/Ayanami/code/TSP/data/classic/tsplib/pr152.tsp,polyak,107,polyak,107,65298.25031793426,65956.622389068041,73682
/Users/a/Ayanami/code/TSP/data/classic/tsplib/pr152.tsp,polyak,108,polyak,108,65679.019116177384,65956.622389068041,73682
/Users/a/Ayanami/code/TSP/data/classic/tsplib/pr152.tsp,polyak,109,polyak,109,65964.779038849418,65964.779038849418,73682
/Users/a/Ayanami/code/TSP/data/classic/tsplib/pr152.tsp,polyak,110,polyak,110,65382.46606727699,65964.779038849418,73682
/Users/a/Ayanami/code/TSP/data/classic/tsplib/pr152.tsp,polyak,111,polyak,111,66011.36787891775,66011.36787891775,73682
/Users/a/Ayanami/code/TSP/data/classic/tsplib/pr152.tsp,polyak,112,polyak,112,65320.949415098214,66011.36787891775,73682
/Users/a/Ayanami/code/TSP/data/classic/tsplib/pr152.tsp,polyak,113,polyak,113,65878.824592809106,66011.36787891775,73682
/Users/a/Ayanami/code/TSP/data/classic/tsplib/pr152.tsp,polyak,114,polyak,114,65632.447961798171,66011.36787891775,73682
/Users/a/Ayanami/code/TSP/data/classic/tsplib/pr152.tsp,polyak,115,polyak,115,65848.143096535146,66011.36787891775,73682
/Users/a/Ayanami/code/TSP/data/classic/tsplib/pr152.tsp,polyak,116,polyak,116,65812.973360023156,66011.36787891775,73682
/Users/a/Ayanami/code/TSP/data/classic/tsplib/pr152.tsp,polyak,117,polyak,117,65922.983770485866,66011.36787891775,73682
/Users/a/Ayanami/code/TSP/data/classic/tsplib/pr152.tsp,polyak,118,polyak,118,65866.989904989838,66011.36787891775,73682
/Users/a/Ayanami/code/TSP/data/classic/tsplib/pr152.tsp,polyak,119,polyak,119,65652.652154580312,66011.36787891775,73682
/Users/a/Ayanami/code/TSP/data/classic/tsplib/pr152.tsp,polyak,120,polyak,120,65694.526017701472,66011.36787891775,73682
/Users/a/Ayanami/code/TSP/data/classic/tsplib/pr152.tsp,polyak,121,polyak,121,66189.348253621938,66189.348253621938,73682
/Users/a/Ayanami/code/TSP/data/classic/tsplib/pr152.tsp,polyak,122,polyak,122,64908.76134536598,66189.348253621938,73682
/Users/a/Ayanami/code/TSP/data/classic/tsplib/pr152.tsp,polyak,123,polyak,123,65823.256277723427,66189.348253621938,73682
/Users/a/Ayanami/code/TSP/data/classic/tsplib/pr152.tsp,polyak,124,polyak,124,65735.020118189103,66189.348253621938,73682
/Users/a/Ayanami/code/TSP/data/classic/tsplib/pr152.tsp,polyak,125,polyak,125,65858.400950357056,66189.348253621938,73682
/Users/a/Ayanami/code/TSP/data/classic/tsplib/pr152.tsp,polyak,126,polyak,126,65790.957394093071,66189.348253621938,73682
/Users/a/Ayanami/code/TSP/data/classic/tsplib/pr152.tsp,polyak,127,polyak,127,65785.304155508216,66189.348253621938,73682
/Users/a/Ayanami/code/TSP/data/classic/tsplib/pr152.tsp,polyak,128,polyak,128,65724.308251262919,66189.348253621938,73682
/Users/a/Ayanami/code/TSP/data/classic/tsplib/pr152.tsp,polyak,129,polyak,129,65935.924886434412,66189.348253621938,73682
/Users/a/Ayanami/code/TSP/data/classic/tsplib/pr152.tsp,polyak,130,polyak,130,65995.963127117371,66189.348253621938,73682
/Users/a/Ayanami/code/TSP/data/classic/tsplib/pr152.tsp,polyak,131,polyak,131,65401.81774463183,66189.348253621938,73682
/Users/a/Ayanami/code/TSP/data/classic/tsplib/pr152.tsp,polyak,132,polyak,132,65902.313969234412,66189.348253621938,73682
/Users/a/Ayanami/code/TSP/data/classic/tsplib/pr152.tsp,polyak,133,polyak,133,66189.126405048562,66189.348253621938,73682
/Users/a/Ayanami/code/TSP/data/classic/tsplib/pr152.tsp,polyak,134,polyak,134,65864.982117310763,66189.348253621938,73682
/Users/a/Ayanami/code/TSP/data/classic/tsplib/pr152.tsp,polyak,135,polyak,135,66141.264083214934,66189.348253621938,73682
/Users/a/Ayanami/code/TSP/data/classic/tsplib/pr152.tsp,polyak,136,polyak,136,66212.394734607122,66212.394734607122,73682
/Users/a/Ayanami/code/TSP/data/classic/tsplib/pr152.tsp,polyak,137,polyak,137,66196.350148803205,66212.394734607122,73682
/Users/a/Ayanami/code/TSP/data/classic/tsplib/pr152.tsp,polyak,138,polyak,138,66166.464893591561,66212.394734607122,73682
/Users/a/Ayanami/code/TSP/data/classic/tsplib/pr152.tsp,polyak,139,polyak,139,66459.051577880949,66459.051577880949,73682
/Users/a/Ayanami/code/TSP/data/classic/tsplib/pr152.tsp,polyak,140,polyak,140,66014.774504552799,66459.051577880949,73682
/Users/a/Ayanami/code/TSP/data/classic/tsplib/pr152.tsp,polyak,141,polyak,141,66401.856057073805,66459.051577880949,73682
/Users/a/Ayanami/code/TSP/data/classic/tsplib/pr152.tsp,polyak,142,polyak,142,66502.160696908526,66502.160696908526,73682
/Users/a/Ayanami/code/TSP/data/classic/tsplib/pr152.tsp,polyak,143,polyak,143,66052.739095682991,66502.160696908526,73682
/Users/a/Ayanami/code/TSP/data/classic/tsplib/pr152.tsp,polyak,144,polyak,144,66421.42256881381,66502.160696908526,73682
/Users/a/Ayanami/code/TSP/data/classic/tsplib/pr152.tsp,polyak,145,polyak,145,66153.041629224172,66502.160696908526,73682
/Users/a/Ayanami/code/TSP/data/classic/tsplib/pr152.tsp,polyak,146,polyak,146,66469.291279945959,66502.160696908526,73682
/Users/a/Ayanami/code/TSP/data/classic/tsplib/pr152.tsp,polyak,147,polyak,147,66066.391591526903,66502.160696908526,73682
/Users/a/Ayanami/code/TSP/data/classic/tsplib/pr152.tsp,polyak,148,polyak,148,66370.819168069997,66502.160696908526,73682
/Users/a/Ayanami/code/TSP/data/classic/tsplib/pr152.tsp,polyak,149,polyak,149,66489.076926516005,66502.160696908526,73682
/Users/a/Ayanami/code/TSP/data/classic/tsplib/pr152.tsp,polyak,150,polyak,150,66413.920378417766,66502.160696908526,73682
/Users/a/Ayanami/code/TSP/data/classic/tsplib/pr152.tsp,polyak,151,polyak,151,66333.369385807382,66502.160696908526,73682
/Users/a/Ayanami/code/TSP/data/classic/tsplib/pr152.tsp,polyak,152,polyak,152,66412.135308153345,66502.160696908526,73682
/Users/a/Ayanami/code/TSP/data/classic/tsplib/pr152.tsp,polyak,153,polyak,153,66502.575426028154,66502.575426028154,73682
/Users/a/Ayanami/code/TSP/data/classic/tsplib/pr152.tsp,polyak,154,polyak,154,66136.360640095401,66502.575426028154,73682
/Users/a/Ayanami/code/TSP/data/classic/tsplib/pr152.tsp,polyak,155,polyak,155,66479.409768090627,66502.575426028154,73682
/Users/a/Ayanami/code/TSP/data/classic/tsplib/pr152.tsp,polyak,156,polyak,156,66381.988139967114,66502.575426028154,73682
/Users/a/Ayanami/code/TSP/data/classic/tsplib/pr152.tsp,polyak,157,polyak,157,66521.884962457945,66521.884962457945,73682
/Users/a/Ayanami/code/TSP/data/classic/tsplib/pr152.tsp,polyak,158,polyak,158,66436.835321770763,66521.884962457945,73682
/Users/a/Ayanami/code/TSP/data/classic/tsplib/pr152.tsp,polyak,159,polyak,159,66321.002186017125,66521.884962457945,73682
/Users/a/Ayanami/code/TSP/data/classic/tsplib/pr152.tsp,polyak,160,polyak,160,66512.66353457392,66521.884962457945,73682
/Users/a/Ayanami/code/TSP/data/classic/tsplib/pr152.tsp,polyak,161,polyak,161,66291.051633046314,66521.884962457945,73682
/Users/a/Ayanami/code/TSP/data/classic/tsplib/pr152.tsp,polyak,162,polyak,162,66510.311255115565,66521.884962457945,73682
/Users/a/Ayanami/code/TSP/data/classic/tsplib/pr152.tsp,polyak,163,polyak,163,66461.463430828386,66521.884962457945,73682
/Users/a/Ayanami/code/TSP/data/classic/tsplib/pr152.tsp,polyak,164,polyak,164,66345.450281101381,66521.884962457945,73682
/Users/a/Ayanami/code/TSP/data/classic/tsplib/pr152.tsp,polyak,165,polyak,165,66571.998448620856,66571.998448620856,73682
/Users/a/Ayanami/code/TSP/data/classic/tsplib/pr152.tsp,polyak,166,polyak,166,66399.057512129482,66571.998448620856,73682
/Users/a/Ayanami/code/TSP/data/classic/tsplib/pr152.tsp,polyak,167,polyak,167,66548.370434156081,66571.998448620856,73682
/Users/a/Ayanami/code/TSP/data/classic/tsplib/pr152.tsp,polyak,168,polyak,168,66163.495314654545,66571.998448620856,73682
/Users/a/Ayanami/code/TSP/data/classic/tsplib/pr152.tsp,polyak,169,polyak,169,66614.487194195695,66614.487194195695,73682
/Users/a/Ayanami/code/TSP/data/classic/tsplib/pr152.tsp,polyak,170,polyak,170,66309.487728061096,66614.487194195695,73682
/Users/a/Ayanami/code/TSP/data/classic/tsplib/pr152.tsp,polyak,171,polyak,171,66667.85627520761,66667.85627520761,73682
/Users/a/Ayanami/code/TSP/data/classic/tsplib/pr152.tsp,polyak,172,polyak,172,66335.219972561172,66667.85627520761,73682
/Users/a/Ayanami/code/TSP/data/classic/tsplib/pr152.tsp,polyak,173,polyak,173,66569.876986591669,66667.85627520761,73682
/Users/a/Ayanami/code/TSP/data/classic/tsplib/pr152.tsp,polyak,174,polyak,174,66451.696561205521,66667.85627520761,73682
/Users/a/Ayanami/code/TSP/data/classic/tsplib/pr152.tsp,polyak,175,polyak,175,66385.213337935042,66667.85627520761,73682
/Users/a/Ayanami/code/TSP/data/classic/tsplib/pr152.tsp,polyak,176,polyak,176,66596.436402244828,66667.85627520761,73682
/Users/a/Ayanami/code/TSP/data/classic/tsplib/pr152.tsp,polyak,177,polyak,177,66398.747653577142,66667.85627520761,73682
/Users/a/Ayanami/code/TSP/data/classic/tsplib/pr152.tsp,polyak,178,polyak,178,66472.17676867047,66667.85627520761,73682
/Users/a/Ayanami/code/TSP/data/classic/tsplib/pr152.tsp,polyak,179,polyak,179,66686.17331992324,66686.17331992324,73682
/Users/a/Ayanami/code/TSP/data/classic/tsplib/pr152.tsp,polyak,180,polyak,180,66112.110746336504,66686.17331992324,73682
/Users/a/Ayanami/code/TSP/data/classic/tsplib/pr152.tsp,polyak,181,polyak,181,66556.282011917196,66686.17331992324,73682
/Users/a/Ayanami/code/TSP/data/classic/tsplib/pr152.tsp,polyak,182,polyak,182,66534.314376660375,66686.17331992324,73682
/Users/a/Ayanami/code/TSP/data/classic/tsplib/pr152.tsp,polyak,183,polyak,183,66556.017282869434,66686.17331992324,73682
/Users/a/Ayanami/code/TSP/data/classic/tsplib/pr152.tsp,polyak,184,polyak,184,66269.021594099075,66686.17331992324,73682
/Users/a/Ayanami/code/TSP/data/classic/tsplib/pr152.tsp,polyak,185,polyak,185,66703.111535698888,66703.111535698888,73682
/Users/a/Ayanami/code/TSP/data/classic/tsplib/pr152.tsp,polyak,186,polyak,186,66139.767762073665,66703.111535698888,73682
/Users/a/Ayanami/code/TSP/data/classic/tsplib/pr152.tsp,polyak,187,polyak,187,66665.962169021615,66703.111535698888,73682
/Users/a/Ayanami/code/TSP/data/classic/tsplib/pr152.tsp,polyak,188,polyak,188,66479.705448891938,66703.111535698888,73682
/Users/a/Ayanami/code/TSP/data/classic/tsplib/pr152.tsp,polyak,189,polyak,189,66601.261975846297,66703.111535698888,73682
/Users/a/Ayanami/code/TSP/data/classic/tsplib/pr152.tsp,polyak,190,polyak,190,66552.171931288263,66703.111535698888,73682
/Users/a/Ayanami/code/TSP/data/classic/tsplib/pr152.tsp,polyak,191,polyak,191,66671.550883375443,66703.111535698888,73682
/Users/a/Ayanami/code/TSP/data/classic/tsplib/pr152.tsp,polyak,192,polyak,192,66430.992467277218,66703.111535698888,73682
/Users/a/Ayanami/code/TSP/data/classic/tsplib/pr152.tsp,polyak,193,polyak,193,66622.140283623987,66703.111535698888,73682
/Users/a/Ayanami/code/TSP/data/classic/tsplib/pr152.tsp,polyak,194,polyak,194,66810.090604094512,66810.090604094512,73682
/Users/a/Ayanami/code/TSP/data/classic/tsplib/pr152.tsp,polyak,195,polyak,195,66092.935079416449,66810.090604094512,73682
/Users/a/Ayanami/code/TSP/data/classic/tsplib/pr152.tsp,polyak,196,polyak,196,66658.290646088426,66810.090604094512,73682
/Users/a/Ayanami/code/TSP/data/classic/tsplib/pr152.tsp,polyak,197,polyak,197,66512.684396197437,66810.090604094512,73682
/Users/a/Ayanami/code/TSP/data/classic/tsplib/pr152.tsp,polyak,198,polyak,198,66808.04187216358,66810.090604094512,73682
/Users/a/Ayanami/code/TSP/data/classic/tsplib/pr152.tsp,polyak,199,polyak,199,66546.255693636325,66810.090604094512,73682
/Users/a/Ayanami/code/TSP/data/classic/tsplib/pr152.tsp,polyak,200,polyak,200,66498.767645559579,66810.090604094512,73682
/Users/a/Ayanami/code/TSP/data/classic/tsplib/pr152.tsp,polyak,201,polyak,201,66574.237333579833,66810.090604094512,73682
/Users/a/Ayanami/code/TSP/data/classic/tsplib/pr152.tsp,polyak,202,polyak,202,66839.43284477698,66839.43284477698,73682
/Users/a/Ayanami/code/TSP/data/classic/tsplib/pr152.tsp,polyak,203,polyak,203,66252.442127867151,66839.43284477698,73682
/Users/a/Ayanami/code/TSP/data/classic/tsplib/pr152.tsp,polyak,204,polyak,204,66729.54255586004,66839.43284477698,73682
/Users/a/Ayanami/code/TSP/data/classic/tsplib/pr152.tsp,polyak,205,polyak,205,66413.210386438193,66839.43284477698,73682
/Users/a/Ayanami/code/TSP/data/classic/tsplib/pr152.tsp,polyak,206,polyak,206,66762.911305900474,66839.43284477698,73682
/Users/a/Ayanami/code/TSP/data/classic/tsplib/pr152.tsp,polyak,207,polyak,207,66397.050431228054,66839.43284477698,73682
/Users/a/Ayanami/code/TSP/data/classic/tsplib/pr152.tsp,polyak,208,polyak,208,66743.260998815182,66839.43284477698,73682
/Users/a/Ayanami/code/TSP/data/classic/tsplib/pr152.tsp,polyak,209,polyak,209,66366.934234654618,66839.43284477698,73682
/Users/a/Ayanami/code/TSP/data/classic/tsplib/pr152.tsp,polyak,210,polyak,210,66727.914785968489,66839.43284477698,73682
/Users/a/Ayanami/code/TSP/data/classic/tsplib/pr152.tsp,polyak,211,polyak,211,66456.596719272246,66839.43284477698,73682
/Users/a/Ayanami/code/TSP/data/classic/tsplib/pr152.tsp,polyak,212,polyak,212,66754.007411327257,66839.43284477698,73682
/Users/a/Ayanami/code/TSP/data/classic/tsplib/pr152.tsp,polyak,213,polyak,213,66450.221016322364,66839.43284477698,73682
/Users/a/Ayanami/code/TSP/data/classic/tsplib/pr152.tsp,polyak,214,polyak,214,66788.276667917351,66839.43284477698,73682
/Users/a/Ayanami/code/TSP/data/classic/tsplib/pr152.tsp,polyak,215,polyak,215,66575.723460830835,66839.43284477698,73682
/Users/a/Ayanami/code/TSP/data/classic/tsplib/pr152.tsp,polyak,216,polyak,216,66832.955677412188,66839.43284477698,73682
/Users/a/Ayanami/code/TSP/data/classic/tsplib/pr152.tsp,polyak,217,polyak,217,66731.113951639287,66839.43284477698,73682
/Users/a/Ayanami/code/TSP/data/classic/tsplib/pr152.tsp,polyak,218,polyak,218,66915.948603478813,66915.948603478813,73682
/Users/a/Ayanami/code/TSP/data/classic/tsplib/pr152.tsp,polyak,219,polyak,219,66680.977366986757,66915.948603478813,73682
/Users/a/Ayanami/code/TSP/data/classic/tsplib/pr152.tsp,polyak,220,polyak,220,66880.074771998043,66915.948603478813,73682
/Users/a/Ayanami/code/TSP/data/classic/tsplib/pr152.tsp,polyak,221,polyak,221,66950.35353008224,66950.35353008224,73682
/Users/a/Ayanami/code/TSP/data/classic/tsplib/pr152.tsp,polyak,222,polyak,222,66883.450321462369,66950.35353008224,73682
/Users/a/Ayanami/code/TSP/data/classic/tsplib/pr152.tsp,polyak,223,polyak,223,66934.705586686061,66950.35353008224,73682
/Users/a/Ayanami/code/TSP/data/classic/tsplib/pr152.tsp,polyak,224,polyak,224,66978.054108657438,66978.054108657438,73682
/Users/a/Ayanami/code/TSP/data/classic/tsplib/pr152.tsp,polyak,225,polyak,225,66635.790135780568,66978.054108657438,73682
/Users/a/Ayanami/code/TSP/data/classic/tsplib/pr152.tsp,polyak,226,polyak,226,66921.235991631678,66978.054108657438,73682
/Users/a/Ayanami/code/TSP/data/classic/tsplib/pr152.tsp,polyak,227,polyak,227,66916.404806968872,66978.054108657438,73682
/Users/a/Ayanami/code/TSP/data/classic/tsplib/pr152.tsp,polyak,228,polyak,228,66869.457549241837,66978.054108657438,73682
/Users/a/Ayanami/code/TSP/data/classic/tsplib/pr152.tsp,polyak,229,polyak,229,66981.218178017691,66981.218178017691,73682
/Users/a/Ayanami/code/TSP/data/classic/tsplib/pr152.tsp,polyak,230,polyak,230,66741.855671701633,66981.218178017691,73682
/Users/a/Ayanami/code/TSP/data/classic/tsplib/pr152.tsp,polyak,231,polyak,231,66971.79046349923,66981.218178017691,73682
/Users/a/Ayanami/code/TSP/data/classic/tsplib/pr152.tsp,polyak,232,polyak,232,66853.683261243466,66981.218178017691,73682
/Users/a/Ayanami/code/TSP/data/classic/tsplib/pr152.tsp,polyak,233,polyak,233,67023.449599372703,67023.449599372703,73682
/Users/a/Ayanami/code/TSP/data/classic/tsplib/pr152.tsp,polyak,234,polyak,234,66811.740032212925,67023.449599372703,73682
/Users/a/Ayanami/code/TSP/data/classic/tsplib/pr152.tsp,polyak,235,polyak,235,66988.020156037644,67023.449599372703,73682
/Users/a/Ayanami/code/TSP/data/classic/tsplib/pr152.tsp,polyak,236,polyak,236,66873.21640916144,67023.449599372703,73682
/Users/a/Ayanami/code/TSP/data/classic/tsplib/pr152.tsp,polyak,237,polyak,237,66999.493234861176,67023.449599372703,73682
/Users/a/Ayanami/code/TSP/data/classic/tsplib/pr152.tsp,polyak,238,polyak,238,66910.029081384753,67023.449599372703,73682
/Users/a/Ayanami/code/TSP/data/classic/tsplib/pr152.tsp,polyak,239,polyak,239,66966.971211702024,67023.449599372703,73682
/Users/a/Ayanami/code/TSP/data/classic/tsplib/pr152.tsp,polyak,240,polyak,240,66956.806359779817,67023.449599372703,73682
/Users/a/Ayanami/code/TSP/data/classic/tsplib/pr152.tsp,polyak,241,polyak,241,66877.999607557824,67023.449599372703,73682
/Users/a/Ayanami/code/TSP/data/classic/tsplib/pr152.tsp,polyak,242,polyak,242,66993.031370993223,67023.449599372703,73682
/Users/a/Ayanami/code/TSP/data/classic/tsplib/pr152.tsp,polyak,243,polyak,243,66873.404602735944,67023.449599372703,73682
/Users/a/Ayanami/code/TSP/data/classic/tsplib/pr152.tsp,polyak,244,polyak,244,66973.315293860214,67023.449599372703,73682
/Users/a/Ayanami/code/TSP/data/classic/tsplib/pr152.tsp,polyak,245,polyak,245,66947.636517903942,67023.449599372703,73682
/Users/a/Ayanami/code/TSP/data/classic/tsplib/pr152.tsp,polyak,246,polyak,246,66921.011604263185,67023.449599372703,73682
/Users/a/Ayanami/code/TSP/data/classic/tsplib/pr152.tsp,polyak,247,polyak,247,67064.070184456476,67064.070184456476,73682
/Users/a/Ayanami/code/TSP/data/classic/tsplib/pr152.tsp,polyak,248,polyak,248,67048.527810485364,67064.070184456476,73682
/Users/a/Ayanami/code/TSP/data/classic/tsplib/pr152.tsp,polyak,249,polyak,249,67033.093566891373,67064.070184456476,73682
/Users/a/Ayanami/code/TSP/data/classic/tsplib/pr152.tsp,polyak,250,polyak,250,67041.606217528781,67064.070184456476,73682
/Users/a/Ayanami/code/TSP/data/classic/tsplib/pr152.tsp,polyak,251,polyak,251,67090.829150877384,67090.829150877384,73682
/Users/a/Ayanami/code/TSP/data/classic/tsplib/pr152.tsp,polyak,252,polyak,252,67065.958817768304,67090.829150877384,73682
/Users/a/Ayanami/code/TSP/data/classic/tsplib/pr152.tsp,polyak,253,polyak,253,67041.904024671268,67090.829150877384,73682
/Users/a/Ayanami/code/TSP/data/classic/tsplib/pr152.tsp,polyak,254,polyak,254,67087.035793391333,67090.829150877384,73682
/Users/a/Ayanami/code/TSP/data/classic/tsplib/pr152.tsp,polyak,255,polyak,255,67041.04022348806,67090.829150877384,73682
/Users/a/Ayanami/code/TSP/data/classic/tsplib/pr152.tsp,polyak,256,polyak,256,67084.997914801177,67090.829150877384,73682
/Users/a/Ayanami/code/TSP/data/classic/tsplib/pr152.tsp,polyak,257,polyak,257,67038.85569234725,67090.829150877384,73682
/Users/a/Ayanami/code/TSP/data/classic/tsplib/pr152.tsp,polyak,258,polyak,258,67104.298915331266,67104.298915331266,73682
/Users/a/Ayanami/code/TSP/data/classic/tsplib/pr152.tsp,polyak,259,polyak,259,67037.36934884802,67104.298915331266,73682
/Users/a/Ayanami/code/TSP/data/classic/tsplib/pr152.tsp,polyak,260,polyak,260,67116.007183539856,67116.007183539856,73682
/Users/a/Ayanami/code/TSP/data/classic/tsplib/pr152.tsp,polyak,261,polyak,261,67050.817044998446,67116.007183539856,73682
/Users/a/Ayanami/code/TSP/data/classic/tsplib/pr152.tsp,polyak,262,polyak,262,67092.604264822832,67116.007183539856,73682
/Users/a/Ayanami/code/TSP/data/classic/tsplib/pr152.tsp,polyak,263,polyak,263,67044.347959825565,67116.007183539856,73682
/Users/a/Ayanami/code/TSP/data/classic/tsplib/pr152.tsp,polyak,264,polyak,264,67101.450613982161,67116.007183539856,73682
/Users/a/Ayanami/code/TSP/data/classic/tsplib/pr152.tsp,polyak,265,polyak,265,67094.194355848347,67116.007183539856,73682
/Users/a/Ayanami/code/TSP/data/classic/tsplib/pr152.tsp,polyak,266,polyak,266,67047.56217825778,67116.007183539856,73682
/Users/a/Ayanami/code/TSP/data/classic/tsplib/pr152.tsp,polyak,267,polyak,267,67093.059383402127,67116.007183539856,73682
/Users/a/Ayanami/code/TSP/data/classic/tsplib/pr152.tsp,polyak,268,polyak,268,67123.281851554406,67123.281851554406,73682
/Users/a/Ayanami/code/TSP/data/classic/tsplib/pr152.tsp,polyak,269,polyak,269,67049.580311349695,67123.281851554406,73682
/Users/a/Ayanami/code/TSP/data/classic/tsplib/pr152.tsp,polyak,270,polyak,270,67109.978708197246,67123.281851554406,73682
/Users/a/Ayanami/code/TSP/data/classic/tsplib/pr152.tsp,polyak,271,polyak,271,67058.764433520933,67123.281851554406,73682
/Users/a/Ayanami/code/TSP/data/classic/tsplib/pr152.tsp,polyak,272,polyak,272,67135.783144557368,67135.783144557368,73682
/Users/a/Ayanami/code/TSP/data/classic/tsplib/pr152.tsp,polyak,273,polyak,273,67007.462009837851,67135.783144557368,73682
/Users/a/Ayanami/code/TSP/data/classic/tsplib/pr152.tsp,polyak,274,polyak,274,67092.165369909955,67135.783144557368,73682
/Users/a/Ayanami/code/TSP/data/classic/tsplib/pr152.tsp,polyak,275,polyak,275,67116.621496483931,67135.783144557368,73682
/Users/a/Ayanami/code/TSP/data/classic/tsplib/pr152.tsp,polyak,276,polyak,276,67088.227911193389,67135.783144557368,73682
/Users/a/Ayanami/code/TSP/data/classic/tsplib/pr152.tsp,polyak,277,polyak,277,67092.24022464281,67135.783144557368,73682
/Users/a/Ayanami/code/TSP/data/classic/tsplib/pr152.tsp,polyak,278,polyak,278,67081.702234361699,67135.783144557368,73682
/Users/a/Ayanami/code/TSP/data/classic/tsplib/pr152.tsp,polyak,279,polyak,279,67143.283116253486,67143.283116253486,73682
/Users/a/Ayanami/code/TSP/data/classic/tsplib/pr152.tsp,polyak,280,polyak,280,67060.510105649402,67143.283116253486,73682
/Users/a/Ayanami/code/TSP/data/classic/tsplib/pr152.tsp,polyak,281,polyak,281,67112.843583365655,67143.283116253486,73682
/Users/a/Ayanami/code/TSP/data/classic/tsplib/pr152.tsp,polyak,282,polyak,282,67091.454541431594,67143.283116253486,73682
/Users/a/Ayanami/code/TSP/data/classic/tsplib/pr152.tsp,polyak,283,polyak,283,67119.604226357013,67143.283116253486,73682
/Users/a/Ayanami/code/TSP/data/classic/tsplib/pr152.tsp,polyak,284,polyak,284,67125.286710396962,67143.283116253486,73682
/Users/a/Ayanami/code/TSP/data/classic/tsplib/pr152.tsp,polyak,285,polyak,285,67050.786599315805,67143.283116253486,73682
/Users/a/Ayanami/code/TSP/data/classic/tsplib/pr152.tsp,polyak,286,polyak,286,67143.985171177002,67143.985171177002,73682
/Users/a/Ayanami/code/TSP/data/classic/tsplib/pr152.tsp,polyak,287,polyak,287,67043.410233091141,67143.985171177002,73682
/Users/a/Ayanami/code/TSP/data/classic/tsplib/pr152.tsp,polyak,288,polyak,288,67131.276166901182,67143.985171177002,73682
/Users/a/Ayanami/code/TSP/data/classic/tsplib/pr152.tsp,polyak,289,polyak,289,67119.529254428533,67143.985171177002,73682
/Users/a/Ayanami/code/TSP/data/classic/tsplib/pr152.tsp,polyak,290,polyak,290,67069.005326865939,67143.985171177002,73682
/Users/a/Ayanami/code/TSP/data/classic/tsplib/pr152.tsp,polyak,291,polyak,291,67153.897793506534,67153.897793506534,73682
/Users/a/Ayanami/code/TSP/data/classic/tsplib/pr152.tsp,polyak,292,polyak,292,66992.843955619464,67153.897793506534,73682
/Users/a/Ayanami/code/TSP/data/classic/tsplib/pr152.tsp,polyak,293,polyak,293,67101.086354174477,67153.897793506534,73682
/Users/a/Ayanami/code/TSP/data/classic/tsplib/pr152.tsp,polyak,294,polyak,294,67118.452459889813,67153.897793506534,73682
/Users/a/Ayanami/code/TSP/data/classic/tsplib/pr152.tsp,polyak,295,polyak,295,67123.699769408006,67153.897793506534,73682
/Users/a/Ayanami/code/TSP/data/classic/tsplib/pr152.tsp,polyak,296,polyak,296,67091.042560434216,67153.897793506534,73682
/Users/a/Ayanami/code/TSP/data/classic/tsplib/pr152.tsp,polyak,297,polyak,297,67137.240498508007,67153.897793506534,73682
/Users/a/Ayanami/code/TSP/data/classic/tsplib/pr152.tsp,polyak,298,polyak,298,67139.401381252945,67153.897793506534,73682
/Users/a/Ayanami/code/TSP/data/classic/tsplib/pr152.tsp,polyak,299,polyak,299,67057.875907009075,67153.897793506534,73682
/Users/a/Ayanami/code/TSP/data/classic/tsplib/pr152.tsp,polyak,300,polyak,300,67164.28544773403,67164.28544773403,73682
/Users/a/Ayanami/code/TSP/data/classic/tsplib/pr152.tsp,polyak,301,polyak,301,67067.372143928922,67164.28544773403,73682
/Users/a/Ayanami/code/TSP/data/classic/tsplib/pr152.tsp,polyak,302,polyak,302,67158.887816912087,67164.28544773403,73682
/Users/a/Ayanami/code/TSP/data/classic/tsplib/pr152.tsp,polyak,303,polyak,303,67146.757718246226,67164.28544773403,73682
/Users/a/Ayanami/code/TSP/data/classic/tsplib/pr152.tsp,polyak,304,polyak,304,67160.144208390353,67164.28544773403,73682
/Users/a/Ayanami/code/TSP/data/classic/tsplib/pr152.tsp,polyak,305,polyak,305,67082.868678846542,67164.28544773403,73682
/Users/a/Ayanami/code/TSP/data/classic/tsplib/pr152.tsp,polyak,306,polyak,306,67153.55115281856,67164.28544773403,73682
/Users/a/Ayanami/code/TSP/data/classic/tsplib/pr152.tsp,polyak,307,polyak,307,67095.063618072949,67164.28544773403,73682
/Users/a/Ayanami/code/TSP/data/classic/tsplib/pr152.tsp,polyak,308,polyak,308,67157.02378956,67164.28544773403,73682
/Users/a/Ayanami/code/TSP/data/classic/tsplib/pr152.tsp,polyak,309,polyak,309,67163.718698066485,67164.28544773403,73682
/Users/a/Ayanami/code/TSP/data/classic/tsplib/pr152.tsp,polyak,310,polyak,310,67052.237760917415,67164.28544773403,73682
/Users/a/Ayanami/code/TSP/data/classic/tsplib/pr152.tsp,polyak,311,polyak,311,67149.530091348337,67164.28544773403,73682
/Users/a/Ayanami/code/TSP/data/classic/tsplib/pr152.tsp,polyak,312,polyak,312,67119.862861591901,67164.28544773403,73682
/Users/a/Ayanami/code/TSP/data/classic/tsplib/pr152.tsp,polyak,313,polyak,313,67110.983094420983,67164.28544773403,73682
/Users/a/Ayanami/code/TSP/data/classic/tsplib/pr152.tsp,polyak,314,polyak,314,67171.949078533726,67171.949078533726,73682
/Users/a/Ayanami/code/TSP/data/classic/tsplib/pr152.tsp,polyak,315,polyak,315,67187.401464434064,67187.401464434064,73682
/Users/a/Ayanami/code/TSP/data/classic/tsplib/pr152.tsp,polyak,316,polyak,316,67189.190280925483,67189.190280925483,73682
/Users/a/Ayanami/code/TSP/data/classic/tsplib/pr152.tsp,polyak,317,polyak,317,67198.380006204228,67198.380006204228,73682
/Users/a/Ayanami/code/TSP/data/classic/tsplib/pr152.tsp,polyak,318,polyak,318,67201.916702974442,67201.916702974442,73682
/Users/a/Ayanami/code/TSP/data/classic/tsplib/pr152.tsp,polyak,319,polyak,319,67183.341101221289,67201.916702974442,73682
/Users/a/Ayanami/code/TSP/data/classic/tsplib/pr152.tsp,polyak,320,polyak,320,67183.842408549099,67201.916702974442,73682
/Users/a/Ayanami/code/TSP/data/classic/tsplib/pr152.tsp,polyak,321,polyak,321,67207.86683240546,67207.86683240546,73682
/Users/a/Ayanami/code/TSP/data/classic/tsplib/pr152.tsp,polyak,322,polyak,322,67190.910269518979,67207.86683240546,73682
/Users/a/Ayanami/code/TSP/data/classic/tsplib/pr152.tsp,polyak,323,polyak,323,67209.56973311826,67209.56973311826,73682
/Users/a/Ayanami/code/TSP/data/classic/tsplib/pr152.tsp,polyak,324,polyak,324,67169.374304557685,67209.56973311826,73682
/Users/a/Ayanami/code/TSP/data/classic/tsplib/pr152.tsp,polyak,325,polyak,325,67215.533337936387,67215.533337936387,73682
/Users/a/Ayanami/code/TSP/data/classic/tsplib/pr152.tsp,polyak,326,polyak,326,67169.469970172082,67215.533337936387,73682
/Users/a/Ayanami/code/TSP/data/classic/tsplib/pr152.tsp,polyak,327,polyak,327,67212.960257525148,67215.533337936387,73682
/Users/a/Ayanami/code/TSP/data/classic/tsplib/pr152.tsp,polyak,328,polyak,328,67198.199276061598,67215.533337936387,73682
/Users/a/Ayanami/code/TSP/data/classic/tsplib/pr152.tsp,polyak,329,polyak,329,67183.181776513724,67215.533337936387,73682
/Users/a/Ayanami/code/TSP/data/classic/tsplib/pr152.tsp,polyak,330,polyak,330,67210.831993618354,67215.533337936387,73682
/Users/a/Ayanami/code/TSP/data/classic/tsplib/pr152.tsp,polyak,331,polyak,331,67224.289641343843,67224.289641343843,73682
/Users/a/Ayanami/code/TSP/data/classic/tsplib/pr152.tsp,polyak,332,polyak,332,67166.755833844232,67224.289641343843,73682
/Users/a/Ayanami/code/TSP/data/classic/tsplib/pr152.tsp,polyak,333,polyak,333,67219.886629776593,67224.289641343843,73682
/Users/a/Ayanami/code/TSP/data/classic/tsplib/pr152.tsp,polyak,334,polyak,334,67195.86902818692,67224.289641343843,73682
/Users/a/Ayanami/code/TSP/data/classic/tsplib/pr152.tsp,polyak,335,polyak,335,67215.013606433669,67224.289641343843,73682
/Users/a/Ayanami/code/TSP/data/classic/tsplib/pr152.tsp,polyak,336,polyak,336,67176.730833088441,67224.289641343843,73682
/Users/a/Ayanami/code/TSP/data/classic/tsplib/pr152.tsp,polyak,337,polyak,337,67219.597317832435,67224.289641343843,73682
/Users/a/Ayanami/code/TSP/data/classic/tsplib/pr152.tsp,polyak,338,polyak,338,67201.325234172094,67224.289641343843,73682
/Users/a/Ayanami/code/TSP/data/classic/tsplib/pr152.tsp,polyak,339,polyak,339,67210.377978989229,67224.289641343843,73682
/Users/a/Ayanami/code/TSP/data/classic/tsplib/pr152.tsp,polyak,340,polyak,340,67196.552649595207,67224.289641343843,73682
/Users/a/Ayanami/code/TSP/data/classic/tsplib/pr152.tsp,polyak,341,polyak,341,67227.298837322014,67227.298837322014,73682
/Users/a/Ayanami/code/TSP/data/classic/tsplib/pr152.tsp,polyak,342,polyak,342,67175.560629831831,67227.298837322014,73682
/Users/a/Ayanami/code/TSP/data/classic/tsplib/pr152.tsp,polyak,343,polyak,343,67228.337586522743,67228.337586522743,73682
/Users/a/Ayanami/code/TSP/data/classic/tsplib/pr152.tsp,polyak,344,polyak,344,67223.060671524494,67228.337586522743,73682
/Users/a/Ayanami/code/TSP/data/classic/tsplib/pr152.tsp,polyak,345,polyak,345,67189.920206433701,67228.337586522743,73682
/Users/a/Ayanami/code/TSP/data/classic/tsplib/pr152.tsp,polyak,346,polyak,346,67237.625575133308,67237.625575133308,73682
/Users/a/Ayanami/code/TSP/data/classic/tsplib/pr152.tsp,polyak,347,polyak,347,67150.362381262079,67237.625575133308,73682
/Users/a/Ayanami/code/TSP/data/classic/tsplib/pr152.tsp,polyak,348,polyak,348,67195.161400562283,67237.625575133308,73682
/Users/a/Ayanami/code/TSP/data/classic/tsplib/pr152.tsp,polyak,349,polyak,349,67221.015856423663,67237.625575133308,73682
/Users/a/Ayanami/code/TSP/data/classic/tsplib/pr152.tsp,polyak,350,polyak,350,67198.51585591941,67237.625575133308,73682
/Users/a/Ayanami/code/TSP/data/classic/tsplib/pr152.tsp,polyak,351,polyak,351,67215.393079413931,67237.625575133308,73682
/Users/a/Ayanami/code/TSP/data/classic/tsplib/pr152.tsp,polyak,352,polyak,352,67236.306375101907,67237.625575133308,73682
/Users/a/Ayanami/code/TSP/data/classic/tsplib/pr152.tsp,polyak,353,polyak,353,67183.713623438176,67237.625575133308,73682
/Users/a/Ayanami/code/TSP/data/classic/tsplib/pr152.tsp,polyak,354,polyak,354,67226.826958245525,67237.625575133308,73682
/Users/a/Ayanami/code/TSP/data/classic/tsplib/pr152.tsp,polyak,355,polyak,355,67228.031483310668,67237.625575133308,73682
/Users/a/Ayanami/code/TSP/data/classic/tsplib/pr152.tsp,polyak,356,polyak,356,67205.729128867184,67237.625575133308,73682
/Users/a/Ayanami/code/TSP/data/classic/tsplib/pr152.tsp,polyak,357,polyak,357,67222.643575496768,67237.625575133308,73682
/Users/a/Ayanami/code/TSP/data/classic/tsplib/pr152.tsp,polyak,358,polyak,358,67220.302785164939,67237.625575133308,73682
/Users/a/Ayanami/code/TSP/data/classic/tsplib/pr152.tsp,polyak,359,polyak,359,67221.913406952735,67237.625575133308,73682
/Users/a/Ayanami/code/TSP/data/classic/tsplib/pr152.tsp,polyak,360,polyak,360,67248.026689196311,67248.026689196311,73682
/Users/a/Ayanami/code/TSP/data/classic/tsplib/pr152.tsp,polyak,361,polyak,361,67243.966876748309,67248.026689196311,73682
/Users/a/Ayanami/code/TSP/data/classic/tsplib/pr152.tsp,polyak,362,polyak,362,67236.21997659115,67248.026689196311,73682
/Users/a/Ayanami/code/TSP/data/classic/tsplib/pr152.tsp,polyak,363,polyak,363,67254.405944232698,67254.405944232698,73682
/Users/a/Ayanami/code/TSP/data/classic/tsplib/pr152.tsp,polyak,364,polyak,364,67237.289919995426,67254.405944232698,73682
/Users/a/Ayanami/code/TSP/data/classic/tsplib/pr152.tsp,polyak,365,polyak,365,67249.020664360462,67254.405944232698,73682
/Users/a/Ayanami/code/TSP/data/classic/tsplib/pr152.tsp,polyak,366,polyak,366,67234.414059516581,67254.405944232698,73682
/Users/a/Ayanami/code/TSP/data/classic/tsplib/pr152.tsp,polyak,367,polyak,367,67257.942886700795,67257.942886700795,73682
/Users/a/Ayanami/code/TSP/data/classic/tsplib/pr152.tsp,polyak,368,polyak,368,67245.540756634786,67257.942886700795,73682
/Users/a/Ayanami/code/TSP/data/classic/tsplib/pr152.tsp,polyak,369,polyak,369,67254.420311900743,67257.942886700795,73682
/Users/a/Ayanami/code/TSP/data/classic/tsplib/pr152.tsp,polyak,370,polyak,370,67243.625923248663,67257.942886700795,73682
/Users/a/Ayanami/code/TSP/data/classic/tsplib/pr152.tsp,polyak,371,polyak,371,67256.662188802278,67257.942886700795,73682
/Users/a/Ayanami/code/TSP/data/classic/tsplib/pr152.tsp,polyak,372,polyak,372,67242.560355840003,67257.942886700795,73682
/Users/a/Ayanami/code/TSP/data/classic/tsplib/pr152.tsp,polyak,373,polyak,373,67253.720824700416,67257.942886700795,73682
/Users/a/Ayanami/code/TSP/data/classic/tsplib/pr152.tsp,polyak,374,polyak,374,67243.881351477117,67257.942886700795,73682
/Users/a/Ayanami/code/TSP/data/classic/tsplib/pr152.tsp,polyak,375,polyak,375,67257.881492843939,67257.942886700795,73682
/Users/a/Ayanami/code/TSP/data/classic/tsplib/pr152.tsp,polyak,376,polyak,376,67238.174498273438,67257.942886700795,73682
/Users/a/Ayanami/code/TSP/data/classic/tsplib/pr152.tsp,polyak,377,polyak,377,67260.185512687662,67260.185512687662,73682
/Users/a/Ayanami/code/TSP/data/classic/tsplib/pr152.tsp,polyak,378,polyak,378,67245.793716192959,67260.185512687662,73682
/Users/a/Ayanami/code/TSP/data/classic/tsplib/pr152.tsp,polyak,379,polyak,379,67257.515435358422,67260.185512687662,73682
/Users/a/Ayanami/code/TSP/data/classic/tsplib/pr152.tsp,polyak,380,polyak,380,67243.478061505069,67260.185512687662,73682
/Users/a/Ayanami/code/TSP/data/classic/tsplib/pr152.tsp,polyak,381,polyak,381,67247.615268858543,67260.185512687662,73682
/Users/a/Ayanami/code/TSP/data/classic/tsplib/pr152.tsp,polyak,382,polyak,382,67266.100546388843,67266.100546388843,73682
/Users/a/Ayanami/code/TSP/data/classic/tsplib/pr152.tsp,polyak,383,polyak,383,67254.571676712018,67266.100546388843,73682
/Users/a/Ayanami/code/TSP/data/classic/tsplib/pr152.tsp,polyak,384,polyak,384,67250.692291723346,67266.100546388843,73682
/Users/a/Ayanami/code/TSP/data/classic/tsplib/pr152.tsp,polyak,385,polyak,385,67261.206527332673,67266.100546388843,73682
/Users/a/Ayanami/code/TSP/data/classic/tsplib/pr152.tsp,polyak,386,polyak,386,67244.918820431718,67266.100546388843,73682
/Users/a/Ayanami/code/TSP/data/classic/tsplib/pr152.tsp,polyak,387,polyak,387,67264.567410134157,67266.100546388843,73682
/Users/a/Ayanami/code/TSP/data/classic/tsplib/pr152.tsp,polyak,388,polyak,388,67243.878597117102,67266.100546388843,73682
/Users/a/Ayanami/code/TSP/data/classic/tsplib/pr152.tsp,polyak,389,polyak,389,67258.21931863841,67266.100546388843,73682
/Users/a/Ayanami/code/TSP/data/classic/tsplib/pr152.tsp,polyak,390,polyak,390,67259.960395735645,67266.100546388843,73682
/Users/a/Ayanami/code/TSP/data/classic/tsplib/pr152.tsp,polyak,391,polyak,391,67252.142776292341,67266.100546388843,73682
/Users/a/Ayanami/code/TSP/data/classic/tsplib/pr152.tsp,polyak,392,polyak,392,67267.912235723343,67267.912235723343,73682
/Users/a/Ayanami/code/TSP/data/classic/tsplib/pr152.tsp,polyak,393,polyak,393,67247.875174464265,67267.912235723343,73682
/Users/a/Ayanami/code/TSP/data/classic/tsplib/pr152.tsp,polyak,394,polyak,394,67258.240318303026,67267.912235723343,73682
/Users/a/Ayanami/code/TSP/data/classic/tsplib/pr152.tsp,polyak,395,polyak,395,67267.986781760206,67267.986781760206,73682
/Users/a/Ayanami/code/TSP/data/classic/tsplib/pr152.tsp,polyak,396,polyak,396,67254.720561662034,67267.986781760206,73682
/Users/a/Ayanami/code/TSP/data/classic/tsplib/pr152.tsp,polyak,397,polyak,397,67262.44850288509,67267.986781760206,73682
/Users/a/Ayanami/code/TSP/data/classic/tsplib/pr152.tsp,polyak,398,polyak,398,67272.142055290824,67272.142055290824,73682
/Users/a/Ayanami/code/TSP/data/classic/tsplib/pr152.tsp,polyak,399,polyak,399,67250.487854350096,67272.142055290824,73682
/Users/a/Ayanami/code/TSP/data/classic/tsplib/pr152.tsp,polyak,400,polyak,400,67265.321963753449,67272.142055290824,73682
/Users/a/Ayanami/code/TSP/data/classic/tsplib/pr152.tsp,polyak,401,polyak,401,67261.977739957714,67272.142055290824,73682
/Users/a/Ayanami/code/TSP/data/classic/tsplib/pr152.tsp,polyak,402,polyak,402,67273.684852197708,67273.684852197708,73682
/Users/a/Ayanami/code/TSP/data/classic/tsplib/pr152.tsp,polyak,403,polyak,403,67246.592945926299,67273.684852197708,73682
/Users/a/Ayanami/code/TSP/data/classic/tsplib/pr152.tsp,polyak,404,polyak,404,67263.423668733158,67273.684852197708,73682
/Users/a/Ayanami/code/TSP/data/classic/tsplib/pr152.tsp,polyak,405,polyak,405,67260.306755903046,67273.684852197708,73682
/Users/a/Ayanami/code/TSP/data/classic/tsplib/pr152.tsp,polyak,406,polyak,406,67272.284402809106,67273.684852197708,73682
/Users/a/Ayanami/code/TSP/data/classic/tsplib/pr152.tsp,polyak,407,polyak,407,67254.054840748431,67273.684852197708,73682
/Users/a/Ayanami/code/TSP/data/classic/tsplib/pr152.tsp,polyak,408,polyak,408,67268.189899922596,67273.684852197708,73682
/Users/a/Ayanami/code/TSP/data/classic/tsplib/pr152.tsp,polyak,409,polyak,409,67260.007916086033,67273.684852197708,73682
/Users/a/Ayanami/code/TSP/data/classic/tsplib/pr152.tsp,polyak,410,polyak,410,67270.523517273221,67273.684852197708,73682
/Users/a/Ayanami/code/TSP/data/classic/tsplib/pr152.tsp,polyak,411,polyak,411,67271.040992173206,67273.684852197708,73682
/Users/a/Ayanami/code/TSP/data/classic/tsplib/pr152.tsp,polyak,412,polyak,412,67256.499258924858,67273.684852197708,73682
/Users/a/Ayanami/code/TSP/data/classic/tsplib/pr152.tsp,polyak,413,polyak,413,67275.32080221684,67275.32080221684,73682
/Users/a/Ayanami/code/TSP/data/classic/tsplib/pr152.tsp,polyak,414,polyak,414,67260.412719773652,67275.32080221684,73682
/Users/a/Ayanami/code/TSP/data/classic/tsplib/pr152.tsp,polyak,415,polyak,415,67277.186784522055,67277.186784522055,73682
/Users/a/Ayanami/code/TSP/data/classic/tsplib/pr152.tsp,polyak,416,polyak,416,67244.404632140679,67277.186784522055,73682
/Users/a/Ayanami/code/TSP/data/classic/tsplib/pr152.tsp,polyak,417,polyak,417,67266.646259887901,67277.186784522055,73682
/Users/a/Ayanami/code/TSP/data/classic/tsplib/pr152.tsp,polyak,418,polyak,418,67267.648020156979,67277.186784522055,73682
/Users/a/Ayanami/code/TSP/data/classic/tsplib/pr152.tsp,polyak,419,polyak,419,67273.937282194267,67277.186784522055,73682
/Users/a/Ayanami/code/TSP/data/classic/tsplib/pr152.tsp,polyak,420,polyak,420,67264.992704908684,67277.186784522055,73682
/Users/a/Ayanami/code/TSP/data/classic/tsplib/pr152.tsp,polyak,421,polyak,421,67274.986309202621,67277.186784522055,73682
/Users/a/Ayanami/code/TSP/data/classic/tsplib/pr152.tsp,polyak,422,polyak,422,67266.156942034562,67277.186784522055,73682
/Users/a/Ayanami/code/TSP/data/classic/tsplib/pr152.tsp,polyak,423,polyak,423,67277.92221645455,67277.92221645455,73682
/Users/a/Ayanami/code/TSP/data/classic/tsplib/pr152.tsp,polyak,424,polyak,424,67252.24410201906,67277.92221645455,73682
/Users/a/Ayanami/code/TSP/data/classic/tsplib/pr152.tsp,polyak,425,polyak,425,67284.457304105803,67284.457304105803,73682
/Users/a/Ayanami/code/TSP/data/classic/tsplib/pr152.tsp,polyak,426,polyak,426,67256.058610336986,67284.457304105803,73682
/Users/a/Ayanami/code/TSP/data/classic/tsplib/pr152.tsp,polyak,427,polyak,427,67278.483240421614,67284.457304105803,73682
/Users/a/Ayanami/code/TSP/data/classic/tsplib/pr152.tsp,polyak,428,polyak,428,67251.317903375806,67284.457304105803,73682
/Users/a/Ayanami/code/TSP/data/classic/tsplib/pr152.tsp,polyak,429,polyak,429,67274.774464110713,67284.457304105803,73682
/Users/a/Ayanami/code/TSP/data/classic/tsplib/pr152.tsp,polyak,430,polyak,430,67268.72247189538,67284.457304105803,73682
/Users/a/Ayanami/code/TSP/data/classic/tsplib/pr152.tsp,polyak,431,polyak,431,67277.01144793017,67284.457304105803,73682
/Users/a/Ayanami/code/TSP/data/classic/tsplib/pr152.tsp,polyak,432,polyak,432,67270.440300265749,67284.457304105803,73682
/Users/a/Ayanami/code/TSP/data/classic/tsplib/pr152.tsp,polyak,433,polyak,433,67288.120397734194,67288.120397734194,73682
/Users/a/Ayanami/code/TSP/data/classic/tsplib/pr152.tsp,polyak,434,polyak,434,67259.391230584224,67288.120397734194,73682
/Users/a/Ayanami/code/TSP/data/classic/tsplib/pr152.tsp,polyak,435,polyak,435,67266.519585301139,67288.120397734194,73682
/Users/a/Ayanami/code/TSP/data/classic/tsplib/pr152.tsp,polyak,436,polyak,436,67277.888276781392,67288.120397734194,73682
/Users/a/Ayanami/code/TSP/data/classic/tsplib/pr152.tsp,polyak,437,polyak,437,67291.660326771904,67291.660326771904,73682
/Users/a/Ayanami/code/TSP/data/classic/tsplib/pr152.tsp,polyak,438,polyak,438,67257.327264465057,67291.660326771904,73682
/Users/a/Ayanami/code/TSP/data/classic/tsplib/pr152.tsp,polyak,439,polyak,439,67286.045525940819,67291.660326771904,73682
/Users/a/Ayanami/code/TSP/data/classic/tsplib/pr152.tsp,polyak,440,polyak,440,67251.828586552903,67291.660326771904,73682
/Users/a/Ayanami/code/TSP/data/classic/tsplib/pr152.tsp,polyak,441,polyak,441,67278.855243622078,67291.660326771904,73682
/Users/a/Ayanami/code/TSP/data/classic/tsplib/pr152.tsp,polyak,442,polyak,442,67279.249204145017,67291.660326771904,73682
/Users/a/Ayanami/code/TSP/data/classic/tsplib/pr152.tsp,polyak,443,polyak,443,67287.0491335158,67291.660326771904,73682
/Users/a/Ayanami/code/TSP/data/classic/tsplib/pr152.tsp,polyak,444,polyak,444,67267.75786824504,67291.660326771904,73682
/Users/a/Ayanami/code/TSP/data/classic/tsplib/pr152.tsp,polyak,445,polyak,445,67288.420443507857,67291.660326771904,73682
/Users/a/Ayanami/code/TSP/data/classic/tsplib/pr152.tsp,polyak,446,polyak,446,67268.173633904924,67291.660326771904,73682
/Users/a/Ayanami/code/TSP/data/classic/tsplib/pr152.tsp,polyak,447,polyak,447,67283.505600805322,67291.660326771904,73682
/Users/a/Ayanami/code/TSP/data/classic/tsplib/pr152.tsp,polyak,448,polyak,448,67287.794920271626,67291.660326771904,73682
/Users/a/Ayanami/code/TSP/data/classic/tsplib/pr152.tsp,polyak,449,polyak,449,67270.066478243156,67291.660326771904,73682
/Users/a/Ayanami/code/TSP/data/classic/tsplib/pr152.tsp,polyak,450,polyak,450,67280.606015924131,67291.660326771904,73682
/Users/a/Ayanami/code/TSP/data/classic/tsplib/pr152.tsp,polyak,451,polyak,451,67294.031977852195,67294.031977852195,73682
/Users/a/Ayanami/code/TSP/data/classic/tsplib/pr152.tsp,polyak,452,polyak,452,67288.783170950948,67294.031977852195,73682
/Users/a/Ayanami/code/TSP/data/classic/tsplib/pr152.tsp,polyak,453,polyak,453,67282.814642080397,67294.031977852195,73682
/Users/a/Ayanami/code/TSP/data/classic/tsplib/pr152.tsp,polyak,454,polyak,454,67296.286297121027,67296.286297121027,73682
/Users/a/Ayanami/code/TSP/data/classic/tsplib/pr152.tsp,polyak,455,polyak,455,67291.037758642284,67296.286297121027,73682
/Users/a/Ayanami/code/TSP/data/classic/tsplib/pr152.tsp,polyak,456,polyak,456,67293.111328965257,67296.286297121027,73682
/Users/a/Ayanami/code/TSP/data/classic/tsplib/pr152.tsp,polyak,457,polyak,457,67295.050679922657,67296.286297121027,73682
/Users/a/Ayanami/code/TSP/data/classic/tsplib/pr152.tsp,polyak,458,polyak,458,67299.51018918195,67299.51018918195,73682
/Users/a/Ayanami/code/TSP/data/classic/tsplib/pr152.tsp,polyak,459,polyak,459,67286.826102347171,67299.51018918195,73682
/Users/a/Ayanami/code/TSP/data/classic/tsplib/pr152.tsp,polyak,460,polyak,460,67298.706188721582,67299.51018918195,73682
/Users/a/Ayanami/code/TSP/data/classic/tsplib/pr152.tsp,polyak,461,polyak,461,67287.554360948357,67299.51018918195,73682
/Users/a/Ayanami/code/TSP/data/classic/tsplib/pr152.tsp,polyak,462,polyak,462,67296.695400814453,67299.51018918195,73682
/Users/a/Ayanami/code/TSP/data/classic/tsplib/pr152.tsp,polyak,463,polyak,463,67301.56036872344,67301.56036872344,73682
/Users/a/Ayanami/code/TSP/data/classic/tsplib/pr152.tsp,polyak,464,polyak,464,67286.95793151496,67301.56036872344,73682
/Users/a/Ayanami/code/TSP/data/classic/tsplib/pr152.tsp,polyak,465,polyak,465,67296.553805848293,67301.56036872344,73682
/Users/a/Ayanami/code/TSP/data/classic/tsplib/pr152.tsp,polyak,466,polyak,466,67298.59708743071,67301.56036872344,73682
/Users/a/Ayanami/code/TSP/data/classic/tsplib/pr152.tsp,polyak,467,polyak,467,67293.316807990777,67301.56036872344,73682
/Users/a/Ayanami/code/TSP/data/classic/tsplib/pr152.tsp,polyak,468,polyak,468,67300.186201135642,67301.56036872344,73682
/Users/a/Ayanami/code/TSP/data/classic/tsplib/pr152.tsp,polyak,469,polyak,469,67295.132256090903,67301.56036872344,73682
/Users/a/Ayanami/code/TSP/data/classic/tsplib/pr152.tsp,polyak,470,polyak,470,67298.62962965855,67301.56036872344,73682
/Users/a/Ayanami/code/TSP/data/classic/tsplib/pr152.tsp,polyak,471,polyak,471,67295.730295016649,67301.56036872344,73682
/Users/a/Ayanami/code/TSP/data/classic/tsplib/pr152.tsp,polyak,472,polyak,472,67300.531382319663,67301.56036872344,73682
/Users/a/Ayanami/code/TSP/data/classic/tsplib/pr152.tsp,polyak,473,polyak,473,67292.062734153369,67301.56036872344,73682
/Users/a/Ayanami/code/TSP/data/classic/tsplib/pr152.tsp,polyak,474,polyak,474,67297.961642150723,67301.56036872344,73682
/Users/a/Ayanami/code/TSP/data/classic/tsplib/pr152.tsp,polyak,475,polyak,475,67301.713464107044,67301.713464107044,73682
/Users/a/Ayanami/code/TSP/data/classic/tsplib/pr152.tsp,polyak,476,polyak,476,67294.468570733283,67301.713464107044,73682
/Users/a/Ayanami/code/TSP/data/classic/tsplib/pr152.tsp,polyak,477,polyak,477,67297.832608009572,67301.713464107044,73682
/Users/a/Ayanami/code/TSP/data/classic/tsplib/pr152.tsp,polyak,478,polyak,478,67301.713777601908,67301.713777601908,73682
/Users/a/Ayanami/code/TSP/data/classic/tsplib/pr152.tsp,polyak,479,polyak,479,67300.713794963245,67301.713777601908,73682
/Users/a/Ayanami/code/TSP/data/classic/tsplib/pr152.tsp,polyak,480,polyak,480,67295.442335039232,67301.713777601908,73682
/Users/a/Ayanami/code/TSP/data/classic/tsplib/pr152.tsp,polyak,481,polyak,481,67300.437368445622,67301.713777601908,73682
/Users/a/Ayanami/code/TSP/data/classic/tsplib/pr152.tsp,polyak,482,polyak,482,67295.919787433988,67301.713777601908,73682
/Users/a/Ayanami/code/TSP/data/classic/tsplib/pr152.tsp,polyak,483,polyak,483,67302.917961118656,67302.917961118656,73682
/Users/a/Ayanami/code/TSP/data/classic/tsplib/pr152.tsp,polyak,484,polyak,484,67296.048191821741,67302.917961118656,73682
/Users/a/Ayanami/code/TSP/data/classic/tsplib/pr152.tsp,polyak,485,polyak,485,67303.546395720841,67303.546395720841,73682
/Users/a/Ayanami/code/TSP/data/classic/tsplib/pr152.tsp,polyak,486,polyak,486,67291.118880199792,67303.546395720841,73682
/Users/a/Ayanami/code/TSP/data/classic/tsplib/pr152.tsp,polyak,487,polyak,487,67304.715575391063,67304.715575391063,73682
/Users/a/Ayanami/code/TSP/data/classic/tsplib/pr152.tsp,polyak,488,polyak,488,67304.932089260765,67304.932089260765,73682
/Users/a/Ayanami/code/TSP/data/classic/tsplib/pr152.tsp,polyak,489,polyak,489,67291.606622970445,67304.932089260765,73682
/Users/a/Ayanami/code/TSP/data/classic/tsplib/pr152.tsp,polyak,490,polyak,490,67304.74198478536,67304.932089260765,73682
/Users/a/Ayanami/code/TSP/data/classic/tsplib/pr152.tsp,polyak,491,polyak,491,67296.677376851949,67304.932089260765,73682
/Users/a/Ayanami/code/TSP/data/classic/tsplib/pr152.tsp,polyak,492,polyak,492,67304.131074011922,67304.932089260765,73682
/Users/a/Ayanami/code/TSP/data/classic/tsplib/pr152.tsp,polyak,493,polyak,493,67296.406818066578,67304.932089260765,73682
/Users/a/Ayanami/code/TSP/data/classic/tsplib/pr152.tsp,polyak,494,polyak,494,67304.748386976775,67304.932089260765,73682
/Users/a/Ayanami/code/TSP/data/classic/tsplib/pr152.tsp,polyak,495,polyak,495,67294.993138583712,67304.932089260765,73682
/Users/a/Ayanami/code/TSP/data/classic/tsplib/pr152.tsp,polyak,496,polyak,496,67306.871329570786,67306.871329570786,73682
/Users/a/Ayanami/code/TSP/data/classic/tsplib/pr152.tsp,polyak,497,polyak,497,67296.439217247404,67306.871329570786,73682
/Users/a/Ayanami/code/TSP/data/classic/tsplib/pr152.tsp,polyak,498,polyak,498,67298.258299800946,67306.871329570786,73682
/Users/a/Ayanami/code/TSP/data/classic/tsplib/pr152.tsp,polyak,499,polyak,499,67310.460456470028,67310.460456470028,73682
/Users/a/Ayanami/code/TSP/data/classic/tsplib/pr152.tsp,polyak,500,polyak,500,67296.065200896992,67310.460456470028,73682
/Users/a/Ayanami/code/TSP/data/classic/tsplib/pr152.tsp,polyak,501,polyak,501,67304.196289679545,67310.460456470028,73682
/Users/a/Ayanami/code/TSP/data/classic/tsplib/pr152.tsp,polyak,502,polyak,502,67305.711516499621,67310.460456470028,73682
/Users/a/Ayanami/code/TSP/data/classic/tsplib/pr152.tsp,polyak,503,polyak,503,67298.221288735178,67310.460456470028,73682
/Users/a/Ayanami/code/TSP/data/classic/tsplib/pr152.tsp,polyak,504,polyak,504,67304.205465953215,67310.460456470028,73682
/Users/a/Ayanami/code/TSP/data/classic/tsplib/pr152.tsp,polyak,505,polyak,505,67307.651173452876,67310.460456470028,73682
/Users/a/Ayanami/code/TSP/data/classic/tsplib/pr152.tsp,polyak,506,polyak,506,67306.391949635843,67310.460456470028,73682
/Users/a/Ayanami/code/TSP/data/classic/tsplib/pr152.tsp,polyak,507,polyak,507,67296.243415786565,67310.460456470028,73682
/Users/a/Ayanami/code/TSP/data/classic/tsplib/pr152.tsp,polyak,508,polyak,508,67309.676655572955,67310.460456470028,73682
/Users/a/Ayanami/code/TSP/data/classic/tsplib/pr152.tsp,polyak,509,polyak,509,67295.142725956131,67310.460456470028,73682
/Users/a/Ayanami/code/TSP/data/classic/tsplib/pr152.tsp,polyak,510,polyak,510,67303.386360875025,67310.460456470028,73682
/Users/a/Ayanami/code/TSP/data/classic/tsplib/pr152.tsp,polyak,511,polyak,511,67301.570376863063,67310.460456470028,73682
/Users/a/Ayanami/code/TSP/data/classic/tsplib/pr152.tsp,polyak,512,polyak,512,67307.714850075063,67310.460456470028,73682
/Users/a/Ayanami/code/TSP/data/classic/tsplib/pr152.tsp,polyak,513,polyak,513,67312.418982396877,67312.418982396877,73682
/Users/a/Ayanami/code/TSP/data/classic/tsplib/pr152.tsp,polyak,514,polyak,514,67306.463115702558,67312.418982396877,73682
/Users/a/Ayanami/code/TSP/data/classic/tsplib/pr152.tsp,polyak,515,polyak,515,67312.729193438296,67312.729193438296,73682
/Users/a/Ayanami/code/TSP/data/classic/tsplib/pr152.tsp,polyak,516,polyak,516,67308.12867441804,67312.729193438296,73682
/Users/a/Ayanami/code/TSP/data/classic/tsplib/pr152.tsp,polyak,517,polyak,517,67312.456300393285,67312.729193438296,73682
/Users/a/Ayanami/code/TSP/data/classic/tsplib/pr152.tsp,polyak,518,polyak,518,67310.50814184401,67312.729193438296,73682
/Users/a/Ayanami/code/TSP/data/classic/tsplib/pr152.tsp,polyak,519,polyak,519,67312.669242438249,67312.729193438296,73682
/Users/a/Ayanami/code/TSP/data/classic/tsplib/pr152.tsp,polyak,520,polyak,520,67308.778312091905,67312.729193438296,73682
/Users/a/Ayanami/code/TSP/data/classic/tsplib/pr152.tsp,polyak,521,polyak,521,67313.046386923364,67313.046386923364,73682
/Users/a/Ayanami/code/TSP/data/classic/tsplib/pr152.tsp,polyak,522,polyak,522,67310.951054638077,67313.046386923364,73682
/Users/a/Ayanami/code/TSP/data/classic/tsplib/pr152.tsp,polyak,523,polyak,523,67311.745974095669,67313.046386923364,73682
/Users/a/Ayanami/code/TSP/data/classic/tsplib/pr152.tsp,polyak,524,polyak,524,67311.879484967096,67313.046386923364,73682
/Users/a/Ayanami/code/TSP/data/classic/tsplib/pr152.tsp,polyak,525,polyak,525,67310.348823202221,67313.046386923364,73682
/Users/a/Ayanami/code/TSP/data/classic/tsplib/pr152.tsp,polyak,526,polyak,526,67314.367175329593,67314.367175329593,73682
/Users/a/Ayanami/code/TSP/data/classic/tsplib/pr152.tsp,polyak,527,polyak,527,67313.230011374821,67314.367175329593,73682
/Users/a/Ayanami/code/TSP/data/classic/tsplib/pr152.tsp,polyak,528,polyak,528,67310.017056026685,67314.367175329593,73682
/Users/a/Ayanami/code/TSP/data/classic/tsplib/pr152.tsp,polyak,529,polyak,529,67313.060849135043,67314.367175329593,73682
/Users/a/Ayanami/code/TSP/data/classic/tsplib/pr152.tsp,polyak,530,polyak,530,67313.256556715962,67314.367175329593,73682
/Users/a/Ayanami/code/TSP/data/classic/tsplib/pr152.tsp,polyak,531,polyak,531,67311.258073851859,67314.367175329593,73682
/Users/a/Ayanami/code/TSP/data/classic/tsplib/pr152.tsp,polyak,532,polyak,532,67313.400437990917,67314.367175329593,73682
/Users/a/Ayanami/code/TSP/data/classic/tsplib/pr152.tsp,polyak,533,polyak,533,67315.212514823361,67315.212514823361,73682
/Users/a/Ayanami/code/TSP/data/classic/tsplib/pr152.tsp,polyak,534,polyak,534,67310.994849118404,67315.212514823361,73682
/Users/a/Ayanami/code/TSP/data/classic/tsplib/pr152.tsp,polyak,535,polyak,535,67313.464673619776,67315.212514823361,73682
/Users/a/Ayanami/code/TSP/data/classic/tsplib/pr152.tsp,polyak,536,polyak,536,67312.81007472513,67315.212514823361,73682
/Users/a/Ayanami/code/TSP/data/classic/tsplib/pr152.tsp,polyak,537,polyak,537,67315.411579761334,67315.411579761334,73682
/Users/a/Ayanami/code/TSP/data/classic/tsplib/pr152.tsp,polyak,538,polyak,538,67310.630928891696,67315.411579761334,73682
/Users/a/Ayanami/code/TSP/data/classic/tsplib/pr152.tsp,polyak,539,polyak,539,67313.878383146846,67315.411579761334,73682
/Users/a/Ayanami/code/TSP/data/classic/tsplib/pr152.tsp,polyak,540,polyak,540,67316.993724041487,67316.993724041487,73682
/Users/a/Ayanami/code/TSP/data/classic/tsplib/pr152.tsp,polyak,541,polyak,541,67308.648344808826,67316.993724041487,73682
/Users/a/Ayanami/code/TSP/data/classic/tsplib/pr152.tsp,polyak,542,polyak,542,67315.759336209885,67316.993724041487,73682
/Users/a/Ayanami/code/TSP/data/classic/tsplib/pr152.tsp,polyak,543,polyak,543,67314.103291031002,67316.993724041487,73682
/Users/a/Ayanami/code/TSP/data/classic/tsplib/pr152.tsp,polyak,544,polyak,544,67312.828629835654,67316.993724041487,73682
/Users/a/Ayanami/code/TSP/data/classic/tsplib/pr152.tsp,polyak,545,polyak,545,67315.836769527319,67316.993724041487,73682
/Users/a/Ayanami/code/TSP/data/classic/tsplib/pr152.tsp,polyak,546,polyak,546,67312.564776789892,67316.993724041487,73682
/Users/a/Ayanami/code/TSP/data/classic/tsplib/pr152.tsp,polyak,547,polyak,547,67315.484716378531,67316.993724041487,73682
/Users/a/Ayanami/code/TSP/data/classic/tsplib/pr152.tsp,polyak,548,polyak,548,67313.748990500564,67316.993724041487,73682
/Users/a/Ayanami/code/TSP/data/classic/tsplib/pr152.tsp,polyak,549,polyak,549,67315.12106466938,67316.993724041487,73682
/Users/a/Ayanami/code/TSP/data/classic/tsplib/pr152.tsp,polyak,550,polyak,550,67311.665892186109,67316.993724041487,73682
/Users/a/Ayanami/code/TSP/data/classic/tsplib/pr152.tsp,polyak,551,polyak,551,67316.403448209501,67316.993724041487,73682
/Users/a/Ayanami/code/TSP/data/classic/tsplib/pr152.tsp,polyak,552,polyak,552,67311.901378352093,67316.993724041487,73682
/Users/a/Ayanami/code/TSP/data/classic/tsplib/pr152.tsp,polyak,553,polyak,553,67315.087351014881,67316.993724041487,73682
/Users/a/Ayanami/code/TSP/data/classic/tsplib/pr152.tsp,polyak,554,polyak,554,67317.913838677909,67317.913838677909,73682
/Users/a/Ayanami/code/TSP/data/classic/tsplib/pr152.tsp,polyak,555,polyak,555,67317.20118083978,67317.913838677909,73682
/Users/a/Ayanami/code/TSP/data/classic/tsplib/pr152.tsp,polyak,556,polyak,556,67318.639434700803,67318.639434700803,73682
/Users/a/Ayanami/code/TSP/data/classic/tsplib/pr152.tsp,polyak,557,polyak,557,67317.349881848073,67318.639434700803,73682
/Users/a/Ayanami/code/TSP/data/classic/tsplib/pr152.tsp,polyak,558,polyak,558,67318.953799391908,67318.953799391908,73682
/Users/a/Ayanami/code/TSP/data/classic/tsplib/pr152.tsp,polyak,559,polyak,559,67318.421740241349,67318.953799391908,73682
/Users/a/Ayanami/code/TSP/data/classic/tsplib/pr152.tsp,polyak,560,polyak,560,67317.55584157884,67318.953799391908,73682
/Users/a/Ayanami/code/TSP/data/classic/tsplib/pr152.tsp,polyak,561,polyak,561,67317.579541426487,67318.953799391908,73682
/Users/a/Ayanami/code/TSP/data/classic/tsplib/pr152.tsp,polyak,562,polyak,562,67319.875612550706,67319.875612550706,73682
/Users/a/Ayanami/code/TSP/data/classic/tsplib/pr152.tsp,polyak,563,polyak,563,67316.525719086872,67319.875612550706,73682
/Users/a/Ayanami/code/TSP/data/classic/tsplib/pr152.tsp,polyak,564,polyak,564,67318.840737658713,67319.875612550706,73682
/Users/a/Ayanami/code/TSP/data/classic/tsplib/pr152.tsp,polyak,565,polyak,565,67318.468099150312,67319.875612550706,73682
/Users/a/Ayanami/code/TSP/data/classic/tsplib/pr152.tsp,polyak,566,polyak,566,67318.204609437526,67319.875612550706,73682
/Users/a/Ayanami/code/TSP/data/classic/tsplib/pr152.tsp,polyak,567,polyak,567,67319.654920543238,67319.875612550706,73682
/Users/a/Ayanami/code/TSP/data/classic/tsplib/pr152.tsp,polyak,568,polyak,568,67318.611257089404,67319.875612550706,73682
/Users/a/Ayanami/code/TSP/data/classic/tsplib/pr152.tsp,polyak,569,polyak,569,67319.134260885767,67319.875612550706,73682
/Users/a/Ayanami/code/TSP/data/classic/tsplib/pr152.tsp,polyak,570,polyak,570,67318.485919445317,67319.875612550706,73682
/Users/a/Ayanami/code/TSP/data/classic/tsplib/pr152.tsp,polyak,571,polyak,571,67319.36628397803,67319.875612550706,73682
/Users/a/Ayanami/code/TSP/data/classic/tsplib/pr152.tsp,polyak,572,polyak,572,67319.238645964055,67319.875612550706,73682
/Users/a/Ayanami/code/TSP/data/classic/tsplib/pr152.tsp,polyak,573,polyak,573,67318.30886577355,67319.875612550706,73682
/Users/a/Ayanami/code/TSP/data/classic/tsplib/pr152.tsp,polyak,574,polyak,574,67320.184390641138,67320.184390641138,73682
/Users/a/Ayanami/code/TSP/data/classic/tsplib/pr152.tsp,polyak,575,polyak,575,67318.687852150571,67320.184390641138,73682
/Users/a/Ayanami/code/TSP/data/classic/tsplib/pr152.tsp,polyak,576,polyak,576,67319.571331603758,67320.184390641138,73682
/Users/a/Ayanami/code/TSP/data/classic/tsplib/pr152.tsp,polyak,577,polyak,577,67319.145544779152,67320.184390641138,73682
/Users/a/Ayanami/code/TSP/data/classic/tsplib/pr152.tsp,polyak,578,polyak,578,67320.435902550962,67320.435902550962,73682
/Users/a/Ayanami/code/TSP/data/classic/tsplib/pr152.tsp,polyak,579,polyak,579,67318.584727046167,67320.435902550962,73682
/Users/a/Ayanami/code/TSP/data/classic/tsplib/pr152.tsp,polyak,580,polyak,580,67320.154788242275,67320.435902550962,73682
/Users/a/Ayanami/code/TSP/data/classic/tsplib/pr152.tsp,polyak,581,polyak,581,67320.248580199172,67320.435902550962,73682
/Users/a/Ayanami/code/TSP/data/classic/tsplib/pr152.tsp,polyak,582,polyak,582,67317.507878990757,67320.435902550962,73682
/Users/a/Ayanami/code/TSP/data/classic/tsplib/pr152.tsp,polyak,583,polyak,583,67319.365763874375,67320.435902550962,73682
/Users/a/Ayanami/code/TSP/data/classic/tsplib/pr152.tsp,polyak,584,polyak,584,67320.947267206997,67320.947267206997,73682
/Users/a/Ayanami/code/TSP/data/classic/tsplib/pr152.tsp,polyak,585,polyak,585,67321.029688599112,67321.029688599112,73682
/Users/a/Ayanami/code/TSP/data/classic/tsplib/pr152.tsp,polyak,586,polyak,586,67318.051671423222,67321.029688599112,73682
/Users/a/Ayanami/code/TSP/data/classic/tsplib/pr152.tsp,polyak,587,polyak,587,67320.986540746861,67321.029688599112,73682
/Users/a/Ayanami/code/TSP/data/classic/tsplib/pr152.tsp,polyak,588,polyak,588,67320.201785080353,67321.029688599112,73682
/Users/a/Ayanami/code/TSP/data/classic/tsplib/pr152.tsp,polyak,589,polyak,589,67319.444757631602,67321.029688599112,73682
/Users/a/Ayanami/code/TSP/data/classic/tsplib/pr152.tsp,polyak,590,polyak,590,67320.170529120704,67321.029688599112,73682
/Users/a/Ayanami/code/TSP/data/classic/tsplib/pr152.tsp,polyak,591,polyak,591,67321.300277996619,67321.300277996619,73682
/Users/a/Ayanami/code/TSP/data/classic/tsplib/pr152.tsp,polyak,592,polyak,592,67318.065466961154,67321.300277996619,73682
/Users/a/Ayanami/code/TSP/data/classic/tsplib/pr152.tsp,polyak,593,polyak,593,67321.167367810107,67321.300277996619,73682
/Users/a/Ayanami/code/TSP/data/classic/tsplib/pr152.tsp,polyak,594,polyak,594,67320.68958469035,67321.300277996619,73682
/Users/a/Ayanami/code/TSP/data/classic/tsplib/pr152.tsp,polyak,595,polyak,595,67319.395189471019,67321.300277996619,73682
/Users/a/Ayanami/code/TSP/data/classic/tsplib/pr152.tsp,polyak,596,polyak,596,67321.446590277672,67321.446590277672,73682
/Users/a/Ayanami/code/TSP/data/classic/tsplib/pr152.tsp,polyak,597,polyak,597,67318.752475294532,67321.446590277672,73682
/Users/a/Ayanami/code/TSP/data/classic/tsplib/pr152.tsp,polyak,598,polyak,598,67321.41287049769,67321.446590277672,73682
/Users/a/Ayanami/code/TSP/data/classic/tsplib/pr152.tsp,polyak,599,polyak,599,67318.544031197816,67321.446590277672,73682
/Users/a/Ayanami/code/TSP/data/classic/tsplib/pr152.tsp,polyak,600,polyak,600,67321.066205256022,67321.446590277672,73682
/Users/a/Ayanami/code/TSP/data/classic/tsplib/pr152.tsp,polyak,601,polyak,601,67321.359383541814,67321.446590277672,73682
/Users/a/Ayanami/code/TSP/data/classic/tsplib/pr152.tsp,polyak,602,polyak,602,67319.536912256663,67321.446590277672,73682
/Users/a/Ayanami/code/TSP/data/classic/tsplib/pr152.tsp,polyak,603,polyak,603,67321.079443192677,67321.446590277672,73682
/Users/a/Ayanami/code/TSP/data/classic/tsplib/pr152.tsp,polyak,604,polyak,604,67321.40494274169,67321.446590277672,73682
/Users/a/Ayanami/code/TSP/data/classic/tsplib/pr152.tsp,polyak,605,polyak,605,67322.813648783907,67322.813648783907,73682
/Users/a/Ayanami/code/TSP/data/classic/tsplib/pr152.tsp,polyak,606,polyak,606,67318.25835291289,67322.813648783907,73682
/Users/a/Ayanami/code/TSP/data/classic/tsplib/pr152.tsp,polyak,607,polyak,607,67321.434746136438,67322.813648783907,73682
/Users/a/Ayanami/code/TSP/data/classic/tsplib/pr152.tsp,polyak,608,polyak,608,67321.228496390089,67322.813648783907,73682
/Users/a/Ayanami/code/TSP/data/classic/tsplib/pr152.tsp,polyak,609,polyak,609,67320.117097454757,67322.813648783907,73682
/Users/a/Ayanami/code/TSP/data/classic/tsplib/pr152.tsp,polyak,610,polyak,610,67321.730749191483,67322.813648783907,73682
/Users/a/Ayanami/code/TSP/data/classic/tsplib/pr152.tsp,polyak,611,polyak,611,67320.823381423877,67322.813648783907,73682
/Users/a/Ayanami/code/TSP/data/classic/tsplib/pr152.tsp,polyak,612,polyak,612,67321.636393478897,67322.813648783907,73682
/Users/a/Ayanami/code/TSP/data/classic/tsplib/pr152.tsp,polyak,613,polyak,613,67319.835048569454,67322.813648783907,73682
/Users/a/Ayanami/code/TSP/data/classic/tsplib/pr152.tsp,polyak,614,polyak,614,67321.923708521033,67322.813648783907,73682
/Users/a/Ayanami/code/TSP/data/classic/tsplib/pr152.tsp,polyak,615,polyak,615,67322.97796195063,67322.97796195063,73682
/Users/a/Ayanami/code/TSP/data/classic/tsplib/pr152.tsp,polyak,616,polyak,616,67319.443336447046,67322.97796195063,73682
/Users/a/Ayanami/code/TSP/data/classic/tsplib/pr152.tsp,polyak,617,polyak,617,67322.587213636143,67322.97796195063,73682
/Users/a/Ayanami/code/TSP/data/classic/tsplib/pr152.tsp,polyak,618,polyak,618,67318.371684960672,67322.97796195063,73682
/Users/a/Ayanami/code/TSP/data/classic/tsplib/pr152.tsp,polyak,619,polyak,619,67321.098226367089,67322.97796195063,73682
/Users/a/Ayanami/code/TSP/data/classic/tsplib/pr152.tsp,polyak,620,polyak,620,67321.837365271655,67322.97796195063,73682
/Users/a/Ayanami/code/TSP/data/classic/tsplib/pr152.tsp,polyak,621,polyak,621,67320.920056931325,67322.97796195063,73682
/Users/a/Ayanami/code/TSP/data/classic/tsplib/pr152.tsp,polyak,622,polyak,622,67322.70238438157,67322.97796195063,73682
/Users/a/Ayanami/code/TSP/data/classic/tsplib/pr152.tsp,polyak,623,polyak,623,67318.287469945542,67322.97796195063,73682
/Users/a/Ayanami/code/TSP/data/classic/tsplib/pr152.tsp,polyak,624,polyak,624,67321.403578354657,67322.97796195063,73682
/Users/a/Ayanami/code/TSP/data/classic/tsplib/pr152.tsp,polyak,625,polyak,625,67321.924897738267,67322.97796195063,73682
/Users/a/Ayanami/code/TSP/data/classic/tsplib/pr152.tsp,polyak,626,polyak,626,67321.670955462469,67322.97796195063,73682
/Users/a/Ayanami/code/TSP/data/classic/tsplib/pr152.tsp,polyak,627,polyak,627,67323.212002437096,67323.212002437096,73682
/Users/a/Ayanami/code/TSP/data/classic/tsplib/pr152.tsp,polyak,628,polyak,628,67319.888808482065,67323.212002437096,73682
/Users/a/Ayanami/code/TSP/data/classic/tsplib/pr152.tsp,polyak,629,polyak,629,67321.8136479237,67323.212002437096,73682
/Users/a/Ayanami/code/TSP/data/classic/tsplib/pr152.tsp,polyak,630,polyak,630,67321.443765757242,67323.212002437096,73682
/Users/a/Ayanami/code/TSP/data/classic/tsplib/pr152.tsp,polyak,631,polyak,631,67322.274275549775,67323.212002437096,73682
/Users/a/Ayanami/code/TSP/data/classic/tsplib/pr152.tsp,polyak,632,polyak,632,67321.611149572724,67323.212002437096,73682
/Users/a/Ayanami/code/TSP/data/classic/tsplib/pr152.tsp,polyak,633,polyak,633,67323.068121661301,67323.212002437096,73682
/Users/a/Ayanami/code/TSP/data/classic/tsplib/pr152.tsp,polyak,634,polyak,634,67321.365785833957,67323.212002437096,73682
/Users/a/Ayanami/code/TSP/data/classic/tsplib/pr152.tsp,polyak,635,polyak,635,67323.284255616978,67323.284255616978,73682
/Users/a/Ayanami/code/TSP/data/classic/tsplib/pr152.tsp,polyak,636,polyak,636,67319.999542660764,67323.284255616978,73682
/Users/a/Ayanami/code/TSP/data/classic/tsplib/pr152.tsp,polyak,637,polyak,637,67323.021069811657,67323.284255616978,73682
/Users/a/Ayanami/code/TSP/data/classic/tsplib/pr152.tsp,polyak,638,polyak,638,67323.020170243733,67323.284255616978,73682
/Users/a/Ayanami/code/TSP/data/classic/tsplib/pr152.tsp,polyak,639,polyak,639,67321.543524391833,67323.284255616978,73682
/Users/a/Ayanami/code/TSP/data/classic/tsplib/pr152.tsp,polyak,640,polyak,640,67323.379340151805,67323.379340151805,73682
/Users/a/Ayanami/code/TSP/data/classic/tsplib/pr152.tsp,polyak,641,polyak,641,67320.731652694827,67323.379340151805,73682
/Users/a/Ayanami/code/TSP/data/classic/tsplib/pr152.tsp,polyak,642,polyak,642,67322.530515883889,67323.379340151805,73682
/Users/a/Ayanami/code/TSP/data/classic/tsplib/pr152.tsp,polyak,643,polyak,643,67321.163460560667,67323.379340151805,73682
/Users/a/Ayanami/code/TSP/data/classic/tsplib/pr152.tsp,polyak,644,polyak,644,67323.475847965412,67323.475847965412,73682
/Users/a/Ayanami/code/TSP/data/classic/tsplib/pr152.tsp,polyak,645,polyak,645,67321.240694968132,67323.475847965412,73682
/Users/a/Ayanami/code/TSP/data/classic/tsplib/pr152.tsp,polyak,646,polyak,646,67323.769023589222,67323.769023589222,73682
/Users/a/Ayanami/code/TSP/data/classic/tsplib/pr152.tsp,polyak,647,polyak,647,67322.062134943786,67323.769023589222,73682
/Users/a/Ayanami/code/TSP/data/classic/tsplib/pr152.tsp,polyak,648,polyak,648,67323.278422787975,67323.769023589222,73682
/Users/a/Ayanami/code/TSP/data/classic/tsplib/pr152.tsp,polyak,649,polyak,649,67322.987436389318,67323.769023589222,73682
/Users/a/Ayanami/code/TSP/data/classic/tsplib/pr152.tsp,polyak,650,polyak,650,67322.520341778465,67323.769023589222,73682
/Users/a/Ayanami/code/TSP/data/classic/tsplib/pr152.tsp,polyak,651,polyak,651,67324.348902931786,67324.348902931786,73682
/Users/a/Ayanami/code/TSP/data/classic/tsplib/pr152.tsp,polyak,652,polyak,652,67321.792895553532,67324.348902931786,73682
/Users/a/Ayanami/code/TSP/data/classic/tsplib/pr152.tsp,polyak,653,polyak,653,67323.140856524158,67324.348902931786,73682
/Users/a/Ayanami/code/TSP/data/classic/tsplib/pr152.tsp,polyak,654,polyak,654,67324.782233556849,67324.782233556849,73682
/Users/a/Ayanami/code/TSP/data/classic/tsplib/pr152.tsp,polyak,655,polyak,655,67319.593928300295,67324.782233556849,73682
/Users/a/Ayanami/code/TSP/data/classic/tsplib/pr152.tsp,polyak,656,polyak,656,67323.024186204333,67324.782233556849,73682
/Users/a/Ayanami/code/TSP/data/classic/tsplib/pr152.tsp,polyak,657,polyak,657,67323.070694435548,67324.782233556849,73682
/Users/a/Ayanami/code/TSP/data/classic/tsplib/pr152.tsp,polyak,658,polyak,658,67324.207896635475,67324.782233556849,73682
/Users/a/Ayanami/code/TSP/data/classic/tsplib/pr152.tsp,polyak,659,polyak,659,67322.258548340164,67324.782233556849,73682
/Users/a/Ayanami/code/TSP/data/classic/tsplib/pr152.tsp,polyak,660,polyak,660,67324.263754076994,67324.782233556849,73682
/Users/a/Ayanami/code/TSP/data/classic/tsplib/pr152.tsp,polyak,661,polyak,661,67322.564713363274,67324.782233556849,73682
/Users/a/Ayanami/code/TSP/data/classic/tsplib/pr152.tsp,polyak,662,polyak,662,67323.213211851064,67324.782233556849,73682
/Users/a/Ayanami/code/TSP/data/classic/tsplib/pr152.tsp,polyak,663,polyak,663,67323.866205611936,67324.782233556849,73682
/Users/a/Ayanami/code/TSP/data/classic/tsplib/pr152.tsp,polyak,664,polyak,664,67325.063685985428,67325.063685985428,73682
/Users/a/Ayanami/code/TSP/data/classic/tsplib/pr152.tsp,polyak,665,polyak,665,67319.831539320265,67325.063685985428,73682
/Users/a/Ayanami/code/TSP/data/classic/tsplib/pr152.tsp,polyak,666,polyak,666,67322.105383788483,67325.063685985428,73682
/Users/a/Ayanami/code/TSP/data/classic/tsplib/pr152.tsp,polyak,667,polyak,667,67323.028767819604,67325.063685985428,73682
/Users/a/Ayanami/code/TSP/data/classic/tsplib/pr152.tsp,polyak,668,polyak,668,67323.482793759511,67325.063685985428,73682
/Users/a/Ayanami/code/TSP/data/classic/tsplib/pr152.tsp,polyak,669,polyak,669,67323.200610691827,67325.063685985428,73682
/Users/a/Ayanami/code/TSP/data/classic/tsplib/pr152.tsp,polyak,670,polyak,670,67325.381552682433,67325.381552682433,73682
/Users/a/Ayanami/code/TSP/data/classic/tsplib/pr152.tsp,polyak,671,polyak,671,67323.821759186627,67325.381552682433,73682
/Users/a/Ayanami/code/TSP/data/classic/tsplib/pr152.tsp,polyak,672,polyak,672,67322.482824862585,67325.381552682433,73682
/Users/a/Ayanami/code/TSP/data/classic/tsplib/pr152.tsp,polyak,673,polyak,673,67325.127840448185,67325.381552682433,73682
/Users/a/Ayanami/code/TSP/data/classic/tsplib/pr152.tsp,polyak,674,polyak,674,67322.191719949871,67325.381552682433,73682
/Users/a/Ayanami/code/TSP/data/classic/tsplib/pr152.tsp,polyak,675,polyak,675,67325.311132702744,67325.381552682433,73682
/Users/a/Ayanami/code/TSP/data/classic/tsplib/pr152.tsp,polyak,676,polyak,676,67322.310944154728,67325.381552682433,73682
/Users/a/Ayanami/code/TSP/data/classic/tsplib/pr152.tsp,polyak,677,polyak,677,67324.575573501017,67325.381552682433,73682
/Users/a/Ayanami/code/TSP/data/classic/tsplib/pr152.tsp,polyak,678,polyak,678,67323.618188740293,67325.381552682433,73682
/Users/a/Ayanami/code/TSP/data/classic/tsplib/pr152.tsp,polyak,679,polyak,679,67325.39303096768,67325.39303096768,73682
/Users/a/Ayanami/code/TSP/data/classic/tsplib/pr152.tsp,polyak,680,polyak,680,67321.823170104821,67325.39303096768,73682
/Users/a/Ayanami/code/TSP/data/classic/tsplib/pr152.tsp,polyak,681,polyak,681,67324.250968206819,67325.39303096768,73682
/Users/a/Ayanami/code/TSP/data/classic/tsplib/pr152.tsp,polyak,682,polyak,682,67325.834491036338,67325.834491036338,73682
/Users/a/Ayanami/code/TSP/data/classic/tsplib/pr152.tsp,polyak,683,polyak,683,67322.912635615081,67325.834491036338,73682
/Users/a/Ayanami/code/TSP/data/classic/tsplib/pr152.tsp,polyak,684,polyak,684,67324.862586310686,67325.834491036338,73682
/Users/a/Ayanami/code/TSP/data/classic/tsplib/pr152.tsp,polyak,685,polyak,685,67323.227175031367,67325.834491036338,73682
/Users/a/Ayanami/code/TSP/data/classic/tsplib/pr152.tsp,polyak,686,polyak,686,67325.350667788545,67325.834491036338,73682
/Users/a/Ayanami/code/TSP/data/classic/tsplib/pr152.tsp,polyak,687,polyak,687,67323.068881429615,67325.834491036338,73682
/Users/a/Ayanami/code/TSP/data/classic/tsplib/pr152.tsp,polyak,688,polyak,688,67325.945658768003,67325.945658768003,73682
/Users/a/Ayanami/code/TSP/data/classic/tsplib/pr152.tsp,polyak,689,polyak,689,67322.906829498941,67325.945658768003,73682
/Users/a/Ayanami/code/TSP/data/classic/tsplib/pr152.tsp,polyak,690,polyak,690,67326.331752052152,67326.331752052152,73682
/Users/a/Ayanami/code/TSP/data/classic/tsplib/pr152.tsp,polyak,691,polyak,691,67323.268920052913,67326.331752052152,73682
/Users/a/Ayanami/code/TSP/data/classic/tsplib/pr152.tsp,polyak,692,polyak,692,67325.26847823053,67326.331752052152,73682
/Users/a/Ayanami/code/TSP/data/classic/tsplib/pr152.tsp,polyak,693,polyak,693,67323.323871552318,67326.331752052152,73682
/Users/a/Ayanami/code/TSP/data/classic/tsplib/pr152.tsp,polyak,694,polyak,694,67326.225895611045,67326.331752052152,73682
/Users/a/Ayanami/code/TSP/data/classic/tsplib/pr152.tsp,polyak,695,polyak,695,67323.904350678742,67326.331752052152,73682
/Users/a/Ayanami/code/TSP/data/classic/tsplib/pr152.tsp,polyak,696,polyak,696,67325.039865462139,67326.331752052152,73682
/Users/a/Ayanami/code/TSP/data/classic/tsplib/pr152.tsp,polyak,697,polyak,697,67324.165971002396,67326.331752052152,73682
/Users/a/Ayanami/code/TSP/data/classic/tsplib/pr152.tsp,polyak,698,polyak,698,67325.384268949085,67326.331752052152,73682
/Users/a/Ayanami/code/TSP/data/classic/tsplib/pr152.tsp,polyak,699,polyak,699,67325.930874346668,67326.331752052152,73682
/Users/a/Ayanami/code/TSP/data/classic/tsplib/pr152.tsp,polyak,700,polyak,700,67323.493542733078,67326.331752052152,73682
/Users/a/Ayanami/code/TSP/data/classic/tsplib/pr152.tsp,polyak,701,polyak,701,67325.939403234035,67326.331752052152,73682
/Users/a/Ayanami/code/TSP/data/classic/tsplib/pr152.tsp,polyak,702,polyak,702,67324.331022370359,67326.331752052152,73682
/Users/a/Ayanami/code/TSP/data/classic/tsplib/pr152.tsp,polyak,703,polyak,703,67326.483306219641,67326.483306219641,73682
/Users/a/Ayanami/code/TSP/data/classic/tsplib/pr152.tsp,polyak,704,polyak,704,67326.317396097395,67326.483306219641,73682
/Users/a/Ayanami/code/TSP/data/classic/tsplib/pr152.tsp,polyak,705,polyak,705,67326.797292003568,67326.797292003568,73682
/Users/a/Ayanami/code/TSP/data/classic/tsplib/pr152.tsp,polyak,706,polyak,706,67326.840975479441,67326.840975479441,73682
/Users/a/Ayanami/code/TSP/data/classic/tsplib/pr152.tsp,polyak,707,polyak,707,67326.970937424412,67326.970937424412,73682
/Users/a/Ayanami/code/TSP/data/classic/tsplib/pr152.tsp,polyak,708,polyak,708,67327.331690745821,67327.331690745821,73682
/Users/a/Ayanami/code/TSP/data/classic/tsplib/pr152.tsp,polyak,709,polyak,709,67326.85852652938,67327.331690745821,73682
/Users/a/Ayanami/code/TSP/data/classic/tsplib/pr152.tsp,polyak,710,polyak,710,67327.113392498271,67327.331690745821,73682
/Users/a/Ayanami/code/TSP/data/classic/tsplib/pr152.tsp,polyak,711,polyak,711,67327.202882798389,67327.331690745821,73682
/Users/a/Ayanami/code/TSP/data/classic/tsplib/pr152.tsp,polyak,712,polyak,712,67327.783931462691,67327.783931462691,73682
/Users/a/Ayanami/code/TSP/data/classic/tsplib/pr152.tsp,polyak,713,polyak,713,67326.05755550912,67327.783931462691,73682
/Users/a/Ayanami/code/TSP/data/classic/tsplib/pr152.tsp,polyak,714,polyak,714,67327.432003455382,67327.783931462691,73682
/Users/a/Ayanami/code/TSP/data/classic/tsplib/pr152.tsp,polyak,715,polyak,715,67327.61738658158,67327.783931462691,73682
/Users/a/Ayanami/code/TSP/data/classic/tsplib/pr152.tsp,polyak,716,polyak,716,67326.775318936125,67327.783931462691,73682
/Users/a/Ayanami/code/TSP/data/classic/tsplib/pr152.tsp,polyak,717,polyak,717,67327.892048055102,67327.892048055102,73682
/Users/a/Ayanami/code/TSP/data/classic/tsplib/pr152.tsp,polyak,718,polyak,718,67326.665511500527,67327.892048055102,73682
/Users/a/Ayanami/code/TSP/data/classic/tsplib/pr152.tsp,polyak,719,polyak,719,67327.685032319074,67327.892048055102,73682
/Users/a/Ayanami/code/TSP/data/classic/tsplib/pr152.tsp,polyak,720,polyak,720,67326.665295646089,67327.892048055102,73682
/Users/a/Ayanami/code/TSP/data/classic/tsplib/pr152.tsp,polyak,721,polyak,721,67327.249042649157,67327.892048055102,73682
/Users/a/Ayanami/code/TSP/data/classic/tsplib/pr152.tsp,polyak,722,polyak,722,67327.775701575112,67327.892048055102,73682
/Users/a/Ayanami/code/TSP/data/classic/tsplib/pr152.tsp,polyak,723,polyak,723,67327.214654519572,67327.892048055102,73682
/Users/a/Ayanami/code/TSP/data/classic/tsplib/pr152.tsp,polyak,724,polyak,724,67327.522832565344,67327.892048055102,73682
/Users/a/Ayanami/code/TSP/data/classic/tsplib/pr152.tsp,polyak,725,polyak,725,67328.074908260911,67328.074908260911,73682
/Users/a/Ayanami/code/TSP/data/classic/tsplib/pr152.tsp,polyak,726,polyak,726,67327.296502986836,67328.074908260911,73682
/Users/a/Ayanami/code/TSP/data/classic/tsplib/pr152.tsp,polyak,727,polyak,727,67327.598636077179,67328.074908260911,73682
/Users/a/Ayanami/code/TSP/data/classic/tsplib/pr152.tsp,polyak,728,polyak,728,67328.19347630885,67328.19347630885,73682
/Users/a/Ayanami/code/TSP/data/classic/tsplib/pr152.tsp,polyak,729,polyak,729,67327.124634273743,67328.19347630885,73682
/Users/a/Ayanami/code/TSP/data/classic/tsplib/pr152.tsp,polyak,730,polyak,730,67328.115141601695,67328.19347630885,73682
/Users/a/Ayanami/code/TSP/data/classic/tsplib/pr152.tsp,polyak,731,polyak,731,67327.479943309983,67328.19347630885,73682
/Users/a/Ayanami/code/TSP/data/classic/tsplib/pr152.tsp,polyak,732,polyak,732,67327.926278295447,67328.19347630885,73682
/Users/a/Ayanami/code/TSP/data/classic/tsplib/pr152.tsp,polyak,733,polyak,733,67328.534493753541,67328.534493753541,73682
/Users/a/Ayanami/code/TSP/data/classic/tsplib/pr152.tsp,polyak,734,polyak,734,67326.854585255234,67328.534493753541,73682
/Users/a/Ayanami/code/TSP/data/classic/tsplib/pr152.tsp,polyak,735,polyak,735,67326.791479763007,67328.534493753541,73682
/Users/a/Ayanami/code/TSP/data/classic/tsplib/pr152.tsp,polyak,736,polyak,736,67328.567407990791,67328.567407990791,73682
/Users/a/Ayanami/code/TSP/data/classic/tsplib/pr152.tsp,polyak,737,polyak,737,67327.408304207231,67328.567407990791,73682
/Users/a/Ayanami/code/TSP/data/classic/tsplib/pr152.tsp,polyak,738,polyak,738,67328.715520816739,67328.715520816739,73682
/Users/a/Ayanami/code/TSP/data/classic/tsplib/pr152.tsp,polyak,739,polyak,739,67326.717226135821,67328.715520816739,73682
/Users/a/Ayanami/code/TSP/data/classic/tsplib/pr152.tsp,polyak,740,polyak,740,67327.859022405013,67328.715520816739,73682
/Users/a/Ayanami/code/TSP/data/classic/tsplib/pr152.tsp,polyak,741,polyak,741,67328.653066516228,67328.715520816739,73682
/Users/a/Ayanami/code/TSP/data/classic/tsplib/pr152.tsp,polyak,742,polyak,742,67326.980288474806,67328.715520816739,73682
/Users/a/Ayanami/code/TSP/data/classic/tsplib/pr152.tsp,polyak,743,polyak,743,67328.450765490386,67328.715520816739,73682
/Users/a/Ayanami/code/TSP/data/classic/tsplib/pr152.tsp,polyak,744,polyak,744,67327.609622760487,67328.715520816739,73682
/Users/a/Ayanami/code/TSP/data/classic/tsplib/pr152.tsp,polyak,745,polyak,745,67328.642614611672,67328.715520816739,73682
/Users/a/Ayanami/code/TSP/data/classic/tsplib/pr152.tsp,polyak,746,polyak,746,67328.662958993387,67328.715520816739,73682
/Users/a/Ayanami/code/TSP/data/classic/tsplib/pr152.tsp,polyak,747,polyak,747,67327.613399296082,67328.715520816739,73682
/Users/a/Ayanami/code/TSP/data/classic/tsplib/pr152.tsp,polyak,748,polyak,748,67328.587229868397,67328.715520816739,73682
/Users/a/Ayanami/code/TSP/data/classic/tsplib/pr152.tsp,polyak,749,polyak,749,67327.408070794714,67328.715520816739,73682
/Users/a/Ayanami/code/TSP/data/classic/tsplib/pr152.tsp,polyak,750,polyak,750,67328.392562795634,67328.715520816739,73682
/Users/a/Ayanami/code/TSP/data/classic/tsplib/pr152.tsp,polyak,751,polyak,751,67327.787594692156,67328.715520816739,73682
/Users/a/Ayanami/code/TSP/data/classic/tsplib/pr152.tsp,polyak,752,polyak,752,67328.884409605351,67328.884409605351,73682
/Users/a/Ayanami/code/TSP/data/classic/tsplib/pr152.tsp,polyak,753,polyak,753,67329.133585130607,67329.133585130607,73682
/Users/a/Ayanami/code/TSP/data/classic/tsplib/pr152.tsp,polyak,754,polyak,754,67328.965764972527,67329.133585130607,73682
/Users/a/Ayanami/code/TSP/data/classic/tsplib/pr152.tsp,polyak,755,polyak,755,67328.946052332612,67329.133585130607,73682
/Users/a/Ayanami/code/TSP/data/classic/tsplib/pr152.tsp,polyak,756,polyak,756,67329.263340527483,67329.263340527483,73682
/Users/a/Ayanami/code/TSP/data/classic/tsplib/pr152.tsp,polyak,757,polyak,757,67329.462794678577,67329.462794678577,73682
/Users/a/Ayanami/code/TSP/data/classic/tsplib/pr152.tsp,polyak,758,polyak,758,67329.517469808561,67329.517469808561,73682
/Users/a/Ayanami/code/TSP/data/classic/tsplib/pr152.tsp,polyak,759,polyak,759,67328.694016115493,67329.517469808561,73682
/Users/a/Ayanami/code/TSP/data/classic/tsplib/pr152.tsp,polyak,760,polyak,760,67329.406507852749,67329.517469808561,73682
/Users/a/Ayanami/code/TSP/data/classic/tsplib/pr152.tsp,polyak,761,polyak,761,67329.076465841703,67329.517469808561,73682
/Users/a/Ayanami/code/TSP/data/classic/tsplib/pr152.tsp,polyak,762,polyak,762,67329.375925376778,67329.517469808561,73682
/Users/a/Ayanami/code/TSP/data/classic/tsplib/pr152.tsp,polyak,763,polyak,763,67329.291847286644,67329.517469808561,73682
/Users/a/Ayanami/code/TSP/data/classic/tsplib/pr152.tsp,polyak,764,polyak,764,67329.286218416979,67329.517469808561,73682
/Users/a/Ayanami/code/TSP/data/classic/tsplib/pr152.tsp,polyak,765,polyak,765,67329.559983673054,67329.559983673054,73682
/Users/a/Ayanami/code/TSP/data/classic/tsplib/pr152.tsp,polyak,766,polyak,766,67329.143574539557,67329.559983673054,73682
/Users/a/Ayanami/code/TSP/data/classic/tsplib/pr152.tsp,polyak,767,polyak,767,67329.349817195689,67329.559983673054,73682
/Users/a/Ayanami/code/TSP/data/classic/tsplib/pr152.tsp,polyak,768,polyak,768,67329.530902014812,67329.559983673054,73682
/Users/a/Ayanami/code/TSP/data/classic/tsplib/pr152.tsp,polyak,769,polyak,769,67329.081860388789,67329.559983673054,73682
/Users/a/Ayanami/code/TSP/data/classic/tsplib/pr152.tsp,polyak,770,polyak,770,67329.653479167187,67329.653479167187,73682
/Users/a/Ayanami/code/TSP/data/classic/tsplib/pr152.tsp,polyak,771,polyak,771,67329.506080192004,67329.653479167187,73682
/Users/a/Ayanami/code/TSP/data/classic/tsplib/pr152.tsp,polyak,772,polyak,772,67329.423805486818,67329.653479167187,73682
/Users/a/Ayanami/code/TSP/data/classic/tsplib/pr152.tsp,polyak,773,polyak,773,67329.177674867096,67329.653479167187,73682
/Users/a/Ayanami/code/TSP/data/classic/tsplib/pr152.tsp,polyak,774,polyak,774,67329.678886269394,67329.678886269394,73682
/Users/a/Ayanami/code/TSP/data/classic/tsplib/pr152.tsp,polyak,775,polyak,775,67329.250089589827,67329.678886269394,73682
/Users/a/Ayanami/code/TSP/data/classic/tsplib/pr152.tsp,polyak,776,polyak,776,67329.619733096755,67329.678886269394,73682
/Users/a/Ayanami/code/TSP/data/classic/tsplib/pr152.tsp,polyak,777,polyak,777,67329.368171293259,67329.678886269394,73682
/Users/a/Ayanami/code/TSP/data/classic/tsplib/pr152.tsp,polyak,778,polyak,778,67329.53992133493,67329.678886269394,73682
/Users/a/Ayanami/code/TSP/data/classic/tsplib/pr152.tsp,polyak,779,polyak,779,67329.821220924292,67329.821220924292,73682
/Users/a/Ayanami/code/TSP/data/classic/tsplib/pr152.tsp,polyak,780,polyak,780,67328.899519885308,67329.821220924292,73682
/Users/a/Ayanami/code/TSP/data/classic/tsplib/pr152.tsp,polyak,781,polyak,781,67329.450663649201,67329.821220924292,73682
/Users/a/Ayanami/code/TSP/data/classic/tsplib/pr152.tsp,polyak,782,polyak,782,67329.67501025497,67329.821220924292,73682
/Users/a/Ayanami/code/TSP/data/classic/tsplib/pr152.tsp,polyak,783,polyak,783,67329.053189786835,67329.821220924292,73682
/Users/a/Ayanami/code/TSP/data/classic/tsplib/pr152.tsp,polyak,784,polyak,784,67329.531735390745,67329.821220924292,73682
/Users/a/Ayanami/code/TSP/data/classic/tsplib/pr152.tsp,polyak,785,polyak,785,67329.932613804456,67329.932613804456,73682
/Users/a/Ayanami/code/TSP/data/classic/tsplib/pr152.tsp,polyak,786,polyak,786,67329.154413011289,67329.932613804456,73682
/Users/a/Ayanami/code/TSP/data/classic/tsplib/pr152.tsp,polyak,787,polyak,787,67329.970046582384,67329.970046582384,73682
/Users/a/Ayanami/code/TSP/data/classic/tsplib/pr152.tsp,polyak,788,polyak,788,67329.325322930381,67329.970046582384,73682
/Users/a/Ayanami/code/TSP/data/classic/tsplib/pr152.tsp,polyak,789,polyak,789,67329.588582846554,67329.970046582384,73682
/Users/a/Ayanami/code/TSP/data/classic/tsplib/pr152.tsp,polyak,790,polyak,790,67329.90518705461,67329.970046582384,73682
/Users/a/Ayanami/code/TSP/data/classic/tsplib/pr152.tsp,polyak,791,polyak,791,67330.086654351471,67330.086654351471,73682
/Users/a/Ayanami/code/TSP/data/classic/tsplib/pr152.tsp,polyak,792,polyak,792,67329.210633409588,67330.086654351471,73682
/Users/a/Ayanami/code/TSP/data/classic/tsplib/pr152.tsp,polyak,793,polyak,793,67329.898460146869,67330.086654351471,73682
/Users/a/Ayanami/code/TSP/data/classic/tsplib/pr152.tsp,polyak,794,polyak,794,67329.622259750162,67330.086654351471,73682
/Users/a/Ayanami/code/TSP/data/classic/tsplib/pr152.tsp,polyak,795,polyak,795,67329.766235187621,67330.086654351471,73682
/Users/a/Ayanami/code/TSP/data/classic/tsplib/pr152.tsp,polyak,796,polyak,796,67329.588129705109,67330.086654351471,73682
/Users/a/Ayanami/code/TSP/data/classic/tsplib/pr152.tsp,polyak,797,polyak,797,67330.018165269066,67330.086654351471,73682
/Users/a/Ayanami/code/TSP/data/classic/tsplib/pr152.tsp,polyak,798,polyak,798,67329.091192647567,67330.086654351471,73682
/Users/a/Ayanami/code/TSP/data/classic/tsplib/pr152.tsp,polyak,799,polyak,799,67329.787243960178,67330.086654351471,73682
/Users/a/Ayanami/code/TSP/data/classic/tsplib/pr152.tsp,polyak,800,polyak,800,67329.661467047161,67330.086654351471,73682
/Users/a/Ayanami/code/TSP/data/classic/tsplib/pr152.tsp,polyak,801,polyak,801,67329.841226621822,67330.086654351471,73682
/Users/a/Ayanami/code/TSP/data/classic/tsplib/pr152.tsp,polyak,802,polyak,802,67330.045016851553,67330.086654351471,73682
/Users/a/Ayanami/code/TSP/data/classic/tsplib/pr152.tsp,polyak,803,polyak,803,67329.555872446566,67330.086654351471,73682
/Users/a/Ayanami/code/TSP/data/classic/tsplib/pr152.tsp,polyak,804,polyak,804,67330.191972296816,67330.191972296816,73682
/Users/a/Ayanami/code/TSP/data/classic/tsplib/pr152.tsp,polyak,805,polyak,805,67330.198696886408,67330.198696886408,73682
/Users/a/Ayanami/code/TSP/data/classic/tsplib/pr152.tsp,polyak,806,polyak,806,67330.239438413861,67330.239438413861,73682
/Users/a/Ayanami/code/TSP/data/classic/tsplib/pr152.tsp,polyak,807,polyak,807,67330.195610438241,67330.239438413861,73682
/Users/a/Ayanami/code/TSP/data/classic/tsplib/pr152.tsp,polyak,808,polyak,808,67330.378384022566,67330.378384022566,73682
/Users/a/Ayanami/code/TSP/data/classic/tsplib/pr152.tsp,polyak,809,polyak,809,67329.976333789891,67330.378384022566,73682
/Users/a/Ayanami/code/TSP/data/classic/tsplib/pr152.tsp,polyak,810,polyak,810,67330.265984451078,67330.378384022566,73682
/Users/a/Ayanami/code/TSP/data/classic/tsplib/pr152.tsp,polyak,811,polyak,811,67330.070059986043,67330.378384022566,73682
/Users/a/Ayanami/code/TSP/data/classic/tsplib/pr152.tsp,polyak,812,polyak,812,67330.440853930137,67330.440853930137,73682
/Users/a/Ayanami/code/TSP/data/classic/tsplib/pr152.tsp,polyak,813,polyak,813,67329.997231384987,67330.440853930137,73682
/Users/a/Ayanami/code/TSP/data/classic/tsplib/pr152.tsp,polyak,814,polyak,814,67330.419287361568,67330.440853930137,73682
/Users/a/Ayanami/code/TSP/data/classic/tsplib/pr152.tsp,polyak,815,polyak,815,67330.167258706206,67330.440853930137,73682
/Users/a/Ayanami/code/TSP/data/classic/tsplib/pr152.tsp,polyak,816,polyak,816,67330.425003528333,67330.440853930137,73682
/Users/a/Ayanami/code/TSP/data/classic/tsplib/pr152.tsp,polyak,817,polyak,817,67330.069756036799,67330.440853930137,73682
/Users/a/Ayanami/code/TSP/data/classic/tsplib/pr152.tsp,polyak,818,polyak,818,67330.29292169059,67330.440853930137,73682
/Users/a/Ayanami/code/TSP/data/classic/tsplib/pr152.tsp,polyak,819,polyak,819,67330.518732390061,67330.518732390061,73682
/Users/a/Ayanami/code/TSP/data/classic/tsplib/pr152.tsp,polyak,820,polyak,820,67330.052121984467,67330.518732390061,73682
/Users/a/Ayanami/code/TSP/data/classic/tsplib/pr152.tsp,polyak,821,polyak,821,67330.468984325067,67330.518732390061,73682
/Users/a/Ayanami/code/TSP/data/classic/tsplib/pr152.tsp,polyak,822,polyak,822,67330.0850850977,67330.518732390061,73682
/Users/a/Ayanami/code/TSP/data/classic/tsplib/pr152.tsp,polyak,823,polyak,823,67330.414747616,67330.518732390061,73682
/Users/a/Ayanami/code/TSP/data/classic/tsplib/pr152.tsp,polyak,824,polyak,824,67330.238220091414,67330.518732390061,73682
/Users/a/Ayanami/code/TSP/data/classic/tsplib/pr152.tsp,polyak,825,polyak,825,67330.484521893261,67330.518732390061,73682
/Users/a/Ayanami/code/TSP/data/classic/tsplib/pr152.tsp,polyak,826,polyak,826,67330.226749981142,67330.518732390061,73682
/Users/a/Ayanami/code/TSP/data/classic/tsplib/pr152.tsp,polyak,827,polyak,827,67330.567396812359,67330.567396812359,73682
/Users/a/Ayanami/code/TSP/data/classic/tsplib/pr152.tsp,polyak,828,polyak,828,67330.062085146332,67330.567396812359,73682
/Users/a/Ayanami/code/TSP/data/classic/tsplib/pr152.tsp,polyak,829,polyak,829,67330.355171722098,67330.567396812359,73682
/Users/a/Ayanami/code/TSP/data/classic/tsplib/pr152.tsp,polyak,830,polyak,830,67330.362948847294,67330.567396812359,73682
/Users/a/Ayanami/code/TSP/data/classic/tsplib/pr152.tsp,polyak,831,polyak,831,67330.548883588664,67330.567396812359,73682
/Users/a/Ayanami/code/TSP/data/classic/tsplib/pr152.tsp,polyak,832,polyak,832,67330.468562067239,67330.567396812359,73682
/Users/a/Ayanami/code/TSP/data/classic/tsplib/pr152.tsp,polyak,833,polyak,833,67330.331847634618,67330.567396812359,73682
/Users/a/Ayanami/code/TSP/data/classic/tsplib/pr152.tsp,polyak,834,polyak,834,67330.644097334327,67330.644097334327,73682
/Users/a/Ayanami/code/TSP/data/classic/tsplib/pr152.tsp,polyak,835,polyak,835,67330.104925942418,67330.644097334327,73682
/Users/a/Ayanami/code/TSP/data/classic/tsplib/pr152.tsp,polyak,836,polyak,836,67330.421395369092,67330.644097334327,73682
/Users/a/Ayanami/code/TSP/data/classic/tsplib/pr152.tsp,polyak,837,polyak,837,67330.438193570895,67330.644097334327,73682
/Users/a/Ayanami/code/TSP/data/classic/tsplib/pr152.tsp,polyak,838,polyak,838,67330.345241170275,67330.644097334327,73682
/Users/a/Ayanami/code/TSP/data/classic/tsplib/pr152.tsp,polyak,839,polyak,839,67330.566805559472,67330.644097334327,73682
/Users/a/Ayanami/code/TSP/data/classic/tsplib/pr152.tsp,polyak,840,polyak,840,67330.236602518009,67330.644097334327,73682
/Users/a/Ayanami/code/TSP/data/classic/tsplib/pr152.tsp,polyak,841,polyak,841,67330.605130231459,67330.644097334327,73682
/Users/a/Ayanami/code/TSP/data/classic/tsplib/pr152.tsp,polyak,842,polyak,842,67330.674167915917,67330.674167915917,73682
/Users/a/Ayanami/code/TSP/data/classic/tsplib/pr152.tsp,polyak,843,polyak,843,67330.416796069869,67330.674167915917,73682
/Users/a/Ayanami/code/TSP/data/classic/tsplib/pr152.tsp,polyak,844,polyak,844,67330.328920961416,67330.674167915917,73682
/Users/a/Ayanami/code/TSP/data/classic/tsplib/pr152.tsp,polyak,845,polyak,845,67330.594758846593,67330.674167915917,73682
/Users/a/Ayanami/code/TSP/data/classic/tsplib/pr152.tsp,polyak,846,polyak,846,67330.459906127944,67330.674167915917,73682
/Users/a/Ayanami/code/TSP/data/classic/tsplib/pr152.tsp,polyak,847,polyak,847,67330.588798438926,67330.674167915917,73682
/Users/a/Ayanami/code/TSP/data/classic/tsplib/pr152.tsp,polyak,848,polyak,848,67330.49786130384,67330.674167915917,73682
/Users/a/Ayanami/code/TSP/data/classic/tsplib/pr152.tsp,polyak,849,polyak,849,67330.407294034521,67330.674167915917,73682
/Users/a/Ayanami/code/TSP/data/classic/tsplib/pr152.tsp,polyak,850,polyak,850,67330.610117384349,67330.674167915917,73682
/Users/a/Ayanami/code/TSP/data/classic/tsplib/pr152.tsp,polyak,851,polyak,851,67330.703861130605,67330.703861130605,73682
/Users/a/Ayanami/code/TSP/data/classic/tsplib/pr152.tsp,polyak,852,polyak,852,67330.427474669399,67330.703861130605,73682
/Users/a/Ayanami/code/TSP/data/classic/tsplib/pr152.tsp,polyak,853,polyak,853,67330.564792517209,67330.703861130605,73682
/Users/a/Ayanami/code/TSP/data/classic/tsplib/pr152.tsp,polyak,854,polyak,854,67330.667777757684,67330.703861130605,73682
/Users/a/Ayanami/code/TSP/data/classic/tsplib/pr152.tsp,polyak,855,polyak,855,67330.396662743005,67330.703861130605,73682
/Users/a/Ayanami/code/TSP/data/classic/tsplib/pr152.tsp,polyak,856,polyak,856,67330.726201441052,67330.726201441052,73682
/Users/a/Ayanami/code/TSP/data/classic/tsplib/pr152.tsp,polyak,857,polyak,857,67330.422494777813,67330.726201441052,73682
/Users/a/Ayanami/code/TSP/data/classic/tsplib/pr152.tsp,polyak,858,polyak,858,67330.600146022131,67330.726201441052,73682
/Users/a/Ayanami/code/TSP/data/classic/tsplib/pr152.tsp,polyak,859,polyak,859,67330.717703172282,67330.726201441052,73682
/Users/a/Ayanami/code/TSP/data/classic/tsplib/pr152.tsp,polyak,860,polyak,860,67330.726962655812,67330.726962655812,73682
/Users/a/Ayanami/code/TSP/data/classic/tsplib/pr152.tsp,polyak,861,polyak,861,67330.333990089071,67330.726962655812,73682
/Users/a/Ayanami/code/TSP/data/classic/tsplib/pr152.tsp,polyak,862,polyak,862,67330.832041977235,67330.832041977235,73682
/Users/a/Ayanami/code/TSP/data/classic/tsplib/pr152.tsp,polyak,863,polyak,863,67330.263240267974,67330.832041977235,73682
/Users/a/Ayanami/code/TSP/data/classic/tsplib/pr152.tsp,polyak,864,polyak,864,67330.596265532295,67330.832041977235,73682
/Users/a/Ayanami/code/TSP/data/classic/tsplib/pr152.tsp,polyak,865,polyak,865,67330.588565640675,67330.832041977235,73682
/Users/a/Ayanami/code/TSP/data/classic/tsplib/pr152.tsp,polyak,866,polyak,866,67330.539216163932,67330.832041977235,73682
/Users/a/Ayanami/code/TSP/data/classic/tsplib/pr152.tsp,polyak,867,polyak,867,67330.800563606987,67330.832041977235,73682
/Users/a/Ayanami/code/TSP/data/classic/tsplib/pr152.tsp,polyak,868,polyak,868,67330.390121287754,67330.832041977235,73682
/Users/a/Ayanami/code/TSP/data/classic/tsplib/pr152.tsp,polyak,869,polyak,869,67330.71202127618,67330.832041977235,73682
/Users/a/Ayanami/code/TSP/data/classic/tsplib/pr152.tsp,polyak,870,polyak,870,67330.689830698058,67330.832041977235,73682
/Users/a/Ayanami/code/TSP/data/classic/tsplib/pr152.tsp,polyak,871,polyak,871,67330.75300421266,67330.832041977235,73682
/Users/a/Ayanami/code/TSP/data/classic/tsplib/pr152.tsp,polyak,872,polyak,872,67330.390786754346,67330.832041977235,73682
/Users/a/Ayanami/code/TSP/data/classic/tsplib/pr152.tsp,polyak,873,polyak,873,67330.760702038737,67330.832041977235,73682
/Users/a/Ayanami/code/TSP/data/classic/tsplib/pr152.tsp,polyak,874,polyak,874,67330.690555525303,67330.832041977235,73682
/Users/a/Ayanami/code/TSP/data/classic/tsplib/pr152.tsp,polyak,875,polyak,875,67330.604340632402,67330.832041977235,73682
/Users/a/Ayanami/code/TSP/data/classic/tsplib/pr152.tsp,polyak,876,polyak,876,67330.876194649623,67330.876194649623,73682
/Users/a/Ayanami/code/TSP/data/classic/tsplib/pr152.tsp,polyak,877,polyak,877,67330.759314305527,67330.876194649623,73682
/Users/a/Ayanami/code/TSP/data/classic/tsplib/pr152.tsp,polyak,878,polyak,878,67330.92334664012,67330.92334664012,73682
/Users/a/Ayanami/code/TSP/data/classic/tsplib/pr152.tsp,polyak,879,polyak,879,67330.825037824266,67330.92334664012,73682
/Users/a/Ayanami/code/TSP/data/classic/tsplib/pr152.tsp,polyak,880,polyak,880,67330.980485581662,67330.980485581662,73682
/Users/a/Ayanami/code/TSP/data/classic/tsplib/pr152.tsp,polyak,881,polyak,881,67330.808954664593,67330.980485581662,73682
/Users/a/Ayanami/code/TSP/data/classic/tsplib/pr152.tsp,polyak,882,polyak,882,67330.959665599526,67330.980485581662,73682
/Users/a/Ayanami/code/TSP/data/classic/tsplib/pr152.tsp,polyak,883,polyak,883,67330.833923169266,67330.980485581662,73682
/Users/a/Ayanami/code/TSP/data/classic/tsplib/pr152.tsp,polyak,884,polyak,884,67330.943367323562,67330.980485581662,73682
/Users/a/Ayanami/code/TSP/data/classic/tsplib/pr152.tsp,polyak,885,polyak,885,67330.999539570694,67330.999539570694,73682
/Users/a/Ayanami/code/TSP/data/classic/tsplib/pr152.tsp,polyak,886,polyak,886,67330.790417899858,67330.999539570694,73682
/Users/a/Ayanami/code/TSP/data/classic/tsplib/pr152.tsp,polyak,887,polyak,887,67330.950599369375,67330.999539570694,73682
/Users/a/Ayanami/code/TSP/data/classic/tsplib/pr152.tsp,polyak,888,polyak,888,67330.912771226605,67330.999539570694,73682
/Users/a/Ayanami/code/TSP/data/classic/tsplib/pr152.tsp,polyak,889,polyak,889,67331.018582244025,67331.018582244025,73682
/Users/a/Ayanami/code/TSP/data/classic/tsplib/pr152.tsp,polyak,890,polyak,890,67330.890767664154,67331.018582244025,73682
/Users/a/Ayanami/code/TSP/data/classic/tsplib/pr152.tsp,polyak,891,polyak,891,67330.95274896425,67331.018582244025,73682
/Users/a/Ayanami/code/TSP/data/classic/tsplib/pr152.tsp,polyak,892,polyak,892,67331.041283024955,67331.041283024955,73682
/Users/a/Ayanami/code/TSP/data/classic/tsplib/pr152.tsp,polyak,893,polyak,893,67330.920154082181,67331.041283024955,73682
/Users/a/Ayanami/code/TSP/data/classic/tsplib/pr152.tsp,polyak,894,polyak,894,67330.98233139592,67331.041283024955,73682
/Users/a/Ayanami/code/TSP/data/classic/tsplib/pr152.tsp,polyak,895,polyak,895,67330.953843866242,67331.041283024955,73682
/Users/a/Ayanami/code/TSP/data/classic/tsplib/pr152.tsp,polyak,896,polyak,896,67331.029708880786,67331.041283024955,73682
/Users/a/Ayanami/code/TSP/data/classic/tsplib/pr152.tsp,polyak,897,polyak,897,67330.913315561076,67331.041283024955,73682
/Users/a/Ayanami/code/TSP/data/classic/tsplib/pr152.tsp,polyak,898,polyak,898,67331.06622087922,67331.06622087922,73682
/Users/a/Ayanami/code/TSP/data/classic/tsplib/pr152.tsp,polyak,899,polyak,899,67330.868003398908,67331.06622087922,73682
/Users/a/Ayanami/code/TSP/data/classic/tsplib/pr152.tsp,polyak,900,polyak,900,67331.012796087016,67331.06622087922,73682
/Users/a/Ayanami/code/TSP/data/classic/tsplib/pr152.tsp,polyak,901,polyak,901,67331.017529194578,67331.06622087922,73682
/Users/a/Ayanami/code/TSP/data/classic/tsplib/pr152.tsp,polyak,902,polyak,902,67330.893223564592,67331.06622087922,73682
/Users/a/Ayanami/code/TSP/data/classic/tsplib/pr152.tsp,polyak,903,polyak,903,67331.048570822109,67331.06622087922,73682
/Users/a/Ayanami/code/TSP/data/classic/tsplib/pr152.tsp,polyak,904,polyak,904,67330.852069945395,67331.06622087922,73682
/Users/a/Ayanami/code/TSP/data/classic/tsplib/pr152.tsp,polyak,905,polyak,905,67331.090236492528,67331.090236492528,73682
/Users/a/Ayanami/code/TSP/data/classic/tsplib/pr152.tsp,polyak,906,polyak,906,67330.926139964969,67331.090236492528,73682
/Users/a/Ayanami/code/TSP/data/classic/tsplib/pr152.tsp,polyak,907,polyak,907,67330.980796135234,67331.090236492528,73682
/Users/a/Ayanami/code/TSP/data/classic/tsplib/pr152.tsp,polyak,908,polyak,908,67330.95196336665,67331.090236492528,73682
/Users/a/Ayanami/code/TSP/data/classic/tsplib/pr152.tsp,polyak,909,polyak,909,67331.068736196001,67331.090236492528,73682
/Users/a/Ayanami/code/TSP/data/classic/tsplib/pr152.tsp,polyak,910,polyak,910,67330.970817849171,67331.090236492528,73682
/Users/a/Ayanami/code/TSP/data/classic/tsplib/pr152.tsp,polyak,911,polyak,911,67330.992794409322,67331.090236492528,73682
/Users/a/Ayanami/code/TSP/data/classic/tsplib/pr152.tsp,polyak,912,polyak,912,67331.071013136752,67331.090236492528,73682
/Users/a/Ayanami/code/TSP/data/classic/tsplib/pr152.tsp,polyak,913,polyak,913,67331.102172438113,67331.102172438113,73682
/Users/a/Ayanami/code/TSP/data/classic/tsplib/pr152.tsp,polyak,914,polyak,914,67330.903407718579,67331.102172438113,73682
/Users/a/Ayanami/code/TSP/data/classic/tsplib/pr152.tsp,polyak,915,polyak,915,67331.117290175156,67331.117290175156,73682
/Users/a/Ayanami/code/TSP/data/classic/tsplib/pr152.tsp,polyak,916,polyak,916,67331.075158071471,67331.117290175156,73682
/Users/a/Ayanami/code/TSP/data/classic/tsplib/pr152.tsp,polyak,917,polyak,917,67330.994082280435,67331.117290175156,73682
/Users/a/Ayanami/code/TSP/data/classic/tsplib/pr152.tsp,polyak,918,polyak,918,67331.035609011757,67331.117290175156,73682
/Users/a/Ayanami/code/TSP/data/classic/tsplib/pr152.tsp,polyak,919,polyak,919,67330.952405990756,67331.117290175156,73682
/Users/a/Ayanami/code/TSP/data/classic/tsplib/pr152.tsp,polyak,920,polyak,920,67331.097912877653,67331.117290175156,73682
/Users/a/Ayanami/code/TSP/data/classic/tsplib/pr152.tsp,polyak,921,polyak,921,67330.965158773542,67331.117290175156,73682
/Users/a/Ayanami/code/TSP/data/classic/tsplib/pr152.tsp,polyak,922,polyak,922,67331.111587052903,67331.117290175156,73682
/Users/a/Ayanami/code/TSP/data/classic/tsplib/pr152.tsp,polyak,923,polyak,923,67330.979238708198,67331.117290175156,73682
/Users/a/Ayanami/code/TSP/data/classic/tsplib/pr152.tsp,polyak,924,polyak,924,67331.119405686826,67331.119405686826,73682
/Users/a/Ayanami/code/TSP/data/classic/tsplib/pr152.tsp,polyak,925,polyak,925,67331.022129843623,67331.119405686826,73682
/Users/a/Ayanami/code/TSP/data/classic/tsplib/pr152.tsp,polyak,926,polyak,926,67331.18164324938,67331.18164324938,73682
/Users/a/Ayanami/code/TSP/data/classic/tsplib/pr152.tsp,polyak,927,polyak,927,67330.98411318475,67331.18164324938,73682
/Users/a/Ayanami/code/TSP/data/classic/tsplib/pr152.tsp,polyak,928,polyak,928,67331.043052659574,67331.18164324938,73682
/Users/a/Ayanami/code/TSP/data/classic/tsplib/pr152.tsp,polyak,929,polyak,929,67331.148200691823,67331.18164324938,73682
/Users/a/Ayanami/code/TSP/data/classic/tsplib/pr152.tsp,polyak,930,polyak,930,67330.929596142319,67331.18164324938,73682
/Users/a/Ayanami/code/TSP/data/classic/tsplib/pr152.tsp,polyak,931,polyak,931,67330.980925051743,67331.18164324938,73682
/Users/a/Ayanami/code/TSP/data/classic/tsplib/pr152.tsp,polyak,932,polyak,932,67331.097387817164,67331.18164324938,73682
/Users/a/Ayanami/code/TSP/data/classic/tsplib/pr152.tsp,polyak,933,polyak,933,67331.06303261689,67331.18164324938,73682
/Users/a/Ayanami/code/TSP/data/classic/tsplib/pr152.tsp,polyak,934,polyak,934,67331.03576539112,67331.18164324938,73682
/Users/a/Ayanami/code/TSP/data/classic/tsplib/pr152.tsp,polyak,935,polyak,935,67331.157085489031,67331.18164324938,73682
/Users/a/Ayanami/code/TSP/data/classic/tsplib/pr152.tsp,polyak,936,polyak,936,67331.066727390295,67331.18164324938,73682
/Users/a/Ayanami/code/TSP/data/classic/tsplib/pr152.tsp,polyak,937,polyak,937,67331.16122593543,67331.18164324938,73682
/Users/a/Ayanami/code/TSP/data/classic/tsplib/pr152.tsp,polyak,938,polyak,938,67330.983411669018,67331.18164324938,73682
/Users/a/Ayanami/code/TSP/data/classic/tsplib/pr152.tsp,polyak,939,polyak,939,67331.128921021969,67331.18164324938,73682
/Users/a/Ayanami/code/TSP/data/classic/tsplib/pr152.tsp,polyak,940,polyak,940,67331.222616406114,67331.222616406114,73682
/Users/a/Ayanami/code/TSP/data/classic/tsplib/pr152.tsp,polyak,941,polyak,941,67331.15803911179,67331.222616406114,73682
/Users/a/Ayanami/code/TSP/data/classic/tsplib/pr152.tsp,polyak,942,polyak,942,67331.199270760946,67331.222616406114,73682
/Users/a/Ayanami/code/TSP/data/classic/tsplib/pr152.tsp,polyak,943,polyak,943,67331.215628246035,67331.222616406114,73682
/Users/a/Ayanami/code/TSP/data/classic/tsplib/pr152.tsp,polyak,944,polyak,944,67331.202990653925,67331.222616406114,73682
/Users/a/Ayanami/code/TSP/data/classic/tsplib/pr152.tsp,polyak,945,polyak,945,67331.240494918442,67331.240494918442,73682
/Users/a/Ayanami/code/TSP/data/classic/tsplib/pr152.tsp,polyak,946,polyak,946,67331.206427352197,67331.240494918442,73682
/Users/a/Ayanami/code/TSP/data/classic/tsplib/pr152.tsp,polyak,947,polyak,947,67331.180876089958,67331.240494918442,73682
/Users/a/Ayanami/code/TSP/data/classic/tsplib/pr152.tsp,polyak,948,polyak,948,67331.23470085724,67331.240494918442,73682
/Users/a/Ayanami/code/TSP/data/classic/tsplib/pr152.tsp,polyak,949,polyak,949,67331.251144960275,67331.251144960275,73682
/Users/a/Ayanami/code/TSP/data/classic/tsplib/pr152.tsp,polyak,950,polyak,950,67331.12967886102,67331.251144960275,73682
/Users/a/Ayanami/code/TSP/data/classic/tsplib/pr152.tsp,polyak,951,polyak,951,67331.228212266826,67331.251144960275,73682
/Users/a/Ayanami/code/TSP/data/classic/tsplib/pr152.tsp,polyak,952,polyak,952,67331.203777008632,67331.251144960275,73682
/Users/a/Ayanami/code/TSP/data/classic/tsplib/pr152.tsp,polyak,953,polyak,953,67331.280334270574,67331.280334270574,73682
/Users/a/Ayanami/code/TSP/data/classic/tsplib/pr152.tsp,polyak,954,polyak,954,67331.159545516464,67331.280334270574,73682
/Users/a/Ayanami/code/TSP/data/classic/tsplib/pr152.tsp,polyak,955,polyak,955,67331.230369264231,67331.280334270574,73682
/Users/a/Ayanami/code/TSP/data/classic/tsplib/pr152.tsp,polyak,956,polyak,956,67331.223500696186,67331.280334270574,73682
/Users/a/Ayanami/code/TSP/data/classic/tsplib/pr152.tsp,polyak,957,polyak,957,67331.224194381808,67331.280334270574,73682
/Users/a/Ayanami/code/TSP/data/classic/tsplib/pr152.tsp,polyak,958,polyak,958,67331.270702867521,67331.280334270574,73682
/Users/a/Ayanami/code/TSP/data/classic/tsplib/pr152.tsp,polyak,959,polyak,959,67331.18501662332,67331.280334270574,73682
/Users/a/Ayanami/code/TSP/data/classic/tsplib/pr152.tsp,polyak,960,polyak,960,67331.250737921044,67331.280334270574,73682
/Users/a/Ayanami/code/TSP/data/classic/tsplib/pr152.tsp,polyak,961,polyak,961,67331.232802263403,67331.280334270574,73682
/Users/a/Ayanami/code/TSP/data/classic/tsplib/pr152.tsp,polyak,962,polyak,962,67331.248470307764,67331.280334270574,73682
/Users/a/Ayanami/code/TSP/data/classic/tsplib/pr152.tsp,polyak,963,polyak,963,67331.21619135284,67331.280334270574,73682
/Users/a/Ayanami/code/TSP/data/classic/tsplib/pr152.tsp,polyak,964,polyak,964,67331.287930400591,67331.287930400591,73682
/Users/a/Ayanami/code/TSP/data/classic/tsplib/pr152.tsp,polyak,965,polyak,965,67331.168450283134,67331.287930400591,73682
/Users/a/Ayanami/code/TSP/data/classic/tsplib/pr152.tsp,polyak,966,polyak,966,67331.238191940458,67331.287930400591,73682
/Users/a/Ayanami/code/TSP/data/classic/tsplib/pr152.tsp,polyak,967,polyak,967,67331.270698523993,67331.287930400591,73682
/Users/a/Ayanami/code/TSP/data/classic/tsplib/pr152.tsp,polyak,968,polyak,968,67331.258623405141,67331.287930400591,73682
/Users/a/Ayanami/code/TSP/data/classic/tsplib/pr152.tsp,polyak,969,polyak,969,67331.265169744365,67331.287930400591,73682
/Users/a/Ayanami/code/TSP/data/classic/tsplib/pr152.tsp,polyak,970,polyak,970,67331.264159280516,67331.287930400591,73682
/Users/a/Ayanami/code/TSP/data/classic/tsplib/pr152.tsp,polyak,971,polyak,971,67331.267977552881,67331.287930400591,73682
/Users/a/Ayanami/code/TSP/data/classic/tsplib/pr152.tsp,polyak,972,polyak,972,67331.261038938945,67331.287930400591,73682
/Users/a/Ayanami/code/TSP/data/classic/tsplib/pr152.tsp,polyak,973,polyak,973,67331.29488038554,67331.29488038554,73682
/Users/a/Ayanami/code/TSP/data/classic/tsplib/pr152.tsp,polyak,974,polyak,974,67331.23216073087,67331.29488038554,73682
/Users/a/Ayanami/code/TSP/data/classic/tsplib/pr152.tsp,polyak,975,polyak,975,67331.288095861717,67331.29488038554,73682
/Users/a/Ayanami/code/TSP/data/classic/tsplib/pr152.tsp,polyak,976,polyak,976,67331.231942517465,67331.29488038554,73682
/Users/a/Ayanami/code/TSP/data/classic/tsplib/pr152.tsp,polyak,977,polyak,977,67331.322130443805,67331.322130443805,73682
/Users/a/Ayanami/code/TSP/data/classic/tsplib/pr152.tsp,polyak,978,polyak,978,67331.217200531813,67331.322130443805,73682
/Users/a/Ayanami/code/TSP/data/classic/tsplib/pr152.tsp,polyak,979,polyak,979,67331.295396115122,67331.322130443805,73682
/Users/a/Ayanami/code/TSP/data/classic/tsplib/pr152.tsp,polyak,980,polyak,980,67331.236997648448,67331.322130443805,73682
/Users/a/Ayanami/code/TSP/data/classic/tsplib/pr152.tsp,polyak,981,polyak,981,67331.289599122727,67331.322130443805,73682
/Users/a/Ayanami/code/TSP/data/classic/tsplib/pr152.tsp,polyak,982,polyak,982,67331.279811452157,67331.322130443805,73682
/Users/a/Ayanami/code/TSP/data/classic/tsplib/pr152.tsp,polyak,983,polyak,983,67331.273778646049,67331.322130443805,73682
/Users/a/Ayanami/code/TSP/data/classic/tsplib/pr152.tsp,polyak,984,polyak,984,67331.323195056801,67331.323195056801,73682
/Users/a/Ayanami/code/TSP/data/classic/tsplib/pr152.tsp,polyak,985,polyak,985,67331.246024197942,67331.323195056801,73682
/Users/a/Ayanami/code/TSP/data/classic/tsplib/pr152.tsp,polyak,986,polyak,986,67331.290545532858,67331.323195056801,73682
/Users/a/Ayanami/code/TSP/data/classic/tsplib/pr152.tsp,polyak,987,polyak,987,67331.310005246443,67331.323195056801,73682
/Users/a/Ayanami/code/TSP/data/classic/tsplib/pr152.tsp,polyak,988,polyak,988,67331.274559592828,67331.323195056801,73682
/Users/a/Ayanami/code/TSP/data/classic/tsplib/pr152.tsp,polyak,989,polyak,989,67331.301819402346,67331.323195056801,73682
/Users/a/Ayanami/code/TSP/data/classic/tsplib/pr152.tsp,polyak,990,polyak,990,67331.310779079664,67331.323195056801,73682
/Users/a/Ayanami/code/TSP/data/classic/tsplib/pr152.tsp,polyak,991,polyak,991,67331.354541449269,67331.354541449269,73682
/Users/a/Ayanami/code/TSP/data/classic/tsplib/pr152.tsp,polyak,992,polyak,992,67331.173742888117,67331.354541449269,73682
/Users/a/Ayanami/code/TSP/data/classic/tsplib/pr152.tsp,polyak,993,polyak,993,67331.264374403094,67331.354541449269,73682
/Users/a/Ayanami/code/TSP/data/classic/tsplib/pr152.tsp,polyak,994,polyak,994,67331.318194612017,67331.354541449269,73682
/Users/a/Ayanami/code/TSP/data/classic/tsplib/pr152.tsp,polyak,995,polyak,995,67331.258295787964,67331.354541449269,73682
/Users/a/Ayanami/code/TSP/data/classic/tsplib/pr152.tsp,polyak,996,polyak,996,67331.312746484764,67331.354541449269,73682
/Users/a/Ayanami/code/TSP/data/classic/tsplib/pr152.tsp,polyak,997,polyak,997,67331.289907590588,67331.354541449269,73682
/Users/a/Ayanami/code/TSP/data/classic/tsplib/pr152.tsp,polyak,998,polyak,998,67331.300201276084,67331.354541449269,73682
/Users/a/Ayanami/code/TSP/data/classic/tsplib/pr152.tsp,polyak,999,polyak,999,67331.359853377711,67331.359853377711,73682
/Users/a/Ayanami/code/TSP/data/classic/tsplib/pr152.tsp,polyak,1000,polyak,1000,67331.260590761201,67331.359853377711,73682
/Users/a/Ayanami/code/TSP/data/classic/tsplib/pr152.tsp,polyak,1001,polyak,1001,67331.288745297425,67331.359853377711,73682
/Users/a/Ayanami/code/TSP/data/classic/tsplib/pr152.tsp,polyak,1002,polyak,1002,67331.329466056079,67331.359853377711,73682
/Users/a/Ayanami/code/TSP/data/classic/tsplib/pr152.tsp,polyak,1003,polyak,1003,67331.305100748403,67331.359853377711,73682
/Users/a/Ayanami/code/TSP/data/classic/tsplib/pr152.tsp,polyak,1004,polyak,1004,67331.329566944303,67331.359853377711,73682
/Users/a/Ayanami/code/TSP/data/classic/tsplib/pr152.tsp,polyak,1005,polyak,1005,67331.29211244121,67331.359853377711,73682
/Users/a/Ayanami/code/TSP/data/classic/tsplib/pr152.tsp,polyak,1006,polyak,1006,67331.342273230941,67331.359853377711,73682
/Users/a/Ayanami/code/TSP/data/classic/tsplib/pr152.tsp,polyak,1007,polyak,1007,67331.282179210015,67331.359853377711,73682
/Users/a/Ayanami/code/TSP/data/classic/tsplib/pr152.tsp,polyak,1008,polyak,1008,67331.358789261925,67331.359853377711,73682
/Users/a/Ayanami/code/TSP/data/classic/tsplib/pr152.tsp,polyak,1009,polyak,1009,67331.269433338093,67331.359853377711,73682
/Users/a/Ayanami/code/TSP/data/classic/tsplib/pr152.tsp,polyak,1010,polyak,1010,67331.302591950807,67331.359853377711,73682
/Users/a/Ayanami/code/TSP/data/classic/tsplib/pr152.tsp,polyak,1011,polyak,1011,67331.366686398673,67331.366686398673,73682
/Users/a/Ayanami/code/TSP/data/classic/tsplib/pr152.tsp,polyak,1012,polyak,1012,67331.301456554676,67331.366686398673,73682
/Users/a/Ayanami/code/TSP/data/classic/tsplib/pr152.tsp,polyak,1013,polyak,1013,67331.326220536459,67331.366686398673,73682
/Users/a/Ayanami/code/TSP/data/classic/tsplib/pr152.tsp,polyak,1014,polyak,1014,67331.374488654765,67331.374488654765,73682
/Users/a/Ayanami/code/TSP/data/classic/tsplib/pr152.tsp,polyak,1015,polyak,1015,67331.295926026156,67331.374488654765,73682
/Users/a/Ayanami/code/TSP/data/classic/tsplib/pr152.tsp,polyak,1016,polyak,1016,67331.354595247089,67331.374488654765,73682
/Users/a/Ayanami/code/TSP/data/classic/tsplib/pr152.tsp,polyak,1017,polyak,1017,67331.300977050967,67331.374488654765,73682
/Users/a/Ayanami/code/TSP/data/classic/tsplib/pr152.tsp,polyak,1018,polyak,1018,67331.360596956423,67331.374488654765,73682
/Users/a/Ayanami/code/TSP/data/classic/tsplib/pr152.tsp,polyak,1019,polyak,1019,67331.287028923689,67331.374488654765,73682
/Users/a/Ayanami/code/TSP/data/classic/tsplib/pr152.tsp,polyak,1020,polyak,1020,67331.371377923599,67331.374488654765,73682
/Users/a/Ayanami/code/TSP/data/classic/tsplib/pr152.tsp,polyak,1021,polyak,1021,67331.287622404314,67331.374488654765,73682
/Users/a/Ayanami/code/TSP/data/classic/tsplib/pr152.tsp,polyak,1022,polyak,1022,67331.351048578596,67331.374488654765,73682
/Users/a/Ayanami/code/TSP/data/classic/tsplib/pr152.tsp,polyak,1023,polyak,1023,67331.392706079365,67331.392706079365,73682
/Users/a/Ayanami/code/TSP/data/classic/tsplib/pr152.tsp,polyak,1024,polyak,1024,67331.264167474277,67331.392706079365,73682
/Users/a/Ayanami/code/TSP/data/classic/tsplib/pr152.tsp,polyak,1025,polyak,1025,67331.365728864912,67331.392706079365,73682
/Users/a/Ayanami/code/TSP/data/classic/tsplib/pr152.tsp,polyak,1026,polyak,1026,67331.3507050888,67331.392706079365,73682
/Users/a/Ayanami/code/TSP/data/classic/tsplib/pr152.tsp,polyak,1027,polyak,1027,67331.388264424662,67331.392706079365,73682
/Users/a/Ayanami/code/TSP/data/classic/tsplib/pr152.tsp,polyak,1028,polyak,1028,67331.31534277313,67331.392706079365,73682
/Users/a/Ayanami/code/TSP/data/classic/tsplib/pr152.tsp,polyak,1029,polyak,1029,67331.388878541955,67331.392706079365,73682
/Users/a/Ayanami/code/TSP/data/classic/tsplib/pr152.tsp,polyak,1030,polyak,1030,67331.362848718069,67331.392706079365,73682
/Users/a/Ayanami/code/TSP/data/classic/tsplib/pr152.tsp,polyak,1031,polyak,1031,67331.323130070959,67331.392706079365,73682
/Users/a/Ayanami/code/TSP/data/classic/tsplib/pr152.tsp,polyak,1032,polyak,1032,67331.357697099942,67331.392706079365,73682
/Users/a/Ayanami/code/TSP/data/classic/tsplib/pr152.tsp,polyak,1033,polyak,1033,67331.390990644039,67331.392706079365,73682
/Users/a/Ayanami/code/TSP/data/classic/tsplib/pr152.tsp,polyak,1034,polyak,1034,67331.347367144932,67331.392706079365,73682
/Users/a/Ayanami/code/TSP/data/classic/tsplib/pr152.tsp,polyak,1035,polyak,1035,67331.350315507298,67331.392706079365,73682
/Users/a/Ayanami/code/TSP/data/classic/tsplib/pr152.tsp,polyak,1036,polyak,1036,67331.398994597286,67331.398994597286,73682
/Users/a/Ayanami/code/TSP/data/classic/tsplib/pr152.tsp,polyak,1037,polyak,1037,67331.398792862004,67331.398994597286,73682
/Users/a/Ayanami/code/TSP/data/classic/tsplib/pr152.tsp,polyak,1038,polyak,1038,67331.399117798617,67331.399117798617,73682
/Users/a/Ayanami/code/TSP/data/classic/tsplib/pr152.tsp,polyak,1039,polyak,1039,67331.427329182523,67331.427329182523,73682
/Users/a/Ayanami/code/TSP/data/classic/tsplib/pr152.tsp,polyak,1040,polyak,1040,67331.373407261373,67331.427329182523,73682
/Users/a/Ayanami/code/TSP/data/classic/tsplib/pr152.tsp,polyak,1041,polyak,1041,67331.404395087404,67331.427329182523,73682
/Users/a/Ayanami/code/TSP/data/classic/tsplib/pr152.tsp,polyak,1042,polyak,1042,67331.418263781816,67331.427329182523,73682
/Users/a/Ayanami/code/TSP/data/classic/tsplib/pr152.tsp,polyak,1043,polyak,1043,67331.427879874391,67331.427879874391,73682
/Users/a/Ayanami/code/TSP/data/classic/tsplib/pr152.tsp,polyak,1044,polyak,1044,67331.401078601702,67331.427879874391,73682
/Users/a/Ayanami/code/TSP/data/classic/tsplib/pr152.tsp,polyak,1045,polyak,1045,67331.438000428476,67331.438000428476,73682
/Users/a/Ayanami/code/TSP/data/classic/tsplib/pr152.tsp,polyak,1046,polyak,1046,67331.396361543477,67331.438000428476,73682
/Users/a/Ayanami/code/TSP/data/classic/tsplib/pr152.tsp,polyak,1047,polyak,1047,67331.436119157646,67331.438000428476,73682
/Users/a/Ayanami/code/TSP/data/classic/tsplib/pr152.tsp,polyak,1048,polyak,1048,67331.436687968759,67331.438000428476,73682
/Users/a/Ayanami/code/TSP/data/classic/tsplib/pr152.tsp,polyak,1049,polyak,1049,67331.408339208618,67331.438000428476,73682
/Users/a/Ayanami/code/TSP/data/classic/tsplib/pr152.tsp,polyak,1050,polyak,1050,67331.44658697964,67331.44658697964,73682
/Users/a/Ayanami/code/TSP/data/classic/tsplib/pr152.tsp,polyak,1051,polyak,1051,67331.419245938989,67331.44658697964,73682
/Users/a/Ayanami/code/TSP/data/classic/tsplib/pr152.tsp,polyak,1052,polyak,1052,67331.434350346593,67331.44658697964,73682
/Users/a/Ayanami/code/TSP/data/classic/tsplib/pr152.tsp,polyak,1053,polyak,1053,67331.433086616482,67331.44658697964,73682
/Users/a/Ayanami/code/TSP/data/classic/tsplib/pr152.tsp,polyak,1054,polyak,1054,67331.42081719276,67331.44658697964,73682
/Users/a/Ayanami/code/TSP/data/classic/tsplib/pr152.tsp,polyak,1055,polyak,1055,67331.430751831547,67331.44658697964,73682
/Users/a/Ayanami/code/TSP/data/classic/tsplib/pr152.tsp,polyak,1056,polyak,1056,67331.458186833377,67331.458186833377,73682
/Users/a/Ayanami/code/TSP/data/classic/tsplib/pr152.tsp,polyak,1057,polyak,1057,67331.393991733741,67331.458186833377,73682
/Users/a/Ayanami/code/TSP/data/classic/tsplib/pr152.tsp,polyak,1058,polyak,1058,67331.452389720711,67331.458186833377,73682
/Users/a/Ayanami/code/TSP/data/classic/tsplib/pr152.tsp,polyak,1059,polyak,1059,67331.391961076602,67331.458186833377,73682
/Users/a/Ayanami/code/TSP/data/classic/tsplib/pr152.tsp,polyak,1060,polyak,1060,67331.439691144173,67331.458186833377,73682
/Users/a/Ayanami/code/TSP/data/classic/tsplib/pr152.tsp,polyak,1061,polyak,1061,67331.443360006335,67331.458186833377,73682
/Users/a/Ayanami/code/TSP/data/classic/tsplib/pr152.tsp,polyak,1062,polyak,1062,67331.447345182503,67331.458186833377,73682
/Users/a/Ayanami/code/TSP/data/classic/tsplib/pr152.tsp,polyak,1063,polyak,1063,67331.43529825208,67331.458186833377,73682
/Users/a/Ayanami/code/TSP/data/classic/tsplib/pr152.tsp,polyak,1064,polyak,1064,67331.447359992759,67331.458186833377,73682
/Users/a/Ayanami/code/TSP/data/classic/tsplib/pr152.tsp,polyak,1065,polyak,1065,67331.433824632011,67331.458186833377,73682
/Users/a/Ayanami/code/TSP/data/classic/tsplib/pr152.tsp,polyak,1066,polyak,1066,67331.440715920864,67331.458186833377,73682
/Users/a/Ayanami/code/TSP/data/classic/tsplib/pr152.tsp,polyak,1067,polyak,1067,67331.462852711149,67331.462852711149,73682
/Users/a/Ayanami/code/TSP/data/classic/tsplib/pr152.tsp,polyak,1068,polyak,1068,67331.41937711119,67331.462852711149,73682
/Users/a/Ayanami/code/TSP/data/classic/tsplib/pr152.tsp,polyak,1069,polyak,1069,67331.462292585842,67331.462852711149,73682
/Users/a/Ayanami/code/TSP/data/classic/tsplib/pr152.tsp,polyak,1070,polyak,1070,67331.420962556804,67331.462852711149,73682
/Users/a/Ayanami/code/TSP/data/classic/tsplib/pr152.tsp,polyak,1071,polyak,1071,67331.451978302997,67331.462852711149,73682
/Users/a/Ayanami/code/TSP/data/classic/tsplib/pr152.tsp,polyak,1072,polyak,1072,67331.418347908228,67331.462852711149,73682
/Users/a/Ayanami/code/TSP/data/classic/tsplib/pr152.tsp,polyak,1073,polyak,1073,67331.459438087521,67331.462852711149,73682
/Users/a/Ayanami/code/TSP/data/classic/tsplib/pr152.tsp,polyak,1074,polyak,1074,67331.431958268469,67331.462852711149,73682
/Users/a/Ayanami/code/TSP/data/classic/tsplib/pr152.tsp,polyak,1075,polyak,1075,67331.468279703273,67331.468279703273,73682
/Users/a/Ayanami/code/TSP/data/classic/tsplib/pr152.tsp,polyak,1076,polyak,1076,67331.409967743617,67331.468279703273,73682
/Users/a/Ayanami/code/TSP/data/classic/tsplib/pr152.tsp,polyak,1077,polyak,1077,67331.461092149242,67331.468279703273,73682
/Users/a/Ayanami/code/TSP/data/classic/tsplib/pr152.tsp,polyak,1078,polyak,1078,67331.442809651446,67331.468279703273,73682
/Users/a/Ayanami/code/TSP/data/classic/tsplib/pr152.tsp,polyak,1079,polyak,1079,67331.467791878109,67331.468279703273,73682
/Users/a/Ayanami/code/TSP/data/classic/tsplib/pr152.tsp,polyak,1080,polyak,1080,67331.43505802282,67331.468279703273,73682
/Users/a/Ayanami/code/TSP/data/classic/tsplib/pr152.tsp,polyak,1081,polyak,1081,67331.475471007041,67331.475471007041,73682
/Users/a/Ayanami/code/TSP/data/classic/tsplib/pr152.tsp,polyak,1082,polyak,1082,67331.444942727481,67331.475471007041,73682
/Users/a/Ayanami/code/TSP/data/classic/tsplib/pr152.tsp,polyak,1083,polyak,1083,67331.465265116902,67331.475471007041,73682
/Users/a/Ayanami/code/TSP/data/classic/tsplib/pr152.tsp,polyak,1084,polyak,1084,67331.433703160132,67331.475471007041,73682
/Users/a/Ayanami/code/TSP/data/classic/tsplib/pr152.tsp,polyak,1085,polyak,1085,67331.474928776719,67331.475471007041,73682
/Users/a/Ayanami/code/TSP/data/classic/tsplib/pr152.tsp,polyak,1086,polyak,1086,67331.433881976423,67331.475471007041,73682
/Users/a/Ayanami/code/TSP/data/classic/tsplib/pr152.tsp,polyak,1087,polyak,1087,67331.472020053887,67331.475471007041,73682
/Users/a/Ayanami/code/TSP/data/classic/tsplib/pr152.tsp,polyak,1088,polyak,1088,67331.446213520263,67331.475471007041,73682
/Users/a/Ayanami/code/TSP/data/classic/tsplib/pr152.tsp,polyak,1089,polyak,1089,67331.466707239189,67331.475471007041,73682
/Users/a/Ayanami/code/TSP/data/classic/tsplib/pr152.tsp,polyak,1090,polyak,1090,67331.438802718956,67331.475471007041,73682
/Users/a/Ayanami/code/TSP/data/classic/tsplib/pr152.tsp,polyak,1091,polyak,1091,67331.47368124791,67331.475471007041,73682
/Users/a/Ayanami/code/TSP/data/classic/tsplib/pr152.tsp,polyak,1092,polyak,1092,67331.477407652783,67331.477407652783,73682
/Users/a/Ayanami/code/TSP/data/classic/tsplib/pr152.tsp,polyak,1093,polyak,1093,67331.438609338351,67331.477407652783,73682
/Users/a/Ayanami/code/TSP/data/classic/tsplib/pr152.tsp,polyak,1094,polyak,1094,67331.487015971157,67331.487015971157,73682
/Users/a/Ayanami/code/TSP/data/classic/tsplib/pr152.tsp,polyak,1095,polyak,1095,67331.455155676857,67331.487015971157,73682
/Users/a/Ayanami/code/TSP/data/classic/tsplib/pr152.tsp,polyak,1096,polyak,1096,67331.458900567159,67331.487015971157,73682
/Users/a/Ayanami/code/TSP/data/classic/tsplib/pr152.tsp,polyak,1097,polyak,1097,67331.454439289111,67331.487015971157,73682
/Users/a/Ayanami/code/TSP/data/classic/tsplib/pr152.tsp,polyak,1098,polyak,1098,67331.489798798866,67331.489798798866,73682
/Users/a/Ayanami/code/TSP/data/classic/tsplib/pr152.tsp,polyak,1099,polyak,1099,67331.435084281475,67331.489798798866,73682
/Users/a/Ayanami/code/TSP/data/classic/tsplib/pr152.tsp,polyak,1100,polyak,1100,67331.470599233144,67331.489798798866,73682
/Users/a/Ayanami/code/TSP/data/classic/tsplib/pr152.tsp,polyak,1101,polyak,1101,67331.451804634955,67331.489798798866,73682
/Users/a/Ayanami/code/TSP/data/classic/tsplib/pr152.tsp,polyak,1102,polyak,1102,67331.483483507545,67331.489798798866,73682
/Users/a/Ayanami/code/TSP/data/classic/tsplib/pr152.tsp,polyak,1103,polyak,1103,67331.496576436577,67331.496576436577,73682
/Users/a/Ayanami/code/TSP/data/classic/tsplib/pr152.tsp,polyak,1104,polyak,1104,67331.45469060012,67331.496576436577,73682
/Users/a/Ayanami/code/TSP/data/classic/tsplib/pr152.tsp,polyak,1105,polyak,1105,67331.482256426549,67331.496576436577,73682
/Users/a/Ayanami/code/TSP/data/classic/tsplib/pr152.tsp,polyak,1106,polyak,1106,67331.45962879021,67331.496576436577,73682
/Users/a/Ayanami/code/TSP/data/classic/tsplib/pr152.tsp,polyak,1107,polyak,1107,67331.487593497732,67331.496576436577,73682
/Users/a/Ayanami/code/TSP/data/classic/tsplib/pr152.tsp,polyak,1108,polyak,1108,67331.463901738214,67331.496576436577,73682
/Users/a/Ayanami/code/TSP/data/classic/tsplib/pr152.tsp,polyak,1109,polyak,1109,67331.453798913557,67331.496576436577,73682
/Users/a/Ayanami/code/TSP/data/classic/tsplib/pr152.tsp,polyak,1110,polyak,1110,67331.49137096465,67331.496576436577,73682
/Users/a/Ayanami/code/TSP/data/classic/tsplib/pr152.tsp,polyak,1111,polyak,1111,67331.463670712314,67331.496576436577,73682
/Users/a/Ayanami/code/TSP/data/classic/tsplib/pr152.tsp,polyak,1112,polyak,1112,67331.476655949562,67331.496576436577,73682
/Users/a/Ayanami/code/TSP/data/classic/tsplib/pr152.tsp,polyak,1113,polyak,1113,67331.496510825746,67331.496576436577,73682
/Users/a/Ayanami/code/TSP/data/classic/tsplib/pr152.tsp,polyak,1114,polyak,1114,67331.491442696555,67331.496576436577,73682
/Users/a/Ayanami/code/TSP/data/classic/tsplib/pr152.tsp,polyak,1115,polyak,1115,67331.435892803114,67331.496576436577,73682
/Users/a/Ayanami/code/TSP/data/classic/tsplib/pr152.tsp,helsgaun,1,helsgaun,1,59775,59775,73682
/Users/a/Ayanami/code/TSP/data/classic/tsplib/pr152.tsp,helsgaun,2,helsgaun,2,59800,59800,73682
/Users/a/Ayanami/code/TSP/data/classic/tsplib/pr152.tsp,helsgaun,3,helsgaun,3,59849.399999999994,59849.399999999994,73682
/Users/a/Ayanami/code/TSP/data/classic/tsplib/pr152.tsp,helsgaun,4,helsgaun,4,59948.400000000001,59948.400000000001,73682
/Users/a/Ayanami/code/TSP/data/classic/tsplib/pr152.tsp,helsgaun,5,helsgaun,5,60124.799999999988,60124.799999999988,73682
/Users/a/Ayanami/code/TSP/data/classic/tsplib/pr152.tsp,helsgaun,6,helsgaun,6,60490.200000000012,60490.200000000012,73682
/Users/a/Ayanami/code/TSP/data/classic/tsplib/pr152.tsp,helsgaun,7,helsgaun,7,60932.200000000012,60932.200000000012,73682
/Users/a/Ayanami/code/TSP/data/classic/tsplib/pr152.tsp,helsgaun,8,helsgaun,8,61700.199999999975,61700.199999999975,73682
/Users/a/Ayanami/code/TSP/data/classic/tsplib/pr152.tsp,helsgaun,9,helsgaun,9,61032.800000000017,61700.199999999975,73682
/Users/a/Ayanami/code/TSP/data/classic/tsplib/pr152.tsp,helsgaun,10,helsgaun,10,60770.80000000001,61700.199999999975,73682
/Users/a/Ayanami/code/TSP/data/classic/tsplib/pr152.tsp,helsgaun,11,helsgaun,11,59799.600000000013,61700.199999999975,73682
/Users/a/Ayanami/code/TSP/data/classic/tsplib/pr152.tsp,helsgaun,12,helsgaun,12,60092.400000000001,61700.199999999975,73682
/Users/a/Ayanami/code/TSP/data/classic/tsplib/pr152.tsp,helsgaun,13,helsgaun,13,60204.600000000013,61700.199999999975,73682
/Users/a/Ayanami/code/TSP/data/classic/tsplib/pr152.tsp,helsgaun,14,helsgaun,14,60173,61700.199999999975,73682
/Users/a/Ayanami/code/TSP/data/classic/tsplib/pr152.tsp,helsgaun,15,helsgaun,15,60699.999999999993,61700.199999999975,73682
/Users/a/Ayanami/code/TSP/data/classic/tsplib/pr152.tsp,helsgaun,16,helsgaun,16,60051.599999999999,61700.199999999975,73682
/Users/a/Ayanami/code/TSP/data/classic/tsplib/pr152.tsp,helsgaun,17,helsgaun,17,60603.19999999999,61700.199999999975,73682
/Users/a/Ayanami/code/TSP/data/classic/tsplib/pr152.tsp,helsgaun,18,helsgaun,18,61134.600000000013,61700.199999999975,73682
/Users/a/Ayanami/code/TSP/data/classic/tsplib/pr152.tsp,helsgaun,19,helsgaun,19,60856.400000000001,61700.199999999975,73682
/Users/a/Ayanami/code/TSP/data/classic/tsplib/pr152.tsp,helsgaun,20,helsgaun,20,60397,61700.199999999975,73682
/Users/a/Ayanami/code/TSP/data/classic/tsplib/pr152.tsp,helsgaun,21,helsgaun,21,60698.799999999996,61700.199999999975,73682
/Users/a/Ayanami/code/TSP/data/classic/tsplib/pr152.tsp,helsgaun,22,helsgaun,22,60745.399999999987,61700.199999999975,73682
/Users/a/Ayanami/code/TSP/data/classic/tsplib/pr152.tsp,helsgaun,23,helsgaun,23,60753.600000000006,61700.199999999975,73682
/Users/a/Ayanami/code/TSP/data/classic/tsplib/pr152.tsp,helsgaun,24,helsgaun,24,60574.400000000016,61700.199999999975,73682
/Users/a/Ayanami/code/TSP/data/classic/tsplib/pr152.tsp,helsgaun,25,helsgaun,25,60771.599999999999,61700.199999999975,73682
/Users/a/Ayanami/code/TSP/data/classic/tsplib/pr152.tsp,helsgaun,26,helsgaun,26,60272.600000000006,61700.199999999975,73682
/Users/a/Ayanami/code/TSP/data/classic/tsplib/pr152.tsp,helsgaun,27,helsgaun,27,60739.599999999999,61700.199999999975,73682
/Users/a/Ayanami/code/TSP/data/classic/tsplib/pr152.tsp,helsgaun,28,helsgaun,28,60315.400000000016,61700.199999999975,73682
/Users/a/Ayanami/code/TSP/data/classic/tsplib/pr152.tsp,helsgaun,29,helsgaun,29,60844.400000000023,61700.199999999975,73682
/Users/a/Ayanami/code/TSP/data/classic/tsplib/pr152.tsp,helsgaun,30,helsgaun,30,61555.80000000001,61700.199999999975,73682
/Users/a/Ayanami/code/TSP/data/classic/tsplib/pr152.tsp,helsgaun,31,helsgaun,31,61025.000000000015,61700.199999999975,73682
/Users/a/Ayanami/code/TSP/data/classic/tsplib/pr152.tsp,helsgaun,32,helsgaun,32,60267.600000000013,61700.199999999975,73682
/Users/a/Ayanami/code/TSP/data/classic/tsplib/pr152.tsp,helsgaun,33,helsgaun,33,60369.199999999997,61700.199999999975,73682
/Users/a/Ayanami/code/TSP/data/classic/tsplib/pr152.tsp,helsgaun,34,helsgaun,34,61719.000000000015,61719.000000000015,73682
/Users/a/Ayanami/code/TSP/data/classic/tsplib/pr152.tsp,helsgaun,35,helsgaun,35,61921.200000000019,61921.200000000019,73682
/Users/a/Ayanami/code/TSP/data/classic/tsplib/pr152.tsp,helsgaun,36,helsgaun,36,60886.400000000009,61921.200000000019,73682
/Users/a/Ayanami/code/TSP/data/classic/tsplib/pr152.tsp,helsgaun,37,helsgaun,37,61517.600000000006,61921.200000000019,73682
/Users/a/Ayanami/code/TSP/data/classic/tsplib/pr152.tsp,helsgaun,38,helsgaun,38,61092.599999999999,61921.200000000019,73682
/Users/a/Ayanami/code/TSP/data/classic/tsplib/pr152.tsp,helsgaun,39,helsgaun,39,61866.600000000006,61921.200000000019,73682
/Users/a/Ayanami/code/TSP/data/classic/tsplib/pr152.tsp,helsgaun,40,helsgaun,40,61616.200000000012,61921.200000000019,73682
/Users/a/Ayanami/code/TSP/data/classic/tsplib/pr152.tsp,helsgaun,41,helsgaun,41,61847.000000000015,61921.200000000019,73682
/Users/a/Ayanami/code/TSP/data/classic/tsplib/pr152.tsp,helsgaun,42,helsgaun,42,60959.800000000032,61921.200000000019,73682
/Users/a/Ayanami/code/TSP/data/classic/tsplib/pr152.tsp,helsgaun,43,helsgaun,43,61501,61921.200000000019,73682
/Users/a/Ayanami/code/TSP/data/classic/tsplib/pr152.tsp,helsgaun,44,helsgaun,44,61202.399999999987,61921.200000000019,73682
/Users/a/Ayanami/code/TSP/data/classic/tsplib/pr152.tsp,helsgaun,45,helsgaun,45,61159.400000000009,61921.200000000019,73682
/Users/a/Ayanami/code/TSP/data/classic/tsplib/pr152.tsp,helsgaun,46,helsgaun,46,60650.200000000004,61921.200000000019,73682
/Users/a/Ayanami/code/TSP/data/classic/tsplib/pr152.tsp,helsgaun,47,helsgaun,47,60532.799999999988,61921.200000000019,73682
/Users/a/Ayanami/code/TSP/data/classic/tsplib/pr152.tsp,helsgaun,48,helsgaun,48,60674.19999999999,61921.200000000019,73682
/Users/a/Ayanami/code/TSP/data/classic/tsplib/pr152.tsp,helsgaun,49,helsgaun,49,61144.000000000007,61921.200000000019,73682
/Users/a/Ayanami/code/TSP/data/classic/tsplib/pr152.tsp,helsgaun,50,helsgaun,50,61124.599999999991,61921.200000000019,73682
/Users/a/Ayanami/code/TSP/data/classic/tsplib/pr152.tsp,helsgaun,51,helsgaun,51,60885.000000000007,61921.200000000019,73682
/Users/a/Ayanami/code/TSP/data/classic/tsplib/pr152.tsp,helsgaun,52,helsgaun,52,61280.800000000003,61921.200000000019,73682
/Users/a/Ayanami/code/TSP/data/classic/tsplib/pr152.tsp,helsgaun,53,helsgaun,53,61666.399999999987,61921.200000000019,73682
/Users/a/Ayanami/code/TSP/data/classic/tsplib/pr152.tsp,helsgaun,54,helsgaun,54,61501.600000000013,61921.200000000019,73682
/Users/a/Ayanami/code/TSP/data/classic/tsplib/pr152.tsp,helsgaun,55,helsgaun,55,61193.600000000028,61921.200000000019,73682
/Users/a/Ayanami/code/TSP/data/classic/tsplib/pr152.tsp,helsgaun,56,helsgaun,56,61683.599999999999,61921.200000000019,73682
/Users/a/Ayanami/code/TSP/data/classic/tsplib/pr152.tsp,helsgaun,57,helsgaun,57,62019.200000000004,62019.200000000004,73682
/Users/a/Ayanami/code/TSP/data/classic/tsplib/pr152.tsp,helsgaun,58,helsgaun,58,62358.800000000017,62358.800000000017,73682
/Users/a/Ayanami/code/TSP/data/classic/tsplib/pr152.tsp,helsgaun,59,helsgaun,59,62154.199999999997,62358.800000000017,73682
/Users/a/Ayanami/code/TSP/data/classic/tsplib/pr152.tsp,helsgaun,60,helsgaun,60,62161.600000000028,62358.800000000017,73682
/Users/a/Ayanami/code/TSP/data/classic/tsplib/pr152.tsp,helsgaun,61,helsgaun,61,60944.400000000009,62358.800000000017,73682
/Users/a/Ayanami/code/TSP/data/classic/tsplib/pr152.tsp,helsgaun,62,helsgaun,62,61411.999999999993,62358.800000000017,73682
/Users/a/Ayanami/code/TSP/data/classic/tsplib/pr152.tsp,helsgaun,63,helsgaun,63,61510.800000000017,62358.800000000017,73682
/Users/a/Ayanami/code/TSP/data/classic/tsplib/pr152.tsp,helsgaun,64,helsgaun,64,62348.800000000003,62358.800000000017,73682
/Users/a/Ayanami/code/TSP/data/classic/tsplib/pr152.tsp,helsgaun,65,helsgaun,65,62461.800000000003,62461.800000000003,73682
/Users/a/Ayanami/code/TSP/data/classic/tsplib/pr152.tsp,helsgaun,66,helsgaun,66,61732.399999999994,62461.800000000003,73682
/Users/a/Ayanami/code/TSP/data/classic/tsplib/pr152.tsp,helsgaun,67,helsgaun,67,62699.200000000012,62699.200000000012,73682
/Users/a/Ayanami/code/TSP/data/classic/tsplib/pr152.tsp,helsgaun,68,helsgaun,68,62076.60000000002,62699.200000000012,73682
/Users/a/Ayanami/code/TSP/data/classic/tsplib/pr152.tsp,helsgaun,69,helsgaun,69,62303.200000000004,62699.200000000012,73682
/Users/a/Ayanami/code/TSP/data/classic/tsplib/pr152.tsp,helsgaun,70,helsgaun,70,61376.600000000028,62699.200000000012,73682
/Users/a/Ayanami/code/TSP/data/classic/tsplib/pr152.tsp,helsgaun,71,helsgaun,71,61221.200000000019,62699.200000000012,73682
/Users/a/Ayanami/code/TSP/data/classic/tsplib/pr152.tsp,helsgaun,72,helsgaun,72,61728.599999999991,62699.200000000012,73682
/Users/a/Ayanami/code/TSP/data/classic/tsplib/pr152.tsp,helsgaun,73,helsgaun,73,61512.800000000017,62699.200000000012,73682
/Users/a/Ayanami/code/TSP/data/classic/tsplib/pr152.tsp,helsgaun,74,helsgaun,74,61839.000000000029,62699.200000000012,73682
/Users/a/Ayanami/code/TSP/data/classic/tsplib/pr152.tsp,helsgaun,75,helsgaun,75,61966.400000000009,62699.200000000012,73682
/Users/a/Ayanami/code/TSP/data/classic/tsplib/pr152.tsp,helsgaun,76,helsgaun,76,62644.600000000006,62699.200000000012,73682
/Users/a/Ayanami/code/TSP/data/classic/tsplib/pr152.tsp,helsgaun,77,helsgaun,77,62323.80000000001,62699.200000000012,73682
/Users/a/Ayanami/code/TSP/data/classic/tsplib/pr152.tsp,helsgaun,78,helsgaun,78,63329.199999999997,63329.199999999997,73682
/Users/a/Ayanami/code/TSP/data/classic/tsplib/pr152.tsp,helsgaun,79,helsgaun,79,64334.800000000003,64334.800000000003,73682
/Users/a/Ayanami/code/TSP/data/classic/tsplib/pr152.tsp,helsgaun,80,helsgaun,80,64642.799999999988,64642.799999999988,73682
/Users/a/Ayanami/code/TSP/data/classic/tsplib/pr152.tsp,helsgaun,81,helsgaun,81,64985.000000000022,64985.000000000022,73682
/Users/a/Ayanami/code/TSP/data/classic/tsplib/pr152.tsp,helsgaun,82,helsgaun,82,64691.599999999991,64985.000000000022,73682
/Users/a/Ayanami/code/TSP/data/classic/tsplib/pr152.tsp,helsgaun,83,helsgaun,83,64760.400000000023,64985.000000000022,73682
/Users/a/Ayanami/code/TSP/data/classic/tsplib/pr152.tsp,helsgaun,84,helsgaun,84,64651.599999999977,64985.000000000022,73682
/Users/a/Ayanami/code/TSP/data/classic/tsplib/pr152.tsp,helsgaun,85,helsgaun,85,64843.800000000003,64985.000000000022,73682
/Users/a/Ayanami/code/TSP/data/classic/tsplib/pr152.tsp,helsgaun,86,helsgaun,86,64731.200000000004,64985.000000000022,73682
/Users/a/Ayanami/code/TSP/data/classic/tsplib/pr152.tsp,helsgaun,87,helsgaun,87,64921.80000000001,64985.000000000022,73682
/Users/a/Ayanami/code/TSP/data/classic/tsplib/pr152.tsp,helsgaun,88,helsgaun,88,64957.80000000001,64985.000000000022,73682
/Users/a/Ayanami/code/TSP/data/classic/tsplib/pr152.tsp,helsgaun,89,helsgaun,89,64903.800000000017,64985.000000000022,73682
/Users/a/Ayanami/code/TSP/data/classic/tsplib/pr152.tsp,helsgaun,90,helsgaun,90,64719.799999999996,64985.000000000022,73682
/Users/a/Ayanami/code/TSP/data/classic/tsplib/pr152.tsp,helsgaun,91,helsgaun,91,64925.600000000006,64985.000000000022,73682
/Users/a/Ayanami/code/TSP/data/classic/tsplib/pr152.tsp,helsgaun,92,helsgaun,92,64787.799999999996,64985.000000000022,73682
/Users/a/Ayanami/code/TSP/data/classic/tsplib/pr152.tsp,helsgaun,93,helsgaun,93,64880.200000000004,64985.000000000022,73682
/Users/a/Ayanami/code/TSP/data/classic/tsplib/pr152.tsp,helsgaun,94,helsgaun,94,64953.19999999999,64985.000000000022,73682
/Users/a/Ayanami/code/TSP/data/classic/tsplib/pr152.tsp,helsgaun,95,helsgaun,95,64988,64988,73682
/Users/a/Ayanami/code/TSP/data/classic/tsplib/pr152.tsp,helsgaun,96,helsgaun,96,64976.19999999999,64988,73682
/Users/a/Ayanami/code/TSP/data/classic/tsplib/pr152.tsp,helsgaun,97,helsgaun,97,64991.199999999983,64991.199999999983,73682
/Users/a/Ayanami/code/TSP/data/classic/tsplib/pr152.tsp,helsgaun,98,helsgaun,98,64789.599999999977,64991.199999999983,73682
/Users/a/Ayanami/code/TSP/data/classic/tsplib/pr152.tsp,helsgaun,99,helsgaun,99,64973.399999999987,64991.199999999983,73682
/Users/a/Ayanami/code/TSP/data/classic/tsplib/pr152.tsp,helsgaun,100,helsgaun,100,65081,65081,73682
/Users/a/Ayanami/code/TSP/data/classic/tsplib/pr152.tsp,helsgaun,101,helsgaun,101,64940.200000000012,65081,73682
/Users/a/Ayanami/code/TSP/data/classic/tsplib/pr152.tsp,helsgaun,102,helsgaun,102,64666.000000000007,65081,73682
/Users/a/Ayanami/code/TSP/data/classic/tsplib/pr152.tsp,helsgaun,103,helsgaun,103,65000,65081,73682
/Users/a/Ayanami/code/TSP/data/classic/tsplib/pr152.tsp,helsgaun,104,helsgaun,104,64465.800000000017,65081,73682
/Users/a/Ayanami/code/TSP/data/classic/tsplib/pr152.tsp,helsgaun,105,helsgaun,105,64686.599999999999,65081,73682
/Users/a/Ayanami/code/TSP/data/classic/tsplib/pr152.tsp,helsgaun,106,helsgaun,106,64691.399999999994,65081,73682
/Users/a/Ayanami/code/TSP/data/classic/tsplib/pr152.tsp,helsgaun,107,helsgaun,107,64904.200000000012,65081,73682
/Users/a/Ayanami/code/TSP/data/classic/tsplib/pr152.tsp,helsgaun,108,helsgaun,108,65145.799999999988,65145.799999999988,73682
/Users/a/Ayanami/code/TSP/data/classic/tsplib/pr152.tsp,helsgaun,109,helsgaun,109,64876.800000000003,65145.799999999988,73682
/Users/a/Ayanami/code/TSP/data/classic/tsplib/pr152.tsp,helsgaun,110,helsgaun,110,64870.399999999994,65145.799999999988,73682
/Users/a/Ayanami/code/TSP/data/classic/tsplib/pr152.tsp,helsgaun,111,helsgaun,111,64649.199999999997,65145.799999999988,73682
/Users/a/Ayanami/code/TSP/data/classic/tsplib/pr152.tsp,helsgaun,112,helsgaun,112,64887.000000000007,65145.799999999988,73682
/Users/a/Ayanami/code/TSP/data/classic/tsplib/pr152.tsp,helsgaun,113,helsgaun,113,65104.200000000004,65145.799999999988,73682
/Users/a/Ayanami/code/TSP/data/classic/tsplib/pr152.tsp,helsgaun,114,helsgaun,114,64866,65145.799999999988,73682
/Users/a/Ayanami/code/TSP/data/classic/tsplib/pr152.tsp,helsgaun,115,helsgaun,115,65060.000000000015,65145.799999999988,73682
/Users/a/Ayanami/code/TSP/data/classic/tsplib/pr152.tsp,helsgaun,116,helsgaun,116,65466.599999999991,65466.599999999991,73682
/Users/a/Ayanami/code/TSP/data/classic/tsplib/pr152.tsp,helsgaun,117,helsgaun,117,65611.200000000012,65611.200000000012,73682
/Users/a/Ayanami/code/TSP/data/classic/tsplib/pr152.tsp,helsgaun,118,helsgaun,118,65691,65691,73682
/Users/a/Ayanami/code/TSP/data/classic/tsplib/pr152.tsp,helsgaun,119,helsgaun,119,65638.199999999997,65691,73682
/Users/a/Ayanami/code/TSP/data/classic/tsplib/pr152.tsp,helsgaun,120,helsgaun,120,65717.199999999997,65717.199999999997,73682
/Users/a/Ayanami/code/TSP/data/classic/tsplib/pr152.tsp,helsgaun,121,helsgaun,121,65684.199999999997,65717.199999999997,73682
/Users/a/Ayanami/code/TSP/data/classic/tsplib/pr152.tsp,helsgaun,122,helsgaun,122,65735.799999999974,65735.799999999974,73682
/Users/a/Ayanami/code/TSP/data/classic/tsplib/pr152.tsp,helsgaun,123,helsgaun,123,65649.200000000012,65735.799999999974,73682
/Users/a/Ayanami/code/TSP/data/classic/tsplib/pr152.tsp,helsgaun,124,helsgaun,124,65760.199999999997,65760.199999999997,73682
/Users/a/Ayanami/code/TSP/data/classic/tsplib/pr152.tsp,helsgaun,125,helsgaun,125,65774.599999999991,65774.599999999991,73682
/Users/a/Ayanami/code/TSP/data/classic/tsplib/pr152.tsp,helsgaun,126,helsgaun,126,65736.799999999988,65774.599999999991,73682
/Users/a/Ayanami/code/TSP/data/classic/tsplib/pr152.tsp,helsgaun,127,helsgaun,127,65656.400000000009,65774.599999999991,73682
/Users/a/Ayanami/code/TSP/data/classic/tsplib/pr152.tsp,helsgaun,128,helsgaun,128,65736.000000000015,65774.599999999991,73682
/Users/a/Ayanami/code/TSP/data/classic/tsplib/pr152.tsp,helsgaun,129,helsgaun,129,65801.199999999983,65801.199999999983,73682
/Users/a/Ayanami/code/TSP/data/classic/tsplib/pr152.tsp,helsgaun,130,helsgaun,130,65695.399999999994,65801.199999999983,73682
/Users/a/Ayanami/code/TSP/data/classic/tsplib/pr152.tsp,helsgaun,131,helsgaun,131,65732.200000000012,65801.199999999983,73682
/Users/a/Ayanami/code/TSP/data/classic/tsplib/pr152.tsp,helsgaun,132,helsgaun,132,65665.600000000006,65801.199999999983,73682
/Users/a/Ayanami/code/TSP/data/classic/tsplib/pr152.tsp,helsgaun,133,helsgaun,133,65727.000000000015,65801.199999999983,73682
/Users/a/Ayanami/code/TSP/data/classic/tsplib/pr152.tsp,helsgaun,134,helsgaun,134,65691.800000000003,65801.199999999983,73682
/Users/a/Ayanami/code/TSP/data/classic/tsplib/pr152.tsp,helsgaun,135,helsgaun,135,65821.799999999988,65821.799999999988,73682
/Users/a/Ayanami/code/TSP/data/classic/tsplib/pr152.tsp,helsgaun,136,helsgaun,136,65925.200000000012,65925.200000000012,73682
/Users/a/Ayanami/code/TSP/data/classic/tsplib/pr152.tsp,helsgaun,137,helsgaun,137,66002.199999999997,66002.199999999997,73682
/Users/a/Ayanami/code/TSP/data/classic/tsplib/pr152.tsp,helsgaun,138,helsgaun,138,65992.000000000015,66002.199999999997,73682
/Users/a/Ayanami/code/TSP/data/classic/tsplib/pr152.tsp,helsgaun,139,helsgaun,139,65995.800000000032,66002.199999999997,73682
/Users/a/Ayanami/code/TSP/data/classic/tsplib/pr152.tsp,helsgaun,140,helsgaun,140,66038.199999999983,66038.199999999983,73682
/Users/a/Ayanami/code/TSP/data/classic/tsplib/pr152.tsp,helsgaun,141,helsgaun,141,66015.200000000012,66038.199999999983,73682
/Users/a/Ayanami/code/TSP/data/classic/tsplib/pr152.tsp,helsgaun,142,helsgaun,142,66053.399999999994,66053.399999999994,73682
/Users/a/Ayanami/code/TSP/data/classic/tsplib/pr152.tsp,helsgaun,143,helsgaun,143,66062.000000000015,66062.000000000015,73682
/Users/a/Ayanami/code/TSP/data/classic/tsplib/pr152.tsp,helsgaun,144,helsgaun,144,66080.400000000009,66080.400000000009,73682
/Users/a/Ayanami/code/TSP/data/classic/tsplib/pr152.tsp,helsgaun,145,helsgaun,145,66149.800000000003,66149.800000000003,73682
/Users/a/Ayanami/code/TSP/data/classic/tsplib/pr152.tsp,helsgaun,146,helsgaun,146,66157.200000000012,66157.200000000012,73682
/Users/a/Ayanami/code/TSP/data/classic/tsplib/pr152.tsp,helsgaun,147,helsgaun,147,66179.200000000026,66179.200000000026,73682
/Users/a/Ayanami/code/TSP/data/classic/tsplib/pr152.tsp,helsgaun,148,helsgaun,148,66158,66179.200000000026,73682
/Users/a/Ayanami/code/TSP/data/classic/tsplib/pr152.tsp,helsgaun,149,helsgaun,149,66166.399999999994,66179.200000000026,73682
/Users/a/Ayanami/code/TSP/data/classic/tsplib/pr152.tsp,helsgaun,150,helsgaun,150,66185.800000000003,66185.800000000003,73682
/Users/a/Ayanami/code/TSP/data/classic/tsplib/pr152.tsp,helsgaun,151,helsgaun,151,66163.600000000006,66185.800000000003,73682
/Users/a/Ayanami/code/TSP/data/classic/tsplib/pr152.tsp,helsgaun,152,helsgaun,152,66194.800000000003,66194.800000000003,73682
/Users/a/Ayanami/code/TSP/data/classic/tsplib/pr152.tsp,helsgaun,153,helsgaun,153,66210.60000000002,66210.60000000002,73682
/Users/a/Ayanami/code/TSP/data/classic/tsplib/pr152.tsp,helsgaun,154,helsgaun,154,66211.399999999994,66211.399999999994,73682
/Users/a/Ayanami/code/TSP/data/classic/tsplib/pr152.tsp,helsgaun,155,helsgaun,155,66211.399999999994,66211.399999999994,73682
/Users/a/Ayanami/code/TSP/data/classic/tsplib/pr152.tsp,helsgaun,156,helsgaun,156,66215.399999999994,66215.399999999994,73682
/Users/a/Ayanami/code/TSP/data/classic/tsplib/pr152.tsp,helsgaun,157,helsgaun,157,66214.400000000009,66215.399999999994,73682
/Users/a/Ayanami/code/TSP/data/classic/tsplib/pr152.tsp,helsgaun,158,helsgaun,158,66222.399999999994,66222.399999999994,73682
/Users/a/Ayanami/code/TSP/data/classic/tsplib/pr152.tsp,helsgaun,159,helsgaun,159,66227.199999999997,66227.199999999997,73682
/Users/a/Ayanami/code/TSP/data/classic/tsplib/pr152.tsp,helsgaun,160,helsgaun,160,66233.800000000003,66233.800000000003,73682
/Users/a/Ayanami/code/TSP/data/classic/tsplib/pr152.tsp,helsgaun,161,helsgaun,161,66236.799999999988,66236.799999999988,73682
/Users/a/Ayanami/code/TSP/data/classic/tsplib/pr152.tsp,helsgaun,162,helsgaun,162,66235.199999999983,66236.799999999988,73682
/Users/a/Ayanami/code/TSP/data/classic/tsplib/pr152.tsp,helsgaun,163,helsgaun,163,66239,66239,73682
/Users/a/Ayanami/code/TSP/data/classic/tsplib/pr152.tsp,helsgaun,164,helsgaun,164,66235,66239,73682
/Users/a/Ayanami/code/TSP/data/classic/tsplib/pr152.tsp,helsgaun,165,helsgaun,165,66237.399999999994,66239,73682
/Users/a/Ayanami/code/TSP/data/classic/tsplib/pr152.tsp,helsgaun,166,helsgaun,166,66236.600000000006,66239,73682
/Users/a/Ayanami/code/TSP/data/classic/tsplib/pr152.tsp,helsgaun,167,helsgaun,167,66238.199999999997,66239,73682
/Users/a/Ayanami/code/TSP/data/classic/tsplib/pr152.tsp,helsgaun,168,helsgaun,168,66242.200000000012,66242.200000000012,73682
/Users/a/Ayanami/code/TSP/data/classic/tsplib/pr152.tsp,helsgaun,169,helsgaun,169,66243.300000000003,66243.300000000003,73682
/Users/a/Ayanami/code/TSP/data/classic/tsplib/pr152.tsp,helsgaun,170,helsgaun,170,66241.900000000009,66243.300000000003,73682
/Users/a/Ayanami/code/TSP/data/classic/tsplib/pr152.tsp,helsgaun,171,helsgaun,171,66245.999999999985,66245.999999999985,73682
/Users/a/Ayanami/code/TSP/data/classic/tsplib/pr152.tsp,helsgaun,172,helsgaun,172,66247.049999999959,66247.049999999959,73682
/Users/a/Ayanami/code/TSP/data/classic/tsplib/pr152.tsp,helsgaun,173,helsgaun,173,66246.699999999997,66247.049999999959,73682
/Users/a/Ayanami/code/TSP/data/classic/tsplib/pr152.tsp,helsgaun,174,helsgaun,174,66247.574999999983,66247.574999999983,73682
/Users/a/Ayanami/code/TSP/data/classic/tsplib/pr152.tsp,helsgaun,175,helsgaun,175,66248.550000000003,66248.550000000003,73682
/Users/a/Ayanami/code/TSP/data/classic/tsplib/pr152.tsp,helsgaun,176,helsgaun,176,66248.949999999997,66248.949999999997,73682
/Users/a/Ayanami/code/TSP/data/classic/tsplib/pr152.tsp,helsgaun,177,helsgaun,177,66249.349999999991,66249.349999999991,73682
/Users/a/Ayanami/code/TSP/data/classic/tsplib/pr152.tsp,helsgaun,178,helsgaun,178,66249.575000000012,66249.575000000012,73682
/Users/a/Ayanami/code/TSP/data/classic/tsplib/pr152.tsp,helsgaun,179,helsgaun,179,66249.550000000003,66249.575000000012,73682
/Users/a/Ayanami/code/TSP/data/classic/tsplib/pr152.tsp,helsgaun,180,helsgaun,180,66249.668749999983,66249.668749999983,73682
/Users/a/Ayanami/code/TSP/data/classic/tsplib/pr152.tsp,helsgaun,181,helsgaun,181,66249.768749999988,66249.768749999988,73682
/Users/a/Ayanami/code/TSP/data/classic/tsplib/pr152.tsp,helsgaun,182,helsgaun,182,66249.799999999988,66249.799999999988,73682
/Users/a/Ayanami/code/TSP/data/classic/tsplib/pr152.tsp,helsgaun,183,helsgaun,183,66249.826562500006,66249.826562500006,73682
/Users/a/Ayanami/code/TSP/data/classic/tsplib/pr152.tsp,helsgaun,184,helsgaun,184,66249.844531249997,66249.844531249997,73682
/Users/a/Ayanami/code/TSP/data/classic/tsplib/pr152.tsp,helsgaun,185,helsgaun,185,66249.875781249997,66249.875781249997,73682
/Users/a/Ayanami/code/TSP/data/classic/tsplib/pr152.tsp,helsgaun,186,helsgaun,186,66249.890234374994,66249.890234374994,73682
/Users/a/Ayanami/code/TSP/data/classic/tsplib/pr152.tsp,helsgaun,187,helsgaun,187,66249.89453125,66249.89453125,73682
/Users/a/Ayanami/code/TSP/data/classic/tsplib/pr152.tsp,helsgaun,188,helsgaun,188,66249.900781249991,66249.900781249991,73682
/Users/a/Ayanami/code/TSP/data/classic/tsplib/pr152.tsp,helsgaun,189,helsgaun,189,66249.90683593748,66249.90683593748,73682
/Users/a/Ayanami/code/TSP/data/classic/tsplib/pr152.tsp,helsgaun,190,helsgaun,190,66249.90859375002,66249.90859375002,73682
/Users/a/Ayanami/code/TSP/data/classic/tsplib/pr152.tsp,helsgaun,191,helsgaun,191,66249.910937499997,66249.910937499997,73682
/Users/a/Ayanami/code/TSP/data/classic/tsplib/pr152.tsp,helsgaun,192,helsgaun,192,66249.911669921872,66249.911669921872,73682
/Users/a/Ayanami/code/TSP/data/classic/tsplib/pr152.tsp,helsgaun,193,helsgaun,193,66249.913281250003,66249.913281250003,73682
/Users/a/Ayanami/code/TSP/data/classic/tsplib/pr152.tsp,helsgaun,194,helsgaun,194,66249.913696289062,66249.913696289062,73682
/Users/a/Ayanami/code/TSP/data/classic/tsplib/pr152.tsp,helsgaun,195,helsgaun,195,66249.91447753906,66249.91447753906,73682
/Users/a/Ayanami/code/TSP/data/classic/tsplib/pr152.tsp,helsgaun,196,helsgaun,196,66249.914599609372,66249.914599609372,73682
/Users/a/Ayanami/code/TSP/data/classic/tsplib/pr152.tsp,helsgaun,197,helsgaun,197,66249.91496582031,66249.91496582031,73682
/Users/a/Ayanami/code/TSP/data/classic/tsplib/pr152.tsp,helsgaun,198,helsgaun,198,66249.9151184082,66249.9151184082,73682
/Users/a/Ayanami/code/TSP/data/classic/tsplib/pr152.tsp,helsgaun,199,helsgaun,199,66249.915264892581,66249.915264892581,73682
/Users/a/Ayanami/code/TSP/data/classic/tsplib/pr152.tsp,helsgaun,200,helsgaun,200,66249.915325927723,66249.915325927723,73682
/Users/a/Ayanami/code/TSP/data/classic/tsplib/pr152.tsp,helsgaun,201,helsgaun,201,66249.915423583967,66249.915423583967,73682
/Users/a/Ayanami/code/TSP/data/classic/tsplib/pr152.tsp,helsgaun,202,helsgaun,202,66249.915446472165,66249.915446472165,73682
/Users/a/Ayanami/code/TSP/data/classic/tsplib/pr152.tsp,helsgaun,203,helsgaun,203,66249.915489196777,66249.915489196777,73682
/Users/a/Ayanami/code/TSP/data/classic/tsplib/pr152.tsp,helsgaun,204,helsgaun,204,66249.915508270264,66249.915508270264,73682
/Users/a/Ayanami/code/TSP/data/classic/tsplib/pr152.tsp,helsgaun,205,helsgaun,205,66249.915521240226,66249.915521240226,73682
/Users/a/Ayanami/code/TSP/data/classic/tsplib/pr152.tsp,helsgaun,206,helsgaun,206,66249.915526580822,66249.915526580822,73682
/Users/a/Ayanami/code/TSP/data/classic/tsplib/pr152.tsp,helsgaun,207,helsgaun,207,66249.915541076654,66249.915541076654,73682
/Users/a/Ayanami/code/TSP/data/classic/tsplib/pr152.tsp,helsgaun,208,helsgaun,208,66249.915545082098,66249.915545082098,73682
/Users/a/Ayanami/code/TSP/data/classic/tsplib/pr152.tsp,helsgaun,209,helsgaun,209,66249.915550613397,66249.915550613397,73682
/Users/a/Ayanami/code/TSP/data/classic/tsplib/pr152.tsp,helsgaun,210,helsgaun,210,66249.91555318833,66249.91555318833,73682
/Users/a/Ayanami/code/TSP/data/classic/tsplib/pr152.tsp,helsgaun,211,helsgaun,211,66249.915555095664,66249.915555095664,73682
/Users/a/Ayanami/code/TSP/data/classic/tsplib/pr152.tsp,helsgaun,212,helsgaun,212,66249.915556240085,66249.915556240085,73682
/Users/a/Ayanami/code/TSP/data/classic/tsplib/pr152.tsp,helsgaun,213,helsgaun,213,66249.915557622895,66249.915557622895,73682
/Users/a/Ayanami/code/TSP/data/classic/tsplib/pr152.tsp,helsgaun,214,helsgaun,214,66249.915558075896,66249.915558075896,73682
/Users/a/Ayanami/code/TSP/data/classic/tsplib/pr152.tsp,helsgaun,215,helsgaun,215,66249.915558671957,66249.915558671957,73682
/Users/a/Ayanami/code/TSP/data/classic/tsplib/pr152.tsp,helsgaun,216,helsgaun,216,66249.915558969966,66249.915558969966,73682
/Users/a/Ayanami/code/TSP/data/classic/tsplib/pr152.tsp,helsgaun,217,helsgaun,217,66249.915559220317,66249.915559220317,73682
/Users/a/Ayanami/code/TSP/data/classic/tsplib/pr152.tsp,helsgaun,218,helsgaun,218,66249.915559369329,66249.915559369329,73682
/Users/a/Ayanami/code/TSP/data/classic/tsplib/pr152.tsp,helsgaun,219,helsgaun,219,66249.915559613699,66249.915559613699,73682
/Users/a/Ayanami/code/TSP/data/classic/tsplib/pr152.tsp,helsgaun,220,helsgaun,220,66249.915559691188,66249.915559613699,73682
/Users/a/Ayanami/code/TSP/data/classic/tsplib/pr152.tsp,helsgaun,221,helsgaun,221,66249.915559744826,66249.915559744826,73682
/Users/a/Ayanami/code/TSP/data/classic/tsplib/pr152.tsp,hybrid,1,polyak,1,59775,59775,73682
/Users/a/Ayanami/code/TSP/data/classic/tsplib/pr152.tsp,hybrid,2,polyak,2,-5545.2000000000953,59775,73682
/Users/a/Ayanami/code/TSP/data/classic/tsplib/pr152.tsp,hybrid,3,polyak,3,41574.203940886699,59775,73682
/Users/a/Ayanami/code/TSP/data/classic/tsplib/pr152.tsp,hybrid,4,polyak,4,29840.652990851522,59775,73682
/Users/a/Ayanami/code/TSP/data/classic/tsplib/pr152.tsp,hybrid,5,polyak,5,28984.105968169733,59775,73682
/Users/a/Ayanami/code/TSP/data/classic/tsplib/pr152.tsp,hybrid,6,polyak,6,28643.309697347613,59775,73682
/Users/a/Ayanami/code/TSP/data/classic/tsplib/pr152.tsp,hybrid,7,polyak,7,15839.729781394028,59775,73682
/Users/a/Ayanami/code/TSP/data/classic/tsplib/pr152.tsp,hybrid,8,polyak,8,26119.824238643221,59775,73682
/Users/a/Ayanami/code/TSP/data/classic/tsplib/pr152.tsp,hybrid,9,polyak,9,24275.159869967265,59775,73682
/Users/a/Ayanami/code/TSP/data/classic/tsplib/pr152.tsp,hybrid,10,polyak,10,24181.920850432332,59775,73682
/Users/a/Ayanami/code/TSP/data/classic/tsplib/pr152.tsp,hybrid,11,polyak,11,22919.216397100387,59775,73682
/Users/a/Ayanami/code/TSP/data/classic/tsplib/pr152.tsp,hybrid,12,polyak,12,24367.957062674617,59775,73682
/Users/a/Ayanami/code/TSP/data/classic/tsplib/pr152.tsp,hybrid,13,polyak,13,29495.672517829466,59775,73682
/Users/a/Ayanami/code/TSP/data/classic/tsplib/pr152.tsp,hybrid,14,polyak,14,23198.207924718183,59775,73682
/Users/a/Ayanami/code/TSP/data/classic/tsplib/pr152.tsp,hybrid,15,polyak,15,41820.130326573351,59775,73682
/Users/a/Ayanami/code/TSP/data/classic/tsplib/pr152.tsp,hybrid,16,polyak,16,47003.040497421571,59775,73682
/Users/a/Ayanami/code/TSP/data/classic/tsplib/pr152.tsp,hybrid,17,polyak,17,51172.360388525682,59775,73682
/Users/a/Ayanami/code/TSP/data/classic/tsplib/pr152.tsp,hybrid,18,polyak,18,54898.566971100758,59775,73682
/Users/a/Ayanami/code/TSP/data/classic/tsplib/pr152.tsp,hybrid,19,polyak,19,56240.705046795862,59775,73682
/Users/a/Ayanami/code/TSP/data/classic/tsplib/pr152.tsp,hybrid,20,polyak,20,57564.612734969938,59775,73682
/Users/a/Ayanami/code/TSP/data/classic/tsplib/pr152.tsp,hybrid,21,polyak,21,57092.313735885691,59775,73682
/Users/a/Ayanami/code/TSP/data/classic/tsplib/pr152.tsp,hybrid,22,polyak,22,59181.943931985901,59775,73682
/Users/a/Ayanami/code/TSP/data/classic/tsplib/pr152.tsp,hybrid,23,polyak,23,57498.958996938411,59775,73682
/Users/a/Ayanami/code/TSP/data/classic/tsplib/pr152.tsp,hybrid,24,polyak,24,60062.015043999425,60062.015043999425,73682
/Users/a/Ayanami/code/TSP/data/classic/tsplib/pr152.tsp,hybrid,25,polyak,25,58659.186237614871,60062.015043999425,73682
/Users/a/Ayanami/code/TSP/data/classic/tsplib/pr152.tsp,hybrid,26,polyak,26,60308.583993562504,60308.583993562504,73682
/Users/a/Ayanami/code/TSP/data/classic/tsplib/pr152.tsp,hybrid,27,polyak,27,59307.33245200025,60308.583993562504,73682
/Users/a/Ayanami/code/TSP/data/classic/tsplib/pr152.tsp,hybrid,28,polyak,28,59225.489595260871,60308.583993562504,73682
/Users/a/Ayanami/code/TSP/data/classic/tsplib/pr152.tsp,hybrid,29,polyak,29,59057.076704248408,60308.583993562504,73682
/Users/a/Ayanami/code/TSP/data/classic/tsplib/pr152.tsp,hybrid,30,polyak,30,60503.285441938038,60503.285441938038,73682
/Users/a/Ayanami/code/TSP/data/classic/tsplib/pr152.tsp,hybrid,31,polyak,31,59261.302726125701,60503.285441938038,73682
/Users/a/Ayanami/code/TSP/data/classic/tsplib/pr152.tsp,hybrid,32,polyak,32,61345.580826921258,61345.580826921258,73682
/Users/a/Ayanami/code/TSP/data/classic/tsplib/pr152.tsp,hybrid,33,polyak,33,59049.662844280574,61345.580826921258,73682
/Users/a/Ayanami/code/TSP/data/classic/tsplib/pr152.tsp,hybrid,34,polyak,34,60878.01410921113,61345.580826921258,73682
/Users/a/Ayanami/code/TSP/data/classic/tsplib/pr152.tsp,hybrid,35,polyak,35,59428.031830808417,61345.580826921258,73682
/Users/a/Ayanami/code/TSP/data/classic/tsplib/pr152.tsp,hybrid,36,polyak,36,60298.732626618214,61345.580826921258,73682
/Users/a/Ayanami/code/TSP/data/classic/tsplib/pr152.tsp,hybrid,37,polyak,37,59446.195399075987,61345.580826921258,73682
/Users/a/Ayanami/code/TSP/data/classic/tsplib/pr152.tsp,hybrid,38,polyak,38,60378.732448741968,61345.580826921258,73682
/Users/a/Ayanami/code/TSP/data/classic/tsplib/pr152.tsp,hybrid,39,polyak,39,60548.273740223405,61345.580826921258,73682
/Users/a/Ayanami/code/TSP/data/classic/tsplib/pr152.tsp,hybrid,40,polyak,40,60295.178788574252,61345.580826921258,73682
/Users/a/Ayanami/code/TSP/data/classic/tsplib/pr152.tsp,hybrid,41,polyak,41,61348.98607946116,61348.98607946116,73682
/Users/a/Ayanami/code/TSP/data/classic/tsplib/pr152.tsp,hybrid,42,polyak,42,60219.42819058345,61348.98607946116,73682
/Users/a/Ayanami/code/TSP/data/classic/tsplib/pr152.tsp,hybrid,43,polyak,43,61506.507739564724,61506.507739564724,73682
/Users/a/Ayanami/code/TSP/data/classic/tsplib/pr152.tsp,hybrid,44,polyak,44,58688.410766386587,61506.507739564724,73682
/Users/a/Ayanami/code/TSP/data/classic/tsplib/pr152.tsp,hybrid,45,polyak,45,61037.547460933471,61506.507739564724,73682
/Users/a/Ayanami/code/TSP/data/classic/tsplib/pr152.tsp,hybrid,46,polyak,46,60752.833655710856,61506.507739564724,73682
/Users/a/Ayanami/code/TSP/data/classic/tsplib/pr152.tsp,hybrid,47,polyak,47,60759.780727686419,61506.507739564724,73682
/Users/a/Ayanami/code/TSP/data/classic/tsplib/pr152.tsp,hybrid,48,polyak,48,61373.478103007554,61506.507739564724,73682
/Users/a/Ayanami/code/TSP/data/classic/tsplib/pr152.tsp,hybrid,49,polyak,49,59706.507482775378,61506.507739564724,73682
/Users/a/Ayanami/code/TSP/data/classic/tsplib/pr152.tsp,hybrid,50,polyak,50,61028.5069099764,61506.507739564724,73682
/Users/a/Ayanami/code/TSP/data/classic/tsplib/pr152.tsp,hybrid,51,polyak,51,60107.659063350497,61506.507739564724,73682
/Users/a/Ayanami/code/TSP/data/classic/tsplib/pr152.tsp,hybrid,52,polyak,52,60586.836011567058,61506.507739564724,73682
/Users/a/Ayanami/code/TSP/data/classic/tsplib/pr152.tsp,hybrid,53,polyak,53,62305.897963654206,62305.897963654206,73682
/Users/a/Ayanami/code/TSP/data/classic/tsplib/pr152.tsp,hybrid,54,polyak,54,59841.596002194325,62305.897963654206,73682
/Users/a/Ayanami/code/TSP/data/classic/tsplib/pr152.tsp,hybrid,55,polyak,55,61404.229258917709,62305.897963654206,73682
/Users/a/Ayanami/code/TSP/data/classic/tsplib/pr152.tsp,hybrid,56,polyak,56,61539.338159766186,62305.897963654206,73682
/Users/a/Ayanami/code/TSP/data/classic/tsplib/pr152.tsp,hybrid,57,polyak,57,61262.95665149956,62305.897963654206,73682
/Users/a/Ayanami/code/TSP/data/classic/tsplib/pr152.tsp,hybrid,58,polyak,58,60084.546906526113,62305.897963654206,73682
/Users/a/Ayanami/code/TSP/data/classic/tsplib/pr152.tsp,hybrid,59,polyak,59,62007.044550488514,62305.897963654206,73682
/Users/a/Ayanami/code/TSP/data/classic/tsplib/pr152.tsp,hybrid,60,polyak,60,60595.002420574827,62305.897963654206,73682
/Users/a/Ayanami/code/TSP/data/classic/tsplib/pr152.tsp,hybrid,61,polyak,61,62211.391343841031,62305.897963654206,73682
/Users/a/Ayanami/code/TSP/data/classic/tsplib/pr152.tsp,hybrid,62,polyak,62,59261.212531423553,62305.897963654206,73682
/Users/a/Ayanami/code/TSP/data/classic/tsplib/pr152.tsp,hybrid,63,polyak,63,61806.105450245304,62305.897963654206,73682
/Users/a/Ayanami/code/TSP/data/classic/tsplib/pr152.tsp,hybrid,64,polyak,64,61436.828900018496,62305.897963654206,73682
/Users/a/Ayanami/code/TSP/data/classic/tsplib/pr152.tsp,hybrid,65,polyak,65,61891.915548943733,62305.897963654206,73682
/Users/a/Ayanami/code/TSP/data/classic/tsplib/pr152.tsp,hybrid,66,polyak,66,60453.990763861642,62305.897963654206,73682
/Users/a/Ayanami/code/TSP/data/classic/tsplib/pr152.tsp,hybrid,67,polyak,67,63031.962072644172,63031.962072644172,73682
/Users/a/Ayanami/code/TSP/data/classic/tsplib/pr152.tsp,hybrid,68,polyak,68,63165.117014027863,63165.117014027863,73682
/Users/a/Ayanami/code/TSP/data/classic/tsplib/pr152.tsp,hybrid,69,polyak,69,64626.223952159911,64626.223952159911,73682
/Users/a/Ayanami/code/TSP/data/classic/tsplib/pr152.tsp,hybrid,70,polyak,70,63176.527861644798,64626.223952159911,73682
/Users/a/Ayanami/code/TSP/data/classic/tsplib/pr152.tsp,hybrid,71,polyak,71,64329.107343131749,64626.223952159911,73682
/Users/a/Ayanami/code/TSP/data/classic/tsplib/pr152.tsp,hybrid,72,polyak,72,63687.588813735369,64626.223952159911,73682
/Users/a/Ayanami/code/TSP/data/classic/tsplib/pr152.tsp,hybrid,73,polyak,73,64550.110598379368,64626.223952159911,73682
/Users/a/Ayanami/code/TSP/data/classic/tsplib/pr152.tsp,hybrid,74,polyak,74,64007.579624271471,64626.223952159911,73682
/Users/a/Ayanami/code/TSP/data/classic/tsplib/pr152.tsp,hybrid,75,polyak,75,64283.123723229452,64626.223952159911,73682
/Users/a/Ayanami/code/TSP/data/classic/tsplib/pr152.tsp,hybrid,76,polyak,76,64254.417197212191,64626.223952159911,73682
/Users/a/Ayanami/code/TSP/data/classic/tsplib/pr152.tsp,hybrid,77,polyak,77,63982.522818036647,64626.223952159911,73682
/Users/a/Ayanami/code/TSP/data/classic/tsplib/pr152.tsp,hybrid,78,polyak,78,64641.717080080591,64641.717080080591,73682
/Users/a/Ayanami/code/TSP/data/classic/tsplib/pr152.tsp,hybrid,79,polyak,79,63507.500039524559,64641.717080080591,73682
/Users/a/Ayanami/code/TSP/data/classic/tsplib/pr152.tsp,hybrid,80,polyak,80,64451.717721091496,64641.717080080591,73682
/Users/a/Ayanami/code/TSP/data/classic/tsplib/pr152.tsp,hybrid,81,polyak,81,64148.443405980426,64641.717080080591,73682
/Users/a/Ayanami/code/TSP/data/classic/tsplib/pr152.tsp,hybrid,82,polyak,82,64368.291949401915,64641.717080080591,73682
/Users/a/Ayanami/code/TSP/data/classic/tsplib/pr152.tsp,hybrid,83,polyak,83,64924.913866378571,64924.913866378571,73682
/Users/a/Ayanami/code/TSP/data/classic/tsplib/pr152.tsp,hybrid,84,polyak,84,63923.337735288442,64924.913866378571,73682
/Users/a/Ayanami/code/TSP/data/classic/tsplib/pr152.tsp,hybrid,85,polyak,85,64303.074765465346,64924.913866378571,73682
/Users/a/Ayanami/code/TSP/data/classic/tsplib/pr152.tsp,hybrid,86,polyak,86,64395.859430749377,64924.913866378571,73682
/Users/a/Ayanami/code/TSP/data/classic/tsplib/pr152.tsp,hybrid,87,polyak,87,64281.243478953416,64924.913866378571,73682
/Users/a/Ayanami/code/TSP/data/classic/tsplib/pr152.tsp,hybrid,88,polyak,88,64071.162751751785,64924.913866378571,73682
/Users/a/Ayanami/code/TSP/data/classic/tsplib/pr152.tsp,hybrid,89,polyak,89,64862.606868600415,64924.913866378571,73682
/Users/a/Ayanami/code/TSP/data/classic/tsplib/pr152.tsp,hybrid,90,polyak,90,64659.055628584276,64924.913866378571,73682
/Users/a/Ayanami/code/TSP/data/classic/tsplib/pr152.tsp,hybrid,91,polyak,91,64220.619524355512,64924.913866378571,73682
/Users/a/Ayanami/code/TSP/data/classic/tsplib/pr152.tsp,hybrid,92,polyak,92,64823.990409925762,64924.913866378571,73682
/Users/a/Ayanami/code/TSP/data/classic/tsplib/pr152.tsp,hybrid,93,polyak,93,64076.196289481391,64924.913866378571,73682
/Users/a/Ayanami/code/TSP/data/classic/tsplib/pr152.tsp,hybrid,94,polyak,94,64664.983360491882,64924.913866378571,73682
/Users/a/Ayanami/code/TSP/data/classic/tsplib/pr152.tsp,hybrid,95,polyak,95,63681.930277338732,64924.913866378571,73682
/Users/a/Ayanami/code/TSP/data/classic/tsplib/pr152.tsp,hybrid,96,polyak,96,65043.433331400716,65043.433331400716,73682
/Users/a/Ayanami/code/TSP/data/classic/tsplib/pr152.tsp,hybrid,97,polyak,97,65813.848535219935,65813.848535219935,73682
/Users/a/Ayanami/code/TSP/data/classic/tsplib/pr152.tsp,hybrid,98,polyak,98,65607.118574823937,65813.848535219935,73682
/Users/a/Ayanami/code/TSP/data/classic/tsplib/pr152.tsp,hybrid,99,polyak,99,65503.126334664899,65813.848535219935,73682
/Users/a/Ayanami/code/TSP/data/classic/tsplib/pr152.tsp,hybrid,100,polyak,100,65512.576435485913,65813.848535219935,73682
/Users/a/Ayanami/code/TSP/data/classic/tsplib/pr152.tsp,hybrid,101,polyak,101,65593.920583517844,65813.848535219935,73682
/Users/a/Ayanami/code/TSP/data/classic/tsplib/pr152.tsp,hybrid,102,polyak,102,65443.375616909048,65813.848535219935,73682
/Users/a/Ayanami/code/TSP/data/classic/tsplib/pr152.tsp,hybrid,103,polyak,103,65718.851094267389,65813.848535219935,73682
/Users/a/Ayanami/code/TSP/data/classic/tsplib/pr152.tsp,hybrid,104,polyak,104,65956.622389068041,65956.622389068041,73682
/Users/a/Ayanami/code/TSP/data/classic/tsplib/pr152.tsp,hybrid,105,polyak,105,64950.338930709884,65956.622389068041,73682
/Users/a/Ayanami/code/TSP/data/classic/tsplib/pr152.tsp,hybrid,106,polyak,106,65835.769324376466,65956.622389068041,73682
/Users/a/Ayanami/code/TSP/data/classic/tsplib/pr152.tsp,hybrid,107,polyak,107,65298.25031793426,65956.622389068041,73682
/Users/a/Ayanami/code/TSP/data/classic/tsplib/pr152.tsp,hybrid,108,polyak,108,65679.019116177384,65956.622389068041,73682
/Users/a/Ayanami/code/TSP/data/classic/tsplib/pr152.tsp,hybrid,109,polyak,109,65964.779038849418,65964.779038849418,73682
/Users/a/Ayanami/code/TSP/data/classic/tsplib/pr152.tsp,hybrid,110,polyak,110,65382.46606727699,65964.779038849418,73682
/Users/a/Ayanami/code/TSP/data/classic/tsplib/pr152.tsp,hybrid,111,polyak,111,66011.36787891775,66011.36787891775,73682
/Users/a/Ayanami/code/TSP/data/classic/tsplib/pr152.tsp,hybrid,112,polyak,112,65320.949415098214,66011.36787891775,73682
/Users/a/Ayanami/code/TSP/data/classic/tsplib/pr152.tsp,hybrid,113,polyak,113,65878.824592809106,66011.36787891775,73682
/Users/a/Ayanami/code/TSP/data/classic/tsplib/pr152.tsp,hybrid,114,polyak,114,65632.447961798171,66011.36787891775,73682
/Users/a/Ayanami/code/TSP/data/classic/tsplib/pr152.tsp,hybrid,115,polyak,115,65848.143096535146,66011.36787891775,73682
/Users/a/Ayanami/code/TSP/data/classic/tsplib/pr152.tsp,hybrid,116,polyak,116,65812.973360023156,66011.36787891775,73682
/Users/a/Ayanami/code/TSP/data/classic/tsplib/pr152.tsp,hybrid,117,polyak,117,65922.983770485866,66011.36787891775,73682
/Users/a/Ayanami/code/TSP/data/classic/tsplib/pr152.tsp,hybrid,118,polyak,118,65866.989904989838,66011.36787891775,73682
/Users/a/Ayanami/code/TSP/data/classic/tsplib/pr152.tsp,hybrid,119,polyak,119,65652.652154580312,66011.36787891775,73682
/Users/a/Ayanami/code/TSP/data/classic/tsplib/pr152.tsp,hybrid,120,polyak,120,65694.526017701472,66011.36787891775,73682
/Users/a/Ayanami/code/TSP/data/classic/tsplib/pr152.tsp,hybrid,121,polyak,121,66189.348253621938,66189.348253621938,73682
/Users/a/Ayanami/code/TSP/data/classic/tsplib/pr152.tsp,hybrid,122,polyak,122,64908.76134536598,66189.348253621938,73682
/Users/a/Ayanami/code/TSP/data/classic/tsplib/pr152.tsp,hybrid,123,polyak,123,65823.256277723427,66189.348253621938,73682
/Users/a/Ayanami/code/TSP/data/classic/tsplib/pr152.tsp,hybrid,124,polyak,124,65735.020118189103,66189.348253621938,73682
/Users/a/Ayanami/code/TSP/data/classic/tsplib/pr152.tsp,hybrid,125,polyak,125,65858.400950357056,66189.348253621938,73682
/Users/a/Ayanami/code/TSP/data/classic/tsplib/pr152.tsp,hybrid,126,polyak,126,65790.957394093071,66189.348253621938,73682
/Users/a/Ayanami/code/TSP/data/classic/tsplib/pr152.tsp,hybrid,127,polyak,127,65785.304155508216,66189.348253621938,73682
/Users/a/Ayanami/code/TSP/data/classic/tsplib/pr152.tsp,hybrid,128,polyak,128,65724.308251262919,66189.348253621938,73682
/Users/a/Ayanami/code/TSP/data/classic/tsplib/pr152.tsp,hybrid,129,polyak,129,65935.924886434412,66189.348253621938,73682
/Users/a/Ayanami/code/TSP/data/classic/tsplib/pr152.tsp,hybrid,130,polyak,130,65995.963127117371,66189.348253621938,73682
/Users/a/Ayanami/code/TSP/data/classic/tsplib/pr152.tsp,hybrid,131,polyak,131,65401.81774463183,66189.348253621938,73682
/Users/a/Ayanami/code/TSP/data/classic/tsplib/pr152.tsp,hybrid,132,polyak,132,65902.313969234412,66189.348253621938,73682
/Users/a/Ayanami/code/TSP/data/classic/tsplib/pr152.tsp,hybrid,133,polyak,133,66189.126405048562,66189.348253621938,73682
/Users/a/Ayanami/code/TSP/data/classic/tsplib/pr152.tsp,hybrid,134,polyak,134,65864.982117310763,66189.348253621938,73682
/Users/a/Ayanami/code/TSP/data/classic/tsplib/pr152.tsp,hybrid,135,polyak,135,66141.264083214934,66189.348253621938,73682
/Users/a/Ayanami/code/TSP/data/classic/tsplib/pr152.tsp,hybrid,136,polyak,136,66212.394734607122,66212.394734607122,73682
/Users/a/Ayanami/code/TSP/data/classic/tsplib/pr152.tsp,hybrid,137,polyak,137,66196.350148803205,66212.394734607122,73682
/Users/a/Ayanami/code/TSP/data/classic/tsplib/pr152.tsp,hybrid,138,polyak,138,66166.464893591561,66212.394734607122,73682
/Users/a/Ayanami/code/TSP/data/classic/tsplib/pr152.tsp,hybrid,139,polyak,139,66459.051577880949,66459.051577880949,73682
/Users/a/Ayanami/code/TSP/data/classic/tsplib/pr152.tsp,hybrid,140,polyak,140,66014.774504552799,66459.051577880949,73682
/Users/a/Ayanami/code/TSP/data/classic/tsplib/pr152.tsp,hybrid,141,polyak,141,66401.856057073805,66459.051577880949,73682
/Users/a/Ayanami/code/TSP/data/classic/tsplib/pr152.tsp,hybrid,142,polyak,142,66502.160696908526,66502.160696908526,73682
/Users/a/Ayanami/code/TSP/data/classic/tsplib/pr152.tsp,hybrid,143,polyak,143,66052.739095682991,66502.160696908526,73682
/Users/a/Ayanami/code/TSP/data/classic/tsplib/pr152.tsp,hybrid,144,polyak,144,66421.42256881381,66502.160696908526,73682
/Users/a/Ayanami/code/TSP/data/classic/tsplib/pr152.tsp,hybrid,145,polyak,145,66153.041629224172,66502.160696908526,73682
/Users/a/Ayanami/code/TSP/data/classic/tsplib/pr152.tsp,hybrid,146,polyak,146,66469.291279945959,66502.160696908526,73682
/Users/a/Ayanami/code/TSP/data/classic/tsplib/pr152.tsp,hybrid,147,polyak,147,66066.391591526903,66502.160696908526,73682
/Users/a/Ayanami/code/TSP/data/classic/tsplib/pr152.tsp,hybrid,148,polyak,148,66370.819168069997,66502.160696908526,73682
/Users/a/Ayanami/code/TSP/data/classic/tsplib/pr152.tsp,hybrid,149,polyak,149,66489.076926516005,66502.160696908526,73682
/Users/a/Ayanami/code/TSP/data/classic/tsplib/pr152.tsp,hybrid,150,polyak,150,66413.920378417766,66502.160696908526,73682
/Users/a/Ayanami/code/TSP/data/classic/tsplib/pr152.tsp,hybrid,151,polyak,151,66333.369385807382,66502.160696908526,73682
/Users/a/Ayanami/code/TSP/data/classic/tsplib/pr152.tsp,hybrid,152,polyak,152,66412.135308153345,66502.160696908526,73682
/Users/a/Ayanami/code/TSP/data/classic/tsplib/pr152.tsp,hybrid,153,polyak,153,66502.575426028154,66502.575426028154,73682
/Users/a/Ayanami/code/TSP/data/classic/tsplib/pr152.tsp,hybrid,154,polyak,154,66136.360640095401,66502.575426028154,73682
/Users/a/Ayanami/code/TSP/data/classic/tsplib/pr152.tsp,hybrid,155,polyak,155,66479.409768090627,66502.575426028154,73682
/Users/a/Ayanami/code/TSP/data/classic/tsplib/pr152.tsp,hybrid,156,polyak,156,66381.988139967114,66502.575426028154,73682
/Users/a/Ayanami/code/TSP/data/classic/tsplib/pr152.tsp,hybrid,157,polyak,157,66521.884962457945,66521.884962457945,73682
/Users/a/Ayanami/code/TSP/data/classic/tsplib/pr152.tsp,hybrid,158,polyak,158,66436.835321770763,66521.884962457945,73682
/Users/a/Ayanami/code/TSP/data/classic/tsplib/pr152.tsp,hybrid,159,polyak,159,66321.002186017125,66521.884962457945,73682
/Users/a/Ayanami/code/TSP/data/classic/tsplib/pr152.tsp,hybrid,160,polyak,160,66512.66353457392,66521.884962457945,73682
/Users/a/Ayanami/code/TSP/data/classic/tsplib/pr152.tsp,hybrid,161,polyak,161,66291.051633046314,66521.884962457945,73682
/Users/a/Ayanami/code/TSP/data/classic/tsplib/pr152.tsp,hybrid,162,polyak,162,66510.311255115565,66521.884962457945,73682
/Users/a/Ayanami/code/TSP/data/classic/tsplib/pr152.tsp,hybrid,163,polyak,163,66461.463430828386,66521.884962457945,73682
/Users/a/Ayanami/code/TSP/data/classic/tsplib/pr152.tsp,hybrid,164,polyak,164,66345.450281101381,66521.884962457945,73682
/Users/a/Ayanami/code/TSP/data/classic/tsplib/pr152.tsp,hybrid,165,polyak,165,66571.998448620856,66571.998448620856,73682
/Users/a/Ayanami/code/TSP/data/classic/tsplib/pr152.tsp,hybrid,166,polyak,166,66399.057512129482,66571.998448620856,73682
/Users/a/Ayanami/code/TSP/data/classic/tsplib/pr152.tsp,hybrid,167,polyak,167,66548.370434156081,66571.998448620856,73682
/Users/a/Ayanami/code/TSP/data/classic/tsplib/pr152.tsp,hybrid,168,polyak,168,66163.495314654545,66571.998448620856,73682
/Users/a/Ayanami/code/TSP/data/classic/tsplib/pr152.tsp,hybrid,169,polyak,169,66614.487194195695,66614.487194195695,73682
/Users/a/Ayanami/code/TSP/data/classic/tsplib/pr152.tsp,hybrid,170,polyak,170,66309.487728061096,66614.487194195695,73682
/Users/a/Ayanami/code/TSP/data/classic/tsplib/pr152.tsp,hybrid,171,polyak,171,66667.85627520761,66667.85627520761,73682
/Users/a/Ayanami/code/TSP/data/classic/tsplib/pr152.tsp,hybrid,172,polyak,172,66335.219972561172,66667.85627520761,73682
/Users/a/Ayanami/code/TSP/data/classic/tsplib/pr152.tsp,hybrid,173,polyak,173,66569.876986591669,66667.85627520761,73682
/Users/a/Ayanami/code/TSP/data/classic/tsplib/pr152.tsp,hybrid,174,polyak,174,66451.696561205521,66667.85627520761,73682
/Users/a/Ayanami/code/TSP/data/classic/tsplib/pr152.tsp,hybrid,175,polyak,175,66385.213337935042,66667.85627520761,73682
/Users/a/Ayanami/code/TSP/data/classic/tsplib/pr152.tsp,hybrid,176,polyak,176,66596.436402244828,66667.85627520761,73682
/Users/a/Ayanami/code/TSP/data/classic/tsplib/pr152.tsp,hybrid,177,polyak,177,66398.747653577142,66667.85627520761,73682
/Users/a/Ayanami/code/TSP/data/classic/tsplib/pr152.tsp,hybrid,178,polyak,178,66472.17676867047,66667.85627520761,73682
/Users/a/Ayanami/code/TSP/data/classic/tsplib/pr152.tsp,hybrid,179,polyak,179,66686.17331992324,66686.17331992324,73682
/Users/a/Ayanami/code/TSP/data/classic/tsplib/pr152.tsp,hybrid,180,polyak,180,66112.110746336504,66686.17331992324,73682
/Users/a/Ayanami/code/TSP/data/classic/tsplib/pr152.tsp,hybrid,181,polyak,181,66556.282011917196,66686.17331992324,73682
/Users/a/Ayanami/code/TSP/data/classic/tsplib/pr152.tsp,hybrid,182,polyak,182,66534.314376660375,66686.17331992324,73682
/Users/a/Ayanami/code/TSP/data/classic/tsplib/pr152.tsp,hybrid,183,polyak,183,66556.017282869434,66686.17331992324,73682
/Users/a/Ayanami/code/TSP/data/classic/tsplib/pr152.tsp,hybrid,184,polyak,184,66269.021594099075,66686.17331992324,73682
/Users/a/Ayanami/code/TSP/data/classic/tsplib/pr152.tsp,hybrid,185,polyak,185,66703.111535698888,66703.111535698888,73682
/Users/a/Ayanami/code/TSP/data/classic/tsplib/pr152.tsp,hybrid,186,polyak,186,66139.767762073665,66703.111535698888,73682
/Users/a/Ayanami/code/TSP/data/classic/tsplib/pr152.tsp,hybrid,187,polyak,187,66665.962169021615,66703.111535698888,73682
/Users/a/Ayanami/code/TSP/data/classic/tsplib/pr152.tsp,hybrid,188,polyak,188,66479.705448891938,66703.111535698888,73682
/Users/a/Ayanami/code/TSP/data/classic/tsplib/pr152.tsp,hybrid,189,polyak,189,66601.261975846297,66703.111535698888,73682
/Users/a/Ayanami/code/TSP/data/classic/tsplib/pr152.tsp,hybrid,190,polyak,190,66552.171931288263,66703.111535698888,73682
/Users/a/Ayanami/code/TSP/data/classic/tsplib/pr152.tsp,hybrid,191,polyak,191,66671.550883375443,66703.111535698888,73682
/Users/a/Ayanami/code/TSP/data/classic/tsplib/pr152.tsp,hybrid,192,polyak,192,66430.992467277218,66703.111535698888,73682
/Users/a/Ayanami/code/TSP/data/classic/tsplib/pr152.tsp,hybrid,193,polyak,193,66622.140283623987,66703.111535698888,73682
/Users/a/Ayanami/code/TSP/data/classic/tsplib/pr152.tsp,hybrid,194,polyak,194,66810.090604094512,66810.090604094512,73682
/Users/a/Ayanami/code/TSP/data/classic/tsplib/pr152.tsp,hybrid,195,polyak,195,66092.935079416449,66810.090604094512,73682
/Users/a/Ayanami/code/TSP/data/classic/tsplib/pr152.tsp,hybrid,196,polyak,196,66658.290646088426,66810.090604094512,73682
/Users/a/Ayanami/code/TSP/data/classic/tsplib/pr152.tsp,hybrid,197,polyak,197,66512.684396197437,66810.090604094512,73682
/Users/a/Ayanami/code/TSP/data/classic/tsplib/pr152.tsp,hybrid,198,polyak,198,66808.04187216358,66810.090604094512,73682
/Users/a/Ayanami/code/TSP/data/classic/tsplib/pr152.tsp,hybrid,199,polyak,199,66546.255693636325,66810.090604094512,73682
/Users/a/Ayanami/code/TSP/data/classic/tsplib/pr152.tsp,hybrid,200,polyak,200,66498.767645559579,66810.090604094512,73682
/Users/a/Ayanami/code/TSP/data/classic/tsplib/pr152.tsp,hybrid,201,polyak,201,66574.237333579833,66810.090604094512,73682
/Users/a/Ayanami/code/TSP/data/classic/tsplib/pr152.tsp,hybrid,202,polyak,202,66839.43284477698,66839.43284477698,73682
/Users/a/Ayanami/code/TSP/data/classic/tsplib/pr152.tsp,hybrid,203,polyak,203,66252.442127867151,66839.43284477698,73682
/Users/a/Ayanami/code/TSP/data/classic/tsplib/pr152.tsp,hybrid,204,polyak,204,66729.54255586004,66839.43284477698,73682
/Users/a/Ayanami/code/TSP/data/classic/tsplib/pr152.tsp,hybrid,205,polyak,205,66413.210386438193,66839.43284477698,73682
/Users/a/Ayanami/code/TSP/data/classic/tsplib/pr152.tsp,hybrid,206,polyak,206,66762.911305900474,66839.43284477698,73682
/Users/a/Ayanami/code/TSP/data/classic/tsplib/pr152.tsp,hybrid,207,polyak,207,66397.050431228054,66839.43284477698,73682
/Users/a/Ayanami/code/TSP/data/classic/tsplib/pr152.tsp,hybrid,208,polyak,208,66743.260998815182,66839.43284477698,73682
/Users/a/Ayanami/code/TSP/data/classic/tsplib/pr152.tsp,hybrid,209,polyak,209,66366.934234654618,66839.43284477698,73682
/Users/a/Ayanami/code/TSP/data/classic/tsplib/pr152.tsp,hybrid,210,polyak,210,66727.914785968489,66839.43284477698,73682
/Users/a/Ayanami/code/TSP/data/classic/tsplib/pr152.tsp,hybrid,211,polyak,211,66456.596719272246,66839.43284477698,73682
/Users/a/Ayanami/code/TSP/data/classic/tsplib/pr152.tsp,hybrid,212,polyak,212,66754.007411327257,66839.43284477698,73682
/Users/a/Ayanami/code/TSP/data/classic/tsplib/pr152.tsp,hybrid,213,polyak,213,66450.221016322364,66839.43284477698,73682
/Users/a/Ayanami/code/TSP/data/classic/tsplib/pr152.tsp,hybrid,214,polyak,214,66788.276667917351,66839.43284477698,73682
/Users/a/Ayanami/code/TSP/data/classic/tsplib/pr152.tsp,hybrid,215,polyak,215,66575.723460830835,66839.43284477698,73682
/Users/a/Ayanami/code/TSP/data/classic/tsplib/pr152.tsp,hybrid,216,polyak,216,66832.955677412188,66839.43284477698,73682
/Users/a/Ayanami/code/TSP/data/classic/tsplib/pr152.tsp,hybrid,217,polyak,217,66731.113951639287,66839.43284477698,73682
/Users/a/Ayanami/code/TSP/data/classic/tsplib/pr152.tsp,hybrid,218,polyak,218,66915.948603478813,66915.948603478813,73682
/Users/a/Ayanami/code/TSP/data/classic/tsplib/pr152.tsp,hybrid,219,polyak,219,66680.977366986757,66915.948603478813,73682
/Users/a/Ayanami/code/TSP/data/classic/tsplib/pr152.tsp,hybrid,220,polyak,220,66880.074771998043,66915.948603478813,73682
/Users/a/Ayanami/code/TSP/data/classic/tsplib/pr152.tsp,hybrid,221,polyak,221,66950.35353008224,66950.35353008224,73682
/Users/a/Ayanami/code/TSP/data/classic/tsplib/pr152.tsp,hybrid,222,polyak,222,66883.450321462369,66950.35353008224,73682
/Users/a/Ayanami/code/TSP/data/classic/tsplib/pr152.tsp,hybrid,223,polyak,223,66934.705586686061,66950.35353008224,73682
/Users/a/Ayanami/code/TSP/data/classic/tsplib/pr152.tsp,hybrid,224,polyak,224,66978.054108657438,66978.054108657438,73682
/Users/a/Ayanami/code/TSP/data/classic/tsplib/pr152.tsp,hybrid,225,polyak,225,66635.790135780568,66978.054108657438,73682
/Users/a/Ayanami/code/TSP/data/classic/tsplib/pr152.tsp,hybrid,226,polyak,226,66921.235991631678,66978.054108657438,73682
/Users/a/Ayanami/code/TSP/data/classic/tsplib/pr152.tsp,hybrid,227,polyak,227,66916.404806968872,66978.054108657438,73682
/Users/a/Ayanami/code/TSP/data/classic/tsplib/pr152.tsp,hybrid,228,polyak,228,66869.457549241837,66978.054108657438,73682
/Users/a/Ayanami/code/TSP/data/classic/tsplib/pr152.tsp,hybrid,229,polyak,229,66981.218178017691,66981.218178017691,73682
/Users/a/Ayanami/code/TSP/data/classic/tsplib/pr152.tsp,hybrid,230,polyak,230,66741.855671701633,66981.218178017691,73682
/Users/a/Ayanami/code/TSP/data/classic/tsplib/pr152.tsp,hybrid,231,polyak,231,66971.79046349923,66981.218178017691,73682
/Users/a/Ayanami/code/TSP/data/classic/tsplib/pr152.tsp,hybrid,232,polyak,232,66853.683261243466,66981.218178017691,73682
/Users/a/Ayanami/code/TSP/data/classic/tsplib/pr152.tsp,hybrid,233,polyak,233,67023.449599372703,67023.449599372703,73682
/Users/a/Ayanami/code/TSP/data/classic/tsplib/pr152.tsp,hybrid,234,polyak,234,66811.740032212925,67023.449599372703,73682
/Users/a/Ayanami/code/TSP/data/classic/tsplib/pr152.tsp,hybrid,235,polyak,235,66988.020156037644,67023.449599372703,73682
/Users/a/Ayanami/code/TSP/data/classic/tsplib/pr152.tsp,hybrid,236,polyak,236,66873.21640916144,67023.449599372703,73682
/Users/a/Ayanami/code/TSP/data/classic/tsplib/pr152.tsp,hybrid,237,polyak,237,66999.493234861176,67023.449599372703,73682
/Users/a/Ayanami/code/TSP/data/classic/tsplib/pr152.tsp,hybrid,238,polyak,238,66910.029081384753,67023.449599372703,73682
/Users/a/Ayanami/code/TSP/data/classic/tsplib/pr152.tsp,hybrid,239,polyak,239,66966.971211702024,67023.449599372703,73682
/Users/a/Ayanami/code/TSP/data/classic/tsplib/pr152.tsp,hybrid,240,polyak,240,66956.806359779817,67023.449599372703,73682
/Users/a/Ayanami/code/TSP/data/classic/tsplib/pr152.tsp,hybrid,241,polyak,241,66877.999607557824,67023.449599372703,73682
/Users/a/Ayanami/code/TSP/data/classic/tsplib/pr152.tsp,hybrid,242,polyak,242,66993.031370993223,67023.449599372703,73682
/Users/a/Ayanami/code/TSP/data/classic/tsplib/pr152.tsp,hybrid,243,polyak,243,66873.404602735944,67023.449599372703,73682
/Users/a/Ayanami/code/TSP/data/classic/tsplib/pr152.tsp,hybrid,244,polyak,244,66973.315293860214,67023.449599372703,73682
/Users/a/Ayanami/code/TSP/data/classic/tsplib/pr152.tsp,hybrid,245,polyak,245,66947.636517903942,67023.449599372703,73682
/Users/a/Ayanami/code/TSP/data/classic/tsplib/pr152.tsp,hybrid,246,polyak,246,66921.011604263185,67023.449599372703,73682
/Users/a/Ayanami/code/TSP/data/classic/tsplib/pr152.tsp,hybrid,247,polyak,247,67064.070184456476,67064.070184456476,73682
/Users/a/Ayanami/code/TSP/data/classic/tsplib/pr152.tsp,hybrid,248,polyak,248,67048.527810485364,67064.070184456476,73682
/Users/a/Ayanami/code/TSP/data/classic/tsplib/pr152.tsp,hybrid,249,polyak,249,67033.093566891373,67064.070184456476,73682
/Users/a/Ayanami/code/TSP/data/classic/tsplib/pr152.tsp,hybrid,250,polyak,250,67041.606217528781,67064.070184456476,73682
/Users/a/Ayanami/code/TSP/data/classic/tsplib/pr152.tsp,hybrid,251,polyak,251,67090.829150877384,67090.829150877384,73682
/Users/a/Ayanami/code/TSP/data/classic/tsplib/pr152.tsp,hybrid,252,polyak,252,67065.958817768304,67090.829150877384,73682
/Users/a/Ayanami/code/TSP/data/classic/tsplib/pr152.tsp,hybrid,253,polyak,253,67041.904024671268,67090.829150877384,73682
/Users/a/Ayanami/code/TSP/data/classic/tsplib/pr152.tsp,hybrid,254,polyak,254,67087.035793391333,67090.829150877384,73682
/Users/a/Ayanami/code/TSP/data/classic/tsplib/pr152.tsp,hybrid,255,polyak,255,67041.04022348806,67090.829150877384,73682
/Users/a/Ayanami/code/TSP/data/classic/tsplib/pr152.tsp,hybrid,256,polyak,256,67084.997914801177,67090.829150877384,73682
/Users/a/Ayanami/code/TSP/data/classic/tsplib/pr152.tsp,hybrid,257,polyak,257,67038.85569234725,67090.829150877384,73682
/Users/a/Ayanami/code/TSP/data/classic/tsplib/pr152.tsp,hybrid,258,polyak,258,67104.298915331266,67104.298915331266,73682
/Users/a/Ayanami/code/TSP/data/classic/tsplib/pr152.tsp,hybrid,259,polyak,259,67037.36934884802,67104.298915331266,73682
/Users/a/Ayanami/code/TSP/data/classic/tsplib/pr152.tsp,hybrid,260,polyak,260,67116.007183539856,67116.007183539856,73682
/Users/a/Ayanami/code/TSP/data/classic/tsplib/pr152.tsp,hybrid,261,polyak,261,67050.817044998446,67116.007183539856,73682
/Users/a/Ayanami/code/TSP/data/classic/tsplib/pr152.tsp,hybrid,262,polyak,262,67092.604264822832,67116.007183539856,73682
/Users/a/Ayanami/code/TSP/data/classic/tsplib/pr152.tsp,hybrid,263,polyak,263,67044.347959825565,67116.007183539856,73682
/Users/a/Ayanami/code/TSP/data/classic/tsplib/pr152.tsp,hybrid,264,polyak,264,67101.450613982161,67116.007183539856,73682
/Users/a/Ayanami/code/TSP/data/classic/tsplib/pr152.tsp,hybrid,265,polyak,265,67094.194355848347,67116.007183539856,73682
/Users/a/Ayanami/code/TSP/data/classic/tsplib/pr152.tsp,hybrid,266,polyak,266,67047.56217825778,67116.007183539856,73682
/Users/a/Ayanami/code/TSP/data/classic/tsplib/pr152.tsp,hybrid,267,polyak,267,67093.059383402127,67116.007183539856,73682
/Users/a/Ayanami/code/TSP/data/classic/tsplib/pr152.tsp,hybrid,268,polyak,268,67123.281851554406,67123.281851554406,73682
/Users/a/Ayanami/code/TSP/data/classic/tsplib/pr152.tsp,hybrid,269,polyak,269,67049.580311349695,67123.281851554406,73682
/Users/a/Ayanami/code/TSP/data/classic/tsplib/pr152.tsp,hybrid,270,polyak,270,67109.978708197246,67123.281851554406,73682
/Users/a/Ayanami/code/TSP/data/classic/tsplib/pr152.tsp,hybrid,271,polyak,271,67058.764433520933,67123.281851554406,73682
/Users/a/Ayanami/code/TSP/data/classic/tsplib/pr152.tsp,hybrid,272,polyak,272,67135.783144557368,67135.783144557368,73682
/Users/a/Ayanami/code/TSP/data/classic/tsplib/pr152.tsp,hybrid,273,polyak,273,67007.462009837851,67135.783144557368,73682
/Users/a/Ayanami/code/TSP/data/classic/tsplib/pr152.tsp,hybrid,274,polyak,274,67092.165369909955,67135.783144557368,73682
/Users/a/Ayanami/code/TSP/data/classic/tsplib/pr152.tsp,hybrid,275,polyak,275,67116.621496483931,67135.783144557368,73682
/Users/a/Ayanami/code/TSP/data/classic/tsplib/pr152.tsp,hybrid,276,polyak,276,67088.227911193389,67135.783144557368,73682
/Users/a/Ayanami/code/TSP/data/classic/tsplib/pr152.tsp,hybrid,277,polyak,277,67092.24022464281,67135.783144557368,73682
/Users/a/Ayanami/code/TSP/data/classic/tsplib/pr152.tsp,hybrid,278,polyak,278,67081.702234361699,67135.783144557368,73682
/Users/a/Ayanami/code/TSP/data/classic/tsplib/pr152.tsp,hybrid,279,polyak,279,67143.283116253486,67143.283116253486,73682
/Users/a/Ayanami/code/TSP/data/classic/tsplib/pr152.tsp,hybrid,280,polyak,280,67060.510105649402,67143.283116253486,73682
/Users/a/Ayanami/code/TSP/data/classic/tsplib/pr152.tsp,hybrid,281,polyak,281,67112.843583365655,67143.283116253486,73682
/Users/a/Ayanami/code/TSP/data/classic/tsplib/pr152.tsp,hybrid,282,polyak,282,67091.454541431594,67143.283116253486,73682
/Users/a/Ayanami/code/TSP/data/classic/tsplib/pr152.tsp,hybrid,283,polyak,283,67119.604226357013,67143.283116253486,73682
/Users/a/Ayanami/code/TSP/data/classic/tsplib/pr152.tsp,hybrid,284,polyak,284,67125.286710396962,67143.283116253486,73682
/Users/a/Ayanami/code/TSP/data/classic/tsplib/pr152.tsp,hybrid,285,polyak,285,67050.786599315805,67143.283116253486,73682
/Users/a/Ayanami/code/TSP/data/classic/tsplib/pr152.tsp,hybrid,286,polyak,286,67143.985171177002,67143.985171177002,73682
/Users/a/Ayanami/code/TSP/data/classic/tsplib/pr152.tsp,hybrid,287,polyak,287,67043.410233091141,67143.985171177002,73682
/Users/a/Ayanami/code/TSP/data/classic/tsplib/pr152.tsp,hybrid,288,polyak,288,67131.276166901182,67143.985171177002,73682
/Users/a/Ayanami/code/TSP/data/classic/tsplib/pr152.tsp,hybrid,289,polyak,289,67119.529254428533,67143.985171177002,73682
/Users/a/Ayanami/code/TSP/data/classic/tsplib/pr152.tsp,hybrid,290,polyak,290,67069.005326865939,67143.985171177002,73682
/Users/a/Ayanami/code/TSP/data/classic/tsplib/pr152.tsp,hybrid,291,polyak,291,67153.897793506534,67153.897793506534,73682
/Users/a/Ayanami/code/TSP/data/classic/tsplib/pr152.tsp,hybrid,292,polyak,292,66992.843955619464,67153.897793506534,73682
/Users/a/Ayanami/code/TSP/data/classic/tsplib/pr152.tsp,hybrid,293,polyak,293,67101.086354174477,67153.897793506534,73682
/Users/a/Ayanami/code/TSP/data/classic/tsplib/pr152.tsp,hybrid,294,polyak,294,67118.452459889813,67153.897793506534,73682
/Users/a/Ayanami/code/TSP/data/classic/tsplib/pr152.tsp,hybrid,295,polyak,295,67123.699769408006,67153.897793506534,73682
/Users/a/Ayanami/code/TSP/data/classic/tsplib/pr152.tsp,hybrid,296,polyak,296,67091.042560434216,67153.897793506534,73682
/Users/a/Ayanami/code/TSP/data/classic/tsplib/pr152.tsp,hybrid,297,polyak,297,67137.240498508007,67153.897793506534,73682
/Users/a/Ayanami/code/TSP/data/classic/tsplib/pr152.tsp,hybrid,298,polyak,298,67139.401381252945,67153.897793506534,73682
/Users/a/Ayanami/code/TSP/data/classic/tsplib/pr152.tsp,hybrid,299,polyak,299,67057.875907009075,67153.897793506534,73682
/Users/a/Ayanami/code/TSP/data/classic/tsplib/pr152.tsp,hybrid,300,polyak,300,67164.28544773403,67164.28544773403,73682
/Users/a/Ayanami/code/TSP/data/classic/tsplib/pr152.tsp,hybrid,301,polyak,301,67067.372143928922,67164.28544773403,73682
/Users/a/Ayanami/code/TSP/data/classic/tsplib/pr152.tsp,hybrid,302,polyak,302,67158.887816912087,67164.28544773403,73682
/Users/a/Ayanami/code/TSP/data/classic/tsplib/pr152.tsp,hybrid,303,polyak,303,67146.757718246226,67164.28544773403,73682
/Users/a/Ayanami/code/TSP/data/classic/tsplib/pr152.tsp,hybrid,304,polyak,304,67160.144208390353,67164.28544773403,73682
/Users/a/Ayanami/code/TSP/data/classic/tsplib/pr152.tsp,hybrid,305,polyak,305,67082.868678846542,67164.28544773403,73682
/Users/a/Ayanami/code/TSP/data/classic/tsplib/pr152.tsp,hybrid,306,polyak,306,67153.55115281856,67164.28544773403,73682
/Users/a/Ayanami/code/TSP/data/classic/tsplib/pr152.tsp,hybrid,307,polyak,307,67095.063618072949,67164.28544773403,73682
/Users/a/Ayanami/code/TSP/data/classic/tsplib/pr152.tsp,hybrid,308,polyak,308,67157.02378956,67164.28544773403,73682
/Users/a/Ayanami/code/TSP/data/classic/tsplib/pr152.tsp,hybrid,309,polyak,309,67163.718698066485,67164.28544773403,73682
/Users/a/Ayanami/code/TSP/data/classic/tsplib/pr152.tsp,hybrid,310,polyak,310,67052.237760917415,67164.28544773403,73682
/Users/a/Ayanami/code/TSP/data/classic/tsplib/pr152.tsp,hybrid,311,polyak,311,67149.530091348337,67164.28544773403,73682
/Users/a/Ayanami/code/TSP/data/classic/tsplib/pr152.tsp,hybrid,312,polyak,312,67119.862861591901,67164.28544773403,73682
/Users/a/Ayanami/code/TSP/data/classic/tsplib/pr152.tsp,hybrid,313,polyak,313,67110.983094420983,67164.28544773403,73682
/Users/a/Ayanami/code/TSP/data/classic/tsplib/pr152.tsp,hybrid,314,polyak,314,67171.949078533726,67171.949078533726,73682
/Users/a/Ayanami/code/TSP/data/classic/tsplib/pr152.tsp,hybrid,315,polyak,315,67187.401464434064,67187.401464434064,73682
/Users/a/Ayanami/code/TSP/data/classic/tsplib/pr152.tsp,hybrid,316,polyak,316,67189.190280925483,67189.190280925483,73682
/Users/a/Ayanami/code/TSP/data/classic/tsplib/pr152.tsp,hybrid,317,polyak,317,67198.380006204228,67198.380006204228,73682
/Users/a/Ayanami/code/TSP/data/classic/tsplib/pr152.tsp,hybrid,318,polyak,318,67201.916702974442,67201.916702974442,73682
/Users/a/Ayanami/code/TSP/data/classic/tsplib/pr152.tsp,hybrid,319,polyak,319,67183.341101221289,67201.916702974442,73682
/Users/a/Ayanami/code/TSP/data/classic/tsplib/pr152.tsp,hybrid,320,polyak,320,67183.842408549099,67201.916702974442,73682
/Users/a/Ayanami/code/TSP/data/classic/tsplib/pr152.tsp,hybrid,321,polyak,321,67207.86683240546,67207.86683240546,73682
/Users/a/Ayanami/code/TSP/data/classic/tsplib/pr152.tsp,hybrid,322,polyak,322,67190.910269518979,67207.86683240546,73682
/Users/a/Ayanami/code/TSP/data/classic/tsplib/pr152.tsp,hybrid,323,polyak,323,67209.56973311826,67209.56973311826,73682
/Users/a/Ayanami/code/TSP/data/classic/tsplib/pr152.tsp,hybrid,324,polyak,324,67169.374304557685,67209.56973311826,73682
/Users/a/Ayanami/code/TSP/data/classic/tsplib/pr152.tsp,hybrid,325,polyak,325,67215.533337936387,67215.533337936387,73682
/Users/a/Ayanami/code/TSP/data/classic/tsplib/pr152.tsp,hybrid,326,polyak,326,67169.469970172082,67215.533337936387,73682
/Users/a/Ayanami/code/TSP/data/classic/tsplib/pr152.tsp,hybrid,327,polyak,327,67212.960257525148,67215.533337936387,73682
/Users/a/Ayanami/code/TSP/data/classic/tsplib/pr152.tsp,hybrid,328,polyak,328,67198.199276061598,67215.533337936387,73682
/Users/a/Ayanami/code/TSP/data/classic/tsplib/pr152.tsp,hybrid,329,polyak,329,67183.181776513724,67215.533337936387,73682
/Users/a/Ayanami/code/TSP/data/classic/tsplib/pr152.tsp,hybrid,330,polyak,330,67210.831993618354,67215.533337936387,73682
/Users/a/Ayanami/code/TSP/data/classic/tsplib/pr152.tsp,hybrid,331,polyak,331,67224.289641343843,67224.289641343843,73682
/Users/a/Ayanami/code/TSP/data/classic/tsplib/pr152.tsp,hybrid,332,polyak,332,67166.755833844232,67224.289641343843,73682
/Users/a/Ayanami/code/TSP/data/classic/tsplib/pr152.tsp,hybrid,333,polyak,333,67219.886629776593,67224.289641343843,73682
/Users/a/Ayanami/code/TSP/data/classic/tsplib/pr152.tsp,hybrid,334,polyak,334,67195.86902818692,67224.289641343843,73682
/Users/a/Ayanami/code/TSP/data/classic/tsplib/pr152.tsp,hybrid,335,polyak,335,67215.013606433669,67224.289641343843,73682
/Users/a/Ayanami/code/TSP/data/classic/tsplib/pr152.tsp,hybrid,336,polyak,336,67176.730833088441,67224.289641343843,73682
/Users/a/Ayanami/code/TSP/data/classic/tsplib/pr152.tsp,hybrid,337,polyak,337,67219.597317832435,67224.289641343843,73682
/Users/a/Ayanami/code/TSP/data/classic/tsplib/pr152.tsp,hybrid,338,polyak,338,67201.325234172094,67224.289641343843,73682
/Users/a/Ayanami/code/TSP/data/classic/tsplib/pr152.tsp,hybrid,339,polyak,339,67210.377978989229,67224.289641343843,73682
/Users/a/Ayanami/code/TSP/data/classic/tsplib/pr152.tsp,hybrid,340,polyak,340,67196.552649595207,67224.289641343843,73682
/Users/a/Ayanami/code/TSP/data/classic/tsplib/pr152.tsp,hybrid,341,polyak,341,67227.298837322014,67227.298837322014,73682
/Users/a/Ayanami/code/TSP/data/classic/tsplib/pr152.tsp,hybrid,342,polyak,342,67175.560629831831,67227.298837322014,73682
/Users/a/Ayanami/code/TSP/data/classic/tsplib/pr152.tsp,hybrid,343,polyak,343,67228.337586522743,67228.337586522743,73682
/Users/a/Ayanami/code/TSP/data/classic/tsplib/pr152.tsp,hybrid,344,polyak,344,67223.060671524494,67228.337586522743,73682
/Users/a/Ayanami/code/TSP/data/classic/tsplib/pr152.tsp,hybrid,345,polyak,345,67189.920206433701,67228.337586522743,73682
/Users/a/Ayanami/code/TSP/data/classic/tsplib/pr152.tsp,hybrid,346,polyak,346,67237.625575133308,67237.625575133308,73682
/Users/a/Ayanami/code/TSP/data/classic/tsplib/pr152.tsp,hybrid,347,polyak,347,67150.362381262079,67237.625575133308,73682
/Users/a/Ayanami/code/TSP/data/classic/tsplib/pr152.tsp,hybrid,348,polyak,348,67195.161400562283,67237.625575133308,73682
/Users/a/Ayanami/code/TSP/data/classic/tsplib/pr152.tsp,hybrid,349,polyak,349,67221.015856423663,67237.625575133308,73682
/Users/a/Ayanami/code/TSP/data/classic/tsplib/pr152.tsp,hybrid,350,polyak,350,67198.51585591941,67237.625575133308,73682
/Users/a/Ayanami/code/TSP/data/classic/tsplib/pr152.tsp,hybrid,351,polyak,351,67215.393079413931,67237.625575133308,73682
/Users/a/Ayanami/code/TSP/data/classic/tsplib/pr152.tsp,hybrid,352,polyak,352,67236.306375101907,67237.625575133308,73682
/Users/a/Ayanami/code/TSP/data/classic/tsplib/pr152.tsp,hybrid,353,polyak,353,67183.713623438176,67237.625575133308,73682
/Users/a/Ayanami/code/TSP/data/classic/tsplib/pr152.tsp,hybrid,354,polyak,354,67226.826958245525,67237.625575133308,73682
/Users/a/Ayanami/code/TSP/data/classic/tsplib/pr152.tsp,hybrid,355,polyak,355,67228.031483310668,67237.625575133308,73682
/Users/a/Ayanami/code/TSP/data/classic/tsplib/pr152.tsp,hybrid,356,polyak,356,67205.729128867184,67237.625575133308,73682
/Users/a/Ayanami/code/TSP/data/classic/tsplib/pr152.tsp,hybrid,357,polyak,357,67222.643575496768,67237.625575133308,73682
/Users/a/Ayanami/code/TSP/data/classic/tsplib/pr152.tsp,hybrid,358,polyak,358,67220.302785164939,67237.625575133308,73682
/Users/a/Ayanami/code/TSP/data/classic/tsplib/pr152.tsp,hybrid,359,polyak,359,67221.913406952735,67237.625575133308,73682
/Users/a/Ayanami/code/TSP/data/classic/tsplib/pr152.tsp,hybrid,360,polyak,360,67248.026689196311,67248.026689196311,73682
/Users/a/Ayanami/code/TSP/data/classic/tsplib/pr152.tsp,hybrid,361,polyak,361,67243.966876748309,67248.026689196311,73682
/Users/a/Ayanami/code/TSP/data/classic/tsplib/pr152.tsp,hybrid,362,polyak,362,67236.21997659115,67248.026689196311,73682
/Users/a/Ayanami/code/TSP/data/classic/tsplib/pr152.tsp,hybrid,363,polyak,363,67254.405944232698,67254.405944232698,73682
/Users/a/Ayanami/code/TSP/data/classic/tsplib/pr152.tsp,hybrid,364,polyak,364,67237.289919995426,67254.405944232698,73682
/Users/a/Ayanami/code/TSP/data/classic/tsplib/pr152.tsp,hybrid,365,polyak,365,67249.020664360462,67254.405944232698,73682
/Users/a/Ayanami/code/TSP/data/classic/tsplib/pr152.tsp,hybrid,366,polyak,366,67234.414059516581,67254.405944232698,73682
/Users/a/Ayanami/code/TSP/data/classic/tsplib/pr152.tsp,hybrid,367,polyak,367,67257.942886700795,67257.942886700795,73682
/Users/a/Ayanami/code/TSP/data/classic/tsplib/pr152.tsp,hybrid,368,polyak,368,67245.540756634786,67257.942886700795,73682
/Users/a/Ayanami/code/TSP/data/classic/tsplib/pr152.tsp,hybrid,369,polyak,369,67254.420311900743,67257.942886700795,73682
/Users/a/Ayanami/code/TSP/data/classic/tsplib/pr152.tsp,hybrid,370,polyak,370,67243.625923248663,67257.942886700795,73682
/Users/a/Ayanami/code/TSP/data/classic/tsplib/pr152.tsp,hybrid,371,polyak,371,67256.662188802278,67257.942886700795,73682
/Users/a/Ayanami/code/TSP/data/classic/tsplib/pr152.tsp,hybrid,372,polyak,372,67242.560355840003,67257.942886700795,73682
/Users/a/Ayanami/code/TSP/data/classic/tsplib/pr152.tsp,hybrid,373,polyak,373,67253.720824700416,67257.942886700795,73682
/Users/a/Ayanami/code/TSP/data/classic/tsplib/pr152.tsp,hybrid,374,polyak,374,67243.881351477117,67257.942886700795,73682
/Users/a/Ayanami/code/TSP/data/classic/tsplib/pr152.tsp,hybrid,375,polyak,375,67257.881492843939,67257.942886700795,73682
/Users/a/Ayanami/code/TSP/data/classic/tsplib/pr152.tsp,hybrid,376,polyak,376,67238.174498273438,67257.942886700795,73682
/Users/a/Ayanami/code/TSP/data/classic/tsplib/pr152.tsp,hybrid,377,polyak,377,67260.185512687662,67260.185512687662,73682
/Users/a/Ayanami/code/TSP/data/classic/tsplib/pr152.tsp,hybrid,378,polyak,378,67245.793716192959,67260.185512687662,73682
/Users/a/Ayanami/code/TSP/data/classic/tsplib/pr152.tsp,hybrid,379,polyak,379,67257.515435358422,67260.185512687662,73682
/Users/a/Ayanami/code/TSP/data/classic/tsplib/pr152.tsp,hybrid,380,polyak,380,67243.478061505069,67260.185512687662,73682
/Users/a/Ayanami/code/TSP/data/classic/tsplib/pr152.tsp,hybrid,381,polyak,381,67247.615268858543,67260.185512687662,73682
/Users/a/Ayanami/code/TSP/data/classic/tsplib/pr152.tsp,hybrid,382,polyak,382,67266.100546388843,67266.100546388843,73682
/Users/a/Ayanami/code/TSP/data/classic/tsplib/pr152.tsp,hybrid,383,polyak,383,67254.571676712018,67266.100546388843,73682
/Users/a/Ayanami/code/TSP/data/classic/tsplib/pr152.tsp,hybrid,384,polyak,384,67250.692291723346,67266.100546388843,73682
/Users/a/Ayanami/code/TSP/data/classic/tsplib/pr152.tsp,hybrid,385,polyak,385,67261.206527332673,67266.100546388843,73682
/Users/a/Ayanami/code/TSP/data/classic/tsplib/pr152.tsp,hybrid,386,polyak,386,67244.918820431718,67266.100546388843,73682
/Users/a/Ayanami/code/TSP/data/classic/tsplib/pr152.tsp,hybrid,387,polyak,387,67264.567410134157,67266.100546388843,73682
/Users/a/Ayanami/code/TSP/data/classic/tsplib/pr152.tsp,hybrid,388,polyak,388,67243.878597117102,67266.100546388843,73682
/Users/a/Ayanami/code/TSP/data/classic/tsplib/pr152.tsp,hybrid,389,polyak,389,67258.21931863841,67266.100546388843,73682
/Users/a/Ayanami/code/TSP/data/classic/tsplib/pr152.tsp,hybrid,390,polyak,390,67259.960395735645,67266.100546388843,73682
/Users/a/Ayanami/code/TSP/data/classic/tsplib/pr152.tsp,hybrid,391,polyak,391,67252.142776292341,67266.100546388843,73682
/Users/a/Ayanami/code/TSP/data/classic/tsplib/pr152.tsp,hybrid,392,polyak,392,67267.912235723343,67267.912235723343,73682
/Users/a/Ayanami/code/TSP/data/classic/tsplib/pr152.tsp,hybrid,393,polyak,393,67247.875174464265,67267.912235723343,73682
/Users/a/Ayanami/code/TSP/data/classic/tsplib/pr152.tsp,hybrid,394,polyak,394,67258.240318303026,67267.912235723343,73682
/Users/a/Ayanami/code/TSP/data/classic/tsplib/pr152.tsp,hybrid,395,polyak,395,67267.986781760206,67267.986781760206,73682
/Users/a/Ayanami/code/TSP/data/classic/tsplib/pr152.tsp,hybrid,396,polyak,396,67254.720561662034,67267.986781760206,73682
/Users/a/Ayanami/code/TSP/data/classic/tsplib/pr152.tsp,hybrid,397,polyak,397,67262.44850288509,67267.986781760206,73682
/Users/a/Ayanami/code/TSP/data/classic/tsplib/pr152.tsp,hybrid,398,polyak,398,67272.142055290824,67272.142055290824,73682
/Users/a/Ayanami/code/TSP/data/classic/tsplib/pr152.tsp,hybrid,399,polyak,399,67250.487854350096,67272.142055290824,73682
/Users/a/Ayanami/code/TSP/data/classic/tsplib/pr152.tsp,hybrid,400,polyak,400,67265.321963753449,67272.142055290824,73682
/Users/a/Ayanami/code/TSP/data/classic/tsplib/pr152.tsp,hybrid,401,polyak,401,67261.977739957714,67272.142055290824,73682
/Users/a/Ayanami/code/TSP/data/classic/tsplib/pr152.tsp,hybrid,402,polyak,402,67273.684852197708,67273.684852197708,73682
/Users/a/Ayanami/code/TSP/data/classic/tsplib/pr152.tsp,hybrid,403,polyak,403,67246.592945926299,67273.684852197708,73682
/Users/a/Ayanami/code/TSP/data/classic/tsplib/pr152.tsp,hybrid,404,polyak,404,67263.423668733158,67273.684852197708,73682
/Users/a/Ayanami/code/TSP/data/classic/tsplib/pr152.tsp,hybrid,405,polyak,405,67260.306755903046,67273.684852197708,73682
/Users/a/Ayanami/code/TSP/data/classic/tsplib/pr152.tsp,hybrid,406,polyak,406,67272.284402809106,67273.684852197708,73682
/Users/a/Ayanami/code/TSP/data/classic/tsplib/pr152.tsp,hybrid,407,polyak,407,67254.054840748431,67273.684852197708,73682
/Users/a/Ayanami/code/TSP/data/classic/tsplib/pr152.tsp,hybrid,408,polyak,408,67268.189899922596,67273.684852197708,73682
/Users/a/Ayanami/code/TSP/data/classic/tsplib/pr152.tsp,hybrid,409,polyak,409,67260.007916086033,67273.684852197708,73682
/Users/a/Ayanami/code/TSP/data/classic/tsplib/pr152.tsp,hybrid,410,polyak,410,67270.523517273221,67273.684852197708,73682
/Users/a/Ayanami/code/TSP/data/classic/tsplib/pr152.tsp,hybrid,411,polyak,411,67271.040992173206,67273.684852197708,73682
/Users/a/Ayanami/code/TSP/data/classic/tsplib/pr152.tsp,hybrid,412,polyak,412,67256.499258924858,67273.684852197708,73682
/Users/a/Ayanami/code/TSP/data/classic/tsplib/pr152.tsp,hybrid,413,polyak,413,67275.32080221684,67275.32080221684,73682
/Users/a/Ayanami/code/TSP/data/classic/tsplib/pr152.tsp,hybrid,414,polyak,414,67260.412719773652,67275.32080221684,73682
/Users/a/Ayanami/code/TSP/data/classic/tsplib/pr152.tsp,hybrid,415,polyak,415,67277.186784522055,67277.186784522055,73682
/Users/a/Ayanami/code/TSP/data/classic/tsplib/pr152.tsp,hybrid,416,polyak,416,67244.404632140679,67277.186784522055,73682
/Users/a/Ayanami/code/TSP/data/classic/tsplib/pr152.tsp,hybrid,417,polyak,417,67266.646259887901,67277.186784522055,73682
/Users/a/Ayanami/code/TSP/data/classic/tsplib/pr152.tsp,hybrid,418,polyak,418,67267.648020156979,67277.186784522055,73682
/Users/a/Ayanami/code/TSP/data/classic/tsplib/pr152.tsp,hybrid,419,polyak,419,67273.937282194267,67277.186784522055,73682
/Users/a/Ayanami/code/TSP/data/classic/tsplib/pr152.tsp,hybrid,420,polyak,420,67264.992704908684,67277.186784522055,73682
/Users/a/Ayanami/code/TSP/data/classic/tsplib/pr152.tsp,hybrid,421,polyak,421,67274.986309202621,67277.186784522055,73682
/Users/a/Ayanami/code/TSP/data/classic/tsplib/pr152.tsp,hybrid,422,polyak,422,67266.156942034562,67277.186784522055,73682
/Users/a/Ayanami/code/TSP/data/classic/tsplib/pr152.tsp,hybrid,423,polyak,423,67277.92221645455,67277.92221645455,73682
/Users/a/Ayanami/code/TSP/data/classic/tsplib/pr152.tsp,hybrid,424,polyak,424,67252.24410201906,67277.92221645455,73682
/Users/a/Ayanami/code/TSP/data/classic/tsplib/pr152.tsp,hybrid,425,polyak,425,67284.457304105803,67284.457304105803,73682
/Users/a/Ayanami/code/TSP/data/classic/tsplib/pr152.tsp,hybrid,426,polyak,426,67256.058610336986,67284.457304105803,73682
/Users/a/Ayanami/code/TSP/data/classic/tsplib/pr152.tsp,hybrid,427,polyak,427,67278.483240421614,67284.457304105803,73682
/Users/a/Ayanami/code/TSP/data/classic/tsplib/pr152.tsp,hybrid,428,polyak,428,67251.317903375806,67284.457304105803,73682
/Users/a/Ayanami/code/TSP/data/classic/tsplib/pr152.tsp,hybrid,429,polyak,429,67274.774464110713,67284.457304105803,73682
/Users/a/Ayanami/code/TSP/data/classic/tsplib/pr152.tsp,hybrid,430,polyak,430,67268.72247189538,67284.457304105803,73682
/Users/a/Ayanami/code/TSP/data/classic/tsplib/pr152.tsp,hybrid,431,polyak,431,67277.01144793017,67284.457304105803,73682
/Users/a/Ayanami/code/TSP/data/classic/tsplib/pr152.tsp,hybrid,432,polyak,432,67270.440300265749,67284.457304105803,73682
/Users/a/Ayanami/code/TSP/data/classic/tsplib/pr152.tsp,hybrid,433,polyak,433,67288.120397734194,67288.120397734194,73682
/Users/a/Ayanami/code/TSP/data/classic/tsplib/pr152.tsp,hybrid,434,polyak,434,67259.391230584224,67288.120397734194,73682
/Users/a/Ayanami/code/TSP/data/classic/tsplib/pr152.tsp,hybrid,435,polyak,435,67266.519585301139,67288.120397734194,73682
/Users/a/Ayanami/code/TSP/data/classic/tsplib/pr152.tsp,hybrid,436,polyak,436,67277.888276781392,67288.120397734194,73682
/Users/a/Ayanami/code/TSP/data/classic/tsplib/pr152.tsp,hybrid,437,polyak,437,67291.660326771904,67291.660326771904,73682
/Users/a/Ayanami/code/TSP/data/classic/tsplib/pr152.tsp,hybrid,438,polyak,438,67257.327264465057,67291.660326771904,73682
/Users/a/Ayanami/code/TSP/data/classic/tsplib/pr152.tsp,hybrid,439,polyak,439,67286.045525940819,67291.660326771904,73682
/Users/a/Ayanami/code/TSP/data/classic/tsplib/pr152.tsp,hybrid,440,polyak,440,67251.828586552903,67291.660326771904,73682
/Users/a/Ayanami/code/TSP/data/classic/tsplib/pr152.tsp,hybrid,441,polyak,441,67278.855243622078,67291.660326771904,73682
/Users/a/Ayanami/code/TSP/data/classic/tsplib/pr152.tsp,hybrid,442,polyak,442,67279.249204145017,67291.660326771904,73682
/Users/a/Ayanami/code/TSP/data/classic/tsplib/pr152.tsp,hybrid,443,polyak,443,67287.0491335158,67291.660326771904,73682
/Users/a/Ayanami/code/TSP/data/classic/tsplib/pr152.tsp,hybrid,444,polyak,444,67267.75786824504,67291.660326771904,73682
/Users/a/Ayanami/code/TSP/data/classic/tsplib/pr152.tsp,hybrid,445,polyak,445,67288.420443507857,67291.660326771904,73682
/Users/a/Ayanami/code/TSP/data/classic/tsplib/pr152.tsp,hybrid,446,polyak,446,67268.173633904924,67291.660326771904,73682
/Users/a/Ayanami/code/TSP/data/classic/tsplib/pr152.tsp,hybrid,447,polyak,447,67283.505600805322,67291.660326771904,73682
/Users/a/Ayanami/code/TSP/data/classic/tsplib/pr152.tsp,hybrid,448,polyak,448,67287.794920271626,67291.660326771904,73682
/Users/a/Ayanami/code/TSP/data/classic/tsplib/pr152.tsp,hybrid,449,polyak,449,67270.066478243156,67291.660326771904,73682
/Users/a/Ayanami/code/TSP/data/classic/tsplib/pr152.tsp,hybrid,450,polyak,450,67280.606015924131,67291.660326771904,73682
/Users/a/Ayanami/code/TSP/data/classic/tsplib/pr152.tsp,hybrid,451,polyak,451,67294.031977852195,67294.031977852195,73682
/Users/a/Ayanami/code/TSP/data/classic/tsplib/pr152.tsp,hybrid,452,polyak,452,67288.783170950948,67294.031977852195,73682
/Users/a/Ayanami/code/TSP/data/classic/tsplib/pr152.tsp,hybrid,453,polyak,453,67282.814642080397,67294.031977852195,73682
/Users/a/Ayanami/code/TSP/data/classic/tsplib/pr152.tsp,hybrid,454,polyak,454,67296.286297121027,67296.286297121027,73682
/Users/a/Ayanami/code/TSP/data/classic/tsplib/pr152.tsp,hybrid,455,polyak,455,67291.037758642284,67296.286297121027,73682
/Users/a/Ayanami/code/TSP/data/classic/tsplib/pr152.tsp,hybrid,456,polyak,456,67293.111328965257,67296.286297121027,73682
/Users/a/Ayanami/code/TSP/data/classic/tsplib/pr152.tsp,hybrid,457,polyak,457,67295.050679922657,67296.286297121027,73682
/Users/a/Ayanami/code/TSP/data/classic/tsplib/pr152.tsp,hybrid,458,polyak,458,67299.51018918195,67299.51018918195,73682
/Users/a/Ayanami/code/TSP/data/classic/tsplib/pr152.tsp,hybrid,459,polyak,459,67286.826102347171,67299.51018918195,73682
/Users/a/Ayanami/code/TSP/data/classic/tsplib/pr152.tsp,hybrid,460,polyak,460,67298.706188721582,67299.51018918195,73682
/Users/a/Ayanami/code/TSP/data/classic/tsplib/pr152.tsp,hybrid,461,polyak,461,67287.554360948357,67299.51018918195,73682
/Users/a/Ayanami/code/TSP/data/classic/tsplib/pr152.tsp,hybrid,462,polyak,462,67296.695400814453,67299.51018918195,73682
/Users/a/Ayanami/code/TSP/data/classic/tsplib/pr152.tsp,hybrid,463,polyak,463,67301.56036872344,67301.56036872344,73682
/Users/a/Ayanami/code/TSP/data/classic/tsplib/pr152.tsp,hybrid,464,polyak,464,67286.95793151496,67301.56036872344,73682
/Users/a/Ayanami/code/TSP/data/classic/tsplib/pr152.tsp,hybrid,465,polyak,465,67296.553805848293,67301.56036872344,73682
/Users/a/Ayanami/code/TSP/data/classic/tsplib/pr152.tsp,hybrid,466,polyak,466,67298.59708743071,67301.56036872344,73682
/Users/a/Ayanami/code/TSP/data/classic/tsplib/pr152.tsp,hybrid,467,polyak,467,67293.316807990777,67301.56036872344,73682
/Users/a/Ayanami/code/TSP/data/classic/tsplib/pr152.tsp,hybrid,468,polyak,468,67300.186201135642,67301.56036872344,73682
/Users/a/Ayanami/code/TSP/data/classic/tsplib/pr152.tsp,hybrid,469,polyak,469,67295.132256090903,67301.56036872344,73682
/Users/a/Ayanami/code/TSP/data/classic/tsplib/pr152.tsp,hybrid,470,polyak,470,67298.62962965855,67301.56036872344,73682
/Users/a/Ayanami/code/TSP/data/classic/tsplib/pr152.tsp,hybrid,471,polyak,471,67295.730295016649,67301.56036872344,73682
/Users/a/Ayanami/code/TSP/data/classic/tsplib/pr152.tsp,hybrid,472,polyak,472,67300.531382319663,67301.56036872344,73682
/Users/a/Ayanami/code/TSP/data/classic/tsplib/pr152.tsp,hybrid,473,polyak,473,67292.062734153369,67301.56036872344,73682
/Users/a/Ayanami/code/TSP/data/classic/tsplib/pr152.tsp,hybrid,474,polyak,474,67297.961642150723,67301.56036872344,73682
/Users/a/Ayanami/code/TSP/data/classic/tsplib/pr152.tsp,hybrid,475,polyak,475,67301.713464107044,67301.713464107044,73682
/Users/a/Ayanami/code/TSP/data/classic/tsplib/pr152.tsp,hybrid,476,polyak,476,67294.468570733283,67301.713464107044,73682
/Users/a/Ayanami/code/TSP/data/classic/tsplib/pr152.tsp,hybrid,477,polyak,477,67297.832608009572,67301.713464107044,73682
/Users/a/Ayanami/code/TSP/data/classic/tsplib/pr152.tsp,hybrid,478,polyak,478,67301.713777601908,67301.713777601908,73682
/Users/a/Ayanami/code/TSP/data/classic/tsplib/pr152.tsp,hybrid,479,polyak,479,67300.713794963245,67301.713777601908,73682
/Users/a/Ayanami/code/TSP/data/classic/tsplib/pr152.tsp,hybrid,480,polyak,480,67295.442335039232,67301.713777601908,73682
/Users/a/Ayanami/code/TSP/data/classic/tsplib/pr152.tsp,hybrid,481,polyak,481,67300.437368445622,67301.713777601908,73682
/Users/a/Ayanami/code/TSP/data/classic/tsplib/pr152.tsp,hybrid,482,polyak,482,67295.919787433988,67301.713777601908,73682
/Users/a/Ayanami/code/TSP/data/classic/tsplib/pr152.tsp,hybrid,483,polyak,483,67302.917961118656,67302.917961118656,73682
/Users/a/Ayanami/code/TSP/data/classic/tsplib/pr152.tsp,hybrid,484,polyak,484,67296.048191821741,67302.917961118656,73682
/Users/a/Ayanami/code/TSP/data/classic/tsplib/pr152.tsp,hybrid,485,polyak,485,67303.546395720841,67303.546395720841,73682
/Users/a/Ayanami/code/TSP/data/classic/tsplib/pr152.tsp,hybrid,486,polyak,486,67291.118880199792,67303.546395720841,73682
/Users/a/Ayanami/code/TSP/data/classic/tsplib/pr152.tsp,hybrid,487,polyak,487,67304.715575391063,67304.715575391063,73682
/Users/a/Ayanami/code/TSP/data/classic/tsplib/pr152.tsp,hybrid,488,polyak,488,67304.932089260765,67304.932089260765,73682
/Users/a/Ayanami/code/TSP/data/classic/tsplib/pr152.tsp,hybrid,489,polyak,489,67291.606622970445,67304.932089260765,73682
/Users/a/Ayanami/code/TSP/data/classic/tsplib/pr152.tsp,hybrid,490,polyak,490,67304.74198478536,67304.932089260765,73682
/Users/a/Ayanami/code/TSP/data/classic/tsplib/pr152.tsp,hybrid,491,polyak,491,67296.677376851949,67304.932089260765,73682
/Users/a/Ayanami/code/TSP/data/classic/tsplib/pr152.tsp,hybrid,492,polyak,492,67304.131074011922,67304.932089260765,73682
/Users/a/Ayanami/code/TSP/data/classic/tsplib/pr152.tsp,hybrid,493,polyak,493,67296.406818066578,67304.932089260765,73682
/Users/a/Ayanami/code/TSP/data/classic/tsplib/pr152.tsp,hybrid,494,polyak,494,67304.748386976775,67304.932089260765,73682
/Users/a/Ayanami/code/TSP/data/classic/tsplib/pr152.tsp,hybrid,495,polyak,495,67294.993138583712,67304.932089260765,73682
/Users/a/Ayanami/code/TSP/data/classic/tsplib/pr152.tsp,hybrid,496,polyak,496,67306.871329570786,67306.871329570786,73682
/Users/a/Ayanami/code/TSP/data/classic/tsplib/pr152.tsp,hybrid,497,polyak,497,67296.439217247404,67306.871329570786,73682
/Users/a/Ayanami/code/TSP/data/classic/tsplib/pr152.tsp,hybrid,498,polyak,498,67298.258299800946,67306.871329570786,73682
/Users/a/Ayanami/code/TSP/data/classic/tsplib/pr152.tsp,hybrid,499,polyak,499,67310.460456470028,67310.460456470028,73682
/Users/a/Ayanami/code/TSP/data/classic/tsplib/pr152.tsp,hybrid,500,polyak,500,67296.065200896992,67310.460456470028,73682
/Users/a/Ayanami/code/TSP/data/classic/tsplib/pr152.tsp,hybrid,501,polyak,501,67304.196289679545,67310.460456470028,73682
/Users/a/Ayanami/code/TSP/data/classic/tsplib/pr152.tsp,hybrid,502,polyak,502,67305.711516499621,67310.460456470028,73682
/Users/a/Ayanami/code/TSP/data/classic/tsplib/pr152.tsp,hybrid,503,polyak,503,67298.221288735178,67310.460456470028,73682
/Users/a/Ayanami/code/TSP/data/classic/tsplib/pr152.tsp,hybrid,504,polyak,504,67304.205465953215,67310.460456470028,73682
/Users/a/Ayanami/code/TSP/data/classic/tsplib/pr152.tsp,hybrid,505,polyak,505,67307.651173452876,67310.460456470028,73682
/Users/a/Ayanami/code/TSP/data/classic/tsplib/pr152.tsp,hybrid,506,polyak,506,67306.391949635843,67310.460456470028,73682
/Users/a/Ayanami/code/TSP/data/classic/tsplib/pr152.tsp,hybrid,507,polyak,507,67296.243415786565,67310.460456470028,73682
/Users/a/Ayanami/code/TSP/data/classic/tsplib/pr152.tsp,hybrid,508,polyak,508,67309.676655572955,67310.460456470028,73682
/Users/a/Ayanami/code/TSP/data/classic/tsplib/pr152.tsp,hybrid,509,polyak,509,67295.142725956131,67310.460456470028,73682
/Users/a/Ayanami/code/TSP/data/classic/tsplib/pr152.tsp,hybrid,510,polyak,510,67303.386360875025,67310.460456470028,73682
/Users/a/Ayanami/code/TSP/data/classic/tsplib/pr152.tsp,hybrid,511,polyak,511,67301.570376863063,67310.460456470028,73682
/Users/a/Ayanami/code/TSP/data/classic/tsplib/pr152.tsp,hybrid,512,polyak,512,67307.714850075063,67310.460456470028,73682
/Users/a/Ayanami/code/TSP/data/classic/tsplib/pr152.tsp,hybrid,513,polyak,513,67312.418982396877,67312.418982396877,73682
/Users/a/Ayanami/code/TSP/data/classic/tsplib/pr152.tsp,hybrid,514,polyak,514,67306.463115702558,67312.418982396877,73682
/Users/a/Ayanami/code/TSP/data/classic/tsplib/pr152.tsp,hybrid,515,polyak,515,67312.729193438296,67312.729193438296,73682
/Users/a/Ayanami/code/TSP/data/classic/tsplib/pr152.tsp,hybrid,516,polyak,516,67308.12867441804,67312.729193438296,73682
/Users/a/Ayanami/code/TSP/data/classic/tsplib/pr152.tsp,hybrid,517,polyak,517,67312.456300393285,67312.729193438296,73682
/Users/a/Ayanami/code/TSP/data/classic/tsplib/pr152.tsp,hybrid,518,polyak,518,67310.50814184401,67312.729193438296,73682
/Users/a/Ayanami/code/TSP/data/classic/tsplib/pr152.tsp,hybrid,519,polyak,519,67312.669242438249,67312.729193438296,73682
/Users/a/Ayanami/code/TSP/data/classic/tsplib/pr152.tsp,hybrid,520,polyak,520,67308.778312091905,67312.729193438296,73682
/Users/a/Ayanami/code/TSP/data/classic/tsplib/pr152.tsp,hybrid,521,polyak,521,67313.046386923364,67313.046386923364,73682
/Users/a/Ayanami/code/TSP/data/classic/tsplib/pr152.tsp,hybrid,522,polyak,522,67310.951054638077,67313.046386923364,73682
/Users/a/Ayanami/code/TSP/data/classic/tsplib/pr152.tsp,hybrid,523,polyak,523,67311.745974095669,67313.046386923364,73682
/Users/a/Ayanami/code/TSP/data/classic/tsplib/pr152.tsp,hybrid,524,polyak,524,67311.879484967096,67313.046386923364,73682
/Users/a/Ayanami/code/TSP/data/classic/tsplib/pr152.tsp,hybrid,525,polyak,525,67310.348823202221,67313.046386923364,73682
/Users/a/Ayanami/code/TSP/data/classic/tsplib/pr152.tsp,hybrid,526,polyak,526,67314.367175329593,67314.367175329593,73682
/Users/a/Ayanami/code/TSP/data/classic/tsplib/pr152.tsp,hybrid,527,polyak,527,67313.230011374821,67314.367175329593,73682
/Users/a/Ayanami/code/TSP/data/classic/tsplib/pr152.tsp,hybrid,528,polyak,528,67310.017056026685,67314.367175329593,73682
/Users/a/Ayanami/code/TSP/data/classic/tsplib/pr152.tsp,hybrid,529,polyak,529,67313.060849135043,67314.367175329593,73682
/Users/a/Ayanami/code/TSP/data/classic/tsplib/pr152.tsp,hybrid,530,polyak,530,67313.256556715962,67314.367175329593,73682
/Users/a/Ayanami/code/TSP/data/classic/tsplib/pr152.tsp,hybrid,531,polyak,531,67311.258073851859,67314.367175329593,73682
/Users/a/Ayanami/code/TSP/data/classic/tsplib/pr152.tsp,hybrid,532,polyak,532,67313.400437990917,67314.367175329593,73682
/Users/a/Ayanami/code/TSP/data/classic/tsplib/pr152.tsp,hybrid,533,polyak,533,67315.212514823361,67315.212514823361,73682
/Users/a/Ayanami/code/TSP/data/classic/tsplib/pr152.tsp,hybrid,534,polyak,534,67310.994849118404,67315.212514823361,73682
/Users/a/Ayanami/code/TSP/data/classic/tsplib/pr152.tsp,hybrid,535,polyak,535,67313.464673619776,67315.212514823361,73682
/Users/a/Ayanami/code/TSP/data/classic/tsplib/pr152.tsp,hybrid,536,polyak,536,67312.81007472513,67315.212514823361,73682
/Users/a/Ayanami/code/TSP/data/classic/tsplib/pr152.tsp,hybrid,537,polyak,537,67315.411579761334,67315.411579761334,73682
/Users/a/Ayanami/code/TSP/data/classic/tsplib/pr152.tsp,hybrid,538,polyak,538,67310.630928891696,67315.411579761334,73682
/Users/a/Ayanami/code/TSP/data/classic/tsplib/pr152.tsp,hybrid,539,polyak,539,67313.878383146846,67315.411579761334,73682
/Users/a/Ayanami/code/TSP/data/classic/tsplib/pr152.tsp,hybrid,540,polyak,540,67316.993724041487,67316.993724041487,73682
/Users/a/Ayanami/code/TSP/data/classic/tsplib/pr152.tsp,hybrid,541,polyak,541,67308.648344808826,67316.993724041487,73682
/Users/a/Ayanami/code/TSP/data/classic/tsplib/pr152.tsp,hybrid,542,polyak,542,67315.759336209885,67316.993724041487,73682
/Users/a/Ayanami/code/TSP/data/classic/tsplib/pr152.tsp,hybrid,543,polyak,543,67314.103291031002,67316.993724041487,73682
/Users/a/Ayanami/code/TSP/data/classic/tsplib/pr152.tsp,hybrid,544,polyak,544,67312.828629835654,67316.993724041487,73682
/Users/a/Ayanami/code/TSP/data/classic/tsplib/pr152.tsp,hybrid,545,polyak,545,67315.836769527319,67316.993724041487,73682
/Users/a/Ayanami/code/TSP/data/classic/tsplib/pr152.tsp,hybrid,546,polyak,546,67312.564776789892,67316.993724041487,73682
/Users/a/Ayanami/code/TSP/data/classic/tsplib/pr152.tsp,hybrid,547,polyak,547,67315.484716378531,67316.993724041487,73682
/Users/a/Ayanami/code/TSP/data/classic/tsplib/pr152.tsp,hybrid,548,polyak,548,67313.748990500564,67316.993724041487,73682
/Users/a/Ayanami/code/TSP/data/classic/tsplib/pr152.tsp,hybrid,549,polyak,549,67315.12106466938,67316.993724041487,73682
/Users/a/Ayanami/code/TSP/data/classic/tsplib/pr152.tsp,hybrid,550,polyak,550,67311.665892186109,67316.993724041487,73682
/Users/a/Ayanami/code/TSP/data/classic/tsplib/pr152.tsp,hybrid,551,polyak,551,67316.403448209501,67316.993724041487,73682
/Users/a/Ayanami/code/TSP/data/classic/tsplib/pr152.tsp,hybrid,552,polyak,552,67311.901378352093,67316.993724041487,73682
/Users/a/Ayanami/code/TSP/data/classic/tsplib/pr152.tsp,hybrid,553,polyak,553,67315.087351014881,67316.993724041487,73682
/Users/a/Ayanami/code/TSP/data/classic/tsplib/pr152.tsp,hybrid,554,polyak,554,67317.913838677909,67317.913838677909,73682
/Users/a/Ayanami/code/TSP/data/classic/tsplib/pr152.tsp,hybrid,555,polyak,555,67317.20118083978,67317.913838677909,73682
/Users/a/Ayanami/code/TSP/data/classic/tsplib/pr152.tsp,hybrid,556,polyak,556,67318.639434700803,67318.639434700803,73682
/Users/a/Ayanami/code/TSP/data/classic/tsplib/pr152.tsp,hybrid,557,polyak,557,67317.349881848073,67318.639434700803,73682
/Users/a/Ayanami/code/TSP/data/classic/tsplib/pr152.tsp,hybrid,558,polyak,558,67318.953799391908,67318.953799391908,73682
/Users/a/Ayanami/code/TSP/data/classic/tsplib/pr152.tsp,hybrid,559,polyak,559,67318.421740241349,67318.953799391908,73682
/Users/a/Ayanami/code/TSP/data/classic/tsplib/pr152.tsp,hybrid,560,polyak,560,67317.55584157884,67318.953799391908,73682
/Users/a/Ayanami/code/TSP/data/classic/tsplib/pr152.tsp,hybrid,561,polyak,561,67317.579541426487,67318.953799391908,73682
/Users/a/Ayanami/code/TSP/data/classic/tsplib/pr152.tsp,hybrid,562,polyak,562,67319.875612550706,67319.875612550706,73682
/Users/a/Ayanami/code/TSP/data/classic/tsplib/pr152.tsp,hybrid,563,polyak,563,67316.525719086872,67319.875612550706,73682
/Users/a/Ayanami/code/TSP/data/classic/tsplib/pr152.tsp,hybrid,564,polyak,564,67318.840737658713,67319.875612550706,73682
/Users/a/Ayanami/code/TSP/data/classic/tsplib/pr152.tsp,hybrid,565,polyak,565,67318.468099150312,67319.875612550706,73682
/Users/a/Ayanami/code/TSP/data/classic/tsplib/pr152.tsp,hybrid,566,polyak,566,67318.204609437526,67319.875612550706,73682
/Users/a/Ayanami/code/TSP/data/classic/tsplib/pr152.tsp,hybrid,567,polyak,567,67319.654920543238,67319.875612550706,73682
/Users/a/Ayanami/code/TSP/data/classic/tsplib/pr152.tsp,hybrid,568,polyak,568,67318.611257089404,67319.875612550706,73682
/Users/a/Ayanami/code/TSP/data/classic/tsplib/pr152.tsp,hybrid,569,polyak,569,67319.134260885767,67319.875612550706,73682
/Users/a/Ayanami/code/TSP/data/classic/tsplib/pr152.tsp,hybrid,570,polyak,570,67318.485919445317,67319.875612550706,73682
/Users/a/Ayanami/code/TSP/data/classic/tsplib/pr152.tsp,hybrid,571,polyak,571,67319.36628397803,67319.875612550706,73682
/Users/a/Ayanami/code/TSP/data/classic/tsplib/pr152.tsp,hybrid,572,polyak,572,67319.238645964055,67319.875612550706,73682
/Users/a/Ayanami/code/TSP/data/classic/tsplib/pr152.tsp,hybrid,573,polyak,573,67318.30886577355,67319.875612550706,73682
/Users/a/Ayanami/code/TSP/data/classic/tsplib/pr152.tsp,hybrid,574,polyak,574,67320.184390641138,67320.184390641138,73682
/Users/a/Ayanami/code/TSP/data/classic/tsplib/pr152.tsp,hybrid,575,polyak,575,67318.687852150571,67320.184390641138,73682
/Users/a/Ayanami/code/TSP/data/classic/tsplib/pr152.tsp,hybrid,576,polyak,576,67319.571331603758,67320.184390641138,73682
/Users/a/Ayanami/code/TSP/data/classic/tsplib/pr152.tsp,hybrid,577,polyak,577,67319.145544779152,67320.184390641138,73682
/Users/a/Ayanami/code/TSP/data/classic/tsplib/pr152.tsp,hybrid,578,polyak,578,67320.435902550962,67320.435902550962,73682
/Users/a/Ayanami/code/TSP/data/classic/tsplib/pr152.tsp,hybrid,579,polyak,579,67318.584727046167,67320.435902550962,73682
/Users/a/Ayanami/code/TSP/data/classic/tsplib/pr152.tsp,hybrid,580,polyak,580,67320.154788242275,67320.435902550962,73682
/Users/a/Ayanami/code/TSP/data/classic/tsplib/pr152.tsp,hybrid,581,polyak,581,67320.248580199172,67320.435902550962,73682
/Users/a/Ayanami/code/TSP/data/classic/tsplib/pr152.tsp,hybrid,582,polyak,582,67317.507878990757,67320.435902550962,73682
/Users/a/Ayanami/code/TSP/data/classic/tsplib/pr152.tsp,hybrid,583,polyak,583,67319.365763874375,67320.435902550962,73682
/Users/a/Ayanami/code/TSP/data/classic/tsplib/pr152.tsp,hybrid,584,polyak,584,67320.947267206997,67320.947267206997,73682
/Users/a/Ayanami/code/TSP/data/classic/tsplib/pr152.tsp,hybrid,585,polyak,585,67321.029688599112,67321.029688599112,73682
/Users/a/Ayanami/code/TSP/data/classic/tsplib/pr152.tsp,hybrid,586,polyak,586,67318.051671423222,67321.029688599112,73682
/Users/a/Ayanami/code/TSP/data/classic/tsplib/pr152.tsp,hybrid,587,polyak,587,67320.986540746861,67321.029688599112,73682
/Users/a/Ayanami/code/TSP/data/classic/tsplib/pr152.tsp,hybrid,588,polyak,588,67320.201785080353,67321.029688599112,73682
/Users/a/Ayanami/code/TSP/data/classic/tsplib/pr152.tsp,hybrid,589,polyak,589,67319.444757631602,67321.029688599112,73682
/Users/a/Ayanami/code/TSP/data/classic/tsplib/pr152.tsp,hybrid,590,polyak,590,67320.170529120704,67321.029688599112,73682
/Users/a/Ayanami/code/TSP/data/classic/tsplib/pr152.tsp,hybrid,591,polyak,591,67321.300277996619,67321.300277996619,73682
/Users/a/Ayanami/code/TSP/data/classic/tsplib/pr152.tsp,hybrid,592,polyak,592,67318.065466961154,67321.300277996619,73682
/Users/a/Ayanami/code/TSP/data/classic/tsplib/pr152.tsp,hybrid,593,polyak,593,67321.167367810107,67321.300277996619,73682
/Users/a/Ayanami/code/TSP/data/classic/tsplib/pr152.tsp,hybrid,594,polyak,594,67320.68958469035,67321.300277996619,73682
/Users/a/Ayanami/code/TSP/data/classic/tsplib/pr152.tsp,hybrid,595,polyak,595,67319.395189471019,67321.300277996619,73682
/Users/a/Ayanami/code/TSP/data/classic/tsplib/pr152.tsp,hybrid,596,polyak,596,67321.446590277672,67321.446590277672,73682
/Users/a/Ayanami/code/TSP/data/classic/tsplib/pr152.tsp,hybrid,597,polyak,597,67318.752475294532,67321.446590277672,73682
/Users/a/Ayanami/code/TSP/data/classic/tsplib/pr152.tsp,hybrid,598,polyak,598,67321.41287049769,67321.446590277672,73682
/Users/a/Ayanami/code/TSP/data/classic/tsplib/pr152.tsp,hybrid,599,polyak,599,67318.544031197816,67321.446590277672,73682
/Users/a/Ayanami/code/TSP/data/classic/tsplib/pr152.tsp,hybrid,600,polyak,600,67321.066205256022,67321.446590277672,73682
/Users/a/Ayanami/code/TSP/data/classic/tsplib/pr152.tsp,hybrid,601,polyak,601,67321.359383541814,67321.446590277672,73682
/Users/a/Ayanami/code/TSP/data/classic/tsplib/pr152.tsp,hybrid,602,polyak,602,67319.536912256663,67321.446590277672,73682
/Users/a/Ayanami/code/TSP/data/classic/tsplib/pr152.tsp,hybrid,603,polyak,603,67321.079443192677,67321.446590277672,73682
/Users/a/Ayanami/code/TSP/data/classic/tsplib/pr152.tsp,hybrid,604,polyak,604,67321.40494274169,67321.446590277672,73682
/Users/a/Ayanami/code/TSP/data/classic/tsplib/pr152.tsp,hybrid,605,polyak,605,67322.813648783907,67322.813648783907,73682
/Users/a/Ayanami/code/TSP/data/classic/tsplib/pr152.tsp,hybrid,606,polyak,606,67318.25835291289,67322.813648783907,73682
/Users/a/Ayanami/code/TSP/data/classic/tsplib/pr152.tsp,hybrid,607,polyak,607,67321.434746136438,67322.813648783907,73682
/Users/a/Ayanami/code/TSP/data/classic/tsplib/pr152.tsp,hybrid,608,polyak,608,67321.228496390089,67322.813648783907,73682
/Users/a/Ayanami/code/TSP/data/classic/tsplib/pr152.tsp,hybrid,609,polyak,609,67320.117097454757,67322.813648783907,73682
/Users/a/Ayanami/code/TSP/data/classic/tsplib/pr152.tsp,hybrid,610,polyak,610,67321.730749191483,67322.813648783907,73682
/Users/a/Ayanami/code/TSP/data/classic/tsplib/pr152.tsp,hybrid,611,polyak,611,67320.823381423877,67322.813648783907,73682
/Users/a/Ayanami/code/TSP/data/classic/tsplib/pr152.tsp,hybrid,612,polyak,612,67321.636393478897,67322.813648783907,73682
/Users/a/Ayanami/code/TSP/data/classic/tsplib/pr152.tsp,hybrid,613,polyak,613,67319.835048569454,67322.813648783907,73682
/Users/a/Ayanami/code/TSP/data/classic/tsplib/pr152.tsp,hybrid,614,polyak,614,67321.923708521033,67322.813648783907,73682
/Users/a/Ayanami/code/TSP/data/classic/tsplib/pr152.tsp,hybrid,615,polyak,615,67322.97796195063,67322.97796195063,73682
/Users/a/Ayanami/code/TSP/data/classic/tsplib/pr152.tsp,hybrid,616,polyak,616,67319.443336447046,67322.97796195063,73682
/Users/a/Ayanami/code/TSP/data/classic/tsplib/pr152.tsp,hybrid,617,polyak,617,67322.587213636143,67322.97796195063,73682
/Users/a/Ayanami/code/TSP/data/classic/tsplib/pr152.tsp,hybrid,618,polyak,618,67318.371684960672,67322.97796195063,73682
/Users/a/Ayanami/code/TSP/data/classic/tsplib/pr152.tsp,hybrid,619,polyak,619,67321.098226367089,67322.97796195063,73682
/Users/a/Ayanami/code/TSP/data/classic/tsplib/pr152.tsp,hybrid,620,polyak,620,67321.837365271655,67322.97796195063,73682
/Users/a/Ayanami/code/TSP/data/classic/tsplib/pr152.tsp,hybrid,621,polyak,621,67320.920056931325,67322.97796195063,73682
/Users/a/Ayanami/code/TSP/data/classic/tsplib/pr152.tsp,hybrid,622,polyak,622,67322.70238438157,67322.97796195063,73682
/Users/a/Ayanami/code/TSP/data/classic/tsplib/pr152.tsp,hybrid,623,polyak,623,67318.287469945542,67322.97796195063,73682
/Users/a/Ayanami/code/TSP/data/classic/tsplib/pr152.tsp,hybrid,624,polyak,624,67321.403578354657,67322.97796195063,73682
/Users/a/Ayanami/code/TSP/data/classic/tsplib/pr152.tsp,hybrid,625,polyak,625,67321.924897738267,67322.97796195063,73682
/Users/a/Ayanami/code/TSP/data/classic/tsplib/pr152.tsp,hybrid,626,polyak,626,67321.670955462469,67322.97796195063,73682
/Users/a/Ayanami/code/TSP/data/classic/tsplib/pr152.tsp,hybrid,627,polyak,627,67323.212002437096,67323.212002437096,73682
/Users/a/Ayanami/code/TSP/data/classic/tsplib/pr152.tsp,hybrid,628,polyak,628,67319.888808482065,67323.212002437096,73682
/Users/a/Ayanami/code/TSP/data/classic/tsplib/pr152.tsp,hybrid,629,polyak,629,67321.8136479237,67323.212002437096,73682
/Users/a/Ayanami/code/TSP/data/classic/tsplib/pr152.tsp,hybrid,630,polyak,630,67321.443765757242,67323.212002437096,73682
/Users/a/Ayanami/code/TSP/data/classic/tsplib/pr152.tsp,hybrid,631,polyak,631,67322.274275549775,67323.212002437096,73682
/Users/a/Ayanami/code/TSP/data/classic/tsplib/pr152.tsp,hybrid,632,polyak,632,67321.611149572724,67323.212002437096,73682
/Users/a/Ayanami/code/TSP/data/classic/tsplib/pr152.tsp,hybrid,633,polyak,633,67323.068121661301,67323.212002437096,73682
/Users/a/Ayanami/code/TSP/data/classic/tsplib/pr152.tsp,hybrid,634,polyak,634,67321.365785833957,67323.212002437096,73682
/Users/a/Ayanami/code/TSP/data/classic/tsplib/pr152.tsp,hybrid,635,polyak,635,67323.284255616978,67323.284255616978,73682
/Users/a/Ayanami/code/TSP/data/classic/tsplib/pr152.tsp,hybrid,636,polyak,636,67319.999542660764,67323.284255616978,73682
/Users/a/Ayanami/code/TSP/data/classic/tsplib/pr152.tsp,hybrid,637,polyak,637,67323.021069811657,67323.284255616978,73682
/Users/a/Ayanami/code/TSP/data/classic/tsplib/pr152.tsp,hybrid,638,polyak,638,67323.020170243733,67323.284255616978,73682
/Users/a/Ayanami/code/TSP/data/classic/tsplib/pr152.tsp,hybrid,639,polyak,639,67321.543524391833,67323.284255616978,73682
/Users/a/Ayanami/code/TSP/data/classic/tsplib/pr152.tsp,hybrid,640,polyak,640,67323.379340151805,67323.379340151805,73682
/Users/a/Ayanami/code/TSP/data/classic/tsplib/pr152.tsp,hybrid,641,polyak,641,67320.731652694827,67323.379340151805,73682
/Users/a/Ayanami/code/TSP/data/classic/tsplib/pr152.tsp,hybrid,642,polyak,642,67322.530515883889,67323.379340151805,73682
/Users/a/Ayanami/code/TSP/data/classic/tsplib/pr152.tsp,hybrid,643,polyak,643,67321.163460560667,67323.379340151805,73682
/Users/a/Ayanami/code/TSP/data/classic/tsplib/pr152.tsp,hybrid,644,polyak,644,67323.475847965412,67323.475847965412,73682
/Users/a/Ayanami/code/TSP/data/classic/tsplib/pr152.tsp,hybrid,645,polyak,645,67321.240694968132,67323.475847965412,73682
/Users/a/Ayanami/code/TSP/data/classic/tsplib/pr152.tsp,hybrid,646,polyak,646,67323.769023589222,67323.769023589222,73682
/Users/a/Ayanami/code/TSP/data/classic/tsplib/pr152.tsp,hybrid,647,polyak,647,67322.062134943786,67323.769023589222,73682
/Users/a/Ayanami/code/TSP/data/classic/tsplib/pr152.tsp,hybrid,648,polyak,648,67323.278422787975,67323.769023589222,73682
/Users/a/Ayanami/code/TSP/data/classic/tsplib/pr152.tsp,hybrid,649,polyak,649,67322.987436389318,67323.769023589222,73682
/Users/a/Ayanami/code/TSP/data/classic/tsplib/pr152.tsp,hybrid,650,polyak,650,67322.520341778465,67323.769023589222,73682
/Users/a/Ayanami/code/TSP/data/classic/tsplib/pr152.tsp,hybrid,651,polyak,651,67324.348902931786,67324.348902931786,73682
/Users/a/Ayanami/code/TSP/data/classic/tsplib/pr152.tsp,hybrid,652,polyak,652,67321.792895553532,67324.348902931786,73682
/Users/a/Ayanami/code/TSP/data/classic/tsplib/pr152.tsp,hybrid,653,polyak,653,67323.140856524158,67324.348902931786,73682
/Users/a/Ayanami/code/TSP/data/classic/tsplib/pr152.tsp,hybrid,654,polyak,654,67324.782233556849,67324.782233556849,73682
/Users/a/Ayanami/code/TSP/data/classic/tsplib/pr152.tsp,hybrid,655,polyak,655,67319.593928300295,67324.782233556849,73682
/Users/a/Ayanami/code/TSP/data/classic/tsplib/pr152.tsp,hybrid,656,polyak,656,67323.024186204333,67324.782233556849,73682
/Users/a/Ayanami/code/TSP/data/classic/tsplib/pr152.tsp,hybrid,657,polyak,657,67323.070694435548,67324.782233556849,73682
/Users/a/Ayanami/code/TSP/data/classic/tsplib/pr152.tsp,hybrid,658,polyak,658,67324.207896635475,67324.782233556849,73682
/Users/a/Ayanami/code/TSP/data/classic/tsplib/pr152.tsp,hybrid,659,polyak,659,67322.258548340164,67324.782233556849,73682
/Users/a/Ayanami/code/TSP/data/classic/tsplib/pr152.tsp,hybrid,660,polyak,660,67324.263754076994,67324.782233556849,73682
/Users/a/Ayanami/code/TSP/data/classic/tsplib/pr152.tsp,hybrid,661,polyak,661,67322.564713363274,67324.782233556849,73682
/Users/a/Ayanami/code/TSP/data/classic/tsplib/pr152.tsp,hybrid,662,polyak,662,67323.213211851064,67324.782233556849,73682
/Users/a/Ayanami/code/TSP/data/classic/tsplib/pr152.tsp,hybrid,663,polyak,663,67323.866205611936,67324.782233556849,73682
/Users/a/Ayanami/code/TSP/data/classic/tsplib/pr152.tsp,hybrid,664,polyak,664,67325.063685985428,67325.063685985428,73682
/Users/a/Ayanami/code/TSP/data/classic/tsplib/pr152.tsp,hybrid,665,polyak,665,67319.831539320265,67325.063685985428,73682
/Users/a/Ayanami/code/TSP/data/classic/tsplib/pr152.tsp,hybrid,666,polyak,666,67322.105383788483,67325.063685985428,73682
/Users/a/Ayanami/code/TSP/data/classic/tsplib/pr152.tsp,hybrid,667,polyak,667,67323.028767819604,67325.063685985428,73682
/Users/a/Ayanami/code/TSP/data/classic/tsplib/pr152.tsp,hybrid,668,polyak,668,67323.482793759511,67325.063685985428,73682
/Users/a/Ayanami/code/TSP/data/classic/tsplib/pr152.tsp,hybrid,669,polyak,669,67323.200610691827,67325.063685985428,73682
/Users/a/Ayanami/code/TSP/data/classic/tsplib/pr152.tsp,hybrid,670,polyak,670,67325.381552682433,67325.381552682433,73682
/Users/a/Ayanami/code/TSP/data/classic/tsplib/pr152.tsp,hybrid,671,polyak,671,67323.821759186627,67325.381552682433,73682
/Users/a/Ayanami/code/TSP/data/classic/tsplib/pr152.tsp,hybrid,672,polyak,672,67322.482824862585,67325.381552682433,73682
/Users/a/Ayanami/code/TSP/data/classic/tsplib/pr152.tsp,hybrid,673,polyak,673,67325.127840448185,67325.381552682433,73682
/Users/a/Ayanami/code/TSP/data/classic/tsplib/pr152.tsp,hybrid,674,polyak,674,67322.191719949871,67325.381552682433,73682
/Users/a/Ayanami/code/TSP/data/classic/tsplib/pr152.tsp,hybrid,675,polyak,675,67325.311132702744,67325.381552682433,73682
/Users/a/Ayanami/code/TSP/data/classic/tsplib/pr152.tsp,hybrid,676,polyak,676,67322.310944154728,67325.381552682433,73682
/Users/a/Ayanami/code/TSP/data/classic/tsplib/pr152.tsp,hybrid,677,polyak,677,67324.575573501017,67325.381552682433,73682
/Users/a/Ayanami/code/TSP/data/classic/tsplib/pr152.tsp,hybrid,678,polyak,678,67323.618188740293,67325.381552682433,73682
/Users/a/Ayanami/code/TSP/data/classic/tsplib/pr152.tsp,hybrid,679,polyak,679,67325.39303096768,67325.39303096768,73682
/Users/a/Ayanami/code/TSP/data/classic/tsplib/pr152.tsp,hybrid,680,polyak,680,67321.823170104821,67325.39303096768,73682
/Users/a/Ayanami/code/TSP/data/classic/tsplib/pr152.tsp,hybrid,681,polyak,681,67324.250968206819,67325.39303096768,73682
/Users/a/Ayanami/code/TSP/data/classic/tsplib/pr152.tsp,hybrid,682,polyak,682,67325.834491036338,67325.834491036338,73682
/Users/a/Ayanami/code/TSP/data/classic/tsplib/pr152.tsp,hybrid,683,polyak,683,67322.912635615081,67325.834491036338,73682
/Users/a/Ayanami/code/TSP/data/classic/tsplib/pr152.tsp,hybrid,684,polyak,684,67324.862586310686,67325.834491036338,73682
/Users/a/Ayanami/code/TSP/data/classic/tsplib/pr152.tsp,hybrid,685,polyak,685,67323.227175031367,67325.834491036338,73682
/Users/a/Ayanami/code/TSP/data/classic/tsplib/pr152.tsp,hybrid,686,polyak,686,67325.350667788545,67325.834491036338,73682
/Users/a/Ayanami/code/TSP/data/classic/tsplib/pr152.tsp,hybrid,687,polyak,687,67323.068881429615,67325.834491036338,73682
/Users/a/Ayanami/code/TSP/data/classic/tsplib/pr152.tsp,hybrid,688,polyak,688,67325.945658768003,67325.945658768003,73682
/Users/a/Ayanami/code/TSP/data/classic/tsplib/pr152.tsp,hybrid,689,polyak,689,67322.906829498941,67325.945658768003,73682
/Users/a/Ayanami/code/TSP/data/classic/tsplib/pr152.tsp,hybrid,690,polyak,690,67326.331752052152,67326.331752052152,73682
/Users/a/Ayanami/code/TSP/data/classic/tsplib/pr152.tsp,hybrid,691,polyak,691,67323.268920052913,67326.331752052152,73682
/Users/a/Ayanami/code/TSP/data/classic/tsplib/pr152.tsp,hybrid,692,polyak,692,67325.26847823053,67326.331752052152,73682
/Users/a/Ayanami/code/TSP/data/classic/tsplib/pr152.tsp,hybrid,693,polyak,693,67323.323871552318,67326.331752052152,73682
/Users/a/Ayanami/code/TSP/data/classic/tsplib/pr152.tsp,hybrid,694,polyak,694,67326.225895611045,67326.331752052152,73682
/Users/a/Ayanami/code/TSP/data/classic/tsplib/pr152.tsp,hybrid,695,polyak,695,67323.904350678742,67326.331752052152,73682
/Users/a/Ayanami/code/TSP/data/classic/tsplib/pr152.tsp,hybrid,696,polyak,696,67325.039865462139,67326.331752052152,73682
/Users/a/Ayanami/code/TSP/data/classic/tsplib/pr152.tsp,hybrid,697,polyak,697,67324.165971002396,67326.331752052152,73682
/Users/a/Ayanami/code/TSP/data/classic/tsplib/pr152.tsp,hybrid,698,polyak,698,67325.384268949085,67326.331752052152,73682
/Users/a/Ayanami/code/TSP/data/classic/tsplib/pr152.tsp,hybrid,699,polyak,699,67325.930874346668,67326.331752052152,73682
/Users/a/Ayanami/code/TSP/data/classic/tsplib/pr152.tsp,hybrid,700,polyak,700,67323.493542733078,67326.331752052152,73682
/Users/a/Ayanami/code/TSP/data/classic/tsplib/pr152.tsp,hybrid,701,polyak,701,67325.939403234035,67326.331752052152,73682
/Users/a/Ayanami/code/TSP/data/classic/tsplib/pr152.tsp,hybrid,702,polyak,702,67324.331022370359,67326.331752052152,73682
/Users/a/Ayanami/code/TSP/data/classic/tsplib/pr152.tsp,hybrid,703,polyak,703,67326.483306219641,67326.483306219641,73682
/Users/a/Ayanami/code/TSP/data/classic/tsplib/pr152.tsp,hybrid,704,polyak,704,67326.317396097395,67326.483306219641,73682
/Users/a/Ayanami/code/TSP/data/classic/tsplib/pr152.tsp,hybrid,705,polyak,705,67326.797292003568,67326.797292003568,73682
/Users/a/Ayanami/code/TSP/data/classic/tsplib/pr152.tsp,hybrid,706,polyak,706,67326.840975479441,67326.840975479441,73682
/Users/a/Ayanami/code/TSP/data/classic/tsplib/pr152.tsp,hybrid,707,polyak,707,67326.970937424412,67326.970937424412,73682
/Users/a/Ayanami/code/TSP/data/classic/tsplib/pr152.tsp,hybrid,708,polyak,708,67327.331690745821,67327.331690745821,73682
/Users/a/Ayanami/code/TSP/data/classic/tsplib/pr152.tsp,hybrid,709,polyak,709,67326.85852652938,67327.331690745821,73682
/Users/a/Ayanami/code/TSP/data/classic/tsplib/pr152.tsp,hybrid,710,polyak,710,67327.113392498271,67327.331690745821,73682
/Users/a/Ayanami/code/TSP/data/classic/tsplib/pr152.tsp,hybrid,711,polyak,711,67327.202882798389,67327.331690745821,73682
/Users/a/Ayanami/code/TSP/data/classic/tsplib/pr152.tsp,hybrid,712,polyak,712,67327.783931462691,67327.783931462691,73682
/Users/a/Ayanami/code/TSP/data/classic/tsplib/pr152.tsp,hybrid,713,polyak,713,67326.05755550912,67327.783931462691,73682
/Users/a/Ayanami/code/TSP/data/classic/tsplib/pr152.tsp,hybrid,714,polyak,714,67327.432003455382,67327.783931462691,73682
/Users/a/Ayanami/code/TSP/data/classic/tsplib/pr152.tsp,hybrid,715,polyak,715,67327.61738658158,67327.783931462691,73682
/Users/a/Ayanami/code/TSP/data/classic/tsplib/pr152.tsp,hybrid,716,polyak,716,67326.775318936125,67327.783931462691,73682
/Users/a/Ayanami/code/TSP/data/classic/tsplib/pr152.tsp,hybrid,717,polyak,717,67327.892048055102,67327.892048055102,73682
/Users/a/Ayanami/code/TSP/data/classic/tsplib/pr152.tsp,hybrid,718,polyak,718,67326.665511500527,67327.892048055102,73682
/Users/a/Ayanami/code/TSP/data/classic/tsplib/pr152.tsp,hybrid,719,polyak,719,67327.685032319074,67327.892048055102,73682
/Users/a/Ayanami/code/TSP/data/classic/tsplib/pr152.tsp,hybrid,720,polyak,720,67326.665295646089,67327.892048055102,73682
/Users/a/Ayanami/code/TSP/data/classic/tsplib/pr152.tsp,hybrid,721,polyak,721,67327.249042649157,67327.892048055102,73682
/Users/a/Ayanami/code/TSP/data/classic/tsplib/pr152.tsp,hybrid,722,polyak,722,67327.775701575112,67327.892048055102,73682
/Users/a/Ayanami/code/TSP/data/classic/tsplib/pr152.tsp,hybrid,723,polyak,723,67327.214654519572,67327.892048055102,73682
/Users/a/Ayanami/code/TSP/data/classic/tsplib/pr152.tsp,hybrid,724,polyak,724,67327.522832565344,67327.892048055102,73682
/Users/a/Ayanami/code/TSP/data/classic/tsplib/pr152.tsp,hybrid,725,polyak,725,67328.074908260911,67328.074908260911,73682
/Users/a/Ayanami/code/TSP/data/classic/tsplib/pr152.tsp,hybrid,726,polyak,726,67327.296502986836,67328.074908260911,73682
/Users/a/Ayanami/code/TSP/data/classic/tsplib/pr152.tsp,hybrid,727,polyak,727,67327.598636077179,67328.074908260911,73682
/Users/a/Ayanami/code/TSP/data/classic/tsplib/pr152.tsp,hybrid,728,polyak,728,67328.19347630885,67328.19347630885,73682
/Users/a/Ayanami/code/TSP/data/classic/tsplib/pr152.tsp,hybrid,729,polyak,729,67327.124634273743,67328.19347630885,73682
/Users/a/Ayanami/code/TSP/data/classic/tsplib/pr152.tsp,hybrid,730,polyak,730,67328.115141601695,67328.19347630885,73682
/Users/a/Ayanami/code/TSP/data/classic/tsplib/pr152.tsp,hybrid,731,polyak,731,67327.479943309983,67328.19347630885,73682
/Users/a/Ayanami/code/TSP/data/classic/tsplib/pr152.tsp,hybrid,732,polyak,732,67327.926278295447,67328.19347630885,73682
/Users/a/Ayanami/code/TSP/data/classic/tsplib/pr152.tsp,hybrid,733,polyak,733,67328.534493753541,67328.534493753541,73682
/Users/a/Ayanami/code/TSP/data/classic/tsplib/pr152.tsp,hybrid,734,polyak,734,67326.854585255234,67328.534493753541,73682
/Users/a/Ayanami/code/TSP/data/classic/tsplib/pr152.tsp,hybrid,735,polyak,735,67326.791479763007,67328.534493753541,73682
/Users/a/Ayanami/code/TSP/data/classic/tsplib/pr152.tsp,hybrid,736,polyak,736,67328.567407990791,67328.567407990791,73682
/Users/a/Ayanami/code/TSP/data/classic/tsplib/pr152.tsp,hybrid,737,polyak,737,67327.408304207231,67328.567407990791,73682
/Users/a/Ayanami/code/TSP/data/classic/tsplib/pr152.tsp,hybrid,738,polyak,738,67328.715520816739,67328.715520816739,73682
/Users/a/Ayanami/code/TSP/data/classic/tsplib/pr152.tsp,hybrid,739,polyak,739,67326.717226135821,67328.715520816739,73682
/Users/a/Ayanami/code/TSP/data/classic/tsplib/pr152.tsp,hybrid,740,polyak,740,67327.859022405013,67328.715520816739,73682
/Users/a/Ayanami/code/TSP/data/classic/tsplib/pr152.tsp,hybrid,741,polyak,741,67328.653066516228,67328.715520816739,73682
/Users/a/Ayanami/code/TSP/data/classic/tsplib/pr152.tsp,hybrid,742,polyak,742,67326.980288474806,67328.715520816739,73682
/Users/a/Ayanami/code/TSP/data/classic/tsplib/pr152.tsp,hybrid,743,polyak,743,67328.450765490386,67328.715520816739,73682
/Users/a/Ayanami/code/TSP/data/classic/tsplib/pr152.tsp,hybrid,744,polyak,744,67327.609622760487,67328.715520816739,73682
/Users/a/Ayanami/code/TSP/data/classic/tsplib/pr152.tsp,hybrid,745,polyak,745,67328.642614611672,67328.715520816739,73682
/Users/a/Ayanami/code/TSP/data/classic/tsplib/pr152.tsp,hybrid,746,polyak,746,67328.662958993387,67328.715520816739,73682
/Users/a/Ayanami/code/TSP/data/classic/tsplib/pr152.tsp,hybrid,747,polyak,747,67327.613399296082,67328.715520816739,73682
/Users/a/Ayanami/code/TSP/data/classic/tsplib/pr152.tsp,hybrid,748,polyak,748,67328.587229868397,67328.715520816739,73682
/Users/a/Ayanami/code/TSP/data/classic/tsplib/pr152.tsp,hybrid,749,polyak,749,67327.408070794714,67328.715520816739,73682
/Users/a/Ayanami/code/TSP/data/classic/tsplib/pr152.tsp,hybrid,750,polyak,750,67328.392562795634,67328.715520816739,73682
/Users/a/Ayanami/code/TSP/data/classic/tsplib/pr152.tsp,hybrid,751,polyak,751,67327.787594692156,67328.715520816739,73682
/Users/a/Ayanami/code/TSP/data/classic/tsplib/pr152.tsp,hybrid,752,polyak,752,67328.884409605351,67328.884409605351,73682
/Users/a/Ayanami/code/TSP/data/classic/tsplib/pr152.tsp,hybrid,753,polyak,753,67329.133585130607,67329.133585130607,73682
/Users/a/Ayanami/code/TSP/data/classic/tsplib/pr152.tsp,hybrid,754,polyak,754,67328.965764972527,67329.133585130607,73682
/Users/a/Ayanami/code/TSP/data/classic/tsplib/pr152.tsp,hybrid,755,polyak,755,67328.946052332612,67329.133585130607,73682
/Users/a/Ayanami/code/TSP/data/classic/tsplib/pr152.tsp,hybrid,756,polyak,756,67329.263340527483,67329.263340527483,73682
/Users/a/Ayanami/code/TSP/data/classic/tsplib/pr152.tsp,hybrid,757,polyak,757,67329.462794678577,67329.462794678577,73682
/Users/a/Ayanami/code/TSP/data/classic/tsplib/pr152.tsp,hybrid,758,polyak,758,67329.517469808561,67329.517469808561,73682
/Users/a/Ayanami/code/TSP/data/classic/tsplib/pr152.tsp,hybrid,759,polyak,759,67328.694016115493,67329.517469808561,73682
/Users/a/Ayanami/code/TSP/data/classic/tsplib/pr152.tsp,hybrid,760,polyak,760,67329.406507852749,67329.517469808561,73682
/Users/a/Ayanami/code/TSP/data/classic/tsplib/pr152.tsp,hybrid,761,polyak,761,67329.076465841703,67329.517469808561,73682
/Users/a/Ayanami/code/TSP/data/classic/tsplib/pr152.tsp,hybrid,762,polyak,762,67329.375925376778,67329.517469808561,73682
/Users/a/Ayanami/code/TSP/data/classic/tsplib/pr152.tsp,hybrid,763,polyak,763,67329.291847286644,67329.517469808561,73682
/Users/a/Ayanami/code/TSP/data/classic/tsplib/pr152.tsp,hybrid,764,polyak,764,67329.286218416979,67329.517469808561,73682
/Users/a/Ayanami/code/TSP/data/classic/tsplib/pr152.tsp,hybrid,765,polyak,765,67329.559983673054,67329.559983673054,73682
/Users/a/Ayanami/code/TSP/data/classic/tsplib/pr152.tsp,hybrid,766,polyak,766,67329.143574539557,67329.559983673054,73682
/Users/a/Ayanami/code/TSP/data/classic/tsplib/pr152.tsp,hybrid,767,polyak,767,67329.349817195689,67329.559983673054,73682
/Users/a/Ayanami/code/TSP/data/classic/tsplib/pr152.tsp,hybrid,768,polyak,768,67329.530902014812,67329.559983673054,73682
/Users/a/Ayanami/code/TSP/data/classic/tsplib/pr152.tsp,hybrid,769,polyak,769,67329.081860388789,67329.559983673054,73682
/Users/a/Ayanami/code/TSP/data/classic/tsplib/pr152.tsp,hybrid,770,polyak,770,67329.653479167187,67329.653479167187,73682
/Users/a/Ayanami/code/TSP/data/classic/tsplib/pr152.tsp,hybrid,771,polyak,771,67329.506080192004,67329.653479167187,73682
/Users/a/Ayanami/code/TSP/data/classic/tsplib/pr152.tsp,hybrid,772,polyak,772,67329.423805486818,67329.653479167187,73682
/Users/a/Ayanami/code/TSP/data/classic/tsplib/pr152.tsp,hybrid,773,polyak,773,67329.177674867096,67329.653479167187,73682
/Users/a/Ayanami/code/TSP/data/classic/tsplib/pr152.tsp,hybrid,774,polyak,774,67329.678886269394,67329.678886269394,73682
/Users/a/Ayanami/code/TSP/data/classic/tsplib/pr152.tsp,hybrid,775,polyak,775,67329.250089589827,67329.678886269394,73682
/Users/a/Ayanami/code/TSP/data/classic/tsplib/pr152.tsp,hybrid,776,polyak,776,67329.619733096755,67329.678886269394,73682
/Users/a/Ayanami/code/TSP/data/classic/tsplib/pr152.tsp,hybrid,777,polyak,777,67329.368171293259,67329.678886269394,73682
/Users/a/Ayanami/code/TSP/data/classic/tsplib/pr152.tsp,hybrid,778,polyak,778,67329.53992133493,67329.678886269394,73682
/Users/a/Ayanami/code/TSP/data/classic/tsplib/pr152.tsp,hybrid,779,polyak,779,67329.821220924292,67329.821220924292,73682
/Users/a/Ayanami/code/TSP/data/classic/tsplib/pr152.tsp,hybrid,780,polyak,780,67328.899519885308,67329.821220924292,73682
/Users/a/Ayanami/code/TSP/data/classic/tsplib/pr152.tsp,hybrid,781,polyak,781,67329.450663649201,67329.821220924292,73682
/Users/a/Ayanami/code/TSP/data/classic/tsplib/pr152.tsp,hybrid,782,polyak,782,67329.67501025497,67329.821220924292,73682
/Users/a/Ayanami/code/TSP/data/classic/tsplib/pr152.tsp,hybrid,783,polyak,783,67329.053189786835,67329.821220924292,73682
/Users/a/Ayanami/code/TSP/data/classic/tsplib/pr152.tsp,hybrid,784,polyak,784,67329.531735390745,67329.821220924292,73682
/Users/a/Ayanami/code/TSP/data/classic/tsplib/pr152.tsp,hybrid,785,polyak,785,67329.932613804456,67329.932613804456,73682
/Users/a/Ayanami/code/TSP/data/classic/tsplib/pr152.tsp,hybrid,786,polyak,786,67329.154413011289,67329.932613804456,73682
/Users/a/Ayanami/code/TSP/data/classic/tsplib/pr152.tsp,hybrid,787,polyak,787,67329.970046582384,67329.970046582384,73682
/Users/a/Ayanami/code/TSP/data/classic/tsplib/pr152.tsp,hybrid,788,polyak,788,67329.325322930381,67329.970046582384,73682
/Users/a/Ayanami/code/TSP/data/classic/tsplib/pr152.tsp,hybrid,789,polyak,789,67329.588582846554,67329.970046582384,73682
/Users/a/Ayanami/code/TSP/data/classic/tsplib/pr152.tsp,hybrid,790,polyak,790,67329.90518705461,67329.970046582384,73682
/Users/a/Ayanami/code/TSP/data/classic/tsplib/pr152.tsp,hybrid,791,polyak,791,67330.086654351471,67330.086654351471,73682
/Users/a/Ayanami/code/TSP/data/classic/tsplib/pr152.tsp,hybrid,792,polyak,792,67329.210633409588,67330.086654351471,73682
/Users/a/Ayanami/code/TSP/data/classic/tsplib/pr152.tsp,hybrid,793,polyak,793,67329.898460146869,67330.086654351471,73682
/Users/a/Ayanami/code/TSP/data/classic/tsplib/pr152.tsp,hybrid,794,polyak,794,67329.622259750162,67330.086654351471,73682
/Users/a/Ayanami/code/TSP/data/classic/tsplib/pr152.tsp,hybrid,795,polyak,795,67329.766235187621,67330.086654351471,73682
/Users/a/Ayanami/code/TSP/data/classic/tsplib/pr152.tsp,hybrid,796,polyak,796,67329.588129705109,67330.086654351471,73682
/Users/a/Ayanami/code/TSP/data/classic/tsplib/pr152.tsp,hybrid,797,polyak,797,67330.018165269066,67330.086654351471,73682
/Users/a/Ayanami/code/TSP/data/classic/tsplib/pr152.tsp,hybrid,798,polyak,798,67329.091192647567,67330.086654351471,73682
/Users/a/Ayanami/code/TSP/data/classic/tsplib/pr152.tsp,hybrid,799,polyak,799,67329.787243960178,67330.086654351471,73682
/Users/a/Ayanami/code/TSP/data/classic/tsplib/pr152.tsp,hybrid,800,polyak,800,67329.661467047161,67330.086654351471,73682
/Users/a/Ayanami/code/TSP/data/classic/tsplib/pr152.tsp,hybrid,801,polyak,801,67329.841226621822,67330.086654351471,73682
/Users/a/Ayanami/code/TSP/data/classic/tsplib/pr152.tsp,hybrid,802,polyak,802,67330.045016851553,67330.086654351471,73682
/Users/a/Ayanami/code/TSP/data/classic/tsplib/pr152.tsp,hybrid,803,polyak,803,67329.555872446566,67330.086654351471,73682
/Users/a/Ayanami/code/TSP/data/classic/tsplib/pr152.tsp,hybrid,804,polyak,804,67330.191972296816,67330.191972296816,73682
/Users/a/Ayanami/code/TSP/data/classic/tsplib/pr152.tsp,hybrid,805,polyak,805,67330.198696886408,67330.198696886408,73682
/Users/a/Ayanami/code/TSP/data/classic/tsplib/pr152.tsp,hybrid,806,polyak,806,67330.239438413861,67330.239438413861,73682
/Users/a/Ayanami/code/TSP/data/classic/tsplib/pr152.tsp,hybrid,807,polyak,807,67330.195610438241,67330.239438413861,73682
/Users/a/Ayanami/code/TSP/data/classic/tsplib/pr152.tsp,hybrid,808,polyak,808,67330.378384022566,67330.378384022566,73682
/Users/a/Ayanami/code/TSP/data/classic/tsplib/pr152.tsp,hybrid,809,polyak,809,67329.976333789891,67330.378384022566,73682
/Users/a/Ayanami/code/TSP/data/classic/tsplib/pr152.tsp,hybrid,810,polyak,810,67330.265984451078,67330.378384022566,73682
/Users/a/Ayanami/code/TSP/data/classic/tsplib/pr152.tsp,hybrid,811,polyak,811,67330.070059986043,67330.378384022566,73682
/Users/a/Ayanami/code/TSP/data/classic/tsplib/pr152.tsp,hybrid,812,polyak,812,67330.440853930137,67330.440853930137,73682
/Users/a/Ayanami/code/TSP/data/classic/tsplib/pr152.tsp,hybrid,813,polyak,813,67329.997231384987,67330.440853930137,73682
/Users/a/Ayanami/code/TSP/data/classic/tsplib/pr152.tsp,hybrid,814,polyak,814,67330.419287361568,67330.440853930137,73682
/Users/a/Ayanami/code/TSP/data/classic/tsplib/pr152.tsp,hybrid,815,polyak,815,67330.167258706206,67330.440853930137,73682
/Users/a/Ayanami/code/TSP/data/classic/tsplib/pr152.tsp,hybrid,816,polyak,816,67330.425003528333,67330.440853930137,73682
/Users/a/Ayanami/code/TSP/data/classic/tsplib/pr152.tsp,hybrid,817,polyak,817,67330.069756036799,67330.440853930137,73682
/Users/a/Ayanami/code/TSP/data/classic/tsplib/pr152.tsp,hybrid,818,polyak,818,67330.29292169059,67330.440853930137,73682
/Users/a/Ayanami/code/TSP/data/classic/tsplib/pr152.tsp,hybrid,819,polyak,819,67330.518732390061,67330.518732390061,73682
/Users/a/Ayanami/code/TSP/data/classic/tsplib/pr152.tsp,hybrid,820,polyak,820,67330.052121984467,67330.518732390061,73682
/Users/a/Ayanami/code/TSP/data/classic/tsplib/pr152.tsp,hybrid,821,polyak,821,67330.468984325067,67330.518732390061,73682
/Users/a/Ayanami/code/TSP/data/classic/tsplib/pr152.tsp,hybrid,822,polyak,822,67330.0850850977,67330.518732390061,73682
/Users/a/Ayanami/code/TSP/data/classic/tsplib/pr152.tsp,hybrid,823,polyak,823,67330.414747616,67330.518732390061,73682
/Users/a/Ayanami/code/TSP/data/classic/tsplib/pr152.tsp,hybrid,824,polyak,824,67330.238220091414,67330.518732390061,73682
/Users/a/Ayanami/code/TSP/data/classic/tsplib/pr152.tsp,hybrid,825,polyak,825,67330.484521893261,67330.518732390061,73682
/Users/a/Ayanami/code/TSP/data/classic/tsplib/pr152.tsp,hybrid,826,polyak,826,67330.226749981142,67330.518732390061,73682
/Users/a/Ayanami/code/TSP/data/classic/tsplib/pr152.tsp,hybrid,827,polyak,827,67330.567396812359,67330.567396812359,73682
/Users/a/Ayanami/code/TSP/data/classic/tsplib/pr152.tsp,hybrid,828,polyak,828,67330.062085146332,67330.567396812359,73682
/Users/a/Ayanami/code/TSP/data/classic/tsplib/pr152.tsp,hybrid,829,polyak,829,67330.355171722098,67330.567396812359,73682
/Users/a/Ayanami/code/TSP/data/classic/tsplib/pr152.tsp,hybrid,830,polyak,830,67330.362948847294,67330.567396812359,73682
/Users/a/Ayanami/code/TSP/data/classic/tsplib/pr152.tsp,hybrid,831,polyak,831,67330.548883588664,67330.567396812359,73682
/Users/a/Ayanami/code/TSP/data/classic/tsplib/pr152.tsp,hybrid,832,polyak,832,67330.468562067239,67330.567396812359,73682
/Users/a/Ayanami/code/TSP/data/classic/tsplib/pr152.tsp,hybrid,833,polyak,833,67330.331847634618,67330.567396812359,73682
/Users/a/Ayanami/code/TSP/data/classic/tsplib/pr152.tsp,hybrid,834,polyak,834,67330.644097334327,67330.644097334327,73682
/Users/a/Ayanami/code/TSP/data/classic/tsplib/pr152.tsp,hybrid,835,polyak,835,67330.104925942418,67330.644097334327,73682
/Users/a/Ayanami/code/TSP/data/classic/tsplib/pr152.tsp,hybrid,836,polyak,836,67330.421395369092,67330.644097334327,73682
/Users/a/Ayanami/code/TSP/data/classic/tsplib/pr152.tsp,hybrid,837,polyak,837,67330.438193570895,67330.644097334327,73682
/Users/a/Ayanami/code/TSP/data/classic/tsplib/pr152.tsp,hybrid,838,polyak,838,67330.345241170275,67330.644097334327,73682
/Users/a/Ayanami/code/TSP/data/classic/tsplib/pr152.tsp,hybrid,839,polyak,839,67330.566805559472,67330.644097334327,73682
/Users/a/Ayanami/code/TSP/data/classic/tsplib/pr152.tsp,hybrid,840,polyak,840,67330.236602518009,67330.644097334327,73682
/Users/a/Ayanami/code/TSP/data/classic/tsplib/pr152.tsp,hybrid,841,polyak,841,67330.605130231459,67330.644097334327,73682
/Users/a/Ayanami/code/TSP/data/classic/tsplib/pr152.tsp,hybrid,842,polyak,842,67330.674167915917,67330.674167915917,73682
/Users/a/Ayanami/code/TSP/data/classic/tsplib/pr152.tsp,hybrid,843,polyak,843,67330.416796069869,67330.674167915917,73682
/Users/a/Ayanami/code/TSP/data/classic/tsplib/pr152.tsp,hybrid,844,polyak,844,67330.328920961416,67330.674167915917,73682
/Users/a/Ayanami/code/TSP/data/classic/tsplib/pr152.tsp,hybrid,845,polyak,845,67330.594758846593,67330.674167915917,73682
/Users/a/Ayanami/code/TSP/data/classic/tsplib/pr152.tsp,hybrid,846,polyak,846,67330.459906127944,67330.674167915917,73682
/Users/a/Ayanami/code/TSP/data/classic/tsplib/pr152.tsp,hybrid,847,polyak,847,67330.588798438926,67330.674167915917,73682
/Users/a/Ayanami/code/TSP/data/classic/tsplib/pr152.tsp,hybrid,848,polyak,848,67330.49786130384,67330.674167915917,73682
/Users/a/Ayanami/code/TSP/data/classic/tsplib/pr152.tsp,hybrid,849,polyak,849,67330.407294034521,67330.674167915917,73682
/Users/a/Ayanami/code/TSP/data/classic/tsplib/pr152.tsp,hybrid,850,polyak,850,67330.610117384349,67330.674167915917,73682
/Users/a/Ayanami/code/TSP/data/classic/tsplib/pr152.tsp,hybrid,851,polyak,851,67330.703861130605,67330.703861130605,73682
/Users/a/Ayanami/code/TSP/data/classic/tsplib/pr152.tsp,hybrid,852,polyak,852,67330.427474669399,67330.703861130605,73682
/Users/a/Ayanami/code/TSP/data/classic/tsplib/pr152.tsp,hybrid,853,polyak,853,67330.564792517209,67330.703861130605,73682
/Users/a/Ayanami/code/TSP/data/classic/tsplib/pr152.tsp,hybrid,854,polyak,854,67330.667777757684,67330.703861130605,73682
/Users/a/Ayanami/code/TSP/data/classic/tsplib/pr152.tsp,hybrid,855,polyak,855,67330.396662743005,67330.703861130605,73682
/Users/a/Ayanami/code/TSP/data/classic/tsplib/pr152.tsp,hybrid,856,polyak,856,67330.726201441052,67330.726201441052,73682
/Users/a/Ayanami/code/TSP/data/classic/tsplib/pr152.tsp,hybrid,857,polyak,857,67330.422494777813,67330.726201441052,73682
/Users/a/Ayanami/code/TSP/data/classic/tsplib/pr152.tsp,hybrid,858,polyak,858,67330.600146022131,67330.726201441052,73682
/Users/a/Ayanami/code/TSP/data/classic/tsplib/pr152.tsp,hybrid,859,polyak,859,67330.717703172282,67330.726201441052,73682
/Users/a/Ayanami/code/TSP/data/classic/tsplib/pr152.tsp,hybrid,860,polyak,860,67330.726962655812,67330.726962655812,73682
/Users/a/Ayanami/code/TSP/data/classic/tsplib/pr152.tsp,hybrid,861,polyak,861,67330.333990089071,67330.726962655812,73682
/Users/a/Ayanami/code/TSP/data/classic/tsplib/pr152.tsp,hybrid,862,polyak,862,67330.832041977235,67330.832041977235,73682
/Users/a/Ayanami/code/TSP/data/classic/tsplib/pr152.tsp,hybrid,863,polyak,863,67330.263240267974,67330.832041977235,73682
/Users/a/Ayanami/code/TSP/data/classic/tsplib/pr152.tsp,hybrid,864,polyak,864,67330.596265532295,67330.832041977235,73682
/Users/a/Ayanami/code/TSP/data/classic/tsplib/pr152.tsp,hybrid,865,polyak,865,67330.588565640675,67330.832041977235,73682
/Users/a/Ayanami/code/TSP/data/classic/tsplib/pr152.tsp,hybrid,866,polyak,866,67330.539216163932,67330.832041977235,73682
/Users/a/Ayanami/code/TSP/data/classic/tsplib/pr152.tsp,hybrid,867,polyak,867,67330.800563606987,67330.832041977235,73682
/Users/a/Ayanami/code/TSP/data/classic/tsplib/pr152.tsp,hybrid,868,polyak,868,67330.390121287754,67330.832041977235,73682
/Users/a/Ayanami/code/TSP/data/classic/tsplib/pr152.tsp,hybrid,869,polyak,869,67330.71202127618,67330.832041977235,73682
/Users/a/Ayanami/code/TSP/data/classic/tsplib/pr152.tsp,hybrid,870,polyak,870,67330.689830698058,67330.832041977235,73682
/Users/a/Ayanami/code/TSP/data/classic/tsplib/pr152.tsp,hybrid,871,polyak,871,67330.75300421266,67330.832041977235,73682
/Users/a/Ayanami/code/TSP/data/classic/tsplib/pr152.tsp,hybrid,872,polyak,872,67330.390786754346,67330.832041977235,73682
/Users/a/Ayanami/code/TSP/data/classic/tsplib/pr152.tsp,hybrid,873,polyak,873,67330.760702038737,67330.832041977235,73682
/Users/a/Ayanami/code/TSP/data/classic/tsplib/pr152.tsp,hybrid,874,polyak,874,67330.690555525303,67330.832041977235,73682
/Users/a/Ayanami/code/TSP/data/classic/tsplib/pr152.tsp,hybrid,875,polyak,875,67330.604340632402,67330.832041977235,73682
/Users/a/Ayanami/code/TSP/data/classic/tsplib/pr152.tsp,hybrid,876,polyak,876,67330.876194649623,67330.876194649623,73682
/Users/a/Ayanami/code/TSP/data/classic/tsplib/pr152.tsp,hybrid,877,polyak,877,67330.759314305527,67330.876194649623,73682
/Users/a/Ayanami/code/TSP/data/classic/tsplib/pr152.tsp,hybrid,878,polyak,878,67330.92334664012,67330.92334664012,73682
/Users/a/Ayanami/code/TSP/data/classic/tsplib/pr152.tsp,hybrid,879,polyak,879,67330.825037824266,67330.92334664012,73682
/Users/a/Ayanami/code/TSP/data/classic/tsplib/pr152.tsp,hybrid,880,polyak,880,67330.980485581662,67330.980485581662,73682
/Users/a/Ayanami/code/TSP/data/classic/tsplib/pr152.tsp,hybrid,881,polyak,881,67330.808954664593,67330.980485581662,73682
/Users/a/Ayanami/code/TSP/data/classic/tsplib/pr152.tsp,hybrid,882,polyak,882,67330.959665599526,67330.980485581662,73682
/Users/a/Ayanami/code/TSP/data/classic/tsplib/pr152.tsp,hybrid,883,polyak,883,67330.833923169266,67330.980485581662,73682
/Users/a/Ayanami/code/TSP/data/classic/tsplib/pr152.tsp,hybrid,884,polyak,884,67330.943367323562,67330.980485581662,73682
/Users/a/Ayanami/code/TSP/data/classic/tsplib/pr152.tsp,hybrid,885,polyak,885,67330.999539570694,67330.999539570694,73682
/Users/a/Ayanami/code/TSP/data/classic/tsplib/pr152.tsp,hybrid,886,polyak,886,67330.790417899858,67330.999539570694,73682
/Users/a/Ayanami/code/TSP/data/classic/tsplib/pr152.tsp,hybrid,887,polyak,887,67330.950599369375,67330.999539570694,73682
/Users/a/Ayanami/code/TSP/data/classic/tsplib/pr152.tsp,hybrid,888,polyak,888,67330.912771226605,67330.999539570694,73682
/Users/a/Ayanami/code/TSP/data/classic/tsplib/pr152.tsp,hybrid,889,polyak,889,67331.018582244025,67331.018582244025,73682
/Users/a/Ayanami/code/TSP/data/classic/tsplib/pr152.tsp,hybrid,890,polyak,890,67330.890767664154,67331.018582244025,73682
/Users/a/Ayanami/code/TSP/data/classic/tsplib/pr152.tsp,hybrid,891,polyak,891,67330.95274896425,67331.018582244025,73682
/Users/a/Ayanami/code/TSP/data/classic/tsplib/pr152.tsp,hybrid,892,polyak,892,67331.041283024955,67331.041283024955,73682
/Users/a/Ayanami/code/TSP/data/classic/tsplib/pr152.tsp,hybrid,893,polyak,893,67330.920154082181,67331.041283024955,73682
/Users/a/Ayanami/code/TSP/data/classic/tsplib/pr152.tsp,hybrid,894,polyak,894,67330.98233139592,67331.041283024955,73682
/Users/a/Ayanami/code/TSP/data/classic/tsplib/pr152.tsp,hybrid,895,polyak,895,67330.953843866242,67331.041283024955,73682
/Users/a/Ayanami/code/TSP/data/classic/tsplib/pr152.tsp,hybrid,896,polyak,896,67331.029708880786,67331.041283024955,73682
/Users/a/Ayanami/code/TSP/data/classic/tsplib/pr152.tsp,hybrid,897,polyak,897,67330.913315561076,67331.041283024955,73682
/Users/a/Ayanami/code/TSP/data/classic/tsplib/pr152.tsp,hybrid,898,polyak,898,67331.06622087922,67331.06622087922,73682
/Users/a/Ayanami/code/TSP/data/classic/tsplib/pr152.tsp,hybrid,899,polyak,899,67330.868003398908,67331.06622087922,73682
/Users/a/Ayanami/code/TSP/data/classic/tsplib/pr152.tsp,hybrid,900,polyak,900,67331.012796087016,67331.06622087922,73682
/Users/a/Ayanami/code/TSP/data/classic/tsplib/pr152.tsp,hybrid,901,polyak,901,67331.017529194578,67331.06622087922,73682
/Users/a/Ayanami/code/TSP/data/classic/tsplib/pr152.tsp,hybrid,902,polyak,902,67330.893223564592,67331.06622087922,73682
/Users/a/Ayanami/code/TSP/data/classic/tsplib/pr152.tsp,hybrid,903,polyak,903,67331.048570822109,67331.06622087922,73682
/Users/a/Ayanami/code/TSP/data/classic/tsplib/pr152.tsp,hybrid,904,polyak,904,67330.852069945395,67331.06622087922,73682
/Users/a/Ayanami/code/TSP/data/classic/tsplib/pr152.tsp,hybrid,905,polyak,905,67331.090236492528,67331.090236492528,73682
/Users/a/Ayanami/code/TSP/data/classic/tsplib/pr152.tsp,hybrid,906,polyak,906,67330.926139964969,67331.090236492528,73682
/Users/a/Ayanami/code/TSP/data/classic/tsplib/pr152.tsp,hybrid,907,polyak,907,67330.980796135234,67331.090236492528,73682
/Users/a/Ayanami/code/TSP/data/classic/tsplib/pr152.tsp,hybrid,908,polyak,908,67330.95196336665,67331.090236492528,73682
/Users/a/Ayanami/code/TSP/data/classic/tsplib/pr152.tsp,hybrid,909,polyak,909,67331.068736196001,67331.090236492528,73682
/Users/a/Ayanami/code/TSP/data/classic/tsplib/pr152.tsp,hybrid,910,polyak,910,67330.970817849171,67331.090236492528,73682
/Users/a/Ayanami/code/TSP/data/classic/tsplib/pr152.tsp,hybrid,911,polyak,911,67330.992794409322,67331.090236492528,73682
/Users/a/Ayanami/code/TSP/data/classic/tsplib/pr152.tsp,hybrid,912,polyak,912,67331.071013136752,67331.090236492528,73682
/Users/a/Ayanami/code/TSP/data/classic/tsplib/pr152.tsp,hybrid,913,polyak,913,67331.102172438113,67331.102172438113,73682
/Users/a/Ayanami/code/TSP/data/classic/tsplib/pr152.tsp,hybrid,914,polyak,914,67330.903407718579,67331.102172438113,73682
/Users/a/Ayanami/code/TSP/data/classic/tsplib/pr152.tsp,hybrid,915,polyak,915,67331.117290175156,67331.117290175156,73682
/Users/a/Ayanami/code/TSP/data/classic/tsplib/pr152.tsp,hybrid,916,polyak,916,67331.075158071471,67331.117290175156,73682
/Users/a/Ayanami/code/TSP/data/classic/tsplib/pr152.tsp,hybrid,917,polyak,917,67330.994082280435,67331.117290175156,73682
/Users/a/Ayanami/code/TSP/data/classic/tsplib/pr152.tsp,hybrid,918,polyak,918,67331.035609011757,67331.117290175156,73682
/Users/a/Ayanami/code/TSP/data/classic/tsplib/pr152.tsp,hybrid,919,polyak,919,67330.952405990756,67331.117290175156,73682
/Users/a/Ayanami/code/TSP/data/classic/tsplib/pr152.tsp,hybrid,920,polyak,920,67331.097912877653,67331.117290175156,73682
/Users/a/Ayanami/code/TSP/data/classic/tsplib/pr152.tsp,hybrid,921,polyak,921,67330.965158773542,67331.117290175156,73682
/Users/a/Ayanami/code/TSP/data/classic/tsplib/pr152.tsp,hybrid,922,polyak,922,67331.111587052903,67331.117290175156,73682
/Users/a/Ayanami/code/TSP/data/classic/tsplib/pr152.tsp,hybrid,923,polyak,923,67330.979238708198,67331.117290175156,73682
/Users/a/Ayanami/code/TSP/data/classic/tsplib/pr152.tsp,hybrid,924,polyak,924,67331.119405686826,67331.119405686826,73682
/Users/a/Ayanami/code/TSP/data/classic/tsplib/pr152.tsp,hybrid,925,polyak,925,67331.022129843623,67331.119405686826,73682
/Users/a/Ayanami/code/TSP/data/classic/tsplib/pr152.tsp,hybrid,926,polyak,926,67331.18164324938,67331.18164324938,73682
/Users/a/Ayanami/code/TSP/data/classic/tsplib/pr152.tsp,hybrid,927,polyak,927,67330.98411318475,67331.18164324938,73682
/Users/a/Ayanami/code/TSP/data/classic/tsplib/pr152.tsp,hybrid,928,polyak,928,67331.043052659574,67331.18164324938,73682
/Users/a/Ayanami/code/TSP/data/classic/tsplib/pr152.tsp,hybrid,929,polyak,929,67331.148200691823,67331.18164324938,73682
/Users/a/Ayanami/code/TSP/data/classic/tsplib/pr152.tsp,hybrid,930,polyak,930,67330.929596142319,67331.18164324938,73682
/Users/a/Ayanami/code/TSP/data/classic/tsplib/pr152.tsp,hybrid,931,polyak,931,67330.980925051743,67331.18164324938,73682
/Users/a/Ayanami/code/TSP/data/classic/tsplib/pr152.tsp,hybrid,932,polyak,932,67331.097387817164,67331.18164324938,73682
/Users/a/Ayanami/code/TSP/data/classic/tsplib/pr152.tsp,hybrid,933,polyak,933,67331.06303261689,67331.18164324938,73682
/Users/a/Ayanami/code/TSP/data/classic/tsplib/pr152.tsp,hybrid,934,polyak,934,67331.03576539112,67331.18164324938,73682
/Users/a/Ayanami/code/TSP/data/classic/tsplib/pr152.tsp,hybrid,935,polyak,935,67331.157085489031,67331.18164324938,73682
/Users/a/Ayanami/code/TSP/data/classic/tsplib/pr152.tsp,hybrid,936,polyak,936,67331.066727390295,67331.18164324938,73682
/Users/a/Ayanami/code/TSP/data/classic/tsplib/pr152.tsp,hybrid,937,polyak,937,67331.16122593543,67331.18164324938,73682
/Users/a/Ayanami/code/TSP/data/classic/tsplib/pr152.tsp,hybrid,938,polyak,938,67330.983411669018,67331.18164324938,73682
/Users/a/Ayanami/code/TSP/data/classic/tsplib/pr152.tsp,hybrid,939,polyak,939,67331.128921021969,67331.18164324938,73682
/Users/a/Ayanami/code/TSP/data/classic/tsplib/pr152.tsp,hybrid,940,polyak,940,67331.222616406114,67331.222616406114,73682
/Users/a/Ayanami/code/TSP/data/classic/tsplib/pr152.tsp,hybrid,941,polyak,941,67331.15803911179,67331.222616406114,73682
/Users/a/Ayanami/code/TSP/data/classic/tsplib/pr152.tsp,hybrid,942,polyak,942,67331.199270760946,67331.222616406114,73682
/Users/a/Ayanami/code/TSP/data/classic/tsplib/pr152.tsp,hybrid,943,polyak,943,67331.215628246035,67331.222616406114,73682
/Users/a/Ayanami/code/TSP/data/classic/tsplib/pr152.tsp,hybrid,944,polyak,944,67331.202990653925,67331.222616406114,73682
/Users/a/Ayanami/code/TSP/data/classic/tsplib/pr152.tsp,hybrid,945,polyak,945,67331.240494918442,67331.240494918442,73682
/Users/a/Ayanami/code/TSP/data/classic/tsplib/pr152.tsp,hybrid,946,polyak,946,67331.206427352197,67331.240494918442,73682
/Users/a/Ayanami/code/TSP/data/classic/tsplib/pr152.tsp,hybrid,947,polyak,947,67331.180876089958,67331.240494918442,73682
/Users/a/Ayanami/code/TSP/data/classic/tsplib/pr152.tsp,hybrid,948,polyak,948,67331.23470085724,67331.240494918442,73682
/Users/a/Ayanami/code/TSP/data/classic/tsplib/pr152.tsp,hybrid,949,polyak,949,67331.251144960275,67331.251144960275,73682
/Users/a/Ayanami/code/TSP/data/classic/tsplib/pr152.tsp,hybrid,950,polyak,950,67331.12967886102,67331.251144960275,73682
/Users/a/Ayanami/code/TSP/data/classic/tsplib/pr152.tsp,hybrid,951,polyak,951,67331.228212266826,67331.251144960275,73682
/Users/a/Ayanami/code/TSP/data/classic/tsplib/pr152.tsp,hybrid,952,polyak,952,67331.203777008632,67331.251144960275,73682
/Users/a/Ayanami/code/TSP/data/classic/tsplib/pr152.tsp,hybrid,953,polyak,953,67331.280334270574,67331.280334270574,73682
/Users/a/Ayanami/code/TSP/data/classic/tsplib/pr152.tsp,hybrid,954,polyak,954,67331.159545516464,67331.280334270574,73682
/Users/a/Ayanami/code/TSP/data/classic/tsplib/pr152.tsp,hybrid,955,polyak,955,67331.230369264231,67331.280334270574,73682
/Users/a/Ayanami/code/TSP/data/classic/tsplib/pr152.tsp,hybrid,956,polyak,956,67331.223500696186,67331.280334270574,73682
/Users/a/Ayanami/code/TSP/data/classic/tsplib/pr152.tsp,hybrid,957,polyak,957,67331.224194381808,67331.280334270574,73682
/Users/a/Ayanami/code/TSP/data/classic/tsplib/pr152.tsp,hybrid,958,polyak,958,67331.270702867521,67331.280334270574,73682
/Users/a/Ayanami/code/TSP/data/classic/tsplib/pr152.tsp,hybrid,959,polyak,959,67331.18501662332,67331.280334270574,73682
/Users/a/Ayanami/code/TSP/data/classic/tsplib/pr152.tsp,hybrid,960,polyak,960,67331.250737921044,67331.280334270574,73682
/Users/a/Ayanami/code/TSP/data/classic/tsplib/pr152.tsp,hybrid,961,polyak,961,67331.232802263403,67331.280334270574,73682
/Users/a/Ayanami/code/TSP/data/classic/tsplib/pr152.tsp,hybrid,962,polyak,962,67331.248470307764,67331.280334270574,73682
/Users/a/Ayanami/code/TSP/data/classic/tsplib/pr152.tsp,hybrid,963,polyak,963,67331.21619135284,67331.280334270574,73682
/Users/a/Ayanami/code/TSP/data/classic/tsplib/pr152.tsp,hybrid,964,polyak,964,67331.287930400591,67331.287930400591,73682
/Users/a/Ayanami/code/TSP/data/classic/tsplib/pr152.tsp,hybrid,965,polyak,965,67331.168450283134,67331.287930400591,73682
/Users/a/Ayanami/code/TSP/data/classic/tsplib/pr152.tsp,hybrid,966,polyak,966,67331.238191940458,67331.287930400591,73682
/Users/a/Ayanami/code/TSP/data/classic/tsplib/pr152.tsp,hybrid,967,polyak,967,67331.270698523993,67331.287930400591,73682
/Users/a/Ayanami/code/TSP/data/classic/tsplib/pr152.tsp,hybrid,968,polyak,968,67331.258623405141,67331.287930400591,73682
/Users/a/Ayanami/code/TSP/data/classic/tsplib/pr152.tsp,hybrid,969,polyak,969,67331.265169744365,67331.287930400591,73682
/Users/a/Ayanami/code/TSP/data/classic/tsplib/pr152.tsp,hybrid,970,polyak,970,67331.264159280516,67331.287930400591,73682
/Users/a/Ayanami/code/TSP/data/classic/tsplib/pr152.tsp,hybrid,971,polyak,971,67331.267977552881,67331.287930400591,73682
/Users/a/Ayanami/code/TSP/data/classic/tsplib/pr152.tsp,hybrid,972,polyak,972,67331.261038938945,67331.287930400591,73682
/Users/a/Ayanami/code/TSP/data/classic/tsplib/pr152.tsp,hybrid,973,polyak,973,67331.29488038554,67331.29488038554,73682
/Users/a/Ayanami/code/TSP/data/classic/tsplib/pr152.tsp,hybrid,974,polyak,974,67331.23216073087,67331.29488038554,73682
/Users/a/Ayanami/code/TSP/data/classic/tsplib/pr152.tsp,hybrid,975,polyak,975,67331.288095861717,67331.29488038554,73682
/Users/a/Ayanami/code/TSP/data/classic/tsplib/pr152.tsp,hybrid,976,polyak,976,67331.231942517465,67331.29488038554,73682
/Users/a/Ayanami/code/TSP/data/classic/tsplib/pr152.tsp,hybrid,977,polyak,977,67331.322130443805,67331.322130443805,73682
/Users/a/Ayanami/code/TSP/data/classic/tsplib/pr152.tsp,hybrid,978,polyak,978,67331.217200531813,67331.322130443805,73682
/Users/a/Ayanami/code/TSP/data/classic/tsplib/pr152.tsp,hybrid,979,polyak,979,67331.295396115122,67331.322130443805,73682
/Users/a/Ayanami/code/TSP/data/classic/tsplib/pr152.tsp,hybrid,980,polyak,980,67331.236997648448,67331.322130443805,73682
/Users/a/Ayanami/code/TSP/data/classic/tsplib/pr152.tsp,hybrid,981,polyak,981,67331.289599122727,67331.322130443805,73682
/Users/a/Ayanami/code/TSP/data/classic/tsplib/pr152.tsp,hybrid,982,polyak,982,67331.279811452157,67331.322130443805,73682
/Users/a/Ayanami/code/TSP/data/classic/tsplib/pr152.tsp,hybrid,983,polyak,983,67331.273778646049,67331.322130443805,73682
/Users/a/Ayanami/code/TSP/data/classic/tsplib/pr152.tsp,hybrid,984,polyak,984,67331.323195056801,67331.323195056801,73682
/Users/a/Ayanami/code/TSP/data/classic/tsplib/pr152.tsp,hybrid,985,polyak,985,67331.246024197942,67331.323195056801,73682
/Users/a/Ayanami/code/TSP/data/classic/tsplib/pr152.tsp,hybrid,986,polyak,986,67331.290545532858,67331.323195056801,73682
/Users/a/Ayanami/code/TSP/data/classic/tsplib/pr152.tsp,hybrid,987,polyak,987,67331.310005246443,67331.323195056801,73682
/Users/a/Ayanami/code/TSP/data/classic/tsplib/pr152.tsp,hybrid,988,polyak,988,67331.274559592828,67331.323195056801,73682
/Users/a/Ayanami/code/TSP/data/classic/tsplib/pr152.tsp,hybrid,989,polyak,989,67331.301819402346,67331.323195056801,73682
/Users/a/Ayanami/code/TSP/data/classic/tsplib/pr152.tsp,hybrid,990,polyak,990,67331.310779079664,67331.323195056801,73682
/Users/a/Ayanami/code/TSP/data/classic/tsplib/pr152.tsp,hybrid,991,polyak,991,67331.354541449269,67331.354541449269,73682
/Users/a/Ayanami/code/TSP/data/classic/tsplib/pr152.tsp,hybrid,992,polyak,992,67331.173742888117,67331.354541449269,73682
/Users/a/Ayanami/code/TSP/data/classic/tsplib/pr152.tsp,hybrid,993,polyak,993,67331.264374403094,67331.354541449269,73682
/Users/a/Ayanami/code/TSP/data/classic/tsplib/pr152.tsp,hybrid,994,polyak,994,67331.318194612017,67331.354541449269,73682
/Users/a/Ayanami/code/TSP/data/classic/tsplib/pr152.tsp,hybrid,995,polyak,995,67331.258295787964,67331.354541449269,73682
/Users/a/Ayanami/code/TSP/data/classic/tsplib/pr152.tsp,hybrid,996,polyak,996,67331.312746484764,67331.354541449269,73682
/Users/a/Ayanami/code/TSP/data/classic/tsplib/pr152.tsp,hybrid,997,polyak,997,67331.289907590588,67331.354541449269,73682
/Users/a/Ayanami/code/TSP/data/classic/tsplib/pr152.tsp,hybrid,998,polyak,998,67331.300201276084,67331.354541449269,73682
/Users/a/Ayanami/code/TSP/data/classic/tsplib/pr152.tsp,hybrid,999,polyak,999,67331.359853377711,67331.359853377711,73682
/Users/a/Ayanami/code/TSP/data/classic/tsplib/pr152.tsp,hybrid,1000,polyak,1000,67331.260590761201,67331.359853377711,73682
/Users/a/Ayanami/code/TSP/data/classic/tsplib/pr152.tsp,hybrid,1001,polyak,1001,67331.288745297425,67331.359853377711,73682
/Users/a/Ayanami/code/TSP/data/classic/tsplib/pr152.tsp,hybrid,1002,polyak,1002,67331.329466056079,67331.359853377711,73682
/Users/a/Ayanami/code/TSP/data/classic/tsplib/pr152.tsp,hybrid,1003,polyak,1003,67331.305100748403,67331.359853377711,73682
/Users/a/Ayanami/code/TSP/data/classic/tsplib/pr152.tsp,hybrid,1004,polyak,1004,67331.329566944303,67331.359853377711,73682
/Users/a/Ayanami/code/TSP/data/classic/tsplib/pr152.tsp,hybrid,1005,polyak,1005,67331.29211244121,67331.359853377711,73682
/Users/a/Ayanami/code/TSP/data/classic/tsplib/pr152.tsp,hybrid,1006,polyak,1006,67331.342273230941,67331.359853377711,73682
/Users/a/Ayanami/code/TSP/data/classic/tsplib/pr152.tsp,hybrid,1007,polyak,1007,67331.282179210015,67331.359853377711,73682
/Users/a/Ayanami/code/TSP/data/classic/tsplib/pr152.tsp,hybrid,1008,polyak,1008,67331.358789261925,67331.359853377711,73682
/Users/a/Ayanami/code/TSP/data/classic/tsplib/pr152.tsp,hybrid,1009,polyak,1009,67331.269433338093,67331.359853377711,73682
/Users/a/Ayanami/code/TSP/data/classic/tsplib/pr152.tsp,hybrid,1010,polyak,1010,67331.302591950807,67331.359853377711,73682
/Users/a/Ayanami/code/TSP/data/classic/tsplib/pr152.tsp,hybrid,1011,polyak,1011,67331.366686398673,67331.366686398673,73682
/Users/a/Ayanami/code/TSP/data/classic/tsplib/pr152.tsp,hybrid,1012,polyak,1012,67331.301456554676,67331.366686398673,73682
/Users/a/Ayanami/code/TSP/data/classic/tsplib/pr152.tsp,hybrid,1013,polyak,1013,67331.326220536459,67331.366686398673,73682
/Users/a/Ayanami/code/TSP/data/classic/tsplib/pr152.tsp,hybrid,1014,polyak,1014,67331.374488654765,67331.374488654765,73682
/Users/a/Ayanami/code/TSP/data/classic/tsplib/pr152.tsp,hybrid,1015,polyak,1015,67331.295926026156,67331.374488654765,73682
/Users/a/Ayanami/code/TSP/data/classic/tsplib/pr152.tsp,hybrid,1016,polyak,1016,67331.354595247089,67331.374488654765,73682
/Users/a/Ayanami/code/TSP/data/classic/tsplib/pr152.tsp,hybrid,1017,polyak,1017,67331.300977050967,67331.374488654765,73682
/Users/a/Ayanami/code/TSP/data/classic/tsplib/pr152.tsp,hybrid,1018,polyak,1018,67331.360596956423,67331.374488654765,73682
/Users/a/Ayanami/code/TSP/data/classic/tsplib/pr152.tsp,hybrid,1019,polyak,1019,67331.287028923689,67331.374488654765,73682
/Users/a/Ayanami/code/TSP/data/classic/tsplib/pr152.tsp,hybrid,1020,polyak,1020,67331.371377923599,67331.374488654765,73682
/Users/a/Ayanami/code/TSP/data/classic/tsplib/pr152.tsp,hybrid,1021,polyak,1021,67331.287622404314,67331.374488654765,73682
/Users/a/Ayanami/code/TSP/data/classic/tsplib/pr152.tsp,hybrid,1022,polyak,1022,67331.351048578596,67331.374488654765,73682
/Users/a/Ayanami/code/TSP/data/classic/tsplib/pr152.tsp,hybrid,1023,polyak,1023,67331.392706079365,67331.392706079365,73682
/Users/a/Ayanami/code/TSP/data/classic/tsplib/pr152.tsp,hybrid,1024,polyak,1024,67331.264167474277,67331.392706079365,73682
/Users/a/Ayanami/code/TSP/data/classic/tsplib/pr152.tsp,hybrid,1025,polyak,1025,67331.365728864912,67331.392706079365,73682
/Users/a/Ayanami/code/TSP/data/classic/tsplib/pr152.tsp,hybrid,1026,polyak,1026,67331.3507050888,67331.392706079365,73682
/Users/a/Ayanami/code/TSP/data/classic/tsplib/pr152.tsp,hybrid,1027,polyak,1027,67331.388264424662,67331.392706079365,73682
/Users/a/Ayanami/code/TSP/data/classic/tsplib/pr152.tsp,hybrid,1028,polyak,1028,67331.31534277313,67331.392706079365,73682
/Users/a/Ayanami/code/TSP/data/classic/tsplib/pr152.tsp,hybrid,1029,polyak,1029,67331.388878541955,67331.392706079365,73682
/Users/a/Ayanami/code/TSP/data/classic/tsplib/pr152.tsp,hybrid,1030,polyak,1030,67331.362848718069,67331.392706079365,73682
/Users/a/Ayanami/code/TSP/data/classic/tsplib/pr152.tsp,hybrid,1031,polyak,1031,67331.323130070959,67331.392706079365,73682
/Users/a/Ayanami/code/TSP/data/classic/tsplib/pr152.tsp,hybrid,1032,polyak,1032,67331.357697099942,67331.392706079365,73682
/Users/a/Ayanami/code/TSP/data/classic/tsplib/pr152.tsp,hybrid,1033,polyak,1033,67331.390990644039,67331.392706079365,73682
/Users/a/Ayanami/code/TSP/data/classic/tsplib/pr152.tsp,hybrid,1034,polyak,1034,67331.347367144932,67331.392706079365,73682
/Users/a/Ayanami/code/TSP/data/classic/tsplib/pr152.tsp,hybrid,1035,polyak,1035,67331.350315507298,67331.392706079365,73682
/Users/a/Ayanami/code/TSP/data/classic/tsplib/pr152.tsp,hybrid,1036,polyak,1036,67331.398994597286,67331.398994597286,73682
/Users/a/Ayanami/code/TSP/data/classic/tsplib/pr152.tsp,hybrid,1037,polyak,1037,67331.398792862004,67331.398994597286,73682
/Users/a/Ayanami/code/TSP/data/classic/tsplib/pr152.tsp,hybrid,1038,polyak,1038,67331.399117798617,67331.399117798617,73682
/Users/a/Ayanami/code/TSP/data/classic/tsplib/pr152.tsp,hybrid,1039,polyak,1039,67331.427329182523,67331.427329182523,73682
/Users/a/Ayanami/code/TSP/data/classic/tsplib/pr152.tsp,hybrid,1040,polyak,1040,67331.373407261373,67331.427329182523,73682
/Users/a/Ayanami/code/TSP/data/classic/tsplib/pr152.tsp,hybrid,1041,polyak,1041,67331.404395087404,67331.427329182523,73682
/Users/a/Ayanami/code/TSP/data/classic/tsplib/pr152.tsp,hybrid,1042,polyak,1042,67331.418263781816,67331.427329182523,73682
/Users/a/Ayanami/code/TSP/data/classic/tsplib/pr152.tsp,hybrid,1043,polyak,1043,67331.427879874391,67331.427879874391,73682
/Users/a/Ayanami/code/TSP/data/classic/tsplib/pr152.tsp,hybrid,1044,polyak,1044,67331.401078601702,67331.427879874391,73682
/Users/a/Ayanami/code/TSP/data/classic/tsplib/pr152.tsp,hybrid,1045,polyak,1045,67331.438000428476,67331.438000428476,73682
/Users/a/Ayanami/code/TSP/data/classic/tsplib/pr152.tsp,hybrid,1046,polyak,1046,67331.396361543477,67331.438000428476,73682
/Users/a/Ayanami/code/TSP/data/classic/tsplib/pr152.tsp,hybrid,1047,polyak,1047,67331.436119157646,67331.438000428476,73682
/Users/a/Ayanami/code/TSP/data/classic/tsplib/pr152.tsp,hybrid,1048,polyak,1048,67331.436687968759,67331.438000428476,73682
/Users/a/Ayanami/code/TSP/data/classic/tsplib/pr152.tsp,hybrid,1049,polyak,1049,67331.408339208618,67331.438000428476,73682
/Users/a/Ayanami/code/TSP/data/classic/tsplib/pr152.tsp,hybrid,1050,polyak,1050,67331.44658697964,67331.44658697964,73682
/Users/a/Ayanami/code/TSP/data/classic/tsplib/pr152.tsp,hybrid,1051,polyak,1051,67331.419245938989,67331.44658697964,73682
/Users/a/Ayanami/code/TSP/data/classic/tsplib/pr152.tsp,hybrid,1052,polyak,1052,67331.434350346593,67331.44658697964,73682
/Users/a/Ayanami/code/TSP/data/classic/tsplib/pr152.tsp,hybrid,1053,polyak,1053,67331.433086616482,67331.44658697964,73682
/Users/a/Ayanami/code/TSP/data/classic/tsplib/pr152.tsp,hybrid,1054,polyak,1054,67331.42081719276,67331.44658697964,73682
/Users/a/Ayanami/code/TSP/data/classic/tsplib/pr152.tsp,hybrid,1055,polyak,1055,67331.430751831547,67331.44658697964,73682
/Users/a/Ayanami/code/TSP/data/classic/tsplib/pr152.tsp,hybrid,1056,polyak,1056,67331.458186833377,67331.458186833377,73682
/Users/a/Ayanami/code/TSP/data/classic/tsplib/pr152.tsp,hybrid,1057,polyak,1057,67331.393991733741,67331.458186833377,73682
/Users/a/Ayanami/code/TSP/data/classic/tsplib/pr152.tsp,hybrid,1058,polyak,1058,67331.452389720711,67331.458186833377,73682
/Users/a/Ayanami/code/TSP/data/classic/tsplib/pr152.tsp,hybrid,1059,polyak,1059,67331.391961076602,67331.458186833377,73682
/Users/a/Ayanami/code/TSP/data/classic/tsplib/pr152.tsp,hybrid,1060,polyak,1060,67331.439691144173,67331.458186833377,73682
/Users/a/Ayanami/code/TSP/data/classic/tsplib/pr152.tsp,hybrid,1061,polyak,1061,67331.443360006335,67331.458186833377,73682
/Users/a/Ayanami/code/TSP/data/classic/tsplib/pr152.tsp,hybrid,1062,polyak,1062,67331.447345182503,67331.458186833377,73682
/Users/a/Ayanami/code/TSP/data/classic/tsplib/pr152.tsp,hybrid,1063,polyak,1063,67331.43529825208,67331.458186833377,73682
/Users/a/Ayanami/code/TSP/data/classic/tsplib/pr152.tsp,hybrid,1064,polyak,1064,67331.447359992759,67331.458186833377,73682
/Users/a/Ayanami/code/TSP/data/classic/tsplib/pr152.tsp,hybrid,1065,polyak,1065,67331.433824632011,67331.458186833377,73682
/Users/a/Ayanami/code/TSP/data/classic/tsplib/pr152.tsp,hybrid,1066,polyak,1066,67331.440715920864,67331.458186833377,73682
/Users/a/Ayanami/code/TSP/data/classic/tsplib/pr152.tsp,hybrid,1067,polyak,1067,67331.462852711149,67331.462852711149,73682
/Users/a/Ayanami/code/TSP/data/classic/tsplib/pr152.tsp,hybrid,1068,polyak,1068,67331.41937711119,67331.462852711149,73682
/Users/a/Ayanami/code/TSP/data/classic/tsplib/pr152.tsp,hybrid,1069,polyak,1069,67331.462292585842,67331.462852711149,73682
/Users/a/Ayanami/code/TSP/data/classic/tsplib/pr152.tsp,hybrid,1070,polyak,1070,67331.420962556804,67331.462852711149,73682
/Users/a/Ayanami/code/TSP/data/classic/tsplib/pr152.tsp,hybrid,1071,polyak,1071,67331.451978302997,67331.462852711149,73682
/Users/a/Ayanami/code/TSP/data/classic/tsplib/pr152.tsp,hybrid,1072,polyak,1072,67331.418347908228,67331.462852711149,73682
/Users/a/Ayanami/code/TSP/data/classic/tsplib/pr152.tsp,hybrid,1073,polyak,1073,67331.459438087521,67331.462852711149,73682
/Users/a/Ayanami/code/TSP/data/classic/tsplib/pr152.tsp,hybrid,1074,polyak,1074,67331.431958268469,67331.462852711149,73682
/Users/a/Ayanami/code/TSP/data/classic/tsplib/pr152.tsp,hybrid,1075,polyak,1075,67331.468279703273,67331.468279703273,73682
/Users/a/Ayanami/code/TSP/data/classic/tsplib/pr152.tsp,hybrid,1076,polyak,1076,67331.409967743617,67331.468279703273,73682
/Users/a/Ayanami/code/TSP/data/classic/tsplib/pr152.tsp,hybrid,1077,polyak,1077,67331.461092149242,67331.468279703273,73682
/Users/a/Ayanami/code/TSP/data/classic/tsplib/pr152.tsp,hybrid,1078,polyak,1078,67331.442809651446,67331.468279703273,73682
/Users/a/Ayanami/code/TSP/data/classic/tsplib/pr152.tsp,hybrid,1079,polyak,1079,67331.467791878109,67331.468279703273,73682
/Users/a/Ayanami/code/TSP/data/classic/tsplib/pr152.tsp,hybrid,1080,polyak,1080,67331.43505802282,67331.468279703273,73682
/Users/a/Ayanami/code/TSP/data/classic/tsplib/pr152.tsp,hybrid,1081,polyak,1081,67331.475471007041,67331.475471007041,73682
/Users/a/Ayanami/code/TSP/data/classic/tsplib/pr152.tsp,hybrid,1082,polyak,1082,67331.444942727481,67331.475471007041,73682
/Users/a/Ayanami/code/TSP/data/classic/tsplib/pr152.tsp,hybrid,1083,polyak,1083,67331.465265116902,67331.475471007041,73682
/Users/a/Ayanami/code/TSP/data/classic/tsplib/pr152.tsp,hybrid,1084,polyak,1084,67331.433703160132,67331.475471007041,73682
/Users/a/Ayanami/code/TSP/data/classic/tsplib/pr152.tsp,hybrid,1085,polyak,1085,67331.474928776719,67331.475471007041,73682
/Users/a/Ayanami/code/TSP/data/classic/tsplib/pr152.tsp,hybrid,1086,polyak,1086,67331.433881976423,67331.475471007041,73682
/Users/a/Ayanami/code/TSP/data/classic/tsplib/pr152.tsp,hybrid,1087,polyak,1087,67331.472020053887,67331.475471007041,73682
/Users/a/Ayanami/code/TSP/data/classic/tsplib/pr152.tsp,hybrid,1088,polyak,1088,67331.446213520263,67331.475471007041,73682
/Users/a/Ayanami/code/TSP/data/classic/tsplib/pr152.tsp,hybrid,1089,polyak,1089,67331.466707239189,67331.475471007041,73682
/Users/a/Ayanami/code/TSP/data/classic/tsplib/pr152.tsp,hybrid,1090,polyak,1090,67331.438802718956,67331.475471007041,73682
/Users/a/Ayanami/code/TSP/data/classic/tsplib/pr152.tsp,hybrid,1091,polyak,1091,67331.47368124791,67331.475471007041,73682
/Users/a/Ayanami/code/TSP/data/classic/tsplib/pr152.tsp,hybrid,1092,polyak,1092,67331.477407652783,67331.477407652783,73682
/Users/a/Ayanami/code/TSP/data/classic/tsplib/pr152.tsp,hybrid,1093,polyak,1093,67331.438609338351,67331.477407652783,73682
/Users/a/Ayanami/code/TSP/data/classic/tsplib/pr152.tsp,hybrid,1094,polyak,1094,67331.487015971157,67331.487015971157,73682
/Users/a/Ayanami/code/TSP/data/classic/tsplib/pr152.tsp,hybrid,1095,polyak,1095,67331.455155676857,67331.487015971157,73682
/Users/a/Ayanami/code/TSP/data/classic/tsplib/pr152.tsp,hybrid,1096,polyak,1096,67331.458900567159,67331.487015971157,73682
/Users/a/Ayanami/code/TSP/data/classic/tsplib/pr152.tsp,hybrid,1097,polyak,1097,67331.454439289111,67331.487015971157,73682
/Users/a/Ayanami/code/TSP/data/classic/tsplib/pr152.tsp,hybrid,1098,polyak,1098,67331.489798798866,67331.489798798866,73682
/Users/a/Ayanami/code/TSP/data/classic/tsplib/pr152.tsp,hybrid,1099,polyak,1099,67331.435084281475,67331.489798798866,73682
/Users/a/Ayanami/code/TSP/data/classic/tsplib/pr152.tsp,hybrid,1100,polyak,1100,67331.470599233144,67331.489798798866,73682
/Users/a/Ayanami/code/TSP/data/classic/tsplib/pr152.tsp,hybrid,1101,polyak,1101,67331.451804634955,67331.489798798866,73682
/Users/a/Ayanami/code/TSP/data/classic/tsplib/pr152.tsp,hybrid,1102,polyak,1102,67331.483483507545,67331.489798798866,73682
/Users/a/Ayanami/code/TSP/data/classic/tsplib/pr152.tsp,hybrid,1103,polyak,1103,67331.496576436577,67331.496576436577,73682
/Users/a/Ayanami/code/TSP/data/classic/tsplib/pr152.tsp,hybrid,1104,polyak,1104,67331.45469060012,67331.496576436577,73682
/Users/a/Ayanami/code/TSP/data/classic/tsplib/pr152.tsp,hybrid,1105,polyak,1105,67331.482256426549,67331.496576436577,73682
/Users/a/Ayanami/code/TSP/data/classic/tsplib/pr152.tsp,hybrid,1106,polyak,1106,67331.45962879021,67331.496576436577,73682
/Users/a/Ayanami/code/TSP/data/classic/tsplib/pr152.tsp,hybrid,1107,polyak,1107,67331.487593497732,67331.496576436577,73682
/Users/a/Ayanami/code/TSP/data/classic/tsplib/pr152.tsp,hybrid,1108,polyak,1108,67331.463901738214,67331.496576436577,73682
/Users/a/Ayanami/code/TSP/data/classic/tsplib/pr152.tsp,hybrid,1109,polyak,1109,67331.453798913557,67331.496576436577,73682
/Users/a/Ayanami/code/TSP/data/classic/tsplib/pr152.tsp,hybrid,1110,polyak,1110,67331.49137096465,67331.496576436577,73682
/Users/a/Ayanami/code/TSP/data/classic/tsplib/pr152.tsp,hybrid,1111,polyak,1111,67331.463670712314,67331.496576436577,73682
/Users/a/Ayanami/code/TSP/data/classic/tsplib/pr152.tsp,hybrid,1112,polyak,1112,67331.476655949562,67331.496576436577,73682
/Users/a/Ayanami/code/TSP/data/classic/tsplib/pr152.tsp,hybrid,1113,polyak,1113,67331.496510825746,67331.496576436577,73682
/Users/a/Ayanami/code/TSP/data/classic/tsplib/pr152.tsp,hybrid,1114,polyak,1114,67331.491442696555,67331.496576436577,73682
/Users/a/Ayanami/code/TSP/data/classic/tsplib/pr152.tsp,hybrid,1115,polyak,1115,67331.435892803114,67331.496576436577,73682
/Users/a/Ayanami/code/TSP/data/classic/tsplib/pr152.tsp,hybrid,1116,helsgaun,1,67331.496576436577,67331.496576436577,73682
/Users/a/Ayanami/code/TSP/data/classic/tsplib/pr152.tsp,hybrid,1117,helsgaun,2,67311.618107741117,67331.496576436577,73682
/Users/a/Ayanami/code/TSP/data/classic/tsplib/pr152.tsp,hybrid,1118,helsgaun,3,67313.705410038179,67331.496576436577,73682
/Users/a/Ayanami/code/TSP/data/classic/tsplib/pr152.tsp,hybrid,1119,helsgaun,4,67320.249991064178,67331.496576436577,73682
/Users/a/Ayanami/code/TSP/data/classic/tsplib/pr152.tsp,hybrid,1120,helsgaun,5,67318.576914101141,67331.496576436577,73682
/Users/a/Ayanami/code/TSP/data/classic/tsplib/pr152.tsp,hybrid,1121,helsgaun,6,67318.475449221398,67331.496576436577,73682
/Users/a/Ayanami/code/TSP/data/classic/tsplib/pr152.tsp,hybrid,1122,helsgaun,7,67319.4331403057,67331.496576436577,73682
/Users/a/Ayanami/code/TSP/data/classic/tsplib/pr152.tsp,hybrid,1123,helsgaun,8,67321.913746441016,67331.496576436577,73682
/Users/a/Ayanami/code/TSP/data/classic/tsplib/pr152.tsp,hybrid,1124,helsgaun,9,67324.511018135032,67331.496576436577,73682
/Users/a/Ayanami/code/TSP/data/classic/tsplib/pr152.tsp,hybrid,1125,helsgaun,10,67320.516462234897,67331.496576436577,73682
/Users/a/Ayanami/code/TSP/data/classic/tsplib/pr152.tsp,hybrid,1126,helsgaun,11,67321.026280543083,67331.496576436577,73682
/Users/a/Ayanami/code/TSP/data/classic/tsplib/pr152.tsp,hybrid,1127,helsgaun,12,67325.606445392099,67331.496576436577,73682
/Users/a/Ayanami/code/TSP/data/classic/tsplib/pr152.tsp,hybrid,1128,helsgaun,13,67326.421988264119,67331.496576436577,73682
/Users/a/Ayanami/code/TSP/data/classic/tsplib/pr152.tsp,hybrid,1129,helsgaun,14,67319.940806248342,67331.496576436577,73682
/Users/a/Ayanami/code/TSP/data/classic/tsplib/pr152.tsp,hybrid,1130,helsgaun,15,67323.520245021864,67331.496576436577,73682
/Users/a/Ayanami/code/TSP/data/classic/tsplib/pr152.tsp,hybrid,1131,helsgaun,16,67326.512137017678,67331.496576436577,73682
/Users/a/Ayanami/code/TSP/data/classic/tsplib/pr152.tsp,hybrid,1132,helsgaun,17,67326.334267874452,67331.496576436577,73682
/Users/a/Ayanami/code/TSP/data/classic/tsplib/pr152.tsp,hybrid,1133,helsgaun,18,67322.421422206186,67331.496576436577,73682
/Users/a/Ayanami/code/TSP/data/classic/tsplib/pr152.tsp,hybrid,1134,helsgaun,19,67324.318932511844,67331.496576436577,73682
/Users/a/Ayanami/code/TSP/data/classic/tsplib/pr152.tsp,hybrid,1135,helsgaun,20,67326.353043367373,67331.496576436577,73682
/Users/a/Ayanami/code/TSP/data/classic/tsplib/pr152.tsp,hybrid,1136,helsgaun,21,67323.579297601478,67331.496576436577,73682
/Users/a/Ayanami/code/TSP/data/classic/tsplib/pr152.tsp,hybrid,1137,helsgaun,22,67319.942382923022,67331.496576436577,73682
/Users/a/Ayanami/code/TSP/data/classic/tsplib/pr152.tsp,hybrid,1138,helsgaun,23,67321.126643554075,67331.496576436577,73682
/Users/a/Ayanami/code/TSP/data/classic/tsplib/pr152.tsp,hybrid,1139,helsgaun,24,67322.72519312831,67331.496576436577,73682
/Users/a/Ayanami/code/TSP/data/classic/tsplib/pr152.tsp,hybrid,1140,helsgaun,25,67326.105965369483,67331.496576436577,73682
/Users/a/Ayanami/code/TSP/data/classic/tsplib/pr152.tsp,hybrid,1141,helsgaun,26,67323.218565152099,67331.496576436577,73682
/Users/a/Ayanami/code/TSP/data/classic/tsplib/pr152.tsp,hybrid,1142,helsgaun,27,67324.635246338861,67331.496576436577,73682
/Users/a/Ayanami/code/TSP/data/classic/tsplib/pr152.tsp,hybrid,1143,helsgaun,28,67324.231664603401,67331.496576436577,73682
/Users/a/Ayanami/code/TSP/data/classic/tsplib/pr152.tsp,hybrid,1144,helsgaun,29,67326.914587312029,67331.496576436577,73682
/Users/a/Ayanami/code/TSP/data/classic/tsplib/pr152.tsp,hybrid,1145,helsgaun,30,67319.807680212878,67331.496576436577,73682
/Users/a/Ayanami/code/TSP/data/classic/tsplib/pr152.tsp,hybrid,1146,helsgaun,31,67320.721002455059,67331.496576436577,73682
/Users/a/Ayanami/code/TSP/data/classic/tsplib/pr152.tsp,hybrid,1147,helsgaun,32,67323.315955748156,67331.496576436577,73682
/Users/a/Ayanami/code/TSP/data/classic/tsplib/pr152.tsp,hybrid,1148,helsgaun,33,67324.740889115157,67331.496576436577,73682
/Users/a/Ayanami/code/TSP/data/classic/tsplib/pr152.tsp,hybrid,1149,helsgaun,34,67321.519796658875,67331.496576436577,73682
/Users/a/Ayanami/code/TSP/data/classic/tsplib/pr152.tsp,hybrid,1150,helsgaun,35,67326.815946724353,67331.496576436577,73682
/Users/a/Ayanami/code/TSP/data/classic/tsplib/pr152.tsp,hybrid,1151,helsgaun,36,67328.118186630396,67331.496576436577,73682
/Users/a/Ayanami/code/TSP/data/classic/tsplib/pr152.tsp,hybrid,1152,helsgaun,37,67329.911033728291,67331.496576436577,73682
/Users/a/Ayanami/code/TSP/data/classic/tsplib/pr152.tsp,hybrid,1153,helsgaun,38,67322.736107907898,67331.496576436577,73682
/Users/a/Ayanami/code/TSP/data/classic/tsplib/pr152.tsp,hybrid,1154,helsgaun,39,67327.255389316197,67331.496576436577,73682
/Users/a/Ayanami/code/TSP/data/classic/tsplib/pr152.tsp,hybrid,1155,helsgaun,40,67328.511327466724,67331.496576436577,73682
/Users/a/Ayanami/code/TSP/data/classic/tsplib/pr152.tsp,hybrid,1156,helsgaun,41,67332.108467707367,67332.108467707367,73682
/Users/a/Ayanami/code/TSP/data/classic/tsplib/pr152.tsp,hybrid,1157,helsgaun,42,67325.829043663805,67332.108467707367,73682
/Users/a/Ayanami/code/TSP/data/classic/tsplib/pr152.tsp,hybrid,1158,helsgaun,43,67328.528124032833,67332.108467707367,73682
/Users/a/Ayanami/code/TSP/data/classic/tsplib/pr152.tsp,hybrid,1159,helsgaun,44,67328.818199888163,67332.108467707367,73682
/Users/a/Ayanami/code/TSP/data/classic/tsplib/pr152.tsp,hybrid,1160,helsgaun,45,67329.8289379661,67332.108467707367,73682
/Users/a/Ayanami/code/TSP/data/classic/tsplib/pr152.tsp,hybrid,1161,helsgaun,46,67327.518118296124,67332.108467707367,73682
/Users/a/Ayanami/code/TSP/data/classic/tsplib/pr152.tsp,hybrid,1162,helsgaun,47,67326.713579822259,67332.108467707367,73682
/Users/a/Ayanami/code/TSP/data/classic/tsplib/pr152.tsp,hybrid,1163,helsgaun,48,67328.331904422652,67332.108467707367,73682
/Users/a/Ayanami/code/TSP/data/classic/tsplib/pr152.tsp,hybrid,1164,helsgaun,49,67331.432994665956,67332.108467707367,73682
/Users/a/Ayanami/code/TSP/data/classic/tsplib/pr152.tsp,hybrid,1165,helsgaun,50,67324.02436694385,67332.108467707367,73682
/Users/a/Ayanami/code/TSP/data/classic/tsplib/pr152.tsp,hybrid,1166,helsgaun,51,67327.126668358615,67332.108467707367,73682
/Users/a/Ayanami/code/TSP/data/classic/tsplib/pr152.tsp,hybrid,1167,helsgaun,52,67332.006987950648,67332.108467707367,73682
/Users/a/Ayanami/code/TSP/data/classic/tsplib/pr152.tsp,hybrid,1168,helsgaun,53,67333.604740562383,67333.604740562383,73682
/Users/a/Ayanami/code/TSP/data/classic/tsplib/pr152.tsp,hybrid,1169,helsgaun,54,67327.530760004462,67333.604740562383,73682
/Users/a/Ayanami/code/TSP/data/classic/tsplib/pr152.tsp,hybrid,1170,helsgaun,55,67328.547525240836,67333.604740562383,73682
/Users/a/Ayanami/code/TSP/data/classic/tsplib/pr152.tsp,hybrid,1171,helsgaun,56,67330.503277590571,67333.604740562383,73682
/Users/a/Ayanami/code/TSP/data/classic/tsplib/pr152.tsp,hybrid,1172,helsgaun,57,67331.822532771825,67333.604740562383,73682
/Users/a/Ayanami/code/TSP/data/classic/tsplib/pr152.tsp,hybrid,1173,helsgaun,58,67328.619484180424,67333.604740562383,73682
/Users/a/Ayanami/code/TSP/data/classic/tsplib/pr152.tsp,hybrid,1174,helsgaun,59,67330.511969697502,67333.604740562383,73682
/Users/a/Ayanami/code/TSP/data/classic/tsplib/pr152.tsp,hybrid,1175,helsgaun,60,67330.633738724995,67333.604740562383,73682
/Users/a/Ayanami/code/TSP/data/classic/tsplib/pr152.tsp,hybrid,1176,helsgaun,61,67334.522704410003,67334.522704410003,73682
/Users/a/Ayanami/code/TSP/data/classic/tsplib/pr152.tsp,hybrid,1177,helsgaun,62,67329.217116589833,67334.522704410003,73682
/Users/a/Ayanami/code/TSP/data/classic/tsplib/pr152.tsp,hybrid,1178,helsgaun,63,67330.731584779147,67334.522704410003,73682
/Users/a/Ayanami/code/TSP/data/classic/tsplib/pr152.tsp,hybrid,1179,helsgaun,64,67334.121245963019,67334.522704410003,73682
/Users/a/Ayanami/code/TSP/data/classic/tsplib/pr152.tsp,hybrid,1180,helsgaun,65,67335.207626752832,67335.207626752832,73682
/Users/a/Ayanami/code/TSP/data/classic/tsplib/pr152.tsp,hybrid,1181,helsgaun,66,67330.324193611988,67335.207626752832,73682
/Users/a/Ayanami/code/TSP/data/classic/tsplib/pr152.tsp,hybrid,1182,helsgaun,67,67333.619389840067,67335.207626752832,73682
/Users/a/Ayanami/code/TSP/data/classic/tsplib/pr152.tsp,hybrid,1183,helsgaun,68,67330.137777212352,67335.207626752832,73682
/Users/a/Ayanami/code/TSP/data/classic/tsplib/pr152.tsp,hybrid,1184,helsgaun,69,67331.726133564604,67335.207626752832,73682
/Users/a/Ayanami/code/TSP/data/classic/tsplib/pr152.tsp,hybrid,1185,helsgaun,70,67326.426422657853,67335.207626752832,73682
/Users/a/Ayanami/code/TSP/data/classic/tsplib/pr152.tsp,hybrid,1186,helsgaun,71,67329.322233095329,67335.207626752832,73682
/Users/a/Ayanami/code/TSP/data/classic/tsplib/pr152.tsp,hybrid,1187,helsgaun,72,67327.300146942973,67335.207626752832,73682
/Users/a/Ayanami/code/TSP/data/classic/tsplib/pr152.tsp,hybrid,1188,helsgaun,73,67332.2150862079,67335.207626752832,73682
/Users/a/Ayanami/code/TSP/data/classic/tsplib/pr152.tsp,hybrid,1189,helsgaun,74,67330.012070471741,67335.207626752832,73682
/Users/a/Ayanami/code/TSP/data/classic/tsplib/pr152.tsp,hybrid,1190,helsgaun,75,67330.033228780623,67335.207626752832,73682
/Users/a/Ayanami/code/TSP/data/classic/tsplib/pr152.tsp,hybrid,1191,helsgaun,76,67334.009550322749,67335.207626752832,73682
/Users/a/Ayanami/code/TSP/data/classic/tsplib/pr152.tsp,hybrid,1192,helsgaun,77,67337.304844284008,67337.304844284008,73682
/Users/a/Ayanami/code/TSP/data/classic/tsplib/pr152.tsp,hybrid,1193,helsgaun,78,67334.571800677819,67337.304844284008,73682
/Users/a/Ayanami/code/TSP/data/classic/tsplib/pr152.tsp,hybrid,1194,helsgaun,79,67337.26943576365,67337.304844284008,73682
/Users/a/Ayanami/code/TSP/data/classic/tsplib/pr152.tsp,hybrid,1195,helsgaun,80,67338.306200188861,67338.306200188861,73682
/Users/a/Ayanami/code/TSP/data/classic/tsplib/pr152.tsp,hybrid,1196,helsgaun,81,67338.283085114846,67338.306200188861,73682
/Users/a/Ayanami/code/TSP/data/classic/tsplib/pr152.tsp,hybrid,1197,helsgaun,82,67335.672119911309,67338.306200188861,73682
/Users/a/Ayanami/code/TSP/data/classic/tsplib/pr152.tsp,hybrid,1198,helsgaun,83,67335.701507666876,67338.306200188861,73682
/Users/a/Ayanami/code/TSP/data/classic/tsplib/pr152.tsp,hybrid,1199,helsgaun,84,67337.214464681761,67338.306200188861,73682
/Users/a/Ayanami/code/TSP/data/classic/tsplib/pr152.tsp,hybrid,1200,helsgaun,85,67338.614534490684,67338.614534490684,73682
/Users/a/Ayanami/code/TSP/data/classic/tsplib/pr152.tsp,hybrid,1201,helsgaun,86,67336.379891953955,67338.614534490684,73682
/Users/a/Ayanami/code/TSP/data/classic/tsplib/pr152.tsp,hybrid,1202,helsgaun,87,67336.977907359629,67338.614534490684,73682
/Users/a/Ayanami/code/TSP/data/classic/tsplib/pr152.tsp,hybrid,1203,helsgaun,88,67336.967141610279,67338.614534490684,73682
/Users/a/Ayanami/code/TSP/data/classic/tsplib/pr152.tsp,hybrid,1204,helsgaun,89,67339.615613747155,67339.615613747155,73682
/Users/a/Ayanami/code/TSP/data/classic/tsplib/pr152.tsp,hybrid,1205,helsgaun,90,67336.56750752368,67339.615613747155,73682
/Users/a/Ayanami/code/TSP/data/classic/tsplib/pr152.tsp,hybrid,1206,helsgaun,91,67337.576957510842,67339.615613747155,73682
/Users/a/Ayanami/code/TSP/data/classic/tsplib/pr152.tsp,hybrid,1207,helsgaun,92,67339.406439070284,67339.615613747155,73682
/Users/a/Ayanami/code/TSP/data/classic/tsplib/pr152.tsp,hybrid,1208,helsgaun,93,67339.036470826628,67339.615613747155,73682
/Users/a/Ayanami/code/TSP/data/classic/tsplib/pr152.tsp,hybrid,1209,helsgaun,94,67336.227750904931,67339.615613747155,73682
/Users/a/Ayanami/code/TSP/data/classic/tsplib/pr152.tsp,hybrid,1210,helsgaun,95,67337.712738976625,67339.615613747155,73682
/Users/a/Ayanami/code/TSP/data/classic/tsplib/pr152.tsp,hybrid,1211,helsgaun,96,67338.610022360677,67339.615613747155,73682
/Users/a/Ayanami/code/TSP/data/classic/tsplib/pr152.tsp,hybrid,1212,helsgaun,97,67340.418049152009,67340.418049152009,73682
/Users/a/Ayanami/code/TSP/data/classic/tsplib/pr152.tsp,hybrid,1213,helsgaun,98,67337.721446052863,67340.418049152009,73682
/Users/a/Ayanami/code/TSP/data/classic/tsplib/pr152.tsp,hybrid,1214,helsgaun,99,67338.568947364256,67340.418049152009,73682
/Users/a/Ayanami/code/TSP/data/classic/tsplib/pr152.tsp,hybrid,1215,helsgaun,100,67340.156448933441,67340.418049152009,73682
/Users/a/Ayanami/code/TSP/data/classic/tsplib/pr152.tsp,hybrid,1216,helsgaun,101,67339.992838289996,67340.418049152009,73682
/Users/a/Ayanami/code/TSP/data/classic/tsplib/pr152.tsp,hybrid,1217,helsgaun,102,67336.817001029558,67340.418049152009,73682
/Users/a/Ayanami/code/TSP/data/classic/tsplib/pr152.tsp,hybrid,1218,helsgaun,103,67337.592819130965,67340.418049152009,73682
/Users/a/Ayanami/code/TSP/data/classic/tsplib/pr152.tsp,hybrid,1219,helsgaun,104,67339.068464351702,67340.418049152009,73682
/Users/a/Ayanami/code/TSP/data/classic/tsplib/pr152.tsp,hybrid,1220,helsgaun,105,67339.954894206108,67340.418049152009,73682
/Users/a/Ayanami/code/TSP/data/classic/tsplib/pr152.tsp,hybrid,1221,helsgaun,106,67338.417521910917,67340.418049152009,73682
/Users/a/Ayanami/code/TSP/data/classic/tsplib/pr152.tsp,hybrid,1222,helsgaun,107,67339.635208461856,67340.418049152009,73682
/Users/a/Ayanami/code/TSP/data/classic/tsplib/pr152.tsp,hybrid,1223,helsgaun,108,67339.068364019535,67340.418049152009,73682
/Users/a/Ayanami/code/TSP/data/classic/tsplib/pr152.tsp,hybrid,1224,helsgaun,109,67341.372977157516,67341.372977157516,73682
/Users/a/Ayanami/code/TSP/data/classic/tsplib/pr152.tsp,hybrid,1225,helsgaun,110,67339.079909420587,67341.372977157516,73682
/Users/a/Ayanami/code/TSP/data/classic/tsplib/pr152.tsp,hybrid,1226,helsgaun,111,67338.629456449475,67341.372977157516,73682
/Users/a/Ayanami/code/TSP/data/classic/tsplib/pr152.tsp,hybrid,1227,helsgaun,112,67340.505820288672,67341.372977157516,73682
/Users/a/Ayanami/code/TSP/data/classic/tsplib/pr152.tsp,hybrid,1228,helsgaun,113,67341.375192275824,67341.375192275824,73682
/Users/a/Ayanami/code/TSP/data/classic/tsplib/pr152.tsp,hybrid,1229,helsgaun,114,67338.370850650303,67341.375192275824,73682
/Users/a/Ayanami/code/TSP/data/classic/tsplib/pr152.tsp,hybrid,1230,helsgaun,115,67340.76465343489,67341.375192275824,73682
/Users/a/Ayanami/code/TSP/data/classic/tsplib/pr152.tsp,hybrid,1231,helsgaun,116,67341.994481369533,67341.994481369533,73682
/Users/a/Ayanami/code/TSP/data/classic/tsplib/pr152.tsp,hybrid,1232,helsgaun,117,67341.382709856247,67341.994481369533,73682
/Users/a/Ayanami/code/TSP/data/classic/tsplib/pr152.tsp,hybrid,1233,helsgaun,118,67342.12887531599,67342.12887531599,73682
/Users/a/Ayanami/code/TSP/data/classic/tsplib/pr152.tsp,hybrid,1234,helsgaun,119,67342.191737962421,67342.191737962421,73682
/Users/a/Ayanami/code/TSP/data/classic/tsplib/pr152.tsp,hybrid,1235,helsgaun,120,67343.043450086829,67343.043450086829,73682
/Users/a/Ayanami/code/TSP/data/classic/tsplib/pr152.tsp,hybrid,1236,helsgaun,121,67341.685792352699,67343.043450086829,73682
/Users/a/Ayanami/code/TSP/data/classic/tsplib/pr152.tsp,hybrid,1237,helsgaun,122,67342.586235170515,67343.043450086829,73682
/Users/a/Ayanami/code/TSP/data/classic/tsplib/pr152.tsp,hybrid,1238,helsgaun,123,67341.523945862456,67343.043450086829,73682
/Users/a/Ayanami/code/TSP/data/classic/tsplib/pr152.tsp,hybrid,1239,helsgaun,124,67343.073199337188,67343.073199337188,73682
/Users/a/Ayanami/code/TSP/data/classic/tsplib/pr152.tsp,hybrid,1240,helsgaun,125,67341.81082676939,67343.073199337188,73682
/Users/a/Ayanami/code/TSP/data/classic/tsplib/pr152.tsp,hybrid,1241,helsgaun,126,67341.611689499929,67343.073199337188,73682
/Users/a/Ayanami/code/TSP/data/classic/tsplib/pr152.tsp,hybrid,1242,helsgaun,127,67342.203683310261,67343.073199337188,73682
/Users/a/Ayanami/code/TSP/data/classic/tsplib/pr152.tsp,hybrid,1243,helsgaun,128,67342.739948877512,67343.073199337188,73682
/Users/a/Ayanami/code/TSP/data/classic/tsplib/pr152.tsp,hybrid,1244,helsgaun,129,67341.610320562919,67343.073199337188,73682
/Users/a/Ayanami/code/TSP/data/classic/tsplib/pr152.tsp,hybrid,1245,helsgaun,130,67342.674720132054,67343.073199337188,73682
/Users/a/Ayanami/code/TSP/data/classic/tsplib/pr152.tsp,hybrid,1246,helsgaun,131,67342.587935813761,67343.073199337188,73682
/Users/a/Ayanami/code/TSP/data/classic/tsplib/pr152.tsp,hybrid,1247,helsgaun,132,67343.376222113147,67343.376222113147,73682
/Users/a/Ayanami/code/TSP/data/classic/tsplib/pr152.tsp,hybrid,1248,helsgaun,133,67342.24379144526,67343.376222113147,73682
/Users/a/Ayanami/code/TSP/data/classic/tsplib/pr152.tsp,hybrid,1249,helsgaun,134,67343.154068239804,67343.376222113147,73682
/Users/a/Ayanami/code/TSP/data/classic/tsplib/pr152.tsp,hybrid,1250,helsgaun,135,67344.165684585954,67344.165684585954,73682
/Users/a/Ayanami/code/TSP/data/classic/tsplib/pr152.tsp,hybrid,1251,helsgaun,136,67344.226624461153,67344.226624461153,73682
/Users/a/Ayanami/code/TSP/data/classic/tsplib/pr152.tsp,hybrid,1252,helsgaun,137,67344.194193114483,67344.226624461153,73682
/Users/a/Ayanami/code/TSP/data/classic/tsplib/pr152.tsp,hybrid,1253,helsgaun,138,67344.268087627992,67344.268087627992,73682
/Users/a/Ayanami/code/TSP/data/classic/tsplib/pr152.tsp,hybrid,1254,helsgaun,139,67344.315967077564,67344.315967077564,73682
/Users/a/Ayanami/code/TSP/data/classic/tsplib/pr152.tsp,hybrid,1255,helsgaun,140,67344.119770239602,67344.315967077564,73682
/Users/a/Ayanami/code/TSP/data/classic/tsplib/pr152.tsp,hybrid,1256,helsgaun,141,67344.450124820374,67344.450124820374,73682
/Users/a/Ayanami/code/TSP/data/classic/tsplib/pr152.tsp,hybrid,1257,helsgaun,142,67344.172427678772,67344.450124820374,73682
/Users/a/Ayanami/code/TSP/data/classic/tsplib/pr152.tsp,hybrid,1258,helsgaun,143,67344.181724560985,67344.450124820374,73682
/Users/a/Ayanami/code/TSP/data/classic/tsplib/pr152.tsp,hybrid,1259,helsgaun,144,67344.675146488444,67344.675146488444,73682
/Users/a/Ayanami/code/TSP/data/classic/tsplib/pr152.tsp,hybrid,1260,helsgaun,145,67344.375436247632,67344.675146488444,73682
/Users/a/Ayanami/code/TSP/data/classic/tsplib/pr152.tsp,hybrid,1261,helsgaun,146,67344.723385916339,67344.723385916339,73682
/Users/a/Ayanami/code/TSP/data/classic/tsplib/pr152.tsp,hybrid,1262,helsgaun,147,67344.611885599763,67344.723385916339,73682
/Users/a/Ayanami/code/TSP/data/classic/tsplib/pr152.tsp,hybrid,1263,helsgaun,148,67344.793317428092,67344.793317428092,73682
/Users/a/Ayanami/code/TSP/data/classic/tsplib/pr152.tsp,hybrid,1264,helsgaun,149,67344.758100453691,67344.793317428092,73682
/Users/a/Ayanami/code/TSP/data/classic/tsplib/pr152.tsp,hybrid,1265,helsgaun,150,67344.829992485495,67344.829992485495,73682
/Users/a/Ayanami/code/TSP/data/classic/tsplib/pr152.tsp,hybrid,1266,helsgaun,151,67344.724918297055,67344.829992485495,73682
/Users/a/Ayanami/code/TSP/data/classic/tsplib/pr152.tsp,hybrid,1267,helsgaun,152,67344.813472778755,67344.829992485495,73682
/Users/a/Ayanami/code/TSP/data/classic/tsplib/pr152.tsp,hybrid,1268,helsgaun,153,67344.902129137598,67344.902129137598,73682
/Users/a/Ayanami/code/TSP/data/classic/tsplib/pr152.tsp,hybrid,1269,helsgaun,154,67344.873987226922,67344.902129137598,73682
/Users/a/Ayanami/code/TSP/data/classic/tsplib/pr152.tsp,hybrid,1270,helsgaun,155,67344.927311521547,67344.927311521547,73682
/Users/a/Ayanami/code/TSP/data/classic/tsplib/pr152.tsp,hybrid,1271,helsgaun,156,67344.986473013181,67344.986473013181,73682
/Users/a/Ayanami/code/TSP/data/classic/tsplib/pr152.tsp,hybrid,1272,helsgaun,157,67344.99620328832,67344.99620328832,73682
/Users/a/Ayanami/code/TSP/data/classic/tsplib/pr152.tsp,hybrid,1273,helsgaun,158,67345.014327850644,67345.014327850644,73682
/Users/a/Ayanami/code/TSP/data/classic/tsplib/pr152.tsp,hybrid,1274,helsgaun,159,67345.004687120658,67345.014327850644,73682
/Users/a/Ayanami/code/TSP/data/classic/tsplib/pr152.tsp,hybrid,1275,helsgaun,160,67345.013330797694,67345.014327850644,73682
/Users/a/Ayanami/code/TSP/data/classic/tsplib/pr152.tsp,hybrid,1276,helsgaun,161,67345.031658710883,67345.031658710883,73682
/Users/a/Ayanami/code/TSP/data/classic/tsplib/pr152.tsp,hybrid-reverse,1,helsgaun,1,59775,59775,73682
/Users/a/Ayanami/code/TSP/data/classic/tsplib/pr152.tsp,hybrid-reverse,2,helsgaun,2,59800,59800,73682
/Users/a/Ayanami/code/TSP/data/classic/tsplib/pr152.tsp,hybrid-reverse,3,helsgaun,3,59849.399999999994,59849.399999999994,73682
/Users/a/Ayanami/code/TSP/data/classic/tsplib/pr152.tsp,hybrid-reverse,4,helsgaun,4,59948.400000000001,59948.400000000001,73682
/Users/a/Ayanami/code/TSP/data/classic/tsplib/pr152.tsp,hybrid-reverse,5,helsgaun,5,60124.799999999988,60124.799999999988,73682
/Users/a/Ayanami/code/TSP/data/classic/tsplib/pr152.tsp,hybrid-reverse,6,helsgaun,6,60490.200000000012,60490.200000000012,73682
/Users/a/Ayanami/code/TSP/data/classic/tsplib/pr152.tsp,hybrid-reverse,7,helsgaun,7,60932.200000000012,60932.200000000012,73682
/Users/a/Ayanami/code/TSP/data/classic/tsplib/pr152.tsp,hybrid-reverse,8,helsgaun,8,61700.199999999975,61700.199999999975,73682
/Users/a/Ayanami/code/TSP/data/classic/tsplib/pr152.tsp,hybrid-reverse,9,helsgaun,9,61032.800000000017,61700.199999999975,73682
/Users/a/Ayanami/code/TSP/data/classic/tsplib/pr152.tsp,hybrid-reverse,10,helsgaun,10,60770.80000000001,61700.199999999975,73682
/Users/a/Ayanami/code/TSP/data/classic/tsplib/pr152.tsp,hybrid-reverse,11,helsgaun,11,59799.600000000013,61700.199999999975,73682
/Users/a/Ayanami/code/TSP/data/classic/tsplib/pr152.tsp,hybrid-reverse,12,helsgaun,12,60092.400000000001,61700.199999999975,73682
/Users/a/Ayanami/code/TSP/data/classic/tsplib/pr152.tsp,hybrid-reverse,13,helsgaun,13,60204.600000000013,61700.199999999975,73682
/Users/a/Ayanami/code/TSP/data/classic/tsplib/pr152.tsp,hybrid-reverse,14,helsgaun,14,60173,61700.199999999975,73682
/Users/a/Ayanami/code/TSP/data/classic/tsplib/pr152.tsp,hybrid-reverse,15,helsgaun,15,60699.999999999993,61700.199999999975,73682
/Users/a/Ayanami/code/TSP/data/classic/tsplib/pr152.tsp,hybrid-reverse,16,helsgaun,16,60051.599999999999,61700.199999999975,73682
/Users/a/Ayanami/code/TSP/data/classic/tsplib/pr152.tsp,hybrid-reverse,17,helsgaun,17,60603.19999999999,61700.199999999975,73682
/Users/a/Ayanami/code/TSP/data/classic/tsplib/pr152.tsp,hybrid-reverse,18,helsgaun,18,61134.600000000013,61700.199999999975,73682
/Users/a/Ayanami/code/TSP/data/classic/tsplib/pr152.tsp,hybrid-reverse,19,helsgaun,19,60856.400000000001,61700.199999999975,73682
/Users/a/Ayanami/code/TSP/data/classic/tsplib/pr152.tsp,hybrid-reverse,20,helsgaun,20,60397,61700.199999999975,73682
/Users/a/Ayanami/code/TSP/data/classic/tsplib/pr152.tsp,hybrid-reverse,21,helsgaun,21,60698.799999999996,61700.199999999975,73682
/Users/a/Ayanami/code/TSP/data/classic/tsplib/pr152.tsp,hybrid-reverse,22,helsgaun,22,60745.399999999987,61700.199999999975,73682
/Users/a/Ayanami/code/TSP/data/classic/tsplib/pr152.tsp,hybrid-reverse,23,helsgaun,23,60753.600000000006,61700.199999999975,73682
/Users/a/Ayanami/code/TSP/data/classic/tsplib/pr152.tsp,hybrid-reverse,24,helsgaun,24,60574.400000000016,61700.199999999975,73682
/Users/a/Ayanami/code/TSP/data/classic/tsplib/pr152.tsp,hybrid-reverse,25,helsgaun,25,60771.599999999999,61700.199999999975,73682
/Users/a/Ayanami/code/TSP/data/classic/tsplib/pr152.tsp,hybrid-reverse,26,helsgaun,26,60272.600000000006,61700.199999999975,73682
/Users/a/Ayanami/code/TSP/data/classic/tsplib/pr152.tsp,hybrid-reverse,27,helsgaun,27,60739.599999999999,61700.199999999975,73682
/Users/a/Ayanami/code/TSP/data/classic/tsplib/pr152.tsp,hybrid-reverse,28,helsgaun,28,60315.400000000016,61700.199999999975,73682
/Users/a/Ayanami/code/TSP/data/classic/tsplib/pr152.tsp,hybrid-reverse,29,helsgaun,29,60844.400000000023,61700.199999999975,73682
/Users/a/Ayanami/code/TSP/data/classic/tsplib/pr152.tsp,hybrid-reverse,30,helsgaun,30,61555.80000000001,61700.199999999975,73682
/Users/a/Ayanami/code/TSP/data/classic/tsplib/pr152.tsp,hybrid-reverse,31,helsgaun,31,61025.000000000015,61700.199999999975,73682
/Users/a/Ayanami/code/TSP/data/classic/tsplib/pr152.tsp,hybrid-reverse,32,helsgaun,32,60267.600000000013,61700.199999999975,73682
/Users/a/Ayanami/code/TSP/data/classic/tsplib/pr152.tsp,hybrid-reverse,33,helsgaun,33,60369.199999999997,61700.199999999975,73682
/Users/a/Ayanami/code/TSP/data/classic/tsplib/pr152.tsp,hybrid-reverse,34,helsgaun,34,61719.000000000015,61719.000000000015,73682
/Users/a/Ayanami/code/TSP/data/classic/tsplib/pr152.tsp,hybrid-reverse,35,helsgaun,35,61921.200000000019,61921.200000000019,73682
/Users/a/Ayanami/code/TSP/data/classic/tsplib/pr152.tsp,hybrid-reverse,36,helsgaun,36,60886.400000000009,61921.200000000019,73682
/Users/a/Ayanami/code/TSP/data/classic/tsplib/pr152.tsp,hybrid-reverse,37,helsgaun,37,61517.600000000006,61921.200000000019,73682
/Users/a/Ayanami/code/TSP/data/classic/tsplib/pr152.tsp,hybrid-reverse,38,helsgaun,38,61092.599999999999,61921.200000000019,73682
/Users/a/Ayanami/code/TSP/data/classic/tsplib/pr152.tsp,hybrid-reverse,39,helsgaun,39,61866.600000000006,61921.200000000019,73682
/Users/a/Ayanami/code/TSP/data/classic/tsplib/pr152.tsp,hybrid-reverse,40,helsgaun,40,61616.200000000012,61921.200000000019,73682
/Users/a/Ayanami/code/TSP/data/classic/tsplib/pr152.tsp,hybrid-reverse,41,helsgaun,41,61847.000000000015,61921.200000000019,73682
/Users/a/Ayanami/code/TSP/data/classic/tsplib/pr152.tsp,hybrid-reverse,42,helsgaun,42,60959.800000000032,61921.200000000019,73682
/Users/a/Ayanami/code/TSP/data/classic/tsplib/pr152.tsp,hybrid-reverse,43,helsgaun,43,61501,61921.200000000019,73682
/Users/a/Ayanami/code/TSP/data/classic/tsplib/pr152.tsp,hybrid-reverse,44,helsgaun,44,61202.399999999987,61921.200000000019,73682
/Users/a/Ayanami/code/TSP/data/classic/tsplib/pr152.tsp,hybrid-reverse,45,helsgaun,45,61159.400000000009,61921.200000000019,73682
/Users/a/Ayanami/code/TSP/data/classic/tsplib/pr152.tsp,hybrid-reverse,46,helsgaun,46,60650.200000000004,61921.200000000019,73682
/Users/a/Ayanami/code/TSP/data/classic/tsplib/pr152.tsp,hybrid-reverse,47,helsgaun,47,60532.799999999988,61921.200000000019,73682
/Users/a/Ayanami/code/TSP/data/classic/tsplib/pr152.tsp,hybrid-reverse,48,helsgaun,48,60674.19999999999,61921.200000000019,73682
/Users/a/Ayanami/code/TSP/data/classic/tsplib/pr152.tsp,hybrid-reverse,49,helsgaun,49,61144.000000000007,61921.200000000019,73682
/Users/a/Ayanami/code/TSP/data/classic/tsplib/pr152.tsp,hybrid-reverse,50,helsgaun,50,61124.599999999991,61921.200000000019,73682
/Users/a/Ayanami/code/TSP/data/classic/tsplib/pr152.tsp,hybrid-reverse,51,helsgaun,51,60885.000000000007,61921.200000000019,73682
/Users/a/Ayanami/code/TSP/data/classic/tsplib/pr152.tsp,hybrid-reverse,52,helsgaun,52,61280.800000000003,61921.200000000019,73682
/Users/a/Ayanami/code/TSP/data/classic/tsplib/pr152.tsp,hybrid-reverse,53,helsgaun,53,61666.399999999987,61921.200000000019,73682
/Users/a/Ayanami/code/TSP/data/classic/tsplib/pr152.tsp,hybrid-reverse,54,helsgaun,54,61501.600000000013,61921.200000000019,73682
/Users/a/Ayanami/code/TSP/data/classic/tsplib/pr152.tsp,hybrid-reverse,55,helsgaun,55,61193.600000000028,61921.200000000019,73682
/Users/a/Ayanami/code/TSP/data/classic/tsplib/pr152.tsp,hybrid-reverse,56,helsgaun,56,61683.599999999999,61921.200000000019,73682
/Users/a/Ayanami/code/TSP/data/classic/tsplib/pr152.tsp,hybrid-reverse,57,helsgaun,57,62019.200000000004,62019.200000000004,73682
/Users/a/Ayanami/code/TSP/data/classic/tsplib/pr152.tsp,hybrid-reverse,58,helsgaun,58,62358.800000000017,62358.800000000017,73682
/Users/a/Ayanami/code/TSP/data/classic/tsplib/pr152.tsp,hybrid-reverse,59,helsgaun,59,62154.199999999997,62358.800000000017,73682
/Users/a/Ayanami/code/TSP/data/classic/tsplib/pr152.tsp,hybrid-reverse,60,helsgaun,60,62161.600000000028,62358.800000000017,73682
/Users/a/Ayanami/code/TSP/data/classic/tsplib/pr152.tsp,hybrid-reverse,61,helsgaun,61,60944.400000000009,62358.800000000017,73682
/Users/a/Ayanami/code/TSP/data/classic/tsplib/pr152.tsp,hybrid-reverse,62,helsgaun,62,61411.999999999993,62358.800000000017,73682
/Users/a/Ayanami/code/TSP/data/classic/tsplib/pr152.tsp,hybrid-reverse,63,helsgaun,63,61510.800000000017,62358.800000000017,73682
/Users/a/Ayanami/code/TSP/data/classic/tsplib/pr152.tsp,hybrid-reverse,64,helsgaun,64,62348.800000000003,62358.800000000017,73682
/Users/a/Ayanami/code/TSP/data/classic/tsplib/pr152.tsp,hybrid-reverse,65,helsgaun,65,62461.800000000003,62461.800000000003,73682
/Users/a/Ayanami/code/TSP/data/classic/tsplib/pr152.tsp,hybrid-reverse,66,helsgaun,66,61732.399999999994,62461.800000000003,73682
/Users/a/Ayanami/code/TSP/data/classic/tsplib/pr152.tsp,hybrid-reverse,67,helsgaun,67,62699.200000000012,62699.200000000012,73682
/Users/a/Ayanami/code/TSP/data/classic/tsplib/pr152.tsp,hybrid-reverse,68,helsgaun,68,62076.60000000002,62699.200000000012,73682
/Users/a/Ayanami/code/TSP/data/classic/tsplib/pr152.tsp,hybrid-reverse,69,helsgaun,69,62303.200000000004,62699.200000000012,73682
/Users/a/Ayanami/code/TSP/data/classic/tsplib/pr152.tsp,hybrid-reverse,70,helsgaun,70,61376.600000000028,62699.200000000012,73682
/Users/a/Ayanami/code/TSP/data/classic/tsplib/pr152.tsp,hybrid-reverse,71,helsgaun,71,61221.200000000019,62699.200000000012,73682
/Users/a/Ayanami/code/TSP/data/classic/tsplib/pr152.tsp,hybrid-reverse,72,helsgaun,72,61728.599999999991,62699.200000000012,73682
/Users/a/Ayanami/code/TSP/data/classic/tsplib/pr152.tsp,hybrid-reverse,73,helsgaun,73,61512.800000000017,62699.200000000012,73682
/Users/a/Ayanami/code/TSP/data/classic/tsplib/pr152.tsp,hybrid-reverse,74,helsgaun,74,61839.000000000029,62699.200000000012,73682
/Users/a/Ayanami/code/TSP/data/classic/tsplib/pr152.tsp,hybrid-reverse,75,helsgaun,75,61966.400000000009,62699.200000000012,73682
/Users/a/Ayanami/code/TSP/data/classic/tsplib/pr152.tsp,hybrid-reverse,76,helsgaun,76,62644.600000000006,62699.200000000012,73682
/Users/a/Ayanami/code/TSP/data/classic/tsplib/pr152.tsp,hybrid-reverse,77,helsgaun,77,62323.80000000001,62699.200000000012,73682
/Users/a/Ayanami/code/TSP/data/classic/tsplib/pr152.tsp,hybrid-reverse,78,helsgaun,78,63329.199999999997,63329.199999999997,73682
/Users/a/Ayanami/code/TSP/data/classic/tsplib/pr152.tsp,hybrid-reverse,79,helsgaun,79,64334.800000000003,64334.800000000003,73682
/Users/a/Ayanami/code/TSP/data/classic/tsplib/pr152.tsp,hybrid-reverse,80,helsgaun,80,64642.799999999988,64642.799999999988,73682
/Users/a/Ayanami/code/TSP/data/classic/tsplib/pr152.tsp,hybrid-reverse,81,helsgaun,81,64985.000000000022,64985.000000000022,73682
/Users/a/Ayanami/code/TSP/data/classic/tsplib/pr152.tsp,hybrid-reverse,82,helsgaun,82,64691.599999999991,64985.000000000022,73682
/Users/a/Ayanami/code/TSP/data/classic/tsplib/pr152.tsp,hybrid-reverse,83,helsgaun,83,64760.400000000023,64985.000000000022,73682
/Users/a/Ayanami/code/TSP/data/classic/tsplib/pr152.tsp,hybrid-reverse,84,helsgaun,84,64651.599999999977,64985.000000000022,73682
/Users/a/Ayanami/code/TSP/data/classic/tsplib/pr152.tsp,hybrid-reverse,85,helsgaun,85,64843.800000000003,64985.000000000022,73682
/Users/a/Ayanami/code/TSP/data/classic/tsplib/pr152.tsp,hybrid-reverse,86,helsgaun,86,64731.200000000004,64985.000000000022,73682
/Users/a/Ayanami/code/TSP/data/classic/tsplib/pr152.tsp,hybrid-reverse,87,helsgaun,87,64921.80000000001,64985.000000000022,73682
/Users/a/Ayanami/code/TSP/data/classic/tsplib/pr152.tsp,hybrid-reverse,88,helsgaun,88,64957.80000000001,64985.000000000022,73682
/Users/a/Ayanami/code/TSP/data/classic/tsplib/pr152.tsp,hybrid-reverse,89,helsgaun,89,64903.800000000017,64985.000000000022,73682
/Users/a/Ayanami/code/TSP/data/classic/tsplib/pr152.tsp,hybrid-reverse,90,helsgaun,90,64719.799999999996,64985.000000000022,73682
/Users/a/Ayanami/code/TSP/data/classic/tsplib/pr152.tsp,hybrid-reverse,91,helsgaun,91,64925.600000000006,64985.000000000022,73682
/Users/a/Ayanami/code/TSP/data/classic/tsplib/pr152.tsp,hybrid-reverse,92,helsgaun,92,64787.799999999996,64985.000000000022,73682
/Users/a/Ayanami/code/TSP/data/classic/tsplib/pr152.tsp,hybrid-reverse,93,helsgaun,93,64880.200000000004,64985.000000000022,73682
/Users/a/Ayanami/code/TSP/data/classic/tsplib/pr152.tsp,hybrid-reverse,94,helsgaun,94,64953.19999999999,64985.000000000022,73682
/Users/a/Ayanami/code/TSP/data/classic/tsplib/pr152.tsp,hybrid-reverse,95,helsgaun,95,64988,64988,73682
/Users/a/Ayanami/code/TSP/data/classic/tsplib/pr152.tsp,hybrid-reverse,96,helsgaun,96,64976.19999999999,64988,73682
/Users/a/Ayanami/code/TSP/data/classic/tsplib/pr152.tsp,hybrid-reverse,97,helsgaun,97,64991.199999999983,64991.199999999983,73682
/Users/a/Ayanami/code/TSP/data/classic/tsplib/pr152.tsp,hybrid-reverse,98,helsgaun,98,64789.599999999977,64991.199999999983,73682
/Users/a/Ayanami/code/TSP/data/classic/tsplib/pr152.tsp,hybrid-reverse,99,helsgaun,99,64973.399999999987,64991.199999999983,73682
/Users/a/Ayanami/code/TSP/data/classic/tsplib/pr152.tsp,hybrid-reverse,100,helsgaun,100,65081,65081,73682
/Users/a/Ayanami/code/TSP/data/classic/tsplib/pr152.tsp,hybrid-reverse,101,helsgaun,101,64940.200000000012,65081,73682
/Users/a/Ayanami/code/TSP/data/classic/tsplib/pr152.tsp,hybrid-reverse,102,helsgaun,102,64666.000000000007,65081,73682
/Users/a/Ayanami/code/TSP/data/classic/tsplib/pr152.tsp,hybrid-reverse,103,helsgaun,103,65000,65081,73682
/Users/a/Ayanami/code/TSP/data/classic/tsplib/pr152.tsp,hybrid-reverse,104,helsgaun,104,64465.800000000017,65081,73682
/Users/a/Ayanami/code/TSP/data/classic/tsplib/pr152.tsp,hybrid-reverse,105,helsgaun,105,64686.599999999999,65081,73682
/Users/a/Ayanami/code/TSP/data/classic/tsplib/pr152.tsp,hybrid-reverse,106,helsgaun,106,64691.399999999994,65081,73682
/Users/a/Ayanami/code/TSP/data/classic/tsplib/pr152.tsp,hybrid-reverse,107,helsgaun,107,64904.200000000012,65081,73682
/Users/a/Ayanami/code/TSP/data/classic/tsplib/pr152.tsp,hybrid-reverse,108,helsgaun,108,65145.799999999988,65145.799999999988,73682
/Users/a/Ayanami/code/TSP/data/classic/tsplib/pr152.tsp,hybrid-reverse,109,helsgaun,109,64876.800000000003,65145.799999999988,73682
/Users/a/Ayanami/code/TSP/data/classic/tsplib/pr152.tsp,hybrid-reverse,110,helsgaun,110,64870.399999999994,65145.799999999988,73682
/Users/a/Ayanami/code/TSP/data/classic/tsplib/pr152.tsp,hybrid-reverse,111,helsgaun,111,64649.199999999997,65145.799999999988,73682
/Users/a/Ayanami/code/TSP/data/classic/tsplib/pr152.tsp,hybrid-reverse,112,helsgaun,112,64887.000000000007,65145.799999999988,73682
/Users/a/Ayanami/code/TSP/data/classic/tsplib/pr152.tsp,hybrid-reverse,113,helsgaun,113,65104.200000000004,65145.799999999988,73682
/Users/a/Ayanami/code/TSP/data/classic/tsplib/pr152.tsp,hybrid-reverse,114,helsgaun,114,64866,65145.799999999988,73682
/Users/a/Ayanami/code/TSP/data/classic/tsplib/pr152.tsp,hybrid-reverse,115,helsgaun,115,65060.000000000015,65145.799999999988,73682
/Users/a/Ayanami/code/TSP/data/classic/tsplib/pr152.tsp,hybrid-reverse,116,helsgaun,116,65466.599999999991,65466.599999999991,73682
/Users/a/Ayanami/code/TSP/data/classic/tsplib/pr152.tsp,hybrid-reverse,117,helsgaun,117,65611.200000000012,65611.200000000012,73682
/Users/a/Ayanami/code/TSP/data/classic/tsplib/pr152.tsp,hybrid-reverse,118,helsgaun,118,65691,65691,73682
/Users/a/Ayanami/code/TSP/data/classic/tsplib/pr152.tsp,hybrid-reverse,119,helsgaun,119,65638.199999999997,65691,73682
/Users/a/Ayanami/code/TSP/data/classic/tsplib/pr152.tsp,hybrid-reverse,120,helsgaun,120,65717.199999999997,65717.199999999997,73682
/Users/a/Ayanami/code/TSP/data/classic/tsplib/pr152.tsp,hybrid-reverse,121,helsgaun,121,65684.199999999997,65717.199999999997,73682
/Users/a/Ayanami/code/TSP/data/classic/tsplib/pr152.tsp,hybrid-reverse,122,helsgaun,122,65735.799999999974,65735.799999999974,73682
/Users/a/Ayanami/code/TSP/data/classic/tsplib/pr152.tsp,hybrid-reverse,123,helsgaun,123,65649.200000000012,65735.799999999974,73682
/Users/a/Ayanami/code/TSP/data/classic/tsplib/pr152.tsp,hybrid-reverse,124,helsgaun,124,65760.199999999997,65760.199999999997,73682
/Users/a/Ayanami/code/TSP/data/classic/tsplib/pr152.tsp,hybrid-reverse,125,helsgaun,125,65774.599999999991,65774.599999999991,73682
/Users/a/Ayanami/code/TSP/data/classic/tsplib/pr152.tsp,hybrid-reverse,126,helsgaun,126,65736.799999999988,65774.599999999991,73682
/Users/a/Ayanami/code/TSP/data/classic/tsplib/pr152.tsp,hybrid-reverse,127,helsgaun,127,65656.400000000009,65774.599999999991,73682
/Users/a/Ayanami/code/TSP/data/classic/tsplib/pr152.tsp,hybrid-reverse,128,helsgaun,128,65736.000000000015,65774.599999999991,73682
/Users/a/Ayanami/code/TSP/data/classic/tsplib/pr152.tsp,hybrid-reverse,129,helsgaun,129,65801.199999999983,65801.199999999983,73682
/Users/a/Ayanami/code/TSP/data/classic/tsplib/pr152.tsp,hybrid-reverse,130,helsgaun,130,65695.399999999994,65801.199999999983,73682
/Users/a/Ayanami/code/TSP/data/classic/tsplib/pr152.tsp,hybrid-reverse,131,helsgaun,131,65732.200000000012,65801.199999999983,73682
/Users/a/Ayanami/code/TSP/data/classic/tsplib/pr152.tsp,hybrid-reverse,132,helsgaun,132,65665.600000000006,65801.199999999983,73682
/Users/a/Ayanami/code/TSP/data/classic/tsplib/pr152.tsp,hybrid-reverse,133,helsgaun,133,65727.000000000015,65801.199999999983,73682
/Users/a/Ayanami/code/TSP/data/classic/tsplib/pr152.tsp,hybrid-reverse,134,helsgaun,134,65691.800000000003,65801.199999999983,73682
/Users/a/Ayanami/code/TSP/data/classic/tsplib/pr152.tsp,hybrid-reverse,135,helsgaun,135,65821.799999999988,65821.799999999988,73682
/Users/a/Ayanami/code/TSP/data/classic/tsplib/pr152.tsp,hybrid-reverse,136,helsgaun,136,65925.200000000012,65925.200000000012,73682
/Users/a/Ayanami/code/TSP/data/classic/tsplib/pr152.tsp,hybrid-reverse,137,helsgaun,137,66002.199999999997,66002.199999999997,73682
/Users/a/Ayanami/code/TSP/data/classic/tsplib/pr152.tsp,hybrid-reverse,138,helsgaun,138,65992.000000000015,66002.199999999997,73682
/Users/a/Ayanami/code/TSP/data/classic/tsplib/pr152.tsp,hybrid-reverse,139,helsgaun,139,65995.800000000032,66002.199999999997,73682
/Users/a/Ayanami/code/TSP/data/classic/tsplib/pr152.tsp,hybrid-reverse,140,helsgaun,140,66038.199999999983,66038.199999999983,73682
/Users/a/Ayanami/code/TSP/data/classic/tsplib/pr152.tsp,hybrid-reverse,141,helsgaun,141,66015.200000000012,66038.199999999983,73682
/Users/a/Ayanami/code/TSP/data/classic/tsplib/pr152.tsp,hybrid-reverse,142,helsgaun,142,66053.399999999994,66053.399999999994,73682
/Users/a/Ayanami/code/TSP/data/classic/tsplib/pr152.tsp,hybrid-reverse,143,helsgaun,143,66062.000000000015,66062.000000000015,73682
/Users/a/Ayanami/code/TSP/data/classic/tsplib/pr152.tsp,hybrid-reverse,144,helsgaun,144,66080.400000000009,66080.400000000009,73682
/Users/a/Ayanami/code/TSP/data/classic/tsplib/pr152.tsp,hybrid-reverse,145,helsgaun,145,66149.800000000003,66149.800000000003,73682
/Users/a/Ayanami/code/TSP/data/classic/tsplib/pr152.tsp,hybrid-reverse,146,helsgaun,146,66157.200000000012,66157.200000000012,73682
/Users/a/Ayanami/code/TSP/data/classic/tsplib/pr152.tsp,hybrid-reverse,147,helsgaun,147,66179.200000000026,66179.200000000026,73682
/Users/a/Ayanami/code/TSP/data/classic/tsplib/pr152.tsp,hybrid-reverse,148,helsgaun,148,66158,66179.200000000026,73682
/Users/a/Ayanami/code/TSP/data/classic/tsplib/pr152.tsp,hybrid-reverse,149,helsgaun,149,66166.399999999994,66179.200000000026,73682
/Users/a/Ayanami/code/TSP/data/classic/tsplib/pr152.tsp,hybrid-reverse,150,helsgaun,150,66185.800000000003,66185.800000000003,73682
/Users/a/Ayanami/code/TSP/data/classic/tsplib/pr152.tsp,hybrid-reverse,151,helsgaun,151,66163.600000000006,66185.800000000003,73682
/Users/a/Ayanami/code/TSP/data/classic/tsplib/pr152.tsp,hybrid-reverse,152,helsgaun,152,66194.800000000003,66194.800000000003,73682
/Users/a/Ayanami/code/TSP/data/classic/tsplib/pr152.tsp,hybrid-reverse,153,helsgaun,153,66210.60000000002,66210.60000000002,73682
/Users/a/Ayanami/code/TSP/data/classic/tsplib/pr152.tsp,hybrid-reverse,154,helsgaun,154,66211.399999999994,66211.399999999994,73682
/Users/a/Ayanami/code/TSP/data/classic/tsplib/pr152.tsp,hybrid-reverse,155,helsgaun,155,66211.399999999994,66211.399999999994,73682
/Users/a/Ayanami/code/TSP/data/classic/tsplib/pr152.tsp,hybrid-reverse,156,helsgaun,156,66215.399999999994,66215.399999999994,73682
/Users/a/Ayanami/code/TSP/data/classic/tsplib/pr152.tsp,hybrid-reverse,157,helsgaun,157,66214.400000000009,66215.399999999994,73682
/Users/a/Ayanami/code/TSP/data/classic/tsplib/pr152.tsp,hybrid-reverse,158,helsgaun,158,66222.399999999994,66222.399999999994,73682
/Users/a/Ayanami/code/TSP/data/classic/tsplib/pr152.tsp,hybrid-reverse,159,helsgaun,159,66227.199999999997,66227.199999999997,73682
/Users/a/Ayanami/code/TSP/data/classic/tsplib/pr152.tsp,hybrid-reverse,160,helsgaun,160,66233.800000000003,66233.800000000003,73682
/Users/a/Ayanami/code/TSP/data/classic/tsplib/pr152.tsp,hybrid-reverse,161,helsgaun,161,66236.799999999988,66236.799999999988,73682
/Users/a/Ayanami/code/TSP/data/classic/tsplib/pr152.tsp,hybrid-reverse,162,helsgaun,162,66235.199999999983,66236.799999999988,73682
/Users/a/Ayanami/code/TSP/data/classic/tsplib/pr152.tsp,hybrid-reverse,163,helsgaun,163,66239,66239,73682
/Users/a/Ayanami/code/TSP/data/classic/tsplib/pr152.tsp,hybrid-reverse,164,helsgaun,164,66235,66239,73682
/Users/a/Ayanami/code/TSP/data/classic/tsplib/pr152.tsp,hybrid-reverse,165,helsgaun,165,66237.399999999994,66239,73682
/Users/a/Ayanami/code/TSP/data/classic/tsplib/pr152.tsp,hybrid-reverse,166,helsgaun,166,66236.600000000006,66239,73682
/Users/a/Ayanami/code/TSP/data/classic/tsplib/pr152.tsp,hybrid-reverse,167,helsgaun,167,66238.199999999997,66239,73682
/Users/a/Ayanami/code/TSP/data/classic/tsplib/pr152.tsp,hybrid-reverse,168,helsgaun,168,66242.200000000012,66242.200000000012,73682
/Users/a/Ayanami/code/TSP/data/classic/tsplib/pr152.tsp,hybrid-reverse,169,helsgaun,169,66243.300000000003,66243.300000000003,73682
/Users/a/Ayanami/code/TSP/data/classic/tsplib/pr152.tsp,hybrid-reverse,170,helsgaun,170,66241.900000000009,66243.300000000003,73682
/Users/a/Ayanami/code/TSP/data/classic/tsplib/pr152.tsp,hybrid-reverse,171,helsgaun,171,66245.999999999985,66245.999999999985,73682
/Users/a/Ayanami/code/TSP/data/classic/tsplib/pr152.tsp,hybrid-reverse,172,helsgaun,172,66247.049999999959,66247.049999999959,73682
/Users/a/Ayanami/code/TSP/data/classic/tsplib/pr152.tsp,hybrid-reverse,173,helsgaun,173,66246.699999999997,66247.049999999959,73682
/Users/a/Ayanami/code/TSP/data/classic/tsplib/pr152.tsp,hybrid-reverse,174,helsgaun,174,66247.574999999983,66247.574999999983,73682
/Users/a/Ayanami/code/TSP/data/classic/tsplib/pr152.tsp,hybrid-reverse,175,helsgaun,175,66248.550000000003,66248.550000000003,73682
/Users/a/Ayanami/code/TSP/data/classic/tsplib/pr152.tsp,hybrid-reverse,176,helsgaun,176,66248.949999999997,66248.949999999997,73682
/Users/a/Ayanami/code/TSP/data/classic/tsplib/pr152.tsp,hybrid-reverse,177,helsgaun,177,66249.349999999991,66249.349999999991,73682
/Users/a/Ayanami/code/TSP/data/classic/tsplib/pr152.tsp,hybrid-reverse,178,helsgaun,178,66249.575000000012,66249.575000000012,73682
/Users/a/Ayanami/code/TSP/data/classic/tsplib/pr152.tsp,hybrid-reverse,179,helsgaun,179,66249.550000000003,66249.575000000012,73682
/Users/a/Ayanami/code/TSP/data/classic/tsplib/pr152.tsp,hybrid-reverse,180,helsgaun,180,66249.668749999983,66249.668749999983,73682
/Users/a/Ayanami/code/TSP/data/classic/tsplib/pr152.tsp,hybrid-reverse,181,helsgaun,181,66249.768749999988,66249.768749999988,73682
/Users/a/Ayanami/code/TSP/data/classic/tsplib/pr152.tsp,hybrid-reverse,182,helsgaun,182,66249.799999999988,66249.799999999988,73682
/Users/a/Ayanami/code/TSP/data/classic/tsplib/pr152.tsp,hybrid-reverse,183,helsgaun,183,66249.826562500006,66249.826562500006,73682
/Users/a/Ayanami/code/TSP/data/classic/tsplib/pr152.tsp,hybrid-reverse,184,helsgaun,184,66249.844531249997,66249.844531249997,73682
/Users/a/Ayanami/code/TSP/data/classic/tsplib/pr152.tsp,hybrid-reverse,185,helsgaun,185,66249.875781249997,66249.875781249997,73682
/Users/a/Ayanami/code/TSP/data/classic/tsplib/pr152.tsp,hybrid-reverse,186,helsgaun,186,66249.890234374994,66249.890234374994,73682
/Users/a/Ayanami/code/TSP/data/classic/tsplib/pr152.tsp,hybrid-reverse,187,helsgaun,187,66249.89453125,66249.89453125,73682
/Users/a/Ayanami/code/TSP/data/classic/tsplib/pr152.tsp,hybrid-reverse,188,helsgaun,188,66249.900781249991,66249.900781249991,73682
/Users/a/Ayanami/code/TSP/data/classic/tsplib/pr152.tsp,hybrid-reverse,189,helsgaun,189,66249.90683593748,66249.90683593748,73682
/Users/a/Ayanami/code/TSP/data/classic/tsplib/pr152.tsp,hybrid-reverse,190,helsgaun,190,66249.90859375002,66249.90859375002,73682
/Users/a/Ayanami/code/TSP/data/classic/tsplib/pr152.tsp,hybrid-reverse,191,helsgaun,191,66249.910937499997,66249.910937499997,73682
/Users/a/Ayanami/code/TSP/data/classic/tsplib/pr152.tsp,hybrid-reverse,192,helsgaun,192,66249.911669921872,66249.911669921872,73682
/Users/a/Ayanami/code/TSP/data/classic/tsplib/pr152.tsp,hybrid-reverse,193,helsgaun,193,66249.913281250003,66249.913281250003,73682
/Users/a/Ayanami/code/TSP/data/classic/tsplib/pr152.tsp,hybrid-reverse,194,helsgaun,194,66249.913696289062,66249.913696289062,73682
/Users/a/Ayanami/code/TSP/data/classic/tsplib/pr152.tsp,hybrid-reverse,195,helsgaun,195,66249.91447753906,66249.91447753906,73682
/Users/a/Ayanami/code/TSP/data/classic/tsplib/pr152.tsp,hybrid-reverse,196,helsgaun,196,66249.914599609372,66249.914599609372,73682
/Users/a/Ayanami/code/TSP/data/classic/tsplib/pr152.tsp,hybrid-reverse,197,helsgaun,197,66249.91496582031,66249.91496582031,73682
/Users/a/Ayanami/code/TSP/data/classic/tsplib/pr152.tsp,hybrid-reverse,198,helsgaun,198,66249.9151184082,66249.9151184082,73682
/Users/a/Ayanami/code/TSP/data/classic/tsplib/pr152.tsp,hybrid-reverse,199,helsgaun,199,66249.915264892581,66249.915264892581,73682
/Users/a/Ayanami/code/TSP/data/classic/tsplib/pr152.tsp,hybrid-reverse,200,helsgaun,200,66249.915325927723,66249.915325927723,73682
/Users/a/Ayanami/code/TSP/data/classic/tsplib/pr152.tsp,hybrid-reverse,201,helsgaun,201,66249.915423583967,66249.915423583967,73682
/Users/a/Ayanami/code/TSP/data/classic/tsplib/pr152.tsp,hybrid-reverse,202,helsgaun,202,66249.915446472165,66249.915446472165,73682
/Users/a/Ayanami/code/TSP/data/classic/tsplib/pr152.tsp,hybrid-reverse,203,helsgaun,203,66249.915489196777,66249.915489196777,73682
/Users/a/Ayanami/code/TSP/data/classic/tsplib/pr152.tsp,hybrid-reverse,204,helsgaun,204,66249.915508270264,66249.915508270264,73682
/Users/a/Ayanami/code/TSP/data/classic/tsplib/pr152.tsp,hybrid-reverse,205,helsgaun,205,66249.915521240226,66249.915521240226,73682
/Users/a/Ayanami/code/TSP/data/classic/tsplib/pr152.tsp,hybrid-reverse,206,helsgaun,206,66249.915526580822,66249.915526580822,73682
/Users/a/Ayanami/code/TSP/data/classic/tsplib/pr152.tsp,hybrid-reverse,207,helsgaun,207,66249.915541076654,66249.915541076654,73682
/Users/a/Ayanami/code/TSP/data/classic/tsplib/pr152.tsp,hybrid-reverse,208,helsgaun,208,66249.915545082098,66249.915545082098,73682
/Users/a/Ayanami/code/TSP/data/classic/tsplib/pr152.tsp,hybrid-reverse,209,helsgaun,209,66249.915550613397,66249.915550613397,73682
/Users/a/Ayanami/code/TSP/data/classic/tsplib/pr152.tsp,hybrid-reverse,210,helsgaun,210,66249.91555318833,66249.91555318833,73682
/Users/a/Ayanami/code/TSP/data/classic/tsplib/pr152.tsp,hybrid-reverse,211,helsgaun,211,66249.915555095664,66249.915555095664,73682
/Users/a/Ayanami/code/TSP/data/classic/tsplib/pr152.tsp,hybrid-reverse,212,helsgaun,212,66249.915556240085,66249.915556240085,73682
/Users/a/Ayanami/code/TSP/data/classic/tsplib/pr152.tsp,hybrid-reverse,213,helsgaun,213,66249.915557622895,66249.915557622895,73682
/Users/a/Ayanami/code/TSP/data/classic/tsplib/pr152.tsp,hybrid-reverse,214,helsgaun,214,66249.915558075896,66249.915558075896,73682
/Users/a/Ayanami/code/TSP/data/classic/tsplib/pr152.tsp,hybrid-reverse,215,helsgaun,215,66249.915558671957,66249.915558671957,73682
/Users/a/Ayanami/code/TSP/data/classic/tsplib/pr152.tsp,hybrid-reverse,216,helsgaun,216,66249.915558969966,66249.915558969966,73682
/Users/a/Ayanami/code/TSP/data/classic/tsplib/pr152.tsp,hybrid-reverse,217,helsgaun,217,66249.915559220317,66249.915559220317,73682
/Users/a/Ayanami/code/TSP/data/classic/tsplib/pr152.tsp,hybrid-reverse,218,helsgaun,218,66249.915559369329,66249.915559369329,73682
/Users/a/Ayanami/code/TSP/data/classic/tsplib/pr152.tsp,hybrid-reverse,219,helsgaun,219,66249.915559613699,66249.915559613699,73682
/Users/a/Ayanami/code/TSP/data/classic/tsplib/pr152.tsp,hybrid-reverse,220,helsgaun,220,66249.915559691188,66249.915559613699,73682
/Users/a/Ayanami/code/TSP/data/classic/tsplib/pr152.tsp,hybrid-reverse,221,helsgaun,221,66249.915559744826,66249.915559744826,73682
/Users/a/Ayanami/code/TSP/data/classic/tsplib/pr152.tsp,hybrid-reverse,222,polyak,1,66249.915559744826,66249.915559744826,73682
/Users/a/Ayanami/code/TSP/data/classic/tsplib/pr152.tsp,hybrid-reverse,223,polyak,2,-65662.122875389745,66249.915559744826,73682
/Users/a/Ayanami/code/TSP/data/classic/tsplib/pr152.tsp,hybrid-reverse,224,polyak,3,52942.427546476516,66249.915559744826,73682
/Users/a/Ayanami/code/TSP/data/classic/tsplib/pr152.tsp,hybrid-reverse,225,polyak,4,40553.732372424347,66249.915559744826,73682
/Users/a/Ayanami/code/TSP/data/classic/tsplib/pr152.tsp,hybrid-reverse,226,polyak,5,35182.691855276171,66249.915559744826,73682
/Users/a/Ayanami/code/TSP/data/classic/tsplib/pr152.tsp,hybrid-reverse,227,polyak,6,28154.873867837581,66249.915559744826,73682
/Users/a/Ayanami/code/TSP/data/classic/tsplib/pr152.tsp,hybrid-reverse,228,polyak,7,25847.830847230474,66249.915559744826,73682
/Users/a/Ayanami/code/TSP/data/classic/tsplib/pr152.tsp,hybrid-reverse,229,polyak,8,18354.700506337009,66249.915559744826,73682
/Users/a/Ayanami/code/TSP/data/classic/tsplib/pr152.tsp,hybrid-reverse,230,polyak,9,24410.665650053314,66249.915559744826,73682
/Users/a/Ayanami/code/TSP/data/classic/tsplib/pr152.tsp,hybrid-reverse,231,polyak,10,26409.987859332738,66249.915559744826,73682
/Users/a/Ayanami/code/TSP/data/classic/tsplib/pr152.tsp,hybrid-reverse,232,polyak,11,33508.098875346521,66249.915559744826,73682
/Users/a/Ayanami/code/TSP/data/classic/tsplib/pr152.tsp,hybrid-reverse,233,polyak,12,31300.074150533121,66249.915559744826,73682
/Users/a/Ayanami/code/TSP/data/classic/tsplib/pr152.tsp,hybrid-reverse,234,polyak,13,29402.849256945399,66249.915559744826,73682
/Users/a/Ayanami/code/TSP/data/classic/tsplib/pr152.tsp,hybrid-reverse,235,polyak,14,33819.610625269197,66249.915559744826,73682
/Users/a/Ayanami/code/TSP/data/classic/tsplib/pr152.tsp,hybrid-reverse,236,polyak,15,46667.852087569234,66249.915559744826,73682
/Users/a/Ayanami/code/TSP/data/classic/tsplib/pr152.tsp,hybrid-reverse,237,polyak,16,53725.235062452055,66249.915559744826,73682
/Users/a/Ayanami/code/TSP/data/classic/tsplib/pr152.tsp,hybrid-reverse,238,polyak,17,57402.541230761657,66249.915559744826,73682
/Users/a/Ayanami/code/TSP/data/classic/tsplib/pr152.tsp,hybrid-reverse,239,polyak,18,59020.50904713889,66249.915559744826,73682
/Users/a/Ayanami/code/TSP/data/classic/tsplib/pr152.tsp,hybrid-reverse,240,polyak,19,58370.869998539471,66249.915559744826,73682
/Users/a/Ayanami/code/TSP/data/classic/tsplib/pr152.tsp,hybrid-reverse,241,polyak,20,61169.682482863653,66249.915559744826,73682
/Users/a/Ayanami/code/TSP/data/classic/tsplib/pr152.tsp,hybrid-reverse,242,polyak,21,60257.573484111846,66249.915559744826,73682
/Users/a/Ayanami/code/TSP/data/classic/tsplib/pr152.tsp,hybrid-reverse,243,polyak,22,61189.899493965771,66249.915559744826,73682
/Users/a/Ayanami/code/TSP/data/classic/tsplib/pr152.tsp,hybrid-reverse,244,polyak,23,62581.494930716872,66249.915559744826,73682
/Users/a/Ayanami/code/TSP/data/classic/tsplib/pr152.tsp,hybrid-reverse,245,polyak,24,60802.072099955854,66249.915559744826,73682
/Users/a/Ayanami/code/TSP/data/classic/tsplib/pr152.tsp,hybrid-reverse,246,polyak,25,62776.077281975959,66249.915559744826,73682
/Users/a/Ayanami/code/TSP/data/classic/tsplib/pr152.tsp,hybrid-reverse,247,polyak,26,61892.75663690058,66249.915559744826,73682
/Users/a/Ayanami/code/TSP/data/classic/tsplib/pr152.tsp,hybrid-reverse,248,polyak,27,64430.308528308298,66249.915559744826,73682
/Users/a/Ayanami/code/TSP/data/classic/tsplib/pr152.tsp,hybrid-reverse,249,polyak,28,64554.529740822501,66249.915559744826,73682
/Users/a/Ayanami/code/TSP/data/classic/tsplib/pr152.tsp,hybrid-reverse,250,polyak,29,64879.575372078099,66249.915559744826,73682
/Users/a/Ayanami/code/TSP/data/classic/tsplib/pr152.tsp,hybrid-reverse,251,polyak,30,64546.368972092772,66249.915559744826,73682
/Users/a/Ayanami/code/TSP/data/classic/tsplib/pr152.tsp,hybrid-reverse,252,polyak,31,65683.453626287854,66249.915559744826,73682
/Users/a/Ayanami/code/TSP/data/classic/tsplib/pr152.tsp,hybrid-reverse,253,polyak,32,64192.081251572767,66249.915559744826,73682
/Users/a/Ayanami/code/TSP/data/classic/tsplib/pr152.tsp,hybrid-reverse,254,polyak,33,64413.768647581499,66249.915559744826,73682
/Users/a/Ayanami/code/TSP/data/classic/tsplib/pr152.tsp,hybrid-reverse,255,polyak,34,65408.801467135396,66249.915559744826,73682
/Users/a/Ayanami/code/TSP/data/classic/tsplib/pr152.tsp,hybrid-reverse,256,polyak,35,64473.537251116104,66249.915559744826,73682
/Users/a/Ayanami/code/TSP/data/classic/tsplib/pr152.tsp,hybrid-reverse,257,polyak,36,65131.348893693845,66249.915559744826,73682
/Users/a/Ayanami/code/TSP/data/classic/tsplib/pr152.tsp,hybrid-reverse,258,polyak,37,65473.203114493444,66249.915559744826,73682
/Users/a/Ayanami/code/TSP/data/classic/tsplib/pr152.tsp,hybrid-reverse,259,polyak,38,64771.818360461599,66249.915559744826,73682
/Users/a/Ayanami/code/TSP/data/classic/tsplib/pr152.tsp,hybrid-reverse,260,polyak,39,65948.714408229556,66249.915559744826,73682
/Users/a/Ayanami/code/TSP/data/classic/tsplib/pr152.tsp,hybrid-reverse,261,polyak,40,66002.612028241623,66249.915559744826,73682
/Users/a/Ayanami/code/TSP/data/classic/tsplib/pr152.tsp,hybrid-reverse,262,polyak,41,66154.485678575715,66249.915559744826,73682
/Users/a/Ayanami/code/TSP/data/classic/tsplib/pr152.tsp,hybrid-reverse,263,polyak,42,65997.3039864569,66249.915559744826,73682
/Users/a/Ayanami/code/TSP/data/classic/tsplib/pr152.tsp,hybrid-reverse,264,polyak,43,66363.664830807043,66363.664830807043,73682
/Users/a/Ayanami/code/TSP/data/classic/tsplib/pr152.tsp,hybrid-reverse,265,polyak,44,66046.785086031567,66363.664830807043,73682
/Users/a/Ayanami/code/TSP/data/classic/tsplib/pr152.tsp,hybrid-reverse,266,polyak,45,66396.354099638949,66396.354099638949,73682
/Users/a/Ayanami/code/TSP/data/classic/tsplib/pr152.tsp,hybrid-reverse,267,polyak,46,65919.782869715054,66396.354099638949,73682
/Users/a/Ayanami/code/TSP/data/classic/tsplib/pr152.tsp,hybrid-reverse,268,polyak,47,66521.58820516149,66521.58820516149,73682
/Users/a/Ayanami/code/TSP/data/classic/tsplib/pr152.tsp,hybrid-reverse,269,polyak,48,66038.415479534015,66521.58820516149,73682
/Users/a/Ayanami/code/TSP/data/classic/tsplib/pr152.tsp,hybrid-reverse,270,polyak,49,66608.825964336094,66608.825964336094,73682
/Users/a/Ayanami/code/TSP/data/classic/tsplib/pr152.tsp,hybrid-reverse,271,polyak,50,66053.98589344912,66608.825964336094,73682
/Users/a/Ayanami/code/TSP/data/classic/tsplib/pr152.tsp,hybrid-reverse,272,polyak,51,66574.526388764061,66608.825964336094,73682
/Users/a/Ayanami/code/TSP/data/classic/tsplib/pr152.tsp,hybrid-reverse,273,polyak,52,66092.183925408564,66608.825964336094,73682
/Users/a/Ayanami/code/TSP/data/classic/tsplib/pr152.tsp,hybrid-reverse,274,polyak,53,66561.412378289999,66608.825964336094,73682
/Users/a/Ayanami/code/TSP/data/classic/tsplib/pr152.tsp,hybrid-reverse,275,polyak,54,65719.274441529298,66608.825964336094,73682
/Users/a/Ayanami/code/TSP/data/classic/tsplib/pr152.tsp,hybrid-reverse,276,polyak,55,66573.769957758748,66608.825964336094,73682
/Users/a/Ayanami/code/TSP/data/classic/tsplib/pr152.tsp,hybrid-reverse,277,polyak,56,66463.004940495564,66608.825964336094,73682
/Users/a/Ayanami/code/TSP/data/classic/tsplib/pr152.tsp,hybrid-reverse,278,polyak,57,66396.664203211898,66608.825964336094,73682
/Users/a/Ayanami/code/TSP/data/classic/tsplib/pr152.tsp,hybrid-reverse,279,polyak,58,66736.776555695586,66736.776555695586,73682
/Users/a/Ayanami/code/TSP/data/classic/tsplib/pr152.tsp,hybrid-reverse,280,polyak,59,65808.018785182954,66736.776555695586,73682
/Users/a/Ayanami/code/TSP/data/classic/tsplib/pr152.tsp,hybrid-reverse,281,polyak,60,66486.04437152551,66736.776555695586,73682
/Users/a/Ayanami/code/TSP/data/classic/tsplib/pr152.tsp,hybrid-reverse,282,polyak,61,66564.325003404214,66736.776555695586,73682
/Users/a/Ayanami/code/TSP/data/classic/tsplib/pr152.tsp,hybrid-reverse,283,polyak,62,66532.475527643503,66736.776555695586,73682
/Users/a/Ayanami/code/TSP/data/classic/tsplib/pr152.tsp,hybrid-reverse,284,polyak,63,66557.603131716547,66736.776555695586,73682
/Users/a/Ayanami/code/TSP/data/classic/tsplib/pr152.tsp,hybrid-reverse,285,polyak,64,66693.10370885102,66736.776555695586,73682
/Users/a/Ayanami/code/TSP/data/classic/tsplib/pr152.tsp,hybrid-reverse,286,polyak,65,66314.369387620201,66736.776555695586,73682
/Users/a/Ayanami/code/TSP/data/classic/tsplib/pr152.tsp,hybrid-reverse,287,polyak,66,66832.088563213198,66832.088563213198,73682
/Users/a/Ayanami/code/TSP/data/classic/tsplib/pr152.tsp,hybrid-reverse,288,polyak,67,66320.616033234983,66832.088563213198,73682
/Users/a/Ayanami/code/TSP/data/classic/tsplib/pr152.tsp,hybrid-reverse,289,polyak,68,66766.248912987052,66832.088563213198,73682
/Users/a/Ayanami/code/TSP/data/classic/tsplib/pr152.tsp,hybrid-reverse,290,polyak,69,66514.615548561022,66832.088563213198,73682
/Users/a/Ayanami/code/TSP/data/classic/tsplib/pr152.tsp,hybrid-reverse,291,polyak,70,66630.303438225237,66832.088563213198,73682
/Users/a/Ayanami/code/TSP/data/classic/tsplib/pr152.tsp,hybrid-reverse,292,polyak,71,66793.062141784583,66832.088563213198,73682
/Users/a/Ayanami/code/TSP/data/classic/tsplib/pr152.tsp,hybrid-reverse,293,polyak,72,65994.942165725675,66832.088563213198,73682
/Users/a/Ayanami/code/TSP/data/classic/tsplib/pr152.tsp,hybrid-reverse,294,polyak,73,66843.874004117257,66843.874004117257,73682
/Users/a/Ayanami/code/TSP/data/classic/tsplib/pr152.tsp,hybrid-reverse,295,polyak,74,66628.838854056798,66843.874004117257,73682
/Users/a/Ayanami/code/TSP/data/classic/tsplib/pr152.tsp,hybrid-reverse,296,polyak,75,66472.539529110058,66843.874004117257,73682
/Users/a/Ayanami/code/TSP/data/classic/tsplib/pr152.tsp,hybrid-reverse,297,polyak,76,66834.239176235104,66843.874004117257,73682
/Users/a/Ayanami/code/TSP/data/classic/tsplib/pr152.tsp,hybrid-reverse,298,polyak,77,66488.933422781047,66843.874004117257,73682
/Users/a/Ayanami/code/TSP/data/classic/tsplib/pr152.tsp,hybrid-reverse,299,polyak,78,66745.785918731228,66843.874004117257,73682
/Users/a/Ayanami/code/TSP/data/classic/tsplib/pr152.tsp,hybrid-reverse,300,polyak,79,66491.041971325074,66843.874004117257,73682
/Users/a/Ayanami/code/TSP/data/classic/tsplib/pr152.tsp,hybrid-reverse,301,polyak,80,66824.570448146347,66843.874004117257,73682
/Users/a/Ayanami/code/TSP/data/classic/tsplib/pr152.tsp,hybrid-reverse,302,polyak,81,66796.045175557607,66843.874004117257,73682
/Users/a/Ayanami/code/TSP/data/classic/tsplib/pr152.tsp,hybrid-reverse,303,polyak,82,66571.62528584346,66843.874004117257,73682
/Users/a/Ayanami/code/TSP/data/classic/tsplib/pr152.tsp,hybrid-reverse,304,polyak,83,66768.804255149502,66843.874004117257,73682
/Users/a/Ayanami/code/TSP/data/classic/tsplib/pr152.tsp,hybrid-reverse,305,polyak,84,66505.349324513139,66843.874004117257,73682
/Users/a/Ayanami/code/TSP/data/classic/tsplib/pr152.tsp,hybrid-reverse,306,polyak,85,66758.401378804556,66843.874004117257,73682
/Users/a/Ayanami/code/TSP/data/classic/tsplib/pr152.tsp,hybrid-reverse,307,polyak,86,66686.25642674003,66843.874004117257,73682
/Users/a/Ayanami/code/TSP/data/classic/tsplib/pr152.tsp,hybrid-reverse,308,polyak,87,67164.330410127004,67164.330410127004,73682
/Users/a/Ayanami/code/TSP/data/classic/tsplib/pr152.tsp,hybrid-reverse,309,polyak,88,66923.924691995242,67164.330410127004,73682
/Users/a/Ayanami/code/TSP/data/classic/tsplib/pr152.tsp,hybrid-reverse,310,polyak,89,67195.008107130503,67195.008107130503,73682
/Users/a/Ayanami/code/TSP/data/classic/tsplib/pr152.tsp,hybrid-reverse,311,polyak,90,67063.5958799402,67195.008107130503,73682
/Users/a/Ayanami/code/TSP/data/classic/tsplib/pr152.tsp,hybrid-reverse,312,polyak,91,67160.080211610402,67195.008107130503,73682
/Users/a/Ayanami/code/TSP/data/classic/tsplib/pr152.tsp,hybrid-reverse,313,polyak,92,67131.260375851663,67195.008107130503,73682
/Users/a/Ayanami/code/TSP/data/classic/tsplib/pr152.tsp,hybrid-reverse,314,polyak,93,67171.068551028366,67195.008107130503,73682
/Users/a/Ayanami/code/TSP/data/classic/tsplib/pr152.tsp,hybrid-reverse,315,polyak,94,67275.103454606171,67275.103454606171,73682
/Users/a/Ayanami/code/TSP/data/classic/tsplib/pr152.tsp,hybrid-reverse,316,polyak,95,67052.524023963968,67275.103454606171,73682
/Users/a/Ayanami/code/TSP/data/classic/tsplib/pr152.tsp,hybrid-reverse,317,polyak,96,67248.478840791649,67275.103454606171,73682
/Users/a/Ayanami/code/TSP/data/classic/tsplib/pr152.tsp,hybrid-reverse,318,polyak,97,67198.788946272456,67275.103454606171,73682
/Users/a/Ayanami/code/TSP/data/classic/tsplib/pr152.tsp,hybrid-reverse,319,polyak,98,67297.924016352263,67297.924016352263,73682
/Users/a/Ayanami/code/TSP/data/classic/tsplib/pr152.tsp,hybrid-reverse,320,polyak,99,66831.624273951835,67297.924016352263,73682
/Users/a/Ayanami/code/TSP/data/classic/tsplib/pr152.tsp,hybrid-reverse,321,polyak,100,67253.85794578823,67297.924016352263,73682
/Users/a/Ayanami/code/TSP/data/classic/tsplib/pr152.tsp,hybrid-reverse,322,polyak,101,67021.213996597624,67297.924016352263,73682
/Users/a/Ayanami/code/TSP/data/classic/tsplib/pr152.tsp,hybrid-reverse,323,polyak,102,67340.123475871747,67340.123475871747,73682
/Users/a/Ayanami/code/TSP/data/classic/tsplib/pr152.tsp,hybrid-reverse,324,polyak,103,66989.24798703735,67340.123475871747,73682
/Users/a/Ayanami/code/TSP/data/classic/tsplib/pr152.tsp,hybrid-reverse,325,polyak,104,67257.516924584284,67340.123475871747,73682
/Users/a/Ayanami/code/TSP/data/classic/tsplib/pr152.tsp,hybrid-reverse,326,polyak,105,67169.201455452407,67340.123475871747,73682
/Users/a/Ayanami/code/TSP/data/classic/tsplib/pr152.tsp,hybrid-reverse,327,polyak,106,67318.46899134072,67340.123475871747,73682
/Users/a/Ayanami/code/TSP/data/classic/tsplib/pr152.tsp,hybrid-reverse,328,polyak,107,67104.019758753639,67340.123475871747,73682
/Users/a/Ayanami/code/TSP/data/classic/tsplib/pr152.tsp,hybrid-reverse,329,polyak,108,67377.236660913986,67377.236660913986,73682
/Users/a/Ayanami/code/TSP/data/classic/tsplib/pr152.tsp,hybrid-reverse,330,polyak,109,66832.33429252723,67377.236660913986,73682
/Users/a/Ayanami/code/TSP/data/classic/tsplib/pr152.tsp,hybrid-reverse,331,polyak,110,67290.938538790768,67377.236660913986,73682
/Users/a/Ayanami/code/TSP/data/classic/tsplib/pr152.tsp,hybrid-reverse,332,polyak,111,67209.473718390247,67377.236660913986,73682
/Users/a/Ayanami/code/TSP/data/classic/tsplib/pr152.tsp,hybrid-reverse,333,polyak,112,67300.387804213591,67377.236660913986,73682
/Users/a/Ayanami/code/TSP/data/classic/tsplib/pr152.tsp,hybrid-reverse,334,polyak,113,67148.504429767592,67377.236660913986,73682
/Users/a/Ayanami/code/TSP/data/classic/tsplib/pr152.tsp,hybrid-reverse,335,polyak,114,67339.459672477475,67377.236660913986,73682
/Users/a/Ayanami/code/TSP/data/classic/tsplib/pr152.tsp,hybrid-reverse,336,polyak,115,67144.012245003454,67377.236660913986,73682
/Users/a/Ayanami/code/TSP/data/classic/tsplib/pr152.tsp,hybrid-reverse,337,polyak,116,67422.186628748619,67422.186628748619,73682
/Users/a/Ayanami/code/TSP/data/classic/tsplib/pr152.tsp,hybrid-reverse,338,polyak,117,67055.175458978309,67422.186628748619,73682
/Users/a/Ayanami/code/TSP/data/classic/tsplib/pr152.tsp,hybrid-reverse,339,polyak,118,67328.979734343156,67422.186628748619,73682
/Users/a/Ayanami/code/TSP/data/classic/tsplib/pr152.tsp,hybrid-reverse,340,polyak,119,67137.829883385333,67422.186628748619,73682
/Users/a/Ayanami/code/TSP/data/classic/tsplib/pr152.tsp,hybrid-reverse,341,polyak,120,67414.352043754174,67422.186628748619,73682
/Users/a/Ayanami/code/TSP/data/classic/tsplib/pr152.tsp,hybrid-reverse,342,polyak,121,67089.7430384529,67422.186628748619,73682
/Users/a/Ayanami/code/TSP/data/classic/tsplib/pr152.tsp,hybrid-reverse,343,polyak,122,67361.268706338786,67422.186628748619,73682
/Users/a/Ayanami/code/TSP/data/classic/tsplib/pr152.tsp,hybrid-reverse,344,polyak,123,67137.717229474016,67422.186628748619,73682
/Users/a/Ayanami/code/TSP/data/classic/tsplib/pr152.tsp,hybrid-reverse,345,polyak,124,67415.205322063513,67422.186628748619,73682
/Users/a/Ayanami/code/TSP/data/classic/tsplib/pr152.tsp,hybrid-reverse,346,polyak,125,67157.865058713898,67422.186628748619,73682
/Users/a/Ayanami/code/TSP/data/classic/tsplib/pr152.tsp,hybrid-reverse,347,polyak,126,67353.740503826222,67422.186628748619,73682
/Users/a/Ayanami/code/TSP/data/classic/tsplib/pr152.tsp,hybrid-reverse,348,polyak,127,67367.99336488721,67422.186628748619,73682
/Users/a/Ayanami/code/TSP/data/classic/tsplib/pr152.tsp,hybrid-reverse,349,polyak,128,67188.122649885583,67422.186628748619,73682
/Users/a/Ayanami/code/TSP/data/classic/tsplib/pr152.tsp,hybrid-reverse,350,polyak,129,67346.158782948274,67422.186628748619,73682
/Users/a/Ayanami/code/TSP/data/classic/tsplib/pr152.tsp,hybrid-reverse,351,polyak,130,67475.681114484745,67475.681114484745,73682
/Users/a/Ayanami/code/TSP/data/classic/tsplib/pr152.tsp,hybrid-reverse,352,polyak,131,67351.072366557943,67475.681114484745,73682
/Users/a/Ayanami/code/TSP/data/classic/tsplib/pr152.tsp,hybrid-reverse,353,polyak,132,67521.399606273262,67521.399606273262,73682
/Users/a/Ayanami/code/TSP/data/classic/tsplib/pr152.tsp,hybrid-reverse,354,polyak,133,67417.945175004454,67521.399606273262,73682
/Users/a/Ayanami/code/TSP/data/classic/tsplib/pr152.tsp,hybrid-reverse,355,polyak,134,67508.459716623547,67521.399606273262,73682
/Users/a/Ayanami/code/TSP/data/classic/tsplib/pr152.tsp,hybrid-reverse,356,polyak,135,67419.980691397752,67521.399606273262,73682
/Users/a/Ayanami/code/TSP/data/classic/tsplib/pr152.tsp,hybrid-reverse,357,polyak,136,67545.908855136877,67545.908855136877,73682
/Users/a/Ayanami/code/TSP/data/classic/tsplib/pr152.tsp,hybrid-reverse,358,polyak,137,67532.95101125582,67545.908855136877,73682
/Users/a/Ayanami/code/TSP/data/classic/tsplib/pr152.tsp,hybrid-reverse,359,polyak,138,67506.778416535177,67545.908855136877,73682
/Users/a/Ayanami/code/TSP/data/classic/tsplib/pr152.tsp,hybrid-reverse,360,polyak,139,67413.706781164496,67545.908855136877,73682
/Users/a/Ayanami/code/TSP/data/classic/tsplib/pr152.tsp,hybrid-reverse,361,polyak,140,67545.035713629521,67545.908855136877,73682
/Users/a/Ayanami/code/TSP/data/classic/tsplib/pr152.tsp,hybrid-reverse,362,polyak,141,67533.071450574091,67545.908855136877,73682
/Users/a/Ayanami/code/TSP/data/classic/tsplib/pr152.tsp,hybrid-reverse,363,polyak,142,67427.090686613665,67545.908855136877,73682
/Users/a/Ayanami/code/TSP/data/classic/tsplib/pr152.tsp,hybrid-reverse,364,polyak,143,67572.164102376657,67572.164102376657,73682
/Users/a/Ayanami/code/TSP/data/classic/tsplib/pr152.tsp,hybrid-reverse,365,polyak,144,67475.272874213595,67572.164102376657,73682
/Users/a/Ayanami/code/TSP/data/classic/tsplib/pr152.tsp,hybrid-reverse,366,polyak,145,67567.595666164649,67572.164102376657,73682
/Users/a/Ayanami/code/TSP/data/classic/tsplib/pr152.tsp,hybrid-reverse,367,polyak,146,67471.379501829302,67572.164102376657,73682
/Users/a/Ayanami/code/TSP/data/classic/tsplib/pr152.tsp,hybrid-reverse,368,polyak,147,67542.465804891384,67572.164102376657,73682
/Users/a/Ayanami/code/TSP/data/classic/tsplib/pr152.tsp,hybrid-reverse,369,polyak,148,67457.536500617178,67572.164102376657,73682
/Users/a/Ayanami/code/TSP/data/classic/tsplib/pr152.tsp,hybrid-reverse,370,polyak,149,67587.182294967002,67587.182294967002,73682
/Users/a/Ayanami/code/TSP/data/classic/tsplib/pr152.tsp,hybrid-reverse,371,polyak,150,67499.983884706337,67587.182294967002,73682
/Users/a/Ayanami/code/TSP/data/classic/tsplib/pr152.tsp,hybrid-reverse,372,polyak,151,67571.686845645396,67587.182294967002,73682
/Users/a/Ayanami/code/TSP/data/classic/tsplib/pr152.tsp,hybrid-reverse,373,polyak,152,67479.238751280456,67587.182294967002,73682
/Users/a/Ayanami/code/TSP/data/classic/tsplib/pr152.tsp,hybrid-reverse,374,polyak,153,67531.490134069085,67587.182294967002,73682
/Users/a/Ayanami/code/TSP/data/classic/tsplib/pr152.tsp,hybrid-reverse,375,polyak,154,67538.920083327728,67587.182294967002,73682
/Users/a/Ayanami/code/TSP/data/classic/tsplib/pr152.tsp,hybrid-reverse,376,polyak,155,67552.391755481993,67587.182294967002,73682
/Users/a/Ayanami/code/TSP/data/classic/tsplib/pr152.tsp,hybrid-reverse,377,polyak,156,67442.047406154816,67587.182294967002,73682
/Users/a/Ayanami/code/TSP/data/classic/tsplib/pr152.tsp,hybrid-reverse,378,polyak,157,67606.212948547749,67606.212948547749,73682
/Users/a/Ayanami/code/TSP/data/classic/tsplib/pr152.tsp,hybrid-reverse,379,polyak,158,67466.463800541111,67606.212948547749,73682
/Users/a/Ayanami/code/TSP/data/classic/tsplib/pr152.tsp,hybrid-reverse,380,polyak,159,67625.375915383062,67625.375915383062,73682
/Users/a/Ayanami/code/TSP/data/classic/tsplib/pr152.tsp,hybrid-reverse,381,polyak,160,67458.495541089345,67625.375915383062,73682
/Users/a/Ayanami/code/TSP/data/classic/tsplib/pr152.tsp,hybrid-reverse,382,polyak,161,67577.596687820071,67625.375915383062,73682
/Users/a/Ayanami/code/TSP/data/classic/tsplib/pr152.tsp,hybrid-reverse,383,polyak,162,67542.633357267419,67625.375915383062,73682
/Users/a/Ayanami/code/TSP/data/classic/tsplib/pr152.tsp,hybrid-reverse,384,polyak,163,67580.035326542318,67625.375915383062,73682
/Users/a/Ayanami/code/TSP/data/classic/tsplib/pr152.tsp,hybrid-reverse,385,polyak,164,67534.629718608761,67625.375915383062,73682
/Users/a/Ayanami/code/TSP/data/classic/tsplib/pr152.tsp,hybrid-reverse,386,polyak,165,67628.180049195362,67628.180049195362,73682
/Users/a/Ayanami/code/TSP/data/classic/tsplib/pr152.tsp,hybrid-reverse,387,polyak,166,67622.201710714973,67628.180049195362,73682
/Users/a/Ayanami/code/TSP/data/classic/tsplib/pr152.tsp,hybrid-reverse,388,polyak,167,67441.092668882193,67628.180049195362,73682
/Users/a/Ayanami/code/TSP/data/classic/tsplib/pr152.tsp,hybrid-reverse,389,polyak,168,67628.511503785776,67628.511503785776,73682
/Users/a/Ayanami/code/TSP/data/classic/tsplib/pr152.tsp,hybrid-reverse,390,polyak,169,67492.432630181866,67628.511503785776,73682
/Users/a/Ayanami/code/TSP/data/classic/tsplib/pr152.tsp,hybrid-reverse,391,polyak,170,67630.112023696842,67630.112023696842,73682
/Users/a/Ayanami/code/TSP/data/classic/tsplib/pr152.tsp,hybrid-reverse,392,polyak,171,67636.766194467302,67636.766194467302,73682
/Users/a/Ayanami/code/TSP/data/classic/tsplib/pr152.tsp,hybrid-reverse,393,polyak,172,67490.390687300649,67636.766194467302,73682
/Users/a/Ayanami/code/TSP/data/classic/tsplib/pr152.tsp,hybrid-reverse,394,polyak,173,67646.662752921999,67646.662752921999,73682
/Users/a/Ayanami/code/TSP/data/classic/tsplib/pr152.tsp,hybrid-reverse,395,polyak,174,67524.553290103242,67646.662752921999,73682
/Users/a/Ayanami/code/TSP/data/classic/tsplib/pr152.tsp,hybrid-reverse,396,polyak,175,67672.906866618156,67672.906866618156,73682
/Users/a/Ayanami/code/TSP/data/classic/tsplib/pr152.tsp,hybrid-reverse,397,polyak,176,67476.065451916438,67672.906866618156,73682
/Users/a/Ayanami/code/TSP/data/classic/tsplib/pr152.tsp,hybrid-reverse,398,polyak,177,67677.575558391429,67677.575558391429,73682
/Users/a/Ayanami/code/TSP/data/classic/tsplib/pr152.tsp,hybrid-reverse,399,polyak,178,67398.603139741128,67677.575558391429,73682
/Users/a/Ayanami/code/TSP/data/classic/tsplib/pr152.tsp,hybrid-reverse,400,polyak,179,67563.157549905853,67677.575558391429,73682
/Users/a/Ayanami/code/TSP/data/classic/tsplib/pr152.tsp,hybrid-reverse,401,polyak,180,67583.010688953233,67677.575558391429,73682
/Users/a/Ayanami/code/TSP/data/classic/tsplib/pr152.tsp,hybrid-reverse,402,polyak,181,67627.077889667489,67677.575558391429,73682
/Users/a/Ayanami/code/TSP/data/classic/tsplib/pr152.tsp,hybrid-reverse,403,polyak,182,67643.232594629168,67677.575558391429,73682
/Users/a/Ayanami/code/TSP/data/classic/tsplib/pr152.tsp,hybrid-reverse,404,polyak,183,67476.686422429091,67677.575558391429,73682
/Users/a/Ayanami/code/TSP/data/classic/tsplib/pr152.tsp,hybrid-reverse,405,polyak,184,67678.728363766873,67678.728363766873,73682
/Users/a/Ayanami/code/TSP/data/classic/tsplib/pr152.tsp,hybrid-reverse,406,polyak,185,67665.926875236008,67678.728363766873,73682
/Users/a/Ayanami/code/TSP/data/classic/tsplib/pr152.tsp,hybrid-reverse,407,polyak,186,67597.33513898433,67678.728363766873,73682
/Users/a/Ayanami/code/TSP/data/classic/tsplib/pr152.tsp,hybrid-reverse,408,polyak,187,67598.609328263003,67678.728363766873,73682
/Users/a/Ayanami/code/TSP/data/classic/tsplib/pr152.tsp,hybrid-reverse,409,polyak,188,67697.326231387284,67697.326231387284,73682
/Users/a/Ayanami/code/TSP/data/classic/tsplib/pr152.tsp,hybrid-reverse,410,polyak,189,67478.23098229208,67697.326231387284,73682
/Users/a/Ayanami/code/TSP/data/classic/tsplib/pr152.tsp,hybrid-reverse,411,polyak,190,67638.540408864661,67697.326231387284,73682
/Users/a/Ayanami/code/TSP/data/classic/tsplib/pr152.tsp,hybrid-reverse,412,polyak,191,67618.554607736951,67697.326231387284,73682
/Users/a/Ayanami/code/TSP/data/classic/tsplib/pr152.tsp,hybrid-reverse,413,polyak,192,67639.020170339252,67697.326231387284,73682
/Users/a/Ayanami/code/TSP/data/classic/tsplib/pr152.tsp,hybrid-reverse,414,polyak,193,67617.305902740089,67697.326231387284,73682
/Users/a/Ayanami/code/TSP/data/classic/tsplib/pr152.tsp,hybrid-reverse,415,polyak,194,67642.877503757176,67697.326231387284,73682
/Users/a/Ayanami/code/TSP/data/classic/tsplib/pr152.tsp,hybrid-reverse,416,polyak,195,67629.87429006047,67697.326231387284,73682
/Users/a/Ayanami/code/TSP/data/classic/tsplib/pr152.tsp,hybrid-reverse,417,polyak,196,67645.139688806303,67697.326231387284,73682
/Users/a/Ayanami/code/TSP/data/classic/tsplib/pr152.tsp,hybrid-reverse,418,polyak,197,67701.957890770544,67701.957890770544,73682
/Users/a/Ayanami/code/TSP/data/classic/tsplib/pr152.tsp,hybrid-reverse,419,polyak,198,67566.074406572239,67701.957890770544,73682
/Users/a/Ayanami/code/TSP/data/classic/tsplib/pr152.tsp,hybrid-reverse,420,polyak,199,67693.166286067761,67701.957890770544,73682
/Users/a/Ayanami/code/TSP/data/classic/tsplib/pr152.tsp,hybrid-reverse,421,polyak,200,67575.72757168235,67701.957890770544,73682
/Users/a/Ayanami/code/TSP/data/classic/tsplib/pr152.tsp,hybrid-reverse,422,polyak,201,67695.068264939589,67701.957890770544,73682
/Users/a/Ayanami/code/TSP/data/classic/tsplib/pr152.tsp,hybrid-reverse,423,polyak,202,67716.199873267251,67716.199873267251,73682
/Users/a/Ayanami/code/TSP/data/classic/tsplib/pr152.tsp,hybrid-reverse,424,polyak,203,67510.580949120558,67716.199873267251,73682
/Users/a/Ayanami/code/TSP/data/classic/tsplib/pr152.tsp,hybrid-reverse,425,polyak,204,67667.146216387351,67716.199873267251,73682
/Users/a/Ayanami/code/TSP/data/classic/tsplib/pr152.tsp,hybrid-reverse,426,polyak,205,67711.723351512628,67716.199873267251,73682
/Users/a/Ayanami/code/TSP/data/classic/tsplib/pr152.tsp,hybrid-reverse,427,polyak,206,67545.410346985038,67716.199873267251,73682
/Users/a/Ayanami/code/TSP/data/classic/tsplib/pr152.tsp,hybrid-reverse,428,polyak,207,67719.392790347672,67719.392790347672,73682
/Users/a/Ayanami/code/TSP/data/classic/tsplib/pr152.tsp,hybrid-reverse,429,polyak,208,67741.329192588528,67741.329192588528,73682
/Users/a/Ayanami/code/TSP/data/classic/tsplib/pr152.tsp,hybrid-reverse,430,polyak,209,67510.015948592074,67741.329192588528,73682
/Users/a/Ayanami/code/TSP/data/classic/tsplib/pr152.tsp,hybrid-reverse,431,polyak,210,67703.487761690049,67741.329192588528,73682
/Users/a/Ayanami/code/TSP/data/classic/tsplib/pr152.tsp,hybrid-reverse,432,polyak,211,67568.963644226387,67741.329192588528,73682
/Users/a/Ayanami/code/TSP/data/classic/tsplib/pr152.tsp,hybrid-reverse,433,polyak,212,67706.065234306094,67741.329192588528,73682
/Users/a/Ayanami/code/TSP/data/classic/tsplib/pr152.tsp,hybrid-reverse,434,polyak,213,67721.781919394314,67741.329192588528,73682
/Users/a/Ayanami/code/TSP/data/classic/tsplib/pr152.tsp,hybrid-reverse,435,polyak,214,67627.767992602516,67741.329192588528,73682
/Users/a/Ayanami/code/TSP/data/classic/tsplib/pr152.tsp,hybrid-reverse,436,polyak,215,67672.57571371588,67741.329192588528,73682
/Users/a/Ayanami/code/TSP/data/classic/tsplib/pr152.tsp,hybrid-reverse,437,polyak,216,67686.090940432841,67741.329192588528,73682
/Users/a/Ayanami/code/TSP/data/classic/tsplib/pr152.tsp,hybrid-reverse,438,polyak,217,67661.682127926135,67741.329192588528,73682
/Users/a/Ayanami/code/TSP/data/classic/tsplib/pr152.tsp,hybrid-reverse,439,polyak,218,67689.288580995926,67741.329192588528,73682
/Users/a/Ayanami/code/TSP/data/classic/tsplib/pr152.tsp,hybrid-reverse,440,polyak,219,67636.518291069413,67741.329192588528,73682
/Users/a/Ayanami/code/TSP/data/classic/tsplib/pr152.tsp,hybrid-reverse,441,polyak,220,67743.165135649484,67743.165135649484,73682
/Users/a/Ayanami/code/TSP/data/classic/tsplib/pr152.tsp,hybrid-reverse,442,polyak,221,67447.48429162812,67743.165135649484,73682
/Users/a/Ayanami/code/TSP/data/classic/tsplib/pr152.tsp,hybrid-reverse,443,polyak,222,67717.977685252394,67743.165135649484,73682
/Users/a/Ayanami/code/TSP/data/classic/tsplib/pr152.tsp,hybrid-reverse,444,polyak,223,67698.52678036307,67743.165135649484,73682
/Users/a/Ayanami/code/TSP/data/classic/tsplib/pr152.tsp,hybrid-reverse,445,polyak,224,67683.555438906988,67743.165135649484,73682
/Users/a/Ayanami/code/TSP/data/classic/tsplib/pr152.tsp,hybrid-reverse,446,polyak,225,67705.134472950594,67743.165135649484,73682
/Users/a/Ayanami/code/TSP/data/classic/tsplib/pr152.tsp,hybrid-reverse,447,polyak,226,67776.944951059413,67776.944951059413,73682
/Users/a/Ayanami/code/TSP/data/classic/tsplib/pr152.tsp,hybrid-reverse,448,polyak,227,67573.250156273061,67776.944951059413,73682
/Users/a/Ayanami/code/TSP/data/classic/tsplib/pr152.tsp,hybrid-reverse,449,polyak,228,67700.956811750977,67776.944951059413,73682
/Users/a/Ayanami/code/TSP/data/classic/tsplib/pr152.tsp,hybrid-reverse,450,polyak,229,67667.904531278124,67776.944951059413,73682
/Users/a/Ayanami/code/TSP/data/classic/tsplib/pr152.tsp,hybrid-reverse,451,polyak,230,67727.109968457589,67776.944951059413,73682
/Users/a/Ayanami/code/TSP/data/classic/tsplib/pr152.tsp,hybrid-reverse,452,polyak,231,67706.398250799772,67776.944951059413,73682
/Users/a/Ayanami/code/TSP/data/classic/tsplib/pr152.tsp,hybrid-reverse,453,polyak,232,67690.773893735241,67776.944951059413,73682
/Users/a/Ayanami/code/TSP/data/classic/tsplib/pr152.tsp,hybrid-reverse,454,polyak,233,67746.822995352151,67776.944951059413,73682
/Users/a/Ayanami/code/TSP/data/classic/tsplib/pr152.tsp,hybrid-reverse,455,polyak,234,67676.914614468958,67776.944951059413,73682
/Users/a/Ayanami/code/TSP/data/classic/tsplib/pr152.tsp,hybrid-reverse,456,polyak,235,67716.98856716897,67776.944951059413,73682
/Users/a/Ayanami/code/TSP/data/classic/tsplib/pr152.tsp,hybrid-reverse,457,polyak,236,67699.930955726042,67776.944951059413,73682
/Users/a/Ayanami/code/TSP/data/classic/tsplib/pr152.tsp,hybrid-reverse,458,polyak,237,67708.117972695036,67776.944951059413,73682
/Users/a/Ayanami/code/TSP/data/classic/tsplib/pr152.tsp,hybrid-reverse,459,polyak,238,67778.811271988801,67778.811271988801,73682
/Users/a/Ayanami/code/TSP/data/classic/tsplib/pr152.tsp,hybrid-reverse,460,polyak,239,67742.190131893934,67778.811271988801,73682
/Users/a/Ayanami/code/TSP/data/classic/tsplib/pr152.tsp,hybrid-reverse,461,polyak,240,67668.728689662908,67778.811271988801,73682
/Users/a/Ayanami/code/TSP/data/classic/tsplib/pr152.tsp,hybrid-reverse,462,polyak,241,67712.236128041768,67778.811271988801,73682
/Users/a/Ayanami/code/TSP/data/classic/tsplib/pr152.tsp,hybrid-reverse,463,polyak,242,67656.864542201773,67778.811271988801,73682
/Users/a/Ayanami/code/TSP/data/classic/tsplib/pr152.tsp,hybrid-reverse,464,polyak,243,67756.483147358449,67778.811271988801,73682
/Users/a/Ayanami/code/TSP/data/classic/tsplib/pr152.tsp,hybrid-reverse,465,polyak,244,67784.585805590701,67784.585805590701,73682
/Users/a/Ayanami/code/TSP/data/classic/tsplib/pr152.tsp,hybrid-reverse,466,polyak,245,67617.166863444741,67784.585805590701,73682
/Users/a/Ayanami/code/TSP/data/classic/tsplib/pr152.tsp,hybrid-reverse,467,polyak,246,67808.732205160821,67808.732205160821,73682
/Users/a/Ayanami/code/TSP/data/classic/tsplib/pr152.tsp,hybrid-reverse,468,polyak,247,67475.801442222,67808.732205160821,73682
/Users/a/Ayanami/code/TSP/data/classic/tsplib/pr152.tsp,hybrid-reverse,469,polyak,248,67698.4995577519,67808.732205160821,73682
/Users/a/Ayanami/code/TSP/data/classic/tsplib/pr152.tsp,hybrid-reverse,470,polyak,249,67726.402355514714,67808.732205160821,73682
/Users/a/Ayanami/code/TSP/data/classic/tsplib/pr152.tsp,hybrid-reverse,471,polyak,250,67696.020834949668,67808.732205160821,73682
/Users/a/Ayanami/code/TSP/data/classic/tsplib/pr152.tsp,hybrid-reverse,472,polyak,251,67767.610142270685,67808.732205160821,73682
/Users/a/Ayanami/code/TSP/data/classic/tsplib/pr152.tsp,hybrid-reverse,473,polyak,252,67785.712222891219,67808.732205160821,73682
/Users/a/Ayanami/code/TSP/data/classic/tsplib/pr152.tsp,hybrid-reverse,474,polyak,253,67598.810663661745,67808.732205160821,73682
/Users/a/Ayanami/code/TSP/data/classic/tsplib/pr152.tsp,hybrid-reverse,475,polyak,254,67757.066939836237,67808.732205160821,73682
/Users/a/Ayanami/code/TSP/data/classic/tsplib/pr152.tsp,hybrid-reverse,476,polyak,255,67754.368088797884,67808.732205160821,73682
/Users/a/Ayanami/code/TSP/data/classic/tsplib/pr152.tsp,hybrid-reverse,477,polyak,256,67818.65716348229,67818.65716348229,73682
/Users/a/Ayanami/code/TSP/data/classic/tsplib/pr152.tsp,hybrid-reverse,478,polyak,257,67637.876413349193,67818.65716348229,73682
/Users/a/Ayanami/code/TSP/data/classic/tsplib/pr152.tsp,hybrid-reverse,479,polyak,258,67772.224925644303,67818.65716348229,73682
/Users/a/Ayanami/code/TSP/data/classic/tsplib/pr152.tsp,hybrid-reverse,480,polyak,259,67749.220357439801,67818.65716348229,73682
/Users/a/Ayanami/code/TSP/data/classic/tsplib/pr152.tsp,hybrid-reverse,481,polyak,260,67710.374674426013,67818.65716348229,73682
/Users/a/Ayanami/code/TSP/data/classic/tsplib/pr152.tsp,hybrid-reverse,482,polyak,261,67739.730772645416,67818.65716348229,73682
/Users/a/Ayanami/code/TSP/data/classic/tsplib/pr152.tsp,hybrid-reverse,483,polyak,262,67718.328535086432,67818.65716348229,73682
/Users/a/Ayanami/code/TSP/data/classic/tsplib/pr152.tsp,hybrid-reverse,484,polyak,263,67753.740184970491,67818.65716348229,73682
/Users/a/Ayanami/code/TSP/data/classic/tsplib/pr152.tsp,hybrid-reverse,485,polyak,264,67736.532402107274,67818.65716348229,73682
/Users/a/Ayanami/code/TSP/data/classic/tsplib/pr152.tsp,hybrid-reverse,486,polyak,265,67777.893712145888,67818.65716348229,73682
/Users/a/Ayanami/code/TSP/data/classic/tsplib/pr152.tsp,hybrid-reverse,487,polyak,266,67808.289661932242,67818.65716348229,73682
/Users/a/Ayanami/code/TSP/data/classic/tsplib/pr152.tsp,hybrid-reverse,488,polyak,267,67639.985801290881,67818.65716348229,73682
/Users/a/Ayanami/code/TSP/data/classic/tsplib/pr152.tsp,hybrid-reverse,489,polyak,268,67822.742782709931,67822.742782709931,73682
/Users/a/Ayanami/code/TSP/data/classic/tsplib/pr152.tsp,hybrid-reverse,490,polyak,269,67733.248410088607,67822.742782709931,73682
/Users/a/Ayanami/code/TSP/data/classic/tsplib/pr152.tsp,hybrid-reverse,491,polyak,270,67814.873985816113,67822.742782709931,73682
/Users/a/Ayanami/code/TSP/data/classic/tsplib/pr152.tsp,hybrid-reverse,492,polyak,271,67814.93900408734,67822.742782709931,73682
/Users/a/Ayanami/code/TSP/data/classic/tsplib/pr152.tsp,hybrid-reverse,493,polyak,272,67814.428885762536,67822.742782709931,73682
/Users/a/Ayanami/code/TSP/data/classic/tsplib/pr152.tsp,hybrid-reverse,494,polyak,273,67730.069972336438,67822.742782709931,73682
/Users/a/Ayanami/code/TSP/data/classic/tsplib/pr152.tsp,hybrid-reverse,495,polyak,274,67775.476483089864,67822.742782709931,73682
/Users/a/Ayanami/code/TSP/data/classic/tsplib/pr152.tsp,hybrid-reverse,496,polyak,275,67746.296303126088,67822.742782709931,73682
/Users/a/Ayanami/code/TSP/data/classic/tsplib/pr152.tsp,hybrid-reverse,497,polyak,276,67774.369146422046,67822.742782709931,73682
/Users/a/Ayanami/code/TSP/data/classic/tsplib/pr152.tsp,hybrid-reverse,498,polyak,277,67768.211633737694,67822.742782709931,73682
/Users/a/Ayanami/code/TSP/data/classic/tsplib/pr152.tsp,hybrid-reverse,499,polyak,278,67844.96383831749,67844.96383831749,73682
/Users/a/Ayanami/code/TSP/data/classic/tsplib/pr152.tsp,hybrid-reverse,500,polyak,279,67745.276986734883,67844.96383831749,73682
/Users/a/Ayanami/code/TSP/data/classic/tsplib/pr152.tsp,hybrid-reverse,501,polyak,280,67770.032878810423,67844.96383831749,73682
/Users/a/Ayanami/code/TSP/data/classic/tsplib/pr152.tsp,hybrid-reverse,502,polyak,281,67734.308975275111,67844.96383831749,73682
/Users/a/Ayanami/code/TSP/data/classic/tsplib/pr152.tsp,hybrid-reverse,503,polyak,282,67798.655921602141,67844.96383831749,73682
/Users/a/Ayanami/code/TSP/data/classic/tsplib/pr152.tsp,hybrid-reverse,504,polyak,283,67864.043746165975,67864.043746165975,73682
/Users/a/Ayanami/code/TSP/data/classic/tsplib/pr152.tsp,hybrid-reverse,505,polyak,284,67772.448955689324,67864.043746165975,73682
/Users/a/Ayanami/code/TSP/data/classic/tsplib/pr152.tsp,hybrid-reverse,506,polyak,285,67773.150276201093,67864.043746165975,73682
/Users/a/Ayanami/code/TSP/data/classic/tsplib/pr152.tsp,hybrid-reverse,507,polyak,286,67733.746264588568,67864.043746165975,73682
/Users/a/Ayanami/code/TSP/data/classic/tsplib/pr152.tsp,hybrid-reverse,508,polyak,287,67854.141058270063,67864.043746165975,73682
/Users/a/Ayanami/code/TSP/data/classic/tsplib/pr152.tsp,hybrid-reverse,509,polyak,288,67685.058087877682,67864.043746165975,73682
/Users/a/Ayanami/code/TSP/data/classic/tsplib/pr152.tsp,hybrid-reverse,510,polyak,289,67870.559617096733,67870.559617096733,73682
/Users/a/Ayanami/code/TSP/data/classic/tsplib/pr152.tsp,hybrid-reverse,511,polyak,290,67709.70243134108,67870.559617096733,73682
/Users/a/Ayanami/code/TSP/data/classic/tsplib/pr152.tsp,hybrid-reverse,512,polyak,291,67825.512785062674,67870.559617096733,73682
/Users/a/Ayanami/code/TSP/data/classic/tsplib/pr152.tsp,hybrid-reverse,513,polyak,292,67800.507318991338,67870.559617096733,73682
/Users/a/Ayanami/code/TSP/data/classic/tsplib/pr152.tsp,hybrid-reverse,514,polyak,293,67781.759790761222,67870.559617096733,73682
/Users/a/Ayanami/code/TSP/data/classic/tsplib/pr152.tsp,hybrid-reverse,515,polyak,294,67758.378806550638,67870.559617096733,73682
/Users/a/Ayanami/code/TSP/data/classic/tsplib/pr152.tsp,hybrid-reverse,516,polyak,295,67830.034477836569,67870.559617096733,73682
/Users/a/Ayanami/code/TSP/data/classic/tsplib/pr152.tsp,hybrid-reverse,517,polyak,296,67720.420562927102,67870.559617096733,73682
/Users/a/Ayanami/code/TSP/data/classic/tsplib/pr152.tsp,hybrid-reverse,518,polyak,297,67888.940658664535,67888.940658664535,73682
/Users/a/Ayanami/code/TSP/data/classic/tsplib/pr152.tsp,hybrid-reverse,519,polyak,298,67661.965021207419,67888.940658664535,73682
/Users/a/Ayanami/code/TSP/data/classic/tsplib/pr152.tsp,hybrid-reverse,520,polyak,299,67816.752160253993,67888.940658664535,73682
/Users/a/Ayanami/code/TSP/data/classic/tsplib/pr152.tsp,hybrid-reverse,521,polyak,300,67772.053480894901,67888.940658664535,73682
/Users/a/Ayanami/code/TSP/data/classic/tsplib/pr152.tsp,hybrid-reverse,522,polyak,301,67803.196943682487,67888.940658664535,73682
/Users/a/Ayanami/code/TSP/data/classic/tsplib/pr152.tsp,hybrid-reverse,523,polyak,302,67850.919644733061,67888.940658664535,73682
/Users/a/Ayanami/code/TSP/data/classic/tsplib/pr152.tsp,hybrid-reverse,524,polyak,303,67856.791633750268,67888.940658664535,73682
/Users/a/Ayanami/code/TSP/data/classic/tsplib/pr152.tsp,hybrid-reverse,525,polyak,304,67779.942093908641,67888.940658664535,73682
/Users/a/Ayanami/code/TSP/data/classic/tsplib/pr152.tsp,hybrid-reverse,526,polyak,305,67835.263722618634,67888.940658664535,73682
/Users/a/Ayanami/code/TSP/data/classic/tsplib/pr152.tsp,hybrid-reverse,527,polyak,306,67770.313104742017,67888.940658664535,73682
/Users/a/Ayanami/code/TSP/data/classic/tsplib/pr152.tsp,hybrid-reverse,528,polyak,307,67870.783685921313,67888.940658664535,73682
/Users/a/Ayanami/code/TSP/data/classic/tsplib/pr152.tsp,hybrid-reverse,529,polyak,308,67782.395061701769,67888.940658664535,73682
/Users/a/Ayanami/code/TSP/data/classic/tsplib/pr152.tsp,hybrid-reverse,530,polyak,309,67845.316367331514,67888.940658664535,73682
/Users/a/Ayanami/code/TSP/data/classic/tsplib/pr152.tsp,hybrid-reverse,531,polyak,310,67769.428260824119,67888.940658664535,73682
/Users/a/Ayanami/code/TSP/data/classic/tsplib/pr152.tsp,hybrid-reverse,532,polyak,311,67874.625574768725,67888.940658664535,73682
/Users/a/Ayanami/code/TSP/data/classic/tsplib/pr152.tsp,hybrid-reverse,533,polyak,312,67926.600073575872,67926.600073575872,73682
/Users/a/Ayanami/code/TSP/data/classic/tsplib/pr152.tsp,hybrid-reverse,534,polyak,313,67889.902669864678,67926.600073575872,73682
/Users/a/Ayanami/code/TSP/data/classic/tsplib/pr152.tsp,hybrid-reverse,535,polyak,314,67940.014076778549,67940.014076778549,73682
/Users/a/Ayanami/code/TSP/data/classic/tsplib/pr152.tsp,hybrid-reverse,536,polyak,315,67888.966843386865,67940.014076778549,73682
/Users/a/Ayanami/code/TSP/data/classic/tsplib/pr152.tsp,hybrid-reverse,537,polyak,316,67949.300112823432,67949.300112823432,73682
/Users/a/Ayanami/code/TSP/data/classic/tsplib/pr152.tsp,hybrid-reverse,538,polyak,317,67875.660303271725,67949.300112823432,73682
/Users/a/Ayanami/code/TSP/data/classic/tsplib/pr152.tsp,hybrid-reverse,539,polyak,318,67935.626591283784,67949.300112823432,73682
/Users/a/Ayanami/code/TSP/data/classic/tsplib/pr152.tsp,hybrid-reverse,540,polyak,319,67894.232332425468,67949.300112823432,73682
/Users/a/Ayanami/code/TSP/data/classic/tsplib/pr152.tsp,hybrid-reverse,541,polyak,320,67943.366722448656,67949.300112823432,73682
/Users/a/Ayanami/code/TSP/data/classic/tsplib/pr152.tsp,hybrid-reverse,542,polyak,321,67866.218064351095,67949.300112823432,73682
/Users/a/Ayanami/code/TSP/data/classic/tsplib/pr152.tsp,hybrid-reverse,543,polyak,322,67938.328200531352,67949.300112823432,73682
/Users/a/Ayanami/code/TSP/data/classic/tsplib/pr152.tsp,hybrid-reverse,544,polyak,323,67880.165207838509,67949.300112823432,73682
/Users/a/Ayanami/code/TSP/data/classic/tsplib/pr152.tsp,hybrid-reverse,545,polyak,324,67959.27947140779,67959.27947140779,73682
/Users/a/Ayanami/code/TSP/data/classic/tsplib/pr152.tsp,hybrid-reverse,546,polyak,325,67939.657415630267,67959.27947140779,73682
/Users/a/Ayanami/code/TSP/data/classic/tsplib/pr152.tsp,hybrid-reverse,547,polyak,326,67907.386956971473,67959.27947140779,73682
/Users/a/Ayanami/code/TSP/data/classic/tsplib/pr152.tsp,hybrid-reverse,548,polyak,327,67948.694529356217,67959.27947140779,73682
/Users/a/Ayanami/code/TSP/data/classic/tsplib/pr152.tsp,hybrid-reverse,549,polyak,328,67905.799606548535,67959.27947140779,73682
/Users/a/Ayanami/code/TSP/data/classic/tsplib/pr152.tsp,hybrid-reverse,550,polyak,329,67974.930796069602,67974.930796069602,73682
/Users/a/Ayanami/code/TSP/data/classic/tsplib/pr152.tsp,hybrid-reverse,551,polyak,330,67885.911323786699,67974.930796069602,73682
/Users/a/Ayanami/code/TSP/data/classic/tsplib/pr152.tsp,hybrid-reverse,552,polyak,331,67970.623644405627,67974.930796069602,73682
/Users/a/Ayanami/code/TSP/data/classic/tsplib/pr152.tsp,hybrid-reverse,553,polyak,332,67922.084213092719,67974.930796069602,73682
/Users/a/Ayanami/code/TSP/data/classic/tsplib/pr152.tsp,hybrid-reverse,554,polyak,333,67969.398514263085,67974.930796069602,73682
/Users/a/Ayanami/code/TSP/data/classic/tsplib/pr152.tsp,hybrid-reverse,555,polyak,334,67906.937442745257,67974.930796069602,73682
/Users/a/Ayanami/code/TSP/data/classic/tsplib/pr152.tsp,hybrid-reverse,556,polyak,335,67969.298892247476,67974.930796069602,73682
/Users/a/Ayanami/code/TSP/data/classic/tsplib/pr152.tsp,hybrid-reverse,557,polyak,336,67892.644106540873,67974.930796069602,73682
/Users/a/Ayanami/code/TSP/data/classic/tsplib/pr152.tsp,hybrid-reverse,558,polyak,337,67952.297772207647,67974.930796069602,73682
/Users/a/Ayanami/code/TSP/data/classic/tsplib/pr152.tsp,hybrid-reverse,559,polyak,338,67917.094166060415,67974.930796069602,73682
/Users/a/Ayanami/code/TSP/data/classic/tsplib/pr152.tsp,hybrid-reverse,560,polyak,339,67934.89530871746,67974.930796069602,73682
/Users/a/Ayanami/code/TSP/data/classic/tsplib/pr152.tsp,hybrid-reverse,561,polyak,340,67983.90956013414,67983.90956013414,73682
/Users/a/Ayanami/code/TSP/data/classic/tsplib/pr152.tsp,hybrid-reverse,562,polyak,341,67890.134239051986,67983.90956013414,73682
/Users/a/Ayanami/code/TSP/data/classic/tsplib/pr152.tsp,hybrid-reverse,563,polyak,342,67967.227167090779,67983.90956013414,73682
/Users/a/Ayanami/code/TSP/data/classic/tsplib/pr152.tsp,hybrid-reverse,564,polyak,343,67921.307038858984,67983.90956013414,73682
/Users/a/Ayanami/code/TSP/data/classic/tsplib/pr152.tsp,hybrid-reverse,565,polyak,344,67974.936356423306,67983.90956013414,73682
/Users/a/Ayanami/code/TSP/data/classic/tsplib/pr152.tsp,hybrid-reverse,566,polyak,345,67939.231824552495,67983.90956013414,73682
/Users/a/Ayanami/code/TSP/data/classic/tsplib/pr152.tsp,hybrid-reverse,567,polyak,346,67939.344214456622,67983.90956013414,73682
/Users/a/Ayanami/code/TSP/data/classic/tsplib/pr152.tsp,hybrid-reverse,568,polyak,347,67996.389632726496,67996.389632726496,73682
/Users/a/Ayanami/code/TSP/data/classic/tsplib/pr152.tsp,hybrid-reverse,569,polyak,348,67911.408368194025,67996.389632726496,73682
/Users/a/Ayanami/code/TSP/data/classic/tsplib/pr152.tsp,hybrid-reverse,570,polyak,349,67978.003558393524,67996.389632726496,73682
/Users/a/Ayanami/code/TSP/data/classic/tsplib/pr152.tsp,hybrid-reverse,571,polyak,350,67912.665612425451,67996.389632726496,73682
/Users/a/Ayanami/code/TSP/data/classic/tsplib/pr152.tsp,hybrid-reverse,572,polyak,351,67974.533556451817,67996.389632726496,73682
/Users/a/Ayanami/code/TSP/data/classic/tsplib/pr152.tsp,hybrid-reverse,573,polyak,352,67913.13929407578,67996.389632726496,73682
/Users/a/Ayanami/code/TSP/data/classic/tsplib/pr152.tsp,hybrid-reverse,574,polyak,353,67974.895313235611,67996.389632726496,73682
/Users/a/Ayanami/code/TSP/data/classic/tsplib/pr152.tsp,hybrid-reverse,575,polyak,354,67932.19928054433,67996.389632726496,73682
/Users/a/Ayanami/code/TSP/data/classic/tsplib/pr152.tsp,hybrid-reverse,576,polyak,355,67999.412274298447,67999.412274298447,73682
/Users/a/Ayanami/code/TSP/data/classic/tsplib/pr152.tsp,hybrid-reverse,577,polyak,356,67935.432197406059,67999.412274298447,73682
/Users/a/Ayanami/code/TSP/data/classic/tsplib/pr152.tsp,hybrid-reverse,578,polyak,357,67982.322798551715,67999.412274298447,73682
/Users/a/Ayanami/code/TSP/data/classic/tsplib/pr152.tsp,hybrid-reverse,579,polyak,358,67991.992010396702,67999.412274298447,73682
/Users/a/Ayanami/code/TSP/data/classic/tsplib/pr152.tsp,hybrid-reverse,580,polyak,359,67939.55525378017,67999.412274298447,73682
/Users/a/Ayanami/code/TSP/data/classic/tsplib/pr152.tsp,hybrid-reverse,581,polyak,360,67975.708881743805,67999.412274298447,73682
/Users/a/Ayanami/code/TSP/data/classic/tsplib/pr152.tsp,hybrid-reverse,582,polyak,361,67983.095553652238,67999.412274298447,73682
/Users/a/Ayanami/code/TSP/data/classic/tsplib/pr152.tsp,hybrid-reverse,583,polyak,362,68011.440690829724,68011.440690829724,73682
/Users/a/Ayanami/code/TSP/data/classic/tsplib/pr152.tsp,hybrid-reverse,584,polyak,363,67885.144319682964,68011.440690829724,73682
/Users/a/Ayanami/code/TSP/data/classic/tsplib/pr152.tsp,hybrid-reverse,585,polyak,364,67981.441391801418,68011.440690829724,73682
/Users/a/Ayanami/code/TSP/data/classic/tsplib/pr152.tsp,hybrid-reverse,586,polyak,365,67998.269555650055,68011.440690829724,73682
/Users/a/Ayanami/code/TSP/data/classic/tsplib/pr152.tsp,hybrid-reverse,587,polyak,366,67938.619012913317,68011.440690829724,73682
/Users/a/Ayanami/code/TSP/data/classic/tsplib/pr152.tsp,hybrid-reverse,588,polyak,367,67977.4909214246,68011.440690829724,73682
/Users/a/Ayanami/code/TSP/data/classic/tsplib/pr152.tsp,hybrid-reverse,589,polyak,368,68012.37752744813,68012.37752744813,73682
/Users/a/Ayanami/code/TSP/data/classic/tsplib/pr152.tsp,hybrid-reverse,590,polyak,369,67921.074122212362,68012.37752744813,73682
/Users/a/Ayanami/code/TSP/data/classic/tsplib/pr152.tsp,hybrid-reverse,591,polyak,370,67992.167725235253,68012.37752744813,73682
/Users/a/Ayanami/code/TSP/data/classic/tsplib/pr152.tsp,hybrid-reverse,592,polyak,371,67965.215335019049,68012.37752744813,73682
/Users/a/Ayanami/code/TSP/data/classic/tsplib/pr152.tsp,hybrid-reverse,593,polyak,372,68008.239744695136,68012.37752744813,73682
/Users/a/Ayanami/code/TSP/data/classic/tsplib/pr152.tsp,hybrid-reverse,594,polyak,373,67923.693914275515,68012.37752744813,73682
/Users/a/Ayanami/code/TSP/data/classic/tsplib/pr152.tsp,hybrid-reverse,595,polyak,374,67995.648767195671,68012.37752744813,73682
/Users/a/Ayanami/code/TSP/data/classic/tsplib/pr152.tsp,hybrid-reverse,596,polyak,375,67990.532978379633,68012.37752744813,73682
/Users/a/Ayanami/code/TSP/data/classic/tsplib/pr152.tsp,hybrid-reverse,597,polyak,376,67960.900924067246,68012.37752744813,73682
/Users/a/Ayanami/code/TSP/data/classic/tsplib/pr152.tsp,hybrid-reverse,598,polyak,377,67981.748560857173,68012.37752744813,73682
/Users/a/Ayanami/code/TSP/data/classic/tsplib/pr152.tsp,hybrid-reverse,599,polyak,378,67996.023806916011,68012.37752744813,73682
/Users/a/Ayanami/code/TSP/data/classic/tsplib/pr152.tsp,hybrid-reverse,600,polyak,379,67959.123161827956,68012.37752744813,73682
/Users/a/Ayanami/code/TSP/data/classic/tsplib/pr152.tsp,hybrid-reverse,601,polyak,380,67992.547722306757,68012.37752744813,73682
/Users/a/Ayanami/code/TSP/data/classic/tsplib/pr152.tsp,hybrid-reverse,602,polyak,381,67998.637881725386,68012.37752744813,73682
/Users/a/Ayanami/code/TSP/data/classic/tsplib/pr152.tsp,hybrid-reverse,603,polyak,382,68020.213522928927,68020.213522928927,73682
/Users/a/Ayanami/code/TSP/data/classic/tsplib/pr152.tsp,hybrid-reverse,604,polyak,383,68019.139445066234,68020.213522928927,73682
/Users/a/Ayanami/code/TSP/data/classic/tsplib/pr152.tsp,hybrid-reverse,605,polyak,384,68033.679494762211,68033.679494762211,73682
/Users/a/Ayanami/code/TSP/data/classic/tsplib/pr152.tsp,hybrid-reverse,606,polyak,385,68004.321889969709,68033.679494762211,73682
/Users/a/Ayanami/code/TSP/data/classic/tsplib/pr152.tsp,hybrid-reverse,607,polyak,386,68039.003056960704,68039.003056960704,73682
/Users/a/Ayanami/code/TSP/data/classic/tsplib/pr152.tsp,hybrid-reverse,608,polyak,387,68014.661819658184,68039.003056960704,73682
/Users/a/Ayanami/code/TSP/data/classic/tsplib/pr152.tsp,hybrid-reverse,609,polyak,388,68037.55911910726,68039.003056960704,73682
/Users/a/Ayanami/code/TSP/data/classic/tsplib/pr152.tsp,hybrid-reverse,610,polyak,389,68003.920236674079,68039.003056960704,73682
/Users/a/Ayanami/code/TSP/data/classic/tsplib/pr152.tsp,hybrid-reverse,611,polyak,390,68043.19710156323,68043.19710156323,73682
/Users/a/Ayanami/code/TSP/data/classic/tsplib/pr152.tsp,hybrid-reverse,612,polyak,391,68014.346642514982,68043.19710156323,73682
/Users/a/Ayanami/code/TSP/data/classic/tsplib/pr152.tsp,hybrid-reverse,613,polyak,392,68045.462356950826,68045.462356950826,73682
/Users/a/Ayanami/code/TSP/data/classic/tsplib/pr152.tsp,hybrid-reverse,614,polyak,393,68028.805431299348,68045.462356950826,73682
/Users/a/Ayanami/code/TSP/data/classic/tsplib/pr152.tsp,hybrid-reverse,615,polyak,394,68029.676379754543,68045.462356950826,73682
/Users/a/Ayanami/code/TSP/data/classic/tsplib/pr152.tsp,hybrid-reverse,616,polyak,395,68033.143078375157,68045.462356950826,73682
/Users/a/Ayanami/code/TSP/data/classic/tsplib/pr152.tsp,hybrid-reverse,617,polyak,396,68023.410780133752,68045.462356950826,73682
/Users/a/Ayanami/code/TSP/data/classic/tsplib/pr152.tsp,hybrid-reverse,618,polyak,397,68055.823280442812,68055.823280442812,73682
/Users/a/Ayanami/code/TSP/data/classic/tsplib/pr152.tsp,hybrid-reverse,619,polyak,398,68012.683254967342,68055.823280442812,73682
/Users/a/Ayanami/code/TSP/data/classic/tsplib/pr152.tsp,hybrid-reverse,620,polyak,399,68056.891926618773,68056.891926618773,73682
/Users/a/Ayanami/code/TSP/data/classic/tsplib/pr152.tsp,hybrid-reverse,621,polyak,400,68020.740780490625,68056.891926618773,73682
/Users/a/Ayanami/code/TSP/data/classic/tsplib/pr152.tsp,hybrid-reverse,622,polyak,401,68052.668390309555,68056.891926618773,73682
/Users/a/Ayanami/code/TSP/data/classic/tsplib/pr152.tsp,hybrid-reverse,623,polyak,402,67998.267744269528,68056.891926618773,73682
/Users/a/Ayanami/code/TSP/data/classic/tsplib/pr152.tsp,hybrid-reverse,624,polyak,403,68052.514191131515,68056.891926618773,73682
/Users/a/Ayanami/code/TSP/data/classic/tsplib/pr152.tsp,hybrid-reverse,625,polyak,404,68030.901320156379,68056.891926618773,73682
/Users/a/Ayanami/code/TSP/data/classic/tsplib/pr152.tsp,hybrid-reverse,626,polyak,405,68057.96363881616,68057.96363881616,73682
/Users/a/Ayanami/code/TSP/data/classic/tsplib/pr152.tsp,hybrid-reverse,627,polyak,406,68024.4462668333,68057.96363881616,73682
/Users/a/Ayanami/code/TSP/data/classic/tsplib/pr152.tsp,hybrid-reverse,628,polyak,407,68049.804680410802,68057.96363881616,73682
/Users/a/Ayanami/code/TSP/data/classic/tsplib/pr152.tsp,hybrid-reverse,629,polyak,408,68030.901925672893,68057.96363881616,73682
/Users/a/Ayanami/code/TSP/data/classic/tsplib/pr152.tsp,hybrid-reverse,630,polyak,409,68035.044436831609,68057.96363881616,73682
/Users/a/Ayanami/code/TSP/data/classic/tsplib/pr152.tsp,hybrid-reverse,631,polyak,410,68065.797086578445,68065.797086578445,73682
/Users/a/Ayanami/code/TSP/data/classic/tsplib/pr152.tsp,hybrid-reverse,632,polyak,411,68027.106240978203,68065.797086578445,73682
/Users/a/Ayanami/code/TSP/data/classic/tsplib/pr152.tsp,hybrid-reverse,633,polyak,412,68053.938626006275,68065.797086578445,73682
/Users/a/Ayanami/code/TSP/data/classic/tsplib/pr152.tsp,hybrid-reverse,634,polyak,413,68060.943125093268,68065.797086578445,73682
/Users/a/Ayanami/code/TSP/data/classic/tsplib/pr152.tsp,hybrid-reverse,635,polyak,414,68033.895326696816,68065.797086578445,73682
/Users/a/Ayanami/code/TSP/data/classic/tsplib/pr152.tsp,hybrid-reverse,636,polyak,415,68050.98428884492,68065.797086578445,73682
/Users/a/Ayanami/code/TSP/data/classic/tsplib/pr152.tsp,hybrid-reverse,637,polyak,416,68046.903438885274,68065.797086578445,73682
/Users/a/Ayanami/code/TSP/data/classic/tsplib/pr152.tsp,hybrid-reverse,638,polyak,417,68034.953275700202,68065.797086578445,73682
/Users/a/Ayanami/code/TSP/data/classic/tsplib/pr152.tsp,hybrid-reverse,639,polyak,418,68064.133120661179,68065.797086578445,73682
/Users/a/Ayanami/code/TSP/data/classic/tsplib/pr152.tsp,hybrid-reverse,640,polyak,419,68025.784180336137,68065.797086578445,73682
/Users/a/Ayanami/code/TSP/data/classic/tsplib/pr152.tsp,hybrid-reverse,641,polyak,420,68050.682478541043,68065.797086578445,73682
/Users/a/Ayanami/code/TSP/data/classic/tsplib/pr152.tsp,hybrid-reverse,642,polyak,421,68073.25770672533,68073.25770672533,73682
/Users/a/Ayanami/code/TSP/data/classic/tsplib/pr152.tsp,hybrid-reverse,643,polyak,422,68023.165558819615,68073.25770672533,73682
/Users/a/Ayanami/code/TSP/data/classic/tsplib/pr152.tsp,hybrid-reverse,644,polyak,423,68067.812323425707,68073.25770672533,73682
/Users/a/Ayanami/code/TSP/data/classic/tsplib/pr152.tsp,hybrid-reverse,645,polyak,424,68038.128220607105,68073.25770672533,73682
/Users/a/Ayanami/code/TSP/data/classic/tsplib/pr152.tsp,hybrid-reverse,646,polyak,425,68041.13034505496,68073.25770672533,73682
/Users/a/Ayanami/code/TSP/data/classic/tsplib/pr152.tsp,hybrid-reverse,647,polyak,426,68052.797907998465,68073.25770672533,73682
/Users/a/Ayanami/code/TSP/data/classic/tsplib/pr152.tsp,hybrid-reverse,648,polyak,427,68061.293611982663,68073.25770672533,73682
/Users/a/Ayanami/code/TSP/data/classic/tsplib/pr152.tsp,hybrid-reverse,649,polyak,428,68038.490307851083,68073.25770672533,73682
/Users/a/Ayanami/code/TSP/data/classic/tsplib/pr152.tsp,hybrid-reverse,650,polyak,429,68065.802747773982,68073.25770672533,73682
/Users/a/Ayanami/code/TSP/data/classic/tsplib/pr152.tsp,hybrid-reverse,651,polyak,430,68026.1448538892,68073.25770672533,73682
/Users/a/Ayanami/code/TSP/data/classic/tsplib/pr152.tsp,hybrid-reverse,652,polyak,431,68056.067291069921,68073.25770672533,73682
/Users/a/Ayanami/code/TSP/data/classic/tsplib/pr152.tsp,hybrid-reverse,653,polyak,432,68080.54249369957,68080.54249369957,73682
/Users/a/Ayanami/code/TSP/data/classic/tsplib/pr152.tsp,hybrid-reverse,654,polyak,433,68016.361164742761,68080.54249369957,73682
/Users/a/Ayanami/code/TSP/data/classic/tsplib/pr152.tsp,hybrid-reverse,655,polyak,434,68072.51762265274,68080.54249369957,73682
/Users/a/Ayanami/code/TSP/data/classic/tsplib/pr152.tsp,hybrid-reverse,656,polyak,435,68031.307185537822,68080.54249369957,73682
/Users/a/Ayanami/code/TSP/data/classic/tsplib/pr152.tsp,hybrid-reverse,657,polyak,436,68071.435922509496,68080.54249369957,73682
/Users/a/Ayanami/code/TSP/data/classic/tsplib/pr152.tsp,hybrid-reverse,658,polyak,437,68045.102016216522,68080.54249369957,73682
/Users/a/Ayanami/code/TSP/data/classic/tsplib/pr152.tsp,hybrid-reverse,659,polyak,438,68063.012876885128,68080.54249369957,73682
/Users/a/Ayanami/code/TSP/data/classic/tsplib/pr152.tsp,hybrid-reverse,660,polyak,439,68041.606415330025,68080.54249369957,73682
/Users/a/Ayanami/code/TSP/data/classic/tsplib/pr152.tsp,hybrid-reverse,661,polyak,440,68072.726574460859,68080.54249369957,73682
/Users/a/Ayanami/code/TSP/data/classic/tsplib/pr152.tsp,hybrid-reverse,662,polyak,441,68043.648196955226,68080.54249369957,73682
/Users/a/Ayanami/code/TSP/data/classic/tsplib/pr152.tsp,hybrid-reverse,663,polyak,442,68076.556419077155,68080.54249369957,73682
/Users/a/Ayanami/code/TSP/data/classic/tsplib/pr152.tsp,hybrid-reverse,664,polyak,443,68018.668729648009,68080.54249369957,73682
/Users/a/Ayanami/code/TSP/data/classic/tsplib/pr152.tsp,hybrid-reverse,665,polyak,444,68047.521786872137,68080.54249369957,73682
/Users/a/Ayanami/code/TSP/data/classic/tsplib/pr152.tsp,hybrid-reverse,666,polyak,445,68074.493082563946,68080.54249369957,73682
/Users/a/Ayanami/code/TSP/data/classic/tsplib/pr152.tsp,hybrid-reverse,667,polyak,446,68084.248646715438,68084.248646715438,73682
/Users/a/Ayanami/code/TSP/data/classic/tsplib/pr152.tsp,hybrid-reverse,668,polyak,447,68073.86279804424,68084.248646715438,73682
/Users/a/Ayanami/code/TSP/data/classic/tsplib/pr152.tsp,hybrid-reverse,669,polyak,448,68083.648570667021,68084.248646715438,73682
/Users/a/Ayanami/code/TSP/data/classic/tsplib/pr152.tsp,hybrid-reverse,670,polyak,449,68085.284532462843,68085.284532462843,73682
/Users/a/Ayanami/code/TSP/data/classic/tsplib/pr152.tsp,hybrid-reverse,671,polyak,450,68085.34897614838,68085.34897614838,73682
/Users/a/Ayanami/code/TSP/data/classic/tsplib/pr152.tsp,hybrid-reverse,672,polyak,451,68084.517833969629,68085.34897614838,73682
/Users/a/Ayanami/code/TSP/data/classic/tsplib/pr152.tsp,hybrid-reverse,673,polyak,452,68078.894542685914,68085.34897614838,73682
/Users/a/Ayanami/code/TSP/data/classic/tsplib/pr152.tsp,hybrid-reverse,674,polyak,453,68089.042301732858,68089.042301732858,73682
/Users/a/Ayanami/code/TSP/data/classic/tsplib/pr152.tsp,hybrid-reverse,675,polyak,454,68099.420828044851,68099.420828044851,73682
/Users/a/Ayanami/code/TSP/data/classic/tsplib/pr152.tsp,hybrid-reverse,676,polyak,455,68071.516727233917,68099.420828044851,73682
/Users/a/Ayanami/code/TSP/data/classic/tsplib/pr152.tsp,hybrid-reverse,677,polyak,456,68092.700932572276,68099.420828044851,73682
/Users/a/Ayanami/code/TSP/data/classic/tsplib/pr152.tsp,hybrid-reverse,678,polyak,457,68074.869834564743,68099.420828044851,73682
/Users/a/Ayanami/code/TSP/data/classic/tsplib/pr152.tsp,hybrid-reverse,679,polyak,458,68090.394805633216,68099.420828044851,73682
/Users/a/Ayanami/code/TSP/data/classic/tsplib/pr152.tsp,hybrid-reverse,680,polyak,459,68084.721049163796,68099.420828044851,73682
/Users/a/Ayanami/code/TSP/data/classic/tsplib/pr152.tsp,hybrid-reverse,681,polyak,460,68092.730155547906,68099.420828044851,73682
/Users/a/Ayanami/code/TSP/data/classic/tsplib/pr152.tsp,hybrid-reverse,682,polyak,461,68080.757764944196,68099.420828044851,73682
/Users/a/Ayanami/code/TSP/data/classic/tsplib/pr152.tsp,hybrid-reverse,683,polyak,462,68097.111660452909,68099.420828044851,73682
/Users/a/Ayanami/code/TSP/data/classic/tsplib/pr152.tsp,hybrid-reverse,684,polyak,463,68086.509569650618,68099.420828044851,73682
/Users/a/Ayanami/code/TSP/data/classic/tsplib/pr152.tsp,hybrid-reverse,685,polyak,464,68080.51911009851,68099.420828044851,73682
/Users/a/Ayanami/code/TSP/data/classic/tsplib/pr152.tsp,hybrid-reverse,686,polyak,465,68102.593981430153,68102.593981430153,73682
/Users/a/Ayanami/code/TSP/data/classic/tsplib/pr152.tsp,hybrid-reverse,687,polyak,466,68068.719744938586,68102.593981430153,73682
/Users/a/Ayanami/code/TSP/data/classic/tsplib/pr152.tsp,hybrid-reverse,688,polyak,467,68090.577227286951,68102.593981430153,73682
/Users/a/Ayanami/code/TSP/data/classic/tsplib/pr152.tsp,hybrid-reverse,689,polyak,468,68093.821552298017,68102.593981430153,73682
/Users/a/Ayanami/code/TSP/data/classic/tsplib/pr152.tsp,hybrid-reverse,690,polyak,469,68088.453338582651,68102.593981430153,73682
/Users/a/Ayanami/code/TSP/data/classic/tsplib/pr152.tsp,hybrid-reverse,691,polyak,470,68101.422062233265,68102.593981430153,73682
/Users/a/Ayanami/code/TSP/data/classic/tsplib/pr152.tsp,hybrid-reverse,692,polyak,471,68075.984750478077,68102.593981430153,73682
/Users/a/Ayanami/code/TSP/data/classic/tsplib/pr152.tsp,hybrid-reverse,693,polyak,472,68095.349259236275,68102.593981430153,73682
/Users/a/Ayanami/code/TSP/data/classic/tsplib/pr152.tsp,hybrid-reverse,694,polyak,473,68094.420275818222,68102.593981430153,73682
/Users/a/Ayanami/code/TSP/data/classic/tsplib/pr152.tsp,hybrid-reverse,695,polyak,474,68087.989770364336,68102.593981430153,73682
/Users/a/Ayanami/code/TSP/data/classic/tsplib/pr152.tsp,hybrid-reverse,696,polyak,475,68100.670232344739,68102.593981430153,73682
/Users/a/Ayanami/code/TSP/data/classic/tsplib/pr152.tsp,hybrid-reverse,697,polyak,476,68081.349924913069,68102.593981430153,73682
/Users/a/Ayanami/code/TSP/data/classic/tsplib/pr152.tsp,hybrid-reverse,698,polyak,477,68105.108296313731,68105.108296313731,73682
/Users/a/Ayanami/code/TSP/data/classic/tsplib/pr152.tsp,hybrid-reverse,699,polyak,478,68096.111275075455,68105.108296313731,73682
/Users/a/Ayanami/code/TSP/data/classic/tsplib/pr152.tsp,hybrid-reverse,700,polyak,479,68085.562382089411,68105.108296313731,73682
/Users/a/Ayanami/code/TSP/data/classic/tsplib/pr152.tsp,hybrid-reverse,701,polyak,480,68095.579146541044,68105.108296313731,73682
/Users/a/Ayanami/code/TSP/data/classic/tsplib/pr152.tsp,hybrid-reverse,702,polyak,481,68104.462721723103,68105.108296313731,73682
/Users/a/Ayanami/code/TSP/data/classic/tsplib/pr152.tsp,hybrid-reverse,703,polyak,482,68084.372817753523,68105.108296313731,73682
/Users/a/Ayanami/code/TSP/data/classic/tsplib/pr152.tsp,hybrid-reverse,704,polyak,483,68107.820459293449,68107.820459293449,73682
/Users/a/Ayanami/code/TSP/data/classic/tsplib/pr152.tsp,hybrid-reverse,705,polyak,484,68065.535611597967,68107.820459293449,73682
/Users/a/Ayanami/code/TSP/data/classic/tsplib/pr152.tsp,hybrid-reverse,706,polyak,485,68095.45797962154,68107.820459293449,73682
/Users/a/Ayanami/code/TSP/data/classic/tsplib/pr152.tsp,hybrid-reverse,707,polyak,486,68105.733986366264,68107.820459293449,73682
/Users/a/Ayanami/code/TSP/data/classic/tsplib/pr152.tsp,hybrid-reverse,708,polyak,487,68089.530359873941,68107.820459293449,73682
/Users/a/Ayanami/code/TSP/data/classic/tsplib/pr152.tsp,hybrid-reverse,709,polyak,488,68103.134874085066,68107.820459293449,73682
/Users/a/Ayanami/code/TSP/data/classic/tsplib/pr152.tsp,hybrid-reverse,710,polyak,489,68100.696584384466,68107.820459293449,73682
/Users/a/Ayanami/code/TSP/data/classic/tsplib/pr152.tsp,hybrid-reverse,711,polyak,490,68098.815743788582,68107.820459293449,73682
/Users/a/Ayanami/code/TSP/data/classic/tsplib/pr152.tsp,hybrid-reverse,712,polyak,491,68105.42199644068,68107.820459293449,73682
/Users/a/Ayanami/code/TSP/data/classic/tsplib/pr152.tsp,hybrid-reverse,713,polyak,492,68096.505985474985,68107.820459293449,73682
/Users/a/Ayanami/code/TSP/data/classic/tsplib/pr152.tsp,hybrid-reverse,714,polyak,493,68100.983729504485,68107.820459293449,73682
/Users/a/Ayanami/code/TSP/data/classic/tsplib/pr152.tsp,hybrid-reverse,715,polyak,494,68098.150371341864,68107.820459293449,73682
/Users/a/Ayanami/code/TSP/data/classic/tsplib/pr152.tsp,hybrid-reverse,716,polyak,495,68112.335777836983,68112.335777836983,73682
/Users/a/Ayanami/code/TSP/data/classic/tsplib/pr152.tsp,hybrid-reverse,717,polyak,496,68088.787457386235,68112.335777836983,73682
/Users/a/Ayanami/code/TSP/data/classic/tsplib/pr152.tsp,hybrid-reverse,718,polyak,497,68106.177578427698,68112.335777836983,73682
/Users/a/Ayanami/code/TSP/data/classic/tsplib/pr152.tsp,hybrid-reverse,719,polyak,498,68103.684656960511,68112.335777836983,73682
/Users/a/Ayanami/code/TSP/data/classic/tsplib/pr152.tsp,hybrid-reverse,720,polyak,499,68092.467572659007,68112.335777836983,73682
/Users/a/Ayanami/code/TSP/data/classic/tsplib/pr152.tsp,hybrid-reverse,721,polyak,500,68107.954052706962,68112.335777836983,73682
/Users/a/Ayanami/code/TSP/data/classic/tsplib/pr152.tsp,hybrid-reverse,722,polyak,501,68076.231797788423,68112.335777836983,73682
/Users/a/Ayanami/code/TSP/data/classic/tsplib/pr152.tsp,hybrid-reverse,723,polyak,502,68105.785871310945,68112.335777836983,73682
/Users/a/Ayanami/code/TSP/data/classic/tsplib/pr152.tsp,hybrid-reverse,724,polyak,503,68090.287959035209,68112.335777836983,73682
/Users/a/Ayanami/code/TSP/data/classic/tsplib/pr152.tsp,hybrid-reverse,725,polyak,504,68114.872768232424,68114.872768232424,73682
/Users/a/Ayanami/code/TSP/data/classic/tsplib/pr152.tsp,hybrid-reverse,726,polyak,505,68089.491729844449,68114.872768232424,73682
/Users/a/Ayanami/code/TSP/data/classic/tsplib/pr152.tsp,hybrid-reverse,727,polyak,506,68104.86653581899,68114.872768232424,73682
/Users/a/Ayanami/code/TSP/data/classic/tsplib/pr152.tsp,hybrid-reverse,728,polyak,507,68095.617985519435,68114.872768232424,73682
/Users/a/Ayanami/code/TSP/data/classic/tsplib/pr152.tsp,hybrid-reverse,729,polyak,508,68108.513281860578,68114.872768232424,73682
/Users/a/Ayanami/code/TSP/data/classic/tsplib/pr152.tsp,hybrid-reverse,730,polyak,509,68091.050132444972,68114.872768232424,73682
/Users/a/Ayanami/code/TSP/data/classic/tsplib/pr152.tsp,hybrid-reverse,731,polyak,510,68106.830188513995,68114.872768232424,73682
/Users/a/Ayanami/code/TSP/data/classic/tsplib/pr152.tsp,hybrid-reverse,732,polyak,511,68103.572095096795,68114.872768232424,73682
/Users/a/Ayanami/code/TSP/data/classic/tsplib/pr152.tsp,hybrid-reverse,733,polyak,512,68098.149744999217,68114.872768232424,73682
/Users/a/Ayanami/code/TSP/data/classic/tsplib/pr152.tsp,hybrid-reverse,734,polyak,513,68111.103371848614,68114.872768232424,73682
/Users/a/Ayanami/code/TSP/data/classic/tsplib/pr152.tsp,hybrid-reverse,735,polyak,514,68093.129338157873,68114.872768232424,73682
/Users/a/Ayanami/code/TSP/data/classic/tsplib/pr152.tsp,hybrid-reverse,736,polyak,515,68113.629980372425,68114.872768232424,73682
/Users/a/Ayanami/code/TSP/data/classic/tsplib/pr152.tsp,hybrid-reverse,737,polyak,516,68090.165130575842,68114.872768232424,73682
/Users/a/Ayanami/code/TSP/data/classic/tsplib/pr152.tsp,hybrid-reverse,738,polyak,517,68104.971759655571,68114.872768232424,73682
/Users/a/Ayanami/code/TSP/data/classic/tsplib/pr152.tsp,hybrid-reverse,739,polyak,518,68110.09294567375,68114.872768232424,73682
/Users/a/Ayanami/code/TSP/data/classic/tsplib/pr152.tsp,hybrid-reverse,740,polyak,519,68117.078584844436,68117.078584844436,73682
/Users/a/Ayanami/code/TSP/data/classic/tsplib/pr152.tsp,hybrid-reverse,741,polyak,520,68111.405976900496,68117.078584844436,73682
/Users/a/Ayanami/code/TSP/data/classic/tsplib/pr152.tsp,hybrid-reverse,742,polyak,521,68120.545626364881,68120.545626364881,73682
/Users/a/Ayanami/code/TSP/data/classic/tsplib/pr152.tsp,hybrid-reverse,743,polyak,522,68114.277289845049,68120.545626364881,73682
/Users/a/Ayanami/code/TSP/data/classic/tsplib/pr152.tsp,hybrid-reverse,744,polyak,523,68121.066066758562,68121.066066758562,73682
/Users/a/Ayanami/code/TSP/data/classic/tsplib/pr152.tsp,hybrid-reverse,745,polyak,524,68114.324998176642,68121.066066758562,73682
/Users/a/Ayanami/code/TSP/data/classic/tsplib/pr152.tsp,hybrid-reverse,746,polyak,525,68117.33472422442,68121.066066758562,73682
/Users/a/Ayanami/code/TSP/data/classic/tsplib/pr152.tsp,hybrid-reverse,747,polyak,526,68122.590998393905,68122.590998393905,73682
/Users/a/Ayanami/code/TSP/data/classic/tsplib/pr152.tsp,hybrid-reverse,748,polyak,527,68109.95588792715,68122.590998393905,73682
/Users/a/Ayanami/code/TSP/data/classic/tsplib/pr152.tsp,hybrid-reverse,749,polyak,528,68124.169901047891,68124.169901047891,73682
/Users/a/Ayanami/code/TSP/data/classic/tsplib/pr152.tsp,hybrid-reverse,750,polyak,529,68112.084917913482,68124.169901047891,73682
/Users/a/Ayanami/code/TSP/data/classic/tsplib/pr152.tsp,hybrid-reverse,751,polyak,530,68122.96664372542,68124.169901047891,73682
/Users/a/Ayanami/code/TSP/data/classic/tsplib/pr152.tsp,hybrid-reverse,752,polyak,531,68113.206443143848,68124.169901047891,73682
/Users/a/Ayanami/code/TSP/data/classic/tsplib/pr152.tsp,hybrid-reverse,753,polyak,532,68119.267915543562,68124.169901047891,73682
/Users/a/Ayanami/code/TSP/data/classic/tsplib/pr152.tsp,hybrid-reverse,754,polyak,533,68120.916191341195,68124.169901047891,73682
/Users/a/Ayanami/code/TSP/data/classic/tsplib/pr152.tsp,hybrid-reverse,755,polyak,534,68118.01528687602,68124.169901047891,73682
/Users/a/Ayanami/code/TSP/data/classic/tsplib/pr152.tsp,hybrid-reverse,756,polyak,535,68122.697460357726,68124.169901047891,73682
/Users/a/Ayanami/code/TSP/data/classic/tsplib/pr152.tsp,hybrid-reverse,757,polyak,536,68122.016304793768,68124.169901047891,73682
/Users/a/Ayanami/code/TSP/data/classic/tsplib/pr152.tsp,hybrid-reverse,758,polyak,537,68118.055342746753,68124.169901047891,73682
/Users/a/Ayanami/code/TSP/data/classic/tsplib/pr152.tsp,hybrid-reverse,759,polyak,538,68123.349034958563,68124.169901047891,73682
/Users/a/Ayanami/code/TSP/data/classic/tsplib/pr152.tsp,hybrid-reverse,760,polyak,539,68118.511879388519,68124.169901047891,73682
/Users/a/Ayanami/code/TSP/data/classic/tsplib/pr152.tsp,hybrid-reverse,761,polyak,540,68123.711171660878,68124.169901047891,73682
/Users/a/Ayanami/code/TSP/data/classic/tsplib/pr152.tsp,hybrid-reverse,762,polyak,541,68128.247179989412,68128.247179989412,73682
/Users/a/Ayanami/code/TSP/data/classic/tsplib/pr152.tsp,hybrid-reverse,763,polyak,542,68122.74979470612,68128.247179989412,73682
/Users/a/Ayanami/code/TSP/data/classic/tsplib/pr152.tsp,hybrid-reverse,764,polyak,543,68127.548134449578,68128.247179989412,73682
/Users/a/Ayanami/code/TSP/data/classic/tsplib/pr152.tsp,hybrid-reverse,765,polyak,544,68125.749279137162,68128.247179989412,73682
/Users/a/Ayanami/code/TSP/data/classic/tsplib/pr152.tsp,hybrid-reverse,766,polyak,545,68128.009961159129,68128.247179989412,73682
/Users/a/Ayanami/code/TSP/data/classic/tsplib/pr152.tsp,hybrid-reverse,767,polyak,546,68125.826673731543,68128.247179989412,73682
/Users/a/Ayanami/code/TSP/data/classic/tsplib/pr152.tsp,hybrid-reverse,768,polyak,547,68128.08701402336,68128.247179989412,73682
/Users/a/Ayanami/code/TSP/data/classic/tsplib/pr152.tsp,hybrid-reverse,769,polyak,548,68127.545461575719,68128.247179989412,73682
/Users/a/Ayanami/code/TSP/data/classic/tsplib/pr152.tsp,hybrid-reverse,770,polyak,549,68129.079250268886,68129.079250268886,73682
/Users/a/Ayanami/code/TSP/data/classic/tsplib/pr152.tsp,hybrid-reverse,771,polyak,550,68126.388863025131,68129.079250268886,73682
/Users/a/Ayanami/code/TSP/data/classic/tsplib/pr152.tsp,hybrid-reverse,772,polyak,551,68129.196637836358,68129.196637836358,73682
/Users/a/Ayanami/code/TSP/data/classic/tsplib/pr152.tsp,hybrid-reverse,773,polyak,552,68127.010645538714,68129.196637836358,73682
/Users/a/Ayanami/code/TSP/data/classic/tsplib/pr152.tsp,hybrid-reverse,774,polyak,553,68129.20343875757,68129.20343875757,73682
/Users/a/Ayanami/code/TSP/data/classic/tsplib/pr152.tsp,hybrid-reverse,775,polyak,554,68126.231251279838,68129.20343875757,73682
/Users/a/Ayanami/code/TSP/data/classic/tsplib/pr152.tsp,hybrid-reverse,776,polyak,555,68130.823699361761,68130.823699361761,73682
/Users/a/Ayanami/code/TSP/data/classic/tsplib/pr152.tsp,hybrid-reverse,777,polyak,556,68125.779414681616,68130.823699361761,73682
/Users/a/Ayanami/code/TSP/data/classic/tsplib/pr152.tsp,hybrid-reverse,778,polyak,557,68130.658634679494,68130.823699361761,73682
/Users/a/Ayanami/code/TSP/data/classic/tsplib/pr152.tsp,hybrid-reverse,779,polyak,558,68123.766120364846,68130.823699361761,73682
/Users/a/Ayanami/code/TSP/data/classic/tsplib/pr152.tsp,hybrid-reverse,780,polyak,559,68129.538142279896,68130.823699361761,73682
/Users/a/Ayanami/code/TSP/data/classic/tsplib/pr152.tsp,hybrid-reverse,781,polyak,560,68128.991395292396,68130.823699361761,73682
/Users/a/Ayanami/code/TSP/data/classic/tsplib/pr152.tsp,hybrid-reverse,782,polyak,561,68127.238503480403,68130.823699361761,73682
/Users/a/Ayanami/code/TSP/data/classic/tsplib/pr152.tsp,hybrid-reverse,783,polyak,562,68131.3418781035,68131.3418781035,73682
/Users/a/Ayanami/code/TSP/data/classic/tsplib/pr152.tsp,hybrid-reverse,784,polyak,563,68126.853584603276,68131.3418781035,73682
/Users/a/Ayanami/code/TSP/data/classic/tsplib/pr152.tsp,hybrid-reverse,785,polyak,564,68130.210964698796,68131.3418781035,73682
/Users/a/Ayanami/code/TSP/data/classic/tsplib/pr152.tsp,hybrid-reverse,786,polyak,565,68127.875941915161,68131.3418781035,73682
/Users/a/Ayanami/code/TSP/data/classic/tsplib/pr152.tsp,hybrid-reverse,787,polyak,566,68131.345283642731,68131.345283642731,73682
/Users/a/Ayanami/code/TSP/data/classic/tsplib/pr152.tsp,hybrid-reverse,788,polyak,567,68128.733573898513,68131.345283642731,73682
/Users/a/Ayanami/code/TSP/data/classic/tsplib/pr152.tsp,hybrid-reverse,789,polyak,568,68129.76853116836,68131.345283642731,73682
/Users/a/Ayanami/code/TSP/data/classic/tsplib/pr152.tsp,hybrid-reverse,790,polyak,569,68132.732382748145,68132.732382748145,73682
/Users/a/Ayanami/code/TSP/data/classic/tsplib/pr152.tsp,hybrid-reverse,791,polyak,570,68130.179322475902,68132.732382748145,73682
/Users/a/Ayanami/code/TSP/data/classic/tsplib/pr152.tsp,hybrid-reverse,792,polyak,571,68128.851115981044,68132.732382748145,73682
/Users/a/Ayanami/code/TSP/data/classic/tsplib/pr152.tsp,hybrid-reverse,793,polyak,572,68129.821632527674,68132.732382748145,73682
/Users/a/Ayanami/code/TSP/data/classic/tsplib/pr152.tsp,hybrid-reverse,794,polyak,573,68132.061959874802,68132.732382748145,73682
/Users/a/Ayanami/code/TSP/data/classic/tsplib/pr152.tsp,hybrid-reverse,795,polyak,574,68128.354025281471,68132.732382748145,73682
/Users/a/Ayanami/code/TSP/data/classic/tsplib/pr152.tsp,hybrid-reverse,796,polyak,575,68132.253904708909,68132.732382748145,73682
/Users/a/Ayanami/code/TSP/data/classic/tsplib/pr152.tsp,hybrid-reverse,797,polyak,576,68130.215461809901,68132.732382748145,73682
/Users/a/Ayanami/code/TSP/data/classic/tsplib/pr152.tsp,hybrid-reverse,798,polyak,577,68130.307495533169,68132.732382748145,73682
/Users/a/Ayanami/code/TSP/data/classic/tsplib/pr152.tsp,hybrid-reverse,799,polyak,578,68131.548791997906,68132.732382748145,73682
/Users/a/Ayanami/code/TSP/data/classic/tsplib/pr152.tsp,hybrid-reverse,800,polyak,579,68130.004885832517,68132.732382748145,73682
/Users/a/Ayanami/code/TSP/data/classic/tsplib/pr152.tsp,hybrid-reverse,801,polyak,580,68131.356574525184,68132.732382748145,73682
/Users/a/Ayanami/code/TSP/data/classic/tsplib/pr152.tsp,hybrid-reverse,802,polyak,581,68132.157294267119,68132.732382748145,73682
/Users/a/Ayanami/code/TSP/data/classic/tsplib/pr152.tsp,hybrid-reverse,803,polyak,582,68132.807278589753,68132.807278589753,73682
/Users/a/Ayanami/code/TSP/data/classic/tsplib/pr152.tsp,hybrid-reverse,804,polyak,583,68131.735826333257,68132.807278589753,73682
/Users/a/Ayanami/code/TSP/data/classic/tsplib/pr152.tsp,hybrid-reverse,805,polyak,584,68134.426399714735,68134.426399714735,73682
/Users/a/Ayanami/code/TSP/data/classic/tsplib/pr152.tsp,hybrid-reverse,806,polyak,585,68132.686151111775,68134.426399714735,73682
/Users/a/Ayanami/code/TSP/data/classic/tsplib/pr152.tsp,hybrid-reverse,807,polyak,586,68134.844495539975,68134.844495539975,73682
/Users/a/Ayanami/code/TSP/data/classic/tsplib/pr152.tsp,hybrid-reverse,808,polyak,587,68131.612081823361,68134.844495539975,73682
/Users/a/Ayanami/code/TSP/data/classic/tsplib/pr152.tsp,hybrid-reverse,809,polyak,588,68133.465544962499,68134.844495539975,73682
/Users/a/Ayanami/code/TSP/data/classic/tsplib/pr152.tsp,hybrid-reverse,810,polyak,589,68133.507328465479,68134.844495539975,73682
/Users/a/Ayanami/code/TSP/data/classic/tsplib/pr152.tsp,hybrid-reverse,811,polyak,590,68132.564422763913,68134.844495539975,73682
/Users/a/Ayanami/code/TSP/data/classic/tsplib/pr152.tsp,hybrid-reverse,812,polyak,591,68135.071125647359,68135.071125647359,73682
/Users/a/Ayanami/code/TSP/data/classic/tsplib/pr152.tsp,hybrid-reverse,813,polyak,592,68132.722557195069,68135.071125647359,73682
/Users/a/Ayanami/code/TSP/data/classic/tsplib/pr152.tsp,hybrid-reverse,814,polyak,593,68133.913450593755,68135.071125647359,73682
/Users/a/Ayanami/code/TSP/data/classic/tsplib/pr152.tsp,hybrid-reverse,815,polyak,594,68134.133648696428,68135.071125647359,73682
/Users/a/Ayanami/code/TSP/data/classic/tsplib/pr152.tsp,hybrid-reverse,816,polyak,595,68135.329178896005,68135.329178896005,73682
/Users/a/Ayanami/code/TSP/data/classic/tsplib/pr152.tsp,hybrid-reverse,817,polyak,596,68134.828375061043,68135.329178896005,73682
/Users/a/Ayanami/code/TSP/data/classic/tsplib/pr152.tsp,hybrid-reverse,818,polyak,597,68135.921884805255,68135.921884805255,73682
/Users/a/Ayanami/code/TSP/data/classic/tsplib/pr152.tsp,hybrid-reverse,819,polyak,598,68131.722230999876,68135.921884805255,73682
/Users/a/Ayanami/code/TSP/data/classic/tsplib/pr152.tsp,hybrid-reverse,820,polyak,599,68134.231211835242,68135.921884805255,73682
/Users/a/Ayanami/code/TSP/data/classic/tsplib/pr152.tsp,hybrid-reverse,821,polyak,600,68134.550603833646,68135.921884805255,73682
/Users/a/Ayanami/code/TSP/data/classic/tsplib/pr152.tsp,hybrid-reverse,822,polyak,601,68134.825873462629,68135.921884805255,73682
/Users/a/Ayanami/code/TSP/data/classic/tsplib/pr152.tsp,hybrid-reverse,823,polyak,602,68134.688353207152,68135.921884805255,73682
/Users/a/Ayanami/code/TSP/data/classic/tsplib/pr152.tsp,hybrid-reverse,824,polyak,603,68135.041808019931,68135.921884805255,73682
/Users/a/Ayanami/code/TSP/data/classic/tsplib/pr152.tsp,hybrid-reverse,825,polyak,604,68132.977362667603,68135.921884805255,73682
/Users/a/Ayanami/code/TSP/data/classic/tsplib/pr152.tsp,hybrid-reverse,826,polyak,605,68135.150848147154,68135.921884805255,73682
/Users/a/Ayanami/code/TSP/data/classic/tsplib/pr152.tsp,hybrid-reverse,827,polyak,606,68133.865367811741,68135.921884805255,73682
/Users/a/Ayanami/code/TSP/data/classic/tsplib/pr152.tsp,hybrid-reverse,828,polyak,607,68135.817375591578,68135.921884805255,73682
/Users/a/Ayanami/code/TSP/data/classic/tsplib/pr152.tsp,hybrid-reverse,829,polyak,608,68134.027900058267,68135.921884805255,73682
/Users/a/Ayanami/code/TSP/data/classic/tsplib/pr152.tsp,hybrid-reverse,830,polyak,609,68135.278743359755,68135.921884805255,73682
/Users/a/Ayanami/code/TSP/data/classic/tsplib/pr152.tsp,hybrid-reverse,831,polyak,610,68135.803123088059,68135.921884805255,73682
/Users/a/Ayanami/code/TSP/data/classic/tsplib/pr152.tsp,hybrid-reverse,832,polyak,611,68136.203141127655,68136.203141127655,73682
/Users/a/Ayanami/code/TSP/data/classic/tsplib/pr152.tsp,hybrid-reverse,833,polyak,612,68136.213640603033,68136.213640603033,73682
/Users/a/Ayanami/code/TSP/data/classic/tsplib/pr152.tsp,hybrid-reverse,834,polyak,613,68136.54054536797,68136.54054536797,73682
/Users/a/Ayanami/code/TSP/data/classic/tsplib/pr152.tsp,hybrid-reverse,835,polyak,614,68136.421251935477,68136.54054536797,73682
/Users/a/Ayanami/code/TSP/data/classic/tsplib/pr152.tsp,hybrid-reverse,836,polyak,615,68137.047618702753,68137.047618702753,73682
/Users/a/Ayanami/code/TSP/data/classic/tsplib/pr152.tsp,hybrid-reverse,837,polyak,616,68136.104676843504,68137.047618702753,73682
/Users/a/Ayanami/code/TSP/data/classic/tsplib/pr152.tsp,hybrid-reverse,838,polyak,617,68137.068619587619,68137.068619587619,73682
/Users/a/Ayanami/code/TSP/data/classic/tsplib/pr152.tsp,hybrid-reverse,839,polyak,618,68136.792555860826,68137.068619587619,73682
/Users/a/Ayanami/code/TSP/data/classic/tsplib/pr152.tsp,hybrid-reverse,840,polyak,619,68136.217511933108,68137.068619587619,73682
/Users/a/Ayanami/code/TSP/data/classic/tsplib/pr152.tsp,hybrid-reverse,841,polyak,620,68137.254034634359,68137.254034634359,73682
/Users/a/Ayanami/code/TSP/data/classic/tsplib/pr152.tsp,hybrid-reverse,842,polyak,621,68136.757393634252,68137.254034634359,73682
/Users/a/Ayanami/code/TSP/data/classic/tsplib/pr152.tsp,hybrid-reverse,843,polyak,622,68137.004695106909,68137.254034634359,73682
/Users/a/Ayanami/code/TSP/data/classic/tsplib/pr152.tsp,hybrid-reverse,844,polyak,623,68136.669244980789,68137.254034634359,73682
/Users/a/Ayanami/code/TSP/data/classic/tsplib/pr152.tsp,hybrid-reverse,845,polyak,624,68137.654804464328,68137.654804464328,73682
/Users/a/Ayanami/code/TSP/data/classic/tsplib/pr152.tsp,hybrid-reverse,846,polyak,625,68136.061247223566,68137.654804464328,73682
/Users/a/Ayanami/code/TSP/data/classic/tsplib/pr152.tsp,hybrid-reverse,847,polyak,626,68137.217186093694,68137.654804464328,73682
/Users/a/Ayanami/code/TSP/data/classic/tsplib/pr152.tsp,hybrid-reverse,848,polyak,627,68135.810516583573,68137.654804464328,73682
/Users/a/Ayanami/code/TSP/data/classic/tsplib/pr152.tsp,hybrid-reverse,849,polyak,628,68137.164990668694,68137.654804464328,73682
/Users/a/Ayanami/code/TSP/data/classic/tsplib/pr152.tsp,hybrid-reverse,850,polyak,629,68137.169105649678,68137.654804464328,73682
/Users/a/Ayanami/code/TSP/data/classic/tsplib/pr152.tsp,hybrid-reverse,851,polyak,630,68136.655469665187,68137.654804464328,73682
/Users/a/Ayanami/code/TSP/data/classic/tsplib/pr152.tsp,hybrid-reverse,852,polyak,631,68137.120044800686,68137.654804464328,73682
/Users/a/Ayanami/code/TSP/data/classic/tsplib/pr152.tsp,hybrid-reverse,853,polyak,632,68137.70226710556,68137.70226710556,73682
/Users/a/Ayanami/code/TSP/data/classic/tsplib/pr152.tsp,hybrid-reverse,854,polyak,633,68136.392583385968,68137.70226710556,73682
/Users/a/Ayanami/code/TSP/data/classic/tsplib/pr152.tsp,hybrid-reverse,855,polyak,634,68137.246079034347,68137.70226710556,73682
/Users/a/Ayanami/code/TSP/data/classic/tsplib/pr152.tsp,hybrid-reverse,856,polyak,635,68137.686963303553,68137.70226710556,73682
/Users/a/Ayanami/code/TSP/data/classic/tsplib/pr152.tsp,hybrid-reverse,857,polyak,636,68136.647628800274,68137.70226710556,73682
/Users/a/Ayanami/code/TSP/data/classic/tsplib/pr152.tsp,hybrid-reverse,858,polyak,637,68137.659022038075,68137.70226710556,73682
/Users/a/Ayanami/code/TSP/data/classic/tsplib/pr152.tsp,hybrid-reverse,859,polyak,638,68136.517871110453,68137.70226710556,73682
/Users/a/Ayanami/code/TSP/data/classic/tsplib/pr152.tsp,hybrid-reverse,860,polyak,639,68137.540173936359,68137.70226710556,73682
/Users/a/Ayanami/code/TSP/data/classic/tsplib/pr152.tsp,hybrid-reverse,861,polyak,640,68137.077500613508,68137.70226710556,73682
/Users/a/Ayanami/code/TSP/data/classic/tsplib/pr152.tsp,hybrid-reverse,862,polyak,641,68137.32590833916,68137.70226710556,73682
/Users/a/Ayanami/code/TSP/data/classic/tsplib/pr152.tsp,hybrid-reverse,863,polyak,642,68137.12111989074,68137.70226710556,73682
/Users/a/Ayanami/code/TSP/data/classic/tsplib/pr152.tsp,hybrid-reverse,864,polyak,643,68137.85190832935,68137.85190832935,73682
/Users/a/Ayanami/code/TSP/data/classic/tsplib/pr152.tsp,hybrid-reverse,865,polyak,644,68136.307825871307,68137.85190832935,73682
/Users/a/Ayanami/code/TSP/data/classic/tsplib/pr152.tsp,hybrid-reverse,866,polyak,645,68137.992666260718,68137.992666260718,73682
/Users/a/Ayanami/code/TSP/data/classic/tsplib/pr152.tsp,hybrid-reverse,867,polyak,646,68136.155262074157,68137.992666260718,73682
/Users/a/Ayanami/code/TSP/data/classic/tsplib/pr152.tsp,hybrid-reverse,868,polyak,647,68137.352038238794,68137.992666260718,73682
/Users/a/Ayanami/code/TSP/data/classic/tsplib/pr152.tsp,hybrid-reverse,869,polyak,648,68137.623371605878,68137.992666260718,73682
/Users/a/Ayanami/code/TSP/data/classic/tsplib/pr152.tsp,hybrid-reverse,870,polyak,649,68136.790302789697,68137.992666260718,73682
/Users/a/Ayanami/code/TSP/data/classic/tsplib/pr152.tsp,hybrid-reverse,871,polyak,650,68138.016171329306,68138.016171329306,73682
/Users/a/Ayanami/code/TSP/data/classic/tsplib/pr152.tsp,hybrid-reverse,872,polyak,651,68136.272198253864,68138.016171329306,73682
/Users/a/Ayanami/code/TSP/data/classic/tsplib/pr152.tsp,hybrid-reverse,873,polyak,652,68137.518930079692,68138.016171329306,73682
/Users/a/Ayanami/code/TSP/data/classic/tsplib/pr152.tsp,hybrid-reverse,874,polyak,653,68137.309723543149,68138.016171329306,73682
/Users/a/Ayanami/code/TSP/data/classic/tsplib/pr152.tsp,hybrid-reverse,875,polyak,654,68137.45033428719,68138.016171329306,73682
/Users/a/Ayanami/code/TSP/data/classic/tsplib/pr152.tsp,hybrid-reverse,876,polyak,655,68138.158213264513,68138.158213264513,73682
/Users/a/Ayanami/code/TSP/data/classic/tsplib/pr152.tsp,hybrid-reverse,877,polyak,656,68136.725436707537,68138.158213264513,73682
/Users/a/Ayanami/code/TSP/data/classic/tsplib/pr152.tsp,hybrid-reverse,878,polyak,657,68137.626353199157,68138.158213264513,73682
/Users/a/Ayanami/code/TSP/data/classic/tsplib/pr152.tsp,hybrid-reverse,879,polyak,658,68137.382049582709,68138.158213264513,73682
/Users/a/Ayanami/code/TSP/data/classic/tsplib/pr152.tsp,hybrid-reverse,880,polyak,659,68137.583308068133,68138.158213264513,73682
/Users/a/Ayanami/code/TSP/data/classic/tsplib/pr152.tsp,hybrid-reverse,881,polyak,660,68138.256670529154,68138.256670529154,73682
/Users/a/Ayanami/code/TSP/data/classic/tsplib/pr152.tsp,hybrid-reverse,882,polyak,661,68137.697880548993,68138.256670529154,73682
/Users/a/Ayanami/code/TSP/data/classic/tsplib/pr152.tsp,hybrid-reverse,883,polyak,662,68137.761407530415,68138.256670529154,73682
/Users/a/Ayanami/code/TSP/data/classic/tsplib/pr152.tsp,hybrid-reverse,884,polyak,663,68137.860047391761,68138.256670529154,73682
/Users/a/Ayanami/code/TSP/data/classic/tsplib/pr152.tsp,hybrid-reverse,885,polyak,664,68138.491883816198,68138.491883816198,73682
/Users/a/Ayanami/code/TSP/data/classic/tsplib/pr152.tsp,hybrid-reverse,886,polyak,665,68136.868664929541,68138.491883816198,73682
/Users/a/Ayanami/code/TSP/data/classic/tsplib/pr152.tsp,hybrid-reverse,887,polyak,666,68138.032706532365,68138.491883816198,73682
/Users/a/Ayanami/code/TSP/data/classic/tsplib/pr152.tsp,hybrid-reverse,888,polyak,667,68137.632859795354,68138.491883816198,73682
/Users/a/Ayanami/code/TSP/data/classic/tsplib/pr152.tsp,hybrid-reverse,889,polyak,668,68138.033145200097,68138.491883816198,73682
/Users/a/Ayanami/code/TSP/data/classic/tsplib/pr152.tsp,hybrid-reverse,890,polyak,669,68137.675452206022,68138.491883816198,73682
/Users/a/Ayanami/code/TSP/data/classic/tsplib/pr152.tsp,hybrid-reverse,891,polyak,670,68137.924561339241,68138.491883816198,73682
/Users/a/Ayanami/code/TSP/data/classic/tsplib/pr152.tsp,hybrid-reverse,892,polyak,671,68138.150473475514,68138.491883816198,73682
/Users/a/Ayanami/code/TSP/data/classic/tsplib/pr152.tsp,hybrid-reverse,893,polyak,672,68138.642100986472,68138.642100986472,73682
/Users/a/Ayanami/code/TSP/data/classic/tsplib/pr152.tsp,hybrid-reverse,894,polyak,673,68137.022059962896,68138.642100986472,73682
/Users/a/Ayanami/code/TSP/data/classic/tsplib/pr152.tsp,hybrid-reverse,895,polyak,674,68138.09181459785,68138.642100986472,73682
/Users/a/Ayanami/code/TSP/data/classic/tsplib/pr152.tsp,hybrid-reverse,896,polyak,675,68138.30778679582,68138.642100986472,73682
/Users/a/Ayanami/code/TSP/data/classic/tsplib/pr152.tsp,hybrid-reverse,897,polyak,676,68137.92622945756,68138.642100986472,73682
/Users/a/Ayanami/code/TSP/data/classic/tsplib/pr152.tsp,hybrid-reverse,898,polyak,677,68137.734785549605,68138.642100986472,73682
/Users/a/Ayanami/code/TSP/data/classic/tsplib/pr152.tsp,hybrid-reverse,899,polyak,678,68138.646483391814,68138.646483391814,73682
/Users/a/Ayanami/code/TSP/data/classic/tsplib/pr152.tsp,hybrid-reverse,900,polyak,679,68138.835038580073,68138.835038580073,73682
/Users/a/Ayanami/code/TSP/data/classic/tsplib/pr152.tsp,hybrid-reverse,901,polyak,680,68137.235344114917,68138.835038580073,73682
/Users/a/Ayanami/code/TSP/data/classic/tsplib/pr152.tsp,hybrid-reverse,902,polyak,681,68138.452706020325,68138.835038580073,73682
/Users/a/Ayanami/code/TSP/data/classic/tsplib/pr152.tsp,hybrid-reverse,903,polyak,682,68136.91607725191,68138.835038580073,73682
/Users/a/Ayanami/code/TSP/data/classic/tsplib/pr152.tsp,hybrid-reverse,904,polyak,683,68138.120277429654,68138.835038580073,73682
/Users/a/Ayanami/code/TSP/data/classic/tsplib/pr152.tsp,hybrid-reverse,905,polyak,684,68138.556460317166,68138.835038580073,73682
/Users/a/Ayanami/code/TSP/data/classic/tsplib/pr152.tsp,hybrid-reverse,906,polyak,685,68137.63369879841,68138.835038580073,73682
/Users/a/Ayanami/code/TSP/data/classic/tsplib/pr152.tsp,hybrid-reverse,907,polyak,686,68138.508256299392,68138.835038580073,73682
/Users/a/Ayanami/code/TSP/data/classic/tsplib/pr152.tsp,hybrid-reverse,908,polyak,687,68137.897942858457,68138.835038580073,73682
/Users/a/Ayanami/code/TSP/data/classic/tsplib/pr152.tsp,hybrid-reverse,909,polyak,688,68138.455018009976,68138.835038580073,73682
/Users/a/Ayanami/code/TSP/data/classic/tsplib/pr152.tsp,hybrid-reverse,910,polyak,689,68137.736611865708,68138.835038580073,73682
/Users/a/Ayanami/code/TSP/data/classic/tsplib/pr152.tsp,hybrid-reverse,911,polyak,690,68138.600035358424,68138.835038580073,73682
/Users/a/Ayanami/code/TSP/data/classic/tsplib/pr152.tsp,hybrid-reverse,912,polyak,691,68138.001201646402,68138.835038580073,73682
/Users/a/Ayanami/code/TSP/data/classic/tsplib/pr152.tsp,hybrid-reverse,913,polyak,692,68138.878598046547,68138.878598046547,73682
/Users/a/Ayanami/code/TSP/data/classic/tsplib/pr152.tsp,hybrid-reverse,914,polyak,693,68138.679960087466,68138.878598046547,73682
/Users/a/Ayanami/code/TSP/data/classic/tsplib/pr152.tsp,hybrid-reverse,915,polyak,694,68139.113769324322,68139.113769324322,73682
/Users/a/Ayanami/code/TSP/data/classic/tsplib/pr152.tsp,hybrid-reverse,916,polyak,695,68138.782441792646,68139.113769324322,73682
/Users/a/Ayanami/code/TSP/data/classic/tsplib/pr152.tsp,hybrid-reverse,917,polyak,696,68138.94997822227,68139.113769324322,73682
/Users/a/Ayanami/code/TSP/data/classic/tsplib/pr152.tsp,hybrid-reverse,918,polyak,697,68139.162589313375,68139.162589313375,73682
/Users/a/Ayanami/code/TSP/data/classic/tsplib/pr152.tsp,hybrid-reverse,919,polyak,698,68138.71865519257,68139.162589313375,73682
/Users/a/Ayanami/code/TSP/data/classic/tsplib/pr152.tsp,hybrid-reverse,920,polyak,699,68139.11423255819,68139.162589313375,73682
/Users/a/Ayanami/code/TSP/data/classic/tsplib/pr152.tsp,hybrid-reverse,921,polyak,700,68138.776874192728,68139.162589313375,73682
/Users/a/Ayanami/code/TSP/data/classic/tsplib/pr152.tsp,hybrid-reverse,922,polyak,701,68139.463875988557,68139.463875988557,73682
/Users/a/Ayanami/code/TSP/data/classic/tsplib/pr152.tsp,hybrid-reverse,923,polyak,702,68139.044597686414,68139.463875988557,73682
/Users/a/Ayanami/code/TSP/data/classic/tsplib/pr152.tsp,hybrid-reverse,924,polyak,703,68139.401200350811,68139.463875988557,73682
/Users/a/Ayanami/code/TSP/data/classic/tsplib/pr152.tsp,hybrid-reverse,925,polyak,704,68138.862794277899,68139.463875988557,73682
/Users/a/Ayanami/code/TSP/data/classic/tsplib/pr152.tsp,hybrid-reverse,926,polyak,705,68139.515090062254,68139.515090062254,73682
/Users/a/Ayanami/code/TSP/data/classic/tsplib/pr152.tsp,hybrid-reverse,927,polyak,706,68138.81072323602,68139.515090062254,73682
/Users/a/Ayanami/code/TSP/data/classic/tsplib/pr152.tsp,hybrid-reverse,928,polyak,707,68139.292411249393,68139.515090062254,73682
/Users/a/Ayanami/code/TSP/data/classic/tsplib/pr152.tsp,hybrid-reverse,929,polyak,708,68139.410908766367,68139.515090062254,73682
/Users/a/Ayanami/code/TSP/data/classic/tsplib/pr152.tsp,hybrid-reverse,930,polyak,709,68138.930410274348,68139.515090062254,73682
/Users/a/Ayanami/code/TSP/data/classic/tsplib/pr152.tsp,hybrid-reverse,931,polyak,710,68139.427119920118,68139.515090062254,73682
/Users/a/Ayanami/code/TSP/data/classic/tsplib/pr152.tsp,hybrid-reverse,932,polyak,711,68139.370789073742,68139.515090062254,73682
/Users/a/Ayanami/code/TSP/data/classic/tsplib/pr152.tsp,hybrid-reverse,933,polyak,712,68139.271109596506,68139.515090062254,73682
/Users/a/Ayanami/code/TSP/data/classic/tsplib/pr152.tsp,hybrid-reverse,934,polyak,713,68139.17407650649,68139.515090062254,73682
/Users/a/Ayanami/code/TSP/data/classic/tsplib/pr152.tsp,hybrid-reverse,935,polyak,714,68139.355249894608,68139.515090062254,73682
/Users/a/Ayanami/code/TSP/data/classic/tsplib/pr152.tsp,hybrid-reverse,936,polyak,715,68139.413302565037,68139.515090062254,73682
/Users/a/Ayanami/code/TSP/data/classic/tsplib/pr152.tsp,hybrid-reverse,937,polyak,716,68139.58873198615,68139.58873198615,73682
/Users/a/Ayanami/code/TSP/data/classic/tsplib/pr152.tsp,hybrid-reverse,938,polyak,717,68139.009050845416,68139.58873198615,73682
/Users/a/Ayanami/code/TSP/data/classic/tsplib/pr152.tsp,hybrid-reverse,939,polyak,718,68139.703768941326,68139.703768941326,73682
/Users/a/Ayanami/code/TSP/data/classic/tsplib/pr152.tsp,hybrid-reverse,940,polyak,719,68138.910793392119,68139.703768941326,73682
/Users/a/Ayanami/code/TSP/data/classic/tsplib/pr152.tsp,hybrid-reverse,941,polyak,720,68139.400552045729,68139.703768941326,73682
/Users/a/Ayanami/code/TSP/data/classic/tsplib/pr152.tsp,hybrid-reverse,942,polyak,721,68139.306180739775,68139.703768941326,73682
/Users/a/Ayanami/code/TSP/data/classic/tsplib/pr152.tsp,hybrid-reverse,943,polyak,722,68139.361233577278,68139.703768941326,73682
/Users/a/Ayanami/code/TSP/data/classic/tsplib/pr152.tsp,hybrid-reverse,944,polyak,723,68139.516781618091,68139.703768941326,73682
/Users/a/Ayanami/code/TSP/data/classic/tsplib/pr152.tsp,hybrid-reverse,945,polyak,724,68139.310276180142,68139.703768941326,73682
/Users/a/Ayanami/code/TSP/data/classic/tsplib/pr152.tsp,hybrid-reverse,946,polyak,725,68139.486093397412,68139.703768941326,73682
/Users/a/Ayanami/code/TSP/data/classic/tsplib/pr152.tsp,hybrid-reverse,947,polyak,726,68139.016708756637,68139.703768941326,73682
/Users/a/Ayanami/code/TSP/data/classic/tsplib/pr152.tsp,hybrid-reverse,948,polyak,727,68139.661079366328,68139.703768941326,73682
/Users/a/Ayanami/code/TSP/data/classic/tsplib/pr152.tsp,hybrid-reverse,949,polyak,728,68139.021238749148,68139.703768941326,73682
/Users/a/Ayanami/code/TSP/data/classic/tsplib/pr152.tsp,hybrid-reverse,950,polyak,729,68139.656231308618,68139.703768941326,73682
/Users/a/Ayanami/code/TSP/data/classic/tsplib/pr152.tsp,hybrid-reverse,951,polyak,730,68139.202990530495,68139.703768941326,73682
/Users/a/Ayanami/code/TSP/data/classic/tsplib/pr152.tsp,hybrid-reverse,952,polyak,731,68139.630056215858,68139.703768941326,73682
/Users/a/Ayanami/code/TSP/data/classic/tsplib/pr152.tsp,hybrid-reverse,953,polyak,732,68139.754346014553,68139.754346014553,73682
/Users/a/Ayanami/code/TSP/data/classic/tsplib/pr152.tsp,hybrid-reverse,954,polyak,733,68139.716926227993,68139.754346014553,73682
/Users/a/Ayanami/code/TSP/data/classic/tsplib/pr152.tsp,hybrid-reverse,955,polyak,734,68139.861199850449,68139.861199850449,73682
/Users/a/Ayanami/code/TSP/data/classic/tsplib/pr152.tsp,hybrid-reverse,956,polyak,735,68139.796473807379,68139.861199850449,73682
/Users/a/Ayanami/code/TSP/data/classic/tsplib/pr152.tsp,hybrid-reverse,957,polyak,736,68139.967097775778,68139.967097775778,73682
/Users/a/Ayanami/code/TSP/data/classic/tsplib/pr152.tsp,hybrid-reverse,958,polyak,737,68139.655113861416,68139.967097775778,73682
/Users/a/Ayanami/code/TSP/data/classic/tsplib/pr152.tsp,hybrid-reverse,959,polyak,738,68139.932592159588,68139.967097775778,73682
/Users/a/Ayanami/code/TSP/data/classic/tsplib/pr152.tsp,hybrid-reverse,960,polyak,739,68139.897964796677,68139.967097775778,73682
/Users/a/Ayanami/code/TSP/data/classic/tsplib/pr152.tsp,hybrid-reverse,961,polyak,740,68139.936493961955,68139.967097775778,73682
/Users/a/Ayanami/code/TSP/data/classic/tsplib/pr152.tsp,hybrid-reverse,962,polyak,741,68139.805418769931,68139.967097775778,73682
/Users/a/Ayanami/code/TSP/data/classic/tsplib/pr152.tsp,hybrid-reverse,963,polyak,742,68140.049944165366,68140.049944165366,73682
/Users/a/Ayanami/code/TSP/data/classic/tsplib/pr152.tsp,hybrid-reverse,964,polyak,743,68139.598572403425,68140.049944165366,73682
/Users/a/Ayanami/code/TSP/data/classic/tsplib/pr152.tsp,hybrid-reverse,965,polyak,744,68139.756613364792,68140.049944165366,73682
/Users/a/Ayanami/code/TSP/data/classic/tsplib/pr152.tsp,hybrid-reverse,966,polyak,745,68139.858252392631,68140.049944165366,73682
/Users/a/Ayanami/code/TSP/data/classic/tsplib/pr152.tsp,hybrid-reverse,967,polyak,746,68139.955874059538,68140.049944165366,73682
/Users/a/Ayanami/code/TSP/data/classic/tsplib/pr152.tsp,hybrid-reverse,968,polyak,747,68140.082584268195,68140.082584268195,73682
/Users/a/Ayanami/code/TSP/data/classic/tsplib/pr152.tsp,hybrid-reverse,969,polyak,748,68140.02383085835,68140.082584268195,73682
/Users/a/Ayanami/code/TSP/data/classic/tsplib/pr152.tsp,hybrid-reverse,970,polyak,749,68139.896063624896,68140.082584268195,73682
/Users/a/Ayanami/code/TSP/data/classic/tsplib/pr152.tsp,hybrid-reverse,971,polyak,750,68139.963776997974,68140.082584268195,73682
/Users/a/Ayanami/code/TSP/data/classic/tsplib/pr152.tsp,hybrid-reverse,972,polyak,751,68140.049055552736,68140.082584268195,73682
/Users/a/Ayanami/code/TSP/data/classic/tsplib/pr152.tsp,hybrid-reverse,973,polyak,752,68139.875393561699,68140.082584268195,73682
/Users/a/Ayanami/code/TSP/data/classic/tsplib/pr152.tsp,hybrid-reverse,974,polyak,753,68140.019834578576,68140.082584268195,73682
/Users/a/Ayanami/code/TSP/data/classic/tsplib/pr152.tsp,hybrid-reverse,975,polyak,754,68140.082257101734,68140.082584268195,73682
/Users/a/Ayanami/code/TSP/data/classic/tsplib/pr152.tsp,hybrid-reverse,976,polyak,755,68139.848096464309,68140.082584268195,73682
/Users/a/Ayanami/code/TSP/data/classic/tsplib/pr152.tsp,hybrid-reverse,977,polyak,756,68140.147876822841,68140.147876822841,73682
/Users/a/Ayanami/code/TSP/data/classic/tsplib/pr152.tsp,hybrid-reverse,978,polyak,757,68139.706239874737,68140.147876822841,73682
/Users/a/Ayanami/code/TSP/data/classic/tsplib/pr152.tsp,hybrid-reverse,979,polyak,758,68140.036613403325,68140.147876822841,73682
/Users/a/Ayanami/code/TSP/data/classic/tsplib/pr152.tsp,hybrid-reverse,980,polyak,759,68139.988249243179,68140.147876822841,73682
/Users/a/Ayanami/code/TSP/data/classic/tsplib/pr152.tsp,hybrid-reverse,981,polyak,760,68140.005434614111,68140.147876822841,73682
/Users/a/Ayanami/code/TSP/data/classic/tsplib/pr152.tsp,hybrid-reverse,982,polyak,761,68140.107574015608,68140.147876822841,73682
/Users/a/Ayanami/code/TSP/data/classic/tsplib/pr152.tsp,hybrid-reverse,983,polyak,762,68139.938295448825,68140.147876822841,73682
/Users/a/Ayanami/code/TSP/data/classic/tsplib/pr152.tsp,hybrid-reverse,984,polyak,763,68140.045198384862,68140.147876822841,73682
/Users/a/Ayanami/code/TSP/data/classic/tsplib/pr152.tsp,hybrid-reverse,985,polyak,764,68140.200357713664,68140.200357713664,73682
/Users/a/Ayanami/code/TSP/data/classic/tsplib/pr152.tsp,hybrid-reverse,986,polyak,765,68139.825681568502,68140.200357713664,73682
/Users/a/Ayanami/code/TSP/data/classic/tsplib/pr152.tsp,hybrid-reverse,987,polyak,766,68140.02648453736,68140.200357713664,73682
/Users/a/Ayanami/code/TSP/data/classic/tsplib/pr152.tsp,hybrid-reverse,988,polyak,767,68140.055825515519,68140.200357713664,73682
/Users/a/Ayanami/code/TSP/data/classic/tsplib/pr152.tsp,hybrid-reverse,989,polyak,768,68140.261104603705,68140.261104603705,73682
/Users/a/Ayanami/code/TSP/data/classic/tsplib/pr152.tsp,hybrid-reverse,990,polyak,769,68139.93054882616,68140.261104603705,73682
/Users/a/Ayanami/code/TSP/data/classic/tsplib/pr152.tsp,hybrid-reverse,991,polyak,770,68140.149462267917,68140.261104603705,73682
/Users/a/Ayanami/code/TSP/data/classic/tsplib/pr152.tsp,hybrid-reverse,992,polyak,771,68140.071297044895,68140.261104603705,73682
/Users/a/Ayanami/code/TSP/data/classic/tsplib/pr152.tsp,hybrid-reverse,993,polyak,772,68139.919057758161,68140.261104603705,73682
/Users/a/Ayanami/code/TSP/data/classic/tsplib/pr152.tsp,hybrid-reverse,994,polyak,773,68140.231424918151,68140.261104603705,73682
/Users/a/Ayanami/code/TSP/data/classic/tsplib/pr152.tsp,hybrid-reverse,995,polyak,774,68139.908508431661,68140.261104603705,73682
/Users/a/Ayanami/code/TSP/data/classic/tsplib/pr152.tsp,hybrid-reverse,996,polyak,775,68140.107693781232,68140.261104603705,73682
/Users/a/Ayanami/code/TSP/data/classic/tsplib/pr152.tsp,hybrid-reverse,997,polyak,776,68140.133404428867,68140.261104603705,73682
/Users/a/Ayanami/code/TSP/data/classic/tsplib/pr152.tsp,hybrid-reverse,998,polyak,777,68140.185058070929,68140.261104603705,73682
/Users/a/Ayanami/code/TSP/data/classic/tsplib/pr152.tsp,hybrid-reverse,999,polyak,778,68139.844216127633,68140.261104603705,73682
/Users/a/Ayanami/code/TSP/data/classic/tsplib/pr152.tsp,hybrid-reverse,1000,polyak,779,68140.143607089791,68140.261104603705,73682
/Users/a/Ayanami/code/TSP/data/classic/tsplib/pr152.tsp,hybrid-reverse,1001,polyak,780,68140.069812034868,68140.261104603705,73682
/Users/a/Ayanami/code/TSP/data/classic/tsplib/pr152.tsp,hybrid-reverse,1002,polyak,781,68140.231013994897,68140.261104603705,73682
/Users/a/Ayanami/code/TSP/data/classic/tsplib/pr152.tsp,hybrid-reverse,1003,polyak,782,68140.284842329202,68140.284842329202,73682
/Users/a/Ayanami/code/TSP/data/classic/tsplib/pr152.tsp,hybrid-reverse,1004,polyak,783,68140.277304710617,68140.284842329202,73682
/Users/a/Ayanami/code/TSP/data/classic/tsplib/pr152.tsp,hybrid-reverse,1005,polyak,784,68140.374466916925,68140.374466916925,73682
/Users/a/Ayanami/code/TSP/data/classic/tsplib/pr152.tsp,hybrid-reverse,1006,polyak,785,68140.184274125233,68140.374466916925,73682
/Users/a/Ayanami/code/TSP/data/classic/tsplib/pr152.tsp,hybrid-reverse,1007,polyak,786,68140.278666887665,68140.374466916925,73682
/Users/a/Ayanami/code/TSP/data/classic/tsplib/pr152.tsp,hybrid-reverse,1008,polyak,787,68140.380426548654,68140.380426548654,73682
/Users/a/Ayanami/code/TSP/data/classic/tsplib/pr152.tsp,hybrid-reverse,1009,polyak,788,68140.229667570879,68140.380426548654,73682
/Users/a/Ayanami/code/TSP/data/classic/tsplib/pr152.tsp,hybrid-reverse,1010,polyak,789,68140.305387220316,68140.380426548654,73682
/Users/a/Ayanami/code/TSP/data/classic/tsplib/pr152.tsp,hybrid-reverse,1011,polyak,790,68140.408939707049,68140.408939707049,73682
/Users/a/Ayanami/code/TSP/data/classic/tsplib/pr152.tsp,hybrid-reverse,1012,polyak,791,68140.244719619048,68140.408939707049,73682
/Users/a/Ayanami/code/TSP/data/classic/tsplib/pr152.tsp,hybrid-reverse,1013,polyak,792,68140.344427783173,68140.408939707049,73682
/Users/a/Ayanami/code/TSP/data/classic/tsplib/pr152.tsp,hybrid-reverse,1014,polyak,793,68140.446887473154,68140.446887473154,73682
/Users/a/Ayanami/code/TSP/data/classic/tsplib/pr152.tsp,hybrid-reverse,1015,polyak,794,68140.331587457069,68140.446887473154,73682
/Users/a/Ayanami/code/TSP/data/classic/tsplib/pr152.tsp,hybrid-reverse,1016,polyak,795,68140.36885597746,68140.446887473154,73682
/Users/a/Ayanami/code/TSP/data/classic/tsplib/pr152.tsp,hybrid-reverse,1017,polyak,796,68140.333822888366,68140.446887473154,73682
/Users/a/Ayanami/code/TSP/data/classic/tsplib/pr152.tsp,hybrid-reverse,1018,polyak,797,68140.395206202869,68140.446887473154,73682
/Users/a/Ayanami/code/TSP/data/classic/tsplib/pr152.tsp,hybrid-reverse,1019,polyak,798,68140.381088362876,68140.446887473154,73682
/Users/a/Ayanami/code/TSP/data/classic/tsplib/pr152.tsp,hybrid-reverse,1020,polyak,799,68140.338384758856,68140.446887473154,73682
/Users/a/Ayanami/code/TSP/data/classic/tsplib/pr152.tsp,hybrid-reverse,1021,polyak,800,68140.358916253826,68140.446887473154,73682
/Users/a/Ayanami/code/TSP/data/classic/tsplib/pr152.tsp,hybrid-reverse,1022,polyak,801,68140.434049650896,68140.446887473154,73682
/Users/a/Ayanami/code/TSP/data/classic/tsplib/pr152.tsp,hybrid-reverse,1023,polyak,802,68140.396960598067,68140.446887473154,73682
/Users/a/Ayanami/code/TSP/data/classic/tsplib/pr152.tsp,hybrid-reverse,1024,polyak,803,68140.356572310047,68140.446887473154,73682
/Users/a/Ayanami/code/TSP/data/classic/tsplib/pr152.tsp,hybrid-reverse,1025,polyak,804,68140.322581219472,68140.446887473154,73682
/Users/a/Ayanami/code/TSP/data/classic/tsplib/pr152.tsp,hybrid-reverse,1026,polyak,805,68140.424111254106,68140.446887473154,73682
/Users/a/Ayanami/code/TSP/data/classic/tsplib/pr152.tsp,hybrid-reverse,1027,polyak,806,68140.308185444199,68140.446887473154,73682
/Users/a/Ayanami/code/TSP/data/classic/tsplib/pr152.tsp,hybrid-reverse,1028,polyak,807,68140.441691075073,68140.446887473154,73682
/Users/a/Ayanami/code/TSP/data/classic/tsplib/pr152.tsp,hybrid-reverse,1029,polyak,808,68140.481044514745,68140.481044514745,73682
/Users/a/Ayanami/code/TSP/data/classic/tsplib/pr152.tsp,hybrid-reverse,1030,polyak,809,68140.449841950045,68140.481044514745,73682
/Users/a/Ayanami/code/TSP/data/classic/tsplib/pr152.tsp,hybrid-reverse,1031,polyak,810,68140.523371204268,68140.523371204268,73682
/Users/a/Ayanami/code/TSP/data/classic/tsplib/pr152.tsp,hybrid-reverse,1032,polyak,811,68140.421225355662,68140.523371204268,73682
/Users/a/Ayanami/code/TSP/data/classic/tsplib/pr152.tsp,hybrid-reverse,1033,polyak,812,68140.48916820476,68140.523371204268,73682
/Users/a/Ayanami/code/TSP/data/classic/tsplib/pr152.tsp,hybrid-reverse,1034,polyak,813,68140.485983382125,68140.523371204268,73682
/Users/a/Ayanami/code/TSP/data/classic/tsplib/pr152.tsp,hybrid-reverse,1035,polyak,814,68140.48902060611,68140.523371204268,73682
/Users/a/Ayanami/code/TSP/data/classic/tsplib/pr152.tsp,hybrid-reverse,1036,polyak,815,68140.494639444805,68140.523371204268,73682
/Users/a/Ayanami/code/TSP/data/classic/tsplib/pr152.tsp,hybrid-reverse,1037,polyak,816,68140.538129320063,68140.538129320063,73682
/Users/a/Ayanami/code/TSP/data/classic/tsplib/pr152.tsp,hybrid-reverse,1038,polyak,817,68140.457223559439,68140.538129320063,73682
/Users/a/Ayanami/code/TSP/data/classic/tsplib/pr152.tsp,hybrid-reverse,1039,polyak,818,68140.53310097543,68140.538129320063,73682
/Users/a/Ayanami/code/TSP/data/classic/tsplib/pr152.tsp,hybrid-reverse,1040,polyak,819,68140.430623188033,68140.538129320063,73682
/Users/a/Ayanami/code/TSP/data/classic/tsplib/pr152.tsp,hybrid-reverse,1041,polyak,820,68140.521577177831,68140.538129320063,73682
/Users/a/Ayanami/code/TSP/data/classic/tsplib/pr152.tsp,hybrid-reverse,1042,polyak,821,68140.502937396232,68140.538129320063,73682
/Users/a/Ayanami/code/TSP/data/classic/tsplib/pr152.tsp,hybrid-reverse,1043,polyak,822,68140.530478755099,68140.538129320063,73682
/Users/a/Ayanami/code/TSP/data/classic/tsplib/pr152.tsp,hybrid-reverse,1044,polyak,823,68140.479521608897,68140.538129320063,73682
/Users/a/Ayanami/code/TSP/data/classic/tsplib/pr152.tsp,hybrid-reverse,1045,polyak,824,68140.535860996082,68140.538129320063,73682
/Users/a/Ayanami/code/TSP/data/classic/tsplib/pr152.tsp,hybrid-reverse,1046,polyak,825,68140.489602263086,68140.538129320063,73682
/Users/a/Ayanami/code/TSP/data/classic/tsplib/pr152.tsp,hybrid-reverse,1047,polyak,826,68140.533191926021,68140.538129320063,73682
/Users/a/Ayanami/code/TSP/data/classic/tsplib/pr152.tsp,hybrid-reverse,1048,polyak,827,68140.541698456305,68140.541698456305,73682
/Users/a/Ayanami/code/TSP/data/classic/tsplib/pr152.tsp,hybrid-reverse,1049,polyak,828,68140.486277342236,68140.541698456305,73682
/Users/a/Ayanami/code/TSP/data/classic/tsplib/pr152.tsp,hybrid-reverse,1050,polyak,829,68140.510664941175,68140.541698456305,73682
/Users/a/Ayanami/code/TSP/data/classic/tsplib/pr152.tsp,hybrid-reverse,1051,polyak,830,68140.552578876042,68140.552578876042,73682
/Users/a/Ayanami/code/TSP/data/classic/tsplib/pr152.tsp,hybrid-reverse,1052,polyak,831,68140.471624569283,68140.552578876042,73682
/Users/a/Ayanami/code/TSP/data/classic/tsplib/pr152.tsp,hybrid-reverse,1053,polyak,832,68140.55480984255,68140.55480984255,73682
/Users/a/Ayanami/code/TSP/data/classic/tsplib/pr152.tsp,hybrid-reverse,1054,polyak,833,68140.555795828477,68140.555795828477,73682
/Users/a/Ayanami/code/TSP/data/classic/tsplib/pr152.tsp,hybrid-reverse,1055,polyak,834,68140.550298691218,68140.555795828477,73682
/Users/a/Ayanami/code/TSP/data/classic/tsplib/pr152.tsp,hybrid-reverse,1056,polyak,835,68140.520860719684,68140.555795828477,73682
/Users/a/Ayanami/code/TSP/data/classic/tsplib/pr152.tsp,hybrid-reverse,1057,polyak,836,68140.528234052239,68140.555795828477,73682
/Users/a/Ayanami/code/TSP/data/classic/tsplib/pr152.tsp,hybrid-reverse,1058,polyak,837,68140.535224012012,68140.555795828477,73682
/Users/a/Ayanami/code/TSP/data/classic/tsplib/pr152.tsp,hybrid-reverse,1059,polyak,838,68140.527832208099,68140.555795828477,73682
/Users/a/Ayanami/code/TSP/data/classic/tsplib/pr152.tsp,hybrid-reverse,1060,polyak,839,68140.559819673566,68140.559819673566,73682
/Users/a/Ayanami/code/TSP/data/classic/tsplib/pr152.tsp,hybrid-reverse,1061,polyak,840,68140.521756083806,68140.559819673566,73682
/Users/a/Ayanami/code/TSP/data/classic/tsplib/pr152.tsp,hybrid-reverse,1062,polyak,841,68140.554735639569,68140.559819673566,73682
/Users/a/Ayanami/code/TSP/data/classic/tsplib/pr152.tsp,hybrid-reverse,1063,polyak,842,68140.587796317515,68140.587796317515,73682
/Users/a/Ayanami/code/TSP/data/classic/tsplib/pr152.tsp,hybrid-reverse,1064,polyak,843,68140.484985335206,68140.587796317515,73682
/Users/a/Ayanami/code/TSP/data/classic/tsplib/pr152.tsp,hybrid-reverse,1065,polyak,844,68140.561042268906,68140.587796317515,73682
/Users/a/Ayanami/code/TSP/data/classic/tsplib/pr152.tsp,hybrid-reverse,1066,polyak,845,68140.519573808444,68140.587796317515,73682
/Users/a/Ayanami/code/TSP/data/classic/tsplib/pr152.tsp,hybrid-reverse,1067,polyak,846,68140.565510360975,68140.587796317515,73682
/Users/a/Ayanami/code/TSP/data/classic/tsplib/pr152.tsp,hybrid-reverse,1068,polyak,847,68140.535466229645,68140.587796317515,73682
/Users/a/Ayanami/code/TSP/data/classic/tsplib/pr152.tsp,hybrid-reverse,1069,polyak,848,68140.569803132617,68140.587796317515,73682
/Users/a/Ayanami/code/TSP/data/classic/tsplib/pr152.tsp,hybrid-reverse,1070,polyak,849,68140.548217129486,68140.587796317515,73682
/Users/a/Ayanami/code/TSP/data/classic/tsplib/pr152.tsp,hybrid-reverse,1071,polyak,850,68140.58758138874,68140.587796317515,73682
/Users/a/Ayanami/code/TSP/data/classic/tsplib/pr152.tsp,hybrid-reverse,1072,polyak,851,68140.495056134794,68140.587796317515,73682
/Users/a/Ayanami/code/TSP/data/classic/tsplib/pr152.tsp,hybrid-reverse,1073,polyak,852,68140.58583616055,68140.587796317515,73682
/Users/a/Ayanami/code/TSP/data/classic/tsplib/pr152.tsp,hybrid-reverse,1074,polyak,853,68140.540220332448,68140.587796317515,73682
/Users/a/Ayanami/code/TSP/data/classic/tsplib/pr152.tsp,hybrid-reverse,1075,polyak,854,68140.54734355495,68140.587796317515,73682
/Users/a/Ayanami/code/TSP/data/classic/tsplib/pr152.tsp,hybrid-reverse,1076,polyak,855,68140.576798570895,68140.587796317515,73682
/Users/a/Ayanami/code/TSP/data/classic/tsplib/pr152.tsp,hybrid-reverse,1077,polyak,856,68140.610588523152,68140.610588523152,73682
/Users/a/Ayanami/code/TSP/data/classic/tsplib/pr152.tsp,hybrid-reverse,1078,polyak,857,68140.56900838505,68140.610588523152,73682
/Users/a/Ayanami/code/TSP/data/classic/tsplib/pr152.tsp,hybrid-reverse,1079,polyak,858,68140.604653538176,68140.610588523152,73682
/Users/a/Ayanami/code/TSP/data/classic/tsplib/pr152.tsp,hybrid-reverse,1080,polyak,859,68140.600793144607,68140.610588523152,73682
/Users/a/Ayanami/code/TSP/data/classic/tsplib/pr152.tsp,hybrid-reverse,1081,polyak,860,68140.598603553924,68140.610588523152,73682
/Users/a/Ayanami/code/TSP/data/classic/tsplib/pr152.tsp,hybrid-reverse,1082,polyak,861,68140.62118377701,68140.62118377701,73682
/Users/a/Ayanami/code/TSP/data/classic/tsplib/pr152.tsp,hybrid-reverse,1083,polyak,862,68140.607407773248,68140.62118377701,73682
/Users/a/Ayanami/code/TSP/data/classic/tsplib/pr152.tsp,hybrid-reverse,1084,polyak,863,68140.629742283782,68140.629742283782,73682
/Users/a/Ayanami/code/TSP/data/classic/tsplib/pr152.tsp,hybrid-reverse,1085,polyak,864,68140.599236713053,68140.629742283782,73682
/Users/a/Ayanami/code/TSP/data/classic/tsplib/pr152.tsp,hybrid-reverse,1086,polyak,865,68140.627100921512,68140.629742283782,73682
/Users/a/Ayanami/code/TSP/data/classic/tsplib/pr152.tsp,hybrid-reverse,1087,polyak,866,68140.587691847846,68140.629742283782,73682
/Users/a/Ayanami/code/TSP/data/classic/tsplib/pr152.tsp,hybrid-reverse,1088,polyak,867,68140.620263171775,68140.629742283782,73682
/Users/a/Ayanami/code/TSP/data/classic/tsplib/pr152.tsp,hybrid-reverse,1089,polyak,868,68140.603079480323,68140.629742283782,73682
/Users/a/Ayanami/code/TSP/data/classic/tsplib/pr152.tsp,hybrid-reverse,1090,polyak,869,68140.623115220937,68140.629742283782,73682
/Users/a/Ayanami/code/TSP/data/classic/tsplib/pr152.tsp,hybrid-reverse,1091,polyak,870,68140.616019114343,68140.629742283782,73682
/Users/a/Ayanami/code/TSP/data/classic/tsplib/pr152.tsp,hybrid-reverse,1092,polyak,871,68140.630631104592,68140.630631104592,73682
/Users/a/Ayanami/code/TSP/data/classic/tsplib/pr152.tsp,hybrid-reverse,1093,polyak,872,68140.605527154781,68140.630631104592,73682
/Users/a/Ayanami/code/TSP/data/classic/tsplib/pr152.tsp,hybrid-reverse,1094,polyak,873,68140.620288736915,68140.630631104592,73682
/Users/a/Ayanami/code/TSP/data/classic/tsplib/pr152.tsp,hybrid-reverse,1095,polyak,874,68140.64723445136,68140.64723445136,73682
/Users/a/Ayanami/code/TSP/data/classic/tsplib/pr152.tsp,hybrid-reverse,1096,polyak,875,68140.566571897623,68140.64723445136,73682
/Users/a/Ayanami/code/TSP/data/classic/tsplib/pr152.tsp,hybrid-reverse,1097,polyak,876,68140.602449934333,68140.64723445136,73682
/Users/a/Ayanami/code/TSP/data/classic/tsplib/pr152.tsp,hybrid-reverse,1098,polyak,877,68140.634884172803,68140.64723445136,73682
/Users/a/Ayanami/code/TSP/data/classic/tsplib/pr152.tsp,hybrid-reverse,1099,polyak,878,68140.610839762812,68140.64723445136,73682
/Users/a/Ayanami/code/TSP/data/classic/tsplib/pr152.tsp,hybrid-reverse,1100,polyak,879,68140.642604800247,68140.64723445136,73682
/Users/a/Ayanami/code/TSP/data/classic/tsplib/pr152.tsp,hybrid-reverse,1101,polyak,880,68140.635461285972,68140.64723445136,73682
/Users/a/Ayanami/code/TSP/data/classic/tsplib/pr152.tsp,hybrid-reverse,1102,polyak,881,68140.622256691902,68140.64723445136,73682
/Users/a/Ayanami/code/TSP/data/classic/tsplib/pr152.tsp,hybrid-reverse,1103,polyak,882,68140.634070332904,68140.64723445136,73682
/Users/a/Ayanami/code/TSP/data/classic/tsplib/pr152.tsp,hybrid-reverse,1104,polyak,883,68140.618487908156,68140.64723445136,73682
/Users/a/Ayanami/code/TSP/data/classic/tsplib/pr152.tsp,hybrid-reverse,1105,polyak,884,68140.648273461804,68140.648273461804,73682
/Users/a/Ayanami/code/TSP/data/classic/tsplib/pr152.tsp,hybrid-reverse,1106,polyak,885,68140.602567278518,68140.648273461804,73682
/Users/a/Ayanami/code/TSP/data/classic/tsplib/pr152.tsp,hybrid-reverse,1107,polyak,886,68140.635976977719,68140.648273461804,73682
/Users/a/Ayanami/code/TSP/data/classic/tsplib/pr152.tsp,hybrid-reverse,1108,polyak,887,68140.618118797589,68140.648273461804,73682
/Users/a/Ayanami/code/TSP/data/classic/tsplib/pr152.tsp,hybrid-reverse,1109,polyak,888,68140.647872145011,68140.648273461804,73682
/Users/a/Ayanami/code/TSP/data/classic/tsplib/pr152.tsp,hybrid-reverse,1110,polyak,889,68140.644113433635,68140.648273461804,73682
/Users/a/Ayanami/code/TSP/data/classic/tsplib/pr152.tsp,hybrid-reverse,1111,polyak,890,68140.613182203087,68140.648273461804,73682
/Users/a/Ayanami/code/TSP/data/classic/tsplib/pr152.tsp,hybrid-reverse,1112,polyak,891,68140.62542428833,68140.648273461804,73682
/Users/a/Ayanami/code/TSP/data/classic/tsplib/pr152.tsp,hybrid-reverse,1113,polyak,892,68140.644330239113,68140.648273461804,73682
/Users/a/Ayanami/code/TSP/data/classic/tsplib/pr152.tsp,hybrid-reverse,1114,polyak,893,68140.633694512566,68140.648273461804,73682
/Users/a/Ayanami/code/TSP/data/classic/tsplib/pr152.tsp,hybrid-reverse,1115,polyak,894,68140.629763564924,68140.648273461804,73682
/Users/a/Ayanami/code/TSP/data/classic/tsplib/pr152.tsp,hybrid-reverse,1116,polyak,895,68140.648622162771,68140.648622162771,73682
/Users/a/Ayanami/code/TSP/data/classic/tsplib/pr152.tsp,hybrid-reverse,1117,polyak,896,68140.627070944291,68140.648622162771,73682
/Users/a/Ayanami/code/TSP/data/classic/tsplib/pr152.tsp,hybrid-reverse,1118,polyak,897,68140.629483346725,68140.648622162771,73682
/Users/a/Ayanami/code/TSP/data/classic/tsplib/pr152.tsp,hybrid-reverse,1119,polyak,898,68140.648699271478,68140.648699271478,73682
/Users/a/Ayanami/code/TSP/data/classic/tsplib/pr152.tsp,hybrid-reverse,1120,polyak,899,68140.618287622841,68140.648699271478,73682
/Users/a/Ayanami/code/TSP/data/classic/tsplib/pr152.tsp,hybrid-reverse,1121,polyak,900,68140.641894668588,68140.648699271478,73682
/Users/a/Ayanami/code/TSP/data/classic/tsplib/pr152.tsp,hybrid-reverse,1122,polyak,901,68140.659092638336,68140.659092638336,73682
/Users/a/Ayanami/code/TSP/data/classic/tsplib/pr152.tsp,hybrid-reverse,1123,polyak,902,68140.61447079762,68140.659092638336,73682
/Users/a/Ayanami/code/TSP/data/classic/tsplib/pr152.tsp,hybrid-reverse,1124,polyak,903,68140.639884230433,68140.659092638336,73682
/Users/a/Ayanami/code/TSP/data/classic/tsplib/pr152.tsp,hybrid-reverse,1125,polyak,904,68140.66060431824,68140.66060431824,73682
/Users/a/Ayanami/code/TSP/data/classic/tsplib/pr152.tsp,hybrid-reverse,1126,polyak,905,68140.636935079878,68140.66060431824,73682
/Users/a/Ayanami/code/TSP/data/classic/tsplib/pr152.tsp,hybrid-reverse,1127,polyak,906,68140.637338060245,68140.66060431824,73682
/Users/a/Ayanami/code/TSP/data/classic/tsplib/pr152.tsp,hybrid-reverse,1128,polyak,907,68140.646847462849,68140.66060431824,73682
/Users/a/Ayanami/code/TSP/data/classic/tsplib/pr152.tsp,hybrid-reverse,1129,polyak,908,68140.633246348269,68140.66060431824,73682
/Users/a/Ayanami/code/TSP/data/classic/tsplib/pr152.tsp,hybrid-reverse,1130,polyak,909,68140.664171556855,68140.664171556855,73682
/Users/a/Ayanami/code/TSP/data/classic/tsplib/pr152.tsp,hybrid-reverse,1131,polyak,910,68140.624892275198,68140.664171556855,73682
/Users/a/Ayanami/code/TSP/data/classic/tsplib/pr152.tsp,hybrid-reverse,1132,polyak,911,68140.651747628115,68140.664171556855,73682
/Users/a/Ayanami/code/TSP/data/classic/tsplib/pr152.tsp,hybrid-reverse,1133,polyak,912,68140.641998569685,68140.664171556855,73682
/Users/a/Ayanami/code/TSP/data/classic/tsplib/pr152.tsp,hybrid-reverse,1134,polyak,913,68140.637798608092,68140.664171556855,73682
/Users/a/Ayanami/code/TSP/data/classic/tsplib/pr152.tsp,hybrid-reverse,1135,polyak,914,68140.668304964318,68140.668304964318,73682
/Users/a/Ayanami/code/TSP/data/classic/tsplib/pr152.tsp,hybrid-reverse,1136,polyak,915,68140.604891850147,68140.668304964318,73682
/Users/a/Ayanami/code/TSP/data/classic/tsplib/pr152.tsp,hybrid-reverse,1137,polyak,916,68140.650662586879,68140.668304964318,73682
/Users/a/Ayanami/code/TSP/data/classic/tsplib/pr152.tsp,hybrid-reverse,1138,polyak,917,68140.651935581773,68140.668304964318,73682
/Users/a/Ayanami/code/TSP/data/classic/tsplib/pr152.tsp,hybrid-reverse,1139,polyak,918,68140.656501664576,68140.668304964318,73682
/Users/a/Ayanami/code/TSP/data/classic/tsplib/pr152.tsp,hybrid-reverse,1140,polyak,919,68140.638182217139,68140.668304964318,73682
/Users/a/Ayanami/code/TSP/data/classic/tsplib/pr152.tsp,hybrid-reverse,1141,polyak,920,68140.66723611721,68140.668304964318,73682
/Users/a/Ayanami/code/TSP/data/classic/tsplib/pr152.tsp,hybrid-reverse,1142,polyak,921,68140.646257153028,68140.668304964318,73682
/Users/a/Ayanami/code/TSP/data/classic/tsplib/pr152.tsp,hybrid-reverse,1143,polyak,922,68140.6586945171,68140.668304964318,73682
/Users/a/Ayanami/code/TSP/data/classic/tsplib/pr152.tsp,hybrid-reverse,1144,polyak,923,68140.654758380246,68140.668304964318,73682
/Users/a/Ayanami/code/TSP/data/classic/tsplib/pr152.tsp,hybrid-reverse,1145,polyak,924,68140.655245522474,68140.668304964318,73682
/Users/a/Ayanami/code/TSP/data/classic/tsplib/pr152.tsp,hybrid-reverse,1146,polyak,925,68140.654722869091,68140.668304964318,73682
/Users/a/Ayanami/code/TSP/data/classic/tsplib/pr152.tsp,hybrid-reverse,1147,polyak,926,68140.659589090137,68140.668304964318,73682
/Users/a/Ayanami/code/TSP/data/classic/tsplib/pr152.tsp,polyak-smoothed,1,polyak-smoothed,1,59775,59775,73682
/Users/a/Ayanami/code/TSP/data/classic/tsplib/pr152.tsp,polyak-smoothed,2,polyak-smoothed,2,-5545.2000000000953,59775,73682
/Users/a/Ayanami/code/TSP/data/classic/tsplib/pr152.tsp,polyak-smoothed,3,polyak-smoothed,3,46376.16591133007,59775,73682
/Users/a/Ayanami/code/TSP/data/classic/tsplib/pr152.tsp,polyak-smoothed,4,polyak-smoothed,4,29279.344485136739,59775,73682
/Users/a/Ayanami/code/TSP/data/classic/tsplib/pr152.tsp,polyak-smoothed,5,polyak-smoothed,5,33639.640962932011,59775,73682
/Users/a/Ayanami/code/TSP/data/classic/tsplib/pr152.tsp,polyak-smoothed,6,polyak-smoothed,6,36614.156590053695,59775,73682
/Users/a/Ayanami/code/TSP/data/classic/tsplib/pr152.tsp,polyak-smoothed,7,polyak-smoothed,7,37155.820982856152,59775,73682
/Users/a/Ayanami/code/TSP/data/classic/tsplib/pr152.tsp,polyak-smoothed,8,polyak-smoothed,8,39975.147882202706,59775,73682
/Users/a/Ayanami/code/TSP/data/classic/tsplib/pr152.tsp,polyak-smoothed,9,polyak-smoothed,9,42022.340261486308,59775,73682
/Users/a/Ayanami/code/TSP/data/classic/tsplib/pr152.tsp,polyak-smoothed,10,polyak-smoothed,10,44554.046496233233,59775,73682
/Users/a/Ayanami/code/TSP/data/classic/tsplib/pr152.tsp,polyak-smoothed,11,polyak-smoothed,11,40919.158014125031,59775,73682
/Users/a/Ayanami/code/TSP/data/classic/tsplib/pr152.tsp,polyak-smoothed,12,polyak-smoothed,12,45629.808241749502,59775,73682
/Users/a/Ayanami/code/TSP/data/classic/tsplib/pr152.tsp,polyak-smoothed,13,polyak-smoothed,13,43806.961707846938,59775,73682
/Users/a/Ayanami/code/TSP/data/classic/tsplib/pr152.tsp,polyak-smoothed,14,polyak-smoothed,14,45857.67006108541,59775,73682
/Users/a/Ayanami/code/TSP/data/classic/tsplib/pr152.tsp,polyak-smoothed,15,polyak-smoothed,15,51068.941029242174,59775,73682
/Users/a/Ayanami/code/TSP/data/classic/tsplib/pr152.tsp,polyak-smoothed,16,polyak-smoothed,16,55998.691256004582,59775,73682
/Users/a/Ayanami/code/TSP/data/classic/tsplib/pr152.tsp,polyak-smoothed,17,polyak-smoothed,17,58540.239007227836,59775,73682
/Users/a/Ayanami/code/TSP/data/classic/tsplib/pr152.tsp,polyak-smoothed,18,polyak-smoothed,18,60512.336446814297,60512.336446814297,73682
/Users/a/Ayanami/code/TSP/data/classic/tsplib/pr152.tsp,polyak-smoothed,19,polyak-smoothed,19,60804.937936786875,60804.937936786875,73682
/Users/a/Ayanami/code/TSP/data/classic/tsplib/pr152.tsp,polyak-smoothed,20,polyak-smoothed,20,60488.219710261466,60804.937936786875,73682
/Users/a/Ayanami/code/TSP/data/classic/tsplib/pr152.tsp,polyak-smoothed,21,polyak-smoothed,21,61290.882045373488,61290.882045373488,73682
/Users/a/Ayanami/code/TSP/data/classic/tsplib/pr152.tsp,polyak-smoothed,22,polyak-smoothed,22,61396.629366365189,61396.629366365189,73682
/Users/a/Ayanami/code/TSP/data/classic/tsplib/pr152.tsp,polyak-smoothed,23,polyak-smoothed,23,61797.478714950368,61797.478714950368,73682
/Users/a/Ayanami/code/TSP/data/classic/tsplib/pr152.tsp,polyak-smoothed,24,polyak-smoothed,24,60529.895703890506,61797.478714950368,73682
/Users/a/Ayanami/code/TSP/data/classic/tsplib/pr152.tsp,polyak-smoothed,25,polyak-smoothed,25,61933.385678835803,61933.385678835803,73682
/Users/a/Ayanami/code/TSP/data/classic/tsplib/pr152.tsp,polyak-smoothed,26,polyak-smoothed,26,61010.03332272933,61933.385678835803,73682
/Users/a/Ayanami/code/TSP/data/classic/tsplib/pr152.tsp,polyak-smoothed,27,polyak-smoothed,27,62000.0342977092,62000.0342977092,73682
/Users/a/Ayanami/code/TSP/data/classic/tsplib/pr152.tsp,polyak-smoothed,28,polyak-smoothed,28,62016.434846433389,62016.434846433389,73682
/Users/a/Ayanami/code/TSP/data/classic/tsplib/pr152.tsp,polyak-smoothed,29,polyak-smoothed,29,62049.30723484746,62049.30723484746,73682
/Users/a/Ayanami/code/TSP/data/classic/tsplib/pr152.tsp,polyak-smoothed,30,polyak-smoothed,30,62166.837286610549,62166.837286610549,73682
/Users/a/Ayanami/code/TSP/data/classic/tsplib/pr152.tsp,polyak-smoothed,31,polyak-smoothed,31,62325.443932236733,62325.443932236733,73682
/Users/a/Ayanami/code/TSP/data/classic/tsplib/pr152.tsp,polyak-smoothed,32,polyak-smoothed,32,60486.280798681619,62325.443932236733,73682
/Users/a/Ayanami/code/TSP/data/classic/tsplib/pr152.tsp,polyak-smoothed,33,polyak-smoothed,33,61372.586319433562,62325.443932236733,73682
/Users/a/Ayanami/code/TSP/data/classic/tsplib/pr152.tsp,polyak-smoothed,34,polyak-smoothed,34,61973.446458992345,62325.443932236733,73682
/Users/a/Ayanami/code/TSP/data/classic/tsplib/pr152.tsp,polyak-smoothed,35,polyak-smoothed,35,62051.904053806524,62325.443932236733,73682
/Users/a/Ayanami/code/TSP/data/classic/tsplib/pr152.tsp,polyak-smoothed,36,polyak-smoothed,36,61730.023565992655,62325.443932236733,73682
/Users/a/Ayanami/code/TSP/data/classic/tsplib/pr152.tsp,polyak-smoothed,37,polyak-smoothed,37,61449.372644110968,62325.443932236733,73682
/Users/a/Ayanami/code/TSP/data/classic/tsplib/pr152.tsp,polyak-smoothed,38,polyak-smoothed,38,61779.71499882677,62325.443932236733,73682
/Users/a/Ayanami/code/TSP/data/classic/tsplib/pr152.tsp,polyak-smoothed,39,polyak-smoothed,39,61943.491153690898,62325.443932236733,73682
/Users/a/Ayanami/code/TSP/data/classic/tsplib/pr152.tsp,polyak-smoothed,40,polyak-smoothed,40,61948.372323793272,62325.443932236733,73682
/Users/a/Ayanami/code/TSP/data/classic/tsplib/pr152.tsp,polyak-smoothed,41,polyak-smoothed,41,62010.537767424707,62325.443932236733,73682
/Users/a/Ayanami/code/TSP/data/classic/tsplib/pr152.tsp,polyak-smoothed,42,polyak-smoothed,42,61240.136260856983,62325.443932236733,73682
/Users/a/Ayanami/code/TSP/data/classic/tsplib/pr152.tsp,polyak-smoothed,43,polyak-smoothed,43,62038.088845957893,62325.443932236733,73682
/Users/a/Ayanami/code/TSP/data/classic/tsplib/pr152.tsp,polyak-smoothed,44,polyak-smoothed,44,61968.852145829173,62325.443932236733,73682
/Users/a/Ayanami/code/TSP/data/classic/tsplib/pr152.tsp,polyak-smoothed,45,polyak-smoothed,45,63151.644680764133,63151.644680764133,73682
/Users/a/Ayanami/code/TSP/data/classic/tsplib/pr152.tsp,polyak-smoothed,46,polyak-smoothed,46,64112.586939739936,64112.586939739936,73682
/Users/a/Ayanami/code/TSP/data/classic/tsplib/pr152.tsp,polyak-smoothed,47,polyak-smoothed,47,63511.571602109056,64112.586939739936,73682
/Users/a/Ayanami/code/TSP/data/classic/tsplib/pr152.tsp,polyak-smoothed,48,polyak-smoothed,48,64059.138400306809,64112.586939739936,73682
/Users/a/Ayanami/code/TSP/data/classic/tsplib/pr152.tsp,polyak-smoothed,49,polyak-smoothed,49,64339.885841653544,64339.885841653544,73682
/Users/a/Ayanami/code/TSP/data/classic/tsplib/pr152.tsp,polyak-smoothed,50,polyak-smoothed,50,64169.317251177417,64339.885841653544,73682
/Users/a/Ayanami/code/TSP/data/classic/tsplib/pr152.tsp,polyak-smoothed,51,polyak-smoothed,51,64286.364865049327,64339.885841653544,73682
/Users/a/Ayanami/code/TSP/data/classic/tsplib/pr152.tsp,polyak-smoothed,52,polyak-smoothed,52,64059.036164669495,64339.885841653544,73682
/Users/a/Ayanami/code/TSP/data/classic/tsplib/pr152.tsp,polyak-smoothed,53,polyak-smoothed,53,64534.452630385902,64534.452630385902,73682
/Users/a/Ayanami/code/TSP/data/classic/tsplib/pr152.tsp,polyak-smoothed,54,polyak-smoothed,54,64379.726265203491,64534.452630385902,73682
/Users/a/Ayanami/code/TSP/data/classic/tsplib/pr152.tsp,polyak-smoothed,55,polyak-smoothed,55,64468.394800951792,64534.452630385902,73682
/Users/a/Ayanami/code/TSP/data/classic/tsplib/pr152.tsp,polyak-smoothed,56,polyak-smoothed,56,63901.006123673331,64534.452630385902,73682
/Users/a/Ayanami/code/TSP/data/classic/tsplib/pr152.tsp,polyak-smoothed,57,polyak-smoothed,57,64513.043490061464,64534.452630385902,73682
/Users/a/Ayanami/code/TSP/data/classic/tsplib/pr152.tsp,polyak-smoothed,58,polyak-smoothed,58,63367.931670598089,64534.452630385902,73682
/Users/a/Ayanami/code/TSP/data/classic/tsplib/pr152.tsp,polyak-smoothed,59,polyak-smoothed,59,64505.535785217835,64534.452630385902,73682
/Users/a/Ayanami/code/TSP/data/classic/tsplib/pr152.tsp,polyak-smoothed,60,polyak-smoothed,60,63637.618869581485,64534.452630385902,73682
/Users/a/Ayanami/code/TSP/data/classic/tsplib/pr152.tsp,polyak-smoothed,61,polyak-smoothed,61,64467.904444702152,64534.452630385902,73682
/Users/a/Ayanami/code/TSP/data/classic/tsplib/pr152.tsp,polyak-smoothed,62,polyak-smoothed,62,64226.831846984423,64534.452630385902,73682
/Users/a/Ayanami/code/TSP/data/classic/tsplib/pr152.tsp,polyak-smoothed,63,polyak-smoothed,63,64386.749386599018,64534.452630385902,73682
/Users/a/Ayanami/code/TSP/data/classic/tsplib/pr152.tsp,polyak-smoothed,64,polyak-smoothed,64,64497.785780915088,64534.452630385902,73682
/Users/a/Ayanami/code/TSP/data/classic/tsplib/pr152.tsp,polyak-smoothed,65,polyak-smoothed,65,64719.534572495038,64719.534572495038,73682
/Users/a/Ayanami/code/TSP/data/classic/tsplib/pr152.tsp,polyak-smoothed,66,polyak-smoothed,66,64306.310624810634,64719.534572495038,73682
/Users/a/Ayanami/code/TSP/data/classic/tsplib/pr152.tsp,polyak-smoothed,67,polyak-smoothed,67,64856.130037423216,64856.130037423216,73682
/Users/a/Ayanami/code/TSP/data/classic/tsplib/pr152.tsp,polyak-smoothed,68,polyak-smoothed,68,64031.972494449335,64856.130037423216,73682
/Users/a/Ayanami/code/TSP/data/classic/tsplib/pr152.tsp,polyak-smoothed,69,polyak-smoothed,69,64817.854313472228,64856.130037423216,73682
/Users/a/Ayanami/code/TSP/data/classic/tsplib/pr152.tsp,polyak-smoothed,70,polyak-smoothed,70,64542.977215942832,64856.130037423216,73682
/Users/a/Ayanami/code/TSP/data/classic/tsplib/pr152.tsp,polyak-smoothed,71,polyak-smoothed,71,64622.664913151821,64856.130037423216,73682
/Users/a/Ayanami/code/TSP/data/classic/tsplib/pr152.tsp,polyak-smoothed,72,polyak-smoothed,72,64577.172291109498,64856.130037423216,73682
/Users/a/Ayanami/code/TSP/data/classic/tsplib/pr152.tsp,polyak-smoothed,73,polyak-smoothed,73,64204.602588843394,64856.130037423216,73682
/Users/a/Ayanami/code/TSP/data/classic/tsplib/pr152.tsp,polyak-smoothed,74,polyak-smoothed,74,64938.657346123422,64938.657346123422,73682
/Users/a/Ayanami/code/TSP/data/classic/tsplib/pr152.tsp,polyak-smoothed,75,polyak-smoothed,75,64581.067599906441,64938.657346123422,73682
/Users/a/Ayanami/code/TSP/data/classic/tsplib/pr152.tsp,polyak-smoothed,76,polyak-smoothed,76,64785.789518036603,64938.657346123422,73682
/Users/a/Ayanami/code/TSP/data/classic/tsplib/pr152.tsp,polyak-smoothed,77,polyak-smoothed,77,64670.750231307458,64938.657346123422,73682
/Users/a/Ayanami/code/TSP/data/classic/tsplib/pr152.tsp,polyak-smoothed,78,polyak-smoothed,78,65176.776275467244,65176.776275467244,73682
/Users/a/Ayanami/code/TSP/data/classic/tsplib/pr152.tsp,polyak-smoothed,79,polyak-smoothed,79,63581.061552186984,65176.776275467244,73682
/Users/a/Ayanami/code/TSP/data/classic/tsplib/pr152.tsp,polyak-smoothed,80,polyak-smoothed,80,64770.240089471612,65176.776275467244,73682
/Users/a/Ayanami/code/TSP/data/classic/tsplib/pr152.tsp,polyak-smoothed,81,polyak-smoothed,81,63961.942099647502,65176.776275467244,73682
/Users/a/Ayanami/code/TSP/data/classic/tsplib/pr152.tsp,polyak-smoothed,82,polyak-smoothed,82,64904.525421933715,65176.776275467244,73682
/Users/a/Ayanami/code/TSP/data/classic/tsplib/pr152.tsp,polyak-smoothed,83,polyak-smoothed,83,64395.304516960532,65176.776275467244,73682
/Users/a/Ayanami/code/TSP/data/classic/tsplib/pr152.tsp,polyak-smoothed,84,polyak-smoothed,84,64549.046959741972,65176.776275467244,73682
/Users/a/Ayanami/code/TSP/data/classic/tsplib/pr152.tsp,polyak-smoothed,85,polyak-smoothed,85,64669.438135298311,65176.776275467244,73682
/Users/a/Ayanami/code/TSP/data/classic/tsplib/pr152.tsp,polyak-smoothed,86,polyak-smoothed,86,64920.383176691765,65176.776275467244,73682
/Users/a/Ayanami/code/TSP/data/classic/tsplib/pr152.tsp,polyak-smoothed,87,polyak-smoothed,87,64760.97466656813,65176.776275467244,73682
/Users/a/Ayanami/code/TSP/data/classic/tsplib/pr152.tsp,polyak-smoothed,88,polyak-smoothed,88,64715.795430564671,65176.776275467244,73682
/Users/a/Ayanami/code/TSP/data/classic/tsplib/pr152.tsp,polyak-smoothed,89,polyak-smoothed,89,65192.980269679094,65192.980269679094,73682
/Users/a/Ayanami/code/TSP/data/classic/tsplib/pr152.tsp,polyak-smoothed,90,polyak-smoothed,90,64376.366711189286,65192.980269679094,73682
/Users/a/Ayanami/code/TSP/data/classic/tsplib/pr152.tsp,polyak-smoothed,91,polyak-smoothed,91,64818.019426878505,65192.980269679094,73682
/Users/a/Ayanami/code/TSP/data/classic/tsplib/pr152.tsp,polyak-smoothed,92,polyak-smoothed,92,64643.45584620547,65192.980269679094,73682
/Users/a/Ayanami/code/TSP/data/classic/tsplib/pr152.tsp,polyak-smoothed,93,polyak-smoothed,93,64767.629971139744,65192.980269679094,73682
/Users/a/Ayanami/code/TSP/data/classic/tsplib/pr152.tsp,polyak-smoothed,94,polyak-smoothed,94,65001.458756746833,65192.980269679094,73682
/Users/a/Ayanami/code/TSP/data/classic/tsplib/pr152.tsp,polyak-smoothed,95,polyak-smoothed,95,63785.582924531467,65192.980269679094,73682
/Users/a/Ayanami/code/TSP/data/classic/tsplib/pr152.tsp,polyak-smoothed,96,polyak-smoothed,96,64950.354083878447,65192.980269679094,73682
/Users/a/Ayanami/code/TSP/data/classic/tsplib/pr152.tsp,polyak-smoothed,97,polyak-smoothed,97,64308.985380943021,65192.980269679094,73682
/Users/a/Ayanami/code/TSP/data/classic/tsplib/pr152.tsp,polyak-smoothed,98,polyak-smoothed,98,65258.525550819213,65258.525550819213,73682
/Users/a/Ayanami/code/TSP/data/classic/tsplib/pr152.tsp,polyak-smoothed,99,polyak-smoothed,99,63549.560376431036,65258.525550819213,73682
/Users/a/Ayanami/code/TSP/data/classic/tsplib/pr152.tsp,polyak-smoothed,100,polyak-smoothed,100,64548.057534328829,65258.525550819213,73682
/Users/a/Ayanami/code/TSP/data/classic/tsplib/pr152.tsp,polyak-smoothed,101,polyak-smoothed,101,63916.256640174928,65258.525550819213,73682
/Users/a/Ayanami/code/TSP/data/classic/tsplib/pr152.tsp,polyak-smoothed,102,polyak-smoothed,102,64683.904423538173,65258.525550819213,73682
/Users/a/Ayanami/code/TSP/data/classic/tsplib/pr152.tsp,polyak-smoothed,103,polyak-smoothed,103,64668.128022981415,65258.525550819213,73682
/Users/a/Ayanami/code/TSP/data/classic/tsplib/pr152.tsp,polyak-smoothed,104,polyak-smoothed,104,65275.452603410551,65275.452603410551,73682
/Users/a/Ayanami/code/TSP/data/classic/tsplib/pr152.tsp,polyak-smoothed,105,polyak-smoothed,105,64690.190712120217,65275.452603410551,73682
/Users/a/Ayanami/code/TSP/data/classic/tsplib/pr152.tsp,polyak-smoothed,106,polyak-smoothed,106,65386.620895684151,65386.620895684151,73682
/Users/a/Ayanami/code/TSP/data/classic/tsplib/pr152.tsp,polyak-smoothed,107,polyak-smoothed,107,65085.770102803202,65386.620895684151,73682
/Users/a/Ayanami/code/TSP/data/classic/tsplib/pr152.tsp,polyak-smoothed,108,polyak-smoothed,108,64041.271530099024,65386.620895684151,73682
/Users/a/Ayanami/code/TSP/data/classic/tsplib/pr152.tsp,polyak-smoothed,109,polyak-smoothed,109,65443.431811169212,65443.431811169212,73682
/Users/a/Ayanami/code/TSP/data/classic/tsplib/pr152.tsp,polyak-smoothed,110,polyak-smoothed,110,62883.199898537452,65443.431811169212,73682
/Users/a/Ayanami/code/TSP/data/classic/tsplib/pr152.tsp,polyak-smoothed,111,polyak-smoothed,111,64784.554250176909,65443.431811169212,73682
/Users/a/Ayanami/code/TSP/data/classic/tsplib/pr152.tsp,polyak-smoothed,112,polyak-smoothed,112,64293.154902683134,65443.431811169212,73682
/Users/a/Ayanami/code/TSP/data/classic/tsplib/pr152.tsp,polyak-smoothed,113,polyak-smoothed,113,65327.595853292019,65443.431811169212,73682
/Users/a/Ayanami/code/TSP/data/classic/tsplib/pr152.tsp,polyak-smoothed,114,polyak-smoothed,114,64196.003068043909,65443.431811169212,73682
/Users/a/Ayanami/code/TSP/data/classic/tsplib/pr152.tsp,polyak-smoothed,115,polyak-smoothed,115,64999.999896132205,65443.431811169212,73682
/Users/a/Ayanami/code/TSP/data/classic/tsplib/pr152.tsp,polyak-smoothed,116,polyak-smoothed,116,65249.183323692712,65443.431811169212,73682
/Users/a/Ayanami/code/TSP/data/classic/tsplib/pr152.tsp,polyak-smoothed,117,polyak-smoothed,117,65381.512515328162,65443.431811169212,73682
/Users/a/Ayanami/code/TSP/data/classic/tsplib/pr152.tsp,polyak-smoothed,118,polyak-smoothed,118,64026.116713756128,65443.431811169212,73682
/Users/a/Ayanami/code/TSP/data/classic/tsplib/pr152.tsp,polyak-smoothed,119,polyak-smoothed,119,65351.100972127992,65443.431811169212,73682
/Users/a/Ayanami/code/TSP/data/classic/tsplib/pr152.tsp,polyak-smoothed,120,polyak-smoothed,120,64693.564868176763,65443.431811169212,73682
/Users/a/Ayanami/code/TSP/data/classic/tsplib/pr152.tsp,polyak-smoothed,121,polyak-smoothed,121,65215.670395922905,65443.431811169212,73682
/Users/a/Ayanami/code/TSP/data/classic/tsplib/pr152.tsp,polyak-smoothed,122,polyak-smoothed,122,65497.168397275353,65497.168397275353,73682
/Users/a/Ayanami/code/TSP/data/classic/tsplib/pr152.tsp,polyak-smoothed,123,polyak-smoothed,123,65968.305106263491,65968.305106263491,73682
/Users/a/Ayanami/code/TSP/data/classic/tsplib/pr152.tsp,polyak-smoothed,124,polyak-smoothed,124,65471.21302195279,65968.305106263491,73682
/Users/a/Ayanami/code/TSP/data/classic/tsplib/pr152.tsp,polyak-smoothed,125,polyak-smoothed,125,65832.848335735966,65968.305106263491,73682
/Users/a/Ayanami/code/TSP/data/classic/tsplib/pr152.tsp,polyak-smoothed,126,polyak-smoothed,126,66090.05199007412,66090.05199007412,73682
/Users/a/Ayanami/code/TSP/data/classic/tsplib/pr152.tsp,polyak-smoothed,127,polyak-smoothed,127,65914.047635844239,66090.05199007412,73682
/Users/a/Ayanami/code/TSP/data/classic/tsplib/pr152.tsp,polyak-smoothed,128,polyak-smoothed,128,66035.966201952775,66090.05199007412,73682
/Users/a/Ayanami/code/TSP/data/classic/tsplib/pr152.tsp,polyak-smoothed,129,polyak-smoothed,129,65693.106638040321,66090.05199007412,73682
/Users/a/Ayanami/code/TSP/data/classic/tsplib/pr152.tsp,polyak-smoothed,130,polyak-smoothed,130,66043.924040721962,66090.05199007412,73682
/Users/a/Ayanami/code/TSP/data/classic/tsplib/pr152.tsp,polyak-smoothed,131,polyak-smoothed,131,65598.658952649377,66090.05199007412,73682
/Users/a/Ayanami/code/TSP/data/classic/tsplib/pr152.tsp,polyak-smoothed,132,polyak-smoothed,132,65856.51476288485,66090.05199007412,73682
/Users/a/Ayanami/code/TSP/data/classic/tsplib/pr152.tsp,polyak-smoothed,133,polyak-smoothed,133,66008.174986979197,66090.05199007412,73682
/Users/a/Ayanami/code/TSP/data/classic/tsplib/pr152.tsp,polyak-smoothed,134,polyak-smoothed,134,66210.604280055763,66210.604280055763,73682
/Users/a/Ayanami/code/TSP/data/classic/tsplib/pr152.tsp,polyak-smoothed,135,polyak-smoothed,135,65993.466774474422,66210.604280055763,73682
/Users/a/Ayanami/code/TSP/data/classic/tsplib/pr152.tsp,polyak-smoothed,136,polyak-smoothed,136,65972.166097834328,66210.604280055763,73682
/Users/a/Ayanami/code/TSP/data/classic/tsplib/pr152.tsp,polyak-smoothed,137,polyak-smoothed,137,65947.528686332342,66210.604280055763,73682
/Users/a/Ayanami/code/TSP/data/classic/tsplib/pr152.tsp,polyak-smoothed,138,polyak-smoothed,138,66122.359065312994,66210.604280055763,73682
/Users/a/Ayanami/code/TSP/data/classic/tsplib/pr152.tsp,polyak-smoothed,139,polyak-smoothed,139,65781.427717072205,66210.604280055763,73682
/Users/a/Ayanami/code/TSP/data/classic/tsplib/pr152.tsp,polyak-smoothed,140,polyak-smoothed,140,66259.321700004788,66259.321700004788,73682
/Users/a/Ayanami/code/TSP/data/classic/tsplib/pr152.tsp,polyak-smoothed,141,polyak-smoothed,141,65866.743692945907,66259.321700004788,73682
/Users/a/Ayanami/code/TSP/data/classic/tsplib/pr152.tsp,polyak-smoothed,142,polyak-smoothed,142,65975.907766638309,66259.321700004788,73682
/Users/a/Ayanami/code/TSP/data/classic/tsplib/pr152.tsp,polyak-smoothed,143,polyak-smoothed,143,66204.607889470513,66259.321700004788,73682
/Users/a/Ayanami/code/TSP/data/classic/tsplib/pr152.tsp,polyak-smoothed,144,polyak-smoothed,144,66114.347121474348,66259.321700004788,73682
/Users/a/Ayanami/code/TSP/data/classic/tsplib/pr152.tsp,polyak-smoothed,145,polyak-smoothed,145,66182.258049135547,66259.321700004788,73682
/Users/a/Ayanami/code/TSP/data/classic/tsplib/pr152.tsp,polyak-smoothed,146,polyak-smoothed,146,66279.968030299497,66279.968030299497,73682
/Users/a/Ayanami/code/TSP/data/classic/tsplib/pr152.tsp,polyak-smoothed,147,polyak-smoothed,147,65804.017017049511,66279.968030299497,73682
/Users/a/Ayanami/code/TSP/data/classic/tsplib/pr152.tsp,polyak-smoothed,148,polyak-smoothed,148,66234.873939748155,66279.968030299497,73682
/Users/a/Ayanami/code/TSP/data/classic/tsplib/pr152.tsp,polyak-smoothed,149,polyak-smoothed,149,65996.269436716655,66279.968030299497,73682
/Users/a/Ayanami/code/TSP/data/classic/tsplib/pr152.tsp,polyak-smoothed,150,polyak-smoothed,150,66421.786287373281,66421.786287373281,73682
/Users/a/Ayanami/code/TSP/data/classic/tsplib/pr152.tsp,polyak-smoothed,151,polyak-smoothed,151,65809.541770209267,66421.786287373281,73682
/Users/a/Ayanami/code/TSP/data/classic/tsplib/pr152.tsp,polyak-smoothed,152,polyak-smoothed,152,66314.090748111557,66421.786287373281,73682
/Users/a/Ayanami/code/TSP/data/classic/tsplib/pr152.tsp,polyak-smoothed,153,polyak-smoothed,153,66201.837399378972,66421.786287373281,73682
/Users/a/Ayanami/code/TSP/data/classic/tsplib/pr152.tsp,polyak-smoothed,154,polyak-smoothed,154,66215.745311226769,66421.786287373281,73682
/Users/a/Ayanami/code/TSP/data/classic/tsplib/pr152.tsp,polyak-smoothed,155,polyak-smoothed,155,66278.780312890667,66421.786287373281,73682
/Users/a/Ayanami/code/TSP/data/classic/tsplib/pr152.tsp,polyak-smoothed,156,polyak-smoothed,156,65568.1052051398,66421.786287373281,73682
/Users/a/Ayanami/code/TSP/data/classic/tsplib/pr152.tsp,polyak-smoothed,157,polyak-smoothed,157,66172.056097607012,66421.786287373281,73682
/Users/a/Ayanami/code/TSP/data/classic/tsplib/pr152.tsp,polyak-smoothed,158,polyak-smoothed,158,65676.498396088748,66421.786287373281,73682
/Users/a/Ayanami/code/TSP/data/classic/tsplib/pr152.tsp,polyak-smoothed,159,polyak-smoothed,159,66091.760653413468,66421.786287373281,73682
/Users/a/Ayanami/code/TSP/data/classic/tsplib/pr152.tsp,polyak-smoothed,160,polyak-smoothed,160,65947.523485240832,66421.786287373281,73682
/Users/a/Ayanami/code/TSP/data/classic/tsplib/pr152.tsp,polyak-smoothed,161,polyak-smoothed,161,66296.765607745983,66421.786287373281,73682
/Users/a/Ayanami/code/TSP/data/classic/tsplib/pr152.tsp,polyak-smoothed,162,polyak-smoothed,162,65614.045666725782,66421.786287373281,73682
/Users/a/Ayanami/code/TSP/data/classic/tsplib/pr152.tsp,polyak-smoothed,163,polyak-smoothed,163,66248.374739907114,66421.786287373281,73682
/Users/a/Ayanami/code/TSP/data/classic/tsplib/pr152.tsp,polyak-smoothed,164,polyak-smoothed,164,66392.039941571231,66421.786287373281,73682
/Users/a/Ayanami/code/TSP/data/classic/tsplib/pr152.tsp,polyak-smoothed,165,polyak-smoothed,165,66587.762997902813,66587.762997902813,73682
/Users/a/Ayanami/code/TSP/data/classic/tsplib/pr152.tsp,polyak-smoothed,166,polyak-smoothed,166,66489.754667776288,66587.762997902813,73682
/Users/a/Ayanami/code/TSP/data/classic/tsplib/pr152.tsp,polyak-smoothed,167,polyak-smoothed,167,66579.734902735945,66587.762997902813,73682
/Users/a/Ayanami/code/TSP/data/classic/tsplib/pr152.tsp,polyak-smoothed,168,polyak-smoothed,168,66453.554658234949,66587.762997902813,73682
/Users/a/Ayanami/code/TSP/data/classic/tsplib/pr152.tsp,polyak-smoothed,169,polyak-smoothed,169,66607.448393455605,66607.448393455605,73682
/Users/a/Ayanami/code/TSP/data/classic/tsplib/pr152.tsp,polyak-smoothed,170,polyak-smoothed,170,66313.414938534639,66607.448393455605,73682
/Users/a/Ayanami/code/TSP/data/classic/tsplib/pr152.tsp,polyak-smoothed,171,polyak-smoothed,171,66658.249570272543,66658.249570272543,73682
/Users/a/Ayanami/code/TSP/data/classic/tsplib/pr152.tsp,polyak-smoothed,172,polyak-smoothed,172,66164.933629532781,66658.249570272543,73682
/Users/a/Ayanami/code/TSP/data/classic/tsplib/pr152.tsp,polyak-smoothed,173,polyak-smoothed,173,66419.499062912699,66658.249570272543,73682
/Users/a/Ayanami/code/TSP/data/classic/tsplib/pr152.tsp,polyak-smoothed,174,polyak-smoothed,174,66444.529479339486,66658.249570272543,73682
/Users/a/Ayanami/code/TSP/data/classic/tsplib/pr152.tsp,polyak-smoothed,175,polyak-smoothed,175,66639.346520091887,66658.249570272543,73682
/Users/a/Ayanami/code/TSP/data/classic/tsplib/pr152.tsp,polyak-smoothed,176,polyak-smoothed,176,66411.075329406129,66658.249570272543,73682
/Users/a/Ayanami/code/TSP/data/classic/tsplib/pr152.tsp,polyak-smoothed,177,polyak-smoothed,177,66648.876223723099,66658.249570272543,73682
/Users/a/Ayanami/code/TSP/data/classic/tsplib/pr152.tsp,polyak-smoothed,178,polyak-smoothed,178,66678.688971788331,66678.688971788331,73682
/Users/a/Ayanami/code/TSP/data/classic/tsplib/pr152.tsp,polyak-smoothed,179,polyak-smoothed,179,66517.848799551066,66678.688971788331,73682
/Users/a/Ayanami/code/TSP/data/classic/tsplib/pr152.tsp,polyak-smoothed,180,polyak-smoothed,180,66708.509267406902,66708.509267406902,73682
/Users/a/Ayanami/code/TSP/data/classic/tsplib/pr152.tsp,polyak-smoothed,181,polyak-smoothed,181,66614.41035949692,66708.509267406902,73682
/Users/a/Ayanami/code/TSP/data/classic/tsplib/pr152.tsp,polyak-smoothed,182,polyak-smoothed,182,66636.247048914913,66708.509267406902,73682
/Users/a/Ayanami/code/TSP/data/classic/tsplib/pr152.tsp,polyak-smoothed,183,polyak-smoothed,183,66636.050328890982,66708.509267406902,73682
/Users/a/Ayanami/code/TSP/data/classic/tsplib/pr152.tsp,polyak-smoothed,184,polyak-smoothed,184,66736.84067129968,66736.84067129968,73682
/Users/a/Ayanami/code/TSP/data/classic/tsplib/pr152.tsp,polyak-smoothed,185,polyak-smoothed,185,66492.338957288855,66736.84067129968,73682
/Users/a/Ayanami/code/TSP/data/classic/tsplib/pr152.tsp,polyak-smoothed,186,polyak-smoothed,186,66660.029214559239,66736.84067129968,73682
/Users/a/Ayanami/code/TSP/data/classic/tsplib/pr152.tsp,polyak-smoothed,187,polyak-smoothed,187,66445.340286330989,66736.84067129968,73682
/Users/a/Ayanami/code/TSP/data/classic/tsplib/pr152.tsp,polyak-smoothed,188,polyak-smoothed,188,66634.811535580273,66736.84067129968,73682
/Users/a/Ayanami/code/TSP/data/classic/tsplib/pr152.tsp,polyak-smoothed,189,polyak-smoothed,189,66648.564712722698,66736.84067129968,73682
/Users/a/Ayanami/code/TSP/data/classic/tsplib/pr152.tsp,polyak-smoothed,190,polyak-smoothed,190,66605.276433327366,66736.84067129968,73682
/Users/a/Ayanami/code/TSP/data/classic/tsplib/pr152.tsp,polyak-smoothed,191,polyak-smoothed,191,66784.614668844966,66784.614668844966,73682
/Users/a/Ayanami/code/TSP/data/classic/tsplib/pr152.tsp,polyak-smoothed,192,polyak-smoothed,192,66574.517327126814,66784.614668844966,73682
/Users/a/Ayanami/code/TSP/data/classic/tsplib/pr152.tsp,polyak-smoothed,193,polyak-smoothed,193,66732.67564679349,66784.614668844966,73682
/Users/a/Ayanami/code/TSP/data/classic/tsplib/pr152.tsp,polyak-smoothed,194,polyak-smoothed,194,66536.826444210441,66784.614668844966,73682
/Users/a/Ayanami/code/TSP/data/classic/tsplib/pr152.tsp,polyak-smoothed,195,polyak-smoothed,195,66706.285753887787,66784.614668844966,73682
/Users/a/Ayanami/code/TSP/data/classic/tsplib/pr152.tsp,polyak-smoothed,196,polyak-smoothed,196,66485.184757617943,66784.614668844966,73682
/Users/a/Ayanami/code/TSP/data/classic/tsplib/pr152.tsp,polyak-smoothed,197,polyak-smoothed,197,66698.025039842876,66784.614668844966,73682
/Users/a/Ayanami/code/TSP/data/classic/tsplib/pr152.tsp,polyak-smoothed,198,polyak-smoothed,198,66457.687022901722,66784.614668844966,73682
/Users/a/Ayanami/code/TSP/data/classic/tsplib/pr152.tsp,polyak-smoothed,199,polyak-smoothed,199,66647.032000562685,66784.614668844966,73682
/Users/a/Ayanami/code/TSP/data/classic/tsplib/pr152.tsp,polyak-smoothed,200,polyak-smoothed,200,66664.984522149534,66784.614668844966,73682
/Users/a/Ayanami/code/TSP/data/classic/tsplib/pr152.tsp,polyak-smoothed,201,polyak-smoothed,201,66733.728485091095,66784.614668844966,73682
/Users/a/Ayanami/code/TSP/data/classic/tsplib/pr152.tsp,polyak-smoothed,202,polyak-smoothed,202,66624.03016714775,66784.614668844966,73682
/Users/a/Ayanami/code/TSP/data/classic/tsplib/pr152.tsp,polyak-smoothed,203,polyak-smoothed,203,66711.177048064215,66784.614668844966,73682
/Users/a/Ayanami/code/TSP/data/classic/tsplib/pr152.tsp,polyak-smoothed,204,polyak-smoothed,204,66733.814637929318,66784.614668844966,73682
/Users/a/Ayanami/code/TSP/data/classic/tsplib/pr152.tsp,polyak-smoothed,205,polyak-smoothed,205,66874.156715206191,66874.156715206191,73682
/Users/a/Ayanami/code/TSP/data/classic/tsplib/pr152.tsp,polyak-smoothed,206,polyak-smoothed,206,66866.730599831906,66874.156715206191,73682
/Users/a/Ayanami/code/TSP/data/classic/tsplib/pr152.tsp,polyak-smoothed,207,polyak-smoothed,207,66910.693554678437,66910.693554678437,73682
/Users/a/Ayanami/code/TSP/data/classic/tsplib/pr152.tsp,polyak-smoothed,208,polyak-smoothed,208,66755.085991345462,66910.693554678437,73682
/Users/a/Ayanami/code/TSP/data/classic/tsplib/pr152.tsp,polyak-smoothed,209,polyak-smoothed,209,66882.518160065767,66910.693554678437,73682
/Users/a/Ayanami/code/TSP/data/classic/tsplib/pr152.tsp,polyak-smoothed,210,polyak-smoothed,210,66795.397006629923,66910.693554678437,73682
/Users/a/Ayanami/code/TSP/data/classic/tsplib/pr152.tsp,polyak-smoothed,211,polyak-smoothed,211,66915.428255871797,66915.428255871797,73682
/Users/a/Ayanami/code/TSP/data/classic/tsplib/pr152.tsp,polyak-smoothed,212,polyak-smoothed,212,66785.110987625521,66915.428255871797,73682
/Users/a/Ayanami/code/TSP/data/classic/tsplib/pr152.tsp,polyak-smoothed,213,polyak-smoothed,213,66895.965640284863,66915.428255871797,73682
/Users/a/Ayanami/code/TSP/data/classic/tsplib/pr152.tsp,polyak-smoothed,214,polyak-smoothed,214,66822.582049730467,66915.428255871797,73682
/Users/a/Ayanami/code/TSP/data/classic/tsplib/pr152.tsp,polyak-smoothed,215,polyak-smoothed,215,66905.527407289555,66915.428255871797,73682
/Users/a/Ayanami/code/TSP/data/classic/tsplib/pr152.tsp,polyak-smoothed,216,polyak-smoothed,216,66890.059382233434,66915.428255871797,73682
/Users/a/Ayanami/code/TSP/data/classic/tsplib/pr152.tsp,polyak-smoothed,217,polyak-smoothed,217,66983.010934719219,66983.010934719219,73682
/Users/a/Ayanami/code/TSP/data/classic/tsplib/pr152.tsp,polyak-smoothed,218,polyak-smoothed,218,66851.042576265725,66983.010934719219,73682
/Users/a/Ayanami/code/TSP/data/classic/tsplib/pr152.tsp,polyak-smoothed,219,polyak-smoothed,219,66909.782321075181,66983.010934719219,73682
/Users/a/Ayanami/code/TSP/data/classic/tsplib/pr152.tsp,polyak-smoothed,220,polyak-smoothed,220,66915.076211388077,66983.010934719219,73682
/Users/a/Ayanami/code/TSP/data/classic/tsplib/pr152.tsp,polyak-smoothed,221,polyak-smoothed,221,66993.481754232635,66993.481754232635,73682
/Users/a/Ayanami/code/TSP/data/classic/tsplib/pr152.tsp,polyak-smoothed,222,polyak-smoothed,222,66921.113380916795,66993.481754232635,73682
/Users/a/Ayanami/code/TSP/data/classic/tsplib/pr152.tsp,polyak-smoothed,223,polyak-smoothed,223,66863.801541342458,66993.481754232635,73682
/Users/a/Ayanami/code/TSP/data/classic/tsplib/pr152.tsp,polyak-smoothed,224,polyak-smoothed,224,66960.616641299639,66993.481754232635,73682
/Users/a/Ayanami/code/TSP/data/classic/tsplib/pr152.tsp,polyak-smoothed,225,polyak-smoothed,225,66823.726741655701,66993.481754232635,73682
/Users/a/Ayanami/code/TSP/data/classic/tsplib/pr152.tsp,polyak-smoothed,226,polyak-smoothed,226,66945.679366559998,66993.481754232635,73682
/Users/a/Ayanami/code/TSP/data/classic/tsplib/pr152.tsp,polyak-smoothed,227,polyak-smoothed,227,66877.344923693861,66993.481754232635,73682
/Users/a/Ayanami/code/TSP/data/classic/tsplib/pr152.tsp,polyak-smoothed,228,polyak-smoothed,228,66999.709392933408,66999.709392933408,73682
/Users/a/Ayanami/code/TSP/data/classic/tsplib/pr152.tsp,polyak-smoothed,229,polyak-smoothed,229,66686.104441425414,66999.709392933408,73682
/Users/a/Ayanami/code/TSP/data/classic/tsplib/pr152.tsp,polyak-smoothed,230,polyak-smoothed,230,66884.685065912388,66999.709392933408,73682
/Users/a/Ayanami/code/TSP/data/classic/tsplib/pr152.tsp,polyak-smoothed,231,polyak-smoothed,231,66928.29398297632,66999.709392933408,73682
/Users/a/Ayanami/code/TSP/data/classic/tsplib/pr152.tsp,polyak-smoothed,232,polyak-smoothed,232,66953.221333248526,66999.709392933408,73682
/Users/a/Ayanami/code/TSP/data/classic/tsplib/pr152.tsp,polyak-smoothed,233,polyak-smoothed,233,66925.282647120141,66999.709392933408,73682
/Users/a/Ayanami/code/TSP/data/classic/tsplib/pr152.tsp,polyak-smoothed,234,polyak-smoothed,234,66989.13245649595,66999.709392933408,73682
/Users/a/Ayanami/code/TSP/data/classic/tsplib/pr152.tsp,polyak-smoothed,235,polyak-smoothed,235,67003.428355175784,67003.428355175784,73682
/Users/a/Ayanami/code/TSP/data/classic/tsplib/pr152.tsp,polyak-smoothed,236,polyak-smoothed,236,67022.9516029566,67022.9516029566,73682
/Users/a/Ayanami/code/TSP/data/classic/tsplib/pr152.tsp,polyak-smoothed,237,polyak-smoothed,237,66875.090790827235,67022.9516029566,73682
/Users/a/Ayanami/code/TSP/data/classic/tsplib/pr152.tsp,polyak-smoothed,238,polyak-smoothed,238,67006.397251404647,67022.9516029566,73682
/Users/a/Ayanami/code/TSP/data/classic/tsplib/pr152.tsp,polyak-smoothed,239,polyak-smoothed,239,66859.388219267697,67022.9516029566,73682
/Users/a/Ayanami/code/TSP/data/classic/tsplib/pr152.tsp,polyak-smoothed,240,polyak-smoothed,240,66999.224819535186,67022.9516029566,73682
/Users/a/Ayanami/code/TSP/data/classic/tsplib/pr152.tsp,polyak-smoothed,241,polyak-smoothed,241,66804.409285117144,67022.9516029566,73682
/Users/a/Ayanami/code/TSP/data/classic/tsplib/pr152.tsp,polyak-smoothed,242,polyak-smoothed,242,66951.660172422809,67022.9516029566,73682
/Users/a/Ayanami/code/TSP/data/classic/tsplib/pr152.tsp,polyak-smoothed,243,polyak-smoothed,243,67007.043696439156,67022.9516029566,73682
/Users/a/Ayanami/code/TSP/data/classic/tsplib/pr152.tsp,polyak-smoothed,244,polyak-smoothed,244,66847.707383382498,67022.9516029566,73682
/Users/a/Ayanami/code/TSP/data/classic/tsplib/pr152.tsp,polyak-smoothed,245,polyak-smoothed,245,66979.61911564511,67022.9516029566,73682
/Users/a/Ayanami/code/TSP/data/classic/tsplib/pr152.tsp,polyak-smoothed,246,polyak-smoothed,246,66962.958850982366,67022.9516029566,73682
/Users/a/Ayanami/code/TSP/data/classic/tsplib/pr152.tsp,polyak-smoothed,247,polyak-smoothed,247,66989.587933935632,67022.9516029566,73682
/Users/a/Ayanami/code/TSP/data/classic/tsplib/pr152.tsp,polyak-smoothed,248,polyak-smoothed,248,67013.420332515991,67022.9516029566,73682
/Users/a/Ayanami/code/TSP/data/classic/tsplib/pr152.tsp,polyak-smoothed,249,polyak-smoothed,249,66999.937102124211,67022.9516029566,73682
/Users/a/Ayanami/code/TSP/data/classic/tsplib/pr152.tsp,polyak-smoothed,250,polyak-smoothed,250,67049.136430924278,67049.136430924278,73682
/Users/a/Ayanami/code/TSP/data/classic/tsplib/pr152.tsp,polyak-smoothed,251,polyak-smoothed,251,67080.758324391296,67080.758324391296,73682
/Users/a/Ayanami/code/TSP/data/classic/tsplib/pr152.tsp,polyak-smoothed,252,polyak-smoothed,252,67101.822865805021,67101.822865805021,73682
/Users/a/Ayanami/code/TSP/data/classic/tsplib/pr152.tsp,polyak-smoothed,253,polyak-smoothed,253,67072.643825784966,67101.822865805021,73682
/Users/a/Ayanami/code/TSP/data/classic/tsplib/pr152.tsp,polyak-smoothed,254,polyak-smoothed,254,67096.905607304521,67101.822865805021,73682
/Users/a/Ayanami/code/TSP/data/classic/tsplib/pr152.tsp,polyak-smoothed,255,polyak-smoothed,255,67078.885002898489,67101.822865805021,73682
/Users/a/Ayanami/code/TSP/data/classic/tsplib/pr152.tsp,polyak-smoothed,256,polyak-smoothed,256,67098.286140885437,67101.822865805021,73682
/Users/a/Ayanami/code/TSP/data/classic/tsplib/pr152.tsp,polyak-smoothed,257,polyak-smoothed,257,67077.395777908983,67101.822865805021,73682
/Users/a/Ayanami/code/TSP/data/classic/tsplib/pr152.tsp,polyak-smoothed,258,polyak-smoothed,258,67098.517005660367,67101.822865805021,73682
/Users/a/Ayanami/code/TSP/data/classic/tsplib/pr152.tsp,polyak-smoothed,259,polyak-smoothed,259,67085.751201269217,67101.822865805021,73682
/Users/a/Ayanami/code/TSP/data/classic/tsplib/pr152.tsp,polyak-smoothed,260,polyak-smoothed,260,67122.505090613384,67122.505090613384,73682
/Users/a/Ayanami/code/TSP/data/classic/tsplib/pr152.tsp,polyak-smoothed,261,polyak-smoothed,261,67087.807480404052,67122.505090613384,73682
/Users/a/Ayanami/code/TSP/data/classic/tsplib/pr152.tsp,polyak-smoothed,262,polyak-smoothed,262,67109.514336178792,67122.505090613384,73682
/Users/a/Ayanami/code/TSP/data/classic/tsplib/pr152.tsp,polyak-smoothed,263,polyak-smoothed,263,67046.482621085263,67122.505090613384,73682
/Users/a/Ayanami/code/TSP/data/classic/tsplib/pr152.tsp,polyak-smoothed,264,polyak-smoothed,264,67082.285326098092,67122.505090613384,73682
/Users/a/Ayanami/code/TSP/data/classic/tsplib/pr152.tsp,polyak-smoothed,265,polyak-smoothed,265,67071.756073860961,67122.505090613384,73682
/Users/a/Ayanami/code/TSP/data/classic/tsplib/pr152.tsp,polyak-smoothed,266,polyak-smoothed,266,67112.394621509055,67122.505090613384,73682
/Users/a/Ayanami/code/TSP/data/classic/tsplib/pr152.tsp,polyak-smoothed,267,polyak-smoothed,267,67064.580720670507,67122.505090613384,73682
/Users/a/Ayanami/code/TSP/data/classic/tsplib/pr152.tsp,polyak-smoothed,268,polyak-smoothed,268,67117.313271462044,67122.505090613384,73682
/Users/a/Ayanami/code/TSP/data/classic/tsplib/pr152.tsp,polyak-smoothed,269,polyak-smoothed,269,67003.876712469806,67122.505090613384,73682
/Users/a/Ayanami/code/TSP/data/classic/tsplib/pr152.tsp,polyak-smoothed,270,polyak-smoothed,270,67093.535968249969,67122.505090613384,73682
/Users/a/Ayanami/code/TSP/data/classic/tsplib/pr152.tsp,polyak-smoothed,271,polyak-smoothed,271,67094.469231895331,67122.505090613384,73682
/Users/a/Ayanami/code/TSP/data/classic/tsplib/pr152.tsp,polyak-smoothed,272,polyak-smoothed,272,67139.989518368064,67139.989518368064,73682
/Users/a/Ayanami/code/TSP/data/classic/tsplib/pr152.tsp,polyak-smoothed,273,polyak-smoothed,273,67093.074721014913,67139.989518368064,73682
/Users/a/Ayanami/code/TSP/data/classic/tsplib/pr152.tsp,polyak-smoothed,274,polyak-smoothed,274,67129.948817295706,67139.989518368064,73682
/Users/a/Ayanami/code/TSP/data/classic/tsplib/pr152.tsp,polyak-smoothed,275,polyak-smoothed,275,67098.88719026641,67139.989518368064,73682
/Users/a/Ayanami/code/TSP/data/classic/tsplib/pr152.tsp,polyak-smoothed,276,polyak-smoothed,276,67119.801827641044,67139.989518368064,73682
/Users/a/Ayanami/code/TSP/data/classic/tsplib/pr152.tsp,polyak-smoothed,277,polyak-smoothed,277,67137.949476481197,67139.989518368064,73682
/Users/a/Ayanami/code/TSP/data/classic/tsplib/pr152.tsp,polyak-smoothed,278,polyak-smoothed,278,67134.578590337682,67139.989518368064,73682
/Users/a/Ayanami/code/TSP/data/classic/tsplib/pr152.tsp,polyak-smoothed,279,polyak-smoothed,279,67138.450906560072,67139.989518368064,73682
/Users/a/Ayanami/code/TSP/data/classic/tsplib/pr152.tsp,polyak-smoothed,280,polyak-smoothed,280,67144.223057390103,67144.223057390103,73682
/Users/a/Ayanami/code/TSP/data/classic/tsplib/pr152.tsp,polyak-smoothed,281,polyak-smoothed,281,67138.415666081448,67144.223057390103,73682
/Users/a/Ayanami/code/TSP/data/classic/tsplib/pr152.tsp,polyak-smoothed,282,polyak-smoothed,282,67126.107379931098,67144.223057390103,73682
/Users/a/Ayanami/code/TSP/data/classic/tsplib/pr152.tsp,polyak-smoothed,283,polyak-smoothed,283,67146.458703485565,67146.458703485565,73682
/Users/a/Ayanami/code/TSP/data/classic/tsplib/pr152.tsp,polyak-smoothed,284,polyak-smoothed,284,67158.491442267579,67158.491442267579,73682
/Users/a/Ayanami/code/TSP/data/classic/tsplib/pr152.tsp,polyak-smoothed,285,polyak-smoothed,285,67111.406445451357,67158.491442267579,73682
/Users/a/Ayanami/code/TSP/data/classic/tsplib/pr152.tsp,polyak-smoothed,286,polyak-smoothed,286,67138.959889008896,67158.491442267579,73682
/Users/a/Ayanami/code/TSP/data/classic/tsplib/pr152.tsp,polyak-smoothed,287,polyak-smoothed,287,67139.236376951507,67158.491442267579,73682
/Users/a/Ayanami/code/TSP/data/classic/tsplib/pr152.tsp,polyak-smoothed,288,polyak-smoothed,288,67151.164910157866,67158.491442267579,73682
/Users/a/Ayanami/code/TSP/data/classic/tsplib/pr152.tsp,polyak-smoothed,289,polyak-smoothed,289,67165.666784942092,67165.666784942092,73682
/Users/a/Ayanami/code/TSP/data/classic/tsplib/pr152.tsp,polyak-smoothed,290,polyak-smoothed,290,67134.731170762083,67165.666784942092,73682
/Users/a/Ayanami/code/TSP/data/classic/tsplib/pr152.tsp,polyak-smoothed,291,polyak-smoothed,291,67161.190115929945,67165.666784942092,73682
/Users/a/Ayanami/code/TSP/data/classic/tsplib/pr152.tsp,polyak-smoothed,292,polyak-smoothed,292,67145.698829120971,67165.666784942092,73682
/Users/a/Ayanami/code/TSP/data/classic/tsplib/pr152.tsp,polyak-smoothed,293,polyak-smoothed,293,67134.748013853314,67165.666784942092,73682
/Users/a/Ayanami/code/TSP/data/classic/tsplib/pr152.tsp,polyak-smoothed,294,polyak-smoothed,294,67167.79348004215,67167.79348004215,73682
/Users/a/Ayanami/code/TSP/data/classic/tsplib/pr152.tsp,polyak-smoothed,295,polyak-smoothed,295,67108.987524367287,67167.79348004215,73682
/Users/a/Ayanami/code/TSP/data/classic/tsplib/pr152.tsp,polyak-smoothed,296,polyak-smoothed,296,67135.740056775787,67167.79348004215,73682
/Users/a/Ayanami/code/TSP/data/classic/tsplib/pr152.tsp,polyak-smoothed,297,polyak-smoothed,297,67129.733882300046,67167.79348004215,73682
/Users/a/Ayanami/code/TSP/data/classic/tsplib/pr152.tsp,polyak-smoothed,298,polyak-smoothed,298,67153.454179089822,67167.79348004215,73682
/Users/a/Ayanami/code/TSP/data/classic/tsplib/pr152.tsp,polyak-smoothed,299,polyak-smoothed,299,67150.619664932106,67167.79348004215,73682
/Users/a/Ayanami/code/TSP/data/classic/tsplib/pr152.tsp,polyak-smoothed,300,polyak-smoothed,300,67176.617623958591,67176.617623958591,73682
/Users/a/Ayanami/code/TSP/data/classic/tsplib/pr152.tsp,polyak-smoothed,301,polyak-smoothed,301,67111.577945713114,67176.617623958591,73682
/Users/a/Ayanami/code/TSP/data/classic/tsplib/pr152.tsp,polyak-smoothed,302,polyak-smoothed,302,67154.192657078864,67176.617623958591,73682
/Users/a/Ayanami/code/TSP/data/classic/tsplib/pr152.tsp,polyak-smoothed,303,polyak-smoothed,303,67084.903555085082,67176.617623958591,73682
/Users/a/Ayanami/code/TSP/data/classic/tsplib/pr152.tsp,polyak-smoothed,304,polyak-smoothed,304,67163.656201027101,67176.617623958591,73682
/Users/a/Ayanami/code/TSP/data/classic/tsplib/pr152.tsp,polyak-smoothed,305,polyak-smoothed,305,67115.675552568355,67176.617623958591,73682
/Users/a/Ayanami/code/TSP/data/classic/tsplib/pr152.tsp,polyak-smoothed,306,polyak-smoothed,306,67162.904989033079,67176.617623958591,73682
/Users/a/Ayanami/code/TSP/data/classic/tsplib/pr152.tsp,polyak-smoothed,307,polyak-smoothed,307,67133.728875131943,67176.617623958591,73682
/Users/a/Ayanami/code/TSP/data/classic/tsplib/pr152.tsp,polyak-smoothed,308,polyak-smoothed,308,67150.485694097835,67176.617623958591,73682
/Users/a/Ayanami/code/TSP/data/classic/tsplib/pr152.tsp,polyak-smoothed,309,polyak-smoothed,309,67200.377854111808,67200.377854111808,73682
/Users/a/Ayanami/code/TSP/data/classic/tsplib/pr152.tsp,polyak-smoothed,310,polyak-smoothed,310,67078.628637613685,67200.377854111808,73682
/Users/a/Ayanami/code/TSP/data/classic/tsplib/pr152.tsp,polyak-smoothed,311,polyak-smoothed,311,67147.312635389389,67200.377854111808,73682
/Users/a/Ayanami/code/TSP/data/classic/tsplib/pr152.tsp,polyak-smoothed,312,polyak-smoothed,312,67155.340829013207,67200.377854111808,73682
/Users/a/Ayanami/code/TSP/data/classic/tsplib/pr152.tsp,polyak-smoothed,313,polyak-smoothed,313,67174.463919586648,67200.377854111808,73682
/Users/a/Ayanami/code/TSP/data/classic/tsplib/pr152.tsp,polyak-smoothed,314,polyak-smoothed,314,67190.607679686567,67200.377854111808,73682
/Users/a/Ayanami/code/TSP/data/classic/tsplib/pr152.tsp,polyak-smoothed,315,polyak-smoothed,315,67144.320378137578,67200.377854111808,73682
/Users/a/Ayanami/code/TSP/data/classic/tsplib/pr152.tsp,polyak-smoothed,316,polyak-smoothed,316,67173.878884623045,67200.377854111808,73682
/Users/a/Ayanami/code/TSP/data/classic/tsplib/pr152.tsp,polyak-smoothed,317,polyak-smoothed,317,67167.734604922181,67200.377854111808,73682
/Users/a/Ayanami/code/TSP/data/classic/tsplib/pr152.tsp,polyak-smoothed,318,polyak-smoothed,318,67194.446164259498,67200.377854111808,73682
/Users/a/Ayanami/code/TSP/data/classic/tsplib/pr152.tsp,polyak-smoothed,319,polyak-smoothed,319,67152.207842878255,67200.377854111808,73682
/Users/a/Ayanami/code/TSP/data/classic/tsplib/pr152.tsp,polyak-smoothed,320,polyak-smoothed,320,67180.690044297109,67200.377854111808,73682
/Users/a/Ayanami/code/TSP/data/classic/tsplib/pr152.tsp,polyak-smoothed,321,polyak-smoothed,321,67124.679961662579,67200.377854111808,73682
/Users/a/Ayanami/code/TSP/data/classic/tsplib/pr152.tsp,polyak-smoothed,322,polyak-smoothed,322,67163.369592092029,67200.377854111808,73682
/Users/a/Ayanami/code/TSP/data/classic/tsplib/pr152.tsp,polyak-smoothed,323,polyak-smoothed,323,67198.340676285108,67200.377854111808,73682
/Users/a/Ayanami/code/TSP/data/classic/tsplib/pr152.tsp,polyak-smoothed,324,polyak-smoothed,324,67208.507400528179,67208.507400528179,73682
/Users/a/Ayanami/code/TSP/data/classic/tsplib/pr152.tsp,polyak-smoothed,325,polyak-smoothed,325,67206.833481650567,67208.507400528179,73682
/Users/a/Ayanami/code/TSP/data/classic/tsplib/pr152.tsp,polyak-smoothed,326,polyak-smoothed,326,67216.943933340139,67216.943933340139,73682
/Users/a/Ayanami/code/TSP/data/classic/tsplib/pr152.tsp,polyak-smoothed,327,polyak-smoothed,327,67220.77074751597,67220.77074751597,73682
/Users/a/Ayanami/code/TSP/data/classic/tsplib/pr152.tsp,polyak-smoothed,328,polyak-smoothed,328,67225.927805547166,67225.927805547166,73682
/Users/a/Ayanami/code/TSP/data/classic/tsplib/pr152.tsp,polyak-smoothed,329,polyak-smoothed,329,67203.99876027256,67225.927805547166,73682
/Users/a/Ayanami/code/TSP/data/classic/tsplib/pr152.tsp,polyak-smoothed,330,polyak-smoothed,330,67223.575550201655,67225.927805547166,73682
/Users/a/Ayanami/code/TSP/data/classic/tsplib/pr152.tsp,polyak-smoothed,331,polyak-smoothed,331,67192.45717431877,67225.927805547166,73682
/Users/a/Ayanami/code/TSP/data/classic/tsplib/pr152.tsp,polyak-smoothed,332,polyak-smoothed,332,67212.126767941169,67225.927805547166,73682
/Users/a/Ayanami/code/TSP/data/classic/tsplib/pr152.tsp,polyak-smoothed,333,polyak-smoothed,333,67215.134558462494,67225.927805547166,73682
/Users/a/Ayanami/code/TSP/data/classic/tsplib/pr152.tsp,polyak-smoothed,334,polyak-smoothed,334,67234.214338308942,67234.214338308942,73682
/Users/a/Ayanami/code/TSP/data/classic/tsplib/pr152.tsp,polyak-smoothed,335,polyak-smoothed,335,67208.083740633796,67234.214338308942,73682
/Users/a/Ayanami/code/TSP/data/classic/tsplib/pr152.tsp,polyak-smoothed,336,polyak-smoothed,336,67229.237570131154,67234.214338308942,73682
/Users/a/Ayanami/code/TSP/data/classic/tsplib/pr152.tsp,polyak-smoothed,337,polyak-smoothed,337,67197.530920737161,67234.214338308942,73682
/Users/a/Ayanami/code/TSP/data/classic/tsplib/pr152.tsp,polyak-smoothed,338,polyak-smoothed,338,67231.573704963987,67234.214338308942,73682
/Users/a/Ayanami/code/TSP/data/classic/tsplib/pr152.tsp,polyak-smoothed,339,polyak-smoothed,339,67202.767189470047,67234.214338308942,73682
/Users/a/Ayanami/code/TSP/data/classic/tsplib/pr152.tsp,polyak-smoothed,340,polyak-smoothed,340,67222.580103853034,67234.214338308942,73682
/Users/a/Ayanami/code/TSP/data/classic/tsplib/pr152.tsp,polyak-smoothed,341,polyak-smoothed,341,67237.564419642498,67237.564419642498,73682
/Users/a/Ayanami/code/TSP/data/classic/tsplib/pr152.tsp,polyak-smoothed,342,polyak-smoothed,342,67203.106492683335,67237.564419642498,73682
/Users/a/Ayanami/code/TSP/data/classic/tsplib/pr152.tsp,polyak-smoothed,343,polyak-smoothed,343,67237.871112882523,67237.871112882523,73682
/Users/a/Ayanami/code/TSP/data/classic/tsplib/pr152.tsp,polyak-smoothed,344,polyak-smoothed,344,67213.4180308988,67237.871112882523,73682
/Users/a/Ayanami/code/TSP/data/classic/tsplib/pr152.tsp,polyak-smoothed,345,polyak-smoothed,345,67237.522464750829,67237.871112882523,73682
/Users/a/Ayanami/code/TSP/data/classic/tsplib/pr152.tsp,polyak-smoothed,346,polyak-smoothed,346,67239.594449522629,67239.594449522629,73682
/Users/a/Ayanami/code/TSP/data/classic/tsplib/pr152.tsp,polyak-smoothed,347,polyak-smoothed,347,67238.80199606283,67239.594449522629,73682
/Users/a/Ayanami/code/TSP/data/classic/tsplib/pr152.tsp,polyak-smoothed,348,polyak-smoothed,348,67218.590834800008,67239.594449522629,73682
/Users/a/Ayanami/code/TSP/data/classic/tsplib/pr152.tsp,polyak-smoothed,349,polyak-smoothed,349,67232.52959024407,67239.594449522629,73682
/Users/a/Ayanami/code/TSP/data/classic/tsplib/pr152.tsp,polyak-smoothed,350,polyak-smoothed,350,67209.623607632107,67239.594449522629,73682
/Users/a/Ayanami/code/TSP/data/classic/tsplib/pr152.tsp,polyak-smoothed,351,polyak-smoothed,351,67237.302438663959,67239.594449522629,73682
/Users/a/Ayanami/code/TSP/data/classic/tsplib/pr152.tsp,polyak-smoothed,352,polyak-smoothed,352,67238.480740559069,67239.594449522629,73682
/Users/a/Ayanami/code/TSP/data/classic/tsplib/pr152.tsp,polyak-smoothed,353,polyak-smoothed,353,67250.694169046357,67250.694169046357,73682
/Users/a/Ayanami/code/TSP/data/classic/tsplib/pr152.tsp,polyak-smoothed,354,polyak-smoothed,354,67225.390159231421,67250.694169046357,73682
/Users/a/Ayanami/code/TSP/data/classic/tsplib/pr152.tsp,polyak-smoothed,355,polyak-smoothed,355,67234.792386782399,67250.694169046357,73682
/Users/a/Ayanami/code/TSP/data/classic/tsplib/pr152.tsp,polyak-smoothed,356,polyak-smoothed,356,67256.684611187782,67256.684611187782,73682
/Users/a/Ayanami/code/TSP/data/classic/tsplib/pr152.tsp,polyak-smoothed,357,polyak-smoothed,357,67210.778731680432,67256.684611187782,73682
/Users/a/Ayanami/code/TSP/data/classic/tsplib/pr152.tsp,polyak-smoothed,358,polyak-smoothed,358,67237.972058172963,67256.684611187782,73682
/Users/a/Ayanami/code/TSP/data/classic/tsplib/pr152.tsp,polyak-smoothed,359,polyak-smoothed,359,67237.062636725357,67256.684611187782,73682
/Users/a/Ayanami/code/TSP/data/classic/tsplib/pr152.tsp,polyak-smoothed,360,polyak-smoothed,360,67258.066475845073,67258.066475845073,73682
/Users/a/Ayanami/code/TSP/data/classic/tsplib/pr152.tsp,polyak-smoothed,361,polyak-smoothed,361,67247.444584342476,67258.066475845073,73682
/Users/a/Ayanami/code/TSP/data/classic/tsplib/pr152.tsp,polyak-smoothed,362,polyak-smoothed,362,67246.883383188208,67258.066475845073,73682
/Users/a/Ayanami/code/TSP/data/classic/tsplib/pr152.tsp,polyak-smoothed,363,polyak-smoothed,363,67252.210809712968,67258.066475845073,73682
/Users/a/Ayanami/code/TSP/data/classic/tsplib/pr152.tsp,polyak-smoothed,364,polyak-smoothed,364,67239.711233969865,67258.066475845073,73682
/Users/a/Ayanami/code/TSP/data/classic/tsplib/pr152.tsp,polyak-smoothed,365,polyak-smoothed,365,67252.670129790262,67258.066475845073,73682
/Users/a/Ayanami/code/TSP/data/classic/tsplib/pr152.tsp,polyak-smoothed,366,polyak-smoothed,366,67207.250157371353,67258.066475845073,73682
/Users/a/Ayanami/code/TSP/data/classic/tsplib/pr152.tsp,polyak-smoothed,367,polyak-smoothed,367,67231.672929325548,67258.066475845073,73682
/Users/a/Ayanami/code/TSP/data/classic/tsplib/pr152.tsp,polyak-smoothed,368,polyak-smoothed,368,67234.618797284842,67258.066475845073,73682
/Users/a/Ayanami/code/TSP/data/classic/tsplib/pr152.tsp,polyak-smoothed,369,polyak-smoothed,369,67250.533285848593,67258.066475845073,73682
/Users/a/Ayanami/code/TSP/data/classic/tsplib/pr152.tsp,polyak-smoothed,370,polyak-smoothed,370,67234.688628438787,67258.066475845073,73682
/Users/a/Ayanami/code/TSP/data/classic/tsplib/pr152.tsp,polyak-smoothed,371,polyak-smoothed,371,67254.801267566669,67258.066475845073,73682
/Users/a/Ayanami/code/TSP/data/classic/tsplib/pr152.tsp,polyak-smoothed,372,polyak-smoothed,372,67225.571028950362,67258.066475845073,73682
/Users/a/Ayanami/code/TSP/data/classic/tsplib/pr152.tsp,polyak-smoothed,373,polyak-smoothed,373,67249.864148130931,67258.066475845073,73682
/Users/a/Ayanami/code/TSP/data/classic/tsplib/pr152.tsp,polyak-smoothed,374,polyak-smoothed,374,67260.289366590558,67260.289366590558,73682
/Users/a/Ayanami/code/TSP/data/classic/tsplib/pr152.tsp,polyak-smoothed,375,polyak-smoothed,375,67265.389968198811,67265.389968198811,73682
/Users/a/Ayanami/code/TSP/data/classic/tsplib/pr152.tsp,polyak-smoothed,376,polyak-smoothed,376,67275.813716416611,67275.813716416611,73682
/Users/a/Ayanami/code/TSP/data/classic/tsplib/pr152.tsp,polyak-smoothed,377,polyak-smoothed,377,67269.675212635339,67275.813716416611,73682
/Users/a/Ayanami/code/TSP/data/classic/tsplib/pr152.tsp,polyak-smoothed,378,polyak-smoothed,378,67268.06975582469,67275.813716416611,73682
/Users/a/Ayanami/code/TSP/data/classic/tsplib/pr152.tsp,polyak-smoothed,379,polyak-smoothed,379,67273.086013532069,67275.813716416611,73682
/Users/a/Ayanami/code/TSP/data/classic/tsplib/pr152.tsp,polyak-smoothed,380,polyak-smoothed,380,67267.653134870328,67275.813716416611,73682
/Users/a/Ayanami/code/TSP/data/classic/tsplib/pr152.tsp,polyak-smoothed,381,polyak-smoothed,381,67269.232572446956,67275.813716416611,73682
/Users/a/Ayanami/code/TSP/data/classic/tsplib/pr152.tsp,polyak-smoothed,382,polyak-smoothed,382,67277.152466907864,67277.152466907864,73682
/Users/a/Ayanami/code/TSP/data/classic/tsplib/pr152.tsp,polyak-smoothed,383,polyak-smoothed,383,67266.499816672425,67277.152466907864,73682
/Users/a/Ayanami/code/TSP/data/classic/tsplib/pr152.tsp,polyak-smoothed,384,polyak-smoothed,384,67270.727077009928,67277.152466907864,73682
/Users/a/Ayanami/code/TSP/data/classic/tsplib/pr152.tsp,polyak-smoothed,385,polyak-smoothed,385,67281.101847812242,67281.101847812242,73682
/Users/a/Ayanami/code/TSP/data/classic/tsplib/pr152.tsp,polyak-smoothed,386,polyak-smoothed,386,67267.732257064999,67281.101847812242,73682
/Users/a/Ayanami/code/TSP/data/classic/tsplib/pr152.tsp,polyak-smoothed,387,polyak-smoothed,387,67279.221005800049,67281.101847812242,73682
/Users/a/Ayanami/code/TSP/data/classic/tsplib/pr152.tsp,polyak-smoothed,388,polyak-smoothed,388,67272.856197877438,67281.101847812242,73682
/Users/a/Ayanami/code/TSP/data/classic/tsplib/pr152.tsp,polyak-smoothed,389,polyak-smoothed,389,67281.195743561984,67281.195743561984,73682
/Users/a/Ayanami/code/TSP/data/classic/tsplib/pr152.tsp,polyak-smoothed,390,polyak-smoothed,390,67244.405337075994,67281.195743561984,73682
/Users/a/Ayanami/code/TSP/data/classic/tsplib/pr152.tsp,polyak-smoothed,391,polyak-smoothed,391,67262.072544170893,67281.195743561984,73682
/Users/a/Ayanami/code/TSP/data/classic/tsplib/pr152.tsp,polyak-smoothed,392,polyak-smoothed,392,67272.945594586054,67281.195743561984,73682
/Users/a/Ayanami/code/TSP/data/classic/tsplib/pr152.tsp,polyak-smoothed,393,polyak-smoothed,393,67273.036069839101,67281.195743561984,73682
/Users/a/Ayanami/code/TSP/data/classic/tsplib/pr152.tsp,polyak-smoothed,394,polyak-smoothed,394,67278.488839861748,67281.195743561984,73682
/Users/a/Ayanami/code/TSP/data/classic/tsplib/pr152.tsp,polyak-smoothed,395,polyak-smoothed,395,67278.640099126977,67281.195743561984,73682
/Users/a/Ayanami/code/TSP/data/classic/tsplib/pr152.tsp,polyak-smoothed,396,polyak-smoothed,396,67282.304577697229,67282.304577697229,73682
/Users/a/Ayanami/code/TSP/data/classic/tsplib/pr152.tsp,polyak-smoothed,397,polyak-smoothed,397,67269.755944122808,67282.304577697229,73682
/Users/a/Ayanami/code/TSP/data/classic/tsplib/pr152.tsp,polyak-smoothed,398,polyak-smoothed,398,67279.011926640305,67282.304577697229,73682
/Users/a/Ayanami/code/TSP/data/classic/tsplib/pr152.tsp,polyak-smoothed,399,polyak-smoothed,399,67274.173530314365,67282.304577697229,73682
/Users/a/Ayanami/code/TSP/data/classic/tsplib/pr152.tsp,polyak-smoothed,400,polyak-smoothed,400,67282.122439035535,67282.304577697229,73682
/Users/a/Ayanami/code/TSP/data/classic/tsplib/pr152.tsp,polyak-smoothed,401,polyak-smoothed,401,67276.076469026128,67282.304577697229,73682
/Users/a/Ayanami/code/TSP/data/classic/tsplib/pr152.tsp,polyak-smoothed,402,polyak-smoothed,402,67284.382343999314,67284.382343999314,73682
/Users/a/Ayanami/code/TSP/data/classic/tsplib/pr152.tsp,polyak-smoothed,403,polyak-smoothed,403,67288.26193301742,67288.26193301742,73682
/Users/a/Ayanami/code/TSP/data/classic/tsplib/pr152.tsp,polyak-smoothed,404,polyak-smoothed,404,67273.460328415793,67288.26193301742,73682
/Users/a/Ayanami/code/TSP/data/classic/tsplib/pr152.tsp,polyak-smoothed,405,polyak-smoothed,405,67285.423986574911,67288.26193301742,73682
/Users/a/Ayanami/code/TSP/data/classic/tsplib/pr152.tsp,polyak-smoothed,406,polyak-smoothed,406,67284.91063837093,67288.26193301742,73682
/Users/a/Ayanami/code/TSP/data/classic/tsplib/pr152.tsp,polyak-smoothed,407,polyak-smoothed,407,67286.404040893525,67288.26193301742,73682
/Users/a/Ayanami/code/TSP/data/classic/tsplib/pr152.tsp,polyak-smoothed,408,polyak-smoothed,408,67282.87045932503,67288.26193301742,73682
/Users/a/Ayanami/code/TSP/data/classic/tsplib/pr152.tsp,polyak-smoothed,409,polyak-smoothed,409,67290.920808515366,67290.920808515366,73682
/Users/a/Ayanami/code/TSP/data/classic/tsplib/pr152.tsp,polyak-smoothed,410,polyak-smoothed,410,67283.579200160035,67290.920808515366,73682
/Users/a/Ayanami/code/TSP/data/classic/tsplib/pr152.tsp,polyak-smoothed,411,polyak-smoothed,411,67282.678785704935,67290.920808515366,73682
/Users/a/Ayanami/code/TSP/data/classic/tsplib/pr152.tsp,polyak-smoothed,412,polyak-smoothed,412,67281.438167396322,67290.920808515366,73682
/Users/a/Ayanami/code/TSP/data/classic/tsplib/pr152.tsp,polyak-smoothed,413,polyak-smoothed,413,67287.325304608516,67290.920808515366,73682
/Users/a/Ayanami/code/TSP/data/classic/tsplib/pr152.tsp,polyak-smoothed,414,polyak-smoothed,414,67282.653528666357,67290.920808515366,73682
/Users/a/Ayanami/code/TSP/data/classic/tsplib/pr152.tsp,polyak-smoothed,415,polyak-smoothed,415,67291.589477197966,67291.589477197966,73682
/Users/a/Ayanami/code/TSP/data/classic/tsplib/pr152.tsp,polyak-smoothed,416,polyak-smoothed,416,67269.48894234866,67291.589477197966,73682
/Users/a/Ayanami/code/TSP/data/classic/tsplib/pr152.tsp,polyak-smoothed,417,polyak-smoothed,417,67287.411403929946,67291.589477197966,73682
/Users/a/Ayanami/code/TSP/data/classic/tsplib/pr152.tsp,polyak-smoothed,418,polyak-smoothed,418,67284.250803024435,67291.589477197966,73682
/Users/a/Ayanami/code/TSP/data/classic/tsplib/pr152.tsp,polyak-smoothed,419,polyak-smoothed,419,67280.69741548301,67291.589477197966,73682
/Users/a/Ayanami/code/TSP/data/classic/tsplib/pr152.tsp,polyak-smoothed,420,polyak-smoothed,420,67290.262990996765,67291.589477197966,73682
/Users/a/Ayanami/code/TSP/data/classic/tsplib/pr152.tsp,polyak-smoothed,421,polyak-smoothed,421,67279.13339037924,67291.589477197966,73682
/Users/a/Ayanami/code/TSP/data/classic/tsplib/pr152.tsp,polyak-smoothed,422,polyak-smoothed,422,67285.955895996303,67291.589477197966,73682
/Users/a/Ayanami/code/TSP/data/classic/tsplib/pr152.tsp,polyak-smoothed,423,polyak-smoothed,423,67276.599514226866,67291.589477197966,73682
/Users/a/Ayanami/code/TSP/data/classic/tsplib/pr152.tsp,polyak-smoothed,424,polyak-smoothed,424,67293.792107674381,67293.792107674381,73682
/Users/a/Ayanami/code/TSP/data/classic/tsplib/pr152.tsp,polyak-smoothed,425,polyak-smoothed,425,67275.567570278756,67293.792107674381,73682
/Users/a/Ayanami/code/TSP/data/classic/tsplib/pr152.tsp,polyak-smoothed,426,polyak-smoothed,426,67287.67112664679,67293.792107674381,73682
/Users/a/Ayanami/code/TSP/data/classic/tsplib/pr152.tsp,polyak-smoothed,427,polyak-smoothed,427,67287.381791247026,67293.792107674381,73682
/Users/a/Ayanami/code/TSP/data/classic/tsplib/pr152.tsp,polyak-smoothed,428,polyak-smoothed,428,67287.103424544242,67293.792107674381,73682
/Users/a/Ayanami/code/TSP/data/classic/tsplib/pr152.tsp,polyak-smoothed,429,polyak-smoothed,429,67285.353377626583,67293.792107674381,73682
/Users/a/Ayanami/code/TSP/data/classic/tsplib/pr152.tsp,polyak-smoothed,430,polyak-smoothed,430,67286.574167330837,67293.792107674381,73682
/Users/a/Ayanami/code/TSP/data/classic/tsplib/pr152.tsp,polyak-smoothed,431,polyak-smoothed,431,67292.467120012327,67293.792107674381,73682
/Users/a/Ayanami/code/TSP/data/classic/tsplib/pr152.tsp,polyak-smoothed,432,polyak-smoothed,432,67288.307781069496,67293.792107674381,73682
/Users/a/Ayanami/code/TSP/data/classic/tsplib/pr152.tsp,polyak-smoothed,433,polyak-smoothed,433,67300.527436604272,67300.527436604272,73682
/Users/a/Ayanami/code/TSP/data/classic/tsplib/pr152.tsp,polyak-smoothed,434,polyak-smoothed,434,67273.244708352038,67300.527436604272,73682
/Users/a/Ayanami/code/TSP/data/classic/tsplib/pr152.tsp,polyak-smoothed,435,polyak-smoothed,435,67288.329560744096,67300.527436604272,73682
/Users/a/Ayanami/code/TSP/data/classic/tsplib/pr152.tsp,polyak-smoothed,436,polyak-smoothed,436,67294.581540847837,67300.527436604272,73682
/Users/a/Ayanami/code/TSP/data/classic/tsplib/pr152.tsp,polyak-smoothed,437,polyak-smoothed,437,67294.48791594409,67300.527436604272,73682
/Users/a/Ayanami/code/TSP/data/classic/tsplib/pr152.tsp,polyak-smoothed,438,polyak-smoothed,438,67304.282658528144,67304.282658528144,73682
/Users/a/Ayanami/code/TSP/data/classic/tsplib/pr152.tsp,polyak-smoothed,439,polyak-smoothed,439,67281.199153929265,67304.282658528144,73682
/Users/a/Ayanami/code/TSP/data/classic/tsplib/pr152.tsp,polyak-smoothed,440,polyak-smoothed,440,67291.594480927524,67304.282658528144,73682
/Users/a/Ayanami/code/TSP/data/classic/tsplib/pr152.tsp,polyak-smoothed,441,polyak-smoothed,441,67293.981841759625,67304.282658528144,73682
/Users/a/Ayanami/code/TSP/data/classic/tsplib/pr152.tsp,polyak-smoothed,442,polyak-smoothed,442,67294.62550861905,67304.282658528144,73682
/Users/a/Ayanami/code/TSP/data/classic/tsplib/pr152.tsp,polyak-smoothed,443,polyak-smoothed,443,67293.579459533532,67304.282658528144,73682
/Users/a/Ayanami/code/TSP/data/classic/tsplib/pr152.tsp,polyak-smoothed,444,polyak-smoothed,444,67303.039057378031,67304.282658528144,73682
/Users/a/Ayanami/code/TSP/data/classic/tsplib/pr152.tsp,polyak-smoothed,445,polyak-smoothed,445,67285.452799252962,67304.282658528144,73682
/Users/a/Ayanami/code/TSP/data/classic/tsplib/pr152.tsp,polyak-smoothed,446,polyak-smoothed,446,67299.002829197503,67304.282658528144,73682
/Users/a/Ayanami/code/TSP/data/classic/tsplib/pr152.tsp,polyak-smoothed,447,polyak-smoothed,447,67283.704891602014,67304.282658528144,73682
/Users/a/Ayanami/code/TSP/data/classic/tsplib/pr152.tsp,polyak-smoothed,448,polyak-smoothed,448,67292.158253402173,67304.282658528144,73682
/Users/a/Ayanami/code/TSP/data/classic/tsplib/pr152.tsp,polyak-smoothed,449,polyak-smoothed,449,67298.768751537747,67304.282658528144,73682
/Users/a/Ayanami/code/TSP/data/classic/tsplib/pr152.tsp,polyak-smoothed,450,polyak-smoothed,450,67297.444609592276,67304.282658528144,73682
/Users/a/Ayanami/code/TSP/data/classic/tsplib/pr152.tsp,polyak-smoothed,451,polyak-smoothed,451,67287.308970324128,67304.282658528144,73682
/Users/a/Ayanami/code/TSP/data/classic/tsplib/pr152.tsp,polyak-smoothed,452,polyak-smoothed,452,67302.984596752445,67304.282658528144,73682
/Users/a/Ayanami/code/TSP/data/classic/tsplib/pr152.tsp,polyak-smoothed,453,polyak-smoothed,453,67308.770748288618,67308.770748288618,73682
/Users/a/Ayanami/code/TSP/data/classic/tsplib/pr152.tsp,polyak-smoothed,454,polyak-smoothed,454,67300.925543825229,67308.770748288618,73682
/Users/a/Ayanami/code/TSP/data/classic/tsplib/pr152.tsp,polyak-smoothed,455,polyak-smoothed,455,67309.228637369131,67309.228637369131,73682
/Users/a/Ayanami/code/TSP/data/classic/tsplib/pr152.tsp,polyak-smoothed,456,polyak-smoothed,456,67305.705367889561,67309.228637369131,73682
/Users/a/Ayanami/code/TSP/data/classic/tsplib/pr152.tsp,polyak-smoothed,457,polyak-smoothed,457,67311.922012679352,67311.922012679352,73682
/Users/a/Ayanami/code/TSP/data/classic/tsplib/pr152.tsp,polyak-smoothed,458,polyak-smoothed,458,67309.337713886765,67311.922012679352,73682
/Users/a/Ayanami/code/TSP/data/classic/tsplib/pr152.tsp,polyak-smoothed,459,polyak-smoothed,459,67314.561519135503,67314.561519135503,73682
/Users/a/Ayanami/code/TSP/data/classic/tsplib/pr152.tsp,polyak-smoothed,460,polyak-smoothed,460,67313.755203804481,67314.561519135503,73682
/Users/a/Ayanami/code/TSP/data/classic/tsplib/pr152.tsp,polyak-smoothed,461,polyak-smoothed,461,67313.674647572421,67314.561519135503,73682
/Users/a/Ayanami/code/TSP/data/classic/tsplib/pr152.tsp,polyak-smoothed,462,polyak-smoothed,462,67310.506651819349,67314.561519135503,73682
/Users/a/Ayanami/code/TSP/data/classic/tsplib/pr152.tsp,polyak-smoothed,463,polyak-smoothed,463,67311.847027344527,67314.561519135503,73682
/Users/a/Ayanami/code/TSP/data/classic/tsplib/pr152.tsp,polyak-smoothed,464,polyak-smoothed,464,67309.188791028646,67314.561519135503,73682
/Users/a/Ayanami/code/TSP/data/classic/tsplib/pr152.tsp,polyak-smoothed,465,polyak-smoothed,465,67314.440729171009,67314.561519135503,73682
/Users/a/Ayanami/code/TSP/data/classic/tsplib/pr152.tsp,polyak-smoothed,466,polyak-smoothed,466,67309.688086844035,67314.561519135503,73682
/Users/a/Ayanami/code/TSP/data/classic/tsplib/pr152.tsp,polyak-smoothed,467,polyak-smoothed,467,67313.454192495497,67314.561519135503,73682
/Users/a/Ayanami/code/TSP/data/classic/tsplib/pr152.tsp,polyak-smoothed,468,polyak-smoothed,468,67309.235042088316,67314.561519135503,73682
/Users/a/Ayanami/code/TSP/data/classic/tsplib/pr152.tsp,polyak-smoothed,469,polyak-smoothed,469,67315.604392471796,67315.604392471796,73682
/Users/a/Ayanami/code/TSP/data/classic/tsplib/pr152.tsp,polyak-smoothed,470,polyak-smoothed,470,67310.281837147035,67315.604392471796,73682
/Users/a/Ayanami/code/TSP/data/classic/tsplib/pr152.tsp,polyak-smoothed,471,polyak-smoothed,471,67316.903160882546,67316.903160882546,73682
/Users/a/Ayanami/code/TSP/data/classic/tsplib/pr152.tsp,polyak-smoothed,472,polyak-smoothed,472,67306.423693751552,67316.903160882546,73682
/Users/a/Ayanami/code/TSP/data/classic/tsplib/pr152.tsp,polyak-smoothed,473,polyak-smoothed,473,67313.480526243424,67316.903160882546,73682
/Users/a/Ayanami/code/TSP/data/classic/tsplib/pr152.tsp,polyak-smoothed,474,polyak-smoothed,474,67312.091518175235,67316.903160882546,73682
/Users/a/Ayanami/code/TSP/data/classic/tsplib/pr152.tsp,polyak-smoothed,475,polyak-smoothed,475,67314.4709636263,67316.903160882546,73682
/Users/a/Ayanami/code/TSP/data/classic/tsplib/pr152.tsp,polyak-smoothed,476,polyak-smoothed,476,67317.711952472586,67317.711952472586,73682
/Users/a/Ayanami/code/TSP/data/classic/tsplib/pr152.tsp,polyak-smoothed,477,polyak-smoothed,477,67312.980917341672,67317.711952472586,73682
/Users/a/Ayanami/code/TSP/data/classic/tsplib/pr152.tsp,polyak-smoothed,478,polyak-smoothed,478,67314.489133095281,67317.711952472586,73682
/Users/a/Ayanami/code/TSP/data/classic/tsplib/pr152.tsp,polyak-smoothed,479,polyak-smoothed,479,67317.632630029417,67317.711952472586,73682
/Users/a/Ayanami/code/TSP/data/classic/tsplib/pr152.tsp,polyak-smoothed,480,polyak-smoothed,480,67315.013115661,67317.711952472586,73682
/Users/a/Ayanami/code/TSP/data/classic/tsplib/pr152.tsp,polyak-smoothed,481,polyak-smoothed,481,67318.421043104521,67318.421043104521,73682
/Users/a/Ayanami/code/TSP/data/classic/tsplib/pr152.tsp,polyak-smoothed,482,polyak-smoothed,482,67312.924944554252,67318.421043104521,73682
/Users/a/Ayanami/code/TSP/data/classic/tsplib/pr152.tsp,polyak-smoothed,483,polyak-smoothed,483,67318.924937015894,67318.924937015894,73682
/Users/a/Ayanami/code/TSP/data/classic/tsplib/pr152.tsp,polyak-smoothed,484,polyak-smoothed,484,67311.548334808918,67318.924937015894,73682
/Users/a/Ayanami/code/TSP/data/classic/tsplib/pr152.tsp,polyak-smoothed,485,polyak-smoothed,485,67316.473415878951,67318.924937015894,73682
/Users/a/Ayanami/code/TSP/data/classic/tsplib/pr152.tsp,polyak-smoothed,486,polyak-smoothed,486,67312.994681389537,67318.924937015894,73682
/Users/a/Ayanami/code/TSP/data/classic/tsplib/pr152.tsp,polyak-smoothed,487,polyak-smoothed,487,67316.433226942507,67318.924937015894,73682
/Users/a/Ayanami/code/TSP/data/classic/tsplib/pr152.tsp,polyak-smoothed,488,polyak-smoothed,488,67313.301078406497,67318.924937015894,73682
/Users/a/Ayanami/code/TSP/data/classic/tsplib/pr152.tsp,polyak-smoothed,489,polyak-smoothed,489,67318.950057887807,67318.950057887807,73682
/Users/a/Ayanami/code/TSP/data/classic/tsplib/pr152.tsp,polyak-smoothed,490,polyak-smoothed,490,67317.251404656534,67318.950057887807,73682
/Users/a/Ayanami/code/TSP/data/classic/tsplib/pr152.tsp,polyak-smoothed,491,polyak-smoothed,491,67318.534853229372,67318.950057887807,73682
/Users/a/Ayanami/code/TSP/data/classic/tsplib/pr152.tsp,polyak-smoothed,492,polyak-smoothed,492,67315.641269549451,67318.950057887807,73682
/Users/a/Ayanami/code/TSP/data/classic/tsplib/pr152.tsp,polyak-smoothed,493,polyak-smoothed,493,67320.194069025209,67320.194069025209,73682
/Users/a/Ayanami/code/TSP/data/classic/tsplib/pr152.tsp,polyak-smoothed,494,polyak-smoothed,494,67310.580007615572,67320.194069025209,73682
/Users/a/Ayanami/code/TSP/data/classic/tsplib/pr152.tsp,polyak-smoothed,495,polyak-smoothed,495,67317.636618547869,67320.194069025209,73682
/Users/a/Ayanami/code/TSP/data/classic/tsplib/pr152.tsp,polyak-smoothed,496,polyak-smoothed,496,67314.116315080188,67320.194069025209,73682
/Users/a/Ayanami/code/TSP/data/classic/tsplib/pr152.tsp,polyak-smoothed,497,polyak-smoothed,497,67320.849852389103,67320.849852389103,73682
/Users/a/Ayanami/code/TSP/data/classic/tsplib/pr152.tsp,polyak-smoothed,498,polyak-smoothed,498,67312.729930088972,67320.849852389103,73682
/Users/a/Ayanami/code/TSP/data/classic/tsplib/pr152.tsp,polyak-smoothed,499,polyak-smoothed,499,67321.580412539013,67321.580412539013,73682
/Users/a/Ayanami/code/TSP/data/classic/tsplib/pr152.tsp,polyak-smoothed,500,polyak-smoothed,500,67319.192267659033,67321.580412539013,73682
/Users/a/Ayanami/code/TSP/data/classic/tsplib/pr152.tsp,polyak-smoothed,501,polyak-smoothed,501,67320.523632735058,67321.580412539013,73682
/Users/a/Ayanami/code/TSP/data/classic/tsplib/pr152.tsp,polyak-smoothed,502,polyak-smoothed,502,67319.019548920667,67321.580412539013,73682
/Users/a/Ayanami/code/TSP/data/classic/tsplib/pr152.tsp,polyak-smoothed,503,polyak-smoothed,503,67323.774777708924,67323.774777708924,73682
/Users/a/Ayanami/code/TSP/data/classic/tsplib/pr152.tsp,polyak-smoothed,504,polyak-smoothed,504,67313.274458481566,67323.774777708924,73682
/Users/a/Ayanami/code/TSP/data/classic/tsplib/pr152.tsp,polyak-smoothed,505,polyak-smoothed,505,67319.450437926804,67323.774777708924,73682
/Users/a/Ayanami/code/TSP/data/classic/tsplib/pr152.tsp,polyak-smoothed,506,polyak-smoothed,506,67321.874065042008,67323.774777708924,73682
/Users/a/Ayanami/code/TSP/data/classic/tsplib/pr152.tsp,polyak-smoothed,507,polyak-smoothed,507,67316.198826431064,67323.774777708924,73682
/Users/a/Ayanami/code/TSP/data/classic/tsplib/pr152.tsp,polyak-smoothed,508,polyak-smoothed,508,67322.487303613379,67323.774777708924,73682
/Users/a/Ayanami/code/TSP/data/classic/tsplib/pr152.tsp,polyak-smoothed,509,polyak-smoothed,509,67320.666725581235,67323.774777708924,73682
/Users/a/Ayanami/code/TSP/data/classic/tsplib/pr152.tsp,polyak-smoothed,510,polyak-smoothed,510,67322.303415612114,67323.774777708924,73682
/Users/a/Ayanami/code/TSP/data/classic/tsplib/pr152.tsp,polyak-smoothed,511,polyak-smoothed,511,67321.52251697304,67323.774777708924,73682
/Users/a/Ayanami/code/TSP/data/classic/tsplib/pr152.tsp,polyak-smoothed,512,polyak-smoothed,512,67323.924740238843,67323.924740238843,73682
/Users/a/Ayanami/code/TSP/data/classic/tsplib/pr152.tsp,polyak-smoothed,513,polyak-smoothed,513,67319.922942691657,67323.924740238843,73682
/Users/a/Ayanami/code/TSP/data/classic/tsplib/pr152.tsp,polyak-smoothed,514,polyak-smoothed,514,67322.895871523317,67323.924740238843,73682
/Users/a/Ayanami/code/TSP/data/classic/tsplib/pr152.tsp,polyak-smoothed,515,polyak-smoothed,515,67316.294977570389,67323.924740238843,73682
/Users/a/Ayanami/code/TSP/data/classic/tsplib/pr152.tsp,polyak-smoothed,516,polyak-smoothed,516,67321.420004413842,67323.924740238843,73682
/Users/a/Ayanami/code/TSP/data/classic/tsplib/pr152.tsp,polyak-smoothed,517,polyak-smoothed,517,67322.22029160941,67323.924740238843,73682
/Users/a/Ayanami/code/TSP/data/classic/tsplib/pr152.tsp,polyak-smoothed,518,polyak-smoothed,518,67321.459192258408,67323.924740238843,73682
/Users/a/Ayanami/code/TSP/data/classic/tsplib/pr152.tsp,polyak-smoothed,519,polyak-smoothed,519,67325.236532712122,67325.236532712122,73682
/Users/a/Ayanami/code/TSP/data/classic/tsplib/pr152.tsp,polyak-smoothed,520,polyak-smoothed,520,67317.905174428233,67325.236532712122,73682
/Users/a/Ayanami/code/TSP/data/classic/tsplib/pr152.tsp,polyak-smoothed,521,polyak-smoothed,521,67324.783544903708,67325.236532712122,73682
/Users/a/Ayanami/code/TSP/data/classic/tsplib/pr152.tsp,polyak-smoothed,522,polyak-smoothed,522,67321.484697587119,67325.236532712122,73682
/Users/a/Ayanami/code/TSP/data/classic/tsplib/pr152.tsp,polyak-smoothed,523,polyak-smoothed,523,67325.083245259215,67325.236532712122,73682
/Users/a/Ayanami/code/TSP/data/classic/tsplib/pr152.tsp,polyak-smoothed,524,polyak-smoothed,524,67327.309535823893,67327.309535823893,73682
/Users/a/Ayanami/code/TSP/data/classic/tsplib/pr152.tsp,polyak-smoothed,525,polyak-smoothed,525,67321.837486881064,67327.309535823893,73682
/Users/a/Ayanami/code/TSP/data/classic/tsplib/pr152.tsp,polyak-smoothed,526,polyak-smoothed,526,67322.976260078314,67327.309535823893,73682
/Users/a/Ayanami/code/TSP/data/classic/tsplib/pr152.tsp,polyak-smoothed,527,polyak-smoothed,527,67326.299374786278,67327.309535823893,73682
/Users/a/Ayanami/code/TSP/data/classic/tsplib/pr152.tsp,polyak-smoothed,528,polyak-smoothed,528,67322.873247677257,67327.309535823893,73682
/Users/a/Ayanami/code/TSP/data/classic/tsplib/pr152.tsp,polyak-smoothed,529,polyak-smoothed,529,67329.16461840515,67329.16461840515,73682
/Users/a/Ayanami/code/TSP/data/classic/tsplib/pr152.tsp,polyak-smoothed,530,polyak-smoothed,530,67323.569700697146,67329.16461840515,73682
/Users/a/Ayanami/code/TSP/data/classic/tsplib/pr152.tsp,polyak-smoothed,531,polyak-smoothed,531,67328.267642214312,67329.16461840515,73682
/Users/a/Ayanami/code/TSP/data/classic/tsplib/pr152.tsp,polyak-smoothed,532,polyak-smoothed,532,67319.235478888062,67329.16461840515,73682
/Users/a/Ayanami/code/TSP/data/classic/tsplib/pr152.tsp,polyak-smoothed,533,polyak-smoothed,533,67325.875657195153,67329.16461840515,73682
/Users/a/Ayanami/code/TSP/data/classic/tsplib/pr152.tsp,polyak-smoothed,534,polyak-smoothed,534,67325.838969555858,67329.16461840515,73682
/Users/a/Ayanami/code/TSP/data/classic/tsplib/pr152.tsp,polyak-smoothed,535,polyak-smoothed,535,67328.940435091747,67329.16461840515,73682
/Users/a/Ayanami/code/TSP/data/classic/tsplib/pr152.tsp,polyak-smoothed,536,polyak-smoothed,536,67326.949291791272,67329.16461840515,73682
/Users/a/Ayanami/code/TSP/data/classic/tsplib/pr152.tsp,polyak-smoothed,537,polyak-smoothed,537,67326.509029075663,67329.16461840515,73682
/Users/a/Ayanami/code/TSP/data/classic/tsplib/pr152.tsp,polyak-smoothed,538,polyak-smoothed,538,67321.923591389772,67329.16461840515,73682
/Users/a/Ayanami/code/TSP/data/classic/tsplib/pr152.tsp,polyak-smoothed,539,polyak-smoothed,539,67329.448679834924,67329.448679834924,73682
/Users/a/Ayanami/code/TSP/data/classic/tsplib/pr152.tsp,polyak-smoothed,540,polyak-smoothed,540,67328.313577800363,67329.448679834924,73682
/Users/a/Ayanami/code/TSP/data/classic/tsplib/pr152.tsp,polyak-smoothed,541,polyak-smoothed,541,67328.292886564959,67329.448679834924,73682
/Users/a/Ayanami/code/TSP/data/classic/tsplib/pr152.tsp,polyak-smoothed,542,polyak-smoothed,542,67329.780657402938,67329.780657402938,73682
/Users/a/Ayanami/code/TSP/data/classic/tsplib/pr152.tsp,polyak-smoothed,543,polyak-smoothed,543,67325.254653557902,67329.780657402938,73682
/Users/a/Ayanami/code/TSP/data/classic/tsplib/pr152.tsp,polyak-smoothed,544,polyak-smoothed,544,67327.40476546064,67329.780657402938,73682
/Users/a/Ayanami/code/TSP/data/classic/tsplib/pr152.tsp,polyak-smoothed,545,polyak-smoothed,545,67317.54881756338,67329.780657402938,73682
/Users/a/Ayanami/code/TSP/data/classic/tsplib/pr152.tsp,polyak-smoothed,546,polyak-smoothed,546,67325.11480604166,67329.780657402938,73682
/Users/a/Ayanami/code/TSP/data/classic/tsplib/pr152.tsp,polyak-smoothed,547,polyak-smoothed,547,67329.69946720099,67329.780657402938,73682
/Users/a/Ayanami/code/TSP/data/classic/tsplib/pr152.tsp,polyak-smoothed,548,polyak-smoothed,548,67332.607280357886,67332.607280357886,73682
/Users/a/Ayanami/code/TSP/data/classic/tsplib/pr152.tsp,polyak-smoothed,549,polyak-smoothed,549,67324.217290491855,67332.607280357886,73682
/Users/a/Ayanami/code/TSP/data/classic/tsplib/pr152.tsp,polyak-smoothed,550,polyak-smoothed,550,67329.541124814132,67332.607280357886,73682
/Users/a/Ayanami/code/TSP/data/classic/tsplib/pr152.tsp,polyak-smoothed,551,polyak-smoothed,551,67330.0103825119,67332.607280357886,73682
/Users/a/Ayanami/code/TSP/data/classic/tsplib/pr152.tsp,polyak-smoothed,552,polyak-smoothed,552,67330.853491956252,67332.607280357886,73682
/Users/a/Ayanami/code/TSP/data/classic/tsplib/pr152.tsp,polyak-smoothed,553,polyak-smoothed,553,67333.067247516999,67333.067247516999,73682
/Users/a/Ayanami/code/TSP/data/classic/tsplib/pr152.tsp,polyak-smoothed,554,polyak-smoothed,554,67330.558281729245,67333.067247516999,73682
/Users/a/Ayanami/code/TSP/data/classic/tsplib/pr152.tsp,polyak-smoothed,555,polyak-smoothed,555,67329.442134740893,67333.067247516999,73682
/Users/a/Ayanami/code/TSP/data/classic/tsplib/pr152.tsp,polyak-smoothed,556,polyak-smoothed,556,67330.08455508457,67333.067247516999,73682
/Users/a/Ayanami/code/TSP/data/classic/tsplib/pr152.tsp,polyak-smoothed,557,polyak-smoothed,557,67332.793750012614,67333.067247516999,73682
/Users/a/Ayanami/code/TSP/data/classic/tsplib/pr152.tsp,polyak-smoothed,558,polyak-smoothed,558,67325.801177297297,67333.067247516999,73682
/Users/a/Ayanami/code/TSP/data/classic/tsplib/pr152.tsp,polyak-smoothed,559,polyak-smoothed,559,67332.414942742602,67333.067247516999,73682
/Users/a/Ayanami/code/TSP/data/classic/tsplib/pr152.tsp,polyak-smoothed,560,polyak-smoothed,560,67332.455129766531,67333.067247516999,73682
/Users/a/Ayanami/code/TSP/data/classic/tsplib/pr152.tsp,polyak-smoothed,561,polyak-smoothed,561,67333.491917824285,67333.491917824285,73682
/Users/a/Ayanami/code/TSP/data/classic/tsplib/pr152.tsp,polyak-smoothed,562,polyak-smoothed,562,67330.459038073255,67333.491917824285,73682
/Users/a/Ayanami/code/TSP/data/classic/tsplib/pr152.tsp,polyak-smoothed,563,polyak-smoothed,563,67334.407933319904,67334.407933319904,73682
/Users/a/Ayanami/code/TSP/data/classic/tsplib/pr152.tsp,polyak-smoothed,564,polyak-smoothed,564,67328.865127076366,67334.407933319904,73682
/Users/a/Ayanami/code/TSP/data/classic/tsplib/pr152.tsp,polyak-smoothed,565,polyak-smoothed,565,67332.24905848247,67334.407933319904,73682
/Users/a/Ayanami/code/TSP/data/classic/tsplib/pr152.tsp,polyak-smoothed,566,polyak-smoothed,566,67332.950972726132,67334.407933319904,73682
/Users/a/Ayanami/code/TSP/data/classic/tsplib/pr152.tsp,polyak-smoothed,567,polyak-smoothed,567,67336.475573820862,67336.475573820862,73682
/Users/a/Ayanami/code/TSP/data/classic/tsplib/pr152.tsp,polyak-smoothed,568,polyak-smoothed,568,67321.832655864768,67336.475573820862,73682
/Users/a/Ayanami/code/TSP/data/classic/tsplib/pr152.tsp,polyak-smoothed,569,polyak-smoothed,569,67330.746453565953,67336.475573820862,73682
/Users/a/Ayanami/code/TSP/data/classic/tsplib/pr152.tsp,polyak-smoothed,570,polyak-smoothed,570,67327.216259720415,67336.475573820862,73682
/Users/a/Ayanami/code/TSP/data/classic/tsplib/pr152.tsp,polyak-smoothed,571,polyak-smoothed,571,67331.767647220753,67336.475573820862,73682
/Users/a/Ayanami/code/TSP/data/classic/tsplib/pr152.tsp,polyak-smoothed,572,polyak-smoothed,572,67331.932933167685,67336.475573820862,73682
/Users/a/Ayanami/code/TSP/data/classic/tsplib/pr152.tsp,polyak-smoothed,573,polyak-smoothed,573,67335.656928271448,67336.475573820862,73682
/Users/a/Ayanami/code/TSP/data/classic/tsplib/pr152.tsp,polyak-smoothed,574,polyak-smoothed,574,67335.186851530598,67336.475573820862,73682
/Users/a/Ayanami/code/TSP/data/classic/tsplib/pr152.tsp,polyak-smoothed,575,polyak-smoothed,575,67331.6085438671,67336.475573820862,73682
/Users/a/Ayanami/code/TSP/data/classic/tsplib/pr152.tsp,polyak-smoothed,576,polyak-smoothed,576,67336.540653373318,67336.540653373318,73682
/Users/a/Ayanami/code/TSP/data/classic/tsplib/pr152.tsp,polyak-smoothed,577,polyak-smoothed,577,67336.607500467071,67336.607500467071,73682
/Users/a/Ayanami/code/TSP/data/classic/tsplib/pr152.tsp,polyak-smoothed,578,polyak-smoothed,578,67335.61782381151,67336.607500467071,73682
/Users/a/Ayanami/code/TSP/data/classic/tsplib/pr152.tsp,polyak-smoothed,579,polyak-smoothed,579,67334.485767526683,67336.607500467071,73682
/Users/a/Ayanami/code/TSP/data/classic/tsplib/pr152.tsp,polyak-smoothed,580,polyak-smoothed,580,67339.236513166979,67339.236513166979,73682
/Users/a/Ayanami/code/TSP/data/classic/tsplib/pr152.tsp,polyak-smoothed,581,polyak-smoothed,581,67326.895680035464,67339.236513166979,73682
/Users/a/Ayanami/code/TSP/data/classic/tsplib/pr152.tsp,polyak-smoothed,582,polyak-smoothed,582,67332.487180147626,67339.236513166979,73682
/Users/a/Ayanami/code/TSP/data/classic/tsplib/pr152.tsp,polyak-smoothed,583,polyak-smoothed,583,67337.833476472093,67339.236513166979,73682
/Users/a/Ayanami/code/TSP/data/classic/tsplib/pr152.tsp,polyak-smoothed,584,polyak-smoothed,584,67329.879043004126,67339.236513166979,73682
/Users/a/Ayanami/code/TSP/data/classic/tsplib/pr152.tsp,polyak-smoothed,585,polyak-smoothed,585,67335.455388229675,67339.236513166979,73682
/Users/a/Ayanami/code/TSP/data/classic/tsplib/pr152.tsp,polyak-smoothed,586,polyak-smoothed,586,67336.628273326438,67339.236513166979,73682
/Users/a/Ayanami/code/TSP/data/classic/tsplib/pr152.tsp,polyak-smoothed,587,polyak-smoothed,587,67339.615077843962,67339.615077843962,73682
/Users/a/Ayanami/code/TSP/data/classic/tsplib/pr152.tsp,polyak-smoothed,588,polyak-smoothed,588,67334.512790863373,67339.615077843962,73682
/Users/a/Ayanami/code/TSP/data/classic/tsplib/pr152.tsp,polyak-smoothed,589,polyak-smoothed,589,67337.4853711873,67339.615077843962,73682
/Users/a/Ayanami/code/TSP/data/classic/tsplib/pr152.tsp,polyak-smoothed,590,polyak-smoothed,590,67329.189266863032,67339.615077843962,73682
/Users/a/Ayanami/code/TSP/data/classic/tsplib/pr152.tsp,polyak-smoothed,591,polyak-smoothed,591,67338.068675427305,67339.615077843962,73682
/Users/a/Ayanami/code/TSP/data/classic/tsplib/pr152.tsp,polyak-smoothed,592,polyak-smoothed,592,67328.002440545955,67339.615077843962,73682
/Users/a/Ayanami/code/TSP/data/classic/tsplib/pr152.tsp,polyak-smoothed,593,polyak-smoothed,593,67337.520333560475,67339.615077843962,73682
/Users/a/Ayanami/code/TSP/data/classic/tsplib/pr152.tsp,polyak-smoothed,594,polyak-smoothed,594,67335.343402442668,67339.615077843962,73682
/Users/a/Ayanami/code/TSP/data/classic/tsplib/pr152.tsp,polyak-smoothed,595,polyak-smoothed,595,67340.2910593946,67340.2910593946,73682
/Users/a/Ayanami/code/TSP/data/classic/tsplib/pr152.tsp,polyak-smoothed,596,polyak-smoothed,596,67330.356984558413,67340.2910593946,73682
/Users/a/Ayanami/code/TSP/data/classic/tsplib/pr152.tsp,polyak-smoothed,597,polyak-smoothed,597,67338.088798063371,67340.2910593946,73682
/Users/a/Ayanami/code/TSP/data/classic/tsplib/pr152.tsp,polyak-smoothed,598,polyak-smoothed,598,67338.848012375354,67340.2910593946,73682
/Users/a/Ayanami/code/TSP/data/classic/tsplib/pr152.tsp,polyak-smoothed,599,polyak-smoothed,599,67339.029109655981,67340.2910593946,73682
/Users/a/Ayanami/code/TSP/data/classic/tsplib/pr152.tsp,polyak-smoothed,600,polyak-smoothed,600,67333.659919388534,67340.2910593946,73682
/Users/a/Ayanami/code/TSP/data/classic/tsplib/pr152.tsp,polyak-smoothed,601,polyak-smoothed,601,67340.853644101386,67340.853644101386,73682
/Users/a/Ayanami/code/TSP/data/classic/tsplib/pr152.tsp,polyak-smoothed,602,polyak-smoothed,602,67336.05874300428,67340.853644101386,73682
/Users/a/Ayanami/code/TSP/data/classic/tsplib/pr152.tsp,polyak-smoothed,603,polyak-smoothed,603,67339.156258118936,67340.853644101386,73682
/Users/a/Ayanami/code/TSP/data/classic/tsplib/pr152.tsp,polyak-smoothed,604,polyak-smoothed,604,67335.032312399344,67340.853644101386,73682
/Users/a/Ayanami/code/TSP/data/classic/tsplib/pr152.tsp,polyak-smoothed,605,polyak-smoothed,605,67340.815921489411,67340.853644101386,73682
/Users/a/Ayanami/code/TSP/data/classic/tsplib/pr152.tsp,polyak-smoothed,606,polyak-smoothed,606,67332.076438916047,67340.853644101386,73682
/Users/a/Ayanami/code/TSP/data/classic/tsplib/pr152.tsp,polyak-smoothed,607,polyak-smoothed,607,67339.238849098198,67340.853644101386,73682
/Users/a/Ayanami/code/TSP/data/classic/tsplib/pr152.tsp,polyak-smoothed,608,polyak-smoothed,608,67343.788781716343,67343.788781716343,73682
/Users/a/Ayanami/code/TSP/data/classic/tsplib/pr152.tsp,polyak-smoothed,609,polyak-smoothed,609,67336.096069477644,67343.788781716343,73682
/Users/a/Ayanami/code/TSP/data/classic/tsplib/pr152.tsp,polyak-smoothed,610,polyak-smoothed,610,67342.347413584212,67343.788781716343,73682
/Users/a/Ayanami/code/TSP/data/classic/tsplib/pr152.tsp,polyak-smoothed,611,polyak-smoothed,611,67333.67282678718,67343.788781716343,73682
/Users/a/Ayanami/code/TSP/data/classic/tsplib/pr152.tsp,polyak-smoothed,612,polyak-smoothed,612,67340.884866062624,67343.788781716343,73682
/Users/a/Ayanami/code/TSP/data/classic/tsplib/pr152.tsp,polyak-smoothed,613,polyak-smoothed,613,67336.862436044321,67343.788781716343,73682
/Users/a/Ayanami/code/TSP/data/classic/tsplib/pr152.tsp,polyak-smoothed,614,polyak-smoothed,614,67341.127661700593,67343.788781716343,73682
/Users/a/Ayanami/code/TSP/data/classic/tsplib/pr152.tsp,polyak-smoothed,615,polyak-smoothed,615,67342.182485535857,67343.788781716343,73682
/Users/a/Ayanami/code/TSP/data/classic/tsplib/pr152.tsp,polyak-smoothed,616,polyak-smoothed,616,67339.446374647378,67343.788781716343,73682
/Users/a/Ayanami/code/TSP/data/classic/tsplib/pr152.tsp,polyak-smoothed,617,polyak-smoothed,617,67345.77644921749,67345.77644921749,73682
/Users/a/Ayanami/code/TSP/data/classic/tsplib/pr152.tsp,polyak-smoothed,618,polyak-smoothed,618,67337.966084006752,67345.77644921749,73682
/Users/a/Ayanami/code/TSP/data/classic/tsplib/pr152.tsp,polyak-smoothed,619,polyak-smoothed,619,67342.347257303118,67345.77644921749,73682
/Users/a/Ayanami/code/TSP/data/classic/tsplib/pr152.tsp,polyak-smoothed,620,polyak-smoothed,620,67339.174608560032,67345.77644921749,73682
/Users/a/Ayanami/code/TSP/data/classic/tsplib/pr152.tsp,polyak-smoothed,621,polyak-smoothed,621,67341.507032666923,67345.77644921749,73682
/Users/a/Ayanami/code/TSP/data/classic/tsplib/pr152.tsp,polyak-smoothed,622,polyak-smoothed,622,67342.848875578653,67345.77644921749,73682
/Users/a/Ayanami/code/TSP/data/classic/tsplib/pr152.tsp,polyak-smoothed,623,polyak-smoothed,623,67343.393863615391,67345.77644921749,73682
/Users/a/Ayanami/code/TSP/data/classic/tsplib/pr152.tsp,polyak-smoothed,624,polyak-smoothed,624,67337.579859808175,67345.77644921749,73682
/Users/a/Ayanami/code/TSP/data/classic/tsplib/pr152.tsp,polyak-smoothed,625,polyak-smoothed,625,67345.105788474786,67345.77644921749,73682
/Users/a/Ayanami/code/TSP/data/classic/tsplib/pr152.tsp,polyak-smoothed,626,polyak-smoothed,626,67337.608163064186,67345.77644921749,73682
/Users/a/Ayanami/code/TSP/data/classic/tsplib/pr152.tsp,polyak-smoothed,627,polyak-smoothed,627,67343.213825189407,67345.77644921749,73682
/Users/a/Ayanami/code/TSP/data/classic/tsplib/pr152.tsp,polyak-smoothed,628,polyak-smoothed,628,67332.714995673305,67345.77644921749,73682
/Users/a/Ayanami/code/TSP/data/classic/tsplib/pr152.tsp,polyak-smoothed,629,polyak-smoothed,629,67338.636359982396,67345.77644921749,73682
/Users/a/Ayanami/code/TSP/data/classic/tsplib/pr152.tsp,polyak-smoothed,630,polyak-smoothed,630,67344.772294415627,67345.77644921749,73682
/Users/a/Ayanami/code/TSP/data/classic/tsplib/pr152.tsp,polyak-smoothed,631,polyak-smoothed,631,67345.982453925346,67345.982453925346,73682
/Users/a/Ayanami/code/TSP/data/classic/tsplib/pr152.tsp,polyak-smoothed,632,polyak-smoothed,632,67346.648083584718,67346.648083584718,73682
/Users/a/Ayanami/code/TSP/data/classic/tsplib/pr152.tsp,polyak-smoothed,633,polyak-smoothed,633,67348.228607450801,67348.228607450801,73682
/Users/a/Ayanami/code/TSP/data/classic/tsplib/pr152.tsp,polyak-smoothed,634,polyak-smoothed,634,67347.662054046348,67348.228607450801,73682
/Users/a/Ayanami/code/TSP/data/classic/tsplib/pr152.tsp,polyak-smoothed,635,polyak-smoothed,635,67350.432202941767,67350.432202941767,73682
/Users/a/Ayanami/code/TSP/data/classic/tsplib/pr152.tsp,polyak-smoothed,636,polyak-smoothed,636,67346.706836666403,67350.432202941767,73682
/Users/a/Ayanami/code/TSP/data/classic/tsplib/pr152.tsp,polyak-smoothed,637,polyak-smoothed,637,67350.050447780755,67350.432202941767,73682
/Users/a/Ayanami/code/TSP/data/classic/tsplib/pr152.tsp,polyak-smoothed,638,polyak-smoothed,638,67347.733090297246,67350.432202941767,73682
/Users/a/Ayanami/code/TSP/data/classic/tsplib/pr152.tsp,polyak-smoothed,639,polyak-smoothed,639,67349.81387002056,67350.432202941767,73682
/Users/a/Ayanami/code/TSP/data/classic/tsplib/pr152.tsp,polyak-smoothed,640,polyak-smoothed,640,67349.988579835859,67350.432202941767,73682
/Users/a/Ayanami/code/TSP/data/classic/tsplib/pr152.tsp,polyak-smoothed,641,polyak-smoothed,641,67349.967566423511,67350.432202941767,73682
/Users/a/Ayanami/code/TSP/data/classic/tsplib/pr152.tsp,polyak-smoothed,642,polyak-smoothed,642,67349.28224518786,67350.432202941767,73682
/Users/a/Ayanami/code/TSP/data/classic/tsplib/pr152.tsp,polyak-smoothed,643,polyak-smoothed,643,67351.230275307273,67351.230275307273,73682
/Users/a/Ayanami/code/TSP/data/classic/tsplib/pr152.tsp,polyak-smoothed,644,polyak-smoothed,644,67345.38950160348,67351.230275307273,73682
/Users/a/Ayanami/code/TSP/data/classic/tsplib/pr152.tsp,polyak-smoothed,645,polyak-smoothed,645,67349.241041846166,67351.230275307273,73682
/Users/a/Ayanami/code/TSP/data/classic/tsplib/pr152.tsp,polyak-smoothed,646,polyak-smoothed,646,67348.517809310069,67351.230275307273,73682
/Users/a/Ayanami/code/TSP/data/classic/tsplib/pr152.tsp,polyak-smoothed,647,polyak-smoothed,647,67351.921762393613,67351.921762393613,73682
/Users/a/Ayanami/code/TSP/data/classic/tsplib/pr152.tsp,polyak-smoothed,648,polyak-smoothed,648,67347.358014661339,67351.921762393613,73682
/Users/a/Ayanami/code/TSP/data/classic/tsplib/pr152.tsp,polyak-smoothed,649,polyak-smoothed,649,67350.933965746823,67351.921762393613,73682
/Users/a/Ayanami/code/TSP/data/classic/tsplib/pr152.tsp,polyak-smoothed,650,polyak-smoothed,650,67349.553959868936,67351.921762393613,73682
/Users/a/Ayanami/code/TSP/data/classic/tsplib/pr152.tsp,polyak-smoothed,651,polyak-smoothed,651,67351.551952830734,67351.921762393613,73682
/Users/a/Ayanami/code/TSP/data/classic/tsplib/pr152.tsp,polyak-smoothed,652,polyak-smoothed,652,67353.017826236624,67353.017826236624,73682
/Users/a/Ayanami/code/TSP/data/classic/tsplib/pr152.tsp,polyak-smoothed,653,polyak-smoothed,653,67348.321666440053,67353.017826236624,73682
/Users/a/Ayanami/code/TSP/data/classic/tsplib/pr152.tsp,polyak-smoothed,654,polyak-smoothed,654,67350.173288198523,67353.017826236624,73682
/Users/a/Ayanami/code/TSP/data/classic/tsplib/pr152.tsp,polyak-smoothed,655,polyak-smoothed,655,67350.947316300852,67353.017826236624,73682
/Users/a/Ayanami/code/TSP/data/classic/tsplib/pr152.tsp,polyak-smoothed,656,polyak-smoothed,656,67352.264759777725,67353.017826236624,73682
/Users/a/Ayanami/code/TSP/data/classic/tsplib/pr152.tsp,polyak-smoothed,657,polyak-smoothed,657,67348.52603396331,67353.017826236624,73682
/Users/a/Ayanami/code/TSP/data/classic/tsplib/pr152.tsp,polyak-smoothed,658,polyak-smoothed,658,67351.957269665552,67353.017826236624,73682
/Users/a/Ayanami/code/TSP/data/classic/tsplib/pr152.tsp,polyak-smoothed,659,polyak-smoothed,659,67349.706837231119,67353.017826236624,73682
/Users/a/Ayanami/code/TSP/data/classic/tsplib/pr152.tsp,polyak-smoothed,660,polyak-smoothed,660,67353.123714356232,67353.123714356232,73682
/Users/a/Ayanami/code/TSP/data/classic/tsplib/pr152.tsp,polyak-smoothed,661,polyak-smoothed,661,67350.933655496308,67353.123714356232,73682
/Users/a/Ayanami/code/TSP/data/classic/tsplib/pr152.tsp,polyak-smoothed,662,polyak-smoothed,662,67353.120924201983,67353.123714356232,73682
/Users/a/Ayanami/code/TSP/data/classic/tsplib/pr152.tsp,polyak-smoothed,663,polyak-smoothed,663,67351.214071985421,67353.123714356232,73682
/Users/a/Ayanami/code/TSP/data/classic/tsplib/pr152.tsp,polyak-smoothed,664,polyak-smoothed,664,67352.153871063347,67353.123714356232,73682
/Users/a/Ayanami/code/TSP/data/classic/tsplib/pr152.tsp,polyak-smoothed,665,polyak-smoothed,665,67355.135103716166,67355.135103716166,73682
/Users/a/Ayanami/code/TSP/data/classic/tsplib/pr152.tsp,polyak-smoothed,666,polyak-smoothed,666,67351.669887652199,67355.135103716166,73682
/Users/a/Ayanami/code/TSP/data/classic/tsplib/pr152.tsp,polyak-smoothed,667,polyak-smoothed,667,67353.117960797113,67355.135103716166,73682
/Users/a/Ayanami/code/TSP/data/classic/tsplib/pr152.tsp,polyak-smoothed,668,polyak-smoothed,668,67353.725813139536,67355.135103716166,73682
/Users/a/Ayanami/code/TSP/data/classic/tsplib/pr152.tsp,polyak-smoothed,669,polyak-smoothed,669,67352.968532980303,67355.135103716166,73682
/Users/a/Ayanami/code/TSP/data/classic/tsplib/pr152.tsp,polyak-smoothed,670,polyak-smoothed,670,67354.419306818745,67355.135103716166,73682
/Users/a/Ayanami/code/TSP/data/classic/tsplib/pr152.tsp,polyak-smoothed,671,polyak-smoothed,671,67351.834643060487,67355.135103716166,73682
/Users/a/Ayanami/code/TSP/data/classic/tsplib/pr152.tsp,polyak-smoothed,672,polyak-smoothed,672,67354.448235252465,67355.135103716166,73682
/Users/a/Ayanami/code/TSP/data/classic/tsplib/pr152.tsp,polyak-smoothed,673,polyak-smoothed,673,67353.811300284622,67355.135103716166,73682
/Users/a/Ayanami/code/TSP/data/classic/tsplib/pr152.tsp,polyak-smoothed,674,polyak-smoothed,674,67354.270026097278,67355.135103716166,73682
/Users/a/Ayanami/code/TSP/data/classic/tsplib/pr152.tsp,polyak-smoothed,675,polyak-smoothed,675,67355.975619861129,67355.975619861129,73682
/Users/a/Ayanami/code/TSP/data/classic/tsplib/pr152.tsp,polyak-smoothed,676,polyak-smoothed,676,67349.647877823256,67355.975619861129,73682
/Users/a/Ayanami/code/TSP/data/classic/tsplib/pr152.tsp,polyak-smoothed,677,polyak-smoothed,677,67352.009132939333,67355.975619861129,73682
/Users/a/Ayanami/code/TSP/data/classic/tsplib/pr152.tsp,polyak-smoothed,678,polyak-smoothed,678,67353.860602868197,67355.975619861129,73682
/Users/a/Ayanami/code/TSP/data/classic/tsplib/pr152.tsp,polyak-smoothed,679,polyak-smoothed,679,67354.060142752031,67355.975619861129,73682
/Users/a/Ayanami/code/TSP/data/classic/tsplib/pr152.tsp,polyak-smoothed,680,polyak-smoothed,680,67354.949082433624,67355.975619861129,73682
/Users/a/Ayanami/code/TSP/data/classic/tsplib/pr152.tsp,polyak-smoothed,681,polyak-smoothed,681,67354.290862443173,67355.975619861129,73682
/Users/a/Ayanami/code/TSP/data/classic/tsplib/pr152.tsp,polyak-smoothed,682,polyak-smoothed,682,67354.781421378008,67355.975619861129,73682
/Users/a/Ayanami/code/TSP/data/classic/tsplib/pr152.tsp,polyak-smoothed,683,polyak-smoothed,683,67353.451220964766,67355.975619861129,73682
/Users/a/Ayanami/code/TSP/data/classic/tsplib/pr152.tsp,polyak-smoothed,684,polyak-smoothed,684,67355.702160341403,67355.975619861129,73682
/Users/a/Ayanami/code/TSP/data/classic/tsplib/pr152.tsp,polyak-smoothed,685,polyak-smoothed,685,67353.050873149536,67355.975619861129,73682
/Users/a/Ayanami/code/TSP/data/classic/tsplib/pr152.tsp,polyak-smoothed,686,polyak-smoothed,686,67355.136900155776,67355.975619861129,73682
/Users/a/Ayanami/code/TSP/data/classic/tsplib/pr152.tsp,polyak-smoothed,687,polyak-smoothed,687,67352.369216551422,67355.975619861129,73682
/Users/a/Ayanami/code/TSP/data/classic/tsplib/pr152.tsp,polyak-smoothed,688,polyak-smoothed,688,67356.378374077249,67356.378374077249,73682
/Users/a/Ayanami/code/TSP/data/classic/tsplib/pr152.tsp,polyak-smoothed,689,polyak-smoothed,689,67357.878584864433,67357.878584864433,73682
/Users/a/Ayanami/code/TSP/data/classic/tsplib/pr152.tsp,polyak-smoothed,690,polyak-smoothed,690,67356.990929846084,67357.878584864433,73682
/Users/a/Ayanami/code/TSP/data/classic/tsplib/pr152.tsp,polyak-smoothed,691,polyak-smoothed,691,67357.814166786746,67357.878584864433,73682
/Users/a/Ayanami/code/TSP/data/classic/tsplib/pr152.tsp,polyak-smoothed,692,polyak-smoothed,692,67357.194036215151,67357.878584864433,73682
/Users/a/Ayanami/code/TSP/data/classic/tsplib/pr152.tsp,polyak-smoothed,693,polyak-smoothed,693,67357.85886485652,67357.878584864433,73682
/Users/a/Ayanami/code/TSP/data/classic/tsplib/pr152.tsp,polyak-smoothed,694,polyak-smoothed,694,67358.14655099668,67358.14655099668,73682
/Users/a/Ayanami/code/TSP/data/classic/tsplib/pr152.tsp,polyak-smoothed,695,polyak-smoothed,695,67357.52109353921,67358.14655099668,73682
/Users/a/Ayanami/code/TSP/data/classic/tsplib/pr152.tsp,polyak-smoothed,696,polyak-smoothed,696,67358.301081711368,67358.301081711368,73682
/Users/a/Ayanami/code/TSP/data/classic/tsplib/pr152.tsp,polyak-smoothed,697,polyak-smoothed,697,67358.504098830148,67358.504098830148,73682
/Users/a/Ayanami/code/TSP/data/classic/tsplib/pr152.tsp,polyak-smoothed,698,polyak-smoothed,698,67359.195637314973,67359.195637314973,73682
/Users/a/Ayanami/code/TSP/data/classic/tsplib/pr152.tsp,polyak-smoothed,699,polyak-smoothed,699,67357.897876259347,67359.195637314973,73682
/Users/a/Ayanami/code/TSP/data/classic/tsplib/pr152.tsp,polyak-smoothed,700,polyak-smoothed,700,67359.447866529983,67359.447866529983,73682
/Users/a/Ayanami/code/TSP/data/classic/tsplib/pr152.tsp,polyak-smoothed,701,polyak-smoothed,701,67357.368486461783,67359.447866529983,73682
/Users/a/Ayanami/code/TSP/data/classic/tsplib/pr152.tsp,polyak-smoothed,702,polyak-smoothed,702,67358.373602810825,67359.447866529983,73682
/Users/a/Ayanami/code/TSP/data/classic/tsplib/pr152.tsp,polyak-smoothed,703,polyak-smoothed,703,67359.257012452814,67359.447866529983,73682
/Users/a/Ayanami/code/TSP/data/classic/tsplib/pr152.tsp,polyak-smoothed,704,polyak-smoothed,704,67356.941177710105,67359.447866529983,73682
/Users/a/Ayanami/code/TSP/data/classic/tsplib/pr152.tsp,polyak-smoothed,705,polyak-smoothed,705,67358.554053108717,67359.447866529983,73682
/Users/a/Ayanami/code/TSP/data/classic/tsplib/pr152.tsp,polyak-smoothed,706,polyak-smoothed,706,67357.972707333829,67359.447866529983,73682
/Users/a/Ayanami/code/TSP/data/classic/tsplib/pr152.tsp,polyak-smoothed,707,polyak-smoothed,707,67359.175610339298,67359.447866529983,73682
/Users/a/Ayanami/code/TSP/data/classic/tsplib/pr152.tsp,polyak-smoothed,708,polyak-smoothed,708,67359.261608921704,67359.447866529983,73682
/Users/a/Ayanami/code/TSP/data/classic/tsplib/pr152.tsp,polyak-smoothed,709,polyak-smoothed,709,67359.77645969321,67359.77645969321,73682
/Users/a/Ayanami/code/TSP/data/classic/tsplib/pr152.tsp,polyak-smoothed,710,polyak-smoothed,710,67358.731398629534,67359.77645969321,73682
/Users/a/Ayanami/code/TSP/data/classic/tsplib/pr152.tsp,polyak-smoothed,711,polyak-smoothed,711,67359.649362777447,67359.77645969321,73682
/Users/a/Ayanami/code/TSP/data/classic/tsplib/pr152.tsp,polyak-smoothed,712,polyak-smoothed,712,67357.976378543201,67359.77645969321,73682
/Users/a/Ayanami/code/TSP/data/classic/tsplib/pr152.tsp,polyak-smoothed,713,polyak-smoothed,713,67358.606916412929,67359.77645969321,73682
/Users/a/Ayanami/code/TSP/data/classic/tsplib/pr152.tsp,polyak-smoothed,714,polyak-smoothed,714,67359.679936168628,67359.77645969321,73682
/Users/a/Ayanami/code/TSP/data/classic/tsplib/pr152.tsp,polyak-smoothed,715,polyak-smoothed,715,67357.566144150609,67359.77645969321,73682
/Users/a/Ayanami/code/TSP/data/classic/tsplib/pr152.tsp,polyak-smoothed,716,polyak-smoothed,716,67360.442944037044,67360.442944037044,73682
/Users/a/Ayanami/code/TSP/data/classic/tsplib/pr152.tsp,polyak-smoothed,717,polyak-smoothed,717,67357.305844089031,67360.442944037044,73682
/Users/a/Ayanami/code/TSP/data/classic/tsplib/pr152.tsp,polyak-smoothed,718,polyak-smoothed,718,67358.985169790394,67360.442944037044,73682
/Users/a/Ayanami/code/TSP/data/classic/tsplib/pr152.tsp,polyak-smoothed,719,polyak-smoothed,719,67358.830431381284,67360.442944037044,73682
/Users/a/Ayanami/code/TSP/data/classic/tsplib/pr152.tsp,polyak-smoothed,720,polyak-smoothed,720,67360.35282341433,67360.442944037044,73682
/Users/a/Ayanami/code/TSP/data/classic/tsplib/pr152.tsp,polyak-smoothed,721,polyak-smoothed,721,67358.504930227486,67360.442944037044,73682
/Users/a/Ayanami/code/TSP/data/classic/tsplib/pr152.tsp,polyak-smoothed,722,polyak-smoothed,722,67359.652797283794,67360.442944037044,73682
/Users/a/Ayanami/code/TSP/data/classic/tsplib/pr152.tsp,polyak-smoothed,723,polyak-smoothed,723,67359.067987303162,67360.442944037044,73682
/Users/a/Ayanami/code/TSP/data/classic/tsplib/pr152.tsp,polyak-smoothed,724,polyak-smoothed,724,67360.386127606675,67360.442944037044,73682
/Users/a/Ayanami/code/TSP/data/classic/tsplib/pr152.tsp,polyak-smoothed,725,polyak-smoothed,725,67359.363887232248,67360.442944037044,73682
/Users/a/Ayanami/code/TSP/data/classic/tsplib/pr152.tsp,polyak-smoothed,726,polyak-smoothed,726,67360.410254461793,67360.442944037044,73682
/Users/a/Ayanami/code/TSP/data/classic/tsplib/pr152.tsp,polyak-smoothed,727,polyak-smoothed,727,67360.879806609577,67360.879806609577,73682
/Users/a/Ayanami/code/TSP/data/classic/tsplib/pr152.tsp,polyak-smoothed,728,polyak-smoothed,728,67359.982182912179,67360.879806609577,73682
/Users/a/Ayanami/code/TSP/data/classic/tsplib/pr152.tsp,polyak-smoothed,729,polyak-smoothed,729,67359.472346652168,67360.879806609577,73682
/Users/a/Ayanami/code/TSP/data/classic/tsplib/pr152.tsp,polyak-smoothed,730,polyak-smoothed,730,67360.688613822858,67360.879806609577,73682
/Users/a/Ayanami/code/TSP/data/classic/tsplib/pr152.tsp,polyak-smoothed,731,polyak-smoothed,731,67359.12296162649,67360.879806609577,73682
/Users/a/Ayanami/code/TSP/data/classic/tsplib/pr152.tsp,polyak-smoothed,732,polyak-smoothed,732,67360.237118092729,67360.879806609577,73682
/Users/a/Ayanami/code/TSP/data/classic/tsplib/pr152.tsp,polyak-smoothed,733,polyak-smoothed,733,67358.926295100842,67360.879806609577,73682
/Users/a/Ayanami/code/TSP/data/classic/tsplib/pr152.tsp,polyak-smoothed,734,polyak-smoothed,734,67360.009760272093,67360.879806609577,73682
/Users/a/Ayanami/code/TSP/data/classic/tsplib/pr152.tsp,polyak-smoothed,735,polyak-smoothed,735,67360.296060776964,67360.879806609577,73682
/Users/a/Ayanami/code/TSP/data/classic/tsplib/pr152.tsp,polyak-smoothed,736,polyak-smoothed,736,67359.956779147091,67360.879806609577,73682
/Users/a/Ayanami/code/TSP/data/classic/tsplib/pr152.tsp,polyak-smoothed,737,polyak-smoothed,737,67361.214361233418,67361.214361233418,73682
/Users/a/Ayanami/code/TSP/data/classic/tsplib/pr152.tsp,polyak-smoothed,738,polyak-smoothed,738,67358.128344852055,67361.214361233418,73682
/Users/a/Ayanami/code/TSP/data/classic/tsplib/pr152.tsp,polyak-smoothed,739,polyak-smoothed,739,67360.500400602352,67361.214361233418,73682
/Users/a/Ayanami/code/TSP/data/classic/tsplib/pr152.tsp,polyak-smoothed,740,polyak-smoothed,740,67359.088829040498,67361.214361233418,73682
/Users/a/Ayanami/code/TSP/data/classic/tsplib/pr152.tsp,polyak-smoothed,741,polyak-smoothed,741,67360.067298044349,67361.214361233418,73682
/Users/a/Ayanami/code/TSP/data/classic/tsplib/pr152.tsp,polyak-smoothed,742,polyak-smoothed,742,67360.417812490821,67361.214361233418,73682
/Users/a/Ayanami/code/TSP/data/classic/tsplib/pr152.tsp,polyak-smoothed,743,polyak-smoothed,743,67360.846958014052,67361.214361233418,73682
/Users/a/Ayanami/code/TSP/data/classic/tsplib/pr152.tsp,polyak-smoothed,744,polyak-smoothed,744,67360.597137371733,67361.214361233418,73682
/Users/a/Ayanami/code/TSP/data/classic/tsplib/pr152.tsp,polyak-smoothed,745,polyak-smoothed,745,67360.848849421905,67361.214361233418,73682
/Users/a/Ayanami/code/TSP/data/classic/tsplib/pr152.tsp,polyak-smoothed,746,polyak-smoothed,746,67361.050864651465,67361.214361233418,73682
/Users/a/Ayanami/code/TSP/data/classic/tsplib/pr152.tsp,polyak-smoothed,747,polyak-smoothed,747,67360.583414509543,67361.214361233418,73682
/Users/a/Ayanami/code/TSP/data/classic/tsplib/pr152.tsp,polyak-smoothed,748,polyak-smoothed,748,67361.449816326261,67361.449816326261,73682
/Users/a/Ayanami/code/TSP/data/classic/tsplib/pr152.tsp,polyak-smoothed,749,polyak-smoothed,749,67360.220769351203,67361.449816326261,73682
/Users/a/Ayanami/code/TSP/data/classic/tsplib/pr152.tsp,polyak-smoothed,750,polyak-smoothed,750,67361.987393524018,67361.987393524018,73682
/Users/a/Ayanami/code/TSP/data/classic/tsplib/pr152.tsp,polyak-smoothed,751,polyak-smoothed,751,67359.995018181071,67361.987393524018,73682
/Users/a/Ayanami/code/TSP/data/classic/tsplib/pr152.tsp,polyak-smoothed,752,polyak-smoothed,752,67361.451179054638,67361.987393524018,73682
/Users/a/Ayanami/code/TSP/data/classic/tsplib/pr152.tsp,polyak-smoothed,753,polyak-smoothed,753,67360.682402774095,67361.987393524018,73682
/Users/a/Ayanami/code/TSP/data/classic/tsplib/pr152.tsp,polyak-smoothed,754,polyak-smoothed,754,67361.4868160724,67361.987393524018,73682
/Users/a/Ayanami/code/TSP/data/classic/tsplib/pr152.tsp,polyak-smoothed,755,polyak-smoothed,755,67360.065630542973,67361.987393524018,73682
/Users/a/Ayanami/code/TSP/data/classic/tsplib/pr152.tsp,polyak-smoothed,756,polyak-smoothed,756,67362.104261948887,67362.104261948887,73682
/Users/a/Ayanami/code/TSP/data/classic/tsplib/pr152.tsp,polyak-smoothed,757,polyak-smoothed,757,67359.273019602246,67362.104261948887,73682
/Users/a/Ayanami/code/TSP/data/classic/tsplib/pr152.tsp,polyak-smoothed,758,polyak-smoothed,758,67361.258554123342,67362.104261948887,73682
/Users/a/Ayanami/code/TSP/data/classic/tsplib/pr152.tsp,polyak-smoothed,759,polyak-smoothed,759,67360.475736282009,67362.104261948887,73682
/Users/a/Ayanami/code/TSP/data/classic/tsplib/pr152.tsp,polyak-smoothed,760,polyak-smoothed,760,67361.552661238718,67362.104261948887,73682
/Users/a/Ayanami/code/TSP/data/classic/tsplib/pr152.tsp,polyak-smoothed,761,polyak-smoothed,761,67361.757949438965,67362.104261948887,73682
/Users/a/Ayanami/code/TSP/data/classic/tsplib/pr152.tsp,polyak-smoothed,762,polyak-smoothed,762,67361.553685856823,67362.104261948887,73682
/Users/a/Ayanami/code/TSP/data/classic/tsplib/pr152.tsp,polyak-smoothed,763,polyak-smoothed,763,67362.162471746837,67362.162471746837,73682
/Users/a/Ayanami/code/TSP/data/classic/tsplib/pr152.tsp,polyak-smoothed,764,polyak-smoothed,764,67360.764211079484,67362.162471746837,73682
/Users/a/Ayanami/code/TSP/data/classic/tsplib/pr152.tsp,polyak-smoothed,765,polyak-smoothed,765,67361.86011624278,67362.162471746837,73682
/Users/a/Ayanami/code/TSP/data/classic/tsplib/pr152.tsp,polyak-smoothed,766,polyak-smoothed,766,67362.473310798858,67362.473310798858,73682
/Users/a/Ayanami/code/TSP/data/classic/tsplib/pr152.tsp,polyak-smoothed,767,polyak-smoothed,767,67360.914065173492,67362.473310798858,73682
/Users/a/Ayanami/code/TSP/data/classic/tsplib/pr152.tsp,polyak-smoothed,768,polyak-smoothed,768,67361.999120290246,67362.473310798858,73682
/Users/a/Ayanami/code/TSP/data/classic/tsplib/pr152.tsp,polyak-smoothed,769,polyak-smoothed,769,67361.390038086232,67362.473310798858,73682
/Users/a/Ayanami/code/TSP/data/classic/tsplib/pr152.tsp,polyak-smoothed,770,polyak-smoothed,770,67362.747208788118,67362.747208788118,73682
/Users/a/Ayanami/code/TSP/data/classic/tsplib/pr152.tsp,polyak-smoothed,771,polyak-smoothed,771,67360.695032568576,67362.747208788118,73682
/Users/a/Ayanami/code/TSP/data/classic/tsplib/pr152.tsp,polyak-smoothed,772,polyak-smoothed,772,67362.103728622416,67362.747208788118,73682
/Users/a/Ayanami/code/TSP/data/classic/tsplib/pr152.tsp,polyak-smoothed,773,polyak-smoothed,773,67360.605620428818,67362.747208788118,73682
/Users/a/Ayanami/code/TSP/data/classic/tsplib/pr152.tsp,polyak-smoothed,774,polyak-smoothed,774,67362.354358949946,67362.747208788118,73682
/Users/a/Ayanami/code/TSP/data/classic/tsplib/pr152.tsp,polyak-smoothed,775,polyak-smoothed,775,67360.640916759527,67362.747208788118,73682
/Users/a/Ayanami/code/TSP/data/classic/tsplib/pr152.tsp,polyak-smoothed,776,polyak-smoothed,776,67362.783733540025,67362.783733540025,73682
/Users/a/Ayanami/code/TSP/data/classic/tsplib/pr152.tsp,polyak-smoothed,777,polyak-smoothed,777,67360.948831484915,67362.783733540025,73682
/Users/a/Ayanami/code/TSP/data/classic/tsplib/pr152.tsp,polyak-smoothed,778,polyak-smoothed,778,67362.421427466819,67362.783733540025,73682
/Users/a/Ayanami/code/TSP/data/classic/tsplib/pr152.tsp,polyak-smoothed,779,polyak-smoothed,779,67361.386306578323,67362.783733540025,73682
/Users/a/Ayanami/code/TSP/data/classic/tsplib/pr152.tsp,polyak-smoothed,780,polyak-smoothed,780,67362.558818513789,67362.783733540025,73682
/Users/a/Ayanami/code/TSP/data/classic/tsplib/pr152.tsp,polyak-smoothed,781,polyak-smoothed,781,67362.639863588804,67362.783733540025,73682
/Users/a/Ayanami/code/TSP/data/classic/tsplib/pr152.tsp,polyak-smoothed,782,polyak-smoothed,782,67363.35327540127,67363.35327540127,73682
/Users/a/Ayanami/code/TSP/data/classic/tsplib/pr152.tsp,polyak-smoothed,783,polyak-smoothed,783,67360.374733670134,67363.35327540127,73682
/Users/a/Ayanami/code/TSP/data/classic/tsplib/pr152.tsp,polyak-smoothed,784,polyak-smoothed,784,67361.309964338012,67363.35327540127,73682
/Users/a/Ayanami/code/TSP/data/classic/tsplib/pr152.tsp,polyak-smoothed,785,polyak-smoothed,785,67362.901927881714,67363.35327540127,73682
/Users/a/Ayanami/code/TSP/data/classic/tsplib/pr152.tsp,polyak-smoothed,786,polyak-smoothed,786,67362.147964555159,67363.35327540127,73682
/Users/a/Ayanami/code/TSP/data/classic/tsplib/pr152.tsp,polyak-smoothed,787,polyak-smoothed,787,67362.900377968384,67363.35327540127,73682
/Users/a/Ayanami/code/TSP/data/classic/tsplib/pr152.tsp,polyak-smoothed,788,polyak-smoothed,788,67362.23748807337,67363.35327540127,73682
/Users/a/Ayanami/code/TSP/data/classic/tsplib/pr152.tsp,polyak-smoothed,789,polyak-smoothed,789,67363.465342561874,67363.465342561874,73682
/Users/a/Ayanami/code/TSP/data/classic/tsplib/pr152.tsp,polyak-smoothed,790,polyak-smoothed,790,67362.985681287319,67363.465342561874,73682
/Users/a/Ayanami/code/TSP/data/classic/tsplib/pr152.tsp,polyak-smoothed,791,polyak-smoothed,791,67363.10984924392,67363.465342561874,73682
/Users/a/Ayanami/code/TSP/data/classic/tsplib/pr152.tsp,polyak-smoothed,792,polyak-smoothed,792,67362.923125092435,67363.465342561874,73682
/Users/a/Ayanami/code/TSP/data/classic/tsplib/pr152.tsp,polyak-smoothed,793,polyak-smoothed,793,67363.986749160351,67363.986749160351,73682
/Users/a/Ayanami/code/TSP/data/classic/tsplib/pr152.tsp,polyak-smoothed,794,polyak-smoothed,794,67362.353726175657,67363.986749160351,73682
/Users/a/Ayanami/code/TSP/data/classic/tsplib/pr152.tsp,polyak-smoothed,795,polyak-smoothed,795,67363.755333598659,67363.986749160351,73682
/Users/a/Ayanami/code/TSP/data/classic/tsplib/pr152.tsp,polyak-smoothed,796,polyak-smoothed,796,67362.670867634035,67363.986749160351,73682
/Users/a/Ayanami/code/TSP/data/classic/tsplib/pr152.tsp,polyak-smoothed,797,polyak-smoothed,797,67363.976762671096,67363.986749160351,73682
/Users/a/Ayanami/code/TSP/data/classic/tsplib/pr152.tsp,polyak-smoothed,798,polyak-smoothed,798,67364.116302220689,67364.116302220689,73682
/Users/a/Ayanami/code/TSP/data/classic/tsplib/pr152.tsp,polyak-smoothed,799,polyak-smoothed,799,67362.641457556543,67364.116302220689,73682
/Users/a/Ayanami/code/TSP/data/classic/tsplib/pr152.tsp,polyak-smoothed,800,polyak-smoothed,800,67363.792939934239,67364.116302220689,73682
/Users/a/Ayanami/code/TSP/data/classic/tsplib/pr152.tsp,polyak-smoothed,801,polyak-smoothed,801,67362.922439408663,67364.116302220689,73682
/Users/a/Ayanami/code/TSP/data/classic/tsplib/pr152.tsp,polyak-smoothed,802,polyak-smoothed,802,67364.147568854125,67364.147568854125,73682
/Users/a/Ayanami/code/TSP/data/classic/tsplib/pr152.tsp,polyak-smoothed,803,polyak-smoothed,803,67364.110409227913,67364.147568854125,73682
/Users/a/Ayanami/code/TSP/data/classic/tsplib/pr152.tsp,polyak-smoothed,804,polyak-smoothed,804,67364.18344452382,67364.18344452382,73682
/Users/a/Ayanami/code/TSP/data/classic/tsplib/pr152.tsp,polyak-smoothed,805,polyak-smoothed,805,67363.607597489667,67364.18344452382,73682
/Users/a/Ayanami/code/TSP/data/classic/tsplib/pr152.tsp,polyak-smoothed,806,polyak-smoothed,806,67363.942360522255,67364.18344452382,73682
/Users/a/Ayanami/code/TSP/data/classic/tsplib/pr152.tsp,polyak-smoothed,807,polyak-smoothed,807,67364.887551702384,67364.887551702384,73682
/Users/a/Ayanami/code/TSP/data/classic/tsplib/pr152.tsp,polyak-smoothed,808,polyak-smoothed,808,67363.031577892922,67364.887551702384,73682
/Users/a/Ayanami/code/TSP/data/classic/tsplib/pr152.tsp,polyak-smoothed,809,polyak-smoothed,809,67364.249397368592,67364.887551702384,73682
/Users/a/Ayanami/code/TSP/data/classic/tsplib/pr152.tsp,polyak-smoothed,810,polyak-smoothed,810,67364.241475778821,67364.887551702384,73682
/Users/a/Ayanami/code/TSP/data/classic/tsplib/pr152.tsp,polyak-smoothed,811,polyak-smoothed,811,67363.938120397841,67364.887551702384,73682
/Users/a/Ayanami/code/TSP/data/classic/tsplib/pr152.tsp,polyak-smoothed,812,polyak-smoothed,812,67364.921114341763,67364.921114341763,73682
/Users/a/Ayanami/code/TSP/data/classic/tsplib/pr152.tsp,polyak-smoothed,813,polyak-smoothed,813,67363.348686586498,67364.921114341763,73682
/Users/a/Ayanami/code/TSP/data/classic/tsplib/pr152.tsp,polyak-smoothed,814,polyak-smoothed,814,67364.477118601106,67364.921114341763,73682
/Users/a/Ayanami/code/TSP/data/classic/tsplib/pr152.tsp,polyak-smoothed,815,polyak-smoothed,815,67362.674477065506,67364.921114341763,73682
/Users/a/Ayanami/code/TSP/data/classic/tsplib/pr152.tsp,polyak-smoothed,816,polyak-smoothed,816,67364.649046614213,67364.921114341763,73682
/Users/a/Ayanami/code/TSP/data/classic/tsplib/pr152.tsp,polyak-smoothed,817,polyak-smoothed,817,67363.769733123467,67364.921114341763,73682
/Users/a/Ayanami/code/TSP/data/classic/tsplib/pr152.tsp,polyak-smoothed,818,polyak-smoothed,818,67364.220608542222,67364.921114341763,73682
/Users/a/Ayanami/code/TSP/data/classic/tsplib/pr152.tsp,polyak-smoothed,819,polyak-smoothed,819,67365.598428687736,67365.598428687736,73682
/Users/a/Ayanami/code/TSP/data/classic/tsplib/pr152.tsp,polyak-smoothed,820,polyak-smoothed,820,67364.388621071004,67365.598428687736,73682
/Users/a/Ayanami/code/TSP/data/classic/tsplib/pr152.tsp,polyak-smoothed,821,polyak-smoothed,821,67365.487462158795,67365.598428687736,73682
/Users/a/Ayanami/code/TSP/data/classic/tsplib/pr152.tsp,polyak-smoothed,822,polyak-smoothed,822,67364.322815283507,67365.598428687736,73682
/Users/a/Ayanami/code/TSP/data/classic/tsplib/pr152.tsp,polyak-smoothed,823,polyak-smoothed,823,67365.278246736532,67365.598428687736,73682
/Users/a/Ayanami/code/TSP/data/classic/tsplib/pr152.tsp,polyak-smoothed,824,polyak-smoothed,824,67364.010967523835,67365.598428687736,73682
/Users/a/Ayanami/code/TSP/data/classic/tsplib/pr152.tsp,polyak-smoothed,825,polyak-smoothed,825,67365.332486274885,67365.598428687736,73682
/Users/a/Ayanami/code/TSP/data/classic/tsplib/pr152.tsp,polyak-smoothed,826,polyak-smoothed,826,67363.3654217609,67365.598428687736,73682
/Users/a/Ayanami/code/TSP/data/classic/tsplib/pr152.tsp,polyak-smoothed,827,polyak-smoothed,827,67365.229461113267,67365.598428687736,73682
/Users/a/Ayanami/code/TSP/data/classic/tsplib/pr152.tsp,polyak-smoothed,828,polyak-smoothed,828,67363.442465777494,67365.598428687736,73682
/Users/a/Ayanami/code/TSP/data/classic/tsplib/pr152.tsp,polyak-smoothed,829,polyak-smoothed,829,67365.581798089392,67365.598428687736,73682
/Users/a/Ayanami/code/TSP/data/classic/tsplib/pr152.tsp,polyak-smoothed,830,polyak-smoothed,830,67364.057823227035,67365.598428687736,73682
/Users/a/Ayanami/code/TSP/data/classic/tsplib/pr152.tsp,polyak-smoothed,831,polyak-smoothed,831,67365.306377502537,67365.598428687736,73682
/Users/a/Ayanami/code/TSP/data/classic/tsplib/pr152.tsp,polyak-smoothed,832,polyak-smoothed,832,67365.138291414594,67365.598428687736,73682
/Users/a/Ayanami/code/TSP/data/classic/tsplib/pr152.tsp,polyak-smoothed,833,polyak-smoothed,833,67366.245582699717,67366.245582699717,73682
/Users/a/Ayanami/code/TSP/data/classic/tsplib/pr152.tsp,polyak-smoothed,834,polyak-smoothed,834,67365.54637639159,67366.245582699717,73682
/Users/a/Ayanami/code/TSP/data/classic/tsplib/pr152.tsp,polyak-smoothed,835,polyak-smoothed,835,67366.270451331773,67366.270451331773,73682
/Users/a/Ayanami/code/TSP/data/classic/tsplib/pr152.tsp,polyak-smoothed,836,polyak-smoothed,836,67366.371092377725,67366.371092377725,73682
/Users/a/Ayanami/code/TSP/data/classic/tsplib/pr152.tsp,polyak-smoothed,837,polyak-smoothed,837,67366.931952793981,67366.931952793981,73682
/Users/a/Ayanami/code/TSP/data/classic/tsplib/pr152.tsp,polyak-smoothed,838,polyak-smoothed,838,67366.494041387879,67366.931952793981,73682
/Users/a/Ayanami/code/TSP/data/classic/tsplib/pr152.tsp,polyak-smoothed,839,polyak-smoothed,839,67366.619278319049,67366.931952793981,73682
/Users/a/Ayanami/code/TSP/data/classic/tsplib/pr152.tsp,polyak-smoothed,840,polyak-smoothed,840,67366.498990866399,67366.931952793981,73682
/Users/a/Ayanami/code/TSP/data/classic/tsplib/pr152.tsp,polyak-smoothed,841,polyak-smoothed,841,67366.828647912102,67366.931952793981,73682
/Users/a/Ayanami/code/TSP/data/classic/tsplib/pr152.tsp,polyak-smoothed,842,polyak-smoothed,842,67366.814835733327,67366.931952793981,73682
/Users/a/Ayanami/code/TSP/data/classic/tsplib/pr152.tsp,polyak-smoothed,843,polyak-smoothed,843,67366.523681742241,67366.931952793981,73682
/Users/a/Ayanami/code/TSP/data/classic/tsplib/pr152.tsp,polyak-smoothed,844,polyak-smoothed,844,67366.847967060196,67366.931952793981,73682
/Users/a/Ayanami/code/TSP/data/classic/tsplib/pr152.tsp,polyak-smoothed,845,polyak-smoothed,845,67367.600349321641,67367.600349321641,73682
/Users/a/Ayanami/code/TSP/data/classic/tsplib/pr152.tsp,polyak-smoothed,846,polyak-smoothed,846,67364.66535007472,67367.600349321641,73682
/Users/a/Ayanami/code/TSP/data/classic/tsplib/pr152.tsp,polyak-smoothed,847,polyak-smoothed,847,67365.830462869519,67367.600349321641,73682
/Users/a/Ayanami/code/TSP/data/classic/tsplib/pr152.tsp,polyak-smoothed,848,polyak-smoothed,848,67366.919279833557,67367.600349321641,73682
/Users/a/Ayanami/code/TSP/data/classic/tsplib/pr152.tsp,polyak-smoothed,849,polyak-smoothed,849,67366.494315413642,67367.600349321641,73682
/Users/a/Ayanami/code/TSP/data/classic/tsplib/pr152.tsp,polyak-smoothed,850,polyak-smoothed,850,67366.95308853664,67367.600349321641,73682
/Users/a/Ayanami/code/TSP/data/classic/tsplib/pr152.tsp,polyak-smoothed,851,polyak-smoothed,851,67366.808545872904,67367.600349321641,73682
/Users/a/Ayanami/code/TSP/data/classic/tsplib/pr152.tsp,polyak-smoothed,852,polyak-smoothed,852,67366.502754898072,67367.600349321641,73682
/Users/a/Ayanami/code/TSP/data/classic/tsplib/pr152.tsp,polyak-smoothed,853,polyak-smoothed,853,67367.47821827195,67367.600349321641,73682
/Users/a/Ayanami/code/TSP/data/classic/tsplib/pr152.tsp,polyak-smoothed,854,polyak-smoothed,854,67366.239584227078,67367.600349321641,73682
/Users/a/Ayanami/code/TSP/data/classic/tsplib/pr152.tsp,polyak-smoothed,855,polyak-smoothed,855,67367.03396272898,67367.600349321641,73682
/Users/a/Ayanami/code/TSP/data/classic/tsplib/pr152.tsp,polyak-smoothed,856,polyak-smoothed,856,67366.969547710352,67367.600349321641,73682
/Users/a/Ayanami/code/TSP/data/classic/tsplib/pr152.tsp,polyak-smoothed,857,polyak-smoothed,857,67367.645929514605,67367.645929514605,73682
/Users/a/Ayanami/code/TSP/data/classic/tsplib/pr152.tsp,polyak-smoothed,858,polyak-smoothed,858,67365.410028450875,67367.645929514605,73682
/Users/a/Ayanami/code/TSP/data/classic/tsplib/pr152.tsp,polyak-smoothed,859,polyak-smoothed,859,67366.885163006751,67367.645929514605,73682
/Users/a/Ayanami/code/TSP/data/classic/tsplib/pr152.tsp,polyak-smoothed,860,polyak-smoothed,860,67367.186113096788,67367.645929514605,73682
/Users/a/Ayanami/code/TSP/data/classic/tsplib/pr152.tsp,polyak-smoothed,861,polyak-smoothed,861,67367.48435855328,67367.645929514605,73682
/Users/a/Ayanami/code/TSP/data/classic/tsplib/pr152.tsp,polyak-smoothed,862,polyak-smoothed,862,67366.164500089362,67367.645929514605,73682
/Users/a/Ayanami/code/TSP/data/classic/tsplib/pr152.tsp,polyak-smoothed,863,polyak-smoothed,863,67367.192731378047,67367.645929514605,73682
/Users/a/Ayanami/code/TSP/data/classic/tsplib/pr152.tsp,polyak-smoothed,864,polyak-smoothed,864,67366.797641781828,67367.645929514605,73682
/Users/a/Ayanami/code/TSP/data/classic/tsplib/pr152.tsp,polyak-smoothed,865,polyak-smoothed,865,67367.579771189092,67367.645929514605,73682
/Users/a/Ayanami/code/TSP/data/classic/tsplib/pr152.tsp,polyak-smoothed,866,polyak-smoothed,866,67367.240530554031,67367.645929514605,73682
/Users/a/Ayanami/code/TSP/data/classic/tsplib/pr152.tsp,polyak-smoothed,867,polyak-smoothed,867,67367.6164040656,67367.645929514605,73682
/Users/a/Ayanami/code/TSP/data/classic/tsplib/pr152.tsp,polyak-smoothed,868,polyak-smoothed,868,67367.90826849213,67367.90826849213,73682
/Users/a/Ayanami/code/TSP/data/classic/tsplib/pr152.tsp,polyak-smoothed,869,polyak-smoothed,869,67366.998746585727,67367.90826849213,73682
/Users/a/Ayanami/code/TSP/data/classic/tsplib/pr152.tsp,polyak-smoothed,870,polyak-smoothed,870,67367.557130296511,67367.90826849213,73682
/Users/a/Ayanami/code/TSP/data/classic/tsplib/pr152.tsp,polyak-smoothed,871,polyak-smoothed,871,67367.427316759204,67367.90826849213,73682
/Users/a/Ayanami/code/TSP/data/classic/tsplib/pr152.tsp,polyak-smoothed,872,polyak-smoothed,872,67367.664950061982,67367.90826849213,73682
/Users/a/Ayanami/code/TSP/data/classic/tsplib/pr152.tsp,polyak-smoothed,873,polyak-smoothed,873,67367.748187552468,67367.90826849213,73682
/Users/a/Ayanami/code/TSP/data/classic/tsplib/pr152.tsp,polyak-smoothed,874,polyak-smoothed,874,67367.972925631708,67367.972925631708,73682
/Users/a/Ayanami/code/TSP/data/classic/tsplib/pr152.tsp,polyak-smoothed,875,polyak-smoothed,875,67367.322350256101,67367.972925631708,73682
/Users/a/Ayanami/code/TSP/data/classic/tsplib/pr152.tsp,polyak-smoothed,876,polyak-smoothed,876,67367.939614414281,67367.972925631708,73682
/Users/a/Ayanami/code/TSP/data/classic/tsplib/pr152.tsp,polyak-smoothed,877,polyak-smoothed,877,67367.422430594321,67367.972925631708,73682
/Users/a/Ayanami/code/TSP/data/classic/tsplib/pr152.tsp,polyak-smoothed,878,polyak-smoothed,878,67368.076903724897,67368.076903724897,73682
/Users/a/Ayanami/code/TSP/data/classic/tsplib/pr152.tsp,polyak-smoothed,879,polyak-smoothed,879,67367.555734578258,67368.076903724897,73682
/Users/a/Ayanami/code/TSP/data/classic/tsplib/pr152.tsp,polyak-smoothed,880,polyak-smoothed,880,67368.164602954683,67368.164602954683,73682
/Users/a/Ayanami/code/TSP/data/classic/tsplib/pr152.tsp,polyak-smoothed,881,polyak-smoothed,881,67368.00983404131,67368.164602954683,73682
/Users/a/Ayanami/code/TSP/data/classic/tsplib/pr152.tsp,polyak-smoothed,882,polyak-smoothed,882,67367.848659966054,67368.164602954683,73682
/Users/a/Ayanami/code/TSP/data/classic/tsplib/pr152.tsp,polyak-smoothed,883,polyak-smoothed,883,67367.909990287546,67368.164602954683,73682
/Users/a/Ayanami/code/TSP/data/classic/tsplib/pr152.tsp,polyak-smoothed,884,polyak-smoothed,884,67367.794687530986,67368.164602954683,73682
/Users/a/Ayanami/code/TSP/data/classic/tsplib/pr152.tsp,polyak-smoothed,885,polyak-smoothed,885,67367.647104408024,67368.164602954683,73682
/Users/a/Ayanami/code/TSP/data/classic/tsplib/pr152.tsp,polyak-smoothed,886,polyak-smoothed,886,67367.698275539267,67368.164602954683,73682
/Users/a/Ayanami/code/TSP/data/classic/tsplib/pr152.tsp,polyak-smoothed,887,polyak-smoothed,887,67368.144549238496,67368.164602954683,73682
/Users/a/Ayanami/code/TSP/data/classic/tsplib/pr152.tsp,polyak-smoothed,888,polyak-smoothed,888,67367.963846663304,67368.164602954683,73682
/Users/a/Ayanami/code/TSP/data/classic/tsplib/pr152.tsp,polyak-smoothed,889,polyak-smoothed,889,67368.239052261662,67368.239052261662,73682
/Users/a/Ayanami/code/TSP/data/classic/tsplib/pr152.tsp,polyak-smoothed,890,polyak-smoothed,890,67368.067885467492,67368.239052261662,73682
/Users/a/Ayanami/code/TSP/data/classic/tsplib/pr152.tsp,polyak-smoothed,891,polyak-smoothed,891,67368.445346791865,67368.445346791865,73682
/Users/a/Ayanami/code/TSP/data/classic/tsplib/pr152.tsp,polyak-smoothed,892,polyak-smoothed,892,67367.317098178886,67368.445346791865,73682
/Users/a/Ayanami/code/TSP/data/classic/tsplib/pr152.tsp,polyak-smoothed,893,polyak-smoothed,893,67367.909457978152,67368.445346791865,73682
/Users/a/Ayanami/code/TSP/data/classic/tsplib/pr152.tsp,polyak-smoothed,894,polyak-smoothed,894,67367.79040702527,67368.445346791865,73682
/Users/a/Ayanami/code/TSP/data/classic/tsplib/pr152.tsp,polyak-smoothed,895,polyak-smoothed,895,67368.030961583601,67368.445346791865,73682
/Users/a/Ayanami/code/TSP/data/classic/tsplib/pr152.tsp,polyak-smoothed,896,polyak-smoothed,896,67368.170906169631,67368.445346791865,73682
/Users/a/Ayanami/code/TSP/data/classic/tsplib/pr152.tsp,polyak-smoothed,897,polyak-smoothed,897,67368.349142915788,67368.445346791865,73682
/Users/a/Ayanami/code/TSP/data/classic/tsplib/pr152.tsp,polyak-smoothed,898,polyak-smoothed,898,67368.319136411825,67368.445346791865,73682
/Users/a/Ayanami/code/TSP/data/classic/tsplib/pr152.tsp,polyak-smoothed,899,polyak-smoothed,899,67368.000494810913,67368.445346791865,73682
/Users/a/Ayanami/code/TSP/data/classic/tsplib/pr152.tsp,polyak-smoothed,900,polyak-smoothed,900,67368.408312072352,67368.445346791865,73682
/Users/a/Ayanami/code/TSP/data/classic/tsplib/pr152.tsp,polyak-smoothed,901,polyak-smoothed,901,67368.494917904623,67368.494917904623,73682
/Users/a/Ayanami/code/TSP/data/classic/tsplib/pr152.tsp,polyak-smoothed,902,polyak-smoothed,902,67367.086331535247,67368.494917904623,73682
/Users/a/Ayanami/code/TSP/data/classic/tsplib/pr152.tsp,polyak-smoothed,903,polyak-smoothed,903,67368.493739822428,67368.494917904623,73682
/Users/a/Ayanami/code/TSP/data/classic/tsplib/pr152.tsp,polyak-smoothed,904,polyak-smoothed,904,67367.893311266263,67368.494917904623,73682
/Users/a/Ayanami/code/TSP/data/classic/tsplib/pr152.tsp,polyak-smoothed,905,polyak-smoothed,905,67368.561342362751,67368.561342362751,73682
/Users/a/Ayanami/code/TSP/data/classic/tsplib/pr152.tsp,polyak-smoothed,906,polyak-smoothed,906,67368.112498714298,67368.561342362751,73682
/Users/a/Ayanami/code/TSP/data/classic/tsplib/pr152.tsp,polyak-smoothed,907,polyak-smoothed,907,67368.558821574625,67368.561342362751,73682
/Users/a/Ayanami/code/TSP/data/classic/tsplib/pr152.tsp,polyak-smoothed,908,polyak-smoothed,908,67368.256494866742,67368.561342362751,73682
/Users/a/Ayanami/code/TSP/data/classic/tsplib/pr152.tsp,polyak-smoothed,909,polyak-smoothed,909,67368.145696840365,67368.561342362751,73682
/Users/a/Ayanami/code/TSP/data/classic/tsplib/pr152.tsp,polyak-smoothed,910,polyak-smoothed,910,67368.934446638741,67368.934446638741,73682
/Users/a/Ayanami/code/TSP/data/classic/tsplib/pr152.tsp,polyak-smoothed,911,polyak-smoothed,911,67367.468751360313,67368.934446638741,73682
/Users/a/Ayanami/code/TSP/data/classic/tsplib/pr152.tsp,polyak-smoothed,912,polyak-smoothed,912,67368.335460385118,67368.934446638741,73682
/Users/a/Ayanami/code/TSP/data/classic/tsplib/pr152.tsp,polyak-smoothed,913,polyak-smoothed,913,67368.065867904676,67368.934446638741,73682
/Users/a/Ayanami/code/TSP/data/classic/tsplib/pr152.tsp,polyak-smoothed,914,polyak-smoothed,914,67368.761958238552,67368.934446638741,73682
/Users/a/Ayanami/code/TSP/data/classic/tsplib/pr152.tsp,polyak-smoothed,915,polyak-smoothed,915,67367.870820015247,67368.934446638741,73682
/Users/a/Ayanami/code/TSP/data/classic/tsplib/pr152.tsp,polyak-smoothed,916,polyak-smoothed,916,67368.775405978246,67368.934446638741,73682
/Users/a/Ayanami/code/TSP/data/classic/tsplib/pr152.tsp,polyak-smoothed,917,polyak-smoothed,917,67368.631679994258,67368.934446638741,73682
/Users/a/Ayanami/code/TSP/data/classic/tsplib/pr152.tsp,polyak-smoothed,918,polyak-smoothed,918,67368.917000346715,67368.934446638741,73682
/Users/a/Ayanami/code/TSP/data/classic/tsplib/pr152.tsp,polyak-smoothed,919,polyak-smoothed,919,67369.07962385776,67369.07962385776,73682
/Users/a/Ayanami/code/TSP/data/classic/tsplib/pr152.tsp,polyak-smoothed,920,polyak-smoothed,920,67369.264255310554,67369.264255310554,73682
/Users/a/Ayanami/code/TSP/data/classic/tsplib/pr152.tsp,polyak-smoothed,921,polyak-smoothed,921,67368.755390259874,67369.264255310554,73682
/Users/a/Ayanami/code/TSP/data/classic/tsplib/pr152.tsp,polyak-smoothed,922,polyak-smoothed,922,67368.699298411826,67369.264255310554,73682
/Users/a/Ayanami/code/TSP/data/classic/tsplib/pr152.tsp,polyak-smoothed,923,polyak-smoothed,923,67368.679424775255,67369.264255310554,73682
/Users/a/Ayanami/code/TSP/data/classic/tsplib/pr152.tsp,polyak-smoothed,924,polyak-smoothed,924,67369.347084882334,67369.347084882334,73682
/Users/a/Ayanami/code/TSP/data/classic/tsplib/pr152.tsp,polyak-smoothed,925,polyak-smoothed,925,67366.751302387696,67369.347084882334,73682
/Users/a/Ayanami/code/TSP/data/classic/tsplib/pr152.tsp,polyak-smoothed,926,polyak-smoothed,926,67368.127686242151,67369.347084882334,73682
/Users/a/Ayanami/code/TSP/data/classic/tsplib/pr152.tsp,polyak-smoothed,927,polyak-smoothed,927,67368.425968596101,67369.347084882334,73682
/Users/a/Ayanami/code/TSP/data/classic/tsplib/pr152.tsp,polyak-smoothed,928,polyak-smoothed,928,67369.080991723502,67369.347084882334,73682
/Users/a/Ayanami/code/TSP/data/classic/tsplib/pr152.tsp,polyak-smoothed,929,polyak-smoothed,929,67368.978038022047,67369.347084882334,73682
/Users/a/Ayanami/code/TSP/data/classic/tsplib/pr152.tsp,polyak-smoothed,930,polyak-smoothed,930,67369.391084335861,67369.391084335861,73682
/Users/a/Ayanami/code/TSP/data/classic/tsplib/pr152.tsp,polyak-smoothed,931,polyak-smoothed,931,67368.274549647234,67369.391084335861,73682
/Users/a/Ayanami/code/TSP/data/classic/tsplib/pr152.tsp,polyak-smoothed,932,polyak-smoothed,932,67368.882474042024,67369.391084335861,73682
/Users/a/Ayanami/code/TSP/data/classic/tsplib/pr152.tsp,polyak-smoothed,933,polyak-smoothed,933,67369.188938411258,67369.391084335861,73682
/Users/a/Ayanami/code/TSP/data/classic/tsplib/pr152.tsp,polyak-smoothed,934,polyak-smoothed,934,67368.847251868836,67369.391084335861,73682
/Users/a/Ayanami/code/TSP/data/classic/tsplib/pr152.tsp,polyak-smoothed,935,polyak-smoothed,935,67369.607758717611,67369.607758717611,73682
/Users/a/Ayanami/code/TSP/data/classic/tsplib/pr152.tsp,polyak-smoothed,936,polyak-smoothed,936,67367.027704769775,67369.607758717611,73682
/Users/a/Ayanami/code/TSP/data/classic/tsplib/pr152.tsp,polyak-smoothed,937,polyak-smoothed,937,67368.390749781858,67369.607758717611,73682
/Users/a/Ayanami/code/TSP/data/classic/tsplib/pr152.tsp,polyak-smoothed,938,polyak-smoothed,938,67368.82619336588,67369.607758717611,73682
/Users/a/Ayanami/code/TSP/data/classic/tsplib/pr152.tsp,polyak-smoothed,939,polyak-smoothed,939,67369.032558353982,67369.607758717611,73682
/Users/a/Ayanami/code/TSP/data/classic/tsplib/pr152.tsp,polyak-smoothed,940,polyak-smoothed,940,67369.425496472104,67369.607758717611,73682
/Users/a/Ayanami/code/TSP/data/classic/tsplib/pr152.tsp,polyak-smoothed,941,polyak-smoothed,941,67368.701788723891,67369.607758717611,73682
/Users/a/Ayanami/code/TSP/data/classic/tsplib/pr152.tsp,polyak-smoothed,942,polyak-smoothed,942,67369.344003795268,67369.607758717611,73682
/Users/a/Ayanami/code/TSP/data/classic/tsplib/pr152.tsp,polyak-smoothed,943,polyak-smoothed,943,67368.303302123459,67369.607758717611,73682
/Users/a/Ayanami/code/TSP/data/classic/tsplib/pr152.tsp,polyak-smoothed,944,polyak-smoothed,944,67369.324392503142,67369.607758717611,73682
/Users/a/Ayanami/code/TSP/data/classic/tsplib/pr152.tsp,polyak-smoothed,945,polyak-smoothed,945,67368.956698517082,67369.607758717611,73682
/Users/a/Ayanami/code/TSP/data/classic/tsplib/pr152.tsp,polyak-smoothed,946,polyak-smoothed,946,67369.392960687153,67369.607758717611,73682
/Users/a/Ayanami/code/TSP/data/classic/tsplib/pr152.tsp,polyak-smoothed,947,polyak-smoothed,947,67369.616180068493,67369.616180068493,73682
/Users/a/Ayanami/code/TSP/data/classic/tsplib/pr152.tsp,polyak-smoothed,948,polyak-smoothed,948,67369.439586606692,67369.616180068493,73682
/Users/a/Ayanami/code/TSP/data/classic/tsplib/pr152.tsp,polyak-smoothed,949,polyak-smoothed,949,67369.988106938094,67369.988106938094,73682
/Users/a/Ayanami/code/TSP/data/classic/tsplib/pr152.tsp,polyak-smoothed,950,polyak-smoothed,950,67368.738100010232,67369.988106938094,73682
/Users/a/Ayanami/code/TSP/data/classic/tsplib/pr152.tsp,polyak-smoothed,951,polyak-smoothed,951,67369.44553386081,67369.988106938094,73682
/Users/a/Ayanami/code/TSP/data/classic/tsplib/pr152.tsp,polyak-smoothed,952,polyak-smoothed,952,67369.259668274113,67369.988106938094,73682
/Users/a/Ayanami/code/TSP/data/classic/tsplib/pr152.tsp,polyak-smoothed,953,polyak-smoothed,953,67369.316528517738,67369.988106938094,73682
/Users/a/Ayanami/code/TSP/data/classic/tsplib/pr152.tsp,polyak-smoothed,954,polyak-smoothed,954,67369.977862784814,67369.988106938094,73682
/Users/a/Ayanami/code/TSP/data/classic/tsplib/pr152.tsp,polyak-smoothed,955,polyak-smoothed,955,67369.535097110289,67369.988106938094,73682
/Users/a/Ayanami/code/TSP/data/classic/tsplib/pr152.tsp,polyak-smoothed,956,polyak-smoothed,956,67369.891808757151,67369.988106938094,73682
/Users/a/Ayanami/code/TSP/data/classic/tsplib/pr152.tsp,polyak-smoothed,957,polyak-smoothed,957,67368.887819473879,67369.988106938094,73682
/Users/a/Ayanami/code/TSP/data/classic/tsplib/pr152.tsp,polyak-smoothed,958,polyak-smoothed,958,67369.980244646154,67369.988106938094,73682
/Users/a/Ayanami/code/TSP/data/classic/tsplib/pr152.tsp,polyak-smoothed,959,polyak-smoothed,959,67369.200472306387,67369.988106938094,73682
/Users/a/Ayanami/code/TSP/data/classic/tsplib/pr152.tsp,polyak-smoothed,960,polyak-smoothed,960,67370.057901541848,67370.057901541848,73682
/Users/a/Ayanami/code/TSP/data/classic/tsplib/pr152.tsp,polyak-smoothed,961,polyak-smoothed,961,67369.069519368655,67370.057901541848,73682
/Users/a/Ayanami/code/TSP/data/classic/tsplib/pr152.tsp,polyak-smoothed,962,polyak-smoothed,962,67369.546523671437,67370.057901541848,73682
/Users/a/Ayanami/code/TSP/data/classic/tsplib/pr152.tsp,polyak-smoothed,963,polyak-smoothed,963,67369.762882611103,67370.057901541848,73682
/Users/a/Ayanami/code/TSP/data/classic/tsplib/pr152.tsp,polyak-smoothed,964,polyak-smoothed,964,67370.102902421058,67370.102902421058,73682
/Users/a/Ayanami/code/TSP/data/classic/tsplib/pr152.tsp,polyak-smoothed,965,polyak-smoothed,965,67369.925519478551,67370.102902421058,73682
/Users/a/Ayanami/code/TSP/data/classic/tsplib/pr152.tsp,polyak-smoothed,966,polyak-smoothed,966,67370.016074693878,67370.102902421058,73682
/Users/a/Ayanami/code/TSP/data/classic/tsplib/pr152.tsp,polyak-smoothed,967,polyak-smoothed,967,67370.323208873495,67370.323208873495,73682
/Users/a/Ayanami/code/TSP/data/classic/tsplib/pr152.tsp,polyak-smoothed,968,polyak-smoothed,968,67369.466082642655,67370.323208873495,73682
/Users/a/Ayanami/code/TSP/data/classic/tsplib/pr152.tsp,polyak-smoothed,969,polyak-smoothed,969,67370.036701247736,67370.323208873495,73682
/Users/a/Ayanami/code/TSP/data/classic/tsplib/pr152.tsp,polyak-smoothed,970,polyak-smoothed,970,67370.41617540663,67370.41617540663,73682
/Users/a/Ayanami/code/TSP/data/classic/tsplib/pr152.tsp,polyak-smoothed,971,polyak-smoothed,971,67370.660111211182,67370.660111211182,73682
/Users/a/Ayanami/code/TSP/data/classic/tsplib/pr152.tsp,polyak-smoothed,972,polyak-smoothed,972,67367.649032002606,67370.660111211182,73682
/Users/a/Ayanami/code/TSP/data/classic/tsplib/pr152.tsp,polyak-smoothed,973,polyak-smoothed,973,67369.199683646992,67370.660111211182,73682
/Users/a/Ayanami/code/TSP/data/classic/tsplib/pr152.tsp,polyak-smoothed,974,polyak-smoothed,974,67370.364535167624,67370.660111211182,73682
/Users/a/Ayanami/code/TSP/data/classic/tsplib/pr152.tsp,polyak-smoothed,975,polyak-smoothed,975,67369.333968537394,67370.660111211182,73682
/Users/a/Ayanami/code/TSP/data/classic/tsplib/pr152.tsp,polyak-smoothed,976,polyak-smoothed,976,67370.063981870146,67370.660111211182,73682
/Users/a/Ayanami/code/TSP/data/classic/tsplib/pr152.tsp,polyak-smoothed,977,polyak-smoothed,977,67369.935481389926,67370.660111211182,73682
/Users/a/Ayanami/code/TSP/data/classic/tsplib/pr152.tsp,polyak-smoothed,978,polyak-smoothed,978,67370.587955063631,67370.660111211182,73682
/Users/a/Ayanami/code/TSP/data/classic/tsplib/pr152.tsp,polyak-smoothed,979,polyak-smoothed,979,67370.047870052018,67370.660111211182,73682
/Users/a/Ayanami/code/TSP/data/classic/tsplib/pr152.tsp,polyak-smoothed,980,polyak-smoothed,980,67370.187886148706,67370.660111211182,73682
/Users/a/Ayanami/code/TSP/data/classic/tsplib/pr152.tsp,polyak-smoothed,981,polyak-smoothed,981,67370.336016128713,67370.660111211182,73682
/Users/a/Ayanami/code/TSP/data/classic/tsplib/pr152.tsp,polyak-smoothed,982,polyak-smoothed,982,67369.996286968075,67370.660111211182,73682
/Users/a/Ayanami/code/TSP/data/classic/tsplib/pr152.tsp,polyak-smoothed,983,polyak-smoothed,983,67370.969444134986,67370.969444134986,73682
/Users/a/Ayanami/code/TSP/data/classic/tsplib/pr152.tsp,polyak-smoothed,984,polyak-smoothed,984,67369.997670522105,67370.969444134986,73682
/Users/a/Ayanami/code/TSP/data/classic/tsplib/pr152.tsp,polyak-smoothed,985,polyak-smoothed,985,67370.90934337207,67370.969444134986,73682
/Users/a/Ayanami/code/TSP/data/classic/tsplib/pr152.tsp,polyak-smoothed,986,polyak-smoothed,986,67368.489437389406,67370.969444134986,73682
/Users/a/Ayanami/code/TSP/data/classic/tsplib/pr152.tsp,polyak-smoothed,987,polyak-smoothed,987,67369.632765766117,67370.969444134986,73682
/Users/a/Ayanami/code/TSP/data/classic/tsplib/pr152.tsp,polyak-smoothed,988,polyak-smoothed,988,67370.373303408429,67370.969444134986,73682
/Users/a/Ayanami/code/TSP/data/classic/tsplib/pr152.tsp,polyak-smoothed,989,polyak-smoothed,989,67370.685585684885,67370.969444134986,73682
/Users/a/Ayanami/code/TSP/data/classic/tsplib/pr152.tsp,polyak-smoothed,990,polyak-smoothed,990,67370.542749176937,67370.969444134986,73682
/Users/a/Ayanami/code/TSP/data/classic/tsplib/pr152.tsp,polyak-smoothed,991,polyak-smoothed,991,67370.54686852351,67370.969444134986,73682
/Users/a/Ayanami/code/TSP/data/classic/tsplib/pr152.tsp,polyak-smoothed,992,polyak-smoothed,992,67370.881464535123,67370.969444134986,73682
/Users/a/Ayanami/code/TSP/data/classic/tsplib/pr152.tsp,polyak-smoothed,993,polyak-smoothed,993,67369.830705469358,67370.969444134986,73682
/Users/a/Ayanami/code/TSP/data/classic/tsplib/pr152.tsp,polyak-smoothed,994,polyak-smoothed,994,67370.540112318849,67370.969444134986,73682
/Users/a/Ayanami/code/TSP/data/classic/tsplib/pr152.tsp,polyak-smoothed,995,polyak-smoothed,995,67370.053188101199,67370.969444134986,73682
/Users/a/Ayanami/code/TSP/data/classic/tsplib/pr152.tsp,polyak-smoothed,996,polyak-smoothed,996,67370.80839192323,67370.969444134986,73682
/Users/a/Ayanami/code/TSP/data/classic/tsplib/pr152.tsp,polyak-smoothed,997,polyak-smoothed,997,67371.338777020224,67371.338777020224,73682
/Users/a/Ayanami/code/TSP/data/classic/tsplib/pr152.tsp,polyak-smoothed,998,polyak-smoothed,998,67371.106140862103,67371.338777020224,73682
/Users/a/Ayanami/code/TSP/data/classic/tsplib/pr152.tsp,polyak-smoothed,999,polyak-smoothed,999,67371.326301622961,67371.338777020224,73682
/Users/a/Ayanami/code/TSP/data/classic/tsplib/pr152.tsp,polyak-smoothed,1000,polyak-smoothed,1000,67371.356237171101,67371.356237171101,73682
/Users/a/Ayanami/code/TSP/data/classic/tsplib/pr152.tsp,polyak-smoothed,1001,polyak-smoothed,1001,67371.127955482647,67371.356237171101,73682
/Users/a/Ayanami/code/TSP/data/classic/tsplib/pr152.tsp,polyak-smoothed,1002,polyak-smoothed,1002,67371.536863578629,67371.536863578629,73682
/Users/a/Ayanami/code/TSP/data/classic/tsplib/pr152.tsp,polyak-smoothed,1003,polyak-smoothed,1003,67371.182922244421,67371.536863578629,73682
/Users/a/Ayanami/code/TSP/data/classic/tsplib/pr152.tsp,polyak-smoothed,1004,polyak-smoothed,1004,67371.397495410551,67371.536863578629,73682
/Users/a/Ayanami/code/TSP/data/classic/tsplib/pr152.tsp,polyak-smoothed,1005,polyak-smoothed,1005,67371.723935575952,67371.723935575952,73682
/Users/a/Ayanami/code/TSP/data/classic/tsplib/pr152.tsp,polyak-smoothed,1006,polyak-smoothed,1006,67370.976593079889,67371.723935575952,73682
/Users/a/Ayanami/code/TSP/data/classic/tsplib/pr152.tsp,polyak-smoothed,1007,polyak-smoothed,1007,67371.441251352313,67371.723935575952,73682
/Users/a/Ayanami/code/TSP/data/classic/tsplib/pr152.tsp,polyak-smoothed,1008,polyak-smoothed,1008,67371.448276096518,67371.723935575952,73682
/Users/a/Ayanami/code/TSP/data/classic/tsplib/pr152.tsp,polyak-smoothed,1009,polyak-smoothed,1009,67371.546815027119,67371.723935575952,73682
/Users/a/Ayanami/code/TSP/data/classic/tsplib/pr152.tsp,polyak-smoothed,1010,polyak-smoothed,1010,67371.348030969239,67371.723935575952,73682
/Users/a/Ayanami/code/TSP/data/classic/tsplib/pr152.tsp,polyak-smoothed,1011,polyak-smoothed,1011,67371.620485770851,67371.723935575952,73682
/Users/a/Ayanami/code/TSP/data/classic/tsplib/pr152.tsp,polyak-smoothed,1012,polyak-smoothed,1012,67371.526473210921,67371.723935575952,73682
/Users/a/Ayanami/code/TSP/data/classic/tsplib/pr152.tsp,polyak-smoothed,1013,polyak-smoothed,1013,67371.704999665992,67371.723935575952,73682
/Users/a/Ayanami/code/TSP/data/classic/tsplib/pr152.tsp,polyak-smoothed,1014,polyak-smoothed,1014,67371.471933811481,67371.723935575952,73682
/Users/a/Ayanami/code/TSP/data/classic/tsplib/pr152.tsp,polyak-smoothed,1015,polyak-smoothed,1015,67371.752951421979,67371.752951421979,73682
/Users/a/Ayanami/code/TSP/data/classic/tsplib/pr152.tsp,polyak-smoothed,1016,polyak-smoothed,1016,67371.026009085355,67371.752951421979,73682
/Users/a/Ayanami/code/TSP/data/classic/tsplib/pr152.tsp,polyak-smoothed,1017,polyak-smoothed,1017,67371.545653776906,67371.752951421979,73682
/Users/a/Ayanami/code/TSP/data/classic/tsplib/pr152.tsp,polyak-smoothed,1018,polyak-smoothed,1018,67371.819545335326,67371.819545335326,73682
/Users/a/Ayanami/code/TSP/data/classic/tsplib/pr152.tsp,polyak-smoothed,1019,polyak-smoothed,1019,67371.493927453019,67371.819545335326,73682
/Users/a/Ayanami/code/TSP/data/classic/tsplib/pr152.tsp,polyak-smoothed,1020,polyak-smoothed,1020,67371.845917995088,67371.845917995088,73682
/Users/a/Ayanami/code/TSP/data/classic/tsplib/pr152.tsp,polyak-smoothed,1021,polyak-smoothed,1021,67371.268236884935,67371.845917995088,73682
/Users/a/Ayanami/code/TSP/data/classic/tsplib/pr152.tsp,polyak-smoothed,1022,polyak-smoothed,1022,67371.676208226039,67371.845917995088,73682
/Users/a/Ayanami/code/TSP/data/classic/tsplib/pr152.tsp,polyak-smoothed,1023,polyak-smoothed,1023,67371.618545646765,67371.845917995088,73682
/Users/a/Ayanami/code/TSP/data/classic/tsplib/pr152.tsp,polyak-smoothed,1024,polyak-smoothed,1024,67371.814472488724,67371.845917995088,73682
/Users/a/Ayanami/code/TSP/data/classic/tsplib/pr152.tsp,polyak-smoothed,1025,polyak-smoothed,1025,67371.755476429404,67371.845917995088,73682
/Users/a/Ayanami/code/TSP/data/classic/tsplib/pr152.tsp,polyak-smoothed,1026,polyak-smoothed,1026,67371.932757512084,67371.932757512084,73682
/Users/a/Ayanami/code/TSP/data/classic/tsplib/pr152.tsp,polyak-smoothed,1027,polyak-smoothed,1027,67371.69237599062,67371.932757512084,73682
/Users/a/Ayanami/code/TSP/data/classic/tsplib/pr152.tsp,polyak-smoothed,1028,polyak-smoothed,1028,67371.888258159946,67371.932757512084,73682
/Users/a/Ayanami/code/TSP/data/classic/tsplib/pr152.tsp,polyak-smoothed,1029,polyak-smoothed,1029,67371.484109807046,67371.932757512084,73682
/Users/a/Ayanami/code/TSP/data/classic/tsplib/pr152.tsp,polyak-smoothed,1030,polyak-smoothed,1030,67371.749016443442,67371.932757512084,73682
/Users/a/Ayanami/code/TSP/data/classic/tsplib/pr152.tsp,polyak-smoothed,1031,polyak-smoothed,1031,67371.398166370811,67371.932757512084,73682
/Users/a/Ayanami/code/TSP/data/classic/tsplib/pr152.tsp,polyak-smoothed,1032,polyak-smoothed,1032,67371.870539208263,67371.932757512084,73682
/Users/a/Ayanami/code/TSP/data/classic/tsplib/pr152.tsp,polyak-smoothed,1033,polyak-smoothed,1033,67371.859153941812,67371.932757512084,73682
/Users/a/Ayanami/code/TSP/data/classic/tsplib/pr152.tsp,polyak-smoothed,1034,polyak-smoothed,1034,67371.820243678463,67371.932757512084,73682
/Users/a/Ayanami/code/TSP/data/classic/tsplib/pr152.tsp,polyak-smoothed,1035,polyak-smoothed,1035,67371.861430499965,67371.932757512084,73682
/Users/a/Ayanami/code/TSP/data/classic/tsplib/pr152.tsp,polyak-smoothed,1036,polyak-smoothed,1036,67372.03068603357,67372.03068603357,73682
/Users/a/Ayanami/code/TSP/data/classic/tsplib/pr152.tsp,polyak-smoothed,1037,polyak-smoothed,1037,67371.500348629517,67372.03068603357,73682
/Users/a/Ayanami/code/TSP/data/classic/tsplib/pr152.tsp,polyak-smoothed,1038,polyak-smoothed,1038,67371.86045697864,67372.03068603357,73682
/Users/a/Ayanami/code/TSP/data/classic/tsplib/pr152.tsp,polyak-smoothed,1039,polyak-smoothed,1039,67371.851068943812,67372.03068603357,73682
/Users/a/Ayanami/code/TSP/data/classic/tsplib/pr152.tsp,polyak-smoothed,1040,polyak-smoothed,1040,67372.167774059126,67372.167774059126,73682
/Users/a/Ayanami/code/TSP/data/classic/tsplib/pr152.tsp,polyak-smoothed,1041,polyak-smoothed,1041,67371.569258201023,67372.167774059126,73682
/Users/a/Ayanami/code/TSP/data/classic/tsplib/pr152.tsp,polyak-smoothed,1042,polyak-smoothed,1042,67371.848691587686,67372.167774059126,73682
/Users/a/Ayanami/code/TSP/data/classic/tsplib/pr152.tsp,polyak-smoothed,1043,polyak-smoothed,1043,67371.92856117514,67372.167774059126,73682
/Users/a/Ayanami/code/TSP/data/classic/tsplib/pr152.tsp,polyak-smoothed,1044,polyak-smoothed,1044,67372.249244603459,67372.249244603459,73682
/Users/a/Ayanami/code/TSP/data/classic/tsplib/pr152.tsp,polyak-smoothed,1045,polyak-smoothed,1045,67371.683202790067,67372.249244603459,73682
/Users/a/Ayanami/code/TSP/data/classic/tsplib/pr152.tsp,polyak-smoothed,1046,polyak-smoothed,1046,67371.99627965047,67372.249244603459,73682
/Users/a/Ayanami/code/TSP/data/classic/tsplib/pr152.tsp,polyak-smoothed,1047,polyak-smoothed,1047,67371.939582530787,67372.249244603459,73682
/Users/a/Ayanami/code/TSP/data/classic/tsplib/pr152.tsp,polyak-smoothed,1048,polyak-smoothed,1048,67372.130705191448,67372.249244603459,73682
/Users/a/Ayanami/code/TSP/data/classic/tsplib/pr152.tsp,polyak-smoothed,1049,polyak-smoothed,1049,67371.857846636762,67372.249244603459,73682
/Users/a/Ayanami/code/TSP/data/classic/tsplib/pr152.tsp,polyak-smoothed,1050,polyak-smoothed,1050,67372.177691092584,67372.249244603459,73682
/Users/a/Ayanami/code/TSP/data/classic/tsplib/pr152.tsp,polyak-smoothed,1051,polyak-smoothed,1051,67372.133567827521,67372.249244603459,73682
/Users/a/Ayanami/code/TSP/data/classic/tsplib/pr152.tsp,polyak-smoothed,1052,polyak-smoothed,1052,67372.274056426759,67372.274056426759,73682
/Users/a/Ayanami/code/TSP/data/classic/tsplib/pr152.tsp,polyak-smoothed,1053,polyak-smoothed,1053,67371.718772895867,67372.274056426759,73682
/Users/a/Ayanami/code/TSP/data/classic/tsplib/pr152.tsp,polyak-smoothed,1054,polyak-smoothed,1054,67372.305874043202,67372.305874043202,73682
/Users/a/Ayanami/code/TSP/data/classic/tsplib/pr152.tsp,polyak-smoothed,1055,polyak-smoothed,1055,67371.857300464777,67372.305874043202,73682
/Users/a/Ayanami/code/TSP/data/classic/tsplib/pr152.tsp,polyak-smoothed,1056,polyak-smoothed,1056,67371.913070875293,67372.305874043202,73682
/Users/a/Ayanami/code/TSP/data/classic/tsplib/pr152.tsp,polyak-smoothed,1057,polyak-smoothed,1057,67372.482818673423,67372.482818673423,73682
/Users/a/Ayanami/code/TSP/data/classic/tsplib/pr152.tsp,polyak-smoothed,1058,polyak-smoothed,1058,67371.855293443921,67372.482818673423,73682
/Users/a/Ayanami/code/TSP/data/classic/tsplib/pr152.tsp,polyak-smoothed,1059,polyak-smoothed,1059,67372.1484598713,67372.482818673423,73682
/Users/a/Ayanami/code/TSP/data/classic/tsplib/pr152.tsp,polyak-smoothed,1060,polyak-smoothed,1060,67372.2156935518,67372.482818673423,73682
/Users/a/Ayanami/code/TSP/data/classic/tsplib/pr152.tsp,polyak-smoothed,1061,polyak-smoothed,1061,67372.335228040509,67372.482818673423,73682
/Users/a/Ayanami/code/TSP/data/classic/tsplib/pr152.tsp,polyak-smoothed,1062,polyak-smoothed,1062,67371.965144065762,67372.482818673423,73682
/Users/a/Ayanami/code/TSP/data/classic/tsplib/pr152.tsp,polyak-smoothed,1063,polyak-smoothed,1063,67372.516217834112,67372.516217834112,73682
/Users/a/Ayanami/code/TSP/data/classic/tsplib/pr152.tsp,polyak-smoothed,1064,polyak-smoothed,1064,67371.7724733254,67372.516217834112,73682
/Users/a/Ayanami/code/TSP/data/classic/tsplib/pr152.tsp,polyak-smoothed,1065,polyak-smoothed,1065,67372.212506728174,67372.516217834112,73682
/Users/a/Ayanami/code/TSP/data/classic/tsplib/pr152.tsp,polyak-smoothed,1066,polyak-smoothed,1066,67371.986019370088,67372.516217834112,73682
/Users/a/Ayanami/code/TSP/data/classic/tsplib/pr152.tsp,polyak-smoothed,1067,polyak-smoothed,1067,67372.184890528602,67372.516217834112,73682
/Users/a/Ayanami/code/TSP/data/classic/tsplib/pr152.tsp,polyak-smoothed,1068,polyak-smoothed,1068,67372.208155282773,67372.516217834112,73682
/Users/a/Ayanami/code/TSP/data/classic/tsplib/pr152.tsp,polyak-smoothed,1069,polyak-smoothed,1069,67372.471476004386,67372.516217834112,73682
/Users/a/Ayanami/code/TSP/data/classic/tsplib/pr152.tsp,polyak-smoothed,1070,polyak-smoothed,1070,67371.715701767011,67372.516217834112,73682
/Users/a/Ayanami/code/TSP/data/classic/tsplib/pr152.tsp,polyak-smoothed,1071,polyak-smoothed,1071,67372.105163466476,67372.516217834112,73682
/Users/a/Ayanami/code/TSP/data/classic/tsplib/pr152.tsp,polyak-smoothed,1072,polyak-smoothed,1072,67372.232336301953,67372.516217834112,73682
/Users/a/Ayanami/code/TSP/data/classic/tsplib/pr152.tsp,polyak-smoothed,1073,polyak-smoothed,1073,67372.622841846794,67372.622841846794,73682
/Users/a/Ayanami/code/TSP/data/classic/tsplib/pr152.tsp,polyak-smoothed,1074,polyak-smoothed,1074,67371.850784940674,67372.622841846794,73682
/Users/a/Ayanami/code/TSP/data/classic/tsplib/pr152.tsp,polyak-smoothed,1075,polyak-smoothed,1075,67372.227582749765,67372.622841846794,73682
/Users/a/Ayanami/code/TSP/data/classic/tsplib/pr152.tsp,polyak-smoothed,1076,polyak-smoothed,1076,67372.258561889597,67372.622841846794,73682
/Users/a/Ayanami/code/TSP/data/classic/tsplib/pr152.tsp,polyak-smoothed,1077,polyak-smoothed,1077,67372.24173538835,67372.622841846794,73682
/Users/a/Ayanami/code/TSP/data/classic/tsplib/pr152.tsp,polyak-smoothed,1078,polyak-smoothed,1078,67372.383911361365,67372.622841846794,73682
/Users/a/Ayanami/code/TSP/data/classic/tsplib/pr152.tsp,polyak-smoothed,1079,polyak-smoothed,1079,67372.46697173029,67372.622841846794,73682
/Users/a/Ayanami/code/TSP/data/classic/tsplib/pr152.tsp,polyak-smoothed,1080,polyak-smoothed,1080,67372.101186814922,67372.622841846794,73682
/Users/a/Ayanami/code/TSP/data/classic/tsplib/pr152.tsp,polyak-smoothed,1081,polyak-smoothed,1081,67372.747433652097,67372.747433652097,73682
/Users/a/Ayanami/code/TSP/data/classic/tsplib/pr152.tsp,polyak-smoothed,1082,polyak-smoothed,1082,67372.054359275149,67372.747433652097,73682
/Users/a/Ayanami/code/TSP/data/classic/tsplib/pr152.tsp,polyak-smoothed,1083,polyak-smoothed,1083,67372.334666000141,67372.747433652097,73682
/Users/a/Ayanami/code/TSP/data/classic/tsplib/pr152.tsp,polyak-smoothed,1084,polyak-smoothed,1084,67372.705803369056,67372.747433652097,73682
/Users/a/Ayanami/code/TSP/data/classic/tsplib/pr152.tsp,polyak-smoothed,1085,polyak-smoothed,1085,67372.521675817756,67372.747433652097,73682
/Users/a/Ayanami/code/TSP/data/classic/tsplib/pr152.tsp,polyak-smoothed,1086,polyak-smoothed,1086,67372.507392108848,67372.747433652097,73682
/Users/a/Ayanami/code/TSP/data/classic/tsplib/pr152.tsp,polyak-smoothed,1087,polyak-smoothed,1087,67372.712513665901,67372.747433652097,73682
/Users/a/Ayanami/code/TSP/data/classic/tsplib/pr152.tsp,polyak-smoothed,1088,polyak-smoothed,1088,67372.448529557267,67372.747433652097,73682
/Users/a/Ayanami/code/TSP/data/classic/tsplib/pr152.tsp,polyak-smoothed,1089,polyak-smoothed,1089,67372.703623914378,67372.747433652097,73682
/Users/a/Ayanami/code/TSP/data/classic/tsplib/pr152.tsp,polyak-smoothed,1090,polyak-smoothed,1090,67372.240939562762,67372.747433652097,73682
/Users/a/Ayanami/code/TSP/data/classic/tsplib/pr152.tsp,polyak-smoothed,1091,polyak-smoothed,1091,67372.547080042757,67372.747433652097,73682
/Users/a/Ayanami/code/TSP/data/classic/tsplib/pr152.tsp,polyak-smoothed,1092,polyak-smoothed,1092,67372.609883266268,67372.747433652097,73682
/Users/a/Ayanami/code/TSP/data/classic/tsplib/pr152.tsp,polyak-smoothed,1093,polyak-smoothed,1093,67372.495488449233,67372.747433652097,73682
/Users/a/Ayanami/code/TSP/data/classic/tsplib/pr152.tsp,polyak-smoothed,1094,polyak-smoothed,1094,67372.838729528681,67372.838729528681,73682
/Users/a/Ayanami/code/TSP/data/classic/tsplib/pr152.tsp,polyak-smoothed,1095,polyak-smoothed,1095,67372.876520415113,67372.876520415113,73682
/Users/a/Ayanami/code/TSP/data/classic/tsplib/pr152.tsp,polyak-smoothed,1096,polyak-smoothed,1096,67372.925016071546,67372.925016071546,73682
/Users/a/Ayanami/code/TSP/data/classic/tsplib/pr152.tsp,polyak-smoothed,1097,polyak-smoothed,1097,67373.039270517489,67373.039270517489,73682
/Users/a/Ayanami/code/TSP/data/classic/tsplib/pr152.tsp,polyak-smoothed,1098,polyak-smoothed,1098,67372.886433481865,67373.039270517489,73682
/Users/a/Ayanami/code/TSP/data/classic/tsplib/pr152.tsp,polyak-smoothed,1099,polyak-smoothed,1099,67372.980478443962,67373.039270517489,73682
/Users/a/Ayanami/code/TSP/data/classic/tsplib/pr152.tsp,polyak-smoothed,1100,polyak-smoothed,1100,67372.73165659736,67373.039270517489,73682
/Users/a/Ayanami/code/TSP/data/classic/tsplib/pr152.tsp,polyak-smoothed,1101,polyak-smoothed,1101,67372.907205724769,67373.039270517489,73682
/Users/a/Ayanami/code/TSP/data/classic/tsplib/pr152.tsp,polyak-smoothed,1102,polyak-smoothed,1102,67373.06173996102,67373.06173996102,73682
/Users/a/Ayanami/code/TSP/data/classic/tsplib/pr152.tsp,polyak-smoothed,1103,polyak-smoothed,1103,67372.941247050287,67373.06173996102,73682
/Users/a/Ayanami/code/TSP/data/classic/tsplib/pr152.tsp,polyak-smoothed,1104,polyak-smoothed,1104,67373.026018591147,67373.06173996102,73682
/Users/a/Ayanami/code/TSP/data/classic/tsplib/pr152.tsp,polyak-smoothed,1105,polyak-smoothed,1105,67372.971398485708,67373.06173996102,73682
/Users/a/Ayanami/code/TSP/data/classic/tsplib/pr152.tsp,polyak-smoothed,1106,polyak-smoothed,1106,67372.959701363085,67373.06173996102,73682
/Users/a/Ayanami/code/TSP/data/classic/tsplib/pr152.tsp,polyak-smoothed,1107,polyak-smoothed,1107,67372.978803644248,67373.06173996102,73682
/Users/a/Ayanami/code/TSP/data/classic/tsplib/pr152.tsp,polyak-smoothed,1108,polyak-smoothed,1108,67373.041017603871,67373.06173996102,73682
/Users/a/Ayanami/code/TSP/data/classic/tsplib/pr152.tsp,polyak-smoothed,1109,polyak-smoothed,1109,67373.040563254195,67373.06173996102,73682
/Users/a/Ayanami/code/TSP/data/classic/tsplib/pr152.tsp,polyak-smoothed,1110,polyak-smoothed,1110,67373.09625394248,67373.09625394248,73682
/Users/a/Ayanami/code/TSP/data/classic/tsplib/pr152.tsp,polyak-smoothed,1111,polyak-smoothed,1111,67373.208769043165,67373.208769043165,73682
/Users/a/Ayanami/code/TSP/data/classic/tsplib/pr152.tsp,polyak-smoothed,1112,polyak-smoothed,1112,67372.774729108292,67373.208769043165,73682
/Users/a/Ayanami/code/TSP/data/classic/tsplib/pr152.tsp,polyak-smoothed,1113,polyak-smoothed,1113,67372.889016481902,67373.208769043165,73682
/Users/a/Ayanami/code/TSP/data/classic/tsplib/pr152.tsp,polyak-smoothed,1114,polyak-smoothed,1114,67373.144495047949,67373.208769043165,73682
/Users/a/Ayanami/code/TSP/data/classic/tsplib/pr152.tsp,polyak-smoothed,1115,polyak-smoothed,1115,67372.973330244378,67373.208769043165,73682
/Users/a/Ayanami/code/TSP/data/classic/tsplib/pr152.tsp,polyak-smoothed,1116,polyak-smoothed,1116,67373.162806362248,67373.208769043165,73682
/Users/a/Ayanami/code/TSP/data/classic/tsplib/pr152.tsp,polyak-smoothed,1117,polyak-smoothed,1117,67373.072021686239,67373.208769043165,73682
/Users/a/Ayanami/code/TSP/data/classic/tsplib/pr152.tsp,polyak-smoothed,1118,polyak-smoothed,1118,67373.166423025934,67373.208769043165,73682
/Users/a/Ayanami/code/TSP/data/classic/tsplib/pr152.tsp,polyak-smoothed,1119,polyak-smoothed,1119,67373.068476387867,67373.208769043165,73682
/Users/a/Ayanami/code/TSP/data/classic/tsplib/pr152.tsp,polyak-smoothed,1120,polyak-smoothed,1120,67373.089333573764,67373.208769043165,73682
/Users/a/Ayanami/code/TSP/data/classic/tsplib/pr152.tsp,polyak-smoothed,1121,polyak-smoothed,1121,67373.060531282856,67373.208769043165,73682
/Users/a/Ayanami/code/TSP/data/classic/tsplib/pr152.tsp,polyak-smoothed,1122,polyak-smoothed,1122,67373.173962493252,67373.208769043165,73682
/Users/a/Ayanami/code/TSP/data/classic/tsplib/pr152.tsp,polyak-smoothed,1123,polyak-smoothed,1123,67372.918964744589,67373.208769043165,73682
/Users/a/Ayanami/code/TSP/data/classic/tsplib/pr152.tsp,polyak-smoothed,1124,polyak-smoothed,1124,67373.097318718574,67373.208769043165,73682
/Users/a/Ayanami/code/TSP/data/classic/tsplib/pr152.tsp,polyak-smoothed,1125,polyak-smoothed,1125,67373.24809992424,67373.24809992424,73682
/Users/a/Ayanami/code/TSP/data/classic/tsplib/pr152.tsp,polyak-smoothed,1126,polyak-smoothed,1126,67373.255108554789,67373.255108554789,73682
/Users/a/Ayanami/code/TSP/data/classic/tsplib/pr152.tsp,polyak-smoothed,1127,polyak-smoothed,1127,67373.286547054857,67373.286547054857,73682
/Users/a/Ayanami/code/TSP/data/classic/tsplib/pr152.tsp,polyak-smoothed,1128,polyak-smoothed,1128,67373.246478103232,67373.286547054857,73682
/Users/a/Ayanami/code/TSP/data/classic/tsplib/pr152.tsp,polyak-smoothed,1129,polyak-smoothed,1129,67373.321666119984,67373.321666119984,73682
/Users/a/Ayanami/code/TSP/data/classic/tsplib/pr152.tsp,polyak-smoothed,1130,polyak-smoothed,1130,67373.274561659317,67373.321666119984,73682
/Users/a/Ayanami/code/TSP/data/classic/tsplib/pr152.tsp,polyak-smoothed,1131,polyak-smoothed,1131,67373.357306822363,67373.357306822363,73682
/Users/a/Ayanami/code/TSP/data/classic/tsplib/pr152.tsp,polyak-smoothed,1132,polyak-smoothed,1132,67373.310284017396,67373.357306822363,73682
/Users/a/Ayanami/code/TSP/data/classic/tsplib/pr152.tsp,polyak-smoothed,1133,polyak-smoothed,1133,67373.38370449061,67373.38370449061,73682
/Users/a/Ayanami/code/TSP/data/classic/tsplib/pr152.tsp,polyak-smoothed,1134,polyak-smoothed,1134,67373.173260091877,67373.38370449061,73682
/Users/a/Ayanami/code/TSP/data/classic/tsplib/pr152.tsp,polyak-smoothed,1135,polyak-smoothed,1135,67373.281374706727,67373.38370449061,73682
/Users/a/Ayanami/code/TSP/data/classic/tsplib/pr152.tsp,polyak-smoothed,1136,polyak-smoothed,1136,67373.352960512595,67373.38370449061,73682
/Users/a/Ayanami/code/TSP/data/classic/tsplib/pr152.tsp,polyak-smoothed,1137,polyak-smoothed,1137,67373.347877604305,67373.38370449061,73682
/Users/a/Ayanami/code/TSP/data/classic/tsplib/pr152.tsp,polyak-smoothed,1138,polyak-smoothed,1138,67373.371130676576,67373.38370449061,73682
/Users/a/Ayanami/code/TSP/data/classic/tsplib/pr152.tsp,polyak-smoothed,1139,polyak-smoothed,1139,67373.366432596536,67373.38370449061,73682
/Users/a/Ayanami/code/TSP/data/classic/tsplib/pr152.tsp,polyak-smoothed,1140,polyak-smoothed,1140,67373.381835564433,67373.38370449061,73682
/Users/a/Ayanami/code/TSP/data/classic/tsplib/pr152.tsp,polyak-smoothed,1141,polyak-smoothed,1141,67373.403524213223,67373.403524213223,73682
/Users/a/Ayanami/code/TSP/data/classic/tsplib/pr152.tsp,polyak-smoothed,1142,polyak-smoothed,1142,67373.392750447645,67373.403524213223,73682
/Users/a/Ayanami/code/TSP/data/classic/tsplib/pr152.tsp,polyak-smoothed,1143,polyak-smoothed,1143,67373.412669774203,67373.412669774203,73682
/Users/a/Ayanami/code/TSP/data/classic/tsplib/pr152.tsp,polyak-smoothed,1144,polyak-smoothed,1144,67373.437078060335,67373.437078060335,73682
/Users/a/Ayanami/code/TSP/data/classic/tsplib/pr152.tsp,polyak-smoothed,1145,polyak-smoothed,1145,67373.274277909106,67373.437078060335,73682
/Users/a/Ayanami/code/TSP/data/classic/tsplib/pr152.tsp,polyak-smoothed,1146,polyak-smoothed,1146,67373.394104242776,67373.437078060335,73682
/Users/a/Ayanami/code/TSP/data/classic/tsplib/pr152.tsp,polyak-smoothed,1147,polyak-smoothed,1147,67373.416655798428,67373.437078060335,73682
/Users/a/Ayanami/code/TSP/data/classic/tsplib/pr152.tsp,polyak-smoothed,1148,polyak-smoothed,1148,67373.387259827519,67373.437078060335,73682
/Users/a/Ayanami/code/TSP/data/classic/tsplib/pr152.tsp,polyak-smoothed,1149,polyak-smoothed,1149,67373.435972086532,67373.437078060335,73682
/Users/a/Ayanami/code/TSP/data/classic/tsplib/pr152.tsp,polyak-smoothed,1150,polyak-smoothed,1150,67373.431994169106,67373.437078060335,73682
/Users/a/Ayanami/code/TSP/data/classic/tsplib/pr152.tsp,polyak-smoothed,1151,polyak-smoothed,1151,67373.386158062218,67373.437078060335,73682
/Users/a/Ayanami/code/TSP/data/classic/tsplib/pr152.tsp,polyak-smoothed,1152,polyak-smoothed,1152,67373.42775823269,67373.437078060335,73682
/Users/a/Ayanami/code/TSP/data/classic/tsplib/pr152.tsp,polyak-smoothed,1153,polyak-smoothed,1153,67373.388818815598,67373.437078060335,73682
/Users/a/Ayanami/code/TSP/data/classic/tsplib/pr152.tsp,polyak-smoothed,1154,polyak-smoothed,1154,67373.399174071921,67373.437078060335,73682
/Users/a/Ayanami/code/TSP/data/classic/tsplib/pr152.tsp,polyak-smoothed,1155,polyak-smoothed,1155,67373.457335624931,67373.457335624931,73682
/Users/a/Ayanami/code/TSP/data/classic/tsplib/pr152.tsp,polyak-smoothed,1156,polyak-smoothed,1156,67373.397127781034,67373.457335624931,73682
/Users/a/Ayanami/code/TSP/data/classic/tsplib/pr152.tsp,polyak-smoothed,1157,polyak-smoothed,1157,67373.428826327217,67373.457335624931,73682
/Users/a/Ayanami/code/TSP/data/classic/tsplib/pr152.tsp,polyak-smoothed,1158,polyak-smoothed,1158,67373.46212762002,67373.46212762002,73682
/Users/a/Ayanami/code/TSP/data/classic/tsplib/pr152.tsp,polyak-smoothed,1159,polyak-smoothed,1159,67373.454372879729,67373.46212762002,73682
/Users/a/Ayanami/code/TSP/data/classic/tsplib/pr152.tsp,polyak-smoothed,1160,polyak-smoothed,1160,67373.416447756172,67373.46212762002,73682
/Users/a/Ayanami/code/TSP/data/classic/tsplib/pr152.tsp,polyak-smoothed,1161,polyak-smoothed,1161,67373.468344425986,67373.468344425986,73682
/Users/a/Ayanami/code/TSP/data/classic/tsplib/pr152.tsp,polyak-smoothed,1162,polyak-smoothed,1162,67373.482201349543,67373.482201349543,73682
/Users/a/Ayanami/code/TSP/data/classic/tsplib/pr152.tsp,polyak-smoothed,1163,polyak-smoothed,1163,67373.392746227648,67373.482201349543,73682
/Users/a/Ayanami/code/TSP/data/classic/tsplib/pr152.tsp,polyak-smoothed,1164,polyak-smoothed,1164,67373.467572140726,67373.482201349543,73682
/Users/a/Ayanami/code/TSP/data/classic/tsplib/pr152.tsp,polyak-smoothed,1165,polyak-smoothed,1165,67373.288193455432,67373.482201349543,73682
/Users/a/Ayanami/code/TSP/data/classic/tsplib/pr152.tsp,polyak-smoothed,1166,polyak-smoothed,1166,67373.424305079665,67373.482201349543,73682
/Users/a/Ayanami/code/TSP/data/classic/tsplib/pr152.tsp,polyak-smoothed,1167,polyak-smoothed,1167,67373.404012522777,67373.482201349543,73682
/Users/a/Ayanami/code/TSP/data/classic/tsplib/pr152.tsp,polyak-smoothed,1168,polyak-smoothed,1168,67373.486275570089,67373.486275570089,73682
/Users/a/Ayanami/code/TSP/data/classic/tsplib/pr152.tsp,polyak-smoothed,1169,polyak-smoothed,1169,67373.423964282978,67373.486275570089,73682
/Users/a/Ayanami/code/TSP/data/classic/tsplib/pr152.tsp,polyak-smoothed,1170,polyak-smoothed,1170,67373.47379490333,67373.486275570089,73682
/Users/a/Ayanami/code/TSP/data/classic/tsplib/pr152.tsp,polyak-smoothed,1171,polyak-smoothed,1171,67373.520210535571,67373.520210535571,73682
/Users/a/Ayanami/code/TSP/data/classic/tsplib/pr152.tsp,polyak-smoothed,1172,polyak-smoothed,1172,67373.463490377166,67373.520210535571,73682
/Users/a/Ayanami/code/TSP/data/classic/tsplib/pr152.tsp,polyak-smoothed,1173,polyak-smoothed,1173,67373.431853386166,67373.520210535571,73682
/Users/a/Ayanami/code/TSP/data/classic/tsplib/pr152.tsp,polyak-smoothed,1174,polyak-smoothed,1174,67373.500560430868,67373.520210535571,73682
/Users/a/Ayanami/code/TSP/data/classic/tsplib/pr152.tsp,polyak-smoothed,1175,polyak-smoothed,1175,67373.448496669953,67373.520210535571,73682
/Users/a/Ayanami/code/TSP/data/classic/tsplib/pr152.tsp,polyak-smoothed,1176,polyak-smoothed,1176,67373.441053373477,67373.520210535571,73682
/Users/a/Ayanami/code/TSP/data/classic/tsplib/pr152.tsp,polyak-smoothed,1177,polyak-smoothed,1177,67373.465369962942,67373.520210535571,73682
/Users/a/Ayanami/code/TSP/data/classic/tsplib/pr152.tsp,polyak-smoothed,1178,polyak-smoothed,1178,67373.530047329565,67373.530047329565,73682
/Users/a/Ayanami/code/TSP/data/classic/tsplib/pr152.tsp,polyak-smoothed,1179,polyak-smoothed,1179,67373.395085349388,67373.530047329565,73682
/Users/a/Ayanami/code/TSP/data/classic/tsplib/pr152.tsp,polyak-smoothed,1180,polyak-smoothed,1180,67373.554024964513,67373.554024964513,73682
/Users/a/Ayanami/code/TSP/data/classic/tsplib/pr152.tsp,polyak-smoothed,1181,polyak-smoothed,1181,67373.318541208035,67373.554024964513,73682
/Users/a/Ayanami/code/TSP/data/classic/tsplib/pr152.tsp,polyak-smoothed,1182,polyak-smoothed,1182,67373.474024139636,67373.554024964513,73682
/Users/a/Ayanami/code/TSP/data/classic/tsplib/pr152.tsp,polyak-smoothed,1183,polyak-smoothed,1183,67373.520883147256,67373.554024964513,73682
/Users/a/Ayanami/code/TSP/data/classic/tsplib/pr152.tsp,polyak-smoothed,1184,polyak-smoothed,1184,67373.535221394559,67373.554024964513,73682
/Users/a/Ayanami/code/TSP/data/classic/tsplib/pr152.tsp,polyak-smoothed,1185,polyak-smoothed,1185,67373.532679908138,67373.554024964513,73682
/Users/a/Ayanami/code/TSP/data/classic/tsplib/pr152.tsp,polyak-smoothed,1186,polyak-smoothed,1186,67373.533005292746,67373.554024964513,73682
/Users/a/Ayanami/code/TSP/data/classic/tsplib/pr152.tsp,polyak-smoothed,1187,polyak-smoothed,1187,67373.524900011093,67373.554024964513,73682
/Users/a/Ayanami/code/TSP/data/classic/tsplib/pr152.tsp,polyak-smoothed,1188,polyak-smoothed,1188,67373.587267749899,67373.587267749899,73682
/Users/a/Ayanami/code/TSP/data/classic/tsplib/pr152.tsp,polyak-smoothed,1189,polyak-smoothed,1189,67373.411959380886,67373.587267749899,73682
/Users/a/Ayanami/code/TSP/data/classic/tsplib/pr152.tsp,polyak-smoothed,1190,polyak-smoothed,1190,67373.47890999644,67373.587267749899,73682
/Users/a/Ayanami/code/TSP/data/classic/tsplib/pr152.tsp,polyak-smoothed,1191,polyak-smoothed,1191,67373.528722329807,67373.587267749899,73682
/Users/a/Ayanami/code/TSP/data/classic/tsplib/pr152.tsp,polyak-smoothed,1192,polyak-smoothed,1192,67373.531381786219,67373.587267749899,73682
/Users/a/Ayanami/code/TSP/data/classic/tsplib/pr152.tsp,polyak-smoothed,1193,polyak-smoothed,1193,67373.532040025486,67373.587267749899,73682
/Users/a/Ayanami/code/TSP/data/classic/tsplib/pr152.tsp,polyak-smoothed,1194,polyak-smoothed,1194,67373.586013219319,67373.587267749899,73682
/Users/a/Ayanami/code/TSP/data/classic/tsplib/pr152.tsp,polyak-smoothed,1195,polyak-smoothed,1195,67373.433823334766,67373.587267749899,73682
/Users/a/Ayanami/code/TSP/data/classic/tsplib/pr152.tsp,polyak-smoothed,1196,polyak-smoothed,1196,67373.565267056343,67373.587267749899,73682
/Users/a/Ayanami/code/TSP/data/classic/tsplib/pr152.tsp,polyak-smoothed,1197,polyak-smoothed,1197,67373.347546120596,67373.587267749899,73682
/Users/a/Ayanami/code/TSP/data/classic/tsplib/pr152.tsp,polyak-smoothed,1198,polyak-smoothed,1198,67373.497042835399,67373.587267749899,73682
/Users/a/Ayanami/code/TSP/data/classic/tsplib/pr152.tsp,polyak-smoothed,1199,polyak-smoothed,1199,67373.522758483959,67373.587267749899,73682
/Users/a/Ayanami/code/TSP/data/classic/tsplib/pr152.tsp,polyak-smoothed,1200,polyak-smoothed,1200,67373.617191351324,67373.617191351324,73682
/Users/a/Ayanami/code/TSP/data/classic/tsplib/pr152.tsp,polyak-smoothed,1201,polyak-smoothed,1201,67373.453819936578,67373.617191351324,73682
/Users/a/Ayanami/code/TSP/data/classic/tsplib/pr152.tsp,polyak-smoothed,1202,polyak-smoothed,1202,67373.562890458023,67373.617191351324,73682
/Users/a/Ayanami/code/TSP/data/classic/tsplib/pr152.tsp,polyak-smoothed,1203,polyak-smoothed,1203,67373.466196065012,67373.617191351324,73682
/Users/a/Ayanami/code/TSP/data/classic/tsplib/pr152.tsp,polyak-smoothed,1204,polyak-smoothed,1204,67373.537479236853,67373.617191351324,73682
/Users/a/Ayanami/code/TSP/data/classic/tsplib/pr152.tsp,polyak-smoothed,1205,polyak-smoothed,1205,67373.600151280276,67373.617191351324,73682
/Users/a/Ayanami/code/TSP/data/classic/tsplib/pr152.tsp,polyak-smoothed,1206,polyak-smoothed,1206,67373.626790508628,67373.626790508628,73682
/Users/a/Ayanami/code/TSP/data/classic/tsplib/pr152.tsp,polyak-smoothed,1207,polyak-smoothed,1207,67373.582487694453,67373.626790508628,73682
/Users/a/Ayanami/code/TSP/data/classic/tsplib/pr152.tsp,polyak-smoothed,1208,polyak-smoothed,1208,67373.601216345516,67373.626790508628,73682
/Users/a/Ayanami/code/TSP/data/classic/tsplib/pr152.tsp,polyak-smoothed,1209,polyak-smoothed,1209,67373.659984330006,67373.659984330006,73682
/Users/a/Ayanami/code/TSP/data/classic/tsplib/pr152.tsp,polyak-smoothed,1210,polyak-smoothed,1210,67373.579962737174,67373.659984330006,73682
/Users/a/Ayanami/code/TSP/data/classic/tsplib/pr152.tsp,polyak-smoothed,1211,polyak-smoothed,1211,67373.602016904915,67373.659984330006,73682
/Users/a/Ayanami/code/TSP/data/classic/tsplib/pr152.tsp,polyak-smoothed,1212,polyak-smoothed,1212,67373.642256091931,67373.659984330006,73682
/Users/a/Ayanami/code/TSP/data/classic/tsplib/pr152.tsp,polyak-smoothed,1213,polyak-smoothed,1213,67373.61191917902,67373.659984330006,73682
/Users/a/Ayanami/code/TSP/data/classic/tsplib/pr152.tsp,polyak-smoothed,1214,polyak-smoothed,1214,67373.681984028459,67373.681984028459,73682
/Users/a/Ayanami/code/TSP/data/classic/tsplib/pr152.tsp,polyak-smoothed,1215,polyak-smoothed,1215,67373.52155872641,67373.681984028459,73682
/Users/a/Ayanami/code/TSP/data/classic/tsplib/pr152.tsp,polyak-smoothed,1216,polyak-smoothed,1216,67373.620451242852,67373.681984028459,73682
/Users/a/Ayanami/code/TSP/data/classic/tsplib/pr152.tsp,polyak-smoothed,1217,polyak-smoothed,1217,67373.577120700706,67373.681984028459,73682
/Users/a/Ayanami/code/TSP/data/classic/tsplib/pr152.tsp,polyak-smoothed,1218,polyak-smoothed,1218,67373.660076914006,67373.681984028459,73682
/Users/a/Ayanami/code/TSP/data/classic/tsplib/pr152.tsp,polyak-smoothed,1219,polyak-smoothed,1219,67373.523401563041,67373.681984028459,73682
/Users/a/Ayanami/code/TSP/data/classic/tsplib/pr152.tsp,polyak-smoothed,1220,polyak-smoothed,1220,67373.599373351943,67373.681984028459,73682
/Users/a/Ayanami/code/TSP/data/classic/tsplib/pr152.tsp,polyak-smoothed,1221,polyak-smoothed,1221,67373.652383345645,67373.681984028459,73682
/Users/a/Ayanami/code/TSP/data/classic/tsplib/pr152.tsp,polyak-smoothed,1222,polyak-smoothed,1222,67373.701370204231,67373.701370204231,73682
/Users/a/Ayanami/code/TSP/data/classic/tsplib/pr152.tsp,polyak-smoothed,1223,polyak-smoothed,1223,67373.541500926352,67373.701370204231,73682
/Users/a/Ayanami/code/TSP/data/classic/tsplib/pr152.tsp,polyak-smoothed,1224,polyak-smoothed,1224,67373.662108668257,67373.701370204231,73682
/Users/a/Ayanami/code/TSP/data/classic/tsplib/pr152.tsp,polyak-smoothed,1225,polyak-smoothed,1225,67373.562661873919,67373.701370204231,73682
/Users/a/Ayanami/code/TSP/data/classic/tsplib/pr152.tsp,polyak-smoothed,1226,polyak-smoothed,1226,67373.628106873235,67373.701370204231,73682
/Users/a/Ayanami/code/TSP/data/classic/tsplib/pr152.tsp,polyak-smoothed,1227,polyak-smoothed,1227,67373.625264372007,67373.701370204231,73682
/Users/a/Ayanami/code/TSP/data/classic/tsplib/pr152.tsp,polyak-smoothed,1228,polyak-smoothed,1228,67373.676505085401,67373.701370204231,73682
/Users/a/Ayanami/code/TSP/data/classic/tsplib/pr152.tsp,polyak-smoothed,1229,polyak-smoothed,1229,67373.692654578233,67373.701370204231,73682
/Users/a/Ayanami/code/TSP/data/classic/tsplib/pr152.tsp,polyak-smoothed,1230,polyak-smoothed,1230,67373.612594126127,67373.701370204231,73682
/Users/a/Ayanami/code/TSP/data/classic/tsplib/pr152.tsp,polyak-smoothed,1231,polyak-smoothed,1231,67373.673460767415,67373.701370204231,73682
/Users/a/Ayanami/code/TSP/data/classic/tsplib/pr152.tsp,polyak-smoothed,1232,polyak-smoothed,1232,67373.602885568107,67373.701370204231,73682
/Users/a/Ayanami/code/TSP/data/classic/tsplib/pr152.tsp,polyak-smoothed,1233,polyak-smoothed,1233,67373.663005979921,67373.701370204231,73682
/Users/a/Ayanami/code/TSP/data/classic/tsplib/pr152.tsp,polyak-smoothed,1234,polyak-smoothed,1234,67373.690127192385,67373.701370204231,73682
/Users/a/Ayanami/code/TSP/data/classic/tsplib/pr152.tsp,polyak-smoothed,1235,polyak-smoothed,1235,67373.69467648842,67373.701370204231,73682
/Users/a/Ayanami/code/TSP/data/classic/tsplib/pr152.tsp,polyak-smoothed,1236,polyak-smoothed,1236,67373.739982714527,67373.739982714527,73682
/Users/a/Ayanami/code/TSP/data/classic/tsplib/pr152.tsp,polyak-smoothed,1237,polyak-smoothed,1237,67373.72118378013,67373.739982714527,73682
/Users/a/Ayanami/code/TSP/data/classic/tsplib/pr152.tsp,polyak-smoothed,1238,polyak-smoothed,1238,67373.743856552552,67373.743856552552,73682
/Users/a/Ayanami/code/TSP/data/classic/tsplib/pr152.tsp,polyak-smoothed,1239,polyak-smoothed,1239,67373.752082635168,67373.752082635168,73682
/Users/a/Ayanami/code/TSP/data/classic/tsplib/pr152.tsp,polyak-smoothed,1240,polyak-smoothed,1240,67373.760484420476,67373.760484420476,73682
/Users/a/Ayanami/code/TSP/data/classic/tsplib/pr152.tsp,polyak-smoothed,1241,polyak-smoothed,1241,67373.785232476686,67373.785232476686,73682
/Users/a/Ayanami/code/TSP/data/classic/tsplib/pr152.tsp,polyak-smoothed,1242,polyak-smoothed,1242,67373.621586509573,67373.785232476686,73682
/Users/a/Ayanami/code/TSP/data/classic/tsplib/pr152.tsp,polyak-smoothed,1243,polyak-smoothed,1243,67373.68245021101,67373.785232476686,73682
/Users/a/Ayanami/code/TSP/data/classic/tsplib/pr152.tsp,polyak-smoothed,1244,polyak-smoothed,1244,67373.765154292516,67373.785232476686,73682
/Users/a/Ayanami/code/TSP/data/classic/tsplib/pr152.tsp,polyak-smoothed,1245,polyak-smoothed,1245,67373.749455583747,67373.785232476686,73682
/Users/a/Ayanami/code/TSP/data/classic/tsplib/pr152.tsp,polyak-smoothed,1246,polyak-smoothed,1246,67373.778790408061,67373.785232476686,73682
/Users/a/Ayanami/code/TSP/data/classic/tsplib/pr152.tsp,polyak-smoothed,1247,polyak-smoothed,1247,67373.675018426933,67373.785232476686,73682
/Users/a/Ayanami/code/TSP/data/classic/tsplib/pr152.tsp,polyak-smoothed,1248,polyak-smoothed,1248,67373.746622774474,67373.785232476686,73682
/Users/a/Ayanami/code/TSP/data/classic/tsplib/pr152.tsp,polyak-smoothed,1249,polyak-smoothed,1249,67373.746151659725,67373.785232476686,73682
/Users/a/Ayanami/code/TSP/data/classic/tsplib/pr152.tsp,polyak-smoothed,1250,polyak-smoothed,1250,67373.768246890264,67373.785232476686,73682
/Users/a/Ayanami/code/TSP/data/classic/tsplib/pr152.tsp,polyak-smoothed,1251,polyak-smoothed,1251,67373.782055376447,67373.785232476686,73682
/Users/a/Ayanami/code/TSP/data/classic/tsplib/pr152.tsp,polyak-smoothed,1252,polyak-smoothed,1252,67373.771814721709,67373.785232476686,73682
/Users/a/Ayanami/code/TSP/data/classic/tsplib/pr152.tsp,polyak-smoothed,1253,polyak-smoothed,1253,67373.757396724177,67373.785232476686,73682
/Users/a/Ayanami/code/TSP/data/classic/tsplib/pr152.tsp,polyak-smoothed,1254,polyak-smoothed,1254,67373.798582258183,67373.798582258183,73682
/Users/a/Ayanami/code/TSP/data/classic/tsplib/pr152.tsp,polyak-smoothed,1255,polyak-smoothed,1255,67373.82320701117,67373.82320701117,73682
/Users/a/Ayanami/code/TSP/data/classic/tsplib/pr152.tsp,polyak-smoothed,1256,polyak-smoothed,1256,67373.805662741957,67373.82320701117,73682
/Users/a/Ayanami/code/TSP/data/classic/tsplib/pr152.tsp,polyak-smoothed,1257,polyak-smoothed,1257,67373.828154603092,67373.828154603092,73682
/Users/a/Ayanami/code/TSP/data/classic/tsplib/pr152.tsp,polyak-smoothed,1258,polyak-smoothed,1258,67373.803740927542,67373.828154603092,73682
/Users/a/Ayanami/code/TSP/data/classic/tsplib/pr152.tsp,polyak-smoothed,1259,polyak-smoothed,1259,67373.829276753546,67373.829276753546,73682
/Users/a/Ayanami/code/TSP/data/classic/tsplib/pr152.tsp,polyak-smoothed,1260,polyak-smoothed,1260,67373.821565627397,67373.829276753546,73682
/Users/a/Ayanami/code/TSP/data/classic/tsplib/pr152.tsp,polyak-smoothed,1261,polyak-smoothed,1261,67373.825658262271,67373.829276753546,73682
/Users/a/Ayanami/code/TSP/data/classic/tsplib/pr152.tsp,polyak-smoothed,1262,polyak-smoothed,1262,67373.830637184656,67373.830637184656,73682
/Users/a/Ayanami/code/TSP/data/classic/tsplib/pr152.tsp,polyak-smoothed,1263,polyak-smoothed,1263,67373.833020559498,67373.833020559498,73682
/Users/a/Ayanami/code/TSP/data/classic/tsplib/pr152.tsp,polyak-smoothed,1264,polyak-smoothed,1264,67373.839973256574,67373.839973256574,73682
/Users/a/Ayanami/code/TSP/data/classic/tsplib/pr152.tsp,polyak-smoothed,1265,polyak-smoothed,1265,67373.83243207635,67373.839973256574,73682
/Users/a/Ayanami/code/TSP/data/classic/tsplib/pr152.tsp,polyak-smoothed,1266,polyak-smoothed,1266,67373.839855539496,67373.839973256574,73682
/Users/a/Ayanami/code/TSP/data/classic/tsplib/pr152.tsp,polyak-smoothed,1267,polyak-smoothed,1267,67373.834753930932,67373.839973256574,73682
/Users/a/Ayanami/code/TSP/data/classic/tsplib/pr152.tsp,polyak-smoothed,1268,polyak-smoothed,1268,67373.845483206998,67373.845483206998,73682
/Users/a/Ayanami/code/TSP/data/classic/tsplib/pr152.tsp,polyak-smoothed,1269,polyak-smoothed,1269,67373.845627431496,67373.845627431496,73682
/Users/a/Ayanami/code/TSP/data/classic/tsplib/pr152.tsp,polyak-smoothed,1270,polyak-smoothed,1270,67373.842098494235,67373.845627431496,73682
/Users/a/Ayanami/code/TSP/data/classic/tsplib/pr152.tsp,polyak-smoothed,1271,polyak-smoothed,1271,67373.850904095234,67373.850904095234,73682
/Users/a/Ayanami/code/TSP/data/classic/tsplib/pr152.tsp,polyak-smoothed,1272,polyak-smoothed,1272,67373.846504653469,67373.850904095234,73682
/Users/a/Ayanami/code/TSP/data/classic/tsplib/pr152.tsp,polyak-smoothed,1273,polyak-smoothed,1273,67373.856051754672,67373.856051754672,73682
/Users/a/Ayanami/code/TSP/data/classic/tsplib/pr152.tsp,polyak-smoothed,1274,polyak-smoothed,1274,67373.835543781621,67373.856051754672,73682
/Users/a/Ayanami/code/TSP/data/classic/tsplib/pr152.tsp,polyak-smoothed,1275,polyak-smoothed,1275,67373.848858839177,67373.856051754672,73682
/Users/a/Ayanami/code/TSP/data/classic/tsplib/pr152.tsp,polyak-smoothed,1276,polyak-smoothed,1276,67373.860674819487,67373.860674819487,73682
/Users/a/Ayanami/code/TSP/data/classic/tsplib/pr152.tsp,polyak-smoothed,1277,polyak-smoothed,1277,67373.838702161695,67373.860674819487,73682
/Users/a/Ayanami/code/TSP/data/classic/tsplib/pr152.tsp,polyak-smoothed,1278,polyak-smoothed,1278,67373.867695457651,67373.867695457651,73682
/Users/a/Ayanami/code/TSP/data/classic/tsplib/pr152.tsp,polyak-smoothed,1279,polyak-smoothed,1279,67373.807457599571,67373.867695457651,73682
/Users/a/Ayanami/code/TSP/data/classic/tsplib/pr152.tsp,polyak-smoothed,1280,polyak-smoothed,1280,67373.838254346527,67373.867695457651,73682
/Users/a/Ayanami/code/TSP/data/classic/tsplib/pr152.tsp,polyak-smoothed,1281,polyak-smoothed,1281,67373.859820715865,67373.867695457651,73682
/Users/a/Ayanami/code/TSP/data/classic/tsplib/pr152.tsp,polyak-smoothed,1282,polyak-smoothed,1282,67373.848105298384,67373.867695457651,73682
/Users/a/Ayanami/code/TSP/data/classic/tsplib/pr152.tsp,polyak-smoothed,1283,polyak-smoothed,1283,67373.850954673777,67373.867695457651,73682
/Users/a/Ayanami/code/TSP/data/classic/tsplib/pr152.tsp,polyak-smoothed,1284,polyak-smoothed,1284,67373.871353133974,67373.871353133974,73682
/Users/a/Ayanami/code/TSP/data/classic/tsplib/pr152.tsp,polyak-smoothed,1285,polyak-smoothed,1285,67373.87322056602,67373.87322056602,73682
/Users/a/Ayanami/code/TSP/data/classic/tsplib/pr152.tsp,polyak-smoothed,1286,polyak-smoothed,1286,67373.825005326973,67373.87322056602,73682
/Users/a/Ayanami/code/TSP/data/classic/tsplib/pr152.tsp,polyak-smoothed,1287,polyak-smoothed,1287,67373.867569600654,67373.87322056602,73682
/Users/a/Ayanami/code/TSP/data/classic/tsplib/pr152.tsp,polyak-smoothed,1288,polyak-smoothed,1288,67373.84472084773,67373.87322056602,73682
/Users/a/Ayanami/code/TSP/data/classic/tsplib/pr152.tsp,polyak-smoothed,1289,polyak-smoothed,1289,67373.863920423115,67373.87322056602,73682
/Users/a/Ayanami/code/TSP/data/classic/tsplib/pr152.tsp,polyak-smoothed,1290,polyak-smoothed,1290,67373.869713004751,67373.87322056602,73682
/Users/a/Ayanami/code/TSP/data/classic/tsplib/pr152.tsp,polyak-smoothed,1291,polyak-smoothed,1291,67373.869398043549,67373.87322056602,73682
/Users/a/Ayanami/code/TSP/data/classic/tsplib/pr152.tsp,polyak-smoothed,1292,polyak-smoothed,1292,67373.873652380003,67373.873652380003,73682
/Users/a/Ayanami/code/TSP/data/classic/tsplib/pr152.tsp,polyak-smoothed,1293,polyak-smoothed,1293,67373.85208645706,67373.873652380003,73682
/Users/a/Ayanami/code/TSP/data/classic/tsplib/pr152.tsp,polyak-smoothed,1294,polyak-smoothed,1294,67373.869173869971,67373.873652380003,73682
/Users/a/Ayanami/code/TSP/data/classic/tsplib/pr152.tsp,polyak-smoothed,1295,polyak-smoothed,1295,67373.878008317304,67373.878008317304,73682
/Users/a/Ayanami/code/TSP/data/classic/tsplib/pr152.tsp,polyak-smoothed,1296,polyak-smoothed,1296,67373.859531867827,67373.878008317304,73682
/Users/a/Ayanami/code/TSP/data/classic/tsplib/pr152.tsp,polyak-smoothed,1297,polyak-smoothed,1297,67373.864136423654,67373.878008317304,73682
/Users/a/Ayanami/code/TSP/data/classic/tsplib/pr152.tsp,polyak-smoothed,1298,polyak-smoothed,1298,67373.886328900509,67373.886328900509,73682
/Users/a/Ayanami/code/TSP/data/classic/tsplib/pr152.tsp,polyak-smoothed,1299,polyak-smoothed,1299,67373.857409811171,67373.886328900509,73682
/Users/a/Ayanami/code/TSP/data/classic/tsplib/pr152.tsp,polyak-smoothed,1300,polyak-smoothed,1300,67373.879247386998,67373.886328900509,73682
/Users/a/Ayanami/code/TSP/data/classic/tsplib/pr152.tsp,polyak-smoothed,1301,polyak-smoothed,1301,67373.833564983681,67373.886328900509,73682
/Users/a/Ayanami/code/TSP/data/classic/tsplib/pr152.tsp,polyak-smoothed,1302,polyak-smoothed,1302,67373.860774057874,67373.886328900509,73682
/Users/a/Ayanami/code/TSP/data/classic/tsplib/pr152.tsp,polyak-smoothed,1303,polyak-smoothed,1303,67373.871237246596,67373.886328900509,73682
/Users/a/Ayanami/code/TSP/data/classic/tsplib/pr152.tsp,polyak-smoothed,1304,polyak-smoothed,1304,67373.888682482808,67373.888682482808,73682
/Users/a/Ayanami/code/TSP/data/classic/tsplib/pr152.tsp,polyak-smoothed,1305,polyak-smoothed,1305,67373.849161624239,67373.888682482808,73682
/Users/a/Ayanami/code/TSP/data/classic/tsplib/pr152.tsp,polyak-smoothed,1306,polyak-smoothed,1306,67373.875974693146,67373.888682482808,73682
/Users/a/Ayanami/code/TSP/data/classic/tsplib/pr152.tsp,polyak-smoothed,1307,polyak-smoothed,1307,67373.857236298019,67373.888682482808,73682
/Users/a/Ayanami/code/TSP/data/classic/tsplib/pr152.tsp,polyak-smoothed,1308,polyak-smoothed,1308,67373.88530246343,67373.888682482808,73682
/Users/a/Ayanami/code/TSP/data/classic/tsplib/pr152.tsp,polyak-smoothed,1309,polyak-smoothed,1309,67373.860392961724,67373.888682482808,73682
/Users/a/Ayanami/code/TSP/data/classic/tsplib/pr152.tsp,polyak-smoothed,1310,polyak-smoothed,1310,67373.85968632513,67373.888682482808,73682
/Users/a/Ayanami/code/TSP/data/classic/tsplib/pr152.tsp,polyak-smoothed,1311,polyak-smoothed,1311,67373.887135928569,67373.888682482808,73682
/Users/a/Ayanami/code/TSP/data/classic/tsplib/pr152.tsp,polyak-smoothed,1312,polyak-smoothed,1312,67373.858623090433,67373.888682482808,73682
/Users/a/Ayanami/code/TSP/data/classic/tsplib/pr152.tsp,polyak-smoothed,1313,polyak-smoothed,1313,67373.885235258567,67373.888682482808,73682
/Users/a/Ayanami/code/TSP/data/classic/tsplib/pr152.tsp,polyak-smoothed,1314,polyak-smoothed,1314,67373.881987733286,67373.888682482808,73682
/Users/a/Ayanami/code/TSP/data/classic/tsplib/pr152.tsp,polyak-smoothed,1315,polyak-smoothed,1315,67373.897617254683,67373.897617254683,73682
/Users/a/Ayanami/code/TSP/data/classic/tsplib/pr152.tsp,polyak-smoothed,1316,polyak-smoothed,1316,67373.88445731769,67373.897617254683,73682
/Users/a/Ayanami/code/TSP/data/classic/tsplib/pr152.tsp,polyak-smoothed,1317,polyak-smoothed,1317,67373.888135550151,67373.897617254683,73682
/Users/a/Ayanami/code/TSP/data/classic/tsplib/pr152.tsp,polyak-smoothed,1318,polyak-smoothed,1318,67373.894297959254,67373.897617254683,73682
/Users/a/Ayanami/code/TSP/data/classic/tsplib/pr152.tsp,polyak-smoothed,1319,polyak-smoothed,1319,67373.881456840783,67373.897617254683,73682
/Users/a/Ayanami/code/TSP/data/classic/tsplib/pr152.tsp,polyak-smoothed,1320,polyak-smoothed,1320,67373.898784930003,67373.898784930003,73682
/Users/a/Ayanami/code/TSP/data/classic/tsplib/pr152.tsp,polyak-smoothed,1321,polyak-smoothed,1321,67373.876575184113,67373.898784930003,73682
/Users/a/Ayanami/code/TSP/data/classic/tsplib/pr152.tsp,polyak-smoothed,1322,polyak-smoothed,1322,67373.87484136899,67373.898784930003,73682
/Users/a/Ayanami/code/TSP/data/classic/tsplib/pr152.tsp,polyak-smoothed,1323,polyak-smoothed,1323,67373.898926437556,67373.898926437556,73682
/Users/a/Ayanami/code/TSP/data/classic/tsplib/pr152.tsp,polyak-smoothed,1324,polyak-smoothed,1324,67373.886984245692,67373.898926437556,73682
/Users/a/Ayanami/code/TSP/data/classic/tsplib/pr152.tsp,polyak-smoothed,1325,polyak-smoothed,1325,67373.903226642171,67373.903226642171,73682
/Users/a/Ayanami/code/TSP/data/classic/tsplib/pr152.tsp,polyak-smoothed,1326,polyak-smoothed,1326,67373.837891056915,67373.903226642171,73682
/Users/a/Ayanami/code/TSP/data/classic/tsplib/pr152.tsp,polyak-smoothed,1327,polyak-smoothed,1327,67373.890998509916,67373.903226642171,73682
/Users/a/Ayanami/code/TSP/data/classic/tsplib/pr152.tsp,polyak-smoothed,1328,polyak-smoothed,1328,67373.892108585133,67373.903226642171,73682
/Users/a/Ayanami/code/TSP/data/classic/tsplib/pr152.tsp,polyak-smoothed,1329,polyak-smoothed,1329,67373.879887936491,67373.903226642171,73682
/Users/a/Ayanami/code/TSP/data/classic/tsplib/pr152.tsp,polyak-smoothed,1330,polyak-smoothed,1330,67373.901275381853,67373.903226642171,73682
/Users/a/Ayanami/code/TSP/data/classic/tsplib/pr152.tsp,polyak-smoothed,1331,polyak-smoothed,1331,67373.900651202552,67373.903226642171,73682
/Users/a/Ayanami/code/TSP/data/classic/tsplib/pr152.tsp,polyak-smoothed,1332,polyak-smoothed,1332,67373.901208078678,67373.903226642171,73682
/Users/a/Ayanami/code/TSP/data/classic/tsplib/pr152.tsp,polyak-smoothed,1333,polyak-smoothed,1333,67373.897027642728,67373.903226642171,73682
/Users/a/Ayanami/code/TSP/data/classic/tsplib/pr152.tsp,polyak-smoothed,1334,polyak-smoothed,1334,67373.91244998129,67373.91244998129,73682
/Users/a/Ayanami/code/TSP/data/classic/tsplib/pr152.tsp,polyak-smoothed,1335,polyak-smoothed,1335,67373.899305534898,67373.91244998129,73682
/Users/a/Ayanami/code/TSP/data/classic/tsplib/pr152.tsp,polyak-smoothed,1336,polyak-smoothed,1336,67373.889431751566,67373.91244998129,73682
/Users/a/Ayanami/code/TSP/data/classic/tsplib/pr152.tsp,polyak-smoothed,1337,polyak-smoothed,1337,67373.893745049543,67373.91244998129,73682
/Users/a/Ayanami/code/TSP/data/classic/tsplib/pr152.tsp,polyak-smoothed,1338,polyak-smoothed,1338,67373.905362734105,67373.91244998129,73682
/Users/a/Ayanami/code/TSP/data/classic/tsplib/pr152.tsp,polyak-smoothed,1339,polyak-smoothed,1339,67373.897690844577,67373.91244998129,73682
/Users/a/Ayanami/code/TSP/data/classic/tsplib/pr152.tsp,polyak-smoothed,1340,polyak-smoothed,1340,67373.910786244916,67373.91244998129,73682
/Users/a/Ayanami/code/TSP/data/classic/tsplib/pr152.tsp,polyak-smoothed,1341,polyak-smoothed,1341,67373.914201644584,67373.914201644584,73682
/Users/a/Ayanami/code/TSP/data/classic/tsplib/pr152.tsp,polyak-smoothed,1342,polyak-smoothed,1342,67373.893133284408,67373.914201644584,73682
/Users/a/Ayanami/code/TSP/data/classic/tsplib/pr152.tsp,polyak-smoothed,1343,polyak-smoothed,1343,67373.908245068858,67373.914201644584,73682
/Users/a/Ayanami/code/TSP/data/classic/tsplib/pr152.tsp,polyak-smoothed,1344,polyak-smoothed,1344,67373.901590127833,67373.914201644584,73682
/Users/a/Ayanami/code/TSP/data/classic/tsplib/pr152.tsp,polyak-smoothed,1345,polyak-smoothed,1345,67373.90518553491,67373.914201644584,73682
/Users/a/Ayanami/code/TSP/data/classic/tsplib/pr152.tsp,polyak-smoothed,1346,polyak-smoothed,1346,67373.918462555172,67373.918462555172,73682
/Users/a/Ayanami/code/TSP/data/classic/tsplib/pr152.tsp,polyak-smoothed,1347,polyak-smoothed,1347,67373.900954562181,67373.918462555172,73682
/Users/a/Ayanami/code/TSP/data/classic/tsplib/pr152.tsp,polyak-smoothed,1348,polyak-smoothed,1348,67373.915880393863,67373.918462555172,73682
/Users/a/Ayanami/code/TSP/data/classic/tsplib/pr152.tsp,polyak-smoothed,1349,polyak-smoothed,1349,67373.909439626528,67373.918462555172,73682
/Users/a/Ayanami/code/TSP/data/classic/tsplib/pr152.tsp,polyak-smoothed,1350,polyak-smoothed,1350,67373.926013744145,67373.926013744145,73682
/Users/a/Ayanami/code/TSP/data/classic/tsplib/pr152.tsp,polyak-smoothed,1351,polyak-smoothed,1351,67373.909677747812,67373.926013744145,73682
/Users/a/Ayanami/code/TSP/data/classic/tsplib/pr152.tsp,polyak-smoothed,1352,polyak-smoothed,1352,67373.913748245453,67373.926013744145,73682
/Users/a/Ayanami/code/TSP/data/classic/tsplib/pr152.tsp,polyak-smoothed,1353,polyak-smoothed,1353,67373.897057012451,67373.926013744145,73682
/Users/a/Ayanami/code/TSP/data/classic/tsplib/pr152.tsp,polyak-smoothed,1354,polyak-smoothed,1354,67373.92462041181,67373.926013744145,73682
/Users/a/Ayanami/code/TSP/data/classic/tsplib/pr152.tsp,polyak-smoothed,1355,polyak-smoothed,1355,67373.887633226739,67373.926013744145,73682
/Users/a/Ayanami/code/TSP/data/classic/tsplib/pr152.tsp,polyak-smoothed,1356,polyak-smoothed,1356,67373.916514758836,67373.926013744145,73682
/Users/a/Ayanami/code/TSP/data/classic/tsplib/pr152.tsp,polyak-smoothed,1357,polyak-smoothed,1357,67373.909945671898,67373.926013744145,73682
/Users/a/Ayanami/code/TSP/data/classic/tsplib/pr152.tsp,polyak-smoothed,1358,polyak-smoothed,1358,67373.91428279251,67373.926013744145,73682
/Users/a/Ayanami/code/TSP/data/classic/tsplib/pr152.tsp,polyak-smoothed,1359,polyak-smoothed,1359,67373.933994236941,67373.933994236941,73682
/Users/a/Ayanami/code/TSP/data/classic/tsplib/pr152.tsp,polyak-smoothed,1360,polyak-smoothed,1360,67373.855092052327,67373.933994236941,73682
/Users/a/Ayanami/code/TSP/data/classic/tsplib/pr152.tsp,polyak-smoothed,1361,polyak-smoothed,1361,67373.902121392981,67373.933994236941,73682
/Users/a/Ayanami/code/TSP/data/classic/tsplib/pr152.tsp,polyak-smoothed,1362,polyak-smoothed,1362,67373.898774821282,67373.933994236941,73682
/Users/a/Ayanami/code/TSP/data/classic/tsplib/pr152.tsp,polyak-smoothed,1363,polyak-smoothed,1363,67373.918069628009,67373.933994236941,73682
/Users/a/Ayanami/code/TSP/data/classic/tsplib/pr152.tsp,polyak-smoothed,1364,polyak-smoothed,1364,67373.907890010843,67373.933994236941,73682
/Users/a/Ayanami/code/TSP/data/classic/tsplib/pr152.tsp,polyak-smoothed,1365,polyak-smoothed,1365,67373.925061005182,67373.933994236941,73682
/Users/a/Ayanami/code/TSP/data/classic/tsplib/pr152.tsp,polyak-smoothed,1366,polyak-smoothed,1366,67373.909998152274,67373.933994236941,73682
/Users/a/Ayanami/code/TSP/data/classic/tsplib/pr152.tsp,polyak-smoothed,1367,polyak-smoothed,1367,67373.930398645694,67373.933994236941,73682
/Users/a/Ayanami/code/TSP/data/classic/tsplib/pr152.tsp,polyak-smoothed,1368,polyak-smoothed,1368,67373.911365582317,67373.933994236941,73682
/Users/a/Ayanami/code/TSP/data/classic/tsplib/pr152.tsp,polyak-smoothed,1369,polyak-smoothed,1369,67373.910768737813,67373.933994236941,73682
/Users/a/Ayanami/code/TSP/data/classic/tsplib/pr152.tsp,polyak-smoothed,1370,polyak-smoothed,1370,67373.935710726189,67373.935710726189,73682
/Users/a/Ayanami/code/TSP/data/classic/tsplib/pr152.tsp,polyak-smoothed,1371,polyak-smoothed,1371,67373.925069405654,67373.935710726189,73682
/Users/a/Ayanami/code/TSP/data/classic/tsplib/pr152.tsp,polyak-smoothed,1372,polyak-smoothed,1372,67373.928514850806,67373.935710726189,73682
/Users/a/Ayanami/code/TSP/data/classic/tsplib/pr152.tsp,polyak-smoothed,1373,polyak-smoothed,1373,67373.930279846405,67373.935710726189,73682
/Users/a/Ayanami/code/TSP/data/classic/tsplib/pr152.tsp,polyak-smoothed,1374,polyak-smoothed,1374,67373.923261854259,67373.935710726189,73682
/Users/a/Ayanami/code/TSP/data/classic/tsplib/pr152.tsp,polyak-smoothed,1375,polyak-smoothed,1375,67373.949668095884,67373.949668095884,73682
/Users/a/Ayanami/code/TSP/data/classic/tsplib/pr152.tsp,polyak-smoothed,1376,polyak-smoothed,1376,67373.884503935755,67373.949668095884,73682
/Users/a/Ayanami/code/TSP/data/classic/tsplib/pr152.tsp,polyak-smoothed,1377,polyak-smoothed,1377,67373.92226150872,67373.949668095884,73682
/Users/a/Ayanami/code/TSP/data/classic/tsplib/pr152.tsp,polyak-smoothed,1378,polyak-smoothed,1378,67373.925936834145,67373.949668095884,73682
/Users/a/Ayanami/code/TSP/data/classic/tsplib/pr152.tsp,polyak-smoothed,1379,polyak-smoothed,1379,67373.931880751741,67373.949668095884,73682
/Users/a/Ayanami/code/TSP/data/classic/tsplib/pr152.tsp,polyak-smoothed,1380,polyak-smoothed,1380,67373.945498166911,67373.949668095884,73682
/Users/a/Ayanami/code/TSP/data/classic/tsplib/pr152.tsp,polyak-smoothed,1381,polyak-smoothed,1381,67373.89621966175,67373.949668095884,73682
/Users/a/Ayanami/code/TSP/data/classic/tsplib/pr152.tsp,polyak-smoothed,1382,polyak-smoothed,1382,67373.939077555318,67373.949668095884,73682
/Users/a/Ayanami/code/TSP/data/classic/tsplib/pr152.tsp,polyak-smoothed,1383,polyak-smoothed,1383,67373.922245791211,67373.949668095884,73682
/Users/a/Ayanami/code/TSP/data/classic/tsplib/pr152.tsp,polyak-smoothed,1384,polyak-smoothed,1384,67373.949253031984,67373.949668095884,73682
/Users/a/Ayanami/code/TSP/data/classic/tsplib/pr152.tsp,polyak-smoothed,1385,polyak-smoothed,1385,67373.940760790807,67373.949668095884,73682
/Users/a/Ayanami/code/TSP/data/classic/tsplib/pr152.tsp,polyak-smoothed,1386,polyak-smoothed,1386,67373.94721108934,67373.949668095884,73682
/Users/a/Ayanami/code/TSP/data/classic/tsplib/pr152.tsp,polyak-smoothed,1387,polyak-smoothed,1387,67373.939172011873,67373.949668095884,73682
/Users/a/Ayanami/code/TSP/data/classic/tsplib/pr152.tsp,polyak-smoothed-dynamic,1,polyak-smoothed-dynamic,1,59775,59775,73682
/Users/a/Ayanami/code/TSP/data/classic/tsplib/pr152.tsp,polyak-smoothed-dynamic,2,polyak-smoothed-dynamic,2,-5545.2000000000953,59775,73682
/Users/a/Ayanami/code/TSP/data/classic/tsplib/pr152.tsp,polyak-smoothed-dynamic,3,polyak-smoothed-dynamic,3,44118.075064923396,59775,73682
/Users/a/Ayanami/code/TSP/data/classic/tsplib/pr152.tsp,polyak-smoothed-dynamic,4,polyak-smoothed-dynamic,4,36752.585297495214,59775,73682
/Users/a/Ayanami/code/TSP/data/classic/tsplib/pr152.tsp,polyak-smoothed-dynamic,5,polyak-smoothed-dynamic,5,35339.141793534698,59775,73682
/Users/a/Ayanami/code/TSP/data/classic/tsplib/pr152.tsp,polyak-smoothed-dynamic,6,polyak-smoothed-dynamic,6,32898.279072195044,59775,73682
/Users/a/Ayanami/code/TSP/data/classic/tsplib/pr152.tsp,polyak-smoothed-dynamic,7,polyak-smoothed-dynamic,7,37610.433074073779,59775,73682
/Users/a/Ayanami/code/TSP/data/classic/tsplib/pr152.tsp,polyak-smoothed-dynamic,8,polyak-smoothed-dynamic,8,39642.672492670317,59775,73682
/Users/a/Ayanami/code/TSP/data/classic/tsplib/pr152.tsp,polyak-smoothed-dynamic,9,polyak-smoothed-dynamic,9,41798.485085986795,59775,73682
/Users/a/Ayanami/code/TSP/data/classic/tsplib/pr152.tsp,polyak-smoothed-dynamic,10,polyak-smoothed-dynamic,10,39390.88561145596,59775,73682
/Users/a/Ayanami/code/TSP/data/classic/tsplib/pr152.tsp,polyak-smoothed-dynamic,11,polyak-smoothed-dynamic,11,46680.947318898252,59775,73682
/Users/a/Ayanami/code/TSP/data/classic/tsplib/pr152.tsp,polyak-smoothed-dynamic,12,polyak-smoothed-dynamic,12,46629.334668231997,59775,73682
/Users/a/Ayanami/code/TSP/data/classic/tsplib/pr152.tsp,polyak-smoothed-dynamic,13,polyak-smoothed-dynamic,13,48332.789315085582,59775,73682
/Users/a/Ayanami/code/TSP/data/classic/tsplib/pr152.tsp,polyak-smoothed-dynamic,14,polyak-smoothed-dynamic,14,48310.898146500629,59775,73682
/Users/a/Ayanami/code/TSP/data/classic/tsplib/pr152.tsp,polyak-smoothed-dynamic,15,polyak-smoothed-dynamic,15,53626.339928217232,59775,73682
/Users/a/Ayanami/code/TSP/data/classic/tsplib/pr152.tsp,polyak-smoothed-dynamic,16,polyak-smoothed-dynamic,16,55518.869577783051,59775,73682
/Users/a/Ayanami/code/TSP/data/classic/tsplib/pr152.tsp,polyak-smoothed-dynamic,17,polyak-smoothed-dynamic,17,59006.385337763088,59775,73682
/Users/a/Ayanami/code/TSP/data/classic/tsplib/pr152.tsp,polyak-smoothed-dynamic,18,polyak-smoothed-dynamic,18,60080.080315540887,60080.080315540887,73682
/Users/a/Ayanami/code/TSP/data/classic/tsplib/pr152.tsp,polyak-smoothed-dynamic,19,polyak-smoothed-dynamic,19,60204.152938826264,60204.152938826264,73682
/Users/a/Ayanami/code/TSP/data/classic/tsplib/pr152.tsp,polyak-smoothed-dynamic,20,polyak-smoothed-dynamic,20,61719.899697152861,61719.899697152861,73682
/Users/a/Ayanami/code/TSP/data/classic/tsplib/pr152.tsp,polyak-smoothed-dynamic,21,polyak-smoothed-dynamic,21,60799.134989316728,61719.899697152861,73682
/Users/a/Ayanami/code/TSP/data/classic/tsplib/pr152.tsp,polyak-smoothed-dynamic,22,polyak-smoothed-dynamic,22,61101.729938432167,61719.899697152861,73682
/Users/a/Ayanami/code/TSP/data/classic/tsplib/pr152.tsp,polyak-smoothed-dynamic,23,polyak-smoothed-dynamic,23,61527.511011950541,61719.899697152861,73682
/Users/a/Ayanami/code/TSP/data/classic/tsplib/pr152.tsp,polyak-smoothed-dynamic,24,polyak-smoothed-dynamic,24,61535.470252271291,61719.899697152861,73682
/Users/a/Ayanami/code/TSP/data/classic/tsplib/pr152.tsp,polyak-smoothed-dynamic,25,polyak-smoothed-dynamic,25,60466.755196004313,61719.899697152861,73682
/Users/a/Ayanami/code/TSP/data/classic/tsplib/pr152.tsp,polyak-smoothed-dynamic,26,polyak-smoothed-dynamic,26,60625.2069417475,61719.899697152861,73682
/Users/a/Ayanami/code/TSP/data/classic/tsplib/pr152.tsp,polyak-smoothed-dynamic,27,polyak-smoothed-dynamic,27,60999.138820649583,61719.899697152861,73682
/Users/a/Ayanami/code/TSP/data/classic/tsplib/pr152.tsp,polyak-smoothed-dynamic,28,polyak-smoothed-dynamic,28,61588.604516336381,61719.899697152861,73682
/Users/a/Ayanami/code/TSP/data/classic/tsplib/pr152.tsp,polyak-smoothed-dynamic,29,polyak-smoothed-dynamic,29,62197.246049060122,62197.246049060122,73682
/Users/a/Ayanami/code/TSP/data/classic/tsplib/pr152.tsp,polyak-smoothed-dynamic,30,polyak-smoothed-dynamic,30,60103.329689422026,62197.246049060122,73682
/Users/a/Ayanami/code/TSP/data/classic/tsplib/pr152.tsp,polyak-smoothed-dynamic,31,polyak-smoothed-dynamic,31,61601.032395551549,62197.246049060122,73682
/Users/a/Ayanami/code/TSP/data/classic/tsplib/pr152.tsp,polyak-smoothed-dynamic,32,polyak-smoothed-dynamic,32,61350.460255954386,62197.246049060122,73682
/Users/a/Ayanami/code/TSP/data/classic/tsplib/pr152.tsp,polyak-smoothed-dynamic,33,polyak-smoothed-dynamic,33,60308.870493307033,62197.246049060122,73682
/Users/a/Ayanami/code/TSP/data/classic/tsplib/pr152.tsp,polyak-smoothed-dynamic,34,polyak-smoothed-dynamic,34,62295.923715634191,62295.923715634191,73682
/Users/a/Ayanami/code/TSP/data/classic/tsplib/pr152.tsp,polyak-smoothed-dynamic,35,polyak-smoothed-dynamic,35,59807.398894138059,62295.923715634191,73682
/Users/a/Ayanami/code/TSP/data/classic/tsplib/pr152.tsp,polyak-smoothed-dynamic,36,polyak-smoothed-dynamic,36,61091.555018694948,62295.923715634191,73682
/Users/a/Ayanami/code/TSP/data/classic/tsplib/pr152.tsp,polyak-smoothed-dynamic,37,polyak-smoothed-dynamic,37,61350.138356506257,62295.923715634191,73682
/Users/a/Ayanami/code/TSP/data/classic/tsplib/pr152.tsp,polyak-smoothed-dynamic,38,polyak-smoothed-dynamic,38,60994.725043641753,62295.923715634191,73682
/Users/a/Ayanami/code/TSP/data/classic/tsplib/pr152.tsp,polyak-smoothed-dynamic,39,polyak-smoothed-dynamic,39,62404.521666141365,62404.521666141365,73682
/Users/a/Ayanami/code/TSP/data/classic/tsplib/pr152.tsp,polyak-smoothed-dynamic,40,polyak-smoothed-dynamic,40,60967.052574696958,62404.521666141365,73682
/Users/a/Ayanami/code/TSP/data/classic/tsplib/pr152.tsp,polyak-smoothed-dynamic,41,polyak-smoothed-dynamic,41,62492.900575542233,62492.900575542233,73682
/Users/a/Ayanami/code/TSP/data/classic/tsplib/pr152.tsp,polyak-smoothed-dynamic,42,polyak-smoothed-dynamic,42,61798.509483828879,62492.900575542233,73682
/Users/a/Ayanami/code/TSP/data/classic/tsplib/pr152.tsp,polyak-smoothed-dynamic,43,polyak-smoothed-dynamic,43,62156.809344591231,62492.900575542233,73682
/Users/a/Ayanami/code/TSP/data/classic/tsplib/pr152.tsp,polyak-smoothed-dynamic,44,polyak-smoothed-dynamic,44,61826.571202434316,62492.900575542233,73682
/Users/a/Ayanami/code/TSP/data/classic/tsplib/pr152.tsp,polyak-smoothed-dynamic,45,polyak-smoothed-dynamic,45,61749.670030077592,62492.900575542233,73682
/Users/a/Ayanami/code/TSP/data/classic/tsplib/pr152.tsp,polyak-smoothed-dynamic,46,polyak-smoothed-dynamic,46,63522.663964669344,63522.663964669344,73682
/Users/a/Ayanami/code/TSP/data/classic/tsplib/pr152.tsp,polyak-smoothed-dynamic,47,polyak-smoothed-dynamic,47,61012.700379074442,63522.663964669344,73682
/Users/a/Ayanami/code/TSP/data/classic/tsplib/pr152.tsp,polyak-smoothed-dynamic,48,polyak-smoothed-dynamic,48,62519.007986130804,63522.663964669344,73682
/Users/a/Ayanami/code/TSP/data/classic/tsplib/pr152.tsp,polyak-smoothed-dynamic,49,polyak-smoothed-dynamic,49,62376.870218011973,63522.663964669344,73682
/Users/a/Ayanami/code/TSP/data/classic/tsplib/pr152.tsp,polyak-smoothed-dynamic,50,polyak-smoothed-dynamic,50,62637.951316921506,63522.663964669344,73682
/Users/a/Ayanami/code/TSP/data/classic/tsplib/pr152.tsp,polyak-smoothed-dynamic,51,polyak-smoothed-dynamic,51,61442.018504662381,63522.663964669344,73682
/Users/a/Ayanami/code/TSP/data/classic/tsplib/pr152.tsp,polyak-smoothed-dynamic,52,polyak-smoothed-dynamic,52,63070.306539918944,63522.663964669344,73682
/Users/a/Ayanami/code/TSP/data/classic/tsplib/pr152.tsp,polyak-smoothed-dynamic,53,polyak-smoothed-dynamic,53,60399.493564725577,63522.663964669344,73682
/Users/a/Ayanami/code/TSP/data/classic/tsplib/pr152.tsp,polyak-smoothed-dynamic,54,polyak-smoothed-dynamic,54,62132.427289870124,63522.663964669344,73682
/Users/a/Ayanami/code/TSP/data/classic/tsplib/pr152.tsp,polyak-smoothed-dynamic,55,polyak-smoothed-dynamic,55,62837.593730227665,63522.663964669344,73682
/Users/a/Ayanami/code/TSP/data/classic/tsplib/pr152.tsp,polyak-smoothed-dynamic,56,polyak-smoothed-dynamic,56,62569.361438420579,63522.663964669344,73682
/Users/a/Ayanami/code/TSP/data/classic/tsplib/pr152.tsp,polyak-smoothed-dynamic,57,polyak-smoothed-dynamic,57,62765.812205918752,63522.663964669344,73682
/Users/a/Ayanami/code/TSP/data/classic/tsplib/pr152.tsp,polyak-smoothed-dynamic,58,polyak-smoothed-dynamic,58,62264.923286024918,63522.663964669344,73682
/Users/a/Ayanami/code/TSP/data/classic/tsplib/pr152.tsp,polyak-smoothed-dynamic,59,polyak-smoothed-dynamic,59,63127.933137139225,63522.663964669344,73682
/Users/a/Ayanami/code/TSP/data/classic/tsplib/pr152.tsp,polyak-smoothed-dynamic,60,polyak-smoothed-dynamic,60,64076.603809979468,64076.603809979468,73682
/Users/a/Ayanami/code/TSP/data/classic/tsplib/pr152.tsp,polyak-smoothed-dynamic,61,polyak-smoothed-dynamic,61,64170.52564060087,64170.52564060087,73682
/Users/a/Ayanami/code/TSP/data/classic/tsplib/pr152.tsp,polyak-smoothed-dynamic,62,polyak-smoothed-dynamic,62,64289.899827990375,64289.899827990375,73682
/Users/a/Ayanami/code/TSP/data/classic/tsplib/pr152.tsp,polyak-smoothed-dynamic,63,polyak-smoothed-dynamic,63,64802.237789279032,64802.237789279032,73682
/Users/a/Ayanami/code/TSP/data/classic/tsplib/pr152.tsp,polyak-smoothed-dynamic,64,polyak-smoothed-dynamic,64,63616.284221104506,64802.237789279032,73682
/Users/a/Ayanami/code/TSP/data/classic/tsplib/pr152.tsp,polyak-smoothed-dynamic,65,polyak-smoothed-dynamic,65,64780.900350095784,64802.237789279032,73682
/Users/a/Ayanami/code/TSP/data/classic/tsplib/pr152.tsp,polyak-smoothed-dynamic,66,polyak-smoothed-dynamic,66,63202.749710910088,64802.237789279032,73682
/Users/a/Ayanami/code/TSP/data/classic/tsplib/pr152.tsp,polyak-smoothed-dynamic,67,polyak-smoothed-dynamic,67,63795.310219679421,64802.237789279032,73682
/Users/a/Ayanami/code/TSP/data/classic/tsplib/pr152.tsp,polyak-smoothed-dynamic,68,polyak-smoothed-dynamic,68,64599.126035249028,64802.237789279032,73682
/Users/a/Ayanami/code/TSP/data/classic/tsplib/pr152.tsp,polyak-smoothed-dynamic,69,polyak-smoothed-dynamic,69,64111.301708675797,64802.237789279032,73682
/Users/a/Ayanami/code/TSP/data/classic/tsplib/pr152.tsp,polyak-smoothed-dynamic,70,polyak-smoothed-dynamic,70,64209.290062534128,64802.237789279032,73682
/Users/a/Ayanami/code/TSP/data/classic/tsplib/pr152.tsp,polyak-smoothed-dynamic,71,polyak-smoothed-dynamic,71,64813.890129296058,64813.890129296058,73682
/Users/a/Ayanami/code/TSP/data/classic/tsplib/pr152.tsp,polyak-smoothed-dynamic,72,polyak-smoothed-dynamic,72,63457.729131213302,64813.890129296058,73682
/Users/a/Ayanami/code/TSP/data/classic/tsplib/pr152.tsp,polyak-smoothed-dynamic,73,polyak-smoothed-dynamic,73,64060.070923553008,64813.890129296058,73682
/Users/a/Ayanami/code/TSP/data/classic/tsplib/pr152.tsp,polyak-smoothed-dynamic,74,polyak-smoothed-dynamic,74,64480.976868520214,64813.890129296058,73682
/Users/a/Ayanami/code/TSP/data/classic/tsplib/pr152.tsp,polyak-smoothed-dynamic,75,polyak-smoothed-dynamic,75,64410.032889146045,64813.890129296058,73682
/Users/a/Ayanami/code/TSP/data/classic/tsplib/pr152.tsp,polyak-smoothed-dynamic,76,polyak-smoothed-dynamic,76,64654.418993286716,64813.890129296058,73682
/Users/a/Ayanami/code/TSP/data/classic/tsplib/pr152.tsp,polyak-smoothed-dynamic,77,polyak-smoothed-dynamic,77,64845.5054606677,64845.5054606677,73682
/Users/a/Ayanami/code/TSP/data/classic/tsplib/pr152.tsp,polyak-smoothed-dynamic,78,polyak-smoothed-dynamic,78,63866.084195353578,64845.5054606677,73682
/Users/a/Ayanami/code/TSP/data/classic/tsplib/pr152.tsp,polyak-smoothed-dynamic,79,polyak-smoothed-dynamic,79,64813.651484570328,64845.5054606677,73682
/Users/a/Ayanami/code/TSP/data/classic/tsplib/pr152.tsp,polyak-smoothed-dynamic,80,polyak-smoothed-dynamic,80,64558.939202920948,64845.5054606677,73682
/Users/a/Ayanami/code/TSP/data/classic/tsplib/pr152.tsp,polyak-smoothed-dynamic,81,polyak-smoothed-dynamic,81,64498.145875506641,64845.5054606677,73682
/Users/a/Ayanami/code/TSP/data/classic/tsplib/pr152.tsp,polyak-smoothed-dynamic,82,polyak-smoothed-dynamic,82,65159.930117478907,65159.930117478907,73682
/Users/a/Ayanami/code/TSP/data/classic/tsplib/pr152.tsp,polyak-smoothed-dynamic,83,polyak-smoothed-dynamic,83,64116.67967775256,65159.930117478907,73682
/Users/a/Ayanami/code/TSP/data/classic/tsplib/pr152.tsp,polyak-smoothed-dynamic,84,polyak-smoothed-dynamic,84,64537.421774151211,65159.930117478907,73682
/Users/a/Ayanami/code/TSP/data/classic/tsplib/pr152.tsp,polyak-smoothed-dynamic,85,polyak-smoothed-dynamic,85,64284.394499709539,65159.930117478907,73682
/Users/a/Ayanami/code/TSP/data/classic/tsplib/pr152.tsp,polyak-smoothed-dynamic,86,polyak-smoothed-dynamic,86,65006.326362118532,65159.930117478907,73682
/Users/a/Ayanami/code/TSP/data/classic/tsplib/pr152.tsp,polyak-smoothed-dynamic,87,polyak-smoothed-dynamic,87,64954.567429763862,65159.930117478907,73682
/Users/a/Ayanami/code/TSP/data/classic/tsplib/pr152.tsp,polyak-smoothed-dynamic,88,polyak-smoothed-dynamic,88,64204.928122759375,65159.930117478907,73682
/Users/a/Ayanami/code/TSP/data/classic/tsplib/pr152.tsp,polyak-smoothed-dynamic,89,polyak-smoothed-dynamic,89,65242.514194589188,65242.514194589188,73682
/Users/a/Ayanami/code/TSP/data/classic/tsplib/pr152.tsp,polyak-smoothed-dynamic,90,polyak-smoothed-dynamic,90,63044.316178967041,65242.514194589188,73682
/Users/a/Ayanami/code/TSP/data/classic/tsplib/pr152.tsp,polyak-smoothed-dynamic,91,polyak-smoothed-dynamic,91,64126.892236516695,65242.514194589188,73682
/Users/a/Ayanami/code/TSP/data/classic/tsplib/pr152.tsp,polyak-smoothed-dynamic,92,polyak-smoothed-dynamic,92,64189.560028789609,65242.514194589188,73682
/Users/a/Ayanami/code/TSP/data/classic/tsplib/pr152.tsp,polyak-smoothed-dynamic,93,polyak-smoothed-dynamic,93,64871.463268775398,65242.514194589188,73682
/Users/a/Ayanami/code/TSP/data/classic/tsplib/pr152.tsp,polyak-smoothed-dynamic,94,polyak-smoothed-dynamic,94,64793.50486403059,65242.514194589188,73682
/Users/a/Ayanami/code/TSP/data/classic/tsplib/pr152.tsp,polyak-smoothed-dynamic,95,polyak-smoothed-dynamic,95,64823.075727037605,65242.514194589188,73682
/Users/a/Ayanami/code/TSP/data/classic/tsplib/pr152.tsp,polyak-smoothed-dynamic,96,polyak-smoothed-dynamic,96,64801.235144745238,65242.514194589188,73682
/Users/a/Ayanami/code/TSP/data/classic/tsplib/pr152.tsp,polyak-smoothed-dynamic,97,polyak-smoothed-dynamic,97,64832.769771896659,65242.514194589188,73682
/Users/a/Ayanami/code/TSP/data/classic/tsplib/pr152.tsp,polyak-smoothed-dynamic,98,polyak-smoothed-dynamic,98,64655.954342732803,65242.514194589188,73682
/Users/a/Ayanami/code/TSP/data/classic/tsplib/pr152.tsp,polyak-smoothed-dynamic,99,polyak-smoothed-dynamic,99,65111.846908660547,65242.514194589188,73682
/Users/a/Ayanami/code/TSP/data/classic/tsplib/pr152.tsp,polyak-smoothed-dynamic,100,polyak-smoothed-dynamic,100,64237.576732844464,65242.514194589188,73682
/Users/a/Ayanami/code/TSP/data/classic/tsplib/pr152.tsp,polyak-smoothed-dynamic,101,polyak-smoothed-dynamic,101,64858.937298015859,65242.514194589188,73682
/Users/a/Ayanami/code/TSP/data/classic/tsplib/pr152.tsp,polyak-smoothed-dynamic,102,polyak-smoothed-dynamic,102,64331.643726102433,65242.514194589188,73682
/Users/a/Ayanami/code/TSP/data/classic/tsplib/pr152.tsp,polyak-smoothed-dynamic,103,polyak-smoothed-dynamic,103,64925.231046351793,65242.514194589188,73682
/Users/a/Ayanami/code/TSP/data/classic/tsplib/pr152.tsp,polyak-smoothed-dynamic,104,polyak-smoothed-dynamic,104,65395.929794183699,65395.929794183699,73682
/Users/a/Ayanami/code/TSP/data/classic/tsplib/pr152.tsp,polyak-smoothed-dynamic,105,polyak-smoothed-dynamic,105,65617.806150067758,65617.806150067758,73682
/Users/a/Ayanami/code/TSP/data/classic/tsplib/pr152.tsp,polyak-smoothed-dynamic,106,polyak-smoothed-dynamic,106,65839.320075108641,65839.320075108641,73682
/Users/a/Ayanami/code/TSP/data/classic/tsplib/pr152.tsp,polyak-smoothed-dynamic,107,polyak-smoothed-dynamic,107,65733.759829756964,65839.320075108641,73682
/Users/a/Ayanami/code/TSP/data/classic/tsplib/pr152.tsp,polyak-smoothed-dynamic,108,polyak-smoothed-dynamic,108,65855.186646360409,65855.186646360409,73682
/Users/a/Ayanami/code/TSP/data/classic/tsplib/pr152.tsp,polyak-smoothed-dynamic,109,polyak-smoothed-dynamic,109,65591.55069906039,65855.186646360409,73682
/Users/a/Ayanami/code/TSP/data/classic/tsplib/pr152.tsp,polyak-smoothed-dynamic,110,polyak-smoothed-dynamic,110,66036.038000424174,66036.038000424174,73682
/Users/a/Ayanami/code/TSP/data/classic/tsplib/pr152.tsp,polyak-smoothed-dynamic,111,polyak-smoothed-dynamic,111,65093.211742847488,66036.038000424174,73682
/Users/a/Ayanami/code/TSP/data/classic/tsplib/pr152.tsp,polyak-smoothed-dynamic,112,polyak-smoothed-dynamic,112,65623.181009273074,66036.038000424174,73682
/Users/a/Ayanami/code/TSP/data/classic/tsplib/pr152.tsp,polyak-smoothed-dynamic,113,polyak-smoothed-dynamic,113,65760.691619926845,66036.038000424174,73682
/Users/a/Ayanami/code/TSP/data/classic/tsplib/pr152.tsp,polyak-smoothed-dynamic,114,polyak-smoothed-dynamic,114,65475.063917599335,66036.038000424174,73682
/Users/a/Ayanami/code/TSP/data/classic/tsplib/pr152.tsp,polyak-smoothed-dynamic,115,polyak-smoothed-dynamic,115,66128.00490248359,66128.00490248359,73682
/Users/a/Ayanami/code/TSP/data/classic/tsplib/pr152.tsp,polyak-smoothed-dynamic,116,polyak-smoothed-dynamic,116,65171.998714802612,66128.00490248359,73682
/Users/a/Ayanami/code/TSP/data/classic/tsplib/pr152.tsp,polyak-smoothed-dynamic,117,polyak-smoothed-dynamic,117,65581.677103575508,66128.00490248359,73682
/Users/a/Ayanami/code/TSP/data/classic/tsplib/pr152.tsp,polyak-smoothed-dynamic,118,polyak-smoothed-dynamic,118,65937.126484186854,66128.00490248359,73682
/Users/a/Ayanami/code/TSP/data/classic/tsplib/pr152.tsp,polyak-smoothed-dynamic,119,polyak-smoothed-dynamic,119,65585.091810542246,66128.00490248359,73682
/Users/a/Ayanami/code/TSP/data/classic/tsplib/pr152.tsp,polyak-smoothed-dynamic,120,polyak-smoothed-dynamic,120,65843.497256092145,66128.00490248359,73682
/Users/a/Ayanami/code/TSP/data/classic/tsplib/pr152.tsp,polyak-smoothed-dynamic,121,polyak-smoothed-dynamic,121,66129.117394737754,66129.117394737754,73682
/Users/a/Ayanami/code/TSP/data/classic/tsplib/pr152.tsp,polyak-smoothed-dynamic,122,polyak-smoothed-dynamic,122,65461.112893045422,66129.117394737754,73682
/Users/a/Ayanami/code/TSP/data/classic/tsplib/pr152.tsp,polyak-smoothed-dynamic,123,polyak-smoothed-dynamic,123,65973.511383167584,66129.117394737754,73682
/Users/a/Ayanami/code/TSP/data/classic/tsplib/pr152.tsp,polyak-smoothed-dynamic,124,polyak-smoothed-dynamic,124,65593.411379713871,66129.117394737754,73682
/Users/a/Ayanami/code/TSP/data/classic/tsplib/pr152.tsp,polyak-smoothed-dynamic,125,polyak-smoothed-dynamic,125,65861.187939837808,66129.117394737754,73682
/Users/a/Ayanami/code/TSP/data/classic/tsplib/pr152.tsp,polyak-smoothed-dynamic,126,polyak-smoothed-dynamic,126,65787.704228680057,66129.117394737754,73682
/Users/a/Ayanami/code/TSP/data/classic/tsplib/pr152.tsp,polyak-smoothed-dynamic,127,polyak-smoothed-dynamic,127,65938.060981878371,66129.117394737754,73682
/Users/a/Ayanami/code/TSP/data/classic/tsplib/pr152.tsp,polyak-smoothed-dynamic,128,polyak-smoothed-dynamic,128,65944.238358365285,66129.117394737754,73682
/Users/a/Ayanami/code/TSP/data/classic/tsplib/pr152.tsp,polyak-smoothed-dynamic,129,polyak-smoothed-dynamic,129,65873.86803823708,66129.117394737754,73682
/Users/a/Ayanami/code/TSP/data/classic/tsplib/pr152.tsp,polyak-smoothed-dynamic,130,polyak-smoothed-dynamic,130,66329.513627065549,66329.513627065549,73682
/Users/a/Ayanami/code/TSP/data/classic/tsplib/pr152.tsp,polyak-smoothed-dynamic,131,polyak-smoothed-dynamic,131,65944.38238161277,66329.513627065549,73682
/Users/a/Ayanami/code/TSP/data/classic/tsplib/pr152.tsp,polyak-smoothed-dynamic,132,polyak-smoothed-dynamic,132,65845.473663278128,66329.513627065549,73682
/Users/a/Ayanami/code/TSP/data/classic/tsplib/pr152.tsp,polyak-smoothed-dynamic,133,polyak-smoothed-dynamic,133,66087.143405922485,66329.513627065549,73682
/Users/a/Ayanami/code/TSP/data/classic/tsplib/pr152.tsp,polyak-smoothed-dynamic,134,polyak-smoothed-dynamic,134,66035.933979392285,66329.513627065549,73682
/Users/a/Ayanami/code/TSP/data/classic/tsplib/pr152.tsp,polyak-smoothed-dynamic,135,polyak-smoothed-dynamic,135,66179.656299628201,66329.513627065549,73682
/Users/a/Ayanami/code/TSP/data/classic/tsplib/pr152.tsp,polyak-smoothed-dynamic,136,polyak-smoothed-dynamic,136,65667.672023421634,66329.513627065549,73682
/Users/a/Ayanami/code/TSP/data/classic/tsplib/pr152.tsp,polyak-smoothed-dynamic,137,polyak-smoothed-dynamic,137,66003.944042254981,66329.513627065549,73682
/Users/a/Ayanami/code/TSP/data/classic/tsplib/pr152.tsp,polyak-smoothed-dynamic,138,polyak-smoothed-dynamic,138,65818.815360890207,66329.513627065549,73682
/Users/a/Ayanami/code/TSP/data/classic/tsplib/pr152.tsp,polyak-smoothed-dynamic,139,polyak-smoothed-dynamic,139,65942.067413852841,66329.513627065549,73682
/Users/a/Ayanami/code/TSP/data/classic/tsplib/pr152.tsp,polyak-smoothed-dynamic,140,polyak-smoothed-dynamic,140,66020.066552393328,66329.513627065549,73682
/Users/a/Ayanami/code/TSP/data/classic/tsplib/pr152.tsp,polyak-smoothed-dynamic,141,polyak-smoothed-dynamic,141,66145.068107103943,66329.513627065549,73682
/Users/a/Ayanami/code/TSP/data/classic/tsplib/pr152.tsp,polyak-smoothed-dynamic,142,polyak-smoothed-dynamic,142,66231.63021787029,66329.513627065549,73682
/Users/a/Ayanami/code/TSP/data/classic/tsplib/pr152.tsp,polyak-smoothed-dynamic,143,polyak-smoothed-dynamic,143,65676.508268904494,66329.513627065549,73682
/Users/a/Ayanami/code/TSP/data/classic/tsplib/pr152.tsp,polyak-smoothed-dynamic,144,polyak-smoothed-dynamic,144,66057.330583483505,66329.513627065549,73682
/Users/a/Ayanami/code/TSP/data/classic/tsplib/pr152.tsp,polyak-smoothed-dynamic,145,polyak-smoothed-dynamic,145,66379.633866941265,66379.633866941265,73682
/Users/a/Ayanami/code/TSP/data/classic/tsplib/pr152.tsp,polyak-smoothed-dynamic,146,polyak-smoothed-dynamic,146,66476.137970614887,66476.137970614887,73682
/Users/a/Ayanami/code/TSP/data/classic/tsplib/pr152.tsp,polyak-smoothed-dynamic,147,polyak-smoothed-dynamic,147,66421.497400736363,66476.137970614887,73682
/Users/a/Ayanami/code/TSP/data/classic/tsplib/pr152.tsp,polyak-smoothed-dynamic,148,polyak-smoothed-dynamic,148,66434.138988977837,66476.137970614887,73682
/Users/a/Ayanami/code/TSP/data/classic/tsplib/pr152.tsp,polyak-smoothed-dynamic,149,polyak-smoothed-dynamic,149,66481.402352293211,66481.402352293211,73682
/Users/a/Ayanami/code/TSP/data/classic/tsplib/pr152.tsp,polyak-smoothed-dynamic,150,polyak-smoothed-dynamic,150,66383.190043105496,66481.402352293211,73682
/Users/a/Ayanami/code/TSP/data/classic/tsplib/pr152.tsp,polyak-smoothed-dynamic,151,polyak-smoothed-dynamic,151,66482.963986090108,66482.963986090108,73682
/Users/a/Ayanami/code/TSP/data/classic/tsplib/pr152.tsp,polyak-smoothed-dynamic,152,polyak-smoothed-dynamic,152,66368.274446737487,66482.963986090108,73682
/Users/a/Ayanami/code/TSP/data/classic/tsplib/pr152.tsp,polyak-smoothed-dynamic,153,polyak-smoothed-dynamic,153,66507.08193989133,66507.08193989133,73682
/Users/a/Ayanami/code/TSP/data/classic/tsplib/pr152.tsp,polyak-smoothed-dynamic,154,polyak-smoothed-dynamic,154,66357.698736599559,66507.08193989133,73682
/Users/a/Ayanami/code/TSP/data/classic/tsplib/pr152.tsp,polyak-smoothed-dynamic,155,polyak-smoothed-dynamic,155,66417.879738778924,66507.08193989133,73682
/Users/a/Ayanami/code/TSP/data/classic/tsplib/pr152.tsp,polyak-smoothed-dynamic,156,polyak-smoothed-dynamic,156,66447.388839121268,66507.08193989133,73682
/Users/a/Ayanami/code/TSP/data/classic/tsplib/pr152.tsp,polyak-smoothed-dynamic,157,polyak-smoothed-dynamic,157,66480.650111603492,66507.08193989133,73682
/Users/a/Ayanami/code/TSP/data/classic/tsplib/pr152.tsp,polyak-smoothed-dynamic,158,polyak-smoothed-dynamic,158,66611.076404759282,66611.076404759282,73682
/Users/a/Ayanami/code/TSP/data/classic/tsplib/pr152.tsp,polyak-smoothed-dynamic,159,polyak-smoothed-dynamic,159,66562.922478734559,66611.076404759282,73682
/Users/a/Ayanami/code/TSP/data/classic/tsplib/pr152.tsp,polyak-smoothed-dynamic,160,polyak-smoothed-dynamic,160,66586.517275916209,66611.076404759282,73682
/Users/a/Ayanami/code/TSP/data/classic/tsplib/pr152.tsp,polyak-smoothed-dynamic,161,polyak-smoothed-dynamic,161,66306.656821746496,66611.076404759282,73682
/Users/a/Ayanami/code/TSP/data/classic/tsplib/pr152.tsp,polyak-smoothed-dynamic,162,polyak-smoothed-dynamic,162,66429.199192407381,66611.076404759282,73682
/Users/a/Ayanami/code/TSP/data/classic/tsplib/pr152.tsp,polyak-smoothed-dynamic,163,polyak-smoothed-dynamic,163,66539.139402218731,66611.076404759282,73682
/Users/a/Ayanami/code/TSP/data/classic/tsplib/pr152.tsp,polyak-smoothed-dynamic,164,polyak-smoothed-dynamic,164,66452.068704245452,66611.076404759282,73682
/Users/a/Ayanami/code/TSP/data/classic/tsplib/pr152.tsp,polyak-smoothed-dynamic,165,polyak-smoothed-dynamic,165,66528.46938096825,66611.076404759282,73682
/Users/a/Ayanami/code/TSP/data/classic/tsplib/pr152.tsp,polyak-smoothed-dynamic,166,polyak-smoothed-dynamic,166,66607.415704731597,66611.076404759282,73682
/Users/a/Ayanami/code/TSP/data/classic/tsplib/pr152.tsp,polyak-smoothed-dynamic,167,polyak-smoothed-dynamic,167,66386.586152481512,66611.076404759282,73682
/Users/a/Ayanami/code/TSP/data/classic/tsplib/pr152.tsp,polyak-smoothed-dynamic,168,polyak-smoothed-dynamic,168,66522.614563661351,66611.076404759282,73682
/Users/a/Ayanami/code/TSP/data/classic/tsplib/pr152.tsp,polyak-smoothed-dynamic,169,polyak-smoothed-dynamic,169,66368.940946213363,66611.076404759282,73682
/Users/a/Ayanami/code/TSP/data/classic/tsplib/pr152.tsp,polyak-smoothed-dynamic,170,polyak-smoothed-dynamic,170,66451.398902682937,66611.076404759282,73682
/Users/a/Ayanami/code/TSP/data/classic/tsplib/pr152.tsp,polyak-smoothed-dynamic,171,polyak-smoothed-dynamic,171,66521.064556062396,66611.076404759282,73682
/Users/a/Ayanami/code/TSP/data/classic/tsplib/pr152.tsp,polyak-smoothed-dynamic,172,polyak-smoothed-dynamic,172,66575.463380496207,66611.076404759282,73682
/Users/a/Ayanami/code/TSP/data/classic/tsplib/pr152.tsp,polyak-smoothed-dynamic,173,polyak-smoothed-dynamic,173,66639.888565583533,66639.888565583533,73682
/Users/a/Ayanami/code/TSP/data/classic/tsplib/pr152.tsp,polyak-smoothed-dynamic,174,polyak-smoothed-dynamic,174,66659.20065715388,66659.20065715388,73682
/Users/a/Ayanami/code/TSP/data/classic/tsplib/pr152.tsp,polyak-smoothed-dynamic,175,polyak-smoothed-dynamic,175,66710.126294154237,66710.126294154237,73682
/Users/a/Ayanami/code/TSP/data/classic/tsplib/pr152.tsp,polyak-smoothed-dynamic,176,polyak-smoothed-dynamic,176,66750.532701429198,66750.532701429198,73682
/Users/a/Ayanami/code/TSP/data/classic/tsplib/pr152.tsp,polyak-smoothed-dynamic,177,polyak-smoothed-dynamic,177,66695.461347867371,66750.532701429198,73682
/Users/a/Ayanami/code/TSP/data/classic/tsplib/pr152.tsp,polyak-smoothed-dynamic,178,polyak-smoothed-dynamic,178,66692.503345968391,66750.532701429198,73682
/Users/a/Ayanami/code/TSP/data/classic/tsplib/pr152.tsp,polyak-smoothed-dynamic,179,polyak-smoothed-dynamic,179,66737.124605979785,66750.532701429198,73682
/Users/a/Ayanami/code/TSP/data/classic/tsplib/pr152.tsp,polyak-smoothed-dynamic,180,polyak-smoothed-dynamic,180,66721.048227872598,66750.532701429198,73682
/Users/a/Ayanami/code/TSP/data/classic/tsplib/pr152.tsp,polyak-smoothed-dynamic,181,polyak-smoothed-dynamic,181,66801.368288750848,66801.368288750848,73682
/Users/a/Ayanami/code/TSP/data/classic/tsplib/pr152.tsp,polyak-smoothed-dynamic,182,polyak-smoothed-dynamic,182,66543.907289104129,66801.368288750848,73682
/Users/a/Ayanami/code/TSP/data/classic/tsplib/pr152.tsp,polyak-smoothed-dynamic,183,polyak-smoothed-dynamic,183,66646.694105756775,66801.368288750848,73682
/Users/a/Ayanami/code/TSP/data/classic/tsplib/pr152.tsp,polyak-smoothed-dynamic,184,polyak-smoothed-dynamic,184,66688.128032244655,66801.368288750848,73682
/Users/a/Ayanami/code/TSP/data/classic/tsplib/pr152.tsp,polyak-smoothed-dynamic,185,polyak-smoothed-dynamic,185,66746.253144309987,66801.368288750848,73682
/Users/a/Ayanami/code/TSP/data/classic/tsplib/pr152.tsp,polyak-smoothed-dynamic,186,polyak-smoothed-dynamic,186,66683.680040448089,66801.368288750848,73682
/Users/a/Ayanami/code/TSP/data/classic/tsplib/pr152.tsp,polyak-smoothed-dynamic,187,polyak-smoothed-dynamic,187,66709.059535411507,66801.368288750848,73682
/Users/a/Ayanami/code/TSP/data/classic/tsplib/pr152.tsp,polyak-smoothed-dynamic,188,polyak-smoothed-dynamic,188,66678.160395834391,66801.368288750848,73682
/Users/a/Ayanami/code/TSP/data/classic/tsplib/pr152.tsp,polyak-smoothed-dynamic,189,polyak-smoothed-dynamic,189,66743.94554274471,66801.368288750848,73682
/Users/a/Ayanami/code/TSP/data/classic/tsplib/pr152.tsp,polyak-smoothed-dynamic,190,polyak-smoothed-dynamic,190,66679.729575042205,66801.368288750848,73682
/Users/a/Ayanami/code/TSP/data/classic/tsplib/pr152.tsp,polyak-smoothed-dynamic,191,polyak-smoothed-dynamic,191,66742.876842442231,66801.368288750848,73682
/Users/a/Ayanami/code/TSP/data/classic/tsplib/pr152.tsp,polyak-smoothed-dynamic,192,polyak-smoothed-dynamic,192,66618.998216496562,66801.368288750848,73682
/Users/a/Ayanami/code/TSP/data/classic/tsplib/pr152.tsp,polyak-smoothed-dynamic,193,polyak-smoothed-dynamic,193,66693.302237465075,66801.368288750848,73682
/Users/a/Ayanami/code/TSP/data/classic/tsplib/pr152.tsp,polyak-smoothed-dynamic,194,polyak-smoothed-dynamic,194,66707.581134116626,66801.368288750848,73682
/Users/a/Ayanami/code/TSP/data/classic/tsplib/pr152.tsp,polyak-smoothed-dynamic,195,polyak-smoothed-dynamic,195,66751.340199619313,66801.368288750848,73682
/Users/a/Ayanami/code/TSP/data/classic/tsplib/pr152.tsp,polyak-smoothed-dynamic,196,polyak-smoothed-dynamic,196,66855.142369213354,66855.142369213354,73682
/Users/a/Ayanami/code/TSP/data/classic/tsplib/pr152.tsp,polyak-smoothed-dynamic,197,polyak-smoothed-dynamic,197,66850.738009072142,66855.142369213354,73682
/Users/a/Ayanami/code/TSP/data/classic/tsplib/pr152.tsp,polyak-smoothed-dynamic,198,polyak-smoothed-dynamic,198,66857.545752206352,66857.545752206352,73682
/Users/a/Ayanami/code/TSP/data/classic/tsplib/pr152.tsp,polyak-smoothed-dynamic,199,polyak-smoothed-dynamic,199,66855.546765463791,66857.545752206352,73682
/Users/a/Ayanami/code/TSP/data/classic/tsplib/pr152.tsp,polyak-smoothed-dynamic,200,polyak-smoothed-dynamic,200,66841.319891495645,66857.545752206352,73682
/Users/a/Ayanami/code/TSP/data/classic/tsplib/pr152.tsp,polyak-smoothed-dynamic,201,polyak-smoothed-dynamic,201,66874.303590624593,66874.303590624593,73682
/Users/a/Ayanami/code/TSP/data/classic/tsplib/pr152.tsp,polyak-smoothed-dynamic,202,polyak-smoothed-dynamic,202,66866.398556962769,66874.303590624593,73682
/Users/a/Ayanami/code/TSP/data/classic/tsplib/pr152.tsp,polyak-smoothed-dynamic,203,polyak-smoothed-dynamic,203,66825.130592599351,66874.303590624593,73682
/Users/a/Ayanami/code/TSP/data/classic/tsplib/pr152.tsp,polyak-smoothed-dynamic,204,polyak-smoothed-dynamic,204,66855.584106801209,66874.303590624593,73682
/Users/a/Ayanami/code/TSP/data/classic/tsplib/pr152.tsp,polyak-smoothed-dynamic,205,polyak-smoothed-dynamic,205,66888.270273073998,66888.270273073998,73682
/Users/a/Ayanami/code/TSP/data/classic/tsplib/pr152.tsp,polyak-smoothed-dynamic,206,polyak-smoothed-dynamic,206,66880.360470529893,66888.270273073998,73682
/Users/a/Ayanami/code/TSP/data/classic/tsplib/pr152.tsp,polyak-smoothed-dynamic,207,polyak-smoothed-dynamic,207,66854.018778426631,66888.270273073998,73682
/Users/a/Ayanami/code/TSP/data/classic/tsplib/pr152.tsp,polyak-smoothed-dynamic,208,polyak-smoothed-dynamic,208,66899.873642751074,66899.873642751074,73682
/Users/a/Ayanami/code/TSP/data/classic/tsplib/pr152.tsp,polyak-smoothed-dynamic,209,polyak-smoothed-dynamic,209,66814.302708939547,66899.873642751074,73682
/Users/a/Ayanami/code/TSP/data/classic/tsplib/pr152.tsp,polyak-smoothed-dynamic,210,polyak-smoothed-dynamic,210,66865.952830443144,66899.873642751074,73682
/Users/a/Ayanami/code/TSP/data/classic/tsplib/pr152.tsp,polyak-smoothed-dynamic,211,polyak-smoothed-dynamic,211,66843.787346436729,66899.873642751074,73682
/Users/a/Ayanami/code/TSP/data/classic/tsplib/pr152.tsp,polyak-smoothed-dynamic,212,polyak-smoothed-dynamic,212,66864.158263706195,66899.873642751074,73682
/Users/a/Ayanami/code/TSP/data/classic/tsplib/pr152.tsp,polyak-smoothed-dynamic,213,polyak-smoothed-dynamic,213,66888.179602394157,66899.873642751074,73682
/Users/a/Ayanami/code/TSP/data/classic/tsplib/pr152.tsp,polyak-smoothed-dynamic,214,polyak-smoothed-dynamic,214,66879.309040433465,66899.873642751074,73682
/Users/a/Ayanami/code/TSP/data/classic/tsplib/pr152.tsp,polyak-smoothed-dynamic,215,polyak-smoothed-dynamic,215,66923.593410365283,66923.593410365283,73682
/Users/a/Ayanami/code/TSP/data/classic/tsplib/pr152.tsp,polyak-smoothed-dynamic,216,polyak-smoothed-dynamic,216,66885.484354822838,66923.593410365283,73682
/Users/a/Ayanami/code/TSP/data/classic/tsplib/pr152.tsp,polyak-smoothed-dynamic,217,polyak-smoothed-dynamic,217,66903.091565751267,66923.593410365283,73682
/Users/a/Ayanami/code/TSP/data/classic/tsplib/pr152.tsp,polyak-smoothed-dynamic,218,polyak-smoothed-dynamic,218,66884.621615423835,66923.593410365283,73682
/Users/a/Ayanami/code/TSP/data/classic/tsplib/pr152.tsp,polyak-smoothed-dynamic,219,polyak-smoothed-dynamic,219,66902.719247216301,66923.593410365283,73682
/Users/a/Ayanami/code/TSP/data/classic/tsplib/pr152.tsp,polyak-smoothed-dynamic,220,polyak-smoothed-dynamic,220,66835.392092268215,66923.593410365283,73682
/Users/a/Ayanami/code/TSP/data/classic/tsplib/pr152.tsp,polyak-smoothed-dynamic,221,polyak-smoothed-dynamic,221,66862.868224276535,66923.593410365283,73682
/Users/a/Ayanami/code/TSP/data/classic/tsplib/pr152.tsp,polyak-smoothed-dynamic,222,polyak-smoothed-dynamic,222,66903.503298336218,66923.593410365283,73682
/Users/a/Ayanami/code/TSP/data/classic/tsplib/pr152.tsp,polyak-smoothed-dynamic,223,polyak-smoothed-dynamic,223,66917.000191514671,66923.593410365283,73682
/Users/a/Ayanami/code/TSP/data/classic/tsplib/pr152.tsp,polyak-smoothed-dynamic,224,polyak-smoothed-dynamic,224,66871.302192058356,66923.593410365283,73682
/Users/a/Ayanami/code/TSP/data/classic/tsplib/pr152.tsp,polyak-smoothed-dynamic,225,polyak-smoothed-dynamic,225,66877.012762290149,66923.593410365283,73682
/Users/a/Ayanami/code/TSP/data/classic/tsplib/pr152.tsp,polyak-smoothed-dynamic,226,polyak-smoothed-dynamic,226,66920.232118515778,66923.593410365283,73682
/Users/a/Ayanami/code/TSP/data/classic/tsplib/pr152.tsp,polyak-smoothed-dynamic,227,polyak-smoothed-dynamic,227,66903.842002577338,66923.593410365283,73682
/Users/a/Ayanami/code/TSP/data/classic/tsplib/pr152.tsp,polyak-smoothed-dynamic,228,polyak-smoothed-dynamic,228,66912.338982757734,66923.593410365283,73682
/Users/a/Ayanami/code/TSP/data/classic/tsplib/pr152.tsp,polyak-smoothed-dynamic,229,polyak-smoothed-dynamic,229,66936.550307060912,66936.550307060912,73682
/Users/a/Ayanami/code/TSP/data/classic/tsplib/pr152.tsp,polyak-smoothed-dynamic,230,polyak-smoothed-dynamic,230,66927.13337579988,66936.550307060912,73682
/Users/a/Ayanami/code/TSP/data/classic/tsplib/pr152.tsp,polyak-smoothed-dynamic,231,polyak-smoothed-dynamic,231,66944.687002601364,66944.687002601364,73682
/Users/a/Ayanami/code/TSP/data/classic/tsplib/pr152.tsp,polyak-smoothed-dynamic,232,polyak-smoothed-dynamic,232,66931.897169293283,66944.687002601364,73682
/Users/a/Ayanami/code/TSP/data/classic/tsplib/pr152.tsp,polyak-smoothed-dynamic,233,polyak-smoothed-dynamic,233,66940.552791326918,66944.687002601364,73682
/Users/a/Ayanami/code/TSP/data/classic/tsplib/pr152.tsp,polyak-smoothed-dynamic,234,polyak-smoothed-dynamic,234,66964.413327859933,66964.413327859933,73682
/Users/a/Ayanami/code/TSP/data/classic/tsplib/pr152.tsp,polyak-smoothed-dynamic,235,polyak-smoothed-dynamic,235,66917.295183474693,66964.413327859933,73682
/Users/a/Ayanami/code/TSP/data/classic/tsplib/pr152.tsp,polyak-smoothed-dynamic,236,polyak-smoothed-dynamic,236,66943.055858612031,66964.413327859933,73682
/Users/a/Ayanami/code/TSP/data/classic/tsplib/pr152.tsp,polyak-smoothed-dynamic,237,polyak-smoothed-dynamic,237,66946.907889223075,66964.413327859933,73682
/Users/a/Ayanami/code/TSP/data/classic/tsplib/pr152.tsp,polyak-smoothed-dynamic,238,polyak-smoothed-dynamic,238,66955.443015604425,66964.413327859933,73682
/Users/a/Ayanami/code/TSP/data/classic/tsplib/pr152.tsp,polyak-smoothed-dynamic,239,polyak-smoothed-dynamic,239,66958.469628031919,66964.413327859933,73682
/Users/a/Ayanami/code/TSP/data/classic/tsplib/pr152.tsp,polyak-smoothed-dynamic,240,polyak-smoothed-dynamic,240,66954.108676162126,66964.413327859933,73682
/Users/a/Ayanami/code/TSP/data/classic/tsplib/pr152.tsp,polyak-smoothed-dynamic,241,polyak-smoothed-dynamic,241,66945.978516292278,66964.413327859933,73682
/Users/a/Ayanami/code/TSP/data/classic/tsplib/pr152.tsp,polyak-smoothed-dynamic,242,polyak-smoothed-dynamic,242,66966.7153913238,66966.7153913238,73682
/Users/a/Ayanami/code/TSP/data/classic/tsplib/pr152.tsp,polyak-smoothed-dynamic,243,polyak-smoothed-dynamic,243,66941.419097962818,66966.7153913238,73682
/Users/a/Ayanami/code/TSP/data/classic/tsplib/pr152.tsp,polyak-smoothed-dynamic,244,polyak-smoothed-dynamic,244,66951.529527365652,66966.7153913238,73682
/Users/a/Ayanami/code/TSP/data/classic/tsplib/pr152.tsp,polyak-smoothed-dynamic,245,polyak-smoothed-dynamic,245,66954.101123067769,66966.7153913238,73682
/Users/a/Ayanami/code/TSP/data/classic/tsplib/pr152.tsp,polyak-smoothed-dynamic,246,polyak-smoothed-dynamic,246,66965.577551422844,66966.7153913238,73682
/Users/a/Ayanami/code/TSP/data/classic/tsplib/pr152.tsp,polyak-smoothed-dynamic,247,polyak-smoothed-dynamic,247,66939.31775454928,66966.7153913238,73682
/Users/a/Ayanami/code/TSP/data/classic/tsplib/pr152.tsp,polyak-smoothed-dynamic,248,polyak-smoothed-dynamic,248,66955.389513692935,66966.7153913238,73682
/Users/a/Ayanami/code/TSP/data/classic/tsplib/pr152.tsp,polyak-smoothed-dynamic,249,polyak-smoothed-dynamic,249,66935.563275419714,66966.7153913238,73682
/Users/a/Ayanami/code/TSP/data/classic/tsplib/pr152.tsp,polyak-smoothed-dynamic,250,polyak-smoothed-dynamic,250,66956.409370295383,66966.7153913238,73682
/Users/a/Ayanami/code/TSP/data/classic/tsplib/pr152.tsp,polyak-smoothed-dynamic,251,polyak-smoothed-dynamic,251,66951.054709697069,66966.7153913238,73682
/Users/a/Ayanami/code/TSP/data/classic/tsplib/pr152.tsp,polyak-smoothed-dynamic,252,polyak-smoothed-dynamic,252,66961.513569654911,66966.7153913238,73682
/Users/a/Ayanami/code/TSP/data/classic/tsplib/pr152.tsp,polyak-smoothed-dynamic,253,polyak-smoothed-dynamic,253,66957.119571328876,66966.7153913238,73682
/Users/a/Ayanami/code/TSP/data/classic/tsplib/pr152.tsp,polyak-smoothed-dynamic,254,polyak-smoothed-dynamic,254,66965.456756385582,66966.7153913238,73682
/Users/a/Ayanami/code/TSP/data/classic/tsplib/pr152.tsp,polyak-smoothed-dynamic,255,polyak-smoothed-dynamic,255,66949.88444851595,66966.7153913238,73682
/Users/a/Ayanami/code/TSP/data/classic/tsplib/pr152.tsp,polyak-smoothed-dynamic,256,polyak-smoothed-dynamic,256,66957.746941975434,66966.7153913238,73682
/Users/a/Ayanami/code/TSP/data/classic/tsplib/pr152.tsp,polyak-smoothed-dynamic,257,polyak-smoothed-dynamic,257,66994.472800720192,66994.472800720192,73682
/Users/a/Ayanami/code/TSP/data/classic/tsplib/pr152.tsp,polyak-smoothed-dynamic,258,polyak-smoothed-dynamic,258,66991.942447313559,66994.472800720192,73682
/Users/a/Ayanami/code/TSP/data/classic/tsplib/pr152.tsp,polyak-smoothed-dynamic,259,polyak-smoothed-dynamic,259,66993.718243693031,66994.472800720192,73682
/Users/a/Ayanami/code/TSP/data/classic/tsplib/pr152.tsp,polyak-smoothed-dynamic,260,polyak-smoothed-dynamic,260,66990.404037909524,66994.472800720192,73682
/Users/a/Ayanami/code/TSP/data/classic/tsplib/pr152.tsp,polyak-smoothed-dynamic,261,polyak-smoothed-dynamic,261,66991.925601990399,66994.472800720192,73682
/Users/a/Ayanami/code/TSP/data/classic/tsplib/pr152.tsp,polyak-smoothed-dynamic,262,polyak-smoothed-dynamic,262,66998.151555522592,66998.151555522592,73682
/Users/a/Ayanami/code/TSP/data/classic/tsplib/pr152.tsp,polyak-smoothed-dynamic,263,polyak-smoothed-dynamic,263,66981.900884920615,66998.151555522592,73682
/Users/a/Ayanami/code/TSP/data/classic/tsplib/pr152.tsp,polyak-smoothed-dynamic,264,polyak-smoothed-dynamic,264,66994.383249114209,66998.151555522592,73682
/Users/a/Ayanami/code/TSP/data/classic/tsplib/pr152.tsp,polyak-smoothed-dynamic,265,polyak-smoothed-dynamic,265,66982.457541775642,66998.151555522592,73682
/Users/a/Ayanami/code/TSP/data/classic/tsplib/pr152.tsp,polyak-smoothed-dynamic,266,polyak-smoothed-dynamic,266,66990.370169174217,66998.151555522592,73682
/Users/a/Ayanami/code/TSP/data/classic/tsplib/pr152.tsp,polyak-smoothed-dynamic,267,polyak-smoothed-dynamic,267,66993.62008691988,66998.151555522592,73682
/Users/a/Ayanami/code/TSP/data/classic/tsplib/pr152.tsp,polyak-smoothed-dynamic,268,polyak-smoothed-dynamic,268,66994.364711421047,66998.151555522592,73682
/Users/a/Ayanami/code/TSP/data/classic/tsplib/pr152.tsp,polyak-smoothed-dynamic,269,polyak-smoothed-dynamic,269,66997.791733989347,66998.151555522592,73682
/Users/a/Ayanami/code/TSP/data/classic/tsplib/pr152.tsp,polyak-smoothed-dynamic,270,polyak-smoothed-dynamic,270,67003.006924668894,67003.006924668894,73682
/Users/a/Ayanami/code/TSP/data/classic/tsplib/pr152.tsp,polyak-smoothed-dynamic,271,polyak-smoothed-dynamic,271,66975.711582808581,67003.006924668894,73682
/Users/a/Ayanami/code/TSP/data/classic/tsplib/pr152.tsp,polyak-smoothed-dynamic,272,polyak-smoothed-dynamic,272,66991.887141215222,67003.006924668894,73682
/Users/a/Ayanami/code/TSP/data/classic/tsplib/pr152.tsp,polyak-smoothed-dynamic,273,polyak-smoothed-dynamic,273,66993.489934250683,67003.006924668894,73682
/Users/a/Ayanami/code/TSP/data/classic/tsplib/pr152.tsp,polyak-smoothed-dynamic,274,polyak-smoothed-dynamic,274,66998.270696403575,67003.006924668894,73682
/Users/a/Ayanami/code/TSP/data/classic/tsplib/pr152.tsp,polyak-smoothed-dynamic,275,polyak-smoothed-dynamic,275,67004.524662829339,67004.524662829339,73682
/Users/a/Ayanami/code/TSP/data/classic/tsplib/pr152.tsp,polyak-smoothed-dynamic,276,polyak-smoothed-dynamic,276,66989.528403538585,67004.524662829339,73682
/Users/a/Ayanami/code/TSP/data/classic/tsplib/pr152.tsp,polyak-smoothed-dynamic,277,polyak-smoothed-dynamic,277,66993.730679852291,67004.524662829339,73682
/Users/a/Ayanami/code/TSP/data/classic/tsplib/pr152.tsp,polyak-smoothed-dynamic,278,polyak-smoothed-dynamic,278,66995.73600792326,67004.524662829339,73682
/Users/a/Ayanami/code/TSP/data/classic/tsplib/pr152.tsp,polyak-smoothed-dynamic,279,polyak-smoothed-dynamic,279,66999.381168409192,67004.524662829339,73682
/Users/a/Ayanami/code/TSP/data/classic/tsplib/pr152.tsp,polyak-smoothed-dynamic,280,polyak-smoothed-dynamic,280,67007.427032702966,67007.427032702966,73682
/Users/a/Ayanami/code/TSP/data/classic/tsplib/pr152.tsp,polyak-smoothed-dynamic,281,polyak-smoothed-dynamic,281,66992.430006011724,67007.427032702966,73682
/Users/a/Ayanami/code/TSP/data/classic/tsplib/pr152.tsp,polyak-smoothed-dynamic,282,polyak-smoothed-dynamic,282,67003.71798965185,67007.427032702966,73682
/Users/a/Ayanami/code/TSP/data/classic/tsplib/pr152.tsp,polyak-smoothed-dynamic,283,polyak-smoothed-dynamic,283,66995.113444225979,67007.427032702966,73682
/Users/a/Ayanami/code/TSP/data/classic/tsplib/pr152.tsp,polyak-smoothed-dynamic,284,polyak-smoothed-dynamic,284,67001.274854836025,67007.427032702966,73682
/Users/a/Ayanami/code/TSP/data/classic/tsplib/pr152.tsp,polyak-smoothed-dynamic,285,polyak-smoothed-dynamic,285,66989.166788239963,67007.427032702966,73682
/Users/a/Ayanami/code/TSP/data/classic/tsplib/pr152.tsp,polyak-smoothed-dynamic,286,polyak-smoothed-dynamic,286,66999.47768601749,67007.427032702966,73682
/Users/a/Ayanami/code/TSP/data/classic/tsplib/pr152.tsp,polyak-smoothed-dynamic,287,polyak-smoothed-dynamic,287,67006.610037096194,67007.427032702966,73682
/Users/a/Ayanami/code/TSP/data/classic/tsplib/pr152.tsp,polyak-smoothed-dynamic,288,polyak-smoothed-dynamic,288,67006.540610923897,67007.427032702966,73682
/Users/a/Ayanami/code/TSP/data/classic/tsplib/pr152.tsp,polyak-smoothed-dynamic,289,polyak-smoothed-dynamic,289,67005.923146007161,67007.427032702966,73682
/Users/a/Ayanami/code/TSP/data/classic/tsplib/pr152.tsp,polyak-smoothed-dynamic,290,polyak-smoothed-dynamic,290,67005.420756125008,67007.427032702966,73682
/Users/a/Ayanami/code/TSP/data/classic/tsplib/pr152.tsp,polyak-smoothed-dynamic,291,polyak-smoothed-dynamic,291,67002.421347429714,67007.427032702966,73682
/Users/a/Ayanami/code/TSP/data/classic/tsplib/pr152.tsp,polyak-smoothed-dynamic,292,polyak-smoothed-dynamic,292,67010.952823347659,67010.952823347659,73682
/Users/a/Ayanami/code/TSP/data/classic/tsplib/pr152.tsp,polyak-smoothed-dynamic,293,polyak-smoothed-dynamic,293,66996.593249194906,67010.952823347659,73682
/Users/a/Ayanami/code/TSP/data/classic/tsplib/pr152.tsp,polyak-smoothed-dynamic,294,polyak-smoothed-dynamic,294,67003.050441572952,67010.952823347659,73682
/Users/a/Ayanami/code/TSP/data/classic/tsplib/pr152.tsp,polyak-smoothed-dynamic,295,polyak-smoothed-dynamic,295,67000.25731390671,67010.952823347659,73682
/Users/a/Ayanami/code/TSP/data/classic/tsplib/pr152.tsp,polyak-smoothed-dynamic,296,polyak-smoothed-dynamic,296,67002.99068103118,67010.952823347659,73682
/Users/a/Ayanami/code/TSP/data/classic/tsplib/pr152.tsp,polyak-smoothed-dynamic,297,polyak-smoothed-dynamic,297,67004.610274504725,67010.952823347659,73682
/Users/a/Ayanami/code/TSP/data/classic/tsplib/pr152.tsp,polyak-smoothed-dynamic,298,polyak-smoothed-dynamic,298,67008.429191376461,67010.952823347659,73682
/Users/a/Ayanami/code/TSP/data/classic/tsplib/pr152.tsp,polyak-smoothed-dynamic,299,polyak-smoothed-dynamic,299,67013.15765950791,67013.15765950791,73682
/Users/a/Ayanami/code/TSP/data/classic/tsplib/pr152.tsp,polyak-smoothed-dynamic,300,polyak-smoothed-dynamic,300,66999.89993539243,67013.15765950791,73682
/Users/a/Ayanami/code/TSP/data/classic/tsplib/pr152.tsp,polyak-smoothed-dynamic,301,polyak-smoothed-dynamic,301,67007.060817152247,67013.15765950791,73682
/Users/a/Ayanami/code/TSP/data/classic/tsplib/pr152.tsp,polyak-smoothed-dynamic,302,polyak-smoothed-dynamic,302,67010.401543367319,67013.15765950791,73682
/Users/a/Ayanami/code/TSP/data/classic/tsplib/pr152.tsp,polyak-smoothed-dynamic,303,polyak-smoothed-dynamic,303,67001.371535722428,67013.15765950791,73682
/Users/a/Ayanami/code/TSP/data/classic/tsplib/pr152.tsp,polyak-smoothed-dynamic,304,polyak-smoothed-dynamic,304,67008.613992785657,67013.15765950791,73682
/Users/a/Ayanami/code/TSP/data/classic/tsplib/pr152.tsp,polyak-smoothed-dynamic,305,polyak-smoothed-dynamic,305,67005.483590846328,67013.15765950791,73682
/Users/a/Ayanami/code/TSP/data/classic/tsplib/pr152.tsp,polyak-smoothed-dynamic,306,polyak-smoothed-dynamic,306,67012.114304131566,67013.15765950791,73682
/Users/a/Ayanami/code/TSP/data/classic/tsplib/pr152.tsp,polyak-smoothed-dynamic,307,polyak-smoothed-dynamic,307,67007.542920344946,67013.15765950791,73682
/Users/a/Ayanami/code/TSP/data/classic/tsplib/pr152.tsp,polyak-smoothed-dynamic,308,polyak-smoothed-dynamic,308,67013.256869770688,67013.256869770688,73682
/Users/a/Ayanami/code/TSP/data/classic/tsplib/pr152.tsp,polyak-smoothed-dynamic,309,polyak-smoothed-dynamic,309,67010.151571896917,67013.256869770688,73682
/Users/a/Ayanami/code/TSP/data/classic/tsplib/pr152.tsp,polyak-smoothed-dynamic,310,polyak-smoothed-dynamic,310,67016.238030009365,67016.238030009365,73682
/Users/a/Ayanami/code/TSP/data/classic/tsplib/pr152.tsp,polyak-smoothed-dynamic,311,polyak-smoothed-dynamic,311,67007.710120239179,67016.238030009365,73682
/Users/a/Ayanami/code/TSP/data/classic/tsplib/pr152.tsp,polyak-smoothed-dynamic,312,polyak-smoothed-dynamic,312,67011.966538954905,67016.238030009365,73682
/Users/a/Ayanami/code/TSP/data/classic/tsplib/pr152.tsp,polyak-smoothed-dynamic,313,polyak-smoothed-dynamic,313,67018.272323986559,67018.272323986559,73682
/Users/a/Ayanami/code/TSP/data/classic/tsplib/pr152.tsp,polyak-smoothed-dynamic,314,polyak-smoothed-dynamic,314,67018.137985111636,67018.272323986559,73682
/Users/a/Ayanami/code/TSP/data/classic/tsplib/pr152.tsp,polyak-smoothed-dynamic,315,polyak-smoothed-dynamic,315,67006.501740418287,67018.272323986559,73682
/Users/a/Ayanami/code/TSP/data/classic/tsplib/pr152.tsp,polyak-smoothed-dynamic,316,polyak-smoothed-dynamic,316,67013.929490069917,67018.272323986559,73682
/Users/a/Ayanami/code/TSP/data/classic/tsplib/pr152.tsp,polyak-smoothed-dynamic,317,polyak-smoothed-dynamic,317,67005.571391319041,67018.272323986559,73682
/Users/a/Ayanami/code/TSP/data/classic/tsplib/pr152.tsp,polyak-smoothed-dynamic,318,polyak-smoothed-dynamic,318,67020.961420235559,67020.961420235559,73682
/Users/a/Ayanami/code/TSP/data/classic/tsplib/pr152.tsp,polyak-smoothed-dynamic,319,polyak-smoothed-dynamic,319,67011.669026869873,67020.961420235559,73682
/Users/a/Ayanami/code/TSP/data/classic/tsplib/pr152.tsp,polyak-smoothed-dynamic,320,polyak-smoothed-dynamic,320,67002.532582600761,67020.961420235559,73682
/Users/a/Ayanami/code/TSP/data/classic/tsplib/pr152.tsp,polyak-smoothed-dynamic,321,polyak-smoothed-dynamic,321,67022.509024731771,67022.509024731771,73682
/Users/a/Ayanami/code/TSP/data/classic/tsplib/pr152.tsp,polyak-smoothed-dynamic,322,polyak-smoothed-dynamic,322,67008.686822421907,67022.509024731771,73682
/Users/a/Ayanami/code/TSP/data/classic/tsplib/pr152.tsp,polyak-smoothed-dynamic,323,polyak-smoothed-dynamic,323,67013.377740895245,67022.509024731771,73682
/Users/a/Ayanami/code/TSP/data/classic/tsplib/pr152.tsp,polyak-smoothed-dynamic,324,polyak-smoothed-dynamic,324,67015.501813321782,67022.509024731771,73682
/Users/a/Ayanami/code/TSP/data/classic/tsplib/pr152.tsp,polyak-smoothed-dynamic,325,polyak-smoothed-dynamic,325,67014.45088288578,67022.509024731771,73682
/Users/a/Ayanami/code/TSP/data/classic/tsplib/pr152.tsp,polyak-smoothed-dynamic,326,polyak-smoothed-dynamic,326,67028.932072729513,67028.932072729513,73682
/Users/a/Ayanami/code/TSP/data/classic/tsplib/pr152.tsp,polyak-smoothed-dynamic,327,polyak-smoothed-dynamic,327,67005.631246217556,67028.932072729513,73682
/Users/a/Ayanami/code/TSP/data/classic/tsplib/pr152.tsp,polyak-smoothed-dynamic,328,polyak-smoothed-dynamic,328,67020.936013267987,67028.932072729513,73682
/Users/a/Ayanami/code/TSP/data/classic/tsplib/pr152.tsp,polyak-smoothed-dynamic,329,polyak-smoothed-dynamic,329,67006.537849964821,67028.932072729513,73682
/Users/a/Ayanami/code/TSP/data/classic/tsplib/pr152.tsp,polyak-smoothed-dynamic,330,polyak-smoothed-dynamic,330,67014.156729997456,67028.932072729513,73682
/Users/a/Ayanami/code/TSP/data/classic/tsplib/pr152.tsp,polyak-smoothed-dynamic,331,polyak-smoothed-dynamic,331,67022.432893923222,67028.932072729513,73682
/Users/a/Ayanami/code/TSP/data/classic/tsplib/pr152.tsp,polyak-smoothed-dynamic,332,polyak-smoothed-dynamic,332,67028.371529182084,67028.932072729513,73682
/Users/a/Ayanami/code/TSP/data/classic/tsplib/pr152.tsp,polyak-smoothed-dynamic,333,polyak-smoothed-dynamic,333,67015.090376099091,67028.932072729513,73682
/Users/a/Ayanami/code/TSP/data/classic/tsplib/pr152.tsp,polyak-smoothed-dynamic,334,polyak-smoothed-dynamic,334,67022.139367019758,67028.932072729513,73682
/Users/a/Ayanami/code/TSP/data/classic/tsplib/pr152.tsp,polyak-smoothed-dynamic,335,polyak-smoothed-dynamic,335,67022.320620384402,67028.932072729513,73682
/Users/a/Ayanami/code/TSP/data/classic/tsplib/pr152.tsp,polyak-smoothed-dynamic,336,polyak-smoothed-dynamic,336,67023.254465251259,67028.932072729513,73682
/Users/a/Ayanami/code/TSP/data/classic/tsplib/pr152.tsp,polyak-smoothed-dynamic,337,polyak-smoothed-dynamic,337,67019.613869930516,67028.932072729513,73682
/Users/a/Ayanami/code/TSP/data/classic/tsplib/pr152.tsp,polyak-smoothed-dynamic,338,polyak-smoothed-dynamic,338,67026.780031369664,67028.932072729513,73682
/Users/a/Ayanami/code/TSP/data/classic/tsplib/pr152.tsp,polyak-smoothed-dynamic,339,polyak-smoothed-dynamic,339,67011.006798293252,67028.932072729513,73682
/Users/a/Ayanami/code/TSP/data/classic/tsplib/pr152.tsp,polyak-smoothed-dynamic,340,polyak-smoothed-dynamic,340,67018.783799550089,67028.932072729513,73682
/Users/a/Ayanami/code/TSP/data/classic/tsplib/pr152.tsp,polyak-smoothed-dynamic,341,polyak-smoothed-dynamic,341,67031.460143851669,67031.460143851669,73682
/Users/a/Ayanami/code/TSP/data/classic/tsplib/pr152.tsp,polyak-smoothed-dynamic,342,polyak-smoothed-dynamic,342,67025.150235369263,67031.460143851669,73682
/Users/a/Ayanami/code/TSP/data/classic/tsplib/pr152.tsp,polyak-smoothed-dynamic,343,polyak-smoothed-dynamic,343,67033.566532855024,67033.566532855024,73682
/Users/a/Ayanami/code/TSP/data/classic/tsplib/pr152.tsp,polyak-smoothed-dynamic,344,polyak-smoothed-dynamic,344,67035.718498396323,67035.718498396323,73682
/Users/a/Ayanami/code/TSP/data/classic/tsplib/pr152.tsp,polyak-smoothed-dynamic,345,polyak-smoothed-dynamic,345,67031.721691436382,67035.718498396323,73682
/Users/a/Ayanami/code/TSP/data/classic/tsplib/pr152.tsp,polyak-smoothed-dynamic,346,polyak-smoothed-dynamic,346,67033.558085921482,67035.718498396323,73682
/Users/a/Ayanami/code/TSP/data/classic/tsplib/pr152.tsp,polyak-smoothed-dynamic,347,polyak-smoothed-dynamic,347,67036.724108944254,67036.724108944254,73682
/Users/a/Ayanami/code/TSP/data/classic/tsplib/pr152.tsp,polyak-smoothed-dynamic,348,polyak-smoothed-dynamic,348,67039.028540597181,67039.028540597181,73682
/Users/a/Ayanami/code/TSP/data/classic/tsplib/pr152.tsp,polyak-smoothed-dynamic,349,polyak-smoothed-dynamic,349,67038.313492297646,67039.028540597181,73682
/Users/a/Ayanami/code/TSP/data/classic/tsplib/pr152.tsp,polyak-smoothed-dynamic,350,polyak-smoothed-dynamic,350,67033.837900231345,67039.028540597181,73682
/Users/a/Ayanami/code/TSP/data/classic/tsplib/pr152.tsp,polyak-smoothed-dynamic,351,polyak-smoothed-dynamic,351,67037.191380777454,67039.028540597181,73682
/Users/a/Ayanami/code/TSP/data/classic/tsplib/pr152.tsp,polyak-smoothed-dynamic,352,polyak-smoothed-dynamic,352,67034.723531518699,67039.028540597181,73682
/Users/a/Ayanami/code/TSP/data/classic/tsplib/pr152.tsp,polyak-smoothed-dynamic,353,polyak-smoothed-dynamic,353,67037.343276040992,67039.028540597181,73682
/Users/a/Ayanami/code/TSP/data/classic/tsplib/pr152.tsp,polyak-smoothed-dynamic,354,polyak-smoothed-dynamic,354,67038.675224597187,67039.028540597181,73682
/Users/a/Ayanami/code/TSP/data/classic/tsplib/pr152.tsp,polyak-smoothed-dynamic,355,polyak-smoothed-dynamic,355,67038.336218112992,67039.028540597181,73682
/Users/a/Ayanami/code/TSP/data/classic/tsplib/pr152.tsp,polyak-smoothed-dynamic,356,polyak-smoothed-dynamic,356,67032.911868425756,67039.028540597181,73682
/Users/a/Ayanami/code/TSP/data/classic/tsplib/pr152.tsp,polyak-smoothed-dynamic,357,polyak-smoothed-dynamic,357,67034.92159248126,67039.028540597181,73682
/Users/a/Ayanami/code/TSP/data/classic/tsplib/pr152.tsp,polyak-smoothed-dynamic,358,polyak-smoothed-dynamic,358,67037.709789775021,67039.028540597181,73682
/Users/a/Ayanami/code/TSP/data/classic/tsplib/pr152.tsp,polyak-smoothed-dynamic,359,polyak-smoothed-dynamic,359,67040.821349368838,67040.821349368838,73682
/Users/a/Ayanami/code/TSP/data/classic/tsplib/pr152.tsp,polyak-smoothed-dynamic,360,polyak-smoothed-dynamic,360,67040.039571698711,67040.821349368838,73682
/Users/a/Ayanami/code/TSP/data/classic/tsplib/pr152.tsp,polyak-smoothed-dynamic,361,polyak-smoothed-dynamic,361,67033.7404526139,67040.821349368838,73682
/Users/a/Ayanami/code/TSP/data/classic/tsplib/pr152.tsp,polyak-smoothed-dynamic,362,polyak-smoothed-dynamic,362,67041.36272299019,67041.36272299019,73682
/Users/a/Ayanami/code/TSP/data/classic/tsplib/pr152.tsp,polyak-smoothed-dynamic,363,polyak-smoothed-dynamic,363,67032.714210188322,67041.36272299019,73682
/Users/a/Ayanami/code/TSP/data/classic/tsplib/pr152.tsp,polyak-smoothed-dynamic,364,polyak-smoothed-dynamic,364,67038.42408452963,67041.36272299019,73682
/Users/a/Ayanami/code/TSP/data/classic/tsplib/pr152.tsp,polyak-smoothed-dynamic,365,polyak-smoothed-dynamic,365,67035.831265603745,67041.36272299019,73682
/Users/a/Ayanami/code/TSP/data/classic/tsplib/pr152.tsp,polyak-smoothed-dynamic,366,polyak-smoothed-dynamic,366,67039.266758430502,67041.36272299019,73682
/Users/a/Ayanami/code/TSP/data/classic/tsplib/pr152.tsp,polyak-smoothed-dynamic,367,polyak-smoothed-dynamic,367,67034.078596749256,67041.36272299019,73682
/Users/a/Ayanami/code/TSP/data/classic/tsplib/pr152.tsp,polyak-smoothed-dynamic,368,polyak-smoothed-dynamic,368,67039.696115287414,67041.36272299019,73682
/Users/a/Ayanami/code/TSP/data/classic/tsplib/pr152.tsp,polyak-smoothed-dynamic,369,polyak-smoothed-dynamic,369,67036.618041253168,67041.36272299019,73682
/Users/a/Ayanami/code/TSP/data/classic/tsplib/pr152.tsp,polyak-smoothed-dynamic,370,polyak-smoothed-dynamic,370,67042.631267246383,67042.631267246383,73682
/Users/a/Ayanami/code/TSP/data/classic/tsplib/pr152.tsp,polyak-smoothed-dynamic,371,polyak-smoothed-dynamic,371,67037.648150105466,67042.631267246383,73682
/Users/a/Ayanami/code/TSP/data/classic/tsplib/pr152.tsp,polyak-smoothed-dynamic,372,polyak-smoothed-dynamic,372,67039.144744404111,67042.631267246383,73682
/Users/a/Ayanami/code/TSP/data/classic/tsplib/pr152.tsp,polyak-smoothed-dynamic,373,polyak-smoothed-dynamic,373,67042.135232250468,67042.631267246383,73682
/Users/a/Ayanami/code/TSP/data/classic/tsplib/pr152.tsp,polyak-smoothed-dynamic,374,polyak-smoothed-dynamic,374,67045.219590077933,67045.219590077933,73682
/Users/a/Ayanami/code/TSP/data/classic/tsplib/pr152.tsp,polyak-smoothed-dynamic,375,polyak-smoothed-dynamic,375,67042.460859055966,67045.219590077933,73682
/Users/a/Ayanami/code/TSP/data/classic/tsplib/pr152.tsp,polyak-smoothed-dynamic,376,polyak-smoothed-dynamic,376,67039.400388241338,67045.219590077933,73682
/Users/a/Ayanami/code/TSP/data/classic/tsplib/pr152.tsp,polyak-smoothed-dynamic,377,polyak-smoothed-dynamic,377,67044.920650156884,67045.219590077933,73682
/Users/a/Ayanami/code/TSP/data/classic/tsplib/pr152.tsp,polyak-smoothed-dynamic,378,polyak-smoothed-dynamic,378,67032.77951565999,67045.219590077933,73682
/Users/a/Ayanami/code/TSP/data/classic/tsplib/pr152.tsp,polyak-smoothed-dynamic,379,polyak-smoothed-dynamic,379,67036.832629428129,67045.219590077933,73682
/Users/a/Ayanami/code/TSP/data/classic/tsplib/pr152.tsp,polyak-smoothed-dynamic,380,polyak-smoothed-dynamic,380,67044.830281633462,67045.219590077933,73682
/Users/a/Ayanami/code/TSP/data/classic/tsplib/pr152.tsp,polyak-smoothed-dynamic,381,polyak-smoothed-dynamic,381,67039.625498203095,67045.219590077933,73682
/Users/a/Ayanami/code/TSP/data/classic/tsplib/pr152.tsp,polyak-smoothed-dynamic,382,polyak-smoothed-dynamic,382,67042.649968438171,67045.219590077933,73682
/Users/a/Ayanami/code/TSP/data/classic/tsplib/pr152.tsp,polyak-smoothed-dynamic,383,polyak-smoothed-dynamic,383,67044.299570769683,67045.219590077933,73682
/Users/a/Ayanami/code/TSP/data/classic/tsplib/pr152.tsp,polyak-smoothed-dynamic,384,polyak-smoothed-dynamic,384,67040.332866776123,67045.219590077933,73682
/Users/a/Ayanami/code/TSP/data/classic/tsplib/pr152.tsp,polyak-smoothed-dynamic,385,polyak-smoothed-dynamic,385,67045.208237372062,67045.219590077933,73682
/Users/a/Ayanami/code/TSP/data/classic/tsplib/pr152.tsp,polyak-smoothed-dynamic,386,polyak-smoothed-dynamic,386,67047.589777897461,67047.589777897461,73682
/Users/a/Ayanami/code/TSP/data/classic/tsplib/pr152.tsp,polyak-smoothed-dynamic,387,polyak-smoothed-dynamic,387,67045.32137029017,67047.589777897461,73682
/Users/a/Ayanami/code/TSP/data/classic/tsplib/pr152.tsp,polyak-smoothed-dynamic,388,polyak-smoothed-dynamic,388,67046.001380083791,67047.589777897461,73682
/Users/a/Ayanami/code/TSP/data/classic/tsplib/pr152.tsp,polyak-smoothed-dynamic,389,polyak-smoothed-dynamic,389,67044.674326508772,67047.589777897461,73682
/Users/a/Ayanami/code/TSP/data/classic/tsplib/pr152.tsp,polyak-smoothed-dynamic,390,polyak-smoothed-dynamic,390,67047.386718097696,67047.589777897461,73682
/Users/a/Ayanami/code/TSP/data/classic/tsplib/pr152.tsp,polyak-smoothed-dynamic,391,polyak-smoothed-dynamic,391,67043.731253675563,67047.589777897461,73682
/Users/a/Ayanami/code/TSP/data/classic/tsplib/pr152.tsp,polyak-smoothed-dynamic,392,polyak-smoothed-dynamic,392,67048.247407561605,67048.247407561605,73682
/Users/a/Ayanami/code/TSP/data/classic/tsplib/pr152.tsp,polyak-smoothed-dynamic,393,polyak-smoothed-dynamic,393,67043.638454112966,67048.247407561605,73682
/Users/a/Ayanami/code/TSP/data/classic/tsplib/pr152.tsp,polyak-smoothed-dynamic,394,polyak-smoothed-dynamic,394,67046.840548177381,67048.247407561605,73682
/Users/a/Ayanami/code/TSP/data/classic/tsplib/pr152.tsp,polyak-smoothed-dynamic,395,polyak-smoothed-dynamic,395,67041.974537535527,67048.247407561605,73682
/Users/a/Ayanami/code/TSP/data/classic/tsplib/pr152.tsp,polyak-smoothed-dynamic,396,polyak-smoothed-dynamic,396,67045.029144364147,67048.247407561605,73682
/Users/a/Ayanami/code/TSP/data/classic/tsplib/pr152.tsp,polyak-smoothed-dynamic,397,polyak-smoothed-dynamic,397,67047.429103642353,67048.247407561605,73682
/Users/a/Ayanami/code/TSP/data/classic/tsplib/pr152.tsp,polyak-smoothed-dynamic,398,polyak-smoothed-dynamic,398,67048.45131191166,67048.45131191166,73682
/Users/a/Ayanami/code/TSP/data/classic/tsplib/pr152.tsp,polyak-smoothed-dynamic,399,polyak-smoothed-dynamic,399,67040.299369793851,67048.45131191166,73682
/Users/a/Ayanami/code/TSP/data/classic/tsplib/pr152.tsp,polyak-smoothed-dynamic,400,polyak-smoothed-dynamic,400,67045.359631937885,67048.45131191166,73682
/Users/a/Ayanami/code/TSP/data/classic/tsplib/pr152.tsp,polyak-smoothed-dynamic,401,polyak-smoothed-dynamic,401,67044.732130286735,67048.45131191166,73682
/Users/a/Ayanami/code/TSP/data/classic/tsplib/pr152.tsp,polyak-smoothed-dynamic,402,polyak-smoothed-dynamic,402,67046.986735716186,67048.45131191166,73682
/Users/a/Ayanami/code/TSP/data/classic/tsplib/pr152.tsp,polyak-smoothed-dynamic,403,polyak-smoothed-dynamic,403,67047.644599552834,67048.45131191166,73682
/Users/a/Ayanami/code/TSP/data/classic/tsplib/pr152.tsp,polyak-smoothed-dynamic,404,polyak-smoothed-dynamic,404,67044.718269827732,67048.45131191166,73682
/Users/a/Ayanami/code/TSP/data/classic/tsplib/pr152.tsp,polyak-smoothed-dynamic,405,polyak-smoothed-dynamic,405,67049.620350305049,67049.620350305049,73682
/Users/a/Ayanami/code/TSP/data/classic/tsplib/pr152.tsp,polyak-smoothed-dynamic,406,polyak-smoothed-dynamic,406,67050.16599724986,67050.16599724986,73682
/Users/a/Ayanami/code/TSP/data/classic/tsplib/pr152.tsp,polyak-smoothed-dynamic,407,polyak-smoothed-dynamic,407,67047.998387722371,67050.16599724986,73682
/Users/a/Ayanami/code/TSP/data/classic/tsplib/pr152.tsp,polyak-smoothed-dynamic,408,polyak-smoothed-dynamic,408,67046.174964247941,67050.16599724986,73682
/Users/a/Ayanami/code/TSP/data/classic/tsplib/pr152.tsp,polyak-smoothed-dynamic,409,polyak-smoothed-dynamic,409,67046.171015920001,67050.16599724986,73682
/Users/a/Ayanami/code/TSP/data/classic/tsplib/pr152.tsp,polyak-smoothed-dynamic,410,polyak-smoothed-dynamic,410,67045.492764158276,67050.16599724986,73682
/Users/a/Ayanami/code/TSP/data/classic/tsplib/pr152.tsp,polyak-smoothed-dynamic,411,polyak-smoothed-dynamic,411,67052.730834001835,67052.730834001835,73682
/Users/a/Ayanami/code/TSP/data/classic/tsplib/pr152.tsp,polyak-smoothed-dynamic,412,polyak-smoothed-dynamic,412,67037.488858063167,67052.730834001835,73682
/Users/a/Ayanami/code/TSP/data/classic/tsplib/pr152.tsp,polyak-smoothed-dynamic,413,polyak-smoothed-dynamic,413,67042.794665651396,67052.730834001835,73682
/Users/a/Ayanami/code/TSP/data/classic/tsplib/pr152.tsp,polyak-smoothed-dynamic,414,polyak-smoothed-dynamic,414,67053.121045127235,67053.121045127235,73682
/Users/a/Ayanami/code/TSP/data/classic/tsplib/pr152.tsp,polyak-smoothed-dynamic,415,polyak-smoothed-dynamic,415,67051.607415078703,67053.121045127235,73682
/Users/a/Ayanami/code/TSP/data/classic/tsplib/pr152.tsp,polyak-smoothed-dynamic,416,polyak-smoothed-dynamic,416,67051.924491598111,67053.121045127235,73682
/Users/a/Ayanami/code/TSP/data/classic/tsplib/pr152.tsp,polyak-smoothed-dynamic,417,polyak-smoothed-dynamic,417,67054.122824622464,67054.122824622464,73682
/Users/a/Ayanami/code/TSP/data/classic/tsplib/pr152.tsp,polyak-smoothed-dynamic,418,polyak-smoothed-dynamic,418,67050.217098473091,67054.122824622464,73682
/Users/a/Ayanami/code/TSP/data/classic/tsplib/pr152.tsp,polyak-smoothed-dynamic,419,polyak-smoothed-dynamic,419,67048.668557154451,67054.122824622464,73682
/Users/a/Ayanami/code/TSP/data/classic/tsplib/pr152.tsp,polyak-smoothed-dynamic,420,polyak-smoothed-dynamic,420,67049.907355009069,67054.122824622464,73682
/Users/a/Ayanami/code/TSP/data/classic/tsplib/pr152.tsp,polyak-smoothed-dynamic,421,polyak-smoothed-dynamic,421,67053.250458356735,67054.122824622464,73682
/Users/a/Ayanami/code/TSP/data/classic/tsplib/pr152.tsp,polyak-smoothed-dynamic,422,polyak-smoothed-dynamic,422,67044.41089400342,67054.122824622464,73682
/Users/a/Ayanami/code/TSP/data/classic/tsplib/pr152.tsp,polyak-smoothed-dynamic,423,polyak-smoothed-dynamic,423,67045.107483064668,67054.122824622464,73682
/Users/a/Ayanami/code/TSP/data/classic/tsplib/pr152.tsp,polyak-smoothed-dynamic,424,polyak-smoothed-dynamic,424,67052.507148558638,67054.122824622464,73682
/Users/a/Ayanami/code/TSP/data/classic/tsplib/pr152.tsp,polyak-smoothed-dynamic,425,polyak-smoothed-dynamic,425,67053.021536005952,67054.122824622464,73682
/Users/a/Ayanami/code/TSP/data/classic/tsplib/pr152.tsp,polyak-smoothed-dynamic,426,polyak-smoothed-dynamic,426,67054.288471137319,67054.288471137319,73682
/Users/a/Ayanami/code/TSP/data/classic/tsplib/pr152.tsp,polyak-smoothed-dynamic,427,polyak-smoothed-dynamic,427,67047.666575713694,67054.288471137319,73682
/Users/a/Ayanami/code/TSP/data/classic/tsplib/pr152.tsp,polyak-smoothed-dynamic,428,polyak-smoothed-dynamic,428,67050.105226511383,67054.288471137319,73682
/Users/a/Ayanami/code/TSP/data/classic/tsplib/pr152.tsp,polyak-smoothed-dynamic,429,polyak-smoothed-dynamic,429,67056.988415557935,67056.988415557935,73682
/Users/a/Ayanami/code/TSP/data/classic/tsplib/pr152.tsp,polyak-smoothed-dynamic,430,polyak-smoothed-dynamic,430,67056.674830436474,67056.988415557935,73682
/Users/a/Ayanami/code/TSP/data/classic/tsplib/pr152.tsp,polyak-smoothed-dynamic,431,polyak-smoothed-dynamic,431,67051.110280049892,67056.988415557935,73682
/Users/a/Ayanami/code/TSP/data/classic/tsplib/pr152.tsp,polyak-smoothed-dynamic,432,polyak-smoothed-dynamic,432,67051.304348985897,67056.988415557935,73682
/Users/a/Ayanami/code/TSP/data/classic/tsplib/pr152.tsp,polyak-smoothed-dynamic,433,polyak-smoothed-dynamic,433,67057.918727793876,67057.918727793876,73682
/Users/a/Ayanami/code/TSP/data/classic/tsplib/pr152.tsp,polyak-smoothed-dynamic,434,polyak-smoothed-dynamic,434,67043.207851831321,67057.918727793876,73682
/Users/a/Ayanami/code/TSP/data/classic/tsplib/pr152.tsp,polyak-smoothed-dynamic,435,polyak-smoothed-dynamic,435,67052.476242864548,67057.918727793876,73682
/Users/a/Ayanami/code/TSP/data/classic/tsplib/pr152.tsp,polyak-smoothed-dynamic,436,polyak-smoothed-dynamic,436,67050.671109062358,67057.918727793876,73682
/Users/a/Ayanami/code/TSP/data/classic/tsplib/pr152.tsp,polyak-smoothed-dynamic,437,polyak-smoothed-dynamic,437,67052.806144162168,67057.918727793876,73682
/Users/a/Ayanami/code/TSP/data/classic/tsplib/pr152.tsp,polyak-smoothed-dynamic,438,polyak-smoothed-dynamic,438,67057.344962852076,67057.918727793876,73682
/Users/a/Ayanami/code/TSP/data/classic/tsplib/pr152.tsp,polyak-smoothed-dynamic,439,polyak-smoothed-dynamic,439,67050.470063855144,67057.918727793876,73682
/Users/a/Ayanami/code/TSP/data/classic/tsplib/pr152.tsp,polyak-smoothed-dynamic,440,polyak-smoothed-dynamic,440,67057.913257377702,67057.918727793876,73682
/Users/a/Ayanami/code/TSP/data/classic/tsplib/pr152.tsp,polyak-smoothed-dynamic,441,polyak-smoothed-dynamic,441,67049.036298276013,67057.918727793876,73682
/Users/a/Ayanami/code/TSP/data/classic/tsplib/pr152.tsp,polyak-smoothed-dynamic,442,polyak-smoothed-dynamic,442,67052.712099790282,67057.918727793876,73682
/Users/a/Ayanami/code/TSP/data/classic/tsplib/pr152.tsp,polyak-smoothed-dynamic,443,polyak-smoothed-dynamic,443,67054.675717478924,67057.918727793876,73682
/Users/a/Ayanami/code/TSP/data/classic/tsplib/pr152.tsp,polyak-smoothed-dynamic,444,polyak-smoothed-dynamic,444,67057.539760988977,67057.918727793876,73682
/Users/a/Ayanami/code/TSP/data/classic/tsplib/pr152.tsp,polyak-smoothed-dynamic,445,polyak-smoothed-dynamic,445,67054.497702066627,67057.918727793876,73682
/Users/a/Ayanami/code/TSP/data/classic/tsplib/pr152.tsp,polyak-smoothed-dynamic,446,polyak-smoothed-dynamic,446,67056.414373049483,67057.918727793876,73682
/Users/a/Ayanami/code/TSP/data/classic/tsplib/pr152.tsp,polyak-smoothed-dynamic,447,polyak-smoothed-dynamic,447,67059.5179726879,67059.5179726879,73682
/Users/a/Ayanami/code/TSP/data/classic/tsplib/pr152.tsp,polyak-smoothed-dynamic,448,polyak-smoothed-dynamic,448,67060.311543805088,67060.311543805088,73682
/Users/a/Ayanami/code/TSP/data/classic/tsplib/pr152.tsp,polyak-smoothed-dynamic,449,polyak-smoothed-dynamic,449,67062.812220814129,67062.812220814129,73682
/Users/a/Ayanami/code/TSP/data/classic/tsplib/pr152.tsp,polyak-smoothed-dynamic,450,polyak-smoothed-dynamic,450,67062.455148904191,67062.812220814129,73682
/Users/a/Ayanami/code/TSP/data/classic/tsplib/pr152.tsp,polyak-smoothed-dynamic,451,polyak-smoothed-dynamic,451,67062.147767219009,67062.812220814129,73682
/Users/a/Ayanami/code/TSP/data/classic/tsplib/pr152.tsp,polyak-smoothed-dynamic,452,polyak-smoothed-dynamic,452,67061.693150851337,67062.812220814129,73682
/Users/a/Ayanami/code/TSP/data/classic/tsplib/pr152.tsp,polyak-smoothed-dynamic,453,polyak-smoothed-dynamic,453,67063.232290881526,67063.232290881526,73682
/Users/a/Ayanami/code/TSP/data/classic/tsplib/pr152.tsp,polyak-smoothed-dynamic,454,polyak-smoothed-dynamic,454,67062.56428082932,67063.232290881526,73682
/Users/a/Ayanami/code/TSP/data/classic/tsplib/pr152.tsp,polyak-smoothed-dynamic,455,polyak-smoothed-dynamic,455,67060.947346193236,67063.232290881526,73682
/Users/a/Ayanami/code/TSP/data/classic/tsplib/pr152.tsp,polyak-smoothed-dynamic,456,polyak-smoothed-dynamic,456,67063.667679413527,67063.667679413527,73682
/Users/a/Ayanami/code/TSP/data/classic/tsplib/pr152.tsp,polyak-smoothed-dynamic,457,polyak-smoothed-dynamic,457,67061.82148919387,67063.667679413527,73682
/Users/a/Ayanami/code/TSP/data/classic/tsplib/pr152.tsp,polyak-smoothed-dynamic,458,polyak-smoothed-dynamic,458,67063.537523103529,67063.667679413527,73682
/Users/a/Ayanami/code/TSP/data/classic/tsplib/pr152.tsp,polyak-smoothed-dynamic,459,polyak-smoothed-dynamic,459,67062.900775345348,67063.667679413527,73682
/Users/a/Ayanami/code/TSP/data/classic/tsplib/pr152.tsp,polyak-smoothed-dynamic,460,polyak-smoothed-dynamic,460,67063.914700426423,67063.914700426423,73682
/Users/a/Ayanami/code/TSP/data/classic/tsplib/pr152.tsp,polyak-smoothed-dynamic,461,polyak-smoothed-dynamic,461,67061.216420607423,67063.914700426423,73682
/Users/a/Ayanami/code/TSP/data/classic/tsplib/pr152.tsp,polyak-smoothed-dynamic,462,polyak-smoothed-dynamic,462,67062.068356979071,67063.914700426423,73682
/Users/a/Ayanami/code/TSP/data/classic/tsplib/pr152.tsp,polyak-smoothed-dynamic,463,polyak-smoothed-dynamic,463,67063.488309974709,67063.914700426423,73682
/Users/a/Ayanami/code/TSP/data/classic/tsplib/pr152.tsp,polyak-smoothed-dynamic,464,polyak-smoothed-dynamic,464,67064.00962145075,67064.00962145075,73682
/Users/a/Ayanami/code/TSP/data/classic/tsplib/pr152.tsp,polyak-smoothed-dynamic,465,polyak-smoothed-dynamic,465,67066.118157587,67066.118157587,73682
/Users/a/Ayanami/code/TSP/data/classic/tsplib/pr152.tsp,polyak-smoothed-dynamic,466,polyak-smoothed-dynamic,466,67057.862535379929,67066.118157587,73682
/Users/a/Ayanami/code/TSP/data/classic/tsplib/pr152.tsp,polyak-smoothed-dynamic,467,polyak-smoothed-dynamic,467,67062.263394203517,67066.118157587,73682
/Users/a/Ayanami/code/TSP/data/classic/tsplib/pr152.tsp,polyak-smoothed-dynamic,468,polyak-smoothed-dynamic,468,67062.294063281035,67066.118157587,73682
/Users/a/Ayanami/code/TSP/data/classic/tsplib/pr152.tsp,polyak-smoothed-dynamic,469,polyak-smoothed-dynamic,469,67063.412606151003,67066.118157587,73682
/Users/a/Ayanami/code/TSP/data/classic/tsplib/pr152.tsp,polyak-smoothed-dynamic,470,polyak-smoothed-dynamic,470,67064.651112380976,67066.118157587,73682
/Users/a/Ayanami/code/TSP/data/classic/tsplib/pr152.tsp,polyak-smoothed-dynamic,471,polyak-smoothed-dynamic,471,67065.79827445226,67066.118157587,73682
/Users/a/Ayanami/code/TSP/data/classic/tsplib/pr152.tsp,polyak-smoothed-dynamic,472,polyak-smoothed-dynamic,472,67063.553447603874,67066.118157587,73682
/Users/a/Ayanami/code/TSP/data/classic/tsplib/pr152.tsp,polyak-smoothed-dynamic,473,polyak-smoothed-dynamic,473,67063.965256620213,67066.118157587,73682
/Users/a/Ayanami/code/TSP/data/classic/tsplib/pr152.tsp,polyak-smoothed-dynamic,474,polyak-smoothed-dynamic,474,67066.179752816301,67066.179752816301,73682
/Users/a/Ayanami/code/TSP/data/classic/tsplib/pr152.tsp,polyak-smoothed-dynamic,475,polyak-smoothed-dynamic,475,67063.804516415257,67066.179752816301,73682
/Users/a/Ayanami/code/TSP/data/classic/tsplib/pr152.tsp,polyak-smoothed-dynamic,476,polyak-smoothed-dynamic,476,67064.446295456248,67066.179752816301,73682
/Users/a/Ayanami/code/TSP/data/classic/tsplib/pr152.tsp,polyak-smoothed-dynamic,477,polyak-smoothed-dynamic,477,67066.776317200245,67066.776317200245,73682
/Users/a/Ayanami/code/TSP/data/classic/tsplib/pr152.tsp,polyak-smoothed-dynamic,478,polyak-smoothed-dynamic,478,67060.35724801039,67066.776317200245,73682
/Users/a/Ayanami/code/TSP/data/classic/tsplib/pr152.tsp,polyak-smoothed-dynamic,479,polyak-smoothed-dynamic,479,67062.952855235999,67066.776317200245,73682
/Users/a/Ayanami/code/TSP/data/classic/tsplib/pr152.tsp,polyak-smoothed-dynamic,480,polyak-smoothed-dynamic,480,67065.702356277878,67066.776317200245,73682
/Users/a/Ayanami/code/TSP/data/classic/tsplib/pr152.tsp,polyak-smoothed-dynamic,481,polyak-smoothed-dynamic,481,67065.750941433711,67066.776317200245,73682
/Users/a/Ayanami/code/TSP/data/classic/tsplib/pr152.tsp,polyak-smoothed-dynamic,482,polyak-smoothed-dynamic,482,67067.980790825415,67067.980790825415,73682
/Users/a/Ayanami/code/TSP/data/classic/tsplib/pr152.tsp,polyak-smoothed-dynamic,483,polyak-smoothed-dynamic,483,67064.921763145219,67067.980790825415,73682
/Users/a/Ayanami/code/TSP/data/classic/tsplib/pr152.tsp,polyak-smoothed-dynamic,484,polyak-smoothed-dynamic,484,67067.118156959332,67067.980790825415,73682
/Users/a/Ayanami/code/TSP/data/classic/tsplib/pr152.tsp,polyak-smoothed-dynamic,485,polyak-smoothed-dynamic,485,67065.240631019566,67067.980790825415,73682
/Users/a/Ayanami/code/TSP/data/classic/tsplib/pr152.tsp,polyak-smoothed-dynamic,486,polyak-smoothed-dynamic,486,67065.51444736094,67067.980790825415,73682
/Users/a/Ayanami/code/TSP/data/classic/tsplib/pr152.tsp,polyak-smoothed-dynamic,487,polyak-smoothed-dynamic,487,67068.375686690808,67068.375686690808,73682
/Users/a/Ayanami/code/TSP/data/classic/tsplib/pr152.tsp,polyak-smoothed-dynamic,488,polyak-smoothed-dynamic,488,67063.688484822385,67068.375686690808,73682
/Users/a/Ayanami/code/TSP/data/classic/tsplib/pr152.tsp,polyak-smoothed-dynamic,489,polyak-smoothed-dynamic,489,67065.469216961952,67068.375686690808,73682
/Users/a/Ayanami/code/TSP/data/classic/tsplib/pr152.tsp,polyak-smoothed-dynamic,490,polyak-smoothed-dynamic,490,67067.781207404958,67068.375686690808,73682
/Users/a/Ayanami/code/TSP/data/classic/tsplib/pr152.tsp,polyak-smoothed-dynamic,491,polyak-smoothed-dynamic,491,67066.730501329206,67068.375686690808,73682
/Users/a/Ayanami/code/TSP/data/classic/tsplib/pr152.tsp,polyak-smoothed-dynamic,492,polyak-smoothed-dynamic,492,67068.366826110505,67068.375686690808,73682
/Users/a/Ayanami/code/TSP/data/classic/tsplib/pr152.tsp,polyak-smoothed-dynamic,493,polyak-smoothed-dynamic,493,67068.243277016576,67068.375686690808,73682
/Users/a/Ayanami/code/TSP/data/classic/tsplib/pr152.tsp,polyak-smoothed-dynamic,494,polyak-smoothed-dynamic,494,67068.219272649396,67068.375686690808,73682
/Users/a/Ayanami/code/TSP/data/classic/tsplib/pr152.tsp,polyak-smoothed-dynamic,495,polyak-smoothed-dynamic,495,67068.380264176347,67068.380264176347,73682
/Users/a/Ayanami/code/TSP/data/classic/tsplib/pr152.tsp,polyak-smoothed-dynamic,496,polyak-smoothed-dynamic,496,67067.907230445853,67068.380264176347,73682
/Users/a/Ayanami/code/TSP/data/classic/tsplib/pr152.tsp,polyak-smoothed-dynamic,497,polyak-smoothed-dynamic,497,67067.753230892966,67068.380264176347,73682
/Users/a/Ayanami/code/TSP/data/classic/tsplib/pr152.tsp,polyak-smoothed-dynamic,498,polyak-smoothed-dynamic,498,67068.629349267343,67068.629349267343,73682
/Users/a/Ayanami/code/TSP/data/classic/tsplib/pr152.tsp,polyak-smoothed-dynamic,499,polyak-smoothed-dynamic,499,67065.036712685818,67068.629349267343,73682
/Users/a/Ayanami/code/TSP/data/classic/tsplib/pr152.tsp,polyak-smoothed-dynamic,500,polyak-smoothed-dynamic,500,67068.701687545516,67068.701687545516,73682
/Users/a/Ayanami/code/TSP/data/classic/tsplib/pr152.tsp,polyak-smoothed-dynamic,501,polyak-smoothed-dynamic,501,67066.132330632565,67068.701687545516,73682
/Users/a/Ayanami/code/TSP/data/classic/tsplib/pr152.tsp,polyak-smoothed-dynamic,502,polyak-smoothed-dynamic,502,67067.224761307007,67068.701687545516,73682
/Users/a/Ayanami/code/TSP/data/classic/tsplib/pr152.tsp,polyak-smoothed-dynamic,503,polyak-smoothed-dynamic,503,67069.282423861674,67069.282423861674,73682
/Users/a/Ayanami/code/TSP/data/classic/tsplib/pr152.tsp,polyak-smoothed-dynamic,504,polyak-smoothed-dynamic,504,67066.437162420305,67069.282423861674,73682
/Users/a/Ayanami/code/TSP/data/classic/tsplib/pr152.tsp,polyak-smoothed-dynamic,505,polyak-smoothed-dynamic,505,67069.370289334154,67069.370289334154,73682
/Users/a/Ayanami/code/TSP/data/classic/tsplib/pr152.tsp,polyak-smoothed-dynamic,506,polyak-smoothed-dynamic,506,67065.337818121814,67069.370289334154,73682
/Users/a/Ayanami/code/TSP/data/classic/tsplib/pr152.tsp,polyak-smoothed-dynamic,507,polyak-smoothed-dynamic,507,67067.056576924675,67069.370289334154,73682
/Users/a/Ayanami/code/TSP/data/classic/tsplib/pr152.tsp,polyak-smoothed-dynamic,508,polyak-smoothed-dynamic,508,67068.412287847037,67069.370289334154,73682
/Users/a/Ayanami/code/TSP/data/classic/tsplib/pr152.tsp,polyak-smoothed-dynamic,509,polyak-smoothed-dynamic,509,67068.946963503477,67069.370289334154,73682
/Users/a/Ayanami/code/TSP/data/classic/tsplib/pr152.tsp,polyak-smoothed-dynamic,510,polyak-smoothed-dynamic,510,67069.39200817066,67069.39200817066,73682
/Users/a/Ayanami/code/TSP/data/classic/tsplib/pr152.tsp,polyak-smoothed-dynamic,511,polyak-smoothed-dynamic,511,67071.006873048769,67071.006873048769,73682
/Users/a/Ayanami/code/TSP/data/classic/tsplib/pr152.tsp,polyak-smoothed-dynamic,512,polyak-smoothed-dynamic,512,67066.043526392765,67071.006873048769,73682
/Users/a/Ayanami/code/TSP/data/classic/tsplib/pr152.tsp,polyak-smoothed-dynamic,513,polyak-smoothed-dynamic,513,67066.123499911075,67071.006873048769,73682
/Users/a/Ayanami/code/TSP/data/classic/tsplib/pr152.tsp,polyak-smoothed-dynamic,514,polyak-smoothed-dynamic,514,67071.004689185924,67071.006873048769,73682
/Users/a/Ayanami/code/TSP/data/classic/tsplib/pr152.tsp,polyak-smoothed-dynamic,515,polyak-smoothed-dynamic,515,67065.723149632278,67071.006873048769,73682
/Users/a/Ayanami/code/TSP/data/classic/tsplib/pr152.tsp,polyak-smoothed-dynamic,516,polyak-smoothed-dynamic,516,67068.421797035393,67071.006873048769,73682
/Users/a/Ayanami/code/TSP/data/classic/tsplib/pr152.tsp,polyak-smoothed-dynamic,517,polyak-smoothed-dynamic,517,67071.56525011138,67071.56525011138,73682
/Users/a/Ayanami/code/TSP/data/classic/tsplib/pr152.tsp,polyak-smoothed-dynamic,518,polyak-smoothed-dynamic,518,67065.788325134956,67071.56525011138,73682
/Users/a/Ayanami/code/TSP/data/classic/tsplib/pr152.tsp,polyak-smoothed-dynamic,519,polyak-smoothed-dynamic,519,67067.273446259045,67071.56525011138,73682
/Users/a/Ayanami/code/TSP/data/classic/tsplib/pr152.tsp,polyak-smoothed-dynamic,520,polyak-smoothed-dynamic,520,67070.637112402779,67071.56525011138,73682
/Users/a/Ayanami/code/TSP/data/classic/tsplib/pr152.tsp,polyak-smoothed-dynamic,521,polyak-smoothed-dynamic,521,67068.330121226725,67071.56525011138,73682
/Users/a/Ayanami/code/TSP/data/classic/tsplib/pr152.tsp,polyak-smoothed-dynamic,522,polyak-smoothed-dynamic,522,67070.420702821517,67071.56525011138,73682
/Users/a/Ayanami/code/TSP/data/classic/tsplib/pr152.tsp,polyak-smoothed-dynamic,523,polyak-smoothed-dynamic,523,67070.027035440697,67071.56525011138,73682
/Users/a/Ayanami/code/TSP/data/classic/tsplib/pr152.tsp,polyak-smoothed-dynamic,524,polyak-smoothed-dynamic,524,67069.460805373237,67071.56525011138,73682
/Users/a/Ayanami/code/TSP/data/classic/tsplib/pr152.tsp,polyak-smoothed-dynamic,525,polyak-smoothed-dynamic,525,67071.877635863042,67071.877635863042,73682
/Users/a/Ayanami/code/TSP/data/classic/tsplib/pr152.tsp,polyak-smoothed-dynamic,526,polyak-smoothed-dynamic,526,67071.215139631691,67071.877635863042,73682
/Users/a/Ayanami/code/TSP/data/classic/tsplib/pr152.tsp,polyak-smoothed-dynamic,527,polyak-smoothed-dynamic,527,67073.160590896849,67073.160590896849,73682
/Users/a/Ayanami/code/TSP/data/classic/tsplib/pr152.tsp,polyak-smoothed-dynamic,528,polyak-smoothed-dynamic,528,67067.751289193009,67073.160590896849,73682
/Users/a/Ayanami/code/TSP/data/classic/tsplib/pr152.tsp,polyak-smoothed-dynamic,529,polyak-smoothed-dynamic,529,67070.285099573171,67073.160590896849,73682
/Users/a/Ayanami/code/TSP/data/classic/tsplib/pr152.tsp,polyak-smoothed-dynamic,530,polyak-smoothed-dynamic,530,67072.579545222834,67073.160590896849,73682
/Users/a/Ayanami/code/TSP/data/classic/tsplib/pr152.tsp,polyak-smoothed-dynamic,531,polyak-smoothed-dynamic,531,67070.304203166364,67073.160590896849,73682
/Users/a/Ayanami/code/TSP/data/classic/tsplib/pr152.tsp,polyak-smoothed-dynamic,532,polyak-smoothed-dynamic,532,67070.64628186007,67073.160590896849,73682
/Users/a/Ayanami/code/TSP/data/classic/tsplib/pr152.tsp,polyak-smoothed-dynamic,533,polyak-smoothed-dynamic,533,67070.141147081114,67073.160590896849,73682
/Users/a/Ayanami/code/TSP/data/classic/tsplib/pr152.tsp,polyak-smoothed-dynamic,534,polyak-smoothed-dynamic,534,67073.549023186439,67073.549023186439,73682
/Users/a/Ayanami/code/TSP/data/classic/tsplib/pr152.tsp,polyak-smoothed-dynamic,535,polyak-smoothed-dynamic,535,67069.220821535186,67073.549023186439,73682
/Users/a/Ayanami/code/TSP/data/classic/tsplib/pr152.tsp,polyak-smoothed-dynamic,536,polyak-smoothed-dynamic,536,67071.357779975457,67073.549023186439,73682
/Users/a/Ayanami/code/TSP/data/classic/tsplib/pr152.tsp,polyak-smoothed-dynamic,537,polyak-smoothed-dynamic,537,67073.750798814566,67073.750798814566,73682
/Users/a/Ayanami/code/TSP/data/classic/tsplib/pr152.tsp,polyak-smoothed-dynamic,538,polyak-smoothed-dynamic,538,67070.344599123098,67073.750798814566,73682
/Users/a/Ayanami/code/TSP/data/classic/tsplib/pr152.tsp,polyak-smoothed-dynamic,539,polyak-smoothed-dynamic,539,67071.930179390722,67073.750798814566,73682
/Users/a/Ayanami/code/TSP/data/classic/tsplib/pr152.tsp,polyak-smoothed-dynamic,540,polyak-smoothed-dynamic,540,67072.982136002727,67073.750798814566,73682
/Users/a/Ayanami/code/TSP/data/classic/tsplib/pr152.tsp,polyak-smoothed-dynamic,541,polyak-smoothed-dynamic,541,67070.362244925884,67073.750798814566,73682
/Users/a/Ayanami/code/TSP/data/classic/tsplib/pr152.tsp,polyak-smoothed-dynamic,542,polyak-smoothed-dynamic,542,67071.968984877225,67073.750798814566,73682
/Users/a/Ayanami/code/TSP/data/classic/tsplib/pr152.tsp,polyak-smoothed-dynamic,543,polyak-smoothed-dynamic,543,67072.837287786169,67073.750798814566,73682
/Users/a/Ayanami/code/TSP/data/classic/tsplib/pr152.tsp,polyak-smoothed-dynamic,544,polyak-smoothed-dynamic,544,67071.507172663114,67073.750798814566,73682
/Users/a/Ayanami/code/TSP/data/classic/tsplib/pr152.tsp,polyak-smoothed-dynamic,545,polyak-smoothed-dynamic,545,67073.787210636438,67073.787210636438,73682
/Users/a/Ayanami/code/TSP/data/classic/tsplib/pr152.tsp,polyak-smoothed-dynamic,546,polyak-smoothed-dynamic,546,67072.297260664913,67073.787210636438,73682
/Users/a/Ayanami/code/TSP/data/classic/tsplib/pr152.tsp,polyak-smoothed-dynamic,547,polyak-smoothed-dynamic,547,67072.457571061765,67073.787210636438,73682
/Users/a/Ayanami/code/TSP/data/classic/tsplib/pr152.tsp,polyak-smoothed-dynamic,548,polyak-smoothed-dynamic,548,67071.113494830541,67073.787210636438,73682
/Users/a/Ayanami/code/TSP/data/classic/tsplib/pr152.tsp,polyak-smoothed-dynamic,549,polyak-smoothed-dynamic,549,67074.065854631248,67074.065854631248,73682
/Users/a/Ayanami/code/TSP/data/classic/tsplib/pr152.tsp,polyak-smoothed-dynamic,550,polyak-smoothed-dynamic,550,67073.049339475692,67074.065854631248,73682
/Users/a/Ayanami/code/TSP/data/classic/tsplib/pr152.tsp,polyak-smoothed-dynamic,551,polyak-smoothed-dynamic,551,67073.69221088817,67074.065854631248,73682
/Users/a/Ayanami/code/TSP/data/classic/tsplib/pr152.tsp,polyak-smoothed-dynamic,552,polyak-smoothed-dynamic,552,67071.204541839514,67074.065854631248,73682
/Users/a/Ayanami/code/TSP/data/classic/tsplib/pr152.tsp,polyak-smoothed-dynamic,553,polyak-smoothed-dynamic,553,67073.019987976106,67074.065854631248,73682
/Users/a/Ayanami/code/TSP/data/classic/tsplib/pr152.tsp,polyak-smoothed-dynamic,554,polyak-smoothed-dynamic,554,67072.950593100439,67074.065854631248,73682
/Users/a/Ayanami/code/TSP/data/classic/tsplib/pr152.tsp,polyak-smoothed-dynamic,555,polyak-smoothed-dynamic,555,67074.796964838068,67074.796964838068,73682
/Users/a/Ayanami/code/TSP/data/classic/tsplib/pr152.tsp,polyak-smoothed-dynamic,556,polyak-smoothed-dynamic,556,67070.325722356967,67074.796964838068,73682
/Users/a/Ayanami/code/TSP/data/classic/tsplib/pr152.tsp,polyak-smoothed-dynamic,557,polyak-smoothed-dynamic,557,67071.28691262244,67074.796964838068,73682
/Users/a/Ayanami/code/TSP/data/classic/tsplib/pr152.tsp,polyak-smoothed-dynamic,558,polyak-smoothed-dynamic,558,67075.954762586771,67075.954762586771,73682
/Users/a/Ayanami/code/TSP/data/classic/tsplib/pr152.tsp,polyak-smoothed-dynamic,559,polyak-smoothed-dynamic,559,67070.132205346701,67075.954762586771,73682
/Users/a/Ayanami/code/TSP/data/classic/tsplib/pr152.tsp,polyak-smoothed-dynamic,560,polyak-smoothed-dynamic,560,67074.266001627868,67075.954762586771,73682
/Users/a/Ayanami/code/TSP/data/classic/tsplib/pr152.tsp,polyak-smoothed-dynamic,561,polyak-smoothed-dynamic,561,67072.566840392072,67075.954762586771,73682
/Users/a/Ayanami/code/TSP/data/classic/tsplib/pr152.tsp,polyak-smoothed-dynamic,562,polyak-smoothed-dynamic,562,67073.73041815951,67075.954762586771,73682
/Users/a/Ayanami/code/TSP/data/classic/tsplib/pr152.tsp,polyak-smoothed-dynamic,563,polyak-smoothed-dynamic,563,67074.649557776866,67075.954762586771,73682
/Users/a/Ayanami/code/TSP/data/classic/tsplib/pr152.tsp,polyak-smoothed-dynamic,564,polyak-smoothed-dynamic,564,67075.597935385056,67075.954762586771,73682
/Users/a/Ayanami/code/TSP/data/classic/tsplib/pr152.tsp,polyak-smoothed-dynamic,565,polyak-smoothed-dynamic,565,67072.922909566158,67075.954762586771,73682
/Users/a/Ayanami/code/TSP/data/classic/tsplib/pr152.tsp,polyak-smoothed-dynamic,566,polyak-smoothed-dynamic,566,67074.44697964743,67075.954762586771,73682
/Users/a/Ayanami/code/TSP/data/classic/tsplib/pr152.tsp,polyak-smoothed-dynamic,567,polyak-smoothed-dynamic,567,67077.633351533092,67077.633351533092,73682
/Users/a/Ayanami/code/TSP/data/classic/tsplib/pr152.tsp,polyak-smoothed-dynamic,568,polyak-smoothed-dynamic,568,67072.369561926258,67077.633351533092,73682
/Users/a/Ayanami/code/TSP/data/classic/tsplib/pr152.tsp,polyak-smoothed-dynamic,569,polyak-smoothed-dynamic,569,67074.606836728504,67077.633351533092,73682
/Users/a/Ayanami/code/TSP/data/classic/tsplib/pr152.tsp,polyak-smoothed-dynamic,570,polyak-smoothed-dynamic,570,67072.371567843162,67077.633351533092,73682
/Users/a/Ayanami/code/TSP/data/classic/tsplib/pr152.tsp,polyak-smoothed-dynamic,571,polyak-smoothed-dynamic,571,67074.633486472929,67077.633351533092,73682
/Users/a/Ayanami/code/TSP/data/classic/tsplib/pr152.tsp,polyak-smoothed-dynamic,572,polyak-smoothed-dynamic,572,67075.177119156535,67077.633351533092,73682
/Users/a/Ayanami/code/TSP/data/classic/tsplib/pr152.tsp,polyak-smoothed-dynamic,573,polyak-smoothed-dynamic,573,67076.780987775332,67077.633351533092,73682
/Users/a/Ayanami/code/TSP/data/classic/tsplib/pr152.tsp,polyak-smoothed-dynamic,574,polyak-smoothed-dynamic,574,67074.388161448325,67077.633351533092,73682
/Users/a/Ayanami/code/TSP/data/classic/tsplib/pr152.tsp,polyak-smoothed-dynamic,575,polyak-smoothed-dynamic,575,67074.596721884824,67077.633351533092,73682
/Users/a/Ayanami/code/TSP/data/classic/tsplib/pr152.tsp,polyak-smoothed-dynamic,576,polyak-smoothed-dynamic,576,67079.172913778544,67079.172913778544,73682
/Users/a/Ayanami/code/TSP/data/classic/tsplib/pr152.tsp,polyak-smoothed-dynamic,577,polyak-smoothed-dynamic,577,67071.495559472125,67079.172913778544,73682
/Users/a/Ayanami/code/TSP/data/classic/tsplib/pr152.tsp,polyak-smoothed-dynamic,578,polyak-smoothed-dynamic,578,67074.188176950338,67079.172913778544,73682
/Users/a/Ayanami/code/TSP/data/classic/tsplib/pr152.tsp,polyak-smoothed-dynamic,579,polyak-smoothed-dynamic,579,67075.610804672382,67079.172913778544,73682
/Users/a/Ayanami/code/TSP/data/classic/tsplib/pr152.tsp,polyak-smoothed-dynamic,580,polyak-smoothed-dynamic,580,67078.415041921951,67079.172913778544,73682
/Users/a/Ayanami/code/TSP/data/classic/tsplib/pr152.tsp,polyak-smoothed-dynamic,581,polyak-smoothed-dynamic,581,67070.016080022106,67079.172913778544,73682
/Users/a/Ayanami/code/TSP/data/classic/tsplib/pr152.tsp,polyak-smoothed-dynamic,582,polyak-smoothed-dynamic,582,67073.785051880957,67079.172913778544,73682
/Users/a/Ayanami/code/TSP/data/classic/tsplib/pr152.tsp,polyak-smoothed-dynamic,583,polyak-smoothed-dynamic,583,67075.714189308725,67079.172913778544,73682
/Users/a/Ayanami/code/TSP/data/classic/tsplib/pr152.tsp,polyak-smoothed-dynamic,584,polyak-smoothed-dynamic,584,67076.988465924645,67079.172913778544,73682
/Users/a/Ayanami/code/TSP/data/classic/tsplib/pr152.tsp,polyak-smoothed-dynamic,585,polyak-smoothed-dynamic,585,67079.376661083385,67079.376661083385,73682
/Users/a/Ayanami/code/TSP/data/classic/tsplib/pr152.tsp,polyak-smoothed-dynamic,586,polyak-smoothed-dynamic,586,67075.498946982218,67079.376661083385,73682
/Users/a/Ayanami/code/TSP/data/classic/tsplib/pr152.tsp,polyak-smoothed-dynamic,587,polyak-smoothed-dynamic,587,67077.027266327073,67079.376661083385,73682
/Users/a/Ayanami/code/TSP/data/classic/tsplib/pr152.tsp,polyak-smoothed-dynamic,588,polyak-smoothed-dynamic,588,67078.802990362266,67079.376661083385,73682
/Users/a/Ayanami/code/TSP/data/classic/tsplib/pr152.tsp,polyak-smoothed-dynamic,589,polyak-smoothed-dynamic,589,67077.851158266538,67079.376661083385,73682
/Users/a/Ayanami/code/TSP/data/classic/tsplib/pr152.tsp,polyak-smoothed-dynamic,590,polyak-smoothed-dynamic,590,67079.858702768121,67079.858702768121,73682
/Users/a/Ayanami/code/TSP/data/classic/tsplib/pr152.tsp,polyak-smoothed-dynamic,591,polyak-smoothed-dynamic,591,67077.479977578099,67079.858702768121,73682
/Users/a/Ayanami/code/TSP/data/classic/tsplib/pr152.tsp,polyak-smoothed-dynamic,592,polyak-smoothed-dynamic,592,67077.622936862259,67079.858702768121,73682
/Users/a/Ayanami/code/TSP/data/classic/tsplib/pr152.tsp,polyak-smoothed-dynamic,593,polyak-smoothed-dynamic,593,67076.883670168521,67079.858702768121,73682
/Users/a/Ayanami/code/TSP/data/classic/tsplib/pr152.tsp,polyak-smoothed-dynamic,594,polyak-smoothed-dynamic,594,67077.95882470347,67079.858702768121,73682
/Users/a/Ayanami/code/TSP/data/classic/tsplib/pr152.tsp,polyak-smoothed-dynamic,595,polyak-smoothed-dynamic,595,67076.544111187992,67079.858702768121,73682
/Users/a/Ayanami/code/TSP/data/classic/tsplib/pr152.tsp,polyak-smoothed-dynamic,596,polyak-smoothed-dynamic,596,67078.185236993653,67079.858702768121,73682
/Users/a/Ayanami/code/TSP/data/classic/tsplib/pr152.tsp,polyak-smoothed-dynamic,597,polyak-smoothed-dynamic,597,67076.03128678177,67079.858702768121,73682
/Users/a/Ayanami/code/TSP/data/classic/tsplib/pr152.tsp,polyak-smoothed-dynamic,598,polyak-smoothed-dynamic,598,67079.243248625455,67079.858702768121,73682
/Users/a/Ayanami/code/TSP/data/classic/tsplib/pr152.tsp,polyak-smoothed-dynamic,599,polyak-smoothed-dynamic,599,67074.20417993392,67079.858702768121,73682
/Users/a/Ayanami/code/TSP/data/classic/tsplib/pr152.tsp,polyak-smoothed-dynamic,600,polyak-smoothed-dynamic,600,67076.865284795509,67079.858702768121,73682
/Users/a/Ayanami/code/TSP/data/classic/tsplib/pr152.tsp,polyak-smoothed-dynamic,601,polyak-smoothed-dynamic,601,67077.835115805603,67079.858702768121,73682
/Users/a/Ayanami/code/TSP/data/classic/tsplib/pr152.tsp,polyak-smoothed-dynamic,602,polyak-smoothed-dynamic,602,67079.073403473769,67079.858702768121,73682
/Users/a/Ayanami/code/TSP/data/classic/tsplib/pr152.tsp,polyak-smoothed-dynamic,603,polyak-smoothed-dynamic,603,67078.123961535472,67079.858702768121,73682
/Users/a/Ayanami/code/TSP/data/classic/tsplib/pr152.tsp,polyak-smoothed-dynamic,604,polyak-smoothed-dynamic,604,67080.195661509177,67080.195661509177,73682
/Users/a/Ayanami/code/TSP/data/classic/tsplib/pr152.tsp,polyak-smoothed-dynamic,605,polyak-smoothed-dynamic,605,67080.683327940715,67080.683327940715,73682
/Users/a/Ayanami/code/TSP/data/classic/tsplib/pr152.tsp,polyak-smoothed-dynamic,606,polyak-smoothed-dynamic,606,67081.030222140718,67081.030222140718,73682
/Users/a/Ayanami/code/TSP/data/classic/tsplib/pr152.tsp,polyak-smoothed-dynamic,607,polyak-smoothed-dynamic,607,67081.701067357586,67081.701067357586,73682
/Users/a/Ayanami/code/TSP/data/classic/tsplib/pr152.tsp,polyak-smoothed-dynamic,608,polyak-smoothed-dynamic,608,67081.795334426613,67081.795334426613,73682
/Users/a/Ayanami/code/TSP/data/classic/tsplib/pr152.tsp,polyak-smoothed-dynamic,609,polyak-smoothed-dynamic,609,67082.250937398014,67082.250937398014,73682
/Users/a/Ayanami/code/TSP/data/classic/tsplib/pr152.tsp,polyak-smoothed-dynamic,610,polyak-smoothed-dynamic,610,67081.201083977445,67082.250937398014,73682
/Users/a/Ayanami/code/TSP/data/classic/tsplib/pr152.tsp,polyak-smoothed-dynamic,611,polyak-smoothed-dynamic,611,67081.376146111172,67082.250937398014,73682
/Users/a/Ayanami/code/TSP/data/classic/tsplib/pr152.tsp,polyak-smoothed-dynamic,612,polyak-smoothed-dynamic,612,67081.710992568507,67082.250937398014,73682
/Users/a/Ayanami/code/TSP/data/classic/tsplib/pr152.tsp,polyak-smoothed-dynamic,613,polyak-smoothed-dynamic,613,67082.463184657507,67082.463184657507,73682
/Users/a/Ayanami/code/TSP/data/classic/tsplib/pr152.tsp,polyak-smoothed-dynamic,614,polyak-smoothed-dynamic,614,67080.012949670025,67082.463184657507,73682
/Users/a/Ayanami/code/TSP/data/classic/tsplib/pr152.tsp,polyak-smoothed-dynamic,615,polyak-smoothed-dynamic,615,67081.722439165969,67082.463184657507,73682
/Users/a/Ayanami/code/TSP/data/classic/tsplib/pr152.tsp,polyak-smoothed-dynamic,616,polyak-smoothed-dynamic,616,67081.093455814815,67082.463184657507,73682
/Users/a/Ayanami/code/TSP/data/classic/tsplib/pr152.tsp,polyak-smoothed-dynamic,617,polyak-smoothed-dynamic,617,67082.434883799709,67082.463184657507,73682
/Users/a/Ayanami/code/TSP/data/classic/tsplib/pr152.tsp,polyak-smoothed-dynamic,618,polyak-smoothed-dynamic,618,67080.159762598676,67082.463184657507,73682
/Users/a/Ayanami/code/TSP/data/classic/tsplib/pr152.tsp,polyak-smoothed-dynamic,619,polyak-smoothed-dynamic,619,67081.43156531702,67082.463184657507,73682
/Users/a/Ayanami/code/TSP/data/classic/tsplib/pr152.tsp,polyak-smoothed-dynamic,620,polyak-smoothed-dynamic,620,67081.64818967825,67082.463184657507,73682
/Users/a/Ayanami/code/TSP/data/classic/tsplib/pr152.tsp,polyak-smoothed-dynamic,621,polyak-smoothed-dynamic,621,67081.994065799197,67082.463184657507,73682
/Users/a/Ayanami/code/TSP/data/classic/tsplib/pr152.tsp,polyak-smoothed-dynamic,622,polyak-smoothed-dynamic,622,67082.736753696139,67082.736753696139,73682
/Users/a/Ayanami/code/TSP/data/classic/tsplib/pr152.tsp,polyak-smoothed-dynamic,623,polyak-smoothed-dynamic,623,67082.541172637444,67082.736753696139,73682
/Users/a/Ayanami/code/TSP/data/classic/tsplib/pr152.tsp,polyak-smoothed-dynamic,624,polyak-smoothed-dynamic,624,67081.567507175423,67082.736753696139,73682
/Users/a/Ayanami/code/TSP/data/classic/tsplib/pr152.tsp,polyak-smoothed-dynamic,625,polyak-smoothed-dynamic,625,67081.569111692967,67082.736753696139,73682
/Users/a/Ayanami/code/TSP/data/classic/tsplib/pr152.tsp,polyak-smoothed-dynamic,626,polyak-smoothed-dynamic,626,67083.915101461331,67083.915101461331,73682
/Users/a/Ayanami/code/TSP/data/classic/tsplib/pr152.tsp,polyak-smoothed-dynamic,627,polyak-smoothed-dynamic,627,67082.940047567259,67083.915101461331,73682
/Users/a/Ayanami/code/TSP/data/classic/tsplib/pr152.tsp,polyak-smoothed-dynamic,628,polyak-smoothed-dynamic,628,67082.95291504114,67083.915101461331,73682
/Users/a/Ayanami/code/TSP/data/classic/tsplib/pr152.tsp,polyak-smoothed-dynamic,629,polyak-smoothed-dynamic,629,67082.900433982402,67083.915101461331,73682
/Users/a/Ayanami/code/TSP/data/classic/tsplib/pr152.tsp,polyak-smoothed-dynamic,630,polyak-smoothed-dynamic,630,67083.240487110597,67083.915101461331,73682
/Users/a/Ayanami/code/TSP/data/classic/tsplib/pr152.tsp,polyak-smoothed-dynamic,631,polyak-smoothed-dynamic,631,67084.219232682575,67084.219232682575,73682
/Users/a/Ayanami/code/TSP/data/classic/tsplib/pr152.tsp,polyak-smoothed-dynamic,632,polyak-smoothed-dynamic,632,67079.211337896573,67084.219232682575,73682
/Users/a/Ayanami/code/TSP/data/classic/tsplib/pr152.tsp,polyak-smoothed-dynamic,633,polyak-smoothed-dynamic,633,67080.721835580553,67084.219232682575,73682
/Users/a/Ayanami/code/TSP/data/classic/tsplib/pr152.tsp,polyak-smoothed-dynamic,634,polyak-smoothed-dynamic,634,67081.205556451154,67084.219232682575,73682
/Users/a/Ayanami/code/TSP/data/classic/tsplib/pr152.tsp,polyak-smoothed-dynamic,635,polyak-smoothed-dynamic,635,67082.601293577507,67084.219232682575,73682
/Users/a/Ayanami/code/TSP/data/classic/tsplib/pr152.tsp,polyak-smoothed-dynamic,636,polyak-smoothed-dynamic,636,67083.81978209634,67084.219232682575,73682
/Users/a/Ayanami/code/TSP/data/classic/tsplib/pr152.tsp,polyak-smoothed-dynamic,637,polyak-smoothed-dynamic,637,67083.118568889986,67084.219232682575,73682
/Users/a/Ayanami/code/TSP/data/classic/tsplib/pr152.tsp,polyak-smoothed-dynamic,638,polyak-smoothed-dynamic,638,67084.282712926477,67084.282712926477,73682
/Users/a/Ayanami/code/TSP/data/classic/tsplib/pr152.tsp,polyak-smoothed-dynamic,639,polyak-smoothed-dynamic,639,67083.465429451855,67084.282712926477,73682
/Users/a/Ayanami/code/TSP/data/classic/tsplib/pr152.tsp,polyak-smoothed-dynamic,640,polyak-smoothed-dynamic,640,67084.329896813957,67084.329896813957,73682
/Users/a/Ayanami/code/TSP/data/classic/tsplib/pr152.tsp,polyak-smoothed-dynamic,641,polyak-smoothed-dynamic,641,67082.565313445433,67084.329896813957,73682
/Users/a/Ayanami/code/TSP/data/classic/tsplib/pr152.tsp,polyak-smoothed-dynamic,642,polyak-smoothed-dynamic,642,67084.037892709108,67084.329896813957,73682
/Users/a/Ayanami/code/TSP/data/classic/tsplib/pr152.tsp,polyak-smoothed-dynamic,643,polyak-smoothed-dynamic,643,67083.035984664544,67084.329896813957,73682
/Users/a/Ayanami/code/TSP/data/classic/tsplib/pr152.tsp,polyak-smoothed-dynamic,644,polyak-smoothed-dynamic,644,67082.644279686312,67084.329896813957,73682
/Users/a/Ayanami/code/TSP/data/classic/tsplib/pr152.tsp,polyak-smoothed-dynamic,645,polyak-smoothed-dynamic,645,67084.72202655187,67084.72202655187,73682
/Users/a/Ayanami/code/TSP/data/classic/tsplib/pr152.tsp,polyak-smoothed-dynamic,646,polyak-smoothed-dynamic,646,67083.591387759079,67084.72202655187,73682
/Users/a/Ayanami/code/TSP/data/classic/tsplib/pr152.tsp,polyak-smoothed-dynamic,647,polyak-smoothed-dynamic,647,67084.545734647909,67084.72202655187,73682
/Users/a/Ayanami/code/TSP/data/classic/tsplib/pr152.tsp,polyak-smoothed-dynamic,648,polyak-smoothed-dynamic,648,67083.60671560363,67084.72202655187,73682
/Users/a/Ayanami/code/TSP/data/classic/tsplib/pr152.tsp,polyak-smoothed-dynamic,649,polyak-smoothed-dynamic,649,67084.510448725574,67084.72202655187,73682
/Users/a/Ayanami/code/TSP/data/classic/tsplib/pr152.tsp,polyak-smoothed-dynamic,650,polyak-smoothed-dynamic,650,67081.771364526998,67084.72202655187,73682
/Users/a/Ayanami/code/TSP/data/classic/tsplib/pr152.tsp,polyak-smoothed-dynamic,651,polyak-smoothed-dynamic,651,67084.20829244834,67084.72202655187,73682
/Users/a/Ayanami/code/TSP/data/classic/tsplib/pr152.tsp,polyak-smoothed-dynamic,652,polyak-smoothed-dynamic,652,67082.82892422135,67084.72202655187,73682
/Users/a/Ayanami/code/TSP/data/classic/tsplib/pr152.tsp,polyak-smoothed-dynamic,653,polyak-smoothed-dynamic,653,67083.573994872233,67084.72202655187,73682
/Users/a/Ayanami/code/TSP/data/classic/tsplib/pr152.tsp,polyak-smoothed-dynamic,654,polyak-smoothed-dynamic,654,67083.686824303717,67084.72202655187,73682
/Users/a/Ayanami/code/TSP/data/classic/tsplib/pr152.tsp,polyak-smoothed-dynamic,655,polyak-smoothed-dynamic,655,67084.054422407426,67084.72202655187,73682
/Users/a/Ayanami/code/TSP/data/classic/tsplib/pr152.tsp,polyak-smoothed-dynamic,656,polyak-smoothed-dynamic,656,67085.479750872517,67085.479750872517,73682
/Users/a/Ayanami/code/TSP/data/classic/tsplib/pr152.tsp,polyak-smoothed-dynamic,657,polyak-smoothed-dynamic,657,67083.51943502303,67085.479750872517,73682
/Users/a/Ayanami/code/TSP/data/classic/tsplib/pr152.tsp,polyak-smoothed-dynamic,658,polyak-smoothed-dynamic,658,67084.287422476322,67085.479750872517,73682
/Users/a/Ayanami/code/TSP/data/classic/tsplib/pr152.tsp,polyak-smoothed-dynamic,659,polyak-smoothed-dynamic,659,67085.50026511724,67085.50026511724,73682
/Users/a/Ayanami/code/TSP/data/classic/tsplib/pr152.tsp,polyak-smoothed-dynamic,660,polyak-smoothed-dynamic,660,67083.828713057897,67085.50026511724,73682
/Users/a/Ayanami/code/TSP/data/classic/tsplib/pr152.tsp,polyak-smoothed-dynamic,661,polyak-smoothed-dynamic,661,67085.383599075198,67085.50026511724,73682
/Users/a/Ayanami/code/TSP/data/classic/tsplib/pr152.tsp,polyak-smoothed-dynamic,662,polyak-smoothed-dynamic,662,67083.541714491992,67085.50026511724,73682
/Users/a/Ayanami/code/TSP/data/classic/tsplib/pr152.tsp,polyak-smoothed-dynamic,663,polyak-smoothed-dynamic,663,67084.965192599338,67085.50026511724,73682
/Users/a/Ayanami/code/TSP/data/classic/tsplib/pr152.tsp,polyak-smoothed-dynamic,664,polyak-smoothed-dynamic,664,67084.220407379747,67085.50026511724,73682
/Users/a/Ayanami/code/TSP/data/classic/tsplib/pr152.tsp,polyak-smoothed-dynamic,665,polyak-smoothed-dynamic,665,67085.740586096072,67085.740586096072,73682
/Users/a/Ayanami/code/TSP/data/classic/tsplib/pr152.tsp,polyak-smoothed-dynamic,666,polyak-smoothed-dynamic,666,67084.315904297167,67085.740586096072,73682
/Users/a/Ayanami/code/TSP/data/classic/tsplib/pr152.tsp,polyak-smoothed-dynamic,667,polyak-smoothed-dynamic,667,67084.000072348994,67085.740586096072,73682
/Users/a/Ayanami/code/TSP/data/classic/tsplib/pr152.tsp,polyak-smoothed-dynamic,668,polyak-smoothed-dynamic,668,67085.503697435881,67085.740586096072,73682
/Users/a/Ayanami/code/TSP/data/classic/tsplib/pr152.tsp,polyak-smoothed-dynamic,669,polyak-smoothed-dynamic,669,67085.882514556259,67085.882514556259,73682
/Users/a/Ayanami/code/TSP/data/classic/tsplib/pr152.tsp,polyak-smoothed-dynamic,670,polyak-smoothed-dynamic,670,67084.091661833634,67085.882514556259,73682
/Users/a/Ayanami/code/TSP/data/classic/tsplib/pr152.tsp,polyak-smoothed-dynamic,671,polyak-smoothed-dynamic,671,67084.728610302685,67085.882514556259,73682
/Users/a/Ayanami/code/TSP/data/classic/tsplib/pr152.tsp,polyak-smoothed-dynamic,672,polyak-smoothed-dynamic,672,67085.399708787707,67085.882514556259,73682
/Users/a/Ayanami/code/TSP/data/classic/tsplib/pr152.tsp,polyak-smoothed-dynamic,673,polyak-smoothed-dynamic,673,67086.422127321246,67086.422127321246,73682
/Users/a/Ayanami/code/TSP/data/classic/tsplib/pr152.tsp,polyak-smoothed-dynamic,674,polyak-smoothed-dynamic,674,67086.231362858831,67086.422127321246,73682
/Users/a/Ayanami/code/TSP/data/classic/tsplib/pr152.tsp,polyak-smoothed-dynamic,675,polyak-smoothed-dynamic,675,67083.827378621689,67086.422127321246,73682
/Users/a/Ayanami/code/TSP/data/classic/tsplib/pr152.tsp,polyak-smoothed-dynamic,676,polyak-smoothed-dynamic,676,67085.171512667177,67086.422127321246,73682
/Users/a/Ayanami/code/TSP/data/classic/tsplib/pr152.tsp,polyak-smoothed-dynamic,677,polyak-smoothed-dynamic,677,67084.431908518571,67086.422127321246,73682
/Users/a/Ayanami/code/TSP/data/classic/tsplib/pr152.tsp,polyak-smoothed-dynamic,678,polyak-smoothed-dynamic,678,67085.081562864492,67086.422127321246,73682
/Users/a/Ayanami/code/TSP/data/classic/tsplib/pr152.tsp,polyak-smoothed-dynamic,679,polyak-smoothed-dynamic,679,67085.539790465918,67086.422127321246,73682
/Users/a/Ayanami/code/TSP/data/classic/tsplib/pr152.tsp,polyak-smoothed-dynamic,680,polyak-smoothed-dynamic,680,67086.263355613715,67086.422127321246,73682
/Users/a/Ayanami/code/TSP/data/classic/tsplib/pr152.tsp,polyak-smoothed-dynamic,681,polyak-smoothed-dynamic,681,67085.24435918362,67086.422127321246,73682
/Users/a/Ayanami/code/TSP/data/classic/tsplib/pr152.tsp,polyak-smoothed-dynamic,682,polyak-smoothed-dynamic,682,67085.879734963804,67086.422127321246,73682
/Users/a/Ayanami/code/TSP/data/classic/tsplib/pr152.tsp,polyak-smoothed-dynamic,683,polyak-smoothed-dynamic,683,67084.416384719589,67086.422127321246,73682
/Users/a/Ayanami/code/TSP/data/classic/tsplib/pr152.tsp,polyak-smoothed-dynamic,684,polyak-smoothed-dynamic,684,67085.615859328274,67086.422127321246,73682
/Users/a/Ayanami/code/TSP/data/classic/tsplib/pr152.tsp,polyak-smoothed-dynamic,685,polyak-smoothed-dynamic,685,67084.550707329094,67086.422127321246,73682
/Users/a/Ayanami/code/TSP/data/classic/tsplib/pr152.tsp,polyak-smoothed-dynamic,686,polyak-smoothed-dynamic,686,67085.844211319578,67086.422127321246,73682
/Users/a/Ayanami/code/TSP/data/classic/tsplib/pr152.tsp,polyak-smoothed-dynamic,687,polyak-smoothed-dynamic,687,67087.346767037714,67087.346767037714,73682
/Users/a/Ayanami/code/TSP/data/classic/tsplib/pr152.tsp,polyak-smoothed-dynamic,688,polyak-smoothed-dynamic,688,67086.930686321706,67087.346767037714,73682
/Users/a/Ayanami/code/TSP/data/classic/tsplib/pr152.tsp,polyak-smoothed-dynamic,689,polyak-smoothed-dynamic,689,67086.936613038444,67087.346767037714,73682
/Users/a/Ayanami/code/TSP/data/classic/tsplib/pr152.tsp,polyak-smoothed-dynamic,690,polyak-smoothed-dynamic,690,67087.684411668291,67087.684411668291,73682
/Users/a/Ayanami/code/TSP/data/classic/tsplib/pr152.tsp,polyak-smoothed-dynamic,691,polyak-smoothed-dynamic,691,67086.511816858139,67087.684411668291,73682
/Users/a/Ayanami/code/TSP/data/classic/tsplib/pr152.tsp,polyak-smoothed-dynamic,692,polyak-smoothed-dynamic,692,67087.051225038231,67087.684411668291,73682
/Users/a/Ayanami/code/TSP/data/classic/tsplib/pr152.tsp,polyak-smoothed-dynamic,693,polyak-smoothed-dynamic,693,67087.560707804281,67087.684411668291,73682
/Users/a/Ayanami/code/TSP/data/classic/tsplib/pr152.tsp,polyak-smoothed-dynamic,694,polyak-smoothed-dynamic,694,67088.1063616795,67088.1063616795,73682
/Users/a/Ayanami/code/TSP/data/classic/tsplib/pr152.tsp,polyak-smoothed-dynamic,695,polyak-smoothed-dynamic,695,67087.395953327548,67088.1063616795,73682
/Users/a/Ayanami/code/TSP/data/classic/tsplib/pr152.tsp,polyak-smoothed-dynamic,696,polyak-smoothed-dynamic,696,67087.523512503787,67088.1063616795,73682
/Users/a/Ayanami/code/TSP/data/classic/tsplib/pr152.tsp,polyak-smoothed-dynamic,697,polyak-smoothed-dynamic,697,67088.256038142426,67088.256038142426,73682
/Users/a/Ayanami/code/TSP/data/classic/tsplib/pr152.tsp,polyak-smoothed-dynamic,698,polyak-smoothed-dynamic,698,67087.954168022305,67088.256038142426,73682
/Users/a/Ayanami/code/TSP/data/classic/tsplib/pr152.tsp,polyak-smoothed-dynamic,699,polyak-smoothed-dynamic,699,67088.38928419743,67088.38928419743,73682
/Users/a/Ayanami/code/TSP/data/classic/tsplib/pr152.tsp,polyak-smoothed-dynamic,700,polyak-smoothed-dynamic,700,67087.471909200496,67088.38928419743,73682
/Users/a/Ayanami/code/TSP/data/classic/tsplib/pr152.tsp,polyak-smoothed-dynamic,701,polyak-smoothed-dynamic,701,67088.629653039272,67088.629653039272,73682
/Users/a/Ayanami/code/TSP/data/classic/tsplib/pr152.tsp,polyak-smoothed-dynamic,702,polyak-smoothed-dynamic,702,67086.262327141041,67088.629653039272,73682
/Users/a/Ayanami/code/TSP/data/classic/tsplib/pr152.tsp,polyak-smoothed-dynamic,703,polyak-smoothed-dynamic,703,67087.419078367209,67088.629653039272,73682
/Users/a/Ayanami/code/TSP/data/classic/tsplib/pr152.tsp,polyak-smoothed-dynamic,704,polyak-smoothed-dynamic,704,67087.864619527507,67088.629653039272,73682
/Users/a/Ayanami/code/TSP/data/classic/tsplib/pr152.tsp,polyak-smoothed-dynamic,705,polyak-smoothed-dynamic,705,67087.938773979215,67088.629653039272,73682
/Users/a/Ayanami/code/TSP/data/classic/tsplib/pr152.tsp,polyak-smoothed-dynamic,706,polyak-smoothed-dynamic,706,67088.079575646989,67088.629653039272,73682
/Users/a/Ayanami/code/TSP/data/classic/tsplib/pr152.tsp,polyak-smoothed-dynamic,707,polyak-smoothed-dynamic,707,67088.564143629745,67088.629653039272,73682
/Users/a/Ayanami/code/TSP/data/classic/tsplib/pr152.tsp,polyak-smoothed-dynamic,708,polyak-smoothed-dynamic,708,67087.810352897315,67088.629653039272,73682
/Users/a/Ayanami/code/TSP/data/classic/tsplib/pr152.tsp,polyak-smoothed-dynamic,709,polyak-smoothed-dynamic,709,67087.950207272588,67088.629653039272,73682
/Users/a/Ayanami/code/TSP/data/classic/tsplib/pr152.tsp,polyak-smoothed-dynamic,710,polyak-smoothed-dynamic,710,67088.357445398695,67088.629653039272,73682
/Users/a/Ayanami/code/TSP/data/classic/tsplib/pr152.tsp,polyak-smoothed-dynamic,711,polyak-smoothed-dynamic,711,67088.42486011138,67088.629653039272,73682
/Users/a/Ayanami/code/TSP/data/classic/tsplib/pr152.tsp,polyak-smoothed-dynamic,712,polyak-smoothed-dynamic,712,67088.695007374947,67088.695007374947,73682
/Users/a/Ayanami/code/TSP/data/classic/tsplib/pr152.tsp,polyak-smoothed-dynamic,713,polyak-smoothed-dynamic,713,67088.340078995607,67088.695007374947,73682
/Users/a/Ayanami/code/TSP/data/classic/tsplib/pr152.tsp,polyak-smoothed-dynamic,714,polyak-smoothed-dynamic,714,67088.427058784,67088.695007374947,73682
/Users/a/Ayanami/code/TSP/data/classic/tsplib/pr152.tsp,polyak-smoothed-dynamic,715,polyak-smoothed-dynamic,715,67088.328219356801,67088.695007374947,73682
/Users/a/Ayanami/code/TSP/data/classic/tsplib/pr152.tsp,polyak-smoothed-dynamic,716,polyak-smoothed-dynamic,716,67088.501973482809,67088.695007374947,73682
/Users/a/Ayanami/code/TSP/data/classic/tsplib/pr152.tsp,polyak-smoothed-dynamic,717,polyak-smoothed-dynamic,717,67088.644525878437,67088.695007374947,73682
/Users/a/Ayanami/code/TSP/data/classic/tsplib/pr152.tsp,polyak-smoothed-dynamic,718,polyak-smoothed-dynamic,718,67088.159935912976,67088.695007374947,73682
/Users/a/Ayanami/code/TSP/data/classic/tsplib/pr152.tsp,polyak-smoothed-dynamic,719,polyak-smoothed-dynamic,719,67088.308667503545,67088.695007374947,73682
/Users/a/Ayanami/code/TSP/data/classic/tsplib/pr152.tsp,polyak-smoothed-dynamic,720,polyak-smoothed-dynamic,720,67088.901100563075,67088.901100563075,73682
/Users/a/Ayanami/code/TSP/data/classic/tsplib/pr152.tsp,polyak-smoothed-dynamic,721,polyak-smoothed-dynamic,721,67088.832428494192,67088.901100563075,73682
/Users/a/Ayanami/code/TSP/data/classic/tsplib/pr152.tsp,polyak-smoothed-dynamic,722,polyak-smoothed-dynamic,722,67088.901606671148,67088.901606671148,73682
/Users/a/Ayanami/code/TSP/data/classic/tsplib/pr152.tsp,polyak-smoothed-dynamic,723,polyak-smoothed-dynamic,723,67089.314714487235,67089.314714487235,73682
/Users/a/Ayanami/code/TSP/data/classic/tsplib/pr152.tsp,polyak-smoothed-dynamic,724,polyak-smoothed-dynamic,724,67088.547133607295,67089.314714487235,73682
/Users/a/Ayanami/code/TSP/data/classic/tsplib/pr152.tsp,polyak-smoothed-dynamic,725,polyak-smoothed-dynamic,725,67088.779897733533,67089.314714487235,73682
/Users/a/Ayanami/code/TSP/data/classic/tsplib/pr152.tsp,polyak-smoothed-dynamic,726,polyak-smoothed-dynamic,726,67088.688725852349,67089.314714487235,73682
/Users/a/Ayanami/code/TSP/data/classic/tsplib/pr152.tsp,polyak-smoothed-dynamic,727,polyak-smoothed-dynamic,727,67088.844105619326,67089.314714487235,73682
/Users/a/Ayanami/code/TSP/data/classic/tsplib/pr152.tsp,polyak-smoothed-dynamic,728,polyak-smoothed-dynamic,728,67089.216921872765,67089.314714487235,73682
/Users/a/Ayanami/code/TSP/data/classic/tsplib/pr152.tsp,polyak-smoothed-dynamic,729,polyak-smoothed-dynamic,729,67088.380230052484,67089.314714487235,73682
/Users/a/Ayanami/code/TSP/data/classic/tsplib/pr152.tsp,polyak-smoothed-dynamic,730,polyak-smoothed-dynamic,730,67088.999204077059,67089.314714487235,73682
/Users/a/Ayanami/code/TSP/data/classic/tsplib/pr152.tsp,polyak-smoothed-dynamic,731,polyak-smoothed-dynamic,731,67088.496986860991,67089.314714487235,73682
/Users/a/Ayanami/code/TSP/data/classic/tsplib/pr152.tsp,polyak-smoothed-dynamic,732,polyak-smoothed-dynamic,732,67089.006768901672,67089.314714487235,73682
/Users/a/Ayanami/code/TSP/data/classic/tsplib/pr152.tsp,polyak-smoothed-dynamic,733,polyak-smoothed-dynamic,733,67089.1092933701,67089.314714487235,73682
/Users/a/Ayanami/code/TSP/data/classic/tsplib/pr152.tsp,polyak-smoothed-dynamic,734,polyak-smoothed-dynamic,734,67088.639740707833,67089.314714487235,73682
/Users/a/Ayanami/code/TSP/data/classic/tsplib/pr152.tsp,polyak-smoothed-dynamic,735,polyak-smoothed-dynamic,735,67089.559710717789,67089.559710717789,73682
/Users/a/Ayanami/code/TSP/data/classic/tsplib/pr152.tsp,polyak-smoothed-dynamic,736,polyak-smoothed-dynamic,736,67088.089960970523,67089.559710717789,73682
/Users/a/Ayanami/code/TSP/data/classic/tsplib/pr152.tsp,polyak-smoothed-dynamic,737,polyak-smoothed-dynamic,737,67088.666843026862,67089.559710717789,73682
/Users/a/Ayanami/code/TSP/data/classic/tsplib/pr152.tsp,polyak-smoothed-dynamic,738,polyak-smoothed-dynamic,738,67088.664756042461,67089.559710717789,73682
/Users/a/Ayanami/code/TSP/data/classic/tsplib/pr152.tsp,polyak-smoothed-dynamic,739,polyak-smoothed-dynamic,739,67088.94695296706,67089.559710717789,73682
/Users/a/Ayanami/code/TSP/data/classic/tsplib/pr152.tsp,polyak-smoothed-dynamic,740,polyak-smoothed-dynamic,740,67088.9286727578,67089.559710717789,73682
/Users/a/Ayanami/code/TSP/data/classic/tsplib/pr152.tsp,polyak-smoothed-dynamic,741,polyak-smoothed-dynamic,741,67089.247686315881,67089.559710717789,73682
/Users/a/Ayanami/code/TSP/data/classic/tsplib/pr152.tsp,polyak-smoothed-dynamic,742,polyak-smoothed-dynamic,742,67088.906578889844,67089.559710717789,73682
/Users/a/Ayanami/code/TSP/data/classic/tsplib/pr152.tsp,polyak-smoothed-dynamic,743,polyak-smoothed-dynamic,743,67089.06204872478,67089.559710717789,73682
/Users/a/Ayanami/code/TSP/data/classic/tsplib/pr152.tsp,polyak-smoothed-dynamic,744,polyak-smoothed-dynamic,744,67089.396303161018,67089.559710717789,73682
/Users/a/Ayanami/code/TSP/data/classic/tsplib/pr152.tsp,polyak-smoothed-dynamic,745,polyak-smoothed-dynamic,745,67089.398844758762,67089.559710717789,73682
/Users/a/Ayanami/code/TSP/data/classic/tsplib/pr152.tsp,polyak-smoothed-dynamic,746,polyak-smoothed-dynamic,746,67089.100250922216,67089.559710717789,73682
/Users/a/Ayanami/code/TSP/data/classic/tsplib/pr152.tsp,polyak-smoothed-dynamic,747,polyak-smoothed-dynamic,747,67089.303911509851,67089.559710717789,73682
/Users/a/Ayanami/code/TSP/data/classic/tsplib/pr152.tsp,polyak-smoothed-dynamic,748,polyak-smoothed-dynamic,748,67089.912313566543,67089.912313566543,73682
/Users/a/Ayanami/code/TSP/data/classic/tsplib/pr152.tsp,polyak-smoothed-dynamic,749,polyak-smoothed-dynamic,749,67089.366378354724,67089.912313566543,73682
/Users/a/Ayanami/code/TSP/data/classic/tsplib/pr152.tsp,polyak-smoothed-dynamic,750,polyak-smoothed-dynamic,750,67089.842513905562,67089.912313566543,73682
/Users/a/Ayanami/code/TSP/data/classic/tsplib/pr152.tsp,polyak-smoothed-dynamic,751,polyak-smoothed-dynamic,751,67089.839741746837,67089.912313566543,73682
/Users/a/Ayanami/code/TSP/data/classic/tsplib/pr152.tsp,polyak-smoothed-dynamic,752,polyak-smoothed-dynamic,752,67090.190265255296,67090.190265255296,73682
/Users/a/Ayanami/code/TSP/data/classic/tsplib/pr152.tsp,polyak-smoothed-dynamic,753,polyak-smoothed-dynamic,753,67089.889955392486,67090.190265255296,73682
/Users/a/Ayanami/code/TSP/data/classic/tsplib/pr152.tsp,polyak-smoothed-dynamic,754,polyak-smoothed-dynamic,754,67090.088115713108,67090.190265255296,73682
/Users/a/Ayanami/code/TSP/data/classic/tsplib/pr152.tsp,polyak-smoothed-dynamic,755,polyak-smoothed-dynamic,755,67090.509955046247,67090.509955046247,73682
/Users/a/Ayanami/code/TSP/data/classic/tsplib/pr152.tsp,polyak-smoothed-dynamic,756,polyak-smoothed-dynamic,756,67089.979771926068,67090.509955046247,73682
/Users/a/Ayanami/code/TSP/data/classic/tsplib/pr152.tsp,polyak-smoothed-dynamic,757,polyak-smoothed-dynamic,757,67090.22509755459,67090.509955046247,73682
/Users/a/Ayanami/code/TSP/data/classic/tsplib/pr152.tsp,polyak-smoothed-dynamic,758,polyak-smoothed-dynamic,758,67090.296133434167,67090.509955046247,73682
/Users/a/Ayanami/code/TSP/data/classic/tsplib/pr152.tsp,polyak-smoothed-dynamic,759,polyak-smoothed-dynamic,759,67090.214053056174,67090.509955046247,73682
/Users/a/Ayanami/code/TSP/data/classic/tsplib/pr152.tsp,polyak-smoothed-dynamic,760,polyak-smoothed-dynamic,760,67090.525900929832,67090.525900929832,73682
/Users/a/Ayanami/code/TSP/data/classic/tsplib/pr152.tsp,polyak-smoothed-dynamic,761,polyak-smoothed-dynamic,761,67090.029308049052,67090.525900929832,73682
/Users/a/Ayanami/code/TSP/data/classic/tsplib/pr152.tsp,polyak-smoothed-dynamic,762,polyak-smoothed-dynamic,762,67090.250669014116,67090.525900929832,73682
/Users/a/Ayanami/code/TSP/data/classic/tsplib/pr152.tsp,polyak-smoothed-dynamic,763,polyak-smoothed-dynamic,763,67090.259865831555,67090.525900929832,73682
/Users/a/Ayanami/code/TSP/data/classic/tsplib/pr152.tsp,polyak-smoothed-dynamic,764,polyak-smoothed-dynamic,764,67090.461618919478,67090.525900929832,73682
/Users/a/Ayanami/code/TSP/data/classic/tsplib/pr152.tsp,polyak-smoothed-dynamic,765,polyak-smoothed-dynamic,765,67090.483277824009,67090.525900929832,73682
/Users/a/Ayanami/code/TSP/data/classic/tsplib/pr152.tsp,polyak-smoothed-dynamic,766,polyak-smoothed-dynamic,766,67090.321200971535,67090.525900929832,73682
/Users/a/Ayanami/code/TSP/data/classic/tsplib/pr152.tsp,polyak-smoothed-dynamic,767,polyak-smoothed-dynamic,767,67090.504573528582,67090.525900929832,73682
/Users/a/Ayanami/code/TSP/data/classic/tsplib/pr152.tsp,polyak-smoothed-dynamic,768,polyak-smoothed-dynamic,768,67090.649208108996,67090.649208108996,73682
/Users/a/Ayanami/code/TSP/data/classic/tsplib/pr152.tsp,polyak-smoothed-dynamic,769,polyak-smoothed-dynamic,769,67090.335531439734,67090.649208108996,73682
/Users/a/Ayanami/code/TSP/data/classic/tsplib/pr152.tsp,polyak-smoothed-dynamic,770,polyak-smoothed-dynamic,770,67090.536774461259,67090.649208108996,73682
/Users/a/Ayanami/code/TSP/data/classic/tsplib/pr152.tsp,polyak-smoothed-dynamic,771,polyak-smoothed-dynamic,771,67090.427311242733,67090.649208108996,73682
/Users/a/Ayanami/code/TSP/data/classic/tsplib/pr152.tsp,polyak-smoothed-dynamic,772,polyak-smoothed-dynamic,772,67090.515544774913,67090.649208108996,73682
/Users/a/Ayanami/code/TSP/data/classic/tsplib/pr152.tsp,polyak-smoothed-dynamic,773,polyak-smoothed-dynamic,773,67090.623566996946,67090.649208108996,73682
/Users/a/Ayanami/code/TSP/data/classic/tsplib/pr152.tsp,polyak-smoothed-dynamic,774,polyak-smoothed-dynamic,774,67090.724118701502,67090.724118701502,73682
/Users/a/Ayanami/code/TSP/data/classic/tsplib/pr152.tsp,polyak-smoothed-dynamic,775,polyak-smoothed-dynamic,775,67090.716221295661,67090.724118701502,73682
/Users/a/Ayanami/code/TSP/data/classic/tsplib/pr152.tsp,polyak-smoothed-dynamic,776,polyak-smoothed-dynamic,776,67090.449308734038,67090.724118701502,73682
/Users/a/Ayanami/code/TSP/data/classic/tsplib/pr152.tsp,polyak-smoothed-dynamic,777,polyak-smoothed-dynamic,777,67090.261915266732,67090.724118701502,73682
/Users/a/Ayanami/code/TSP/data/classic/tsplib/pr152.tsp,polyak-smoothed-dynamic,778,polyak-smoothed-dynamic,778,67090.503403806943,67090.724118701502,73682
/Users/a/Ayanami/code/TSP/data/classic/tsplib/pr152.tsp,polyak-smoothed-dynamic,779,polyak-smoothed-dynamic,779,67090.913593937104,67090.913593937104,73682
/Users/a/Ayanami/code/TSP/data/classic/tsplib/pr152.tsp,polyak-smoothed-dynamic,780,polyak-smoothed-dynamic,780,67090.653165226176,67090.913593937104,73682
/Users/a/Ayanami/code/TSP/data/classic/tsplib/pr152.tsp,polyak-smoothed-dynamic,781,polyak-smoothed-dynamic,781,67090.603505937383,67090.913593937104,73682
/Users/a/Ayanami/code/TSP/data/classic/tsplib/pr152.tsp,polyak-smoothed-dynamic,782,polyak-smoothed-dynamic,782,67090.71104646397,67090.913593937104,73682
/Users/a/Ayanami/code/TSP/data/classic/tsplib/pr152.tsp,polyak-smoothed-dynamic,783,polyak-smoothed-dynamic,783,67090.55686517022,67090.913593937104,73682
/Users/a/Ayanami/code/TSP/data/classic/tsplib/pr152.tsp,polyak-smoothed-dynamic,784,polyak-smoothed-dynamic,784,67090.778610031397,67090.913593937104,73682
/Users/a/Ayanami/code/TSP/data/classic/tsplib/pr152.tsp,polyak-smoothed-dynamic,785,polyak-smoothed-dynamic,785,67090.653544426066,67090.913593937104,73682
/Users/a/Ayanami/code/TSP/data/classic/tsplib/pr152.tsp,polyak-smoothed-dynamic,786,polyak-smoothed-dynamic,786,67090.757825345281,67090.913593937104,73682
/Users/a/Ayanami/code/TSP/data/classic/tsplib/pr152.tsp,polyak-smoothed-dynamic,787,polyak-smoothed-dynamic,787,67091.023573213184,67091.023573213184,73682
/Users/a/Ayanami/code/TSP/data/classic/tsplib/pr152.tsp,polyak-smoothed-dynamic,788,polyak-smoothed-dynamic,788,67090.51483009661,67091.023573213184,73682
/Users/a/Ayanami/code/TSP/data/classic/tsplib/pr152.tsp,polyak-smoothed-dynamic,789,polyak-smoothed-dynamic,789,67090.907787116113,67091.023573213184,73682
/Users/a/Ayanami/code/TSP/data/classic/tsplib/pr152.tsp,polyak-smoothed-dynamic,790,polyak-smoothed-dynamic,790,67090.268746024958,67091.023573213184,73682
/Users/a/Ayanami/code/TSP/data/classic/tsplib/pr152.tsp,polyak-smoothed-dynamic,791,polyak-smoothed-dynamic,791,67090.556981903952,67091.023573213184,73682
/Users/a/Ayanami/code/TSP/data/classic/tsplib/pr152.tsp,polyak-smoothed-dynamic,792,polyak-smoothed-dynamic,792,67090.84612654052,67091.023573213184,73682
/Users/a/Ayanami/code/TSP/data/classic/tsplib/pr152.tsp,polyak-smoothed-dynamic,793,polyak-smoothed-dynamic,793,67091.080013050785,67091.080013050785,73682
/Users/a/Ayanami/code/TSP/data/classic/tsplib/pr152.tsp,polyak-smoothed-dynamic,794,polyak-smoothed-dynamic,794,67090.363524476707,67091.080013050785,73682
/Users/a/Ayanami/code/TSP/data/classic/tsplib/pr152.tsp,polyak-smoothed-dynamic,795,polyak-smoothed-dynamic,795,67090.624110808698,67091.080013050785,73682
/Users/a/Ayanami/code/TSP/data/classic/tsplib/pr152.tsp,polyak-smoothed-dynamic,796,polyak-smoothed-dynamic,796,67090.766653279134,67091.080013050785,73682
/Users/a/Ayanami/code/TSP/data/classic/tsplib/pr152.tsp,polyak-smoothed-dynamic,797,polyak-smoothed-dynamic,797,67090.694116934726,67091.080013050785,73682
/Users/a/Ayanami/code/TSP/data/classic/tsplib/pr152.tsp,polyak-smoothed-dynamic,798,polyak-smoothed-dynamic,798,67090.894955308831,67091.080013050785,73682
/Users/a/Ayanami/code/TSP/data/classic/tsplib/pr152.tsp,polyak-smoothed-dynamic,799,polyak-smoothed-dynamic,799,67090.795702687188,67091.080013050785,73682
/Users/a/Ayanami/code/TSP/data/classic/tsplib/pr152.tsp,polyak-smoothed-dynamic,800,polyak-smoothed-dynamic,800,67091.133458447628,67091.133458447628,73682
/Users/a/Ayanami/code/TSP/data/classic/tsplib/pr152.tsp,polyak-smoothed-dynamic,801,polyak-smoothed-dynamic,801,67091.170008507179,67091.170008507179,73682
/Users/a/Ayanami/code/TSP/data/classic/tsplib/pr152.tsp,polyak-smoothed-dynamic,802,polyak-smoothed-dynamic,802,67090.882123340416,67091.170008507179,73682
/Users/a/Ayanami/code/TSP/data/classic/tsplib/pr152.tsp,polyak-smoothed-dynamic,803,polyak-smoothed-dynamic,803,67090.963759583916,67091.170008507179,73682
/Users/a/Ayanami/code/TSP/data/classic/tsplib/pr152.tsp,polyak-smoothed-dynamic,804,polyak-smoothed-dynamic,804,67091.097531892403,67091.170008507179,73682
/Users/a/Ayanami/code/TSP/data/classic/tsplib/pr152.tsp,polyak-smoothed-dynamic,805,polyak-smoothed-dynamic,805,67091.021454807487,67091.170008507179,73682
/Users/a/Ayanami/code/TSP/data/classic/tsplib/pr152.tsp,polyak-smoothed-dynamic,806,polyak-smoothed-dynamic,806,67091.065734127551,67091.170008507179,73682
/Users/a/Ayanami/code/TSP/data/classic/tsplib/pr152.tsp,polyak-smoothed-dynamic,807,polyak-smoothed-dynamic,807,67091.124733677425,67091.170008507179,73682
/Users/a/Ayanami/code/TSP/data/classic/tsplib/pr152.tsp,polyak-smoothed-dynamic,808,polyak-smoothed-dynamic,808,67091.161716853778,67091.170008507179,73682
/Users/a/Ayanami/code/TSP/data/classic/tsplib/pr152.tsp,polyak-smoothed-dynamic,809,polyak-smoothed-dynamic,809,67091.041880786943,67091.170008507179,73682
/Users/a/Ayanami/code/TSP/data/classic/tsplib/pr152.tsp,polyak-smoothed-dynamic,810,polyak-smoothed-dynamic,810,67090.84986935147,67091.170008507179,73682
/Users/a/Ayanami/code/TSP/data/classic/tsplib/pr152.tsp,polyak-smoothed-dynamic,811,polyak-smoothed-dynamic,811,67091.159514598592,67091.170008507179,73682
/Users/a/Ayanami/code/TSP/data/classic/tsplib/pr152.tsp,polyak-smoothed-dynamic,812,polyak-smoothed-dynamic,812,67091.134506910224,67091.170008507179,73682
/Users/a/Ayanami/code/TSP/data/classic/tsplib/pr152.tsp,polyak-smoothed-dynamic,813,polyak-smoothed-dynamic,813,67091.085141336313,67091.170008507179,73682
/Users/a/Ayanami/code/TSP/data/classic/tsplib/pr152.tsp,polyak-smoothed-dynamic,814,polyak-smoothed-dynamic,814,67091.040900896842,67091.170008507179,73682
/Users/a/Ayanami/code/TSP/data/classic/tsplib/pr152.tsp,polyak-smoothed-dynamic,815,polyak-smoothed-dynamic,815,67091.167096234902,67091.170008507179,73682
/Users/a/Ayanami/code/TSP/data/classic/tsplib/pr152.tsp,polyak-smoothed-dynamic,816,polyak-smoothed-dynamic,816,67091.481119818636,67091.481119818636,73682
/Users/a/Ayanami/code/TSP/data/classic/tsplib/pr152.tsp,polyak-smoothed-dynamic,817,polyak-smoothed-dynamic,817,67091.553460095398,67091.553460095398,73682
/Users/a/Ayanami/code/TSP/data/classic/tsplib/pr152.tsp,polyak-smoothed-dynamic,818,polyak-smoothed-dynamic,818,67091.300910280494,67091.553460095398,73682
/Users/a/Ayanami/code/TSP/data/classic/tsplib/pr152.tsp,polyak-smoothed-dynamic,819,polyak-smoothed-dynamic,819,67091.502265707953,67091.553460095398,73682
/Users/a/Ayanami/code/TSP/data/classic/tsplib/pr152.tsp,polyak-smoothed-dynamic,820,polyak-smoothed-dynamic,820,67091.284485484939,67091.553460095398,73682
/Users/a/Ayanami/code/TSP/data/classic/tsplib/pr152.tsp,polyak-smoothed-dynamic,821,polyak-smoothed-dynamic,821,67091.406231651374,67091.553460095398,73682
/Users/a/Ayanami/code/TSP/data/classic/tsplib/pr152.tsp,polyak-smoothed-dynamic,822,polyak-smoothed-dynamic,822,67091.613643703866,67091.613643703866,73682
/Users/a/Ayanami/code/TSP/data/classic/tsplib/pr152.tsp,polyak-smoothed-dynamic,823,polyak-smoothed-dynamic,823,67091.50550005585,67091.613643703866,73682
/Users/a/Ayanami/code/TSP/data/classic/tsplib/pr152.tsp,polyak-smoothed-dynamic,824,polyak-smoothed-dynamic,824,67091.472930261094,67091.613643703866,73682
/Users/a/Ayanami/code/TSP/data/classic/tsplib/pr152.tsp,polyak-smoothed-dynamic,825,polyak-smoothed-dynamic,825,67091.646915182748,67091.646915182748,73682
/Users/a/Ayanami/code/TSP/data/classic/tsplib/pr152.tsp,polyak-smoothed-dynamic,826,polyak-smoothed-dynamic,826,67091.185105172088,67091.646915182748,73682
/Users/a/Ayanami/code/TSP/data/classic/tsplib/pr152.tsp,polyak-smoothed-dynamic,827,polyak-smoothed-dynamic,827,67091.415083504689,67091.646915182748,73682
/Users/a/Ayanami/code/TSP/data/classic/tsplib/pr152.tsp,polyak-smoothed-dynamic,828,polyak-smoothed-dynamic,828,67091.438927805983,67091.646915182748,73682
/Users/a/Ayanami/code/TSP/data/classic/tsplib/pr152.tsp,polyak-smoothed-dynamic,829,polyak-smoothed-dynamic,829,67091.616407502632,67091.646915182748,73682
/Users/a/Ayanami/code/TSP/data/classic/tsplib/pr152.tsp,polyak-smoothed-dynamic,830,polyak-smoothed-dynamic,830,67091.526780199376,67091.646915182748,73682
/Users/a/Ayanami/code/TSP/data/classic/tsplib/pr152.tsp,polyak-smoothed-dynamic,831,polyak-smoothed-dynamic,831,67091.525788279469,67091.646915182748,73682
/Users/a/Ayanami/code/TSP/data/classic/tsplib/pr152.tsp,polyak-smoothed-dynamic,832,polyak-smoothed-dynamic,832,67091.666902124474,67091.666902124474,73682
/Users/a/Ayanami/code/TSP/data/classic/tsplib/pr152.tsp,polyak-smoothed-dynamic,833,polyak-smoothed-dynamic,833,67091.684399975362,67091.684399975362,73682
/Users/a/Ayanami/code/TSP/data/classic/tsplib/pr152.tsp,polyak-smoothed-dynamic,834,polyak-smoothed-dynamic,834,67091.500598249826,67091.684399975362,73682
/Users/a/Ayanami/code/TSP/data/classic/tsplib/pr152.tsp,polyak-smoothed-dynamic,835,polyak-smoothed-dynamic,835,67091.524735783212,67091.684399975362,73682
/Users/a/Ayanami/code/TSP/data/classic/tsplib/pr152.tsp,polyak-smoothed-dynamic,836,polyak-smoothed-dynamic,836,67091.748197673354,67091.748197673354,73682
/Users/a/Ayanami/code/TSP/data/classic/tsplib/pr152.tsp,polyak-smoothed-dynamic,837,polyak-smoothed-dynamic,837,67091.609216373399,67091.748197673354,73682
/Users/a/Ayanami/code/TSP/data/classic/tsplib/pr152.tsp,polyak-smoothed-dynamic,838,polyak-smoothed-dynamic,838,67091.764359407869,67091.764359407869,73682
/Users/a/Ayanami/code/TSP/data/classic/tsplib/pr152.tsp,polyak-smoothed-dynamic,839,polyak-smoothed-dynamic,839,67091.169715801312,67091.764359407869,73682
/Users/a/Ayanami/code/TSP/data/classic/tsplib/pr152.tsp,polyak-smoothed-dynamic,840,polyak-smoothed-dynamic,840,67091.454935705478,67091.764359407869,73682
/Users/a/Ayanami/code/TSP/data/classic/tsplib/pr152.tsp,polyak-smoothed-dynamic,841,polyak-smoothed-dynamic,841,67091.455743053186,67091.764359407869,73682
/Users/a/Ayanami/code/TSP/data/classic/tsplib/pr152.tsp,polyak-smoothed-dynamic,842,polyak-smoothed-dynamic,842,67091.675009904095,67091.764359407869,73682
/Users/a/Ayanami/code/TSP/data/classic/tsplib/pr152.tsp,polyak-smoothed-dynamic,843,polyak-smoothed-dynamic,843,67091.746775522814,67091.764359407869,73682
/Users/a/Ayanami/code/TSP/data/classic/tsplib/pr152.tsp,polyak-smoothed-dynamic,844,polyak-smoothed-dynamic,844,67091.583813137593,67091.764359407869,73682
/Users/a/Ayanami/code/TSP/data/classic/tsplib/pr152.tsp,polyak-smoothed-dynamic,845,polyak-smoothed-dynamic,845,67091.849573998086,67091.849573998086,73682
/Users/a/Ayanami/code/TSP/data/classic/tsplib/pr152.tsp,polyak-smoothed-dynamic,846,polyak-smoothed-dynamic,846,67091.617336607931,67091.849573998086,73682
/Users/a/Ayanami/code/TSP/data/classic/tsplib/pr152.tsp,polyak-smoothed-dynamic,847,polyak-smoothed-dynamic,847,67091.71769172218,67091.849573998086,73682
/Users/a/Ayanami/code/TSP/data/classic/tsplib/pr152.tsp,polyak-smoothed-dynamic,848,polyak-smoothed-dynamic,848,67091.663934248441,67091.849573998086,73682
/Users/a/Ayanami/code/TSP/data/classic/tsplib/pr152.tsp,polyak-smoothed-dynamic,849,polyak-smoothed-dynamic,849,67091.670894389434,67091.849573998086,73682
/Users/a/Ayanami/code/TSP/data/classic/tsplib/pr152.tsp,polyak-smoothed-dynamic,850,polyak-smoothed-dynamic,850,67091.75082945668,67091.849573998086,73682
/Users/a/Ayanami/code/TSP/data/classic/tsplib/pr152.tsp,polyak-smoothed-dynamic,851,polyak-smoothed-dynamic,851,67091.760702351894,67091.849573998086,73682
/Users/a/Ayanami/code/TSP/data/classic/tsplib/pr152.tsp,polyak-smoothed-dynamic,852,polyak-smoothed-dynamic,852,67091.58733095105,67091.849573998086,73682
/Users/a/Ayanami/code/TSP/data/classic/tsplib/pr152.tsp,polyak-smoothed-dynamic,853,polyak-smoothed-dynamic,853,67091.776975273533,67091.849573998086,73682
/Users/a/Ayanami/code/TSP/data/classic/tsplib/pr152.tsp,polyak-smoothed-dynamic,854,polyak-smoothed-dynamic,854,67091.562615401708,67091.849573998086,73682
/Users/a/Ayanami/code/TSP/data/classic/tsplib/pr152.tsp,polyak-smoothed-dynamic,855,polyak-smoothed-dynamic,855,67091.657104608268,67091.849573998086,73682
/Users/a/Ayanami/code/TSP/data/classic/tsplib/pr152.tsp,polyak-smoothed-dynamic,856,polyak-smoothed-dynamic,856,67091.714017899067,67091.849573998086,73682
/Users/a/Ayanami/code/TSP/data/classic/tsplib/pr152.tsp,polyak-smoothed-dynamic,857,polyak-smoothed-dynamic,857,67091.824998584372,67091.849573998086,73682
/Users/a/Ayanami/code/TSP/data/classic/tsplib/pr152.tsp,polyak-smoothed-dynamic,858,polyak-smoothed-dynamic,858,67091.765771442486,67091.849573998086,73682
/Users/a/Ayanami/code/TSP/data/classic/tsplib/pr152.tsp,polyak-smoothed-dynamic,859,polyak-smoothed-dynamic,859,67091.868494161841,67091.868494161841,73682
/Users/a/Ayanami/code/TSP/data/classic/tsplib/pr152.tsp,polyak-smoothed-dynamic,860,polyak-smoothed-dynamic,860,67091.895641004608,67091.895641004608,73682
/Users/a/Ayanami/code/TSP/data/classic/tsplib/pr152.tsp,polyak-smoothed-dynamic,861,polyak-smoothed-dynamic,861,67091.936620049979,67091.936620049979,73682
/Users/a/Ayanami/code/TSP/data/classic/tsplib/pr152.tsp,polyak-smoothed-dynamic,862,polyak-smoothed-dynamic,862,67091.952640567251,67091.952640567251,73682
/Users/a/Ayanami/code/TSP/data/classic/tsplib/pr152.tsp,polyak-smoothed-dynamic,863,polyak-smoothed-dynamic,863,67091.985048242423,67091.985048242423,73682
/Users/a/Ayanami/code/TSP/data/classic/tsplib/pr152.tsp,polyak-smoothed-dynamic,864,polyak-smoothed-dynamic,864,67092.014388960262,67092.014388960262,73682
/Users/a/Ayanami/code/TSP/data/classic/tsplib/pr152.tsp,polyak-smoothed-dynamic,865,polyak-smoothed-dynamic,865,67091.854796606669,67092.014388960262,73682
/Users/a/Ayanami/code/TSP/data/classic/tsplib/pr152.tsp,polyak-smoothed-dynamic,866,polyak-smoothed-dynamic,866,67092.026611665307,67092.026611665307,73682
/Users/a/Ayanami/code/TSP/data/classic/tsplib/pr152.tsp,polyak-smoothed-dynamic,867,polyak-smoothed-dynamic,867,67091.935131776932,67092.026611665307,73682
/Users/a/Ayanami/code/TSP/data/classic/tsplib/pr152.tsp,polyak-smoothed-dynamic,868,polyak-smoothed-dynamic,868,67091.966711368776,67092.026611665307,73682
/Users/a/Ayanami/code/TSP/data/classic/tsplib/pr152.tsp,polyak-smoothed-dynamic,869,polyak-smoothed-dynamic,869,67091.991882794537,67092.026611665307,73682
/Users/a/Ayanami/code/TSP/data/classic/tsplib/pr152.tsp,polyak-smoothed-dynamic,870,polyak-smoothed-dynamic,870,67092.033704074624,67092.033704074624,73682
/Users/a/Ayanami/code/TSP/data/classic/tsplib/pr152.tsp,polyak-smoothed-dynamic,871,polyak-smoothed-dynamic,871,67092.015121181525,67092.033704074624,73682
/Users/a/Ayanami/code/TSP/data/classic/tsplib/pr152.tsp,polyak-smoothed-dynamic,872,polyak-smoothed-dynamic,872,67092.021811005223,67092.033704074624,73682
/Users/a/Ayanami/code/TSP/data/classic/tsplib/pr152.tsp,polyak-smoothed-dynamic,873,polyak-smoothed-dynamic,873,67091.938523699981,67092.033704074624,73682
/Users/a/Ayanami/code/TSP/data/classic/tsplib/pr152.tsp,polyak-smoothed-dynamic,874,polyak-smoothed-dynamic,874,67091.961134523124,67092.033704074624,73682
/Users/a/Ayanami/code/TSP/data/classic/tsplib/pr152.tsp,polyak-smoothed-dynamic,875,polyak-smoothed-dynamic,875,67092.081794039987,67092.081794039987,73682
/Users/a/Ayanami/code/TSP/data/classic/tsplib/pr152.tsp,polyak-smoothed-dynamic,876,polyak-smoothed-dynamic,876,67091.962039291,67092.081794039987,73682
/Users/a/Ayanami/code/TSP/data/classic/tsplib/pr152.tsp,polyak-smoothed-dynamic,877,polyak-smoothed-dynamic,877,67092.099898033834,67092.099898033834,73682
/Users/a/Ayanami/code/TSP/data/classic/tsplib/pr152.tsp,polyak-smoothed-dynamic,878,polyak-smoothed-dynamic,878,67091.942924522911,67092.099898033834,73682
/Users/a/Ayanami/code/TSP/data/classic/tsplib/pr152.tsp,polyak-smoothed-dynamic,879,polyak-smoothed-dynamic,879,67092.030973330562,67092.099898033834,73682
/Users/a/Ayanami/code/TSP/data/classic/tsplib/pr152.tsp,polyak-smoothed-dynamic,880,polyak-smoothed-dynamic,880,67092.029207114436,67092.099898033834,73682
/Users/a/Ayanami/code/TSP/data/classic/tsplib/pr152.tsp,polyak-smoothed-dynamic,881,polyak-smoothed-dynamic,881,67092.0804395632,67092.099898033834,73682
/Users/a/Ayanami/code/TSP/data/classic/tsplib/pr152.tsp,polyak-smoothed-dynamic,882,polyak-smoothed-dynamic,882,67092.031259582436,67092.099898033834,73682
/Users/a/Ayanami/code/TSP/data/classic/tsplib/pr152.tsp,polyak-smoothed-dynamic,883,polyak-smoothed-dynamic,883,67092.06437831941,67092.099898033834,73682
/Users/a/Ayanami/code/TSP/data/classic/tsplib/pr152.tsp,polyak-smoothed-dynamic,884,polyak-smoothed-dynamic,884,67092.040463113575,67092.099898033834,73682
/Users/a/Ayanami/code/TSP/data/classic/tsplib/pr152.tsp,polyak-smoothed-dynamic,885,polyak-smoothed-dynamic,885,67092.038980765472,67092.099898033834,73682
/Users/a/Ayanami/code/TSP/data/classic/tsplib/pr152.tsp,polyak-smoothed-dynamic,886,polyak-smoothed-dynamic,886,67092.131275907625,67092.131275907625,73682
/Users/a/Ayanami/code/TSP/data/classic/tsplib/pr152.tsp,polyak-smoothed-dynamic,887,polyak-smoothed-dynamic,887,67092.039779824074,67092.131275907625,73682
/Users/a/Ayanami/code/TSP/data/classic/tsplib/pr152.tsp,polyak-smoothed-dynamic,888,polyak-smoothed-dynamic,888,67092.153240843269,67092.153240843269,73682
/Users/a/Ayanami/code/TSP/data/classic/tsplib/pr152.tsp,polyak-smoothed-dynamic,889,polyak-smoothed-dynamic,889,67092.0180591182,67092.153240843269,73682
/Users/a/Ayanami/code/TSP/data/classic/tsplib/pr152.tsp,polyak-smoothed-dynamic,890,polyak-smoothed-dynamic,890,67092.097289282785,67092.153240843269,73682
/Users/a/Ayanami/code/TSP/data/classic/tsplib/pr152.tsp,polyak-smoothed-dynamic,891,polyak-smoothed-dynamic,891,67091.990883896506,67092.153240843269,73682
/Users/a/Ayanami/code/TSP/data/classic/tsplib/pr152.tsp,polyak-smoothed-dynamic,892,polyak-smoothed-dynamic,892,67092.069078344663,67092.153240843269,73682
/Users/a/Ayanami/code/TSP/data/classic/tsplib/pr152.tsp,polyak-smoothed-dynamic,893,polyak-smoothed-dynamic,893,67092.088492810901,67092.153240843269,73682
/Users/a/Ayanami/code/TSP/data/classic/tsplib/pr152.tsp,polyak-smoothed-dynamic,894,polyak-smoothed-dynamic,894,67092.092447160743,67092.153240843269,73682
/Users/a/Ayanami/code/TSP/data/classic/tsplib/pr152.tsp,polyak-smoothed-dynamic,895,polyak-smoothed-dynamic,895,67092.126520825259,67092.153240843269,73682
/Users/a/Ayanami/code/TSP/data/classic/tsplib/pr152.tsp,polyak-smoothed-dynamic,896,polyak-smoothed-dynamic,896,67092.126788692694,67092.153240843269,73682
/Users/a/Ayanami/code/TSP/data/classic/tsplib/pr152.tsp,polyak-smoothed-dynamic,897,polyak-smoothed-dynamic,897,67092.142919249382,67092.153240843269,73682
/Users/a/Ayanami/code/TSP/data/classic/tsplib/pr152.tsp,polyak-smoothed-dynamic,898,polyak-smoothed-dynamic,898,67092.081233135657,67092.153240843269,73682
/Users/a/Ayanami/code/TSP/data/classic/tsplib/pr152.tsp,polyak-smoothed-dynamic,899,polyak-smoothed-dynamic,899,67092.180253465136,67092.180253465136,73682
/Users/a/Ayanami/code/TSP/data/classic/tsplib/pr152.tsp,polyak-smoothed-dynamic,900,polyak-smoothed-dynamic,900,67092.064444581876,67092.180253465136,73682
/Users/a/Ayanami/code/TSP/data/classic/tsplib/pr152.tsp,polyak-smoothed-dynamic,901,polyak-smoothed-dynamic,901,67092.126569121829,67092.180253465136,73682
/Users/a/Ayanami/code/TSP/data/classic/tsplib/pr152.tsp,polyak-smoothed-dynamic,902,polyak-smoothed-dynamic,902,67092.135422345498,67092.180253465136,73682
/Users/a/Ayanami/code/TSP/data/classic/tsplib/pr152.tsp,polyak-smoothed-dynamic,903,polyak-smoothed-dynamic,903,67092.16536747606,67092.180253465136,73682
/Users/a/Ayanami/code/TSP/data/classic/tsplib/pr152.tsp,polyak-smoothed-dynamic,904,polyak-smoothed-dynamic,904,67092.08018583979,67092.180253465136,73682
/Users/a/Ayanami/code/TSP/data/classic/tsplib/pr152.tsp,polyak-smoothed-dynamic,905,polyak-smoothed-dynamic,905,67092.133066884431,67092.180253465136,73682
/Users/a/Ayanami/code/TSP/data/classic/tsplib/pr152.tsp,polyak-smoothed-dynamic,906,polyak-smoothed-dynamic,906,67092.133271118422,67092.180253465136,73682
/Users/a/Ayanami/code/TSP/data/classic/tsplib/pr152.tsp,polyak-smoothed-dynamic,907,polyak-smoothed-dynamic,907,67092.1920339676,67092.1920339676,73682
/Users/a/Ayanami/code/TSP/data/classic/tsplib/pr152.tsp,polyak-smoothed-dynamic,908,polyak-smoothed-dynamic,908,67092.129859122462,67092.1920339676,73682
/Users/a/Ayanami/code/TSP/data/classic/tsplib/pr152.tsp,polyak-smoothed-dynamic,909,polyak-smoothed-dynamic,909,67092.155073507514,67092.1920339676,73682
/Users/a/Ayanami/code/TSP/data/classic/tsplib/pr152.tsp,polyak-smoothed-dynamic,910,polyak-smoothed-dynamic,910,67092.134243317356,67092.1920339676,73682
/Users/a/Ayanami/code/TSP/data/classic/tsplib/pr152.tsp,polyak-smoothed-dynamic,911,polyak-smoothed-dynamic,911,67092.174145550875,67092.1920339676,73682
/Users/a/Ayanami/code/TSP/data/classic/tsplib/pr152.tsp,polyak-smoothed-dynamic,912,polyak-smoothed-dynamic,912,67092.148699835903,67092.1920339676,73682
/Users/a/Ayanami/code/TSP/data/classic/tsplib/pr152.tsp,polyak-smoothed-dynamic,913,polyak-smoothed-dynamic,913,67092.17624600172,67092.1920339676,73682
/Users/a/Ayanami/code/TSP/data/classic/tsplib/pr152.tsp,polyak-smoothed-dynamic,914,polyak-smoothed-dynamic,914,67092.073395150233,67092.1920339676,73682
/Users/a/Ayanami/code/TSP/data/classic/tsplib/pr152.tsp,polyak-smoothed-dynamic,915,polyak-smoothed-dynamic,915,67092.157865810368,67092.1920339676,73682
/Users/a/Ayanami/code/TSP/data/classic/tsplib/pr152.tsp,polyak-smoothed-dynamic,916,polyak-smoothed-dynamic,916,67092.162018450996,67092.1920339676,73682
/Users/a/Ayanami/code/TSP/data/classic/tsplib/pr152.tsp,polyak-smoothed-dynamic,917,polyak-smoothed-dynamic,917,67092.191529795775,67092.1920339676,73682
/Users/a/Ayanami/code/TSP/data/classic/tsplib/pr152.tsp,polyak-smoothed-dynamic,918,polyak-smoothed-dynamic,918,67092.121857323626,67092.1920339676,73682
/Users/a/Ayanami/code/TSP/data/classic/tsplib/pr152.tsp,polyak-smoothed-dynamic,919,polyak-smoothed-dynamic,919,67092.214682726029,67092.214682726029,73682
/Users/a/Ayanami/code/TSP/data/classic/tsplib/pr152.tsp,polyak-smoothed-dynamic,920,polyak-smoothed-dynamic,920,67092.141204643995,67092.214682726029,73682
/Users/a/Ayanami/code/TSP/data/classic/tsplib/pr152.tsp,polyak-smoothed-dynamic,921,polyak-smoothed-dynamic,921,67092.217759958177,67092.217759958177,73682
/Users/a/Ayanami/code/TSP/data/classic/tsplib/pr152.tsp,polyak-smoothed-dynamic,922,polyak-smoothed-dynamic,922,67092.190736160963,67092.217759958177,73682
/Users/a/Ayanami/code/TSP/data/classic/tsplib/pr152.tsp,polyak-smoothed-dynamic,923,polyak-smoothed-dynamic,923,67092.24281802219,67092.24281802219,73682
/Users/a/Ayanami/code/TSP/data/classic/tsplib/pr152.tsp,polyak-smoothed-dynamic,924,polyak-smoothed-dynamic,924,67092.16152198716,67092.24281802219,73682
/Users/a/Ayanami/code/TSP/data/classic/tsplib/pr152.tsp,polyak-smoothed-dynamic,925,polyak-smoothed-dynamic,925,67092.177306616679,67092.24281802219,73682
/Users/a/Ayanami/code/TSP/data/classic/tsplib/pr152.tsp,polyak-smoothed-dynamic,926,polyak-smoothed-dynamic,926,67092.287660832604,67092.287660832604,73682
/Users/a/Ayanami/code/TSP/data/classic/tsplib/pr152.tsp,polyak-smoothed-dynamic,927,polyak-smoothed-dynamic,927,67092.207948096606,67092.287660832604,73682
/Users/a/Ayanami/code/TSP/data/classic/tsplib/pr152.tsp,polyak-smoothed-dynamic,928,polyak-smoothed-dynamic,928,67092.27815613999,67092.287660832604,73682
/Users/a/Ayanami/code/TSP/data/classic/tsplib/pr152.tsp,polyak-smoothed-dynamic,929,polyak-smoothed-dynamic,929,67092.187240774598,67092.287660832604,73682
/Users/a/Ayanami/code/TSP/data/classic/tsplib/pr152.tsp,polyak-smoothed-dynamic,930,polyak-smoothed-dynamic,930,67092.216197638598,67092.287660832604,73682
/Users/a/Ayanami/code/TSP/data/classic/tsplib/pr152.tsp,polyak-smoothed-dynamic,931,polyak-smoothed-dynamic,931,67092.216658780977,67092.287660832604,73682
/Users/a/Ayanami/code/TSP/data/classic/tsplib/pr152.tsp,polyak-smoothed-dynamic,932,polyak-smoothed-dynamic,932,67092.246043871608,67092.287660832604,73682
/Users/a/Ayanami/code/TSP/data/classic/tsplib/pr152.tsp,polyak-smoothed-dynamic,933,polyak-smoothed-dynamic,933,67092.292479285708,67092.292479285708,73682
/Users/a/Ayanami/code/TSP/data/classic/tsplib/pr152.tsp,polyak-smoothed-dynamic,934,polyak-smoothed-dynamic,934,67092.252831828082,67092.292479285708,73682
/Users/a/Ayanami/code/TSP/data/classic/tsplib/pr152.tsp,polyak-smoothed-dynamic,935,polyak-smoothed-dynamic,935,67092.253202084641,67092.292479285708,73682
/Users/a/Ayanami/code/TSP/data/classic/tsplib/pr152.tsp,polyak-smoothed-dynamic,936,polyak-smoothed-dynamic,936,67092.260126927998,67092.292479285708,73682
/Users/a/Ayanami/code/TSP/data/classic/tsplib/pr152.tsp,polyak-smoothed-dynamic,937,polyak-smoothed-dynamic,937,67092.255345120691,67092.292479285708,73682
/Users/a/Ayanami/code/TSP/data/classic/tsplib/pr152.tsp,polyak-smoothed-dynamic,938,polyak-smoothed-dynamic,938,67092.248025646972,67092.292479285708,73682
/Users/a/Ayanami/code/TSP/data/classic/tsplib/pr152.tsp,polyak-smoothed-dynamic,939,polyak-smoothed-dynamic,939,67092.29576187901,67092.29576187901,73682
/Users/a/Ayanami/code/TSP/data/classic/tsplib/pr152.tsp,polyak-smoothed-dynamic,940,polyak-smoothed-dynamic,940,67092.194903642725,67092.29576187901,73682
/Users/a/Ayanami/code/TSP/data/classic/tsplib/pr152.tsp,polyak-smoothed-dynamic,941,polyak-smoothed-dynamic,941,67092.28153929481,67092.29576187901,73682
/Users/a/Ayanami/code/TSP/data/classic/tsplib/pr152.tsp,polyak-smoothed-dynamic,942,polyak-smoothed-dynamic,942,67092.202173584417,67092.29576187901,73682
/Users/a/Ayanami/code/TSP/data/classic/tsplib/pr152.tsp,polyak-smoothed-dynamic,943,polyak-smoothed-dynamic,943,67092.333080432756,67092.333080432756,73682
/Users/a/Ayanami/code/TSP/data/classic/tsplib/pr152.tsp,polyak-smoothed-dynamic,944,polyak-smoothed-dynamic,944,67092.165258169465,67092.333080432756,73682
/Users/a/Ayanami/code/TSP/data/classic/tsplib/pr152.tsp,polyak-smoothed-dynamic,945,polyak-smoothed-dynamic,945,67092.221985113792,67092.333080432756,73682
/Users/a/Ayanami/code/TSP/data/classic/tsplib/pr152.tsp,polyak-smoothed-dynamic,946,polyak-smoothed-dynamic,946,67092.304839489851,67092.333080432756,73682
/Users/a/Ayanami/code/TSP/data/classic/tsplib/pr152.tsp,polyak-smoothed-dynamic,947,polyak-smoothed-dynamic,947,67092.344531768176,67092.344531768176,73682
/Users/a/Ayanami/code/TSP/data/classic/tsplib/pr152.tsp,polyak-smoothed-dynamic,948,polyak-smoothed-dynamic,948,67092.264120338834,67092.344531768176,73682
/Users/a/Ayanami/code/TSP/data/classic/tsplib/pr152.tsp,polyak-smoothed-dynamic,949,polyak-smoothed-dynamic,949,67092.337599330669,67092.344531768176,73682
/Users/a/Ayanami/code/TSP/data/classic/tsplib/pr152.tsp,polyak-smoothed-dynamic,950,polyak-smoothed-dynamic,950,67092.20538027877,67092.344531768176,73682
/Users/a/Ayanami/code/TSP/data/classic/tsplib/pr152.tsp,polyak-smoothed-dynamic,951,polyak-smoothed-dynamic,951,67092.258184008548,67092.344531768176,73682
/Users/a/Ayanami/code/TSP/data/classic/tsplib/pr152.tsp,polyak-smoothed-dynamic,952,polyak-smoothed-dynamic,952,67092.319043153562,67092.344531768176,73682
/Users/a/Ayanami/code/TSP/data/classic/tsplib/pr152.tsp,polyak-smoothed-dynamic,953,polyak-smoothed-dynamic,953,67092.34389853329,67092.344531768176,73682
/Users/a/Ayanami/code/TSP/data/classic/tsplib/pr152.tsp,polyak-smoothed-dynamic,954,polyak-smoothed-dynamic,954,67092.205516313799,67092.344531768176,73682
/Users/a/Ayanami/code/TSP/data/classic/tsplib/pr152.tsp,polyak-smoothed-dynamic,955,polyak-smoothed-dynamic,955,67092.301060780519,67092.344531768176,73682
/Users/a/Ayanami/code/TSP/data/classic/tsplib/pr152.tsp,polyak-smoothed-dynamic,956,polyak-smoothed-dynamic,956,67092.231471570049,67092.344531768176,73682
/Users/a/Ayanami/code/TSP/data/classic/tsplib/pr152.tsp,polyak-smoothed-dynamic,957,polyak-smoothed-dynamic,957,67092.308521979081,67092.344531768176,73682
/Users/a/Ayanami/code/TSP/data/classic/tsplib/pr152.tsp,polyak-smoothed-dynamic,958,polyak-smoothed-dynamic,958,67092.318851965261,67092.344531768176,73682
/Users/a/Ayanami/code/TSP/data/classic/tsplib/pr152.tsp,polyak-smoothed-dynamic,959,polyak-smoothed-dynamic,959,67092.275213392641,67092.344531768176,73682
/Users/a/Ayanami/code/TSP/data/classic/tsplib/pr152.tsp,polyak-smoothed-dynamic,960,polyak-smoothed-dynamic,960,67092.398548605284,67092.398548605284,73682
/Users/a/Ayanami/code/TSP/data/classic/tsplib/pr152.tsp,polyak-smoothed-dynamic,961,polyak-smoothed-dynamic,961,67092.33916140467,67092.398548605284,73682
/Users/a/Ayanami/code/TSP/data/classic/tsplib/pr152.tsp,polyak-smoothed-dynamic,962,polyak-smoothed-dynamic,962,67092.362120802267,67092.398548605284,73682
/Users/a/Ayanami/code/TSP/data/classic/tsplib/pr152.tsp,polyak-smoothed-dynamic,963,polyak-smoothed-dynamic,963,67092.402403403656,67092.402403403656,73682
/Users/a/Ayanami/code/TSP/data/classic/tsplib/pr152.tsp,polyak-smoothed-dynamic,964,polyak-smoothed-dynamic,964,67092.409185440876,67092.409185440876,73682
/Users/a/Ayanami/code/TSP/data/classic/tsplib/pr152.tsp,polyak-smoothed-dynamic,965,polyak-smoothed-dynamic,965,67092.443331023926,67092.443331023926,73682
/Users/a/Ayanami/code/TSP/data/classic/tsplib/pr152.tsp,polyak-smoothed-dynamic,966,polyak-smoothed-dynamic,966,67092.356566240414,67092.443331023926,73682
/Users/a/Ayanami/code/TSP/data/classic/tsplib/pr152.tsp,polyak-smoothed-dynamic,967,polyak-smoothed-dynamic,967,67092.39383480059,67092.443331023926,73682
/Users/a/Ayanami/code/TSP/data/classic/tsplib/pr152.tsp,polyak-smoothed-dynamic,968,polyak-smoothed-dynamic,968,67092.420744820818,67092.443331023926,73682
/Users/a/Ayanami/code/TSP/data/classic/tsplib/pr152.tsp,polyak-smoothed-dynamic,969,polyak-smoothed-dynamic,969,67092.460705716279,67092.460705716279,73682
/Users/a/Ayanami/code/TSP/data/classic/tsplib/pr152.tsp,polyak-smoothed-dynamic,970,polyak-smoothed-dynamic,970,67092.28517861884,67092.460705716279,73682
/Users/a/Ayanami/code/TSP/data/classic/tsplib/pr152.tsp,polyak-smoothed-dynamic,971,polyak-smoothed-dynamic,971,67092.35896438999,67092.460705716279,73682
/Users/a/Ayanami/code/TSP/data/classic/tsplib/pr152.tsp,polyak-smoothed-dynamic,972,polyak-smoothed-dynamic,972,67092.411613359873,67092.460705716279,73682
/Users/a/Ayanami/code/TSP/data/classic/tsplib/pr152.tsp,polyak-smoothed-dynamic,973,polyak-smoothed-dynamic,973,67092.459585131423,67092.460705716279,73682
/Users/a/Ayanami/code/TSP/data/classic/tsplib/pr152.tsp,polyak-smoothed-dynamic,974,polyak-smoothed-dynamic,974,67092.432864418777,67092.460705716279,73682
/Users/a/Ayanami/code/TSP/data/classic/tsplib/pr152.tsp,polyak-smoothed-dynamic,975,polyak-smoothed-dynamic,975,67092.446920711722,67092.460705716279,73682
/Users/a/Ayanami/code/TSP/data/classic/tsplib/pr152.tsp,polyak-smoothed-dynamic,976,polyak-smoothed-dynamic,976,67092.488179652355,67092.488179652355,73682
/Users/a/Ayanami/code/TSP/data/classic/tsplib/pr152.tsp,polyak-smoothed-dynamic,977,polyak-smoothed-dynamic,977,67092.395582533441,67092.488179652355,73682
/Users/a/Ayanami/code/TSP/data/classic/tsplib/pr152.tsp,polyak-smoothed-dynamic,978,polyak-smoothed-dynamic,978,67092.477749918224,67092.488179652355,73682
/Users/a/Ayanami/code/TSP/data/classic/tsplib/pr152.tsp,polyak-smoothed-dynamic,979,polyak-smoothed-dynamic,979,67092.401414260545,67092.488179652355,73682
/Users/a/Ayanami/code/TSP/data/classic/tsplib/pr152.tsp,polyak-smoothed-dynamic,980,polyak-smoothed-dynamic,980,67092.44735383337,67092.488179652355,73682
/Users/a/Ayanami/code/TSP/data/classic/tsplib/pr152.tsp,polyak-smoothed-dynamic,981,polyak-smoothed-dynamic,981,67092.446891995743,67092.488179652355,73682
/Users/a/Ayanami/code/TSP/data/classic/tsplib/pr152.tsp,polyak-smoothed-dynamic,982,polyak-smoothed-dynamic,982,67092.47968764184,67092.488179652355,73682
/Users/a/Ayanami/code/TSP/data/classic/tsplib/pr152.tsp,polyak-smoothed-dynamic,983,polyak-smoothed-dynamic,983,67092.429627669815,67092.488179652355,73682
/Users/a/Ayanami/code/TSP/data/classic/tsplib/pr152.tsp,polyak-smoothed-dynamic,984,polyak-smoothed-dynamic,984,67092.449338632767,67092.488179652355,73682
/Users/a/Ayanami/code/TSP/data/classic/tsplib/pr152.tsp,polyak-smoothed-dynamic,985,polyak-smoothed-dynamic,985,67092.472801798169,67092.488179652355,73682
/Users/a/Ayanami/code/TSP/data/classic/tsplib/pr152.tsp,polyak-smoothed-dynamic,986,polyak-smoothed-dynamic,986,67092.488808021226,67092.488808021226,73682
/Users/a/Ayanami/code/TSP/data/classic/tsplib/pr152.tsp,polyak-smoothed-dynamic,987,polyak-smoothed-dynamic,987,67092.414460469285,67092.488808021226,73682
/Users/a/Ayanami/code/TSP/data/classic/tsplib/pr152.tsp,polyak-smoothed-dynamic,988,polyak-smoothed-dynamic,988,67092.464693488539,67092.488808021226,73682
/Users/a/Ayanami/code/TSP/data/classic/tsplib/pr152.tsp,polyak-smoothed-dynamic,989,polyak-smoothed-dynamic,989,67092.487486036975,67092.488808021226,73682
/Users/a/Ayanami/code/TSP/data/classic/tsplib/pr152.tsp,polyak-smoothed-dynamic,990,polyak-smoothed-dynamic,990,67092.463166859699,67092.488808021226,73682
/Users/a/Ayanami/code/TSP/data/classic/tsplib/pr152.tsp,polyak-smoothed-dynamic,991,polyak-smoothed-dynamic,991,67092.471251743948,67092.488808021226,73682
/Users/a/Ayanami/code/TSP/data/classic/tsplib/pr152.tsp,polyak-smoothed-dynamic,992,polyak-smoothed-dynamic,992,67092.451392679606,67092.488808021226,73682
/Users/a/Ayanami/code/TSP/data/classic/tsplib/pr152.tsp,polyak-smoothed-dynamic,993,polyak-smoothed-dynamic,993,67092.527275884218,67092.527275884218,73682
/Users/a/Ayanami/code/TSP/data/classic/tsplib/pr152.tsp,polyak-smoothed-dynamic,994,polyak-smoothed-dynamic,994,67092.389494435134,67092.527275884218,73682
/Users/a/Ayanami/code/TSP/data/classic/tsplib/pr152.tsp,polyak-smoothed-dynamic,995,polyak-smoothed-dynamic,995,67092.469179904394,67092.527275884218,73682
/Users/a/Ayanami/code/TSP/data/classic/tsplib/pr152.tsp,polyak-smoothed-dynamic,996,polyak-smoothed-dynamic,996,67092.457223795267,67092.527275884218,73682
/Users/a/Ayanami/code/TSP/data/classic/tsplib/pr152.tsp,polyak-smoothed-dynamic,997,polyak-smoothed-dynamic,997,67092.470504903235,67092.527275884218,73682
/Users/a/Ayanami/code/TSP/data/classic/tsplib/pr152.tsp,polyak-smoothed-dynamic,998,polyak-smoothed-dynamic,998,67092.515062493665,67092.527275884218,73682
/Users/a/Ayanami/code/TSP/data/classic/tsplib/pr152.tsp,polyak-smoothed-dynamic,999,polyak-smoothed-dynamic,999,67092.531220746954,67092.531220746954,73682
/Users/a/Ayanami/code/TSP/data/classic/tsplib/pr152.tsp,polyak-smoothed-dynamic,1000,polyak-smoothed-dynamic,1000,67092.479203601935,67092.531220746954,73682
/Users/a/Ayanami/code/TSP/data/classic/tsplib/pr152.tsp,polyak-smoothed-dynamic,1001,polyak-smoothed-dynamic,1001,67092.510878265748,67092.531220746954,73682
/Users/a/Ayanami/code/TSP/data/classic/tsplib/pr152.tsp,polyak-smoothed-dynamic,1002,polyak-smoothed-dynamic,1002,67092.5028647125,67092.531220746954,73682
/Users/a/Ayanami/code/TSP/data/classic/tsplib/pr152.tsp,polyak-smoothed-dynamic,1003,polyak-smoothed-dynamic,1003,67092.540804379969,67092.540804379969,73682
/Users/a/Ayanami/code/TSP/data/classic/tsplib/pr152.tsp,polyak-smoothed-dynamic,1004,polyak-smoothed-dynamic,1004,67092.495488218978,67092.540804379969,73682
/Users/a/Ayanami/code/TSP/data/classic/tsplib/pr152.tsp,polyak-smoothed-dynamic,1005,polyak-smoothed-dynamic,1005,67092.510801807584,67092.540804379969,73682
/Users/a/Ayanami/code/TSP/data/classic/tsplib/pr152.tsp,polyak-smoothed-dynamic,1006,polyak-smoothed-dynamic,1006,67092.487268051424,67092.540804379969,73682
/Users/a/Ayanami/code/TSP/data/classic/tsplib/pr152.tsp,polyak-smoothed-dynamic,1007,polyak-smoothed-dynamic,1007,67092.517752059968,67092.540804379969,73682
/Users/a/Ayanami/code/TSP/data/classic/tsplib/pr152.tsp,polyak-smoothed-dynamic,1008,polyak-smoothed-dynamic,1008,67092.445423665238,67092.540804379969,73682
/Users/a/Ayanami/code/TSP/data/classic/tsplib/pr152.tsp,polyak-smoothed-dynamic,1009,polyak-smoothed-dynamic,1009,67092.519388717235,67092.540804379969,73682
/Users/a/Ayanami/code/TSP/data/classic/tsplib/pr152.tsp,polyak-smoothed-dynamic,1010,polyak-smoothed-dynamic,1010,67092.514373633196,67092.540804379969,73682
/Users/a/Ayanami/code/TSP/data/classic/tsplib/pr152.tsp,polyak-smoothed-dynamic,1011,polyak-smoothed-dynamic,1011,67092.517983177488,67092.540804379969,73682
/Users/a/Ayanami/code/TSP/data/classic/tsplib/pr152.tsp,polyak-smoothed-dynamic,1012,polyak-smoothed-dynamic,1012,67092.52069069272,67092.540804379969,73682
/Users/a/Ayanami/code/TSP/data/classic/tsplib/pr152.tsp,polyak-smoothed-dynamic,1013,polyak-smoothed-dynamic,1013,67092.537290092601,67092.540804379969,73682
/Users/a/Ayanami/code/TSP/data/classic/tsplib/pr152.tsp,polyak-smoothed-dynamic,1014,polyak-smoothed-dynamic,1014,67092.567539131676,67092.567539131676,73682
/Users/a/Ayanami/code/TSP/data/classic/tsplib/pr152.tsp,polyak-smoothed-dynamic,1015,polyak-smoothed-dynamic,1015,67092.508803272605,67092.567539131676,73682
/Users/a/Ayanami/code/TSP/data/classic/tsplib/pr152.tsp,polyak-smoothed-dynamic,1016,polyak-smoothed-dynamic,1016,67092.524548303365,67092.567539131676,73682
/Users/a/Ayanami/code/TSP/data/classic/tsplib/pr152.tsp,polyak-smoothed-dynamic,1017,polyak-smoothed-dynamic,1017,67092.541613108508,67092.567539131676,73682
/Users/a/Ayanami/code/TSP/data/classic/tsplib/pr152.tsp,polyak-smoothed-dynamic,1018,polyak-smoothed-dynamic,1018,67092.510046147931,67092.567539131676,73682
/Users/a/Ayanami/code/TSP/data/classic/tsplib/pr152.tsp,polyak-smoothed-dynamic,1019,polyak-smoothed-dynamic,1019,67092.551888759932,67092.567539131676,73682
/Users/a/Ayanami/code/TSP/data/classic/tsplib/pr152.tsp,polyak-smoothed-dynamic,1020,polyak-smoothed-dynamic,1020,67092.505998892928,67092.567539131676,73682
/Users/a/Ayanami/code/TSP/data/classic/tsplib/pr152.tsp,polyak-smoothed-dynamic,1021,polyak-smoothed-dynamic,1021,67092.533996817278,67092.567539131676,73682
/Users/a/Ayanami/code/TSP/data/classic/tsplib/pr152.tsp,polyak-smoothed-dynamic,1022,polyak-smoothed-dynamic,1022,67092.534495276297,67092.567539131676,73682
/Users/a/Ayanami/code/TSP/data/classic/tsplib/pr152.tsp,polyak-smoothed-dynamic,1023,polyak-smoothed-dynamic,1023,67092.550137601997,67092.567539131676,73682
/Users/a/Ayanami/code/TSP/data/classic/tsplib/pr152.tsp,polyak-smoothed-dynamic,1024,polyak-smoothed-dynamic,1024,67092.52222896801,67092.567539131676,73682
/Users/a/Ayanami/code/TSP/data/classic/tsplib/pr152.tsp,polyak-smoothed-dynamic,1025,polyak-smoothed-dynamic,1025,67092.546689973344,67092.567539131676,73682
/Users/a/Ayanami/code/TSP/data/classic/tsplib/pr152.tsp,polyak-smoothed-dynamic,1026,polyak-smoothed-dynamic,1026,67092.518508215318,67092.567539131676,73682
/Users/a/Ayanami/code/TSP/data/classic/tsplib/pr152.tsp,polyak-smoothed-dynamic,1027,polyak-smoothed-dynamic,1027,67092.537381448608,67092.567539131676,73682
/Users/a/Ayanami/code/TSP/data/classic/tsplib/pr152.tsp,polyak-smoothed-dynamic,1028,polyak-smoothed-dynamic,1028,67092.580162862141,67092.580162862141,73682
/Users/a/Ayanami/code/TSP/data/classic/tsplib/pr152.tsp,polyak-smoothed-dynamic,1029,polyak-smoothed-dynamic,1029,67092.556192115662,67092.580162862141,73682
/Users/a/Ayanami/code/TSP/data/classic/tsplib/pr152.tsp,polyak-smoothed-dynamic,1030,polyak-smoothed-dynamic,1030,67092.573039102863,67092.580162862141,73682
/Users/a/Ayanami/code/TSP/data/classic/tsplib/pr152.tsp,polyak-smoothed-dynamic,1031,polyak-smoothed-dynamic,1031,67092.592960110152,67092.592960110152,73682
/Users/a/Ayanami/code/TSP/data/classic/tsplib/pr152.tsp,polyak-smoothed-dynamic,1032,polyak-smoothed-dynamic,1032,67092.56544786111,67092.592960110152,73682
/Users/a/Ayanami/code/TSP/data/classic/tsplib/pr152.tsp,polyak-smoothed-dynamic,1033,polyak-smoothed-dynamic,1033,67092.587095530966,67092.592960110152,73682
/Users/a/Ayanami/code/TSP/data/classic/tsplib/pr152.tsp,polyak-smoothed-dynamic,1034,polyak-smoothed-dynamic,1034,67092.582022756891,67092.592960110152,73682
/Users/a/Ayanami/code/TSP/data/classic/tsplib/pr152.tsp,polyak-smoothed-dynamic,1035,polyak-smoothed-dynamic,1035,67092.591206626443,67092.592960110152,73682
/Users/a/Ayanami/code/TSP/data/classic/tsplib/pr152.tsp,polyak-smoothed-dynamic,1036,polyak-smoothed-dynamic,1036,67092.594262564307,67092.594262564307,73682
/Users/a/Ayanami/code/TSP/data/classic/tsplib/pr152.tsp,polyak-smoothed-dynamic,1037,polyak-smoothed-dynamic,1037,67092.598106192978,67092.598106192978,73682
/Users/a/Ayanami/code/TSP/data/classic/tsplib/pr152.tsp,polyak-smoothed-dynamic,1038,polyak-smoothed-dynamic,1038,67092.599449736561,67092.599449736561,73682
/Users/a/Ayanami/code/TSP/data/classic/tsplib/pr152.tsp,polyak-smoothed-dynamic,1039,polyak-smoothed-dynamic,1039,67092.603401027911,67092.603401027911,73682
/Users/a/Ayanami/code/TSP/data/classic/tsplib/pr152.tsp,polyak-smoothed-dynamic,1040,polyak-smoothed-dynamic,1040,67092.572304038156,67092.603401027911,73682
/Users/a/Ayanami/code/TSP/data/classic/tsplib/pr152.tsp,polyak-smoothed-dynamic,1041,polyak-smoothed-dynamic,1041,67092.586987494331,67092.603401027911,73682
/Users/a/Ayanami/code/TSP/data/classic/tsplib/pr152.tsp,polyak-smoothed-dynamic,1042,polyak-smoothed-dynamic,1042,67092.599982300148,67092.603401027911,73682
/Users/a/Ayanami/code/TSP/data/classic/tsplib/pr152.tsp,polyak-smoothed-dynamic,1043,polyak-smoothed-dynamic,1043,67092.60315386382,67092.603401027911,73682
/Users/a/Ayanami/code/TSP/data/classic/tsplib/pr152.tsp,polyak-smoothed-dynamic,1044,polyak-smoothed-dynamic,1044,67092.622856412243,67092.622856412243,73682
/Users/a/Ayanami/code/TSP/data/classic/tsplib/pr152.tsp,polyak-smoothed-dynamic,1045,polyak-smoothed-dynamic,1045,67092.566797053689,67092.622856412243,73682
/Users/a/Ayanami/code/TSP/data/classic/tsplib/pr152.tsp,polyak-smoothed-dynamic,1046,polyak-smoothed-dynamic,1046,67092.591829116951,67092.622856412243,73682
/Users/a/Ayanami/code/TSP/data/classic/tsplib/pr152.tsp,polyak-smoothed-dynamic,1047,polyak-smoothed-dynamic,1047,67092.595429499459,67092.622856412243,73682
/Users/a/Ayanami/code/TSP/data/classic/tsplib/pr152.tsp,polyak-smoothed-dynamic,1048,polyak-smoothed-dynamic,1048,67092.598554569064,67092.622856412243,73682
/Users/a/Ayanami/code/TSP/data/classic/tsplib/pr152.tsp,polyak-smoothed-dynamic,1049,polyak-smoothed-dynamic,1049,67092.605366714619,67092.622856412243,73682
/Users/a/Ayanami/code/TSP/data/classic/tsplib/pr152.tsp,polyak-smoothed-dynamic,1050,polyak-smoothed-dynamic,1050,67092.619058615819,67092.622856412243,73682
/Users/a/Ayanami/code/TSP/data/classic/tsplib/pr152.tsp,polyak-smoothed-dynamic,1051,polyak-smoothed-dynamic,1051,67092.621232360252,67092.622856412243,73682
/Users/a/Ayanami/code/TSP/data/classic/tsplib/pr152.tsp,polyak-smoothed-dynamic,1052,polyak-smoothed-dynamic,1052,67092.613792608725,67092.622856412243,73682
/Users/a/Ayanami/code/TSP/data/classic/tsplib/pr152.tsp,polyak-smoothed-dynamic,1053,polyak-smoothed-dynamic,1053,67092.628240849619,67092.628240849619,73682
/Users/a/Ayanami/code/TSP/data/classic/tsplib/pr152.tsp,polyak-smoothed-dynamic,1054,polyak-smoothed-dynamic,1054,67092.611945016659,67092.628240849619,73682
/Users/a/Ayanami/code/TSP/data/classic/tsplib/pr152.tsp,polyak-smoothed-dynamic,1055,polyak-smoothed-dynamic,1055,67092.613559907622,67092.628240849619,73682
/Users/a/Ayanami/code/TSP/data/classic/tsplib/pr152.tsp,polyak-smoothed-dynamic,1056,polyak-smoothed-dynamic,1056,67092.632242487423,67092.632242487423,73682
/Users/a/Ayanami/code/TSP/data/classic/tsplib/pr152.tsp,polyak-smoothed-dynamic,1057,polyak-smoothed-dynamic,1057,67092.585765772907,67092.632242487423,73682
/Users/a/Ayanami/code/TSP/data/classic/tsplib/pr152.tsp,polyak-smoothed-dynamic,1058,polyak-smoothed-dynamic,1058,67092.603789329136,67092.632242487423,73682
/Users/a/Ayanami/code/TSP/data/classic/tsplib/pr152.tsp,polyak-smoothed-dynamic,1059,polyak-smoothed-dynamic,1059,67092.618232570763,67092.632242487423,73682
/Users/a/Ayanami/code/TSP/data/classic/tsplib/pr152.tsp,polyak-smoothed-dynamic,1060,polyak-smoothed-dynamic,1060,67092.613399647831,67092.632242487423,73682
/Users/a/Ayanami/code/TSP/data/classic/tsplib/pr152.tsp,polyak-smoothed-dynamic,1061,polyak-smoothed-dynamic,1061,67092.627377127326,67092.632242487423,73682
/Users/a/Ayanami/code/TSP/data/classic/tsplib/pr152.tsp,polyak-smoothed-dynamic,1062,polyak-smoothed-dynamic,1062,67092.62066771934,67092.632242487423,73682
/Users/a/Ayanami/code/TSP/data/classic/tsplib/pr152.tsp,polyak-smoothed-dynamic,1063,polyak-smoothed-dynamic,1063,67092.639947934353,67092.639947934353,73682
/Users/a/Ayanami/code/TSP/data/classic/tsplib/pr152.tsp,polyak-smoothed-dynamic,1064,polyak-smoothed-dynamic,1064,67092.593843412542,67092.639947934353,73682
/Users/a/Ayanami/code/TSP/data/classic/tsplib/pr152.tsp,polyak-smoothed-dynamic,1065,polyak-smoothed-dynamic,1065,67092.600573322983,67092.639947934353,73682
/Users/a/Ayanami/code/TSP/data/classic/tsplib/pr152.tsp,polyak-smoothed-dynamic,1066,polyak-smoothed-dynamic,1066,67092.635874693209,67092.639947934353,73682
/Users/a/Ayanami/code/TSP/data/classic/tsplib/pr152.tsp,polyak-smoothed-dynamic,1067,polyak-smoothed-dynamic,1067,67092.620423097163,67092.639947934353,73682
/Users/a/Ayanami/code/TSP/data/classic/tsplib/pr152.tsp,polyak-smoothed-dynamic,1068,polyak-smoothed-dynamic,1068,67092.643747946931,67092.643747946931,73682
/Users/a/Ayanami/code/TSP/data/classic/tsplib/pr152.tsp,polyak-smoothed-dynamic,1069,polyak-smoothed-dynamic,1069,67092.600290172471,67092.643747946931,73682
/Users/a/Ayanami/code/TSP/data/classic/tsplib/pr152.tsp,polyak-smoothed-dynamic,1070,polyak-smoothed-dynamic,1070,67092.618818297502,67092.643747946931,73682
/Users/a/Ayanami/code/TSP/data/classic/tsplib/pr152.tsp,polyak-smoothed-dynamic,1071,polyak-smoothed-dynamic,1071,67092.627700511774,67092.643747946931,73682
/Users/a/Ayanami/code/TSP/data/classic/tsplib/pr152.tsp,polyak-smoothed-dynamic,1072,polyak-smoothed-dynamic,1072,67092.627364757849,67092.643747946931,73682
/Users/a/Ayanami/code/TSP/data/classic/tsplib/pr152.tsp,polyak-smoothed-dynamic,1073,polyak-smoothed-dynamic,1073,67092.631240083341,67092.643747946931,73682
/Users/a/Ayanami/code/TSP/data/classic/tsplib/pr152.tsp,polyak-smoothed-dynamic,1074,polyak-smoothed-dynamic,1074,67092.642942454739,67092.643747946931,73682
/Users/a/Ayanami/code/TSP/data/classic/tsplib/pr152.tsp,polyak-smoothed-dynamic,1075,polyak-smoothed-dynamic,1075,67092.623005885514,67092.643747946931,73682
/Users/a/Ayanami/code/TSP/data/classic/tsplib/pr152.tsp,polyak-smoothed-dynamic,1076,polyak-smoothed-dynamic,1076,67092.617140774237,67092.643747946931,73682
/Users/a/Ayanami/code/TSP/data/classic/tsplib/pr152.tsp,polyak-smoothed-dynamic,1077,polyak-smoothed-dynamic,1077,67092.651525854308,67092.651525854308,73682
/Users/a/Ayanami/code/TSP/data/classic/tsplib/pr152.tsp,polyak-smoothed-dynamic,1078,polyak-smoothed-dynamic,1078,67092.601320368689,67092.651525854308,73682
/Users/a/Ayanami/code/TSP/data/classic/tsplib/pr152.tsp,polyak-smoothed-dynamic,1079,polyak-smoothed-dynamic,1079,67092.627432328998,67092.651525854308,73682
/Users/a/Ayanami/code/TSP/data/classic/tsplib/pr152.tsp,polyak-smoothed-dynamic,1080,polyak-smoothed-dynamic,1080,67092.632052989502,67092.651525854308,73682
/Users/a/Ayanami/code/TSP/data/classic/tsplib/pr152.tsp,polyak-smoothed-dynamic,1081,polyak-smoothed-dynamic,1081,67092.639955926861,67092.651525854308,73682
/Users/a/Ayanami/code/TSP/data/classic/tsplib/pr152.tsp,polyak-smoothed-dynamic,1082,polyak-smoothed-dynamic,1082,67092.649563340659,67092.651525854308,73682
/Users/a/Ayanami/code/TSP/data/classic/tsplib/pr152.tsp,polyak-smoothed-dynamic,1083,polyak-smoothed-dynamic,1083,67092.649030731322,67092.651525854308,73682
/Users/a/Ayanami/code/TSP/data/classic/tsplib/pr152.tsp,polyak-smoothed-dynamic,1084,polyak-smoothed-dynamic,1084,67092.630568523804,67092.651525854308,73682
/Users/a/Ayanami/code/TSP/data/classic/tsplib/pr152.tsp,polyak-smoothed-dynamic,1085,polyak-smoothed-dynamic,1085,67092.644975086761,67092.651525854308,73682
/Users/a/Ayanami/code/TSP/data/classic/tsplib/pr152.tsp,polyak-smoothed-dynamic,1086,polyak-smoothed-dynamic,1086,67092.652457528107,67092.652457528107,73682
/Users/a/Ayanami/code/TSP/data/classic/tsplib/pr152.tsp,polyak-smoothed-dynamic,1087,polyak-smoothed-dynamic,1087,67092.628457525221,67092.652457528107,73682
/Users/a/Ayanami/code/TSP/data/classic/tsplib/pr152.tsp,polyak-smoothed-dynamic,1088,polyak-smoothed-dynamic,1088,67092.640335213408,67092.652457528107,73682
/Users/a/Ayanami/code/TSP/data/classic/tsplib/pr152.tsp,polyak-smoothed-dynamic,1089,polyak-smoothed-dynamic,1089,67092.624502955005,67092.652457528107,73682
/Users/a/Ayanami/code/TSP/data/classic/tsplib/pr152.tsp,polyak-smoothed-dynamic,1090,polyak-smoothed-dynamic,1090,67092.660298244227,67092.660298244227,73682
/Users/a/Ayanami/code/TSP/data/classic/tsplib/pr152.tsp,polyak-smoothed-dynamic,1091,polyak-smoothed-dynamic,1091,67092.613682230076,67092.660298244227,73682
/Users/a/Ayanami/code/TSP/data/classic/tsplib/pr152.tsp,polyak-smoothed-dynamic,1092,polyak-smoothed-dynamic,1092,67092.634306733933,67092.660298244227,73682
/Users/a/Ayanami/code/TSP/data/classic/tsplib/pr152.tsp,polyak-smoothed-dynamic,1093,polyak-smoothed-dynamic,1093,67092.631058556828,67092.660298244227,73682
/Users/a/Ayanami/code/TSP/data/classic/tsplib/pr152.tsp,polyak-smoothed-dynamic,1094,polyak-smoothed-dynamic,1094,67092.643259550372,67092.660298244227,73682
/Users/a/Ayanami/code/TSP/data/classic/tsplib/pr152.tsp,polyak-smoothed-dynamic,1095,polyak-smoothed-dynamic,1095,67092.650342780136,67092.660298244227,73682
/Users/a/Ayanami/code/TSP/data/classic/tsplib/pr152.tsp,polyak-smoothed-dynamic,1096,polyak-smoothed-dynamic,1096,67092.663123885708,67092.663123885708,73682
/Users/a/Ayanami/code/TSP/data/classic/tsplib/pr152.tsp,polyak-smoothed-dynamic,1097,polyak-smoothed-dynamic,1097,67092.589862018387,67092.663123885708,73682
/Users/a/Ayanami/code/TSP/data/classic/tsplib/pr152.tsp,polyak-smoothed-dynamic,1098,polyak-smoothed-dynamic,1098,67092.625770574887,67092.663123885708,73682
/Users/a/Ayanami/code/TSP/data/classic/tsplib/pr152.tsp,polyak-smoothed-dynamic,1099,polyak-smoothed-dynamic,1099,67092.655540459993,67092.663123885708,73682
/Users/a/Ayanami/code/TSP/data/classic/tsplib/pr152.tsp,polyak-smoothed-dynamic,1100,polyak-smoothed-dynamic,1100,67092.638158562244,67092.663123885708,73682
/Users/a/Ayanami/code/TSP/data/classic/tsplib/pr152.tsp,polyak-smoothed-dynamic,1101,polyak-smoothed-dynamic,1101,67092.660391146535,67092.663123885708,73682
/Users/a/Ayanami/code/TSP/data/classic/tsplib/pr152.tsp,polyak-smoothed-dynamic,1102,polyak-smoothed-dynamic,1102,67092.671580619164,67092.671580619164,73682
/Users/a/Ayanami/code/TSP/data/classic/tsplib/pr152.tsp,polyak-smoothed-dynamic,1103,polyak-smoothed-dynamic,1103,67092.666156745923,67092.671580619164,73682
/Users/a/Ayanami/code/TSP/data/classic/tsplib/pr152.tsp,polyak-smoothed-dynamic,1104,polyak-smoothed-dynamic,1104,67092.639143928958,67092.671580619164,73682
/Users/a/Ayanami/code/TSP/data/classic/tsplib/pr152.tsp,polyak-smoothed-dynamic,1105,polyak-smoothed-dynamic,1105,67092.656549291525,67092.671580619164,73682
/Users/a/Ayanami/code/TSP/data/classic/tsplib/pr152.tsp,polyak-smoothed-dynamic,1106,polyak-smoothed-dynamic,1106,67092.654136039026,67092.671580619164,73682
/Users/a/Ayanami/code/TSP/data/classic/tsplib/pr152.tsp,polyak-smoothed-dynamic,1107,polyak-smoothed-dynamic,1107,67092.66698814783,67092.671580619164,73682
/Users/a/Ayanami/code/TSP/data/classic/tsplib/pr152.tsp,polyak-smoothed-dynamic,1108,polyak-smoothed-dynamic,1108,67092.665537710302,67092.671580619164,73682
/Users/a/Ayanami/code/TSP/data/classic/tsplib/pr152.tsp,polyak-smoothed-dynamic,1109,polyak-smoothed-dynamic,1109,67092.664453331599,67092.671580619164,73682
/Users/a/Ayanami/code/TSP/data/classic/tsplib/pr152.tsp,polyak-smoothed-dynamic,1110,polyak-smoothed-dynamic,1110,67092.64656718426,67092.671580619164,73682
/Users/a/Ayanami/code/TSP/data/classic/tsplib/pr152.tsp,polyak-smoothed-dynamic,1111,polyak-smoothed-dynamic,1111,67092.665021580076,67092.671580619164,73682
/Users/a/Ayanami/code/TSP/data/classic/tsplib/pr152.tsp,polyak-smoothed-dynamic,1112,polyak-smoothed-dynamic,1112,67092.647351287844,67092.671580619164,73682
/Users/a/Ayanami/code/TSP/data/classic/tsplib/pr152.tsp,polyak-smoothed-dynamic,1113,polyak-smoothed-dynamic,1113,67092.668498250438,67092.671580619164,73682
/Users/a/Ayanami/code/TSP/data/classic/tsplib/pr152.tsp,polyak-smoothed-dynamic,1114,polyak-smoothed-dynamic,1114,67092.657480528389,67092.671580619164,73682
